trial,seed,shop_cue,shop_type,held_out_is_door,hit,prediction_kind,R_used,abstain_reason,classification,trial_number,memory_bits,definitions
0,1,n,乙,False,0,Abstain,,no_prototype,,1,210,0
1,1,n,甲,False,0,Abstain,,no_definition,,2,428,1
2,1,n,甲,False,0,Abstain,R_f35c5fd29759b79e,no_projectable_relation,,3,776,2
3,1,e,乙,False,0,Abstain,,below_tau,,4,1031,3
4,1,n,乙,False,0,Abstain,,below_tau,,5,1540,4
5,1,n,甲,False,0,Abstain,R_beb6d0d0aa09b5d2,no_projectable_relation,,6,2041,5
6,1,n,甲,False,0,Abstain,R_c819a8b386ed2d96,no_projectable_relation,,7,2599,6
7,1,e,乙,False,0,Abstain,R_beb6d0d0aa09b5d2,no_projectable_relation,,8,2956,7
8,1,n,甲,False,0,Abstain,R_7b6b1008b48c1115,no_projectable_relation,,9,2992,7
9,1,n,乙,False,0,Abstain,R_9d6e4b5f291af53c,no_projectable_relation,,10,3006,7
10,1,n,乙,True,1,EdgePrediction,R_9d6e4b5f291af53c,,,11,3046,7
11,1,n,甲,False,0,Abstain,R_7b6b1008b48c1115,no_projectable_relation,,12,3080,7
12,1,n,甲,False,1,EdgePrediction,R_7b6b1008b48c1115,,,13,3107,7
13,1,e,乙,False,1,EdgePrediction,R_9bc40d505af93c42,,,14,3132,7
14,1,n,甲,False,0,Abstain,R_7b6b1008b48c1115,no_projectable_relation,,15,3150,7
15,1,e,乙,False,1,EdgePrediction,R_9bc40d505af93c42,,,16,3497,8
16,1,n,乙,False,1,EdgePrediction,R_9d6e4b5f291af53c,,,17,3519,8
17,1,n,甲,False,1,EdgePrediction,R_7b6b1008b48c1115,,,18,3523,8
18,1,n,甲,False,1,EdgePrediction,R_7b6b1008b48c1115,,,19,3571,8
19,1,n,乙,False,0,Abstain,R_9d6e4b5f291af53c,no_projectable_relation,,20,4108,9
20,1,e,乙,False,0,Abstain,R_6e8a065cec942906,no_projectable_relation,,21,4637,10
21,1,n,甲,False,1,EdgePrediction,R_7b6b1008b48c1115,,,22,4651,10
22,1,n,甲,False,1,EdgePrediction,R_7b6b1008b48c1115,,,23,4665,10
23,1,n,乙,False,1,EdgePrediction,R_cb63a1ebfc31098d,,,24,4679,10
24,1,e,乙,False,1,EdgePrediction,R_0e5d236bf5b42b15,,,25,4679,10
25,1,n,甲,False,0,Abstain,R_c819a8b386ed2d96,no_projectable_relation,,26,4681,10
26,1,n,甲,False,1,EdgePrediction,R_7b6b1008b48c1115,,,27,4681,10
27,1,n,乙,False,1,EdgePrediction,R_cb63a1ebfc31098d,,,28,4715,10
28,1,e,乙,True,1,EdgePrediction,R_0e5d236bf5b42b15,,,29,4759,10
29,1,n,甲,False,0,Abstain,R_7b6b1008b48c1115,no_projectable_relation,,30,4771,10
30,1,n,甲,False,0,Abstain,R_7b6b1008b48c1115,no_projectable_relation,,31,4787,10
31,1,e,乙,False,1,EdgePrediction,R_0e5d236bf5b42b15,,,32,4799,10
32,1,n,甲,False,1,EdgePrediction,R_7b6b1008b48c1115,,,33,4809,10
33,1,n,乙,False,1,EdgePrediction,R_cb63a1ebfc31098d,,,34,4811,10
34,1,n,乙,False,1,EdgePrediction,R_cb63a1ebfc31098d,,,35,4815,10
35,1,e,甲,False,0,Abstain,R_3229d75e4a4c2e0b,no_projectable_relation,,36,4827,10
36,1,n,甲,False,1,EdgePrediction,R_7b6b1008b48c1115,,,37,4853,10
37,1,n,乙,False,1,EdgePrediction,R_cb63a1ebfc31098d,,,38,4865,10
38,1,n,甲,False,1,EdgePrediction,R_7b6b1008b48c1115,,,39,4883,10
39,1,n,乙,False,0,Abstain,R_cb63a1ebfc31098d,no_projectable_relation,,40,4915,10
40,1,n,甲,False,0,Abstain,R_c819a8b386ed2d96,no_projectable_relation,,41,4917,10
41,1,n,乙,False,1,EdgePrediction,R_cb63a1ebfc31098d,,,42,4923,10
42,1,n,乙,True,1,EdgePrediction,R_cb63a1ebfc31098d,,,43,4923,10
43,1,n,甲,False,1,EdgePrediction,R_7b6b1008b48c1115,,,44,4925,10
44,1,n,乙,False,0,Abstain,R_9d6e4b5f291af53c,no_projectable_relation,,45,4929,10
45,1,n,甲,False,1,EdgePrediction,R_7b6b1008b48c1115,,,46,4931,10
46,1,n,乙,True,1,EdgePrediction,R_cb63a1ebfc31098d,,,47,4940,10
47,1,n,甲,False,0,Abstain,R_7b6b1008b48c1115,no_projectable_relation,,48,4935,10
48,1,n,乙,False,1,EdgePrediction,R_cb63a1ebfc31098d,,,49,4940,10
49,1,n,甲,False,1,EdgePrediction,R_7b6b1008b48c1115,,,50,4944,10
50,1,n,甲,False,1,EdgePrediction,R_7b6b1008b48c1115,,,51,4937,10
51,1,n,乙,False,0,Abstain,R_cb63a1ebfc31098d,no_projectable_relation,,52,4942,10
52,1,n,甲,False,1,EdgePrediction,R_7b6b1008b48c1115,,,53,4945,10
53,1,n,乙,False,1,EdgePrediction,R_cb63a1ebfc31098d,,,54,4954,10
54,1,n,乙,False,1,EdgePrediction,R_cb63a1ebfc31098d,,,55,4980,10
55,1,n,甲,False,1,EdgePrediction,R_7b6b1008b48c1115,,,56,4982,10
56,1,n,乙,False,0,Abstain,R_cb63a1ebfc31098d,no_projectable_relation,,57,4989,10
57,1,n,甲,False,1,EdgePrediction,R_7b6b1008b48c1115,,,58,4991,10
58,1,n,甲,False,1,EdgePrediction,R_7b6b1008b48c1115,,,59,4993,10
59,1,n,乙,False,1,EdgePrediction,R_cb63a1ebfc31098d,,,60,4999,10
60,1,n,甲,False,0,Abstain,R_7b6b1008b48c1115,no_projectable_relation,,61,5011,10
61,1,n,乙,False,1,EdgePrediction,R_cb63a1ebfc31098d,,,62,5025,10
62,1,n,甲,False,0,Abstain,R_7b6b1008b48c1115,no_projectable_relation,,63,5037,10
63,1,e,乙,False,0,Abstain,R_0e5d236bf5b42b15,no_projectable_relation,,64,5041,10
64,1,n,乙,False,1,EdgePrediction,R_cb63a1ebfc31098d,,,65,5047,10
65,1,n,甲,False,1,EdgePrediction,R_7b6b1008b48c1115,,,66,5051,10
66,1,n,甲,False,0,Abstain,R_7b6b1008b48c1115,no_projectable_relation,,67,5065,10
67,1,n,乙,False,1,EdgePrediction,R_cb63a1ebfc31098d,,,68,5071,10
68,1,e,乙,True,1,EdgePrediction,R_0e5d236bf5b42b15,,,69,5071,10
69,1,n,甲,False,0,Abstain,R_c819a8b386ed2d96,no_projectable_relation,,70,5091,10
70,1,n,乙,False,0,Abstain,R_9d6e4b5f291af53c,no_projectable_relation,,71,5091,10
71,1,n,甲,False,0,Abstain,R_c819a8b386ed2d96,no_projectable_relation,,72,5091,10
72,1,n,乙,False,1,EdgePrediction,R_cb63a1ebfc31098d,,,73,5091,10
73,1,n,甲,False,1,EdgePrediction,R_7b6b1008b48c1115,,,74,5095,10
74,1,e,甲,False,0,Abstain,R_3229d75e4a4c2e0b,no_projectable_relation,,75,5103,10
75,1,n,乙,False,0,Abstain,R_9d6e4b5f291af53c,no_projectable_relation,,76,5103,10
76,1,n,甲,False,0,Abstain,R_7b6b1008b48c1115,no_projectable_relation,,77,5107,10
77,1,n,乙,False,0,Abstain,R_cb63a1ebfc31098d,no_projectable_relation,,78,5107,10
78,1,e,乙,False,1,EdgePrediction,R_0e5d236bf5b42b15,,,79,5104,10
79,1,n,甲,False,1,EdgePrediction,R_7b6b1008b48c1115,,,80,5106,10
80,1,n,乙,False,1,EdgePrediction,R_cb63a1ebfc31098d,,,81,5108,10
81,1,n,甲,False,1,EdgePrediction,R_7b6b1008b48c1115,,,82,5111,10
82,1,n,甲,False,1,EdgePrediction,R_7b6b1008b48c1115,,,83,5111,10
83,1,n,乙,False,0,Abstain,R_cb63a1ebfc31098d,no_projectable_relation,,84,5115,10
84,1,n,乙,False,1,EdgePrediction,R_cb63a1ebfc31098d,,,85,5115,10
85,1,e,甲,False,0,Abstain,,below_tau,,86,5114,10
86,1,n,甲,False,1,EdgePrediction,R_7b6b1008b48c1115,,,87,5114,10
87,1,e,乙,True,1,EdgePrediction,R_0e5d236bf5b42b15,,,88,5116,10
88,1,n,甲,False,1,EdgePrediction,R_7b6b1008b48c1115,,,89,5116,10
89,1,n,乙,False,0,Abstain,R_cb63a1ebfc31098d,no_projectable_relation,,90,5118,10
90,1,e,甲,False,0,Abstain,R_3229d75e4a4c2e0b,no_projectable_relation,,91,5439,11
91,1,n,乙,False,1,EdgePrediction,R_cb63a1ebfc31098d,,,92,5451,11
92,1,n,乙,False,0,Abstain,R_cb63a1ebfc31098d,no_projectable_relation,,93,5461,11
93,1,n,甲,False,0,Abstain,R_c819a8b386ed2d96,no_projectable_relation,,94,5461,11
94,1,n,甲,False,1,EdgePrediction,R_7b6b1008b48c1115,,,95,5461,11
95,1,n,乙,True,1,EdgePrediction,R_cb63a1ebfc31098d,,,96,5469,11
96,1,n,甲,False,0,Abstain,R_7b6b1008b48c1115,no_projectable_relation,,97,5471,11
97,1,e,乙,False,0,Abstain,R_0e5d236bf5b42b15,no_projectable_relation,,98,5473,11
98,1,n,乙,False,1,EdgePrediction,R_cb63a1ebfc31098d,,,99,5468,11
99,1,e,甲,False,1,EdgePrediction,R_78cc438d85d180b8,,,100,5468,11
100,1,n,甲,False,1,EdgePrediction,R_7b6b1008b48c1115,,,101,5468,11
101,1,n,乙,False,1,EdgePrediction,R_cb63a1ebfc31098d,,,102,5474,11
102,1,n,甲,True,1,EdgePrediction,R_7b6b1008b48c1115,,,103,5474,11
103,1,n,乙,False,0,Abstain,R_cb63a1ebfc31098d,no_projectable_relation,,104,5476,11
104,1,n,乙,False,1,EdgePrediction,R_cb63a1ebfc31098d,,,105,5476,11
105,1,e,甲,False,0,Abstain,R_78cc438d85d180b8,no_projectable_relation,,106,5822,12
106,1,n,乙,False,1,EdgePrediction,R_cb63a1ebfc31098d,,,107,5824,12
107,1,n,甲,False,1,EdgePrediction,R_7b6b1008b48c1115,,,108,5826,12
108,1,n,乙,False,1,EdgePrediction,R_cb63a1ebfc31098d,,,109,5828,12
109,1,n,甲,False,1,EdgePrediction,R_7b6b1008b48c1115,,,110,5828,12
110,1,e,甲,False,0,Abstain,R_9075d2f1da15b9b3,no_projectable_relation,,111,6308,13
111,1,n,乙,False,1,EdgePrediction,R_cb63a1ebfc31098d,,,112,6308,13
112,1,n,乙,False,0,Abstain,R_cb63a1ebfc31098d,no_projectable_relation,,113,6308,13
113,1,e,甲,True,1,EdgePrediction,R_5ccd1331eec89856,,,114,6308,13
114,1,n,乙,False,1,EdgePrediction,R_cb63a1ebfc31098d,,,115,6308,13
115,1,e,甲,False,0,Abstain,R_5ccd1331eec89856,no_projectable_relation,,116,6340,13
116,1,n,乙,False,1,EdgePrediction,R_cb63a1ebfc31098d,,,117,6340,13
117,1,n,甲,False,1,EdgePrediction,R_7b6b1008b48c1115,,,118,6340,13
118,1,n,甲,False,1,EdgePrediction,R_7b6b1008b48c1115,,,119,6342,13
119,1,n,乙,False,1,EdgePrediction,R_cb63a1ebfc31098d,,,120,6342,13
120,1,n,乙,False,0,Abstain,R_cb63a1ebfc31098d,no_projectable_relation,,121,6344,13
121,1,e,甲,True,1,EdgePrediction,R_5ccd1331eec89856,,,122,6346,13
122,1,n,甲,False,1,EdgePrediction,R_7b6b1008b48c1115,,,123,6348,13
123,1,n,乙,False,0,Abstain,R_cb63a1ebfc31098d,no_projectable_relation,,124,6350,13
124,1,n,甲,True,1,EdgePrediction,R_7b6b1008b48c1115,,,125,6360,13
125,1,n,乙,False,1,EdgePrediction,R_cb63a1ebfc31098d,,,126,6370,13
126,1,n,乙,False,0,Abstain,R_9d6e4b5f291af53c,no_projectable_relation,,127,6382,13
127,1,n,甲,False,0,Abstain,R_7b6b1008b48c1115,no_projectable_relation,,128,6382,13
128,1,n,乙,False,1,EdgePrediction,R_cb63a1ebfc31098d,,,129,6384,13
129,1,n,甲,False,1,EdgePrediction,R_7b6b1008b48c1115,,,130,6384,13
130,1,e,甲,True,1,EdgePrediction,R_5ccd1331eec89856,,,131,6388,13
131,1,n,乙,False,1,EdgePrediction,R_cb63a1ebfc31098d,,,132,6390,13
132,1,n,甲,False,1,EdgePrediction,R_7b6b1008b48c1115,,,133,6394,13
133,1,n,乙,False,0,Abstain,R_cb63a1ebfc31098d,no_projectable_relation,,134,6396,13
134,1,n,甲,True,1,EdgePrediction,R_7b6b1008b48c1115,,,135,6398,13
135,1,n,乙,False,0,Abstain,R_cb63a1ebfc31098d,no_projectable_relation,,136,6400,13
136,1,n,乙,False,0,Abstain,R_cb63a1ebfc31098d,no_projectable_relation,,137,6404,13
137,1,n,甲,False,0,Abstain,R_c819a8b386ed2d96,no_projectable_relation,,138,6406,13
138,1,n,乙,False,0,Abstain,R_9d6e4b5f291af53c,no_projectable_relation,,139,6410,13
139,1,e,甲,False,0,Abstain,R_5ccd1331eec89856,no_projectable_relation,,140,6410,13
140,1,e,甲,False,0,Abstain,R_5ccd1331eec89856,no_projectable_relation,,141,6934,14
141,1,n,乙,False,0,Abstain,R_cb63a1ebfc31098d,no_projectable_relation,,142,6934,14
142,1,n,乙,False,1,EdgePrediction,R_cb63a1ebfc31098d,,,143,6934,14
143,1,n,甲,False,1,EdgePrediction,R_7b6b1008b48c1115,,,144,6934,14
144,1,n,甲,False,1,EdgePrediction,R_7b6b1008b48c1115,,,145,6927,14
145,1,n,乙,False,1,EdgePrediction,R_cb63a1ebfc31098d,,,146,6929,14
146,1,e,乙,False,0,Abstain,R_0e5d236bf5b42b15,no_projectable_relation,,147,6929,14
147,1,n,甲,False,0,Abstain,R_7b6b1008b48c1115,no_projectable_relation,,148,6933,14
148,1,n,乙,False,1,EdgePrediction,R_cb63a1ebfc31098d,,,149,6933,14
149,1,e,甲,False,0,Abstain,R_8b0d2a6b7293001d,no_projectable_relation,,150,6939,14
150,1,n,乙,False,1,EdgePrediction,R_cb63a1ebfc31098d,,,151,6941,14
151,1,n,甲,False,1,EdgePrediction,R_7b6b1008b48c1115,,,152,6945,14
152,1,n,乙,False,1,EdgePrediction,R_cb63a1ebfc31098d,,,153,6945,14
153,1,n,甲,False,1,EdgePrediction,R_7b6b1008b48c1115,,,154,6945,14
154,1,n,甲,False,0,Abstain,R_7b6b1008b48c1115,no_projectable_relation,,155,6951,14
155,1,n,乙,False,0,Abstain,R_cb63a1ebfc31098d,no_projectable_relation,,156,6959,14
156,1,n,甲,False,0,Abstain,R_7b6b1008b48c1115,no_projectable_relation,,157,6961,14
157,1,n,乙,False,0,Abstain,R_9d6e4b5f291af53c,no_projectable_relation,,158,6967,14
158,1,e,甲,False,1,EdgePrediction,R_8b0d2a6b7293001d,,,159,6969,14
159,1,n,乙,False,1,EdgePrediction,R_cb63a1ebfc31098d,,,160,6971,14
160,1,n,乙,False,0,Abstain,R_9d6e4b5f291af53c,no_projectable_relation,,161,6973,14
161,1,n,甲,False,0,Abstain,R_7b6b1008b48c1115,no_projectable_relation,,162,6979,14
162,1,n,乙,False,1,EdgePrediction,R_cb63a1ebfc31098d,,,163,6985,14
163,1,e,甲,False,0,Abstain,R_8b0d2a6b7293001d,no_projectable_relation,,164,6985,14
164,1,n,甲,False,0,Abstain,R_7b6b1008b48c1115,no_projectable_relation,,165,6985,14
165,1,e,乙,False,0,Abstain,R_0e5d236bf5b42b15,no_projectable_relation,,166,6991,14
166,1,e,乙,False,1,EdgePrediction,R_0e5d236bf5b42b15,,,167,6991,14
167,1,n,甲,False,0,Abstain,R_c819a8b386ed2d96,no_projectable_relation,,168,6999,14
168,1,n,乙,False,1,EdgePrediction,R_cb63a1ebfc31098d,,,169,7001,14
169,1,n,甲,False,1,EdgePrediction,R_7b6b1008b48c1115,,,170,7003,14
170,1,n,乙,True,1,EdgePrediction,R_cb63a1ebfc31098d,,,171,7007,14
171,1,n,甲,False,1,EdgePrediction,R_7b6b1008b48c1115,,,172,7007,14
172,1,n,甲,False,0,Abstain,R_c819a8b386ed2d96,no_projectable_relation,,173,7011,14
173,1,n,乙,False,0,Abstain,R_cb63a1ebfc31098d,no_projectable_relation,,174,7013,14
174,1,n,乙,False,1,EdgePrediction,R_cb63a1ebfc31098d,,,175,7013,14
175,1,e,甲,False,0,Abstain,R_5ccd1331eec89856,no_projectable_relation,,176,7013,14
176,1,e,甲,False,1,EdgePrediction,R_8b0d2a6b7293001d,,,177,7015,14
177,1,n,乙,False,1,EdgePrediction,R_cb63a1ebfc31098d,,,178,7017,14
178,1,n,甲,False,0,Abstain,R_c819a8b386ed2d96,no_projectable_relation,,179,7017,14
179,1,e,乙,False,1,EdgePrediction,R_0e5d236bf5b42b15,,,180,7021,14
180,1,n,乙,True,1,EdgePrediction,R_cb63a1ebfc31098d,,,181,7021,14
181,1,e,甲,False,1,EdgePrediction,R_8b0d2a6b7293001d,,,182,7053,14
182,1,n,甲,False,1,EdgePrediction,R_7b6b1008b48c1115,,,183,7053,14
183,1,e,乙,True,1,EdgePrediction,R_0e5d236bf5b42b15,,,184,7079,14
184,1,n,乙,False,1,EdgePrediction,R_cb63a1ebfc31098d,,,185,7079,14
185,1,n,甲,False,1,EdgePrediction,R_7b6b1008b48c1115,,,186,7081,14
186,1,n,甲,False,0,Abstain,R_7b6b1008b48c1115,no_projectable_relation,,187,7081,14
187,1,n,乙,False,1,EdgePrediction,R_cb63a1ebfc31098d,,,188,7081,14
188,1,n,甲,False,0,Abstain,R_7b6b1008b48c1115,no_projectable_relation,,189,7081,14
189,1,e,乙,False,1,EdgePrediction,R_0e5d236bf5b42b15,,,190,7089,14
190,1,n,乙,False,1,EdgePrediction,R_cb63a1ebfc31098d,,,191,7089,14
191,1,n,甲,False,0,Abstain,R_c819a8b386ed2d96,no_projectable_relation,,192,7089,14
192,1,e,甲,False,0,Abstain,R_8b0d2a6b7293001d,no_projectable_relation,,193,7089,14
193,1,n,乙,False,1,EdgePrediction,R_cb63a1ebfc31098d,,,194,7089,14
194,1,n,乙,False,0,Abstain,R_cb63a1ebfc31098d,no_projectable_relation,,195,7091,14
195,1,n,甲,False,1,EdgePrediction,R_7b6b1008b48c1115,,,196,7091,14
196,1,n,甲,False,1,EdgePrediction,R_7b6b1008b48c1115,,,197,7091,14
197,1,n,乙,False,1,EdgePrediction,R_cb63a1ebfc31098d,,,198,7091,14
198,1,n,甲,False,0,Abstain,R_7b6b1008b48c1115,no_projectable_relation,,199,7091,14
199,1,n,乙,False,1,EdgePrediction,R_cb63a1ebfc31098d,,,200,7091,14
200,1,e,乙,False,1,EdgePrediction,R_0e5d236bf5b42b15,,,201,7091,14
201,1,n,甲,False,1,EdgePrediction,R_7b6b1008b48c1115,,,202,7091,14
202,1,n,乙,False,0,Abstain,R_cb63a1ebfc31098d,no_projectable_relation,,203,7093,14
203,1,e,甲,True,1,EdgePrediction,R_8b0d2a6b7293001d,,,204,7093,14
204,1,n,乙,False,1,EdgePrediction,R_cb63a1ebfc31098d,,,205,7093,14
205,1,n,甲,False,1,EdgePrediction,R_7b6b1008b48c1115,,,206,7095,14
206,1,n,甲,False,1,EdgePrediction,R_7b6b1008b48c1115,,,207,7095,14
207,1,n,乙,False,1,EdgePrediction,R_cb63a1ebfc31098d,,,208,7097,14
208,1,n,乙,False,0,Abstain,R_9d6e4b5f291af53c,no_projectable_relation,,209,7099,14
209,1,e,甲,False,0,Abstain,R_8b0d2a6b7293001d,no_projectable_relation,,210,7101,14
210,1,e,甲,False,0,Abstain,R_8b0d2a6b7293001d,no_projectable_relation,,211,7103,14
211,1,n,乙,False,1,EdgePrediction,R_cb63a1ebfc31098d,,,212,7103,14
212,1,n,乙,False,1,EdgePrediction,R_cb63a1ebfc31098d,,,213,7105,14
213,1,n,甲,False,0,Abstain,R_7b6b1008b48c1115,no_projectable_relation,,214,7105,14
214,1,e,甲,False,1,EdgePrediction,R_8b0d2a6b7293001d,,,215,7105,14
215,1,n,乙,False,1,EdgePrediction,R_cb63a1ebfc31098d,,,216,7105,14
216,1,n,甲,False,0,Abstain,R_7b6b1008b48c1115,no_projectable_relation,,217,7105,14
217,1,n,乙,False,0,Abstain,R_cb63a1ebfc31098d,no_projectable_relation,,218,7105,14
218,1,e,甲,False,1,EdgePrediction,R_8b0d2a6b7293001d,,,219,7133,14
219,1,n,乙,False,0,Abstain,R_9d6e4b5f291af53c,no_projectable_relation,,220,7128,14
220,1,n,乙,False,1,EdgePrediction,R_cb63a1ebfc31098d,,,221,7128,14
221,1,n,甲,False,1,EdgePrediction,R_7b6b1008b48c1115,,,222,7128,14
222,1,e,乙,False,1,EdgePrediction,R_0e5d236bf5b42b15,,,223,7128,14
223,1,n,甲,False,0,Abstain,R_7b6b1008b48c1115,no_projectable_relation,,224,7128,14
224,1,e,甲,False,1,EdgePrediction,R_8b0d2a6b7293001d,,,225,7134,14
225,1,n,乙,False,0,Abstain,R_9d6e4b5f291af53c,no_projectable_relation,,226,7134,14
226,1,n,乙,False,1,EdgePrediction,R_cb63a1ebfc31098d,,,227,7134,14
227,1,n,甲,False,1,EdgePrediction,R_7b6b1008b48c1115,,,228,7127,14
228,1,n,乙,False,1,EdgePrediction,R_cb63a1ebfc31098d,,,229,7127,14
229,1,n,甲,False,1,EdgePrediction,R_7b6b1008b48c1115,,,230,7129,14
230,1,e,乙,True,1,EdgePrediction,R_0e5d236bf5b42b15,,,231,7129,14
231,1,n,甲,False,1,EdgePrediction,R_7b6b1008b48c1115,,,232,7129,14
232,1,n,乙,False,0,Abstain,R_cb63a1ebfc31098d,no_projectable_relation,,233,7129,14
233,1,n,甲,True,1,EdgePrediction,R_7b6b1008b48c1115,,,234,7131,14
234,1,n,乙,False,1,EdgePrediction,R_cb63a1ebfc31098d,,,235,7131,14
235,1,e,甲,False,1,EdgePrediction,R_8b0d2a6b7293001d,,,236,7131,14
236,1,n,乙,False,1,EdgePrediction,R_cb63a1ebfc31098d,,,237,7131,14
237,1,n,甲,False,1,EdgePrediction,R_7b6b1008b48c1115,,,238,7131,14
238,1,n,甲,False,1,EdgePrediction,R_7b6b1008b48c1115,,,239,7131,14
239,1,n,乙,False,0,Abstain,R_cb63a1ebfc31098d,no_projectable_relation,,240,7131,14
240,1,e,甲,True,1,EdgePrediction,R_8b0d2a6b7293001d,,,241,7133,14
241,1,e,乙,True,1,EdgePrediction,R_0e5d236bf5b42b15,,,242,7133,14
242,1,e,乙,False,0,Abstain,R_0e5d236bf5b42b15,no_projectable_relation,,243,7133,14
243,1,e,甲,False,0,Abstain,R_5ccd1331eec89856,no_projectable_relation,,244,7133,14
244,1,n,甲,False,1,EdgePrediction,R_7b6b1008b48c1115,,,245,7133,14
245,1,n,乙,False,1,EdgePrediction,R_cb63a1ebfc31098d,,,246,7135,14
246,1,n,乙,False,1,EdgePrediction,R_cb63a1ebfc31098d,,,247,7135,14
247,1,n,甲,False,1,EdgePrediction,R_7b6b1008b48c1115,,,248,7135,14
248,1,e,乙,False,1,EdgePrediction,R_0e5d236bf5b42b15,,,249,7139,14
249,1,n,甲,False,1,EdgePrediction,R_7b6b1008b48c1115,,,250,7139,14
250,1,e,乙,False,1,EdgePrediction,R_0e5d236bf5b42b15,,,251,7139,14
251,1,n,甲,False,1,EdgePrediction,R_7b6b1008b48c1115,,,252,7139,14
252,1,n,甲,False,1,EdgePrediction,R_7b6b1008b48c1115,,,253,7147,14
253,1,n,乙,False,0,Abstain,R_cb63a1ebfc31098d,no_projectable_relation,,254,7155,14
254,1,e,乙,True,1,EdgePrediction,R_0e5d236bf5b42b15,,,255,7165,14
255,1,e,甲,False,1,EdgePrediction,R_8b0d2a6b7293001d,,,256,7165,14
256,1,n,甲,False,0,Abstain,R_c819a8b386ed2d96,no_projectable_relation,,257,7167,14
257,1,n,乙,False,1,EdgePrediction,R_cb63a1ebfc31098d,,,258,7169,14
258,1,n,甲,False,1,EdgePrediction,R_7b6b1008b48c1115,,,259,7171,14
259,1,n,乙,False,0,Abstain,R_cb63a1ebfc31098d,no_projectable_relation,,260,7175,14
260,1,n,甲,False,0,Abstain,R_7b6b1008b48c1115,no_projectable_relation,,261,7175,14
261,1,n,乙,False,1,EdgePrediction,R_cb63a1ebfc31098d,,,262,7177,14
262,1,n,乙,False,0,Abstain,R_cb63a1ebfc31098d,no_projectable_relation,,263,7177,14
263,1,n,甲,False,1,EdgePrediction,R_7b6b1008b48c1115,,,264,7179,14
264,1,n,甲,False,0,Abstain,R_7b6b1008b48c1115,no_projectable_relation,,265,7185,14
265,1,n,乙,False,0,Abstain,R_9d6e4b5f291af53c,no_projectable_relation,,266,7187,14
266,1,e,乙,False,1,EdgePrediction,R_0e5d236bf5b42b15,,,267,7187,14
267,1,n,甲,False,0,Abstain,R_7b6b1008b48c1115,no_projectable_relation,,268,7187,14
268,1,n,乙,False,0,Abstain,R_cb63a1ebfc31098d,no_projectable_relation,,269,7191,14
269,1,n,甲,False,0,Abstain,R_7b6b1008b48c1115,no_projectable_relation,,270,7195,14
270,1,n,乙,False,0,Abstain,R_cb63a1ebfc31098d,no_projectable_relation,,271,7195,14
271,1,n,甲,False,1,EdgePrediction,R_7b6b1008b48c1115,,,272,7197,14
272,1,n,甲,False,1,EdgePrediction,R_7b6b1008b48c1115,,,273,7197,14
273,1,e,乙,False,1,EdgePrediction,R_0e5d236bf5b42b15,,,274,7197,14
274,1,n,乙,True,1,EdgePrediction,R_cb63a1ebfc31098d,,,275,7197,14
275,1,n,甲,False,1,EdgePrediction,R_7b6b1008b48c1115,,,276,7197,14
276,1,n,甲,False,0,Abstain,R_c819a8b386ed2d96,no_projectable_relation,,277,7199,14
277,1,n,乙,False,1,EdgePrediction,R_cb63a1ebfc31098d,,,278,7199,14
278,1,e,乙,False,0,Abstain,R_0e5d236bf5b42b15,no_projectable_relation,,279,7199,14
279,1,n,甲,False,1,EdgePrediction,R_7b6b1008b48c1115,,,280,7201,14
280,1,n,甲,False,1,EdgePrediction,R_7b6b1008b48c1115,,,281,7201,14
281,1,n,乙,False,1,EdgePrediction,R_cb63a1ebfc31098d,,,282,7201,14
282,1,n,乙,False,1,EdgePrediction,R_cb63a1ebfc31098d,,,283,7201,14
283,1,n,甲,False,0,Abstain,R_7b6b1008b48c1115,no_projectable_relation,,284,7201,14
284,1,n,乙,False,1,EdgePrediction,R_cb63a1ebfc31098d,,,285,7201,14
285,1,n,甲,False,0,Abstain,R_7b6b1008b48c1115,no_projectable_relation,,286,7201,14
286,1,e,乙,False,0,Abstain,R_0e5d236bf5b42b15,no_projectable_relation,,287,7201,14
287,1,n,甲,False,1,EdgePrediction,R_7b6b1008b48c1115,,,288,7201,14
288,1,n,乙,False,0,Abstain,R_cb63a1ebfc31098d,no_projectable_relation,,289,7203,14
289,1,n,甲,False,1,EdgePrediction,R_7b6b1008b48c1115,,,290,7203,14
290,1,e,乙,False,1,EdgePrediction,R_0e5d236bf5b42b15,,,291,7225,14
291,1,n,甲,False,0,Abstain,R_7b6b1008b48c1115,no_projectable_relation,,292,7225,14
292,1,n,乙,False,1,EdgePrediction,R_cb63a1ebfc31098d,,,293,7225,14
293,1,e,甲,False,0,Abstain,R_8b0d2a6b7293001d,no_projectable_relation,,294,7229,14
294,1,n,乙,False,1,EdgePrediction,R_cb63a1ebfc31098d,,,295,7229,14
295,1,n,甲,False,1,EdgePrediction,R_7b6b1008b48c1115,,,296,7229,14
296,1,n,乙,False,1,EdgePrediction,R_cb63a1ebfc31098d,,,297,7229,14
297,1,n,甲,False,1,EdgePrediction,R_7b6b1008b48c1115,,,298,7229,14
298,1,n,甲,False,1,EdgePrediction,R_7b6b1008b48c1115,,,299,7229,14
299,1,e,乙,False,1,EdgePrediction,R_0e5d236bf5b42b15,,,300,7229,14
300,1,n,甲,False,0,Abstain,R_7b6b1008b48c1115,no_projectable_relation,,301,7235,14
301,1,n,乙,True,1,EdgePrediction,R_cb63a1ebfc31098d,,,302,7237,14
302,1,n,甲,False,0,Abstain,R_7b6b1008b48c1115,no_projectable_relation,,303,7237,14
303,1,n,乙,False,0,Abstain,R_cb63a1ebfc31098d,no_projectable_relation,,304,7241,14
304,1,n,乙,False,0,Abstain,R_cb63a1ebfc31098d,no_projectable_relation,,305,7241,14
305,1,n,甲,False,1,EdgePrediction,R_7b6b1008b48c1115,,,306,7241,14
306,1,n,乙,False,1,EdgePrediction,R_cb63a1ebfc31098d,,,307,7241,14
307,1,n,甲,False,1,EdgePrediction,R_7b6b1008b48c1115,,,308,7245,14
308,1,n,甲,False,0,Abstain,R_c819a8b386ed2d96,no_projectable_relation,,309,7245,14
309,1,n,乙,False,1,EdgePrediction,R_cb63a1ebfc31098d,,,310,7245,14
310,1,n,甲,True,1,EdgePrediction,R_7b6b1008b48c1115,,,311,7245,14
311,1,n,乙,False,1,EdgePrediction,R_cb63a1ebfc31098d,,,312,7251,14
312,1,n,甲,True,1,EdgePrediction,R_7b6b1008b48c1115,,,313,7251,14
313,1,n,乙,False,1,EdgePrediction,R_cb63a1ebfc31098d,,,314,7251,14
314,1,n,甲,False,0,Abstain,R_7b6b1008b48c1115,no_projectable_relation,,315,7253,14
315,1,e,乙,False,1,EdgePrediction,R_0e5d236bf5b42b15,,,316,7253,14
316,1,n,甲,False,0,Abstain,R_7b6b1008b48c1115,no_projectable_relation,,317,7257,14
317,1,n,乙,False,1,EdgePrediction,R_cb63a1ebfc31098d,,,318,7261,14
318,1,n,甲,False,1,EdgePrediction,R_7b6b1008b48c1115,,,319,7261,14
319,1,n,乙,False,0,Abstain,R_9d6e4b5f291af53c,no_projectable_relation,,320,7263,14
320,1,n,乙,False,0,Abstain,R_9d6e4b5f291af53c,no_projectable_relation,,321,7265,14
321,1,n,甲,False,0,Abstain,R_7b6b1008b48c1115,no_projectable_relation,,322,7271,14
322,1,n,乙,False,0,Abstain,R_cb63a1ebfc31098d,no_projectable_relation,,323,7271,14
323,1,e,甲,False,0,Abstain,R_8b0d2a6b7293001d,no_projectable_relation,,324,7271,14
324,1,n,甲,False,1,EdgePrediction,R_7b6b1008b48c1115,,,325,7275,14
325,1,n,乙,False,0,Abstain,R_cb63a1ebfc31098d,no_projectable_relation,,326,7277,14
326,1,e,甲,False,0,Abstain,R_8b0d2a6b7293001d,no_projectable_relation,,327,7277,14
327,1,n,乙,False,1,EdgePrediction,R_cb63a1ebfc31098d,,,328,7277,14
328,1,n,乙,False,1,EdgePrediction,R_cb63a1ebfc31098d,,,329,7279,14
329,1,n,甲,False,0,Abstain,R_7b6b1008b48c1115,no_projectable_relation,,330,7283,14
330,1,n,甲,False,0,Abstain,R_7b6b1008b48c1115,no_projectable_relation,,331,7283,14
331,1,n,乙,False,1,EdgePrediction,R_cb63a1ebfc31098d,,,332,7280,14
332,1,n,乙,False,1,EdgePrediction,R_cb63a1ebfc31098d,,,333,7280,14
333,1,n,甲,False,1,EdgePrediction,R_7b6b1008b48c1115,,,334,7280,14
334,1,n,乙,False,0,Abstain,R_cb63a1ebfc31098d,no_projectable_relation,,335,7282,14
335,1,n,甲,True,1,EdgePrediction,R_7b6b1008b48c1115,,,336,7282,14
336,1,n,甲,False,1,EdgePrediction,R_7b6b1008b48c1115,,,337,7282,14
337,1,n,乙,True,1,EdgePrediction,R_cb63a1ebfc31098d,,,338,7284,14
338,1,e,乙,False,0,Abstain,R_0e5d236bf5b42b15,no_projectable_relation,,339,7288,14
339,1,n,甲,False,1,EdgePrediction,R_7b6b1008b48c1115,,,340,7280,14
340,1,n,甲,False,0,Abstain,R_7b6b1008b48c1115,no_projectable_relation,,341,7282,14
341,1,n,乙,False,0,Abstain,R_cb63a1ebfc31098d,no_projectable_relation,,342,7284,14
342,1,n,乙,False,1,EdgePrediction,R_cb63a1ebfc31098d,,,343,7284,14
343,1,n,甲,False,0,Abstain,R_c819a8b386ed2d96,no_projectable_relation,,344,7284,14
344,1,n,乙,True,1,EdgePrediction,R_cb63a1ebfc31098d,,,345,7286,14
345,1,n,甲,False,1,EdgePrediction,R_7b6b1008b48c1115,,,346,7288,14
346,1,n,乙,False,1,EdgePrediction,R_cb63a1ebfc31098d,,,347,7282,14
347,1,n,甲,False,0,Abstain,R_7b6b1008b48c1115,no_projectable_relation,,348,7282,14
348,1,e,乙,False,1,EdgePrediction,R_0e5d236bf5b42b15,,,349,7282,14
349,1,e,甲,False,1,EdgePrediction,R_8b0d2a6b7293001d,,,350,7282,14
350,1,n,甲,True,1,EdgePrediction,R_7b6b1008b48c1115,,,351,7282,14
351,1,n,乙,False,1,EdgePrediction,R_cb63a1ebfc31098d,,,352,7265,14
352,1,n,甲,False,0,Abstain,R_7b6b1008b48c1115,no_projectable_relation,,353,7265,14
353,1,e,乙,False,0,Abstain,R_0e5d236bf5b42b15,no_projectable_relation,,354,7269,14
354,1,e,甲,False,1,EdgePrediction,R_8b0d2a6b7293001d,,,355,7269,14
355,1,n,乙,False,1,EdgePrediction,R_cb63a1ebfc31098d,,,356,7269,14
356,1,e,甲,False,1,EdgePrediction,R_8b0d2a6b7293001d,,,357,7269,14
357,1,n,乙,False,1,EdgePrediction,R_cb63a1ebfc31098d,,,358,7269,14
358,1,n,甲,False,0,Abstain,R_c819a8b386ed2d96,no_projectable_relation,,359,7269,14
359,1,n,乙,False,1,EdgePrediction,R_cb63a1ebfc31098d,,,360,7269,14
360,1,n,甲,False,1,EdgePrediction,R_7b6b1008b48c1115,,,361,7269,14
361,1,n,乙,False,1,EdgePrediction,R_cb63a1ebfc31098d,,,362,7269,14
362,1,n,乙,False,0,Abstain,R_9d6e4b5f291af53c,no_projectable_relation,,363,7271,14
363,1,n,甲,False,1,EdgePrediction,R_7b6b1008b48c1115,,,364,7271,14
364,1,n,乙,False,1,EdgePrediction,R_cb63a1ebfc31098d,,,365,7273,14
365,1,n,甲,False,1,EdgePrediction,R_7b6b1008b48c1115,,,366,7273,14
366,1,e,乙,False,1,EdgePrediction,R_0e5d236bf5b42b15,,,367,7275,14
367,1,n,甲,False,1,EdgePrediction,R_7b6b1008b48c1115,,,368,7275,14
368,1,n,乙,False,0,Abstain,R_cb63a1ebfc31098d,no_projectable_relation,,369,7275,14
369,1,n,甲,False,1,EdgePrediction,R_7b6b1008b48c1115,,,370,7277,14
370,1,n,乙,False,1,EdgePrediction,R_cb63a1ebfc31098d,,,371,7277,14
371,1,n,甲,False,0,Abstain,R_7b6b1008b48c1115,no_projectable_relation,,372,7277,14
372,1,n,甲,False,0,Abstain,R_c819a8b386ed2d96,no_projectable_relation,,373,7277,14
373,1,n,乙,False,1,EdgePrediction,R_cb63a1ebfc31098d,,,374,7279,14
374,1,n,甲,False,1,EdgePrediction,R_7b6b1008b48c1115,,,375,7279,14
375,1,n,乙,False,0,Abstain,R_cb63a1ebfc31098d,no_projectable_relation,,376,7279,14
376,1,n,甲,False,1,EdgePrediction,R_7b6b1008b48c1115,,,377,7270,14
377,1,n,乙,False,1,EdgePrediction,R_cb63a1ebfc31098d,,,378,7270,14
378,1,n,乙,False,1,EdgePrediction,R_cb63a1ebfc31098d,,,379,7270,14
379,1,n,甲,False,0,Abstain,R_7b6b1008b48c1115,no_projectable_relation,,380,7270,14
380,1,e,甲,False,0,Abstain,R_8b0d2a6b7293001d,no_projectable_relation,,381,7270,14
381,1,n,乙,False,1,EdgePrediction,R_cb63a1ebfc31098d,,,382,7270,14
382,1,n,乙,False,0,Abstain,R_cb63a1ebfc31098d,no_projectable_relation,,383,7272,14
383,1,n,甲,False,1,EdgePrediction,R_7b6b1008b48c1115,,,384,7272,14
384,1,e,乙,False,1,EdgePrediction,R_0e5d236bf5b42b15,,,385,7272,14
385,1,n,甲,False,1,EdgePrediction,R_7b6b1008b48c1115,,,386,7272,14
386,1,n,甲,False,1,EdgePrediction,R_7b6b1008b48c1115,,,387,7272,14
387,1,n,乙,False,0,Abstain,R_cb63a1ebfc31098d,no_projectable_relation,,388,7274,14
388,1,e,甲,False,0,Abstain,R_8b0d2a6b7293001d,no_projectable_relation,,389,7274,14
389,1,n,乙,False,1,EdgePrediction,R_cb63a1ebfc31098d,,,390,7274,14
390,1,n,甲,False,0,Abstain,R_7b6b1008b48c1115,no_projectable_relation,,391,7274,14
391,1,n,乙,False,1,EdgePrediction,R_cb63a1ebfc31098d,,,392,7276,14
392,1,n,甲,False,1,EdgePrediction,R_7b6b1008b48c1115,,,393,7276,14
393,1,n,乙,False,0,Abstain,R_cb63a1ebfc31098d,no_projectable_relation,,394,7278,14
394,1,n,乙,False,1,EdgePrediction,R_cb63a1ebfc31098d,,,395,7280,14
395,1,n,甲,False,1,EdgePrediction,R_7b6b1008b48c1115,,,396,7282,14
396,1,n,乙,False,1,EdgePrediction,R_cb63a1ebfc31098d,,,397,7282,14
397,1,n,甲,False,1,EdgePrediction,R_7b6b1008b48c1115,,,398,7284,14
398,1,e,乙,False,0,Abstain,R_0e5d236bf5b42b15,no_projectable_relation,,399,7284,14
399,1,n,甲,False,0,Abstain,R_c819a8b386ed2d96,no_projectable_relation,,400,7284,14
400,1,n,甲,True,1,EdgePrediction,R_7b6b1008b48c1115,,,401,7284,14
401,1,n,乙,False,1,EdgePrediction,R_cb63a1ebfc31098d,,,402,7284,14
402,1,n,乙,False,0,Abstain,R_cb63a1ebfc31098d,no_projectable_relation,,403,7276,14
403,1,n,甲,False,0,Abstain,R_7b6b1008b48c1115,no_projectable_relation,,404,7278,14
404,1,n,乙,False,0,Abstain,R_cb63a1ebfc31098d,no_projectable_relation,,405,7278,14
405,1,n,甲,True,1,EdgePrediction,R_7b6b1008b48c1115,,,406,7278,14
406,1,n,甲,False,1,EdgePrediction,R_7b6b1008b48c1115,,,407,7278,14
407,1,e,乙,False,0,Abstain,R_0e5d236bf5b42b15,no_projectable_relation,,408,7278,14
408,1,e,甲,False,1,EdgePrediction,R_8b0d2a6b7293001d,,,409,7278,14
409,1,n,乙,False,1,EdgePrediction,R_cb63a1ebfc31098d,,,410,7278,14
410,1,n,甲,False,0,Abstain,R_7b6b1008b48c1115,no_projectable_relation,,411,7278,14
411,1,e,乙,False,1,EdgePrediction,R_0e5d236bf5b42b15,,,412,7282,14
412,1,n,甲,False,0,Abstain,R_7b6b1008b48c1115,no_projectable_relation,,413,7282,14
413,1,n,乙,False,1,EdgePrediction,R_cb63a1ebfc31098d,,,414,7282,14
414,1,n,乙,False,0,Abstain,R_cb63a1ebfc31098d,no_projectable_relation,,415,7282,14
415,1,n,甲,False,0,Abstain,R_7b6b1008b48c1115,no_projectable_relation,,416,7282,14
416,1,e,乙,False,0,Abstain,R_0e5d236bf5b42b15,no_projectable_relation,,417,7284,14
417,1,e,甲,False,1,EdgePrediction,R_8b0d2a6b7293001d,,,418,7284,14
418,1,e,乙,False,1,EdgePrediction,R_0e5d236bf5b42b15,,,419,7286,14
419,1,n,甲,False,1,EdgePrediction,R_7b6b1008b48c1115,,,420,7278,14
420,1,n,乙,False,0,Abstain,R_cb63a1ebfc31098d,no_projectable_relation,,421,7278,14
421,1,e,甲,False,1,EdgePrediction,R_8b0d2a6b7293001d,,,422,7278,14
422,1,n,甲,False,1,EdgePrediction,R_7b6b1008b48c1115,,,423,7278,14
423,1,n,乙,False,0,Abstain,R_cb63a1ebfc31098d,no_projectable_relation,,424,7278,14
424,1,e,甲,False,0,Abstain,R_5ccd1331eec89856,no_projectable_relation,,425,7300,14
425,1,e,乙,True,1,EdgePrediction,R_0e5d236bf5b42b15,,,426,7300,14
426,1,n,乙,False,0,Abstain,R_cb63a1ebfc31098d,no_projectable_relation,,427,7300,14
427,1,e,甲,True,1,EdgePrediction,R_8b0d2a6b7293001d,,,428,7304,14
428,1,e,甲,False,1,EdgePrediction,R_8b0d2a6b7293001d,,,429,7310,14
429,1,n,乙,False,0,Abstain,R_9d6e4b5f291af53c,no_projectable_relation,,430,7310,14
430,1,n,甲,False,1,EdgePrediction,R_7b6b1008b48c1115,,,431,7310,14
431,1,n,乙,False,0,Abstain,R_cb63a1ebfc31098d,no_projectable_relation,,432,7310,14
432,1,e,甲,True,1,EdgePrediction,R_8b0d2a6b7293001d,,,433,7312,14
433,1,n,乙,False,1,EdgePrediction,R_cb63a1ebfc31098d,,,434,7314,14
434,1,n,乙,False,1,EdgePrediction,R_cb63a1ebfc31098d,,,435,7314,14
435,1,e,甲,False,0,Abstain,R_5ccd1331eec89856,no_projectable_relation,,436,7314,14
436,1,n,乙,True,1,EdgePrediction,R_cb63a1ebfc31098d,,,437,7314,14
437,1,e,甲,False,1,EdgePrediction,R_8b0d2a6b7293001d,,,438,7314,14
438,1,n,乙,False,1,EdgePrediction,R_cb63a1ebfc31098d,,,439,7314,14
439,1,e,甲,False,1,EdgePrediction,R_8b0d2a6b7293001d,,,440,7314,14
440,1,n,乙,False,1,EdgePrediction,R_cb63a1ebfc31098d,,,441,7314,14
441,1,n,甲,True,1,EdgePrediction,R_7b6b1008b48c1115,,,442,7318,14
442,1,n,甲,False,0,Abstain,R_7b6b1008b48c1115,no_projectable_relation,,443,7318,14
443,1,e,乙,False,1,EdgePrediction,R_0e5d236bf5b42b15,,,444,7318,14
444,1,e,甲,False,0,Abstain,R_5ccd1331eec89856,no_projectable_relation,,445,7318,14
445,1,n,乙,False,1,EdgePrediction,R_cb63a1ebfc31098d,,,446,7318,14
446,1,n,甲,False,1,EdgePrediction,R_7b6b1008b48c1115,,,447,7309,14
447,1,n,乙,False,0,Abstain,R_cb63a1ebfc31098d,no_projectable_relation,,448,7309,14
448,1,n,甲,False,1,EdgePrediction,R_7b6b1008b48c1115,,,449,7309,14
449,1,n,乙,False,0,Abstain,R_cb63a1ebfc31098d,no_projectable_relation,,450,7309,14
450,1,n,乙,False,0,Abstain,R_9d6e4b5f291af53c,no_projectable_relation,,451,7309,14
451,1,n,甲,False,1,EdgePrediction,R_7b6b1008b48c1115,,,452,7309,14
452,1,n,甲,False,1,EdgePrediction,R_7b6b1008b48c1115,,,453,7309,14
453,1,e,乙,True,1,EdgePrediction,R_0e5d236bf5b42b15,,,454,7309,14
454,1,n,乙,False,0,Abstain,R_cb63a1ebfc31098d,no_projectable_relation,,455,7300,14
455,1,n,甲,False,1,EdgePrediction,R_7b6b1008b48c1115,,,456,7300,14
456,1,n,甲,False,1,EdgePrediction,R_7b6b1008b48c1115,,,457,7300,14
457,1,n,乙,False,0,Abstain,R_cb63a1ebfc31098d,no_projectable_relation,,458,7300,14
458,1,n,乙,False,1,EdgePrediction,R_cb63a1ebfc31098d,,,459,7300,14
459,1,n,甲,True,1,EdgePrediction,R_7b6b1008b48c1115,,,460,7300,14
460,1,n,乙,False,0,Abstain,R_cb63a1ebfc31098d,no_projectable_relation,,461,7286,14
461,1,n,甲,False,1,EdgePrediction,R_7b6b1008b48c1115,,,462,7286,14
462,1,e,甲,False,1,EdgePrediction,R_8b0d2a6b7293001d,,,463,7286,14
463,1,e,乙,False,1,EdgePrediction,R_0e5d236bf5b42b15,,,464,7286,14
464,1,e,乙,True,1,EdgePrediction,R_0e5d236bf5b42b15,,,465,7286,14
465,1,n,甲,False,1,EdgePrediction,R_7b6b1008b48c1115,,,466,7288,14
466,1,n,甲,True,1,EdgePrediction,R_7b6b1008b48c1115,,,467,7288,14
467,1,n,乙,False,1,EdgePrediction,R_cb63a1ebfc31098d,,,468,7288,14
468,1,n,甲,False,0,Abstain,R_7b6b1008b48c1115,no_projectable_relation,,469,7290,14
469,1,n,乙,False,0,Abstain,R_9d6e4b5f291af53c,no_projectable_relation,,470,7290,14
470,1,n,甲,True,1,EdgePrediction,R_7b6b1008b48c1115,,,471,7290,14
471,1,n,乙,False,1,EdgePrediction,R_cb63a1ebfc31098d,,,472,7290,14
472,1,e,甲,False,0,Abstain,R_8b0d2a6b7293001d,no_projectable_relation,,473,7290,14
473,1,n,乙,False,1,EdgePrediction,R_cb63a1ebfc31098d,,,474,7290,14
474,1,e,乙,False,1,EdgePrediction,R_0e5d236bf5b42b15,,,475,7290,14
475,1,n,甲,False,1,EdgePrediction,R_7b6b1008b48c1115,,,476,7290,14
476,1,n,乙,False,0,Abstain,R_9d6e4b5f291af53c,no_projectable_relation,,477,7276,14
477,1,e,甲,False,1,EdgePrediction,R_8b0d2a6b7293001d,,,478,7276,14
478,1,n,甲,False,0,Abstain,R_7b6b1008b48c1115,no_projectable_relation,,479,7278,14
479,1,n,乙,False,1,EdgePrediction,R_cb63a1ebfc31098d,,,480,7278,14
480,1,n,甲,False,1,EdgePrediction,R_7b6b1008b48c1115,,,481,7278,14
481,1,n,乙,False,1,EdgePrediction,R_cb63a1ebfc31098d,,,482,7278,14
482,1,n,甲,False,0,Abstain,R_7b6b1008b48c1115,no_projectable_relation,,483,7278,14
483,1,e,乙,False,1,EdgePrediction,R_0e5d236bf5b42b15,,,484,7278,14
484,1,n,甲,False,1,EdgePrediction,R_7b6b1008b48c1115,,,485,7278,14
485,1,n,乙,True,1,EdgePrediction,R_cb63a1ebfc31098d,,,486,7278,14
486,1,n,甲,True,1,EdgePrediction,R_7b6b1008b48c1115,,,487,7278,14
487,1,e,乙,False,1,EdgePrediction,R_0e5d236bf5b42b15,,,488,7278,14
488,1,n,乙,False,0,Abstain,R_cb63a1ebfc31098d,no_projectable_relation,,489,7278,14
489,1,n,甲,False,1,EdgePrediction,R_7b6b1008b48c1115,,,490,7278,14
490,1,n,乙,False,0,Abstain,R_cb63a1ebfc31098d,no_projectable_relation,,491,7214,14
491,1,e,甲,False,0,Abstain,R_8b0d2a6b7293001d,no_projectable_relation,,492,7172,14
492,1,n,甲,False,1,EdgePrediction,R_7b6b1008b48c1115,,,493,7116,14
493,1,n,乙,False,0,Abstain,R_cb63a1ebfc31098d,no_projectable_relation,,494,7116,14
494,1,n,乙,False,1,EdgePrediction,R_cb63a1ebfc31098d,,,495,7090,14
495,1,n,甲,False,1,EdgePrediction,R_7b6b1008b48c1115,,,496,7092,14
496,1,n,乙,True,1,EdgePrediction,R_cb63a1ebfc31098d,,,497,7092,14
497,1,n,甲,False,1,EdgePrediction,R_7b6b1008b48c1115,,,498,7092,14
498,1,n,乙,False,0,Abstain,R_cb63a1ebfc31098d,no_projectable_relation,,499,7094,14
499,1,e,甲,False,0,Abstain,R_8b0d2a6b7293001d,no_projectable_relation,,500,7094,14
500,1,n,乙,False,1,EdgePrediction,R_cb63a1ebfc31098d,,,501,7094,14
501,1,n,甲,False,0,Abstain,R_7b6b1008b48c1115,no_projectable_relation,,502,7094,14
502,1,n,乙,False,1,EdgePrediction,R_cb63a1ebfc31098d,,,503,7094,14
503,1,n,甲,False,0,Abstain,R_7b6b1008b48c1115,no_projectable_relation,,504,7094,14
504,1,e,甲,False,0,Abstain,R_8b0d2a6b7293001d,no_projectable_relation,,505,7096,14
505,1,n,乙,False,1,EdgePrediction,R_cb63a1ebfc31098d,,,506,7098,14
506,1,n,乙,False,1,EdgePrediction,R_cb63a1ebfc31098d,,,507,7098,14
507,1,n,甲,False,1,EdgePrediction,R_7b6b1008b48c1115,,,508,7098,14
508,1,n,乙,False,0,Abstain,R_cb63a1ebfc31098d,no_projectable_relation,,509,7108,14
509,1,n,甲,False,1,EdgePrediction,R_7b6b1008b48c1115,,,510,7116,14
510,1,n,甲,False,1,EdgePrediction,R_7b6b1008b48c1115,,,511,7084,14
511,1,n,乙,True,1,EdgePrediction,R_cb63a1ebfc31098d,,,512,7084,14
512,1,e,甲,False,1,EdgePrediction,R_8b0d2a6b7293001d,,,513,7084,14
513,1,n,乙,False,1,EdgePrediction,R_cb63a1ebfc31098d,,,514,7084,14
514,1,n,甲,False,0,Abstain,R_7b6b1008b48c1115,no_projectable_relation,,515,7084,14
515,1,e,乙,False,0,Abstain,R_0e5d236bf5b42b15,no_projectable_relation,,516,7084,14
516,1,e,甲,False,1,EdgePrediction,R_8b0d2a6b7293001d,,,517,7086,14
517,1,n,乙,False,1,EdgePrediction,R_cb63a1ebfc31098d,,,518,7086,14
518,1,n,甲,False,1,EdgePrediction,R_7b6b1008b48c1115,,,519,7044,14
519,1,n,乙,False,1,EdgePrediction,R_cb63a1ebfc31098d,,,520,7044,14
520,1,n,甲,False,1,EdgePrediction,R_7b6b1008b48c1115,,,521,7044,14
521,1,n,乙,False,1,EdgePrediction,R_cb63a1ebfc31098d,,,522,7046,14
522,1,e,甲,False,1,EdgePrediction,R_8b0d2a6b7293001d,,,523,6916,14
523,1,n,乙,False,1,EdgePrediction,R_cb63a1ebfc31098d,,,524,6918,14
524,1,n,甲,False,0,Abstain,R_c819a8b386ed2d96,no_projectable_relation,,525,7399,15
525,1,n,乙,False,1,EdgePrediction,R_cb63a1ebfc31098d,,,526,7399,15
526,1,n,乙,False,0,Abstain,R_cb63a1ebfc31098d,no_projectable_relation,,527,7401,15
527,1,n,甲,False,1,EdgePrediction,R_b3d8edbd8d7ede57,,,528,7447,15
528,1,n,甲,True,0,Abstain,R_b3d8edbd8d7ede57,no_projectable_relation,,529,7449,15
529,1,n,乙,False,1,EdgePrediction,R_cb63a1ebfc31098d,,,530,7451,15
530,1,e,甲,False,0,Abstain,R_8b0d2a6b7293001d,no_projectable_relation,,531,7453,15
531,1,n,乙,True,1,EdgePrediction,R_cb63a1ebfc31098d,,,532,7453,15
532,1,n,甲,False,1,EdgePrediction,R_b3d8edbd8d7ede57,,,533,7461,15
533,1,n,乙,False,1,EdgePrediction,R_cb63a1ebfc31098d,,,534,7361,15
534,1,n,乙,False,1,EdgePrediction,R_cb63a1ebfc31098d,,,535,7233,15
535,1,n,甲,False,1,EdgePrediction,R_b3d8edbd8d7ede57,,,536,7233,15
536,1,n,甲,False,1,EdgePrediction,R_b3d8edbd8d7ede57,,,537,7235,15
537,1,e,乙,False,0,Abstain,R_9d6e4b5f291af53c,no_projectable_relation,,538,7281,15
538,1,n,乙,True,0,EdgePrediction,R_0e5d236bf5b42b15,,選び間違い,539,7325,15
539,1,n,甲,False,1,EdgePrediction,R_b3d8edbd8d7ede57,,,540,7327,15
540,1,e,乙,False,1,EdgePrediction,R_0e5d236bf5b42b15,,,541,7329,15
541,1,n,甲,False,1,EdgePrediction,R_b3d8edbd8d7ede57,,,542,7339,15
542,1,n,甲,False,0,Abstain,R_b3d8edbd8d7ede57,no_projectable_relation,,543,7861,16
543,1,e,乙,False,1,EdgePrediction,R_0e5d236bf5b42b15,,,544,7869,16
544,1,n,甲,False,0,Abstain,R_b3d8edbd8d7ede57,no_projectable_relation,,545,7869,16
545,1,n,乙,False,1,EdgePrediction,R_cb63a1ebfc31098d,,,546,7869,16
546,1,n,甲,False,1,EdgePrediction,R_7b6b1008b48c1115_t542,,,547,7899,16
547,1,n,乙,False,1,EdgePrediction,R_cb63a1ebfc31098d,,,548,7907,16
548,1,n,乙,False,1,EdgePrediction,R_cb63a1ebfc31098d,,,549,7907,16
549,1,e,甲,False,1,EdgePrediction,R_8b0d2a6b7293001d,,,550,7907,16
550,1,n,乙,False,1,EdgePrediction,R_cb63a1ebfc31098d,,,551,7907,16
551,1,n,甲,False,0,Abstain,R_b3d8edbd8d7ede57,no_projectable_relation,,552,7909,16
552,1,n,甲,False,1,EdgePrediction,R_7b6b1008b48c1115_t542,,,553,7911,16
553,1,e,乙,False,1,EdgePrediction,R_0e5d236bf5b42b15,,,554,7897,16
554,1,n,乙,False,1,EdgePrediction,R_cb63a1ebfc31098d,,,555,7897,16
555,1,n,甲,False,1,EdgePrediction,R_7b6b1008b48c1115_t542,,,556,7897,16
556,1,n,乙,False,1,EdgePrediction,R_cb63a1ebfc31098d,,,557,7905,16
557,1,e,甲,False,1,EdgePrediction,R_8b0d2a6b7293001d,,,558,7905,16
558,1,n,甲,False,0,Abstain,R_7b6b1008b48c1115_t542,no_projectable_relation,,559,7931,16
559,1,n,乙,False,0,Abstain,R_cb63a1ebfc31098d,no_projectable_relation,,560,8453,17
560,1,n,乙,False,1,EdgePrediction,R_cb63a1ebfc31098d_t559,,,561,8453,17
561,1,n,甲,False,0,Abstain,R_b3d8edbd8d7ede57,no_projectable_relation,,562,8459,17
562,1,n,乙,False,1,EdgePrediction,R_cb63a1ebfc31098d_t559,,,563,8461,17
563,1,n,甲,False,1,EdgePrediction,R_7b6b1008b48c1115_t542,,,564,8461,17
564,1,n,甲,False,1,EdgePrediction,R_7b6b1008b48c1115_t542,,,565,8463,17
565,1,n,乙,False,0,Abstain,R_cb63a1ebfc31098d_t559,no_projectable_relation,,566,8467,17
566,1,n,乙,False,1,EdgePrediction,R_cb63a1ebfc31098d_t559,,,567,8467,17
567,1,e,甲,False,1,EdgePrediction,R_8b0d2a6b7293001d,,,568,8467,17
568,1,n,乙,True,1,EdgePrediction,R_cb63a1ebfc31098d_t559,,,569,8467,17
569,1,n,甲,False,1,EdgePrediction,R_7b6b1008b48c1115_t542,,,570,8467,17
570,1,n,乙,False,0,Abstain,R_cb63a1ebfc31098d_t559,no_projectable_relation,,571,8495,17
571,1,n,甲,False,1,EdgePrediction,R_7b6b1008b48c1115_t542,,,572,8495,17
572,1,n,乙,False,1,EdgePrediction,R_cb63a1ebfc31098d_t559,,,573,8499,17
573,1,n,甲,False,1,EdgePrediction,R_7b6b1008b48c1115_t542,,,574,8439,17
574,1,n,甲,False,1,EdgePrediction,R_7b6b1008b48c1115_t542,,,575,8439,17
575,1,n,乙,False,1,EdgePrediction,R_cb63a1ebfc31098d_t559,,,576,8439,17
576,1,e,甲,False,1,EdgePrediction,R_8b0d2a6b7293001d,,,577,8439,17
577,1,n,乙,False,0,Abstain,R_cb63a1ebfc31098d_t559,no_projectable_relation,,578,8441,17
578,1,n,甲,False,0,Abstain,R_7b6b1008b48c1115_t542,no_projectable_relation,,579,8465,17
579,1,n,乙,False,1,EdgePrediction,R_cb63a1ebfc31098d_t559,,,580,8449,17
580,1,n,乙,False,1,EdgePrediction,R_cb63a1ebfc31098d_t559,,,581,8449,17
581,1,n,甲,False,1,EdgePrediction,R_7b6b1008b48c1115_t542,,,582,8453,17
582,1,n,甲,False,1,EdgePrediction,R_7b6b1008b48c1115_t542,,,583,8457,17
583,1,n,乙,False,0,Abstain,R_cb63a1ebfc31098d_t559,no_projectable_relation,,584,8457,17
584,1,n,甲,False,0,Abstain,R_b3d8edbd8d7ede57,no_projectable_relation,,585,8397,17
585,1,n,乙,False,1,EdgePrediction,R_cb63a1ebfc31098d_t559,,,586,8397,17
586,1,n,乙,False,0,Abstain,R_cb63a1ebfc31098d_t559,no_projectable_relation,,587,8419,17
587,1,n,甲,False,1,EdgePrediction,R_7b6b1008b48c1115_t542,,,588,8423,17
588,1,n,甲,False,1,EdgePrediction,R_7b6b1008b48c1115_t542,,,589,8423,17
589,1,n,乙,False,1,EdgePrediction,R_cb63a1ebfc31098d_t559,,,590,8429,17
590,1,n,乙,True,1,EdgePrediction,R_cb63a1ebfc31098d_t559,,,591,8433,17
591,1,n,甲,False,0,Abstain,R_b3d8edbd8d7ede57,no_projectable_relation,,592,8433,17
592,1,n,乙,True,1,EdgePrediction,R_cb63a1ebfc31098d_t559,,,593,8437,17
593,1,n,甲,False,1,EdgePrediction,R_7b6b1008b48c1115_t542,,,594,8411,17
594,1,n,乙,False,1,EdgePrediction,R_cb63a1ebfc31098d_t559,,,595,8411,17
595,1,n,甲,False,0,Abstain,R_7b6b1008b48c1115_t542,no_projectable_relation,,596,8411,17
596,1,e,乙,False,0,Abstain,R_0e5d236bf5b42b15,no_projectable_relation,,597,8331,17
597,1,n,甲,False,0,Abstain,R_7b6b1008b48c1115_t542,no_projectable_relation,,598,8279,17
598,1,n,甲,False,0,Abstain,R_b3d8edbd8d7ede57,no_projectable_relation,,599,8279,17
599,1,n,乙,False,1,EdgePrediction,R_cb63a1ebfc31098d_t559,,,600,8279,17
600,1,e,甲,False,1,EdgePrediction,R_8b0d2a6b7293001d,,,601,8279,17
601,1,n,乙,False,1,EdgePrediction,R_cb63a1ebfc31098d_t559,,,602,8263,17
602,1,n,乙,False,1,EdgePrediction,R_cb63a1ebfc31098d_t559,,,603,8263,17
603,1,n,甲,False,1,EdgePrediction,R_7b6b1008b48c1115_t542,,,604,8263,17
604,1,n,乙,False,0,Abstain,R_cb63a1ebfc31098d_t559,no_projectable_relation,,605,8263,17
605,1,n,甲,True,1,EdgePrediction,R_7b6b1008b48c1115_t542,,,606,8221,17
606,1,n,乙,False,1,EdgePrediction,R_cb63a1ebfc31098d_t559,,,607,8221,17
607,1,n,甲,False,0,Abstain,R_b3d8edbd8d7ede57,no_projectable_relation,,608,8221,17
608,1,n,乙,False,1,EdgePrediction,R_cb63a1ebfc31098d_t559,,,609,8221,17
609,1,n,甲,False,1,EdgePrediction,R_7b6b1008b48c1115_t542,,,610,8221,17
610,1,n,乙,False,1,EdgePrediction,R_cb63a1ebfc31098d_t559,,,611,8221,17
611,1,n,甲,False,1,EdgePrediction,R_7b6b1008b48c1115_t542,,,612,8221,17
612,1,n,甲,False,1,EdgePrediction,R_7b6b1008b48c1115_t542,,,613,8239,17
613,1,n,乙,False,1,EdgePrediction,R_cb63a1ebfc31098d_t559,,,614,8239,17
614,1,e,乙,False,1,EdgePrediction,R_0e5d236bf5b42b15,,,615,8241,17
615,1,n,甲,False,1,EdgePrediction,R_7b6b1008b48c1115_t542,,,616,8243,17
616,1,n,乙,False,1,EdgePrediction,R_cb63a1ebfc31098d_t559,,,617,8243,17
617,1,n,甲,False,1,EdgePrediction,R_7b6b1008b48c1115_t542,,,618,8245,17
618,1,n,乙,True,1,EdgePrediction,R_cb63a1ebfc31098d_t559,,,619,8231,17
619,1,n,甲,False,0,Abstain,R_7b6b1008b48c1115_t542,no_projectable_relation,,620,8237,17
620,1,n,乙,False,0,Abstain,R_cb63a1ebfc31098d_t559,no_projectable_relation,,621,8237,17
621,1,n,甲,False,1,EdgePrediction,R_7b6b1008b48c1115_t542,,,622,8237,17
622,1,e,甲,False,0,Abstain,R_8b0d2a6b7293001d,no_projectable_relation,,623,8223,17
623,1,n,乙,False,1,EdgePrediction,R_cb63a1ebfc31098d_t559,,,624,8243,17
624,1,n,甲,False,1,EdgePrediction,R_7b6b1008b48c1115_t542,,,625,8243,17
625,1,e,乙,False,0,Abstain,R_0e5d236bf5b42b15,no_projectable_relation,,626,8243,17
626,1,n,甲,False,0,Abstain,R_7b6b1008b48c1115_t542,no_projectable_relation,,627,8247,17
627,1,e,乙,False,0,Abstain,R_0e5d236bf5b42b15,no_projectable_relation,,628,8771,18
628,1,n,乙,False,1,EdgePrediction,R_cb63a1ebfc31098d_t559,,,629,8773,18
629,1,n,甲,False,1,EdgePrediction,R_7b6b1008b48c1115_t542,,,630,8773,18
630,1,n,乙,False,0,Abstain,R_cb63a1ebfc31098d_t559,no_projectable_relation,,631,8777,18
631,1,n,甲,False,1,EdgePrediction,R_7b6b1008b48c1115_t542,,,632,8779,18
632,1,n,甲,False,1,EdgePrediction,R_7b6b1008b48c1115_t542,,,633,8779,18
633,1,n,乙,False,0,Abstain,R_cb63a1ebfc31098d_t559,no_projectable_relation,,634,8761,18
634,1,n,乙,False,1,EdgePrediction,R_cb63a1ebfc31098d_t559,,,635,8763,18
635,1,n,甲,False,0,Abstain,R_7b6b1008b48c1115_t542,no_projectable_relation,,636,8763,18
636,1,n,甲,False,1,EdgePrediction,R_7b6b1008b48c1115_t542,,,637,8765,18
637,1,n,乙,False,1,EdgePrediction,R_cb63a1ebfc31098d_t559,,,638,8765,18
638,1,n,甲,False,0,Abstain,R_7b6b1008b48c1115_t542,no_projectable_relation,,639,8737,18
639,1,n,乙,False,1,EdgePrediction,R_cb63a1ebfc31098d_t559,,,640,8661,17
640,1,n,甲,False,1,EdgePrediction,R_7b6b1008b48c1115_t542,,,641,8661,17
641,1,n,乙,False,0,Abstain,R_cb63a1ebfc31098d_t559,no_projectable_relation,,642,8629,17
642,1,n,乙,False,0,Abstain,R_cb63a1ebfc31098d_t559,no_projectable_relation,,643,8629,17
643,1,n,甲,False,1,EdgePrediction,R_7b6b1008b48c1115_t542,,,644,8629,17
644,1,n,甲,False,0,Abstain,R_7b6b1008b48c1115_t542,no_projectable_relation,,645,8631,17
645,1,n,乙,False,1,EdgePrediction,R_cb63a1ebfc31098d_t559,,,646,8631,17
646,1,n,乙,False,1,EdgePrediction,R_cb63a1ebfc31098d_t559,,,647,8631,17
647,1,e,甲,False,0,Abstain,R_8b0d2a6b7293001d,no_projectable_relation,,648,8633,17
648,1,e,乙,False,1,EdgePrediction,R_0e5d236bf5b42b15_t627,,,649,8633,17
649,1,n,甲,False,1,EdgePrediction,R_7b6b1008b48c1115_t542,,,650,8633,17
650,1,n,乙,False,1,EdgePrediction,R_cb63a1ebfc31098d_t559,,,651,8633,17
651,1,e,甲,True,1,EdgePrediction,R_8b0d2a6b7293001d,,,652,8633,17
652,1,n,甲,False,1,EdgePrediction,R_7b6b1008b48c1115_t542,,,653,8604,17
653,1,n,乙,False,1,EdgePrediction,R_cb63a1ebfc31098d_t559,,,654,8604,17
654,1,n,甲,False,0,Abstain,R_7b6b1008b48c1115_t542,no_projectable_relation,,655,8604,17
655,1,e,乙,False,0,Abstain,R_0e5d236bf5b42b15_t627,no_projectable_relation,,656,8604,17
656,1,n,乙,False,1,EdgePrediction,R_cb63a1ebfc31098d_t559,,,657,8504,17
657,1,e,甲,True,0,EdgePrediction,R_7b6b1008b48c1115_t542,,選び間違い,658,8984,18
658,1,n,甲,False,1,EdgePrediction,R_7b6b1008b48c1115_t542,,,659,8984,18
659,1,n,乙,False,1,EdgePrediction,R_cb63a1ebfc31098d_t559,,,660,8984,18
660,1,n,乙,False,1,EdgePrediction,R_cb63a1ebfc31098d_t559,,,661,8984,18
661,1,n,甲,False,0,Abstain,R_7b6b1008b48c1115_t542,no_projectable_relation,,662,8984,18
662,1,n,甲,False,1,EdgePrediction,R_7b6b1008b48c1115_t542,,,663,8984,18
663,1,n,乙,False,1,EdgePrediction,R_cb63a1ebfc31098d_t559,,,664,8984,18
664,1,n,甲,True,1,EdgePrediction,R_7b6b1008b48c1115_t542,,,665,8984,18
665,1,n,乙,False,1,EdgePrediction,R_cb63a1ebfc31098d_t559,,,666,8984,18
666,1,n,乙,False,0,Abstain,R_cb63a1ebfc31098d_t559,no_projectable_relation,,667,8984,18
667,1,n,甲,False,0,Abstain,R_b3d8edbd8d7ede57,no_projectable_relation,,668,8984,18
668,1,n,甲,False,1,EdgePrediction,R_7b6b1008b48c1115_t542,,,669,8984,18
669,1,e,乙,False,0,Abstain,R_0e5d236bf5b42b15_t627,no_projectable_relation,,670,8984,18
670,1,n,乙,True,1,EdgePrediction,R_cb63a1ebfc31098d_t559,,,671,8984,18
671,1,e,甲,False,1,EdgePrediction,R_6734a71b4bfa8e9e,,,672,8984,18
672,1,n,甲,False,1,EdgePrediction,R_7b6b1008b48c1115_t542,,,673,8986,18
673,1,e,乙,False,1,EdgePrediction,R_0e5d236bf5b42b15_t627,,,674,9018,18
674,1,n,乙,False,0,Abstain,R_cb63a1ebfc31098d_t559,no_projectable_relation,,675,9018,18
675,1,n,甲,False,1,EdgePrediction,R_7b6b1008b48c1115_t542,,,676,9018,18
676,1,n,甲,False,1,EdgePrediction,R_7b6b1008b48c1115_t542,,,677,9018,18
677,1,e,乙,False,1,EdgePrediction,R_0e5d236bf5b42b15_t627,,,678,9020,18
678,1,n,乙,True,1,EdgePrediction,R_cb63a1ebfc31098d_t559,,,679,9020,18
679,1,n,甲,True,1,EdgePrediction,R_7b6b1008b48c1115_t542,,,680,9022,18
680,1,n,乙,False,0,Abstain,R_cb63a1ebfc31098d_t559,no_projectable_relation,,681,9022,18
681,1,n,甲,False,1,EdgePrediction,R_7b6b1008b48c1115_t542,,,682,9028,18
682,1,e,乙,False,1,EdgePrediction,R_0e5d236bf5b42b15_t627,,,683,9028,18
683,1,n,甲,False,0,Abstain,R_b3d8edbd8d7ede57,no_projectable_relation,,684,9028,18
684,1,n,甲,False,0,Abstain,R_7b6b1008b48c1115_t542,no_projectable_relation,,685,9026,18
685,1,n,乙,False,1,EdgePrediction,R_cb63a1ebfc31098d_t559,,,686,9026,18
686,1,e,乙,False,1,EdgePrediction,R_0e5d236bf5b42b15_t627,,,687,9012,18
687,1,n,甲,False,1,EdgePrediction,R_7b6b1008b48c1115_t542,,,688,9022,18
688,1,n,甲,True,1,EdgePrediction,R_7b6b1008b48c1115_t542,,,689,9022,18
689,1,n,乙,False,0,Abstain,R_cb63a1ebfc31098d_t559,no_projectable_relation,,690,9022,18
690,1,n,甲,False,0,Abstain,R_7b6b1008b48c1115_t542,no_projectable_relation,,691,9022,18
691,1,n,乙,False,0,Abstain,R_cb63a1ebfc31098d_t559,no_projectable_relation,,692,9022,18
692,1,n,乙,False,0,Abstain,R_cb63a1ebfc31098d_t559,no_projectable_relation,,693,9022,18
693,1,n,甲,False,0,Abstain,R_7b6b1008b48c1115_t542,no_projectable_relation,,694,9026,18
694,1,n,甲,False,1,EdgePrediction,R_7b6b1008b48c1115_t542,,,695,8998,18
695,1,n,乙,True,1,EdgePrediction,R_cb63a1ebfc31098d_t559,,,696,8998,18
696,1,n,甲,False,1,EdgePrediction,R_7b6b1008b48c1115_t542,,,697,9002,18
697,1,n,乙,False,0,Abstain,R_cb63a1ebfc31098d_t559,no_projectable_relation,,698,9002,18
698,1,e,甲,False,0,Abstain,R_6734a71b4bfa8e9e,no_projectable_relation,,699,9004,18
699,1,n,乙,False,1,EdgePrediction,R_cb63a1ebfc31098d_t559,,,700,9012,18
700,1,n,乙,True,1,EdgePrediction,R_cb63a1ebfc31098d_t559,,,701,9012,18
701,1,n,甲,False,0,Abstain,R_7b6b1008b48c1115_t542,no_projectable_relation,,702,9012,18
702,1,n,乙,False,1,EdgePrediction,R_cb63a1ebfc31098d_t559,,,703,9014,18
703,1,n,甲,False,1,EdgePrediction,R_7b6b1008b48c1115_t542,,,704,9014,18
704,1,e,甲,False,1,EdgePrediction,R_6734a71b4bfa8e9e,,,705,9030,18
705,1,n,乙,False,0,Abstain,R_cb63a1ebfc31098d_t559,no_projectable_relation,,706,9019,18
706,1,n,乙,True,1,EdgePrediction,R_cb63a1ebfc31098d_t559,,,707,9023,18
707,1,n,甲,False,1,EdgePrediction,R_7b6b1008b48c1115_t542,,,708,9025,18
708,1,n,甲,True,1,EdgePrediction,R_7b6b1008b48c1115_t542,,,709,9025,18
709,1,n,乙,False,0,Abstain,R_cb63a1ebfc31098d_t559,no_projectable_relation,,710,8985,18
710,1,n,甲,False,0,Abstain,R_7b6b1008b48c1115_t542,no_projectable_relation,,711,8985,18
711,1,e,乙,False,1,EdgePrediction,R_0e5d236bf5b42b15_t627,,,712,8985,18
712,1,n,甲,False,1,EdgePrediction,R_7b6b1008b48c1115_t542,,,713,8985,18
713,1,n,乙,False,1,EdgePrediction,R_cb63a1ebfc31098d_t559,,,714,8985,18
714,1,n,甲,False,0,Abstain,R_7b6b1008b48c1115_t542,no_projectable_relation,,715,8985,18
715,1,n,乙,False,0,Abstain,R_cb63a1ebfc31098d_t559,no_projectable_relation,,716,8987,18
716,1,e,甲,False,0,Abstain,R_6734a71b4bfa8e9e,no_projectable_relation,,717,8987,18
717,1,n,乙,False,1,EdgePrediction,R_cb63a1ebfc31098d_t559,,,718,8966,18
718,1,n,甲,False,0,Abstain,R_7b6b1008b48c1115_t542,no_projectable_relation,,719,8968,18
719,1,n,乙,False,0,Abstain,R_cb63a1ebfc31098d_t559,no_projectable_relation,,720,8968,18
720,1,n,乙,False,1,EdgePrediction,R_cb63a1ebfc31098d_t559,,,721,8970,18
721,1,n,甲,False,0,Abstain,R_7b6b1008b48c1115_t542,no_projectable_relation,,722,8970,18
722,1,n,甲,False,1,EdgePrediction,R_7b6b1008b48c1115_t542,,,723,8970,18
723,1,n,乙,False,1,EdgePrediction,R_cb63a1ebfc31098d_t559,,,724,8970,18
724,1,n,乙,False,1,EdgePrediction,R_cb63a1ebfc31098d_t559,,,725,8972,18
725,1,n,甲,False,0,Abstain,R_7b6b1008b48c1115_t542,no_projectable_relation,,726,8972,18
726,1,e,甲,False,0,Abstain,R_6734a71b4bfa8e9e,no_projectable_relation,,727,8972,18
727,1,n,乙,False,1,EdgePrediction,R_cb63a1ebfc31098d_t559,,,728,8972,18
728,1,n,乙,False,0,Abstain,R_cb63a1ebfc31098d_t559,no_projectable_relation,,729,8972,18
729,1,n,甲,False,0,Abstain,R_7b6b1008b48c1115_t542,no_projectable_relation,,730,8972,18
730,1,n,乙,False,0,Abstain,R_cb63a1ebfc31098d_t559,no_projectable_relation,,731,8972,18
731,1,e,甲,False,0,Abstain,R_6734a71b4bfa8e9e,no_projectable_relation,,732,8972,18
732,1,n,乙,False,1,EdgePrediction,R_cb63a1ebfc31098d_t559,,,733,8972,18
733,1,e,甲,False,1,EdgePrediction,R_6734a71b4bfa8e9e,,,734,8988,18
734,1,n,乙,False,1,EdgePrediction,R_cb63a1ebfc31098d_t559,,,735,8988,18
735,1,n,甲,True,1,EdgePrediction,R_7b6b1008b48c1115_t542,,,736,8988,18
736,1,n,甲,False,1,EdgePrediction,R_7b6b1008b48c1115_t542,,,737,8988,18
737,1,n,乙,False,1,EdgePrediction,R_cb63a1ebfc31098d_t559,,,738,8988,18
738,1,n,甲,False,0,Abstain,R_7b6b1008b48c1115_t542,no_projectable_relation,,739,8988,18
739,1,n,乙,False,1,EdgePrediction,R_cb63a1ebfc31098d_t559,,,740,8988,18
740,1,n,乙,False,1,EdgePrediction,R_cb63a1ebfc31098d_t559,,,741,8988,18
741,1,n,甲,False,0,Abstain,R_b3d8edbd8d7ede57,no_projectable_relation,,742,8990,18
742,1,n,乙,False,1,EdgePrediction,R_cb63a1ebfc31098d_t559,,,743,8990,18
743,1,n,甲,False,1,EdgePrediction,R_7b6b1008b48c1115_t542,,,744,8992,18
744,1,n,乙,False,1,EdgePrediction,R_cb63a1ebfc31098d_t559,,,745,8992,18
745,1,n,甲,True,1,EdgePrediction,R_7b6b1008b48c1115_t542,,,746,8992,18
746,1,n,乙,False,0,Abstain,R_cb63a1ebfc31098d_t559,no_projectable_relation,,747,8992,18
747,1,n,甲,False,0,Abstain,R_7b6b1008b48c1115_t542,no_projectable_relation,,748,8992,18
748,1,n,乙,False,1,EdgePrediction,R_cb63a1ebfc31098d_t559,,,749,8992,18
749,1,n,甲,False,0,Abstain,R_7b6b1008b48c1115_t542,no_projectable_relation,,750,8992,18
750,1,n,乙,False,1,EdgePrediction,R_cb63a1ebfc31098d_t559,,,751,8992,18
751,1,n,甲,False,1,EdgePrediction,R_7b6b1008b48c1115_t542,,,752,8992,18
752,1,n,甲,False,1,EdgePrediction,R_7b6b1008b48c1115_t542,,,753,8992,18
753,1,e,乙,False,1,EdgePrediction,R_0e5d236bf5b42b15_t627,,,754,8992,18
754,1,n,乙,False,0,Abstain,R_cb63a1ebfc31098d_t559,no_projectable_relation,,755,8992,18
755,1,n,甲,False,0,Abstain,R_7b6b1008b48c1115_t542,no_projectable_relation,,756,8992,18
756,1,n,乙,False,1,EdgePrediction,R_cb63a1ebfc31098d_t559,,,757,8992,18
757,1,n,甲,False,0,Abstain,R_7b6b1008b48c1115_t542,no_projectable_relation,,758,8994,18
758,1,n,甲,False,1,EdgePrediction,R_7b6b1008b48c1115_t542,,,759,8994,18
759,1,n,乙,False,1,EdgePrediction,R_cb63a1ebfc31098d_t559,,,760,8994,18
760,1,n,乙,False,1,EdgePrediction,R_cb63a1ebfc31098d_t559,,,761,8994,18
761,1,n,甲,False,1,EdgePrediction,R_7b6b1008b48c1115_t542,,,762,8996,18
762,1,n,甲,True,1,EdgePrediction,R_7b6b1008b48c1115_t542,,,763,8982,18
763,1,n,乙,True,1,EdgePrediction,R_cb63a1ebfc31098d_t559,,,764,8984,18
764,1,n,乙,False,1,EdgePrediction,R_cb63a1ebfc31098d_t559,,,765,8906,18
765,1,n,甲,True,1,EdgePrediction,R_7b6b1008b48c1115_t542,,,766,8906,18
766,1,n,乙,False,1,EdgePrediction,R_cb63a1ebfc31098d_t559,,,767,8906,18
767,1,n,甲,False,0,Abstain,R_7b6b1008b48c1115_t542,no_projectable_relation,,768,8906,18
768,1,n,乙,False,0,Abstain,R_cb63a1ebfc31098d_t559,no_projectable_relation,,769,8910,18
769,1,n,甲,False,0,Abstain,R_7b6b1008b48c1115_t542,no_projectable_relation,,770,8910,18
770,1,n,甲,False,1,EdgePrediction,R_7b6b1008b48c1115_t542,,,771,8910,18
771,1,n,乙,False,0,Abstain,R_cb63a1ebfc31098d_t559,no_projectable_relation,,772,8914,18
772,1,n,甲,False,0,Abstain,R_7b6b1008b48c1115_t542,no_projectable_relation,,773,8914,18
773,1,n,乙,False,1,EdgePrediction,R_cb63a1ebfc31098d_t559,,,774,8914,18
774,1,e,乙,False,1,EdgePrediction,R_0e5d236bf5b42b15_t627,,,775,8914,18
775,1,n,甲,False,1,EdgePrediction,R_7b6b1008b48c1115_t542,,,776,8914,18
776,1,n,乙,False,0,Abstain,R_cb63a1ebfc31098d_t559,no_projectable_relation,,777,8914,18
777,1,n,甲,False,0,Abstain,R_7b6b1008b48c1115_t542,no_projectable_relation,,778,8914,18
778,1,n,乙,False,1,EdgePrediction,R_cb63a1ebfc31098d_t559,,,779,8914,18
779,1,n,甲,False,1,EdgePrediction,R_7b6b1008b48c1115_t542,,,780,8914,18
780,1,n,甲,False,0,Abstain,R_b3d8edbd8d7ede57,no_projectable_relation,,781,8914,18
781,1,n,乙,True,1,EdgePrediction,R_cb63a1ebfc31098d_t559,,,782,8914,18
782,1,n,甲,False,0,Abstain,R_7b6b1008b48c1115_t542,no_projectable_relation,,783,8914,18
783,1,e,乙,False,1,EdgePrediction,R_0e5d236bf5b42b15_t627,,,784,8914,18
784,1,n,甲,False,0,Abstain,R_7b6b1008b48c1115_t542,no_projectable_relation,,785,8914,18
785,1,n,乙,True,1,EdgePrediction,R_cb63a1ebfc31098d_t559,,,786,8894,18
786,1,e,乙,False,1,EdgePrediction,R_0e5d236bf5b42b15_t627,,,787,8922,18
787,1,n,甲,False,1,EdgePrediction,R_7b6b1008b48c1115_t542,,,788,8922,18
788,1,n,甲,False,1,EdgePrediction,R_7b6b1008b48c1115_t542,,,789,8922,18
789,1,n,乙,False,0,Abstain,R_cb63a1ebfc31098d_t559,no_projectable_relation,,790,8922,18
790,1,n,乙,False,1,EdgePrediction,R_cb63a1ebfc31098d_t559,,,791,8922,18
791,1,n,甲,False,1,EdgePrediction,R_7b6b1008b48c1115_t542,,,792,8892,18
792,1,e,甲,False,1,EdgePrediction,R_6734a71b4bfa8e9e,,,793,8894,18
793,1,n,乙,False,0,Abstain,R_cb63a1ebfc31098d_t559,no_projectable_relation,,794,8894,18
794,1,n,甲,False,0,Abstain,R_7b6b1008b48c1115_t542,no_projectable_relation,,795,8894,18
795,1,n,乙,False,1,EdgePrediction,R_cb63a1ebfc31098d_t559,,,796,8894,18
796,1,n,甲,False,1,EdgePrediction,R_7b6b1008b48c1115_t542,,,797,8894,18
797,1,n,乙,False,0,Abstain,R_cb63a1ebfc31098d_t559,no_projectable_relation,,798,8894,18
798,1,n,甲,False,1,EdgePrediction,R_7b6b1008b48c1115_t542,,,799,8894,18
799,1,n,乙,False,1,EdgePrediction,R_cb63a1ebfc31098d_t559,,,800,8896,18
800,1,n,甲,False,1,EdgePrediction,R_7b6b1008b48c1115_t542,,,801,8896,18
801,1,n,乙,False,1,EdgePrediction,R_cb63a1ebfc31098d_t559,,,802,8896,18
802,1,n,乙,False,0,Abstain,R_cb63a1ebfc31098d_t559,no_projectable_relation,,803,8896,18
803,1,n,甲,False,1,EdgePrediction,R_7b6b1008b48c1115_t542,,,804,8896,18
804,1,e,乙,False,0,Abstain,R_0e5d236bf5b42b15_t627,no_projectable_relation,,805,8896,18
805,1,e,甲,False,0,Abstain,R_6734a71b4bfa8e9e,no_projectable_relation,,806,8896,18
806,1,n,甲,False,1,EdgePrediction,R_7b6b1008b48c1115_t542,,,807,8896,18
807,1,e,乙,False,1,EdgePrediction,R_0e5d236bf5b42b15_t627,,,808,8849,18
808,1,n,甲,False,0,Abstain,R_7b6b1008b48c1115_t542,no_projectable_relation,,809,8849,18
809,1,n,乙,False,0,Abstain,R_cb63a1ebfc31098d_t559,no_projectable_relation,,810,8835,18
810,1,n,甲,False,0,Abstain,R_b3d8edbd8d7ede57,no_projectable_relation,,811,8837,18
811,1,n,乙,False,1,EdgePrediction,R_cb63a1ebfc31098d_t559,,,812,8823,18
812,1,n,乙,False,0,Abstain,R_cb63a1ebfc31098d_t559,no_projectable_relation,,813,8823,18
813,1,n,甲,False,0,Abstain,R_7b6b1008b48c1115_t542,no_projectable_relation,,814,8823,18
814,1,n,甲,False,1,EdgePrediction,R_7b6b1008b48c1115_t542,,,815,8823,18
815,1,n,乙,False,1,EdgePrediction,R_cb63a1ebfc31098d_t559,,,816,8823,18
816,1,n,甲,False,1,EdgePrediction,R_7b6b1008b48c1115_t542,,,817,8799,18
817,1,n,乙,False,0,Abstain,R_cb63a1ebfc31098d_t559,no_projectable_relation,,818,8799,18
818,1,n,乙,False,1,EdgePrediction,R_cb63a1ebfc31098d_t559,,,819,8799,18
819,1,n,甲,False,1,EdgePrediction,R_7b6b1008b48c1115_t542,,,820,8799,18
820,1,n,甲,True,1,EdgePrediction,R_7b6b1008b48c1115_t542,,,821,8799,18
821,1,n,乙,False,1,EdgePrediction,R_cb63a1ebfc31098d_t559,,,822,8787,18
822,1,n,乙,False,1,EdgePrediction,R_cb63a1ebfc31098d_t559,,,823,8774,18
823,1,n,甲,False,1,EdgePrediction,R_7b6b1008b48c1115_t542,,,824,8774,18
824,1,n,乙,False,0,Abstain,R_cb63a1ebfc31098d_t559,no_projectable_relation,,825,8774,18
825,1,n,甲,False,1,EdgePrediction,R_7b6b1008b48c1115_t542,,,826,8766,18
826,1,n,乙,False,0,Abstain,R_cb63a1ebfc31098d_t559,no_projectable_relation,,827,8766,18
827,1,n,甲,False,1,EdgePrediction,R_7b6b1008b48c1115_t542,,,828,8768,18
828,1,e,甲,False,1,EdgePrediction,R_6734a71b4bfa8e9e,,,829,8768,18
829,1,n,乙,False,0,Abstain,R_cb63a1ebfc31098d_t559,no_projectable_relation,,830,8768,18
830,1,n,甲,False,0,Abstain,R_7b6b1008b48c1115_t542,no_projectable_relation,,831,8738,18
831,1,n,乙,False,0,Abstain,R_cb63a1ebfc31098d_t559,no_projectable_relation,,832,8740,18
832,1,n,甲,False,0,Abstain,R_b3d8edbd8d7ede57,no_projectable_relation,,833,8746,18
833,1,e,乙,False,1,EdgePrediction,R_0e5d236bf5b42b15_t627,,,834,8746,18
834,1,n,甲,True,1,EdgePrediction,R_7b6b1008b48c1115_t542,,,835,8746,18
835,1,n,乙,False,1,EdgePrediction,R_cb63a1ebfc31098d_t559,,,836,8731,18
836,1,n,甲,True,1,EdgePrediction,R_7b6b1008b48c1115_t542,,,837,8731,18
837,1,n,乙,False,1,EdgePrediction,R_cb63a1ebfc31098d_t559,,,838,8731,18
838,1,n,甲,False,1,EdgePrediction,R_7b6b1008b48c1115_t542,,,839,8735,18
839,1,e,乙,False,0,Abstain,R_0e5d236bf5b42b15_t627,no_projectable_relation,,840,8719,18
840,1,e,乙,False,0,Abstain,R_0e5d236bf5b42b15_t627,no_projectable_relation,,841,8719,18
841,1,n,甲,False,0,Abstain,R_7b6b1008b48c1115_t542,no_projectable_relation,,842,8719,18
842,1,n,乙,False,1,EdgePrediction,R_cb63a1ebfc31098d_t559,,,843,8585,18
843,1,n,甲,False,0,Abstain,R_7b6b1008b48c1115_t542,no_projectable_relation,,844,8589,18
844,1,n,甲,True,1,EdgePrediction,R_7b6b1008b48c1115_t542,,,845,8589,18
845,1,n,乙,False,1,EdgePrediction,R_cb63a1ebfc31098d_t559,,,846,8589,18
846,1,n,甲,False,0,Abstain,R_7b6b1008b48c1115_t542,no_projectable_relation,,847,8589,18
847,1,n,乙,False,1,EdgePrediction,R_cb63a1ebfc31098d_t559,,,848,8591,18
848,1,n,乙,False,1,EdgePrediction,R_cb63a1ebfc31098d_t559,,,849,8595,18
849,1,e,甲,True,0,Abstain,R_6734a71b4bfa8e9e,no_projectable_relation,,850,8595,18
850,1,n,乙,False,1,EdgePrediction,R_cb63a1ebfc31098d_t559,,,851,8580,18
851,1,n,甲,False,1,EdgePrediction,R_7b6b1008b48c1115_t542,,,852,8580,18
852,1,e,甲,False,0,Abstain,R_6734a71b4bfa8e9e,no_projectable_relation,,853,8696,18
853,1,n,乙,False,1,EdgePrediction,R_cb63a1ebfc31098d_t559,,,854,8610,18
854,1,n,乙,False,1,EdgePrediction,R_cb63a1ebfc31098d_t559,,,855,8612,18
855,1,n,甲,False,0,Abstain,R_7b6b1008b48c1115_t542,no_projectable_relation,,856,8594,18
856,1,n,甲,False,0,Abstain,R_7b6b1008b48c1115_t542,no_projectable_relation,,857,8596,18
857,1,n,乙,False,1,EdgePrediction,R_cb63a1ebfc31098d_t559,,,858,8598,18
858,1,e,甲,False,1,EdgePrediction,R_6734a71b4bfa8e9e,,,859,8609,18
859,1,n,乙,False,0,Abstain,R_cb63a1ebfc31098d_t559,no_projectable_relation,,860,8609,18
860,1,n,乙,False,1,EdgePrediction,R_cb63a1ebfc31098d_t559,,,861,8611,18
861,1,n,甲,True,1,EdgePrediction,R_7b6b1008b48c1115_t542,,,862,8613,18
862,1,n,乙,False,1,EdgePrediction,R_cb63a1ebfc31098d_t559,,,863,8593,18
863,1,e,甲,False,1,EdgePrediction,R_6734a71b4bfa8e9e,,,864,8613,18
864,1,n,乙,False,1,EdgePrediction,R_cb63a1ebfc31098d_t559,,,865,8598,18
865,1,n,甲,False,0,Abstain,R_7b6b1008b48c1115_t542,no_projectable_relation,,866,8598,18
866,1,e,甲,False,1,EdgePrediction,R_6734a71b4bfa8e9e,,,867,8602,18
867,1,n,乙,False,1,EdgePrediction,R_cb63a1ebfc31098d_t559,,,868,8606,18
868,1,n,甲,False,1,EdgePrediction,R_7b6b1008b48c1115_t542,,,869,8606,18
869,1,n,乙,False,1,EdgePrediction,R_cb63a1ebfc31098d_t559,,,870,8571,18
870,1,n,乙,False,1,EdgePrediction,R_cb63a1ebfc31098d_t559,,,871,8571,18
871,1,n,甲,False,0,Abstain,R_7b6b1008b48c1115_t542,no_projectable_relation,,872,8573,18
872,1,n,乙,False,1,EdgePrediction,R_cb63a1ebfc31098d_t559,,,873,8575,18
873,1,n,甲,False,1,EdgePrediction,R_7b6b1008b48c1115_t542,,,874,8577,18
874,1,e,甲,False,1,EdgePrediction,R_6734a71b4bfa8e9e,,,875,8577,18
875,1,n,乙,False,1,EdgePrediction,R_cb63a1ebfc31098d_t559,,,876,8581,18
876,1,e,乙,False,1,EdgePrediction,R_0e5d236bf5b42b15_t627,,,877,8581,18
877,1,n,甲,False,1,EdgePrediction,R_7b6b1008b48c1115_t542,,,878,8566,18
878,1,n,乙,False,1,EdgePrediction,R_cb63a1ebfc31098d_t559,,,879,8530,18
879,1,n,甲,False,1,EdgePrediction,R_7b6b1008b48c1115_t542,,,880,8530,18
880,1,n,甲,False,0,Abstain,R_7b6b1008b48c1115_t542,no_projectable_relation,,881,8449,18
881,1,n,乙,False,1,EdgePrediction,R_cb63a1ebfc31098d_t559,,,882,8449,18
882,1,e,甲,False,1,EdgePrediction,R_6734a71b4bfa8e9e,,,883,8460,18
883,1,e,乙,False,0,Abstain,R_0e5d236bf5b42b15_t627,no_projectable_relation,,884,8462,18
884,1,e,甲,True,0,Abstain,R_6734a71b4bfa8e9e,no_projectable_relation,,885,8462,18
885,1,n,乙,False,1,EdgePrediction,R_cb63a1ebfc31098d_t559,,,886,8462,18
886,1,n,甲,False,1,EdgePrediction,R_7b6b1008b48c1115_t542,,,887,8462,18
887,1,n,乙,False,1,EdgePrediction,R_cb63a1ebfc31098d_t559,,,888,8462,18
888,1,n,甲,False,1,EdgePrediction,R_7b6b1008b48c1115_t542,,,889,8462,18
889,1,e,乙,False,1,EdgePrediction,R_0e5d236bf5b42b15_t627,,,890,8462,18
890,1,n,甲,False,0,Abstain,R_b3d8edbd8d7ede57,no_projectable_relation,,891,8462,18
891,1,n,乙,False,1,EdgePrediction,R_cb63a1ebfc31098d_t559,,,892,8462,18
892,1,n,乙,False,1,EdgePrediction,R_cb63a1ebfc31098d_t559,,,893,8462,18
893,1,n,甲,True,1,EdgePrediction,R_7b6b1008b48c1115_t542,,,894,8462,18
894,1,n,乙,False,1,EdgePrediction,R_cb63a1ebfc31098d_t559,,,895,8462,18
895,1,n,甲,False,0,Abstain,R_7b6b1008b48c1115_t542,no_projectable_relation,,896,8462,18
896,1,e,乙,False,1,EdgePrediction,R_0e5d236bf5b42b15_t627,,,897,8462,18
897,1,e,甲,False,1,EdgePrediction,R_6734a71b4bfa8e9e,,,898,8482,18
898,1,e,甲,False,0,Abstain,R_6734a71b4bfa8e9e,no_projectable_relation,,899,8887,19
899,1,n,乙,False,0,Abstain,R_cb63a1ebfc31098d_t559,no_projectable_relation,,900,8887,19
900,1,n,乙,False,1,EdgePrediction,R_cb63a1ebfc31098d_t559,,,901,8887,19
901,1,n,甲,False,1,EdgePrediction,R_7b6b1008b48c1115_t542,,,902,8887,19
902,1,n,甲,False,0,Abstain,R_b3d8edbd8d7ede57,no_projectable_relation,,903,8872,19
903,1,n,乙,False,1,EdgePrediction,R_cb63a1ebfc31098d_t559,,,904,8872,19
904,1,e,乙,False,1,EdgePrediction,R_0e5d236bf5b42b15_t627,,,905,8872,19
905,1,n,甲,False,0,Abstain,R_7b6b1008b48c1115_t542,no_projectable_relation,,906,8872,19
906,1,n,甲,True,1,EdgePrediction,R_7b6b1008b48c1115_t542,,,907,8872,19
907,1,n,乙,False,0,Abstain,R_cb63a1ebfc31098d_t559,no_projectable_relation,,908,8872,19
908,1,n,甲,False,0,Abstain,R_7b6b1008b48c1115_t542,no_projectable_relation,,909,8872,19
909,1,e,乙,False,1,EdgePrediction,R_0e5d236bf5b42b15_t627,,,910,8808,19
910,1,n,甲,False,1,EdgePrediction,R_7b6b1008b48c1115_t542,,,911,8808,19
911,1,n,乙,False,0,Abstain,R_cb63a1ebfc31098d_t559,no_projectable_relation,,912,8808,19
912,1,n,甲,False,0,Abstain,R_b3d8edbd8d7ede57,no_projectable_relation,,913,8808,19
913,1,e,乙,False,1,EdgePrediction,R_0e5d236bf5b42b15_t627,,,914,8800,19
914,1,n,乙,False,1,EdgePrediction,R_cb63a1ebfc31098d_t559,,,915,8800,19
915,1,e,甲,False,1,EdgePrediction,R_5ccd1331eec89856_t898,,,916,8755,19
916,1,n,甲,False,1,EdgePrediction,R_7b6b1008b48c1115_t542,,,917,8755,19
917,1,e,乙,False,1,EdgePrediction,R_0e5d236bf5b42b15_t627,,,918,8757,19
918,1,n,甲,False,1,EdgePrediction,R_7b6b1008b48c1115_t542,,,919,8744,19
919,1,n,乙,False,1,EdgePrediction,R_cb63a1ebfc31098d_t559,,,920,8727,19
920,1,n,甲,True,1,EdgePrediction,R_7b6b1008b48c1115_t542,,,921,8727,19
921,1,n,乙,False,1,EdgePrediction,R_cb63a1ebfc31098d_t559,,,922,8727,19
922,1,n,乙,False,1,EdgePrediction,R_cb63a1ebfc31098d_t559,,,923,8727,19
923,1,e,甲,False,0,Abstain,R_5ccd1331eec89856_t898,no_projectable_relation,,924,8727,19
924,1,n,乙,False,1,EdgePrediction,R_cb63a1ebfc31098d_t559,,,925,8727,19
925,1,n,甲,False,0,Abstain,R_7b6b1008b48c1115_t542,no_projectable_relation,,926,8727,19
926,1,n,甲,False,0,Abstain,R_7b6b1008b48c1115_t542,no_projectable_relation,,927,8727,19
927,1,n,乙,False,0,Abstain,R_cb63a1ebfc31098d_t559,no_projectable_relation,,928,8727,19
928,1,n,乙,False,1,EdgePrediction,R_cb63a1ebfc31098d_t559,,,929,8712,19
929,1,e,甲,False,1,EdgePrediction,R_5ccd1331eec89856_t898,,,930,8828,19
930,1,e,甲,True,0,Abstain,R_6734a71b4bfa8e9e,no_projectable_relation,,931,8858,19
931,1,n,乙,False,1,EdgePrediction,R_cb63a1ebfc31098d_t559,,,932,8858,19
932,1,n,乙,False,0,Abstain,R_cb63a1ebfc31098d_t559,no_projectable_relation,,933,8858,19
933,1,n,甲,False,1,EdgePrediction,R_7b6b1008b48c1115_t542,,,934,8858,19
934,1,n,乙,False,0,Abstain,R_cb63a1ebfc31098d_t559,no_projectable_relation,,935,8858,19
935,1,n,甲,True,1,EdgePrediction,R_7b6b1008b48c1115_t542,,,936,8858,19
936,1,n,乙,False,0,Abstain,R_cb63a1ebfc31098d_t559,no_projectable_relation,,937,8858,19
937,1,n,甲,False,0,Abstain,R_7b6b1008b48c1115_t542,no_projectable_relation,,938,8858,19
938,1,n,乙,False,1,EdgePrediction,R_cb63a1ebfc31098d_t559,,,939,8858,19
939,1,n,甲,False,0,Abstain,R_7b6b1008b48c1115_t542,no_projectable_relation,,940,8858,19
940,1,n,甲,False,1,EdgePrediction,R_7b6b1008b48c1115_t542,,,941,8858,19
941,1,n,乙,False,1,EdgePrediction,R_cb63a1ebfc31098d_t559,,,942,8858,19
942,1,n,乙,False,0,Abstain,R_cb63a1ebfc31098d_t559,no_projectable_relation,,943,8858,19
943,1,n,甲,False,0,Abstain,R_7b6b1008b48c1115_t542,no_projectable_relation,,944,8858,19
944,1,n,甲,True,1,EdgePrediction,R_7b6b1008b48c1115_t542,,,945,8858,19
945,1,n,乙,False,1,EdgePrediction,R_cb63a1ebfc31098d_t559,,,946,8626,18
946,1,n,乙,False,1,EdgePrediction,R_cb63a1ebfc31098d_t559,,,947,8626,18
947,1,e,甲,False,0,Abstain,R_5ccd1331eec89856_t898,no_projectable_relation,,948,8615,18
948,1,e,乙,False,1,EdgePrediction,R_0e5d236bf5b42b15_t627,,,949,8615,18
949,1,n,甲,False,0,Abstain,R_b3d8edbd8d7ede57,no_projectable_relation,,950,8615,18
950,1,e,乙,False,1,EdgePrediction,R_0e5d236bf5b42b15_t627,,,951,8619,18
951,1,n,甲,False,1,EdgePrediction,R_7b6b1008b48c1115_t542,,,952,8619,18
952,1,n,乙,False,1,EdgePrediction,R_cb63a1ebfc31098d_t559,,,953,8619,18
953,1,n,甲,False,0,Abstain,R_b3d8edbd8d7ede57,no_projectable_relation,,954,8619,18
954,1,e,乙,False,1,EdgePrediction,R_0e5d236bf5b42b15_t627,,,955,8619,18
955,1,e,甲,False,0,Abstain,R_5ccd1331eec89856_t898,no_projectable_relation,,956,8619,18
956,1,n,乙,True,1,EdgePrediction,R_cb63a1ebfc31098d_t559,,,957,8619,18
957,1,n,甲,False,1,EdgePrediction,R_7b6b1008b48c1115_t542,,,958,8619,18
958,1,n,甲,False,1,EdgePrediction,R_7b6b1008b48c1115_t542,,,959,8619,18
959,1,n,乙,False,0,Abstain,R_cb63a1ebfc31098d_t559,no_projectable_relation,,960,8619,18
960,1,n,甲,False,0,Abstain,R_7b6b1008b48c1115_t542,no_projectable_relation,,961,8619,18
961,1,n,乙,False,1,EdgePrediction,R_cb63a1ebfc31098d_t559,,,962,8619,18
962,1,n,乙,False,1,EdgePrediction,R_cb63a1ebfc31098d_t559,,,963,8619,18
963,1,n,甲,False,0,Abstain,R_b3d8edbd8d7ede57,no_projectable_relation,,964,8619,18
964,1,n,甲,False,0,Abstain,R_7b6b1008b48c1115_t542,no_projectable_relation,,965,8619,18
965,1,n,乙,False,1,EdgePrediction,R_cb63a1ebfc31098d_t559,,,966,8619,18
966,1,n,甲,False,1,EdgePrediction,R_7b6b1008b48c1115_t542,,,967,8619,18
967,1,n,乙,True,1,EdgePrediction,R_cb63a1ebfc31098d_t559,,,968,8619,18
968,1,n,甲,False,0,Abstain,R_7b6b1008b48c1115_t542,no_projectable_relation,,969,8619,18
969,1,n,乙,False,1,EdgePrediction,R_cb63a1ebfc31098d_t559,,,970,8551,18
970,1,n,乙,False,1,EdgePrediction,R_cb63a1ebfc31098d_t559,,,971,8551,18
971,1,n,甲,True,1,EdgePrediction,R_7b6b1008b48c1115_t542,,,972,8551,18
972,1,n,乙,False,1,EdgePrediction,R_cb63a1ebfc31098d_t559,,,973,8551,18
973,1,n,甲,False,1,EdgePrediction,R_7b6b1008b48c1115_t542,,,974,8551,18
974,1,n,甲,False,1,EdgePrediction,R_7b6b1008b48c1115_t542,,,975,8551,18
975,1,e,乙,False,1,EdgePrediction,R_0e5d236bf5b42b15_t627,,,976,8551,18
976,1,n,甲,False,0,Abstain,R_7b6b1008b48c1115_t542,no_projectable_relation,,977,8482,18
977,1,n,乙,False,1,EdgePrediction,R_cb63a1ebfc31098d_t559,,,978,8482,18
978,1,e,甲,False,0,Abstain,R_5ccd1331eec89856_t898,no_projectable_relation,,979,8482,18
979,1,n,乙,False,0,Abstain,R_cb63a1ebfc31098d_t559,no_projectable_relation,,980,8482,18
980,1,n,甲,False,0,Abstain,R_7b6b1008b48c1115_t542,no_projectable_relation,,981,8449,18
981,1,n,乙,False,0,Abstain,R_cb63a1ebfc31098d_t559,no_projectable_relation,,982,8449,18
982,1,n,乙,False,1,EdgePrediction,R_cb63a1ebfc31098d_t559,,,983,8449,18
983,1,n,甲,False,0,Abstain,R_7b6b1008b48c1115_t542,no_projectable_relation,,984,8449,18
984,1,n,甲,False,1,EdgePrediction,R_7b6b1008b48c1115_t542,,,985,8449,18
985,1,n,乙,False,1,EdgePrediction,R_cb63a1ebfc31098d_t559,,,986,8449,18
986,1,n,乙,True,1,EdgePrediction,R_cb63a1ebfc31098d_t559,,,987,8449,18
987,1,n,甲,False,1,EdgePrediction,R_7b6b1008b48c1115_t542,,,988,8449,18
988,1,n,乙,False,1,EdgePrediction,R_cb63a1ebfc31098d_t559,,,989,8449,18
989,1,n,甲,False,1,EdgePrediction,R_7b6b1008b48c1115_t542,,,990,8449,18
990,1,n,甲,False,0,Abstain,R_7b6b1008b48c1115_t542,no_projectable_relation,,991,8449,18
991,1,n,乙,False,0,Abstain,R_cb63a1ebfc31098d_t559,no_projectable_relation,,992,8449,18
992,1,e,甲,False,0,Abstain,R_5ccd1331eec89856_t898,no_projectable_relation,,993,8449,18
993,1,n,乙,False,1,EdgePrediction,R_cb63a1ebfc31098d_t559,,,994,8449,18
994,1,n,甲,False,0,Abstain,R_7b6b1008b48c1115_t542,no_projectable_relation,,995,8449,18
995,1,n,乙,False,0,Abstain,R_cb63a1ebfc31098d_t559,no_projectable_relation,,996,8449,18
996,1,n,乙,True,1,EdgePrediction,R_cb63a1ebfc31098d_t559,,,997,8449,18
997,1,n,甲,False,0,Abstain,R_b3d8edbd8d7ede57,no_projectable_relation,,998,8449,18
998,1,n,甲,True,1,EdgePrediction,R_7b6b1008b48c1115_t542,,,999,8449,18
999,1,n,乙,False,1,EdgePrediction,R_cb63a1ebfc31098d_t559,,,1000,8449,18
1000,1,n,甲,False,0,Abstain,R_7b6b1008b48c1115_t542,no_projectable_relation,,1001,8449,18
1001,1,n,乙,False,0,Abstain,R_cb63a1ebfc31098d_t559,no_projectable_relation,,1002,8449,18
1002,1,n,甲,False,1,EdgePrediction,R_7b6b1008b48c1115_t542,,,1003,8449,18
1003,1,n,乙,False,0,Abstain,R_cb63a1ebfc31098d_t559,no_projectable_relation,,1004,8449,18
1004,1,n,甲,False,1,EdgePrediction,R_7b6b1008b48c1115_t542,,,1005,8449,18
1005,1,n,乙,False,1,EdgePrediction,R_cb63a1ebfc31098d_t559,,,1006,8449,18
1006,1,n,甲,False,1,EdgePrediction,R_7b6b1008b48c1115_t542,,,1007,8449,18
1007,1,e,乙,False,1,EdgePrediction,R_0e5d236bf5b42b15_t627,,,1008,8449,18
1008,1,n,乙,False,0,Abstain,R_cb63a1ebfc31098d_t559,no_projectable_relation,,1009,8449,18
1009,1,e,甲,False,0,Abstain,R_5ccd1331eec89856_t898,no_projectable_relation,,1010,8394,18
1010,1,n,甲,False,1,EdgePrediction,R_7b6b1008b48c1115_t542,,,1011,8338,18
1011,1,n,乙,False,1,EdgePrediction,R_cb63a1ebfc31098d_t559,,,1012,8338,18
1012,1,e,乙,False,1,EdgePrediction,R_0e5d236bf5b42b15_t627,,,1013,8338,18
1013,1,n,甲,False,1,EdgePrediction,R_7b6b1008b48c1115_t542,,,1014,8338,18
1014,1,n,乙,False,1,EdgePrediction,R_cb63a1ebfc31098d_t559,,,1015,8338,18
1015,1,n,甲,True,1,EdgePrediction,R_7b6b1008b48c1115_t542,,,1016,8338,18
1016,1,e,乙,False,1,EdgePrediction,R_0e5d236bf5b42b15_t627,,,1017,8338,18
1017,1,n,甲,False,1,EdgePrediction,R_7b6b1008b48c1115_t542,,,1018,8338,18
1018,1,e,甲,False,0,Abstain,R_6734a71b4bfa8e9e,no_projectable_relation,,1019,8338,18
1019,1,n,乙,False,1,EdgePrediction,R_cb63a1ebfc31098d_t559,,,1020,8338,18
1020,1,e,乙,False,1,EdgePrediction,R_0e5d236bf5b42b15_t627,,,1021,8348,18
1021,1,e,甲,False,1,EdgePrediction,R_5ccd1331eec89856_t898,,,1022,8362,18
1022,1,n,甲,False,0,Abstain,R_7b6b1008b48c1115_t542,no_projectable_relation,,1023,8372,18
1023,1,n,乙,False,1,EdgePrediction,R_cb63a1ebfc31098d_t559,,,1024,8372,18
1024,1,n,甲,False,1,EdgePrediction,R_7b6b1008b48c1115_t542,,,1025,8372,18
1025,1,n,乙,False,1,EdgePrediction,R_cb63a1ebfc31098d_t559,,,1026,8372,18
1026,1,n,甲,False,0,Abstain,R_7b6b1008b48c1115_t542,no_projectable_relation,,1027,8372,18
1027,1,n,乙,False,1,EdgePrediction,R_cb63a1ebfc31098d_t559,,,1028,8372,18
1028,1,n,甲,False,1,EdgePrediction,R_7b6b1008b48c1115_t542,,,1029,8372,18
1029,1,n,乙,False,0,Abstain,R_cb63a1ebfc31098d_t559,no_projectable_relation,,1030,8372,18
1030,1,n,乙,False,1,EdgePrediction,R_cb63a1ebfc31098d_t559,,,1031,8372,18
1031,1,n,甲,False,1,EdgePrediction,R_7b6b1008b48c1115_t542,,,1032,8372,18
1032,1,n,乙,False,0,Abstain,R_cb63a1ebfc31098d_t559,no_projectable_relation,,1033,8372,18
1033,1,n,甲,False,1,EdgePrediction,R_7b6b1008b48c1115_t542,,,1034,8372,18
1034,1,n,乙,False,1,EdgePrediction,R_cb63a1ebfc31098d_t559,,,1035,8372,18
1035,1,n,甲,False,1,EdgePrediction,R_7b6b1008b48c1115_t542,,,1036,8372,18
1036,1,e,乙,False,0,Abstain,R_0e5d236bf5b42b15_t627,no_projectable_relation,,1037,8372,18
1037,1,n,甲,False,0,Abstain,R_7b6b1008b48c1115_t542,no_projectable_relation,,1038,8372,18
1038,1,n,乙,False,0,Abstain,R_cb63a1ebfc31098d_t559,no_projectable_relation,,1039,8372,18
1039,1,n,甲,False,0,Abstain,R_7b6b1008b48c1115_t542,no_projectable_relation,,1040,8372,18
1040,1,n,甲,False,0,Abstain,R_7b6b1008b48c1115_t542,no_projectable_relation,,1041,8300,18
1041,1,n,乙,False,0,Abstain,R_cb63a1ebfc31098d_t559,no_projectable_relation,,1042,8300,18
1042,1,n,甲,False,1,EdgePrediction,R_7b6b1008b48c1115_t542,,,1043,8300,18
1043,1,n,乙,False,1,EdgePrediction,R_cb63a1ebfc31098d_t559,,,1044,8300,18
1044,1,e,甲,False,1,EdgePrediction,R_5ccd1331eec89856_t898,,,1045,8300,18
1045,1,e,乙,False,1,EdgePrediction,R_0e5d236bf5b42b15_t627,,,1046,8300,18
1046,1,n,乙,False,1,EdgePrediction,R_cb63a1ebfc31098d_t559,,,1047,8300,18
1047,1,n,甲,True,1,EdgePrediction,R_7b6b1008b48c1115_t542,,,1048,8300,18
1048,1,n,乙,False,0,Abstain,R_cb63a1ebfc31098d_t559,no_projectable_relation,,1049,8300,18
1049,1,n,甲,False,0,Abstain,R_7b6b1008b48c1115_t542,no_projectable_relation,,1050,8300,18
1050,1,n,甲,False,0,Abstain,R_7b6b1008b48c1115_t542,no_projectable_relation,,1051,8302,18
1051,1,n,乙,False,1,EdgePrediction,R_cb63a1ebfc31098d_t559,,,1052,8302,18
1052,1,n,甲,False,0,Abstain,R_7b6b1008b48c1115_t542,no_projectable_relation,,1053,8302,18
1053,1,e,乙,False,1,EdgePrediction,R_0e5d236bf5b42b15_t627,,,1054,8302,18
1054,1,n,甲,False,1,EdgePrediction,R_7b6b1008b48c1115_t542,,,1055,8302,18
1055,1,e,乙,False,1,EdgePrediction,R_0e5d236bf5b42b15_t627,,,1056,8302,18
1056,1,n,乙,False,1,EdgePrediction,R_cb63a1ebfc31098d_t559,,,1057,8304,18
1057,1,n,甲,False,1,EdgePrediction,R_7b6b1008b48c1115_t542,,,1058,8176,18
1058,1,n,乙,False,1,EdgePrediction,R_cb63a1ebfc31098d_t559,,,1059,8176,18
1059,1,n,甲,False,1,EdgePrediction,R_7b6b1008b48c1115,,,1060,8220,18
1060,1,n,甲,False,0,Abstain,R_7b6b1008b48c1115_t542,no_projectable_relation,,1061,8742,19
1061,1,n,乙,True,1,EdgePrediction,R_cb63a1ebfc31098d_t559,,,1062,8744,19
1062,1,n,甲,False,1,EdgePrediction,R_7b6b1008b48c1115_t1060,,,1063,8744,19
1063,1,n,乙,True,1,EdgePrediction,R_cb63a1ebfc31098d_t559,,,1064,8746,19
1064,1,n,乙,True,1,EdgePrediction,R_cb63a1ebfc31098d_t559,,,1065,8746,19
1065,1,n,甲,False,1,EdgePrediction,R_7b6b1008b48c1115_t1060,,,1066,8778,19
1066,1,n,甲,False,0,Abstain,R_7b6b1008b48c1115_t1060,no_projectable_relation,,1067,8780,19
1067,1,n,乙,False,1,EdgePrediction,R_cb63a1ebfc31098d_t559,,,1068,8780,19
1068,1,e,乙,False,1,EdgePrediction,R_0e5d236bf5b42b15_t627,,,1069,8767,19
1069,1,e,甲,False,0,Abstain,R_5ccd1331eec89856_t898,no_projectable_relation,,1070,8771,19
1070,1,n,甲,False,1,EdgePrediction,R_7b6b1008b48c1115_t1060,,,1071,8773,19
1071,1,n,乙,False,1,EdgePrediction,R_cb63a1ebfc31098d_t559,,,1072,8775,19
1072,1,n,甲,False,1,EdgePrediction,R_7b6b1008b48c1115_t1060,,,1073,8775,19
1073,1,e,乙,False,0,Abstain,R_0e5d236bf5b42b15_t627,no_projectable_relation,,1074,8645,19
1074,1,n,甲,False,1,EdgePrediction,R_7b6b1008b48c1115_t1060,,,1075,8628,19
1075,1,n,乙,False,0,Abstain,R_cb63a1ebfc31098d_t559,no_projectable_relation,,1076,9152,20
1076,1,n,甲,False,1,EdgePrediction,R_7b6b1008b48c1115_t1060,,,1077,9158,20
1077,1,n,乙,False,1,EdgePrediction,R_cb63a1ebfc31098d_t1075,,,1078,9158,20
1078,1,e,甲,False,1,EdgePrediction,R_5ccd1331eec89856_t898,,,1079,9160,20
1079,1,n,乙,False,1,EdgePrediction,R_cb63a1ebfc31098d_t1075,,,1080,9192,20
1080,1,n,甲,False,1,EdgePrediction,R_7b6b1008b48c1115_t1060,,,1081,9194,20
1081,1,n,乙,False,1,EdgePrediction,R_cb63a1ebfc31098d_t1075,,,1082,9198,20
1082,1,n,乙,False,0,Abstain,R_cb63a1ebfc31098d_t1075,no_projectable_relation,,1083,9198,20
1083,1,n,甲,False,1,EdgePrediction,R_7b6b1008b48c1115_t1060,,,1084,9200,20
1084,1,n,甲,False,1,EdgePrediction,R_7b6b1008b48c1115_t1060,,,1085,9200,20
1085,1,n,乙,False,1,EdgePrediction,R_cb63a1ebfc31098d_t1075,,,1086,9202,20
1086,1,n,乙,False,1,EdgePrediction,R_cb63a1ebfc31098d_t1075,,,1087,9228,20
1087,1,e,甲,False,0,Abstain,R_5ccd1331eec89856_t898,no_projectable_relation,,1088,9300,20
1088,1,n,乙,False,1,EdgePrediction,R_cb63a1ebfc31098d_t1075,,,1089,9304,20
1089,1,n,甲,False,1,EdgePrediction,R_7b6b1008b48c1115_t1060,,,1090,9304,20
1090,1,n,乙,False,1,EdgePrediction,R_cb63a1ebfc31098d_t1075,,,1091,9306,20
1091,1,n,甲,False,1,EdgePrediction,R_7b6b1008b48c1115_t1060,,,1092,9264,20
1092,1,e,乙,False,1,EdgePrediction,R_0e5d236bf5b42b15_t627,,,1093,9264,20
1093,1,n,甲,False,1,EdgePrediction,R_7b6b1008b48c1115_t1060,,,1094,9264,20
1094,1,n,甲,True,1,EdgePrediction,R_7b6b1008b48c1115_t1060,,,1095,9286,20
1095,1,n,乙,False,1,EdgePrediction,R_cb63a1ebfc31098d_t1075,,,1096,9288,20
1096,1,n,乙,False,0,Abstain,R_cb63a1ebfc31098d_t1075,no_projectable_relation,,1097,9288,20
1097,1,n,甲,True,1,EdgePrediction,R_7b6b1008b48c1115_t1060,,,1098,9238,20
1098,1,e,甲,False,1,EdgePrediction,R_5ccd1331eec89856_t898,,,1099,9238,20
1099,1,n,乙,False,1,EdgePrediction,R_cb63a1ebfc31098d_t1075,,,1100,9023,19
1100,1,n,乙,False,1,EdgePrediction,R_cb63a1ebfc31098d_t1075,,,1101,9023,19
1101,1,n,甲,False,1,EdgePrediction,R_7b6b1008b48c1115_t1060,,,1102,8970,19
1102,1,e,甲,False,1,EdgePrediction,R_5ccd1331eec89856_t898,,,1103,9024,19
1103,1,n,乙,False,1,EdgePrediction,R_cb63a1ebfc31098d_t1075,,,1104,9024,19
1104,1,n,乙,False,0,Abstain,R_cb63a1ebfc31098d_t1075,no_projectable_relation,,1105,9020,19
1105,1,n,甲,False,1,EdgePrediction,R_7b6b1008b48c1115_t1060,,,1106,9026,19
1106,1,e,甲,False,0,Abstain,R_5ccd1331eec89856_t898,no_projectable_relation,,1107,9048,19
1107,1,e,乙,False,1,EdgePrediction,R_0e5d236bf5b42b15_t627,,,1108,9052,19
1108,1,n,乙,False,1,EdgePrediction,R_cb63a1ebfc31098d_t1075,,,1109,9056,19
1109,1,n,甲,False,1,EdgePrediction,R_7b6b1008b48c1115_t1060,,,1110,9056,19
1110,1,n,乙,False,1,EdgePrediction,R_cb63a1ebfc31098d_t1075,,,1111,9058,19
1111,1,e,甲,False,0,Abstain,R_5ccd1331eec89856_t898,no_projectable_relation,,1112,9538,20
1112,1,e,甲,True,0,Abstain,R_6734a71b4bfa8e9e,no_projectable_relation,,1113,9538,20
1113,1,n,乙,False,1,EdgePrediction,R_cb63a1ebfc31098d_t1075,,,1114,9480,20
1114,1,n,乙,False,0,Abstain,R_cb63a1ebfc31098d_t1075,no_projectable_relation,,1115,9454,20
1115,1,n,甲,False,0,Abstain,R_7b6b1008b48c1115_t1060,no_projectable_relation,,1116,9454,20
1116,1,n,乙,False,1,EdgePrediction,R_cb63a1ebfc31098d_t1075,,,1117,9440,20
1117,1,n,甲,False,0,Abstain,R_7b6b1008b48c1115_t1060,no_projectable_relation,,1118,9442,20
1118,1,n,甲,False,1,EdgePrediction,R_7b6b1008b48c1115_t1060,,,1119,9442,20
1119,1,e,乙,False,0,Abstain,R_0e5d236bf5b42b15_t627,no_projectable_relation,,1120,9403,20
1120,1,n,乙,False,0,Abstain,R_cb63a1ebfc31098d_t1075,no_projectable_relation,,1121,9403,20
1121,1,n,甲,False,1,EdgePrediction,R_7b6b1008b48c1115_t1060,,,1122,9389,20
1122,1,n,乙,False,1,EdgePrediction,R_cb63a1ebfc31098d_t1075,,,1123,9389,20
1123,1,e,甲,False,1,EdgePrediction,R_2616bfa67113bd38,,,1124,9401,20
1124,1,n,乙,False,1,EdgePrediction,R_cb63a1ebfc31098d_t1075,,,1125,9403,20
1125,1,n,甲,False,1,EdgePrediction,R_7b6b1008b48c1115_t1060,,,1126,9403,20
1126,1,n,甲,False,0,Abstain,R_7b6b1008b48c1115_t1060,no_projectable_relation,,1127,9403,20
1127,1,n,乙,False,0,Abstain,R_cb63a1ebfc31098d_t1075,no_projectable_relation,,1128,9403,20
1128,1,n,甲,False,1,EdgePrediction,R_7b6b1008b48c1115_t1060,,,1129,9403,20
1129,1,n,乙,False,1,EdgePrediction,R_cb63a1ebfc31098d_t1075,,,1130,9403,20
1130,1,n,乙,False,0,Abstain,R_cb63a1ebfc31098d_t1075,no_projectable_relation,,1131,9403,20
1131,1,n,甲,False,1,EdgePrediction,R_7b6b1008b48c1115_t1060,,,1132,9403,20
1132,1,n,乙,False,0,Abstain,R_cb63a1ebfc31098d_t1075,no_projectable_relation,,1133,9403,20
1133,1,n,甲,False,1,EdgePrediction,R_7b6b1008b48c1115_t1060,,,1134,9403,20
1134,1,n,乙,False,1,EdgePrediction,R_cb63a1ebfc31098d_t1075,,,1135,9386,20
1135,1,n,甲,False,1,EdgePrediction,R_7b6b1008b48c1115_t1060,,,1136,9386,20
1136,1,n,乙,False,0,Abstain,R_cb63a1ebfc31098d_t1075,no_projectable_relation,,1137,9371,20
1137,1,n,甲,False,1,EdgePrediction,R_7b6b1008b48c1115_t1060,,,1138,9371,20
1138,1,n,甲,False,1,EdgePrediction,R_7b6b1008b48c1115_t1060,,,1139,9391,20
1139,1,n,乙,False,1,EdgePrediction,R_cb63a1ebfc31098d_t1075,,,1140,9380,20
1140,1,n,甲,False,1,EdgePrediction,R_7b6b1008b48c1115_t1060,,,1141,9356,20
1141,1,e,乙,False,1,EdgePrediction,R_0e5d236bf5b42b15_t627,,,1142,9360,20
1142,1,n,乙,False,1,EdgePrediction,R_cb63a1ebfc31098d_t1075,,,1143,9180,19
1143,1,e,甲,False,1,EdgePrediction,R_2616bfa67113bd38,,,1144,9084,19
1144,1,n,甲,False,0,Abstain,R_7b6b1008b48c1115_t1060,no_projectable_relation,,1145,9084,19
1145,1,n,乙,False,1,EdgePrediction,R_cb63a1ebfc31098d_t1075,,,1146,9084,19
1146,1,n,乙,False,1,EdgePrediction,R_cb63a1ebfc31098d_t1075,,,1147,9086,19
1147,1,n,甲,False,0,Abstain,R_7b6b1008b48c1115_t1060,no_projectable_relation,,1148,9077,19
1148,1,e,乙,False,0,Abstain,R_0e5d236bf5b42b15_t627,no_projectable_relation,,1149,9557,20
1149,1,n,甲,False,1,EdgePrediction,R_7b6b1008b48c1115_t1060,,,1150,9561,20
1150,1,n,乙,False,1,EdgePrediction,R_cb63a1ebfc31098d_t1075,,,1151,9567,20
1151,1,n,甲,False,1,EdgePrediction,R_7b6b1008b48c1115_t1060,,,1152,9567,20
1152,1,n,甲,False,1,EdgePrediction,R_7b6b1008b48c1115_t1060,,,1153,9537,20
1153,1,e,乙,False,0,Abstain,R_e10c53c730c7a91a,no_projectable_relation,,1154,9581,20
1154,1,n,甲,False,1,EdgePrediction,R_7b6b1008b48c1115_t1060,,,1155,9581,20
1155,1,n,乙,False,1,EdgePrediction,R_cb63a1ebfc31098d_t1075,,,1156,9585,20
1156,1,n,乙,False,1,EdgePrediction,R_cb63a1ebfc31098d_t1075,,,1157,9467,19
1157,1,n,甲,False,1,EdgePrediction,R_7b6b1008b48c1115_t1060,,,1158,9467,19
1158,1,n,乙,False,1,EdgePrediction,R_cb63a1ebfc31098d_t1075,,,1159,9467,19
1159,1,n,甲,False,1,EdgePrediction,R_7b6b1008b48c1115_t1060,,,1160,9396,19
1160,1,e,乙,False,1,EdgePrediction,R_e10c53c730c7a91a,,,1161,9396,19
1161,1,n,甲,False,1,EdgePrediction,R_7b6b1008b48c1115_t1060,,,1162,9396,19
1162,1,n,甲,False,1,EdgePrediction,R_7b6b1008b48c1115_t1060,,,1163,9318,19
1163,1,e,乙,False,1,EdgePrediction,R_e10c53c730c7a91a,,,1164,9326,19
1164,1,n,乙,False,1,EdgePrediction,R_cb63a1ebfc31098d_t1075,,,1165,9326,19
1165,1,n,甲,False,1,EdgePrediction,R_7b6b1008b48c1115_t1060,,,1166,9326,19
1166,1,n,甲,False,0,Abstain,R_7b6b1008b48c1115_t1060,no_projectable_relation,,1167,9326,19
1167,1,n,乙,False,0,Abstain,R_cb63a1ebfc31098d_t1075,no_projectable_relation,,1168,9326,19
1168,1,e,乙,False,0,Abstain,R_e10c53c730c7a91a,no_projectable_relation,,1169,9850,20
1169,1,n,甲,False,1,EdgePrediction,R_7b6b1008b48c1115_t1060,,,1170,9829,20
1170,1,n,乙,False,1,EdgePrediction,R_cb63a1ebfc31098d_t1075,,,1171,9829,20
1171,1,e,甲,False,1,EdgePrediction,R_2616bfa67113bd38,,,1172,9917,20
1172,1,n,乙,False,1,EdgePrediction,R_cb63a1ebfc31098d_t1075,,,1173,9917,20
1173,1,n,甲,False,0,Abstain,R_7b6b1008b48c1115_t1060,no_projectable_relation,,1174,9917,20
1174,1,n,甲,False,0,Abstain,R_7b6b1008b48c1115_t1060,no_projectable_relation,,1175,9917,20
1175,1,n,乙,False,1,EdgePrediction,R_cb63a1ebfc31098d_t1075,,,1176,9917,20
1176,1,e,甲,True,1,EdgePrediction,R_2616bfa67113bd38,,,1177,9914,20
1177,1,n,乙,False,0,Abstain,R_cb63a1ebfc31098d_t1075,no_projectable_relation,,1178,9914,20
1178,1,e,甲,False,1,EdgePrediction,R_2616bfa67113bd38,,,1179,9928,20
1179,1,n,乙,False,0,Abstain,R_cb63a1ebfc31098d_t1075,no_projectable_relation,,1180,9928,20
1180,1,n,乙,False,0,Abstain,R_cb63a1ebfc31098d_t1075,no_projectable_relation,,1181,9928,20
1181,1,n,甲,True,1,EdgePrediction,R_7b6b1008b48c1115_t1060,,,1182,9928,20
1182,1,n,乙,False,1,EdgePrediction,R_cb63a1ebfc31098d_t1075,,,1183,9913,20
1183,1,n,甲,True,1,EdgePrediction,R_7b6b1008b48c1115_t1060,,,1184,9913,20
1184,1,n,乙,False,1,EdgePrediction,R_cb63a1ebfc31098d_t1075,,,1185,9913,20
1185,1,n,甲,False,0,Abstain,R_7b6b1008b48c1115_t1060,no_projectable_relation,,1186,9913,20
1186,1,n,甲,False,1,EdgePrediction,R_7b6b1008b48c1115_t1060,,,1187,9913,20
1187,1,e,乙,False,0,Abstain,R_0e5d236bf5b42b15_t1168,no_projectable_relation,,1188,9889,20
1188,1,n,乙,False,1,EdgePrediction,R_cb63a1ebfc31098d_t1075,,,1189,9889,20
1189,1,e,甲,False,0,Abstain,R_5ccd1331eec89856_t898,no_projectable_relation,,1190,9919,20
1190,1,e,甲,False,1,EdgePrediction,R_2616bfa67113bd38,,,1191,9883,20
1191,1,n,乙,False,1,EdgePrediction,R_cb63a1ebfc31098d_t1075,,,1192,9883,20
1192,1,n,乙,False,1,EdgePrediction,R_cb63a1ebfc31098d_t1075,,,1193,9883,20
1193,1,n,甲,False,0,Abstain,R_7b6b1008b48c1115_t1060,no_projectable_relation,,1194,9883,20
1194,1,e,乙,False,1,EdgePrediction,R_0e5d236bf5b42b15_t1168,,,1195,9883,20
1195,1,n,甲,False,1,EdgePrediction,R_7b6b1008b48c1115_t1060,,,1196,9883,20
1196,1,e,甲,True,1,EdgePrediction,R_2616bfa67113bd38,,,1197,9887,20
1197,1,n,乙,True,1,EdgePrediction,R_cb63a1ebfc31098d_t1075,,,1198,9868,20
1198,1,n,乙,False,1,EdgePrediction,R_cb63a1ebfc31098d_t1075,,,1199,9868,20
1199,1,n,甲,False,1,EdgePrediction,R_7b6b1008b48c1115_t1060,,,1200,9868,20
1200,1,n,乙,False,1,EdgePrediction,R_cb63a1ebfc31098d_t1075,,,1201,9868,20
1201,1,n,甲,False,1,EdgePrediction,R_7b6b1008b48c1115_t1060,,,1202,9868,20
1202,1,n,乙,False,1,EdgePrediction,R_cb63a1ebfc31098d_t1075,,,1203,9868,20
1203,1,n,甲,False,1,EdgePrediction,R_7b6b1008b48c1115_t1060,,,1204,9868,20
1204,1,n,甲,True,1,EdgePrediction,R_7b6b1008b48c1115_t1060,,,1205,9570,19
1205,1,e,乙,False,0,Abstain,R_0e5d236bf5b42b15_t1168,no_projectable_relation,,1206,9549,19
1206,1,e,乙,False,0,Abstain,R_0e5d236bf5b42b15_t1168,no_projectable_relation,,1207,9581,19
1207,1,n,甲,False,1,EdgePrediction,R_7b6b1008b48c1115_t1060,,,1208,9581,19
1208,1,n,乙,False,1,EdgePrediction,R_cb63a1ebfc31098d_t1075,,,1209,9581,19
1209,1,n,甲,False,1,EdgePrediction,R_7b6b1008b48c1115_t1060,,,1210,9581,19
1210,1,n,乙,False,1,EdgePrediction,R_cb63a1ebfc31098d_t1075,,,1211,9581,19
1211,1,n,甲,False,1,EdgePrediction,R_7b6b1008b48c1115_t1060,,,1212,9581,19
1212,1,n,甲,False,0,Abstain,R_7b6b1008b48c1115_t1060,no_projectable_relation,,1213,9560,19
1213,1,n,乙,False,1,EdgePrediction,R_cb63a1ebfc31098d_t1075,,,1214,9508,19
1214,1,n,甲,False,1,EdgePrediction,R_7b6b1008b48c1115_t1060,,,1215,9514,19
1215,1,n,乙,False,1,EdgePrediction,R_cb63a1ebfc31098d_t1075,,,1216,9500,19
1216,1,n,甲,False,1,EdgePrediction,R_7b6b1008b48c1115_t1060,,,1217,9498,19
1217,1,n,乙,True,1,EdgePrediction,R_cb63a1ebfc31098d_t1075,,,1218,9498,19
1218,1,n,乙,False,1,EdgePrediction,R_cb63a1ebfc31098d_t1075,,,1219,9498,19
1219,1,n,甲,True,1,EdgePrediction,R_7b6b1008b48c1115_t1060,,,1220,9498,19
1220,1,n,乙,False,1,EdgePrediction,R_cb63a1ebfc31098d_t1075,,,1221,9508,19
1221,1,n,甲,False,1,EdgePrediction,R_7b6b1008b48c1115_t1060,,,1222,9508,19
1222,1,n,乙,False,0,Abstain,R_cb63a1ebfc31098d_t1075,no_projectable_relation,,1223,9508,19
1223,1,n,甲,False,1,EdgePrediction,R_7b6b1008b48c1115_t1060,,,1224,9510,19
1224,1,n,乙,False,0,Abstain,R_cb63a1ebfc31098d_t1075,no_projectable_relation,,1225,9520,19
1225,1,n,甲,False,0,Abstain,R_7b6b1008b48c1115_t1060,no_projectable_relation,,1226,9520,19
1226,1,n,乙,False,1,EdgePrediction,R_cb63a1ebfc31098d_t1075,,,1227,9520,19
1227,1,n,甲,False,0,Abstain,R_7b6b1008b48c1115_t1060,no_projectable_relation,,1228,9524,19
1228,1,n,甲,False,1,EdgePrediction,R_7b6b1008b48c1115_t1060,,,1229,9526,19
1229,1,n,乙,True,1,EdgePrediction,R_cb63a1ebfc31098d_t1075,,,1230,9502,19
1230,1,e,乙,False,0,Abstain,R_e10c53c730c7a91a,no_projectable_relation,,1231,9504,19
1231,1,n,甲,True,1,EdgePrediction,R_7b6b1008b48c1115_t1060,,,1232,9426,19
1232,1,n,甲,False,1,EdgePrediction,R_7b6b1008b48c1115_t1060,,,1233,9428,19
1233,1,e,乙,True,1,EdgePrediction,R_0e5d236bf5b42b15_t1168,,,1234,9430,19
1234,1,n,甲,False,0,Abstain,R_7b6b1008b48c1115_t1060,no_projectable_relation,,1235,9406,19
1235,1,n,乙,False,0,Abstain,R_cb63a1ebfc31098d_t1075,no_projectable_relation,,1236,9405,19
1236,1,n,甲,False,1,EdgePrediction,R_7b6b1008b48c1115_t1060,,,1237,9192,18
1237,1,n,乙,False,1,EdgePrediction,R_cb63a1ebfc31098d_t1075,,,1238,9194,18
1238,1,e,乙,False,1,EdgePrediction,R_0e5d236bf5b42b15_t1168,,,1239,9194,18
1239,1,n,甲,False,1,EdgePrediction,R_7b6b1008b48c1115_t1060,,,1240,9196,18
1240,1,n,甲,False,1,EdgePrediction,R_7b6b1008b48c1115_t1060,,,1241,9196,18
1241,1,n,乙,False,1,EdgePrediction,R_cb63a1ebfc31098d_t1075,,,1242,9176,18
1242,1,n,乙,False,1,EdgePrediction,R_cb63a1ebfc31098d_t1075,,,1243,9178,18
1243,1,n,甲,False,1,EdgePrediction,R_7b6b1008b48c1115_t1060,,,1244,9122,18
1244,1,n,乙,False,1,EdgePrediction,R_cb63a1ebfc31098d_t1075,,,1245,9122,18
1245,1,n,甲,False,0,Abstain,R_7b6b1008b48c1115_t1060,no_projectable_relation,,1246,9096,18
1246,1,n,甲,False,1,EdgePrediction,R_7b6b1008b48c1115_t1060,,,1247,9096,18
1247,1,n,乙,False,1,EdgePrediction,R_cb63a1ebfc31098d_t1075,,,1248,9098,18
1248,1,n,甲,False,1,EdgePrediction,R_7b6b1008b48c1115_t1060,,,1249,9100,18
1249,1,n,乙,False,0,Abstain,R_cb63a1ebfc31098d_t1075,no_projectable_relation,,1250,8913,17
1250,1,e,乙,False,1,EdgePrediction,R_0e5d236bf5b42b15_t1168,,,1251,8899,17
1251,1,n,甲,False,1,EdgePrediction,R_7b6b1008b48c1115_t1060,,,1252,8847,17
1252,1,e,甲,False,0,Abstain,R_2616bfa67113bd38,no_projectable_relation,,1253,8847,17
1253,1,n,乙,False,1,EdgePrediction,R_cb63a1ebfc31098d_t1075,,,1254,8847,17
1254,1,e,甲,False,0,Abstain,R_2616bfa67113bd38,no_projectable_relation,,1255,9348,18
1255,1,n,乙,False,0,Abstain,R_cb63a1ebfc31098d_t1075,no_projectable_relation,,1256,9348,18
1256,1,n,甲,False,1,EdgePrediction,R_7b6b1008b48c1115_t1060,,,1257,9350,18
1257,1,n,乙,False,1,EdgePrediction,R_cb63a1ebfc31098d_t1075,,,1258,9352,18
1258,1,n,乙,False,1,EdgePrediction,R_cb63a1ebfc31098d_t1075,,,1259,9352,18
1259,1,n,甲,False,1,EdgePrediction,R_7b6b1008b48c1115_t1060,,,1260,9352,18
1260,1,e,乙,False,1,EdgePrediction,R_0e5d236bf5b42b15_t1168,,,1261,9337,18
1261,1,n,甲,False,0,Abstain,R_7b6b1008b48c1115_t1060,no_projectable_relation,,1262,9033,17
1262,1,n,乙,False,1,EdgePrediction,R_cb63a1ebfc31098d_t1075,,,1263,9033,17
1263,1,n,甲,False,1,EdgePrediction,R_7b6b1008b48c1115_t1060,,,1264,9033,17
1264,1,n,乙,False,1,EdgePrediction,R_cb63a1ebfc31098d_t1075,,,1265,9033,17
1265,1,n,甲,True,1,EdgePrediction,R_7b6b1008b48c1115_t1060,,,1266,9033,17
1266,1,n,乙,False,0,Abstain,R_cb63a1ebfc31098d_t1075,no_projectable_relation,,1267,9033,17
1267,1,n,甲,False,1,EdgePrediction,R_7b6b1008b48c1115_t1060,,,1268,9033,17
1268,1,n,甲,False,0,Abstain,R_7b6b1008b48c1115_t1060,no_projectable_relation,,1269,9033,17
1269,1,n,乙,False,1,EdgePrediction,R_cb63a1ebfc31098d_t1075,,,1270,9033,17
1270,1,n,乙,True,1,EdgePrediction,R_cb63a1ebfc31098d_t1075,,,1271,9033,17
1271,1,n,甲,False,1,EdgePrediction,R_7b6b1008b48c1115_t1060,,,1272,9033,17
1272,1,n,甲,True,1,EdgePrediction,R_7b6b1008b48c1115_t1060,,,1273,9033,17
1273,1,n,乙,False,1,EdgePrediction,R_cb63a1ebfc31098d_t1075,,,1274,9033,17
1274,1,n,甲,False,1,EdgePrediction,R_7b6b1008b48c1115_t1060,,,1275,9033,17
1275,1,n,乙,False,1,EdgePrediction,R_cb63a1ebfc31098d_t1075,,,1276,9033,17
1276,1,e,乙,False,0,Abstain,R_e10c53c730c7a91a,no_projectable_relation,,1277,9033,17
1277,1,n,甲,False,1,EdgePrediction,R_7b6b1008b48c1115_t1060,,,1278,9033,17
1278,1,e,乙,False,1,EdgePrediction,R_0e5d236bf5b42b15_t1168,,,1279,9033,17
1279,1,n,甲,False,0,Abstain,R_7b6b1008b48c1115_t1060,no_projectable_relation,,1280,9033,17
1280,1,e,甲,False,0,Abstain,R_8b0d2a6b7293001d_t1254,no_projectable_relation,,1281,9033,17
1281,1,n,乙,False,0,Abstain,R_cb63a1ebfc31098d_t1075,no_projectable_relation,,1282,9033,17
1282,1,n,乙,False,1,EdgePrediction,R_cb63a1ebfc31098d_t1075,,,1283,9033,17
1283,1,n,甲,False,1,EdgePrediction,R_7b6b1008b48c1115_t1060,,,1284,9033,17
1284,1,n,乙,False,1,EdgePrediction,R_cb63a1ebfc31098d_t1075,,,1285,9033,17
1285,1,n,甲,False,1,EdgePrediction,R_7b6b1008b48c1115_t1060,,,1286,9033,17
1286,1,e,甲,False,1,EdgePrediction,R_8b0d2a6b7293001d_t1254,,,1287,9033,17
1287,1,e,乙,False,1,EdgePrediction,R_0e5d236bf5b42b15_t1168,,,1288,9033,17
1288,1,n,乙,False,1,EdgePrediction,R_cb63a1ebfc31098d_t1075,,,1289,9033,17
1289,1,n,甲,False,1,EdgePrediction,R_7b6b1008b48c1115_t1060,,,1290,9033,17
1290,1,n,乙,False,1,EdgePrediction,R_cb63a1ebfc31098d_t1075,,,1291,9033,17
1291,1,n,甲,False,0,Abstain,R_7b6b1008b48c1115_t1060,no_projectable_relation,,1292,9033,17
1292,1,n,乙,False,1,EdgePrediction,R_cb63a1ebfc31098d_t1075,,,1293,9033,17
1293,1,n,甲,False,1,EdgePrediction,R_7b6b1008b48c1115_t1060,,,1294,9033,17
1294,1,e,甲,False,1,EdgePrediction,R_8b0d2a6b7293001d_t1254,,,1295,9033,17
1295,1,n,乙,False,1,EdgePrediction,R_cb63a1ebfc31098d_t1075,,,1296,9033,17
1296,1,n,乙,False,1,EdgePrediction,R_cb63a1ebfc31098d_t1075,,,1297,9033,17
1297,1,n,甲,False,1,EdgePrediction,R_7b6b1008b48c1115_t1060,,,1298,9033,17
1298,1,n,乙,False,0,Abstain,R_cb63a1ebfc31098d_t1075,no_projectable_relation,,1299,9033,17
1299,1,e,甲,False,0,Abstain,R_2616bfa67113bd38,no_projectable_relation,,1300,9063,17
1300,1,n,乙,False,1,EdgePrediction,R_cb63a1ebfc31098d_t1075,,,1301,9063,17
1301,1,n,甲,False,1,EdgePrediction,R_7b6b1008b48c1115_t1060,,,1302,9063,17
1302,1,n,乙,False,1,EdgePrediction,R_cb63a1ebfc31098d_t1075,,,1303,9063,17
1303,1,n,甲,False,1,EdgePrediction,R_7b6b1008b48c1115_t1060,,,1304,8799,16
1304,1,n,甲,False,1,EdgePrediction,R_7b6b1008b48c1115_t1060,,,1305,8799,16
1305,1,n,乙,False,1,EdgePrediction,R_cb63a1ebfc31098d_t1075,,,1306,8799,16
1306,1,n,乙,False,0,Abstain,R_cb63a1ebfc31098d_t1075,no_projectable_relation,,1307,8799,16
1307,1,n,甲,False,1,EdgePrediction,R_7b6b1008b48c1115_t1060,,,1308,8799,16
1308,1,n,乙,False,1,EdgePrediction,R_cb63a1ebfc31098d_t1075,,,1309,8799,16
1309,1,e,甲,True,1,EdgePrediction,R_8b0d2a6b7293001d_t1254,,,1310,8799,16
1310,1,e,甲,False,1,EdgePrediction,R_8b0d2a6b7293001d_t1254,,,1311,8803,16
1311,1,n,乙,False,1,EdgePrediction,R_cb63a1ebfc31098d_t1075,,,1312,8803,16
1312,1,n,乙,False,1,EdgePrediction,R_cb63a1ebfc31098d_t1075,,,1313,8803,16
1313,1,n,甲,False,0,Abstain,R_7b6b1008b48c1115_t1060,no_projectable_relation,,1314,8803,16
1314,1,e,甲,True,1,EdgePrediction,R_8b0d2a6b7293001d_t1254,,,1315,8803,16
1315,1,n,乙,True,1,EdgePrediction,R_cb63a1ebfc31098d_t1075,,,1316,8803,16
1316,1,n,乙,False,1,EdgePrediction,R_cb63a1ebfc31098d_t1075,,,1317,8803,16
1317,1,n,甲,True,1,EdgePrediction,R_7b6b1008b48c1115_t1060,,,1318,8803,16
1318,1,n,甲,True,1,EdgePrediction,R_7b6b1008b48c1115_t1060,,,1319,8803,16
1319,1,e,乙,True,1,EdgePrediction,R_0e5d236bf5b42b15_t1168,,,1320,8803,16
1320,1,n,乙,False,1,EdgePrediction,R_cb63a1ebfc31098d_t1075,,,1321,8803,16
1321,1,n,甲,False,1,EdgePrediction,R_7b6b1008b48c1115_t1060,,,1322,8803,16
1322,1,n,甲,True,1,EdgePrediction,R_7b6b1008b48c1115_t1060,,,1323,8803,16
1323,1,n,乙,True,1,EdgePrediction,R_cb63a1ebfc31098d_t1075,,,1324,8803,16
1324,1,n,甲,False,0,Abstain,R_7b6b1008b48c1115_t1060,no_projectable_relation,,1325,8803,16
1325,1,n,乙,False,1,EdgePrediction,R_cb63a1ebfc31098d_t1075,,,1326,8803,16
1326,1,n,乙,False,1,EdgePrediction,R_cb63a1ebfc31098d_t1075,,,1327,8803,16
1327,1,e,甲,False,1,EdgePrediction,R_8b0d2a6b7293001d_t1254,,,1328,8758,16
1328,1,n,乙,False,1,EdgePrediction,R_cb63a1ebfc31098d_t1075,,,1329,8758,16
1329,1,n,甲,True,1,EdgePrediction,R_7b6b1008b48c1115_t1060,,,1330,8760,16
1330,1,n,甲,False,1,EdgePrediction,R_7b6b1008b48c1115_t1060,,,1331,8760,16
1331,1,e,乙,False,1,EdgePrediction,R_0e5d236bf5b42b15_t1168,,,1332,8760,16
1332,1,e,甲,False,1,EdgePrediction,R_8b0d2a6b7293001d_t1254,,,1333,8762,16
1333,1,n,乙,False,1,EdgePrediction,R_cb63a1ebfc31098d_t1075,,,1334,8762,16
1334,1,n,乙,False,0,Abstain,R_cb63a1ebfc31098d_t1075,no_projectable_relation,,1335,8762,16
1335,1,n,甲,False,1,EdgePrediction,R_7b6b1008b48c1115_t1060,,,1336,8762,16
1336,1,n,乙,False,1,EdgePrediction,R_cb63a1ebfc31098d_t1075,,,1337,8762,16
1337,1,n,甲,False,1,EdgePrediction,R_7b6b1008b48c1115_t1060,,,1338,8762,16
1338,1,n,乙,False,0,Abstain,R_cb63a1ebfc31098d_t1075,no_projectable_relation,,1339,8762,16
1339,1,e,甲,False,0,Abstain,R_2616bfa67113bd38,no_projectable_relation,,1340,8788,16
1340,1,n,乙,False,1,EdgePrediction,R_cb63a1ebfc31098d_t1075,,,1341,8788,16
1341,1,n,甲,False,1,EdgePrediction,R_7b6b1008b48c1115_t1060,,,1342,8790,16
1342,1,n,乙,False,1,EdgePrediction,R_cb63a1ebfc31098d_t1075,,,1343,8770,16
1343,1,n,甲,False,0,Abstain,R_7b6b1008b48c1115_t1060,no_projectable_relation,,1344,8770,16
1344,1,e,乙,True,1,EdgePrediction,R_0e5d236bf5b42b15_t1168,,,1345,8770,16
1345,1,n,甲,False,0,Abstain,R_7b6b1008b48c1115_t1060,no_projectable_relation,,1346,8730,16
1346,1,n,甲,False,1,EdgePrediction,R_7b6b1008b48c1115_t1060,,,1347,8730,16
1347,1,n,乙,False,1,EdgePrediction,R_cb63a1ebfc31098d_t1075,,,1348,8730,16
1348,1,e,乙,False,1,EdgePrediction,R_0e5d236bf5b42b15_t1168,,,1349,8754,16
1349,1,e,甲,False,1,EdgePrediction,R_8b0d2a6b7293001d_t1254,,,1350,8754,16
1350,1,e,乙,False,0,Abstain,R_e10c53c730c7a91a,no_projectable_relation,,1351,8766,16
1351,1,e,甲,False,1,EdgePrediction,R_8b0d2a6b7293001d_t1254,,,1352,8770,16
1352,1,n,乙,False,1,EdgePrediction,R_cb63a1ebfc31098d_t1075,,,1353,8770,16
1353,1,n,甲,False,1,EdgePrediction,R_7b6b1008b48c1115_t1060,,,1354,8755,16
1354,1,n,甲,False,1,EdgePrediction,R_7b6b1008b48c1115_t1060,,,1355,8757,16
1355,1,n,乙,False,1,EdgePrediction,R_cb63a1ebfc31098d_t1075,,,1356,8757,16
1356,1,n,甲,False,0,Abstain,R_7b6b1008b48c1115_t1060,no_projectable_relation,,1357,8757,16
1357,1,n,乙,False,1,EdgePrediction,R_cb63a1ebfc31098d_t1075,,,1358,8757,16
1358,1,n,乙,False,0,Abstain,R_cb63a1ebfc31098d_t1075,no_projectable_relation,,1359,8757,16
1359,1,n,甲,False,1,EdgePrediction,R_7b6b1008b48c1115_t1060,,,1360,8757,16
1360,1,n,甲,False,1,EdgePrediction,R_7b6b1008b48c1115_t1060,,,1361,8763,16
1361,1,e,乙,False,1,EdgePrediction,R_0e5d236bf5b42b15_t1168,,,1362,8763,16
1362,1,n,乙,False,1,EdgePrediction,R_cb63a1ebfc31098d_t1075,,,1363,8771,16
1363,1,n,甲,False,0,Abstain,R_7b6b1008b48c1115_t1060,no_projectable_relation,,1364,8771,16
1364,1,n,乙,False,0,Abstain,R_cb63a1ebfc31098d_t1075,no_projectable_relation,,1365,8771,16
1365,1,n,甲,False,1,EdgePrediction,R_7b6b1008b48c1115_t1060,,,1366,8775,16
1366,1,n,乙,False,1,EdgePrediction,R_cb63a1ebfc31098d_t1075,,,1367,8775,16
1367,1,n,甲,True,1,EdgePrediction,R_7b6b1008b48c1115_t1060,,,1368,8775,16
1368,1,n,乙,False,1,EdgePrediction,R_cb63a1ebfc31098d_t1075,,,1369,8775,16
1369,1,e,甲,False,1,EdgePrediction,R_8b0d2a6b7293001d_t1254,,,1370,8759,16
1370,1,n,甲,False,1,EdgePrediction,R_7b6b1008b48c1115_t1060,,,1371,8759,16
1371,1,n,乙,False,1,EdgePrediction,R_cb63a1ebfc31098d_t1075,,,1372,8759,16
1372,1,n,甲,False,1,EdgePrediction,R_7b6b1008b48c1115_t1060,,,1373,8761,16
1373,1,e,乙,False,0,Abstain,R_e10c53c730c7a91a,no_projectable_relation,,1374,8729,16
1374,1,e,甲,False,0,Abstain,R_5ccd1331eec89856_t898,no_projectable_relation,,1375,8733,16
1375,1,n,乙,False,1,EdgePrediction,R_cb63a1ebfc31098d_t1075,,,1376,8733,16
1376,1,n,甲,False,1,EdgePrediction,R_7b6b1008b48c1115_t1060,,,1377,8739,16
1377,1,n,乙,False,0,Abstain,R_cb63a1ebfc31098d_t1075,no_projectable_relation,,1378,8660,16
1378,1,n,甲,False,1,EdgePrediction,R_7b6b1008b48c1115_t1060,,,1379,8662,16
1379,1,n,乙,False,1,EdgePrediction,R_cb63a1ebfc31098d_t1075,,,1380,8670,16
1380,1,e,甲,False,1,EdgePrediction,R_8b0d2a6b7293001d_t1254,,,1381,8670,16
1381,1,n,乙,False,0,Abstain,R_cb63a1ebfc31098d_t1075,no_projectable_relation,,1382,8670,16
1382,1,n,甲,False,1,EdgePrediction,R_7b6b1008b48c1115_t1060,,,1383,8670,16
1383,1,n,乙,False,1,EdgePrediction,R_cb63a1ebfc31098d_t1075,,,1384,8674,16
1384,1,n,甲,False,0,Abstain,R_7b6b1008b48c1115_t1060,no_projectable_relation,,1385,8676,16
1385,1,n,乙,False,1,EdgePrediction,R_cb63a1ebfc31098d_t1075,,,1386,8676,16
1386,1,e,乙,False,1,EdgePrediction,R_0e5d236bf5b42b15_t1168,,,1387,8676,16
1387,1,n,甲,True,1,EdgePrediction,R_7b6b1008b48c1115_t1060,,,1388,8676,16
1388,1,e,乙,False,0,Abstain,R_e10c53c730c7a91a,no_projectable_relation,,1389,8676,16
1389,1,n,甲,False,1,EdgePrediction,R_7b6b1008b48c1115_t1060,,,1390,8676,16
1390,1,e,甲,False,1,EdgePrediction,R_8b0d2a6b7293001d_t1254,,,1391,8678,16
1391,1,n,乙,True,1,EdgePrediction,R_cb63a1ebfc31098d_t1075,,,1392,8678,16
1392,1,n,乙,False,1,EdgePrediction,R_cb63a1ebfc31098d_t1075,,,1393,8680,16
1393,1,n,甲,False,1,EdgePrediction,R_7b6b1008b48c1115_t1060,,,1394,8682,16
1394,1,e,甲,False,1,EdgePrediction,R_8b0d2a6b7293001d_t1254,,,1395,8601,16
1395,1,e,乙,False,0,Abstain,R_e10c53c730c7a91a,no_projectable_relation,,1396,8601,16
1396,1,e,甲,False,0,Abstain,R_8b0d2a6b7293001d_t1254,no_projectable_relation,,1397,8601,16
1397,1,e,乙,False,1,EdgePrediction,R_0e5d236bf5b42b15_t1168,,,1398,8601,16
1398,1,n,甲,False,1,EdgePrediction,R_7b6b1008b48c1115_t1060,,,1399,8601,16
1399,1,n,乙,True,1,EdgePrediction,R_cb63a1ebfc31098d_t1075,,,1400,8605,16
1400,1,e,甲,False,1,EdgePrediction,R_8b0d2a6b7293001d_t1254,,,1401,8535,16
1401,1,n,乙,False,1,EdgePrediction,R_cb63a1ebfc31098d_t1075,,,1402,8535,16
1402,1,n,甲,False,1,EdgePrediction,R_7b6b1008b48c1115_t1060,,,1403,8535,16
1403,1,n,乙,False,1,EdgePrediction,R_cb63a1ebfc31098d_t1075,,,1404,8537,16
1404,1,n,乙,False,1,EdgePrediction,R_cb63a1ebfc31098d_t1075,,,1405,8537,16
1405,1,n,甲,False,1,EdgePrediction,R_7b6b1008b48c1115_t1060,,,1406,8539,16
1406,1,e,乙,False,1,EdgePrediction,R_0e5d236bf5b42b15_t1168,,,1407,8539,16
1407,1,n,甲,True,1,EdgePrediction,R_7b6b1008b48c1115_t1060,,,1408,7975,14
1408,1,n,乙,False,0,Abstain,R_cb63a1ebfc31098d_t1075,no_projectable_relation,,1409,7979,14
1409,1,n,甲,False,0,Abstain,R_7b6b1008b48c1115_t1060,no_projectable_relation,,1410,7979,14
1410,1,e,乙,False,0,Abstain,R_e10c53c730c7a91a,no_projectable_relation,,1411,7979,14
1411,1,e,甲,False,0,Abstain,R_8b0d2a6b7293001d_t1254,no_projectable_relation,,1412,7979,14
1412,1,e,甲,False,1,EdgePrediction,R_8b0d2a6b7293001d_t1254,,,1413,7979,14
1413,1,n,乙,False,1,EdgePrediction,R_cb63a1ebfc31098d_t1075,,,1414,7979,14
1414,1,e,乙,False,0,Abstain,R_0e5d236bf5b42b15_t1168,no_projectable_relation,,1415,7979,14
1415,1,e,甲,False,0,Abstain,R_2616bfa67113bd38,no_projectable_relation,,1416,7997,14
1416,1,n,乙,False,1,EdgePrediction,R_cb63a1ebfc31098d_t1075,,,1417,7999,14
1417,1,n,甲,False,1,EdgePrediction,R_7b6b1008b48c1115_t1060,,,1418,8003,14
1418,1,n,乙,False,0,Abstain,R_cb63a1ebfc31098d_t1075,no_projectable_relation,,1419,8003,14
1419,1,n,甲,False,0,Abstain,R_7b6b1008b48c1115_t1060,no_projectable_relation,,1420,8003,14
1420,1,n,甲,False,0,Abstain,R_7b6b1008b48c1115_t1060,no_projectable_relation,,1421,8003,14
1421,1,n,乙,False,0,Abstain,R_cb63a1ebfc31098d_t1075,no_projectable_relation,,1422,8003,14
1422,1,n,甲,False,1,EdgePrediction,R_7b6b1008b48c1115_t1060,,,1423,8003,14
1423,1,n,乙,False,1,EdgePrediction,R_cb63a1ebfc31098d_t1075,,,1424,7740,13
1424,1,n,甲,False,1,EdgePrediction,R_7b6b1008b48c1115_t1060,,,1425,7740,13
1425,1,e,乙,False,0,Abstain,R_e10c53c730c7a91a,no_projectable_relation,,1426,7740,13
1426,1,n,乙,False,1,EdgePrediction,R_cb63a1ebfc31098d_t1075,,,1427,7740,13
1427,1,n,甲,False,1,EdgePrediction,R_7b6b1008b48c1115_t1060,,,1428,7740,13
1428,1,n,甲,False,0,Abstain,R_7b6b1008b48c1115_t1060,no_projectable_relation,,1429,7689,13
1429,1,n,乙,False,1,EdgePrediction,R_cb63a1ebfc31098d_t1075,,,1430,7689,13
1430,1,e,乙,False,1,EdgePrediction,R_0e5d236bf5b42b15_t1168,,,1431,7386,12
1431,1,n,甲,False,1,EdgePrediction,R_7b6b1008b48c1115_t1060,,,1432,7386,12
1432,1,e,乙,False,1,EdgePrediction,R_0e5d236bf5b42b15_t1168,,,1433,7406,12
1433,1,n,甲,False,0,Abstain,R_7b6b1008b48c1115_t1060,no_projectable_relation,,1434,7406,12
1434,1,e,甲,False,1,EdgePrediction,R_8b0d2a6b7293001d_t1254,,,1435,7406,12
1435,1,n,乙,True,1,EdgePrediction,R_cb63a1ebfc31098d_t1075,,,1436,7406,12
1436,1,n,甲,False,0,Abstain,R_7b6b1008b48c1115_t1060,no_projectable_relation,,1437,7406,12
1437,1,n,乙,False,0,Abstain,R_cb63a1ebfc31098d_t1075,no_projectable_relation,,1438,7406,12
1438,1,n,乙,False,1,EdgePrediction,R_cb63a1ebfc31098d_t1075,,,1439,7406,12
1439,1,n,甲,False,0,Abstain,R_7b6b1008b48c1115_t1060,no_projectable_relation,,1440,7406,12
1440,1,n,甲,False,0,Abstain,R_7b6b1008b48c1115_t1060,no_projectable_relation,,1441,7406,12
1441,1,n,乙,False,1,EdgePrediction,R_cb63a1ebfc31098d_t1075,,,1442,7406,12
1442,1,n,乙,False,1,EdgePrediction,R_cb63a1ebfc31098d_t1075,,,1443,7406,12
1443,1,n,甲,False,0,Abstain,R_7b6b1008b48c1115_t1060,no_projectable_relation,,1444,7406,12
1444,1,e,乙,False,1,EdgePrediction,R_0e5d236bf5b42b15_t1168,,,1445,7406,12
1445,1,e,甲,False,0,Abstain,R_8b0d2a6b7293001d_t1254,no_projectable_relation,,1446,7406,12
1446,1,e,乙,False,0,Abstain,R_e10c53c730c7a91a,no_projectable_relation,,1447,7416,12
1447,1,n,甲,False,0,Abstain,R_7b6b1008b48c1115_t1060,no_projectable_relation,,1448,7416,12
1448,1,n,甲,False,1,EdgePrediction,R_7b6b1008b48c1115_t1060,,,1449,7418,12
1449,1,n,乙,False,1,EdgePrediction,R_cb63a1ebfc31098d_t1075,,,1450,7418,12
1450,1,n,乙,True,1,EdgePrediction,R_cb63a1ebfc31098d_t1075,,,1451,7418,12
1451,1,n,甲,False,0,Abstain,R_7b6b1008b48c1115_t1060,no_projectable_relation,,1452,7418,12
1452,1,n,乙,False,1,EdgePrediction,R_cb63a1ebfc31098d_t1075,,,1453,7420,12
1453,1,n,甲,False,0,Abstain,R_7b6b1008b48c1115_t1060,no_projectable_relation,,1454,7422,12
1454,1,n,甲,True,1,EdgePrediction,R_7b6b1008b48c1115_t1060,,,1455,7422,12
1455,1,n,乙,False,1,EdgePrediction,R_cb63a1ebfc31098d_t1075,,,1456,7422,12
1456,1,n,甲,True,1,EdgePrediction,R_7b6b1008b48c1115_t1060,,,1457,7422,12
1457,1,n,乙,False,1,EdgePrediction,R_cb63a1ebfc31098d_t1075,,,1458,7422,12
1458,1,e,甲,False,1,EdgePrediction,R_8b0d2a6b7293001d_t1254,,,1459,7422,12
1459,1,n,乙,False,1,EdgePrediction,R_cb63a1ebfc31098d_t1075,,,1460,7422,12
1460,1,n,甲,False,0,Abstain,R_7b6b1008b48c1115_t1060,no_projectable_relation,,1461,7422,12
1461,1,n,乙,False,1,EdgePrediction,R_cb63a1ebfc31098d_t1075,,,1462,7422,12
1462,1,n,乙,True,1,EdgePrediction,R_cb63a1ebfc31098d_t1075,,,1463,7424,12
1463,1,e,甲,False,1,EdgePrediction,R_8b0d2a6b7293001d_t1254,,,1464,7367,12
1464,1,e,甲,False,0,Abstain,R_8b0d2a6b7293001d_t1254,no_projectable_relation,,1465,7375,12
1465,1,e,乙,False,0,Abstain,R_0e5d236bf5b42b15_t1168,no_projectable_relation,,1466,7375,12
1466,1,n,乙,False,1,EdgePrediction,R_cb63a1ebfc31098d_t1075,,,1467,7375,12
1467,1,n,甲,False,1,EdgePrediction,R_7b6b1008b48c1115_t1060,,,1468,7375,12
1468,1,n,乙,True,1,EdgePrediction,R_cb63a1ebfc31098d_t1075,,,1469,7375,12
1469,1,n,甲,False,1,EdgePrediction,R_7b6b1008b48c1115_t1060,,,1470,7375,12
1470,1,n,乙,False,1,EdgePrediction,R_cb63a1ebfc31098d_t1075,,,1471,7375,12
1471,1,n,甲,False,1,EdgePrediction,R_7b6b1008b48c1115_t1060,,,1472,7375,12
1472,1,n,甲,False,1,EdgePrediction,R_7b6b1008b48c1115_t1060,,,1473,7375,12
1473,1,n,乙,True,1,EdgePrediction,R_cb63a1ebfc31098d_t1075,,,1474,7377,12
1474,1,n,甲,False,1,EdgePrediction,R_7b6b1008b48c1115_t1060,,,1475,7377,12
1475,1,n,乙,False,1,EdgePrediction,R_cb63a1ebfc31098d_t1075,,,1476,7377,12
1476,1,n,乙,False,1,EdgePrediction,R_cb63a1ebfc31098d_t1075,,,1477,7377,12
1477,1,n,甲,False,0,Abstain,R_7b6b1008b48c1115_t1060,no_projectable_relation,,1478,7377,12
1478,1,n,甲,False,1,EdgePrediction,R_7b6b1008b48c1115_t1060,,,1479,7377,12
1479,1,n,乙,False,0,Abstain,R_cb63a1ebfc31098d_t1075,no_projectable_relation,,1480,7377,12
1480,1,e,乙,False,0,Abstain,R_0e5d236bf5b42b15_t1168,no_projectable_relation,,1481,7377,12
1481,1,e,甲,False,0,Abstain,R_2616bfa67113bd38,no_projectable_relation,,1482,7377,12
1482,1,n,甲,False,0,Abstain,R_7b6b1008b48c1115_t1060,no_projectable_relation,,1483,7377,12
1483,1,n,乙,False,1,EdgePrediction,R_cb63a1ebfc31098d_t1075,,,1484,7377,12
1484,1,n,甲,True,1,EdgePrediction,R_7b6b1008b48c1115_t1060,,,1485,7377,12
1485,1,n,乙,False,1,EdgePrediction,R_cb63a1ebfc31098d_t1075,,,1486,7377,12
1486,1,n,乙,False,1,EdgePrediction,R_cb63a1ebfc31098d_t1075,,,1487,7377,12
1487,1,n,甲,False,1,EdgePrediction,R_7b6b1008b48c1115_t1060,,,1488,7377,12
1488,1,n,乙,False,1,EdgePrediction,R_cb63a1ebfc31098d_t1075,,,1489,7377,12
1489,1,n,甲,False,0,Abstain,R_7b6b1008b48c1115_t1060,no_projectable_relation,,1490,7377,12
1490,1,n,乙,False,1,EdgePrediction,R_cb63a1ebfc31098d_t1075,,,1491,7379,12
1491,1,n,甲,False,1,EdgePrediction,R_7b6b1008b48c1115_t1060,,,1492,7379,12
1492,1,n,甲,False,1,EdgePrediction,R_7b6b1008b48c1115_t1060,,,1493,7379,12
1493,1,n,乙,False,1,EdgePrediction,R_cb63a1ebfc31098d_t1075,,,1494,7379,12
1494,1,e,甲,False,0,Abstain,R_2616bfa67113bd38,no_projectable_relation,,1495,7379,12
1495,1,n,乙,False,1,EdgePrediction,R_cb63a1ebfc31098d_t1075,,,1496,7379,12
1496,1,n,甲,False,1,EdgePrediction,R_7b6b1008b48c1115_t1060,,,1497,7379,12
1497,1,n,乙,False,0,Abstain,R_cb63a1ebfc31098d_t1075,no_projectable_relation,,1498,7379,12
1498,1,e,乙,False,0,Abstain,R_e10c53c730c7a91a,no_projectable_relation,,1499,7379,12
1499,1,n,甲,False,1,EdgePrediction,R_7b6b1008b48c1115_t1060,,,1500,7379,12
1500,1,n,乙,False,1,EdgePrediction,R_cb63a1ebfc31098d_t1075,,,1501,7379,12
1501,1,n,甲,False,1,EdgePrediction,R_7b6b1008b48c1115_t1060,,,1502,7379,12
1502,1,n,甲,False,1,EdgePrediction,R_7b6b1008b48c1115_t1060,,,1503,7379,12
1503,1,n,乙,False,1,EdgePrediction,R_cb63a1ebfc31098d_t1075,,,1504,7379,12
1504,1,n,乙,False,0,Abstain,R_cb63a1ebfc31098d_t1075,no_projectable_relation,,1505,7379,12
1505,1,n,甲,False,0,Abstain,R_7b6b1008b48c1115_t1060,no_projectable_relation,,1506,7379,12
1506,1,n,乙,False,1,EdgePrediction,R_cb63a1ebfc31098d_t1075,,,1507,7379,12
1507,1,n,甲,False,1,EdgePrediction,R_7b6b1008b48c1115_t1060,,,1508,7381,12
1508,1,n,乙,False,0,Abstain,R_cb63a1ebfc31098d_t1075,no_projectable_relation,,1509,7381,12
1509,1,n,甲,False,1,EdgePrediction,R_7b6b1008b48c1115_t1060,,,1510,7383,12
1510,1,n,甲,False,1,EdgePrediction,R_7b6b1008b48c1115_t1060,,,1511,7383,12
1511,1,n,乙,False,1,EdgePrediction,R_cb63a1ebfc31098d_t1075,,,1512,7383,12
1512,1,n,乙,False,1,EdgePrediction,R_cb63a1ebfc31098d_t1075,,,1513,7383,12
1513,1,n,甲,False,1,EdgePrediction,R_7b6b1008b48c1115_t1060,,,1514,7383,12
1514,1,n,乙,False,1,EdgePrediction,R_cb63a1ebfc31098d_t1075,,,1515,7383,12
1515,1,n,甲,False,1,EdgePrediction,R_7b6b1008b48c1115_t1060,,,1516,7383,12
1516,1,e,甲,False,1,EdgePrediction,R_8b0d2a6b7293001d_t1254,,,1517,7383,12
1517,1,n,乙,False,1,EdgePrediction,R_cb63a1ebfc31098d_t1075,,,1518,7383,12
1518,1,n,乙,False,1,EdgePrediction,R_cb63a1ebfc31098d_t1075,,,1519,7383,12
1519,1,e,甲,False,0,Abstain,R_2616bfa67113bd38,no_projectable_relation,,1520,7383,12
1520,1,n,甲,False,1,EdgePrediction,R_7b6b1008b48c1115_t1060,,,1521,7383,12
1521,1,e,乙,True,1,EdgePrediction,R_0e5d236bf5b42b15_t1168,,,1522,7385,12
1522,1,n,乙,False,0,Abstain,R_cb63a1ebfc31098d_t1075,no_projectable_relation,,1523,7385,12
1523,1,n,甲,False,1,EdgePrediction,R_7b6b1008b48c1115_t1060,,,1524,7385,12
1524,1,n,甲,False,1,EdgePrediction,R_7b6b1008b48c1115_t1060,,,1525,7385,12
1525,1,n,乙,False,0,Abstain,R_cb63a1ebfc31098d_t1075,no_projectable_relation,,1526,7385,12
1526,1,n,乙,False,1,EdgePrediction,R_cb63a1ebfc31098d_t1075,,,1527,7385,12
1527,1,e,甲,True,1,EdgePrediction,R_8b0d2a6b7293001d_t1254,,,1528,7385,12
1528,1,n,乙,False,1,EdgePrediction,R_cb63a1ebfc31098d_t1075,,,1529,7385,12
1529,1,n,甲,False,0,Abstain,R_7b6b1008b48c1115_t1060,no_projectable_relation,,1530,7385,12
1530,1,n,乙,False,1,EdgePrediction,R_cb63a1ebfc31098d_t1075,,,1531,7385,12
1531,1,n,甲,False,1,EdgePrediction,R_7b6b1008b48c1115_t1060,,,1532,7385,12
1532,1,n,甲,False,1,EdgePrediction,R_7b6b1008b48c1115_t1060,,,1533,7370,12
1533,1,n,乙,False,1,EdgePrediction,R_cb63a1ebfc31098d_t1075,,,1534,7370,12
1534,1,n,甲,False,1,EdgePrediction,R_7b6b1008b48c1115_t1060,,,1535,7370,12
1535,1,n,乙,False,1,EdgePrediction,R_cb63a1ebfc31098d_t1075,,,1536,7370,12
1536,1,n,乙,False,0,Abstain,R_cb63a1ebfc31098d_t1075,no_projectable_relation,,1537,7370,12
1537,1,n,甲,False,1,EdgePrediction,R_7b6b1008b48c1115_t1060,,,1538,7370,12
1538,1,n,甲,False,1,EdgePrediction,R_7b6b1008b48c1115_t1060,,,1539,7370,12
1539,1,n,乙,False,0,Abstain,R_cb63a1ebfc31098d_t1075,no_projectable_relation,,1540,7370,12
1540,1,n,甲,True,1,EdgePrediction,R_7b6b1008b48c1115_t1060,,,1541,7372,12
1541,1,e,乙,False,1,EdgePrediction,R_0e5d236bf5b42b15_t1168,,,1542,7372,12
1542,1,e,乙,False,1,EdgePrediction,R_0e5d236bf5b42b15_t1168,,,1543,7372,12
1543,1,n,甲,False,1,EdgePrediction,R_7b6b1008b48c1115_t1060,,,1544,7372,12
1544,1,n,乙,False,0,Abstain,R_cb63a1ebfc31098d_t1075,no_projectable_relation,,1545,7357,12
1545,1,e,甲,False,1,EdgePrediction,R_8b0d2a6b7293001d_t1254,,,1546,7357,12
1546,1,n,甲,False,0,Abstain,R_7b6b1008b48c1115_t1060,no_projectable_relation,,1547,7357,12
1547,1,e,乙,False,0,Abstain,R_0e5d236bf5b42b15_t1168,no_projectable_relation,,1548,7359,12
1548,1,n,甲,True,1,EdgePrediction,R_7b6b1008b48c1115_t1060,,,1549,7359,12
1549,1,n,乙,True,1,EdgePrediction,R_cb63a1ebfc31098d_t1075,,,1550,7359,12
1550,1,n,甲,False,1,EdgePrediction,R_7b6b1008b48c1115_t1060,,,1551,7361,12
1551,1,n,乙,False,1,EdgePrediction,R_cb63a1ebfc31098d_t1075,,,1552,7334,12
1552,1,n,甲,False,0,Abstain,R_7b6b1008b48c1115_t1060,no_projectable_relation,,1553,7319,12
1553,1,n,乙,False,1,EdgePrediction,R_cb63a1ebfc31098d_t1075,,,1554,7319,12
1554,1,n,甲,True,1,EdgePrediction,R_7b6b1008b48c1115_t1060,,,1555,7319,12
1555,1,n,乙,False,1,EdgePrediction,R_cb63a1ebfc31098d_t1075,,,1556,7304,12
1556,1,n,乙,False,0,Abstain,R_cb63a1ebfc31098d_t1075,no_projectable_relation,,1557,7304,12
1557,1,n,甲,False,0,Abstain,R_7b6b1008b48c1115_t1060,no_projectable_relation,,1558,7042,11
1558,1,n,甲,True,1,EdgePrediction,R_7b6b1008b48c1115_t1060,,,1559,7042,11
1559,1,n,乙,False,1,EdgePrediction,R_cb63a1ebfc31098d_t1075,,,1560,7042,11
1560,1,n,甲,False,0,Abstain,R_7b6b1008b48c1115_t1060,no_projectable_relation,,1561,7042,11
1561,1,n,乙,False,1,EdgePrediction,R_cb63a1ebfc31098d_t1075,,,1562,7042,11
1562,1,n,甲,False,1,EdgePrediction,R_7b6b1008b48c1115_t1060,,,1563,7042,11
1563,1,e,乙,False,0,Abstain,R_0e5d236bf5b42b15_t1168,no_projectable_relation,,1564,7042,11
1564,1,n,甲,True,1,EdgePrediction,R_7b6b1008b48c1115_t1060,,,1565,7015,11
1565,1,e,乙,False,0,Abstain,R_0e5d236bf5b42b15_t1168,no_projectable_relation,,1566,7015,11
1566,1,n,甲,False,0,Abstain,R_7b6b1008b48c1115_t1060,no_projectable_relation,,1567,7015,11
1567,1,e,乙,False,1,EdgePrediction,R_0e5d236bf5b42b15_t1168,,,1568,7017,11
1568,1,n,乙,False,1,EdgePrediction,R_cb63a1ebfc31098d_t1075,,,1569,7017,11
1569,1,n,甲,False,0,Abstain,R_7b6b1008b48c1115_t1060,no_projectable_relation,,1570,7019,11
1570,1,n,甲,False,1,EdgePrediction,R_7b6b1008b48c1115_t1060,,,1571,6992,11
1571,1,n,乙,False,0,Abstain,R_cb63a1ebfc31098d_t1075,no_projectable_relation,,1572,6992,11
1572,1,n,乙,False,0,Abstain,R_cb63a1ebfc31098d_t1075,no_projectable_relation,,1573,6965,11
1573,1,n,甲,False,1,EdgePrediction,R_7b6b1008b48c1115_t1060,,,1574,6965,11
1574,1,n,甲,False,1,EdgePrediction,R_7b6b1008b48c1115_t1060,,,1575,6507,10
1575,1,n,乙,False,1,EdgePrediction,R_cb63a1ebfc31098d_t1075,,,1576,6480,10
1576,1,n,乙,False,0,Abstain,R_cb63a1ebfc31098d_t1075,no_projectable_relation,,1577,6480,10
1577,1,n,甲,False,0,Abstain,R_7b6b1008b48c1115_t1060,no_projectable_relation,,1578,7002,11
1578,1,e,乙,False,0,Abstain,R_0e5d236bf5b42b15_t1168,no_projectable_relation,,1579,7002,11
1579,1,n,甲,False,1,EdgePrediction,R_7b6b1008b48c1115,,,1580,6999,11
1580,1,n,乙,True,1,EdgePrediction,R_cb63a1ebfc31098d_t1075,,,1581,6999,11
1581,1,n,甲,False,1,EdgePrediction,R_7b6b1008b48c1115,,,1582,7029,11
1582,1,n,乙,False,0,Abstain,R_cb63a1ebfc31098d_t1075,no_projectable_relation,,1583,7029,11
1583,1,n,甲,False,0,Abstain,R_7b6b1008b48c1115,no_projectable_relation,,1584,7033,11
1584,1,n,乙,False,0,Abstain,R_cb63a1ebfc31098d_t1075,no_projectable_relation,,1585,7033,11
1585,1,n,甲,False,1,EdgePrediction,R_7b6b1008b48c1115,,,1586,7033,11
1586,1,n,甲,False,0,Abstain,R_7b6b1008b48c1115,no_projectable_relation,,1587,7033,11
1587,1,n,乙,False,0,Abstain,R_cb63a1ebfc31098d_t1075,no_projectable_relation,,1588,7033,11
1588,1,n,甲,False,1,EdgePrediction,R_7b6b1008b48c1115,,,1589,7032,11
1589,1,n,乙,False,1,EdgePrediction,R_cb63a1ebfc31098d_t1075,,,1590,7032,11
1590,1,n,乙,False,0,Abstain,R_cb63a1ebfc31098d_t1075,no_projectable_relation,,1591,6575,10
1591,1,e,甲,False,1,EdgePrediction,R_8b0d2a6b7293001d_t1254,,,1592,6577,10
1592,1,n,甲,False,0,Abstain,R_7b6b1008b48c1115,no_projectable_relation,,1593,6585,10
1593,1,n,乙,False,1,EdgePrediction,R_cb63a1ebfc31098d_t1075,,,1594,6629,10
1594,1,e,乙,False,1,EdgePrediction,R_0e5d236bf5b42b15_t1168,,,1595,6629,10
1595,1,n,甲,False,1,EdgePrediction,R_7b6b1008b48c1115,,,1596,6629,10
1596,1,n,乙,False,1,EdgePrediction,R_cb63a1ebfc31098d_t1075,,,1597,6633,10
1597,1,n,甲,False,1,EdgePrediction,R_7b6b1008b48c1115,,,1598,6563,10
1598,1,n,乙,False,1,EdgePrediction,R_cb63a1ebfc31098d_t1075,,,1599,6569,10
1599,1,e,甲,False,1,EdgePrediction,R_8b0d2a6b7293001d_t1254,,,1600,6569,10
1600,1,n,乙,False,1,EdgePrediction,R_cb63a1ebfc31098d_t1075,,,1601,6569,10
1601,1,n,甲,False,0,Abstain,R_7b6b1008b48c1115,no_projectable_relation,,1602,6569,10
1602,1,n,甲,False,1,EdgePrediction,R_7b6b1008b48c1115,,,1603,6569,10
1603,1,n,乙,False,1,EdgePrediction,R_cb63a1ebfc31098d_t1075,,,1604,6569,10
1604,1,n,甲,False,1,EdgePrediction,R_7b6b1008b48c1115,,,1605,6569,10
1605,1,n,乙,False,0,Abstain,R_cb63a1ebfc31098d_t1075,no_projectable_relation,,1606,7091,11
1606,1,n,甲,False,0,Abstain,R_7b6b1008b48c1115,no_projectable_relation,,1607,7091,11
1607,1,n,乙,False,1,EdgePrediction,R_cb63a1ebfc31098d,,,1608,7091,11
1608,1,n,乙,False,1,EdgePrediction,R_cb63a1ebfc31098d,,,1609,7121,11
1609,1,e,甲,False,1,EdgePrediction,R_8b0d2a6b7293001d_t1254,,,1610,7121,11
1610,1,n,乙,False,1,EdgePrediction,R_cb63a1ebfc31098d,,,1611,7125,11
1611,1,e,甲,False,0,Abstain,R_8b0d2a6b7293001d_t1254,no_projectable_relation,,1612,7125,11
1612,1,n,甲,False,1,EdgePrediction,R_7b6b1008b48c1115,,,1613,7147,11
1613,1,e,乙,False,0,Abstain,R_0e5d236bf5b42b15_t1168,no_projectable_relation,,1614,7149,11
1614,1,n,甲,False,1,EdgePrediction,R_7b6b1008b48c1115,,,1615,7155,11
1615,1,n,乙,False,1,EdgePrediction,R_cb63a1ebfc31098d,,,1616,7101,11
1616,1,e,乙,False,0,Abstain,R_0e5d236bf5b42b15_t1168,no_projectable_relation,,1617,7101,11
1617,1,e,甲,False,0,Abstain,R_8b0d2a6b7293001d_t1254,no_projectable_relation,,1618,7087,11
1618,1,n,乙,False,1,EdgePrediction,R_cb63a1ebfc31098d,,,1619,7087,11
1619,1,e,甲,False,1,EdgePrediction,R_8b0d2a6b7293001d_t1254,,,1620,7087,11
1620,1,e,乙,False,0,Abstain,R_0e5d236bf5b42b15_t1168,no_projectable_relation,,1621,7087,11
1621,1,n,甲,False,1,EdgePrediction,R_7b6b1008b48c1115,,,1622,7091,11
1622,1,n,甲,False,1,EdgePrediction,R_7b6b1008b48c1115,,,1623,7093,11
1623,1,n,乙,False,1,EdgePrediction,R_cb63a1ebfc31098d,,,1624,7115,11
1624,1,n,甲,False,1,EdgePrediction,R_7b6b1008b48c1115,,,1625,7115,11
1625,1,n,乙,False,1,EdgePrediction,R_cb63a1ebfc31098d,,,1626,7099,11
1626,1,n,乙,False,0,Abstain,R_cb63a1ebfc31098d,no_projectable_relation,,1627,7101,11
1627,1,n,甲,False,1,EdgePrediction,R_7b6b1008b48c1115,,,1628,7101,11
1628,1,n,甲,False,0,Abstain,R_7b6b1008b48c1115,no_projectable_relation,,1629,7101,11
1629,1,n,乙,False,1,EdgePrediction,R_cb63a1ebfc31098d,,,1630,7101,11
1630,1,n,乙,False,1,EdgePrediction,R_cb63a1ebfc31098d,,,1631,7101,11
1631,1,n,甲,False,1,EdgePrediction,R_7b6b1008b48c1115,,,1632,7101,11
1632,1,e,乙,False,1,EdgePrediction,R_0e5d236bf5b42b15_t1168,,,1633,7101,11
1633,1,n,甲,True,1,EdgePrediction,R_7b6b1008b48c1115,,,1634,7101,11
1634,1,n,甲,False,1,EdgePrediction,R_7b6b1008b48c1115,,,1635,7101,11
1635,1,n,乙,False,0,Abstain,R_cb63a1ebfc31098d,no_projectable_relation,,1636,7101,11
1636,1,n,甲,False,0,Abstain,R_7b6b1008b48c1115,no_projectable_relation,,1637,7101,11
1637,1,n,乙,False,1,EdgePrediction,R_cb63a1ebfc31098d,,,1638,7101,11
1638,1,n,乙,True,1,EdgePrediction,R_cb63a1ebfc31098d,,,1639,7101,11
1639,1,n,甲,False,1,EdgePrediction,R_7b6b1008b48c1115,,,1640,7086,11
1640,1,n,甲,False,0,Abstain,R_7b6b1008b48c1115,no_projectable_relation,,1641,7086,11
1641,1,n,乙,False,1,EdgePrediction,R_cb63a1ebfc31098d,,,1642,7104,11
1642,1,n,甲,False,1,EdgePrediction,R_7b6b1008b48c1115,,,1643,7104,11
1643,1,n,乙,False,0,Abstain,R_cb63a1ebfc31098d,no_projectable_relation,,1644,7114,11
1644,1,n,甲,False,1,EdgePrediction,R_7b6b1008b48c1115,,,1645,7114,11
1645,1,n,乙,False,1,EdgePrediction,R_cb63a1ebfc31098d,,,1646,7118,11
1646,1,e,乙,False,1,EdgePrediction,R_0e5d236bf5b42b15_t1168,,,1647,7126,11
1647,1,n,甲,False,1,EdgePrediction,R_7b6b1008b48c1115,,,1648,7058,11
1648,1,n,乙,False,0,Abstain,R_cb63a1ebfc31098d,no_projectable_relation,,1649,7060,11
1649,1,n,甲,False,1,EdgePrediction,R_7b6b1008b48c1115,,,1650,7074,11
1650,1,n,乙,False,0,Abstain,R_cb63a1ebfc31098d,no_projectable_relation,,1651,7076,11
1651,1,n,甲,False,0,Abstain,R_7b6b1008b48c1115,no_projectable_relation,,1652,7078,11
1652,1,n,甲,False,1,EdgePrediction,R_7b6b1008b48c1115,,,1653,7078,11
1653,1,n,乙,False,0,Abstain,R_cb63a1ebfc31098d,no_projectable_relation,,1654,7039,11
1654,1,n,甲,False,1,EdgePrediction,R_7b6b1008b48c1115,,,1655,7039,11
1655,1,n,乙,False,0,Abstain,R_cb63a1ebfc31098d,no_projectable_relation,,1656,7039,11
1656,1,n,乙,False,0,Abstain,R_cb63a1ebfc31098d,no_projectable_relation,,1657,7039,11
1657,1,n,甲,False,1,EdgePrediction,R_7b6b1008b48c1115,,,1658,7047,11
1658,1,n,甲,False,1,EdgePrediction,R_7b6b1008b48c1115,,,1659,7047,11
1659,1,n,乙,False,1,EdgePrediction,R_cb63a1ebfc31098d,,,1660,7047,11
1660,1,n,乙,False,0,Abstain,R_cb63a1ebfc31098d,no_projectable_relation,,1661,7047,11
1661,1,n,甲,False,1,EdgePrediction,R_7b6b1008b48c1115,,,1662,7047,11
1662,1,e,乙,False,1,EdgePrediction,R_0e5d236bf5b42b15_t1168,,,1663,7047,11
1663,1,n,甲,False,0,Abstain,R_7b6b1008b48c1115,no_projectable_relation,,1664,7047,11
1664,1,n,乙,False,0,Abstain,R_cb63a1ebfc31098d,no_projectable_relation,,1665,7047,11
1665,1,n,甲,False,0,Abstain,R_7b6b1008b48c1115,no_projectable_relation,,1666,7047,11
1666,1,n,乙,False,1,EdgePrediction,R_cb63a1ebfc31098d,,,1667,7047,11
1667,1,e,甲,True,1,EdgePrediction,R_8b0d2a6b7293001d_t1254,,,1668,7104,11
1668,1,n,甲,False,1,EdgePrediction,R_7b6b1008b48c1115,,,1669,7083,11
1669,1,n,乙,False,1,EdgePrediction,R_cb63a1ebfc31098d,,,1670,7083,11
1670,1,n,乙,False,0,Abstain,R_cb63a1ebfc31098d,no_projectable_relation,,1671,7083,11
1671,1,n,甲,False,1,EdgePrediction,R_7b6b1008b48c1115,,,1672,7062,11
1672,1,n,甲,True,1,EdgePrediction,R_7b6b1008b48c1115,,,1673,7062,11
1673,1,e,乙,False,0,Abstain,R_0e5d236bf5b42b15_t1168,no_projectable_relation,,1674,7064,11
1674,1,e,乙,False,1,EdgePrediction,R_0e5d236bf5b42b15_t1168,,,1675,7064,11
1675,1,n,甲,False,1,EdgePrediction,R_7b6b1008b48c1115,,,1676,7064,11
1676,1,n,乙,False,1,EdgePrediction,R_cb63a1ebfc31098d,,,1677,7072,11
1677,1,n,甲,False,1,EdgePrediction,R_7b6b1008b48c1115,,,1678,7072,11
1678,1,n,甲,False,0,Abstain,R_7b6b1008b48c1115,no_projectable_relation,,1679,7072,11
1679,1,e,乙,False,1,EdgePrediction,R_0e5d236bf5b42b15_t1168,,,1680,7051,11
1680,1,n,乙,False,1,EdgePrediction,R_cb63a1ebfc31098d,,,1681,7053,11
1681,1,n,甲,False,1,EdgePrediction,R_7b6b1008b48c1115,,,1682,7053,11
1682,1,n,乙,False,0,Abstain,R_cb63a1ebfc31098d,no_projectable_relation,,1683,6969,11
1683,1,n,甲,False,0,Abstain,R_7b6b1008b48c1115,no_projectable_relation,,1684,6927,11
1684,1,n,乙,False,1,EdgePrediction,R_cb63a1ebfc31098d,,,1685,6931,11
1685,1,n,甲,False,1,EdgePrediction,R_7b6b1008b48c1115,,,1686,6931,11
1686,1,n,乙,True,1,EdgePrediction,R_cb63a1ebfc31098d,,,1687,6935,11
1687,1,n,甲,False,1,EdgePrediction,R_7b6b1008b48c1115,,,1688,6935,11
1688,1,e,甲,False,1,EdgePrediction,R_8b0d2a6b7293001d_t1254,,,1689,6935,11
1689,1,n,乙,False,1,EdgePrediction,R_cb63a1ebfc31098d,,,1690,6935,11
1690,1,n,甲,False,1,EdgePrediction,R_7b6b1008b48c1115,,,1691,6935,11
1691,1,n,乙,True,1,EdgePrediction,R_cb63a1ebfc31098d,,,1692,6935,11
1692,1,n,甲,False,0,Abstain,R_7b6b1008b48c1115,no_projectable_relation,,1693,6935,11
1693,1,n,乙,False,1,EdgePrediction,R_cb63a1ebfc31098d,,,1694,6935,11
1694,1,n,乙,False,1,EdgePrediction,R_cb63a1ebfc31098d,,,1695,6937,11
1695,1,n,甲,False,1,EdgePrediction,R_7b6b1008b48c1115,,,1696,6920,11
1696,1,n,甲,False,1,EdgePrediction,R_7b6b1008b48c1115,,,1697,6920,11
1697,1,n,乙,False,0,Abstain,R_cb63a1ebfc31098d,no_projectable_relation,,1698,6920,11
1698,1,n,甲,False,1,EdgePrediction,R_7b6b1008b48c1115,,,1699,6920,11
1699,1,n,乙,True,1,EdgePrediction,R_cb63a1ebfc31098d,,,1700,6903,11
1700,1,n,乙,False,1,EdgePrediction,R_cb63a1ebfc31098d,,,1701,6903,11
1701,1,n,甲,True,1,EdgePrediction,R_7b6b1008b48c1115,,,1702,6903,11
1702,1,n,乙,False,1,EdgePrediction,R_cb63a1ebfc31098d,,,1703,6903,11
1703,1,n,甲,False,1,EdgePrediction,R_7b6b1008b48c1115,,,1704,6903,11
1704,1,n,乙,False,1,EdgePrediction,R_cb63a1ebfc31098d,,,1705,6903,11
1705,1,e,甲,False,1,EdgePrediction,R_8b0d2a6b7293001d_t1254,,,1706,6903,11
1706,1,n,乙,False,1,EdgePrediction,R_cb63a1ebfc31098d,,,1707,6903,11
1707,1,e,甲,False,1,EdgePrediction,R_8b0d2a6b7293001d_t1254,,,1708,6903,11
1708,1,n,乙,True,1,EdgePrediction,R_cb63a1ebfc31098d,,,1709,6903,11
1709,1,n,甲,False,0,Abstain,R_7b6b1008b48c1115,no_projectable_relation,,1710,6903,11
1710,1,n,乙,False,1,EdgePrediction,R_cb63a1ebfc31098d,,,1711,6886,11
1711,1,n,甲,False,0,Abstain,R_7b6b1008b48c1115,no_projectable_relation,,1712,6886,11
1712,1,n,乙,False,0,Abstain,R_cb63a1ebfc31098d,no_projectable_relation,,1713,6869,11
1713,1,e,甲,False,0,Abstain,R_8b0d2a6b7293001d_t1254,no_projectable_relation,,1714,6869,11
1714,1,n,乙,False,1,EdgePrediction,R_cb63a1ebfc31098d,,,1715,6869,11
1715,1,n,甲,False,1,EdgePrediction,R_7b6b1008b48c1115,,,1716,6869,11
1716,1,n,乙,False,1,EdgePrediction,R_cb63a1ebfc31098d,,,1717,6869,11
1717,1,n,甲,False,1,EdgePrediction,R_7b6b1008b48c1115,,,1718,6869,11
1718,1,n,甲,False,1,EdgePrediction,R_7b6b1008b48c1115,,,1719,6875,11
1719,1,n,乙,False,0,Abstain,R_cb63a1ebfc31098d,no_projectable_relation,,1720,6845,11
1720,1,n,乙,False,1,EdgePrediction,R_cb63a1ebfc31098d,,,1721,6845,11
1721,1,n,甲,False,1,EdgePrediction,R_7b6b1008b48c1115,,,1722,6845,11
1722,1,n,甲,False,1,EdgePrediction,R_7b6b1008b48c1115,,,1723,6857,11
1723,1,n,乙,False,0,Abstain,R_cb63a1ebfc31098d,no_projectable_relation,,1724,6857,11
1724,1,n,甲,False,1,EdgePrediction,R_7b6b1008b48c1115,,,1725,6859,11
1725,1,n,乙,False,1,EdgePrediction,R_cb63a1ebfc31098d,,,1726,6859,11
1726,1,n,甲,True,1,EdgePrediction,R_7b6b1008b48c1115,,,1727,6861,11
1727,1,n,乙,False,0,Abstain,R_cb63a1ebfc31098d,no_projectable_relation,,1728,6861,11
1728,1,n,乙,False,1,EdgePrediction,R_cb63a1ebfc31098d,,,1729,6861,11
1729,1,n,甲,False,1,EdgePrediction,R_7b6b1008b48c1115,,,1730,6861,11
1730,1,n,甲,False,0,Abstain,R_7b6b1008b48c1115,no_projectable_relation,,1731,6863,11
1731,1,e,乙,False,1,EdgePrediction,R_0e5d236bf5b42b15_t1168,,,1732,6863,11
1732,1,n,甲,True,1,EdgePrediction,R_7b6b1008b48c1115,,,1733,6863,11
1733,1,n,乙,False,1,EdgePrediction,R_cb63a1ebfc31098d,,,1734,6863,11
1734,1,n,乙,False,1,EdgePrediction,R_cb63a1ebfc31098d,,,1735,6863,11
1735,1,n,甲,False,1,EdgePrediction,R_7b6b1008b48c1115,,,1736,6867,11
1736,1,n,乙,False,0,Abstain,R_cb63a1ebfc31098d,no_projectable_relation,,1737,6867,11
1737,1,n,甲,False,1,EdgePrediction,R_7b6b1008b48c1115,,,1738,6871,11
1738,1,n,乙,False,0,Abstain,R_cb63a1ebfc31098d,no_projectable_relation,,1739,6871,11
1739,1,n,甲,True,1,EdgePrediction,R_7b6b1008b48c1115,,,1740,6873,11
