world,seed,condition,day,before,after,count
1,1,baseline,normal,correct,correct,106
1,1,baseline,normal,correct,wrong,0
1,1,baseline,normal,correct,abstain,0
1,1,baseline,normal,wrong,correct,0
1,1,baseline,normal,wrong,wrong,0
1,1,baseline,normal,wrong,abstain,0
1,1,baseline,normal,abstain,correct,0
1,1,baseline,normal,abstain,wrong,0
1,1,baseline,normal,abstain,abstain,18
1,1,baseline,exception,correct,correct,31
1,1,baseline,exception,correct,wrong,0
1,1,baseline,exception,correct,abstain,0
1,1,baseline,exception,wrong,correct,0
1,1,baseline,exception,wrong,wrong,0
1,1,baseline,exception,wrong,abstain,0
1,1,baseline,exception,abstain,correct,0
1,1,baseline,exception,abstain,wrong,0
1,1,baseline,exception,abstain,abstain,2
1,1,binary_e01,normal,correct,correct,106
1,1,binary_e01,normal,correct,wrong,0
1,1,binary_e01,normal,correct,abstain,0
1,1,binary_e01,normal,wrong,correct,0
1,1,binary_e01,normal,wrong,wrong,0
1,1,binary_e01,normal,wrong,abstain,0
1,1,binary_e01,normal,abstain,correct,0
1,1,binary_e01,normal,abstain,wrong,0
1,1,binary_e01,normal,abstain,abstain,18
1,1,binary_e01,exception,correct,correct,30
1,1,binary_e01,exception,correct,wrong,0
1,1,binary_e01,exception,correct,abstain,1
1,1,binary_e01,exception,wrong,correct,0
1,1,binary_e01,exception,wrong,wrong,0
1,1,binary_e01,exception,wrong,abstain,0
1,1,binary_e01,exception,abstain,correct,0
1,1,binary_e01,exception,abstain,wrong,0
1,1,binary_e01,exception,abstain,abstain,2
1,1,binary_e05,normal,correct,correct,106
1,1,binary_e05,normal,correct,wrong,0
1,1,binary_e05,normal,correct,abstain,0
1,1,binary_e05,normal,wrong,correct,0
1,1,binary_e05,normal,wrong,wrong,0
1,1,binary_e05,normal,wrong,abstain,0
1,1,binary_e05,normal,abstain,correct,0
1,1,binary_e05,normal,abstain,wrong,0
1,1,binary_e05,normal,abstain,abstain,18
1,1,binary_e05,exception,correct,correct,30
1,1,binary_e05,exception,correct,wrong,0
1,1,binary_e05,exception,correct,abstain,1
1,1,binary_e05,exception,wrong,correct,0
1,1,binary_e05,exception,wrong,wrong,0
1,1,binary_e05,exception,wrong,abstain,0
1,1,binary_e05,exception,abstain,correct,0
1,1,binary_e05,exception,abstain,wrong,0
1,1,binary_e05,exception,abstain,abstain,2
1,1,global_e01,normal,correct,correct,81
1,1,global_e01,normal,correct,wrong,0
1,1,global_e01,normal,correct,abstain,25
1,1,global_e01,normal,wrong,correct,0
1,1,global_e01,normal,wrong,wrong,0
1,1,global_e01,normal,wrong,abstain,0
1,1,global_e01,normal,abstain,correct,11
1,1,global_e01,normal,abstain,wrong,0
1,1,global_e01,normal,abstain,abstain,7
1,1,global_e01,exception,correct,correct,26
1,1,global_e01,exception,correct,wrong,0
1,1,global_e01,exception,correct,abstain,5
1,1,global_e01,exception,wrong,correct,0
1,1,global_e01,exception,wrong,wrong,0
1,1,global_e01,exception,wrong,abstain,0
1,1,global_e01,exception,abstain,correct,1
1,1,global_e01,exception,abstain,wrong,0
1,1,global_e01,exception,abstain,abstain,1
1,1,global_e05,normal,correct,correct,86
1,1,global_e05,normal,correct,wrong,0
1,1,global_e05,normal,correct,abstain,20
1,1,global_e05,normal,wrong,correct,0
1,1,global_e05,normal,wrong,wrong,0
1,1,global_e05,normal,wrong,abstain,0
1,1,global_e05,normal,abstain,correct,10
1,1,global_e05,normal,abstain,wrong,0
1,1,global_e05,normal,abstain,abstain,8
1,1,global_e05,exception,correct,correct,27
1,1,global_e05,exception,correct,wrong,0
1,1,global_e05,exception,correct,abstain,4
1,1,global_e05,exception,wrong,correct,0
1,1,global_e05,exception,wrong,wrong,0
1,1,global_e05,exception,wrong,abstain,0
1,1,global_e05,exception,abstain,correct,2
1,1,global_e05,exception,abstain,wrong,0
1,1,global_e05,exception,abstain,abstain,0
1,1,position_e01,normal,correct,correct,93
1,1,position_e01,normal,correct,wrong,0
1,1,position_e01,normal,correct,abstain,13
1,1,position_e01,normal,wrong,correct,0
1,1,position_e01,normal,wrong,wrong,0
1,1,position_e01,normal,wrong,abstain,0
1,1,position_e01,normal,abstain,correct,8
1,1,position_e01,normal,abstain,wrong,0
1,1,position_e01,normal,abstain,abstain,10
1,1,position_e01,exception,correct,correct,27
1,1,position_e01,exception,correct,wrong,0
1,1,position_e01,exception,correct,abstain,4
1,1,position_e01,exception,wrong,correct,0
1,1,position_e01,exception,wrong,wrong,0
1,1,position_e01,exception,wrong,abstain,0
1,1,position_e01,exception,abstain,correct,2
1,1,position_e01,exception,abstain,wrong,0
1,1,position_e01,exception,abstain,abstain,0
1,1,position_e05,normal,correct,correct,78
1,1,position_e05,normal,correct,wrong,0
1,1,position_e05,normal,correct,abstain,28
1,1,position_e05,normal,wrong,correct,0
1,1,position_e05,normal,wrong,wrong,0
1,1,position_e05,normal,wrong,abstain,0
1,1,position_e05,normal,abstain,correct,5
1,1,position_e05,normal,abstain,wrong,0
1,1,position_e05,normal,abstain,abstain,13
1,1,position_e05,exception,correct,correct,26
1,1,position_e05,exception,correct,wrong,0
1,1,position_e05,exception,correct,abstain,5
1,1,position_e05,exception,wrong,correct,0
1,1,position_e05,exception,wrong,wrong,0
1,1,position_e05,exception,wrong,abstain,0
1,1,position_e05,exception,abstain,correct,1
1,1,position_e05,exception,abstain,wrong,0
1,1,position_e05,exception,abstain,abstain,1
1,1,global_fixed1,normal,correct,correct,33
1,1,global_fixed1,normal,correct,wrong,0
1,1,global_fixed1,normal,correct,abstain,73
1,1,global_fixed1,normal,wrong,correct,0
1,1,global_fixed1,normal,wrong,wrong,0
1,1,global_fixed1,normal,wrong,abstain,0
1,1,global_fixed1,normal,abstain,correct,2
1,1,global_fixed1,normal,abstain,wrong,0
1,1,global_fixed1,normal,abstain,abstain,16
1,1,global_fixed1,exception,correct,correct,16
1,1,global_fixed1,exception,correct,wrong,0
1,1,global_fixed1,exception,correct,abstain,15
1,1,global_fixed1,exception,wrong,correct,0
1,1,global_fixed1,exception,wrong,wrong,0
1,1,global_fixed1,exception,wrong,abstain,0
1,1,global_fixed1,exception,abstain,correct,0
1,1,global_fixed1,exception,abstain,wrong,0
1,1,global_fixed1,exception,abstain,abstain,2
1,1,position_fixed1,normal,correct,correct,49
1,1,position_fixed1,normal,correct,wrong,0
1,1,position_fixed1,normal,correct,abstain,57
1,1,position_fixed1,normal,wrong,correct,0
1,1,position_fixed1,normal,wrong,wrong,0
1,1,position_fixed1,normal,wrong,abstain,0
1,1,position_fixed1,normal,abstain,correct,11
1,1,position_fixed1,normal,abstain,wrong,0
1,1,position_fixed1,normal,abstain,abstain,7
1,1,position_fixed1,exception,correct,correct,18
1,1,position_fixed1,exception,correct,wrong,0
1,1,position_fixed1,exception,correct,abstain,13
1,1,position_fixed1,exception,wrong,correct,0
1,1,position_fixed1,exception,wrong,wrong,0
1,1,position_fixed1,exception,wrong,abstain,0
1,1,position_fixed1,exception,abstain,correct,1
1,1,position_fixed1,exception,abstain,wrong,0
1,1,position_fixed1,exception,abstain,abstain,1
1,2,baseline,normal,correct,correct,93
1,2,baseline,normal,correct,wrong,0
1,2,baseline,normal,correct,abstain,0
1,2,baseline,normal,wrong,correct,0
1,2,baseline,normal,wrong,wrong,0
1,2,baseline,normal,wrong,abstain,0
1,2,baseline,normal,abstain,correct,0
1,2,baseline,normal,abstain,wrong,0
1,2,baseline,normal,abstain,abstain,27
1,2,baseline,exception,correct,correct,24
1,2,baseline,exception,correct,wrong,0
1,2,baseline,exception,correct,abstain,0
1,2,baseline,exception,wrong,correct,0
1,2,baseline,exception,wrong,wrong,0
1,2,baseline,exception,wrong,abstain,0
1,2,baseline,exception,abstain,correct,0
1,2,baseline,exception,abstain,wrong,0
1,2,baseline,exception,abstain,abstain,10
1,2,binary_e01,normal,correct,correct,93
1,2,binary_e01,normal,correct,wrong,0
1,2,binary_e01,normal,correct,abstain,0
1,2,binary_e01,normal,wrong,correct,0
1,2,binary_e01,normal,wrong,wrong,0
1,2,binary_e01,normal,wrong,abstain,0
1,2,binary_e01,normal,abstain,correct,1
1,2,binary_e01,normal,abstain,wrong,0
1,2,binary_e01,normal,abstain,abstain,26
1,2,binary_e01,exception,correct,correct,24
1,2,binary_e01,exception,correct,wrong,0
1,2,binary_e01,exception,correct,abstain,0
1,2,binary_e01,exception,wrong,correct,0
1,2,binary_e01,exception,wrong,wrong,0
1,2,binary_e01,exception,wrong,abstain,0
1,2,binary_e01,exception,abstain,correct,0
1,2,binary_e01,exception,abstain,wrong,0
1,2,binary_e01,exception,abstain,abstain,10
1,2,binary_e05,normal,correct,correct,93
1,2,binary_e05,normal,correct,wrong,0
1,2,binary_e05,normal,correct,abstain,0
1,2,binary_e05,normal,wrong,correct,0
1,2,binary_e05,normal,wrong,wrong,0
1,2,binary_e05,normal,wrong,abstain,0
1,2,binary_e05,normal,abstain,correct,1
1,2,binary_e05,normal,abstain,wrong,0
1,2,binary_e05,normal,abstain,abstain,26
1,2,binary_e05,exception,correct,correct,24
1,2,binary_e05,exception,correct,wrong,0
1,2,binary_e05,exception,correct,abstain,0
1,2,binary_e05,exception,wrong,correct,0
1,2,binary_e05,exception,wrong,wrong,0
1,2,binary_e05,exception,wrong,abstain,0
1,2,binary_e05,exception,abstain,correct,0
1,2,binary_e05,exception,abstain,wrong,0
1,2,binary_e05,exception,abstain,abstain,10
1,2,global_e01,normal,correct,correct,75
1,2,global_e01,normal,correct,wrong,0
1,2,global_e01,normal,correct,abstain,18
1,2,global_e01,normal,wrong,correct,0
1,2,global_e01,normal,wrong,wrong,0
1,2,global_e01,normal,wrong,abstain,0
1,2,global_e01,normal,abstain,correct,13
1,2,global_e01,normal,abstain,wrong,0
1,2,global_e01,normal,abstain,abstain,14
1,2,global_e01,exception,correct,correct,16
1,2,global_e01,exception,correct,wrong,0
1,2,global_e01,exception,correct,abstain,8
1,2,global_e01,exception,wrong,correct,0
1,2,global_e01,exception,wrong,wrong,0
1,2,global_e01,exception,wrong,abstain,0
1,2,global_e01,exception,abstain,correct,4
1,2,global_e01,exception,abstain,wrong,0
1,2,global_e01,exception,abstain,abstain,6
1,2,global_e05,normal,correct,correct,70
1,2,global_e05,normal,correct,wrong,0
1,2,global_e05,normal,correct,abstain,23
1,2,global_e05,normal,wrong,correct,0
1,2,global_e05,normal,wrong,wrong,0
1,2,global_e05,normal,wrong,abstain,0
1,2,global_e05,normal,abstain,correct,14
1,2,global_e05,normal,abstain,wrong,0
1,2,global_e05,normal,abstain,abstain,13
1,2,global_e05,exception,correct,correct,16
1,2,global_e05,exception,correct,wrong,0
1,2,global_e05,exception,correct,abstain,8
1,2,global_e05,exception,wrong,correct,0
1,2,global_e05,exception,wrong,wrong,0
1,2,global_e05,exception,wrong,abstain,0
1,2,global_e05,exception,abstain,correct,4
1,2,global_e05,exception,abstain,wrong,0
1,2,global_e05,exception,abstain,abstain,6
1,2,position_e01,normal,correct,correct,90
1,2,position_e01,normal,correct,wrong,0
1,2,position_e01,normal,correct,abstain,3
1,2,position_e01,normal,wrong,correct,0
1,2,position_e01,normal,wrong,wrong,0
1,2,position_e01,normal,wrong,abstain,0
1,2,position_e01,normal,abstain,correct,12
1,2,position_e01,normal,abstain,wrong,0
1,2,position_e01,normal,abstain,abstain,15
1,2,position_e01,exception,correct,correct,24
1,2,position_e01,exception,correct,wrong,0
1,2,position_e01,exception,correct,abstain,0
1,2,position_e01,exception,wrong,correct,0
1,2,position_e01,exception,wrong,wrong,0
1,2,position_e01,exception,wrong,abstain,0
1,2,position_e01,exception,abstain,correct,2
1,2,position_e01,exception,abstain,wrong,0
1,2,position_e01,exception,abstain,abstain,8
1,2,position_e05,normal,correct,correct,81
1,2,position_e05,normal,correct,wrong,0
1,2,position_e05,normal,correct,abstain,12
1,2,position_e05,normal,wrong,correct,0
1,2,position_e05,normal,wrong,wrong,0
1,2,position_e05,normal,wrong,abstain,0
1,2,position_e05,normal,abstain,correct,18
1,2,position_e05,normal,abstain,wrong,0
1,2,position_e05,normal,abstain,abstain,9
1,2,position_e05,exception,correct,correct,16
1,2,position_e05,exception,correct,wrong,0
1,2,position_e05,exception,correct,abstain,8
1,2,position_e05,exception,wrong,correct,0
1,2,position_e05,exception,wrong,wrong,0
1,2,position_e05,exception,wrong,abstain,0
1,2,position_e05,exception,abstain,correct,3
1,2,position_e05,exception,abstain,wrong,0
1,2,position_e05,exception,abstain,abstain,7
1,2,global_fixed1,normal,correct,correct,34
1,2,global_fixed1,normal,correct,wrong,0
1,2,global_fixed1,normal,correct,abstain,59
1,2,global_fixed1,normal,wrong,correct,0
1,2,global_fixed1,normal,wrong,wrong,0
1,2,global_fixed1,normal,wrong,abstain,0
1,2,global_fixed1,normal,abstain,correct,8
1,2,global_fixed1,normal,abstain,wrong,0
1,2,global_fixed1,normal,abstain,abstain,19
1,2,global_fixed1,exception,correct,correct,10
1,2,global_fixed1,exception,correct,wrong,0
1,2,global_fixed1,exception,correct,abstain,14
1,2,global_fixed1,exception,wrong,correct,0
1,2,global_fixed1,exception,wrong,wrong,0
1,2,global_fixed1,exception,wrong,abstain,0
1,2,global_fixed1,exception,abstain,correct,2
1,2,global_fixed1,exception,abstain,wrong,0
1,2,global_fixed1,exception,abstain,abstain,8
1,2,position_fixed1,normal,correct,correct,41
1,2,position_fixed1,normal,correct,wrong,0
1,2,position_fixed1,normal,correct,abstain,52
1,2,position_fixed1,normal,wrong,correct,0
1,2,position_fixed1,normal,wrong,wrong,0
1,2,position_fixed1,normal,wrong,abstain,0
1,2,position_fixed1,normal,abstain,correct,12
1,2,position_fixed1,normal,abstain,wrong,0
1,2,position_fixed1,normal,abstain,abstain,15
1,2,position_fixed1,exception,correct,correct,10
1,2,position_fixed1,exception,correct,wrong,0
1,2,position_fixed1,exception,correct,abstain,14
1,2,position_fixed1,exception,wrong,correct,0
1,2,position_fixed1,exception,wrong,wrong,0
1,2,position_fixed1,exception,wrong,abstain,0
1,2,position_fixed1,exception,abstain,correct,2
1,2,position_fixed1,exception,abstain,wrong,0
1,2,position_fixed1,exception,abstain,abstain,8
1,3,baseline,normal,correct,correct,120
1,3,baseline,normal,correct,wrong,0
1,3,baseline,normal,correct,abstain,0
1,3,baseline,normal,wrong,correct,0
1,3,baseline,normal,wrong,wrong,0
1,3,baseline,normal,wrong,abstain,0
1,3,baseline,normal,abstain,correct,0
1,3,baseline,normal,abstain,wrong,0
1,3,baseline,normal,abstain,abstain,23
1,3,baseline,exception,correct,correct,31
1,3,baseline,exception,correct,wrong,0
1,3,baseline,exception,correct,abstain,0
1,3,baseline,exception,wrong,correct,0
1,3,baseline,exception,wrong,wrong,0
1,3,baseline,exception,wrong,abstain,0
1,3,baseline,exception,abstain,correct,0
1,3,baseline,exception,abstain,wrong,0
1,3,baseline,exception,abstain,abstain,2
1,3,binary_e01,normal,correct,correct,120
1,3,binary_e01,normal,correct,wrong,0
1,3,binary_e01,normal,correct,abstain,0
1,3,binary_e01,normal,wrong,correct,0
1,3,binary_e01,normal,wrong,wrong,0
1,3,binary_e01,normal,wrong,abstain,0
1,3,binary_e01,normal,abstain,correct,0
1,3,binary_e01,normal,abstain,wrong,0
1,3,binary_e01,normal,abstain,abstain,23
1,3,binary_e01,exception,correct,correct,31
1,3,binary_e01,exception,correct,wrong,0
1,3,binary_e01,exception,correct,abstain,0
1,3,binary_e01,exception,wrong,correct,0
1,3,binary_e01,exception,wrong,wrong,0
1,3,binary_e01,exception,wrong,abstain,0
1,3,binary_e01,exception,abstain,correct,0
1,3,binary_e01,exception,abstain,wrong,0
1,3,binary_e01,exception,abstain,abstain,2
1,3,binary_e05,normal,correct,correct,120
1,3,binary_e05,normal,correct,wrong,0
1,3,binary_e05,normal,correct,abstain,0
1,3,binary_e05,normal,wrong,correct,0
1,3,binary_e05,normal,wrong,wrong,0
1,3,binary_e05,normal,wrong,abstain,0
1,3,binary_e05,normal,abstain,correct,0
1,3,binary_e05,normal,abstain,wrong,0
1,3,binary_e05,normal,abstain,abstain,23
1,3,binary_e05,exception,correct,correct,31
1,3,binary_e05,exception,correct,wrong,0
1,3,binary_e05,exception,correct,abstain,0
1,3,binary_e05,exception,wrong,correct,0
1,3,binary_e05,exception,wrong,wrong,0
1,3,binary_e05,exception,wrong,abstain,0
1,3,binary_e05,exception,abstain,correct,0
1,3,binary_e05,exception,abstain,wrong,0
1,3,binary_e05,exception,abstain,abstain,2
1,3,global_e01,normal,correct,correct,110
1,3,global_e01,normal,correct,wrong,0
1,3,global_e01,normal,correct,abstain,10
1,3,global_e01,normal,wrong,correct,0
1,3,global_e01,normal,wrong,wrong,0
1,3,global_e01,normal,wrong,abstain,0
1,3,global_e01,normal,abstain,correct,12
1,3,global_e01,normal,abstain,wrong,0
1,3,global_e01,normal,abstain,abstain,11
1,3,global_e01,exception,correct,correct,26
1,3,global_e01,exception,correct,wrong,0
1,3,global_e01,exception,correct,abstain,5
1,3,global_e01,exception,wrong,correct,0
1,3,global_e01,exception,wrong,wrong,0
1,3,global_e01,exception,wrong,abstain,0
1,3,global_e01,exception,abstain,correct,1
1,3,global_e01,exception,abstain,wrong,0
1,3,global_e01,exception,abstain,abstain,1
1,3,global_e05,normal,correct,correct,102
1,3,global_e05,normal,correct,wrong,0
1,3,global_e05,normal,correct,abstain,18
1,3,global_e05,normal,wrong,correct,0
1,3,global_e05,normal,wrong,wrong,0
1,3,global_e05,normal,wrong,abstain,0
1,3,global_e05,normal,abstain,correct,10
1,3,global_e05,normal,abstain,wrong,0
1,3,global_e05,normal,abstain,abstain,13
1,3,global_e05,exception,correct,correct,28
1,3,global_e05,exception,correct,wrong,0
1,3,global_e05,exception,correct,abstain,3
1,3,global_e05,exception,wrong,correct,0
1,3,global_e05,exception,wrong,wrong,0
1,3,global_e05,exception,wrong,abstain,0
1,3,global_e05,exception,abstain,correct,1
1,3,global_e05,exception,abstain,wrong,0
1,3,global_e05,exception,abstain,abstain,1
1,3,position_e01,normal,correct,correct,112
1,3,position_e01,normal,correct,wrong,0
1,3,position_e01,normal,correct,abstain,8
1,3,position_e01,normal,wrong,correct,0
1,3,position_e01,normal,wrong,wrong,0
1,3,position_e01,normal,wrong,abstain,0
1,3,position_e01,normal,abstain,correct,3
1,3,position_e01,normal,abstain,wrong,0
1,3,position_e01,normal,abstain,abstain,20
1,3,position_e01,exception,correct,correct,28
1,3,position_e01,exception,correct,wrong,0
1,3,position_e01,exception,correct,abstain,3
1,3,position_e01,exception,wrong,correct,0
1,3,position_e01,exception,wrong,wrong,0
1,3,position_e01,exception,wrong,abstain,0
1,3,position_e01,exception,abstain,correct,1
1,3,position_e01,exception,abstain,wrong,0
1,3,position_e01,exception,abstain,abstain,1
1,3,position_e05,normal,correct,correct,110
1,3,position_e05,normal,correct,wrong,0
1,3,position_e05,normal,correct,abstain,10
1,3,position_e05,normal,wrong,correct,0
1,3,position_e05,normal,wrong,wrong,0
1,3,position_e05,normal,wrong,abstain,0
1,3,position_e05,normal,abstain,correct,0
1,3,position_e05,normal,abstain,wrong,0
1,3,position_e05,normal,abstain,abstain,23
1,3,position_e05,exception,correct,correct,26
1,3,position_e05,exception,correct,wrong,0
1,3,position_e05,exception,correct,abstain,5
1,3,position_e05,exception,wrong,correct,0
1,3,position_e05,exception,wrong,wrong,0
1,3,position_e05,exception,wrong,abstain,0
1,3,position_e05,exception,abstain,correct,0
1,3,position_e05,exception,abstain,wrong,0
1,3,position_e05,exception,abstain,abstain,2
1,3,global_fixed1,normal,correct,correct,26
1,3,global_fixed1,normal,correct,wrong,0
1,3,global_fixed1,normal,correct,abstain,94
1,3,global_fixed1,normal,wrong,correct,0
1,3,global_fixed1,normal,wrong,wrong,0
1,3,global_fixed1,normal,wrong,abstain,0
1,3,global_fixed1,normal,abstain,correct,0
1,3,global_fixed1,normal,abstain,wrong,0
1,3,global_fixed1,normal,abstain,abstain,23
1,3,global_fixed1,exception,correct,correct,11
1,3,global_fixed1,exception,correct,wrong,0
1,3,global_fixed1,exception,correct,abstain,20
1,3,global_fixed1,exception,wrong,correct,0
1,3,global_fixed1,exception,wrong,wrong,0
1,3,global_fixed1,exception,wrong,abstain,0
1,3,global_fixed1,exception,abstain,correct,0
1,3,global_fixed1,exception,abstain,wrong,0
1,3,global_fixed1,exception,abstain,abstain,2
1,3,position_fixed1,normal,correct,correct,81
1,3,position_fixed1,normal,correct,wrong,0
1,3,position_fixed1,normal,correct,abstain,39
1,3,position_fixed1,normal,wrong,correct,0
1,3,position_fixed1,normal,wrong,wrong,0
1,3,position_fixed1,normal,wrong,abstain,0
1,3,position_fixed1,normal,abstain,correct,3
1,3,position_fixed1,normal,abstain,wrong,0
1,3,position_fixed1,normal,abstain,abstain,20
1,3,position_fixed1,exception,correct,correct,19
1,3,position_fixed1,exception,correct,wrong,0
1,3,position_fixed1,exception,correct,abstain,12
1,3,position_fixed1,exception,wrong,correct,0
1,3,position_fixed1,exception,wrong,wrong,0
1,3,position_fixed1,exception,wrong,abstain,0
1,3,position_fixed1,exception,abstain,correct,0
1,3,position_fixed1,exception,abstain,wrong,0
1,3,position_fixed1,exception,abstain,abstain,2
1,4,baseline,normal,correct,correct,107
1,4,baseline,normal,correct,wrong,0
1,4,baseline,normal,correct,abstain,0
1,4,baseline,normal,wrong,correct,0
1,4,baseline,normal,wrong,wrong,0
1,4,baseline,normal,wrong,abstain,0
1,4,baseline,normal,abstain,correct,0
1,4,baseline,normal,abstain,wrong,0
1,4,baseline,normal,abstain,abstain,9
1,4,baseline,exception,correct,correct,20
1,4,baseline,exception,correct,wrong,0
1,4,baseline,exception,correct,abstain,0
1,4,baseline,exception,wrong,correct,0
1,4,baseline,exception,wrong,wrong,0
1,4,baseline,exception,wrong,abstain,0
1,4,baseline,exception,abstain,correct,0
1,4,baseline,exception,abstain,wrong,0
1,4,baseline,exception,abstain,abstain,3
1,4,binary_e01,normal,correct,correct,107
1,4,binary_e01,normal,correct,wrong,0
1,4,binary_e01,normal,correct,abstain,0
1,4,binary_e01,normal,wrong,correct,0
1,4,binary_e01,normal,wrong,wrong,0
1,4,binary_e01,normal,wrong,abstain,0
1,4,binary_e01,normal,abstain,correct,0
1,4,binary_e01,normal,abstain,wrong,0
1,4,binary_e01,normal,abstain,abstain,9
1,4,binary_e01,exception,correct,correct,20
1,4,binary_e01,exception,correct,wrong,0
1,4,binary_e01,exception,correct,abstain,0
1,4,binary_e01,exception,wrong,correct,0
1,4,binary_e01,exception,wrong,wrong,0
1,4,binary_e01,exception,wrong,abstain,0
1,4,binary_e01,exception,abstain,correct,0
1,4,binary_e01,exception,abstain,wrong,0
1,4,binary_e01,exception,abstain,abstain,3
1,4,binary_e05,normal,correct,correct,106
1,4,binary_e05,normal,correct,wrong,0
1,4,binary_e05,normal,correct,abstain,1
1,4,binary_e05,normal,wrong,correct,0
1,4,binary_e05,normal,wrong,wrong,0
1,4,binary_e05,normal,wrong,abstain,0
1,4,binary_e05,normal,abstain,correct,0
1,4,binary_e05,normal,abstain,wrong,0
1,4,binary_e05,normal,abstain,abstain,9
1,4,binary_e05,exception,correct,correct,19
1,4,binary_e05,exception,correct,wrong,0
1,4,binary_e05,exception,correct,abstain,1
1,4,binary_e05,exception,wrong,correct,0
1,4,binary_e05,exception,wrong,wrong,0
1,4,binary_e05,exception,wrong,abstain,0
1,4,binary_e05,exception,abstain,correct,0
1,4,binary_e05,exception,abstain,wrong,0
1,4,binary_e05,exception,abstain,abstain,3
1,4,global_e01,normal,correct,correct,96
1,4,global_e01,normal,correct,wrong,0
1,4,global_e01,normal,correct,abstain,11
1,4,global_e01,normal,wrong,correct,0
1,4,global_e01,normal,wrong,wrong,0
1,4,global_e01,normal,wrong,abstain,0
1,4,global_e01,normal,abstain,correct,3
1,4,global_e01,normal,abstain,wrong,0
1,4,global_e01,normal,abstain,abstain,6
1,4,global_e01,exception,correct,correct,15
1,4,global_e01,exception,correct,wrong,0
1,4,global_e01,exception,correct,abstain,5
1,4,global_e01,exception,wrong,correct,0
1,4,global_e01,exception,wrong,wrong,0
1,4,global_e01,exception,wrong,abstain,0
1,4,global_e01,exception,abstain,correct,2
1,4,global_e01,exception,abstain,wrong,0
1,4,global_e01,exception,abstain,abstain,1
1,4,global_e05,normal,correct,correct,96
1,4,global_e05,normal,correct,wrong,0
1,4,global_e05,normal,correct,abstain,11
1,4,global_e05,normal,wrong,correct,0
1,4,global_e05,normal,wrong,wrong,0
1,4,global_e05,normal,wrong,abstain,0
1,4,global_e05,normal,abstain,correct,2
1,4,global_e05,normal,abstain,wrong,0
1,4,global_e05,normal,abstain,abstain,7
1,4,global_e05,exception,correct,correct,18
1,4,global_e05,exception,correct,wrong,0
1,4,global_e05,exception,correct,abstain,2
1,4,global_e05,exception,wrong,correct,0
1,4,global_e05,exception,wrong,wrong,0
1,4,global_e05,exception,wrong,abstain,0
1,4,global_e05,exception,abstain,correct,1
1,4,global_e05,exception,abstain,wrong,0
1,4,global_e05,exception,abstain,abstain,2
1,4,position_e01,normal,correct,correct,98
1,4,position_e01,normal,correct,wrong,0
1,4,position_e01,normal,correct,abstain,9
1,4,position_e01,normal,wrong,correct,0
1,4,position_e01,normal,wrong,wrong,0
1,4,position_e01,normal,wrong,abstain,0
1,4,position_e01,normal,abstain,correct,0
1,4,position_e01,normal,abstain,wrong,0
1,4,position_e01,normal,abstain,abstain,9
1,4,position_e01,exception,correct,correct,19
1,4,position_e01,exception,correct,wrong,0
1,4,position_e01,exception,correct,abstain,1
1,4,position_e01,exception,wrong,correct,0
1,4,position_e01,exception,wrong,wrong,0
1,4,position_e01,exception,wrong,abstain,0
1,4,position_e01,exception,abstain,correct,1
1,4,position_e01,exception,abstain,wrong,0
1,4,position_e01,exception,abstain,abstain,2
1,4,position_e05,normal,correct,correct,96
1,4,position_e05,normal,correct,wrong,0
1,4,position_e05,normal,correct,abstain,11
1,4,position_e05,normal,wrong,correct,0
1,4,position_e05,normal,wrong,wrong,0
1,4,position_e05,normal,wrong,abstain,0
1,4,position_e05,normal,abstain,correct,1
1,4,position_e05,normal,abstain,wrong,0
1,4,position_e05,normal,abstain,abstain,8
1,4,position_e05,exception,correct,correct,15
1,4,position_e05,exception,correct,wrong,0
1,4,position_e05,exception,correct,abstain,5
1,4,position_e05,exception,wrong,correct,0
1,4,position_e05,exception,wrong,wrong,0
1,4,position_e05,exception,wrong,abstain,0
1,4,position_e05,exception,abstain,correct,2
1,4,position_e05,exception,abstain,wrong,0
1,4,position_e05,exception,abstain,abstain,1
1,4,global_fixed1,normal,correct,correct,63
1,4,global_fixed1,normal,correct,wrong,0
1,4,global_fixed1,normal,correct,abstain,44
1,4,global_fixed1,normal,wrong,correct,0
1,4,global_fixed1,normal,wrong,wrong,0
1,4,global_fixed1,normal,wrong,abstain,0
1,4,global_fixed1,normal,abstain,correct,1
1,4,global_fixed1,normal,abstain,wrong,0
1,4,global_fixed1,normal,abstain,abstain,8
1,4,global_fixed1,exception,correct,correct,8
1,4,global_fixed1,exception,correct,wrong,0
1,4,global_fixed1,exception,correct,abstain,12
1,4,global_fixed1,exception,wrong,correct,0
1,4,global_fixed1,exception,wrong,wrong,0
1,4,global_fixed1,exception,wrong,abstain,0
1,4,global_fixed1,exception,abstain,correct,1
1,4,global_fixed1,exception,abstain,wrong,0
1,4,global_fixed1,exception,abstain,abstain,2
1,4,position_fixed1,normal,correct,correct,66
1,4,position_fixed1,normal,correct,wrong,0
1,4,position_fixed1,normal,correct,abstain,41
1,4,position_fixed1,normal,wrong,correct,0
1,4,position_fixed1,normal,wrong,wrong,0
1,4,position_fixed1,normal,wrong,abstain,0
1,4,position_fixed1,normal,abstain,correct,1
1,4,position_fixed1,normal,abstain,wrong,0
1,4,position_fixed1,normal,abstain,abstain,8
1,4,position_fixed1,exception,correct,correct,8
1,4,position_fixed1,exception,correct,wrong,0
1,4,position_fixed1,exception,correct,abstain,12
1,4,position_fixed1,exception,wrong,correct,0
1,4,position_fixed1,exception,wrong,wrong,0
1,4,position_fixed1,exception,wrong,abstain,0
1,4,position_fixed1,exception,abstain,correct,1
1,4,position_fixed1,exception,abstain,wrong,0
1,4,position_fixed1,exception,abstain,abstain,2
1,5,baseline,normal,correct,correct,122
1,5,baseline,normal,correct,wrong,0
1,5,baseline,normal,correct,abstain,0
1,5,baseline,normal,wrong,correct,0
1,5,baseline,normal,wrong,wrong,0
1,5,baseline,normal,wrong,abstain,0
1,5,baseline,normal,abstain,correct,0
1,5,baseline,normal,abstain,wrong,0
1,5,baseline,normal,abstain,abstain,9
1,5,baseline,exception,correct,correct,33
1,5,baseline,exception,correct,wrong,0
1,5,baseline,exception,correct,abstain,0
1,5,baseline,exception,wrong,correct,0
1,5,baseline,exception,wrong,wrong,0
1,5,baseline,exception,wrong,abstain,0
1,5,baseline,exception,abstain,correct,0
1,5,baseline,exception,abstain,wrong,0
1,5,baseline,exception,abstain,abstain,7
1,5,binary_e01,normal,correct,correct,122
1,5,binary_e01,normal,correct,wrong,0
1,5,binary_e01,normal,correct,abstain,0
1,5,binary_e01,normal,wrong,correct,0
1,5,binary_e01,normal,wrong,wrong,0
1,5,binary_e01,normal,wrong,abstain,0
1,5,binary_e01,normal,abstain,correct,0
1,5,binary_e01,normal,abstain,wrong,0
1,5,binary_e01,normal,abstain,abstain,9
1,5,binary_e01,exception,correct,correct,33
1,5,binary_e01,exception,correct,wrong,0
1,5,binary_e01,exception,correct,abstain,0
1,5,binary_e01,exception,wrong,correct,0
1,5,binary_e01,exception,wrong,wrong,0
1,5,binary_e01,exception,wrong,abstain,0
1,5,binary_e01,exception,abstain,correct,0
1,5,binary_e01,exception,abstain,wrong,0
1,5,binary_e01,exception,abstain,abstain,7
1,5,binary_e05,normal,correct,correct,122
1,5,binary_e05,normal,correct,wrong,0
1,5,binary_e05,normal,correct,abstain,0
1,5,binary_e05,normal,wrong,correct,0
1,5,binary_e05,normal,wrong,wrong,0
1,5,binary_e05,normal,wrong,abstain,0
1,5,binary_e05,normal,abstain,correct,0
1,5,binary_e05,normal,abstain,wrong,0
1,5,binary_e05,normal,abstain,abstain,9
1,5,binary_e05,exception,correct,correct,33
1,5,binary_e05,exception,correct,wrong,0
1,5,binary_e05,exception,correct,abstain,0
1,5,binary_e05,exception,wrong,correct,0
1,5,binary_e05,exception,wrong,wrong,0
1,5,binary_e05,exception,wrong,abstain,0
1,5,binary_e05,exception,abstain,correct,0
1,5,binary_e05,exception,abstain,wrong,0
1,5,binary_e05,exception,abstain,abstain,7
1,5,global_e01,normal,correct,correct,102
1,5,global_e01,normal,correct,wrong,0
1,5,global_e01,normal,correct,abstain,20
1,5,global_e01,normal,wrong,correct,0
1,5,global_e01,normal,wrong,wrong,0
1,5,global_e01,normal,wrong,abstain,0
1,5,global_e01,normal,abstain,correct,6
1,5,global_e01,normal,abstain,wrong,0
1,5,global_e01,normal,abstain,abstain,3
1,5,global_e01,exception,correct,correct,27
1,5,global_e01,exception,correct,wrong,0
1,5,global_e01,exception,correct,abstain,6
1,5,global_e01,exception,wrong,correct,0
1,5,global_e01,exception,wrong,wrong,0
1,5,global_e01,exception,wrong,abstain,0
1,5,global_e01,exception,abstain,correct,4
1,5,global_e01,exception,abstain,wrong,0
1,5,global_e01,exception,abstain,abstain,3
1,5,global_e05,normal,correct,correct,95
1,5,global_e05,normal,correct,wrong,0
1,5,global_e05,normal,correct,abstain,27
1,5,global_e05,normal,wrong,correct,0
1,5,global_e05,normal,wrong,wrong,0
1,5,global_e05,normal,wrong,abstain,0
1,5,global_e05,normal,abstain,correct,4
1,5,global_e05,normal,abstain,wrong,2
1,5,global_e05,normal,abstain,abstain,3
1,5,global_e05,exception,correct,correct,23
1,5,global_e05,exception,correct,wrong,1
1,5,global_e05,exception,correct,abstain,9
1,5,global_e05,exception,wrong,correct,0
1,5,global_e05,exception,wrong,wrong,0
1,5,global_e05,exception,wrong,abstain,0
1,5,global_e05,exception,abstain,correct,4
1,5,global_e05,exception,abstain,wrong,1
1,5,global_e05,exception,abstain,abstain,2
1,5,position_e01,normal,correct,correct,109
1,5,position_e01,normal,correct,wrong,0
1,5,position_e01,normal,correct,abstain,13
1,5,position_e01,normal,wrong,correct,0
1,5,position_e01,normal,wrong,wrong,0
1,5,position_e01,normal,wrong,abstain,0
1,5,position_e01,normal,abstain,correct,0
1,5,position_e01,normal,abstain,wrong,0
1,5,position_e01,normal,abstain,abstain,9
1,5,position_e01,exception,correct,correct,28
1,5,position_e01,exception,correct,wrong,0
1,5,position_e01,exception,correct,abstain,5
1,5,position_e01,exception,wrong,correct,0
1,5,position_e01,exception,wrong,wrong,0
1,5,position_e01,exception,wrong,abstain,0
1,5,position_e01,exception,abstain,correct,0
1,5,position_e01,exception,abstain,wrong,0
1,5,position_e01,exception,abstain,abstain,7
1,5,position_e05,normal,correct,correct,102
1,5,position_e05,normal,correct,wrong,0
1,5,position_e05,normal,correct,abstain,20
1,5,position_e05,normal,wrong,correct,0
1,5,position_e05,normal,wrong,wrong,0
1,5,position_e05,normal,wrong,abstain,0
1,5,position_e05,normal,abstain,correct,2
1,5,position_e05,normal,abstain,wrong,0
1,5,position_e05,normal,abstain,abstain,7
1,5,position_e05,exception,correct,correct,27
1,5,position_e05,exception,correct,wrong,0
1,5,position_e05,exception,correct,abstain,6
1,5,position_e05,exception,wrong,correct,0
1,5,position_e05,exception,wrong,wrong,0
1,5,position_e05,exception,wrong,abstain,0
1,5,position_e05,exception,abstain,correct,4
1,5,position_e05,exception,abstain,wrong,0
1,5,position_e05,exception,abstain,abstain,3
1,5,global_fixed1,normal,correct,correct,26
1,5,global_fixed1,normal,correct,wrong,3
1,5,global_fixed1,normal,correct,abstain,93
1,5,global_fixed1,normal,wrong,correct,0
1,5,global_fixed1,normal,wrong,wrong,0
1,5,global_fixed1,normal,wrong,abstain,0
1,5,global_fixed1,normal,abstain,correct,0
1,5,global_fixed1,normal,abstain,wrong,6
1,5,global_fixed1,normal,abstain,abstain,3
1,5,global_fixed1,exception,correct,correct,6
1,5,global_fixed1,exception,correct,wrong,1
1,5,global_fixed1,exception,correct,abstain,26
1,5,global_fixed1,exception,wrong,correct,0
1,5,global_fixed1,exception,wrong,wrong,0
1,5,global_fixed1,exception,wrong,abstain,0
1,5,global_fixed1,exception,abstain,correct,1
1,5,global_fixed1,exception,abstain,wrong,3
1,5,global_fixed1,exception,abstain,abstain,3
1,5,position_fixed1,normal,correct,correct,69
1,5,position_fixed1,normal,correct,wrong,3
1,5,position_fixed1,normal,correct,abstain,50
1,5,position_fixed1,normal,wrong,correct,0
1,5,position_fixed1,normal,wrong,wrong,0
1,5,position_fixed1,normal,wrong,abstain,0
1,5,position_fixed1,normal,abstain,correct,0
1,5,position_fixed1,normal,abstain,wrong,6
1,5,position_fixed1,normal,abstain,abstain,3
1,5,position_fixed1,exception,correct,correct,10
1,5,position_fixed1,exception,correct,wrong,1
1,5,position_fixed1,exception,correct,abstain,22
1,5,position_fixed1,exception,wrong,correct,0
1,5,position_fixed1,exception,wrong,wrong,0
1,5,position_fixed1,exception,wrong,abstain,0
1,5,position_fixed1,exception,abstain,correct,1
1,5,position_fixed1,exception,abstain,wrong,3
1,5,position_fixed1,exception,abstain,abstain,3
1,6,baseline,normal,correct,correct,131
1,6,baseline,normal,correct,wrong,0
1,6,baseline,normal,correct,abstain,0
1,6,baseline,normal,wrong,correct,0
1,6,baseline,normal,wrong,wrong,0
1,6,baseline,normal,wrong,abstain,0
1,6,baseline,normal,abstain,correct,0
1,6,baseline,normal,abstain,wrong,0
1,6,baseline,normal,abstain,abstain,0
1,6,baseline,exception,correct,correct,28
1,6,baseline,exception,correct,wrong,0
1,6,baseline,exception,correct,abstain,0
1,6,baseline,exception,wrong,correct,0
1,6,baseline,exception,wrong,wrong,0
1,6,baseline,exception,wrong,abstain,0
1,6,baseline,exception,abstain,correct,0
1,6,baseline,exception,abstain,wrong,0
1,6,baseline,exception,abstain,abstain,1
1,6,binary_e01,normal,correct,correct,131
1,6,binary_e01,normal,correct,wrong,0
1,6,binary_e01,normal,correct,abstain,0
1,6,binary_e01,normal,wrong,correct,0
1,6,binary_e01,normal,wrong,wrong,0
1,6,binary_e01,normal,wrong,abstain,0
1,6,binary_e01,normal,abstain,correct,0
1,6,binary_e01,normal,abstain,wrong,0
1,6,binary_e01,normal,abstain,abstain,0
1,6,binary_e01,exception,correct,correct,28
1,6,binary_e01,exception,correct,wrong,0
1,6,binary_e01,exception,correct,abstain,0
1,6,binary_e01,exception,wrong,correct,0
1,6,binary_e01,exception,wrong,wrong,0
1,6,binary_e01,exception,wrong,abstain,0
1,6,binary_e01,exception,abstain,correct,0
1,6,binary_e01,exception,abstain,wrong,0
1,6,binary_e01,exception,abstain,abstain,1
1,6,binary_e05,normal,correct,correct,131
1,6,binary_e05,normal,correct,wrong,0
1,6,binary_e05,normal,correct,abstain,0
1,6,binary_e05,normal,wrong,correct,0
1,6,binary_e05,normal,wrong,wrong,0
1,6,binary_e05,normal,wrong,abstain,0
1,6,binary_e05,normal,abstain,correct,0
1,6,binary_e05,normal,abstain,wrong,0
1,6,binary_e05,normal,abstain,abstain,0
1,6,binary_e05,exception,correct,correct,28
1,6,binary_e05,exception,correct,wrong,0
1,6,binary_e05,exception,correct,abstain,0
1,6,binary_e05,exception,wrong,correct,0
1,6,binary_e05,exception,wrong,wrong,0
1,6,binary_e05,exception,wrong,abstain,0
1,6,binary_e05,exception,abstain,correct,0
1,6,binary_e05,exception,abstain,wrong,0
1,6,binary_e05,exception,abstain,abstain,1
1,6,global_e01,normal,correct,correct,106
1,6,global_e01,normal,correct,wrong,0
1,6,global_e01,normal,correct,abstain,25
1,6,global_e01,normal,wrong,correct,0
1,6,global_e01,normal,wrong,wrong,0
1,6,global_e01,normal,wrong,abstain,0
1,6,global_e01,normal,abstain,correct,0
1,6,global_e01,normal,abstain,wrong,0
1,6,global_e01,normal,abstain,abstain,0
1,6,global_e01,exception,correct,correct,21
1,6,global_e01,exception,correct,wrong,0
1,6,global_e01,exception,correct,abstain,7
1,6,global_e01,exception,wrong,correct,0
1,6,global_e01,exception,wrong,wrong,0
1,6,global_e01,exception,wrong,abstain,0
1,6,global_e01,exception,abstain,correct,1
1,6,global_e01,exception,abstain,wrong,0
1,6,global_e01,exception,abstain,abstain,0
1,6,global_e05,normal,correct,correct,95
1,6,global_e05,normal,correct,wrong,0
1,6,global_e05,normal,correct,abstain,36
1,6,global_e05,normal,wrong,correct,0
1,6,global_e05,normal,wrong,wrong,0
1,6,global_e05,normal,wrong,abstain,0
1,6,global_e05,normal,abstain,correct,0
1,6,global_e05,normal,abstain,wrong,0
1,6,global_e05,normal,abstain,abstain,0
1,6,global_e05,exception,correct,correct,21
1,6,global_e05,exception,correct,wrong,0
1,6,global_e05,exception,correct,abstain,7
1,6,global_e05,exception,wrong,correct,0
1,6,global_e05,exception,wrong,wrong,0
1,6,global_e05,exception,wrong,abstain,0
1,6,global_e05,exception,abstain,correct,1
1,6,global_e05,exception,abstain,wrong,0
1,6,global_e05,exception,abstain,abstain,0
1,6,position_e01,normal,correct,correct,115
1,6,position_e01,normal,correct,wrong,0
1,6,position_e01,normal,correct,abstain,16
1,6,position_e01,normal,wrong,correct,0
1,6,position_e01,normal,wrong,wrong,0
1,6,position_e01,normal,wrong,abstain,0
1,6,position_e01,normal,abstain,correct,0
1,6,position_e01,normal,abstain,wrong,0
1,6,position_e01,normal,abstain,abstain,0
1,6,position_e01,exception,correct,correct,24
1,6,position_e01,exception,correct,wrong,0
1,6,position_e01,exception,correct,abstain,4
1,6,position_e01,exception,wrong,correct,0
1,6,position_e01,exception,wrong,wrong,0
1,6,position_e01,exception,wrong,abstain,0
1,6,position_e01,exception,abstain,correct,1
1,6,position_e01,exception,abstain,wrong,0
1,6,position_e01,exception,abstain,abstain,0
1,6,position_e05,normal,correct,correct,106
1,6,position_e05,normal,correct,wrong,0
1,6,position_e05,normal,correct,abstain,25
1,6,position_e05,normal,wrong,correct,0
1,6,position_e05,normal,wrong,wrong,0
1,6,position_e05,normal,wrong,abstain,0
1,6,position_e05,normal,abstain,correct,0
1,6,position_e05,normal,abstain,wrong,0
1,6,position_e05,normal,abstain,abstain,0
1,6,position_e05,exception,correct,correct,21
1,6,position_e05,exception,correct,wrong,0
1,6,position_e05,exception,correct,abstain,7
1,6,position_e05,exception,wrong,correct,0
1,6,position_e05,exception,wrong,wrong,0
1,6,position_e05,exception,wrong,abstain,0
1,6,position_e05,exception,abstain,correct,0
1,6,position_e05,exception,abstain,wrong,0
1,6,position_e05,exception,abstain,abstain,1
1,6,global_fixed1,normal,correct,correct,35
1,6,global_fixed1,normal,correct,wrong,0
1,6,global_fixed1,normal,correct,abstain,96
1,6,global_fixed1,normal,wrong,correct,0
1,6,global_fixed1,normal,wrong,wrong,0
1,6,global_fixed1,normal,wrong,abstain,0
1,6,global_fixed1,normal,abstain,correct,0
1,6,global_fixed1,normal,abstain,wrong,0
1,6,global_fixed1,normal,abstain,abstain,0
1,6,global_fixed1,exception,correct,correct,8
1,6,global_fixed1,exception,correct,wrong,0
1,6,global_fixed1,exception,correct,abstain,20
1,6,global_fixed1,exception,wrong,correct,0
1,6,global_fixed1,exception,wrong,wrong,0
1,6,global_fixed1,exception,wrong,abstain,0
1,6,global_fixed1,exception,abstain,correct,0
1,6,global_fixed1,exception,abstain,wrong,0
1,6,global_fixed1,exception,abstain,abstain,1
1,6,position_fixed1,normal,correct,correct,63
1,6,position_fixed1,normal,correct,wrong,0
1,6,position_fixed1,normal,correct,abstain,68
1,6,position_fixed1,normal,wrong,correct,0
1,6,position_fixed1,normal,wrong,wrong,0
1,6,position_fixed1,normal,wrong,abstain,0
1,6,position_fixed1,normal,abstain,correct,0
1,6,position_fixed1,normal,abstain,wrong,0
1,6,position_fixed1,normal,abstain,abstain,0
1,6,position_fixed1,exception,correct,correct,10
1,6,position_fixed1,exception,correct,wrong,0
1,6,position_fixed1,exception,correct,abstain,18
1,6,position_fixed1,exception,wrong,correct,0
1,6,position_fixed1,exception,wrong,wrong,0
1,6,position_fixed1,exception,wrong,abstain,0
1,6,position_fixed1,exception,abstain,correct,0
1,6,position_fixed1,exception,abstain,wrong,0
1,6,position_fixed1,exception,abstain,abstain,1
1,7,baseline,normal,correct,correct,115
1,7,baseline,normal,correct,wrong,0
1,7,baseline,normal,correct,abstain,0
1,7,baseline,normal,wrong,correct,0
1,7,baseline,normal,wrong,wrong,0
1,7,baseline,normal,wrong,abstain,0
1,7,baseline,normal,abstain,correct,0
1,7,baseline,normal,abstain,wrong,0
1,7,baseline,normal,abstain,abstain,14
1,7,baseline,exception,correct,correct,27
1,7,baseline,exception,correct,wrong,0
1,7,baseline,exception,correct,abstain,0
1,7,baseline,exception,wrong,correct,0
1,7,baseline,exception,wrong,wrong,0
1,7,baseline,exception,wrong,abstain,0
1,7,baseline,exception,abstain,correct,0
1,7,baseline,exception,abstain,wrong,0
1,7,baseline,exception,abstain,abstain,0
1,7,binary_e01,normal,correct,correct,115
1,7,binary_e01,normal,correct,wrong,0
1,7,binary_e01,normal,correct,abstain,0
1,7,binary_e01,normal,wrong,correct,0
1,7,binary_e01,normal,wrong,wrong,0
1,7,binary_e01,normal,wrong,abstain,0
1,7,binary_e01,normal,abstain,correct,0
1,7,binary_e01,normal,abstain,wrong,0
1,7,binary_e01,normal,abstain,abstain,14
1,7,binary_e01,exception,correct,correct,27
1,7,binary_e01,exception,correct,wrong,0
1,7,binary_e01,exception,correct,abstain,0
1,7,binary_e01,exception,wrong,correct,0
1,7,binary_e01,exception,wrong,wrong,0
1,7,binary_e01,exception,wrong,abstain,0
1,7,binary_e01,exception,abstain,correct,0
1,7,binary_e01,exception,abstain,wrong,0
1,7,binary_e01,exception,abstain,abstain,0
1,7,binary_e05,normal,correct,correct,115
1,7,binary_e05,normal,correct,wrong,0
1,7,binary_e05,normal,correct,abstain,0
1,7,binary_e05,normal,wrong,correct,0
1,7,binary_e05,normal,wrong,wrong,0
1,7,binary_e05,normal,wrong,abstain,0
1,7,binary_e05,normal,abstain,correct,0
1,7,binary_e05,normal,abstain,wrong,0
1,7,binary_e05,normal,abstain,abstain,14
1,7,binary_e05,exception,correct,correct,27
1,7,binary_e05,exception,correct,wrong,0
1,7,binary_e05,exception,correct,abstain,0
1,7,binary_e05,exception,wrong,correct,0
1,7,binary_e05,exception,wrong,wrong,0
1,7,binary_e05,exception,wrong,abstain,0
1,7,binary_e05,exception,abstain,correct,0
1,7,binary_e05,exception,abstain,wrong,0
1,7,binary_e05,exception,abstain,abstain,0
1,7,global_e01,normal,correct,correct,101
1,7,global_e01,normal,correct,wrong,0
1,7,global_e01,normal,correct,abstain,14
1,7,global_e01,normal,wrong,correct,0
1,7,global_e01,normal,wrong,wrong,0
1,7,global_e01,normal,wrong,abstain,0
1,7,global_e01,normal,abstain,correct,9
1,7,global_e01,normal,abstain,wrong,0
1,7,global_e01,normal,abstain,abstain,5
1,7,global_e01,exception,correct,correct,23
1,7,global_e01,exception,correct,wrong,0
1,7,global_e01,exception,correct,abstain,4
1,7,global_e01,exception,wrong,correct,0
1,7,global_e01,exception,wrong,wrong,0
1,7,global_e01,exception,wrong,abstain,0
1,7,global_e01,exception,abstain,correct,0
1,7,global_e01,exception,abstain,wrong,0
1,7,global_e01,exception,abstain,abstain,0
1,7,global_e05,normal,correct,correct,96
1,7,global_e05,normal,correct,wrong,0
1,7,global_e05,normal,correct,abstain,19
1,7,global_e05,normal,wrong,correct,0
1,7,global_e05,normal,wrong,wrong,0
1,7,global_e05,normal,wrong,abstain,0
1,7,global_e05,normal,abstain,correct,7
1,7,global_e05,normal,abstain,wrong,0
1,7,global_e05,normal,abstain,abstain,7
1,7,global_e05,exception,correct,correct,21
1,7,global_e05,exception,correct,wrong,0
1,7,global_e05,exception,correct,abstain,6
1,7,global_e05,exception,wrong,correct,0
1,7,global_e05,exception,wrong,wrong,0
1,7,global_e05,exception,wrong,abstain,0
1,7,global_e05,exception,abstain,correct,0
1,7,global_e05,exception,abstain,wrong,0
1,7,global_e05,exception,abstain,abstain,0
1,7,position_e01,normal,correct,correct,104
1,7,position_e01,normal,correct,wrong,0
1,7,position_e01,normal,correct,abstain,11
1,7,position_e01,normal,wrong,correct,0
1,7,position_e01,normal,wrong,wrong,0
1,7,position_e01,normal,wrong,abstain,0
1,7,position_e01,normal,abstain,correct,11
1,7,position_e01,normal,abstain,wrong,0
1,7,position_e01,normal,abstain,abstain,3
1,7,position_e01,exception,correct,correct,24
1,7,position_e01,exception,correct,wrong,0
1,7,position_e01,exception,correct,abstain,3
1,7,position_e01,exception,wrong,correct,0
1,7,position_e01,exception,wrong,wrong,0
1,7,position_e01,exception,wrong,abstain,0
1,7,position_e01,exception,abstain,correct,0
1,7,position_e01,exception,abstain,wrong,0
1,7,position_e01,exception,abstain,abstain,0
1,7,position_e05,normal,correct,correct,102
1,7,position_e05,normal,correct,wrong,0
1,7,position_e05,normal,correct,abstain,13
1,7,position_e05,normal,wrong,correct,0
1,7,position_e05,normal,wrong,wrong,0
1,7,position_e05,normal,wrong,abstain,0
1,7,position_e05,normal,abstain,correct,9
1,7,position_e05,normal,abstain,wrong,0
1,7,position_e05,normal,abstain,abstain,5
1,7,position_e05,exception,correct,correct,23
1,7,position_e05,exception,correct,wrong,0
1,7,position_e05,exception,correct,abstain,4
1,7,position_e05,exception,wrong,correct,0
1,7,position_e05,exception,wrong,wrong,0
1,7,position_e05,exception,wrong,abstain,0
1,7,position_e05,exception,abstain,correct,0
1,7,position_e05,exception,abstain,wrong,0
1,7,position_e05,exception,abstain,abstain,0
1,7,global_fixed1,normal,correct,correct,58
1,7,global_fixed1,normal,correct,wrong,0
1,7,global_fixed1,normal,correct,abstain,57
1,7,global_fixed1,normal,wrong,correct,0
1,7,global_fixed1,normal,wrong,wrong,0
1,7,global_fixed1,normal,wrong,abstain,0
1,7,global_fixed1,normal,abstain,correct,3
1,7,global_fixed1,normal,abstain,wrong,0
1,7,global_fixed1,normal,abstain,abstain,11
1,7,global_fixed1,exception,correct,correct,8
1,7,global_fixed1,exception,correct,wrong,0
1,7,global_fixed1,exception,correct,abstain,19
1,7,global_fixed1,exception,wrong,correct,0
1,7,global_fixed1,exception,wrong,wrong,0
1,7,global_fixed1,exception,wrong,abstain,0
1,7,global_fixed1,exception,abstain,correct,0
1,7,global_fixed1,exception,abstain,wrong,0
1,7,global_fixed1,exception,abstain,abstain,0
1,7,position_fixed1,normal,correct,correct,71
1,7,position_fixed1,normal,correct,wrong,0
1,7,position_fixed1,normal,correct,abstain,44
1,7,position_fixed1,normal,wrong,correct,0
1,7,position_fixed1,normal,wrong,wrong,0
1,7,position_fixed1,normal,wrong,abstain,0
1,7,position_fixed1,normal,abstain,correct,6
1,7,position_fixed1,normal,abstain,wrong,0
1,7,position_fixed1,normal,abstain,abstain,8
1,7,position_fixed1,exception,correct,correct,11
1,7,position_fixed1,exception,correct,wrong,0
1,7,position_fixed1,exception,correct,abstain,16
1,7,position_fixed1,exception,wrong,correct,0
1,7,position_fixed1,exception,wrong,wrong,0
1,7,position_fixed1,exception,wrong,abstain,0
1,7,position_fixed1,exception,abstain,correct,0
1,7,position_fixed1,exception,abstain,wrong,0
1,7,position_fixed1,exception,abstain,abstain,0
1,8,baseline,normal,correct,correct,120
1,8,baseline,normal,correct,wrong,0
1,8,baseline,normal,correct,abstain,0
1,8,baseline,normal,wrong,correct,0
1,8,baseline,normal,wrong,wrong,0
1,8,baseline,normal,wrong,abstain,0
1,8,baseline,normal,abstain,correct,0
1,8,baseline,normal,abstain,wrong,0
1,8,baseline,normal,abstain,abstain,0
1,8,baseline,exception,correct,correct,25
1,8,baseline,exception,correct,wrong,0
1,8,baseline,exception,correct,abstain,0
1,8,baseline,exception,wrong,correct,0
1,8,baseline,exception,wrong,wrong,0
1,8,baseline,exception,wrong,abstain,0
1,8,baseline,exception,abstain,correct,0
1,8,baseline,exception,abstain,wrong,0
1,8,baseline,exception,abstain,abstain,0
1,8,binary_e01,normal,correct,correct,120
1,8,binary_e01,normal,correct,wrong,0
1,8,binary_e01,normal,correct,abstain,0
1,8,binary_e01,normal,wrong,correct,0
1,8,binary_e01,normal,wrong,wrong,0
1,8,binary_e01,normal,wrong,abstain,0
1,8,binary_e01,normal,abstain,correct,0
1,8,binary_e01,normal,abstain,wrong,0
1,8,binary_e01,normal,abstain,abstain,0
1,8,binary_e01,exception,correct,correct,25
1,8,binary_e01,exception,correct,wrong,0
1,8,binary_e01,exception,correct,abstain,0
1,8,binary_e01,exception,wrong,correct,0
1,8,binary_e01,exception,wrong,wrong,0
1,8,binary_e01,exception,wrong,abstain,0
1,8,binary_e01,exception,abstain,correct,0
1,8,binary_e01,exception,abstain,wrong,0
1,8,binary_e01,exception,abstain,abstain,0
1,8,binary_e05,normal,correct,correct,120
1,8,binary_e05,normal,correct,wrong,0
1,8,binary_e05,normal,correct,abstain,0
1,8,binary_e05,normal,wrong,correct,0
1,8,binary_e05,normal,wrong,wrong,0
1,8,binary_e05,normal,wrong,abstain,0
1,8,binary_e05,normal,abstain,correct,0
1,8,binary_e05,normal,abstain,wrong,0
1,8,binary_e05,normal,abstain,abstain,0
1,8,binary_e05,exception,correct,correct,25
1,8,binary_e05,exception,correct,wrong,0
1,8,binary_e05,exception,correct,abstain,0
1,8,binary_e05,exception,wrong,correct,0
1,8,binary_e05,exception,wrong,wrong,0
1,8,binary_e05,exception,wrong,abstain,0
1,8,binary_e05,exception,abstain,correct,0
1,8,binary_e05,exception,abstain,wrong,0
1,8,binary_e05,exception,abstain,abstain,0
1,8,global_e01,normal,correct,correct,101
1,8,global_e01,normal,correct,wrong,0
1,8,global_e01,normal,correct,abstain,19
1,8,global_e01,normal,wrong,correct,0
1,8,global_e01,normal,wrong,wrong,0
1,8,global_e01,normal,wrong,abstain,0
1,8,global_e01,normal,abstain,correct,0
1,8,global_e01,normal,abstain,wrong,0
1,8,global_e01,normal,abstain,abstain,0
1,8,global_e01,exception,correct,correct,17
1,8,global_e01,exception,correct,wrong,0
1,8,global_e01,exception,correct,abstain,8
1,8,global_e01,exception,wrong,correct,0
1,8,global_e01,exception,wrong,wrong,0
1,8,global_e01,exception,wrong,abstain,0
1,8,global_e01,exception,abstain,correct,0
1,8,global_e01,exception,abstain,wrong,0
1,8,global_e01,exception,abstain,abstain,0
1,8,global_e05,normal,correct,correct,95
1,8,global_e05,normal,correct,wrong,0
1,8,global_e05,normal,correct,abstain,25
1,8,global_e05,normal,wrong,correct,0
1,8,global_e05,normal,wrong,wrong,0
1,8,global_e05,normal,wrong,abstain,0
1,8,global_e05,normal,abstain,correct,0
1,8,global_e05,normal,abstain,wrong,0
1,8,global_e05,normal,abstain,abstain,0
1,8,global_e05,exception,correct,correct,20
1,8,global_e05,exception,correct,wrong,0
1,8,global_e05,exception,correct,abstain,5
1,8,global_e05,exception,wrong,correct,0
1,8,global_e05,exception,wrong,wrong,0
1,8,global_e05,exception,wrong,abstain,0
1,8,global_e05,exception,abstain,correct,0
1,8,global_e05,exception,abstain,wrong,0
1,8,global_e05,exception,abstain,abstain,0
1,8,position_e01,normal,correct,correct,112
1,8,position_e01,normal,correct,wrong,0
1,8,position_e01,normal,correct,abstain,8
1,8,position_e01,normal,wrong,correct,0
1,8,position_e01,normal,wrong,wrong,0
1,8,position_e01,normal,wrong,abstain,0
1,8,position_e01,normal,abstain,correct,0
1,8,position_e01,normal,abstain,wrong,0
1,8,position_e01,normal,abstain,abstain,0
1,8,position_e01,exception,correct,correct,25
1,8,position_e01,exception,correct,wrong,0
1,8,position_e01,exception,correct,abstain,0
1,8,position_e01,exception,wrong,correct,0
1,8,position_e01,exception,wrong,wrong,0
1,8,position_e01,exception,wrong,abstain,0
1,8,position_e01,exception,abstain,correct,0
1,8,position_e01,exception,abstain,wrong,0
1,8,position_e01,exception,abstain,abstain,0
1,8,position_e05,normal,correct,correct,101
1,8,position_e05,normal,correct,wrong,0
1,8,position_e05,normal,correct,abstain,19
1,8,position_e05,normal,wrong,correct,0
1,8,position_e05,normal,wrong,wrong,0
1,8,position_e05,normal,wrong,abstain,0
1,8,position_e05,normal,abstain,correct,0
1,8,position_e05,normal,abstain,wrong,0
1,8,position_e05,normal,abstain,abstain,0
1,8,position_e05,exception,correct,correct,17
1,8,position_e05,exception,correct,wrong,0
1,8,position_e05,exception,correct,abstain,8
1,8,position_e05,exception,wrong,correct,0
1,8,position_e05,exception,wrong,wrong,0
1,8,position_e05,exception,wrong,abstain,0
1,8,position_e05,exception,abstain,correct,0
1,8,position_e05,exception,abstain,wrong,0
1,8,position_e05,exception,abstain,abstain,0
1,8,global_fixed1,normal,correct,correct,49
1,8,global_fixed1,normal,correct,wrong,0
1,8,global_fixed1,normal,correct,abstain,71
1,8,global_fixed1,normal,wrong,correct,0
1,8,global_fixed1,normal,wrong,wrong,0
1,8,global_fixed1,normal,wrong,abstain,0
1,8,global_fixed1,normal,abstain,correct,0
1,8,global_fixed1,normal,abstain,wrong,0
1,8,global_fixed1,normal,abstain,abstain,0
1,8,global_fixed1,exception,correct,correct,9
1,8,global_fixed1,exception,correct,wrong,0
1,8,global_fixed1,exception,correct,abstain,16
1,8,global_fixed1,exception,wrong,correct,0
1,8,global_fixed1,exception,wrong,wrong,0
1,8,global_fixed1,exception,wrong,abstain,0
1,8,global_fixed1,exception,abstain,correct,0
1,8,global_fixed1,exception,abstain,wrong,0
1,8,global_fixed1,exception,abstain,abstain,0
1,8,position_fixed1,normal,correct,correct,62
1,8,position_fixed1,normal,correct,wrong,0
1,8,position_fixed1,normal,correct,abstain,58
1,8,position_fixed1,normal,wrong,correct,0
1,8,position_fixed1,normal,wrong,wrong,0
1,8,position_fixed1,normal,wrong,abstain,0
1,8,position_fixed1,normal,abstain,correct,0
1,8,position_fixed1,normal,abstain,wrong,0
1,8,position_fixed1,normal,abstain,abstain,0
1,8,position_fixed1,exception,correct,correct,10
1,8,position_fixed1,exception,correct,wrong,0
1,8,position_fixed1,exception,correct,abstain,15
1,8,position_fixed1,exception,wrong,correct,0
1,8,position_fixed1,exception,wrong,wrong,0
1,8,position_fixed1,exception,wrong,abstain,0
1,8,position_fixed1,exception,abstain,correct,0
1,8,position_fixed1,exception,abstain,wrong,0
1,8,position_fixed1,exception,abstain,abstain,0
1,9,baseline,normal,correct,correct,99
1,9,baseline,normal,correct,wrong,0
1,9,baseline,normal,correct,abstain,0
1,9,baseline,normal,wrong,correct,0
1,9,baseline,normal,wrong,wrong,0
1,9,baseline,normal,wrong,abstain,0
1,9,baseline,normal,abstain,correct,0
1,9,baseline,normal,abstain,wrong,0
1,9,baseline,normal,abstain,abstain,14
1,9,baseline,exception,correct,correct,20
1,9,baseline,exception,correct,wrong,0
1,9,baseline,exception,correct,abstain,0
1,9,baseline,exception,wrong,correct,0
1,9,baseline,exception,wrong,wrong,0
1,9,baseline,exception,wrong,abstain,0
1,9,baseline,exception,abstain,correct,0
1,9,baseline,exception,abstain,wrong,0
1,9,baseline,exception,abstain,abstain,4
1,9,binary_e01,normal,correct,correct,99
1,9,binary_e01,normal,correct,wrong,0
1,9,binary_e01,normal,correct,abstain,0
1,9,binary_e01,normal,wrong,correct,0
1,9,binary_e01,normal,wrong,wrong,0
1,9,binary_e01,normal,wrong,abstain,0
1,9,binary_e01,normal,abstain,correct,0
1,9,binary_e01,normal,abstain,wrong,0
1,9,binary_e01,normal,abstain,abstain,14
1,9,binary_e01,exception,correct,correct,20
1,9,binary_e01,exception,correct,wrong,0
1,9,binary_e01,exception,correct,abstain,0
1,9,binary_e01,exception,wrong,correct,0
1,9,binary_e01,exception,wrong,wrong,0
1,9,binary_e01,exception,wrong,abstain,0
1,9,binary_e01,exception,abstain,correct,0
1,9,binary_e01,exception,abstain,wrong,0
1,9,binary_e01,exception,abstain,abstain,4
1,9,binary_e05,normal,correct,correct,99
1,9,binary_e05,normal,correct,wrong,0
1,9,binary_e05,normal,correct,abstain,0
1,9,binary_e05,normal,wrong,correct,0
1,9,binary_e05,normal,wrong,wrong,0
1,9,binary_e05,normal,wrong,abstain,0
1,9,binary_e05,normal,abstain,correct,0
1,9,binary_e05,normal,abstain,wrong,0
1,9,binary_e05,normal,abstain,abstain,14
1,9,binary_e05,exception,correct,correct,20
1,9,binary_e05,exception,correct,wrong,0
1,9,binary_e05,exception,correct,abstain,0
1,9,binary_e05,exception,wrong,correct,0
1,9,binary_e05,exception,wrong,wrong,0
1,9,binary_e05,exception,wrong,abstain,0
1,9,binary_e05,exception,abstain,correct,0
1,9,binary_e05,exception,abstain,wrong,0
1,9,binary_e05,exception,abstain,abstain,4
1,9,global_e01,normal,correct,correct,85
1,9,global_e01,normal,correct,wrong,0
1,9,global_e01,normal,correct,abstain,14
1,9,global_e01,normal,wrong,correct,0
1,9,global_e01,normal,wrong,wrong,0
1,9,global_e01,normal,wrong,abstain,0
1,9,global_e01,normal,abstain,correct,9
1,9,global_e01,normal,abstain,wrong,0
1,9,global_e01,normal,abstain,abstain,5
1,9,global_e01,exception,correct,correct,17
1,9,global_e01,exception,correct,wrong,0
1,9,global_e01,exception,correct,abstain,3
1,9,global_e01,exception,wrong,correct,0
1,9,global_e01,exception,wrong,wrong,0
1,9,global_e01,exception,wrong,abstain,0
1,9,global_e01,exception,abstain,correct,1
1,9,global_e01,exception,abstain,wrong,0
1,9,global_e01,exception,abstain,abstain,3
1,9,global_e05,normal,correct,correct,76
1,9,global_e05,normal,correct,wrong,3
1,9,global_e05,normal,correct,abstain,20
1,9,global_e05,normal,wrong,correct,0
1,9,global_e05,normal,wrong,wrong,0
1,9,global_e05,normal,wrong,abstain,0
1,9,global_e05,normal,abstain,correct,7
1,9,global_e05,normal,abstain,wrong,0
1,9,global_e05,normal,abstain,abstain,7
1,9,global_e05,exception,correct,correct,14
1,9,global_e05,exception,correct,wrong,0
1,9,global_e05,exception,correct,abstain,6
1,9,global_e05,exception,wrong,correct,0
1,9,global_e05,exception,wrong,wrong,0
1,9,global_e05,exception,wrong,abstain,0
1,9,global_e05,exception,abstain,correct,1
1,9,global_e05,exception,abstain,wrong,0
1,9,global_e05,exception,abstain,abstain,3
1,9,position_e01,normal,correct,correct,88
1,9,position_e01,normal,correct,wrong,0
1,9,position_e01,normal,correct,abstain,11
1,9,position_e01,normal,wrong,correct,0
1,9,position_e01,normal,wrong,wrong,0
1,9,position_e01,normal,wrong,abstain,0
1,9,position_e01,normal,abstain,correct,0
1,9,position_e01,normal,abstain,wrong,0
1,9,position_e01,normal,abstain,abstain,14
1,9,position_e01,exception,correct,correct,19
1,9,position_e01,exception,correct,wrong,0
1,9,position_e01,exception,correct,abstain,1
1,9,position_e01,exception,wrong,correct,0
1,9,position_e01,exception,wrong,wrong,0
1,9,position_e01,exception,wrong,abstain,0
1,9,position_e01,exception,abstain,correct,0
1,9,position_e01,exception,abstain,wrong,0
1,9,position_e01,exception,abstain,abstain,4
1,9,position_e05,normal,correct,correct,87
1,9,position_e05,normal,correct,wrong,0
1,9,position_e05,normal,correct,abstain,12
1,9,position_e05,normal,wrong,correct,0
1,9,position_e05,normal,wrong,wrong,0
1,9,position_e05,normal,wrong,abstain,0
1,9,position_e05,normal,abstain,correct,6
1,9,position_e05,normal,abstain,wrong,0
1,9,position_e05,normal,abstain,abstain,8
1,9,position_e05,exception,correct,correct,19
1,9,position_e05,exception,correct,wrong,0
1,9,position_e05,exception,correct,abstain,1
1,9,position_e05,exception,wrong,correct,0
1,9,position_e05,exception,wrong,wrong,0
1,9,position_e05,exception,wrong,abstain,0
1,9,position_e05,exception,abstain,correct,1
1,9,position_e05,exception,abstain,wrong,0
1,9,position_e05,exception,abstain,abstain,3
1,9,global_fixed1,normal,correct,correct,35
1,9,global_fixed1,normal,correct,wrong,5
1,9,global_fixed1,normal,correct,abstain,59
1,9,global_fixed1,normal,wrong,correct,0
1,9,global_fixed1,normal,wrong,wrong,0
1,9,global_fixed1,normal,wrong,abstain,0
1,9,global_fixed1,normal,abstain,correct,6
1,9,global_fixed1,normal,abstain,wrong,0
1,9,global_fixed1,normal,abstain,abstain,8
1,9,global_fixed1,exception,correct,correct,7
1,9,global_fixed1,exception,correct,wrong,0
1,9,global_fixed1,exception,correct,abstain,13
1,9,global_fixed1,exception,wrong,correct,0
1,9,global_fixed1,exception,wrong,wrong,0
1,9,global_fixed1,exception,wrong,abstain,0
1,9,global_fixed1,exception,abstain,correct,1
1,9,global_fixed1,exception,abstain,wrong,0
1,9,global_fixed1,exception,abstain,abstain,3
1,9,position_fixed1,normal,correct,correct,49
1,9,position_fixed1,normal,correct,wrong,5
1,9,position_fixed1,normal,correct,abstain,45
1,9,position_fixed1,normal,wrong,correct,0
1,9,position_fixed1,normal,wrong,wrong,0
1,9,position_fixed1,normal,wrong,abstain,0
1,9,position_fixed1,normal,abstain,correct,6
1,9,position_fixed1,normal,abstain,wrong,0
1,9,position_fixed1,normal,abstain,abstain,8
1,9,position_fixed1,exception,correct,correct,11
1,9,position_fixed1,exception,correct,wrong,0
1,9,position_fixed1,exception,correct,abstain,9
1,9,position_fixed1,exception,wrong,correct,0
1,9,position_fixed1,exception,wrong,wrong,0
1,9,position_fixed1,exception,wrong,abstain,0
1,9,position_fixed1,exception,abstain,correct,1
1,9,position_fixed1,exception,abstain,wrong,0
1,9,position_fixed1,exception,abstain,abstain,3
1,10,baseline,normal,correct,correct,150
1,10,baseline,normal,correct,wrong,0
1,10,baseline,normal,correct,abstain,0
1,10,baseline,normal,wrong,correct,0
1,10,baseline,normal,wrong,wrong,0
1,10,baseline,normal,wrong,abstain,0
1,10,baseline,normal,abstain,correct,0
1,10,baseline,normal,abstain,wrong,0
1,10,baseline,normal,abstain,abstain,2
1,10,baseline,exception,correct,correct,27
1,10,baseline,exception,correct,wrong,0
1,10,baseline,exception,correct,abstain,0
1,10,baseline,exception,wrong,correct,0
1,10,baseline,exception,wrong,wrong,0
1,10,baseline,exception,wrong,abstain,0
1,10,baseline,exception,abstain,correct,0
1,10,baseline,exception,abstain,wrong,0
1,10,baseline,exception,abstain,abstain,2
1,10,binary_e01,normal,correct,correct,150
1,10,binary_e01,normal,correct,wrong,0
1,10,binary_e01,normal,correct,abstain,0
1,10,binary_e01,normal,wrong,correct,0
1,10,binary_e01,normal,wrong,wrong,0
1,10,binary_e01,normal,wrong,abstain,0
1,10,binary_e01,normal,abstain,correct,0
1,10,binary_e01,normal,abstain,wrong,0
1,10,binary_e01,normal,abstain,abstain,2
1,10,binary_e01,exception,correct,correct,27
1,10,binary_e01,exception,correct,wrong,0
1,10,binary_e01,exception,correct,abstain,0
1,10,binary_e01,exception,wrong,correct,0
1,10,binary_e01,exception,wrong,wrong,0
1,10,binary_e01,exception,wrong,abstain,0
1,10,binary_e01,exception,abstain,correct,0
1,10,binary_e01,exception,abstain,wrong,0
1,10,binary_e01,exception,abstain,abstain,2
1,10,binary_e05,normal,correct,correct,150
1,10,binary_e05,normal,correct,wrong,0
1,10,binary_e05,normal,correct,abstain,0
1,10,binary_e05,normal,wrong,correct,0
1,10,binary_e05,normal,wrong,wrong,0
1,10,binary_e05,normal,wrong,abstain,0
1,10,binary_e05,normal,abstain,correct,0
1,10,binary_e05,normal,abstain,wrong,0
1,10,binary_e05,normal,abstain,abstain,2
1,10,binary_e05,exception,correct,correct,27
1,10,binary_e05,exception,correct,wrong,0
1,10,binary_e05,exception,correct,abstain,0
1,10,binary_e05,exception,wrong,correct,0
1,10,binary_e05,exception,wrong,wrong,0
1,10,binary_e05,exception,wrong,abstain,0
1,10,binary_e05,exception,abstain,correct,0
1,10,binary_e05,exception,abstain,wrong,0
1,10,binary_e05,exception,abstain,abstain,2
1,10,global_e01,normal,correct,correct,150
1,10,global_e01,normal,correct,wrong,0
1,10,global_e01,normal,correct,abstain,0
1,10,global_e01,normal,wrong,correct,0
1,10,global_e01,normal,wrong,wrong,0
1,10,global_e01,normal,wrong,abstain,0
1,10,global_e01,normal,abstain,correct,0
1,10,global_e01,normal,abstain,wrong,0
1,10,global_e01,normal,abstain,abstain,2
1,10,global_e01,exception,correct,correct,27
1,10,global_e01,exception,correct,wrong,0
1,10,global_e01,exception,correct,abstain,0
1,10,global_e01,exception,wrong,correct,0
1,10,global_e01,exception,wrong,wrong,0
1,10,global_e01,exception,wrong,abstain,0
1,10,global_e01,exception,abstain,correct,0
1,10,global_e01,exception,abstain,wrong,0
1,10,global_e01,exception,abstain,abstain,2
1,10,global_e05,normal,correct,correct,148
1,10,global_e05,normal,correct,wrong,0
1,10,global_e05,normal,correct,abstain,2
1,10,global_e05,normal,wrong,correct,0
1,10,global_e05,normal,wrong,wrong,0
1,10,global_e05,normal,wrong,abstain,0
1,10,global_e05,normal,abstain,correct,0
1,10,global_e05,normal,abstain,wrong,0
1,10,global_e05,normal,abstain,abstain,2
1,10,global_e05,exception,correct,correct,26
1,10,global_e05,exception,correct,wrong,0
1,10,global_e05,exception,correct,abstain,1
1,10,global_e05,exception,wrong,correct,0
1,10,global_e05,exception,wrong,wrong,0
1,10,global_e05,exception,wrong,abstain,0
1,10,global_e05,exception,abstain,correct,0
1,10,global_e05,exception,abstain,wrong,0
1,10,global_e05,exception,abstain,abstain,2
1,10,position_e01,normal,correct,correct,150
1,10,position_e01,normal,correct,wrong,0
1,10,position_e01,normal,correct,abstain,0
1,10,position_e01,normal,wrong,correct,0
1,10,position_e01,normal,wrong,wrong,0
1,10,position_e01,normal,wrong,abstain,0
1,10,position_e01,normal,abstain,correct,0
1,10,position_e01,normal,abstain,wrong,0
1,10,position_e01,normal,abstain,abstain,2
1,10,position_e01,exception,correct,correct,27
1,10,position_e01,exception,correct,wrong,0
1,10,position_e01,exception,correct,abstain,0
1,10,position_e01,exception,wrong,correct,0
1,10,position_e01,exception,wrong,wrong,0
1,10,position_e01,exception,wrong,abstain,0
1,10,position_e01,exception,abstain,correct,0
1,10,position_e01,exception,abstain,wrong,0
1,10,position_e01,exception,abstain,abstain,2
1,10,position_e05,normal,correct,correct,150
1,10,position_e05,normal,correct,wrong,0
1,10,position_e05,normal,correct,abstain,0
1,10,position_e05,normal,wrong,correct,0
1,10,position_e05,normal,wrong,wrong,0
1,10,position_e05,normal,wrong,abstain,0
1,10,position_e05,normal,abstain,correct,1
1,10,position_e05,normal,abstain,wrong,0
1,10,position_e05,normal,abstain,abstain,1
1,10,position_e05,exception,correct,correct,27
1,10,position_e05,exception,correct,wrong,0
1,10,position_e05,exception,correct,abstain,0
1,10,position_e05,exception,wrong,correct,0
1,10,position_e05,exception,wrong,wrong,0
1,10,position_e05,exception,wrong,abstain,0
1,10,position_e05,exception,abstain,correct,0
1,10,position_e05,exception,abstain,wrong,0
1,10,position_e05,exception,abstain,abstain,2
1,10,global_fixed1,normal,correct,correct,86
1,10,global_fixed1,normal,correct,wrong,0
1,10,global_fixed1,normal,correct,abstain,64
1,10,global_fixed1,normal,wrong,correct,0
1,10,global_fixed1,normal,wrong,wrong,0
1,10,global_fixed1,normal,wrong,abstain,0
1,10,global_fixed1,normal,abstain,correct,2
1,10,global_fixed1,normal,abstain,wrong,0
1,10,global_fixed1,normal,abstain,abstain,0
1,10,global_fixed1,exception,correct,correct,24
1,10,global_fixed1,exception,correct,wrong,0
1,10,global_fixed1,exception,correct,abstain,3
1,10,global_fixed1,exception,wrong,correct,0
1,10,global_fixed1,exception,wrong,wrong,0
1,10,global_fixed1,exception,wrong,abstain,0
1,10,global_fixed1,exception,abstain,correct,0
1,10,global_fixed1,exception,abstain,wrong,0
1,10,global_fixed1,exception,abstain,abstain,2
1,10,position_fixed1,normal,correct,correct,110
1,10,position_fixed1,normal,correct,wrong,0
1,10,position_fixed1,normal,correct,abstain,40
1,10,position_fixed1,normal,wrong,correct,0
1,10,position_fixed1,normal,wrong,wrong,0
1,10,position_fixed1,normal,wrong,abstain,0
1,10,position_fixed1,normal,abstain,correct,1
1,10,position_fixed1,normal,abstain,wrong,0
1,10,position_fixed1,normal,abstain,abstain,1
1,10,position_fixed1,exception,correct,correct,23
1,10,position_fixed1,exception,correct,wrong,0
1,10,position_fixed1,exception,correct,abstain,4
1,10,position_fixed1,exception,wrong,correct,0
1,10,position_fixed1,exception,wrong,wrong,0
1,10,position_fixed1,exception,wrong,abstain,0
1,10,position_fixed1,exception,abstain,correct,0
1,10,position_fixed1,exception,abstain,wrong,0
1,10,position_fixed1,exception,abstain,abstain,2
1,11,baseline,normal,correct,correct,111
1,11,baseline,normal,correct,wrong,0
1,11,baseline,normal,correct,abstain,0
1,11,baseline,normal,wrong,correct,0
1,11,baseline,normal,wrong,wrong,0
1,11,baseline,normal,wrong,abstain,0
1,11,baseline,normal,abstain,correct,0
1,11,baseline,normal,abstain,wrong,0
1,11,baseline,normal,abstain,abstain,9
1,11,baseline,exception,correct,correct,34
1,11,baseline,exception,correct,wrong,0
1,11,baseline,exception,correct,abstain,0
1,11,baseline,exception,wrong,correct,0
1,11,baseline,exception,wrong,wrong,0
1,11,baseline,exception,wrong,abstain,0
1,11,baseline,exception,abstain,correct,0
1,11,baseline,exception,abstain,wrong,0
1,11,baseline,exception,abstain,abstain,1
1,11,binary_e01,normal,correct,correct,111
1,11,binary_e01,normal,correct,wrong,0
1,11,binary_e01,normal,correct,abstain,0
1,11,binary_e01,normal,wrong,correct,0
1,11,binary_e01,normal,wrong,wrong,0
1,11,binary_e01,normal,wrong,abstain,0
1,11,binary_e01,normal,abstain,correct,0
1,11,binary_e01,normal,abstain,wrong,0
1,11,binary_e01,normal,abstain,abstain,9
1,11,binary_e01,exception,correct,correct,34
1,11,binary_e01,exception,correct,wrong,0
1,11,binary_e01,exception,correct,abstain,0
1,11,binary_e01,exception,wrong,correct,0
1,11,binary_e01,exception,wrong,wrong,0
1,11,binary_e01,exception,wrong,abstain,0
1,11,binary_e01,exception,abstain,correct,0
1,11,binary_e01,exception,abstain,wrong,0
1,11,binary_e01,exception,abstain,abstain,1
1,11,binary_e05,normal,correct,correct,111
1,11,binary_e05,normal,correct,wrong,0
1,11,binary_e05,normal,correct,abstain,0
1,11,binary_e05,normal,wrong,correct,0
1,11,binary_e05,normal,wrong,wrong,0
1,11,binary_e05,normal,wrong,abstain,0
1,11,binary_e05,normal,abstain,correct,0
1,11,binary_e05,normal,abstain,wrong,0
1,11,binary_e05,normal,abstain,abstain,9
1,11,binary_e05,exception,correct,correct,34
1,11,binary_e05,exception,correct,wrong,0
1,11,binary_e05,exception,correct,abstain,0
1,11,binary_e05,exception,wrong,correct,0
1,11,binary_e05,exception,wrong,wrong,0
1,11,binary_e05,exception,wrong,abstain,0
1,11,binary_e05,exception,abstain,correct,0
1,11,binary_e05,exception,abstain,wrong,0
1,11,binary_e05,exception,abstain,abstain,1
1,11,global_e01,normal,correct,correct,111
1,11,global_e01,normal,correct,wrong,0
1,11,global_e01,normal,correct,abstain,0
1,11,global_e01,normal,wrong,correct,0
1,11,global_e01,normal,wrong,wrong,0
1,11,global_e01,normal,wrong,abstain,0
1,11,global_e01,normal,abstain,correct,6
1,11,global_e01,normal,abstain,wrong,0
1,11,global_e01,normal,abstain,abstain,3
1,11,global_e01,exception,correct,correct,34
1,11,global_e01,exception,correct,wrong,0
1,11,global_e01,exception,correct,abstain,0
1,11,global_e01,exception,wrong,correct,0
1,11,global_e01,exception,wrong,wrong,0
1,11,global_e01,exception,wrong,abstain,0
1,11,global_e01,exception,abstain,correct,1
1,11,global_e01,exception,abstain,wrong,0
1,11,global_e01,exception,abstain,abstain,0
1,11,global_e05,normal,correct,correct,106
1,11,global_e05,normal,correct,wrong,0
1,11,global_e05,normal,correct,abstain,5
1,11,global_e05,normal,wrong,correct,0
1,11,global_e05,normal,wrong,wrong,0
1,11,global_e05,normal,wrong,abstain,0
1,11,global_e05,normal,abstain,correct,6
1,11,global_e05,normal,abstain,wrong,0
1,11,global_e05,normal,abstain,abstain,3
1,11,global_e05,exception,correct,correct,34
1,11,global_e05,exception,correct,wrong,0
1,11,global_e05,exception,correct,abstain,0
1,11,global_e05,exception,wrong,correct,0
1,11,global_e05,exception,wrong,wrong,0
1,11,global_e05,exception,wrong,abstain,0
1,11,global_e05,exception,abstain,correct,1
1,11,global_e05,exception,abstain,wrong,0
1,11,global_e05,exception,abstain,abstain,0
1,11,position_e01,normal,correct,correct,111
1,11,position_e01,normal,correct,wrong,0
1,11,position_e01,normal,correct,abstain,0
1,11,position_e01,normal,wrong,correct,0
1,11,position_e01,normal,wrong,wrong,0
1,11,position_e01,normal,wrong,abstain,0
1,11,position_e01,normal,abstain,correct,0
1,11,position_e01,normal,abstain,wrong,0
1,11,position_e01,normal,abstain,abstain,9
1,11,position_e01,exception,correct,correct,34
1,11,position_e01,exception,correct,wrong,0
1,11,position_e01,exception,correct,abstain,0
1,11,position_e01,exception,wrong,correct,0
1,11,position_e01,exception,wrong,wrong,0
1,11,position_e01,exception,wrong,abstain,0
1,11,position_e01,exception,abstain,correct,1
1,11,position_e01,exception,abstain,wrong,0
1,11,position_e01,exception,abstain,abstain,0
1,11,position_e05,normal,correct,correct,111
1,11,position_e05,normal,correct,wrong,0
1,11,position_e05,normal,correct,abstain,0
1,11,position_e05,normal,wrong,correct,0
1,11,position_e05,normal,wrong,wrong,0
1,11,position_e05,normal,wrong,abstain,0
1,11,position_e05,normal,abstain,correct,5
1,11,position_e05,normal,abstain,wrong,0
1,11,position_e05,normal,abstain,abstain,4
1,11,position_e05,exception,correct,correct,34
1,11,position_e05,exception,correct,wrong,0
1,11,position_e05,exception,correct,abstain,0
1,11,position_e05,exception,wrong,correct,0
1,11,position_e05,exception,wrong,wrong,0
1,11,position_e05,exception,wrong,abstain,0
1,11,position_e05,exception,abstain,correct,1
1,11,position_e05,exception,abstain,wrong,0
1,11,position_e05,exception,abstain,abstain,0
1,11,global_fixed1,normal,correct,correct,66
1,11,global_fixed1,normal,correct,wrong,2
1,11,global_fixed1,normal,correct,abstain,43
1,11,global_fixed1,normal,wrong,correct,0
1,11,global_fixed1,normal,wrong,wrong,0
1,11,global_fixed1,normal,wrong,abstain,0
1,11,global_fixed1,normal,abstain,correct,7
1,11,global_fixed1,normal,abstain,wrong,0
1,11,global_fixed1,normal,abstain,abstain,2
1,11,global_fixed1,exception,correct,correct,21
1,11,global_fixed1,exception,correct,wrong,0
1,11,global_fixed1,exception,correct,abstain,13
1,11,global_fixed1,exception,wrong,correct,0
1,11,global_fixed1,exception,wrong,wrong,0
1,11,global_fixed1,exception,wrong,abstain,0
1,11,global_fixed1,exception,abstain,correct,1
1,11,global_fixed1,exception,abstain,wrong,0
1,11,global_fixed1,exception,abstain,abstain,0
1,11,position_fixed1,normal,correct,correct,73
1,11,position_fixed1,normal,correct,wrong,2
1,11,position_fixed1,normal,correct,abstain,36
1,11,position_fixed1,normal,wrong,correct,0
1,11,position_fixed1,normal,wrong,wrong,0
1,11,position_fixed1,normal,wrong,abstain,0
1,11,position_fixed1,normal,abstain,correct,7
1,11,position_fixed1,normal,abstain,wrong,0
1,11,position_fixed1,normal,abstain,abstain,2
1,11,position_fixed1,exception,correct,correct,20
1,11,position_fixed1,exception,correct,wrong,0
1,11,position_fixed1,exception,correct,abstain,14
1,11,position_fixed1,exception,wrong,correct,0
1,11,position_fixed1,exception,wrong,wrong,0
1,11,position_fixed1,exception,wrong,abstain,0
1,11,position_fixed1,exception,abstain,correct,1
1,11,position_fixed1,exception,abstain,wrong,0
1,11,position_fixed1,exception,abstain,abstain,0
1,12,baseline,normal,correct,correct,105
1,12,baseline,normal,correct,wrong,0
1,12,baseline,normal,correct,abstain,0
1,12,baseline,normal,wrong,correct,0
1,12,baseline,normal,wrong,wrong,0
1,12,baseline,normal,wrong,abstain,0
1,12,baseline,normal,abstain,correct,0
1,12,baseline,normal,abstain,wrong,0
1,12,baseline,normal,abstain,abstain,25
1,12,baseline,exception,correct,correct,24
1,12,baseline,exception,correct,wrong,0
1,12,baseline,exception,correct,abstain,0
1,12,baseline,exception,wrong,correct,0
1,12,baseline,exception,wrong,wrong,0
1,12,baseline,exception,wrong,abstain,0
1,12,baseline,exception,abstain,correct,0
1,12,baseline,exception,abstain,wrong,0
1,12,baseline,exception,abstain,abstain,7
1,12,binary_e01,normal,correct,correct,105
1,12,binary_e01,normal,correct,wrong,0
1,12,binary_e01,normal,correct,abstain,0
1,12,binary_e01,normal,wrong,correct,0
1,12,binary_e01,normal,wrong,wrong,0
1,12,binary_e01,normal,wrong,abstain,0
1,12,binary_e01,normal,abstain,correct,0
1,12,binary_e01,normal,abstain,wrong,0
1,12,binary_e01,normal,abstain,abstain,25
1,12,binary_e01,exception,correct,correct,24
1,12,binary_e01,exception,correct,wrong,0
1,12,binary_e01,exception,correct,abstain,0
1,12,binary_e01,exception,wrong,correct,0
1,12,binary_e01,exception,wrong,wrong,0
1,12,binary_e01,exception,wrong,abstain,0
1,12,binary_e01,exception,abstain,correct,0
1,12,binary_e01,exception,abstain,wrong,0
1,12,binary_e01,exception,abstain,abstain,7
1,12,binary_e05,normal,correct,correct,105
1,12,binary_e05,normal,correct,wrong,0
1,12,binary_e05,normal,correct,abstain,0
1,12,binary_e05,normal,wrong,correct,0
1,12,binary_e05,normal,wrong,wrong,0
1,12,binary_e05,normal,wrong,abstain,0
1,12,binary_e05,normal,abstain,correct,0
1,12,binary_e05,normal,abstain,wrong,0
1,12,binary_e05,normal,abstain,abstain,25
1,12,binary_e05,exception,correct,correct,24
1,12,binary_e05,exception,correct,wrong,0
1,12,binary_e05,exception,correct,abstain,0
1,12,binary_e05,exception,wrong,correct,0
1,12,binary_e05,exception,wrong,wrong,0
1,12,binary_e05,exception,wrong,abstain,0
1,12,binary_e05,exception,abstain,correct,0
1,12,binary_e05,exception,abstain,wrong,0
1,12,binary_e05,exception,abstain,abstain,7
1,12,global_e01,normal,correct,correct,83
1,12,global_e01,normal,correct,wrong,0
1,12,global_e01,normal,correct,abstain,22
1,12,global_e01,normal,wrong,correct,0
1,12,global_e01,normal,wrong,wrong,0
1,12,global_e01,normal,wrong,abstain,0
1,12,global_e01,normal,abstain,correct,12
1,12,global_e01,normal,abstain,wrong,0
1,12,global_e01,normal,abstain,abstain,13
1,12,global_e01,exception,correct,correct,17
1,12,global_e01,exception,correct,wrong,0
1,12,global_e01,exception,correct,abstain,7
1,12,global_e01,exception,wrong,correct,0
1,12,global_e01,exception,wrong,wrong,0
1,12,global_e01,exception,wrong,abstain,0
1,12,global_e01,exception,abstain,correct,5
1,12,global_e01,exception,abstain,wrong,0
1,12,global_e01,exception,abstain,abstain,2
1,12,global_e05,normal,correct,correct,89
1,12,global_e05,normal,correct,wrong,0
1,12,global_e05,normal,correct,abstain,16
1,12,global_e05,normal,wrong,correct,0
1,12,global_e05,normal,wrong,wrong,0
1,12,global_e05,normal,wrong,abstain,0
1,12,global_e05,normal,abstain,correct,14
1,12,global_e05,normal,abstain,wrong,0
1,12,global_e05,normal,abstain,abstain,11
1,12,global_e05,exception,correct,correct,20
1,12,global_e05,exception,correct,wrong,0
1,12,global_e05,exception,correct,abstain,4
1,12,global_e05,exception,wrong,correct,0
1,12,global_e05,exception,wrong,wrong,0
1,12,global_e05,exception,wrong,abstain,0
1,12,global_e05,exception,abstain,correct,7
1,12,global_e05,exception,abstain,wrong,0
1,12,global_e05,exception,abstain,abstain,0
1,12,position_e01,normal,correct,correct,93
1,12,position_e01,normal,correct,wrong,0
1,12,position_e01,normal,correct,abstain,12
1,12,position_e01,normal,wrong,correct,0
1,12,position_e01,normal,wrong,wrong,0
1,12,position_e01,normal,wrong,abstain,0
1,12,position_e01,normal,abstain,correct,9
1,12,position_e01,normal,abstain,wrong,0
1,12,position_e01,normal,abstain,abstain,16
1,12,position_e01,exception,correct,correct,24
1,12,position_e01,exception,correct,wrong,0
1,12,position_e01,exception,correct,abstain,0
1,12,position_e01,exception,wrong,correct,0
1,12,position_e01,exception,wrong,wrong,0
1,12,position_e01,exception,wrong,abstain,0
1,12,position_e01,exception,abstain,correct,3
1,12,position_e01,exception,abstain,wrong,0
1,12,position_e01,exception,abstain,abstain,4
1,12,position_e05,normal,correct,correct,84
1,12,position_e05,normal,correct,wrong,0
1,12,position_e05,normal,correct,abstain,21
1,12,position_e05,normal,wrong,correct,0
1,12,position_e05,normal,wrong,wrong,0
1,12,position_e05,normal,wrong,abstain,0
1,12,position_e05,normal,abstain,correct,13
1,12,position_e05,normal,abstain,wrong,0
1,12,position_e05,normal,abstain,abstain,12
1,12,position_e05,exception,correct,correct,19
1,12,position_e05,exception,correct,wrong,0
1,12,position_e05,exception,correct,abstain,5
1,12,position_e05,exception,wrong,correct,0
1,12,position_e05,exception,wrong,wrong,0
1,12,position_e05,exception,wrong,abstain,0
1,12,position_e05,exception,abstain,correct,5
1,12,position_e05,exception,abstain,wrong,0
1,12,position_e05,exception,abstain,abstain,2
1,12,global_fixed1,normal,correct,correct,38
1,12,global_fixed1,normal,correct,wrong,0
1,12,global_fixed1,normal,correct,abstain,67
1,12,global_fixed1,normal,wrong,correct,0
1,12,global_fixed1,normal,wrong,wrong,0
1,12,global_fixed1,normal,wrong,abstain,0
1,12,global_fixed1,normal,abstain,correct,8
1,12,global_fixed1,normal,abstain,wrong,0
1,12,global_fixed1,normal,abstain,abstain,17
1,12,global_fixed1,exception,correct,correct,7
1,12,global_fixed1,exception,correct,wrong,0
1,12,global_fixed1,exception,correct,abstain,17
1,12,global_fixed1,exception,wrong,correct,0
1,12,global_fixed1,exception,wrong,wrong,0
1,12,global_fixed1,exception,wrong,abstain,0
1,12,global_fixed1,exception,abstain,correct,3
1,12,global_fixed1,exception,abstain,wrong,0
1,12,global_fixed1,exception,abstain,abstain,4
1,12,position_fixed1,normal,correct,correct,51
1,12,position_fixed1,normal,correct,wrong,0
1,12,position_fixed1,normal,correct,abstain,54
1,12,position_fixed1,normal,wrong,correct,0
1,12,position_fixed1,normal,wrong,wrong,0
1,12,position_fixed1,normal,wrong,abstain,0
1,12,position_fixed1,normal,abstain,correct,16
1,12,position_fixed1,normal,abstain,wrong,0
1,12,position_fixed1,normal,abstain,abstain,9
1,12,position_fixed1,exception,correct,correct,9
1,12,position_fixed1,exception,correct,wrong,0
1,12,position_fixed1,exception,correct,abstain,15
1,12,position_fixed1,exception,wrong,correct,0
1,12,position_fixed1,exception,wrong,wrong,0
1,12,position_fixed1,exception,wrong,abstain,0
1,12,position_fixed1,exception,abstain,correct,3
1,12,position_fixed1,exception,abstain,wrong,0
1,12,position_fixed1,exception,abstain,abstain,4
1,13,baseline,normal,correct,correct,101
1,13,baseline,normal,correct,wrong,0
1,13,baseline,normal,correct,abstain,0
1,13,baseline,normal,wrong,correct,0
1,13,baseline,normal,wrong,wrong,0
1,13,baseline,normal,wrong,abstain,0
1,13,baseline,normal,abstain,correct,0
1,13,baseline,normal,abstain,wrong,0
1,13,baseline,normal,abstain,abstain,30
1,13,baseline,exception,correct,correct,26
1,13,baseline,exception,correct,wrong,0
1,13,baseline,exception,correct,abstain,0
1,13,baseline,exception,wrong,correct,0
1,13,baseline,exception,wrong,wrong,0
1,13,baseline,exception,wrong,abstain,0
1,13,baseline,exception,abstain,correct,0
1,13,baseline,exception,abstain,wrong,0
1,13,baseline,exception,abstain,abstain,8
1,13,binary_e01,normal,correct,correct,101
1,13,binary_e01,normal,correct,wrong,0
1,13,binary_e01,normal,correct,abstain,0
1,13,binary_e01,normal,wrong,correct,0
1,13,binary_e01,normal,wrong,wrong,0
1,13,binary_e01,normal,wrong,abstain,0
1,13,binary_e01,normal,abstain,correct,0
1,13,binary_e01,normal,abstain,wrong,0
1,13,binary_e01,normal,abstain,abstain,30
1,13,binary_e01,exception,correct,correct,26
1,13,binary_e01,exception,correct,wrong,0
1,13,binary_e01,exception,correct,abstain,0
1,13,binary_e01,exception,wrong,correct,0
1,13,binary_e01,exception,wrong,wrong,0
1,13,binary_e01,exception,wrong,abstain,0
1,13,binary_e01,exception,abstain,correct,0
1,13,binary_e01,exception,abstain,wrong,0
1,13,binary_e01,exception,abstain,abstain,8
1,13,binary_e05,normal,correct,correct,101
1,13,binary_e05,normal,correct,wrong,0
1,13,binary_e05,normal,correct,abstain,0
1,13,binary_e05,normal,wrong,correct,0
1,13,binary_e05,normal,wrong,wrong,0
1,13,binary_e05,normal,wrong,abstain,0
1,13,binary_e05,normal,abstain,correct,0
1,13,binary_e05,normal,abstain,wrong,0
1,13,binary_e05,normal,abstain,abstain,30
1,13,binary_e05,exception,correct,correct,26
1,13,binary_e05,exception,correct,wrong,0
1,13,binary_e05,exception,correct,abstain,0
1,13,binary_e05,exception,wrong,correct,0
1,13,binary_e05,exception,wrong,wrong,0
1,13,binary_e05,exception,wrong,abstain,0
1,13,binary_e05,exception,abstain,correct,0
1,13,binary_e05,exception,abstain,wrong,0
1,13,binary_e05,exception,abstain,abstain,8
1,13,global_e01,normal,correct,correct,86
1,13,global_e01,normal,correct,wrong,0
1,13,global_e01,normal,correct,abstain,15
1,13,global_e01,normal,wrong,correct,0
1,13,global_e01,normal,wrong,wrong,0
1,13,global_e01,normal,wrong,abstain,0
1,13,global_e01,normal,abstain,correct,8
1,13,global_e01,normal,abstain,wrong,0
1,13,global_e01,normal,abstain,abstain,22
1,13,global_e01,exception,correct,correct,26
1,13,global_e01,exception,correct,wrong,0
1,13,global_e01,exception,correct,abstain,0
1,13,global_e01,exception,wrong,correct,0
1,13,global_e01,exception,wrong,wrong,0
1,13,global_e01,exception,wrong,abstain,0
1,13,global_e01,exception,abstain,correct,4
1,13,global_e01,exception,abstain,wrong,0
1,13,global_e01,exception,abstain,abstain,4
1,13,global_e05,normal,correct,correct,82
1,13,global_e05,normal,correct,wrong,0
1,13,global_e05,normal,correct,abstain,19
1,13,global_e05,normal,wrong,correct,0
1,13,global_e05,normal,wrong,wrong,0
1,13,global_e05,normal,wrong,abstain,0
1,13,global_e05,normal,abstain,correct,8
1,13,global_e05,normal,abstain,wrong,0
1,13,global_e05,normal,abstain,abstain,22
1,13,global_e05,exception,correct,correct,26
1,13,global_e05,exception,correct,wrong,0
1,13,global_e05,exception,correct,abstain,0
1,13,global_e05,exception,wrong,correct,0
1,13,global_e05,exception,wrong,wrong,0
1,13,global_e05,exception,wrong,abstain,0
1,13,global_e05,exception,abstain,correct,3
1,13,global_e05,exception,abstain,wrong,0
1,13,global_e05,exception,abstain,abstain,5
1,13,position_e01,normal,correct,correct,95
1,13,position_e01,normal,correct,wrong,0
1,13,position_e01,normal,correct,abstain,6
1,13,position_e01,normal,wrong,correct,0
1,13,position_e01,normal,wrong,wrong,0
1,13,position_e01,normal,wrong,abstain,0
1,13,position_e01,normal,abstain,correct,1
1,13,position_e01,normal,abstain,wrong,0
1,13,position_e01,normal,abstain,abstain,29
1,13,position_e01,exception,correct,correct,25
1,13,position_e01,exception,correct,wrong,0
1,13,position_e01,exception,correct,abstain,1
1,13,position_e01,exception,wrong,correct,0
1,13,position_e01,exception,wrong,wrong,0
1,13,position_e01,exception,wrong,abstain,0
1,13,position_e01,exception,abstain,correct,0
1,13,position_e01,exception,abstain,wrong,0
1,13,position_e01,exception,abstain,abstain,8
1,13,position_e05,normal,correct,correct,86
1,13,position_e05,normal,correct,wrong,0
1,13,position_e05,normal,correct,abstain,15
1,13,position_e05,normal,wrong,correct,0
1,13,position_e05,normal,wrong,wrong,0
1,13,position_e05,normal,wrong,abstain,0
1,13,position_e05,normal,abstain,correct,0
1,13,position_e05,normal,abstain,wrong,0
1,13,position_e05,normal,abstain,abstain,30
1,13,position_e05,exception,correct,correct,26
1,13,position_e05,exception,correct,wrong,0
1,13,position_e05,exception,correct,abstain,0
1,13,position_e05,exception,wrong,correct,0
1,13,position_e05,exception,wrong,wrong,0
1,13,position_e05,exception,wrong,abstain,0
1,13,position_e05,exception,abstain,correct,0
1,13,position_e05,exception,abstain,wrong,0
1,13,position_e05,exception,abstain,abstain,8
1,13,global_fixed1,normal,correct,correct,35
1,13,global_fixed1,normal,correct,wrong,0
1,13,global_fixed1,normal,correct,abstain,66
1,13,global_fixed1,normal,wrong,correct,0
1,13,global_fixed1,normal,wrong,wrong,0
1,13,global_fixed1,normal,wrong,abstain,0
1,13,global_fixed1,normal,abstain,correct,4
1,13,global_fixed1,normal,abstain,wrong,0
1,13,global_fixed1,normal,abstain,abstain,26
1,13,global_fixed1,exception,correct,correct,10
1,13,global_fixed1,exception,correct,wrong,0
1,13,global_fixed1,exception,correct,abstain,16
1,13,global_fixed1,exception,wrong,correct,0
1,13,global_fixed1,exception,wrong,wrong,0
1,13,global_fixed1,exception,wrong,abstain,0
1,13,global_fixed1,exception,abstain,correct,1
1,13,global_fixed1,exception,abstain,wrong,0
1,13,global_fixed1,exception,abstain,abstain,7
1,13,position_fixed1,normal,correct,correct,50
1,13,position_fixed1,normal,correct,wrong,0
1,13,position_fixed1,normal,correct,abstain,51
1,13,position_fixed1,normal,wrong,correct,0
1,13,position_fixed1,normal,wrong,wrong,0
1,13,position_fixed1,normal,wrong,abstain,0
1,13,position_fixed1,normal,abstain,correct,7
1,13,position_fixed1,normal,abstain,wrong,0
1,13,position_fixed1,normal,abstain,abstain,23
1,13,position_fixed1,exception,correct,correct,17
1,13,position_fixed1,exception,correct,wrong,0
1,13,position_fixed1,exception,correct,abstain,9
1,13,position_fixed1,exception,wrong,correct,0
1,13,position_fixed1,exception,wrong,wrong,0
1,13,position_fixed1,exception,wrong,abstain,0
1,13,position_fixed1,exception,abstain,correct,3
1,13,position_fixed1,exception,abstain,wrong,0
1,13,position_fixed1,exception,abstain,abstain,5
1,14,baseline,normal,correct,correct,128
1,14,baseline,normal,correct,wrong,0
1,14,baseline,normal,correct,abstain,0
1,14,baseline,normal,wrong,correct,0
1,14,baseline,normal,wrong,wrong,0
1,14,baseline,normal,wrong,abstain,0
1,14,baseline,normal,abstain,correct,0
1,14,baseline,normal,abstain,wrong,0
1,14,baseline,normal,abstain,abstain,1
1,14,baseline,exception,correct,correct,31
1,14,baseline,exception,correct,wrong,0
1,14,baseline,exception,correct,abstain,0
1,14,baseline,exception,wrong,correct,0
1,14,baseline,exception,wrong,wrong,0
1,14,baseline,exception,wrong,abstain,0
1,14,baseline,exception,abstain,correct,0
1,14,baseline,exception,abstain,wrong,0
1,14,baseline,exception,abstain,abstain,1
1,14,binary_e01,normal,correct,correct,128
1,14,binary_e01,normal,correct,wrong,0
1,14,binary_e01,normal,correct,abstain,0
1,14,binary_e01,normal,wrong,correct,0
1,14,binary_e01,normal,wrong,wrong,0
1,14,binary_e01,normal,wrong,abstain,0
1,14,binary_e01,normal,abstain,correct,0
1,14,binary_e01,normal,abstain,wrong,0
1,14,binary_e01,normal,abstain,abstain,1
1,14,binary_e01,exception,correct,correct,31
1,14,binary_e01,exception,correct,wrong,0
1,14,binary_e01,exception,correct,abstain,0
1,14,binary_e01,exception,wrong,correct,0
1,14,binary_e01,exception,wrong,wrong,0
1,14,binary_e01,exception,wrong,abstain,0
1,14,binary_e01,exception,abstain,correct,0
1,14,binary_e01,exception,abstain,wrong,0
1,14,binary_e01,exception,abstain,abstain,1
1,14,binary_e05,normal,correct,correct,128
1,14,binary_e05,normal,correct,wrong,0
1,14,binary_e05,normal,correct,abstain,0
1,14,binary_e05,normal,wrong,correct,0
1,14,binary_e05,normal,wrong,wrong,0
1,14,binary_e05,normal,wrong,abstain,0
1,14,binary_e05,normal,abstain,correct,0
1,14,binary_e05,normal,abstain,wrong,0
1,14,binary_e05,normal,abstain,abstain,1
1,14,binary_e05,exception,correct,correct,31
1,14,binary_e05,exception,correct,wrong,0
1,14,binary_e05,exception,correct,abstain,0
1,14,binary_e05,exception,wrong,correct,0
1,14,binary_e05,exception,wrong,wrong,0
1,14,binary_e05,exception,wrong,abstain,0
1,14,binary_e05,exception,abstain,correct,0
1,14,binary_e05,exception,abstain,wrong,0
1,14,binary_e05,exception,abstain,abstain,1
1,14,global_e01,normal,correct,correct,107
1,14,global_e01,normal,correct,wrong,0
1,14,global_e01,normal,correct,abstain,21
1,14,global_e01,normal,wrong,correct,0
1,14,global_e01,normal,wrong,wrong,0
1,14,global_e01,normal,wrong,abstain,0
1,14,global_e01,normal,abstain,correct,0
1,14,global_e01,normal,abstain,wrong,0
1,14,global_e01,normal,abstain,abstain,1
1,14,global_e01,exception,correct,correct,28
1,14,global_e01,exception,correct,wrong,0
1,14,global_e01,exception,correct,abstain,3
1,14,global_e01,exception,wrong,correct,0
1,14,global_e01,exception,wrong,wrong,0
1,14,global_e01,exception,wrong,abstain,0
1,14,global_e01,exception,abstain,correct,1
1,14,global_e01,exception,abstain,wrong,0
1,14,global_e01,exception,abstain,abstain,0
1,14,global_e05,normal,correct,correct,95
1,14,global_e05,normal,correct,wrong,0
1,14,global_e05,normal,correct,abstain,33
1,14,global_e05,normal,wrong,correct,0
1,14,global_e05,normal,wrong,wrong,0
1,14,global_e05,normal,wrong,abstain,0
1,14,global_e05,normal,abstain,correct,0
1,14,global_e05,normal,abstain,wrong,0
1,14,global_e05,normal,abstain,abstain,1
1,14,global_e05,exception,correct,correct,26
1,14,global_e05,exception,correct,wrong,0
1,14,global_e05,exception,correct,abstain,5
1,14,global_e05,exception,wrong,correct,0
1,14,global_e05,exception,wrong,wrong,0
1,14,global_e05,exception,wrong,abstain,0
1,14,global_e05,exception,abstain,correct,1
1,14,global_e05,exception,abstain,wrong,0
1,14,global_e05,exception,abstain,abstain,0
1,14,position_e01,normal,correct,correct,123
1,14,position_e01,normal,correct,wrong,0
1,14,position_e01,normal,correct,abstain,5
1,14,position_e01,normal,wrong,correct,0
1,14,position_e01,normal,wrong,wrong,0
1,14,position_e01,normal,wrong,abstain,0
1,14,position_e01,normal,abstain,correct,0
1,14,position_e01,normal,abstain,wrong,0
1,14,position_e01,normal,abstain,abstain,1
1,14,position_e01,exception,correct,correct,31
1,14,position_e01,exception,correct,wrong,0
1,14,position_e01,exception,correct,abstain,0
1,14,position_e01,exception,wrong,correct,0
1,14,position_e01,exception,wrong,wrong,0
1,14,position_e01,exception,wrong,abstain,0
1,14,position_e01,exception,abstain,correct,0
1,14,position_e01,exception,abstain,wrong,0
1,14,position_e01,exception,abstain,abstain,1
1,14,position_e05,normal,correct,correct,109
1,14,position_e05,normal,correct,wrong,0
1,14,position_e05,normal,correct,abstain,19
1,14,position_e05,normal,wrong,correct,0
1,14,position_e05,normal,wrong,wrong,0
1,14,position_e05,normal,wrong,abstain,0
1,14,position_e05,normal,abstain,correct,0
1,14,position_e05,normal,abstain,wrong,0
1,14,position_e05,normal,abstain,abstain,1
1,14,position_e05,exception,correct,correct,29
1,14,position_e05,exception,correct,wrong,0
1,14,position_e05,exception,correct,abstain,2
1,14,position_e05,exception,wrong,correct,0
1,14,position_e05,exception,wrong,wrong,0
1,14,position_e05,exception,wrong,abstain,0
1,14,position_e05,exception,abstain,correct,0
1,14,position_e05,exception,abstain,wrong,0
1,14,position_e05,exception,abstain,abstain,1
1,14,global_fixed1,normal,correct,correct,23
1,14,global_fixed1,normal,correct,wrong,0
1,14,global_fixed1,normal,correct,abstain,105
1,14,global_fixed1,normal,wrong,correct,0
1,14,global_fixed1,normal,wrong,wrong,0
1,14,global_fixed1,normal,wrong,abstain,0
1,14,global_fixed1,normal,abstain,correct,0
1,14,global_fixed1,normal,abstain,wrong,0
1,14,global_fixed1,normal,abstain,abstain,1
1,14,global_fixed1,exception,correct,correct,7
1,14,global_fixed1,exception,correct,wrong,0
1,14,global_fixed1,exception,correct,abstain,24
1,14,global_fixed1,exception,wrong,correct,0
1,14,global_fixed1,exception,wrong,wrong,0
1,14,global_fixed1,exception,wrong,abstain,0
1,14,global_fixed1,exception,abstain,correct,0
1,14,global_fixed1,exception,abstain,wrong,0
1,14,global_fixed1,exception,abstain,abstain,1
1,14,position_fixed1,normal,correct,correct,54
1,14,position_fixed1,normal,correct,wrong,0
1,14,position_fixed1,normal,correct,abstain,74
1,14,position_fixed1,normal,wrong,correct,0
1,14,position_fixed1,normal,wrong,wrong,0
1,14,position_fixed1,normal,wrong,abstain,0
1,14,position_fixed1,normal,abstain,correct,0
1,14,position_fixed1,normal,abstain,wrong,0
1,14,position_fixed1,normal,abstain,abstain,1
1,14,position_fixed1,exception,correct,correct,17
1,14,position_fixed1,exception,correct,wrong,0
1,14,position_fixed1,exception,correct,abstain,14
1,14,position_fixed1,exception,wrong,correct,0
1,14,position_fixed1,exception,wrong,wrong,0
1,14,position_fixed1,exception,wrong,abstain,0
1,14,position_fixed1,exception,abstain,correct,0
1,14,position_fixed1,exception,abstain,wrong,0
1,14,position_fixed1,exception,abstain,abstain,1
1,15,baseline,normal,correct,correct,114
1,15,baseline,normal,correct,wrong,0
1,15,baseline,normal,correct,abstain,0
1,15,baseline,normal,wrong,correct,0
1,15,baseline,normal,wrong,wrong,0
1,15,baseline,normal,wrong,abstain,0
1,15,baseline,normal,abstain,correct,0
1,15,baseline,normal,abstain,wrong,0
1,15,baseline,normal,abstain,abstain,10
1,15,baseline,exception,correct,correct,19
1,15,baseline,exception,correct,wrong,0
1,15,baseline,exception,correct,abstain,0
1,15,baseline,exception,wrong,correct,0
1,15,baseline,exception,wrong,wrong,0
1,15,baseline,exception,wrong,abstain,0
1,15,baseline,exception,abstain,correct,0
1,15,baseline,exception,abstain,wrong,0
1,15,baseline,exception,abstain,abstain,6
1,15,binary_e01,normal,correct,correct,114
1,15,binary_e01,normal,correct,wrong,0
1,15,binary_e01,normal,correct,abstain,0
1,15,binary_e01,normal,wrong,correct,0
1,15,binary_e01,normal,wrong,wrong,0
1,15,binary_e01,normal,wrong,abstain,0
1,15,binary_e01,normal,abstain,correct,1
1,15,binary_e01,normal,abstain,wrong,0
1,15,binary_e01,normal,abstain,abstain,9
1,15,binary_e01,exception,correct,correct,19
1,15,binary_e01,exception,correct,wrong,0
1,15,binary_e01,exception,correct,abstain,0
1,15,binary_e01,exception,wrong,correct,0
1,15,binary_e01,exception,wrong,wrong,0
1,15,binary_e01,exception,wrong,abstain,0
1,15,binary_e01,exception,abstain,correct,0
1,15,binary_e01,exception,abstain,wrong,0
1,15,binary_e01,exception,abstain,abstain,6
1,15,binary_e05,normal,correct,correct,114
1,15,binary_e05,normal,correct,wrong,0
1,15,binary_e05,normal,correct,abstain,0
1,15,binary_e05,normal,wrong,correct,0
1,15,binary_e05,normal,wrong,wrong,0
1,15,binary_e05,normal,wrong,abstain,0
1,15,binary_e05,normal,abstain,correct,1
1,15,binary_e05,normal,abstain,wrong,0
1,15,binary_e05,normal,abstain,abstain,9
1,15,binary_e05,exception,correct,correct,19
1,15,binary_e05,exception,correct,wrong,0
1,15,binary_e05,exception,correct,abstain,0
1,15,binary_e05,exception,wrong,correct,0
1,15,binary_e05,exception,wrong,wrong,0
1,15,binary_e05,exception,wrong,abstain,0
1,15,binary_e05,exception,abstain,correct,0
1,15,binary_e05,exception,abstain,wrong,0
1,15,binary_e05,exception,abstain,abstain,6
1,15,global_e01,normal,correct,correct,84
1,15,global_e01,normal,correct,wrong,0
1,15,global_e01,normal,correct,abstain,30
1,15,global_e01,normal,wrong,correct,0
1,15,global_e01,normal,wrong,wrong,0
1,15,global_e01,normal,wrong,abstain,0
1,15,global_e01,normal,abstain,correct,6
1,15,global_e01,normal,abstain,wrong,0
1,15,global_e01,normal,abstain,abstain,4
1,15,global_e01,exception,correct,correct,12
1,15,global_e01,exception,correct,wrong,0
1,15,global_e01,exception,correct,abstain,7
1,15,global_e01,exception,wrong,correct,0
1,15,global_e01,exception,wrong,wrong,0
1,15,global_e01,exception,wrong,abstain,0
1,15,global_e01,exception,abstain,correct,5
1,15,global_e01,exception,abstain,wrong,0
1,15,global_e01,exception,abstain,abstain,1
1,15,global_e05,normal,correct,correct,83
1,15,global_e05,normal,correct,wrong,0
1,15,global_e05,normal,correct,abstain,31
1,15,global_e05,normal,wrong,correct,0
1,15,global_e05,normal,wrong,wrong,0
1,15,global_e05,normal,wrong,abstain,0
1,15,global_e05,normal,abstain,correct,6
1,15,global_e05,normal,abstain,wrong,0
1,15,global_e05,normal,abstain,abstain,4
1,15,global_e05,exception,correct,correct,12
1,15,global_e05,exception,correct,wrong,0
1,15,global_e05,exception,correct,abstain,7
1,15,global_e05,exception,wrong,correct,0
1,15,global_e05,exception,wrong,wrong,0
1,15,global_e05,exception,wrong,abstain,0
1,15,global_e05,exception,abstain,correct,5
1,15,global_e05,exception,abstain,wrong,0
1,15,global_e05,exception,abstain,abstain,1
1,15,position_e01,normal,correct,correct,105
1,15,position_e01,normal,correct,wrong,0
1,15,position_e01,normal,correct,abstain,9
1,15,position_e01,normal,wrong,correct,0
1,15,position_e01,normal,wrong,wrong,0
1,15,position_e01,normal,wrong,abstain,0
1,15,position_e01,normal,abstain,correct,1
1,15,position_e01,normal,abstain,wrong,0
1,15,position_e01,normal,abstain,abstain,9
1,15,position_e01,exception,correct,correct,15
1,15,position_e01,exception,correct,wrong,0
1,15,position_e01,exception,correct,abstain,4
1,15,position_e01,exception,wrong,correct,0
1,15,position_e01,exception,wrong,wrong,0
1,15,position_e01,exception,wrong,abstain,0
1,15,position_e01,exception,abstain,correct,3
1,15,position_e01,exception,abstain,wrong,0
1,15,position_e01,exception,abstain,abstain,3
1,15,position_e05,normal,correct,correct,93
1,15,position_e05,normal,correct,wrong,0
1,15,position_e05,normal,correct,abstain,21
1,15,position_e05,normal,wrong,correct,0
1,15,position_e05,normal,wrong,wrong,0
1,15,position_e05,normal,wrong,abstain,0
1,15,position_e05,normal,abstain,correct,2
1,15,position_e05,normal,abstain,wrong,0
1,15,position_e05,normal,abstain,abstain,8
1,15,position_e05,exception,correct,correct,14
1,15,position_e05,exception,correct,wrong,0
1,15,position_e05,exception,correct,abstain,5
1,15,position_e05,exception,wrong,correct,0
1,15,position_e05,exception,wrong,wrong,0
1,15,position_e05,exception,wrong,abstain,0
1,15,position_e05,exception,abstain,correct,3
1,15,position_e05,exception,abstain,wrong,0
1,15,position_e05,exception,abstain,abstain,3
1,15,global_fixed1,normal,correct,correct,28
1,15,global_fixed1,normal,correct,wrong,0
1,15,global_fixed1,normal,correct,abstain,86
1,15,global_fixed1,normal,wrong,correct,0
1,15,global_fixed1,normal,wrong,wrong,0
1,15,global_fixed1,normal,wrong,abstain,0
1,15,global_fixed1,normal,abstain,correct,0
1,15,global_fixed1,normal,abstain,wrong,0
1,15,global_fixed1,normal,abstain,abstain,10
1,15,global_fixed1,exception,correct,correct,7
1,15,global_fixed1,exception,correct,wrong,0
1,15,global_fixed1,exception,correct,abstain,12
1,15,global_fixed1,exception,wrong,correct,0
1,15,global_fixed1,exception,wrong,wrong,0
1,15,global_fixed1,exception,wrong,abstain,0
1,15,global_fixed1,exception,abstain,correct,3
1,15,global_fixed1,exception,abstain,wrong,0
1,15,global_fixed1,exception,abstain,abstain,3
1,15,position_fixed1,normal,correct,correct,59
1,15,position_fixed1,normal,correct,wrong,0
1,15,position_fixed1,normal,correct,abstain,55
1,15,position_fixed1,normal,wrong,correct,0
1,15,position_fixed1,normal,wrong,wrong,0
1,15,position_fixed1,normal,wrong,abstain,0
1,15,position_fixed1,normal,abstain,correct,4
1,15,position_fixed1,normal,abstain,wrong,0
1,15,position_fixed1,normal,abstain,abstain,6
1,15,position_fixed1,exception,correct,correct,8
1,15,position_fixed1,exception,correct,wrong,0
1,15,position_fixed1,exception,correct,abstain,11
1,15,position_fixed1,exception,wrong,correct,0
1,15,position_fixed1,exception,wrong,wrong,0
1,15,position_fixed1,exception,wrong,abstain,0
1,15,position_fixed1,exception,abstain,correct,3
1,15,position_fixed1,exception,abstain,wrong,0
1,15,position_fixed1,exception,abstain,abstain,3
1,16,baseline,normal,correct,correct,133
1,16,baseline,normal,correct,wrong,0
1,16,baseline,normal,correct,abstain,0
1,16,baseline,normal,wrong,correct,0
1,16,baseline,normal,wrong,wrong,0
1,16,baseline,normal,wrong,abstain,0
1,16,baseline,normal,abstain,correct,0
1,16,baseline,normal,abstain,wrong,0
1,16,baseline,normal,abstain,abstain,2
1,16,baseline,exception,correct,correct,34
1,16,baseline,exception,correct,wrong,0
1,16,baseline,exception,correct,abstain,0
1,16,baseline,exception,wrong,correct,0
1,16,baseline,exception,wrong,wrong,0
1,16,baseline,exception,wrong,abstain,0
1,16,baseline,exception,abstain,correct,0
1,16,baseline,exception,abstain,wrong,0
1,16,baseline,exception,abstain,abstain,3
1,16,binary_e01,normal,correct,correct,133
1,16,binary_e01,normal,correct,wrong,0
1,16,binary_e01,normal,correct,abstain,0
1,16,binary_e01,normal,wrong,correct,0
1,16,binary_e01,normal,wrong,wrong,0
1,16,binary_e01,normal,wrong,abstain,0
1,16,binary_e01,normal,abstain,correct,0
1,16,binary_e01,normal,abstain,wrong,0
1,16,binary_e01,normal,abstain,abstain,2
1,16,binary_e01,exception,correct,correct,34
1,16,binary_e01,exception,correct,wrong,0
1,16,binary_e01,exception,correct,abstain,0
1,16,binary_e01,exception,wrong,correct,0
1,16,binary_e01,exception,wrong,wrong,0
1,16,binary_e01,exception,wrong,abstain,0
1,16,binary_e01,exception,abstain,correct,0
1,16,binary_e01,exception,abstain,wrong,0
1,16,binary_e01,exception,abstain,abstain,3
1,16,binary_e05,normal,correct,correct,133
1,16,binary_e05,normal,correct,wrong,0
1,16,binary_e05,normal,correct,abstain,0
1,16,binary_e05,normal,wrong,correct,0
1,16,binary_e05,normal,wrong,wrong,0
1,16,binary_e05,normal,wrong,abstain,0
1,16,binary_e05,normal,abstain,correct,0
1,16,binary_e05,normal,abstain,wrong,0
1,16,binary_e05,normal,abstain,abstain,2
1,16,binary_e05,exception,correct,correct,34
1,16,binary_e05,exception,correct,wrong,0
1,16,binary_e05,exception,correct,abstain,0
1,16,binary_e05,exception,wrong,correct,0
1,16,binary_e05,exception,wrong,wrong,0
1,16,binary_e05,exception,wrong,abstain,0
1,16,binary_e05,exception,abstain,correct,0
1,16,binary_e05,exception,abstain,wrong,0
1,16,binary_e05,exception,abstain,abstain,3
1,16,global_e01,normal,correct,correct,122
1,16,global_e01,normal,correct,wrong,0
1,16,global_e01,normal,correct,abstain,11
1,16,global_e01,normal,wrong,correct,0
1,16,global_e01,normal,wrong,wrong,0
1,16,global_e01,normal,wrong,abstain,0
1,16,global_e01,normal,abstain,correct,2
1,16,global_e01,normal,abstain,wrong,0
1,16,global_e01,normal,abstain,abstain,0
1,16,global_e01,exception,correct,correct,26
1,16,global_e01,exception,correct,wrong,0
1,16,global_e01,exception,correct,abstain,8
1,16,global_e01,exception,wrong,correct,0
1,16,global_e01,exception,wrong,wrong,0
1,16,global_e01,exception,wrong,abstain,0
1,16,global_e01,exception,abstain,correct,3
1,16,global_e01,exception,abstain,wrong,0
1,16,global_e01,exception,abstain,abstain,0
1,16,global_e05,normal,correct,correct,117
1,16,global_e05,normal,correct,wrong,0
1,16,global_e05,normal,correct,abstain,16
1,16,global_e05,normal,wrong,correct,0
1,16,global_e05,normal,wrong,wrong,0
1,16,global_e05,normal,wrong,abstain,0
1,16,global_e05,normal,abstain,correct,2
1,16,global_e05,normal,abstain,wrong,0
1,16,global_e05,normal,abstain,abstain,0
1,16,global_e05,exception,correct,correct,25
1,16,global_e05,exception,correct,wrong,0
1,16,global_e05,exception,correct,abstain,9
1,16,global_e05,exception,wrong,correct,0
1,16,global_e05,exception,wrong,wrong,0
1,16,global_e05,exception,wrong,abstain,0
1,16,global_e05,exception,abstain,correct,3
1,16,global_e05,exception,abstain,wrong,0
1,16,global_e05,exception,abstain,abstain,0
1,16,position_e01,normal,correct,correct,128
1,16,position_e01,normal,correct,wrong,0
1,16,position_e01,normal,correct,abstain,5
1,16,position_e01,normal,wrong,correct,0
1,16,position_e01,normal,wrong,wrong,0
1,16,position_e01,normal,wrong,abstain,0
1,16,position_e01,normal,abstain,correct,2
1,16,position_e01,normal,abstain,wrong,0
1,16,position_e01,normal,abstain,abstain,0
1,16,position_e01,exception,correct,correct,30
1,16,position_e01,exception,correct,wrong,0
1,16,position_e01,exception,correct,abstain,4
1,16,position_e01,exception,wrong,correct,0
1,16,position_e01,exception,wrong,wrong,0
1,16,position_e01,exception,wrong,abstain,0
1,16,position_e01,exception,abstain,correct,3
1,16,position_e01,exception,abstain,wrong,0
1,16,position_e01,exception,abstain,abstain,0
1,16,position_e05,normal,correct,correct,127
1,16,position_e05,normal,correct,wrong,0
1,16,position_e05,normal,correct,abstain,6
1,16,position_e05,normal,wrong,correct,0
1,16,position_e05,normal,wrong,wrong,0
1,16,position_e05,normal,wrong,abstain,0
1,16,position_e05,normal,abstain,correct,2
1,16,position_e05,normal,abstain,wrong,0
1,16,position_e05,normal,abstain,abstain,0
1,16,position_e05,exception,correct,correct,26
1,16,position_e05,exception,correct,wrong,0
1,16,position_e05,exception,correct,abstain,8
1,16,position_e05,exception,wrong,correct,0
1,16,position_e05,exception,wrong,wrong,0
1,16,position_e05,exception,wrong,abstain,0
1,16,position_e05,exception,abstain,correct,3
1,16,position_e05,exception,abstain,wrong,0
1,16,position_e05,exception,abstain,abstain,0
1,16,global_fixed1,normal,correct,correct,45
1,16,global_fixed1,normal,correct,wrong,0
1,16,global_fixed1,normal,correct,abstain,88
1,16,global_fixed1,normal,wrong,correct,0
1,16,global_fixed1,normal,wrong,wrong,0
1,16,global_fixed1,normal,wrong,abstain,0
1,16,global_fixed1,normal,abstain,correct,0
1,16,global_fixed1,normal,abstain,wrong,0
1,16,global_fixed1,normal,abstain,abstain,2
1,16,global_fixed1,exception,correct,correct,12
1,16,global_fixed1,exception,correct,wrong,0
1,16,global_fixed1,exception,correct,abstain,22
1,16,global_fixed1,exception,wrong,correct,0
1,16,global_fixed1,exception,wrong,wrong,0
1,16,global_fixed1,exception,wrong,abstain,0
1,16,global_fixed1,exception,abstain,correct,2
1,16,global_fixed1,exception,abstain,wrong,0
1,16,global_fixed1,exception,abstain,abstain,1
1,16,position_fixed1,normal,correct,correct,77
1,16,position_fixed1,normal,correct,wrong,0
1,16,position_fixed1,normal,correct,abstain,56
1,16,position_fixed1,normal,wrong,correct,0
1,16,position_fixed1,normal,wrong,wrong,0
1,16,position_fixed1,normal,wrong,abstain,0
1,16,position_fixed1,normal,abstain,correct,0
1,16,position_fixed1,normal,abstain,wrong,0
1,16,position_fixed1,normal,abstain,abstain,2
1,16,position_fixed1,exception,correct,correct,15
1,16,position_fixed1,exception,correct,wrong,0
1,16,position_fixed1,exception,correct,abstain,19
1,16,position_fixed1,exception,wrong,correct,0
1,16,position_fixed1,exception,wrong,wrong,0
1,16,position_fixed1,exception,wrong,abstain,0
1,16,position_fixed1,exception,abstain,correct,2
1,16,position_fixed1,exception,abstain,wrong,0
1,16,position_fixed1,exception,abstain,abstain,1
1,17,baseline,normal,correct,correct,101
1,17,baseline,normal,correct,wrong,0
1,17,baseline,normal,correct,abstain,0
1,17,baseline,normal,wrong,correct,0
1,17,baseline,normal,wrong,wrong,0
1,17,baseline,normal,wrong,abstain,0
1,17,baseline,normal,abstain,correct,0
1,17,baseline,normal,abstain,wrong,0
1,17,baseline,normal,abstain,abstain,32
1,17,baseline,exception,correct,correct,21
1,17,baseline,exception,correct,wrong,0
1,17,baseline,exception,correct,abstain,0
1,17,baseline,exception,wrong,correct,0
1,17,baseline,exception,wrong,wrong,0
1,17,baseline,exception,wrong,abstain,0
1,17,baseline,exception,abstain,correct,0
1,17,baseline,exception,abstain,wrong,0
1,17,baseline,exception,abstain,abstain,7
1,17,binary_e01,normal,correct,correct,101
1,17,binary_e01,normal,correct,wrong,0
1,17,binary_e01,normal,correct,abstain,0
1,17,binary_e01,normal,wrong,correct,0
1,17,binary_e01,normal,wrong,wrong,0
1,17,binary_e01,normal,wrong,abstain,0
1,17,binary_e01,normal,abstain,correct,0
1,17,binary_e01,normal,abstain,wrong,0
1,17,binary_e01,normal,abstain,abstain,32
1,17,binary_e01,exception,correct,correct,21
1,17,binary_e01,exception,correct,wrong,0
1,17,binary_e01,exception,correct,abstain,0
1,17,binary_e01,exception,wrong,correct,0
1,17,binary_e01,exception,wrong,wrong,0
1,17,binary_e01,exception,wrong,abstain,0
1,17,binary_e01,exception,abstain,correct,0
1,17,binary_e01,exception,abstain,wrong,0
1,17,binary_e01,exception,abstain,abstain,7
1,17,binary_e05,normal,correct,correct,101
1,17,binary_e05,normal,correct,wrong,0
1,17,binary_e05,normal,correct,abstain,0
1,17,binary_e05,normal,wrong,correct,0
1,17,binary_e05,normal,wrong,wrong,0
1,17,binary_e05,normal,wrong,abstain,0
1,17,binary_e05,normal,abstain,correct,0
1,17,binary_e05,normal,abstain,wrong,0
1,17,binary_e05,normal,abstain,abstain,32
1,17,binary_e05,exception,correct,correct,21
1,17,binary_e05,exception,correct,wrong,0
1,17,binary_e05,exception,correct,abstain,0
1,17,binary_e05,exception,wrong,correct,0
1,17,binary_e05,exception,wrong,wrong,0
1,17,binary_e05,exception,wrong,abstain,0
1,17,binary_e05,exception,abstain,correct,0
1,17,binary_e05,exception,abstain,wrong,0
1,17,binary_e05,exception,abstain,abstain,7
1,17,global_e01,normal,correct,correct,74
1,17,global_e01,normal,correct,wrong,0
1,17,global_e01,normal,correct,abstain,27
1,17,global_e01,normal,wrong,correct,0
1,17,global_e01,normal,wrong,wrong,0
1,17,global_e01,normal,wrong,abstain,0
1,17,global_e01,normal,abstain,correct,25
1,17,global_e01,normal,abstain,wrong,0
1,17,global_e01,normal,abstain,abstain,7
1,17,global_e01,exception,correct,correct,18
1,17,global_e01,exception,correct,wrong,0
1,17,global_e01,exception,correct,abstain,3
1,17,global_e01,exception,wrong,correct,0
1,17,global_e01,exception,wrong,wrong,0
1,17,global_e01,exception,wrong,abstain,0
1,17,global_e01,exception,abstain,correct,6
1,17,global_e01,exception,abstain,wrong,0
1,17,global_e01,exception,abstain,abstain,1
1,17,global_e05,normal,correct,correct,67
1,17,global_e05,normal,correct,wrong,0
1,17,global_e05,normal,correct,abstain,34
1,17,global_e05,normal,wrong,correct,0
1,17,global_e05,normal,wrong,wrong,0
1,17,global_e05,normal,wrong,abstain,0
1,17,global_e05,normal,abstain,correct,26
1,17,global_e05,normal,abstain,wrong,0
1,17,global_e05,normal,abstain,abstain,6
1,17,global_e05,exception,correct,correct,17
1,17,global_e05,exception,correct,wrong,0
1,17,global_e05,exception,correct,abstain,4
1,17,global_e05,exception,wrong,correct,0
1,17,global_e05,exception,wrong,wrong,0
1,17,global_e05,exception,wrong,abstain,0
1,17,global_e05,exception,abstain,correct,6
1,17,global_e05,exception,abstain,wrong,0
1,17,global_e05,exception,abstain,abstain,1
1,17,position_e01,normal,correct,correct,84
1,17,position_e01,normal,correct,wrong,0
1,17,position_e01,normal,correct,abstain,17
1,17,position_e01,normal,wrong,correct,0
1,17,position_e01,normal,wrong,wrong,0
1,17,position_e01,normal,wrong,abstain,0
1,17,position_e01,normal,abstain,correct,12
1,17,position_e01,normal,abstain,wrong,0
1,17,position_e01,normal,abstain,abstain,20
1,17,position_e01,exception,correct,correct,19
1,17,position_e01,exception,correct,wrong,0
1,17,position_e01,exception,correct,abstain,2
1,17,position_e01,exception,wrong,correct,0
1,17,position_e01,exception,wrong,wrong,0
1,17,position_e01,exception,wrong,abstain,0
1,17,position_e01,exception,abstain,correct,4
1,17,position_e01,exception,abstain,wrong,0
1,17,position_e01,exception,abstain,abstain,3
1,17,position_e05,normal,correct,correct,74
1,17,position_e05,normal,correct,wrong,0
1,17,position_e05,normal,correct,abstain,27
1,17,position_e05,normal,wrong,correct,0
1,17,position_e05,normal,wrong,wrong,0
1,17,position_e05,normal,wrong,abstain,0
1,17,position_e05,normal,abstain,correct,14
1,17,position_e05,normal,abstain,wrong,0
1,17,position_e05,normal,abstain,abstain,18
1,17,position_e05,exception,correct,correct,19
1,17,position_e05,exception,correct,wrong,0
1,17,position_e05,exception,correct,abstain,2
1,17,position_e05,exception,wrong,correct,0
1,17,position_e05,exception,wrong,wrong,0
1,17,position_e05,exception,wrong,abstain,0
1,17,position_e05,exception,abstain,correct,4
1,17,position_e05,exception,abstain,wrong,0
1,17,position_e05,exception,abstain,abstain,3
1,17,global_fixed1,normal,correct,correct,45
1,17,global_fixed1,normal,correct,wrong,0
1,17,global_fixed1,normal,correct,abstain,56
1,17,global_fixed1,normal,wrong,correct,0
1,17,global_fixed1,normal,wrong,wrong,0
1,17,global_fixed1,normal,wrong,abstain,0
1,17,global_fixed1,normal,abstain,correct,13
1,17,global_fixed1,normal,abstain,wrong,0
1,17,global_fixed1,normal,abstain,abstain,19
1,17,global_fixed1,exception,correct,correct,8
1,17,global_fixed1,exception,correct,wrong,0
1,17,global_fixed1,exception,correct,abstain,13
1,17,global_fixed1,exception,wrong,correct,0
1,17,global_fixed1,exception,wrong,wrong,0
1,17,global_fixed1,exception,wrong,abstain,0
1,17,global_fixed1,exception,abstain,correct,4
1,17,global_fixed1,exception,abstain,wrong,0
1,17,global_fixed1,exception,abstain,abstain,3
1,17,position_fixed1,normal,correct,correct,59
1,17,position_fixed1,normal,correct,wrong,0
1,17,position_fixed1,normal,correct,abstain,42
1,17,position_fixed1,normal,wrong,correct,0
1,17,position_fixed1,normal,wrong,wrong,0
1,17,position_fixed1,normal,wrong,abstain,0
1,17,position_fixed1,normal,abstain,correct,25
1,17,position_fixed1,normal,abstain,wrong,0
1,17,position_fixed1,normal,abstain,abstain,7
1,17,position_fixed1,exception,correct,correct,11
1,17,position_fixed1,exception,correct,wrong,0
1,17,position_fixed1,exception,correct,abstain,10
1,17,position_fixed1,exception,wrong,correct,0
1,17,position_fixed1,exception,wrong,wrong,0
1,17,position_fixed1,exception,wrong,abstain,0
1,17,position_fixed1,exception,abstain,correct,6
1,17,position_fixed1,exception,abstain,wrong,0
1,17,position_fixed1,exception,abstain,abstain,1
1,18,baseline,normal,correct,correct,89
1,18,baseline,normal,correct,wrong,0
1,18,baseline,normal,correct,abstain,0
1,18,baseline,normal,wrong,correct,0
1,18,baseline,normal,wrong,wrong,0
1,18,baseline,normal,wrong,abstain,0
1,18,baseline,normal,abstain,correct,0
1,18,baseline,normal,abstain,wrong,0
1,18,baseline,normal,abstain,abstain,30
1,18,baseline,exception,correct,correct,22
1,18,baseline,exception,correct,wrong,0
1,18,baseline,exception,correct,abstain,0
1,18,baseline,exception,wrong,correct,0
1,18,baseline,exception,wrong,wrong,0
1,18,baseline,exception,wrong,abstain,0
1,18,baseline,exception,abstain,correct,0
1,18,baseline,exception,abstain,wrong,0
1,18,baseline,exception,abstain,abstain,12
1,18,binary_e01,normal,correct,correct,89
1,18,binary_e01,normal,correct,wrong,0
1,18,binary_e01,normal,correct,abstain,0
1,18,binary_e01,normal,wrong,correct,0
1,18,binary_e01,normal,wrong,wrong,0
1,18,binary_e01,normal,wrong,abstain,0
1,18,binary_e01,normal,abstain,correct,0
1,18,binary_e01,normal,abstain,wrong,0
1,18,binary_e01,normal,abstain,abstain,30
1,18,binary_e01,exception,correct,correct,22
1,18,binary_e01,exception,correct,wrong,0
1,18,binary_e01,exception,correct,abstain,0
1,18,binary_e01,exception,wrong,correct,0
1,18,binary_e01,exception,wrong,wrong,0
1,18,binary_e01,exception,wrong,abstain,0
1,18,binary_e01,exception,abstain,correct,0
1,18,binary_e01,exception,abstain,wrong,0
1,18,binary_e01,exception,abstain,abstain,12
1,18,binary_e05,normal,correct,correct,89
1,18,binary_e05,normal,correct,wrong,0
1,18,binary_e05,normal,correct,abstain,0
1,18,binary_e05,normal,wrong,correct,0
1,18,binary_e05,normal,wrong,wrong,0
1,18,binary_e05,normal,wrong,abstain,0
1,18,binary_e05,normal,abstain,correct,0
1,18,binary_e05,normal,abstain,wrong,0
1,18,binary_e05,normal,abstain,abstain,30
1,18,binary_e05,exception,correct,correct,22
1,18,binary_e05,exception,correct,wrong,0
1,18,binary_e05,exception,correct,abstain,0
1,18,binary_e05,exception,wrong,correct,0
1,18,binary_e05,exception,wrong,wrong,0
1,18,binary_e05,exception,wrong,abstain,0
1,18,binary_e05,exception,abstain,correct,0
1,18,binary_e05,exception,abstain,wrong,0
1,18,binary_e05,exception,abstain,abstain,12
1,18,global_e01,normal,correct,correct,74
1,18,global_e01,normal,correct,wrong,0
1,18,global_e01,normal,correct,abstain,15
1,18,global_e01,normal,wrong,correct,0
1,18,global_e01,normal,wrong,wrong,0
1,18,global_e01,normal,wrong,abstain,0
1,18,global_e01,normal,abstain,correct,21
1,18,global_e01,normal,abstain,wrong,0
1,18,global_e01,normal,abstain,abstain,9
1,18,global_e01,exception,correct,correct,15
1,18,global_e01,exception,correct,wrong,0
1,18,global_e01,exception,correct,abstain,7
1,18,global_e01,exception,wrong,correct,0
1,18,global_e01,exception,wrong,wrong,0
1,18,global_e01,exception,wrong,abstain,0
1,18,global_e01,exception,abstain,correct,8
1,18,global_e01,exception,abstain,wrong,0
1,18,global_e01,exception,abstain,abstain,4
1,18,global_e05,normal,correct,correct,71
1,18,global_e05,normal,correct,wrong,0
1,18,global_e05,normal,correct,abstain,18
1,18,global_e05,normal,wrong,correct,0
1,18,global_e05,normal,wrong,wrong,0
1,18,global_e05,normal,wrong,abstain,0
1,18,global_e05,normal,abstain,correct,19
1,18,global_e05,normal,abstain,wrong,0
1,18,global_e05,normal,abstain,abstain,11
1,18,global_e05,exception,correct,correct,13
1,18,global_e05,exception,correct,wrong,0
1,18,global_e05,exception,correct,abstain,9
1,18,global_e05,exception,wrong,correct,0
1,18,global_e05,exception,wrong,wrong,0
1,18,global_e05,exception,wrong,abstain,0
1,18,global_e05,exception,abstain,correct,10
1,18,global_e05,exception,abstain,wrong,0
1,18,global_e05,exception,abstain,abstain,2
1,18,position_e01,normal,correct,correct,78
1,18,position_e01,normal,correct,wrong,0
1,18,position_e01,normal,correct,abstain,11
1,18,position_e01,normal,wrong,correct,0
1,18,position_e01,normal,wrong,wrong,0
1,18,position_e01,normal,wrong,abstain,0
1,18,position_e01,normal,abstain,correct,8
1,18,position_e01,normal,abstain,wrong,0
1,18,position_e01,normal,abstain,abstain,22
1,18,position_e01,exception,correct,correct,19
1,18,position_e01,exception,correct,wrong,0
1,18,position_e01,exception,correct,abstain,3
1,18,position_e01,exception,wrong,correct,0
1,18,position_e01,exception,wrong,wrong,0
1,18,position_e01,exception,wrong,abstain,0
1,18,position_e01,exception,abstain,correct,7
1,18,position_e01,exception,abstain,wrong,0
1,18,position_e01,exception,abstain,abstain,5
1,18,position_e05,normal,correct,correct,70
1,18,position_e05,normal,correct,wrong,0
1,18,position_e05,normal,correct,abstain,19
1,18,position_e05,normal,wrong,correct,0
1,18,position_e05,normal,wrong,wrong,0
1,18,position_e05,normal,wrong,abstain,0
1,18,position_e05,normal,abstain,correct,13
1,18,position_e05,normal,abstain,wrong,0
1,18,position_e05,normal,abstain,abstain,17
1,18,position_e05,exception,correct,correct,16
1,18,position_e05,exception,correct,wrong,0
1,18,position_e05,exception,correct,abstain,6
1,18,position_e05,exception,wrong,correct,0
1,18,position_e05,exception,wrong,wrong,0
1,18,position_e05,exception,wrong,abstain,0
1,18,position_e05,exception,abstain,correct,9
1,18,position_e05,exception,abstain,wrong,0
1,18,position_e05,exception,abstain,abstain,3
1,18,global_fixed1,normal,correct,correct,26
1,18,global_fixed1,normal,correct,wrong,0
1,18,global_fixed1,normal,correct,abstain,63
1,18,global_fixed1,normal,wrong,correct,0
1,18,global_fixed1,normal,wrong,wrong,0
1,18,global_fixed1,normal,wrong,abstain,0
1,18,global_fixed1,normal,abstain,correct,11
1,18,global_fixed1,normal,abstain,wrong,0
1,18,global_fixed1,normal,abstain,abstain,19
1,18,global_fixed1,exception,correct,correct,6
1,18,global_fixed1,exception,correct,wrong,0
1,18,global_fixed1,exception,correct,abstain,16
1,18,global_fixed1,exception,wrong,correct,0
1,18,global_fixed1,exception,wrong,wrong,0
1,18,global_fixed1,exception,wrong,abstain,0
1,18,global_fixed1,exception,abstain,correct,5
1,18,global_fixed1,exception,abstain,wrong,0
1,18,global_fixed1,exception,abstain,abstain,7
1,18,position_fixed1,normal,correct,correct,52
1,18,position_fixed1,normal,correct,wrong,0
1,18,position_fixed1,normal,correct,abstain,37
1,18,position_fixed1,normal,wrong,correct,0
1,18,position_fixed1,normal,wrong,wrong,0
1,18,position_fixed1,normal,wrong,abstain,0
1,18,position_fixed1,normal,abstain,correct,15
1,18,position_fixed1,normal,abstain,wrong,0
1,18,position_fixed1,normal,abstain,abstain,15
1,18,position_fixed1,exception,correct,correct,6
1,18,position_fixed1,exception,correct,wrong,0
1,18,position_fixed1,exception,correct,abstain,16
1,18,position_fixed1,exception,wrong,correct,0
1,18,position_fixed1,exception,wrong,wrong,0
1,18,position_fixed1,exception,wrong,abstain,0
1,18,position_fixed1,exception,abstain,correct,6
1,18,position_fixed1,exception,abstain,wrong,0
1,18,position_fixed1,exception,abstain,abstain,6
1,19,baseline,normal,correct,correct,90
1,19,baseline,normal,correct,wrong,0
1,19,baseline,normal,correct,abstain,0
1,19,baseline,normal,wrong,correct,0
1,19,baseline,normal,wrong,wrong,0
1,19,baseline,normal,wrong,abstain,0
1,19,baseline,normal,abstain,correct,0
1,19,baseline,normal,abstain,wrong,0
1,19,baseline,normal,abstain,abstain,26
1,19,baseline,exception,correct,correct,21
1,19,baseline,exception,correct,wrong,0
1,19,baseline,exception,correct,abstain,0
1,19,baseline,exception,wrong,correct,0
1,19,baseline,exception,wrong,wrong,0
1,19,baseline,exception,wrong,abstain,0
1,19,baseline,exception,abstain,correct,0
1,19,baseline,exception,abstain,wrong,0
1,19,baseline,exception,abstain,abstain,7
1,19,binary_e01,normal,correct,correct,90
1,19,binary_e01,normal,correct,wrong,0
1,19,binary_e01,normal,correct,abstain,0
1,19,binary_e01,normal,wrong,correct,0
1,19,binary_e01,normal,wrong,wrong,0
1,19,binary_e01,normal,wrong,abstain,0
1,19,binary_e01,normal,abstain,correct,0
1,19,binary_e01,normal,abstain,wrong,0
1,19,binary_e01,normal,abstain,abstain,26
1,19,binary_e01,exception,correct,correct,21
1,19,binary_e01,exception,correct,wrong,0
1,19,binary_e01,exception,correct,abstain,0
1,19,binary_e01,exception,wrong,correct,0
1,19,binary_e01,exception,wrong,wrong,0
1,19,binary_e01,exception,wrong,abstain,0
1,19,binary_e01,exception,abstain,correct,0
1,19,binary_e01,exception,abstain,wrong,0
1,19,binary_e01,exception,abstain,abstain,7
1,19,binary_e05,normal,correct,correct,90
1,19,binary_e05,normal,correct,wrong,0
1,19,binary_e05,normal,correct,abstain,0
1,19,binary_e05,normal,wrong,correct,0
1,19,binary_e05,normal,wrong,wrong,0
1,19,binary_e05,normal,wrong,abstain,0
1,19,binary_e05,normal,abstain,correct,0
1,19,binary_e05,normal,abstain,wrong,0
1,19,binary_e05,normal,abstain,abstain,26
1,19,binary_e05,exception,correct,correct,21
1,19,binary_e05,exception,correct,wrong,0
1,19,binary_e05,exception,correct,abstain,0
1,19,binary_e05,exception,wrong,correct,0
1,19,binary_e05,exception,wrong,wrong,0
1,19,binary_e05,exception,wrong,abstain,0
1,19,binary_e05,exception,abstain,correct,0
1,19,binary_e05,exception,abstain,wrong,0
1,19,binary_e05,exception,abstain,abstain,7
1,19,global_e01,normal,correct,correct,78
1,19,global_e01,normal,correct,wrong,0
1,19,global_e01,normal,correct,abstain,12
1,19,global_e01,normal,wrong,correct,0
1,19,global_e01,normal,wrong,wrong,0
1,19,global_e01,normal,wrong,abstain,0
1,19,global_e01,normal,abstain,correct,15
1,19,global_e01,normal,abstain,wrong,0
1,19,global_e01,normal,abstain,abstain,11
1,19,global_e01,exception,correct,correct,17
1,19,global_e01,exception,correct,wrong,0
1,19,global_e01,exception,correct,abstain,4
1,19,global_e01,exception,wrong,correct,0
1,19,global_e01,exception,wrong,wrong,0
1,19,global_e01,exception,wrong,abstain,0
1,19,global_e01,exception,abstain,correct,5
1,19,global_e01,exception,abstain,wrong,0
1,19,global_e01,exception,abstain,abstain,2
1,19,global_e05,normal,correct,correct,72
1,19,global_e05,normal,correct,wrong,0
1,19,global_e05,normal,correct,abstain,18
1,19,global_e05,normal,wrong,correct,0
1,19,global_e05,normal,wrong,wrong,0
1,19,global_e05,normal,wrong,abstain,0
1,19,global_e05,normal,abstain,correct,16
1,19,global_e05,normal,abstain,wrong,0
1,19,global_e05,normal,abstain,abstain,10
1,19,global_e05,exception,correct,correct,17
1,19,global_e05,exception,correct,wrong,0
1,19,global_e05,exception,correct,abstain,4
1,19,global_e05,exception,wrong,correct,0
1,19,global_e05,exception,wrong,wrong,0
1,19,global_e05,exception,wrong,abstain,0
1,19,global_e05,exception,abstain,correct,5
1,19,global_e05,exception,abstain,wrong,0
1,19,global_e05,exception,abstain,abstain,2
1,19,position_e01,normal,correct,correct,77
1,19,position_e01,normal,correct,wrong,0
1,19,position_e01,normal,correct,abstain,13
1,19,position_e01,normal,wrong,correct,0
1,19,position_e01,normal,wrong,wrong,0
1,19,position_e01,normal,wrong,abstain,0
1,19,position_e01,normal,abstain,correct,8
1,19,position_e01,normal,abstain,wrong,0
1,19,position_e01,normal,abstain,abstain,18
1,19,position_e01,exception,correct,correct,17
1,19,position_e01,exception,correct,wrong,0
1,19,position_e01,exception,correct,abstain,4
1,19,position_e01,exception,wrong,correct,0
1,19,position_e01,exception,wrong,wrong,0
1,19,position_e01,exception,wrong,abstain,0
1,19,position_e01,exception,abstain,correct,5
1,19,position_e01,exception,abstain,wrong,0
1,19,position_e01,exception,abstain,abstain,2
1,19,position_e05,normal,correct,correct,78
1,19,position_e05,normal,correct,wrong,0
1,19,position_e05,normal,correct,abstain,12
1,19,position_e05,normal,wrong,correct,0
1,19,position_e05,normal,wrong,wrong,0
1,19,position_e05,normal,wrong,abstain,0
1,19,position_e05,normal,abstain,correct,9
1,19,position_e05,normal,abstain,wrong,0
1,19,position_e05,normal,abstain,abstain,17
1,19,position_e05,exception,correct,correct,17
1,19,position_e05,exception,correct,wrong,0
1,19,position_e05,exception,correct,abstain,4
1,19,position_e05,exception,wrong,correct,0
1,19,position_e05,exception,wrong,wrong,0
1,19,position_e05,exception,wrong,abstain,0
1,19,position_e05,exception,abstain,correct,5
1,19,position_e05,exception,abstain,wrong,0
1,19,position_e05,exception,abstain,abstain,2
1,19,global_fixed1,normal,correct,correct,36
1,19,global_fixed1,normal,correct,wrong,0
1,19,global_fixed1,normal,correct,abstain,54
1,19,global_fixed1,normal,wrong,correct,0
1,19,global_fixed1,normal,wrong,wrong,0
1,19,global_fixed1,normal,wrong,abstain,0
1,19,global_fixed1,normal,abstain,correct,16
1,19,global_fixed1,normal,abstain,wrong,0
1,19,global_fixed1,normal,abstain,abstain,10
1,19,global_fixed1,exception,correct,correct,9
1,19,global_fixed1,exception,correct,wrong,0
1,19,global_fixed1,exception,correct,abstain,12
1,19,global_fixed1,exception,wrong,correct,0
1,19,global_fixed1,exception,wrong,wrong,0
1,19,global_fixed1,exception,wrong,abstain,0
1,19,global_fixed1,exception,abstain,correct,5
1,19,global_fixed1,exception,abstain,wrong,0
1,19,global_fixed1,exception,abstain,abstain,2
1,19,position_fixed1,normal,correct,correct,64
1,19,position_fixed1,normal,correct,wrong,0
1,19,position_fixed1,normal,correct,abstain,26
1,19,position_fixed1,normal,wrong,correct,0
1,19,position_fixed1,normal,wrong,wrong,0
1,19,position_fixed1,normal,wrong,abstain,0
1,19,position_fixed1,normal,abstain,correct,15
1,19,position_fixed1,normal,abstain,wrong,0
1,19,position_fixed1,normal,abstain,abstain,11
1,19,position_fixed1,exception,correct,correct,9
1,19,position_fixed1,exception,correct,wrong,0
1,19,position_fixed1,exception,correct,abstain,12
1,19,position_fixed1,exception,wrong,correct,0
1,19,position_fixed1,exception,wrong,wrong,0
1,19,position_fixed1,exception,wrong,abstain,0
1,19,position_fixed1,exception,abstain,correct,5
1,19,position_fixed1,exception,abstain,wrong,0
1,19,position_fixed1,exception,abstain,abstain,2
1,20,baseline,normal,correct,correct,124
1,20,baseline,normal,correct,wrong,0
1,20,baseline,normal,correct,abstain,0
1,20,baseline,normal,wrong,correct,0
1,20,baseline,normal,wrong,wrong,0
1,20,baseline,normal,wrong,abstain,0
1,20,baseline,normal,abstain,correct,0
1,20,baseline,normal,abstain,wrong,0
1,20,baseline,normal,abstain,abstain,1
1,20,baseline,exception,correct,correct,30
1,20,baseline,exception,correct,wrong,0
1,20,baseline,exception,correct,abstain,0
1,20,baseline,exception,wrong,correct,0
1,20,baseline,exception,wrong,wrong,0
1,20,baseline,exception,wrong,abstain,0
1,20,baseline,exception,abstain,correct,0
1,20,baseline,exception,abstain,wrong,0
1,20,baseline,exception,abstain,abstain,1
1,20,binary_e01,normal,correct,correct,124
1,20,binary_e01,normal,correct,wrong,0
1,20,binary_e01,normal,correct,abstain,0
1,20,binary_e01,normal,wrong,correct,0
1,20,binary_e01,normal,wrong,wrong,0
1,20,binary_e01,normal,wrong,abstain,0
1,20,binary_e01,normal,abstain,correct,0
1,20,binary_e01,normal,abstain,wrong,0
1,20,binary_e01,normal,abstain,abstain,1
1,20,binary_e01,exception,correct,correct,30
1,20,binary_e01,exception,correct,wrong,0
1,20,binary_e01,exception,correct,abstain,0
1,20,binary_e01,exception,wrong,correct,0
1,20,binary_e01,exception,wrong,wrong,0
1,20,binary_e01,exception,wrong,abstain,0
1,20,binary_e01,exception,abstain,correct,0
1,20,binary_e01,exception,abstain,wrong,0
1,20,binary_e01,exception,abstain,abstain,1
1,20,binary_e05,normal,correct,correct,124
1,20,binary_e05,normal,correct,wrong,0
1,20,binary_e05,normal,correct,abstain,0
1,20,binary_e05,normal,wrong,correct,0
1,20,binary_e05,normal,wrong,wrong,0
1,20,binary_e05,normal,wrong,abstain,0
1,20,binary_e05,normal,abstain,correct,0
1,20,binary_e05,normal,abstain,wrong,0
1,20,binary_e05,normal,abstain,abstain,1
1,20,binary_e05,exception,correct,correct,30
1,20,binary_e05,exception,correct,wrong,0
1,20,binary_e05,exception,correct,abstain,0
1,20,binary_e05,exception,wrong,correct,0
1,20,binary_e05,exception,wrong,wrong,0
1,20,binary_e05,exception,wrong,abstain,0
1,20,binary_e05,exception,abstain,correct,0
1,20,binary_e05,exception,abstain,wrong,0
1,20,binary_e05,exception,abstain,abstain,1
1,20,global_e01,normal,correct,correct,85
1,20,global_e01,normal,correct,wrong,0
1,20,global_e01,normal,correct,abstain,39
1,20,global_e01,normal,wrong,correct,0
1,20,global_e01,normal,wrong,wrong,0
1,20,global_e01,normal,wrong,abstain,0
1,20,global_e01,normal,abstain,correct,0
1,20,global_e01,normal,abstain,wrong,0
1,20,global_e01,normal,abstain,abstain,1
1,20,global_e01,exception,correct,correct,24
1,20,global_e01,exception,correct,wrong,0
1,20,global_e01,exception,correct,abstain,6
1,20,global_e01,exception,wrong,correct,0
1,20,global_e01,exception,wrong,wrong,0
1,20,global_e01,exception,wrong,abstain,0
1,20,global_e01,exception,abstain,correct,0
1,20,global_e01,exception,abstain,wrong,0
1,20,global_e01,exception,abstain,abstain,1
1,20,global_e05,normal,correct,correct,83
1,20,global_e05,normal,correct,wrong,0
1,20,global_e05,normal,correct,abstain,41
1,20,global_e05,normal,wrong,correct,0
1,20,global_e05,normal,wrong,wrong,0
1,20,global_e05,normal,wrong,abstain,0
1,20,global_e05,normal,abstain,correct,0
1,20,global_e05,normal,abstain,wrong,0
1,20,global_e05,normal,abstain,abstain,1
1,20,global_e05,exception,correct,correct,22
1,20,global_e05,exception,correct,wrong,0
1,20,global_e05,exception,correct,abstain,8
1,20,global_e05,exception,wrong,correct,0
1,20,global_e05,exception,wrong,wrong,0
1,20,global_e05,exception,wrong,abstain,0
1,20,global_e05,exception,abstain,correct,0
1,20,global_e05,exception,abstain,wrong,0
1,20,global_e05,exception,abstain,abstain,1
1,20,position_e01,normal,correct,correct,107
1,20,position_e01,normal,correct,wrong,0
1,20,position_e01,normal,correct,abstain,17
1,20,position_e01,normal,wrong,correct,0
1,20,position_e01,normal,wrong,wrong,0
1,20,position_e01,normal,wrong,abstain,0
1,20,position_e01,normal,abstain,correct,0
1,20,position_e01,normal,abstain,wrong,0
1,20,position_e01,normal,abstain,abstain,1
1,20,position_e01,exception,correct,correct,27
1,20,position_e01,exception,correct,wrong,0
1,20,position_e01,exception,correct,abstain,3
1,20,position_e01,exception,wrong,correct,0
1,20,position_e01,exception,wrong,wrong,0
1,20,position_e01,exception,wrong,abstain,0
1,20,position_e01,exception,abstain,correct,0
1,20,position_e01,exception,abstain,wrong,0
1,20,position_e01,exception,abstain,abstain,1
1,20,position_e05,normal,correct,correct,86
1,20,position_e05,normal,correct,wrong,0
1,20,position_e05,normal,correct,abstain,38
1,20,position_e05,normal,wrong,correct,0
1,20,position_e05,normal,wrong,wrong,0
1,20,position_e05,normal,wrong,abstain,0
1,20,position_e05,normal,abstain,correct,0
1,20,position_e05,normal,abstain,wrong,0
1,20,position_e05,normal,abstain,abstain,1
1,20,position_e05,exception,correct,correct,26
1,20,position_e05,exception,correct,wrong,0
1,20,position_e05,exception,correct,abstain,4
1,20,position_e05,exception,wrong,correct,0
1,20,position_e05,exception,wrong,wrong,0
1,20,position_e05,exception,wrong,abstain,0
1,20,position_e05,exception,abstain,correct,0
1,20,position_e05,exception,abstain,wrong,0
1,20,position_e05,exception,abstain,abstain,1
1,20,global_fixed1,normal,correct,correct,29
1,20,global_fixed1,normal,correct,wrong,0
1,20,global_fixed1,normal,correct,abstain,95
1,20,global_fixed1,normal,wrong,correct,0
1,20,global_fixed1,normal,wrong,wrong,0
1,20,global_fixed1,normal,wrong,abstain,0
1,20,global_fixed1,normal,abstain,correct,0
1,20,global_fixed1,normal,abstain,wrong,0
1,20,global_fixed1,normal,abstain,abstain,1
1,20,global_fixed1,exception,correct,correct,9
1,20,global_fixed1,exception,correct,wrong,0
1,20,global_fixed1,exception,correct,abstain,21
1,20,global_fixed1,exception,wrong,correct,0
1,20,global_fixed1,exception,wrong,wrong,0
1,20,global_fixed1,exception,wrong,abstain,0
1,20,global_fixed1,exception,abstain,correct,0
1,20,global_fixed1,exception,abstain,wrong,0
1,20,global_fixed1,exception,abstain,abstain,1
1,20,position_fixed1,normal,correct,correct,51
1,20,position_fixed1,normal,correct,wrong,0
1,20,position_fixed1,normal,correct,abstain,73
1,20,position_fixed1,normal,wrong,correct,0
1,20,position_fixed1,normal,wrong,wrong,0
1,20,position_fixed1,normal,wrong,abstain,0
1,20,position_fixed1,normal,abstain,correct,0
1,20,position_fixed1,normal,abstain,wrong,0
1,20,position_fixed1,normal,abstain,abstain,1
1,20,position_fixed1,exception,correct,correct,13
1,20,position_fixed1,exception,correct,wrong,0
1,20,position_fixed1,exception,correct,abstain,17
1,20,position_fixed1,exception,wrong,correct,0
1,20,position_fixed1,exception,wrong,wrong,0
1,20,position_fixed1,exception,wrong,abstain,0
1,20,position_fixed1,exception,abstain,correct,0
1,20,position_fixed1,exception,abstain,wrong,0
1,20,position_fixed1,exception,abstain,abstain,1
2,1,baseline,normal,correct,correct,107
2,1,baseline,normal,correct,wrong,0
2,1,baseline,normal,correct,abstain,0
2,1,baseline,normal,wrong,correct,0
2,1,baseline,normal,wrong,wrong,4
2,1,baseline,normal,wrong,abstain,0
2,1,baseline,normal,abstain,correct,0
2,1,baseline,normal,abstain,wrong,0
2,1,baseline,normal,abstain,abstain,13
2,1,baseline,exception,correct,correct,18
2,1,baseline,exception,correct,wrong,0
2,1,baseline,exception,correct,abstain,0
2,1,baseline,exception,wrong,correct,0
2,1,baseline,exception,wrong,wrong,12
2,1,baseline,exception,wrong,abstain,0
2,1,baseline,exception,abstain,correct,0
2,1,baseline,exception,abstain,wrong,0
2,1,baseline,exception,abstain,abstain,3
2,1,binary_e01,normal,correct,correct,105
2,1,binary_e01,normal,correct,wrong,0
2,1,binary_e01,normal,correct,abstain,2
2,1,binary_e01,normal,wrong,correct,3
2,1,binary_e01,normal,wrong,wrong,0
2,1,binary_e01,normal,wrong,abstain,1
2,1,binary_e01,normal,abstain,correct,0
2,1,binary_e01,normal,abstain,wrong,0
2,1,binary_e01,normal,abstain,abstain,13
2,1,binary_e01,exception,correct,correct,18
2,1,binary_e01,exception,correct,wrong,0
2,1,binary_e01,exception,correct,abstain,0
2,1,binary_e01,exception,wrong,correct,0
2,1,binary_e01,exception,wrong,wrong,11
2,1,binary_e01,exception,wrong,abstain,1
2,1,binary_e01,exception,abstain,correct,0
2,1,binary_e01,exception,abstain,wrong,0
2,1,binary_e01,exception,abstain,abstain,3
2,1,binary_e05,normal,correct,correct,105
2,1,binary_e05,normal,correct,wrong,0
2,1,binary_e05,normal,correct,abstain,2
2,1,binary_e05,normal,wrong,correct,3
2,1,binary_e05,normal,wrong,wrong,0
2,1,binary_e05,normal,wrong,abstain,1
2,1,binary_e05,normal,abstain,correct,0
2,1,binary_e05,normal,abstain,wrong,0
2,1,binary_e05,normal,abstain,abstain,13
2,1,binary_e05,exception,correct,correct,18
2,1,binary_e05,exception,correct,wrong,0
2,1,binary_e05,exception,correct,abstain,0
2,1,binary_e05,exception,wrong,correct,0
2,1,binary_e05,exception,wrong,wrong,11
2,1,binary_e05,exception,wrong,abstain,1
2,1,binary_e05,exception,abstain,correct,0
2,1,binary_e05,exception,abstain,wrong,0
2,1,binary_e05,exception,abstain,abstain,3
2,1,global_e01,normal,correct,correct,54
2,1,global_e01,normal,correct,wrong,9
2,1,global_e01,normal,correct,abstain,44
2,1,global_e01,normal,wrong,correct,3
2,1,global_e01,normal,wrong,wrong,0
2,1,global_e01,normal,wrong,abstain,1
2,1,global_e01,normal,abstain,correct,8
2,1,global_e01,normal,abstain,wrong,0
2,1,global_e01,normal,abstain,abstain,5
2,1,global_e01,exception,correct,correct,14
2,1,global_e01,exception,correct,wrong,0
2,1,global_e01,exception,correct,abstain,4
2,1,global_e01,exception,wrong,correct,5
2,1,global_e01,exception,wrong,wrong,3
2,1,global_e01,exception,wrong,abstain,4
2,1,global_e01,exception,abstain,correct,0
2,1,global_e01,exception,abstain,wrong,2
2,1,global_e01,exception,abstain,abstain,1
2,1,global_e05,normal,correct,correct,53
2,1,global_e05,normal,correct,wrong,11
2,1,global_e05,normal,correct,abstain,43
2,1,global_e05,normal,wrong,correct,3
2,1,global_e05,normal,wrong,wrong,0
2,1,global_e05,normal,wrong,abstain,1
2,1,global_e05,normal,abstain,correct,7
2,1,global_e05,normal,abstain,wrong,0
2,1,global_e05,normal,abstain,abstain,6
2,1,global_e05,exception,correct,correct,14
2,1,global_e05,exception,correct,wrong,0
2,1,global_e05,exception,correct,abstain,4
2,1,global_e05,exception,wrong,correct,5
2,1,global_e05,exception,wrong,wrong,2
2,1,global_e05,exception,wrong,abstain,5
2,1,global_e05,exception,abstain,correct,0
2,1,global_e05,exception,abstain,wrong,2
2,1,global_e05,exception,abstain,abstain,1
2,1,position_e01,normal,correct,correct,57
2,1,position_e01,normal,correct,wrong,6
2,1,position_e01,normal,correct,abstain,44
2,1,position_e01,normal,wrong,correct,3
2,1,position_e01,normal,wrong,wrong,0
2,1,position_e01,normal,wrong,abstain,1
2,1,position_e01,normal,abstain,correct,7
2,1,position_e01,normal,abstain,wrong,0
2,1,position_e01,normal,abstain,abstain,6
2,1,position_e01,exception,correct,correct,13
2,1,position_e01,exception,correct,wrong,1
2,1,position_e01,exception,correct,abstain,4
2,1,position_e01,exception,wrong,correct,4
2,1,position_e01,exception,wrong,wrong,2
2,1,position_e01,exception,wrong,abstain,6
2,1,position_e01,exception,abstain,correct,0
2,1,position_e01,exception,abstain,wrong,2
2,1,position_e01,exception,abstain,abstain,1
2,1,position_e05,normal,correct,correct,54
2,1,position_e05,normal,correct,wrong,10
2,1,position_e05,normal,correct,abstain,43
2,1,position_e05,normal,wrong,correct,3
2,1,position_e05,normal,wrong,wrong,0
2,1,position_e05,normal,wrong,abstain,1
2,1,position_e05,normal,abstain,correct,7
2,1,position_e05,normal,abstain,wrong,0
2,1,position_e05,normal,abstain,abstain,6
2,1,position_e05,exception,correct,correct,12
2,1,position_e05,exception,correct,wrong,1
2,1,position_e05,exception,correct,abstain,5
2,1,position_e05,exception,wrong,correct,5
2,1,position_e05,exception,wrong,wrong,1
2,1,position_e05,exception,wrong,abstain,6
2,1,position_e05,exception,abstain,correct,0
2,1,position_e05,exception,abstain,wrong,2
2,1,position_e05,exception,abstain,abstain,1
2,1,global_fixed1,normal,correct,correct,35
2,1,global_fixed1,normal,correct,wrong,15
2,1,global_fixed1,normal,correct,abstain,57
2,1,global_fixed1,normal,wrong,correct,3
2,1,global_fixed1,normal,wrong,wrong,0
2,1,global_fixed1,normal,wrong,abstain,1
2,1,global_fixed1,normal,abstain,correct,8
2,1,global_fixed1,normal,abstain,wrong,0
2,1,global_fixed1,normal,abstain,abstain,5
2,1,global_fixed1,exception,correct,correct,9
2,1,global_fixed1,exception,correct,wrong,1
2,1,global_fixed1,exception,correct,abstain,8
2,1,global_fixed1,exception,wrong,correct,5
2,1,global_fixed1,exception,wrong,wrong,1
2,1,global_fixed1,exception,wrong,abstain,6
2,1,global_fixed1,exception,abstain,correct,0
2,1,global_fixed1,exception,abstain,wrong,2
2,1,global_fixed1,exception,abstain,abstain,1
2,1,position_fixed1,normal,correct,correct,35
2,1,position_fixed1,normal,correct,wrong,15
2,1,position_fixed1,normal,correct,abstain,57
2,1,position_fixed1,normal,wrong,correct,3
2,1,position_fixed1,normal,wrong,wrong,0
2,1,position_fixed1,normal,wrong,abstain,1
2,1,position_fixed1,normal,abstain,correct,8
2,1,position_fixed1,normal,abstain,wrong,0
2,1,position_fixed1,normal,abstain,abstain,5
2,1,position_fixed1,exception,correct,correct,9
2,1,position_fixed1,exception,correct,wrong,1
2,1,position_fixed1,exception,correct,abstain,8
2,1,position_fixed1,exception,wrong,correct,5
2,1,position_fixed1,exception,wrong,wrong,1
2,1,position_fixed1,exception,wrong,abstain,6
2,1,position_fixed1,exception,abstain,correct,0
2,1,position_fixed1,exception,abstain,wrong,2
2,1,position_fixed1,exception,abstain,abstain,1
2,2,baseline,normal,correct,correct,114
2,2,baseline,normal,correct,wrong,0
2,2,baseline,normal,correct,abstain,0
2,2,baseline,normal,wrong,correct,0
2,2,baseline,normal,wrong,wrong,2
2,2,baseline,normal,wrong,abstain,0
2,2,baseline,normal,abstain,correct,0
2,2,baseline,normal,abstain,wrong,0
2,2,baseline,normal,abstain,abstain,4
2,2,baseline,exception,correct,correct,21
2,2,baseline,exception,correct,wrong,0
2,2,baseline,exception,correct,abstain,0
2,2,baseline,exception,wrong,correct,0
2,2,baseline,exception,wrong,wrong,8
2,2,baseline,exception,wrong,abstain,0
2,2,baseline,exception,abstain,correct,0
2,2,baseline,exception,abstain,wrong,0
2,2,baseline,exception,abstain,abstain,5
2,2,binary_e01,normal,correct,correct,113
2,2,binary_e01,normal,correct,wrong,1
2,2,binary_e01,normal,correct,abstain,0
2,2,binary_e01,normal,wrong,correct,1
2,2,binary_e01,normal,wrong,wrong,1
2,2,binary_e01,normal,wrong,abstain,0
2,2,binary_e01,normal,abstain,correct,0
2,2,binary_e01,normal,abstain,wrong,0
2,2,binary_e01,normal,abstain,abstain,4
2,2,binary_e01,exception,correct,correct,21
2,2,binary_e01,exception,correct,wrong,0
2,2,binary_e01,exception,correct,abstain,0
2,2,binary_e01,exception,wrong,correct,1
2,2,binary_e01,exception,wrong,wrong,7
2,2,binary_e01,exception,wrong,abstain,0
2,2,binary_e01,exception,abstain,correct,0
2,2,binary_e01,exception,abstain,wrong,0
2,2,binary_e01,exception,abstain,abstain,5
2,2,binary_e05,normal,correct,correct,113
2,2,binary_e05,normal,correct,wrong,1
2,2,binary_e05,normal,correct,abstain,0
2,2,binary_e05,normal,wrong,correct,1
2,2,binary_e05,normal,wrong,wrong,1
2,2,binary_e05,normal,wrong,abstain,0
2,2,binary_e05,normal,abstain,correct,0
2,2,binary_e05,normal,abstain,wrong,0
2,2,binary_e05,normal,abstain,abstain,4
2,2,binary_e05,exception,correct,correct,21
2,2,binary_e05,exception,correct,wrong,0
2,2,binary_e05,exception,correct,abstain,0
2,2,binary_e05,exception,wrong,correct,1
2,2,binary_e05,exception,wrong,wrong,7
2,2,binary_e05,exception,wrong,abstain,0
2,2,binary_e05,exception,abstain,correct,0
2,2,binary_e05,exception,abstain,wrong,0
2,2,binary_e05,exception,abstain,abstain,5
2,2,global_e01,normal,correct,correct,77
2,2,global_e01,normal,correct,wrong,8
2,2,global_e01,normal,correct,abstain,29
2,2,global_e01,normal,wrong,correct,1
2,2,global_e01,normal,wrong,wrong,1
2,2,global_e01,normal,wrong,abstain,0
2,2,global_e01,normal,abstain,correct,0
2,2,global_e01,normal,abstain,wrong,0
2,2,global_e01,normal,abstain,abstain,4
2,2,global_e01,exception,correct,correct,10
2,2,global_e01,exception,correct,wrong,9
2,2,global_e01,exception,correct,abstain,2
2,2,global_e01,exception,wrong,correct,5
2,2,global_e01,exception,wrong,wrong,2
2,2,global_e01,exception,wrong,abstain,1
2,2,global_e01,exception,abstain,correct,0
2,2,global_e01,exception,abstain,wrong,0
2,2,global_e01,exception,abstain,abstain,5
2,2,global_e05,normal,correct,correct,78
2,2,global_e05,normal,correct,wrong,8
2,2,global_e05,normal,correct,abstain,28
2,2,global_e05,normal,wrong,correct,0
2,2,global_e05,normal,wrong,wrong,2
2,2,global_e05,normal,wrong,abstain,0
2,2,global_e05,normal,abstain,correct,0
2,2,global_e05,normal,abstain,wrong,0
2,2,global_e05,normal,abstain,abstain,4
2,2,global_e05,exception,correct,correct,12
2,2,global_e05,exception,correct,wrong,7
2,2,global_e05,exception,correct,abstain,2
2,2,global_e05,exception,wrong,correct,5
2,2,global_e05,exception,wrong,wrong,2
2,2,global_e05,exception,wrong,abstain,1
2,2,global_e05,exception,abstain,correct,0
2,2,global_e05,exception,abstain,wrong,0
2,2,global_e05,exception,abstain,abstain,5
2,2,position_e01,normal,correct,correct,90
2,2,position_e01,normal,correct,wrong,8
2,2,position_e01,normal,correct,abstain,16
2,2,position_e01,normal,wrong,correct,1
2,2,position_e01,normal,wrong,wrong,1
2,2,position_e01,normal,wrong,abstain,0
2,2,position_e01,normal,abstain,correct,0
2,2,position_e01,normal,abstain,wrong,0
2,2,position_e01,normal,abstain,abstain,4
2,2,position_e01,exception,correct,correct,11
2,2,position_e01,exception,correct,wrong,8
2,2,position_e01,exception,correct,abstain,2
2,2,position_e01,exception,wrong,correct,5
2,2,position_e01,exception,wrong,wrong,3
2,2,position_e01,exception,wrong,abstain,0
2,2,position_e01,exception,abstain,correct,0
2,2,position_e01,exception,abstain,wrong,0
2,2,position_e01,exception,abstain,abstain,5
2,2,position_e05,normal,correct,correct,82
2,2,position_e05,normal,correct,wrong,4
2,2,position_e05,normal,correct,abstain,28
2,2,position_e05,normal,wrong,correct,1
2,2,position_e05,normal,wrong,wrong,1
2,2,position_e05,normal,wrong,abstain,0
2,2,position_e05,normal,abstain,correct,0
2,2,position_e05,normal,abstain,wrong,0
2,2,position_e05,normal,abstain,abstain,4
2,2,position_e05,exception,correct,correct,10
2,2,position_e05,exception,correct,wrong,9
2,2,position_e05,exception,correct,abstain,2
2,2,position_e05,exception,wrong,correct,5
2,2,position_e05,exception,wrong,wrong,3
2,2,position_e05,exception,wrong,abstain,0
2,2,position_e05,exception,abstain,correct,0
2,2,position_e05,exception,abstain,wrong,0
2,2,position_e05,exception,abstain,abstain,5
2,2,global_fixed1,normal,correct,correct,65
2,2,global_fixed1,normal,correct,wrong,10
2,2,global_fixed1,normal,correct,abstain,39
2,2,global_fixed1,normal,wrong,correct,1
2,2,global_fixed1,normal,wrong,wrong,1
2,2,global_fixed1,normal,wrong,abstain,0
2,2,global_fixed1,normal,abstain,correct,0
2,2,global_fixed1,normal,abstain,wrong,0
2,2,global_fixed1,normal,abstain,abstain,4
2,2,global_fixed1,exception,correct,correct,7
2,2,global_fixed1,exception,correct,wrong,9
2,2,global_fixed1,exception,correct,abstain,5
2,2,global_fixed1,exception,wrong,correct,5
2,2,global_fixed1,exception,wrong,wrong,2
2,2,global_fixed1,exception,wrong,abstain,1
2,2,global_fixed1,exception,abstain,correct,0
2,2,global_fixed1,exception,abstain,wrong,0
2,2,global_fixed1,exception,abstain,abstain,5
2,2,position_fixed1,normal,correct,correct,65
2,2,position_fixed1,normal,correct,wrong,10
2,2,position_fixed1,normal,correct,abstain,39
2,2,position_fixed1,normal,wrong,correct,1
2,2,position_fixed1,normal,wrong,wrong,1
2,2,position_fixed1,normal,wrong,abstain,0
2,2,position_fixed1,normal,abstain,correct,0
2,2,position_fixed1,normal,abstain,wrong,0
2,2,position_fixed1,normal,abstain,abstain,4
2,2,position_fixed1,exception,correct,correct,7
2,2,position_fixed1,exception,correct,wrong,9
2,2,position_fixed1,exception,correct,abstain,5
2,2,position_fixed1,exception,wrong,correct,5
2,2,position_fixed1,exception,wrong,wrong,2
2,2,position_fixed1,exception,wrong,abstain,1
2,2,position_fixed1,exception,abstain,correct,0
2,2,position_fixed1,exception,abstain,wrong,0
2,2,position_fixed1,exception,abstain,abstain,5
2,3,baseline,normal,correct,correct,135
2,3,baseline,normal,correct,wrong,0
2,3,baseline,normal,correct,abstain,0
2,3,baseline,normal,wrong,correct,0
2,3,baseline,normal,wrong,wrong,3
2,3,baseline,normal,wrong,abstain,0
2,3,baseline,normal,abstain,correct,0
2,3,baseline,normal,abstain,wrong,0
2,3,baseline,normal,abstain,abstain,5
2,3,baseline,exception,correct,correct,23
2,3,baseline,exception,correct,wrong,0
2,3,baseline,exception,correct,abstain,0
2,3,baseline,exception,wrong,correct,0
2,3,baseline,exception,wrong,wrong,7
2,3,baseline,exception,wrong,abstain,0
2,3,baseline,exception,abstain,correct,0
2,3,baseline,exception,abstain,wrong,0
2,3,baseline,exception,abstain,abstain,3
2,3,binary_e01,normal,correct,correct,135
2,3,binary_e01,normal,correct,wrong,0
2,3,binary_e01,normal,correct,abstain,0
2,3,binary_e01,normal,wrong,correct,0
2,3,binary_e01,normal,wrong,wrong,1
2,3,binary_e01,normal,wrong,abstain,2
2,3,binary_e01,normal,abstain,correct,0
2,3,binary_e01,normal,abstain,wrong,0
2,3,binary_e01,normal,abstain,abstain,5
2,3,binary_e01,exception,correct,correct,23
2,3,binary_e01,exception,correct,wrong,0
2,3,binary_e01,exception,correct,abstain,0
2,3,binary_e01,exception,wrong,correct,1
2,3,binary_e01,exception,wrong,wrong,5
2,3,binary_e01,exception,wrong,abstain,1
2,3,binary_e01,exception,abstain,correct,0
2,3,binary_e01,exception,abstain,wrong,0
2,3,binary_e01,exception,abstain,abstain,3
2,3,binary_e05,normal,correct,correct,135
2,3,binary_e05,normal,correct,wrong,0
2,3,binary_e05,normal,correct,abstain,0
2,3,binary_e05,normal,wrong,correct,0
2,3,binary_e05,normal,wrong,wrong,1
2,3,binary_e05,normal,wrong,abstain,2
2,3,binary_e05,normal,abstain,correct,0
2,3,binary_e05,normal,abstain,wrong,0
2,3,binary_e05,normal,abstain,abstain,5
2,3,binary_e05,exception,correct,correct,23
2,3,binary_e05,exception,correct,wrong,0
2,3,binary_e05,exception,correct,abstain,0
2,3,binary_e05,exception,wrong,correct,1
2,3,binary_e05,exception,wrong,wrong,5
2,3,binary_e05,exception,wrong,abstain,1
2,3,binary_e05,exception,abstain,correct,0
2,3,binary_e05,exception,abstain,wrong,0
2,3,binary_e05,exception,abstain,abstain,3
2,3,global_e01,normal,correct,correct,70
2,3,global_e01,normal,correct,wrong,5
2,3,global_e01,normal,correct,abstain,60
2,3,global_e01,normal,wrong,correct,1
2,3,global_e01,normal,wrong,wrong,0
2,3,global_e01,normal,wrong,abstain,2
2,3,global_e01,normal,abstain,correct,0
2,3,global_e01,normal,abstain,wrong,3
2,3,global_e01,normal,abstain,abstain,2
2,3,global_e01,exception,correct,correct,12
2,3,global_e01,exception,correct,wrong,2
2,3,global_e01,exception,correct,abstain,9
2,3,global_e01,exception,wrong,correct,1
2,3,global_e01,exception,wrong,wrong,4
2,3,global_e01,exception,wrong,abstain,2
2,3,global_e01,exception,abstain,correct,0
2,3,global_e01,exception,abstain,wrong,0
2,3,global_e01,exception,abstain,abstain,3
2,3,global_e05,normal,correct,correct,74
2,3,global_e05,normal,correct,wrong,10
2,3,global_e05,normal,correct,abstain,51
2,3,global_e05,normal,wrong,correct,1
2,3,global_e05,normal,wrong,wrong,0
2,3,global_e05,normal,wrong,abstain,2
2,3,global_e05,normal,abstain,correct,1
2,3,global_e05,normal,abstain,wrong,2
2,3,global_e05,normal,abstain,abstain,2
2,3,global_e05,exception,correct,correct,12
2,3,global_e05,exception,correct,wrong,2
2,3,global_e05,exception,correct,abstain,9
2,3,global_e05,exception,wrong,correct,1
2,3,global_e05,exception,wrong,wrong,4
2,3,global_e05,exception,wrong,abstain,2
2,3,global_e05,exception,abstain,correct,0
2,3,global_e05,exception,abstain,wrong,1
2,3,global_e05,exception,abstain,abstain,2
2,3,position_e01,normal,correct,correct,90
2,3,position_e01,normal,correct,wrong,0
2,3,position_e01,normal,correct,abstain,45
2,3,position_e01,normal,wrong,correct,0
2,3,position_e01,normal,wrong,wrong,1
2,3,position_e01,normal,wrong,abstain,2
2,3,position_e01,normal,abstain,correct,4
2,3,position_e01,normal,abstain,wrong,0
2,3,position_e01,normal,abstain,abstain,1
2,3,position_e01,exception,correct,correct,11
2,3,position_e01,exception,correct,wrong,3
2,3,position_e01,exception,correct,abstain,9
2,3,position_e01,exception,wrong,correct,2
2,3,position_e01,exception,wrong,wrong,3
2,3,position_e01,exception,wrong,abstain,2
2,3,position_e01,exception,abstain,correct,2
2,3,position_e01,exception,abstain,wrong,0
2,3,position_e01,exception,abstain,abstain,1
2,3,position_e05,normal,correct,correct,80
2,3,position_e05,normal,correct,wrong,1
2,3,position_e05,normal,correct,abstain,54
2,3,position_e05,normal,wrong,correct,1
2,3,position_e05,normal,wrong,wrong,0
2,3,position_e05,normal,wrong,abstain,2
2,3,position_e05,normal,abstain,correct,2
2,3,position_e05,normal,abstain,wrong,1
2,3,position_e05,normal,abstain,abstain,2
2,3,position_e05,exception,correct,correct,11
2,3,position_e05,exception,correct,wrong,3
2,3,position_e05,exception,correct,abstain,9
2,3,position_e05,exception,wrong,correct,2
2,3,position_e05,exception,wrong,wrong,3
2,3,position_e05,exception,wrong,abstain,2
2,3,position_e05,exception,abstain,correct,2
2,3,position_e05,exception,abstain,wrong,0
2,3,position_e05,exception,abstain,abstain,1
2,3,global_fixed1,normal,correct,correct,36
2,3,global_fixed1,normal,correct,wrong,22
2,3,global_fixed1,normal,correct,abstain,77
2,3,global_fixed1,normal,wrong,correct,1
2,3,global_fixed1,normal,wrong,wrong,0
2,3,global_fixed1,normal,wrong,abstain,2
2,3,global_fixed1,normal,abstain,correct,0
2,3,global_fixed1,normal,abstain,wrong,3
2,3,global_fixed1,normal,abstain,abstain,2
2,3,global_fixed1,exception,correct,correct,10
2,3,global_fixed1,exception,correct,wrong,3
2,3,global_fixed1,exception,correct,abstain,10
2,3,global_fixed1,exception,wrong,correct,1
2,3,global_fixed1,exception,wrong,wrong,3
2,3,global_fixed1,exception,wrong,abstain,3
2,3,global_fixed1,exception,abstain,correct,2
2,3,global_fixed1,exception,abstain,wrong,0
2,3,global_fixed1,exception,abstain,abstain,1
2,3,position_fixed1,normal,correct,correct,36
2,3,position_fixed1,normal,correct,wrong,22
2,3,position_fixed1,normal,correct,abstain,77
2,3,position_fixed1,normal,wrong,correct,1
2,3,position_fixed1,normal,wrong,wrong,0
2,3,position_fixed1,normal,wrong,abstain,2
2,3,position_fixed1,normal,abstain,correct,0
2,3,position_fixed1,normal,abstain,wrong,3
2,3,position_fixed1,normal,abstain,abstain,2
2,3,position_fixed1,exception,correct,correct,10
2,3,position_fixed1,exception,correct,wrong,3
2,3,position_fixed1,exception,correct,abstain,10
2,3,position_fixed1,exception,wrong,correct,1
2,3,position_fixed1,exception,wrong,wrong,3
2,3,position_fixed1,exception,wrong,abstain,3
2,3,position_fixed1,exception,abstain,correct,2
2,3,position_fixed1,exception,abstain,wrong,0
2,3,position_fixed1,exception,abstain,abstain,1
2,4,baseline,normal,correct,correct,107
2,4,baseline,normal,correct,wrong,0
2,4,baseline,normal,correct,abstain,0
2,4,baseline,normal,wrong,correct,0
2,4,baseline,normal,wrong,wrong,8
2,4,baseline,normal,wrong,abstain,0
2,4,baseline,normal,abstain,correct,0
2,4,baseline,normal,abstain,wrong,0
2,4,baseline,normal,abstain,abstain,1
2,4,baseline,exception,correct,correct,16
2,4,baseline,exception,correct,wrong,0
2,4,baseline,exception,correct,abstain,0
2,4,baseline,exception,wrong,correct,0
2,4,baseline,exception,wrong,wrong,7
2,4,baseline,exception,wrong,abstain,0
2,4,baseline,exception,abstain,correct,0
2,4,baseline,exception,abstain,wrong,0
2,4,baseline,exception,abstain,abstain,0
2,4,binary_e01,normal,correct,correct,107
2,4,binary_e01,normal,correct,wrong,0
2,4,binary_e01,normal,correct,abstain,0
2,4,binary_e01,normal,wrong,correct,0
2,4,binary_e01,normal,wrong,wrong,5
2,4,binary_e01,normal,wrong,abstain,3
2,4,binary_e01,normal,abstain,correct,0
2,4,binary_e01,normal,abstain,wrong,0
2,4,binary_e01,normal,abstain,abstain,1
2,4,binary_e01,exception,correct,correct,16
2,4,binary_e01,exception,correct,wrong,0
2,4,binary_e01,exception,correct,abstain,0
2,4,binary_e01,exception,wrong,correct,0
2,4,binary_e01,exception,wrong,wrong,7
2,4,binary_e01,exception,wrong,abstain,0
2,4,binary_e01,exception,abstain,correct,0
2,4,binary_e01,exception,abstain,wrong,0
2,4,binary_e01,exception,abstain,abstain,0
2,4,binary_e05,normal,correct,correct,107
2,4,binary_e05,normal,correct,wrong,0
2,4,binary_e05,normal,correct,abstain,0
2,4,binary_e05,normal,wrong,correct,1
2,4,binary_e05,normal,wrong,wrong,3
2,4,binary_e05,normal,wrong,abstain,4
2,4,binary_e05,normal,abstain,correct,0
2,4,binary_e05,normal,abstain,wrong,0
2,4,binary_e05,normal,abstain,abstain,1
2,4,binary_e05,exception,correct,correct,16
2,4,binary_e05,exception,correct,wrong,0
2,4,binary_e05,exception,correct,abstain,0
2,4,binary_e05,exception,wrong,correct,0
2,4,binary_e05,exception,wrong,wrong,4
2,4,binary_e05,exception,wrong,abstain,3
2,4,binary_e05,exception,abstain,correct,0
2,4,binary_e05,exception,abstain,wrong,0
2,4,binary_e05,exception,abstain,abstain,0
2,4,global_e01,normal,correct,correct,71
2,4,global_e01,normal,correct,wrong,1
2,4,global_e01,normal,correct,abstain,35
2,4,global_e01,normal,wrong,correct,1
2,4,global_e01,normal,wrong,wrong,3
2,4,global_e01,normal,wrong,abstain,4
2,4,global_e01,normal,abstain,correct,0
2,4,global_e01,normal,abstain,wrong,0
2,4,global_e01,normal,abstain,abstain,1
2,4,global_e01,exception,correct,correct,11
2,4,global_e01,exception,correct,wrong,0
2,4,global_e01,exception,correct,abstain,5
2,4,global_e01,exception,wrong,correct,1
2,4,global_e01,exception,wrong,wrong,3
2,4,global_e01,exception,wrong,abstain,3
2,4,global_e01,exception,abstain,correct,0
2,4,global_e01,exception,abstain,wrong,0
2,4,global_e01,exception,abstain,abstain,0
2,4,global_e05,normal,correct,correct,63
2,4,global_e05,normal,correct,wrong,4
2,4,global_e05,normal,correct,abstain,40
2,4,global_e05,normal,wrong,correct,1
2,4,global_e05,normal,wrong,wrong,2
2,4,global_e05,normal,wrong,abstain,5
2,4,global_e05,normal,abstain,correct,0
2,4,global_e05,normal,abstain,wrong,0
2,4,global_e05,normal,abstain,abstain,1
2,4,global_e05,exception,correct,correct,9
2,4,global_e05,exception,correct,wrong,0
2,4,global_e05,exception,correct,abstain,7
2,4,global_e05,exception,wrong,correct,1
2,4,global_e05,exception,wrong,wrong,3
2,4,global_e05,exception,wrong,abstain,3
2,4,global_e05,exception,abstain,correct,0
2,4,global_e05,exception,abstain,wrong,0
2,4,global_e05,exception,abstain,abstain,0
2,4,position_e01,normal,correct,correct,84
2,4,position_e01,normal,correct,wrong,2
2,4,position_e01,normal,correct,abstain,21
2,4,position_e01,normal,wrong,correct,1
2,4,position_e01,normal,wrong,wrong,5
2,4,position_e01,normal,wrong,abstain,2
2,4,position_e01,normal,abstain,correct,0
2,4,position_e01,normal,abstain,wrong,0
2,4,position_e01,normal,abstain,abstain,1
2,4,position_e01,exception,correct,correct,12
2,4,position_e01,exception,correct,wrong,0
2,4,position_e01,exception,correct,abstain,4
2,4,position_e01,exception,wrong,correct,1
2,4,position_e01,exception,wrong,wrong,4
2,4,position_e01,exception,wrong,abstain,2
2,4,position_e01,exception,abstain,correct,0
2,4,position_e01,exception,abstain,wrong,0
2,4,position_e01,exception,abstain,abstain,0
2,4,position_e05,normal,correct,correct,76
2,4,position_e05,normal,correct,wrong,0
2,4,position_e05,normal,correct,abstain,31
2,4,position_e05,normal,wrong,correct,1
2,4,position_e05,normal,wrong,wrong,2
2,4,position_e05,normal,wrong,abstain,5
2,4,position_e05,normal,abstain,correct,0
2,4,position_e05,normal,abstain,wrong,0
2,4,position_e05,normal,abstain,abstain,1
2,4,position_e05,exception,correct,correct,10
2,4,position_e05,exception,correct,wrong,0
2,4,position_e05,exception,correct,abstain,6
2,4,position_e05,exception,wrong,correct,1
2,4,position_e05,exception,wrong,wrong,4
2,4,position_e05,exception,wrong,abstain,2
2,4,position_e05,exception,abstain,correct,0
2,4,position_e05,exception,abstain,wrong,0
2,4,position_e05,exception,abstain,abstain,0
2,4,global_fixed1,normal,correct,correct,34
2,4,global_fixed1,normal,correct,wrong,9
2,4,global_fixed1,normal,correct,abstain,64
2,4,global_fixed1,normal,wrong,correct,1
2,4,global_fixed1,normal,wrong,wrong,1
2,4,global_fixed1,normal,wrong,abstain,6
2,4,global_fixed1,normal,abstain,correct,0
2,4,global_fixed1,normal,abstain,wrong,0
2,4,global_fixed1,normal,abstain,abstain,1
2,4,global_fixed1,exception,correct,correct,6
2,4,global_fixed1,exception,correct,wrong,0
2,4,global_fixed1,exception,correct,abstain,10
2,4,global_fixed1,exception,wrong,correct,0
2,4,global_fixed1,exception,wrong,wrong,1
2,4,global_fixed1,exception,wrong,abstain,6
2,4,global_fixed1,exception,abstain,correct,0
2,4,global_fixed1,exception,abstain,wrong,0
2,4,global_fixed1,exception,abstain,abstain,0
2,4,position_fixed1,normal,correct,correct,34
2,4,position_fixed1,normal,correct,wrong,9
2,4,position_fixed1,normal,correct,abstain,64
2,4,position_fixed1,normal,wrong,correct,1
2,4,position_fixed1,normal,wrong,wrong,1
2,4,position_fixed1,normal,wrong,abstain,6
2,4,position_fixed1,normal,abstain,correct,0
2,4,position_fixed1,normal,abstain,wrong,0
2,4,position_fixed1,normal,abstain,abstain,1
2,4,position_fixed1,exception,correct,correct,6
2,4,position_fixed1,exception,correct,wrong,0
2,4,position_fixed1,exception,correct,abstain,10
2,4,position_fixed1,exception,wrong,correct,0
2,4,position_fixed1,exception,wrong,wrong,1
2,4,position_fixed1,exception,wrong,abstain,6
2,4,position_fixed1,exception,abstain,correct,0
2,4,position_fixed1,exception,abstain,wrong,0
2,4,position_fixed1,exception,abstain,abstain,0
2,5,baseline,normal,correct,correct,123
2,5,baseline,normal,correct,wrong,0
2,5,baseline,normal,correct,abstain,0
2,5,baseline,normal,wrong,correct,0
2,5,baseline,normal,wrong,wrong,5
2,5,baseline,normal,wrong,abstain,0
2,5,baseline,normal,abstain,correct,0
2,5,baseline,normal,abstain,wrong,0
2,5,baseline,normal,abstain,abstain,3
2,5,baseline,exception,correct,correct,35
2,5,baseline,exception,correct,wrong,0
2,5,baseline,exception,correct,abstain,0
2,5,baseline,exception,wrong,correct,0
2,5,baseline,exception,wrong,wrong,4
2,5,baseline,exception,wrong,abstain,0
2,5,baseline,exception,abstain,correct,0
2,5,baseline,exception,abstain,wrong,0
2,5,baseline,exception,abstain,abstain,1
2,5,binary_e01,normal,correct,correct,123
2,5,binary_e01,normal,correct,wrong,0
2,5,binary_e01,normal,correct,abstain,0
2,5,binary_e01,normal,wrong,correct,3
2,5,binary_e01,normal,wrong,wrong,1
2,5,binary_e01,normal,wrong,abstain,1
2,5,binary_e01,normal,abstain,correct,0
2,5,binary_e01,normal,abstain,wrong,0
2,5,binary_e01,normal,abstain,abstain,3
2,5,binary_e01,exception,correct,correct,35
2,5,binary_e01,exception,correct,wrong,0
2,5,binary_e01,exception,correct,abstain,0
2,5,binary_e01,exception,wrong,correct,0
2,5,binary_e01,exception,wrong,wrong,4
2,5,binary_e01,exception,wrong,abstain,0
2,5,binary_e01,exception,abstain,correct,0
2,5,binary_e01,exception,abstain,wrong,0
2,5,binary_e01,exception,abstain,abstain,1
2,5,binary_e05,normal,correct,correct,123
2,5,binary_e05,normal,correct,wrong,0
2,5,binary_e05,normal,correct,abstain,0
2,5,binary_e05,normal,wrong,correct,3
2,5,binary_e05,normal,wrong,wrong,0
2,5,binary_e05,normal,wrong,abstain,2
2,5,binary_e05,normal,abstain,correct,0
2,5,binary_e05,normal,abstain,wrong,0
2,5,binary_e05,normal,abstain,abstain,3
2,5,binary_e05,exception,correct,correct,35
2,5,binary_e05,exception,correct,wrong,0
2,5,binary_e05,exception,correct,abstain,0
2,5,binary_e05,exception,wrong,correct,0
2,5,binary_e05,exception,wrong,wrong,3
2,5,binary_e05,exception,wrong,abstain,1
2,5,binary_e05,exception,abstain,correct,0
2,5,binary_e05,exception,abstain,wrong,0
2,5,binary_e05,exception,abstain,abstain,1
2,5,global_e01,normal,correct,correct,83
2,5,global_e01,normal,correct,wrong,7
2,5,global_e01,normal,correct,abstain,33
2,5,global_e01,normal,wrong,correct,3
2,5,global_e01,normal,wrong,wrong,1
2,5,global_e01,normal,wrong,abstain,1
2,5,global_e01,normal,abstain,correct,0
2,5,global_e01,normal,abstain,wrong,0
2,5,global_e01,normal,abstain,abstain,3
2,5,global_e01,exception,correct,correct,24
2,5,global_e01,exception,correct,wrong,3
2,5,global_e01,exception,correct,abstain,8
2,5,global_e01,exception,wrong,correct,0
2,5,global_e01,exception,wrong,wrong,2
2,5,global_e01,exception,wrong,abstain,2
2,5,global_e01,exception,abstain,correct,1
2,5,global_e01,exception,abstain,wrong,0
2,5,global_e01,exception,abstain,abstain,0
2,5,global_e05,normal,correct,correct,81
2,5,global_e05,normal,correct,wrong,8
2,5,global_e05,normal,correct,abstain,34
2,5,global_e05,normal,wrong,correct,3
2,5,global_e05,normal,wrong,wrong,2
2,5,global_e05,normal,wrong,abstain,0
2,5,global_e05,normal,abstain,correct,2
2,5,global_e05,normal,abstain,wrong,0
2,5,global_e05,normal,abstain,abstain,1
2,5,global_e05,exception,correct,correct,25
2,5,global_e05,exception,correct,wrong,3
2,5,global_e05,exception,correct,abstain,7
2,5,global_e05,exception,wrong,correct,0
2,5,global_e05,exception,wrong,wrong,2
2,5,global_e05,exception,wrong,abstain,2
2,5,global_e05,exception,abstain,correct,0
2,5,global_e05,exception,abstain,wrong,0
2,5,global_e05,exception,abstain,abstain,1
2,5,position_e01,normal,correct,correct,96
2,5,position_e01,normal,correct,wrong,6
2,5,position_e01,normal,correct,abstain,21
2,5,position_e01,normal,wrong,correct,3
2,5,position_e01,normal,wrong,wrong,1
2,5,position_e01,normal,wrong,abstain,1
2,5,position_e01,normal,abstain,correct,0
2,5,position_e01,normal,abstain,wrong,0
2,5,position_e01,normal,abstain,abstain,3
2,5,position_e01,exception,correct,correct,24
2,5,position_e01,exception,correct,wrong,3
2,5,position_e01,exception,correct,abstain,8
2,5,position_e01,exception,wrong,correct,0
2,5,position_e01,exception,wrong,wrong,2
2,5,position_e01,exception,wrong,abstain,2
2,5,position_e01,exception,abstain,correct,0
2,5,position_e01,exception,abstain,wrong,0
2,5,position_e01,exception,abstain,abstain,1
2,5,position_e05,normal,correct,correct,86
2,5,position_e05,normal,correct,wrong,5
2,5,position_e05,normal,correct,abstain,32
2,5,position_e05,normal,wrong,correct,3
2,5,position_e05,normal,wrong,wrong,0
2,5,position_e05,normal,wrong,abstain,2
2,5,position_e05,normal,abstain,correct,0
2,5,position_e05,normal,abstain,wrong,0
2,5,position_e05,normal,abstain,abstain,3
2,5,position_e05,exception,correct,correct,23
2,5,position_e05,exception,correct,wrong,3
2,5,position_e05,exception,correct,abstain,9
2,5,position_e05,exception,wrong,correct,0
2,5,position_e05,exception,wrong,wrong,2
2,5,position_e05,exception,wrong,abstain,2
2,5,position_e05,exception,abstain,correct,1
2,5,position_e05,exception,abstain,wrong,0
2,5,position_e05,exception,abstain,abstain,0
2,5,global_fixed1,normal,correct,correct,58
2,5,global_fixed1,normal,correct,wrong,12
2,5,global_fixed1,normal,correct,abstain,53
2,5,global_fixed1,normal,wrong,correct,3
2,5,global_fixed1,normal,wrong,wrong,0
2,5,global_fixed1,normal,wrong,abstain,2
2,5,global_fixed1,normal,abstain,correct,2
2,5,global_fixed1,normal,abstain,wrong,0
2,5,global_fixed1,normal,abstain,abstain,1
2,5,global_fixed1,exception,correct,correct,10
2,5,global_fixed1,exception,correct,wrong,3
2,5,global_fixed1,exception,correct,abstain,22
2,5,global_fixed1,exception,wrong,correct,1
2,5,global_fixed1,exception,wrong,wrong,0
2,5,global_fixed1,exception,wrong,abstain,3
2,5,global_fixed1,exception,abstain,correct,0
2,5,global_fixed1,exception,abstain,wrong,0
2,5,global_fixed1,exception,abstain,abstain,1
2,5,position_fixed1,normal,correct,correct,58
2,5,position_fixed1,normal,correct,wrong,12
2,5,position_fixed1,normal,correct,abstain,53
2,5,position_fixed1,normal,wrong,correct,3
2,5,position_fixed1,normal,wrong,wrong,0
2,5,position_fixed1,normal,wrong,abstain,2
2,5,position_fixed1,normal,abstain,correct,2
2,5,position_fixed1,normal,abstain,wrong,0
2,5,position_fixed1,normal,abstain,abstain,1
2,5,position_fixed1,exception,correct,correct,10
2,5,position_fixed1,exception,correct,wrong,3
2,5,position_fixed1,exception,correct,abstain,22
2,5,position_fixed1,exception,wrong,correct,1
2,5,position_fixed1,exception,wrong,wrong,0
2,5,position_fixed1,exception,wrong,abstain,3
2,5,position_fixed1,exception,abstain,correct,0
2,5,position_fixed1,exception,abstain,wrong,0
2,5,position_fixed1,exception,abstain,abstain,1
2,6,baseline,normal,correct,correct,125
2,6,baseline,normal,correct,wrong,0
2,6,baseline,normal,correct,abstain,0
2,6,baseline,normal,wrong,correct,0
2,6,baseline,normal,wrong,wrong,6
2,6,baseline,normal,wrong,abstain,0
2,6,baseline,normal,abstain,correct,0
2,6,baseline,normal,abstain,wrong,0
2,6,baseline,normal,abstain,abstain,0
2,6,baseline,exception,correct,correct,17
2,6,baseline,exception,correct,wrong,0
2,6,baseline,exception,correct,abstain,0
2,6,baseline,exception,wrong,correct,0
2,6,baseline,exception,wrong,wrong,12
2,6,baseline,exception,wrong,abstain,0
2,6,baseline,exception,abstain,correct,0
2,6,baseline,exception,abstain,wrong,0
2,6,baseline,exception,abstain,abstain,0
2,6,binary_e01,normal,correct,correct,125
2,6,binary_e01,normal,correct,wrong,0
2,6,binary_e01,normal,correct,abstain,0
2,6,binary_e01,normal,wrong,correct,3
2,6,binary_e01,normal,wrong,wrong,2
2,6,binary_e01,normal,wrong,abstain,1
2,6,binary_e01,normal,abstain,correct,0
2,6,binary_e01,normal,abstain,wrong,0
2,6,binary_e01,normal,abstain,abstain,0
2,6,binary_e01,exception,correct,correct,17
2,6,binary_e01,exception,correct,wrong,0
2,6,binary_e01,exception,correct,abstain,0
2,6,binary_e01,exception,wrong,correct,3
2,6,binary_e01,exception,wrong,wrong,8
2,6,binary_e01,exception,wrong,abstain,1
2,6,binary_e01,exception,abstain,correct,0
2,6,binary_e01,exception,abstain,wrong,0
2,6,binary_e01,exception,abstain,abstain,0
2,6,binary_e05,normal,correct,correct,125
2,6,binary_e05,normal,correct,wrong,0
2,6,binary_e05,normal,correct,abstain,0
2,6,binary_e05,normal,wrong,correct,3
2,6,binary_e05,normal,wrong,wrong,1
2,6,binary_e05,normal,wrong,abstain,2
2,6,binary_e05,normal,abstain,correct,0
2,6,binary_e05,normal,abstain,wrong,0
2,6,binary_e05,normal,abstain,abstain,0
2,6,binary_e05,exception,correct,correct,17
2,6,binary_e05,exception,correct,wrong,0
2,6,binary_e05,exception,correct,abstain,0
2,6,binary_e05,exception,wrong,correct,3
2,6,binary_e05,exception,wrong,wrong,7
2,6,binary_e05,exception,wrong,abstain,2
2,6,binary_e05,exception,abstain,correct,0
2,6,binary_e05,exception,abstain,wrong,0
2,6,binary_e05,exception,abstain,abstain,0
2,6,global_e01,normal,correct,correct,65
2,6,global_e01,normal,correct,wrong,9
2,6,global_e01,normal,correct,abstain,51
2,6,global_e01,normal,wrong,correct,3
2,6,global_e01,normal,wrong,wrong,1
2,6,global_e01,normal,wrong,abstain,2
2,6,global_e01,normal,abstain,correct,0
2,6,global_e01,normal,abstain,wrong,0
2,6,global_e01,normal,abstain,abstain,0
2,6,global_e01,exception,correct,correct,12
2,6,global_e01,exception,correct,wrong,1
2,6,global_e01,exception,correct,abstain,4
2,6,global_e01,exception,wrong,correct,6
2,6,global_e01,exception,wrong,wrong,4
2,6,global_e01,exception,wrong,abstain,2
2,6,global_e01,exception,abstain,correct,0
2,6,global_e01,exception,abstain,wrong,0
2,6,global_e01,exception,abstain,abstain,0
2,6,global_e05,normal,correct,correct,65
2,6,global_e05,normal,correct,wrong,12
2,6,global_e05,normal,correct,abstain,48
2,6,global_e05,normal,wrong,correct,3
2,6,global_e05,normal,wrong,wrong,1
2,6,global_e05,normal,wrong,abstain,2
2,6,global_e05,normal,abstain,correct,0
2,6,global_e05,normal,abstain,wrong,0
2,6,global_e05,normal,abstain,abstain,0
2,6,global_e05,exception,correct,correct,11
2,6,global_e05,exception,correct,wrong,1
2,6,global_e05,exception,correct,abstain,5
2,6,global_e05,exception,wrong,correct,7
2,6,global_e05,exception,wrong,wrong,4
2,6,global_e05,exception,wrong,abstain,1
2,6,global_e05,exception,abstain,correct,0
2,6,global_e05,exception,abstain,wrong,0
2,6,global_e05,exception,abstain,abstain,0
2,6,position_e01,normal,correct,correct,79
2,6,position_e01,normal,correct,wrong,0
2,6,position_e01,normal,correct,abstain,46
2,6,position_e01,normal,wrong,correct,3
2,6,position_e01,normal,wrong,wrong,1
2,6,position_e01,normal,wrong,abstain,2
2,6,position_e01,normal,abstain,correct,0
2,6,position_e01,normal,abstain,wrong,0
2,6,position_e01,normal,abstain,abstain,0
2,6,position_e01,exception,correct,correct,10
2,6,position_e01,exception,correct,wrong,1
2,6,position_e01,exception,correct,abstain,6
2,6,position_e01,exception,wrong,correct,9
2,6,position_e01,exception,wrong,wrong,1
2,6,position_e01,exception,wrong,abstain,2
2,6,position_e01,exception,abstain,correct,0
2,6,position_e01,exception,abstain,wrong,0
2,6,position_e01,exception,abstain,abstain,0
2,6,position_e05,normal,correct,correct,78
2,6,position_e05,normal,correct,wrong,6
2,6,position_e05,normal,correct,abstain,41
2,6,position_e05,normal,wrong,correct,3
2,6,position_e05,normal,wrong,wrong,1
2,6,position_e05,normal,wrong,abstain,2
2,6,position_e05,normal,abstain,correct,0
2,6,position_e05,normal,abstain,wrong,0
2,6,position_e05,normal,abstain,abstain,0
2,6,position_e05,exception,correct,correct,10
2,6,position_e05,exception,correct,wrong,1
2,6,position_e05,exception,correct,abstain,6
2,6,position_e05,exception,wrong,correct,9
2,6,position_e05,exception,wrong,wrong,1
2,6,position_e05,exception,wrong,abstain,2
2,6,position_e05,exception,abstain,correct,0
2,6,position_e05,exception,abstain,wrong,0
2,6,position_e05,exception,abstain,abstain,0
2,6,global_fixed1,normal,correct,correct,34
2,6,global_fixed1,normal,correct,wrong,21
2,6,global_fixed1,normal,correct,abstain,70
2,6,global_fixed1,normal,wrong,correct,3
2,6,global_fixed1,normal,wrong,wrong,1
2,6,global_fixed1,normal,wrong,abstain,2
2,6,global_fixed1,normal,abstain,correct,0
2,6,global_fixed1,normal,abstain,wrong,0
2,6,global_fixed1,normal,abstain,abstain,0
2,6,global_fixed1,exception,correct,correct,7
2,6,global_fixed1,exception,correct,wrong,1
2,6,global_fixed1,exception,correct,abstain,9
2,6,global_fixed1,exception,wrong,correct,10
2,6,global_fixed1,exception,wrong,wrong,0
2,6,global_fixed1,exception,wrong,abstain,2
2,6,global_fixed1,exception,abstain,correct,0
2,6,global_fixed1,exception,abstain,wrong,0
2,6,global_fixed1,exception,abstain,abstain,0
2,6,position_fixed1,normal,correct,correct,34
2,6,position_fixed1,normal,correct,wrong,21
2,6,position_fixed1,normal,correct,abstain,70
2,6,position_fixed1,normal,wrong,correct,3
2,6,position_fixed1,normal,wrong,wrong,1
2,6,position_fixed1,normal,wrong,abstain,2
2,6,position_fixed1,normal,abstain,correct,0
2,6,position_fixed1,normal,abstain,wrong,0
2,6,position_fixed1,normal,abstain,abstain,0
2,6,position_fixed1,exception,correct,correct,7
2,6,position_fixed1,exception,correct,wrong,1
2,6,position_fixed1,exception,correct,abstain,9
2,6,position_fixed1,exception,wrong,correct,10
2,6,position_fixed1,exception,wrong,wrong,0
2,6,position_fixed1,exception,wrong,abstain,2
2,6,position_fixed1,exception,abstain,correct,0
2,6,position_fixed1,exception,abstain,wrong,0
2,6,position_fixed1,exception,abstain,abstain,0
2,7,baseline,normal,correct,correct,112
2,7,baseline,normal,correct,wrong,0
2,7,baseline,normal,correct,abstain,0
2,7,baseline,normal,wrong,correct,0
2,7,baseline,normal,wrong,wrong,13
2,7,baseline,normal,wrong,abstain,0
2,7,baseline,normal,abstain,correct,0
2,7,baseline,normal,abstain,wrong,0
2,7,baseline,normal,abstain,abstain,4
2,7,baseline,exception,correct,correct,15
2,7,baseline,exception,correct,wrong,0
2,7,baseline,exception,correct,abstain,0
2,7,baseline,exception,wrong,correct,0
2,7,baseline,exception,wrong,wrong,9
2,7,baseline,exception,wrong,abstain,0
2,7,baseline,exception,abstain,correct,0
2,7,baseline,exception,abstain,wrong,0
2,7,baseline,exception,abstain,abstain,3
2,7,binary_e01,normal,correct,correct,112
2,7,binary_e01,normal,correct,wrong,0
2,7,binary_e01,normal,correct,abstain,0
2,7,binary_e01,normal,wrong,correct,8
2,7,binary_e01,normal,wrong,wrong,2
2,7,binary_e01,normal,wrong,abstain,3
2,7,binary_e01,normal,abstain,correct,1
2,7,binary_e01,normal,abstain,wrong,0
2,7,binary_e01,normal,abstain,abstain,3
2,7,binary_e01,exception,correct,correct,15
2,7,binary_e01,exception,correct,wrong,0
2,7,binary_e01,exception,correct,abstain,0
2,7,binary_e01,exception,wrong,correct,2
2,7,binary_e01,exception,wrong,wrong,7
2,7,binary_e01,exception,wrong,abstain,0
2,7,binary_e01,exception,abstain,correct,0
2,7,binary_e01,exception,abstain,wrong,1
2,7,binary_e01,exception,abstain,abstain,2
2,7,binary_e05,normal,correct,correct,112
2,7,binary_e05,normal,correct,wrong,0
2,7,binary_e05,normal,correct,abstain,0
2,7,binary_e05,normal,wrong,correct,8
2,7,binary_e05,normal,wrong,wrong,2
2,7,binary_e05,normal,wrong,abstain,3
2,7,binary_e05,normal,abstain,correct,1
2,7,binary_e05,normal,abstain,wrong,0
2,7,binary_e05,normal,abstain,abstain,3
2,7,binary_e05,exception,correct,correct,15
2,7,binary_e05,exception,correct,wrong,0
2,7,binary_e05,exception,correct,abstain,0
2,7,binary_e05,exception,wrong,correct,2
2,7,binary_e05,exception,wrong,wrong,5
2,7,binary_e05,exception,wrong,abstain,2
2,7,binary_e05,exception,abstain,correct,0
2,7,binary_e05,exception,abstain,wrong,1
2,7,binary_e05,exception,abstain,abstain,2
2,7,global_e01,normal,correct,correct,53
2,7,global_e01,normal,correct,wrong,5
2,7,global_e01,normal,correct,abstain,54
2,7,global_e01,normal,wrong,correct,8
2,7,global_e01,normal,wrong,wrong,2
2,7,global_e01,normal,wrong,abstain,3
2,7,global_e01,normal,abstain,correct,2
2,7,global_e01,normal,abstain,wrong,0
2,7,global_e01,normal,abstain,abstain,2
2,7,global_e01,exception,correct,correct,7
2,7,global_e01,exception,correct,wrong,6
2,7,global_e01,exception,correct,abstain,2
2,7,global_e01,exception,wrong,correct,2
2,7,global_e01,exception,wrong,wrong,1
2,7,global_e01,exception,wrong,abstain,6
2,7,global_e01,exception,abstain,correct,2
2,7,global_e01,exception,abstain,wrong,1
2,7,global_e01,exception,abstain,abstain,0
2,7,global_e05,normal,correct,correct,52
2,7,global_e05,normal,correct,wrong,5
2,7,global_e05,normal,correct,abstain,55
2,7,global_e05,normal,wrong,correct,8
2,7,global_e05,normal,wrong,wrong,2
2,7,global_e05,normal,wrong,abstain,3
2,7,global_e05,normal,abstain,correct,2
2,7,global_e05,normal,abstain,wrong,0
2,7,global_e05,normal,abstain,abstain,2
2,7,global_e05,exception,correct,correct,5
2,7,global_e05,exception,correct,wrong,6
2,7,global_e05,exception,correct,abstain,4
2,7,global_e05,exception,wrong,correct,2
2,7,global_e05,exception,wrong,wrong,2
2,7,global_e05,exception,wrong,abstain,5
2,7,global_e05,exception,abstain,correct,2
2,7,global_e05,exception,abstain,wrong,1
2,7,global_e05,exception,abstain,abstain,0
2,7,position_e01,normal,correct,correct,61
2,7,position_e01,normal,correct,wrong,2
2,7,position_e01,normal,correct,abstain,49
2,7,position_e01,normal,wrong,correct,8
2,7,position_e01,normal,wrong,wrong,2
2,7,position_e01,normal,wrong,abstain,3
2,7,position_e01,normal,abstain,correct,1
2,7,position_e01,normal,abstain,wrong,0
2,7,position_e01,normal,abstain,abstain,3
2,7,position_e01,exception,correct,correct,7
2,7,position_e01,exception,correct,wrong,5
2,7,position_e01,exception,correct,abstain,3
2,7,position_e01,exception,wrong,correct,2
2,7,position_e01,exception,wrong,wrong,2
2,7,position_e01,exception,wrong,abstain,5
2,7,position_e01,exception,abstain,correct,2
2,7,position_e01,exception,abstain,wrong,1
2,7,position_e01,exception,abstain,abstain,0
2,7,position_e05,normal,correct,correct,56
2,7,position_e05,normal,correct,wrong,5
2,7,position_e05,normal,correct,abstain,51
2,7,position_e05,normal,wrong,correct,8
2,7,position_e05,normal,wrong,wrong,2
2,7,position_e05,normal,wrong,abstain,3
2,7,position_e05,normal,abstain,correct,2
2,7,position_e05,normal,abstain,wrong,0
2,7,position_e05,normal,abstain,abstain,2
2,7,position_e05,exception,correct,correct,5
2,7,position_e05,exception,correct,wrong,5
2,7,position_e05,exception,correct,abstain,5
2,7,position_e05,exception,wrong,correct,2
2,7,position_e05,exception,wrong,wrong,1
2,7,position_e05,exception,wrong,abstain,6
2,7,position_e05,exception,abstain,correct,2
2,7,position_e05,exception,abstain,wrong,1
2,7,position_e05,exception,abstain,abstain,0
2,7,global_fixed1,normal,correct,correct,31
2,7,global_fixed1,normal,correct,wrong,5
2,7,global_fixed1,normal,correct,abstain,76
2,7,global_fixed1,normal,wrong,correct,8
2,7,global_fixed1,normal,wrong,wrong,2
2,7,global_fixed1,normal,wrong,abstain,3
2,7,global_fixed1,normal,abstain,correct,2
2,7,global_fixed1,normal,abstain,wrong,0
2,7,global_fixed1,normal,abstain,abstain,2
2,7,global_fixed1,exception,correct,correct,3
2,7,global_fixed1,exception,correct,wrong,5
2,7,global_fixed1,exception,correct,abstain,7
2,7,global_fixed1,exception,wrong,correct,2
2,7,global_fixed1,exception,wrong,wrong,0
2,7,global_fixed1,exception,wrong,abstain,7
2,7,global_fixed1,exception,abstain,correct,2
2,7,global_fixed1,exception,abstain,wrong,1
2,7,global_fixed1,exception,abstain,abstain,0
2,7,position_fixed1,normal,correct,correct,31
2,7,position_fixed1,normal,correct,wrong,5
2,7,position_fixed1,normal,correct,abstain,76
2,7,position_fixed1,normal,wrong,correct,8
2,7,position_fixed1,normal,wrong,wrong,2
2,7,position_fixed1,normal,wrong,abstain,3
2,7,position_fixed1,normal,abstain,correct,2
2,7,position_fixed1,normal,abstain,wrong,0
2,7,position_fixed1,normal,abstain,abstain,2
2,7,position_fixed1,exception,correct,correct,3
2,7,position_fixed1,exception,correct,wrong,5
2,7,position_fixed1,exception,correct,abstain,7
2,7,position_fixed1,exception,wrong,correct,2
2,7,position_fixed1,exception,wrong,wrong,0
2,7,position_fixed1,exception,wrong,abstain,7
2,7,position_fixed1,exception,abstain,correct,2
2,7,position_fixed1,exception,abstain,wrong,1
2,7,position_fixed1,exception,abstain,abstain,0
2,8,baseline,normal,correct,correct,110
2,8,baseline,normal,correct,wrong,0
2,8,baseline,normal,correct,abstain,0
2,8,baseline,normal,wrong,correct,0
2,8,baseline,normal,wrong,wrong,2
2,8,baseline,normal,wrong,abstain,0
2,8,baseline,normal,abstain,correct,0
2,8,baseline,normal,abstain,wrong,0
2,8,baseline,normal,abstain,abstain,8
2,8,baseline,exception,correct,correct,11
2,8,baseline,exception,correct,wrong,0
2,8,baseline,exception,correct,abstain,0
2,8,baseline,exception,wrong,correct,0
2,8,baseline,exception,wrong,wrong,12
2,8,baseline,exception,wrong,abstain,0
2,8,baseline,exception,abstain,correct,0
2,8,baseline,exception,abstain,wrong,0
2,8,baseline,exception,abstain,abstain,2
2,8,binary_e01,normal,correct,correct,110
2,8,binary_e01,normal,correct,wrong,0
2,8,binary_e01,normal,correct,abstain,0
2,8,binary_e01,normal,wrong,correct,0
2,8,binary_e01,normal,wrong,wrong,1
2,8,binary_e01,normal,wrong,abstain,1
2,8,binary_e01,normal,abstain,correct,0
2,8,binary_e01,normal,abstain,wrong,0
2,8,binary_e01,normal,abstain,abstain,8
2,8,binary_e01,exception,correct,correct,11
2,8,binary_e01,exception,correct,wrong,0
2,8,binary_e01,exception,correct,abstain,0
2,8,binary_e01,exception,wrong,correct,0
2,8,binary_e01,exception,wrong,wrong,9
2,8,binary_e01,exception,wrong,abstain,3
2,8,binary_e01,exception,abstain,correct,0
2,8,binary_e01,exception,abstain,wrong,0
2,8,binary_e01,exception,abstain,abstain,2
2,8,binary_e05,normal,correct,correct,110
2,8,binary_e05,normal,correct,wrong,0
2,8,binary_e05,normal,correct,abstain,0
2,8,binary_e05,normal,wrong,correct,0
2,8,binary_e05,normal,wrong,wrong,0
2,8,binary_e05,normal,wrong,abstain,2
2,8,binary_e05,normal,abstain,correct,0
2,8,binary_e05,normal,abstain,wrong,0
2,8,binary_e05,normal,abstain,abstain,8
2,8,binary_e05,exception,correct,correct,11
2,8,binary_e05,exception,correct,wrong,0
2,8,binary_e05,exception,correct,abstain,0
2,8,binary_e05,exception,wrong,correct,0
2,8,binary_e05,exception,wrong,wrong,8
2,8,binary_e05,exception,wrong,abstain,4
2,8,binary_e05,exception,abstain,correct,0
2,8,binary_e05,exception,abstain,wrong,0
2,8,binary_e05,exception,abstain,abstain,2
2,8,global_e01,normal,correct,correct,77
2,8,global_e01,normal,correct,wrong,8
2,8,global_e01,normal,correct,abstain,25
2,8,global_e01,normal,wrong,correct,0
2,8,global_e01,normal,wrong,wrong,1
2,8,global_e01,normal,wrong,abstain,1
2,8,global_e01,normal,abstain,correct,5
2,8,global_e01,normal,abstain,wrong,0
2,8,global_e01,normal,abstain,abstain,3
2,8,global_e01,exception,correct,correct,7
2,8,global_e01,exception,correct,wrong,3
2,8,global_e01,exception,correct,abstain,1
2,8,global_e01,exception,wrong,correct,2
2,8,global_e01,exception,wrong,wrong,5
2,8,global_e01,exception,wrong,abstain,5
2,8,global_e01,exception,abstain,correct,0
2,8,global_e01,exception,abstain,wrong,1
2,8,global_e01,exception,abstain,abstain,1
2,8,global_e05,normal,correct,correct,65
2,8,global_e05,normal,correct,wrong,10
2,8,global_e05,normal,correct,abstain,35
2,8,global_e05,normal,wrong,correct,0
2,8,global_e05,normal,wrong,wrong,1
2,8,global_e05,normal,wrong,abstain,1
2,8,global_e05,normal,abstain,correct,3
2,8,global_e05,normal,abstain,wrong,0
2,8,global_e05,normal,abstain,abstain,5
2,8,global_e05,exception,correct,correct,4
2,8,global_e05,exception,correct,wrong,4
2,8,global_e05,exception,correct,abstain,3
2,8,global_e05,exception,wrong,correct,2
2,8,global_e05,exception,wrong,wrong,6
2,8,global_e05,exception,wrong,abstain,4
2,8,global_e05,exception,abstain,correct,0
2,8,global_e05,exception,abstain,wrong,1
2,8,global_e05,exception,abstain,abstain,1
2,8,position_e01,normal,correct,correct,89
2,8,position_e01,normal,correct,wrong,3
2,8,position_e01,normal,correct,abstain,18
2,8,position_e01,normal,wrong,correct,0
2,8,position_e01,normal,wrong,wrong,1
2,8,position_e01,normal,wrong,abstain,1
2,8,position_e01,normal,abstain,correct,0
2,8,position_e01,normal,abstain,wrong,0
2,8,position_e01,normal,abstain,abstain,8
2,8,position_e01,exception,correct,correct,6
2,8,position_e01,exception,correct,wrong,3
2,8,position_e01,exception,correct,abstain,2
2,8,position_e01,exception,wrong,correct,1
2,8,position_e01,exception,wrong,wrong,5
2,8,position_e01,exception,wrong,abstain,6
2,8,position_e01,exception,abstain,correct,1
2,8,position_e01,exception,abstain,wrong,0
2,8,position_e01,exception,abstain,abstain,1
2,8,position_e05,normal,correct,correct,85
2,8,position_e05,normal,correct,wrong,7
2,8,position_e05,normal,correct,abstain,18
2,8,position_e05,normal,wrong,correct,0
2,8,position_e05,normal,wrong,wrong,0
2,8,position_e05,normal,wrong,abstain,2
2,8,position_e05,normal,abstain,correct,5
2,8,position_e05,normal,abstain,wrong,0
2,8,position_e05,normal,abstain,abstain,3
2,8,position_e05,exception,correct,correct,6
2,8,position_e05,exception,correct,wrong,3
2,8,position_e05,exception,correct,abstain,2
2,8,position_e05,exception,wrong,correct,1
2,8,position_e05,exception,wrong,wrong,5
2,8,position_e05,exception,wrong,abstain,6
2,8,position_e05,exception,abstain,correct,1
2,8,position_e05,exception,abstain,wrong,0
2,8,position_e05,exception,abstain,abstain,1
2,8,global_fixed1,normal,correct,correct,42
2,8,global_fixed1,normal,correct,wrong,15
2,8,global_fixed1,normal,correct,abstain,53
2,8,global_fixed1,normal,wrong,correct,0
2,8,global_fixed1,normal,wrong,wrong,0
2,8,global_fixed1,normal,wrong,abstain,2
2,8,global_fixed1,normal,abstain,correct,3
2,8,global_fixed1,normal,abstain,wrong,0
2,8,global_fixed1,normal,abstain,abstain,5
2,8,global_fixed1,exception,correct,correct,3
2,8,global_fixed1,exception,correct,wrong,3
2,8,global_fixed1,exception,correct,abstain,5
2,8,global_fixed1,exception,wrong,correct,3
2,8,global_fixed1,exception,wrong,wrong,1
2,8,global_fixed1,exception,wrong,abstain,8
2,8,global_fixed1,exception,abstain,correct,0
2,8,global_fixed1,exception,abstain,wrong,1
2,8,global_fixed1,exception,abstain,abstain,1
2,8,position_fixed1,normal,correct,correct,42
2,8,position_fixed1,normal,correct,wrong,15
2,8,position_fixed1,normal,correct,abstain,53
2,8,position_fixed1,normal,wrong,correct,0
2,8,position_fixed1,normal,wrong,wrong,0
2,8,position_fixed1,normal,wrong,abstain,2
2,8,position_fixed1,normal,abstain,correct,3
2,8,position_fixed1,normal,abstain,wrong,0
2,8,position_fixed1,normal,abstain,abstain,5
2,8,position_fixed1,exception,correct,correct,3
2,8,position_fixed1,exception,correct,wrong,3
2,8,position_fixed1,exception,correct,abstain,5
2,8,position_fixed1,exception,wrong,correct,3
2,8,position_fixed1,exception,wrong,wrong,1
2,8,position_fixed1,exception,wrong,abstain,8
2,8,position_fixed1,exception,abstain,correct,0
2,8,position_fixed1,exception,abstain,wrong,1
2,8,position_fixed1,exception,abstain,abstain,1
2,9,baseline,normal,correct,correct,112
2,9,baseline,normal,correct,wrong,0
2,9,baseline,normal,correct,abstain,0
2,9,baseline,normal,wrong,correct,0
2,9,baseline,normal,wrong,wrong,1
2,9,baseline,normal,wrong,abstain,0
2,9,baseline,normal,abstain,correct,0
2,9,baseline,normal,abstain,wrong,0
2,9,baseline,normal,abstain,abstain,0
2,9,baseline,exception,correct,correct,17
2,9,baseline,exception,correct,wrong,0
2,9,baseline,exception,correct,abstain,0
2,9,baseline,exception,wrong,correct,0
2,9,baseline,exception,wrong,wrong,6
2,9,baseline,exception,wrong,abstain,0
2,9,baseline,exception,abstain,correct,0
2,9,baseline,exception,abstain,wrong,0
2,9,baseline,exception,abstain,abstain,1
2,9,binary_e01,normal,correct,correct,112
2,9,binary_e01,normal,correct,wrong,0
2,9,binary_e01,normal,correct,abstain,0
2,9,binary_e01,normal,wrong,correct,1
2,9,binary_e01,normal,wrong,wrong,0
2,9,binary_e01,normal,wrong,abstain,0
2,9,binary_e01,normal,abstain,correct,0
2,9,binary_e01,normal,abstain,wrong,0
2,9,binary_e01,normal,abstain,abstain,0
2,9,binary_e01,exception,correct,correct,17
2,9,binary_e01,exception,correct,wrong,0
2,9,binary_e01,exception,correct,abstain,0
2,9,binary_e01,exception,wrong,correct,2
2,9,binary_e01,exception,wrong,wrong,3
2,9,binary_e01,exception,wrong,abstain,1
2,9,binary_e01,exception,abstain,correct,0
2,9,binary_e01,exception,abstain,wrong,0
2,9,binary_e01,exception,abstain,abstain,1
2,9,binary_e05,normal,correct,correct,112
2,9,binary_e05,normal,correct,wrong,0
2,9,binary_e05,normal,correct,abstain,0
2,9,binary_e05,normal,wrong,correct,1
2,9,binary_e05,normal,wrong,wrong,0
2,9,binary_e05,normal,wrong,abstain,0
2,9,binary_e05,normal,abstain,correct,0
2,9,binary_e05,normal,abstain,wrong,0
2,9,binary_e05,normal,abstain,abstain,0
2,9,binary_e05,exception,correct,correct,17
2,9,binary_e05,exception,correct,wrong,0
2,9,binary_e05,exception,correct,abstain,0
2,9,binary_e05,exception,wrong,correct,2
2,9,binary_e05,exception,wrong,wrong,3
2,9,binary_e05,exception,wrong,abstain,1
2,9,binary_e05,exception,abstain,correct,0
2,9,binary_e05,exception,abstain,wrong,0
2,9,binary_e05,exception,abstain,abstain,1
2,9,global_e01,normal,correct,correct,72
2,9,global_e01,normal,correct,wrong,1
2,9,global_e01,normal,correct,abstain,39
2,9,global_e01,normal,wrong,correct,1
2,9,global_e01,normal,wrong,wrong,0
2,9,global_e01,normal,wrong,abstain,0
2,9,global_e01,normal,abstain,correct,0
2,9,global_e01,normal,abstain,wrong,0
2,9,global_e01,normal,abstain,abstain,0
2,9,global_e01,exception,correct,correct,10
2,9,global_e01,exception,correct,wrong,2
2,9,global_e01,exception,correct,abstain,5
2,9,global_e01,exception,wrong,correct,4
2,9,global_e01,exception,wrong,wrong,0
2,9,global_e01,exception,wrong,abstain,2
2,9,global_e01,exception,abstain,correct,0
2,9,global_e01,exception,abstain,wrong,0
2,9,global_e01,exception,abstain,abstain,1
2,9,global_e05,normal,correct,correct,67
2,9,global_e05,normal,correct,wrong,5
2,9,global_e05,normal,correct,abstain,40
2,9,global_e05,normal,wrong,correct,1
2,9,global_e05,normal,wrong,wrong,0
2,9,global_e05,normal,wrong,abstain,0
2,9,global_e05,normal,abstain,correct,0
2,9,global_e05,normal,abstain,wrong,0
2,9,global_e05,normal,abstain,abstain,0
2,9,global_e05,exception,correct,correct,8
2,9,global_e05,exception,correct,wrong,2
2,9,global_e05,exception,correct,abstain,7
2,9,global_e05,exception,wrong,correct,3
2,9,global_e05,exception,wrong,wrong,3
2,9,global_e05,exception,wrong,abstain,0
2,9,global_e05,exception,abstain,correct,0
2,9,global_e05,exception,abstain,wrong,0
2,9,global_e05,exception,abstain,abstain,1
2,9,position_e01,normal,correct,correct,86
2,9,position_e01,normal,correct,wrong,0
2,9,position_e01,normal,correct,abstain,26
2,9,position_e01,normal,wrong,correct,1
2,9,position_e01,normal,wrong,wrong,0
2,9,position_e01,normal,wrong,abstain,0
2,9,position_e01,normal,abstain,correct,0
2,9,position_e01,normal,abstain,wrong,0
2,9,position_e01,normal,abstain,abstain,0
2,9,position_e01,exception,correct,correct,14
2,9,position_e01,exception,correct,wrong,1
2,9,position_e01,exception,correct,abstain,2
2,9,position_e01,exception,wrong,correct,4
2,9,position_e01,exception,wrong,wrong,0
2,9,position_e01,exception,wrong,abstain,2
2,9,position_e01,exception,abstain,correct,0
2,9,position_e01,exception,abstain,wrong,0
2,9,position_e01,exception,abstain,abstain,1
2,9,position_e05,normal,correct,correct,80
2,9,position_e05,normal,correct,wrong,0
2,9,position_e05,normal,correct,abstain,32
2,9,position_e05,normal,wrong,correct,1
2,9,position_e05,normal,wrong,wrong,0
2,9,position_e05,normal,wrong,abstain,0
2,9,position_e05,normal,abstain,correct,0
2,9,position_e05,normal,abstain,wrong,0
2,9,position_e05,normal,abstain,abstain,0
2,9,position_e05,exception,correct,correct,9
2,9,position_e05,exception,correct,wrong,3
2,9,position_e05,exception,correct,abstain,5
2,9,position_e05,exception,wrong,correct,4
2,9,position_e05,exception,wrong,wrong,0
2,9,position_e05,exception,wrong,abstain,2
2,9,position_e05,exception,abstain,correct,0
2,9,position_e05,exception,abstain,wrong,0
2,9,position_e05,exception,abstain,abstain,1
2,9,global_fixed1,normal,correct,correct,34
2,9,global_fixed1,normal,correct,wrong,6
2,9,global_fixed1,normal,correct,abstain,72
2,9,global_fixed1,normal,wrong,correct,1
2,9,global_fixed1,normal,wrong,wrong,0
2,9,global_fixed1,normal,wrong,abstain,0
2,9,global_fixed1,normal,abstain,correct,0
2,9,global_fixed1,normal,abstain,wrong,0
2,9,global_fixed1,normal,abstain,abstain,0
2,9,global_fixed1,exception,correct,correct,3
2,9,global_fixed1,exception,correct,wrong,4
2,9,global_fixed1,exception,correct,abstain,10
2,9,global_fixed1,exception,wrong,correct,4
2,9,global_fixed1,exception,wrong,wrong,0
2,9,global_fixed1,exception,wrong,abstain,2
2,9,global_fixed1,exception,abstain,correct,0
2,9,global_fixed1,exception,abstain,wrong,0
2,9,global_fixed1,exception,abstain,abstain,1
2,9,position_fixed1,normal,correct,correct,34
2,9,position_fixed1,normal,correct,wrong,6
2,9,position_fixed1,normal,correct,abstain,72
2,9,position_fixed1,normal,wrong,correct,1
2,9,position_fixed1,normal,wrong,wrong,0
2,9,position_fixed1,normal,wrong,abstain,0
2,9,position_fixed1,normal,abstain,correct,0
2,9,position_fixed1,normal,abstain,wrong,0
2,9,position_fixed1,normal,abstain,abstain,0
2,9,position_fixed1,exception,correct,correct,3
2,9,position_fixed1,exception,correct,wrong,4
2,9,position_fixed1,exception,correct,abstain,10
2,9,position_fixed1,exception,wrong,correct,4
2,9,position_fixed1,exception,wrong,wrong,0
2,9,position_fixed1,exception,wrong,abstain,2
2,9,position_fixed1,exception,abstain,correct,0
2,9,position_fixed1,exception,abstain,wrong,0
2,9,position_fixed1,exception,abstain,abstain,1
2,10,baseline,normal,correct,correct,139
2,10,baseline,normal,correct,wrong,0
2,10,baseline,normal,correct,abstain,0
2,10,baseline,normal,wrong,correct,0
2,10,baseline,normal,wrong,wrong,4
2,10,baseline,normal,wrong,abstain,0
2,10,baseline,normal,abstain,correct,0
2,10,baseline,normal,abstain,wrong,0
2,10,baseline,normal,abstain,abstain,9
2,10,baseline,exception,correct,correct,17
2,10,baseline,exception,correct,wrong,0
2,10,baseline,exception,correct,abstain,0
2,10,baseline,exception,wrong,correct,0
2,10,baseline,exception,wrong,wrong,11
2,10,baseline,exception,wrong,abstain,0
2,10,baseline,exception,abstain,correct,0
2,10,baseline,exception,abstain,wrong,0
2,10,baseline,exception,abstain,abstain,1
2,10,binary_e01,normal,correct,correct,138
2,10,binary_e01,normal,correct,wrong,1
2,10,binary_e01,normal,correct,abstain,0
2,10,binary_e01,normal,wrong,correct,0
2,10,binary_e01,normal,wrong,wrong,2
2,10,binary_e01,normal,wrong,abstain,2
2,10,binary_e01,normal,abstain,correct,0
2,10,binary_e01,normal,abstain,wrong,0
2,10,binary_e01,normal,abstain,abstain,9
2,10,binary_e01,exception,correct,correct,17
2,10,binary_e01,exception,correct,wrong,0
2,10,binary_e01,exception,correct,abstain,0
2,10,binary_e01,exception,wrong,correct,2
2,10,binary_e01,exception,wrong,wrong,6
2,10,binary_e01,exception,wrong,abstain,3
2,10,binary_e01,exception,abstain,correct,0
2,10,binary_e01,exception,abstain,wrong,0
2,10,binary_e01,exception,abstain,abstain,1
2,10,binary_e05,normal,correct,correct,138
2,10,binary_e05,normal,correct,wrong,1
2,10,binary_e05,normal,correct,abstain,0
2,10,binary_e05,normal,wrong,correct,0
2,10,binary_e05,normal,wrong,wrong,1
2,10,binary_e05,normal,wrong,abstain,3
2,10,binary_e05,normal,abstain,correct,0
2,10,binary_e05,normal,abstain,wrong,0
2,10,binary_e05,normal,abstain,abstain,9
2,10,binary_e05,exception,correct,correct,17
2,10,binary_e05,exception,correct,wrong,0
2,10,binary_e05,exception,correct,abstain,0
2,10,binary_e05,exception,wrong,correct,2
2,10,binary_e05,exception,wrong,wrong,5
2,10,binary_e05,exception,wrong,abstain,4
2,10,binary_e05,exception,abstain,correct,0
2,10,binary_e05,exception,abstain,wrong,0
2,10,binary_e05,exception,abstain,abstain,1
2,10,global_e01,normal,correct,correct,84
2,10,global_e01,normal,correct,wrong,3
2,10,global_e01,normal,correct,abstain,52
2,10,global_e01,normal,wrong,correct,0
2,10,global_e01,normal,wrong,wrong,2
2,10,global_e01,normal,wrong,abstain,2
2,10,global_e01,normal,abstain,correct,0
2,10,global_e01,normal,abstain,wrong,0
2,10,global_e01,normal,abstain,abstain,9
2,10,global_e01,exception,correct,correct,10
2,10,global_e01,exception,correct,wrong,3
2,10,global_e01,exception,correct,abstain,4
2,10,global_e01,exception,wrong,correct,1
2,10,global_e01,exception,wrong,wrong,7
2,10,global_e01,exception,wrong,abstain,3
2,10,global_e01,exception,abstain,correct,0
2,10,global_e01,exception,abstain,wrong,0
2,10,global_e01,exception,abstain,abstain,1
2,10,global_e05,normal,correct,correct,65
2,10,global_e05,normal,correct,wrong,13
2,10,global_e05,normal,correct,abstain,61
2,10,global_e05,normal,wrong,correct,0
2,10,global_e05,normal,wrong,wrong,2
2,10,global_e05,normal,wrong,abstain,2
2,10,global_e05,normal,abstain,correct,0
2,10,global_e05,normal,abstain,wrong,0
2,10,global_e05,normal,abstain,abstain,9
2,10,global_e05,exception,correct,correct,10
2,10,global_e05,exception,correct,wrong,3
2,10,global_e05,exception,correct,abstain,4
2,10,global_e05,exception,wrong,correct,2
2,10,global_e05,exception,wrong,wrong,6
2,10,global_e05,exception,wrong,abstain,3
2,10,global_e05,exception,abstain,correct,0
2,10,global_e05,exception,abstain,wrong,0
2,10,global_e05,exception,abstain,abstain,1
2,10,position_e01,normal,correct,correct,119
2,10,position_e01,normal,correct,wrong,1
2,10,position_e01,normal,correct,abstain,19
2,10,position_e01,normal,wrong,correct,0
2,10,position_e01,normal,wrong,wrong,2
2,10,position_e01,normal,wrong,abstain,2
2,10,position_e01,normal,abstain,correct,0
2,10,position_e01,normal,abstain,wrong,0
2,10,position_e01,normal,abstain,abstain,9
2,10,position_e01,exception,correct,correct,11
2,10,position_e01,exception,correct,wrong,0
2,10,position_e01,exception,correct,abstain,6
2,10,position_e01,exception,wrong,correct,3
2,10,position_e01,exception,wrong,wrong,4
2,10,position_e01,exception,wrong,abstain,4
2,10,position_e01,exception,abstain,correct,0
2,10,position_e01,exception,abstain,wrong,0
2,10,position_e01,exception,abstain,abstain,1
2,10,position_e05,normal,correct,correct,95
2,10,position_e05,normal,correct,wrong,4
2,10,position_e05,normal,correct,abstain,40
2,10,position_e05,normal,wrong,correct,0
2,10,position_e05,normal,wrong,wrong,2
2,10,position_e05,normal,wrong,abstain,2
2,10,position_e05,normal,abstain,correct,0
2,10,position_e05,normal,abstain,wrong,0
2,10,position_e05,normal,abstain,abstain,9
2,10,position_e05,exception,correct,correct,7
2,10,position_e05,exception,correct,wrong,3
2,10,position_e05,exception,correct,abstain,7
2,10,position_e05,exception,wrong,correct,3
2,10,position_e05,exception,wrong,wrong,3
2,10,position_e05,exception,wrong,abstain,5
2,10,position_e05,exception,abstain,correct,0
2,10,position_e05,exception,abstain,wrong,0
2,10,position_e05,exception,abstain,abstain,1
2,10,global_fixed1,normal,correct,correct,25
2,10,global_fixed1,normal,correct,wrong,24
2,10,global_fixed1,normal,correct,abstain,90
2,10,global_fixed1,normal,wrong,correct,0
2,10,global_fixed1,normal,wrong,wrong,1
2,10,global_fixed1,normal,wrong,abstain,3
2,10,global_fixed1,normal,abstain,correct,0
2,10,global_fixed1,normal,abstain,wrong,0
2,10,global_fixed1,normal,abstain,abstain,9
2,10,global_fixed1,exception,correct,correct,3
2,10,global_fixed1,exception,correct,wrong,3
2,10,global_fixed1,exception,correct,abstain,11
2,10,global_fixed1,exception,wrong,correct,3
2,10,global_fixed1,exception,wrong,wrong,2
2,10,global_fixed1,exception,wrong,abstain,6
2,10,global_fixed1,exception,abstain,correct,0
2,10,global_fixed1,exception,abstain,wrong,0
2,10,global_fixed1,exception,abstain,abstain,1
2,10,position_fixed1,normal,correct,correct,25
2,10,position_fixed1,normal,correct,wrong,24
2,10,position_fixed1,normal,correct,abstain,90
2,10,position_fixed1,normal,wrong,correct,0
2,10,position_fixed1,normal,wrong,wrong,1
2,10,position_fixed1,normal,wrong,abstain,3
2,10,position_fixed1,normal,abstain,correct,0
2,10,position_fixed1,normal,abstain,wrong,0
2,10,position_fixed1,normal,abstain,abstain,9
2,10,position_fixed1,exception,correct,correct,3
2,10,position_fixed1,exception,correct,wrong,3
2,10,position_fixed1,exception,correct,abstain,11
2,10,position_fixed1,exception,wrong,correct,3
2,10,position_fixed1,exception,wrong,wrong,2
2,10,position_fixed1,exception,wrong,abstain,6
2,10,position_fixed1,exception,abstain,correct,0
2,10,position_fixed1,exception,abstain,wrong,0
2,10,position_fixed1,exception,abstain,abstain,1
2,11,baseline,normal,correct,correct,108
2,11,baseline,normal,correct,wrong,0
2,11,baseline,normal,correct,abstain,0
2,11,baseline,normal,wrong,correct,0
2,11,baseline,normal,wrong,wrong,5
2,11,baseline,normal,wrong,abstain,0
2,11,baseline,normal,abstain,correct,0
2,11,baseline,normal,abstain,wrong,0
2,11,baseline,normal,abstain,abstain,7
2,11,baseline,exception,correct,correct,20
2,11,baseline,exception,correct,wrong,0
2,11,baseline,exception,correct,abstain,0
2,11,baseline,exception,wrong,correct,0
2,11,baseline,exception,wrong,wrong,10
2,11,baseline,exception,wrong,abstain,0
2,11,baseline,exception,abstain,correct,0
2,11,baseline,exception,abstain,wrong,0
2,11,baseline,exception,abstain,abstain,5
2,11,binary_e01,normal,correct,correct,107
2,11,binary_e01,normal,correct,wrong,0
2,11,binary_e01,normal,correct,abstain,1
2,11,binary_e01,normal,wrong,correct,0
2,11,binary_e01,normal,wrong,wrong,4
2,11,binary_e01,normal,wrong,abstain,1
2,11,binary_e01,normal,abstain,correct,0
2,11,binary_e01,normal,abstain,wrong,0
2,11,binary_e01,normal,abstain,abstain,7
2,11,binary_e01,exception,correct,correct,20
2,11,binary_e01,exception,correct,wrong,0
2,11,binary_e01,exception,correct,abstain,0
2,11,binary_e01,exception,wrong,correct,1
2,11,binary_e01,exception,wrong,wrong,8
2,11,binary_e01,exception,wrong,abstain,1
2,11,binary_e01,exception,abstain,correct,0
2,11,binary_e01,exception,abstain,wrong,0
2,11,binary_e01,exception,abstain,abstain,5
2,11,binary_e05,normal,correct,correct,107
2,11,binary_e05,normal,correct,wrong,0
2,11,binary_e05,normal,correct,abstain,1
2,11,binary_e05,normal,wrong,correct,1
2,11,binary_e05,normal,wrong,wrong,3
2,11,binary_e05,normal,wrong,abstain,1
2,11,binary_e05,normal,abstain,correct,0
2,11,binary_e05,normal,abstain,wrong,1
2,11,binary_e05,normal,abstain,abstain,6
2,11,binary_e05,exception,correct,correct,20
2,11,binary_e05,exception,correct,wrong,0
2,11,binary_e05,exception,correct,abstain,0
2,11,binary_e05,exception,wrong,correct,1
2,11,binary_e05,exception,wrong,wrong,8
2,11,binary_e05,exception,wrong,abstain,1
2,11,binary_e05,exception,abstain,correct,0
2,11,binary_e05,exception,abstain,wrong,0
2,11,binary_e05,exception,abstain,abstain,5
2,11,global_e01,normal,correct,correct,69
2,11,global_e01,normal,correct,wrong,15
2,11,global_e01,normal,correct,abstain,24
2,11,global_e01,normal,wrong,correct,1
2,11,global_e01,normal,wrong,wrong,3
2,11,global_e01,normal,wrong,abstain,1
2,11,global_e01,normal,abstain,correct,2
2,11,global_e01,normal,abstain,wrong,1
2,11,global_e01,normal,abstain,abstain,4
2,11,global_e01,exception,correct,correct,12
2,11,global_e01,exception,correct,wrong,3
2,11,global_e01,exception,correct,abstain,5
2,11,global_e01,exception,wrong,correct,4
2,11,global_e01,exception,wrong,wrong,3
2,11,global_e01,exception,wrong,abstain,3
2,11,global_e01,exception,abstain,correct,0
2,11,global_e01,exception,abstain,wrong,1
2,11,global_e01,exception,abstain,abstain,4
2,11,global_e05,normal,correct,correct,58
2,11,global_e05,normal,correct,wrong,14
2,11,global_e05,normal,correct,abstain,36
2,11,global_e05,normal,wrong,correct,1
2,11,global_e05,normal,wrong,wrong,3
2,11,global_e05,normal,wrong,abstain,1
2,11,global_e05,normal,abstain,correct,1
2,11,global_e05,normal,abstain,wrong,1
2,11,global_e05,normal,abstain,abstain,5
2,11,global_e05,exception,correct,correct,11
2,11,global_e05,exception,correct,wrong,2
2,11,global_e05,exception,correct,abstain,7
2,11,global_e05,exception,wrong,correct,3
2,11,global_e05,exception,wrong,wrong,6
2,11,global_e05,exception,wrong,abstain,1
2,11,global_e05,exception,abstain,correct,0
2,11,global_e05,exception,abstain,wrong,1
2,11,global_e05,exception,abstain,abstain,4
2,11,position_e01,normal,correct,correct,88
2,11,position_e01,normal,correct,wrong,13
2,11,position_e01,normal,correct,abstain,7
2,11,position_e01,normal,wrong,correct,0
2,11,position_e01,normal,wrong,wrong,4
2,11,position_e01,normal,wrong,abstain,1
2,11,position_e01,normal,abstain,correct,2
2,11,position_e01,normal,abstain,wrong,0
2,11,position_e01,normal,abstain,abstain,5
2,11,position_e01,exception,correct,correct,16
2,11,position_e01,exception,correct,wrong,3
2,11,position_e01,exception,correct,abstain,1
2,11,position_e01,exception,wrong,correct,5
2,11,position_e01,exception,wrong,wrong,2
2,11,position_e01,exception,wrong,abstain,3
2,11,position_e01,exception,abstain,correct,0
2,11,position_e01,exception,abstain,wrong,1
2,11,position_e01,exception,abstain,abstain,4
2,11,position_e05,normal,correct,correct,76
2,11,position_e05,normal,correct,wrong,12
2,11,position_e05,normal,correct,abstain,20
2,11,position_e05,normal,wrong,correct,1
2,11,position_e05,normal,wrong,wrong,3
2,11,position_e05,normal,wrong,abstain,1
2,11,position_e05,normal,abstain,correct,2
2,11,position_e05,normal,abstain,wrong,1
2,11,position_e05,normal,abstain,abstain,4
2,11,position_e05,exception,correct,correct,11
2,11,position_e05,exception,correct,wrong,3
2,11,position_e05,exception,correct,abstain,6
2,11,position_e05,exception,wrong,correct,4
2,11,position_e05,exception,wrong,wrong,2
2,11,position_e05,exception,wrong,abstain,4
2,11,position_e05,exception,abstain,correct,1
2,11,position_e05,exception,abstain,wrong,1
2,11,position_e05,exception,abstain,abstain,3
2,11,global_fixed1,normal,correct,correct,13
2,11,global_fixed1,normal,correct,wrong,22
2,11,global_fixed1,normal,correct,abstain,73
2,11,global_fixed1,normal,wrong,correct,1
2,11,global_fixed1,normal,wrong,wrong,3
2,11,global_fixed1,normal,wrong,abstain,1
2,11,global_fixed1,normal,abstain,correct,0
2,11,global_fixed1,normal,abstain,wrong,1
2,11,global_fixed1,normal,abstain,abstain,6
2,11,global_fixed1,exception,correct,correct,5
2,11,global_fixed1,exception,correct,wrong,3
2,11,global_fixed1,exception,correct,abstain,12
2,11,global_fixed1,exception,wrong,correct,5
2,11,global_fixed1,exception,wrong,wrong,1
2,11,global_fixed1,exception,wrong,abstain,4
2,11,global_fixed1,exception,abstain,correct,1
2,11,global_fixed1,exception,abstain,wrong,1
2,11,global_fixed1,exception,abstain,abstain,3
2,11,position_fixed1,normal,correct,correct,13
2,11,position_fixed1,normal,correct,wrong,22
2,11,position_fixed1,normal,correct,abstain,73
2,11,position_fixed1,normal,wrong,correct,1
2,11,position_fixed1,normal,wrong,wrong,3
2,11,position_fixed1,normal,wrong,abstain,1
2,11,position_fixed1,normal,abstain,correct,0
2,11,position_fixed1,normal,abstain,wrong,1
2,11,position_fixed1,normal,abstain,abstain,6
2,11,position_fixed1,exception,correct,correct,5
2,11,position_fixed1,exception,correct,wrong,3
2,11,position_fixed1,exception,correct,abstain,12
2,11,position_fixed1,exception,wrong,correct,5
2,11,position_fixed1,exception,wrong,wrong,1
2,11,position_fixed1,exception,wrong,abstain,4
2,11,position_fixed1,exception,abstain,correct,1
2,11,position_fixed1,exception,abstain,wrong,1
2,11,position_fixed1,exception,abstain,abstain,3
2,12,baseline,normal,correct,correct,115
2,12,baseline,normal,correct,wrong,0
2,12,baseline,normal,correct,abstain,0
2,12,baseline,normal,wrong,correct,0
2,12,baseline,normal,wrong,wrong,6
2,12,baseline,normal,wrong,abstain,0
2,12,baseline,normal,abstain,correct,0
2,12,baseline,normal,abstain,wrong,0
2,12,baseline,normal,abstain,abstain,9
2,12,baseline,exception,correct,correct,21
2,12,baseline,exception,correct,wrong,0
2,12,baseline,exception,correct,abstain,0
2,12,baseline,exception,wrong,correct,0
2,12,baseline,exception,wrong,wrong,6
2,12,baseline,exception,wrong,abstain,0
2,12,baseline,exception,abstain,correct,0
2,12,baseline,exception,abstain,wrong,0
2,12,baseline,exception,abstain,abstain,4
2,12,binary_e01,normal,correct,correct,115
2,12,binary_e01,normal,correct,wrong,0
2,12,binary_e01,normal,correct,abstain,0
2,12,binary_e01,normal,wrong,correct,2
2,12,binary_e01,normal,wrong,wrong,1
2,12,binary_e01,normal,wrong,abstain,3
2,12,binary_e01,normal,abstain,correct,0
2,12,binary_e01,normal,abstain,wrong,0
2,12,binary_e01,normal,abstain,abstain,9
2,12,binary_e01,exception,correct,correct,21
2,12,binary_e01,exception,correct,wrong,0
2,12,binary_e01,exception,correct,abstain,0
2,12,binary_e01,exception,wrong,correct,1
2,12,binary_e01,exception,wrong,wrong,2
2,12,binary_e01,exception,wrong,abstain,3
2,12,binary_e01,exception,abstain,correct,0
2,12,binary_e01,exception,abstain,wrong,0
2,12,binary_e01,exception,abstain,abstain,4
2,12,binary_e05,normal,correct,correct,115
2,12,binary_e05,normal,correct,wrong,0
2,12,binary_e05,normal,correct,abstain,0
2,12,binary_e05,normal,wrong,correct,2
2,12,binary_e05,normal,wrong,wrong,0
2,12,binary_e05,normal,wrong,abstain,4
2,12,binary_e05,normal,abstain,correct,0
2,12,binary_e05,normal,abstain,wrong,0
2,12,binary_e05,normal,abstain,abstain,9
2,12,binary_e05,exception,correct,correct,21
2,12,binary_e05,exception,correct,wrong,0
2,12,binary_e05,exception,correct,abstain,0
2,12,binary_e05,exception,wrong,correct,1
2,12,binary_e05,exception,wrong,wrong,2
2,12,binary_e05,exception,wrong,abstain,3
2,12,binary_e05,exception,abstain,correct,0
2,12,binary_e05,exception,abstain,wrong,0
2,12,binary_e05,exception,abstain,abstain,4
2,12,global_e01,normal,correct,correct,54
2,12,global_e01,normal,correct,wrong,9
2,12,global_e01,normal,correct,abstain,52
2,12,global_e01,normal,wrong,correct,2
2,12,global_e01,normal,wrong,wrong,0
2,12,global_e01,normal,wrong,abstain,4
2,12,global_e01,normal,abstain,correct,3
2,12,global_e01,normal,abstain,wrong,0
2,12,global_e01,normal,abstain,abstain,6
2,12,global_e01,exception,correct,correct,8
2,12,global_e01,exception,correct,wrong,0
2,12,global_e01,exception,correct,abstain,13
2,12,global_e01,exception,wrong,correct,2
2,12,global_e01,exception,wrong,wrong,2
2,12,global_e01,exception,wrong,abstain,2
2,12,global_e01,exception,abstain,correct,2
2,12,global_e01,exception,abstain,wrong,1
2,12,global_e01,exception,abstain,abstain,1
2,12,global_e05,normal,correct,correct,55
2,12,global_e05,normal,correct,wrong,3
2,12,global_e05,normal,correct,abstain,57
2,12,global_e05,normal,wrong,correct,2
2,12,global_e05,normal,wrong,wrong,0
2,12,global_e05,normal,wrong,abstain,4
2,12,global_e05,normal,abstain,correct,3
2,12,global_e05,normal,abstain,wrong,0
2,12,global_e05,normal,abstain,abstain,6
2,12,global_e05,exception,correct,correct,6
2,12,global_e05,exception,correct,wrong,1
2,12,global_e05,exception,correct,abstain,14
2,12,global_e05,exception,wrong,correct,0
2,12,global_e05,exception,wrong,wrong,2
2,12,global_e05,exception,wrong,abstain,4
2,12,global_e05,exception,abstain,correct,1
2,12,global_e05,exception,abstain,wrong,1
2,12,global_e05,exception,abstain,abstain,2
2,12,position_e01,normal,correct,correct,78
2,12,position_e01,normal,correct,wrong,9
2,12,position_e01,normal,correct,abstain,28
2,12,position_e01,normal,wrong,correct,2
2,12,position_e01,normal,wrong,wrong,0
2,12,position_e01,normal,wrong,abstain,4
2,12,position_e01,normal,abstain,correct,3
2,12,position_e01,normal,abstain,wrong,0
2,12,position_e01,normal,abstain,abstain,6
2,12,position_e01,exception,correct,correct,14
2,12,position_e01,exception,correct,wrong,0
2,12,position_e01,exception,correct,abstain,7
2,12,position_e01,exception,wrong,correct,2
2,12,position_e01,exception,wrong,wrong,0
2,12,position_e01,exception,wrong,abstain,4
2,12,position_e01,exception,abstain,correct,2
2,12,position_e01,exception,abstain,wrong,1
2,12,position_e01,exception,abstain,abstain,1
2,12,position_e05,normal,correct,correct,63
2,12,position_e05,normal,correct,wrong,9
2,12,position_e05,normal,correct,abstain,43
2,12,position_e05,normal,wrong,correct,2
2,12,position_e05,normal,wrong,wrong,0
2,12,position_e05,normal,wrong,abstain,4
2,12,position_e05,normal,abstain,correct,3
2,12,position_e05,normal,abstain,wrong,0
2,12,position_e05,normal,abstain,abstain,6
2,12,position_e05,exception,correct,correct,7
2,12,position_e05,exception,correct,wrong,0
2,12,position_e05,exception,correct,abstain,14
2,12,position_e05,exception,wrong,correct,2
2,12,position_e05,exception,wrong,wrong,0
2,12,position_e05,exception,wrong,abstain,4
2,12,position_e05,exception,abstain,correct,2
2,12,position_e05,exception,abstain,wrong,1
2,12,position_e05,exception,abstain,abstain,1
2,12,global_fixed1,normal,correct,correct,21
2,12,global_fixed1,normal,correct,wrong,9
2,12,global_fixed1,normal,correct,abstain,85
2,12,global_fixed1,normal,wrong,correct,2
2,12,global_fixed1,normal,wrong,wrong,0
2,12,global_fixed1,normal,wrong,abstain,4
2,12,global_fixed1,normal,abstain,correct,3
2,12,global_fixed1,normal,abstain,wrong,0
2,12,global_fixed1,normal,abstain,abstain,6
2,12,global_fixed1,exception,correct,correct,2
2,12,global_fixed1,exception,correct,wrong,4
2,12,global_fixed1,exception,correct,abstain,15
2,12,global_fixed1,exception,wrong,correct,1
2,12,global_fixed1,exception,wrong,wrong,1
2,12,global_fixed1,exception,wrong,abstain,4
2,12,global_fixed1,exception,abstain,correct,2
2,12,global_fixed1,exception,abstain,wrong,1
2,12,global_fixed1,exception,abstain,abstain,1
2,12,position_fixed1,normal,correct,correct,21
2,12,position_fixed1,normal,correct,wrong,9
2,12,position_fixed1,normal,correct,abstain,85
2,12,position_fixed1,normal,wrong,correct,2
2,12,position_fixed1,normal,wrong,wrong,0
2,12,position_fixed1,normal,wrong,abstain,4
2,12,position_fixed1,normal,abstain,correct,3
2,12,position_fixed1,normal,abstain,wrong,0
2,12,position_fixed1,normal,abstain,abstain,6
2,12,position_fixed1,exception,correct,correct,2
2,12,position_fixed1,exception,correct,wrong,4
2,12,position_fixed1,exception,correct,abstain,15
2,12,position_fixed1,exception,wrong,correct,1
2,12,position_fixed1,exception,wrong,wrong,1
2,12,position_fixed1,exception,wrong,abstain,4
2,12,position_fixed1,exception,abstain,correct,2
2,12,position_fixed1,exception,abstain,wrong,1
2,12,position_fixed1,exception,abstain,abstain,1
2,13,baseline,normal,correct,correct,111
2,13,baseline,normal,correct,wrong,0
2,13,baseline,normal,correct,abstain,0
2,13,baseline,normal,wrong,correct,0
2,13,baseline,normal,wrong,wrong,3
2,13,baseline,normal,wrong,abstain,0
2,13,baseline,normal,abstain,correct,0
2,13,baseline,normal,abstain,wrong,0
2,13,baseline,normal,abstain,abstain,17
2,13,baseline,exception,correct,correct,20
2,13,baseline,exception,correct,wrong,0
2,13,baseline,exception,correct,abstain,0
2,13,baseline,exception,wrong,correct,0
2,13,baseline,exception,wrong,wrong,13
2,13,baseline,exception,wrong,abstain,0
2,13,baseline,exception,abstain,correct,0
2,13,baseline,exception,abstain,wrong,0
2,13,baseline,exception,abstain,abstain,1
2,13,binary_e01,normal,correct,correct,111
2,13,binary_e01,normal,correct,wrong,0
2,13,binary_e01,normal,correct,abstain,0
2,13,binary_e01,normal,wrong,correct,1
2,13,binary_e01,normal,wrong,wrong,1
2,13,binary_e01,normal,wrong,abstain,1
2,13,binary_e01,normal,abstain,correct,0
2,13,binary_e01,normal,abstain,wrong,0
2,13,binary_e01,normal,abstain,abstain,17
2,13,binary_e01,exception,correct,correct,20
2,13,binary_e01,exception,correct,wrong,0
2,13,binary_e01,exception,correct,abstain,0
2,13,binary_e01,exception,wrong,correct,1
2,13,binary_e01,exception,wrong,wrong,10
2,13,binary_e01,exception,wrong,abstain,2
2,13,binary_e01,exception,abstain,correct,0
2,13,binary_e01,exception,abstain,wrong,0
2,13,binary_e01,exception,abstain,abstain,1
2,13,binary_e05,normal,correct,correct,111
2,13,binary_e05,normal,correct,wrong,0
2,13,binary_e05,normal,correct,abstain,0
2,13,binary_e05,normal,wrong,correct,1
2,13,binary_e05,normal,wrong,wrong,1
2,13,binary_e05,normal,wrong,abstain,1
2,13,binary_e05,normal,abstain,correct,0
2,13,binary_e05,normal,abstain,wrong,0
2,13,binary_e05,normal,abstain,abstain,17
2,13,binary_e05,exception,correct,correct,20
2,13,binary_e05,exception,correct,wrong,0
2,13,binary_e05,exception,correct,abstain,0
2,13,binary_e05,exception,wrong,correct,1
2,13,binary_e05,exception,wrong,wrong,10
2,13,binary_e05,exception,wrong,abstain,2
2,13,binary_e05,exception,abstain,correct,0
2,13,binary_e05,exception,abstain,wrong,0
2,13,binary_e05,exception,abstain,abstain,1
2,13,global_e01,normal,correct,correct,40
2,13,global_e01,normal,correct,wrong,11
2,13,global_e01,normal,correct,abstain,60
2,13,global_e01,normal,wrong,correct,1
2,13,global_e01,normal,wrong,wrong,1
2,13,global_e01,normal,wrong,abstain,1
2,13,global_e01,normal,abstain,correct,2
2,13,global_e01,normal,abstain,wrong,0
2,13,global_e01,normal,abstain,abstain,15
2,13,global_e01,exception,correct,correct,8
2,13,global_e01,exception,correct,wrong,4
2,13,global_e01,exception,correct,abstain,8
2,13,global_e01,exception,wrong,correct,6
2,13,global_e01,exception,wrong,wrong,4
2,13,global_e01,exception,wrong,abstain,3
2,13,global_e01,exception,abstain,correct,0
2,13,global_e01,exception,abstain,wrong,0
2,13,global_e01,exception,abstain,abstain,1
2,13,global_e05,normal,correct,correct,41
2,13,global_e05,normal,correct,wrong,12
2,13,global_e05,normal,correct,abstain,58
2,13,global_e05,normal,wrong,correct,1
2,13,global_e05,normal,wrong,wrong,1
2,13,global_e05,normal,wrong,abstain,1
2,13,global_e05,normal,abstain,correct,2
2,13,global_e05,normal,abstain,wrong,0
2,13,global_e05,normal,abstain,abstain,15
2,13,global_e05,exception,correct,correct,9
2,13,global_e05,exception,correct,wrong,4
2,13,global_e05,exception,correct,abstain,7
2,13,global_e05,exception,wrong,correct,6
2,13,global_e05,exception,wrong,wrong,4
2,13,global_e05,exception,wrong,abstain,3
2,13,global_e05,exception,abstain,correct,0
2,13,global_e05,exception,abstain,wrong,0
2,13,global_e05,exception,abstain,abstain,1
2,13,position_e01,normal,correct,correct,63
2,13,position_e01,normal,correct,wrong,9
2,13,position_e01,normal,correct,abstain,39
2,13,position_e01,normal,wrong,correct,1
2,13,position_e01,normal,wrong,wrong,1
2,13,position_e01,normal,wrong,abstain,1
2,13,position_e01,normal,abstain,correct,2
2,13,position_e01,normal,abstain,wrong,0
2,13,position_e01,normal,abstain,abstain,15
2,13,position_e01,exception,correct,correct,8
2,13,position_e01,exception,correct,wrong,3
2,13,position_e01,exception,correct,abstain,9
2,13,position_e01,exception,wrong,correct,6
2,13,position_e01,exception,wrong,wrong,4
2,13,position_e01,exception,wrong,abstain,3
2,13,position_e01,exception,abstain,correct,0
2,13,position_e01,exception,abstain,wrong,0
2,13,position_e01,exception,abstain,abstain,1
2,13,position_e05,normal,correct,correct,56
2,13,position_e05,normal,correct,wrong,11
2,13,position_e05,normal,correct,abstain,44
2,13,position_e05,normal,wrong,correct,1
2,13,position_e05,normal,wrong,wrong,1
2,13,position_e05,normal,wrong,abstain,1
2,13,position_e05,normal,abstain,correct,4
2,13,position_e05,normal,abstain,wrong,0
2,13,position_e05,normal,abstain,abstain,13
2,13,position_e05,exception,correct,correct,6
2,13,position_e05,exception,correct,wrong,4
2,13,position_e05,exception,correct,abstain,10
2,13,position_e05,exception,wrong,correct,5
2,13,position_e05,exception,wrong,wrong,5
2,13,position_e05,exception,wrong,abstain,3
2,13,position_e05,exception,abstain,correct,0
2,13,position_e05,exception,abstain,wrong,0
2,13,position_e05,exception,abstain,abstain,1
2,13,global_fixed1,normal,correct,correct,15
2,13,global_fixed1,normal,correct,wrong,15
2,13,global_fixed1,normal,correct,abstain,81
2,13,global_fixed1,normal,wrong,correct,1
2,13,global_fixed1,normal,wrong,wrong,1
2,13,global_fixed1,normal,wrong,abstain,1
2,13,global_fixed1,normal,abstain,correct,2
2,13,global_fixed1,normal,abstain,wrong,0
2,13,global_fixed1,normal,abstain,abstain,15
2,13,global_fixed1,exception,correct,correct,6
2,13,global_fixed1,exception,correct,wrong,4
2,13,global_fixed1,exception,correct,abstain,10
2,13,global_fixed1,exception,wrong,correct,5
2,13,global_fixed1,exception,wrong,wrong,5
2,13,global_fixed1,exception,wrong,abstain,3
2,13,global_fixed1,exception,abstain,correct,0
2,13,global_fixed1,exception,abstain,wrong,0
2,13,global_fixed1,exception,abstain,abstain,1
2,13,position_fixed1,normal,correct,correct,15
2,13,position_fixed1,normal,correct,wrong,15
2,13,position_fixed1,normal,correct,abstain,81
2,13,position_fixed1,normal,wrong,correct,1
2,13,position_fixed1,normal,wrong,wrong,1
2,13,position_fixed1,normal,wrong,abstain,1
2,13,position_fixed1,normal,abstain,correct,2
2,13,position_fixed1,normal,abstain,wrong,0
2,13,position_fixed1,normal,abstain,abstain,15
2,13,position_fixed1,exception,correct,correct,6
2,13,position_fixed1,exception,correct,wrong,4
2,13,position_fixed1,exception,correct,abstain,10
2,13,position_fixed1,exception,wrong,correct,5
2,13,position_fixed1,exception,wrong,wrong,5
2,13,position_fixed1,exception,wrong,abstain,3
2,13,position_fixed1,exception,abstain,correct,0
2,13,position_fixed1,exception,abstain,wrong,0
2,13,position_fixed1,exception,abstain,abstain,1
2,14,baseline,normal,correct,correct,117
2,14,baseline,normal,correct,wrong,0
2,14,baseline,normal,correct,abstain,0
2,14,baseline,normal,wrong,correct,0
2,14,baseline,normal,wrong,wrong,8
2,14,baseline,normal,wrong,abstain,0
2,14,baseline,normal,abstain,correct,0
2,14,baseline,normal,abstain,wrong,0
2,14,baseline,normal,abstain,abstain,4
2,14,baseline,exception,correct,correct,20
2,14,baseline,exception,correct,wrong,0
2,14,baseline,exception,correct,abstain,0
2,14,baseline,exception,wrong,correct,0
2,14,baseline,exception,wrong,wrong,11
2,14,baseline,exception,wrong,abstain,0
2,14,baseline,exception,abstain,correct,0
2,14,baseline,exception,abstain,wrong,0
2,14,baseline,exception,abstain,abstain,1
2,14,binary_e01,normal,correct,correct,117
2,14,binary_e01,normal,correct,wrong,0
2,14,binary_e01,normal,correct,abstain,0
2,14,binary_e01,normal,wrong,correct,1
2,14,binary_e01,normal,wrong,wrong,0
2,14,binary_e01,normal,wrong,abstain,7
2,14,binary_e01,normal,abstain,correct,0
2,14,binary_e01,normal,abstain,wrong,0
2,14,binary_e01,normal,abstain,abstain,4
2,14,binary_e01,exception,correct,correct,20
2,14,binary_e01,exception,correct,wrong,0
2,14,binary_e01,exception,correct,abstain,0
2,14,binary_e01,exception,wrong,correct,2
2,14,binary_e01,exception,wrong,wrong,9
2,14,binary_e01,exception,wrong,abstain,0
2,14,binary_e01,exception,abstain,correct,0
2,14,binary_e01,exception,abstain,wrong,0
2,14,binary_e01,exception,abstain,abstain,1
2,14,binary_e05,normal,correct,correct,117
2,14,binary_e05,normal,correct,wrong,0
2,14,binary_e05,normal,correct,abstain,0
2,14,binary_e05,normal,wrong,correct,1
2,14,binary_e05,normal,wrong,wrong,0
2,14,binary_e05,normal,wrong,abstain,7
2,14,binary_e05,normal,abstain,correct,0
2,14,binary_e05,normal,abstain,wrong,0
2,14,binary_e05,normal,abstain,abstain,4
2,14,binary_e05,exception,correct,correct,20
2,14,binary_e05,exception,correct,wrong,0
2,14,binary_e05,exception,correct,abstain,0
2,14,binary_e05,exception,wrong,correct,3
2,14,binary_e05,exception,wrong,wrong,7
2,14,binary_e05,exception,wrong,abstain,1
2,14,binary_e05,exception,abstain,correct,0
2,14,binary_e05,exception,abstain,wrong,0
2,14,binary_e05,exception,abstain,abstain,1
2,14,global_e01,normal,correct,correct,50
2,14,global_e01,normal,correct,wrong,4
2,14,global_e01,normal,correct,abstain,63
2,14,global_e01,normal,wrong,correct,1
2,14,global_e01,normal,wrong,wrong,1
2,14,global_e01,normal,wrong,abstain,6
2,14,global_e01,normal,abstain,correct,0
2,14,global_e01,normal,abstain,wrong,0
2,14,global_e01,normal,abstain,abstain,4
2,14,global_e01,exception,correct,correct,5
2,14,global_e01,exception,correct,wrong,2
2,14,global_e01,exception,correct,abstain,13
2,14,global_e01,exception,wrong,correct,5
2,14,global_e01,exception,wrong,wrong,2
2,14,global_e01,exception,wrong,abstain,4
2,14,global_e01,exception,abstain,correct,0
2,14,global_e01,exception,abstain,wrong,0
2,14,global_e01,exception,abstain,abstain,1
2,14,global_e05,normal,correct,correct,46
2,14,global_e05,normal,correct,wrong,5
2,14,global_e05,normal,correct,abstain,66
2,14,global_e05,normal,wrong,correct,1
2,14,global_e05,normal,wrong,wrong,1
2,14,global_e05,normal,wrong,abstain,6
2,14,global_e05,normal,abstain,correct,0
2,14,global_e05,normal,abstain,wrong,0
2,14,global_e05,normal,abstain,abstain,4
2,14,global_e05,exception,correct,correct,5
2,14,global_e05,exception,correct,wrong,2
2,14,global_e05,exception,correct,abstain,13
2,14,global_e05,exception,wrong,correct,6
2,14,global_e05,exception,wrong,wrong,1
2,14,global_e05,exception,wrong,abstain,4
2,14,global_e05,exception,abstain,correct,0
2,14,global_e05,exception,abstain,wrong,0
2,14,global_e05,exception,abstain,abstain,1
2,14,position_e01,normal,correct,correct,76
2,14,position_e01,normal,correct,wrong,2
2,14,position_e01,normal,correct,abstain,39
2,14,position_e01,normal,wrong,correct,1
2,14,position_e01,normal,wrong,wrong,0
2,14,position_e01,normal,wrong,abstain,7
2,14,position_e01,normal,abstain,correct,0
2,14,position_e01,normal,abstain,wrong,0
2,14,position_e01,normal,abstain,abstain,4
2,14,position_e01,exception,correct,correct,8
2,14,position_e01,exception,correct,wrong,1
2,14,position_e01,exception,correct,abstain,11
2,14,position_e01,exception,wrong,correct,5
2,14,position_e01,exception,wrong,wrong,2
2,14,position_e01,exception,wrong,abstain,4
2,14,position_e01,exception,abstain,correct,0
2,14,position_e01,exception,abstain,wrong,0
2,14,position_e01,exception,abstain,abstain,1
2,14,position_e05,normal,correct,correct,68
2,14,position_e05,normal,correct,wrong,3
2,14,position_e05,normal,correct,abstain,46
2,14,position_e05,normal,wrong,correct,1
2,14,position_e05,normal,wrong,wrong,0
2,14,position_e05,normal,wrong,abstain,7
2,14,position_e05,normal,abstain,correct,0
2,14,position_e05,normal,abstain,wrong,0
2,14,position_e05,normal,abstain,abstain,4
2,14,position_e05,exception,correct,correct,5
2,14,position_e05,exception,correct,wrong,2
2,14,position_e05,exception,correct,abstain,13
2,14,position_e05,exception,wrong,correct,6
2,14,position_e05,exception,wrong,wrong,1
2,14,position_e05,exception,wrong,abstain,4
2,14,position_e05,exception,abstain,correct,0
2,14,position_e05,exception,abstain,wrong,0
2,14,position_e05,exception,abstain,abstain,1
2,14,global_fixed1,normal,correct,correct,25
2,14,global_fixed1,normal,correct,wrong,10
2,14,global_fixed1,normal,correct,abstain,82
2,14,global_fixed1,normal,wrong,correct,1
2,14,global_fixed1,normal,wrong,wrong,0
2,14,global_fixed1,normal,wrong,abstain,7
2,14,global_fixed1,normal,abstain,correct,0
2,14,global_fixed1,normal,abstain,wrong,0
2,14,global_fixed1,normal,abstain,abstain,4
2,14,global_fixed1,exception,correct,correct,5
2,14,global_fixed1,exception,correct,wrong,2
2,14,global_fixed1,exception,correct,abstain,13
2,14,global_fixed1,exception,wrong,correct,6
2,14,global_fixed1,exception,wrong,wrong,0
2,14,global_fixed1,exception,wrong,abstain,5
2,14,global_fixed1,exception,abstain,correct,0
2,14,global_fixed1,exception,abstain,wrong,0
2,14,global_fixed1,exception,abstain,abstain,1
2,14,position_fixed1,normal,correct,correct,25
2,14,position_fixed1,normal,correct,wrong,10
2,14,position_fixed1,normal,correct,abstain,82
2,14,position_fixed1,normal,wrong,correct,1
2,14,position_fixed1,normal,wrong,wrong,0
2,14,position_fixed1,normal,wrong,abstain,7
2,14,position_fixed1,normal,abstain,correct,0
2,14,position_fixed1,normal,abstain,wrong,0
2,14,position_fixed1,normal,abstain,abstain,4
2,14,position_fixed1,exception,correct,correct,5
2,14,position_fixed1,exception,correct,wrong,2
2,14,position_fixed1,exception,correct,abstain,13
2,14,position_fixed1,exception,wrong,correct,6
2,14,position_fixed1,exception,wrong,wrong,0
2,14,position_fixed1,exception,wrong,abstain,5
2,14,position_fixed1,exception,abstain,correct,0
2,14,position_fixed1,exception,abstain,wrong,0
2,14,position_fixed1,exception,abstain,abstain,1
2,15,baseline,normal,correct,correct,114
2,15,baseline,normal,correct,wrong,0
2,15,baseline,normal,correct,abstain,0
2,15,baseline,normal,wrong,correct,0
2,15,baseline,normal,wrong,wrong,4
2,15,baseline,normal,wrong,abstain,0
2,15,baseline,normal,abstain,correct,0
2,15,baseline,normal,abstain,wrong,0
2,15,baseline,normal,abstain,abstain,6
2,15,baseline,exception,correct,correct,17
2,15,baseline,exception,correct,wrong,0
2,15,baseline,exception,correct,abstain,0
2,15,baseline,exception,wrong,correct,0
2,15,baseline,exception,wrong,wrong,6
2,15,baseline,exception,wrong,abstain,0
2,15,baseline,exception,abstain,correct,0
2,15,baseline,exception,abstain,wrong,0
2,15,baseline,exception,abstain,abstain,2
2,15,binary_e01,normal,correct,correct,114
2,15,binary_e01,normal,correct,wrong,0
2,15,binary_e01,normal,correct,abstain,0
2,15,binary_e01,normal,wrong,correct,0
2,15,binary_e01,normal,wrong,wrong,0
2,15,binary_e01,normal,wrong,abstain,4
2,15,binary_e01,normal,abstain,correct,0
2,15,binary_e01,normal,abstain,wrong,0
2,15,binary_e01,normal,abstain,abstain,6
2,15,binary_e01,exception,correct,correct,17
2,15,binary_e01,exception,correct,wrong,0
2,15,binary_e01,exception,correct,abstain,0
2,15,binary_e01,exception,wrong,correct,1
2,15,binary_e01,exception,wrong,wrong,4
2,15,binary_e01,exception,wrong,abstain,1
2,15,binary_e01,exception,abstain,correct,0
2,15,binary_e01,exception,abstain,wrong,0
2,15,binary_e01,exception,abstain,abstain,2
2,15,binary_e05,normal,correct,correct,114
2,15,binary_e05,normal,correct,wrong,0
2,15,binary_e05,normal,correct,abstain,0
2,15,binary_e05,normal,wrong,correct,0
2,15,binary_e05,normal,wrong,wrong,0
2,15,binary_e05,normal,wrong,abstain,4
2,15,binary_e05,normal,abstain,correct,0
2,15,binary_e05,normal,abstain,wrong,0
2,15,binary_e05,normal,abstain,abstain,6
2,15,binary_e05,exception,correct,correct,17
2,15,binary_e05,exception,correct,wrong,0
2,15,binary_e05,exception,correct,abstain,0
2,15,binary_e05,exception,wrong,correct,2
2,15,binary_e05,exception,wrong,wrong,3
2,15,binary_e05,exception,wrong,abstain,1
2,15,binary_e05,exception,abstain,correct,0
2,15,binary_e05,exception,abstain,wrong,0
2,15,binary_e05,exception,abstain,abstain,2
2,15,global_e01,normal,correct,correct,44
2,15,global_e01,normal,correct,wrong,12
2,15,global_e01,normal,correct,abstain,58
2,15,global_e01,normal,wrong,correct,0
2,15,global_e01,normal,wrong,wrong,0
2,15,global_e01,normal,wrong,abstain,4
2,15,global_e01,normal,abstain,correct,0
2,15,global_e01,normal,abstain,wrong,3
2,15,global_e01,normal,abstain,abstain,3
2,15,global_e01,exception,correct,correct,10
2,15,global_e01,exception,correct,wrong,3
2,15,global_e01,exception,correct,abstain,4
2,15,global_e01,exception,wrong,correct,3
2,15,global_e01,exception,wrong,wrong,2
2,15,global_e01,exception,wrong,abstain,1
2,15,global_e01,exception,abstain,correct,1
2,15,global_e01,exception,abstain,wrong,0
2,15,global_e01,exception,abstain,abstain,1
2,15,global_e05,normal,correct,correct,50
2,15,global_e05,normal,correct,wrong,9
2,15,global_e05,normal,correct,abstain,55
2,15,global_e05,normal,wrong,correct,0
2,15,global_e05,normal,wrong,wrong,0
2,15,global_e05,normal,wrong,abstain,4
2,15,global_e05,normal,abstain,correct,0
2,15,global_e05,normal,abstain,wrong,3
2,15,global_e05,normal,abstain,abstain,3
2,15,global_e05,exception,correct,correct,10
2,15,global_e05,exception,correct,wrong,4
2,15,global_e05,exception,correct,abstain,3
2,15,global_e05,exception,wrong,correct,3
2,15,global_e05,exception,wrong,wrong,2
2,15,global_e05,exception,wrong,abstain,1
2,15,global_e05,exception,abstain,correct,1
2,15,global_e05,exception,abstain,wrong,0
2,15,global_e05,exception,abstain,abstain,1
2,15,position_e01,normal,correct,correct,69
2,15,position_e01,normal,correct,wrong,4
2,15,position_e01,normal,correct,abstain,41
2,15,position_e01,normal,wrong,correct,0
2,15,position_e01,normal,wrong,wrong,0
2,15,position_e01,normal,wrong,abstain,4
2,15,position_e01,normal,abstain,correct,3
2,15,position_e01,normal,abstain,wrong,0
2,15,position_e01,normal,abstain,abstain,3
2,15,position_e01,exception,correct,correct,11
2,15,position_e01,exception,correct,wrong,2
2,15,position_e01,exception,correct,abstain,4
2,15,position_e01,exception,wrong,correct,4
2,15,position_e01,exception,wrong,wrong,1
2,15,position_e01,exception,wrong,abstain,1
2,15,position_e01,exception,abstain,correct,1
2,15,position_e01,exception,abstain,wrong,0
2,15,position_e01,exception,abstain,abstain,1
2,15,position_e05,normal,correct,correct,60
2,15,position_e05,normal,correct,wrong,8
2,15,position_e05,normal,correct,abstain,46
2,15,position_e05,normal,wrong,correct,0
2,15,position_e05,normal,wrong,wrong,0
2,15,position_e05,normal,wrong,abstain,4
2,15,position_e05,normal,abstain,correct,1
2,15,position_e05,normal,abstain,wrong,2
2,15,position_e05,normal,abstain,abstain,3
2,15,position_e05,exception,correct,correct,9
2,15,position_e05,exception,correct,wrong,3
2,15,position_e05,exception,correct,abstain,5
2,15,position_e05,exception,wrong,correct,5
2,15,position_e05,exception,wrong,wrong,0
2,15,position_e05,exception,wrong,abstain,1
2,15,position_e05,exception,abstain,correct,1
2,15,position_e05,exception,abstain,wrong,0
2,15,position_e05,exception,abstain,abstain,1
2,15,global_fixed1,normal,correct,correct,15
2,15,global_fixed1,normal,correct,wrong,18
2,15,global_fixed1,normal,correct,abstain,81
2,15,global_fixed1,normal,wrong,correct,0
2,15,global_fixed1,normal,wrong,wrong,0
2,15,global_fixed1,normal,wrong,abstain,4
2,15,global_fixed1,normal,abstain,correct,0
2,15,global_fixed1,normal,abstain,wrong,3
2,15,global_fixed1,normal,abstain,abstain,3
2,15,global_fixed1,exception,correct,correct,6
2,15,global_fixed1,exception,correct,wrong,3
2,15,global_fixed1,exception,correct,abstain,8
2,15,global_fixed1,exception,wrong,correct,5
2,15,global_fixed1,exception,wrong,wrong,0
2,15,global_fixed1,exception,wrong,abstain,1
2,15,global_fixed1,exception,abstain,correct,1
2,15,global_fixed1,exception,abstain,wrong,0
2,15,global_fixed1,exception,abstain,abstain,1
2,15,position_fixed1,normal,correct,correct,15
2,15,position_fixed1,normal,correct,wrong,18
2,15,position_fixed1,normal,correct,abstain,81
2,15,position_fixed1,normal,wrong,correct,0
2,15,position_fixed1,normal,wrong,wrong,0
2,15,position_fixed1,normal,wrong,abstain,4
2,15,position_fixed1,normal,abstain,correct,0
2,15,position_fixed1,normal,abstain,wrong,3
2,15,position_fixed1,normal,abstain,abstain,3
2,15,position_fixed1,exception,correct,correct,6
2,15,position_fixed1,exception,correct,wrong,3
2,15,position_fixed1,exception,correct,abstain,8
2,15,position_fixed1,exception,wrong,correct,5
2,15,position_fixed1,exception,wrong,wrong,0
2,15,position_fixed1,exception,wrong,abstain,1
2,15,position_fixed1,exception,abstain,correct,1
2,15,position_fixed1,exception,abstain,wrong,0
2,15,position_fixed1,exception,abstain,abstain,1
2,16,baseline,normal,correct,correct,128
2,16,baseline,normal,correct,wrong,0
2,16,baseline,normal,correct,abstain,0
2,16,baseline,normal,wrong,correct,0
2,16,baseline,normal,wrong,wrong,4
2,16,baseline,normal,wrong,abstain,0
2,16,baseline,normal,abstain,correct,0
2,16,baseline,normal,abstain,wrong,0
2,16,baseline,normal,abstain,abstain,3
2,16,baseline,exception,correct,correct,15
2,16,baseline,exception,correct,wrong,0
2,16,baseline,exception,correct,abstain,0
2,16,baseline,exception,wrong,correct,0
2,16,baseline,exception,wrong,wrong,13
2,16,baseline,exception,wrong,abstain,0
2,16,baseline,exception,abstain,correct,0
2,16,baseline,exception,abstain,wrong,0
2,16,baseline,exception,abstain,abstain,9
2,16,binary_e01,normal,correct,correct,128
2,16,binary_e01,normal,correct,wrong,0
2,16,binary_e01,normal,correct,abstain,0
2,16,binary_e01,normal,wrong,correct,2
2,16,binary_e01,normal,wrong,wrong,0
2,16,binary_e01,normal,wrong,abstain,2
2,16,binary_e01,normal,abstain,correct,0
2,16,binary_e01,normal,abstain,wrong,0
2,16,binary_e01,normal,abstain,abstain,3
2,16,binary_e01,exception,correct,correct,15
2,16,binary_e01,exception,correct,wrong,0
2,16,binary_e01,exception,correct,abstain,0
2,16,binary_e01,exception,wrong,correct,4
2,16,binary_e01,exception,wrong,wrong,9
2,16,binary_e01,exception,wrong,abstain,0
2,16,binary_e01,exception,abstain,correct,0
2,16,binary_e01,exception,abstain,wrong,0
2,16,binary_e01,exception,abstain,abstain,9
2,16,binary_e05,normal,correct,correct,126
2,16,binary_e05,normal,correct,wrong,1
2,16,binary_e05,normal,correct,abstain,1
2,16,binary_e05,normal,wrong,correct,2
2,16,binary_e05,normal,wrong,wrong,0
2,16,binary_e05,normal,wrong,abstain,2
2,16,binary_e05,normal,abstain,correct,0
2,16,binary_e05,normal,abstain,wrong,0
2,16,binary_e05,normal,abstain,abstain,3
2,16,binary_e05,exception,correct,correct,15
2,16,binary_e05,exception,correct,wrong,0
2,16,binary_e05,exception,correct,abstain,0
2,16,binary_e05,exception,wrong,correct,6
2,16,binary_e05,exception,wrong,wrong,7
2,16,binary_e05,exception,wrong,abstain,0
2,16,binary_e05,exception,abstain,correct,0
2,16,binary_e05,exception,abstain,wrong,0
2,16,binary_e05,exception,abstain,abstain,9
2,16,global_e01,normal,correct,correct,40
2,16,global_e01,normal,correct,wrong,18
2,16,global_e01,normal,correct,abstain,70
2,16,global_e01,normal,wrong,correct,2
2,16,global_e01,normal,wrong,wrong,0
2,16,global_e01,normal,wrong,abstain,2
2,16,global_e01,normal,abstain,correct,1
2,16,global_e01,normal,abstain,wrong,1
2,16,global_e01,normal,abstain,abstain,1
2,16,global_e01,exception,correct,correct,9
2,16,global_e01,exception,correct,wrong,1
2,16,global_e01,exception,correct,abstain,5
2,16,global_e01,exception,wrong,correct,7
2,16,global_e01,exception,wrong,wrong,3
2,16,global_e01,exception,wrong,abstain,3
2,16,global_e01,exception,abstain,correct,2
2,16,global_e01,exception,abstain,wrong,2
2,16,global_e01,exception,abstain,abstain,5
2,16,global_e05,normal,correct,correct,45
2,16,global_e05,normal,correct,wrong,14
2,16,global_e05,normal,correct,abstain,69
2,16,global_e05,normal,wrong,correct,2
2,16,global_e05,normal,wrong,wrong,1
2,16,global_e05,normal,wrong,abstain,1
2,16,global_e05,normal,abstain,correct,1
2,16,global_e05,normal,abstain,wrong,1
2,16,global_e05,normal,abstain,abstain,1
2,16,global_e05,exception,correct,correct,7
2,16,global_e05,exception,correct,wrong,2
2,16,global_e05,exception,correct,abstain,6
2,16,global_e05,exception,wrong,correct,7
2,16,global_e05,exception,wrong,wrong,3
2,16,global_e05,exception,wrong,abstain,3
2,16,global_e05,exception,abstain,correct,2
2,16,global_e05,exception,abstain,wrong,2
2,16,global_e05,exception,abstain,abstain,5
2,16,position_e01,normal,correct,correct,57
2,16,position_e01,normal,correct,wrong,12
2,16,position_e01,normal,correct,abstain,59
2,16,position_e01,normal,wrong,correct,2
2,16,position_e01,normal,wrong,wrong,0
2,16,position_e01,normal,wrong,abstain,2
2,16,position_e01,normal,abstain,correct,1
2,16,position_e01,normal,abstain,wrong,1
2,16,position_e01,normal,abstain,abstain,1
2,16,position_e01,exception,correct,correct,4
2,16,position_e01,exception,correct,wrong,4
2,16,position_e01,exception,correct,abstain,7
2,16,position_e01,exception,wrong,correct,7
2,16,position_e01,exception,wrong,wrong,3
2,16,position_e01,exception,wrong,abstain,3
2,16,position_e01,exception,abstain,correct,2
2,16,position_e01,exception,abstain,wrong,3
2,16,position_e01,exception,abstain,abstain,4
2,16,position_e05,normal,correct,correct,53
2,16,position_e05,normal,correct,wrong,11
2,16,position_e05,normal,correct,abstain,64
2,16,position_e05,normal,wrong,correct,2
2,16,position_e05,normal,wrong,wrong,0
2,16,position_e05,normal,wrong,abstain,2
2,16,position_e05,normal,abstain,correct,1
2,16,position_e05,normal,abstain,wrong,1
2,16,position_e05,normal,abstain,abstain,1
2,16,position_e05,exception,correct,correct,4
2,16,position_e05,exception,correct,wrong,4
2,16,position_e05,exception,correct,abstain,7
2,16,position_e05,exception,wrong,correct,7
2,16,position_e05,exception,wrong,wrong,3
2,16,position_e05,exception,wrong,abstain,3
2,16,position_e05,exception,abstain,correct,2
2,16,position_e05,exception,abstain,wrong,3
2,16,position_e05,exception,abstain,abstain,4
2,16,global_fixed1,normal,correct,correct,26
2,16,global_fixed1,normal,correct,wrong,21
2,16,global_fixed1,normal,correct,abstain,81
2,16,global_fixed1,normal,wrong,correct,2
2,16,global_fixed1,normal,wrong,wrong,0
2,16,global_fixed1,normal,wrong,abstain,2
2,16,global_fixed1,normal,abstain,correct,0
2,16,global_fixed1,normal,abstain,wrong,1
2,16,global_fixed1,normal,abstain,abstain,2
2,16,global_fixed1,exception,correct,correct,3
2,16,global_fixed1,exception,correct,wrong,4
2,16,global_fixed1,exception,correct,abstain,8
2,16,global_fixed1,exception,wrong,correct,8
2,16,global_fixed1,exception,wrong,wrong,2
2,16,global_fixed1,exception,wrong,abstain,3
2,16,global_fixed1,exception,abstain,correct,2
2,16,global_fixed1,exception,abstain,wrong,3
2,16,global_fixed1,exception,abstain,abstain,4
2,16,position_fixed1,normal,correct,correct,26
2,16,position_fixed1,normal,correct,wrong,21
2,16,position_fixed1,normal,correct,abstain,81
2,16,position_fixed1,normal,wrong,correct,2
2,16,position_fixed1,normal,wrong,wrong,0
2,16,position_fixed1,normal,wrong,abstain,2
2,16,position_fixed1,normal,abstain,correct,0
2,16,position_fixed1,normal,abstain,wrong,1
2,16,position_fixed1,normal,abstain,abstain,2
2,16,position_fixed1,exception,correct,correct,3
2,16,position_fixed1,exception,correct,wrong,4
2,16,position_fixed1,exception,correct,abstain,8
2,16,position_fixed1,exception,wrong,correct,8
2,16,position_fixed1,exception,wrong,wrong,2
2,16,position_fixed1,exception,wrong,abstain,3
2,16,position_fixed1,exception,abstain,correct,2
2,16,position_fixed1,exception,abstain,wrong,3
2,16,position_fixed1,exception,abstain,abstain,4
2,17,baseline,normal,correct,correct,113
2,17,baseline,normal,correct,wrong,0
2,17,baseline,normal,correct,abstain,0
2,17,baseline,normal,wrong,correct,0
2,17,baseline,normal,wrong,wrong,9
2,17,baseline,normal,wrong,abstain,0
2,17,baseline,normal,abstain,correct,0
2,17,baseline,normal,abstain,wrong,0
2,17,baseline,normal,abstain,abstain,11
2,17,baseline,exception,correct,correct,11
2,17,baseline,exception,correct,wrong,0
2,17,baseline,exception,correct,abstain,0
2,17,baseline,exception,wrong,correct,0
2,17,baseline,exception,wrong,wrong,11
2,17,baseline,exception,wrong,abstain,0
2,17,baseline,exception,abstain,correct,0
2,17,baseline,exception,abstain,wrong,0
2,17,baseline,exception,abstain,abstain,6
2,17,binary_e01,normal,correct,correct,113
2,17,binary_e01,normal,correct,wrong,0
2,17,binary_e01,normal,correct,abstain,0
2,17,binary_e01,normal,wrong,correct,4
2,17,binary_e01,normal,wrong,wrong,0
2,17,binary_e01,normal,wrong,abstain,5
2,17,binary_e01,normal,abstain,correct,0
2,17,binary_e01,normal,abstain,wrong,0
2,17,binary_e01,normal,abstain,abstain,11
2,17,binary_e01,exception,correct,correct,11
2,17,binary_e01,exception,correct,wrong,0
2,17,binary_e01,exception,correct,abstain,0
2,17,binary_e01,exception,wrong,correct,1
2,17,binary_e01,exception,wrong,wrong,4
2,17,binary_e01,exception,wrong,abstain,6
2,17,binary_e01,exception,abstain,correct,0
2,17,binary_e01,exception,abstain,wrong,0
2,17,binary_e01,exception,abstain,abstain,6
2,17,binary_e05,normal,correct,correct,113
2,17,binary_e05,normal,correct,wrong,0
2,17,binary_e05,normal,correct,abstain,0
2,17,binary_e05,normal,wrong,correct,4
2,17,binary_e05,normal,wrong,wrong,0
2,17,binary_e05,normal,wrong,abstain,5
2,17,binary_e05,normal,abstain,correct,0
2,17,binary_e05,normal,abstain,wrong,0
2,17,binary_e05,normal,abstain,abstain,11
2,17,binary_e05,exception,correct,correct,11
2,17,binary_e05,exception,correct,wrong,0
2,17,binary_e05,exception,correct,abstain,0
2,17,binary_e05,exception,wrong,correct,1
2,17,binary_e05,exception,wrong,wrong,3
2,17,binary_e05,exception,wrong,abstain,7
2,17,binary_e05,exception,abstain,correct,0
2,17,binary_e05,exception,abstain,wrong,0
2,17,binary_e05,exception,abstain,abstain,6
2,17,global_e01,normal,correct,correct,66
2,17,global_e01,normal,correct,wrong,1
2,17,global_e01,normal,correct,abstain,46
2,17,global_e01,normal,wrong,correct,4
2,17,global_e01,normal,wrong,wrong,1
2,17,global_e01,normal,wrong,abstain,4
2,17,global_e01,normal,abstain,correct,1
2,17,global_e01,normal,abstain,wrong,0
2,17,global_e01,normal,abstain,abstain,10
2,17,global_e01,exception,correct,correct,4
2,17,global_e01,exception,correct,wrong,2
2,17,global_e01,exception,correct,abstain,5
2,17,global_e01,exception,wrong,correct,1
2,17,global_e01,exception,wrong,wrong,3
2,17,global_e01,exception,wrong,abstain,7
2,17,global_e01,exception,abstain,correct,0
2,17,global_e01,exception,abstain,wrong,2
2,17,global_e01,exception,abstain,abstain,4
2,17,global_e05,normal,correct,correct,60
2,17,global_e05,normal,correct,wrong,1
2,17,global_e05,normal,correct,abstain,52
2,17,global_e05,normal,wrong,correct,3
2,17,global_e05,normal,wrong,wrong,2
2,17,global_e05,normal,wrong,abstain,4
2,17,global_e05,normal,abstain,correct,3
2,17,global_e05,normal,abstain,wrong,0
2,17,global_e05,normal,abstain,abstain,8
2,17,global_e05,exception,correct,correct,1
2,17,global_e05,exception,correct,wrong,2
2,17,global_e05,exception,correct,abstain,8
2,17,global_e05,exception,wrong,correct,1
2,17,global_e05,exception,wrong,wrong,3
2,17,global_e05,exception,wrong,abstain,7
2,17,global_e05,exception,abstain,correct,0
2,17,global_e05,exception,abstain,wrong,2
2,17,global_e05,exception,abstain,abstain,4
2,17,position_e01,normal,correct,correct,78
2,17,position_e01,normal,correct,wrong,0
2,17,position_e01,normal,correct,abstain,35
2,17,position_e01,normal,wrong,correct,4
2,17,position_e01,normal,wrong,wrong,0
2,17,position_e01,normal,wrong,abstain,5
2,17,position_e01,normal,abstain,correct,6
2,17,position_e01,normal,abstain,wrong,0
2,17,position_e01,normal,abstain,abstain,5
2,17,position_e01,exception,correct,correct,6
2,17,position_e01,exception,correct,wrong,0
2,17,position_e01,exception,correct,abstain,5
2,17,position_e01,exception,wrong,correct,1
2,17,position_e01,exception,wrong,wrong,3
2,17,position_e01,exception,wrong,abstain,7
2,17,position_e01,exception,abstain,correct,0
2,17,position_e01,exception,abstain,wrong,2
2,17,position_e01,exception,abstain,abstain,4
2,17,position_e05,normal,correct,correct,70
2,17,position_e05,normal,correct,wrong,1
2,17,position_e05,normal,correct,abstain,42
2,17,position_e05,normal,wrong,correct,4
2,17,position_e05,normal,wrong,wrong,0
2,17,position_e05,normal,wrong,abstain,5
2,17,position_e05,normal,abstain,correct,2
2,17,position_e05,normal,abstain,wrong,0
2,17,position_e05,normal,abstain,abstain,9
2,17,position_e05,exception,correct,correct,0
2,17,position_e05,exception,correct,wrong,3
2,17,position_e05,exception,correct,abstain,8
2,17,position_e05,exception,wrong,correct,1
2,17,position_e05,exception,wrong,wrong,3
2,17,position_e05,exception,wrong,abstain,7
2,17,position_e05,exception,abstain,correct,0
2,17,position_e05,exception,abstain,wrong,2
2,17,position_e05,exception,abstain,abstain,4
2,17,global_fixed1,normal,correct,correct,38
2,17,global_fixed1,normal,correct,wrong,2
2,17,global_fixed1,normal,correct,abstain,73
2,17,global_fixed1,normal,wrong,correct,4
2,17,global_fixed1,normal,wrong,wrong,0
2,17,global_fixed1,normal,wrong,abstain,5
2,17,global_fixed1,normal,abstain,correct,1
2,17,global_fixed1,normal,abstain,wrong,0
2,17,global_fixed1,normal,abstain,abstain,10
2,17,global_fixed1,exception,correct,correct,0
2,17,global_fixed1,exception,correct,wrong,3
2,17,global_fixed1,exception,correct,abstain,8
2,17,global_fixed1,exception,wrong,correct,1
2,17,global_fixed1,exception,wrong,wrong,2
2,17,global_fixed1,exception,wrong,abstain,8
2,17,global_fixed1,exception,abstain,correct,0
2,17,global_fixed1,exception,abstain,wrong,2
2,17,global_fixed1,exception,abstain,abstain,4
2,17,position_fixed1,normal,correct,correct,38
2,17,position_fixed1,normal,correct,wrong,2
2,17,position_fixed1,normal,correct,abstain,73
2,17,position_fixed1,normal,wrong,correct,4
2,17,position_fixed1,normal,wrong,wrong,0
2,17,position_fixed1,normal,wrong,abstain,5
2,17,position_fixed1,normal,abstain,correct,1
2,17,position_fixed1,normal,abstain,wrong,0
2,17,position_fixed1,normal,abstain,abstain,10
2,17,position_fixed1,exception,correct,correct,0
2,17,position_fixed1,exception,correct,wrong,3
2,17,position_fixed1,exception,correct,abstain,8
2,17,position_fixed1,exception,wrong,correct,1
2,17,position_fixed1,exception,wrong,wrong,2
2,17,position_fixed1,exception,wrong,abstain,8
2,17,position_fixed1,exception,abstain,correct,0
2,17,position_fixed1,exception,abstain,wrong,2
2,17,position_fixed1,exception,abstain,abstain,4
2,18,baseline,normal,correct,correct,98
2,18,baseline,normal,correct,wrong,0
2,18,baseline,normal,correct,abstain,0
2,18,baseline,normal,wrong,correct,0
2,18,baseline,normal,wrong,wrong,0
2,18,baseline,normal,wrong,abstain,0
2,18,baseline,normal,abstain,correct,0
2,18,baseline,normal,abstain,wrong,0
2,18,baseline,normal,abstain,abstain,21
2,18,baseline,exception,correct,correct,21
2,18,baseline,exception,correct,wrong,0
2,18,baseline,exception,correct,abstain,0
2,18,baseline,exception,wrong,correct,0
2,18,baseline,exception,wrong,wrong,6
2,18,baseline,exception,wrong,abstain,0
2,18,baseline,exception,abstain,correct,0
2,18,baseline,exception,abstain,wrong,0
2,18,baseline,exception,abstain,abstain,7
2,18,binary_e01,normal,correct,correct,98
2,18,binary_e01,normal,correct,wrong,0
2,18,binary_e01,normal,correct,abstain,0
2,18,binary_e01,normal,wrong,correct,0
2,18,binary_e01,normal,wrong,wrong,0
2,18,binary_e01,normal,wrong,abstain,0
2,18,binary_e01,normal,abstain,correct,0
2,18,binary_e01,normal,abstain,wrong,0
2,18,binary_e01,normal,abstain,abstain,21
2,18,binary_e01,exception,correct,correct,21
2,18,binary_e01,exception,correct,wrong,0
2,18,binary_e01,exception,correct,abstain,0
2,18,binary_e01,exception,wrong,correct,3
2,18,binary_e01,exception,wrong,wrong,1
2,18,binary_e01,exception,wrong,abstain,2
2,18,binary_e01,exception,abstain,correct,0
2,18,binary_e01,exception,abstain,wrong,0
2,18,binary_e01,exception,abstain,abstain,7
2,18,binary_e05,normal,correct,correct,98
2,18,binary_e05,normal,correct,wrong,0
2,18,binary_e05,normal,correct,abstain,0
2,18,binary_e05,normal,wrong,correct,0
2,18,binary_e05,normal,wrong,wrong,0
2,18,binary_e05,normal,wrong,abstain,0
2,18,binary_e05,normal,abstain,correct,0
2,18,binary_e05,normal,abstain,wrong,0
2,18,binary_e05,normal,abstain,abstain,21
2,18,binary_e05,exception,correct,correct,21
2,18,binary_e05,exception,correct,wrong,0
2,18,binary_e05,exception,correct,abstain,0
2,18,binary_e05,exception,wrong,correct,3
2,18,binary_e05,exception,wrong,wrong,1
2,18,binary_e05,exception,wrong,abstain,2
2,18,binary_e05,exception,abstain,correct,0
2,18,binary_e05,exception,abstain,wrong,0
2,18,binary_e05,exception,abstain,abstain,7
2,18,global_e01,normal,correct,correct,60
2,18,global_e01,normal,correct,wrong,8
2,18,global_e01,normal,correct,abstain,30
2,18,global_e01,normal,wrong,correct,0
2,18,global_e01,normal,wrong,wrong,0
2,18,global_e01,normal,wrong,abstain,0
2,18,global_e01,normal,abstain,correct,3
2,18,global_e01,normal,abstain,wrong,5
2,18,global_e01,normal,abstain,abstain,13
2,18,global_e01,exception,correct,correct,12
2,18,global_e01,exception,correct,wrong,3
2,18,global_e01,exception,correct,abstain,6
2,18,global_e01,exception,wrong,correct,4
2,18,global_e01,exception,wrong,wrong,0
2,18,global_e01,exception,wrong,abstain,2
2,18,global_e01,exception,abstain,correct,2
2,18,global_e01,exception,abstain,wrong,0
2,18,global_e01,exception,abstain,abstain,5
2,18,global_e05,normal,correct,correct,51
2,18,global_e05,normal,correct,wrong,18
2,18,global_e05,normal,correct,abstain,29
2,18,global_e05,normal,wrong,correct,0
2,18,global_e05,normal,wrong,wrong,0
2,18,global_e05,normal,wrong,abstain,0
2,18,global_e05,normal,abstain,correct,2
2,18,global_e05,normal,abstain,wrong,5
2,18,global_e05,normal,abstain,abstain,14
2,18,global_e05,exception,correct,correct,11
2,18,global_e05,exception,correct,wrong,4
2,18,global_e05,exception,correct,abstain,6
2,18,global_e05,exception,wrong,correct,4
2,18,global_e05,exception,wrong,wrong,0
2,18,global_e05,exception,wrong,abstain,2
2,18,global_e05,exception,abstain,correct,2
2,18,global_e05,exception,abstain,wrong,0
2,18,global_e05,exception,abstain,abstain,5
2,18,position_e01,normal,correct,correct,80
2,18,position_e01,normal,correct,wrong,1
2,18,position_e01,normal,correct,abstain,17
2,18,position_e01,normal,wrong,correct,0
2,18,position_e01,normal,wrong,wrong,0
2,18,position_e01,normal,wrong,abstain,0
2,18,position_e01,normal,abstain,correct,5
2,18,position_e01,normal,abstain,wrong,0
2,18,position_e01,normal,abstain,abstain,16
2,18,position_e01,exception,correct,correct,12
2,18,position_e01,exception,correct,wrong,3
2,18,position_e01,exception,correct,abstain,6
2,18,position_e01,exception,wrong,correct,4
2,18,position_e01,exception,wrong,wrong,0
2,18,position_e01,exception,wrong,abstain,2
2,18,position_e01,exception,abstain,correct,2
2,18,position_e01,exception,abstain,wrong,0
2,18,position_e01,exception,abstain,abstain,5
2,18,position_e05,normal,correct,correct,74
2,18,position_e05,normal,correct,wrong,6
2,18,position_e05,normal,correct,abstain,18
2,18,position_e05,normal,wrong,correct,0
2,18,position_e05,normal,wrong,wrong,0
2,18,position_e05,normal,wrong,abstain,0
2,18,position_e05,normal,abstain,correct,4
2,18,position_e05,normal,abstain,wrong,3
2,18,position_e05,normal,abstain,abstain,14
2,18,position_e05,exception,correct,correct,10
2,18,position_e05,exception,correct,wrong,4
2,18,position_e05,exception,correct,abstain,7
2,18,position_e05,exception,wrong,correct,4
2,18,position_e05,exception,wrong,wrong,0
2,18,position_e05,exception,wrong,abstain,2
2,18,position_e05,exception,abstain,correct,2
2,18,position_e05,exception,abstain,wrong,0
2,18,position_e05,exception,abstain,abstain,5
2,18,global_fixed1,normal,correct,correct,17
2,18,global_fixed1,normal,correct,wrong,28
2,18,global_fixed1,normal,correct,abstain,53
2,18,global_fixed1,normal,wrong,correct,0
2,18,global_fixed1,normal,wrong,wrong,0
2,18,global_fixed1,normal,wrong,abstain,0
2,18,global_fixed1,normal,abstain,correct,0
2,18,global_fixed1,normal,abstain,wrong,10
2,18,global_fixed1,normal,abstain,abstain,11
2,18,global_fixed1,exception,correct,correct,6
2,18,global_fixed1,exception,correct,wrong,4
2,18,global_fixed1,exception,correct,abstain,11
2,18,global_fixed1,exception,wrong,correct,4
2,18,global_fixed1,exception,wrong,wrong,0
2,18,global_fixed1,exception,wrong,abstain,2
2,18,global_fixed1,exception,abstain,correct,2
2,18,global_fixed1,exception,abstain,wrong,0
2,18,global_fixed1,exception,abstain,abstain,5
2,18,position_fixed1,normal,correct,correct,18
2,18,position_fixed1,normal,correct,wrong,28
2,18,position_fixed1,normal,correct,abstain,52
2,18,position_fixed1,normal,wrong,correct,0
2,18,position_fixed1,normal,wrong,wrong,0
2,18,position_fixed1,normal,wrong,abstain,0
2,18,position_fixed1,normal,abstain,correct,0
2,18,position_fixed1,normal,abstain,wrong,10
2,18,position_fixed1,normal,abstain,abstain,11
2,18,position_fixed1,exception,correct,correct,6
2,18,position_fixed1,exception,correct,wrong,4
2,18,position_fixed1,exception,correct,abstain,11
2,18,position_fixed1,exception,wrong,correct,4
2,18,position_fixed1,exception,wrong,wrong,0
2,18,position_fixed1,exception,wrong,abstain,2
2,18,position_fixed1,exception,abstain,correct,2
2,18,position_fixed1,exception,abstain,wrong,0
2,18,position_fixed1,exception,abstain,abstain,5
2,19,baseline,normal,correct,correct,98
2,19,baseline,normal,correct,wrong,0
2,19,baseline,normal,correct,abstain,0
2,19,baseline,normal,wrong,correct,0
2,19,baseline,normal,wrong,wrong,7
2,19,baseline,normal,wrong,abstain,0
2,19,baseline,normal,abstain,correct,0
2,19,baseline,normal,abstain,wrong,0
2,19,baseline,normal,abstain,abstain,11
2,19,baseline,exception,correct,correct,18
2,19,baseline,exception,correct,wrong,0
2,19,baseline,exception,correct,abstain,0
2,19,baseline,exception,wrong,correct,0
2,19,baseline,exception,wrong,wrong,2
2,19,baseline,exception,wrong,abstain,0
2,19,baseline,exception,abstain,correct,0
2,19,baseline,exception,abstain,wrong,0
2,19,baseline,exception,abstain,abstain,8
2,19,binary_e01,normal,correct,correct,98
2,19,binary_e01,normal,correct,wrong,0
2,19,binary_e01,normal,correct,abstain,0
2,19,binary_e01,normal,wrong,correct,1
2,19,binary_e01,normal,wrong,wrong,1
2,19,binary_e01,normal,wrong,abstain,5
2,19,binary_e01,normal,abstain,correct,0
2,19,binary_e01,normal,abstain,wrong,0
2,19,binary_e01,normal,abstain,abstain,11
2,19,binary_e01,exception,correct,correct,18
2,19,binary_e01,exception,correct,wrong,0
2,19,binary_e01,exception,correct,abstain,0
2,19,binary_e01,exception,wrong,correct,0
2,19,binary_e01,exception,wrong,wrong,1
2,19,binary_e01,exception,wrong,abstain,1
2,19,binary_e01,exception,abstain,correct,0
2,19,binary_e01,exception,abstain,wrong,0
2,19,binary_e01,exception,abstain,abstain,8
2,19,binary_e05,normal,correct,correct,98
2,19,binary_e05,normal,correct,wrong,0
2,19,binary_e05,normal,correct,abstain,0
2,19,binary_e05,normal,wrong,correct,1
2,19,binary_e05,normal,wrong,wrong,0
2,19,binary_e05,normal,wrong,abstain,6
2,19,binary_e05,normal,abstain,correct,0
2,19,binary_e05,normal,abstain,wrong,0
2,19,binary_e05,normal,abstain,abstain,11
2,19,binary_e05,exception,correct,correct,18
2,19,binary_e05,exception,correct,wrong,0
2,19,binary_e05,exception,correct,abstain,0
2,19,binary_e05,exception,wrong,correct,0
2,19,binary_e05,exception,wrong,wrong,1
2,19,binary_e05,exception,wrong,abstain,1
2,19,binary_e05,exception,abstain,correct,0
2,19,binary_e05,exception,abstain,wrong,0
2,19,binary_e05,exception,abstain,abstain,8
2,19,global_e01,normal,correct,correct,55
2,19,global_e01,normal,correct,wrong,1
2,19,global_e01,normal,correct,abstain,42
2,19,global_e01,normal,wrong,correct,1
2,19,global_e01,normal,wrong,wrong,0
2,19,global_e01,normal,wrong,abstain,6
2,19,global_e01,normal,abstain,correct,8
2,19,global_e01,normal,abstain,wrong,0
2,19,global_e01,normal,abstain,abstain,3
2,19,global_e01,exception,correct,correct,1
2,19,global_e01,exception,correct,wrong,6
2,19,global_e01,exception,correct,abstain,11
2,19,global_e01,exception,wrong,correct,1
2,19,global_e01,exception,wrong,wrong,0
2,19,global_e01,exception,wrong,abstain,1
2,19,global_e01,exception,abstain,correct,3
2,19,global_e01,exception,abstain,wrong,2
2,19,global_e01,exception,abstain,abstain,3
2,19,global_e05,normal,correct,correct,55
2,19,global_e05,normal,correct,wrong,1
2,19,global_e05,normal,correct,abstain,42
2,19,global_e05,normal,wrong,correct,1
2,19,global_e05,normal,wrong,wrong,1
2,19,global_e05,normal,wrong,abstain,5
2,19,global_e05,normal,abstain,correct,6
2,19,global_e05,normal,abstain,wrong,0
2,19,global_e05,normal,abstain,abstain,5
2,19,global_e05,exception,correct,correct,4
2,19,global_e05,exception,correct,wrong,6
2,19,global_e05,exception,correct,abstain,8
2,19,global_e05,exception,wrong,correct,0
2,19,global_e05,exception,wrong,wrong,0
2,19,global_e05,exception,wrong,abstain,2
2,19,global_e05,exception,abstain,correct,1
2,19,global_e05,exception,abstain,wrong,5
2,19,global_e05,exception,abstain,abstain,2
2,19,position_e01,normal,correct,correct,67
2,19,position_e01,normal,correct,wrong,1
2,19,position_e01,normal,correct,abstain,30
2,19,position_e01,normal,wrong,correct,1
2,19,position_e01,normal,wrong,wrong,0
2,19,position_e01,normal,wrong,abstain,6
2,19,position_e01,normal,abstain,correct,3
2,19,position_e01,normal,abstain,wrong,0
2,19,position_e01,normal,abstain,abstain,8
2,19,position_e01,exception,correct,correct,3
2,19,position_e01,exception,correct,wrong,6
2,19,position_e01,exception,correct,abstain,9
2,19,position_e01,exception,wrong,correct,1
2,19,position_e01,exception,wrong,wrong,0
2,19,position_e01,exception,wrong,abstain,1
2,19,position_e01,exception,abstain,correct,3
2,19,position_e01,exception,abstain,wrong,1
2,19,position_e01,exception,abstain,abstain,4
2,19,position_e05,normal,correct,correct,62
2,19,position_e05,normal,correct,wrong,1
2,19,position_e05,normal,correct,abstain,35
2,19,position_e05,normal,wrong,correct,1
2,19,position_e05,normal,wrong,wrong,0
2,19,position_e05,normal,wrong,abstain,6
2,19,position_e05,normal,abstain,correct,9
2,19,position_e05,normal,abstain,wrong,0
2,19,position_e05,normal,abstain,abstain,2
2,19,position_e05,exception,correct,correct,0
2,19,position_e05,exception,correct,wrong,7
2,19,position_e05,exception,correct,abstain,11
2,19,position_e05,exception,wrong,correct,1
2,19,position_e05,exception,wrong,wrong,0
2,19,position_e05,exception,wrong,abstain,1
2,19,position_e05,exception,abstain,correct,2
2,19,position_e05,exception,abstain,wrong,2
2,19,position_e05,exception,abstain,abstain,4
2,19,global_fixed1,normal,correct,correct,32
2,19,global_fixed1,normal,correct,wrong,1
2,19,global_fixed1,normal,correct,abstain,65
2,19,global_fixed1,normal,wrong,correct,1
2,19,global_fixed1,normal,wrong,wrong,0
2,19,global_fixed1,normal,wrong,abstain,6
2,19,global_fixed1,normal,abstain,correct,4
2,19,global_fixed1,normal,abstain,wrong,0
2,19,global_fixed1,normal,abstain,abstain,7
2,19,global_fixed1,exception,correct,correct,0
2,19,global_fixed1,exception,correct,wrong,7
2,19,global_fixed1,exception,correct,abstain,11
2,19,global_fixed1,exception,wrong,correct,0
2,19,global_fixed1,exception,wrong,wrong,0
2,19,global_fixed1,exception,wrong,abstain,2
2,19,global_fixed1,exception,abstain,correct,0
2,19,global_fixed1,exception,abstain,wrong,6
2,19,global_fixed1,exception,abstain,abstain,2
2,19,position_fixed1,normal,correct,correct,32
2,19,position_fixed1,normal,correct,wrong,1
2,19,position_fixed1,normal,correct,abstain,65
2,19,position_fixed1,normal,wrong,correct,1
2,19,position_fixed1,normal,wrong,wrong,0
2,19,position_fixed1,normal,wrong,abstain,6
2,19,position_fixed1,normal,abstain,correct,4
2,19,position_fixed1,normal,abstain,wrong,0
2,19,position_fixed1,normal,abstain,abstain,7
2,19,position_fixed1,exception,correct,correct,0
2,19,position_fixed1,exception,correct,wrong,7
2,19,position_fixed1,exception,correct,abstain,11
2,19,position_fixed1,exception,wrong,correct,0
2,19,position_fixed1,exception,wrong,wrong,0
2,19,position_fixed1,exception,wrong,abstain,2
2,19,position_fixed1,exception,abstain,correct,0
2,19,position_fixed1,exception,abstain,wrong,6
2,19,position_fixed1,exception,abstain,abstain,2
2,20,baseline,normal,correct,correct,118
2,20,baseline,normal,correct,wrong,0
2,20,baseline,normal,correct,abstain,0
2,20,baseline,normal,wrong,correct,0
2,20,baseline,normal,wrong,wrong,5
2,20,baseline,normal,wrong,abstain,0
2,20,baseline,normal,abstain,correct,0
2,20,baseline,normal,abstain,wrong,0
2,20,baseline,normal,abstain,abstain,2
2,20,baseline,exception,correct,correct,17
2,20,baseline,exception,correct,wrong,0
2,20,baseline,exception,correct,abstain,0
2,20,baseline,exception,wrong,correct,0
2,20,baseline,exception,wrong,wrong,13
2,20,baseline,exception,wrong,abstain,0
2,20,baseline,exception,abstain,correct,0
2,20,baseline,exception,abstain,wrong,0
2,20,baseline,exception,abstain,abstain,1
2,20,binary_e01,normal,correct,correct,118
2,20,binary_e01,normal,correct,wrong,0
2,20,binary_e01,normal,correct,abstain,0
2,20,binary_e01,normal,wrong,correct,1
2,20,binary_e01,normal,wrong,wrong,0
2,20,binary_e01,normal,wrong,abstain,4
2,20,binary_e01,normal,abstain,correct,0
2,20,binary_e01,normal,abstain,wrong,0
2,20,binary_e01,normal,abstain,abstain,2
2,20,binary_e01,exception,correct,correct,17
2,20,binary_e01,exception,correct,wrong,0
2,20,binary_e01,exception,correct,abstain,0
2,20,binary_e01,exception,wrong,correct,2
2,20,binary_e01,exception,wrong,wrong,4
2,20,binary_e01,exception,wrong,abstain,7
2,20,binary_e01,exception,abstain,correct,0
2,20,binary_e01,exception,abstain,wrong,0
2,20,binary_e01,exception,abstain,abstain,1
2,20,binary_e05,normal,correct,correct,118
2,20,binary_e05,normal,correct,wrong,0
2,20,binary_e05,normal,correct,abstain,0
2,20,binary_e05,normal,wrong,correct,1
2,20,binary_e05,normal,wrong,wrong,0
2,20,binary_e05,normal,wrong,abstain,4
2,20,binary_e05,normal,abstain,correct,0
2,20,binary_e05,normal,abstain,wrong,0
2,20,binary_e05,normal,abstain,abstain,2
2,20,binary_e05,exception,correct,correct,17
2,20,binary_e05,exception,correct,wrong,0
2,20,binary_e05,exception,correct,abstain,0
2,20,binary_e05,exception,wrong,correct,2
2,20,binary_e05,exception,wrong,wrong,4
2,20,binary_e05,exception,wrong,abstain,7
2,20,binary_e05,exception,abstain,correct,0
2,20,binary_e05,exception,abstain,wrong,0
2,20,binary_e05,exception,abstain,abstain,1
2,20,global_e01,normal,correct,correct,41
2,20,global_e01,normal,correct,wrong,6
2,20,global_e01,normal,correct,abstain,71
2,20,global_e01,normal,wrong,correct,1
2,20,global_e01,normal,wrong,wrong,0
2,20,global_e01,normal,wrong,abstain,4
2,20,global_e01,normal,abstain,correct,0
2,20,global_e01,normal,abstain,wrong,0
2,20,global_e01,normal,abstain,abstain,2
2,20,global_e01,exception,correct,correct,9
2,20,global_e01,exception,correct,wrong,2
2,20,global_e01,exception,correct,abstain,6
2,20,global_e01,exception,wrong,correct,3
2,20,global_e01,exception,wrong,wrong,2
2,20,global_e01,exception,wrong,abstain,8
2,20,global_e01,exception,abstain,correct,0
2,20,global_e01,exception,abstain,wrong,0
2,20,global_e01,exception,abstain,abstain,1
2,20,global_e05,normal,correct,correct,34
2,20,global_e05,normal,correct,wrong,8
2,20,global_e05,normal,correct,abstain,76
2,20,global_e05,normal,wrong,correct,1
2,20,global_e05,normal,wrong,wrong,0
2,20,global_e05,normal,wrong,abstain,4
2,20,global_e05,normal,abstain,correct,0
2,20,global_e05,normal,abstain,wrong,0
2,20,global_e05,normal,abstain,abstain,2
2,20,global_e05,exception,correct,correct,6
2,20,global_e05,exception,correct,wrong,3
2,20,global_e05,exception,correct,abstain,8
2,20,global_e05,exception,wrong,correct,2
2,20,global_e05,exception,wrong,wrong,3
2,20,global_e05,exception,wrong,abstain,8
2,20,global_e05,exception,abstain,correct,0
2,20,global_e05,exception,abstain,wrong,0
2,20,global_e05,exception,abstain,abstain,1
2,20,position_e01,normal,correct,correct,73
2,20,position_e01,normal,correct,wrong,0
2,20,position_e01,normal,correct,abstain,45
2,20,position_e01,normal,wrong,correct,1
2,20,position_e01,normal,wrong,wrong,0
2,20,position_e01,normal,wrong,abstain,4
2,20,position_e01,normal,abstain,correct,0
2,20,position_e01,normal,abstain,wrong,0
2,20,position_e01,normal,abstain,abstain,2
2,20,position_e01,exception,correct,correct,5
2,20,position_e01,exception,correct,wrong,3
2,20,position_e01,exception,correct,abstain,9
2,20,position_e01,exception,wrong,correct,3
2,20,position_e01,exception,wrong,wrong,2
2,20,position_e01,exception,wrong,abstain,8
2,20,position_e01,exception,abstain,correct,0
2,20,position_e01,exception,abstain,wrong,0
2,20,position_e01,exception,abstain,abstain,1
2,20,position_e05,normal,correct,correct,59
2,20,position_e05,normal,correct,wrong,2
2,20,position_e05,normal,correct,abstain,57
2,20,position_e05,normal,wrong,correct,1
2,20,position_e05,normal,wrong,wrong,0
2,20,position_e05,normal,wrong,abstain,4
2,20,position_e05,normal,abstain,correct,0
2,20,position_e05,normal,abstain,wrong,0
2,20,position_e05,normal,abstain,abstain,2
2,20,position_e05,exception,correct,correct,4
2,20,position_e05,exception,correct,wrong,3
2,20,position_e05,exception,correct,abstain,10
2,20,position_e05,exception,wrong,correct,3
2,20,position_e05,exception,wrong,wrong,1
2,20,position_e05,exception,wrong,abstain,9
2,20,position_e05,exception,abstain,correct,0
2,20,position_e05,exception,abstain,wrong,0
2,20,position_e05,exception,abstain,abstain,1
2,20,global_fixed1,normal,correct,correct,12
2,20,global_fixed1,normal,correct,wrong,11
2,20,global_fixed1,normal,correct,abstain,95
2,20,global_fixed1,normal,wrong,correct,1
2,20,global_fixed1,normal,wrong,wrong,0
2,20,global_fixed1,normal,wrong,abstain,4
2,20,global_fixed1,normal,abstain,correct,0
2,20,global_fixed1,normal,abstain,wrong,0
2,20,global_fixed1,normal,abstain,abstain,2
2,20,global_fixed1,exception,correct,correct,4
2,20,global_fixed1,exception,correct,wrong,3
2,20,global_fixed1,exception,correct,abstain,10
2,20,global_fixed1,exception,wrong,correct,3
2,20,global_fixed1,exception,wrong,wrong,1
2,20,global_fixed1,exception,wrong,abstain,9
2,20,global_fixed1,exception,abstain,correct,0
2,20,global_fixed1,exception,abstain,wrong,0
2,20,global_fixed1,exception,abstain,abstain,1
2,20,position_fixed1,normal,correct,correct,12
2,20,position_fixed1,normal,correct,wrong,11
2,20,position_fixed1,normal,correct,abstain,95
2,20,position_fixed1,normal,wrong,correct,1
2,20,position_fixed1,normal,wrong,wrong,0
2,20,position_fixed1,normal,wrong,abstain,4
2,20,position_fixed1,normal,abstain,correct,0
2,20,position_fixed1,normal,abstain,wrong,0
2,20,position_fixed1,normal,abstain,abstain,2
2,20,position_fixed1,exception,correct,correct,4
2,20,position_fixed1,exception,correct,wrong,3
2,20,position_fixed1,exception,correct,abstain,10
2,20,position_fixed1,exception,wrong,correct,3
2,20,position_fixed1,exception,wrong,wrong,1
2,20,position_fixed1,exception,wrong,abstain,9
2,20,position_fixed1,exception,abstain,correct,0
2,20,position_fixed1,exception,abstain,wrong,0
2,20,position_fixed1,exception,abstain,abstain,1
