world,seed,arm,beta,eta,shop,hit,miss,false_alarm,correct_rejection,excluded_signal_silence,excluded_signal_other,excluded_noise_silence,excluded_noise_other,dprime,criterion,hit_rate,false_alarm_rate,adjusted_hit_rate,adjusted_false_alarm_rate,corrected,undefined_reason
2,1,0,5.0,0.05,乙,8,3,3,48,3,0,4,0,2.1693118179450357,0.4800705623892806,0.7272727272727273,0.058823529411764705,0.7272727272727273,0.058823529411764705,False,
2,1,0,5.0,0.05,甲,10,9,1,59,0,0,9,0,2.194057046560825,1.031016710904572,0.5263157894736842,0.016666666666666666,0.5263157894736842,0.016666666666666666,False,
2,1,1,1.0,0.01,乙,7,4,3,48,3,0,4,0,1.9134821668788433,0.6079853879223769,0.6363636363636364,0.058823529411764705,0.6363636363636364,0.058823529411764705,False,
2,1,1,1.0,0.01,甲,10,9,1,59,0,0,9,0,2.194057046560825,1.031016710904572,0.5263157894736842,0.016666666666666666,0.5263157894736842,0.016666666666666666,False,
2,1,1,1.0,0.05,乙,7,4,3,48,3,0,4,0,1.9134821668788433,0.6079853879223769,0.6363636363636364,0.058823529411764705,0.6363636363636364,0.058823529411764705,False,
2,1,1,1.0,0.05,甲,10,9,1,59,0,0,9,0,2.194057046560825,1.031016710904572,0.5263157894736842,0.016666666666666666,0.5263157894736842,0.016666666666666666,False,
2,1,1,1.0,0.1,乙,7,4,3,48,3,0,4,0,1.9134821668788433,0.6079853879223769,0.6363636363636364,0.058823529411764705,0.6363636363636364,0.058823529411764705,False,
2,1,1,1.0,0.1,甲,10,9,1,59,0,0,9,0,2.194057046560825,1.031016710904572,0.5263157894736842,0.016666666666666666,0.5263157894736842,0.016666666666666666,False,
2,1,1,5.0,0.01,乙,8,3,3,48,3,0,4,0,2.1693118179450357,0.4800705623892806,0.7272727272727273,0.058823529411764705,0.7272727272727273,0.058823529411764705,False,
2,1,1,5.0,0.01,甲,9,10,1,59,0,0,9,0,2.0620334218091436,1.0970285232804127,0.47368421052631576,0.016666666666666666,0.47368421052631576,0.016666666666666666,False,
2,1,1,5.0,0.05,乙,8,3,3,48,3,0,4,0,2.1693118179450357,0.4800705623892806,0.7272727272727273,0.058823529411764705,0.7272727272727273,0.058823529411764705,False,
2,1,1,5.0,0.05,甲,9,10,1,59,0,0,9,0,2.0620334218091436,1.0970285232804127,0.47368421052631576,0.016666666666666666,0.47368421052631576,0.016666666666666666,False,
2,1,1,5.0,0.1,乙,8,3,3,48,3,0,4,0,2.1693118179450357,0.4800705623892806,0.7272727272727273,0.058823529411764705,0.7272727272727273,0.058823529411764705,False,
2,1,1,5.0,0.1,甲,9,10,1,59,0,0,9,0,2.0620334218091436,1.0970285232804127,0.47368421052631576,0.016666666666666666,0.47368421052631576,0.016666666666666666,False,
2,1,1,10.0,0.01,乙,8,3,3,48,3,0,4,0,2.1693118179450357,0.4800705623892806,0.7272727272727273,0.058823529411764705,0.7272727272727273,0.058823529411764705,False,
2,1,1,10.0,0.01,甲,9,10,1,59,0,0,9,0,2.0620334218091436,1.0970285232804127,0.47368421052631576,0.016666666666666666,0.47368421052631576,0.016666666666666666,False,
2,1,1,10.0,0.05,乙,8,3,3,48,3,0,4,0,2.1693118179450357,0.4800705623892806,0.7272727272727273,0.058823529411764705,0.7272727272727273,0.058823529411764705,False,
2,1,1,10.0,0.05,甲,9,10,1,59,0,0,9,0,2.0620334218091436,1.0970285232804127,0.47368421052631576,0.016666666666666666,0.47368421052631576,0.016666666666666666,False,
2,1,1,10.0,0.1,乙,8,3,3,48,3,0,4,0,2.1693118179450357,0.4800705623892806,0.7272727272727273,0.058823529411764705,0.7272727272727273,0.058823529411764705,False,
2,1,1,10.0,0.1,甲,9,10,1,59,0,0,9,0,2.0620334218091436,1.0970285232804127,0.47368421052631576,0.016666666666666666,0.47368421052631576,0.016666666666666666,False,
2,1,2,1.0,0.01,乙,8,3,3,48,3,0,4,0,2.1693118179450357,0.4800705623892806,0.7272727272727273,0.058823529411764705,0.7272727272727273,0.058823529411764705,False,
2,1,2,1.0,0.01,甲,10,9,1,59,0,0,9,0,2.194057046560825,1.031016710904572,0.5263157894736842,0.016666666666666666,0.5263157894736842,0.016666666666666666,False,
2,1,2,1.0,0.05,乙,8,3,3,48,3,0,4,0,2.1693118179450357,0.4800705623892806,0.7272727272727273,0.058823529411764705,0.7272727272727273,0.058823529411764705,False,
2,1,2,1.0,0.05,甲,10,9,1,59,0,0,9,0,2.194057046560825,1.031016710904572,0.5263157894736842,0.016666666666666666,0.5263157894736842,0.016666666666666666,False,
2,1,2,1.0,0.1,乙,8,3,3,48,3,0,4,0,2.1693118179450357,0.4800705623892806,0.7272727272727273,0.058823529411764705,0.7272727272727273,0.058823529411764705,False,
2,1,2,1.0,0.1,甲,10,9,1,59,0,0,9,0,2.194057046560825,1.031016710904572,0.5263157894736842,0.016666666666666666,0.5263157894736842,0.016666666666666666,False,
2,1,2,5.0,0.01,乙,8,3,3,48,3,0,4,0,2.1693118179450357,0.4800705623892806,0.7272727272727273,0.058823529411764705,0.7272727272727273,0.058823529411764705,False,
2,1,2,5.0,0.01,甲,10,9,1,59,0,0,9,0,2.194057046560825,1.031016710904572,0.5263157894736842,0.016666666666666666,0.5263157894736842,0.016666666666666666,False,
2,1,2,5.0,0.05,乙,8,3,3,48,3,0,4,0,2.1693118179450357,0.4800705623892806,0.7272727272727273,0.058823529411764705,0.7272727272727273,0.058823529411764705,False,
2,1,2,5.0,0.05,甲,10,9,1,59,0,0,9,0,2.194057046560825,1.031016710904572,0.5263157894736842,0.016666666666666666,0.5263157894736842,0.016666666666666666,False,
2,1,2,5.0,0.1,乙,8,3,3,48,3,0,4,0,2.1693118179450357,0.4800705623892806,0.7272727272727273,0.058823529411764705,0.7272727272727273,0.058823529411764705,False,
2,1,2,5.0,0.1,甲,10,9,1,59,0,0,9,0,2.194057046560825,1.031016710904572,0.5263157894736842,0.016666666666666666,0.5263157894736842,0.016666666666666666,False,
2,1,2,10.0,0.01,乙,8,3,3,48,3,0,4,0,2.1693118179450357,0.4800705623892806,0.7272727272727273,0.058823529411764705,0.7272727272727273,0.058823529411764705,False,
2,1,2,10.0,0.01,甲,10,9,1,59,0,0,9,0,2.194057046560825,1.031016710904572,0.5263157894736842,0.016666666666666666,0.5263157894736842,0.016666666666666666,False,
2,1,2,10.0,0.05,乙,8,3,3,48,3,0,4,0,2.1693118179450357,0.4800705623892806,0.7272727272727273,0.058823529411764705,0.7272727272727273,0.058823529411764705,False,
2,1,2,10.0,0.05,甲,10,9,1,59,0,0,9,0,2.194057046560825,1.031016710904572,0.5263157894736842,0.016666666666666666,0.5263157894736842,0.016666666666666666,False,
2,1,2,10.0,0.1,乙,8,3,3,48,3,0,4,0,2.1693118179450357,0.4800705623892806,0.7272727272727273,0.058823529411764705,0.7272727272727273,0.058823529411764705,False,
2,1,2,10.0,0.1,甲,10,9,1,59,0,0,9,0,2.194057046560825,1.031016710904572,0.5263157894736842,0.016666666666666666,0.5263157894736842,0.016666666666666666,False,
2,2,0,5.0,0.05,乙,12,4,1,57,1,0,3,0,2.7888705217236422,0.7199455106657395,0.75,0.017241379310344827,0.75,0.017241379310344827,False,
2,2,0,5.0,0.05,甲,9,4,1,57,4,0,1,0,2.616782994900916,0.8059892740771026,0.6923076923076923,0.017241379310344827,0.6923076923076923,0.017241379310344827,False,
2,2,1,1.0,0.01,乙,13,3,1,57,1,0,3,0,3.0015273305464367,0.6136171062543423,0.8125,0.017241379310344827,0.8125,0.017241379310344827,False,
2,2,1,1.0,0.01,甲,9,4,1,57,4,0,1,0,2.616782994900916,0.8059892740771026,0.6923076923076923,0.017241379310344827,0.6923076923076923,0.017241379310344827,False,
2,2,1,1.0,0.05,乙,13,3,1,57,1,0,3,0,3.0015273305464367,0.6136171062543423,0.8125,0.017241379310344827,0.8125,0.017241379310344827,False,
2,2,1,1.0,0.05,甲,9,4,1,57,4,0,1,0,2.616782994900916,0.8059892740771026,0.6923076923076923,0.017241379310344827,0.6923076923076923,0.017241379310344827,False,
2,2,1,1.0,0.1,乙,13,3,1,57,1,0,3,0,3.0015273305464367,0.6136171062543423,0.8125,0.017241379310344827,0.8125,0.017241379310344827,False,
2,2,1,1.0,0.1,甲,9,4,1,57,4,0,1,0,2.616782994900916,0.8059892740771026,0.6923076923076923,0.017241379310344827,0.6923076923076923,0.017241379310344827,False,
2,2,1,5.0,0.01,乙,13,3,1,57,1,0,3,0,3.0015273305464367,0.6136171062543423,0.8125,0.017241379310344827,0.8125,0.017241379310344827,False,
2,2,1,5.0,0.01,甲,9,4,1,57,4,0,1,0,2.616782994900916,0.8059892740771026,0.6923076923076923,0.017241379310344827,0.6923076923076923,0.017241379310344827,False,
2,2,1,5.0,0.05,乙,13,3,1,57,1,0,3,0,3.0015273305464367,0.6136171062543423,0.8125,0.017241379310344827,0.8125,0.017241379310344827,False,
2,2,1,5.0,0.05,甲,9,4,1,57,4,0,1,0,2.616782994900916,0.8059892740771026,0.6923076923076923,0.017241379310344827,0.6923076923076923,0.017241379310344827,False,
2,2,1,5.0,0.1,乙,13,3,1,57,1,0,3,0,3.0015273305464367,0.6136171062543423,0.8125,0.017241379310344827,0.8125,0.017241379310344827,False,
2,2,1,5.0,0.1,甲,9,4,1,57,4,0,1,0,2.616782994900916,0.8059892740771026,0.6923076923076923,0.017241379310344827,0.6923076923076923,0.017241379310344827,False,
2,2,1,10.0,0.01,乙,13,3,1,57,1,0,3,0,3.0015273305464367,0.6136171062543423,0.8125,0.017241379310344827,0.8125,0.017241379310344827,False,
2,2,1,10.0,0.01,甲,9,4,1,57,4,0,1,0,2.616782994900916,0.8059892740771026,0.6923076923076923,0.017241379310344827,0.6923076923076923,0.017241379310344827,False,
2,2,1,10.0,0.05,乙,13,3,1,57,1,0,3,0,3.0015273305464367,0.6136171062543423,0.8125,0.017241379310344827,0.8125,0.017241379310344827,False,
2,2,1,10.0,0.05,甲,9,4,1,57,4,0,1,0,2.616782994900916,0.8059892740771026,0.6923076923076923,0.017241379310344827,0.6923076923076923,0.017241379310344827,False,
2,2,1,10.0,0.1,乙,13,3,1,57,1,0,3,0,3.0015273305464367,0.6136171062543423,0.8125,0.017241379310344827,0.8125,0.017241379310344827,False,
2,2,1,10.0,0.1,甲,9,4,1,57,4,0,1,0,2.616782994900916,0.8059892740771026,0.6923076923076923,0.017241379310344827,0.6923076923076923,0.017241379310344827,False,
2,2,2,1.0,0.01,乙,13,3,1,57,1,0,3,0,3.0015273305464367,0.6136171062543423,0.8125,0.017241379310344827,0.8125,0.017241379310344827,False,
2,2,2,1.0,0.01,甲,9,4,1,57,4,0,1,0,2.616782994900916,0.8059892740771026,0.6923076923076923,0.017241379310344827,0.6923076923076923,0.017241379310344827,False,
2,2,2,1.0,0.05,乙,13,3,1,57,1,0,3,0,3.0015273305464367,0.6136171062543423,0.8125,0.017241379310344827,0.8125,0.017241379310344827,False,
2,2,2,1.0,0.05,甲,9,4,1,57,4,0,1,0,2.616782994900916,0.8059892740771026,0.6923076923076923,0.017241379310344827,0.6923076923076923,0.017241379310344827,False,
2,2,2,1.0,0.1,乙,13,3,1,57,1,0,3,0,3.0015273305464367,0.6136171062543423,0.8125,0.017241379310344827,0.8125,0.017241379310344827,False,
2,2,2,1.0,0.1,甲,9,4,1,57,4,0,1,0,2.616782994900916,0.8059892740771026,0.6923076923076923,0.017241379310344827,0.6923076923076923,0.017241379310344827,False,
2,2,2,5.0,0.01,乙,13,3,1,57,1,0,3,0,3.0015273305464367,0.6136171062543423,0.8125,0.017241379310344827,0.8125,0.017241379310344827,False,
2,2,2,5.0,0.01,甲,9,4,1,57,4,0,1,0,2.616782994900916,0.8059892740771026,0.6923076923076923,0.017241379310344827,0.6923076923076923,0.017241379310344827,False,
2,2,2,5.0,0.05,乙,13,3,1,57,1,0,3,0,3.0015273305464367,0.6136171062543423,0.8125,0.017241379310344827,0.8125,0.017241379310344827,False,
2,2,2,5.0,0.05,甲,9,4,1,57,4,0,1,0,2.616782994900916,0.8059892740771026,0.6923076923076923,0.017241379310344827,0.6923076923076923,0.017241379310344827,False,
2,2,2,5.0,0.1,乙,13,3,1,57,1,0,3,0,3.0015273305464367,0.6136171062543423,0.8125,0.017241379310344827,0.8125,0.017241379310344827,False,
2,2,2,5.0,0.1,甲,9,4,1,57,4,0,1,0,2.616782994900916,0.8059892740771026,0.6923076923076923,0.017241379310344827,0.6923076923076923,0.017241379310344827,False,
2,2,2,10.0,0.01,乙,13,3,1,57,1,0,3,0,3.0015273305464367,0.6136171062543423,0.8125,0.017241379310344827,0.8125,0.017241379310344827,False,
2,2,2,10.0,0.01,甲,9,4,1,57,4,0,1,0,2.616782994900916,0.8059892740771026,0.6923076923076923,0.017241379310344827,0.6923076923076923,0.017241379310344827,False,
2,2,2,10.0,0.05,乙,13,3,1,57,1,0,3,0,3.0015273305464367,0.6136171062543423,0.8125,0.017241379310344827,0.8125,0.017241379310344827,False,
2,2,2,10.0,0.05,甲,9,4,1,57,4,0,1,0,2.616782994900916,0.8059892740771026,0.6923076923076923,0.017241379310344827,0.6923076923076923,0.017241379310344827,False,
2,2,2,10.0,0.1,乙,13,3,1,57,1,0,3,0,3.0015273305464367,0.6136171062543423,0.8125,0.017241379310344827,0.8125,0.017241379310344827,False,
2,2,2,10.0,0.1,甲,9,4,1,57,4,0,1,0,2.616782994900916,0.8059892740771026,0.6923076923076923,0.017241379310344827,0.6923076923076923,0.017241379310344827,False,
2,3,0,5.0,0.05,乙,9,2,0,61,3,0,4,0,3.2182004161306557,0.7968824065654149,0.8181818181818182,0.0,0.7916666666666666,0.008064516129032258,True,
2,3,0,5.0,0.05,甲,14,5,3,74,0,0,1,0,2.396512015842583,0.5646160071415907,0.7368421052631579,0.03896103896103896,0.7368421052631579,0.03896103896103896,False,
2,3,1,1.0,0.01,乙,9,2,0,61,3,0,4,0,3.2182004161306557,0.7968824065654149,0.8181818181818182,0.0,0.7916666666666666,0.008064516129032258,True,
2,3,1,1.0,0.01,甲,14,5,3,74,0,0,1,0,2.396512015842583,0.5646160071415907,0.7368421052631579,0.03896103896103896,0.7368421052631579,0.03896103896103896,False,
2,3,1,1.0,0.05,乙,9,2,0,61,3,0,4,0,3.2182004161306557,0.7968824065654149,0.8181818181818182,0.0,0.7916666666666666,0.008064516129032258,True,
2,3,1,1.0,0.05,甲,14,5,3,74,0,0,1,0,2.396512015842583,0.5646160071415907,0.7368421052631579,0.03896103896103896,0.7368421052631579,0.03896103896103896,False,
2,3,1,1.0,0.1,乙,9,2,0,61,3,0,4,0,3.2182004161306557,0.7968824065654149,0.8181818181818182,0.0,0.7916666666666666,0.008064516129032258,True,
2,3,1,1.0,0.1,甲,14,5,3,74,0,0,1,0,2.396512015842583,0.5646160071415907,0.7368421052631579,0.03896103896103896,0.7368421052631579,0.03896103896103896,False,
2,3,1,5.0,0.01,乙,9,2,0,61,3,0,4,0,3.2182004161306557,0.7968824065654149,0.8181818181818182,0.0,0.7916666666666666,0.008064516129032258,True,
2,3,1,5.0,0.01,甲,14,5,3,74,0,0,1,0,2.396512015842583,0.5646160071415907,0.7368421052631579,0.03896103896103896,0.7368421052631579,0.03896103896103896,False,
2,3,1,5.0,0.05,乙,9,2,0,61,3,0,4,0,3.2182004161306557,0.7968824065654149,0.8181818181818182,0.0,0.7916666666666666,0.008064516129032258,True,
2,3,1,5.0,0.05,甲,14,5,3,74,0,0,1,0,2.396512015842583,0.5646160071415907,0.7368421052631579,0.03896103896103896,0.7368421052631579,0.03896103896103896,False,
2,3,1,5.0,0.1,乙,9,2,0,61,3,0,4,0,3.2182004161306557,0.7968824065654149,0.8181818181818182,0.0,0.7916666666666666,0.008064516129032258,True,
2,3,1,5.0,0.1,甲,14,5,3,74,0,0,1,0,2.396512015842583,0.5646160071415907,0.7368421052631579,0.03896103896103896,0.7368421052631579,0.03896103896103896,False,
2,3,1,10.0,0.01,乙,9,2,0,61,3,0,4,0,3.2182004161306557,0.7968824065654149,0.8181818181818182,0.0,0.7916666666666666,0.008064516129032258,True,
2,3,1,10.0,0.01,甲,14,5,3,74,0,0,1,0,2.396512015842583,0.5646160071415907,0.7368421052631579,0.03896103896103896,0.7368421052631579,0.03896103896103896,False,
2,3,1,10.0,0.05,乙,9,2,0,61,3,0,4,0,3.2182004161306557,0.7968824065654149,0.8181818181818182,0.0,0.7916666666666666,0.008064516129032258,True,
2,3,1,10.0,0.05,甲,14,5,3,74,0,0,1,0,2.396512015842583,0.5646160071415907,0.7368421052631579,0.03896103896103896,0.7368421052631579,0.03896103896103896,False,
2,3,1,10.0,0.1,乙,9,2,0,61,3,0,4,0,3.2182004161306557,0.7968824065654149,0.8181818181818182,0.0,0.7916666666666666,0.008064516129032258,True,
2,3,1,10.0,0.1,甲,14,5,3,74,0,0,1,0,2.396512015842583,0.5646160071415907,0.7368421052631579,0.03896103896103896,0.7368421052631579,0.03896103896103896,False,
2,3,2,1.0,0.01,乙,9,2,0,61,3,0,4,0,3.2182004161306557,0.7968824065654149,0.8181818181818182,0.0,0.7916666666666666,0.008064516129032258,True,
2,3,2,1.0,0.01,甲,14,5,3,74,0,0,1,0,2.396512015842583,0.5646160071415907,0.7368421052631579,0.03896103896103896,0.7368421052631579,0.03896103896103896,False,
2,3,2,1.0,0.05,乙,9,2,0,61,3,0,4,0,3.2182004161306557,0.7968824065654149,0.8181818181818182,0.0,0.7916666666666666,0.008064516129032258,True,
2,3,2,1.0,0.05,甲,14,5,3,74,0,0,1,0,2.396512015842583,0.5646160071415907,0.7368421052631579,0.03896103896103896,0.7368421052631579,0.03896103896103896,False,
2,3,2,1.0,0.1,乙,9,2,0,61,3,0,4,0,3.2182004161306557,0.7968824065654149,0.8181818181818182,0.0,0.7916666666666666,0.008064516129032258,True,
2,3,2,1.0,0.1,甲,14,5,3,74,0,0,1,0,2.396512015842583,0.5646160071415907,0.7368421052631579,0.03896103896103896,0.7368421052631579,0.03896103896103896,False,
2,3,2,5.0,0.01,乙,9,2,0,61,3,0,4,0,3.2182004161306557,0.7968824065654149,0.8181818181818182,0.0,0.7916666666666666,0.008064516129032258,True,
2,3,2,5.0,0.01,甲,14,5,3,74,0,0,1,0,2.396512015842583,0.5646160071415907,0.7368421052631579,0.03896103896103896,0.7368421052631579,0.03896103896103896,False,
2,3,2,5.0,0.05,乙,9,2,0,61,3,0,4,0,3.2182004161306557,0.7968824065654149,0.8181818181818182,0.0,0.7916666666666666,0.008064516129032258,True,
2,3,2,5.0,0.05,甲,14,5,3,74,0,0,1,0,2.396512015842583,0.5646160071415907,0.7368421052631579,0.03896103896103896,0.7368421052631579,0.03896103896103896,False,
2,3,2,5.0,0.1,乙,9,2,0,61,3,0,4,0,3.2182004161306557,0.7968824065654149,0.8181818181818182,0.0,0.7916666666666666,0.008064516129032258,True,
2,3,2,5.0,0.1,甲,14,5,3,74,0,0,1,0,2.396512015842583,0.5646160071415907,0.7368421052631579,0.03896103896103896,0.7368421052631579,0.03896103896103896,False,
2,3,2,10.0,0.01,乙,9,2,0,61,3,0,4,0,3.2182004161306557,0.7968824065654149,0.8181818181818182,0.0,0.7916666666666666,0.008064516129032258,True,
2,3,2,10.0,0.01,甲,14,5,3,74,0,0,1,0,2.396512015842583,0.5646160071415907,0.7368421052631579,0.03896103896103896,0.7368421052631579,0.03896103896103896,False,
2,3,2,10.0,0.05,乙,9,2,0,61,3,0,4,0,3.2182004161306557,0.7968824065654149,0.8181818181818182,0.0,0.7916666666666666,0.008064516129032258,True,
2,3,2,10.0,0.05,甲,14,5,3,74,0,0,1,0,2.396512015842583,0.5646160071415907,0.7368421052631579,0.03896103896103896,0.7368421052631579,0.03896103896103896,False,
2,3,2,10.0,0.1,乙,9,2,0,61,3,0,4,0,3.2182004161306557,0.7968824065654149,0.8181818181818182,0.0,0.7916666666666666,0.008064516129032258,True,
2,3,2,10.0,0.1,甲,14,5,3,74,0,0,1,0,2.396512015842583,0.5646160071415907,0.7368421052631579,0.03896103896103896,0.7368421052631579,0.03896103896103896,False,
2,4,0,5.0,0.05,乙,4,1,5,55,0,0,0,0,2.224615360673553,0.27068644676386205,0.8,0.08333333333333333,0.8,0.08333333333333333,False,
2,4,0,5.0,0.05,甲,12,6,3,52,0,0,1,0,2.0330199545113334,0.5857826779602096,0.6666666666666666,0.05454545454545454,0.6666666666666666,0.05454545454545454,False,
2,4,1,1.0,0.01,乙,4,1,5,55,0,0,0,0,2.224615360673553,0.27068644676386205,0.8,0.08333333333333333,0.8,0.08333333333333333,False,
2,4,1,1.0,0.01,甲,12,6,3,52,0,0,1,0,2.0330199545113334,0.5857826779602096,0.6666666666666666,0.05454545454545454,0.6666666666666666,0.05454545454545454,False,
2,4,1,1.0,0.05,乙,4,1,5,55,0,0,0,0,2.224615360673553,0.27068644676386205,0.8,0.08333333333333333,0.8,0.08333333333333333,False,
2,4,1,1.0,0.05,甲,12,6,3,52,0,0,1,0,2.0330199545113334,0.5857826779602096,0.6666666666666666,0.05454545454545454,0.6666666666666666,0.05454545454545454,False,
2,4,1,1.0,0.1,乙,4,1,5,55,0,0,0,0,2.224615360673553,0.27068644676386205,0.8,0.08333333333333333,0.8,0.08333333333333333,False,
2,4,1,1.0,0.1,甲,12,6,3,52,0,0,1,0,2.0330199545113334,0.5857826779602096,0.6666666666666666,0.05454545454545454,0.6666666666666666,0.05454545454545454,False,
2,4,1,5.0,0.01,乙,4,1,5,55,0,0,0,0,2.224615360673553,0.27068644676386205,0.8,0.08333333333333333,0.8,0.08333333333333333,False,
2,4,1,5.0,0.01,甲,12,6,3,52,0,0,1,0,2.0330199545113334,0.5857826779602096,0.6666666666666666,0.05454545454545454,0.6666666666666666,0.05454545454545454,False,
2,4,1,5.0,0.05,乙,4,1,5,55,0,0,0,0,2.224615360673553,0.27068644676386205,0.8,0.08333333333333333,0.8,0.08333333333333333,False,
2,4,1,5.0,0.05,甲,12,6,3,52,0,0,1,0,2.0330199545113334,0.5857826779602096,0.6666666666666666,0.05454545454545454,0.6666666666666666,0.05454545454545454,False,
2,4,1,5.0,0.1,乙,4,1,5,55,0,0,0,0,2.224615360673553,0.27068644676386205,0.8,0.08333333333333333,0.8,0.08333333333333333,False,
2,4,1,5.0,0.1,甲,12,6,3,52,0,0,1,0,2.0330199545113334,0.5857826779602096,0.6666666666666666,0.05454545454545454,0.6666666666666666,0.05454545454545454,False,
2,4,1,10.0,0.01,乙,4,1,5,55,0,0,0,0,2.224615360673553,0.27068644676386205,0.8,0.08333333333333333,0.8,0.08333333333333333,False,
2,4,1,10.0,0.01,甲,12,6,3,52,0,0,1,0,2.0330199545113334,0.5857826779602096,0.6666666666666666,0.05454545454545454,0.6666666666666666,0.05454545454545454,False,
2,4,1,10.0,0.05,乙,4,1,5,55,0,0,0,0,2.224615360673553,0.27068644676386205,0.8,0.08333333333333333,0.8,0.08333333333333333,False,
2,4,1,10.0,0.05,甲,12,6,3,52,0,0,1,0,2.0330199545113334,0.5857826779602096,0.6666666666666666,0.05454545454545454,0.6666666666666666,0.05454545454545454,False,
2,4,1,10.0,0.1,乙,4,1,5,55,0,0,0,0,2.224615360673553,0.27068644676386205,0.8,0.08333333333333333,0.8,0.08333333333333333,False,
2,4,1,10.0,0.1,甲,12,6,3,52,0,0,1,0,2.0330199545113334,0.5857826779602096,0.6666666666666666,0.05454545454545454,0.6666666666666666,0.05454545454545454,False,
2,4,2,1.0,0.01,乙,4,1,5,55,0,0,0,0,2.224615360673553,0.27068644676386205,0.8,0.08333333333333333,0.8,0.08333333333333333,False,
2,4,2,1.0,0.01,甲,12,6,3,52,0,0,1,0,2.0330199545113334,0.5857826779602096,0.6666666666666666,0.05454545454545454,0.6666666666666666,0.05454545454545454,False,
2,4,2,1.0,0.05,乙,4,1,5,55,0,0,0,0,2.224615360673553,0.27068644676386205,0.8,0.08333333333333333,0.8,0.08333333333333333,False,
2,4,2,1.0,0.05,甲,12,6,3,52,0,0,1,0,2.0330199545113334,0.5857826779602096,0.6666666666666666,0.05454545454545454,0.6666666666666666,0.05454545454545454,False,
2,4,2,1.0,0.1,乙,4,1,5,55,0,0,0,0,2.224615360673553,0.27068644676386205,0.8,0.08333333333333333,0.8,0.08333333333333333,False,
2,4,2,1.0,0.1,甲,12,6,3,52,0,0,1,0,2.0330199545113334,0.5857826779602096,0.6666666666666666,0.05454545454545454,0.6666666666666666,0.05454545454545454,False,
2,4,2,5.0,0.01,乙,4,1,5,55,0,0,0,0,2.224615360673553,0.27068644676386205,0.8,0.08333333333333333,0.8,0.08333333333333333,False,
2,4,2,5.0,0.01,甲,12,6,3,52,0,0,1,0,2.0330199545113334,0.5857826779602096,0.6666666666666666,0.05454545454545454,0.6666666666666666,0.05454545454545454,False,
2,4,2,5.0,0.05,乙,4,1,5,55,0,0,0,0,2.224615360673553,0.27068644676386205,0.8,0.08333333333333333,0.8,0.08333333333333333,False,
2,4,2,5.0,0.05,甲,12,6,3,52,0,0,1,0,2.0330199545113334,0.5857826779602096,0.6666666666666666,0.05454545454545454,0.6666666666666666,0.05454545454545454,False,
2,4,2,5.0,0.1,乙,4,1,5,55,0,0,0,0,2.224615360673553,0.27068644676386205,0.8,0.08333333333333333,0.8,0.08333333333333333,False,
2,4,2,5.0,0.1,甲,12,6,3,52,0,0,1,0,2.0330199545113334,0.5857826779602096,0.6666666666666666,0.05454545454545454,0.6666666666666666,0.05454545454545454,False,
2,4,2,10.0,0.01,乙,4,1,5,55,0,0,0,0,2.224615360673553,0.27068644676386205,0.8,0.08333333333333333,0.8,0.08333333333333333,False,
2,4,2,10.0,0.01,甲,12,6,3,52,0,0,1,0,2.0330199545113334,0.5857826779602096,0.6666666666666666,0.05454545454545454,0.6666666666666666,0.05454545454545454,False,
2,4,2,10.0,0.05,乙,4,1,5,55,0,0,0,0,2.224615360673553,0.27068644676386205,0.8,0.08333333333333333,0.8,0.08333333333333333,False,
2,4,2,10.0,0.05,甲,12,6,3,52,0,0,1,0,2.0330199545113334,0.5857826779602096,0.6666666666666666,0.05454545454545454,0.6666666666666666,0.05454545454545454,False,
2,4,2,10.0,0.1,乙,4,1,5,55,0,0,0,0,2.224615360673553,0.27068644676386205,0.8,0.08333333333333333,0.8,0.08333333333333333,False,
2,4,2,10.0,0.1,甲,12,6,3,52,0,0,1,0,2.0330199545113334,0.5857826779602096,0.6666666666666666,0.05454545454545454,0.6666666666666666,0.05454545454545454,False,
2,5,0,5.0,0.05,乙,19,1,3,62,1,0,2,0,3.3282018909550786,0.01924731852606787,0.95,0.046153846153846156,0.95,0.046153846153846156,False,
2,5,0,5.0,0.05,甲,16,3,2,61,0,0,1,0,2.8588778903826437,0.4262909775287882,0.8421052631578947,0.031746031746031744,0.8421052631578947,0.031746031746031744,False,
2,5,1,1.0,0.01,乙,19,1,3,62,1,0,2,0,3.3282018909550786,0.01924731852606787,0.95,0.046153846153846156,0.95,0.046153846153846156,False,
2,5,1,1.0,0.01,甲,16,3,2,61,0,0,1,0,2.8588778903826437,0.4262909775287882,0.8421052631578947,0.031746031746031744,0.8421052631578947,0.031746031746031744,False,
2,5,1,1.0,0.05,乙,19,1,3,62,1,0,2,0,3.3282018909550786,0.01924731852606787,0.95,0.046153846153846156,0.95,0.046153846153846156,False,
2,5,1,1.0,0.05,甲,16,3,2,61,0,0,1,0,2.8588778903826437,0.4262909775287882,0.8421052631578947,0.031746031746031744,0.8421052631578947,0.031746031746031744,False,
2,5,1,1.0,0.1,乙,19,1,3,62,1,0,2,0,3.3282018909550786,0.01924731852606787,0.95,0.046153846153846156,0.95,0.046153846153846156,False,
2,5,1,1.0,0.1,甲,16,3,2,61,0,0,1,0,2.8588778903826437,0.4262909775287882,0.8421052631578947,0.031746031746031744,0.8421052631578947,0.031746031746031744,False,
2,5,1,5.0,0.01,乙,19,1,3,62,1,0,2,0,3.3282018909550786,0.01924731852606787,0.95,0.046153846153846156,0.95,0.046153846153846156,False,
2,5,1,5.0,0.01,甲,16,3,2,61,0,0,1,0,2.8588778903826437,0.4262909775287882,0.8421052631578947,0.031746031746031744,0.8421052631578947,0.031746031746031744,False,
2,5,1,5.0,0.05,乙,19,1,3,62,1,0,2,0,3.3282018909550786,0.01924731852606787,0.95,0.046153846153846156,0.95,0.046153846153846156,False,
2,5,1,5.0,0.05,甲,16,3,2,61,0,0,1,0,2.8588778903826437,0.4262909775287882,0.8421052631578947,0.031746031746031744,0.8421052631578947,0.031746031746031744,False,
2,5,1,5.0,0.1,乙,19,1,3,62,1,0,2,0,3.3282018909550786,0.01924731852606787,0.95,0.046153846153846156,0.95,0.046153846153846156,False,
2,5,1,5.0,0.1,甲,16,3,2,61,0,0,1,0,2.8588778903826437,0.4262909775287882,0.8421052631578947,0.031746031746031744,0.8421052631578947,0.031746031746031744,False,
2,5,1,10.0,0.01,乙,19,1,3,62,1,0,2,0,3.3282018909550786,0.01924731852606787,0.95,0.046153846153846156,0.95,0.046153846153846156,False,
2,5,1,10.0,0.01,甲,16,3,2,61,0,0,1,0,2.8588778903826437,0.4262909775287882,0.8421052631578947,0.031746031746031744,0.8421052631578947,0.031746031746031744,False,
2,5,1,10.0,0.05,乙,19,1,3,62,1,0,2,0,3.3282018909550786,0.01924731852606787,0.95,0.046153846153846156,0.95,0.046153846153846156,False,
2,5,1,10.0,0.05,甲,16,3,2,61,0,0,1,0,2.8588778903826437,0.4262909775287882,0.8421052631578947,0.031746031746031744,0.8421052631578947,0.031746031746031744,False,
2,5,1,10.0,0.1,乙,19,1,3,62,1,0,2,0,3.3282018909550786,0.01924731852606787,0.95,0.046153846153846156,0.95,0.046153846153846156,False,
2,5,1,10.0,0.1,甲,16,3,2,61,0,0,1,0,2.8588778903826437,0.4262909775287882,0.8421052631578947,0.031746031746031744,0.8421052631578947,0.031746031746031744,False,
2,5,2,1.0,0.01,乙,19,1,3,62,1,0,2,0,3.3282018909550786,0.01924731852606787,0.95,0.046153846153846156,0.95,0.046153846153846156,False,
2,5,2,1.0,0.01,甲,16,3,2,61,0,0,1,0,2.8588778903826437,0.4262909775287882,0.8421052631578947,0.031746031746031744,0.8421052631578947,0.031746031746031744,False,
2,5,2,1.0,0.05,乙,19,1,3,62,1,0,2,0,3.3282018909550786,0.01924731852606787,0.95,0.046153846153846156,0.95,0.046153846153846156,False,
2,5,2,1.0,0.05,甲,16,3,2,61,0,0,1,0,2.8588778903826437,0.4262909775287882,0.8421052631578947,0.031746031746031744,0.8421052631578947,0.031746031746031744,False,
2,5,2,1.0,0.1,乙,19,1,3,62,1,0,2,0,3.3282018909550786,0.01924731852606787,0.95,0.046153846153846156,0.95,0.046153846153846156,False,
2,5,2,1.0,0.1,甲,16,3,2,61,0,0,1,0,2.8588778903826437,0.4262909775287882,0.8421052631578947,0.031746031746031744,0.8421052631578947,0.031746031746031744,False,
2,5,2,5.0,0.01,乙,19,1,3,62,1,0,2,0,3.3282018909550786,0.01924731852606787,0.95,0.046153846153846156,0.95,0.046153846153846156,False,
2,5,2,5.0,0.01,甲,16,3,2,61,0,0,1,0,2.8588778903826437,0.4262909775287882,0.8421052631578947,0.031746031746031744,0.8421052631578947,0.031746031746031744,False,
2,5,2,5.0,0.05,乙,19,1,3,62,1,0,2,0,3.3282018909550786,0.01924731852606787,0.95,0.046153846153846156,0.95,0.046153846153846156,False,
2,5,2,5.0,0.05,甲,16,3,2,61,0,0,1,0,2.8588778903826437,0.4262909775287882,0.8421052631578947,0.031746031746031744,0.8421052631578947,0.031746031746031744,False,
2,5,2,5.0,0.1,乙,19,1,3,62,1,0,2,0,3.3282018909550786,0.01924731852606787,0.95,0.046153846153846156,0.95,0.046153846153846156,False,
2,5,2,5.0,0.1,甲,16,3,2,61,0,0,1,0,2.8588778903826437,0.4262909775287882,0.8421052631578947,0.031746031746031744,0.8421052631578947,0.031746031746031744,False,
2,5,2,10.0,0.01,乙,19,1,3,62,1,0,2,0,3.3282018909550786,0.01924731852606787,0.95,0.046153846153846156,0.95,0.046153846153846156,False,
2,5,2,10.0,0.01,甲,16,3,2,61,0,0,1,0,2.8588778903826437,0.4262909775287882,0.8421052631578947,0.031746031746031744,0.8421052631578947,0.031746031746031744,False,
2,5,2,10.0,0.05,乙,19,1,3,62,1,0,2,0,3.3282018909550786,0.01924731852606787,0.95,0.046153846153846156,0.95,0.046153846153846156,False,
2,5,2,10.0,0.05,甲,16,3,2,61,0,0,1,0,2.8588778903826437,0.4262909775287882,0.8421052631578947,0.031746031746031744,0.8421052631578947,0.031746031746031744,False,
2,5,2,10.0,0.1,乙,19,1,3,62,1,0,2,0,3.3282018909550786,0.01924731852606787,0.95,0.046153846153846156,0.95,0.046153846153846156,False,
2,5,2,10.0,0.1,甲,16,3,2,61,0,0,1,0,2.8588778903826437,0.4262909775287882,0.8421052631578947,0.031746031746031744,0.8421052631578947,0.031746031746031744,False,
2,6,0,5.0,0.05,乙,7,9,5,66,0,0,0,0,1.3153406675539443,0.8149810183871428,0.4375,0.07042253521126761,0.4375,0.07042253521126761,False,
2,6,0,5.0,0.05,甲,10,3,1,59,0,0,0,0,2.8643611515611145,0.6958646584044273,0.7692307692307693,0.016666666666666666,0.7692307692307693,0.016666666666666666,False,
2,6,1,1.0,0.01,乙,7,9,2,69,0,0,0,0,1.7511009972783,1.0328611832493206,0.4375,0.028169014084507043,0.4375,0.028169014084507043,False,
2,6,1,1.0,0.01,甲,11,2,1,59,0,0,0,0,3.148121466971186,0.5539845006993914,0.8461538461538461,0.016666666666666666,0.8461538461538461,0.016666666666666666,False,
2,6,1,1.0,0.05,乙,7,9,2,69,0,0,0,0,1.7511009972783,1.0328611832493206,0.4375,0.028169014084507043,0.4375,0.028169014084507043,False,
2,6,1,1.0,0.05,甲,11,2,1,59,0,0,0,0,3.148121466971186,0.5539845006993914,0.8461538461538461,0.016666666666666666,0.8461538461538461,0.016666666666666666,False,
2,6,1,1.0,0.1,乙,7,9,2,69,0,0,0,0,1.7511009972783,1.0328611832493206,0.4375,0.028169014084507043,0.4375,0.028169014084507043,False,
2,6,1,1.0,0.1,甲,11,2,1,59,0,0,0,0,3.148121466971186,0.5539845006993914,0.8461538461538461,0.016666666666666666,0.8461538461538461,0.016666666666666666,False,
2,6,1,5.0,0.01,乙,7,9,2,69,0,0,0,0,1.7511009972783,1.0328611832493206,0.4375,0.028169014084507043,0.4375,0.028169014084507043,False,
2,6,1,5.0,0.01,甲,11,2,1,59,0,0,0,0,3.148121466971186,0.5539845006993914,0.8461538461538461,0.016666666666666666,0.8461538461538461,0.016666666666666666,False,
2,6,1,5.0,0.05,乙,7,9,2,69,0,0,0,0,1.7511009972783,1.0328611832493206,0.4375,0.028169014084507043,0.4375,0.028169014084507043,False,
2,6,1,5.0,0.05,甲,11,2,1,59,0,0,0,0,3.148121466971186,0.5539845006993914,0.8461538461538461,0.016666666666666666,0.8461538461538461,0.016666666666666666,False,
2,6,1,5.0,0.1,乙,7,9,2,69,0,0,0,0,1.7511009972783,1.0328611832493206,0.4375,0.028169014084507043,0.4375,0.028169014084507043,False,
2,6,1,5.0,0.1,甲,11,2,1,59,0,0,0,0,3.148121466971186,0.5539845006993914,0.8461538461538461,0.016666666666666666,0.8461538461538461,0.016666666666666666,False,
2,6,1,10.0,0.01,乙,7,9,2,69,0,0,0,0,1.7511009972783,1.0328611832493206,0.4375,0.028169014084507043,0.4375,0.028169014084507043,False,
2,6,1,10.0,0.01,甲,11,2,1,59,0,0,0,0,3.148121466971186,0.5539845006993914,0.8461538461538461,0.016666666666666666,0.8461538461538461,0.016666666666666666,False,
2,6,1,10.0,0.05,乙,7,9,2,69,0,0,0,0,1.7511009972783,1.0328611832493206,0.4375,0.028169014084507043,0.4375,0.028169014084507043,False,
2,6,1,10.0,0.05,甲,11,2,1,59,0,0,0,0,3.148121466971186,0.5539845006993914,0.8461538461538461,0.016666666666666666,0.8461538461538461,0.016666666666666666,False,
2,6,1,10.0,0.1,乙,7,9,2,69,0,0,0,0,1.7511009972783,1.0328611832493206,0.4375,0.028169014084507043,0.4375,0.028169014084507043,False,
2,6,1,10.0,0.1,甲,11,2,1,59,0,0,0,0,3.148121466971186,0.5539845006993914,0.8461538461538461,0.016666666666666666,0.8461538461538461,0.016666666666666666,False,
2,6,2,1.0,0.01,乙,8,8,5,66,0,0,0,0,1.472651352164115,0.7363256760820575,0.5,0.07042253521126761,0.5,0.07042253521126761,False,
2,6,2,1.0,0.01,甲,10,3,1,59,0,0,0,0,2.8643611515611145,0.6958646584044273,0.7692307692307693,0.016666666666666666,0.7692307692307693,0.016666666666666666,False,
2,6,2,1.0,0.05,乙,8,8,5,66,0,0,0,0,1.472651352164115,0.7363256760820575,0.5,0.07042253521126761,0.5,0.07042253521126761,False,
2,6,2,1.0,0.05,甲,10,3,1,59,0,0,0,0,2.8643611515611145,0.6958646584044273,0.7692307692307693,0.016666666666666666,0.7692307692307693,0.016666666666666666,False,
2,6,2,1.0,0.1,乙,8,8,5,66,0,0,0,0,1.472651352164115,0.7363256760820575,0.5,0.07042253521126761,0.5,0.07042253521126761,False,
2,6,2,1.0,0.1,甲,10,3,1,59,0,0,0,0,2.8643611515611145,0.6958646584044273,0.7692307692307693,0.016666666666666666,0.7692307692307693,0.016666666666666666,False,
2,6,2,5.0,0.01,乙,8,8,5,66,0,0,0,0,1.472651352164115,0.7363256760820575,0.5,0.07042253521126761,0.5,0.07042253521126761,False,
2,6,2,5.0,0.01,甲,10,3,1,59,0,0,0,0,2.8643611515611145,0.6958646584044273,0.7692307692307693,0.016666666666666666,0.7692307692307693,0.016666666666666666,False,
2,6,2,5.0,0.05,乙,8,8,5,66,0,0,0,0,1.472651352164115,0.7363256760820575,0.5,0.07042253521126761,0.5,0.07042253521126761,False,
2,6,2,5.0,0.05,甲,10,3,1,59,0,0,0,0,2.8643611515611145,0.6958646584044273,0.7692307692307693,0.016666666666666666,0.7692307692307693,0.016666666666666666,False,
2,6,2,5.0,0.1,乙,8,8,5,66,0,0,0,0,1.472651352164115,0.7363256760820575,0.5,0.07042253521126761,0.5,0.07042253521126761,False,
2,6,2,5.0,0.1,甲,10,3,1,59,0,0,0,0,2.8643611515611145,0.6958646584044273,0.7692307692307693,0.016666666666666666,0.7692307692307693,0.016666666666666666,False,
2,6,2,10.0,0.01,乙,8,8,5,66,0,0,0,0,1.472651352164115,0.7363256760820575,0.5,0.07042253521126761,0.5,0.07042253521126761,False,
2,6,2,10.0,0.01,甲,10,3,1,59,0,0,0,0,2.8643611515611145,0.6958646584044273,0.7692307692307693,0.016666666666666666,0.7692307692307693,0.016666666666666666,False,
2,6,2,10.0,0.05,乙,8,8,5,66,0,0,0,0,1.472651352164115,0.7363256760820575,0.5,0.07042253521126761,0.5,0.07042253521126761,False,
2,6,2,10.0,0.05,甲,10,3,1,59,0,0,0,0,2.8643611515611145,0.6958646584044273,0.7692307692307693,0.016666666666666666,0.7692307692307693,0.016666666666666666,False,
2,6,2,10.0,0.1,乙,8,8,5,66,0,0,0,0,1.472651352164115,0.7363256760820575,0.5,0.07042253521126761,0.5,0.07042253521126761,False,
2,6,2,10.0,0.1,甲,10,3,1,59,0,0,0,0,2.8643611515611145,0.6958646584044273,0.7692307692307693,0.016666666666666666,0.7692307692307693,0.016666666666666666,False,
2,7,0,5.0,0.05,乙,4,3,7,52,1,0,3,0,1.361804640141823,0.5008899502782065,0.5714285714285714,0.11864406779661017,0.5714285714285714,0.11864406779661017,False,
2,7,0,5.0,0.05,甲,11,6,6,60,2,0,1,0,1.7125696799474905,0.4788928961451913,0.6470588235294118,0.09090909090909091,0.6470588235294118,0.09090909090909091,False,
2,7,1,1.0,0.01,乙,4,3,7,52,1,0,3,0,1.361804640141823,0.5008899502782065,0.5714285714285714,0.11864406779661017,0.5714285714285714,0.11864406779661017,False,
2,7,1,1.0,0.01,甲,11,6,6,60,2,0,1,0,1.7125696799474905,0.4788928961451913,0.6470588235294118,0.09090909090909091,0.6470588235294118,0.09090909090909091,False,
2,7,1,1.0,0.05,乙,4,3,7,52,1,0,3,0,1.361804640141823,0.5008899502782065,0.5714285714285714,0.11864406779661017,0.5714285714285714,0.11864406779661017,False,
2,7,1,1.0,0.05,甲,11,6,6,60,2,0,1,0,1.7125696799474905,0.4788928961451913,0.6470588235294118,0.09090909090909091,0.6470588235294118,0.09090909090909091,False,
2,7,1,1.0,0.1,乙,4,3,7,52,1,0,3,0,1.361804640141823,0.5008899502782065,0.5714285714285714,0.11864406779661017,0.5714285714285714,0.11864406779661017,False,
2,7,1,1.0,0.1,甲,11,6,6,60,2,0,1,0,1.7125696799474905,0.4788928961451913,0.6470588235294118,0.09090909090909091,0.6470588235294118,0.09090909090909091,False,
2,7,1,5.0,0.01,乙,4,3,7,52,1,0,3,0,1.361804640141823,0.5008899502782065,0.5714285714285714,0.11864406779661017,0.5714285714285714,0.11864406779661017,False,
2,7,1,5.0,0.01,甲,11,6,6,60,2,0,1,0,1.7125696799474905,0.4788928961451913,0.6470588235294118,0.09090909090909091,0.6470588235294118,0.09090909090909091,False,
2,7,1,5.0,0.05,乙,4,3,7,52,1,0,3,0,1.361804640141823,0.5008899502782065,0.5714285714285714,0.11864406779661017,0.5714285714285714,0.11864406779661017,False,
2,7,1,5.0,0.05,甲,11,6,6,60,2,0,1,0,1.7125696799474905,0.4788928961451913,0.6470588235294118,0.09090909090909091,0.6470588235294118,0.09090909090909091,False,
2,7,1,5.0,0.1,乙,4,3,7,52,1,0,3,0,1.361804640141823,0.5008899502782065,0.5714285714285714,0.11864406779661017,0.5714285714285714,0.11864406779661017,False,
2,7,1,5.0,0.1,甲,11,6,6,60,2,0,1,0,1.7125696799474905,0.4788928961451913,0.6470588235294118,0.09090909090909091,0.6470588235294118,0.09090909090909091,False,
2,7,1,10.0,0.01,乙,4,3,7,52,1,0,3,0,1.361804640141823,0.5008899502782065,0.5714285714285714,0.11864406779661017,0.5714285714285714,0.11864406779661017,False,
2,7,1,10.0,0.01,甲,11,6,6,60,2,0,1,0,1.7125696799474905,0.4788928961451913,0.6470588235294118,0.09090909090909091,0.6470588235294118,0.09090909090909091,False,
2,7,1,10.0,0.05,乙,4,3,7,52,1,0,3,0,1.361804640141823,0.5008899502782065,0.5714285714285714,0.11864406779661017,0.5714285714285714,0.11864406779661017,False,
2,7,1,10.0,0.05,甲,11,6,6,60,2,0,1,0,1.7125696799474905,0.4788928961451913,0.6470588235294118,0.09090909090909091,0.6470588235294118,0.09090909090909091,False,
2,7,1,10.0,0.1,乙,4,3,7,52,1,0,3,0,1.361804640141823,0.5008899502782065,0.5714285714285714,0.11864406779661017,0.5714285714285714,0.11864406779661017,False,
2,7,1,10.0,0.1,甲,11,6,6,60,2,0,1,0,1.7125696799474905,0.4788928961451913,0.6470588235294118,0.09090909090909091,0.6470588235294118,0.09090909090909091,False,
2,7,2,1.0,0.01,乙,4,3,7,52,1,0,3,0,1.361804640141823,0.5008899502782065,0.5714285714285714,0.11864406779661017,0.5714285714285714,0.11864406779661017,False,
2,7,2,1.0,0.01,甲,11,6,6,60,2,0,1,0,1.7125696799474905,0.4788928961451913,0.6470588235294118,0.09090909090909091,0.6470588235294118,0.09090909090909091,False,
2,7,2,1.0,0.05,乙,4,3,7,52,1,0,3,0,1.361804640141823,0.5008899502782065,0.5714285714285714,0.11864406779661017,0.5714285714285714,0.11864406779661017,False,
2,7,2,1.0,0.05,甲,11,6,6,60,2,0,1,0,1.7125696799474905,0.4788928961451913,0.6470588235294118,0.09090909090909091,0.6470588235294118,0.09090909090909091,False,
2,7,2,1.0,0.1,乙,4,3,7,52,1,0,3,0,1.361804640141823,0.5008899502782065,0.5714285714285714,0.11864406779661017,0.5714285714285714,0.11864406779661017,False,
2,7,2,1.0,0.1,甲,11,6,6,60,2,0,1,0,1.7125696799474905,0.4788928961451913,0.6470588235294118,0.09090909090909091,0.6470588235294118,0.09090909090909091,False,
2,7,2,5.0,0.01,乙,4,3,7,52,1,0,3,0,1.361804640141823,0.5008899502782065,0.5714285714285714,0.11864406779661017,0.5714285714285714,0.11864406779661017,False,
2,7,2,5.0,0.01,甲,11,6,6,60,2,0,1,0,1.7125696799474905,0.4788928961451913,0.6470588235294118,0.09090909090909091,0.6470588235294118,0.09090909090909091,False,
2,7,2,5.0,0.05,乙,4,3,7,52,1,0,3,0,1.361804640141823,0.5008899502782065,0.5714285714285714,0.11864406779661017,0.5714285714285714,0.11864406779661017,False,
2,7,2,5.0,0.05,甲,11,6,6,60,2,0,1,0,1.7125696799474905,0.4788928961451913,0.6470588235294118,0.09090909090909091,0.6470588235294118,0.09090909090909091,False,
2,7,2,5.0,0.1,乙,4,3,7,52,1,0,3,0,1.361804640141823,0.5008899502782065,0.5714285714285714,0.11864406779661017,0.5714285714285714,0.11864406779661017,False,
2,7,2,5.0,0.1,甲,11,6,6,60,2,0,1,0,1.7125696799474905,0.4788928961451913,0.6470588235294118,0.09090909090909091,0.6470588235294118,0.09090909090909091,False,
2,7,2,10.0,0.01,乙,4,3,7,52,1,0,3,0,1.361804640141823,0.5008899502782065,0.5714285714285714,0.11864406779661017,0.5714285714285714,0.11864406779661017,False,
2,7,2,10.0,0.01,甲,11,6,6,60,2,0,1,0,1.7125696799474905,0.4788928961451913,0.6470588235294118,0.09090909090909091,0.6470588235294118,0.09090909090909091,False,
2,7,2,10.0,0.05,乙,4,3,7,52,1,0,3,0,1.361804640141823,0.5008899502782065,0.5714285714285714,0.11864406779661017,0.5714285714285714,0.11864406779661017,False,
2,7,2,10.0,0.05,甲,11,6,6,60,2,0,1,0,1.7125696799474905,0.4788928961451913,0.6470588235294118,0.09090909090909091,0.6470588235294118,0.09090909090909091,False,
2,7,2,10.0,0.1,乙,4,3,7,52,1,0,3,0,1.361804640141823,0.5008899502782065,0.5714285714285714,0.11864406779661017,0.5714285714285714,0.11864406779661017,False,
2,7,2,10.0,0.1,甲,11,6,6,60,2,0,1,0,1.7125696799474905,0.4788928961451913,0.6470588235294118,0.09090909090909091,0.6470588235294118,0.09090909090909091,False,
2,8,0,5.0,0.05,乙,6,9,0,59,1,0,1,0,2.1567776904897213,1.3155909545736484,0.4,0.0,0.40625,0.008333333333333333,True,
2,8,0,5.0,0.05,甲,5,3,2,51,1,0,7,0,2.0962264390377676,0.7294738555545087,0.625,0.03773584905660377,0.625,0.03773584905660377,False,
2,8,1,1.0,0.01,乙,5,10,0,59,1,0,1,0,1.9917297344967837,1.3981149325701172,0.3333333333333333,0.0,0.34375,0.008333333333333333,True,
2,8,1,1.0,0.01,甲,5,3,2,51,1,0,7,0,2.0962264390377676,0.7294738555545087,0.625,0.03773584905660377,0.625,0.03773584905660377,False,
2,8,1,1.0,0.05,乙,5,10,0,59,1,0,1,0,1.9917297344967837,1.3981149325701172,0.3333333333333333,0.0,0.34375,0.008333333333333333,True,
2,8,1,1.0,0.05,甲,5,3,2,51,1,0,7,0,2.0962264390377676,0.7294738555545087,0.625,0.03773584905660377,0.625,0.03773584905660377,False,
2,8,1,1.0,0.1,乙,5,10,0,59,1,0,1,0,1.9917297344967837,1.3981149325701172,0.3333333333333333,0.0,0.34375,0.008333333333333333,True,
2,8,1,1.0,0.1,甲,5,3,2,51,1,0,7,0,2.0962264390377676,0.7294738555545087,0.625,0.03773584905660377,0.625,0.03773584905660377,False,
2,8,1,5.0,0.01,乙,6,9,0,59,1,0,1,0,2.1567776904897213,1.3155909545736484,0.4,0.0,0.40625,0.008333333333333333,True,
2,8,1,5.0,0.01,甲,5,3,2,51,1,0,7,0,2.0962264390377676,0.7294738555545087,0.625,0.03773584905660377,0.625,0.03773584905660377,False,
2,8,1,5.0,0.05,乙,6,9,0,59,1,0,1,0,2.1567776904897213,1.3155909545736484,0.4,0.0,0.40625,0.008333333333333333,True,
2,8,1,5.0,0.05,甲,5,3,2,51,1,0,7,0,2.0962264390377676,0.7294738555545087,0.625,0.03773584905660377,0.625,0.03773584905660377,False,
2,8,1,5.0,0.1,乙,6,9,0,59,1,0,1,0,2.1567776904897213,1.3155909545736484,0.4,0.0,0.40625,0.008333333333333333,True,
2,8,1,5.0,0.1,甲,5,3,2,51,1,0,7,0,2.0962264390377676,0.7294738555545087,0.625,0.03773584905660377,0.625,0.03773584905660377,False,
2,8,1,10.0,0.01,乙,6,9,0,59,1,0,1,0,2.1567776904897213,1.3155909545736484,0.4,0.0,0.40625,0.008333333333333333,True,
2,8,1,10.0,0.01,甲,5,3,2,51,1,0,7,0,2.0962264390377676,0.7294738555545087,0.625,0.03773584905660377,0.625,0.03773584905660377,False,
2,8,1,10.0,0.05,乙,6,9,0,59,1,0,1,0,2.1567776904897213,1.3155909545736484,0.4,0.0,0.40625,0.008333333333333333,True,
2,8,1,10.0,0.05,甲,5,3,2,51,1,0,7,0,2.0962264390377676,0.7294738555545087,0.625,0.03773584905660377,0.625,0.03773584905660377,False,
2,8,1,10.0,0.1,乙,6,9,0,59,1,0,1,0,2.1567776904897213,1.3155909545736484,0.4,0.0,0.40625,0.008333333333333333,True,
2,8,1,10.0,0.1,甲,5,3,2,51,1,0,7,0,2.0962264390377676,0.7294738555545087,0.625,0.03773584905660377,0.625,0.03773584905660377,False,
2,8,2,1.0,0.01,乙,6,9,0,59,1,0,1,0,2.1567776904897213,1.3155909545736484,0.4,0.0,0.40625,0.008333333333333333,True,
2,8,2,1.0,0.01,甲,5,3,2,51,1,0,7,0,2.0962264390377676,0.7294738555545087,0.625,0.03773584905660377,0.625,0.03773584905660377,False,
2,8,2,1.0,0.05,乙,6,9,0,59,1,0,1,0,2.1567776904897213,1.3155909545736484,0.4,0.0,0.40625,0.008333333333333333,True,
2,8,2,1.0,0.05,甲,5,3,2,51,1,0,7,0,2.0962264390377676,0.7294738555545087,0.625,0.03773584905660377,0.625,0.03773584905660377,False,
2,8,2,1.0,0.1,乙,6,9,0,59,1,0,1,0,2.1567776904897213,1.3155909545736484,0.4,0.0,0.40625,0.008333333333333333,True,
2,8,2,1.0,0.1,甲,5,3,2,51,1,0,7,0,2.0962264390377676,0.7294738555545087,0.625,0.03773584905660377,0.625,0.03773584905660377,False,
2,8,2,5.0,0.01,乙,6,9,0,59,1,0,1,0,2.1567776904897213,1.3155909545736484,0.4,0.0,0.40625,0.008333333333333333,True,
2,8,2,5.0,0.01,甲,5,3,2,51,1,0,7,0,2.0962264390377676,0.7294738555545087,0.625,0.03773584905660377,0.625,0.03773584905660377,False,
2,8,2,5.0,0.05,乙,6,9,0,59,1,0,1,0,2.1567776904897213,1.3155909545736484,0.4,0.0,0.40625,0.008333333333333333,True,
2,8,2,5.0,0.05,甲,5,3,2,51,1,0,7,0,2.0962264390377676,0.7294738555545087,0.625,0.03773584905660377,0.625,0.03773584905660377,False,
2,8,2,5.0,0.1,乙,6,9,0,59,1,0,1,0,2.1567776904897213,1.3155909545736484,0.4,0.0,0.40625,0.008333333333333333,True,
2,8,2,5.0,0.1,甲,5,3,2,51,1,0,7,0,2.0962264390377676,0.7294738555545087,0.625,0.03773584905660377,0.625,0.03773584905660377,False,
2,8,2,10.0,0.01,乙,6,9,0,59,1,0,1,0,2.1567776904897213,1.3155909545736484,0.4,0.0,0.40625,0.008333333333333333,True,
2,8,2,10.0,0.01,甲,5,3,2,51,1,0,7,0,2.0962264390377676,0.7294738555545087,0.625,0.03773584905660377,0.625,0.03773584905660377,False,
2,8,2,10.0,0.05,乙,6,9,0,59,1,0,1,0,2.1567776904897213,1.3155909545736484,0.4,0.0,0.40625,0.008333333333333333,True,
2,8,2,10.0,0.05,甲,5,3,2,51,1,0,7,0,2.0962264390377676,0.7294738555545087,0.625,0.03773584905660377,0.625,0.03773584905660377,False,
2,8,2,10.0,0.1,乙,6,9,0,59,1,0,1,0,2.1567776904897213,1.3155909545736484,0.4,0.0,0.40625,0.008333333333333333,True,
2,8,2,10.0,0.1,甲,5,3,2,51,1,0,7,0,2.0962264390377676,0.7294738555545087,0.625,0.03773584905660377,0.625,0.03773584905660377,False,
2,9,0,5.0,0.05,乙,8,3,1,62,0,0,0,0,2.7521792301392796,0.7715042684864024,0.7272727272727273,0.015873015873015872,0.7272727272727273,0.015873015873015872,False,
2,9,0,5.0,0.05,甲,9,3,0,50,1,0,0,0,2.948909679403111,0.8593137351055823,0.75,0.0,0.7307692307692307,0.00980392156862745,True,
2,9,1,1.0,0.01,乙,8,3,1,62,0,0,0,0,2.7521792301392796,0.7715042684864024,0.7272727272727273,0.015873015873015872,0.7272727272727273,0.015873015873015872,False,
2,9,1,1.0,0.01,甲,9,3,0,50,1,0,0,0,2.948909679403111,0.8593137351055823,0.75,0.0,0.7307692307692307,0.00980392156862745,True,
2,9,1,1.0,0.05,乙,8,3,1,62,0,0,0,0,2.7521792301392796,0.7715042684864024,0.7272727272727273,0.015873015873015872,0.7272727272727273,0.015873015873015872,False,
2,9,1,1.0,0.05,甲,9,3,0,50,1,0,0,0,2.948909679403111,0.8593137351055823,0.75,0.0,0.7307692307692307,0.00980392156862745,True,
2,9,1,1.0,0.1,乙,8,3,1,62,0,0,0,0,2.7521792301392796,0.7715042684864024,0.7272727272727273,0.015873015873015872,0.7272727272727273,0.015873015873015872,False,
2,9,1,1.0,0.1,甲,9,3,0,50,1,0,0,0,2.948909679403111,0.8593137351055823,0.75,0.0,0.7307692307692307,0.00980392156862745,True,
2,9,1,5.0,0.01,乙,8,3,1,62,0,0,0,0,2.7521792301392796,0.7715042684864024,0.7272727272727273,0.015873015873015872,0.7272727272727273,0.015873015873015872,False,
2,9,1,5.0,0.01,甲,9,3,0,50,1,0,0,0,2.948909679403111,0.8593137351055823,0.75,0.0,0.7307692307692307,0.00980392156862745,True,
2,9,1,5.0,0.05,乙,8,3,1,62,0,0,0,0,2.7521792301392796,0.7715042684864024,0.7272727272727273,0.015873015873015872,0.7272727272727273,0.015873015873015872,False,
2,9,1,5.0,0.05,甲,9,3,0,50,1,0,0,0,2.948909679403111,0.8593137351055823,0.75,0.0,0.7307692307692307,0.00980392156862745,True,
2,9,1,5.0,0.1,乙,8,3,1,62,0,0,0,0,2.7521792301392796,0.7715042684864024,0.7272727272727273,0.015873015873015872,0.7272727272727273,0.015873015873015872,False,
2,9,1,5.0,0.1,甲,9,3,0,50,1,0,0,0,2.948909679403111,0.8593137351055823,0.75,0.0,0.7307692307692307,0.00980392156862745,True,
2,9,1,10.0,0.01,乙,8,3,1,62,0,0,0,0,2.7521792301392796,0.7715042684864024,0.7272727272727273,0.015873015873015872,0.7272727272727273,0.015873015873015872,False,
2,9,1,10.0,0.01,甲,9,3,0,50,1,0,0,0,2.948909679403111,0.8593137351055823,0.75,0.0,0.7307692307692307,0.00980392156862745,True,
2,9,1,10.0,0.05,乙,8,3,1,62,0,0,0,0,2.7521792301392796,0.7715042684864024,0.7272727272727273,0.015873015873015872,0.7272727272727273,0.015873015873015872,False,
2,9,1,10.0,0.05,甲,9,3,0,50,1,0,0,0,2.948909679403111,0.8593137351055823,0.75,0.0,0.7307692307692307,0.00980392156862745,True,
2,9,1,10.0,0.1,乙,8,3,1,62,0,0,0,0,2.7521792301392796,0.7715042684864024,0.7272727272727273,0.015873015873015872,0.7272727272727273,0.015873015873015872,False,
2,9,1,10.0,0.1,甲,9,3,0,50,1,0,0,0,2.948909679403111,0.8593137351055823,0.75,0.0,0.7307692307692307,0.00980392156862745,True,
2,9,2,1.0,0.01,乙,8,3,1,62,0,0,0,0,2.7521792301392796,0.7715042684864024,0.7272727272727273,0.015873015873015872,0.7272727272727273,0.015873015873015872,False,
2,9,2,1.0,0.01,甲,9,3,0,50,1,0,0,0,2.948909679403111,0.8593137351055823,0.75,0.0,0.7307692307692307,0.00980392156862745,True,
2,9,2,1.0,0.05,乙,8,3,1,62,0,0,0,0,2.7521792301392796,0.7715042684864024,0.7272727272727273,0.015873015873015872,0.7272727272727273,0.015873015873015872,False,
2,9,2,1.0,0.05,甲,9,3,0,50,1,0,0,0,2.948909679403111,0.8593137351055823,0.75,0.0,0.7307692307692307,0.00980392156862745,True,
2,9,2,1.0,0.1,乙,8,3,1,62,0,0,0,0,2.7521792301392796,0.7715042684864024,0.7272727272727273,0.015873015873015872,0.7272727272727273,0.015873015873015872,False,
2,9,2,1.0,0.1,甲,9,3,0,50,1,0,0,0,2.948909679403111,0.8593137351055823,0.75,0.0,0.7307692307692307,0.00980392156862745,True,
2,9,2,5.0,0.01,乙,8,3,1,62,0,0,0,0,2.7521792301392796,0.7715042684864024,0.7272727272727273,0.015873015873015872,0.7272727272727273,0.015873015873015872,False,
2,9,2,5.0,0.01,甲,9,3,0,50,1,0,0,0,2.948909679403111,0.8593137351055823,0.75,0.0,0.7307692307692307,0.00980392156862745,True,
2,9,2,5.0,0.05,乙,8,3,1,62,0,0,0,0,2.7521792301392796,0.7715042684864024,0.7272727272727273,0.015873015873015872,0.7272727272727273,0.015873015873015872,False,
2,9,2,5.0,0.05,甲,9,3,0,50,1,0,0,0,2.948909679403111,0.8593137351055823,0.75,0.0,0.7307692307692307,0.00980392156862745,True,
2,9,2,5.0,0.1,乙,8,3,1,62,0,0,0,0,2.7521792301392796,0.7715042684864024,0.7272727272727273,0.015873015873015872,0.7272727272727273,0.015873015873015872,False,
2,9,2,5.0,0.1,甲,9,3,0,50,1,0,0,0,2.948909679403111,0.8593137351055823,0.75,0.0,0.7307692307692307,0.00980392156862745,True,
2,9,2,10.0,0.01,乙,8,3,1,62,0,0,0,0,2.7521792301392796,0.7715042684864024,0.7272727272727273,0.015873015873015872,0.7272727272727273,0.015873015873015872,False,
2,9,2,10.0,0.01,甲,9,3,0,50,1,0,0,0,2.948909679403111,0.8593137351055823,0.75,0.0,0.7307692307692307,0.00980392156862745,True,
2,9,2,10.0,0.05,乙,8,3,1,62,0,0,0,0,2.7521792301392796,0.7715042684864024,0.7272727272727273,0.015873015873015872,0.7272727272727273,0.015873015873015872,False,
2,9,2,10.0,0.05,甲,9,3,0,50,1,0,0,0,2.948909679403111,0.8593137351055823,0.75,0.0,0.7307692307692307,0.00980392156862745,True,
2,9,2,10.0,0.1,乙,8,3,1,62,0,0,0,0,2.7521792301392796,0.7715042684864024,0.7272727272727273,0.015873015873015872,0.7272727272727273,0.015873015873015872,False,
2,9,2,10.0,0.1,甲,9,3,0,50,1,0,0,0,2.948909679403111,0.8593137351055823,0.75,0.0,0.7307692307692307,0.00980392156862745,True,
2,10,0,5.0,0.05,乙,6,6,2,69,0,0,7,0,1.9084116818884707,0.9542058409442353,0.5,0.028169014084507043,0.5,0.028169014084507043,False,
2,10,0,5.0,0.05,甲,11,5,2,70,1,0,2,0,2.4032822361702264,0.7128647069704437,0.6875,0.027777777777777776,0.6875,0.027777777777777776,False,
2,10,1,1.0,0.01,乙,7,5,2,69,0,0,7,0,2.1188400761363955,0.8489916438202729,0.5833333333333334,0.028169014084507043,0.5833333333333334,0.028169014084507043,False,
2,10,1,1.0,0.01,甲,11,5,2,70,1,0,2,0,2.4032822361702264,0.7128647069704437,0.6875,0.027777777777777776,0.6875,0.027777777777777776,False,
2,10,1,1.0,0.05,乙,7,5,2,69,0,0,7,0,2.1188400761363955,0.8489916438202729,0.5833333333333334,0.028169014084507043,0.5833333333333334,0.028169014084507043,False,
2,10,1,1.0,0.05,甲,11,5,2,70,1,0,2,0,2.4032822361702264,0.7128647069704437,0.6875,0.027777777777777776,0.6875,0.027777777777777776,False,
2,10,1,1.0,0.1,乙,7,5,2,69,0,0,7,0,2.1188400761363955,0.8489916438202729,0.5833333333333334,0.028169014084507043,0.5833333333333334,0.028169014084507043,False,
2,10,1,1.0,0.1,甲,11,5,2,70,1,0,2,0,2.4032822361702264,0.7128647069704437,0.6875,0.027777777777777776,0.6875,0.027777777777777776,False,
2,10,1,5.0,0.01,乙,7,5,2,69,0,0,7,0,2.1188400761363955,0.8489916438202729,0.5833333333333334,0.028169014084507043,0.5833333333333334,0.028169014084507043,False,
2,10,1,5.0,0.01,甲,11,5,2,70,1,0,2,0,2.4032822361702264,0.7128647069704437,0.6875,0.027777777777777776,0.6875,0.027777777777777776,False,
2,10,1,5.0,0.05,乙,7,5,2,69,0,0,7,0,2.1188400761363955,0.8489916438202729,0.5833333333333334,0.028169014084507043,0.5833333333333334,0.028169014084507043,False,
2,10,1,5.0,0.05,甲,11,5,2,70,1,0,2,0,2.4032822361702264,0.7128647069704437,0.6875,0.027777777777777776,0.6875,0.027777777777777776,False,
2,10,1,5.0,0.1,乙,7,5,2,69,0,0,7,0,2.1188400761363955,0.8489916438202729,0.5833333333333334,0.028169014084507043,0.5833333333333334,0.028169014084507043,False,
2,10,1,5.0,0.1,甲,11,5,2,70,1,0,2,0,2.4032822361702264,0.7128647069704437,0.6875,0.027777777777777776,0.6875,0.027777777777777776,False,
2,10,1,10.0,0.01,乙,7,5,2,69,0,0,7,0,2.1188400761363955,0.8489916438202729,0.5833333333333334,0.028169014084507043,0.5833333333333334,0.028169014084507043,False,
2,10,1,10.0,0.01,甲,11,5,2,70,1,0,2,0,2.4032822361702264,0.7128647069704437,0.6875,0.027777777777777776,0.6875,0.027777777777777776,False,
2,10,1,10.0,0.05,乙,7,5,2,69,0,0,7,0,2.1188400761363955,0.8489916438202729,0.5833333333333334,0.028169014084507043,0.5833333333333334,0.028169014084507043,False,
2,10,1,10.0,0.05,甲,11,5,2,70,1,0,2,0,2.4032822361702264,0.7128647069704437,0.6875,0.027777777777777776,0.6875,0.027777777777777776,False,
2,10,1,10.0,0.1,乙,7,5,2,69,0,0,7,0,2.1188400761363955,0.8489916438202729,0.5833333333333334,0.028169014084507043,0.5833333333333334,0.028169014084507043,False,
2,10,1,10.0,0.1,甲,11,5,2,70,1,0,2,0,2.4032822361702264,0.7128647069704437,0.6875,0.027777777777777776,0.6875,0.027777777777777776,False,
2,10,2,1.0,0.01,乙,7,5,2,69,0,0,7,0,2.1188400761363955,0.8489916438202729,0.5833333333333334,0.028169014084507043,0.5833333333333334,0.028169014084507043,False,
2,10,2,1.0,0.01,甲,11,5,2,70,1,0,2,0,2.4032822361702264,0.7128647069704437,0.6875,0.027777777777777776,0.6875,0.027777777777777776,False,
2,10,2,1.0,0.05,乙,7,5,2,69,0,0,7,0,2.1188400761363955,0.8489916438202729,0.5833333333333334,0.028169014084507043,0.5833333333333334,0.028169014084507043,False,
2,10,2,1.0,0.05,甲,11,5,2,70,1,0,2,0,2.4032822361702264,0.7128647069704437,0.6875,0.027777777777777776,0.6875,0.027777777777777776,False,
2,10,2,1.0,0.1,乙,7,5,2,69,0,0,7,0,2.1188400761363955,0.8489916438202729,0.5833333333333334,0.028169014084507043,0.5833333333333334,0.028169014084507043,False,
2,10,2,1.0,0.1,甲,11,5,2,70,1,0,2,0,2.4032822361702264,0.7128647069704437,0.6875,0.027777777777777776,0.6875,0.027777777777777776,False,
2,10,2,5.0,0.01,乙,7,5,2,69,0,0,7,0,2.1188400761363955,0.8489916438202729,0.5833333333333334,0.028169014084507043,0.5833333333333334,0.028169014084507043,False,
2,10,2,5.0,0.01,甲,11,5,2,70,1,0,2,0,2.4032822361702264,0.7128647069704437,0.6875,0.027777777777777776,0.6875,0.027777777777777776,False,
2,10,2,5.0,0.05,乙,7,5,2,69,0,0,7,0,2.1188400761363955,0.8489916438202729,0.5833333333333334,0.028169014084507043,0.5833333333333334,0.028169014084507043,False,
2,10,2,5.0,0.05,甲,11,5,2,70,1,0,2,0,2.4032822361702264,0.7128647069704437,0.6875,0.027777777777777776,0.6875,0.027777777777777776,False,
2,10,2,5.0,0.1,乙,7,5,2,69,0,0,7,0,2.1188400761363955,0.8489916438202729,0.5833333333333334,0.028169014084507043,0.5833333333333334,0.028169014084507043,False,
2,10,2,5.0,0.1,甲,11,5,2,70,1,0,2,0,2.4032822361702264,0.7128647069704437,0.6875,0.027777777777777776,0.6875,0.027777777777777776,False,
2,10,2,10.0,0.01,乙,7,5,2,69,0,0,7,0,2.1188400761363955,0.8489916438202729,0.5833333333333334,0.028169014084507043,0.5833333333333334,0.028169014084507043,False,
2,10,2,10.0,0.01,甲,11,5,2,70,1,0,2,0,2.4032822361702264,0.7128647069704437,0.6875,0.027777777777777776,0.6875,0.027777777777777776,False,
2,10,2,10.0,0.05,乙,7,5,2,69,0,0,7,0,2.1188400761363955,0.8489916438202729,0.5833333333333334,0.028169014084507043,0.5833333333333334,0.028169014084507043,False,
2,10,2,10.0,0.05,甲,11,5,2,70,1,0,2,0,2.4032822361702264,0.7128647069704437,0.6875,0.027777777777777776,0.6875,0.027777777777777776,False,
2,10,2,10.0,0.1,乙,7,5,2,69,0,0,7,0,2.1188400761363955,0.8489916438202729,0.5833333333333334,0.028169014084507043,0.5833333333333334,0.028169014084507043,False,
2,10,2,10.0,0.1,甲,11,5,2,70,1,0,2,0,2.4032822361702264,0.7128647069704437,0.6875,0.027777777777777776,0.6875,0.027777777777777776,False,
2,11,0,5.0,0.05,乙,10,5,3,57,3,0,4,0,2.0755809262469294,0.6070631638280075,0.6666666666666666,0.05,0.6666666666666666,0.05,False,
2,11,0,5.0,0.05,甲,10,5,2,51,2,0,3,0,2.20831437436885,0.6734298878889677,0.6666666666666666,0.03773584905660377,0.6666666666666666,0.03773584905660377,False,
2,11,1,1.0,0.01,乙,8,7,2,58,3,0,4,0,1.9175663697230432,0.8751314509543926,0.5333333333333333,0.03333333333333333,0.5333333333333333,0.03333333333333333,False,
2,11,1,1.0,0.01,甲,10,5,2,51,2,0,3,0,2.20831437436885,0.6734298878889677,0.6666666666666666,0.03773584905660377,0.6666666666666666,0.03773584905660377,False,
2,11,1,1.0,0.05,乙,8,7,2,58,3,0,4,0,1.9175663697230432,0.8751314509543926,0.5333333333333333,0.03333333333333333,0.5333333333333333,0.03333333333333333,False,
2,11,1,1.0,0.05,甲,10,5,2,51,2,0,3,0,2.20831437436885,0.6734298878889677,0.6666666666666666,0.03773584905660377,0.6666666666666666,0.03773584905660377,False,
2,11,1,1.0,0.1,乙,8,7,2,58,3,0,4,0,1.9175663697230432,0.8751314509543926,0.5333333333333333,0.03333333333333333,0.5333333333333333,0.03333333333333333,False,
2,11,1,1.0,0.1,甲,10,5,2,51,2,0,3,0,2.20831437436885,0.6734298878889677,0.6666666666666666,0.03773584905660377,0.6666666666666666,0.03773584905660377,False,
2,11,1,5.0,0.01,乙,8,7,2,58,3,0,4,0,1.9175663697230432,0.8751314509543926,0.5333333333333333,0.03333333333333333,0.5333333333333333,0.03333333333333333,False,
2,11,1,5.0,0.01,甲,10,5,2,51,2,0,3,0,2.20831437436885,0.6734298878889677,0.6666666666666666,0.03773584905660377,0.6666666666666666,0.03773584905660377,False,
2,11,1,5.0,0.05,乙,8,7,2,58,3,0,4,0,1.9175663697230432,0.8751314509543926,0.5333333333333333,0.03333333333333333,0.5333333333333333,0.03333333333333333,False,
2,11,1,5.0,0.05,甲,10,5,2,51,2,0,3,0,2.20831437436885,0.6734298878889677,0.6666666666666666,0.03773584905660377,0.6666666666666666,0.03773584905660377,False,
2,11,1,5.0,0.1,乙,8,7,2,58,3,0,4,0,1.9175663697230432,0.8751314509543926,0.5333333333333333,0.03333333333333333,0.5333333333333333,0.03333333333333333,False,
2,11,1,5.0,0.1,甲,10,5,2,51,2,0,3,0,2.20831437436885,0.6734298878889677,0.6666666666666666,0.03773584905660377,0.6666666666666666,0.03773584905660377,False,
2,11,1,10.0,0.01,乙,8,7,2,58,3,0,4,0,1.9175663697230432,0.8751314509543926,0.5333333333333333,0.03333333333333333,0.5333333333333333,0.03333333333333333,False,
2,11,1,10.0,0.01,甲,10,5,2,51,2,0,3,0,2.20831437436885,0.6734298878889677,0.6666666666666666,0.03773584905660377,0.6666666666666666,0.03773584905660377,False,
2,11,1,10.0,0.05,乙,8,7,2,58,3,0,4,0,1.9175663697230432,0.8751314509543926,0.5333333333333333,0.03333333333333333,0.5333333333333333,0.03333333333333333,False,
2,11,1,10.0,0.05,甲,10,5,2,51,2,0,3,0,2.20831437436885,0.6734298878889677,0.6666666666666666,0.03773584905660377,0.6666666666666666,0.03773584905660377,False,
2,11,1,10.0,0.1,乙,8,7,2,58,3,0,4,0,1.9175663697230432,0.8751314509543926,0.5333333333333333,0.03333333333333333,0.5333333333333333,0.03333333333333333,False,
2,11,1,10.0,0.1,甲,10,5,2,51,2,0,3,0,2.20831437436885,0.6734298878889677,0.6666666666666666,0.03773584905660377,0.6666666666666666,0.03773584905660377,False,
2,11,2,1.0,0.01,乙,10,5,3,57,3,0,4,0,2.0755809262469294,0.6070631638280075,0.6666666666666666,0.05,0.6666666666666666,0.05,False,
2,11,2,1.0,0.01,甲,10,5,2,51,2,0,3,0,2.20831437436885,0.6734298878889677,0.6666666666666666,0.03773584905660377,0.6666666666666666,0.03773584905660377,False,
2,11,2,1.0,0.05,乙,10,5,3,57,3,0,4,0,2.0755809262469294,0.6070631638280075,0.6666666666666666,0.05,0.6666666666666666,0.05,False,
2,11,2,1.0,0.05,甲,10,5,2,51,2,0,3,0,2.20831437436885,0.6734298878889677,0.6666666666666666,0.03773584905660377,0.6666666666666666,0.03773584905660377,False,
2,11,2,1.0,0.1,乙,10,5,3,57,3,0,4,0,2.0755809262469294,0.6070631638280075,0.6666666666666666,0.05,0.6666666666666666,0.05,False,
2,11,2,1.0,0.1,甲,10,5,2,51,2,0,3,0,2.20831437436885,0.6734298878889677,0.6666666666666666,0.03773584905660377,0.6666666666666666,0.03773584905660377,False,
2,11,2,5.0,0.01,乙,10,5,3,57,3,0,4,0,2.0755809262469294,0.6070631638280075,0.6666666666666666,0.05,0.6666666666666666,0.05,False,
2,11,2,5.0,0.01,甲,10,5,2,51,2,0,3,0,2.20831437436885,0.6734298878889677,0.6666666666666666,0.03773584905660377,0.6666666666666666,0.03773584905660377,False,
2,11,2,5.0,0.05,乙,10,5,3,57,3,0,4,0,2.0755809262469294,0.6070631638280075,0.6666666666666666,0.05,0.6666666666666666,0.05,False,
2,11,2,5.0,0.05,甲,10,5,2,51,2,0,3,0,2.20831437436885,0.6734298878889677,0.6666666666666666,0.03773584905660377,0.6666666666666666,0.03773584905660377,False,
2,11,2,5.0,0.1,乙,10,5,3,57,3,0,4,0,2.0755809262469294,0.6070631638280075,0.6666666666666666,0.05,0.6666666666666666,0.05,False,
2,11,2,5.0,0.1,甲,10,5,2,51,2,0,3,0,2.20831437436885,0.6734298878889677,0.6666666666666666,0.03773584905660377,0.6666666666666666,0.03773584905660377,False,
2,11,2,10.0,0.01,乙,10,5,3,57,3,0,4,0,2.0755809262469294,0.6070631638280075,0.6666666666666666,0.05,0.6666666666666666,0.05,False,
2,11,2,10.0,0.01,甲,9,6,2,51,2,0,3,0,2.0309341782091925,0.7621199859687964,0.6,0.03773584905660377,0.6,0.03773584905660377,False,
2,11,2,10.0,0.05,乙,10,5,3,57,3,0,4,0,2.0755809262469294,0.6070631638280075,0.6666666666666666,0.05,0.6666666666666666,0.05,False,
2,11,2,10.0,0.05,甲,9,6,2,51,2,0,3,0,2.0309341782091925,0.7621199859687964,0.6,0.03773584905660377,0.6,0.03773584905660377,False,
2,11,2,10.0,0.1,乙,10,5,3,57,3,0,4,0,2.0755809262469294,0.6070631638280075,0.6666666666666666,0.05,0.6666666666666666,0.05,False,
2,11,2,10.0,0.1,甲,9,6,2,51,2,0,3,0,2.0309341782091925,0.7621199859687964,0.6,0.03773584905660377,0.6,0.03773584905660377,False,
2,12,0,5.0,0.05,乙,10,3,4,57,2,0,9,0,2.2459080072815127,0.3866380862646266,0.7692307692307693,0.06557377049180328,0.7692307692307693,0.06557377049180328,False,
2,12,0,5.0,0.05,甲,11,3,2,58,2,0,0,0,2.6255532435592888,0.5211380140362698,0.7857142857142857,0.03333333333333333,0.7857142857142857,0.03333333333333333,False,
2,12,1,1.0,0.01,乙,10,3,4,57,2,0,9,0,2.2459080072815127,0.3866380862646266,0.7692307692307693,0.06557377049180328,0.7692307692307693,0.06557377049180328,False,
2,12,1,1.0,0.01,甲,11,3,2,58,2,0,0,0,2.6255532435592888,0.5211380140362698,0.7857142857142857,0.03333333333333333,0.7857142857142857,0.03333333333333333,False,
2,12,1,1.0,0.05,乙,10,3,4,57,2,0,9,0,2.2459080072815127,0.3866380862646266,0.7692307692307693,0.06557377049180328,0.7692307692307693,0.06557377049180328,False,
2,12,1,1.0,0.05,甲,11,3,2,58,2,0,0,0,2.6255532435592888,0.5211380140362698,0.7857142857142857,0.03333333333333333,0.7857142857142857,0.03333333333333333,False,
2,12,1,1.0,0.1,乙,10,3,4,57,2,0,9,0,2.2459080072815127,0.3866380862646266,0.7692307692307693,0.06557377049180328,0.7692307692307693,0.06557377049180328,False,
2,12,1,1.0,0.1,甲,11,3,2,58,2,0,0,0,2.6255532435592888,0.5211380140362698,0.7857142857142857,0.03333333333333333,0.7857142857142857,0.03333333333333333,False,
2,12,1,5.0,0.01,乙,10,3,4,57,2,0,9,0,2.2459080072815127,0.3866380862646266,0.7692307692307693,0.06557377049180328,0.7692307692307693,0.06557377049180328,False,
2,12,1,5.0,0.01,甲,11,3,2,58,2,0,0,0,2.6255532435592888,0.5211380140362698,0.7857142857142857,0.03333333333333333,0.7857142857142857,0.03333333333333333,False,
2,12,1,5.0,0.05,乙,10,3,4,57,2,0,9,0,2.2459080072815127,0.3866380862646266,0.7692307692307693,0.06557377049180328,0.7692307692307693,0.06557377049180328,False,
2,12,1,5.0,0.05,甲,11,3,2,58,2,0,0,0,2.6255532435592888,0.5211380140362698,0.7857142857142857,0.03333333333333333,0.7857142857142857,0.03333333333333333,False,
2,12,1,5.0,0.1,乙,10,3,4,57,2,0,9,0,2.2459080072815127,0.3866380862646266,0.7692307692307693,0.06557377049180328,0.7692307692307693,0.06557377049180328,False,
2,12,1,5.0,0.1,甲,11,3,2,58,2,0,0,0,2.6255532435592888,0.5211380140362698,0.7857142857142857,0.03333333333333333,0.7857142857142857,0.03333333333333333,False,
2,12,1,10.0,0.01,乙,10,3,4,57,2,0,9,0,2.2459080072815127,0.3866380862646266,0.7692307692307693,0.06557377049180328,0.7692307692307693,0.06557377049180328,False,
2,12,1,10.0,0.01,甲,11,3,2,58,2,0,0,0,2.6255532435592888,0.5211380140362698,0.7857142857142857,0.03333333333333333,0.7857142857142857,0.03333333333333333,False,
2,12,1,10.0,0.05,乙,10,3,4,57,2,0,9,0,2.2459080072815127,0.3866380862646266,0.7692307692307693,0.06557377049180328,0.7692307692307693,0.06557377049180328,False,
2,12,1,10.0,0.05,甲,11,3,2,58,2,0,0,0,2.6255532435592888,0.5211380140362698,0.7857142857142857,0.03333333333333333,0.7857142857142857,0.03333333333333333,False,
2,12,1,10.0,0.1,乙,10,3,4,57,2,0,9,0,2.2459080072815127,0.3866380862646266,0.7692307692307693,0.06557377049180328,0.7692307692307693,0.06557377049180328,False,
2,12,1,10.0,0.1,甲,11,3,2,58,2,0,0,0,2.6255532435592888,0.5211380140362698,0.7857142857142857,0.03333333333333333,0.7857142857142857,0.03333333333333333,False,
2,12,2,1.0,0.01,乙,10,3,4,57,2,0,9,0,2.2459080072815127,0.3866380862646266,0.7692307692307693,0.06557377049180328,0.7692307692307693,0.06557377049180328,False,
2,12,2,1.0,0.01,甲,11,3,2,58,2,0,0,0,2.6255532435592888,0.5211380140362698,0.7857142857142857,0.03333333333333333,0.7857142857142857,0.03333333333333333,False,
2,12,2,1.0,0.05,乙,10,3,4,57,2,0,9,0,2.2459080072815127,0.3866380862646266,0.7692307692307693,0.06557377049180328,0.7692307692307693,0.06557377049180328,False,
2,12,2,1.0,0.05,甲,11,3,2,58,2,0,0,0,2.6255532435592888,0.5211380140362698,0.7857142857142857,0.03333333333333333,0.7857142857142857,0.03333333333333333,False,
2,12,2,1.0,0.1,乙,10,3,4,57,2,0,9,0,2.2459080072815127,0.3866380862646266,0.7692307692307693,0.06557377049180328,0.7692307692307693,0.06557377049180328,False,
2,12,2,1.0,0.1,甲,11,3,2,58,2,0,0,0,2.6255532435592888,0.5211380140362698,0.7857142857142857,0.03333333333333333,0.7857142857142857,0.03333333333333333,False,
2,12,2,5.0,0.01,乙,10,3,4,57,2,0,9,0,2.2459080072815127,0.3866380862646266,0.7692307692307693,0.06557377049180328,0.7692307692307693,0.06557377049180328,False,
2,12,2,5.0,0.01,甲,11,3,2,58,2,0,0,0,2.6255532435592888,0.5211380140362698,0.7857142857142857,0.03333333333333333,0.7857142857142857,0.03333333333333333,False,
2,12,2,5.0,0.05,乙,10,3,4,57,2,0,9,0,2.2459080072815127,0.3866380862646266,0.7692307692307693,0.06557377049180328,0.7692307692307693,0.06557377049180328,False,
2,12,2,5.0,0.05,甲,11,3,2,58,2,0,0,0,2.6255532435592888,0.5211380140362698,0.7857142857142857,0.03333333333333333,0.7857142857142857,0.03333333333333333,False,
2,12,2,5.0,0.1,乙,10,3,4,57,2,0,9,0,2.2459080072815127,0.3866380862646266,0.7692307692307693,0.06557377049180328,0.7692307692307693,0.06557377049180328,False,
2,12,2,5.0,0.1,甲,11,3,2,58,2,0,0,0,2.6255532435592888,0.5211380140362698,0.7857142857142857,0.03333333333333333,0.7857142857142857,0.03333333333333333,False,
2,12,2,10.0,0.01,乙,10,3,4,57,2,0,9,0,2.2459080072815127,0.3866380862646266,0.7692307692307693,0.06557377049180328,0.7692307692307693,0.06557377049180328,False,
2,12,2,10.0,0.01,甲,11,3,2,58,2,0,0,0,2.6255532435592888,0.5211380140362698,0.7857142857142857,0.03333333333333333,0.7857142857142857,0.03333333333333333,False,
2,12,2,10.0,0.05,乙,10,3,4,57,2,0,9,0,2.2459080072815127,0.3866380862646266,0.7692307692307693,0.06557377049180328,0.7692307692307693,0.06557377049180328,False,
2,12,2,10.0,0.05,甲,11,3,2,58,2,0,0,0,2.6255532435592888,0.5211380140362698,0.7857142857142857,0.03333333333333333,0.7857142857142857,0.03333333333333333,False,
2,12,2,10.0,0.1,乙,10,3,4,57,2,0,9,0,2.2459080072815127,0.3866380862646266,0.7692307692307693,0.06557377049180328,0.7692307692307693,0.06557377049180328,False,
2,12,2,10.0,0.1,甲,11,3,2,58,2,0,0,0,2.6255532435592888,0.5211380140362698,0.7857142857142857,0.03333333333333333,0.7857142857142857,0.03333333333333333,False,
2,13,0,5.0,0.05,乙,14,8,1,54,0,0,10,0,2.441593494022818,0.8720410514943643,0.6363636363636364,0.01818181818181818,0.6363636363636364,0.01818181818181818,False,
2,13,0,5.0,0.05,甲,6,5,2,57,1,0,7,0,1.9405415922653344,0.8560855018112389,0.5454545454545454,0.03389830508474576,0.5454545454545454,0.03389830508474576,False,
2,13,1,1.0,0.01,乙,14,8,1,54,0,0,10,0,2.441593494022818,0.8720410514943643,0.6363636363636364,0.01818181818181818,0.6363636363636364,0.01818181818181818,False,
2,13,1,1.0,0.01,甲,6,5,2,57,1,0,7,0,1.9405415922653344,0.8560855018112389,0.5454545454545454,0.03389830508474576,0.5454545454545454,0.03389830508474576,False,
2,13,1,1.0,0.05,乙,14,8,1,54,0,0,10,0,2.441593494022818,0.8720410514943643,0.6363636363636364,0.01818181818181818,0.6363636363636364,0.01818181818181818,False,
2,13,1,1.0,0.05,甲,6,5,2,57,1,0,7,0,1.9405415922653344,0.8560855018112389,0.5454545454545454,0.03389830508474576,0.5454545454545454,0.03389830508474576,False,
2,13,1,1.0,0.1,乙,14,8,1,54,0,0,10,0,2.441593494022818,0.8720410514943643,0.6363636363636364,0.01818181818181818,0.6363636363636364,0.01818181818181818,False,
2,13,1,1.0,0.1,甲,6,5,2,57,1,0,7,0,1.9405415922653344,0.8560855018112389,0.5454545454545454,0.03389830508474576,0.5454545454545454,0.03389830508474576,False,
2,13,1,5.0,0.01,乙,14,8,1,54,0,0,10,0,2.441593494022818,0.8720410514943643,0.6363636363636364,0.01818181818181818,0.6363636363636364,0.01818181818181818,False,
2,13,1,5.0,0.01,甲,6,5,2,57,1,0,7,0,1.9405415922653344,0.8560855018112389,0.5454545454545454,0.03389830508474576,0.5454545454545454,0.03389830508474576,False,
2,13,1,5.0,0.05,乙,14,8,1,54,0,0,10,0,2.441593494022818,0.8720410514943643,0.6363636363636364,0.01818181818181818,0.6363636363636364,0.01818181818181818,False,
2,13,1,5.0,0.05,甲,6,5,2,57,1,0,7,0,1.9405415922653344,0.8560855018112389,0.5454545454545454,0.03389830508474576,0.5454545454545454,0.03389830508474576,False,
2,13,1,5.0,0.1,乙,14,8,1,54,0,0,10,0,2.441593494022818,0.8720410514943643,0.6363636363636364,0.01818181818181818,0.6363636363636364,0.01818181818181818,False,
2,13,1,5.0,0.1,甲,6,5,2,58,1,0,6,0,1.9480999301373425,0.8598646707472429,0.5454545454545454,0.03333333333333333,0.5454545454545454,0.03333333333333333,False,
2,13,1,10.0,0.01,乙,14,8,1,54,0,0,10,0,2.441593494022818,0.8720410514943643,0.6363636363636364,0.01818181818181818,0.6363636363636364,0.01818181818181818,False,
2,13,1,10.0,0.01,甲,6,5,2,57,1,0,7,0,1.9405415922653344,0.8560855018112389,0.5454545454545454,0.03389830508474576,0.5454545454545454,0.03389830508474576,False,
2,13,1,10.0,0.05,乙,14,8,1,54,0,0,10,0,2.441593494022818,0.8720410514943643,0.6363636363636364,0.01818181818181818,0.6363636363636364,0.01818181818181818,False,
2,13,1,10.0,0.05,甲,6,5,2,57,1,0,7,0,1.9405415922653344,0.8560855018112389,0.5454545454545454,0.03389830508474576,0.5454545454545454,0.03389830508474576,False,
2,13,1,10.0,0.1,乙,14,8,1,54,0,0,10,0,2.441593494022818,0.8720410514943643,0.6363636363636364,0.01818181818181818,0.6363636363636364,0.01818181818181818,False,
2,13,1,10.0,0.1,甲,6,5,2,58,1,0,6,0,1.9480999301373425,0.8598646707472429,0.5454545454545454,0.03333333333333333,0.5454545454545454,0.03333333333333333,False,
2,13,2,1.0,0.01,乙,14,8,1,54,0,0,10,0,2.441593494022818,0.8720410514943643,0.6363636363636364,0.01818181818181818,0.6363636363636364,0.01818181818181818,False,
2,13,2,1.0,0.01,甲,6,5,2,57,1,0,7,0,1.9405415922653344,0.8560855018112389,0.5454545454545454,0.03389830508474576,0.5454545454545454,0.03389830508474576,False,
2,13,2,1.0,0.05,乙,14,8,1,54,0,0,10,0,2.441593494022818,0.8720410514943643,0.6363636363636364,0.01818181818181818,0.6363636363636364,0.01818181818181818,False,
2,13,2,1.0,0.05,甲,6,5,2,57,1,0,7,0,1.9405415922653344,0.8560855018112389,0.5454545454545454,0.03389830508474576,0.5454545454545454,0.03389830508474576,False,
2,13,2,1.0,0.1,乙,14,8,1,54,0,0,10,0,2.441593494022818,0.8720410514943643,0.6363636363636364,0.01818181818181818,0.6363636363636364,0.01818181818181818,False,
2,13,2,1.0,0.1,甲,6,5,2,57,1,0,7,0,1.9405415922653344,0.8560855018112389,0.5454545454545454,0.03389830508474576,0.5454545454545454,0.03389830508474576,False,
2,13,2,5.0,0.01,乙,14,8,1,54,0,0,10,0,2.441593494022818,0.8720410514943643,0.6363636363636364,0.01818181818181818,0.6363636363636364,0.01818181818181818,False,
2,13,2,5.0,0.01,甲,6,5,2,57,1,0,7,0,1.9405415922653344,0.8560855018112389,0.5454545454545454,0.03389830508474576,0.5454545454545454,0.03389830508474576,False,
2,13,2,5.0,0.05,乙,14,8,1,54,0,0,10,0,2.441593494022818,0.8720410514943643,0.6363636363636364,0.01818181818181818,0.6363636363636364,0.01818181818181818,False,
2,13,2,5.0,0.05,甲,6,5,2,57,1,0,7,0,1.9405415922653344,0.8560855018112389,0.5454545454545454,0.03389830508474576,0.5454545454545454,0.03389830508474576,False,
2,13,2,5.0,0.1,乙,14,8,1,54,0,0,10,0,2.441593494022818,0.8720410514943643,0.6363636363636364,0.01818181818181818,0.6363636363636364,0.01818181818181818,False,
2,13,2,5.0,0.1,甲,6,5,2,57,1,0,7,0,1.9405415922653344,0.8560855018112389,0.5454545454545454,0.03389830508474576,0.5454545454545454,0.03389830508474576,False,
2,13,2,10.0,0.01,乙,14,8,1,54,0,0,10,0,2.441593494022818,0.8720410514943643,0.6363636363636364,0.01818181818181818,0.6363636363636364,0.01818181818181818,False,
2,13,2,10.0,0.01,甲,6,5,2,57,1,0,7,0,1.9405415922653344,0.8560855018112389,0.5454545454545454,0.03389830508474576,0.5454545454545454,0.03389830508474576,False,
2,13,2,10.0,0.05,乙,14,8,1,54,0,0,10,0,2.441593494022818,0.8720410514943643,0.6363636363636364,0.01818181818181818,0.6363636363636364,0.01818181818181818,False,
2,13,2,10.0,0.05,甲,6,5,2,57,1,0,7,0,1.9405415922653344,0.8560855018112389,0.5454545454545454,0.03389830508474576,0.5454545454545454,0.03389830508474576,False,
2,13,2,10.0,0.1,乙,14,8,1,54,0,0,10,0,2.441593494022818,0.8720410514943643,0.6363636363636364,0.01818181818181818,0.6363636363636364,0.01818181818181818,False,
2,13,2,10.0,0.1,甲,6,5,2,58,1,0,6,0,1.9480999301373425,0.8598646707472429,0.5454545454545454,0.03333333333333333,0.5454545454545454,0.03333333333333333,False,
2,14,0,5.0,0.05,乙,11,5,5,62,1,0,3,0,1.9309488582223278,0.47669801799649436,0.6875,0.07462686567164178,0.6875,0.07462686567164178,False,
2,14,0,5.0,0.05,甲,9,6,3,55,0,0,1,0,1.881708509852706,0.6875071517905533,0.6,0.05172413793103448,0.6,0.05172413793103448,False,
2,14,1,1.0,0.01,乙,10,6,5,62,1,0,3,0,1.7608118110720334,0.5617665415716415,0.625,0.07462686567164178,0.625,0.07462686567164178,False,
2,14,1,1.0,0.01,甲,9,6,3,55,0,0,1,0,1.881708509852706,0.6875071517905533,0.6,0.05172413793103448,0.6,0.05172413793103448,False,
2,14,1,1.0,0.05,乙,10,6,5,62,1,0,3,0,1.7608118110720334,0.5617665415716415,0.625,0.07462686567164178,0.625,0.07462686567164178,False,
2,14,1,1.0,0.05,甲,9,6,3,55,0,0,1,0,1.881708509852706,0.6875071517905533,0.6,0.05172413793103448,0.6,0.05172413793103448,False,
2,14,1,1.0,0.1,乙,10,6,5,62,1,0,3,0,1.7608118110720334,0.5617665415716415,0.625,0.07462686567164178,0.625,0.07462686567164178,False,
2,14,1,1.0,0.1,甲,9,6,3,55,0,0,1,0,1.881708509852706,0.6875071517905533,0.6,0.05172413793103448,0.6,0.05172413793103448,False,
2,14,1,5.0,0.01,乙,10,6,5,62,1,0,3,0,1.7608118110720334,0.5617665415716415,0.625,0.07462686567164178,0.625,0.07462686567164178,False,
2,14,1,5.0,0.01,甲,9,6,3,55,0,0,1,0,1.881708509852706,0.6875071517905533,0.6,0.05172413793103448,0.6,0.05172413793103448,False,
2,14,1,5.0,0.05,乙,10,6,5,62,1,0,3,0,1.7608118110720334,0.5617665415716415,0.625,0.07462686567164178,0.625,0.07462686567164178,False,
2,14,1,5.0,0.05,甲,9,6,3,55,0,0,1,0,1.881708509852706,0.6875071517905533,0.6,0.05172413793103448,0.6,0.05172413793103448,False,
2,14,1,5.0,0.1,乙,10,6,5,62,1,0,3,0,1.7608118110720334,0.5617665415716415,0.625,0.07462686567164178,0.625,0.07462686567164178,False,
2,14,1,5.0,0.1,甲,9,6,3,55,0,0,1,0,1.881708509852706,0.6875071517905533,0.6,0.05172413793103448,0.6,0.05172413793103448,False,
2,14,1,10.0,0.01,乙,11,5,5,62,1,0,3,0,1.9309488582223278,0.47669801799649436,0.6875,0.07462686567164178,0.6875,0.07462686567164178,False,
2,14,1,10.0,0.01,甲,8,7,2,56,0,0,1,0,1.902297326757189,0.8674969294714655,0.5333333333333333,0.034482758620689655,0.5333333333333333,0.034482758620689655,False,
2,14,1,10.0,0.05,乙,11,5,5,62,1,0,3,0,1.9309488582223278,0.47669801799649436,0.6875,0.07462686567164178,0.6875,0.07462686567164178,False,
2,14,1,10.0,0.05,甲,8,7,2,56,0,0,1,0,1.902297326757189,0.8674969294714655,0.5333333333333333,0.034482758620689655,0.5333333333333333,0.034482758620689655,False,
2,14,1,10.0,0.1,乙,11,5,5,62,1,0,3,0,1.9309488582223278,0.47669801799649436,0.6875,0.07462686567164178,0.6875,0.07462686567164178,False,
2,14,1,10.0,0.1,甲,8,7,2,56,0,0,1,0,1.902297326757189,0.8674969294714655,0.5333333333333333,0.034482758620689655,0.5333333333333333,0.034482758620689655,False,
2,14,2,1.0,0.01,乙,11,5,5,62,1,0,3,0,1.9309488582223278,0.47669801799649436,0.6875,0.07462686567164178,0.6875,0.07462686567164178,False,
2,14,2,1.0,0.01,甲,9,6,3,55,0,0,1,0,1.881708509852706,0.6875071517905533,0.6,0.05172413793103448,0.6,0.05172413793103448,False,
2,14,2,1.0,0.05,乙,11,5,5,62,1,0,3,0,1.9309488582223278,0.47669801799649436,0.6875,0.07462686567164178,0.6875,0.07462686567164178,False,
2,14,2,1.0,0.05,甲,9,6,3,55,0,0,1,0,1.881708509852706,0.6875071517905533,0.6,0.05172413793103448,0.6,0.05172413793103448,False,
2,14,2,1.0,0.1,乙,11,5,5,62,1,0,3,0,1.9309488582223278,0.47669801799649436,0.6875,0.07462686567164178,0.6875,0.07462686567164178,False,
2,14,2,1.0,0.1,甲,9,6,3,55,0,0,1,0,1.881708509852706,0.6875071517905533,0.6,0.05172413793103448,0.6,0.05172413793103448,False,
2,14,2,5.0,0.01,乙,11,5,5,62,1,0,3,0,1.9309488582223278,0.47669801799649436,0.6875,0.07462686567164178,0.6875,0.07462686567164178,False,
2,14,2,5.0,0.01,甲,9,6,3,55,0,0,1,0,1.881708509852706,0.6875071517905533,0.6,0.05172413793103448,0.6,0.05172413793103448,False,
2,14,2,5.0,0.05,乙,11,5,5,62,1,0,3,0,1.9309488582223278,0.47669801799649436,0.6875,0.07462686567164178,0.6875,0.07462686567164178,False,
2,14,2,5.0,0.05,甲,9,6,3,55,0,0,1,0,1.881708509852706,0.6875071517905533,0.6,0.05172413793103448,0.6,0.05172413793103448,False,
2,14,2,5.0,0.1,乙,11,5,5,62,1,0,3,0,1.9309488582223278,0.47669801799649436,0.6875,0.07462686567164178,0.6875,0.07462686567164178,False,
2,14,2,5.0,0.1,甲,9,6,3,55,0,0,1,0,1.881708509852706,0.6875071517905533,0.6,0.05172413793103448,0.6,0.05172413793103448,False,
2,14,2,10.0,0.01,乙,11,5,5,62,1,0,3,0,1.9309488582223278,0.47669801799649436,0.6875,0.07462686567164178,0.6875,0.07462686567164178,False,
2,14,2,10.0,0.01,甲,9,6,3,55,0,0,1,0,1.881708509852706,0.6875071517905533,0.6,0.05172413793103448,0.6,0.05172413793103448,False,
2,14,2,10.0,0.05,乙,11,5,5,62,1,0,3,0,1.9309488582223278,0.47669801799649436,0.6875,0.07462686567164178,0.6875,0.07462686567164178,False,
2,14,2,10.0,0.05,甲,9,6,3,55,0,0,1,0,1.881708509852706,0.6875071517905533,0.6,0.05172413793103448,0.6,0.05172413793103448,False,
2,14,2,10.0,0.1,乙,11,5,5,62,1,0,3,0,1.9309488582223278,0.47669801799649436,0.6875,0.07462686567164178,0.6875,0.07462686567164178,False,
2,14,2,10.0,0.1,甲,9,6,3,55,0,0,1,0,1.881708509852706,0.6875071517905533,0.6,0.05172413793103448,0.6,0.05172413793103448,False,
2,15,0,5.0,0.05,乙,6,3,3,62,1,0,4,0,2.1140755632990644,0.626310482354075,0.6666666666666666,0.046153846153846156,0.6666666666666666,0.046153846153846156,False,
2,15,0,5.0,0.05,甲,11,3,1,52,1,0,2,0,2.869351085984146,0.6430369352486984,0.7857142857142857,0.018867924528301886,0.7857142857142857,0.018867924528301886,False,
2,15,1,1.0,0.01,乙,6,3,1,64,1,0,4,0,2.59077172247974,0.8646585619444127,0.6666666666666666,0.015384615384615385,0.6666666666666666,0.015384615384615385,False,
2,15,1,1.0,0.01,甲,11,3,1,52,1,0,2,0,2.869351085984146,0.6430369352486984,0.7857142857142857,0.018867924528301886,0.7857142857142857,0.018867924528301886,False,
2,15,1,1.0,0.05,乙,6,3,1,64,1,0,4,0,2.59077172247974,0.8646585619444127,0.6666666666666666,0.015384615384615385,0.6666666666666666,0.015384615384615385,False,
2,15,1,1.0,0.05,甲,11,3,1,52,1,0,2,0,2.869351085984146,0.6430369352486984,0.7857142857142857,0.018867924528301886,0.7857142857142857,0.018867924528301886,False,
2,15,1,1.0,0.1,乙,6,3,1,64,1,0,4,0,2.59077172247974,0.8646585619444127,0.6666666666666666,0.015384615384615385,0.6666666666666666,0.015384615384615385,False,
2,15,1,1.0,0.1,甲,11,3,1,52,1,0,2,0,2.869351085984146,0.6430369352486984,0.7857142857142857,0.018867924528301886,0.7857142857142857,0.018867924528301886,False,
2,15,1,5.0,0.01,乙,6,3,1,64,1,0,4,0,2.59077172247974,0.8646585619444127,0.6666666666666666,0.015384615384615385,0.6666666666666666,0.015384615384615385,False,
2,15,1,5.0,0.01,甲,11,3,1,52,1,0,2,0,2.869351085984146,0.6430369352486984,0.7857142857142857,0.018867924528301886,0.7857142857142857,0.018867924528301886,False,
2,15,1,5.0,0.05,乙,6,3,1,64,1,0,4,0,2.59077172247974,0.8646585619444127,0.6666666666666666,0.015384615384615385,0.6666666666666666,0.015384615384615385,False,
2,15,1,5.0,0.05,甲,11,3,1,52,1,0,2,0,2.869351085984146,0.6430369352486984,0.7857142857142857,0.018867924528301886,0.7857142857142857,0.018867924528301886,False,
2,15,1,5.0,0.1,乙,6,3,1,64,1,0,4,0,2.59077172247974,0.8646585619444127,0.6666666666666666,0.015384615384615385,0.6666666666666666,0.015384615384615385,False,
2,15,1,5.0,0.1,甲,11,3,1,52,1,0,2,0,2.869351085984146,0.6430369352486984,0.7857142857142857,0.018867924528301886,0.7857142857142857,0.018867924528301886,False,
2,15,1,10.0,0.01,乙,6,3,1,64,1,0,4,0,2.59077172247974,0.8646585619444127,0.6666666666666666,0.015384615384615385,0.6666666666666666,0.015384615384615385,False,
2,15,1,10.0,0.01,甲,12,2,1,52,1,0,2,0,3.145283002118913,0.505070977181315,0.8571428571428571,0.018867924528301886,0.8571428571428571,0.018867924528301886,False,
2,15,1,10.0,0.05,乙,6,3,1,64,1,0,4,0,2.59077172247974,0.8646585619444127,0.6666666666666666,0.015384615384615385,0.6666666666666666,0.015384615384615385,False,
2,15,1,10.0,0.05,甲,12,2,1,52,1,0,2,0,3.145283002118913,0.505070977181315,0.8571428571428571,0.018867924528301886,0.8571428571428571,0.018867924528301886,False,
2,15,1,10.0,0.1,乙,6,3,1,64,1,0,4,0,2.59077172247974,0.8646585619444127,0.6666666666666666,0.015384615384615385,0.6666666666666666,0.015384615384615385,False,
2,15,1,10.0,0.1,甲,12,2,1,52,1,0,2,0,3.145283002118913,0.505070977181315,0.8571428571428571,0.018867924528301886,0.8571428571428571,0.018867924528301886,False,
2,15,2,1.0,0.01,乙,6,3,3,62,1,0,4,0,2.1140755632990644,0.626310482354075,0.6666666666666666,0.046153846153846156,0.6666666666666666,0.046153846153846156,False,
2,15,2,1.0,0.01,甲,11,3,1,52,1,0,2,0,2.869351085984146,0.6430369352486984,0.7857142857142857,0.018867924528301886,0.7857142857142857,0.018867924528301886,False,
2,15,2,1.0,0.05,乙,6,3,3,62,1,0,4,0,2.1140755632990644,0.626310482354075,0.6666666666666666,0.046153846153846156,0.6666666666666666,0.046153846153846156,False,
2,15,2,1.0,0.05,甲,11,3,1,52,1,0,2,0,2.869351085984146,0.6430369352486984,0.7857142857142857,0.018867924528301886,0.7857142857142857,0.018867924528301886,False,
2,15,2,1.0,0.1,乙,6,3,3,62,1,0,4,0,2.1140755632990644,0.626310482354075,0.6666666666666666,0.046153846153846156,0.6666666666666666,0.046153846153846156,False,
2,15,2,1.0,0.1,甲,11,3,1,52,1,0,2,0,2.869351085984146,0.6430369352486984,0.7857142857142857,0.018867924528301886,0.7857142857142857,0.018867924528301886,False,
2,15,2,5.0,0.01,乙,6,3,3,62,1,0,4,0,2.1140755632990644,0.626310482354075,0.6666666666666666,0.046153846153846156,0.6666666666666666,0.046153846153846156,False,
2,15,2,5.0,0.01,甲,11,3,1,52,1,0,2,0,2.869351085984146,0.6430369352486984,0.7857142857142857,0.018867924528301886,0.7857142857142857,0.018867924528301886,False,
2,15,2,5.0,0.05,乙,6,3,3,62,1,0,4,0,2.1140755632990644,0.626310482354075,0.6666666666666666,0.046153846153846156,0.6666666666666666,0.046153846153846156,False,
2,15,2,5.0,0.05,甲,11,3,1,52,1,0,2,0,2.869351085984146,0.6430369352486984,0.7857142857142857,0.018867924528301886,0.7857142857142857,0.018867924528301886,False,
2,15,2,5.0,0.1,乙,6,3,3,62,1,0,4,0,2.1140755632990644,0.626310482354075,0.6666666666666666,0.046153846153846156,0.6666666666666666,0.046153846153846156,False,
2,15,2,5.0,0.1,甲,11,3,1,52,1,0,2,0,2.869351085984146,0.6430369352486984,0.7857142857142857,0.018867924528301886,0.7857142857142857,0.018867924528301886,False,
2,15,2,10.0,0.01,乙,6,3,3,62,1,0,4,0,2.1140755632990644,0.626310482354075,0.6666666666666666,0.046153846153846156,0.6666666666666666,0.046153846153846156,False,
2,15,2,10.0,0.01,甲,11,3,1,52,1,0,2,0,2.869351085984146,0.6430369352486984,0.7857142857142857,0.018867924528301886,0.7857142857142857,0.018867924528301886,False,
2,15,2,10.0,0.05,乙,6,3,3,62,1,0,4,0,2.1140755632990644,0.626310482354075,0.6666666666666666,0.046153846153846156,0.6666666666666666,0.046153846153846156,False,
2,15,2,10.0,0.05,甲,11,3,1,52,1,0,2,0,2.869351085984146,0.6430369352486984,0.7857142857142857,0.018867924528301886,0.7857142857142857,0.018867924528301886,False,
2,15,2,10.0,0.1,乙,6,3,3,62,1,0,4,0,2.1140755632990644,0.626310482354075,0.6666666666666666,0.046153846153846156,0.6666666666666666,0.046153846153846156,False,
2,15,2,10.0,0.1,甲,11,3,1,52,1,0,2,0,2.869351085984146,0.6430369352486984,0.7857142857142857,0.018867924528301886,0.7857142857142857,0.018867924528301886,False,
2,16,0,5.0,0.05,乙,10,8,2,60,8,0,2,0,1.988306587383271,0.8544429948097734,0.5555555555555556,0.03225806451612903,0.5555555555555556,0.03225806451612903,False,
2,16,0,5.0,0.05,甲,5,5,2,68,1,0,1,0,1.9022164957820151,0.9511082478910076,0.5,0.02857142857142857,0.5,0.02857142857142857,False,
2,16,1,1.0,0.01,乙,10,8,2,60,8,0,2,0,1.988306587383271,0.8544429948097734,0.5555555555555556,0.03225806451612903,0.5555555555555556,0.03225806451612903,False,
2,16,1,1.0,0.01,甲,6,4,3,67,1,0,1,0,1.9717986465268247,0.7325522201276127,0.6,0.04285714285714286,0.6,0.04285714285714286,False,
2,16,1,1.0,0.05,乙,10,8,2,60,8,0,2,0,1.988306587383271,0.8544429948097734,0.5555555555555556,0.03225806451612903,0.5555555555555556,0.03225806451612903,False,
2,16,1,1.0,0.05,甲,6,4,3,67,1,0,1,0,1.9717986465268247,0.7325522201276127,0.6,0.04285714285714286,0.6,0.04285714285714286,False,
2,16,1,1.0,0.1,乙,10,8,2,60,8,0,2,0,1.988306587383271,0.8544429948097734,0.5555555555555556,0.03225806451612903,0.5555555555555556,0.03225806451612903,False,
2,16,1,1.0,0.1,甲,6,4,3,67,1,0,1,0,1.9717986465268247,0.7325522201276127,0.6,0.04285714285714286,0.6,0.04285714285714286,False,
2,16,1,5.0,0.01,乙,10,8,2,60,8,0,2,0,1.988306587383271,0.8544429948097734,0.5555555555555556,0.03225806451612903,0.5555555555555556,0.03225806451612903,False,
2,16,1,5.0,0.01,甲,5,5,3,67,1,0,1,0,1.718451543391025,0.8592257716955125,0.5,0.04285714285714286,0.5,0.04285714285714286,False,
2,16,1,5.0,0.05,乙,10,8,2,60,8,0,2,0,1.988306587383271,0.8544429948097734,0.5555555555555556,0.03225806451612903,0.5555555555555556,0.03225806451612903,False,
2,16,1,5.0,0.05,甲,5,5,3,67,1,0,1,0,1.718451543391025,0.8592257716955125,0.5,0.04285714285714286,0.5,0.04285714285714286,False,
2,16,1,5.0,0.1,乙,10,8,2,60,8,0,2,0,1.988306587383271,0.8544429948097734,0.5555555555555556,0.03225806451612903,0.5555555555555556,0.03225806451612903,False,
2,16,1,5.0,0.1,甲,5,5,3,67,1,0,1,0,1.718451543391025,0.8592257716955125,0.5,0.04285714285714286,0.5,0.04285714285714286,False,
2,16,1,10.0,0.01,乙,10,8,2,60,8,0,2,0,1.988306587383271,0.8544429948097734,0.5555555555555556,0.03225806451612903,0.5555555555555556,0.03225806451612903,False,
2,16,1,10.0,0.01,甲,5,5,2,68,1,0,1,0,1.9022164957820151,0.9511082478910076,0.5,0.02857142857142857,0.5,0.02857142857142857,False,
2,16,1,10.0,0.05,乙,10,8,2,60,8,0,2,0,1.988306587383271,0.8544429948097734,0.5555555555555556,0.03225806451612903,0.5555555555555556,0.03225806451612903,False,
2,16,1,10.0,0.05,甲,5,5,2,68,1,0,1,0,1.9022164957820151,0.9511082478910076,0.5,0.02857142857142857,0.5,0.02857142857142857,False,
2,16,1,10.0,0.1,乙,10,8,2,60,8,0,2,0,1.988306587383271,0.8544429948097734,0.5555555555555556,0.03225806451612903,0.5555555555555556,0.03225806451612903,False,
2,16,1,10.0,0.1,甲,5,5,2,68,1,0,1,0,1.9022164957820151,0.9511082478910076,0.5,0.02857142857142857,0.5,0.02857142857142857,False,
2,16,2,1.0,0.01,乙,10,8,2,60,8,0,2,0,1.988306587383271,0.8544429948097734,0.5555555555555556,0.03225806451612903,0.5555555555555556,0.03225806451612903,False,
2,16,2,1.0,0.01,甲,5,5,2,68,1,0,1,0,1.9022164957820151,0.9511082478910076,0.5,0.02857142857142857,0.5,0.02857142857142857,False,
2,16,2,1.0,0.05,乙,10,8,2,60,8,0,2,0,1.988306587383271,0.8544429948097734,0.5555555555555556,0.03225806451612903,0.5555555555555556,0.03225806451612903,False,
2,16,2,1.0,0.05,甲,5,5,2,68,1,0,1,0,1.9022164957820151,0.9511082478910076,0.5,0.02857142857142857,0.5,0.02857142857142857,False,
2,16,2,1.0,0.1,乙,10,8,2,60,8,0,2,0,1.988306587383271,0.8544429948097734,0.5555555555555556,0.03225806451612903,0.5555555555555556,0.03225806451612903,False,
2,16,2,1.0,0.1,甲,5,5,2,68,1,0,1,0,1.9022164957820151,0.9511082478910076,0.5,0.02857142857142857,0.5,0.02857142857142857,False,
2,16,2,5.0,0.01,乙,10,8,2,60,8,0,2,0,1.988306587383271,0.8544429948097734,0.5555555555555556,0.03225806451612903,0.5555555555555556,0.03225806451612903,False,
2,16,2,5.0,0.01,甲,5,5,2,68,1,0,1,0,1.9022164957820151,0.9511082478910076,0.5,0.02857142857142857,0.5,0.02857142857142857,False,
2,16,2,5.0,0.05,乙,10,8,2,60,8,0,2,0,1.988306587383271,0.8544429948097734,0.5555555555555556,0.03225806451612903,0.5555555555555556,0.03225806451612903,False,
2,16,2,5.0,0.05,甲,5,5,2,68,1,0,1,0,1.9022164957820151,0.9511082478910076,0.5,0.02857142857142857,0.5,0.02857142857142857,False,
2,16,2,5.0,0.1,乙,10,8,2,60,8,0,2,0,1.988306587383271,0.8544429948097734,0.5555555555555556,0.03225806451612903,0.5555555555555556,0.03225806451612903,False,
2,16,2,5.0,0.1,甲,5,5,2,68,1,0,1,0,1.9022164957820151,0.9511082478910076,0.5,0.02857142857142857,0.5,0.02857142857142857,False,
2,16,2,10.0,0.01,乙,10,8,2,60,8,0,2,0,1.988306587383271,0.8544429948097734,0.5555555555555556,0.03225806451612903,0.5555555555555556,0.03225806451612903,False,
2,16,2,10.0,0.01,甲,5,5,2,68,1,0,1,0,1.9022164957820151,0.9511082478910076,0.5,0.02857142857142857,0.5,0.02857142857142857,False,
2,16,2,10.0,0.05,乙,10,8,2,60,8,0,2,0,1.988306587383271,0.8544429948097734,0.5555555555555556,0.03225806451612903,0.5555555555555556,0.03225806451612903,False,
2,16,2,10.0,0.05,甲,5,5,2,68,1,0,1,0,1.9022164957820151,0.9511082478910076,0.5,0.02857142857142857,0.5,0.02857142857142857,False,
2,16,2,10.0,0.1,乙,10,8,2,60,8,0,2,0,1.988306587383271,0.8544429948097734,0.5555555555555556,0.03225806451612903,0.5555555555555556,0.03225806451612903,False,
2,16,2,10.0,0.1,甲,5,5,2,68,1,0,1,0,1.9022164957820151,0.9511082478910076,0.5,0.02857142857142857,0.5,0.02857142857142857,False,
2,17,0,5.0,0.05,乙,8,3,5,63,3,0,1,0,2.0545842553236877,0.4227067810786064,0.7272727272727273,0.07352941176470588,0.7272727272727273,0.07352941176470588,False,
2,17,0,5.0,0.05,甲,3,8,4,50,3,0,10,0,0.8415182463349378,1.0253444697507064,0.2727272727272727,0.07407407407407407,0.2727272727272727,0.07407407407407407,False,
2,17,1,1.0,0.01,乙,8,3,5,63,3,0,1,0,2.0545842553236877,0.4227067810786064,0.7272727272727273,0.07352941176470588,0.7272727272727273,0.07352941176470588,False,
2,17,1,1.0,0.01,甲,3,8,4,50,3,0,10,0,0.8415182463349378,1.0253444697507064,0.2727272727272727,0.07407407407407407,0.2727272727272727,0.07407407407407407,False,
2,17,1,1.0,0.05,乙,8,3,5,63,3,0,1,0,2.0545842553236877,0.4227067810786064,0.7272727272727273,0.07352941176470588,0.7272727272727273,0.07352941176470588,False,
2,17,1,1.0,0.05,甲,3,8,4,50,3,0,10,0,0.8415182463349378,1.0253444697507064,0.2727272727272727,0.07407407407407407,0.2727272727272727,0.07407407407407407,False,
2,17,1,1.0,0.1,乙,8,3,5,63,3,0,1,0,2.0545842553236877,0.4227067810786064,0.7272727272727273,0.07352941176470588,0.7272727272727273,0.07352941176470588,False,
2,17,1,1.0,0.1,甲,3,8,4,50,3,0,10,0,0.8415182463349378,1.0253444697507064,0.2727272727272727,0.07407407407407407,0.2727272727272727,0.07407407407407407,False,
2,17,1,5.0,0.01,乙,8,3,5,63,3,0,1,0,2.0545842553236877,0.4227067810786064,0.7272727272727273,0.07352941176470588,0.7272727272727273,0.07352941176470588,False,
2,17,1,5.0,0.01,甲,3,8,4,50,3,0,10,0,0.8415182463349378,1.0253444697507064,0.2727272727272727,0.07407407407407407,0.2727272727272727,0.07407407407407407,False,
2,17,1,5.0,0.05,乙,8,3,5,63,3,0,1,0,2.0545842553236877,0.4227067810786064,0.7272727272727273,0.07352941176470588,0.7272727272727273,0.07352941176470588,False,
2,17,1,5.0,0.05,甲,3,8,4,50,3,0,10,0,0.8415182463349378,1.0253444697507064,0.2727272727272727,0.07407407407407407,0.2727272727272727,0.07407407407407407,False,
2,17,1,5.0,0.1,乙,8,3,5,63,3,0,1,0,2.0545842553236877,0.4227067810786064,0.7272727272727273,0.07352941176470588,0.7272727272727273,0.07352941176470588,False,
2,17,1,5.0,0.1,甲,3,8,4,50,3,0,10,0,0.8415182463349378,1.0253444697507064,0.2727272727272727,0.07407407407407407,0.2727272727272727,0.07407407407407407,False,
2,17,1,10.0,0.01,乙,8,3,5,63,3,0,1,0,2.0545842553236877,0.4227067810786064,0.7272727272727273,0.07352941176470588,0.7272727272727273,0.07352941176470588,False,
2,17,1,10.0,0.01,甲,3,8,4,50,3,0,10,0,0.8415182463349378,1.0253444697507064,0.2727272727272727,0.07407407407407407,0.2727272727272727,0.07407407407407407,False,
2,17,1,10.0,0.05,乙,8,3,5,63,3,0,1,0,2.0545842553236877,0.4227067810786064,0.7272727272727273,0.07352941176470588,0.7272727272727273,0.07352941176470588,False,
2,17,1,10.0,0.05,甲,3,8,4,50,3,0,10,0,0.8415182463349378,1.0253444697507064,0.2727272727272727,0.07407407407407407,0.2727272727272727,0.07407407407407407,False,
2,17,1,10.0,0.1,乙,8,3,5,63,3,0,1,0,2.0545842553236877,0.4227067810786064,0.7272727272727273,0.07352941176470588,0.7272727272727273,0.07352941176470588,False,
2,17,1,10.0,0.1,甲,3,8,4,50,3,0,10,0,0.8415182463349378,1.0253444697507064,0.2727272727272727,0.07407407407407407,0.2727272727272727,0.07407407407407407,False,
2,17,2,1.0,0.01,乙,8,3,5,63,3,0,1,0,2.0545842553236877,0.4227067810786064,0.7272727272727273,0.07352941176470588,0.7272727272727273,0.07352941176470588,False,
2,17,2,1.0,0.01,甲,3,8,4,50,3,0,10,0,0.8415182463349378,1.0253444697507064,0.2727272727272727,0.07407407407407407,0.2727272727272727,0.07407407407407407,False,
2,17,2,1.0,0.05,乙,8,3,5,63,3,0,1,0,2.0545842553236877,0.4227067810786064,0.7272727272727273,0.07352941176470588,0.7272727272727273,0.07352941176470588,False,
2,17,2,1.0,0.05,甲,3,8,4,50,3,0,10,0,0.8415182463349378,1.0253444697507064,0.2727272727272727,0.07407407407407407,0.2727272727272727,0.07407407407407407,False,
2,17,2,1.0,0.1,乙,8,3,5,63,3,0,1,0,2.0545842553236877,0.4227067810786064,0.7272727272727273,0.07352941176470588,0.7272727272727273,0.07352941176470588,False,
2,17,2,1.0,0.1,甲,3,8,4,50,3,0,10,0,0.8415182463349378,1.0253444697507064,0.2727272727272727,0.07407407407407407,0.2727272727272727,0.07407407407407407,False,
2,17,2,5.0,0.01,乙,8,3,5,63,3,0,1,0,2.0545842553236877,0.4227067810786064,0.7272727272727273,0.07352941176470588,0.7272727272727273,0.07352941176470588,False,
2,17,2,5.0,0.01,甲,3,8,4,50,3,0,10,0,0.8415182463349378,1.0253444697507064,0.2727272727272727,0.07407407407407407,0.2727272727272727,0.07407407407407407,False,
2,17,2,5.0,0.05,乙,8,3,5,63,3,0,1,0,2.0545842553236877,0.4227067810786064,0.7272727272727273,0.07352941176470588,0.7272727272727273,0.07352941176470588,False,
2,17,2,5.0,0.05,甲,3,8,4,50,3,0,10,0,0.8415182463349378,1.0253444697507064,0.2727272727272727,0.07407407407407407,0.2727272727272727,0.07407407407407407,False,
2,17,2,5.0,0.1,乙,8,3,5,63,3,0,1,0,2.0545842553236877,0.4227067810786064,0.7272727272727273,0.07352941176470588,0.7272727272727273,0.07352941176470588,False,
2,17,2,5.0,0.1,甲,3,8,4,50,3,0,10,0,0.8415182463349378,1.0253444697507064,0.2727272727272727,0.07407407407407407,0.2727272727272727,0.07407407407407407,False,
2,17,2,10.0,0.01,乙,8,3,5,63,3,0,1,0,2.0545842553236877,0.4227067810786064,0.7272727272727273,0.07352941176470588,0.7272727272727273,0.07352941176470588,False,
2,17,2,10.0,0.01,甲,3,8,4,50,3,0,10,0,0.8415182463349378,1.0253444697507064,0.2727272727272727,0.07407407407407407,0.2727272727272727,0.07407407407407407,False,
2,17,2,10.0,0.05,乙,8,3,5,63,3,0,1,0,2.0545842553236877,0.4227067810786064,0.7272727272727273,0.07352941176470588,0.7272727272727273,0.07352941176470588,False,
2,17,2,10.0,0.05,甲,3,8,4,50,3,0,10,0,0.8415182463349378,1.0253444697507064,0.2727272727272727,0.07407407407407407,0.2727272727272727,0.07407407407407407,False,
2,17,2,10.0,0.1,乙,8,3,5,63,3,0,1,0,2.0545842553236877,0.4227067810786064,0.7272727272727273,0.07352941176470588,0.7272727272727273,0.07352941176470588,False,
2,17,2,10.0,0.1,甲,3,8,4,50,3,0,10,0,0.8415182463349378,1.0253444697507064,0.2727272727272727,0.07407407407407407,0.2727272727272727,0.07407407407407407,False,
2,18,0,5.0,0.05,乙,12,2,0,45,4,0,10,0,3.2623167753447975,0.6637368215706975,0.8571428571428571,0.0,0.8333333333333334,0.010869565217391304,True,
2,18,0,5.0,0.05,甲,9,4,0,53,3,0,11,0,2.81879176095055,0.9456881290180961,0.6923076923076923,0.0,0.6785714285714286,0.009259259259259259,True,
2,18,1,1.0,0.01,乙,12,2,0,45,4,0,10,0,3.2623167753447975,0.6637368215706975,0.8571428571428571,0.0,0.8333333333333334,0.010869565217391304,True,
2,18,1,1.0,0.01,甲,9,4,0,53,3,0,11,0,2.81879176095055,0.9456881290180961,0.6923076923076923,0.0,0.6785714285714286,0.009259259259259259,True,
2,18,1,1.0,0.05,乙,12,2,0,45,4,0,10,0,3.2623167753447975,0.6637368215706975,0.8571428571428571,0.0,0.8333333333333334,0.010869565217391304,True,
2,18,1,1.0,0.05,甲,9,4,0,53,3,0,11,0,2.81879176095055,0.9456881290180961,0.6923076923076923,0.0,0.6785714285714286,0.009259259259259259,True,
2,18,1,1.0,0.1,乙,12,2,0,45,4,0,10,0,3.2623167753447975,0.6637368215706975,0.8571428571428571,0.0,0.8333333333333334,0.010869565217391304,True,
2,18,1,1.0,0.1,甲,9,4,0,53,3,0,11,0,2.81879176095055,0.9456881290180961,0.6923076923076923,0.0,0.6785714285714286,0.009259259259259259,True,
2,18,1,5.0,0.01,乙,12,2,0,45,4,0,10,0,3.2623167753447975,0.6637368215706975,0.8571428571428571,0.0,0.8333333333333334,0.010869565217391304,True,
2,18,1,5.0,0.01,甲,9,4,0,53,3,0,11,0,2.81879176095055,0.9456881290180961,0.6923076923076923,0.0,0.6785714285714286,0.009259259259259259,True,
2,18,1,5.0,0.05,乙,12,2,0,45,4,0,10,0,3.2623167753447975,0.6637368215706975,0.8571428571428571,0.0,0.8333333333333334,0.010869565217391304,True,
2,18,1,5.0,0.05,甲,9,4,0,53,3,0,11,0,2.81879176095055,0.9456881290180961,0.6923076923076923,0.0,0.6785714285714286,0.009259259259259259,True,
2,18,1,5.0,0.1,乙,12,2,0,45,4,0,10,0,3.2623167753447975,0.6637368215706975,0.8571428571428571,0.0,0.8333333333333334,0.010869565217391304,True,
2,18,1,5.0,0.1,甲,9,4,0,53,3,0,11,0,2.81879176095055,0.9456881290180961,0.6923076923076923,0.0,0.6785714285714286,0.009259259259259259,True,
2,18,1,10.0,0.01,乙,12,2,0,45,4,0,10,0,3.2623167753447975,0.6637368215706975,0.8571428571428571,0.0,0.8333333333333334,0.010869565217391304,True,
2,18,1,10.0,0.01,甲,9,4,0,53,3,0,11,0,2.81879176095055,0.9456881290180961,0.6923076923076923,0.0,0.6785714285714286,0.009259259259259259,True,
2,18,1,10.0,0.05,乙,12,2,0,45,4,0,10,0,3.2623167753447975,0.6637368215706975,0.8571428571428571,0.0,0.8333333333333334,0.010869565217391304,True,
2,18,1,10.0,0.05,甲,9,4,0,53,3,0,11,0,2.81879176095055,0.9456881290180961,0.6923076923076923,0.0,0.6785714285714286,0.009259259259259259,True,
2,18,1,10.0,0.1,乙,12,2,0,45,4,0,10,0,3.2623167753447975,0.6637368215706975,0.8571428571428571,0.0,0.8333333333333334,0.010869565217391304,True,
2,18,1,10.0,0.1,甲,9,4,0,53,3,0,11,0,2.81879176095055,0.9456881290180961,0.6923076923076923,0.0,0.6785714285714286,0.009259259259259259,True,
2,18,2,1.0,0.01,乙,12,2,0,45,4,0,10,0,3.2623167753447975,0.6637368215706975,0.8571428571428571,0.0,0.8333333333333334,0.010869565217391304,True,
2,18,2,1.0,0.01,甲,9,4,0,53,3,0,11,0,2.81879176095055,0.9456881290180961,0.6923076923076923,0.0,0.6785714285714286,0.009259259259259259,True,
2,18,2,1.0,0.05,乙,12,2,0,45,4,0,10,0,3.2623167753447975,0.6637368215706975,0.8571428571428571,0.0,0.8333333333333334,0.010869565217391304,True,
2,18,2,1.0,0.05,甲,9,4,0,53,3,0,11,0,2.81879176095055,0.9456881290180961,0.6923076923076923,0.0,0.6785714285714286,0.009259259259259259,True,
2,18,2,1.0,0.1,乙,12,2,0,45,4,0,10,0,3.2623167753447975,0.6637368215706975,0.8571428571428571,0.0,0.8333333333333334,0.010869565217391304,True,
2,18,2,1.0,0.1,甲,9,4,0,53,3,0,11,0,2.81879176095055,0.9456881290180961,0.6923076923076923,0.0,0.6785714285714286,0.009259259259259259,True,
2,18,2,5.0,0.01,乙,12,2,0,45,4,0,10,0,3.2623167753447975,0.6637368215706975,0.8571428571428571,0.0,0.8333333333333334,0.010869565217391304,True,
2,18,2,5.0,0.01,甲,9,4,0,53,3,0,11,0,2.81879176095055,0.9456881290180961,0.6923076923076923,0.0,0.6785714285714286,0.009259259259259259,True,
2,18,2,5.0,0.05,乙,12,2,0,45,4,0,10,0,3.2623167753447975,0.6637368215706975,0.8571428571428571,0.0,0.8333333333333334,0.010869565217391304,True,
2,18,2,5.0,0.05,甲,9,4,0,53,3,0,11,0,2.81879176095055,0.9456881290180961,0.6923076923076923,0.0,0.6785714285714286,0.009259259259259259,True,
2,18,2,5.0,0.1,乙,12,2,0,45,4,0,10,0,3.2623167753447975,0.6637368215706975,0.8571428571428571,0.0,0.8333333333333334,0.010869565217391304,True,
2,18,2,5.0,0.1,甲,9,4,0,53,3,0,11,0,2.81879176095055,0.9456881290180961,0.6923076923076923,0.0,0.6785714285714286,0.009259259259259259,True,
2,18,2,10.0,0.01,乙,12,2,0,45,4,0,10,0,3.2623167753447975,0.6637368215706975,0.8571428571428571,0.0,0.8333333333333334,0.010869565217391304,True,
2,18,2,10.0,0.01,甲,9,4,0,53,3,0,11,0,2.81879176095055,0.9456881290180961,0.6923076923076923,0.0,0.6785714285714286,0.009259259259259259,True,
2,18,2,10.0,0.05,乙,12,2,0,45,4,0,10,0,3.2623167753447975,0.6637368215706975,0.8571428571428571,0.0,0.8333333333333334,0.010869565217391304,True,
2,18,2,10.0,0.05,甲,9,4,0,53,3,0,11,0,2.81879176095055,0.9456881290180961,0.6923076923076923,0.0,0.6785714285714286,0.009259259259259259,True,
2,18,2,10.0,0.1,乙,12,2,0,45,4,0,10,0,3.2623167753447975,0.6637368215706975,0.8571428571428571,0.0,0.8333333333333334,0.010869565217391304,True,
2,18,2,10.0,0.1,甲,9,4,0,53,3,0,11,0,2.81879176095055,0.9456881290180961,0.6923076923076923,0.0,0.6785714285714286,0.009259259259259259,True,
2,19,0,5.0,0.05,乙,6,0,3,49,4,0,6,0,2.971201468904805,0.020366941766880142,1.0,0.057692307692307696,0.9285714285714286,0.0660377358490566,True,
2,19,0,5.0,0.05,甲,12,2,4,49,4,0,5,0,2.5037777050329355,0.1843183286383262,0.8571428571428571,0.07547169811320754,0.8571428571428571,0.07547169811320754,False,
2,19,1,1.0,0.01,乙,6,0,3,49,4,0,6,0,2.971201468904805,0.020366941766880142,1.0,0.057692307692307696,0.9285714285714286,0.0660377358490566,True,
2,19,1,1.0,0.01,甲,12,2,4,49,4,0,5,0,2.5037777050329355,0.1843183286383262,0.8571428571428571,0.07547169811320754,0.8571428571428571,0.07547169811320754,False,
2,19,1,1.0,0.05,乙,6,0,3,49,4,0,6,0,2.971201468904805,0.020366941766880142,1.0,0.057692307692307696,0.9285714285714286,0.0660377358490566,True,
2,19,1,1.0,0.05,甲,12,2,4,49,4,0,5,0,2.5037777050329355,0.1843183286383262,0.8571428571428571,0.07547169811320754,0.8571428571428571,0.07547169811320754,False,
2,19,1,1.0,0.1,乙,6,0,3,49,4,0,6,0,2.971201468904805,0.020366941766880142,1.0,0.057692307692307696,0.9285714285714286,0.0660377358490566,True,
2,19,1,1.0,0.1,甲,12,2,4,49,4,0,5,0,2.5037777050329355,0.1843183286383262,0.8571428571428571,0.07547169811320754,0.8571428571428571,0.07547169811320754,False,
2,19,1,5.0,0.01,乙,6,0,3,49,4,0,6,0,2.971201468904805,0.020366941766880142,1.0,0.057692307692307696,0.9285714285714286,0.0660377358490566,True,
2,19,1,5.0,0.01,甲,12,2,4,49,4,0,5,0,2.5037777050329355,0.1843183286383262,0.8571428571428571,0.07547169811320754,0.8571428571428571,0.07547169811320754,False,
2,19,1,5.0,0.05,乙,6,0,3,49,4,0,6,0,2.971201468904805,0.020366941766880142,1.0,0.057692307692307696,0.9285714285714286,0.0660377358490566,True,
2,19,1,5.0,0.05,甲,12,2,4,49,4,0,5,0,2.5037777050329355,0.1843183286383262,0.8571428571428571,0.07547169811320754,0.8571428571428571,0.07547169811320754,False,
2,19,1,5.0,0.1,乙,6,0,3,49,4,0,6,0,2.971201468904805,0.020366941766880142,1.0,0.057692307692307696,0.9285714285714286,0.0660377358490566,True,
2,19,1,5.0,0.1,甲,12,2,4,49,4,0,5,0,2.5037777050329355,0.1843183286383262,0.8571428571428571,0.07547169811320754,0.8571428571428571,0.07547169811320754,False,
2,19,1,10.0,0.01,乙,6,0,3,49,4,0,6,0,2.971201468904805,0.020366941766880142,1.0,0.057692307692307696,0.9285714285714286,0.0660377358490566,True,
2,19,1,10.0,0.01,甲,12,2,4,49,4,0,5,0,2.5037777050329355,0.1843183286383262,0.8571428571428571,0.07547169811320754,0.8571428571428571,0.07547169811320754,False,
2,19,1,10.0,0.05,乙,6,0,3,49,4,0,6,0,2.971201468904805,0.020366941766880142,1.0,0.057692307692307696,0.9285714285714286,0.0660377358490566,True,
2,19,1,10.0,0.05,甲,12,2,4,49,4,0,5,0,2.5037777050329355,0.1843183286383262,0.8571428571428571,0.07547169811320754,0.8571428571428571,0.07547169811320754,False,
2,19,1,10.0,0.1,乙,6,0,3,49,4,0,6,0,2.971201468904805,0.020366941766880142,1.0,0.057692307692307696,0.9285714285714286,0.0660377358490566,True,
2,19,1,10.0,0.1,甲,13,2,4,49,3,0,5,0,2.5469787977915797,0.16271778225900413,0.8666666666666667,0.07547169811320754,0.8666666666666667,0.07547169811320754,False,
2,19,2,1.0,0.01,乙,6,0,3,49,4,0,6,0,2.971201468904805,0.020366941766880142,1.0,0.057692307692307696,0.9285714285714286,0.0660377358490566,True,
2,19,2,1.0,0.01,甲,12,2,4,49,4,0,5,0,2.5037777050329355,0.1843183286383262,0.8571428571428571,0.07547169811320754,0.8571428571428571,0.07547169811320754,False,
2,19,2,1.0,0.05,乙,6,0,3,49,4,0,6,0,2.971201468904805,0.020366941766880142,1.0,0.057692307692307696,0.9285714285714286,0.0660377358490566,True,
2,19,2,1.0,0.05,甲,12,2,4,49,4,0,5,0,2.5037777050329355,0.1843183286383262,0.8571428571428571,0.07547169811320754,0.8571428571428571,0.07547169811320754,False,
2,19,2,1.0,0.1,乙,6,0,3,49,4,0,6,0,2.971201468904805,0.020366941766880142,1.0,0.057692307692307696,0.9285714285714286,0.0660377358490566,True,
2,19,2,1.0,0.1,甲,12,2,4,49,4,0,5,0,2.5037777050329355,0.1843183286383262,0.8571428571428571,0.07547169811320754,0.8571428571428571,0.07547169811320754,False,
2,19,2,5.0,0.01,乙,6,0,3,49,4,0,6,0,2.971201468904805,0.020366941766880142,1.0,0.057692307692307696,0.9285714285714286,0.0660377358490566,True,
2,19,2,5.0,0.01,甲,12,2,4,49,4,0,5,0,2.5037777050329355,0.1843183286383262,0.8571428571428571,0.07547169811320754,0.8571428571428571,0.07547169811320754,False,
2,19,2,5.0,0.05,乙,6,0,3,49,4,0,6,0,2.971201468904805,0.020366941766880142,1.0,0.057692307692307696,0.9285714285714286,0.0660377358490566,True,
2,19,2,5.0,0.05,甲,12,2,4,49,4,0,5,0,2.5037777050329355,0.1843183286383262,0.8571428571428571,0.07547169811320754,0.8571428571428571,0.07547169811320754,False,
2,19,2,5.0,0.1,乙,6,0,3,49,4,0,6,0,2.971201468904805,0.020366941766880142,1.0,0.057692307692307696,0.9285714285714286,0.0660377358490566,True,
2,19,2,5.0,0.1,甲,12,2,4,49,4,0,5,0,2.5037777050329355,0.1843183286383262,0.8571428571428571,0.07547169811320754,0.8571428571428571,0.07547169811320754,False,
2,19,2,10.0,0.01,乙,6,0,3,49,4,0,6,0,2.971201468904805,0.020366941766880142,1.0,0.057692307692307696,0.9285714285714286,0.0660377358490566,True,
2,19,2,10.0,0.01,甲,12,2,4,49,4,0,5,0,2.5037777050329355,0.1843183286383262,0.8571428571428571,0.07547169811320754,0.8571428571428571,0.07547169811320754,False,
2,19,2,10.0,0.05,乙,6,0,3,49,4,0,6,0,2.971201468904805,0.020366941766880142,1.0,0.057692307692307696,0.9285714285714286,0.0660377358490566,True,
2,19,2,10.0,0.05,甲,12,2,4,49,4,0,5,0,2.5037777050329355,0.1843183286383262,0.8571428571428571,0.07547169811320754,0.8571428571428571,0.07547169811320754,False,
2,19,2,10.0,0.1,乙,6,0,3,49,4,0,6,0,2.971201468904805,0.020366941766880142,1.0,0.057692307692307696,0.9285714285714286,0.0660377358490566,True,
2,19,2,10.0,0.1,甲,13,2,4,49,3,0,5,0,2.5469787977915797,0.16271778225900413,0.8666666666666667,0.07547169811320754,0.8666666666666667,0.07547169811320754,False,
2,20,0,5.0,0.05,乙,9,6,3,54,1,0,2,0,1.8732033617740695,0.6832545777512349,0.6,0.05263157894736842,0.6,0.05263157894736842,False,
2,20,0,5.0,0.05,甲,8,7,2,64,0,0,0,0,1.9600102958017238,0.8963534139937329,0.5333333333333333,0.030303030303030304,0.5333333333333333,0.030303030303030304,False,
2,20,1,1.0,0.01,乙,9,6,3,54,1,0,2,0,1.8732033617740695,0.6832545777512349,0.6,0.05263157894736842,0.6,0.05263157894736842,False,
2,20,1,1.0,0.01,甲,9,6,2,64,0,0,0,0,2.1297056650303947,0.8115057293793975,0.6,0.030303030303030304,0.6,0.030303030303030304,False,
2,20,1,1.0,0.05,乙,9,6,3,54,1,0,2,0,1.8732033617740695,0.6832545777512349,0.6,0.05263157894736842,0.6,0.05263157894736842,False,
2,20,1,1.0,0.05,甲,9,6,2,64,0,0,0,0,2.1297056650303947,0.8115057293793975,0.6,0.030303030303030304,0.6,0.030303030303030304,False,
2,20,1,1.0,0.1,乙,9,6,3,54,1,0,2,0,1.8732033617740695,0.6832545777512349,0.6,0.05263157894736842,0.6,0.05263157894736842,False,
2,20,1,1.0,0.1,甲,9,6,2,64,0,0,0,0,2.1297056650303947,0.8115057293793975,0.6,0.030303030303030304,0.6,0.030303030303030304,False,
2,20,1,5.0,0.01,乙,9,6,3,54,1,0,2,0,1.8732033617740695,0.6832545777512349,0.6,0.05263157894736842,0.6,0.05263157894736842,False,
2,20,1,5.0,0.01,甲,8,7,2,64,0,0,0,0,1.9600102958017238,0.8963534139937329,0.5333333333333333,0.030303030303030304,0.5333333333333333,0.030303030303030304,False,
2,20,1,5.0,0.05,乙,9,6,3,54,1,0,2,0,1.8732033617740695,0.6832545777512349,0.6,0.05263157894736842,0.6,0.05263157894736842,False,
2,20,1,5.0,0.05,甲,8,7,2,64,0,0,0,0,1.9600102958017238,0.8963534139937329,0.5333333333333333,0.030303030303030304,0.5333333333333333,0.030303030303030304,False,
2,20,1,5.0,0.1,乙,9,6,3,54,1,0,2,0,1.8732033617740695,0.6832545777512349,0.6,0.05263157894736842,0.6,0.05263157894736842,False,
2,20,1,5.0,0.1,甲,8,7,2,64,0,0,0,0,1.9600102958017238,0.8963534139937329,0.5333333333333333,0.030303030303030304,0.5333333333333333,0.030303030303030304,False,
2,20,1,10.0,0.01,乙,9,6,3,54,1,0,2,0,1.8732033617740695,0.6832545777512349,0.6,0.05263157894736842,0.6,0.05263157894736842,False,
2,20,1,10.0,0.01,甲,8,7,2,64,0,0,0,0,1.9600102958017238,0.8963534139937329,0.5333333333333333,0.030303030303030304,0.5333333333333333,0.030303030303030304,False,
2,20,1,10.0,0.05,乙,9,6,3,54,1,0,2,0,1.8732033617740695,0.6832545777512349,0.6,0.05263157894736842,0.6,0.05263157894736842,False,
2,20,1,10.0,0.05,甲,8,7,2,64,0,0,0,0,1.9600102958017238,0.8963534139937329,0.5333333333333333,0.030303030303030304,0.5333333333333333,0.030303030303030304,False,
2,20,1,10.0,0.1,乙,9,6,3,54,1,0,2,0,1.8732033617740695,0.6832545777512349,0.6,0.05263157894736842,0.6,0.05263157894736842,False,
2,20,1,10.0,0.1,甲,8,7,2,64,0,0,0,0,1.9600102958017238,0.8963534139937329,0.5333333333333333,0.030303030303030304,0.5333333333333333,0.030303030303030304,False,
2,20,2,1.0,0.01,乙,9,6,3,54,1,0,2,0,1.8732033617740695,0.6832545777512349,0.6,0.05263157894736842,0.6,0.05263157894736842,False,
2,20,2,1.0,0.01,甲,8,7,2,64,0,0,0,0,1.9600102958017238,0.8963534139937329,0.5333333333333333,0.030303030303030304,0.5333333333333333,0.030303030303030304,False,
2,20,2,1.0,0.05,乙,9,6,3,54,1,0,2,0,1.8732033617740695,0.6832545777512349,0.6,0.05263157894736842,0.6,0.05263157894736842,False,
2,20,2,1.0,0.05,甲,8,7,2,64,0,0,0,0,1.9600102958017238,0.8963534139937329,0.5333333333333333,0.030303030303030304,0.5333333333333333,0.030303030303030304,False,
2,20,2,1.0,0.1,乙,9,6,3,54,1,0,2,0,1.8732033617740695,0.6832545777512349,0.6,0.05263157894736842,0.6,0.05263157894736842,False,
2,20,2,1.0,0.1,甲,8,7,2,64,0,0,0,0,1.9600102958017238,0.8963534139937329,0.5333333333333333,0.030303030303030304,0.5333333333333333,0.030303030303030304,False,
2,20,2,5.0,0.01,乙,9,6,3,54,1,0,2,0,1.8732033617740695,0.6832545777512349,0.6,0.05263157894736842,0.6,0.05263157894736842,False,
2,20,2,5.0,0.01,甲,8,7,2,64,0,0,0,0,1.9600102958017238,0.8963534139937329,0.5333333333333333,0.030303030303030304,0.5333333333333333,0.030303030303030304,False,
2,20,2,5.0,0.05,乙,9,6,3,54,1,0,2,0,1.8732033617740695,0.6832545777512349,0.6,0.05263157894736842,0.6,0.05263157894736842,False,
2,20,2,5.0,0.05,甲,8,7,2,64,0,0,0,0,1.9600102958017238,0.8963534139937329,0.5333333333333333,0.030303030303030304,0.5333333333333333,0.030303030303030304,False,
2,20,2,5.0,0.1,乙,9,6,3,54,1,0,2,0,1.8732033617740695,0.6832545777512349,0.6,0.05263157894736842,0.6,0.05263157894736842,False,
2,20,2,5.0,0.1,甲,8,7,2,64,0,0,0,0,1.9600102958017238,0.8963534139937329,0.5333333333333333,0.030303030303030304,0.5333333333333333,0.030303030303030304,False,
2,20,2,10.0,0.01,乙,9,6,3,54,1,0,2,0,1.8732033617740695,0.6832545777512349,0.6,0.05263157894736842,0.6,0.05263157894736842,False,
2,20,2,10.0,0.01,甲,8,7,2,64,0,0,0,0,1.9600102958017238,0.8963534139937329,0.5333333333333333,0.030303030303030304,0.5333333333333333,0.030303030303030304,False,
2,20,2,10.0,0.05,乙,9,6,3,54,1,0,2,0,1.8732033617740695,0.6832545777512349,0.6,0.05263157894736842,0.6,0.05263157894736842,False,
2,20,2,10.0,0.05,甲,8,7,2,64,0,0,0,0,1.9600102958017238,0.8963534139937329,0.5333333333333333,0.030303030303030304,0.5333333333333333,0.030303030303030304,False,
2,20,2,10.0,0.1,乙,9,6,3,54,1,0,2,0,1.8732033617740695,0.6832545777512349,0.6,0.05263157894736842,0.6,0.05263157894736842,False,
2,20,2,10.0,0.1,甲,8,7,2,64,0,0,0,0,1.9600102958017238,0.8963534139937329,0.5333333333333333,0.030303030303030304,0.5333333333333333,0.030303030303030304,False,
