arm,kind,outcome,seed,group0,group1,n0,count0,n1,count1,difference_pp
ataru-0608/f_grid/fg_f050_A_L50,全課題,w,1,甲,乙,870,6,870,4,0.22988505747126436
ataru-0608/f_grid/fg_f050_A_L50,全課題,w,2,甲,乙,870,4,870,3,0.11494252873563218
ataru-0608/f_grid/fg_f050_A_L50,全課題,w,3,甲,乙,870,2,870,2,0.0
ataru-0608/f_grid/fg_f050_A_L50,全課題,w,4,甲,乙,870,2,870,0,0.22988505747126436
ataru-0608/f_grid/fg_f050_A_L50,全課題,w,5,甲,乙,870,3,870,0,0.3448275862068966
ataru-0608/f_grid/fg_f050_A_L50,全課題,w,6,甲,乙,870,2,870,2,0.0
ataru-0608/f_grid/fg_f050_A_L50,全課題,w,7,甲,乙,870,0,870,3,-0.3448275862068966
ataru-0608/f_grid/fg_f050_A_L50,全課題,w,8,甲,乙,870,1,870,6,-0.5747126436781609
ataru-0608/f_grid/fg_f050_A_L50,全課題,w,9,甲,乙,870,2,870,1,0.11494252873563218
ataru-0608/f_grid/fg_f050_A_L50,全課題,w,10,甲,乙,870,1,870,2,-0.11494252873563218
ataru-0608/f_grid/fg_f050_A_L50,全課題,w,11,甲,乙,870,5,870,6,-0.11494252873563218
ataru-0608/f_grid/fg_f050_A_L50,全課題,w,12,甲,乙,870,1,870,1,0.0
ataru-0608/f_grid/fg_f050_A_L50,全課題,w,13,甲,乙,870,3,870,7,-0.45977011494252873
ataru-0608/f_grid/fg_f050_A_L50,全課題,w,14,甲,乙,870,1,870,2,-0.11494252873563218
ataru-0608/f_grid/fg_f050_A_L50,全課題,w,15,甲,乙,870,3,870,0,0.3448275862068966
ataru-0608/f_grid/fg_f050_A_L50,全課題,w,16,甲,乙,870,4,870,2,0.22988505747126436
ataru-0608/f_grid/fg_f050_A_L50,全課題,w,17,甲,乙,870,0,870,2,-0.22988505747126436
ataru-0608/f_grid/fg_f050_A_L50,全課題,w,18,甲,乙,870,0,870,2,-0.22988505747126436
ataru-0608/f_grid/fg_f050_A_L50,全課題,w,19,甲,乙,870,2,870,0,0.22988505747126436
ataru-0608/f_grid/fg_f050_A_L50,全課題,w,20,甲,乙,870,2,870,1,0.11494252873563218
ataru-0608/f_grid/fg_f050_A_L50,全課題,a,1,甲,乙,870,263,870,270,-0.8045977011494287
ataru-0608/f_grid/fg_f050_A_L50,全課題,a,2,甲,乙,870,265,870,262,0.34482758620689724
ataru-0608/f_grid/fg_f050_A_L50,全課題,a,3,甲,乙,870,286,870,266,2.298850574712646
ataru-0608/f_grid/fg_f050_A_L50,全課題,a,4,甲,乙,870,250,870,259,-1.0344827586206917
ataru-0608/f_grid/fg_f050_A_L50,全課題,a,5,甲,乙,870,259,870,249,1.1494252873563204
ataru-0608/f_grid/fg_f050_A_L50,全課題,a,6,甲,乙,870,266,870,255,1.2643678160919547
ataru-0608/f_grid/fg_f050_A_L50,全課題,a,7,甲,乙,870,253,870,259,-0.6896551724137945
ataru-0608/f_grid/fg_f050_A_L50,全課題,a,8,甲,乙,870,302,870,283,2.183908045977012
ataru-0608/f_grid/fg_f050_A_L50,全課題,a,9,甲,乙,870,278,870,229,5.632183908045979
ataru-0608/f_grid/fg_f050_A_L50,全課題,a,10,甲,乙,870,288,870,275,1.4942528735632177
ataru-0608/f_grid/fg_f050_A_L50,全課題,a,11,甲,乙,870,258,870,255,0.34482758620689724
ataru-0608/f_grid/fg_f050_A_L50,全課題,a,12,甲,乙,870,260,870,272,-1.3793103448275834
ataru-0608/f_grid/fg_f050_A_L50,全課題,a,13,甲,乙,870,283,870,260,2.643678160919538
ataru-0608/f_grid/fg_f050_A_L50,全課題,a,14,甲,乙,870,258,870,272,-1.609195402298852
ataru-0608/f_grid/fg_f050_A_L50,全課題,a,15,甲,乙,870,267,870,258,1.0344827586206917
ataru-0608/f_grid/fg_f050_A_L50,全課題,a,16,甲,乙,870,290,870,256,3.9080459770114926
ataru-0608/f_grid/fg_f050_A_L50,全課題,a,17,甲,乙,870,268,870,251,1.9540229885057492
ataru-0608/f_grid/fg_f050_A_L50,全課題,a,18,甲,乙,870,261,870,245,1.839080459770115
ataru-0608/f_grid/fg_f050_A_L50,全課題,a,19,甲,乙,870,253,870,279,-2.9885057471264354
ataru-0608/f_grid/fg_f050_A_L50,全課題,a,20,甲,乙,870,269,870,275,-0.6896551724137945
ataru-0608/f_grid/fg_f050_A_L50,全課題,c,1,甲,乙,870,601,870,596,0.5747126436781658
ataru-0608/f_grid/fg_f050_A_L50,全課題,c,2,甲,乙,870,601,870,605,-0.45977011494252595
ataru-0608/f_grid/fg_f050_A_L50,全課題,c,3,甲,乙,870,582,870,602,-2.298850574712641
ataru-0608/f_grid/fg_f050_A_L50,全課題,c,4,甲,乙,870,618,870,611,0.8045977011494232
ataru-0608/f_grid/fg_f050_A_L50,全課題,c,5,甲,乙,870,608,870,621,-1.4942528735632177
ataru-0608/f_grid/fg_f050_A_L50,全課題,c,6,甲,乙,870,602,870,613,-1.2643678160919603
ataru-0608/f_grid/fg_f050_A_L50,全課題,c,7,甲,乙,870,617,870,608,1.0344827586206917
ataru-0608/f_grid/fg_f050_A_L50,全課題,c,8,甲,乙,870,567,870,581,-1.6091954022988575
ataru-0608/f_grid/fg_f050_A_L50,全課題,c,9,甲,乙,870,590,870,640,-5.747126436781613
ataru-0608/f_grid/fg_f050_A_L50,全課題,c,10,甲,乙,870,581,870,593,-1.3793103448275779
ataru-0608/f_grid/fg_f050_A_L50,全課題,c,11,甲,乙,870,607,870,609,-0.22988505747125743
ataru-0608/f_grid/fg_f050_A_L50,全課題,c,12,甲,乙,870,609,870,597,1.3793103448275779
ataru-0608/f_grid/fg_f050_A_L50,全課題,c,13,甲,乙,870,584,870,603,-2.183908045977012
ataru-0608/f_grid/fg_f050_A_L50,全課題,c,14,甲,乙,870,611,870,596,1.7241379310344862
ataru-0608/f_grid/fg_f050_A_L50,全課題,c,15,甲,乙,870,600,870,612,-1.3793103448275779
ataru-0608/f_grid/fg_f050_A_L50,全課題,c,16,甲,乙,870,576,870,612,-4.137931034482756
ataru-0608/f_grid/fg_f050_A_L50,全課題,c,17,甲,乙,870,602,870,617,-1.7241379310344862
ataru-0608/f_grid/fg_f050_A_L50,全課題,c,18,甲,乙,870,609,870,623,-1.6091954022988575
ataru-0608/f_grid/fg_f050_A_L50,全課題,c,19,甲,乙,870,615,870,591,2.758620689655167
ataru-0608/f_grid/fg_f050_A_L50,全課題,c,20,甲,乙,870,599,870,594,0.5747126436781547
ataru-0608/f_grid/fg_f050_A_L50,ドア全体,w,1,甲,乙,88,6,69,4,1.0210803689064554
ataru-0608/f_grid/fg_f050_A_L50,ドア全体,w,2,甲,乙,76,4,78,3,1.4170040485829953
ataru-0608/f_grid/fg_f050_A_L50,ドア全体,w,3,甲,乙,97,2,79,2,-0.4697898995171604
ataru-0608/f_grid/fg_f050_A_L50,ドア全体,w,4,甲,乙,74,2,65,0,2.7027027027027026
ataru-0608/f_grid/fg_f050_A_L50,ドア全体,w,5,甲,乙,83,3,88,0,3.614457831325301
ataru-0608/f_grid/fg_f050_A_L50,ドア全体,w,6,甲,乙,73,2,87,2,0.4408754526846165
ataru-0608/f_grid/fg_f050_A_L50,ドア全体,w,7,甲,乙,86,0,70,3,-4.285714285714286
ataru-0608/f_grid/fg_f050_A_L50,ドア全体,w,8,甲,乙,69,1,76,6,-6.445461479786423
ataru-0608/f_grid/fg_f050_A_L50,ドア全体,w,9,甲,乙,63,2,74,1,1.8232518232518231
ataru-0608/f_grid/fg_f050_A_L50,ドア全体,w,10,甲,乙,91,1,90,2,-1.1233211233211233
ataru-0608/f_grid/fg_f050_A_L50,ドア全体,w,11,甲,乙,73,5,82,6,-0.4677581022385566
ataru-0608/f_grid/fg_f050_A_L50,ドア全体,w,12,甲,乙,76,1,85,1,0.13931888544891635
ataru-0608/f_grid/fg_f050_A_L50,ドア全体,w,13,甲,乙,78,3,87,7,-4.199823165340407
ataru-0608/f_grid/fg_f050_A_L50,ドア全体,w,14,甲,乙,74,1,87,2,-0.9474992233612922
ataru-0608/f_grid/fg_f050_A_L50,ドア全体,w,15,甲,乙,70,3,79,0,4.285714285714286
ataru-0608/f_grid/fg_f050_A_L50,ドア全体,w,16,甲,乙,82,4,90,2,2.655826558265583
ataru-0608/f_grid/fg_f050_A_L50,ドア全体,w,17,甲,乙,78,0,83,2,-2.4096385542168677
ataru-0608/f_grid/fg_f050_A_L50,ドア全体,w,18,甲,乙,80,0,73,2,-2.73972602739726
ataru-0608/f_grid/fg_f050_A_L50,ドア全体,w,19,甲,乙,76,2,68,0,2.631578947368421
ataru-0608/f_grid/fg_f050_A_L50,ドア全体,w,20,甲,乙,81,2,75,1,1.1358024691358022
ataru-0608/f_grid/fg_f050_A_L50,ドア全体,a,1,甲,乙,88,5,69,3,1.33399209486166
ataru-0608/f_grid/fg_f050_A_L50,ドア全体,a,2,甲,乙,76,0,78,3,-3.8461538461538463
ataru-0608/f_grid/fg_f050_A_L50,ドア全体,a,3,甲,乙,97,4,79,1,2.857888555396059
ataru-0608/f_grid/fg_f050_A_L50,ドア全体,a,4,甲,乙,74,5,65,2,3.67983367983368
ataru-0608/f_grid/fg_f050_A_L50,ドア全体,a,5,甲,乙,83,0,88,2,-2.272727272727273
ataru-0608/f_grid/fg_f050_A_L50,ドア全体,a,6,甲,乙,73,0,87,1,-1.1494252873563218
ataru-0608/f_grid/fg_f050_A_L50,ドア全体,a,7,甲,乙,86,2,70,4,-3.388704318936877
ataru-0608/f_grid/fg_f050_A_L50,ドア全体,a,8,甲,乙,69,3,76,2,1.7162471395881007
ataru-0608/f_grid/fg_f050_A_L50,ドア全体,a,9,甲,乙,63,0,74,0,0.0
ataru-0608/f_grid/fg_f050_A_L50,ドア全体,a,10,甲,乙,91,3,90,9,-6.703296703296704
ataru-0608/f_grid/fg_f050_A_L50,ドア全体,a,11,甲,乙,73,6,82,5,2.1216171065820246
ataru-0608/f_grid/fg_f050_A_L50,ドア全体,a,12,甲,乙,76,1,85,2,-1.0371517027863777
ataru-0608/f_grid/fg_f050_A_L50,ドア全体,a,13,甲,乙,78,5,87,2,4.111405835543766
ataru-0608/f_grid/fg_f050_A_L50,ドア全体,a,14,甲,乙,74,2,87,1,1.553277415346381
ataru-0608/f_grid/fg_f050_A_L50,ドア全体,a,15,甲,乙,70,1,79,3,-2.3688969258589516
ataru-0608/f_grid/fg_f050_A_L50,ドア全体,a,16,甲,乙,82,1,90,4,-3.2249322493224932
ataru-0608/f_grid/fg_f050_A_L50,ドア全体,a,17,甲,乙,78,4,83,3,1.513747296879827
ataru-0608/f_grid/fg_f050_A_L50,ドア全体,a,18,甲,乙,80,2,73,1,1.1301369863013702
ataru-0608/f_grid/fg_f050_A_L50,ドア全体,a,19,甲,乙,76,2,68,1,1.1609907120743033
ataru-0608/f_grid/fg_f050_A_L50,ドア全体,a,20,甲,乙,81,3,75,1,2.37037037037037
ataru-0608/f_grid/fg_f050_A_L50,ドア全体,c,1,甲,乙,88,77,69,62,-2.3550724637681153
ataru-0608/f_grid/fg_f050_A_L50,ドア全体,c,2,甲,乙,76,72,78,72,2.42914979757084
ataru-0608/f_grid/fg_f050_A_L50,ドア全体,c,3,甲,乙,97,91,79,76,-2.388098655878901
ataru-0608/f_grid/fg_f050_A_L50,ドア全体,c,4,甲,乙,74,67,65,63,-6.382536382536386
ataru-0608/f_grid/fg_f050_A_L50,ドア全体,c,5,甲,乙,83,80,88,86,-1.341730558598031
ataru-0608/f_grid/fg_f050_A_L50,ドア全体,c,6,甲,乙,73,71,87,84,0.7085498346717012
ataru-0608/f_grid/fg_f050_A_L50,ドア全体,c,7,甲,乙,86,84,70,63,7.674418604651157
ataru-0608/f_grid/fg_f050_A_L50,ドア全体,c,8,甲,乙,69,65,76,68,4.729214340198318
ataru-0608/f_grid/fg_f050_A_L50,ドア全体,c,9,甲,乙,63,61,74,73,-1.8232518232518258
ataru-0608/f_grid/fg_f050_A_L50,ドア全体,c,10,甲,乙,91,87,90,79,7.826617826617833
ataru-0608/f_grid/fg_f050_A_L50,ドア全体,c,11,甲,乙,73,62,82,71,-1.653859004343472
ataru-0608/f_grid/fg_f050_A_L50,ドア全体,c,12,甲,乙,76,74,85,82,0.8978328173374628
ataru-0608/f_grid/fg_f050_A_L50,ドア全体,c,13,甲,乙,78,70,87,78,0.08841732979664174
ataru-0608/f_grid/fg_f050_A_L50,ドア全体,c,14,甲,乙,74,71,87,84,-0.6057781919850957
ataru-0608/f_grid/fg_f050_A_L50,ドア全体,c,15,甲,乙,70,66,79,76,-1.9168173598553384
ataru-0608/f_grid/fg_f050_A_L50,ドア全体,c,16,甲,乙,82,77,90,84,0.5691056910569037
ataru-0608/f_grid/fg_f050_A_L50,ドア全体,c,17,甲,乙,78,74,83,78,0.8958912573370337
ataru-0608/f_grid/fg_f050_A_L50,ドア全体,c,18,甲,乙,80,78,73,70,1.6095890410958935
ataru-0608/f_grid/fg_f050_A_L50,ドア全体,c,19,甲,乙,76,72,68,67,-3.792569659442735
ataru-0608/f_grid/fg_f050_A_L50,ドア全体,c,20,甲,乙,81,76,75,73,-3.506172839506183
ataru-0608/f_grid/fg_f050_A_L50,ドア通常,w,1,甲,乙,69,0,55,0,0.0
ataru-0608/f_grid/fg_f050_A_L50,ドア通常,w,2,甲,乙,59,0,61,0,0.0
ataru-0608/f_grid/fg_f050_A_L50,ドア通常,w,3,甲,乙,78,0,65,0,0.0
ataru-0608/f_grid/fg_f050_A_L50,ドア通常,w,4,甲,乙,56,0,60,0,0.0
ataru-0608/f_grid/fg_f050_A_L50,ドア通常,w,5,甲,乙,64,0,67,0,0.0
ataru-0608/f_grid/fg_f050_A_L50,ドア通常,w,6,甲,乙,60,0,71,0,0.0
ataru-0608/f_grid/fg_f050_A_L50,ドア通常,w,7,甲,乙,67,0,62,0,0.0
ataru-0608/f_grid/fg_f050_A_L50,ドア通常,w,8,甲,乙,60,0,60,0,0.0
ataru-0608/f_grid/fg_f050_A_L50,ドア通常,w,9,甲,乙,50,0,63,0,0.0
ataru-0608/f_grid/fg_f050_A_L50,ドア通常,w,10,甲,乙,74,0,78,0,0.0
ataru-0608/f_grid/fg_f050_A_L50,ドア通常,w,11,甲,乙,56,0,64,0,0.0
ataru-0608/f_grid/fg_f050_A_L50,ドア通常,w,12,甲,乙,60,0,70,0,0.0
ataru-0608/f_grid/fg_f050_A_L50,ドア通常,w,13,甲,乙,66,0,65,0,0.0
ataru-0608/f_grid/fg_f050_A_L50,ドア通常,w,14,甲,乙,59,0,70,0,0.0
ataru-0608/f_grid/fg_f050_A_L50,ドア通常,w,15,甲,乙,55,0,69,0,0.0
ataru-0608/f_grid/fg_f050_A_L50,ドア通常,w,16,甲,乙,71,0,64,0,0.0
ataru-0608/f_grid/fg_f050_A_L50,ドア通常,w,17,甲,乙,64,0,69,0,0.0
ataru-0608/f_grid/fg_f050_A_L50,ドア通常,w,18,甲,乙,64,0,55,0,0.0
ataru-0608/f_grid/fg_f050_A_L50,ドア通常,w,19,甲,乙,58,0,58,0,0.0
ataru-0608/f_grid/fg_f050_A_L50,ドア通常,w,20,甲,乙,66,0,59,0,0.0
ataru-0608/f_grid/fg_f050_A_L50,ドア通常,a,1,甲,乙,69,3,55,1,2.5296442687747036
ataru-0608/f_grid/fg_f050_A_L50,ドア通常,a,2,甲,乙,59,0,61,2,-3.278688524590164
ataru-0608/f_grid/fg_f050_A_L50,ドア通常,a,3,甲,乙,78,1,65,0,1.282051282051282
ataru-0608/f_grid/fg_f050_A_L50,ドア通常,a,4,甲,乙,56,2,60,1,1.9047619047619047
ataru-0608/f_grid/fg_f050_A_L50,ドア通常,a,5,甲,乙,64,0,67,1,-1.4925373134328357
ataru-0608/f_grid/fg_f050_A_L50,ドア通常,a,6,甲,乙,60,0,71,1,-1.4084507042253522
ataru-0608/f_grid/fg_f050_A_L50,ドア通常,a,7,甲,乙,67,1,62,3,-3.346172363986519
ataru-0608/f_grid/fg_f050_A_L50,ドア通常,a,8,甲,乙,60,2,60,0,3.3333333333333335
ataru-0608/f_grid/fg_f050_A_L50,ドア通常,a,9,甲,乙,50,0,63,0,0.0
ataru-0608/f_grid/fg_f050_A_L50,ドア通常,a,10,甲,乙,74,1,78,9,-10.187110187110187
ataru-0608/f_grid/fg_f050_A_L50,ドア通常,a,11,甲,乙,56,6,64,4,4.4642857142857135
ataru-0608/f_grid/fg_f050_A_L50,ドア通常,a,12,甲,乙,60,0,70,0,0.0
ataru-0608/f_grid/fg_f050_A_L50,ドア通常,a,13,甲,乙,66,4,65,2,2.983682983682984
ataru-0608/f_grid/fg_f050_A_L50,ドア通常,a,14,甲,乙,59,2,70,1,1.961259079903148
ataru-0608/f_grid/fg_f050_A_L50,ドア通常,a,15,甲,乙,55,1,69,2,-1.080368906455863
ataru-0608/f_grid/fg_f050_A_L50,ドア通常,a,16,甲,乙,71,1,64,1,-0.15404929577464785
ataru-0608/f_grid/fg_f050_A_L50,ドア通常,a,17,甲,乙,64,0,69,0,0.0
ataru-0608/f_grid/fg_f050_A_L50,ドア通常,a,18,甲,乙,64,2,55,1,1.3068181818181819
ataru-0608/f_grid/fg_f050_A_L50,ドア通常,a,19,甲,乙,58,2,58,0,3.4482758620689653
ataru-0608/f_grid/fg_f050_A_L50,ドア通常,a,20,甲,乙,66,1,59,1,-0.17976373908577292
ataru-0608/f_grid/fg_f050_A_L50,ドア通常,c,1,甲,乙,69,66,55,54,-2.5296442687747
ataru-0608/f_grid/fg_f050_A_L50,ドア通常,c,2,甲,乙,59,59,61,59,3.2786885245901676
ataru-0608/f_grid/fg_f050_A_L50,ドア通常,c,3,甲,乙,78,77,65,65,-1.2820512820512775
ataru-0608/f_grid/fg_f050_A_L50,ドア通常,c,4,甲,乙,56,54,60,59,-1.904761904761898
ataru-0608/f_grid/fg_f050_A_L50,ドア通常,c,5,甲,乙,64,64,67,66,1.4925373134328401
ataru-0608/f_grid/fg_f050_A_L50,ドア通常,c,6,甲,乙,60,60,71,70,1.4084507042253502
ataru-0608/f_grid/fg_f050_A_L50,ドア通常,c,7,甲,乙,67,66,62,59,3.3461723639865104
ataru-0608/f_grid/fg_f050_A_L50,ドア通常,c,8,甲,乙,60,58,60,60,-3.3333333333333326
ataru-0608/f_grid/fg_f050_A_L50,ドア通常,c,9,甲,乙,50,50,63,63,0.0
ataru-0608/f_grid/fg_f050_A_L50,ドア通常,c,10,甲,乙,74,73,78,69,10.187110187110193
ataru-0608/f_grid/fg_f050_A_L50,ドア通常,c,11,甲,乙,56,50,64,60,-4.46428571428571
ataru-0608/f_grid/fg_f050_A_L50,ドア通常,c,12,甲,乙,60,60,70,70,0.0
ataru-0608/f_grid/fg_f050_A_L50,ドア通常,c,13,甲,乙,66,62,65,63,-2.983682983682978
ataru-0608/f_grid/fg_f050_A_L50,ドア通常,c,14,甲,乙,59,57,70,69,-1.9612590799031548
ataru-0608/f_grid/fg_f050_A_L50,ドア通常,c,15,甲,乙,55,54,69,67,1.0803689064558641
ataru-0608/f_grid/fg_f050_A_L50,ドア通常,c,16,甲,乙,71,70,64,63,0.15404929577464976
ataru-0608/f_grid/fg_f050_A_L50,ドア通常,c,17,甲,乙,64,64,69,69,0.0
ataru-0608/f_grid/fg_f050_A_L50,ドア通常,c,18,甲,乙,64,62,55,54,-1.3068181818181812
ataru-0608/f_grid/fg_f050_A_L50,ドア通常,c,19,甲,乙,58,56,58,58,-3.4482758620689613
ataru-0608/f_grid/fg_f050_A_L50,ドア通常,c,20,甲,乙,66,65,59,58,0.1797637390857698
ataru-0608/f_grid/fg_f050_A_L50,ドア例外,w,1,甲,乙,19,6,14,4,3.007518796992481
ataru-0608/f_grid/fg_f050_A_L50,ドア例外,w,2,甲,乙,17,4,17,3,5.882352941176469
ataru-0608/f_grid/fg_f050_A_L50,ドア例外,w,3,甲,乙,19,2,14,2,-3.7593984962406015
ataru-0608/f_grid/fg_f050_A_L50,ドア例外,w,4,甲,乙,18,2,5,0,11.11111111111111
ataru-0608/f_grid/fg_f050_A_L50,ドア例外,w,5,甲,乙,19,3,21,0,15.789473684210526
ataru-0608/f_grid/fg_f050_A_L50,ドア例外,w,6,甲,乙,13,2,16,2,2.8846153846153855
ataru-0608/f_grid/fg_f050_A_L50,ドア例外,w,7,甲,乙,19,0,8,3,-37.5
ataru-0608/f_grid/fg_f050_A_L50,ドア例外,w,8,甲,乙,9,1,16,6,-26.38888888888889
ataru-0608/f_grid/fg_f050_A_L50,ドア例外,w,9,甲,乙,13,2,11,1,6.293706293706294
ataru-0608/f_grid/fg_f050_A_L50,ドア例外,w,10,甲,乙,17,1,12,2,-10.784313725490195
ataru-0608/f_grid/fg_f050_A_L50,ドア例外,w,11,甲,乙,17,5,18,6,-3.9215686274509776
ataru-0608/f_grid/fg_f050_A_L50,ドア例外,w,12,甲,乙,16,1,15,1,-0.4166666666666666
ataru-0608/f_grid/fg_f050_A_L50,ドア例外,w,13,甲,乙,12,3,22,7,-6.8181818181818175
ataru-0608/f_grid/fg_f050_A_L50,ドア例外,w,14,甲,乙,15,1,17,2,-5.098039215686274
ataru-0608/f_grid/fg_f050_A_L50,ドア例外,w,15,甲,乙,15,3,10,0,20.0
ataru-0608/f_grid/fg_f050_A_L50,ドア例外,w,16,甲,乙,11,4,26,2,28.671328671328673
ataru-0608/f_grid/fg_f050_A_L50,ドア例外,w,17,甲,乙,14,0,14,2,-14.285714285714285
ataru-0608/f_grid/fg_f050_A_L50,ドア例外,w,18,甲,乙,16,0,18,2,-11.11111111111111
ataru-0608/f_grid/fg_f050_A_L50,ドア例外,w,19,甲,乙,18,2,10,0,11.11111111111111
ataru-0608/f_grid/fg_f050_A_L50,ドア例外,w,20,甲,乙,15,2,16,1,7.083333333333333
ataru-0608/f_grid/fg_f050_A_L50,ドア例外,a,1,甲,乙,19,2,14,2,-3.7593984962406015
ataru-0608/f_grid/fg_f050_A_L50,ドア例外,a,2,甲,乙,17,0,17,1,-5.88235294117647
ataru-0608/f_grid/fg_f050_A_L50,ドア例外,a,3,甲,乙,19,3,14,1,8.646616541353383
ataru-0608/f_grid/fg_f050_A_L50,ドア例外,a,4,甲,乙,18,3,5,1,-3.3333333333333353
ataru-0608/f_grid/fg_f050_A_L50,ドア例外,a,5,甲,乙,19,0,21,1,-4.761904761904762
ataru-0608/f_grid/fg_f050_A_L50,ドア例外,a,6,甲,乙,13,0,16,0,0.0
ataru-0608/f_grid/fg_f050_A_L50,ドア例外,a,7,甲,乙,19,1,8,1,-7.236842105263158
ataru-0608/f_grid/fg_f050_A_L50,ドア例外,a,8,甲,乙,9,1,16,2,-1.3888888888888895
ataru-0608/f_grid/fg_f050_A_L50,ドア例外,a,9,甲,乙,13,0,11,0,0.0
ataru-0608/f_grid/fg_f050_A_L50,ドア例外,a,10,甲,乙,17,2,12,0,11.76470588235294
ataru-0608/f_grid/fg_f050_A_L50,ドア例外,a,11,甲,乙,17,0,18,1,-5.555555555555555
ataru-0608/f_grid/fg_f050_A_L50,ドア例外,a,12,甲,乙,16,1,15,2,-7.083333333333333
ataru-0608/f_grid/fg_f050_A_L50,ドア例外,a,13,甲,乙,12,1,22,0,8.333333333333332
ataru-0608/f_grid/fg_f050_A_L50,ドア例外,a,14,甲,乙,15,0,17,0,0.0
ataru-0608/f_grid/fg_f050_A_L50,ドア例外,a,15,甲,乙,15,0,10,1,-10.0
ataru-0608/f_grid/fg_f050_A_L50,ドア例外,a,16,甲,乙,11,0,26,3,-11.538461538461538
ataru-0608/f_grid/fg_f050_A_L50,ドア例外,a,17,甲,乙,14,4,14,3,7.142857142857142
ataru-0608/f_grid/fg_f050_A_L50,ドア例外,a,18,甲,乙,16,0,18,0,0.0
ataru-0608/f_grid/fg_f050_A_L50,ドア例外,a,19,甲,乙,18,0,10,1,-10.0
ataru-0608/f_grid/fg_f050_A_L50,ドア例外,a,20,甲,乙,15,2,16,0,13.333333333333334
ataru-0608/f_grid/fg_f050_A_L50,ドア例外,c,1,甲,乙,19,11,14,8,0.7518796992481258
ataru-0608/f_grid/fg_f050_A_L50,ドア例外,c,2,甲,乙,17,13,17,13,0.0
ataru-0608/f_grid/fg_f050_A_L50,ドア例外,c,3,甲,乙,19,14,14,11,-4.8872180451127845
ataru-0608/f_grid/fg_f050_A_L50,ドア例外,c,4,甲,乙,18,13,5,4,-7.777777777777784
ataru-0608/f_grid/fg_f050_A_L50,ドア例外,c,5,甲,乙,19,16,21,20,-11.027568922305765
ataru-0608/f_grid/fg_f050_A_L50,ドア例外,c,6,甲,乙,13,11,16,14,-2.8846153846153855
ataru-0608/f_grid/fg_f050_A_L50,ドア例外,c,7,甲,乙,19,18,8,4,44.73684210526315
ataru-0608/f_grid/fg_f050_A_L50,ドア例外,c,8,甲,乙,9,7,16,8,27.77777777777778
ataru-0608/f_grid/fg_f050_A_L50,ドア例外,c,9,甲,乙,13,11,11,10,-6.2937062937062915
ataru-0608/f_grid/fg_f050_A_L50,ドア例外,c,10,甲,乙,17,14,12,10,-0.9803921568627527
ataru-0608/f_grid/fg_f050_A_L50,ドア例外,c,11,甲,乙,17,12,18,11,9.477124183006536
ataru-0608/f_grid/fg_f050_A_L50,ドア例外,c,12,甲,乙,16,14,15,12,7.499999999999996
ataru-0608/f_grid/fg_f050_A_L50,ドア例外,c,13,甲,乙,12,8,22,15,-1.5151515151515138
ataru-0608/f_grid/fg_f050_A_L50,ドア例外,c,14,甲,乙,15,14,17,15,5.098039215686279
ataru-0608/f_grid/fg_f050_A_L50,ドア例外,c,15,甲,乙,15,12,10,9,-9.999999999999998
ataru-0608/f_grid/fg_f050_A_L50,ドア例外,c,16,甲,乙,11,7,26,21,-17.132867132867137
ataru-0608/f_grid/fg_f050_A_L50,ドア例外,c,17,甲,乙,14,10,14,9,7.14285714285714
ataru-0608/f_grid/fg_f050_A_L50,ドア例外,c,18,甲,乙,16,16,18,16,11.111111111111116
ataru-0608/f_grid/fg_f050_A_L50,ドア例外,c,19,甲,乙,18,16,10,9,-1.1111111111111183
ataru-0608/f_grid/fg_f050_A_L50,ドア例外,c,20,甲,乙,15,11,16,15,-20.41666666666667
ataru-0608/n3/now_w1_A_L50,世界1ドア,w,1,e,n,33,0,124,0,0.0
ataru-0608/n3/now_w1_A_L50,世界1ドア,w,2,e,n,34,0,120,0,0.0
ataru-0608/n3/now_w1_A_L50,世界1ドア,w,3,e,n,33,0,143,0,0.0
ataru-0608/n3/now_w1_A_L50,世界1ドア,w,4,e,n,23,0,116,0,0.0
ataru-0608/n3/now_w1_A_L50,世界1ドア,w,5,e,n,40,0,131,0,0.0
ataru-0608/n3/now_w1_A_L50,世界1ドア,w,6,e,n,29,0,131,0,0.0
ataru-0608/n3/now_w1_A_L50,世界1ドア,w,7,e,n,27,0,129,0,0.0
ataru-0608/n3/now_w1_A_L50,世界1ドア,w,8,e,n,25,0,120,0,0.0
ataru-0608/n3/now_w1_A_L50,世界1ドア,w,9,e,n,24,0,113,0,0.0
ataru-0608/n3/now_w1_A_L50,世界1ドア,w,10,e,n,29,0,152,0,0.0
ataru-0608/n3/now_w1_A_L50,世界1ドア,w,11,e,n,35,0,120,0,0.0
ataru-0608/n3/now_w1_A_L50,世界1ドア,w,12,e,n,31,0,130,0,0.0
ataru-0608/n3/now_w1_A_L50,世界1ドア,w,13,e,n,34,0,131,0,0.0
ataru-0608/n3/now_w1_A_L50,世界1ドア,w,14,e,n,32,0,129,0,0.0
ataru-0608/n3/now_w1_A_L50,世界1ドア,w,15,e,n,25,0,124,0,0.0
ataru-0608/n3/now_w1_A_L50,世界1ドア,w,16,e,n,37,0,135,0,0.0
ataru-0608/n3/now_w1_A_L50,世界1ドア,w,17,e,n,28,0,133,0,0.0
ataru-0608/n3/now_w1_A_L50,世界1ドア,w,18,e,n,34,0,119,0,0.0
ataru-0608/n3/now_w1_A_L50,世界1ドア,w,19,e,n,28,0,116,0,0.0
ataru-0608/n3/now_w1_A_L50,世界1ドア,w,20,e,n,31,0,125,0,0.0
ataru-0608/n3/now_w1_A_L50,世界1ドア,a,1,e,n,33,3,124,7,3.4457478005865108
ataru-0608/n3/now_w1_A_L50,世界1ドア,a,2,e,n,34,2,120,8,-0.7843137254901961
ataru-0608/n3/now_w1_A_L50,世界1ドア,a,3,e,n,33,1,143,7,-1.8648018648018647
ataru-0608/n3/now_w1_A_L50,世界1ドア,a,4,e,n,23,1,116,6,-0.8245877061469266
ataru-0608/n3/now_w1_A_L50,世界1ドア,a,5,e,n,40,5,131,9,5.629770992366412
ataru-0608/n3/now_w1_A_L50,世界1ドア,a,6,e,n,29,5,131,7,11.89786785996315
ataru-0608/n3/now_w1_A_L50,世界1ドア,a,7,e,n,27,2,129,13,-2.670111972437554
ataru-0608/n3/now_w1_A_L50,世界1ドア,a,8,e,n,25,1,120,3,1.5
ataru-0608/n3/now_w1_A_L50,世界1ドア,a,9,e,n,24,4,113,4,13.126843657817108
ataru-0608/n3/now_w1_A_L50,世界1ドア,a,10,e,n,29,5,152,15,7.3729582577132495
ataru-0608/n3/now_w1_A_L50,世界1ドア,a,11,e,n,35,4,120,5,7.261904761904761
ataru-0608/n3/now_w1_A_L50,世界1ドア,a,12,e,n,31,3,130,4,6.600496277915632
ataru-0608/n3/now_w1_A_L50,世界1ドア,a,13,e,n,34,3,131,9,1.9533004041311184
ataru-0608/n3/now_w1_A_L50,世界1ドア,a,14,e,n,32,2,129,7,0.8236434108527133
ataru-0608/n3/now_w1_A_L50,世界1ドア,a,15,e,n,25,3,124,12,2.32258064516129
ataru-0608/n3/now_w1_A_L50,世界1ドア,a,16,e,n,37,5,135,7,8.32832832832833
ataru-0608/n3/now_w1_A_L50,世界1ドア,a,17,e,n,28,4,133,5,10.526315789473683
ataru-0608/n3/now_w1_A_L50,世界1ドア,a,18,e,n,34,3,119,3,6.302521008403361
ataru-0608/n3/now_w1_A_L50,世界1ドア,a,19,e,n,28,4,116,5,9.975369458128078
ataru-0608/n3/now_w1_A_L50,世界1ドア,a,20,e,n,31,3,125,4,6.477419354838709
ataru-0608/n3/now_w1_A_L50,世界1ドア,c,1,e,n,33,30,124,117,-3.4457478005865183
ataru-0608/n3/now_w1_A_L50,世界1ドア,c,2,e,n,34,32,120,112,0.7843137254901933
ataru-0608/n3/now_w1_A_L50,世界1ドア,c,3,e,n,33,32,143,136,1.8648018648018683
ataru-0608/n3/now_w1_A_L50,世界1ドア,c,4,e,n,23,22,116,110,0.8245877061469287
ataru-0608/n3/now_w1_A_L50,世界1ドア,c,5,e,n,40,35,131,122,-5.629770992366412
ataru-0608/n3/now_w1_A_L50,世界1ドア,c,6,e,n,29,24,131,124,-11.897867859963151
ataru-0608/n3/now_w1_A_L50,世界1ドア,c,7,e,n,27,25,129,116,2.67011197243755
ataru-0608/n3/now_w1_A_L50,世界1ドア,c,8,e,n,25,24,120,117,-1.5000000000000013
ataru-0608/n3/now_w1_A_L50,世界1ドア,c,9,e,n,24,20,113,109,-13.1268436578171
ataru-0608/n3/now_w1_A_L50,世界1ドア,c,10,e,n,29,24,152,137,-7.372958257713247
ataru-0608/n3/now_w1_A_L50,世界1ドア,c,11,e,n,35,31,120,115,-7.26190476190477
ataru-0608/n3/now_w1_A_L50,世界1ドア,c,12,e,n,31,28,130,126,-6.600496277915635
ataru-0608/n3/now_w1_A_L50,世界1ドア,c,13,e,n,34,31,131,122,-1.9533004041311197
ataru-0608/n3/now_w1_A_L50,世界1ドア,c,14,e,n,32,30,129,122,-0.8236434108527146
ataru-0608/n3/now_w1_A_L50,世界1ドア,c,15,e,n,25,22,124,112,-2.3225806451612874
ataru-0608/n3/now_w1_A_L50,世界1ドア,c,16,e,n,37,32,135,128,-8.328328328328327
ataru-0608/n3/now_w1_A_L50,世界1ドア,c,17,e,n,28,24,133,128,-10.526315789473683
ataru-0608/n3/now_w1_A_L50,世界1ドア,c,18,e,n,34,31,119,116,-6.302521008403361
ataru-0608/n3/now_w1_A_L50,世界1ドア,c,19,e,n,28,24,116,111,-9.97536945812808
ataru-0608/n3/now_w1_A_L50,世界1ドア,c,20,e,n,31,28,125,121,-6.477419354838709
ataru-0608/f_grid/fg_f050_A_L90,全課題,w,1,甲,乙,870,8,870,6,0.22988505747126436
ataru-0608/f_grid/fg_f050_A_L90,全課題,w,2,甲,乙,870,9,870,8,0.11494252873563218
ataru-0608/f_grid/fg_f050_A_L90,全課題,w,3,甲,乙,870,8,870,8,0.0
ataru-0608/f_grid/fg_f050_A_L90,全課題,w,4,甲,乙,870,8,870,3,0.5747126436781609
ataru-0608/f_grid/fg_f050_A_L90,全課題,w,5,甲,乙,870,8,870,6,0.22988505747126436
ataru-0608/f_grid/fg_f050_A_L90,全課題,w,6,甲,乙,870,6,870,5,0.11494252873563218
ataru-0608/f_grid/fg_f050_A_L90,全課題,w,7,甲,乙,870,3,870,5,-0.22988505747126436
ataru-0608/f_grid/fg_f050_A_L90,全課題,w,8,甲,乙,870,4,870,3,0.11494252873563218
ataru-0608/f_grid/fg_f050_A_L90,全課題,w,9,甲,乙,870,6,870,6,0.0
ataru-0608/f_grid/fg_f050_A_L90,全課題,w,10,甲,乙,870,8,870,7,0.11494252873563218
ataru-0608/f_grid/fg_f050_A_L90,全課題,w,11,甲,乙,870,8,870,11,-0.3448275862068966
ataru-0608/f_grid/fg_f050_A_L90,全課題,w,12,甲,乙,870,8,870,10,-0.22988505747126436
ataru-0608/f_grid/fg_f050_A_L90,全課題,w,13,甲,乙,870,7,870,8,-0.11494252873563218
ataru-0608/f_grid/fg_f050_A_L90,全課題,w,14,甲,乙,870,10,870,4,0.6896551724137931
ataru-0608/f_grid/fg_f050_A_L90,全課題,w,15,甲,乙,870,9,870,6,0.3448275862068966
ataru-0608/f_grid/fg_f050_A_L90,全課題,w,16,甲,乙,870,5,870,10,-0.5747126436781609
ataru-0608/f_grid/fg_f050_A_L90,全課題,w,17,甲,乙,870,6,870,9,-0.3448275862068966
ataru-0608/f_grid/fg_f050_A_L90,全課題,w,18,甲,乙,870,7,870,3,0.45977011494252873
ataru-0608/f_grid/fg_f050_A_L90,全課題,w,19,甲,乙,870,4,870,3,0.11494252873563218
ataru-0608/f_grid/fg_f050_A_L90,全課題,w,20,甲,乙,870,8,870,7,0.11494252873563218
ataru-0608/f_grid/fg_f050_A_L90,全課題,a,1,甲,乙,870,385,870,381,0.4597701149425315
ataru-0608/f_grid/fg_f050_A_L90,全課題,a,2,甲,乙,870,398,870,384,1.609195402298852
ataru-0608/f_grid/fg_f050_A_L90,全課題,a,3,甲,乙,870,403,870,379,2.7586206896551726
ataru-0608/f_grid/fg_f050_A_L90,全課題,a,4,甲,乙,870,377,870,390,-1.4942528735632177
ataru-0608/f_grid/fg_f050_A_L90,全課題,a,5,甲,乙,870,402,870,372,3.4482758620689613
ataru-0608/f_grid/fg_f050_A_L90,全課題,a,6,甲,乙,870,384,870,377,0.8045977011494232
ataru-0608/f_grid/fg_f050_A_L90,全課題,a,7,甲,乙,870,382,870,390,-0.9195402298850575
ataru-0608/f_grid/fg_f050_A_L90,全課題,a,8,甲,乙,870,393,870,396,-0.34482758620689724
ataru-0608/f_grid/fg_f050_A_L90,全課題,a,9,甲,乙,870,398,870,355,4.942528735632185
ataru-0608/f_grid/fg_f050_A_L90,全課題,a,10,甲,乙,870,393,870,397,-0.45977011494252595
ataru-0608/f_grid/fg_f050_A_L90,全課題,a,11,甲,乙,870,399,870,368,3.563218390804596
ataru-0608/f_grid/fg_f050_A_L90,全課題,a,12,甲,乙,870,386,870,386,0.0
ataru-0608/f_grid/fg_f050_A_L90,全課題,a,13,甲,乙,870,387,870,388,-0.11494252873563426
ataru-0608/f_grid/fg_f050_A_L90,全課題,a,14,甲,乙,870,392,870,394,-0.22988505747126298
ataru-0608/f_grid/fg_f050_A_L90,全課題,a,15,甲,乙,870,389,870,370,2.183908045977012
ataru-0608/f_grid/fg_f050_A_L90,全課題,a,16,甲,乙,870,392,870,388,0.45977011494252595
ataru-0608/f_grid/fg_f050_A_L90,全課題,a,17,甲,乙,870,385,870,395,-1.1494252873563204
ataru-0608/f_grid/fg_f050_A_L90,全課題,a,18,甲,乙,870,392,870,364,3.218390804597698
ataru-0608/f_grid/fg_f050_A_L90,全課題,a,19,甲,乙,870,395,870,401,-0.6896551724137945
ataru-0608/f_grid/fg_f050_A_L90,全課題,a,20,甲,乙,870,380,870,392,-1.3793103448275834
ataru-0608/f_grid/fg_f050_A_L90,全課題,c,1,甲,乙,870,477,870,483,-0.6896551724137945
ataru-0608/f_grid/fg_f050_A_L90,全課題,c,2,甲,乙,870,463,870,478,-1.724137931034475
ataru-0608/f_grid/fg_f050_A_L90,全課題,c,3,甲,乙,870,459,870,483,-2.758620689655167
ataru-0608/f_grid/fg_f050_A_L90,全課題,c,4,甲,乙,870,485,870,477,0.919540229885063
ataru-0608/f_grid/fg_f050_A_L90,全課題,c,5,甲,乙,870,460,870,492,-3.67816091954023
ataru-0608/f_grid/fg_f050_A_L90,全課題,c,6,甲,乙,870,480,870,488,-0.919540229885063
ataru-0608/f_grid/fg_f050_A_L90,全課題,c,7,甲,乙,870,485,870,475,1.1494252873563204
ataru-0608/f_grid/fg_f050_A_L90,全課題,c,8,甲,乙,870,473,870,471,0.22988505747126853
ataru-0608/f_grid/fg_f050_A_L90,全課題,c,9,甲,乙,870,466,870,509,-4.9425287356321785
ataru-0608/f_grid/fg_f050_A_L90,全課題,c,10,甲,乙,870,469,870,466,0.34482758620689724
ataru-0608/f_grid/fg_f050_A_L90,全課題,c,11,甲,乙,870,463,870,491,-3.218390804597704
ataru-0608/f_grid/fg_f050_A_L90,全課題,c,12,甲,乙,870,476,870,474,0.22988505747126853
ataru-0608/f_grid/fg_f050_A_L90,全課題,c,13,甲,乙,870,476,870,474,0.22988505747126853
ataru-0608/f_grid/fg_f050_A_L90,全課題,c,14,甲,乙,870,468,870,472,-0.45977011494253706
ataru-0608/f_grid/fg_f050_A_L90,全課題,c,15,甲,乙,870,472,870,494,-2.5287356321838983
ataru-0608/f_grid/fg_f050_A_L90,全課題,c,16,甲,乙,870,473,870,472,0.11494252873562871
ataru-0608/f_grid/fg_f050_A_L90,全課題,c,17,甲,乙,870,479,870,466,1.4942528735632177
ataru-0608/f_grid/fg_f050_A_L90,全課題,c,18,甲,乙,870,471,870,503,-3.67816091954023
ataru-0608/f_grid/fg_f050_A_L90,全課題,c,19,甲,乙,870,471,870,466,0.5747126436781547
ataru-0608/f_grid/fg_f050_A_L90,全課題,c,20,甲,乙,870,482,870,471,1.2643678160919603
ataru-0608/f_grid/fg_f050_A_L90,ドア全体,w,1,甲,乙,88,8,69,6,0.3952569169960479
ataru-0608/f_grid/fg_f050_A_L90,ドア全体,w,2,甲,乙,76,9,78,8,1.585695006747638
ataru-0608/f_grid/fg_f050_A_L90,ドア全体,w,3,甲,乙,97,8,79,8,-1.8791595980686415
ataru-0608/f_grid/fg_f050_A_L90,ドア全体,w,4,甲,乙,74,8,65,3,6.1954261954261955
ataru-0608/f_grid/fg_f050_A_L90,ドア全体,w,5,甲,乙,83,8,88,6,2.820372398685653
ataru-0608/f_grid/fg_f050_A_L90,ドア全体,w,6,甲,乙,73,6,87,5,2.472051645410171
ataru-0608/f_grid/fg_f050_A_L90,ドア全体,w,7,甲,乙,86,3,70,5,-3.6544850498338866
ataru-0608/f_grid/fg_f050_A_L90,ドア全体,w,8,甲,乙,69,4,76,3,1.8497330282227311
ataru-0608/f_grid/fg_f050_A_L90,ドア全体,w,9,甲,乙,63,6,74,6,1.4157014157014147
ataru-0608/f_grid/fg_f050_A_L90,ドア全体,w,10,甲,乙,91,8,90,7,1.013431013431014
ataru-0608/f_grid/fg_f050_A_L90,ドア全体,w,11,甲,乙,73,8,82,11,-2.4557300367524237
ataru-0608/f_grid/fg_f050_A_L90,ドア全体,w,12,甲,乙,76,8,85,10,-1.2383900928792575
ataru-0608/f_grid/fg_f050_A_L90,ドア全体,w,13,甲,乙,78,7,87,8,-0.2210433244916002
ataru-0608/f_grid/fg_f050_A_L90,ドア全体,w,14,甲,乙,74,10,87,4,8.915812364088227
ataru-0608/f_grid/fg_f050_A_L90,ドア全体,w,15,甲,乙,70,9,79,6,5.262206148282096
ataru-0608/f_grid/fg_f050_A_L90,ドア全体,w,16,甲,乙,82,5,90,10,-5.0135501355013545
ataru-0608/f_grid/fg_f050_A_L90,ドア全体,w,17,甲,乙,78,6,83,9,-3.151065801668211
ataru-0608/f_grid/fg_f050_A_L90,ドア全体,w,18,甲,乙,80,7,73,3,4.640410958904109
ataru-0608/f_grid/fg_f050_A_L90,ドア全体,w,19,甲,乙,76,4,68,3,0.8513931888544886
ataru-0608/f_grid/fg_f050_A_L90,ドア全体,w,20,甲,乙,81,8,75,7,0.543209876543209
ataru-0608/f_grid/fg_f050_A_L90,ドア全体,a,1,甲,乙,88,23,69,19,-1.3998682476943358
ataru-0608/f_grid/fg_f050_A_L90,ドア全体,a,2,甲,乙,76,17,78,15,3.137651821862347
ataru-0608/f_grid/fg_f050_A_L90,ドア全体,a,3,甲,乙,97,23,79,21,-2.8709382748270897
ataru-0608/f_grid/fg_f050_A_L90,ドア全体,a,4,甲,乙,74,18,65,11,7.401247401247401
ataru-0608/f_grid/fg_f050_A_L90,ドア全体,a,5,甲,乙,83,27,88,22,7.53012048192771
ataru-0608/f_grid/fg_f050_A_L90,ドア全体,a,6,甲,乙,73,16,87,29,-11.415525114155251
ataru-0608/f_grid/fg_f050_A_L90,ドア全体,a,7,甲,乙,86,24,70,19,0.7641196013289053
ataru-0608/f_grid/fg_f050_A_L90,ドア全体,a,8,甲,乙,69,15,76,19,-3.260869565217392
ataru-0608/f_grid/fg_f050_A_L90,ドア全体,a,9,甲,乙,63,17,74,19,1.3084513084513083
ataru-0608/f_grid/fg_f050_A_L90,ドア全体,a,10,甲,乙,91,18,90,18,-0.21978021978022177
ataru-0608/f_grid/fg_f050_A_L90,ドア全体,a,11,甲,乙,73,18,82,22,-2.1717340461075874
ataru-0608/f_grid/fg_f050_A_L90,ドア全体,a,12,甲,乙,76,22,85,15,11.30030959752322
ataru-0608/f_grid/fg_f050_A_L90,ドア全体,a,13,甲,乙,78,20,87,24,-1.945181255526085
ataru-0608/f_grid/fg_f050_A_L90,ドア全体,a,14,甲,乙,74,13,87,19,-4.271512892202548
ataru-0608/f_grid/fg_f050_A_L90,ドア全体,a,15,甲,乙,70,11,79,11,1.7902350813743224
ataru-0608/f_grid/fg_f050_A_L90,ドア全体,a,16,甲,乙,82,13,90,30,-17.479674796747965
ataru-0608/f_grid/fg_f050_A_L90,ドア全体,a,17,甲,乙,78,18,83,22,-3.429101019462466
ataru-0608/f_grid/fg_f050_A_L90,ドア全体,a,18,甲,乙,80,28,73,18,10.342465753424657
ataru-0608/f_grid/fg_f050_A_L90,ドア全体,a,19,甲,乙,76,23,68,19,2.321981424148606
ataru-0608/f_grid/fg_f050_A_L90,ドア全体,a,20,甲,乙,81,17,75,12,4.9876543209876525
ataru-0608/f_grid/fg_f050_A_L90,ドア全体,c,1,甲,乙,88,57,69,44,1.0046113306982907
ataru-0608/f_grid/fg_f050_A_L90,ドア全体,c,2,甲,乙,76,50,78,55,-4.723346828609987
ataru-0608/f_grid/fg_f050_A_L90,ドア全体,c,3,甲,乙,97,66,79,50,4.750097872895731
ataru-0608/f_grid/fg_f050_A_L90,ドア全体,c,4,甲,乙,74,48,65,51,-13.596673596673591
ataru-0608/f_grid/fg_f050_A_L90,ドア全体,c,5,甲,乙,83,48,88,60,-10.35049288061336
ataru-0608/f_grid/fg_f050_A_L90,ドア全体,c,6,甲,乙,73,51,87,53,8.943473468745077
ataru-0608/f_grid/fg_f050_A_L90,ドア全体,c,7,甲,乙,86,59,70,46,2.8903654485049834
ataru-0608/f_grid/fg_f050_A_L90,ドア全体,c,8,甲,乙,69,50,76,54,1.4111365369946616
ataru-0608/f_grid/fg_f050_A_L90,ドア全体,c,9,甲,乙,63,40,74,49,-2.7241527241527286
ataru-0608/f_grid/fg_f050_A_L90,ドア全体,c,10,甲,乙,91,65,90,65,-0.7936507936507908
ataru-0608/f_grid/fg_f050_A_L90,ドア全体,c,11,甲,乙,73,47,82,49,4.627464082860011
ataru-0608/f_grid/fg_f050_A_L90,ドア全体,c,12,甲,乙,76,46,85,60,-10.061919504643967
ataru-0608/f_grid/fg_f050_A_L90,ドア全体,c,13,甲,乙,78,51,87,55,2.166224580017684
ataru-0608/f_grid/fg_f050_A_L90,ドア全体,c,14,甲,乙,74,51,87,64,-4.644299471885683
ataru-0608/f_grid/fg_f050_A_L90,ドア全体,c,15,甲,乙,70,50,79,62,-7.052441229656415
ataru-0608/f_grid/fg_f050_A_L90,ドア全体,c,16,甲,乙,82,64,90,50,22.493224932249323
ataru-0608/f_grid/fg_f050_A_L90,ドア全体,c,17,甲,乙,78,54,83,52,6.580166821130673
ataru-0608/f_grid/fg_f050_A_L90,ドア全体,c,18,甲,乙,80,45,73,52,-14.982876712328764
ataru-0608/f_grid/fg_f050_A_L90,ドア全体,c,19,甲,乙,76,49,68,46,-3.1733746130030993
ataru-0608/f_grid/fg_f050_A_L90,ドア全体,c,20,甲,乙,81,56,75,56,-5.530864197530871
ataru-0608/f_grid/fg_f050_A_L90,ドア通常,w,1,甲,乙,69,0,55,0,0.0
ataru-0608/f_grid/fg_f050_A_L90,ドア通常,w,2,甲,乙,59,0,61,0,0.0
ataru-0608/f_grid/fg_f050_A_L90,ドア通常,w,3,甲,乙,78,0,65,0,0.0
ataru-0608/f_grid/fg_f050_A_L90,ドア通常,w,4,甲,乙,56,0,60,0,0.0
ataru-0608/f_grid/fg_f050_A_L90,ドア通常,w,5,甲,乙,64,0,67,0,0.0
ataru-0608/f_grid/fg_f050_A_L90,ドア通常,w,6,甲,乙,60,0,71,0,0.0
ataru-0608/f_grid/fg_f050_A_L90,ドア通常,w,7,甲,乙,67,0,62,0,0.0
ataru-0608/f_grid/fg_f050_A_L90,ドア通常,w,8,甲,乙,60,0,60,0,0.0
ataru-0608/f_grid/fg_f050_A_L90,ドア通常,w,9,甲,乙,50,0,63,0,0.0
ataru-0608/f_grid/fg_f050_A_L90,ドア通常,w,10,甲,乙,74,2,78,0,2.7027027027027026
ataru-0608/f_grid/fg_f050_A_L90,ドア通常,w,11,甲,乙,56,0,64,0,0.0
ataru-0608/f_grid/fg_f050_A_L90,ドア通常,w,12,甲,乙,60,0,70,0,0.0
ataru-0608/f_grid/fg_f050_A_L90,ドア通常,w,13,甲,乙,66,0,65,0,0.0
ataru-0608/f_grid/fg_f050_A_L90,ドア通常,w,14,甲,乙,59,0,70,0,0.0
ataru-0608/f_grid/fg_f050_A_L90,ドア通常,w,15,甲,乙,55,1,69,0,1.8181818181818181
ataru-0608/f_grid/fg_f050_A_L90,ドア通常,w,16,甲,乙,71,0,64,0,0.0
ataru-0608/f_grid/fg_f050_A_L90,ドア通常,w,17,甲,乙,64,0,69,0,0.0
ataru-0608/f_grid/fg_f050_A_L90,ドア通常,w,18,甲,乙,64,0,55,0,0.0
ataru-0608/f_grid/fg_f050_A_L90,ドア通常,w,19,甲,乙,58,0,58,0,0.0
ataru-0608/f_grid/fg_f050_A_L90,ドア通常,w,20,甲,乙,66,0,59,1,-1.694915254237288
ataru-0608/f_grid/fg_f050_A_L90,ドア通常,a,1,甲,乙,69,18,55,12,4.2687747035573125
ataru-0608/f_grid/fg_f050_A_L90,ドア通常,a,2,甲,乙,59,12,61,10,3.9455404278966406
ataru-0608/f_grid/fg_f050_A_L90,ドア通常,a,3,甲,乙,78,14,65,18,-9.743589743589745
ataru-0608/f_grid/fg_f050_A_L90,ドア通常,a,4,甲,乙,56,11,60,10,2.9761904761904767
ataru-0608/f_grid/fg_f050_A_L90,ドア通常,a,5,甲,乙,64,19,67,15,7.299440298507462
ataru-0608/f_grid/fg_f050_A_L90,ドア通常,a,6,甲,乙,60,13,71,19,-5.09389671361502
ataru-0608/f_grid/fg_f050_A_L90,ドア通常,a,7,甲,乙,67,15,62,16,-3.418391911410687
ataru-0608/f_grid/fg_f050_A_L90,ドア通常,a,8,甲,乙,60,12,60,10,3.3333333333333353
ataru-0608/f_grid/fg_f050_A_L90,ドア通常,a,9,甲,乙,50,13,63,14,3.77777777777778
ataru-0608/f_grid/fg_f050_A_L90,ドア通常,a,10,甲,乙,74,12,78,15,-3.0145530145530146
ataru-0608/f_grid/fg_f050_A_L90,ドア通常,a,11,甲,乙,56,13,64,17,-3.3482142857142847
ataru-0608/f_grid/fg_f050_A_L90,ドア通常,a,12,甲,乙,60,14,70,11,7.6190476190476195
ataru-0608/f_grid/fg_f050_A_L90,ドア通常,a,13,甲,乙,66,15,65,14,1.188811188811187
ataru-0608/f_grid/fg_f050_A_L90,ドア通常,a,14,甲,乙,59,10,70,11,1.2348668280871666
ataru-0608/f_grid/fg_f050_A_L90,ドア通常,a,15,甲,乙,55,8,69,8,2.95125164690382
ataru-0608/f_grid/fg_f050_A_L90,ドア通常,a,16,甲,乙,71,11,64,17,-11.069542253521128
ataru-0608/f_grid/fg_f050_A_L90,ドア通常,a,17,甲,乙,64,12,69,19,-8.78623188405797
ataru-0608/f_grid/fg_f050_A_L90,ドア通常,a,18,甲,乙,64,20,55,7,18.522727272727273
ataru-0608/f_grid/fg_f050_A_L90,ドア通常,a,19,甲,乙,58,12,58,13,-1.7241379310344835
ataru-0608/f_grid/fg_f050_A_L90,ドア通常,a,20,甲,乙,66,12,59,9,2.9275808936825882
ataru-0608/f_grid/fg_f050_A_L90,ドア通常,c,1,甲,乙,69,51,55,43,-4.268774703557321
ataru-0608/f_grid/fg_f050_A_L90,ドア通常,c,2,甲,乙,59,47,61,51,-3.9455404278966433
ataru-0608/f_grid/fg_f050_A_L90,ドア通常,c,3,甲,乙,78,64,65,47,9.743589743589743
ataru-0608/f_grid/fg_f050_A_L90,ドア通常,c,4,甲,乙,56,45,60,50,-2.9761904761904767
ataru-0608/f_grid/fg_f050_A_L90,ドア通常,c,5,甲,乙,64,45,67,52,-7.299440298507465
ataru-0608/f_grid/fg_f050_A_L90,ドア通常,c,6,甲,乙,60,47,71,52,5.09389671361502
ataru-0608/f_grid/fg_f050_A_L90,ドア通常,c,7,甲,乙,67,52,62,46,3.4183919114106898
ataru-0608/f_grid/fg_f050_A_L90,ドア通常,c,8,甲,乙,60,48,60,50,-3.3333333333333326
ataru-0608/f_grid/fg_f050_A_L90,ドア通常,c,9,甲,乙,50,37,63,49,-3.77777777777778
ataru-0608/f_grid/fg_f050_A_L90,ドア通常,c,10,甲,乙,74,60,78,63,0.31185031185031464
ataru-0608/f_grid/fg_f050_A_L90,ドア通常,c,11,甲,乙,56,43,64,47,3.3482142857142905
ataru-0608/f_grid/fg_f050_A_L90,ドア通常,c,12,甲,乙,60,46,70,59,-7.619047619047614
ataru-0608/f_grid/fg_f050_A_L90,ドア通常,c,13,甲,乙,66,51,65,51,-1.1888111888111896
ataru-0608/f_grid/fg_f050_A_L90,ドア通常,c,14,甲,乙,59,49,70,59,-1.2348668280871666
ataru-0608/f_grid/fg_f050_A_L90,ドア通常,c,15,甲,乙,55,46,69,61,-4.7694334650856485
ataru-0608/f_grid/fg_f050_A_L90,ドア通常,c,16,甲,乙,71,60,64,47,11.069542253521124
ataru-0608/f_grid/fg_f050_A_L90,ドア通常,c,17,甲,乙,64,52,69,50,8.78623188405797
ataru-0608/f_grid/fg_f050_A_L90,ドア通常,c,18,甲,乙,64,44,55,48,-18.52272727272727
ataru-0608/f_grid/fg_f050_A_L90,ドア通常,c,19,甲,乙,58,46,58,45,1.7241379310344862
ataru-0608/f_grid/fg_f050_A_L90,ドア通常,c,20,甲,乙,66,54,59,49,-1.2326656394452962
ataru-0608/f_grid/fg_f050_A_L90,ドア例外,w,1,甲,乙,19,8,14,6,-0.7518796992481203
ataru-0608/f_grid/fg_f050_A_L90,ドア例外,w,2,甲,乙,17,9,17,8,5.882352941176472
ataru-0608/f_grid/fg_f050_A_L90,ドア例外,w,3,甲,乙,19,8,14,8,-15.037593984962406
ataru-0608/f_grid/fg_f050_A_L90,ドア例外,w,4,甲,乙,18,8,5,3,-15.555555555555555
ataru-0608/f_grid/fg_f050_A_L90,ドア例外,w,5,甲,乙,19,8,21,6,13.533834586466165
ataru-0608/f_grid/fg_f050_A_L90,ドア例外,w,6,甲,乙,13,6,16,5,14.903846153846157
ataru-0608/f_grid/fg_f050_A_L90,ドア例外,w,7,甲,乙,19,3,8,5,-46.71052631578947
ataru-0608/f_grid/fg_f050_A_L90,ドア例外,w,8,甲,乙,9,4,16,3,25.694444444444443
ataru-0608/f_grid/fg_f050_A_L90,ドア例外,w,9,甲,乙,13,6,11,6,-8.391608391608385
ataru-0608/f_grid/fg_f050_A_L90,ドア例外,w,10,甲,乙,17,6,12,7,-23.03921568627451
ataru-0608/f_grid/fg_f050_A_L90,ドア例外,w,11,甲,乙,17,8,18,11,-14.052287581699352
ataru-0608/f_grid/fg_f050_A_L90,ドア例外,w,12,甲,乙,16,8,15,10,-16.666666666666664
ataru-0608/f_grid/fg_f050_A_L90,ドア例外,w,13,甲,乙,12,7,22,8,21.969696969696972
ataru-0608/f_grid/fg_f050_A_L90,ドア例外,w,14,甲,乙,15,10,17,4,43.13725490196078
ataru-0608/f_grid/fg_f050_A_L90,ドア例外,w,15,甲,乙,15,8,10,6,-6.666666666666665
ataru-0608/f_grid/fg_f050_A_L90,ドア例外,w,16,甲,乙,11,5,26,10,6.99300699300699
ataru-0608/f_grid/fg_f050_A_L90,ドア例外,w,17,甲,乙,14,6,14,9,-21.428571428571434
ataru-0608/f_grid/fg_f050_A_L90,ドア例外,w,18,甲,乙,16,7,18,3,27.083333333333336
ataru-0608/f_grid/fg_f050_A_L90,ドア例外,w,19,甲,乙,18,4,10,3,-7.777777777777778
ataru-0608/f_grid/fg_f050_A_L90,ドア例外,w,20,甲,乙,15,8,16,6,15.833333333333332
ataru-0608/f_grid/fg_f050_A_L90,ドア例外,a,1,甲,乙,19,5,14,7,-23.68421052631579
ataru-0608/f_grid/fg_f050_A_L90,ドア例外,a,2,甲,乙,17,5,17,5,0.0
ataru-0608/f_grid/fg_f050_A_L90,ドア例外,a,3,甲,乙,19,9,14,3,25.93984962406015
ataru-0608/f_grid/fg_f050_A_L90,ドア例外,a,4,甲,乙,18,7,5,1,18.88888888888889
ataru-0608/f_grid/fg_f050_A_L90,ドア例外,a,5,甲,乙,19,8,21,7,8.771929824561402
ataru-0608/f_grid/fg_f050_A_L90,ドア例外,a,6,甲,乙,13,3,16,10,-39.42307692307692
ataru-0608/f_grid/fg_f050_A_L90,ドア例外,a,7,甲,乙,19,9,8,3,9.868421052631577
ataru-0608/f_grid/fg_f050_A_L90,ドア例外,a,8,甲,乙,9,3,16,9,-22.916666666666668
ataru-0608/f_grid/fg_f050_A_L90,ドア例外,a,9,甲,乙,13,4,11,5,-14.685314685314681
ataru-0608/f_grid/fg_f050_A_L90,ドア例外,a,10,甲,乙,17,6,12,3,10.294117647058826
ataru-0608/f_grid/fg_f050_A_L90,ドア例外,a,11,甲,乙,17,5,18,5,1.633986928104575
ataru-0608/f_grid/fg_f050_A_L90,ドア例外,a,12,甲,乙,16,8,15,4,23.333333333333332
ataru-0608/f_grid/fg_f050_A_L90,ドア例外,a,13,甲,乙,12,5,22,10,-3.7878787878787845
ataru-0608/f_grid/fg_f050_A_L90,ドア例外,a,14,甲,乙,15,3,17,8,-27.058823529411764
ataru-0608/f_grid/fg_f050_A_L90,ドア例外,a,15,甲,乙,15,3,10,3,-9.999999999999998
ataru-0608/f_grid/fg_f050_A_L90,ドア例外,a,16,甲,乙,11,2,26,13,-31.818181818181817
ataru-0608/f_grid/fg_f050_A_L90,ドア例外,a,17,甲,乙,14,6,14,3,21.428571428571427
ataru-0608/f_grid/fg_f050_A_L90,ドア例外,a,18,甲,乙,16,8,18,11,-11.111111111111116
ataru-0608/f_grid/fg_f050_A_L90,ドア例外,a,19,甲,乙,18,11,10,6,1.1111111111111183
ataru-0608/f_grid/fg_f050_A_L90,ドア例外,a,20,甲,乙,15,5,16,3,14.583333333333332
ataru-0608/f_grid/fg_f050_A_L90,ドア例外,c,1,甲,乙,19,6,14,1,24.43609022556391
ataru-0608/f_grid/fg_f050_A_L90,ドア例外,c,2,甲,乙,17,3,17,4,-5.882352941176469
ataru-0608/f_grid/fg_f050_A_L90,ドア例外,c,3,甲,乙,19,2,14,3,-10.902255639097744
ataru-0608/f_grid/fg_f050_A_L90,ドア例外,c,4,甲,乙,18,3,5,1,-3.3333333333333353
ataru-0608/f_grid/fg_f050_A_L90,ドア例外,c,5,甲,乙,19,3,21,8,-22.305764411027567
ataru-0608/f_grid/fg_f050_A_L90,ドア例外,c,6,甲,乙,13,4,16,1,24.51923076923077
ataru-0608/f_grid/fg_f050_A_L90,ドア例外,c,7,甲,乙,19,7,8,0,36.84210526315789
ataru-0608/f_grid/fg_f050_A_L90,ドア例外,c,8,甲,乙,9,2,16,4,-2.777777777777779
ataru-0608/f_grid/fg_f050_A_L90,ドア例外,c,9,甲,乙,13,3,11,0,23.076923076923077
ataru-0608/f_grid/fg_f050_A_L90,ドア例外,c,10,甲,乙,17,5,12,2,12.745098039215689
ataru-0608/f_grid/fg_f050_A_L90,ドア例外,c,11,甲,乙,17,4,18,2,12.418300653594772
ataru-0608/f_grid/fg_f050_A_L90,ドア例外,c,12,甲,乙,16,0,15,1,-6.666666666666667
ataru-0608/f_grid/fg_f050_A_L90,ドア例外,c,13,甲,乙,12,0,22,4,-18.181818181818183
ataru-0608/f_grid/fg_f050_A_L90,ドア例外,c,14,甲,乙,15,2,17,5,-16.07843137254902
ataru-0608/f_grid/fg_f050_A_L90,ドア例外,c,15,甲,乙,15,4,10,1,16.666666666666664
ataru-0608/f_grid/fg_f050_A_L90,ドア例外,c,16,甲,乙,11,4,26,3,24.825174825174827
ataru-0608/f_grid/fg_f050_A_L90,ドア例外,c,17,甲,乙,14,2,14,2,0.0
ataru-0608/f_grid/fg_f050_A_L90,ドア例外,c,18,甲,乙,16,1,18,4,-15.972222222222221
ataru-0608/f_grid/fg_f050_A_L90,ドア例外,c,19,甲,乙,18,3,10,1,6.666666666666665
ataru-0608/f_grid/fg_f050_A_L90,ドア例外,c,20,甲,乙,15,2,16,7,-30.41666666666667
ataru-0608/n3/now_w1_A_L90,世界1ドア,w,1,e,n,33,0,124,0,0.0
ataru-0608/n3/now_w1_A_L90,世界1ドア,w,2,e,n,34,0,120,0,0.0
ataru-0608/n3/now_w1_A_L90,世界1ドア,w,3,e,n,33,0,143,0,0.0
ataru-0608/n3/now_w1_A_L90,世界1ドア,w,4,e,n,23,0,116,0,0.0
ataru-0608/n3/now_w1_A_L90,世界1ドア,w,5,e,n,40,0,131,0,0.0
ataru-0608/n3/now_w1_A_L90,世界1ドア,w,6,e,n,29,0,131,0,0.0
ataru-0608/n3/now_w1_A_L90,世界1ドア,w,7,e,n,27,0,129,0,0.0
ataru-0608/n3/now_w1_A_L90,世界1ドア,w,8,e,n,25,0,120,0,0.0
ataru-0608/n3/now_w1_A_L90,世界1ドア,w,9,e,n,24,0,113,0,0.0
ataru-0608/n3/now_w1_A_L90,世界1ドア,w,10,e,n,29,0,152,0,0.0
ataru-0608/n3/now_w1_A_L90,世界1ドア,w,11,e,n,35,0,120,0,0.0
ataru-0608/n3/now_w1_A_L90,世界1ドア,w,12,e,n,31,0,130,0,0.0
ataru-0608/n3/now_w1_A_L90,世界1ドア,w,13,e,n,34,0,131,0,0.0
ataru-0608/n3/now_w1_A_L90,世界1ドア,w,14,e,n,32,0,129,0,0.0
ataru-0608/n3/now_w1_A_L90,世界1ドア,w,15,e,n,25,0,124,0,0.0
ataru-0608/n3/now_w1_A_L90,世界1ドア,w,16,e,n,37,0,135,0,0.0
ataru-0608/n3/now_w1_A_L90,世界1ドア,w,17,e,n,28,0,133,0,0.0
ataru-0608/n3/now_w1_A_L90,世界1ドア,w,18,e,n,34,0,119,0,0.0
ataru-0608/n3/now_w1_A_L90,世界1ドア,w,19,e,n,28,0,116,0,0.0
ataru-0608/n3/now_w1_A_L90,世界1ドア,w,20,e,n,31,0,125,0,0.0
ataru-0608/n3/now_w1_A_L90,世界1ドア,a,1,e,n,33,8,124,33,-2.370478983382207
ataru-0608/n3/now_w1_A_L90,世界1ドア,a,2,e,n,34,10,120,22,11.078431372549021
ataru-0608/n3/now_w1_A_L90,世界1ドア,a,3,e,n,33,11,143,35,8.857808857808855
ataru-0608/n3/now_w1_A_L90,世界1ドア,a,4,e,n,23,8,116,33,6.334332833583206
ataru-0608/n3/now_w1_A_L90,世界1ドア,a,5,e,n,40,15,131,35,10.782442748091603
ataru-0608/n3/now_w1_A_L90,世界1ドア,a,6,e,n,29,9,131,32,6.607001842590157
ataru-0608/n3/now_w1_A_L90,世界1ドア,a,7,e,n,27,15,129,32,30.749354005167962
ataru-0608/n3/now_w1_A_L90,世界1ドア,a,8,e,n,25,8,120,25,11.166666666666666
ataru-0608/n3/now_w1_A_L90,世界1ドア,a,9,e,n,24,6,113,23,4.646017699115043
ataru-0608/n3/now_w1_A_L90,世界1ドア,a,10,e,n,29,10,152,37,10.140653357531763
ataru-0608/n3/now_w1_A_L90,世界1ドア,a,11,e,n,35,12,120,27,11.785714285714285
ataru-0608/n3/now_w1_A_L90,世界1ドア,a,12,e,n,31,10,130,31,8.411910669975184
ataru-0608/n3/now_w1_A_L90,世界1ドア,a,13,e,n,34,12,131,44,1.7063313875168407
ataru-0608/n3/now_w1_A_L90,世界1ドア,a,14,e,n,32,13,129,30,17.36918604651163
ataru-0608/n3/now_w1_A_L90,世界1ドア,a,15,e,n,25,7,124,19,12.677419354838712
ataru-0608/n3/now_w1_A_L90,世界1ドア,a,16,e,n,37,13,135,34,9.949949949949954
ataru-0608/n3/now_w1_A_L90,世界1ドア,a,17,e,n,28,9,133,39,2.819548872180455
ataru-0608/n3/now_w1_A_L90,世界1ドア,a,18,e,n,34,16,119,23,27.73109243697479
ataru-0608/n3/now_w1_A_L90,世界1ドア,a,19,e,n,28,11,116,29,14.285714285714285
ataru-0608/n3/now_w1_A_L90,世界1ドア,a,20,e,n,31,11,125,27,13.883870967741938
ataru-0608/n3/now_w1_A_L90,世界1ドア,c,1,e,n,33,25,124,91,2.370478983382207
ataru-0608/n3/now_w1_A_L90,世界1ドア,c,2,e,n,34,24,120,98,-11.078431372549014
ataru-0608/n3/now_w1_A_L90,世界1ドア,c,3,e,n,33,22,143,108,-8.857808857808857
ataru-0608/n3/now_w1_A_L90,世界1ドア,c,4,e,n,23,15,116,83,-6.334332833583211
ataru-0608/n3/now_w1_A_L90,世界1ドア,c,5,e,n,40,25,131,96,-10.782442748091603
ataru-0608/n3/now_w1_A_L90,世界1ドア,c,6,e,n,29,20,131,99,-6.607001842590154
ataru-0608/n3/now_w1_A_L90,世界1ドア,c,7,e,n,27,12,129,97,-30.749354005167962
ataru-0608/n3/now_w1_A_L90,世界1ドア,c,8,e,n,25,17,120,95,-11.166666666666657
ataru-0608/n3/now_w1_A_L90,世界1ドア,c,9,e,n,24,18,113,90,-4.6460176991150455
ataru-0608/n3/now_w1_A_L90,世界1ドア,c,10,e,n,29,19,152,115,-10.14065335753176
ataru-0608/n3/now_w1_A_L90,世界1ドア,c,11,e,n,35,23,120,93,-11.785714285714288
ataru-0608/n3/now_w1_A_L90,世界1ドア,c,12,e,n,31,21,130,99,-8.411910669975187
ataru-0608/n3/now_w1_A_L90,世界1ドア,c,13,e,n,34,22,131,87,-1.706331387516835
ataru-0608/n3/now_w1_A_L90,世界1ドア,c,14,e,n,32,19,129,99,-17.36918604651163
ataru-0608/n3/now_w1_A_L90,世界1ドア,c,15,e,n,25,18,124,105,-12.677419354838715
ataru-0608/n3/now_w1_A_L90,世界1ドア,c,16,e,n,37,24,135,101,-9.949949949949943
ataru-0608/n3/now_w1_A_L90,世界1ドア,c,17,e,n,28,19,133,94,-2.819548872180444
ataru-0608/n3/now_w1_A_L90,世界1ドア,c,18,e,n,34,18,119,96,-27.73109243697479
ataru-0608/n3/now_w1_A_L90,世界1ドア,c,19,e,n,28,17,116,87,-14.28571428571429
ataru-0608/n3/now_w1_A_L90,世界1ドア,c,20,e,n,31,20,125,98,-13.88387096774194
ataru-0608/f_grid/fg_f050_C_L50,全課題,w,1,甲,乙,870,7,870,1,0.6896551724137931
ataru-0608/f_grid/fg_f050_C_L50,全課題,w,2,甲,乙,870,3,870,3,0.0
ataru-0608/f_grid/fg_f050_C_L50,全課題,w,3,甲,乙,870,2,870,3,-0.11494252873563218
ataru-0608/f_grid/fg_f050_C_L50,全課題,w,4,甲,乙,870,2,870,0,0.22988505747126436
ataru-0608/f_grid/fg_f050_C_L50,全課題,w,5,甲,乙,870,3,870,0,0.3448275862068966
ataru-0608/f_grid/fg_f050_C_L50,全課題,w,6,甲,乙,870,2,870,4,-0.22988505747126436
ataru-0608/f_grid/fg_f050_C_L50,全課題,w,7,甲,乙,870,1,870,3,-0.22988505747126436
ataru-0608/f_grid/fg_f050_C_L50,全課題,w,8,甲,乙,870,1,870,5,-0.45977011494252873
ataru-0608/f_grid/fg_f050_C_L50,全課題,w,9,甲,乙,870,3,870,1,0.22988505747126436
ataru-0608/f_grid/fg_f050_C_L50,全課題,w,10,甲,乙,870,3,870,2,0.11494252873563218
ataru-0608/f_grid/fg_f050_C_L50,全課題,w,11,甲,乙,870,5,870,9,-0.45977011494252873
ataru-0608/f_grid/fg_f050_C_L50,全課題,w,12,甲,乙,870,1,870,1,0.0
ataru-0608/f_grid/fg_f050_C_L50,全課題,w,13,甲,乙,870,1,870,5,-0.45977011494252873
ataru-0608/f_grid/fg_f050_C_L50,全課題,w,14,甲,乙,870,3,870,2,0.11494252873563218
ataru-0608/f_grid/fg_f050_C_L50,全課題,w,15,甲,乙,870,2,870,1,0.11494252873563218
ataru-0608/f_grid/fg_f050_C_L50,全課題,w,16,甲,乙,870,3,870,7,-0.45977011494252873
ataru-0608/f_grid/fg_f050_C_L50,全課題,w,17,甲,乙,870,3,870,2,0.11494252873563218
ataru-0608/f_grid/fg_f050_C_L50,全課題,w,18,甲,乙,870,0,870,2,-0.22988505747126436
ataru-0608/f_grid/fg_f050_C_L50,全課題,w,19,甲,乙,870,2,870,0,0.22988505747126436
ataru-0608/f_grid/fg_f050_C_L50,全課題,w,20,甲,乙,870,2,870,3,-0.11494252873563218
ataru-0608/f_grid/fg_f050_C_L50,全課題,a,1,甲,乙,870,258,870,268,-1.149425287356326
ataru-0608/f_grid/fg_f050_C_L50,全課題,a,2,甲,乙,870,274,870,265,1.0344827586206862
ataru-0608/f_grid/fg_f050_C_L50,全課題,a,3,甲,乙,870,283,870,269,1.609195402298852
ataru-0608/f_grid/fg_f050_C_L50,全課題,a,4,甲,乙,870,248,870,256,-0.9195402298850575
ataru-0608/f_grid/fg_f050_C_L50,全課題,a,5,甲,乙,870,257,870,253,0.4597701149425315
ataru-0608/f_grid/fg_f050_C_L50,全課題,a,6,甲,乙,870,272,870,247,2.8735632183908066
ataru-0608/f_grid/fg_f050_C_L50,全課題,a,7,甲,乙,870,248,870,261,-1.4942528735632177
ataru-0608/f_grid/fg_f050_C_L50,全課題,a,8,甲,乙,870,303,870,278,2.8735632183908013
ataru-0608/f_grid/fg_f050_C_L50,全課題,a,9,甲,乙,870,276,870,230,5.2873563218390816
ataru-0608/f_grid/fg_f050_C_L50,全課題,a,10,甲,乙,870,278,870,272,0.6896551724137945
ataru-0608/f_grid/fg_f050_C_L50,全課題,a,11,甲,乙,870,253,870,258,-0.5747126436781602
ataru-0608/f_grid/fg_f050_C_L50,全課題,a,12,甲,乙,870,257,870,279,-2.5287356321839036
ataru-0608/f_grid/fg_f050_C_L50,全課題,a,13,甲,乙,870,271,870,259,1.3793103448275834
ataru-0608/f_grid/fg_f050_C_L50,全課題,a,14,甲,乙,870,265,870,278,-1.4942528735632177
ataru-0608/f_grid/fg_f050_C_L50,全課題,a,15,甲,乙,870,264,870,262,0.22988505747126298
ataru-0608/f_grid/fg_f050_C_L50,全課題,a,16,甲,乙,870,286,870,248,4.367816091954024
ataru-0608/f_grid/fg_f050_C_L50,全課題,a,17,甲,乙,870,267,870,246,2.413793103448275
ataru-0608/f_grid/fg_f050_C_L50,全課題,a,18,甲,乙,870,260,870,245,1.7241379310344862
ataru-0608/f_grid/fg_f050_C_L50,全課題,a,19,甲,乙,870,253,870,278,-2.8735632183908066
ataru-0608/f_grid/fg_f050_C_L50,全課題,a,20,甲,乙,870,264,870,270,-0.6896551724137945
ataru-0608/f_grid/fg_f050_C_L50,全課題,c,1,甲,乙,870,605,870,601,0.45977011494252595
ataru-0608/f_grid/fg_f050_C_L50,全課題,c,2,甲,乙,870,593,870,602,-1.0344827586206917
ataru-0608/f_grid/fg_f050_C_L50,全課題,c,3,甲,乙,870,585,870,598,-1.4942528735632177
ataru-0608/f_grid/fg_f050_C_L50,全課題,c,4,甲,乙,870,620,870,614,0.6896551724137945
ataru-0608/f_grid/fg_f050_C_L50,全課題,c,5,甲,乙,870,610,870,617,-0.8045977011494232
ataru-0608/f_grid/fg_f050_C_L50,全課題,c,6,甲,乙,870,596,870,619,-2.643678160919549
ataru-0608/f_grid/fg_f050_C_L50,全課題,c,7,甲,乙,870,621,870,606,1.7241379310344862
ataru-0608/f_grid/fg_f050_C_L50,全課題,c,8,甲,乙,870,566,870,587,-2.4137931034482807
ataru-0608/f_grid/fg_f050_C_L50,全課題,c,9,甲,乙,870,591,870,639,-5.517241379310345
ataru-0608/f_grid/fg_f050_C_L50,全課題,c,10,甲,乙,870,589,870,596,-0.8045977011494232
ataru-0608/f_grid/fg_f050_C_L50,全課題,c,11,甲,乙,870,612,870,603,1.0344827586206806
ataru-0608/f_grid/fg_f050_C_L50,全課題,c,12,甲,乙,870,612,870,590,2.5287356321839094
ataru-0608/f_grid/fg_f050_C_L50,全課題,c,13,甲,乙,870,598,870,606,-0.9195402298850519
ataru-0608/f_grid/fg_f050_C_L50,全課題,c,14,甲,乙,870,602,870,590,1.379310344827589
ataru-0608/f_grid/fg_f050_C_L50,全課題,c,15,甲,乙,870,604,870,607,-0.34482758620689724
ataru-0608/f_grid/fg_f050_C_L50,全課題,c,16,甲,乙,870,581,870,615,-3.9080459770114873
ataru-0608/f_grid/fg_f050_C_L50,全課題,c,17,甲,乙,870,600,870,622,-2.5287356321838983
ataru-0608/f_grid/fg_f050_C_L50,全課題,c,18,甲,乙,870,610,870,623,-1.4942528735632177
ataru-0608/f_grid/fg_f050_C_L50,全課題,c,19,甲,乙,870,615,870,592,2.643678160919538
ataru-0608/f_grid/fg_f050_C_L50,全課題,c,20,甲,乙,870,604,870,597,0.8045977011494232
ataru-0608/f_grid/fg_f050_C_L50,ドア全体,w,1,甲,乙,88,7,69,1,6.505270092226614
ataru-0608/f_grid/fg_f050_C_L50,ドア全体,w,2,甲,乙,76,3,78,3,0.10121457489878499
ataru-0608/f_grid/fg_f050_C_L50,ドア全体,w,3,甲,乙,97,2,79,3,-1.7356126843272872
ataru-0608/f_grid/fg_f050_C_L50,ドア全体,w,4,甲,乙,74,2,65,0,2.7027027027027026
ataru-0608/f_grid/fg_f050_C_L50,ドア全体,w,5,甲,乙,83,3,88,0,3.614457831325301
ataru-0608/f_grid/fg_f050_C_L50,ドア全体,w,6,甲,乙,73,2,87,4,-1.8579751220280272
ataru-0608/f_grid/fg_f050_C_L50,ドア全体,w,7,甲,乙,86,1,70,3,-3.122923588039867
ataru-0608/f_grid/fg_f050_C_L50,ドア全体,w,8,甲,乙,69,1,76,5,-5.129672006102211
ataru-0608/f_grid/fg_f050_C_L50,ドア全体,w,9,甲,乙,63,3,74,1,3.41055341055341
ataru-0608/f_grid/fg_f050_C_L50,ドア全体,w,10,甲,乙,91,3,90,2,1.0744810744810744
ataru-0608/f_grid/fg_f050_C_L50,ドア全体,w,11,甲,乙,73,5,82,9,-4.12629468760441
ataru-0608/f_grid/fg_f050_C_L50,ドア全体,w,12,甲,乙,76,1,85,1,0.13931888544891635
ataru-0608/f_grid/fg_f050_C_L50,ドア全体,w,13,甲,乙,78,1,87,5,-4.465075154730328
ataru-0608/f_grid/fg_f050_C_L50,ドア全体,w,14,甲,乙,74,3,87,2,1.7552034793414106
ataru-0608/f_grid/fg_f050_C_L50,ドア全体,w,15,甲,乙,70,2,79,1,1.5913200723327303
ataru-0608/f_grid/fg_f050_C_L50,ドア全体,w,16,甲,乙,82,3,90,7,-4.119241192411924
ataru-0608/f_grid/fg_f050_C_L50,ドア全体,w,17,甲,乙,78,3,83,2,1.4365152919369788
ataru-0608/f_grid/fg_f050_C_L50,ドア全体,w,18,甲,乙,80,0,73,2,-2.73972602739726
ataru-0608/f_grid/fg_f050_C_L50,ドア全体,w,19,甲,乙,76,2,68,0,2.631578947368421
ataru-0608/f_grid/fg_f050_C_L50,ドア全体,w,20,甲,乙,81,2,75,3,-1.5308641975308643
ataru-0608/f_grid/fg_f050_C_L50,ドア全体,a,1,甲,乙,88,4,69,2,1.6469038208168645
ataru-0608/f_grid/fg_f050_C_L50,ドア全体,a,2,甲,乙,76,3,78,2,1.3832658569500673
ataru-0608/f_grid/fg_f050_C_L50,ドア全体,a,3,甲,乙,97,5,79,0,5.154639175257731
ataru-0608/f_grid/fg_f050_C_L50,ドア全体,a,4,甲,乙,74,4,65,2,2.3284823284823286
ataru-0608/f_grid/fg_f050_C_L50,ドア全体,a,5,甲,乙,83,2,88,5,-3.272179627601314
ataru-0608/f_grid/fg_f050_C_L50,ドア全体,a,6,甲,乙,73,4,87,2,3.1806014800818767
ataru-0608/f_grid/fg_f050_C_L50,ドア全体,a,7,甲,乙,86,2,70,3,-1.9601328903654487
ataru-0608/f_grid/fg_f050_C_L50,ドア全体,a,8,甲,乙,69,2,76,2,0.2669717772692603
ataru-0608/f_grid/fg_f050_C_L50,ドア全体,a,9,甲,乙,63,1,74,0,1.5873015873015872
ataru-0608/f_grid/fg_f050_C_L50,ドア全体,a,10,甲,乙,91,1,90,7,-6.678876678876679
ataru-0608/f_grid/fg_f050_C_L50,ドア全体,a,11,甲,乙,73,2,82,2,0.3007016371533576
ataru-0608/f_grid/fg_f050_C_L50,ドア全体,a,12,甲,乙,76,1,85,2,-1.0371517027863777
ataru-0608/f_grid/fg_f050_C_L50,ドア全体,a,13,甲,乙,78,5,87,3,2.9619805481874444
ataru-0608/f_grid/fg_f050_C_L50,ドア全体,a,14,甲,乙,74,1,87,2,-0.9474992233612922
ataru-0608/f_grid/fg_f050_C_L50,ドア全体,a,15,甲,乙,70,3,79,2,1.7540687160940327
ataru-0608/f_grid/fg_f050_C_L50,ドア全体,a,16,甲,乙,82,2,90,3,-0.8943089430894308
ataru-0608/f_grid/fg_f050_C_L50,ドア全体,a,17,甲,乙,78,2,83,4,-2.255174544331171
ataru-0608/f_grid/fg_f050_C_L50,ドア全体,a,18,甲,乙,80,3,73,1,2.3801369863013697
ataru-0608/f_grid/fg_f050_C_L50,ドア全体,a,19,甲,乙,76,2,68,2,-0.3095975232198144
ataru-0608/f_grid/fg_f050_C_L50,ドア全体,a,20,甲,乙,81,1,75,0,1.2345679012345678
ataru-0608/f_grid/fg_f050_C_L50,ドア全体,c,1,甲,乙,88,77,69,66,-8.15217391304348
ataru-0608/f_grid/fg_f050_C_L50,ドア全体,c,2,甲,乙,76,70,78,73,-1.4844804318488558
ataru-0608/f_grid/fg_f050_C_L50,ドア全体,c,3,甲,乙,97,90,79,76,-3.4190264909304435
ataru-0608/f_grid/fg_f050_C_L50,ドア全体,c,4,甲,乙,74,68,65,63,-5.031185031185026
ataru-0608/f_grid/fg_f050_C_L50,ドア全体,c,5,甲,乙,83,78,88,83,-0.3422782037239891
ataru-0608/f_grid/fg_f050_C_L50,ドア全体,c,6,甲,乙,73,67,87,81,-1.3226263580538467
ataru-0608/f_grid/fg_f050_C_L50,ドア全体,c,7,甲,乙,86,83,70,64,5.083056478405323
ataru-0608/f_grid/fg_f050_C_L50,ドア全体,c,8,甲,乙,69,66,76,69,4.86270022883295
ataru-0608/f_grid/fg_f050_C_L50,ドア全体,c,9,甲,乙,63,59,74,73,-4.997854997855001
ataru-0608/f_grid/fg_f050_C_L50,ドア全体,c,10,甲,乙,91,87,90,81,5.604395604395607
ataru-0608/f_grid/fg_f050_C_L50,ドア全体,c,11,甲,乙,73,66,82,71,3.8255930504510482
ataru-0608/f_grid/fg_f050_C_L50,ドア全体,c,12,甲,乙,76,74,85,82,0.8978328173374628
ataru-0608/f_grid/fg_f050_C_L50,ドア全体,c,13,甲,乙,78,72,87,79,1.5030946065428874
ataru-0608/f_grid/fg_f050_C_L50,ドア全体,c,14,甲,乙,74,70,87,83,-0.8077042559801129
ataru-0608/f_grid/fg_f050_C_L50,ドア全体,c,15,甲,乙,70,65,79,76,-3.345388788426762
ataru-0608/f_grid/fg_f050_C_L50,ドア全体,c,16,甲,乙,82,77,90,80,5.0135501355013545
ataru-0608/f_grid/fg_f050_C_L50,ドア全体,c,17,甲,乙,78,73,83,77,0.8186592523941938
ataru-0608/f_grid/fg_f050_C_L50,ドア全体,c,18,甲,乙,80,77,73,70,0.35958904109589795
ataru-0608/f_grid/fg_f050_C_L50,ドア全体,c,19,甲,乙,76,72,68,66,-2.3219814241486114
ataru-0608/f_grid/fg_f050_C_L50,ドア全体,c,20,甲,乙,81,78,75,72,0.2962962962962945
ataru-0608/f_grid/fg_f050_C_L50,ドア通常,w,1,甲,乙,69,0,55,0,0.0
ataru-0608/f_grid/fg_f050_C_L50,ドア通常,w,2,甲,乙,59,0,61,0,0.0
ataru-0608/f_grid/fg_f050_C_L50,ドア通常,w,3,甲,乙,78,0,65,0,0.0
ataru-0608/f_grid/fg_f050_C_L50,ドア通常,w,4,甲,乙,56,0,60,0,0.0
ataru-0608/f_grid/fg_f050_C_L50,ドア通常,w,5,甲,乙,64,0,67,0,0.0
ataru-0608/f_grid/fg_f050_C_L50,ドア通常,w,6,甲,乙,60,0,71,0,0.0
ataru-0608/f_grid/fg_f050_C_L50,ドア通常,w,7,甲,乙,67,0,62,0,0.0
ataru-0608/f_grid/fg_f050_C_L50,ドア通常,w,8,甲,乙,60,0,60,0,0.0
ataru-0608/f_grid/fg_f050_C_L50,ドア通常,w,9,甲,乙,50,0,63,0,0.0
ataru-0608/f_grid/fg_f050_C_L50,ドア通常,w,10,甲,乙,74,0,78,0,0.0
ataru-0608/f_grid/fg_f050_C_L50,ドア通常,w,11,甲,乙,56,0,64,0,0.0
ataru-0608/f_grid/fg_f050_C_L50,ドア通常,w,12,甲,乙,60,0,70,0,0.0
ataru-0608/f_grid/fg_f050_C_L50,ドア通常,w,13,甲,乙,66,0,65,0,0.0
ataru-0608/f_grid/fg_f050_C_L50,ドア通常,w,14,甲,乙,59,0,70,0,0.0
ataru-0608/f_grid/fg_f050_C_L50,ドア通常,w,15,甲,乙,55,0,69,0,0.0
ataru-0608/f_grid/fg_f050_C_L50,ドア通常,w,16,甲,乙,71,0,64,0,0.0
ataru-0608/f_grid/fg_f050_C_L50,ドア通常,w,17,甲,乙,64,0,69,0,0.0
ataru-0608/f_grid/fg_f050_C_L50,ドア通常,w,18,甲,乙,64,0,55,0,0.0
ataru-0608/f_grid/fg_f050_C_L50,ドア通常,w,19,甲,乙,58,0,58,0,0.0
ataru-0608/f_grid/fg_f050_C_L50,ドア通常,w,20,甲,乙,66,0,59,0,0.0
ataru-0608/f_grid/fg_f050_C_L50,ドア通常,a,1,甲,乙,69,3,55,0,4.3478260869565215
ataru-0608/f_grid/fg_f050_C_L50,ドア通常,a,2,甲,乙,59,1,61,1,0.05557099194220608
ataru-0608/f_grid/fg_f050_C_L50,ドア通常,a,3,甲,乙,78,2,65,0,2.564102564102564
ataru-0608/f_grid/fg_f050_C_L50,ドア通常,a,4,甲,乙,56,1,60,1,0.11904761904761897
ataru-0608/f_grid/fg_f050_C_L50,ドア通常,a,5,甲,乙,64,2,67,5,-4.337686567164178
ataru-0608/f_grid/fg_f050_C_L50,ドア通常,a,6,甲,乙,60,4,71,2,3.849765258215962
ataru-0608/f_grid/fg_f050_C_L50,ドア通常,a,7,甲,乙,67,1,62,3,-3.346172363986519
ataru-0608/f_grid/fg_f050_C_L50,ドア通常,a,8,甲,乙,60,1,60,0,1.6666666666666667
ataru-0608/f_grid/fg_f050_C_L50,ドア通常,a,9,甲,乙,50,0,63,0,0.0
ataru-0608/f_grid/fg_f050_C_L50,ドア通常,a,10,甲,乙,74,0,78,7,-8.974358974358974
ataru-0608/f_grid/fg_f050_C_L50,ドア通常,a,11,甲,乙,56,2,64,2,0.44642857142857123
ataru-0608/f_grid/fg_f050_C_L50,ドア通常,a,12,甲,乙,60,0,70,0,0.0
ataru-0608/f_grid/fg_f050_C_L50,ドア通常,a,13,甲,乙,66,4,65,2,2.983682983682984
ataru-0608/f_grid/fg_f050_C_L50,ドア通常,a,14,甲,乙,59,1,70,2,-1.162227602905569
ataru-0608/f_grid/fg_f050_C_L50,ドア通常,a,15,甲,乙,55,1,69,1,0.3689064558629775
ataru-0608/f_grid/fg_f050_C_L50,ドア通常,a,16,甲,乙,71,1,64,2,-1.7165492957746478
ataru-0608/f_grid/fg_f050_C_L50,ドア通常,a,17,甲,乙,64,0,69,1,-1.4492753623188406
ataru-0608/f_grid/fg_f050_C_L50,ドア通常,a,18,甲,乙,64,3,55,1,2.869318181818182
ataru-0608/f_grid/fg_f050_C_L50,ドア通常,a,19,甲,乙,58,1,58,2,-1.7241379310344827
ataru-0608/f_grid/fg_f050_C_L50,ドア通常,a,20,甲,乙,66,0,59,0,0.0
ataru-0608/f_grid/fg_f050_C_L50,ドア通常,c,1,甲,乙,69,66,55,55,-4.347826086956519
ataru-0608/f_grid/fg_f050_C_L50,ドア通常,c,2,甲,乙,59,58,61,60,-0.05557099194219983
ataru-0608/f_grid/fg_f050_C_L50,ドア通常,c,3,甲,乙,78,76,65,65,-2.564102564102566
ataru-0608/f_grid/fg_f050_C_L50,ドア通常,c,4,甲,乙,56,55,60,59,-0.11904761904761862
ataru-0608/f_grid/fg_f050_C_L50,ドア通常,c,5,甲,乙,64,62,67,62,4.337686567164178
ataru-0608/f_grid/fg_f050_C_L50,ドア通常,c,6,甲,乙,60,56,71,69,-3.8497652582159647
ataru-0608/f_grid/fg_f050_C_L50,ドア通常,c,7,甲,乙,67,66,62,59,3.3461723639865104
ataru-0608/f_grid/fg_f050_C_L50,ドア通常,c,8,甲,乙,60,59,60,60,-1.6666666666666718
ataru-0608/f_grid/fg_f050_C_L50,ドア通常,c,9,甲,乙,50,50,63,63,0.0
ataru-0608/f_grid/fg_f050_C_L50,ドア通常,c,10,甲,乙,74,74,78,71,8.974358974358976
ataru-0608/f_grid/fg_f050_C_L50,ドア通常,c,11,甲,乙,56,54,64,62,-0.44642857142856984
ataru-0608/f_grid/fg_f050_C_L50,ドア通常,c,12,甲,乙,60,60,70,70,0.0
ataru-0608/f_grid/fg_f050_C_L50,ドア通常,c,13,甲,乙,66,62,65,63,-2.983682983682978
ataru-0608/f_grid/fg_f050_C_L50,ドア通常,c,14,甲,乙,59,58,70,68,1.1622276029055745
ataru-0608/f_grid/fg_f050_C_L50,ドア通常,c,15,甲,乙,55,54,69,68,-0.3689064558629829
ataru-0608/f_grid/fg_f050_C_L50,ドア通常,c,16,甲,乙,71,70,64,62,1.7165492957746498
ataru-0608/f_grid/fg_f050_C_L50,ドア通常,c,17,甲,乙,64,64,69,68,1.449275362318836
ataru-0608/f_grid/fg_f050_C_L50,ドア通常,c,18,甲,乙,64,61,55,54,-2.869318181818181
ataru-0608/f_grid/fg_f050_C_L50,ドア通常,c,19,甲,乙,58,57,58,56,1.724137931034475
ataru-0608/f_grid/fg_f050_C_L50,ドア通常,c,20,甲,乙,66,66,59,59,0.0
ataru-0608/f_grid/fg_f050_C_L50,ドア例外,w,1,甲,乙,19,7,14,1,29.699248120300748
ataru-0608/f_grid/fg_f050_C_L50,ドア例外,w,2,甲,乙,17,3,17,3,0.0
ataru-0608/f_grid/fg_f050_C_L50,ドア例外,w,3,甲,乙,19,2,14,3,-10.902255639097744
ataru-0608/f_grid/fg_f050_C_L50,ドア例外,w,4,甲,乙,18,2,5,0,11.11111111111111
ataru-0608/f_grid/fg_f050_C_L50,ドア例外,w,5,甲,乙,19,3,21,0,15.789473684210526
ataru-0608/f_grid/fg_f050_C_L50,ドア例外,w,6,甲,乙,13,2,16,4,-9.615384615384615
ataru-0608/f_grid/fg_f050_C_L50,ドア例外,w,7,甲,乙,19,1,8,3,-32.23684210526316
ataru-0608/f_grid/fg_f050_C_L50,ドア例外,w,8,甲,乙,9,1,16,5,-20.13888888888889
ataru-0608/f_grid/fg_f050_C_L50,ドア例外,w,9,甲,乙,13,3,11,1,13.986013986013987
ataru-0608/f_grid/fg_f050_C_L50,ドア例外,w,10,甲,乙,17,3,12,2,0.9803921568627472
ataru-0608/f_grid/fg_f050_C_L50,ドア例外,w,11,甲,乙,17,5,18,9,-20.588235294117645
ataru-0608/f_grid/fg_f050_C_L50,ドア例外,w,12,甲,乙,16,1,15,1,-0.4166666666666666
ataru-0608/f_grid/fg_f050_C_L50,ドア例外,w,13,甲,乙,12,1,22,5,-14.393939393939393
ataru-0608/f_grid/fg_f050_C_L50,ドア例外,w,14,甲,乙,15,3,17,2,8.23529411764706
ataru-0608/f_grid/fg_f050_C_L50,ドア例外,w,15,甲,乙,15,2,10,1,3.3333333333333326
ataru-0608/f_grid/fg_f050_C_L50,ドア例外,w,16,甲,乙,11,3,26,7,0.3496503496503489
ataru-0608/f_grid/fg_f050_C_L50,ドア例外,w,17,甲,乙,14,3,14,2,7.142857142857142
ataru-0608/f_grid/fg_f050_C_L50,ドア例外,w,18,甲,乙,16,0,18,2,-11.11111111111111
ataru-0608/f_grid/fg_f050_C_L50,ドア例外,w,19,甲,乙,18,2,10,0,11.11111111111111
ataru-0608/f_grid/fg_f050_C_L50,ドア例外,w,20,甲,乙,15,2,16,3,-5.416666666666667
ataru-0608/f_grid/fg_f050_C_L50,ドア例外,a,1,甲,乙,19,1,14,2,-9.022556390977442
ataru-0608/f_grid/fg_f050_C_L50,ドア例外,a,2,甲,乙,17,2,17,1,5.88235294117647
ataru-0608/f_grid/fg_f050_C_L50,ドア例外,a,3,甲,乙,19,3,14,0,15.789473684210526
ataru-0608/f_grid/fg_f050_C_L50,ドア例外,a,4,甲,乙,18,3,5,1,-3.3333333333333353
ataru-0608/f_grid/fg_f050_C_L50,ドア例外,a,5,甲,乙,19,0,21,0,0.0
ataru-0608/f_grid/fg_f050_C_L50,ドア例外,a,6,甲,乙,13,0,16,0,0.0
ataru-0608/f_grid/fg_f050_C_L50,ドア例外,a,7,甲,乙,19,1,8,0,5.263157894736842
ataru-0608/f_grid/fg_f050_C_L50,ドア例外,a,8,甲,乙,9,1,16,2,-1.3888888888888895
ataru-0608/f_grid/fg_f050_C_L50,ドア例外,a,9,甲,乙,13,1,11,0,7.6923076923076925
ataru-0608/f_grid/fg_f050_C_L50,ドア例外,a,10,甲,乙,17,1,12,0,5.88235294117647
ataru-0608/f_grid/fg_f050_C_L50,ドア例外,a,11,甲,乙,17,0,18,0,0.0
ataru-0608/f_grid/fg_f050_C_L50,ドア例外,a,12,甲,乙,16,1,15,2,-7.083333333333333
ataru-0608/f_grid/fg_f050_C_L50,ドア例外,a,13,甲,乙,12,1,22,1,3.787878787878787
ataru-0608/f_grid/fg_f050_C_L50,ドア例外,a,14,甲,乙,15,0,17,0,0.0
ataru-0608/f_grid/fg_f050_C_L50,ドア例外,a,15,甲,乙,15,2,10,1,3.3333333333333326
ataru-0608/f_grid/fg_f050_C_L50,ドア例外,a,16,甲,乙,11,1,26,1,5.244755244755245
ataru-0608/f_grid/fg_f050_C_L50,ドア例外,a,17,甲,乙,14,2,14,3,-7.142857142857142
ataru-0608/f_grid/fg_f050_C_L50,ドア例外,a,18,甲,乙,16,0,18,0,0.0
ataru-0608/f_grid/fg_f050_C_L50,ドア例外,a,19,甲,乙,18,1,10,0,5.555555555555555
ataru-0608/f_grid/fg_f050_C_L50,ドア例外,a,20,甲,乙,15,1,16,0,6.666666666666667
ataru-0608/f_grid/fg_f050_C_L50,ドア例外,c,1,甲,乙,19,11,14,11,-20.676691729323306
ataru-0608/f_grid/fg_f050_C_L50,ドア例外,c,2,甲,乙,17,12,17,13,-5.88235294117646
ataru-0608/f_grid/fg_f050_C_L50,ドア例外,c,3,甲,乙,19,14,14,11,-4.8872180451127845
ataru-0608/f_grid/fg_f050_C_L50,ドア例外,c,4,甲,乙,18,13,5,4,-7.777777777777784
ataru-0608/f_grid/fg_f050_C_L50,ドア例外,c,5,甲,乙,19,16,21,21,-15.789473684210531
ataru-0608/f_grid/fg_f050_C_L50,ドア例外,c,6,甲,乙,13,11,16,12,9.615384615384615
ataru-0608/f_grid/fg_f050_C_L50,ドア例外,c,7,甲,乙,19,17,8,5,26.973684210526315
ataru-0608/f_grid/fg_f050_C_L50,ドア例外,c,8,甲,乙,9,7,16,9,21.52777777777778
ataru-0608/f_grid/fg_f050_C_L50,ドア例外,c,9,甲,乙,13,9,11,10,-21.678321678321677
ataru-0608/f_grid/fg_f050_C_L50,ドア例外,c,10,甲,乙,17,13,12,10,-6.862745098039225
ataru-0608/f_grid/fg_f050_C_L50,ドア例外,c,11,甲,乙,17,12,18,9,20.588235294117652
ataru-0608/f_grid/fg_f050_C_L50,ドア例外,c,12,甲,乙,16,14,15,12,7.499999999999996
ataru-0608/f_grid/fg_f050_C_L50,ドア例外,c,13,甲,乙,12,10,22,16,10.606060606060607
ataru-0608/f_grid/fg_f050_C_L50,ドア例外,c,14,甲,乙,15,12,17,15,-8.23529411764705
ataru-0608/f_grid/fg_f050_C_L50,ドア例外,c,15,甲,乙,15,11,10,8,-6.666666666666677
ataru-0608/f_grid/fg_f050_C_L50,ドア例外,c,16,甲,乙,11,7,26,18,-5.594405594405593
ataru-0608/f_grid/fg_f050_C_L50,ドア例外,c,17,甲,乙,14,9,14,9,0.0
ataru-0608/f_grid/fg_f050_C_L50,ドア例外,c,18,甲,乙,16,16,18,16,11.111111111111116
ataru-0608/f_grid/fg_f050_C_L50,ドア例外,c,19,甲,乙,18,15,10,10,-16.666666666666664
ataru-0608/f_grid/fg_f050_C_L50,ドア例外,c,20,甲,乙,15,12,16,13,-1.2499999999999956
ataru-0608/n3/now_w1_C_L50,世界1ドア,w,1,e,n,33,0,124,0,0.0
ataru-0608/n3/now_w1_C_L50,世界1ドア,w,2,e,n,34,0,120,0,0.0
ataru-0608/n3/now_w1_C_L50,世界1ドア,w,3,e,n,33,0,143,0,0.0
ataru-0608/n3/now_w1_C_L50,世界1ドア,w,4,e,n,23,0,116,0,0.0
ataru-0608/n3/now_w1_C_L50,世界1ドア,w,5,e,n,40,0,131,0,0.0
ataru-0608/n3/now_w1_C_L50,世界1ドア,w,6,e,n,29,0,131,0,0.0
ataru-0608/n3/now_w1_C_L50,世界1ドア,w,7,e,n,27,0,129,0,0.0
ataru-0608/n3/now_w1_C_L50,世界1ドア,w,8,e,n,25,0,120,0,0.0
ataru-0608/n3/now_w1_C_L50,世界1ドア,w,9,e,n,24,0,113,0,0.0
ataru-0608/n3/now_w1_C_L50,世界1ドア,w,10,e,n,29,0,152,0,0.0
ataru-0608/n3/now_w1_C_L50,世界1ドア,w,11,e,n,35,0,120,0,0.0
ataru-0608/n3/now_w1_C_L50,世界1ドア,w,12,e,n,31,0,130,0,0.0
ataru-0608/n3/now_w1_C_L50,世界1ドア,w,13,e,n,34,0,131,0,0.0
ataru-0608/n3/now_w1_C_L50,世界1ドア,w,14,e,n,32,0,129,0,0.0
ataru-0608/n3/now_w1_C_L50,世界1ドア,w,15,e,n,25,0,124,0,0.0
ataru-0608/n3/now_w1_C_L50,世界1ドア,w,16,e,n,37,0,135,0,0.0
ataru-0608/n3/now_w1_C_L50,世界1ドア,w,17,e,n,28,0,133,0,0.0
ataru-0608/n3/now_w1_C_L50,世界1ドア,w,18,e,n,34,0,119,0,0.0
ataru-0608/n3/now_w1_C_L50,世界1ドア,w,19,e,n,28,0,116,0,0.0
ataru-0608/n3/now_w1_C_L50,世界1ドア,w,20,e,n,31,0,125,0,0.0
ataru-0608/n3/now_w1_C_L50,世界1ドア,a,1,e,n,33,3,124,8,2.6392961876832848
ataru-0608/n3/now_w1_C_L50,世界1ドア,a,2,e,n,34,4,120,4,8.431372549019608
ataru-0608/n3/now_w1_C_L50,世界1ドア,a,3,e,n,33,5,143,4,12.354312354312356
ataru-0608/n3/now_w1_C_L50,世界1ドア,a,4,e,n,23,1,116,6,-0.8245877061469266
ataru-0608/n3/now_w1_C_L50,世界1ドア,a,5,e,n,40,3,131,5,3.6832061068702284
ataru-0608/n3/now_w1_C_L50,世界1ドア,a,6,e,n,29,6,131,8,14.58278494340616
ataru-0608/n3/now_w1_C_L50,世界1ドア,a,7,e,n,27,7,129,9,18.94918173987941
ataru-0608/n3/now_w1_C_L50,世界1ドア,a,8,e,n,25,1,120,3,1.5
ataru-0608/n3/now_w1_C_L50,世界1ドア,a,9,e,n,24,1,113,3,1.5117994100294982
ataru-0608/n3/now_w1_C_L50,世界1ドア,a,10,e,n,29,5,152,15,7.3729582577132495
ataru-0608/n3/now_w1_C_L50,世界1ドア,a,11,e,n,35,4,120,5,7.261904761904761
ataru-0608/n3/now_w1_C_L50,世界1ドア,a,12,e,n,31,3,130,5,5.831265508684863
ataru-0608/n3/now_w1_C_L50,世界1ドア,a,13,e,n,34,2,131,9,-0.9878760664571176
ataru-0608/n3/now_w1_C_L50,世界1ドア,a,14,e,n,32,2,129,6,1.5988372093023258
ataru-0608/n3/now_w1_C_L50,世界1ドア,a,15,e,n,25,2,124,8,1.548387096774194
ataru-0608/n3/now_w1_C_L50,世界1ドア,a,16,e,n,37,6,135,9,9.54954954954955
ataru-0608/n3/now_w1_C_L50,世界1ドア,a,17,e,n,28,1,133,8,-2.443609022556391
ataru-0608/n3/now_w1_C_L50,世界1ドア,a,18,e,n,34,4,119,5,7.563025210084033
ataru-0608/n3/now_w1_C_L50,世界1ドア,a,19,e,n,28,2,116,4,3.694581280788177
ataru-0608/n3/now_w1_C_L50,世界1ドア,a,20,e,n,31,9,125,1,28.23225806451613
ataru-0608/n3/now_w1_C_L50,世界1ドア,c,1,e,n,33,30,124,116,-2.639296187683282
ataru-0608/n3/now_w1_C_L50,世界1ドア,c,2,e,n,34,30,120,116,-8.431372549019612
ataru-0608/n3/now_w1_C_L50,世界1ドア,c,3,e,n,33,28,143,139,-12.354312354312347
ataru-0608/n3/now_w1_C_L50,世界1ドア,c,4,e,n,23,22,116,110,0.8245877061469287
ataru-0608/n3/now_w1_C_L50,世界1ドア,c,5,e,n,40,37,131,126,-3.6832061068702293
ataru-0608/n3/now_w1_C_L50,世界1ドア,c,6,e,n,29,23,131,123,-14.582784943406157
ataru-0608/n3/now_w1_C_L50,世界1ドア,c,7,e,n,27,20,129,120,-18.949181739879418
ataru-0608/n3/now_w1_C_L50,世界1ドア,c,8,e,n,25,24,120,117,-1.5000000000000013
ataru-0608/n3/now_w1_C_L50,世界1ドア,c,9,e,n,24,23,113,110,-1.5117994100294907
ataru-0608/n3/now_w1_C_L50,世界1ドア,c,10,e,n,29,24,152,137,-7.372958257713247
ataru-0608/n3/now_w1_C_L50,世界1ドア,c,11,e,n,35,31,120,115,-7.26190476190477
ataru-0608/n3/now_w1_C_L50,世界1ドア,c,12,e,n,31,28,130,125,-5.831265508684869
ataru-0608/n3/now_w1_C_L50,世界1ドア,c,13,e,n,34,32,131,122,0.9878760664571162
ataru-0608/n3/now_w1_C_L50,世界1ドア,c,14,e,n,32,30,129,123,-1.5988372093023284
ataru-0608/n3/now_w1_C_L50,世界1ドア,c,15,e,n,25,23,124,116,-1.5483870967741842
ataru-0608/n3/now_w1_C_L50,世界1ドア,c,16,e,n,37,31,135,126,-9.549549549549551
ataru-0608/n3/now_w1_C_L50,世界1ドア,c,17,e,n,28,27,133,125,2.4436090225563922
ataru-0608/n3/now_w1_C_L50,世界1ドア,c,18,e,n,34,30,119,114,-7.5630252100840405
ataru-0608/n3/now_w1_C_L50,世界1ドア,c,19,e,n,28,26,116,112,-3.6945812807881784
ataru-0608/n3/now_w1_C_L50,世界1ドア,c,20,e,n,31,22,125,124,-28.232258064516124
ataru-0608/f_grid/fg_f050_C_L90,全課題,w,1,甲,乙,870,8,870,7,0.11494252873563218
ataru-0608/f_grid/fg_f050_C_L90,全課題,w,2,甲,乙,870,9,870,8,0.11494252873563218
ataru-0608/f_grid/fg_f050_C_L90,全課題,w,3,甲,乙,870,9,870,8,0.11494252873563218
ataru-0608/f_grid/fg_f050_C_L90,全課題,w,4,甲,乙,870,8,870,3,0.5747126436781609
ataru-0608/f_grid/fg_f050_C_L90,全課題,w,5,甲,乙,870,7,870,5,0.22988505747126436
ataru-0608/f_grid/fg_f050_C_L90,全課題,w,6,甲,乙,870,6,870,5,0.11494252873563218
ataru-0608/f_grid/fg_f050_C_L90,全課題,w,7,甲,乙,870,3,870,6,-0.3448275862068966
ataru-0608/f_grid/fg_f050_C_L90,全課題,w,8,甲,乙,870,4,870,3,0.11494252873563218
ataru-0608/f_grid/fg_f050_C_L90,全課題,w,9,甲,乙,870,5,870,5,0.0
ataru-0608/f_grid/fg_f050_C_L90,全課題,w,10,甲,乙,870,6,870,7,-0.11494252873563218
ataru-0608/f_grid/fg_f050_C_L90,全課題,w,11,甲,乙,870,8,870,10,-0.22988505747126436
ataru-0608/f_grid/fg_f050_C_L90,全課題,w,12,甲,乙,870,8,870,10,-0.22988505747126436
ataru-0608/f_grid/fg_f050_C_L90,全課題,w,13,甲,乙,870,7,870,8,-0.11494252873563218
ataru-0608/f_grid/fg_f050_C_L90,全課題,w,14,甲,乙,870,10,870,5,0.5747126436781609
ataru-0608/f_grid/fg_f050_C_L90,全課題,w,15,甲,乙,870,7,870,6,0.11494252873563218
ataru-0608/f_grid/fg_f050_C_L90,全課題,w,16,甲,乙,870,5,870,9,-0.45977011494252873
ataru-0608/f_grid/fg_f050_C_L90,全課題,w,17,甲,乙,870,6,870,9,-0.3448275862068966
ataru-0608/f_grid/fg_f050_C_L90,全課題,w,18,甲,乙,870,7,870,3,0.45977011494252873
ataru-0608/f_grid/fg_f050_C_L90,全課題,w,19,甲,乙,870,3,870,3,0.0
ataru-0608/f_grid/fg_f050_C_L90,全課題,w,20,甲,乙,870,9,870,7,0.22988505747126436
ataru-0608/f_grid/fg_f050_C_L90,全課題,a,1,甲,乙,870,384,870,379,0.5747126436781602
ataru-0608/f_grid/fg_f050_C_L90,全課題,a,2,甲,乙,870,398,870,378,2.298850574712646
ataru-0608/f_grid/fg_f050_C_L90,全課題,a,3,甲,乙,870,406,870,380,2.9885057471264354
ataru-0608/f_grid/fg_f050_C_L90,全課題,a,4,甲,乙,870,374,870,392,-2.068965517241378
ataru-0608/f_grid/fg_f050_C_L90,全課題,a,5,甲,乙,870,403,870,368,4.0229885057471275
ataru-0608/f_grid/fg_f050_C_L90,全課題,a,6,甲,乙,870,385,870,371,1.609195402298852
ataru-0608/f_grid/fg_f050_C_L90,全課題,a,7,甲,乙,870,379,870,394,-1.7241379310344807
ataru-0608/f_grid/fg_f050_C_L90,全課題,a,8,甲,乙,870,388,870,400,-1.3793103448275834
ataru-0608/f_grid/fg_f050_C_L90,全課題,a,9,甲,乙,870,397,870,355,4.82758620689655
ataru-0608/f_grid/fg_f050_C_L90,全課題,a,10,甲,乙,870,395,870,394,0.11494252873563426
ataru-0608/f_grid/fg_f050_C_L90,全課題,a,11,甲,乙,870,398,870,369,3.3333333333333326
ataru-0608/f_grid/fg_f050_C_L90,全課題,a,12,甲,乙,870,391,870,385,0.6896551724137889
ataru-0608/f_grid/fg_f050_C_L90,全課題,a,13,甲,乙,870,382,870,391,-1.0344827586206862
ataru-0608/f_grid/fg_f050_C_L90,全課題,a,14,甲,乙,870,393,870,399,-0.6896551724137889
ataru-0608/f_grid/fg_f050_C_L90,全課題,a,15,甲,乙,870,391,870,373,2.068965517241378
ataru-0608/f_grid/fg_f050_C_L90,全課題,a,16,甲,乙,870,389,870,390,-0.11494252873563426
ataru-0608/f_grid/fg_f050_C_L90,全課題,a,17,甲,乙,870,386,870,391,-0.5747126436781602
ataru-0608/f_grid/fg_f050_C_L90,全課題,a,18,甲,乙,870,392,870,366,2.9885057471264354
ataru-0608/f_grid/fg_f050_C_L90,全課題,a,19,甲,乙,870,394,870,400,-0.6896551724137945
ataru-0608/f_grid/fg_f050_C_L90,全課題,a,20,甲,乙,870,380,870,392,-1.3793103448275834
ataru-0608/f_grid/fg_f050_C_L90,全課題,c,1,甲,乙,870,478,870,484,-0.6896551724137945
ataru-0608/f_grid/fg_f050_C_L90,全課題,c,2,甲,乙,870,463,870,484,-2.4137931034482696
ataru-0608/f_grid/fg_f050_C_L90,全課題,c,3,甲,乙,870,455,870,482,-3.103448275862075
ataru-0608/f_grid/fg_f050_C_L90,全課題,c,4,甲,乙,870,488,870,475,1.4942528735632177
ataru-0608/f_grid/fg_f050_C_L90,全課題,c,5,甲,乙,870,460,870,497,-4.252873563218385
ataru-0608/f_grid/fg_f050_C_L90,全課題,c,6,甲,乙,870,479,870,494,-1.724137931034475
ataru-0608/f_grid/fg_f050_C_L90,全課題,c,7,甲,乙,870,488,870,470,2.0689655172413834
ataru-0608/f_grid/fg_f050_C_L90,全課題,c,8,甲,乙,870,478,870,467,1.2643678160919491
ataru-0608/f_grid/fg_f050_C_L90,全課題,c,9,甲,乙,870,468,870,510,-4.82758620689655
ataru-0608/f_grid/fg_f050_C_L90,全課題,c,10,甲,乙,870,469,870,469,0.0
ataru-0608/f_grid/fg_f050_C_L90,全課題,c,11,甲,乙,870,464,870,491,-3.103448275862075
ataru-0608/f_grid/fg_f050_C_L90,全課題,c,12,甲,乙,870,471,870,475,-0.45977011494253706
ataru-0608/f_grid/fg_f050_C_L90,全課題,c,13,甲,乙,870,481,870,471,1.1494252873563204
ataru-0608/f_grid/fg_f050_C_L90,全課題,c,14,甲,乙,870,467,870,466,0.11494252873562871
ataru-0608/f_grid/fg_f050_C_L90,全課題,c,15,甲,乙,870,472,870,491,-2.183908045977012
ataru-0608/f_grid/fg_f050_C_L90,全課題,c,16,甲,乙,870,476,870,471,0.5747126436781658
ataru-0608/f_grid/fg_f050_C_L90,全課題,c,17,甲,乙,870,478,870,470,0.9195402298850519
ataru-0608/f_grid/fg_f050_C_L90,全課題,c,18,甲,乙,870,471,870,501,-3.4482758620689724
ataru-0608/f_grid/fg_f050_C_L90,全課題,c,19,甲,乙,870,473,870,467,0.6896551724137945
ataru-0608/f_grid/fg_f050_C_L90,全課題,c,20,甲,乙,870,481,870,471,1.1494252873563204
ataru-0608/f_grid/fg_f050_C_L90,ドア全体,w,1,甲,乙,88,8,69,7,-1.0540184453227934
ataru-0608/f_grid/fg_f050_C_L90,ドア全体,w,2,甲,乙,76,9,78,8,1.585695006747638
ataru-0608/f_grid/fg_f050_C_L90,ドア全体,w,3,甲,乙,97,9,79,8,-0.8482317630170946
ataru-0608/f_grid/fg_f050_C_L90,ドア全体,w,4,甲,乙,74,8,65,3,6.1954261954261955
ataru-0608/f_grid/fg_f050_C_L90,ドア全体,w,5,甲,乙,83,7,88,5,2.751916757940854
ataru-0608/f_grid/fg_f050_C_L90,ドア全体,w,6,甲,乙,73,6,87,5,2.472051645410171
ataru-0608/f_grid/fg_f050_C_L90,ドア全体,w,7,甲,乙,86,3,70,6,-5.083056478405315
ataru-0608/f_grid/fg_f050_C_L90,ドア全体,w,8,甲,乙,69,4,76,3,1.8497330282227311
ataru-0608/f_grid/fg_f050_C_L90,ドア全体,w,9,甲,乙,63,5,74,5,1.1797511797511788
ataru-0608/f_grid/fg_f050_C_L90,ドア全体,w,10,甲,乙,91,6,90,7,-1.1843711843711844
ataru-0608/f_grid/fg_f050_C_L90,ドア全体,w,11,甲,乙,73,8,82,10,-1.2362178416304714
ataru-0608/f_grid/fg_f050_C_L90,ドア全体,w,12,甲,乙,76,8,85,10,-1.2383900928792575
ataru-0608/f_grid/fg_f050_C_L90,ドア全体,w,13,甲,乙,78,7,87,8,-0.2210433244916002
ataru-0608/f_grid/fg_f050_C_L90,ドア全体,w,14,甲,乙,74,10,87,5,7.766387076731905
ataru-0608/f_grid/fg_f050_C_L90,ドア全体,w,15,甲,乙,70,7,79,6,2.405063291139241
ataru-0608/f_grid/fg_f050_C_L90,ドア全体,w,16,甲,乙,82,5,90,9,-3.9024390243902447
ataru-0608/f_grid/fg_f050_C_L90,ドア全体,w,17,甲,乙,78,6,83,9,-3.151065801668211
ataru-0608/f_grid/fg_f050_C_L90,ドア全体,w,18,甲,乙,80,7,73,3,4.640410958904109
ataru-0608/f_grid/fg_f050_C_L90,ドア全体,w,19,甲,乙,76,3,68,3,-0.46439628482972184
ataru-0608/f_grid/fg_f050_C_L90,ドア全体,w,20,甲,乙,81,9,75,7,1.7777777777777768
ataru-0608/f_grid/fg_f050_C_L90,ドア全体,a,1,甲,乙,88,23,69,17,1.4986824769433444
ataru-0608/f_grid/fg_f050_C_L90,ドア全体,a,2,甲,乙,76,17,78,14,4.41970310391363
ataru-0608/f_grid/fg_f050_C_L90,ドア全体,a,3,甲,乙,97,23,79,21,-2.8709382748270897
ataru-0608/f_grid/fg_f050_C_L90,ドア全体,a,4,甲,乙,74,18,65,11,7.401247401247401
ataru-0608/f_grid/fg_f050_C_L90,ドア全体,a,5,甲,乙,83,28,88,21,9.871303395399778
ataru-0608/f_grid/fg_f050_C_L90,ドア全体,a,6,甲,乙,73,14,87,27,-11.85640056683987
ataru-0608/f_grid/fg_f050_C_L90,ドア全体,a,7,甲,乙,86,24,70,17,3.6212624584717608
ataru-0608/f_grid/fg_f050_C_L90,ドア全体,a,8,甲,乙,69,13,76,20,-7.475209763539281
ataru-0608/f_grid/fg_f050_C_L90,ドア全体,a,9,甲,乙,63,18,74,19,2.8957528957528957
ataru-0608/f_grid/fg_f050_C_L90,ドア全体,a,10,甲,乙,91,20,90,18,1.9780219780219765
ataru-0608/f_grid/fg_f050_C_L90,ドア全体,a,11,甲,乙,73,17,82,23,-4.7611092549281695
ataru-0608/f_grid/fg_f050_C_L90,ドア全体,a,12,甲,乙,76,22,85,14,12.476780185758516
ataru-0608/f_grid/fg_f050_C_L90,ドア全体,a,13,甲,乙,78,19,87,24,-3.227232537577365
ataru-0608/f_grid/fg_f050_C_L90,ドア全体,a,14,甲,乙,74,12,87,18,-4.473438956197576
ataru-0608/f_grid/fg_f050_C_L90,ドア全体,a,15,甲,乙,70,13,79,11,4.64737793851718
ataru-0608/f_grid/fg_f050_C_L90,ドア全体,a,16,甲,乙,82,12,90,29,-17.58807588075881
ataru-0608/f_grid/fg_f050_C_L90,ドア全体,a,17,甲,乙,78,18,83,19,0.18535681186283848
ataru-0608/f_grid/fg_f050_C_L90,ドア全体,a,18,甲,乙,80,28,73,19,8.972602739726026
ataru-0608/f_grid/fg_f050_C_L90,ドア全体,a,19,甲,乙,76,24,68,19,3.637770897832815
ataru-0608/f_grid/fg_f050_C_L90,ドア全体,a,20,甲,乙,81,16,75,13,2.4197530864197514
ataru-0608/f_grid/fg_f050_C_L90,ドア全体,c,1,甲,乙,88,57,69,45,-0.44466403162055634
ataru-0608/f_grid/fg_f050_C_L90,ドア全体,c,2,甲,乙,76,50,78,56,-6.005398110661265
ataru-0608/f_grid/fg_f050_C_L90,ドア全体,c,3,甲,乙,97,65,79,50,3.719170037844177
ataru-0608/f_grid/fg_f050_C_L90,ドア全体,c,4,甲,乙,74,48,65,51,-13.596673596673591
ataru-0608/f_grid/fg_f050_C_L90,ドア全体,c,5,甲,乙,83,48,88,62,-12.623220153340641
ataru-0608/f_grid/fg_f050_C_L90,ドア全体,c,6,甲,乙,73,53,87,55,9.384348921429698
ataru-0608/f_grid/fg_f050_C_L90,ドア全体,c,7,甲,乙,86,59,70,47,1.46179401993356
ataru-0608/f_grid/fg_f050_C_L90,ドア全体,c,8,甲,乙,69,52,76,53,5.625476735316559
ataru-0608/f_grid/fg_f050_C_L90,ドア全体,c,9,甲,乙,63,40,74,50,-4.075504075504077
ataru-0608/f_grid/fg_f050_C_L90,ドア全体,c,10,甲,乙,91,65,90,65,-0.7936507936507908
ataru-0608/f_grid/fg_f050_C_L90,ドア全体,c,11,甲,乙,73,48,82,49,5.997327096558635
ataru-0608/f_grid/fg_f050_C_L90,ドア全体,c,12,甲,乙,76,46,85,61,-11.238390092879257
ataru-0608/f_grid/fg_f050_C_L90,ドア全体,c,13,甲,乙,78,52,87,55,3.4482758620689613
ataru-0608/f_grid/fg_f050_C_L90,ドア全体,c,14,甲,乙,74,52,87,64,-3.2929481205343225
ataru-0608/f_grid/fg_f050_C_L90,ドア全体,c,15,甲,乙,70,50,79,62,-7.052441229656415
ataru-0608/f_grid/fg_f050_C_L90,ドア全体,c,16,甲,乙,82,65,90,52,21.490514905149062
ataru-0608/f_grid/fg_f050_C_L90,ドア全体,c,17,甲,乙,78,54,83,55,2.9657089898053712
ataru-0608/f_grid/fg_f050_C_L90,ドア全体,c,18,甲,乙,80,45,73,51,-13.613013698630139
ataru-0608/f_grid/fg_f050_C_L90,ドア全体,c,19,甲,乙,76,49,68,46,-3.1733746130030993
ataru-0608/f_grid/fg_f050_C_L90,ドア全体,c,20,甲,乙,81,56,75,55,-4.19753086419753
ataru-0608/f_grid/fg_f050_C_L90,ドア通常,w,1,甲,乙,69,0,55,1,-1.8181818181818181
ataru-0608/f_grid/fg_f050_C_L90,ドア通常,w,2,甲,乙,59,0,61,0,0.0
ataru-0608/f_grid/fg_f050_C_L90,ドア通常,w,3,甲,乙,78,1,65,0,1.282051282051282
ataru-0608/f_grid/fg_f050_C_L90,ドア通常,w,4,甲,乙,56,1,60,0,1.7857142857142856
ataru-0608/f_grid/fg_f050_C_L90,ドア通常,w,5,甲,乙,64,0,67,0,0.0
ataru-0608/f_grid/fg_f050_C_L90,ドア通常,w,6,甲,乙,60,0,71,0,0.0
ataru-0608/f_grid/fg_f050_C_L90,ドア通常,w,7,甲,乙,67,0,62,1,-1.6129032258064515
ataru-0608/f_grid/fg_f050_C_L90,ドア通常,w,8,甲,乙,60,0,60,0,0.0
ataru-0608/f_grid/fg_f050_C_L90,ドア通常,w,9,甲,乙,50,0,63,0,0.0
ataru-0608/f_grid/fg_f050_C_L90,ドア通常,w,10,甲,乙,74,1,78,0,1.3513513513513513
ataru-0608/f_grid/fg_f050_C_L90,ドア通常,w,11,甲,乙,56,0,64,0,0.0
ataru-0608/f_grid/fg_f050_C_L90,ドア通常,w,12,甲,乙,60,0,70,1,-1.4285714285714286
ataru-0608/f_grid/fg_f050_C_L90,ドア通常,w,13,甲,乙,66,0,65,0,0.0
ataru-0608/f_grid/fg_f050_C_L90,ドア通常,w,14,甲,乙,59,1,70,0,1.694915254237288
ataru-0608/f_grid/fg_f050_C_L90,ドア通常,w,15,甲,乙,55,0,69,0,0.0
ataru-0608/f_grid/fg_f050_C_L90,ドア通常,w,16,甲,乙,71,0,64,0,0.0
ataru-0608/f_grid/fg_f050_C_L90,ドア通常,w,17,甲,乙,64,0,69,0,0.0
ataru-0608/f_grid/fg_f050_C_L90,ドア通常,w,18,甲,乙,64,0,55,0,0.0
ataru-0608/f_grid/fg_f050_C_L90,ドア通常,w,19,甲,乙,58,0,58,0,0.0
ataru-0608/f_grid/fg_f050_C_L90,ドア通常,w,20,甲,乙,66,0,59,1,-1.694915254237288
ataru-0608/f_grid/fg_f050_C_L90,ドア通常,a,1,甲,乙,69,18,55,10,7.905138339920947
ataru-0608/f_grid/fg_f050_C_L90,ドア通常,a,2,甲,乙,59,12,61,9,5.584884690191721
ataru-0608/f_grid/fg_f050_C_L90,ドア通常,a,3,甲,乙,78,14,65,18,-9.743589743589745
ataru-0608/f_grid/fg_f050_C_L90,ドア通常,a,4,甲,乙,56,10,60,10,1.1904761904761918
ataru-0608/f_grid/fg_f050_C_L90,ドア通常,a,5,甲,乙,64,19,67,14,8.791977611940299
ataru-0608/f_grid/fg_f050_C_L90,ドア通常,a,6,甲,乙,60,12,71,17,-3.9436619718309833
ataru-0608/f_grid/fg_f050_C_L90,ドア通常,a,7,甲,乙,67,15,62,14,-0.19258545979778385
ataru-0608/f_grid/fg_f050_C_L90,ドア通常,a,8,甲,乙,60,10,60,11,-1.6666666666666663
ataru-0608/f_grid/fg_f050_C_L90,ドア通常,a,9,甲,乙,50,13,63,13,5.365079365079367
ataru-0608/f_grid/fg_f050_C_L90,ドア通常,a,10,甲,乙,74,13,78,15,-1.6632016632016633
ataru-0608/f_grid/fg_f050_C_L90,ドア通常,a,11,甲,乙,56,12,64,17,-5.133928571428573
ataru-0608/f_grid/fg_f050_C_L90,ドア通常,a,12,甲,乙,60,14,70,9,10.476190476190478
ataru-0608/f_grid/fg_f050_C_L90,ドア通常,a,13,甲,乙,66,14,65,14,-0.32634032634032695
ataru-0608/f_grid/fg_f050_C_L90,ドア通常,a,14,甲,乙,59,8,70,10,-0.7263922518159799
ataru-0608/f_grid/fg_f050_C_L90,ドア通常,a,15,甲,乙,55,9,69,8,4.769433465085639
ataru-0608/f_grid/fg_f050_C_L90,ドア通常,a,16,甲,乙,71,10,64,15,-9.352992957746478
ataru-0608/f_grid/fg_f050_C_L90,ドア通常,a,17,甲,乙,64,12,69,16,-4.438405797101449
ataru-0608/f_grid/fg_f050_C_L90,ドア通常,a,18,甲,乙,64,20,55,8,16.704545454545457
ataru-0608/f_grid/fg_f050_C_L90,ドア通常,a,19,甲,乙,58,12,58,13,-1.7241379310344835
ataru-0608/f_grid/fg_f050_C_L90,ドア通常,a,20,甲,乙,66,12,59,10,1.2326656394453017
ataru-0608/f_grid/fg_f050_C_L90,ドア通常,c,1,甲,乙,69,51,55,44,-6.08695652173914
ataru-0608/f_grid/fg_f050_C_L90,ドア通常,c,2,甲,乙,59,47,61,52,-5.584884690191716
ataru-0608/f_grid/fg_f050_C_L90,ドア通常,c,3,甲,乙,78,63,65,47,8.461538461538465
ataru-0608/f_grid/fg_f050_C_L90,ドア通常,c,4,甲,乙,56,45,60,50,-2.9761904761904767
ataru-0608/f_grid/fg_f050_C_L90,ドア通常,c,5,甲,乙,64,45,67,53,-8.791977611940293
ataru-0608/f_grid/fg_f050_C_L90,ドア通常,c,6,甲,乙,60,48,71,54,3.9436619718309918
ataru-0608/f_grid/fg_f050_C_L90,ドア通常,c,7,甲,乙,67,52,62,47,1.8054886856042396
ataru-0608/f_grid/fg_f050_C_L90,ドア通常,c,8,甲,乙,60,50,60,49,1.6666666666666718
ataru-0608/f_grid/fg_f050_C_L90,ドア通常,c,9,甲,乙,50,37,63,50,-5.365079365079362
ataru-0608/f_grid/fg_f050_C_L90,ドア通常,c,10,甲,乙,74,60,78,63,0.31185031185031464
ataru-0608/f_grid/fg_f050_C_L90,ドア通常,c,11,甲,乙,56,44,64,47,5.133928571428569
ataru-0608/f_grid/fg_f050_C_L90,ドア通常,c,12,甲,乙,60,46,70,60,-9.047619047619037
ataru-0608/f_grid/fg_f050_C_L90,ドア通常,c,13,甲,乙,66,52,65,51,0.32634032634032417
ataru-0608/f_grid/fg_f050_C_L90,ドア通常,c,14,甲,乙,59,50,70,60,-0.9685230024213065
ataru-0608/f_grid/fg_f050_C_L90,ドア通常,c,15,甲,乙,55,46,69,61,-4.7694334650856485
ataru-0608/f_grid/fg_f050_C_L90,ドア通常,c,16,甲,乙,71,61,64,49,9.352992957746476
ataru-0608/f_grid/fg_f050_C_L90,ドア通常,c,17,甲,乙,64,52,69,53,4.438405797101453
ataru-0608/f_grid/fg_f050_C_L90,ドア通常,c,18,甲,乙,64,44,55,47,-16.70454545454545
ataru-0608/f_grid/fg_f050_C_L90,ドア通常,c,19,甲,乙,58,46,58,45,1.7241379310344862
ataru-0608/f_grid/fg_f050_C_L90,ドア通常,c,20,甲,乙,66,54,59,48,0.46224961479198745
ataru-0608/f_grid/fg_f050_C_L90,ドア例外,w,1,甲,乙,19,8,14,6,-0.7518796992481203
ataru-0608/f_grid/fg_f050_C_L90,ドア例外,w,2,甲,乙,17,9,17,8,5.882352941176472
ataru-0608/f_grid/fg_f050_C_L90,ドア例外,w,3,甲,乙,19,8,14,8,-15.037593984962406
ataru-0608/f_grid/fg_f050_C_L90,ドア例外,w,4,甲,乙,18,7,5,3,-21.111111111111107
ataru-0608/f_grid/fg_f050_C_L90,ドア例外,w,5,甲,乙,19,7,21,5,13.032581453634084
ataru-0608/f_grid/fg_f050_C_L90,ドア例外,w,6,甲,乙,13,6,16,5,14.903846153846157
ataru-0608/f_grid/fg_f050_C_L90,ドア例外,w,7,甲,乙,19,3,8,5,-46.71052631578947
ataru-0608/f_grid/fg_f050_C_L90,ドア例外,w,8,甲,乙,9,4,16,3,25.694444444444443
ataru-0608/f_grid/fg_f050_C_L90,ドア例外,w,9,甲,乙,13,5,11,5,-6.99300699300699
ataru-0608/f_grid/fg_f050_C_L90,ドア例外,w,10,甲,乙,17,5,12,7,-28.921568627450984
ataru-0608/f_grid/fg_f050_C_L90,ドア例外,w,11,甲,乙,17,8,18,10,-8.496732026143794
ataru-0608/f_grid/fg_f050_C_L90,ドア例外,w,12,甲,乙,16,8,15,9,-9.999999999999998
ataru-0608/f_grid/fg_f050_C_L90,ドア例外,w,13,甲,乙,12,7,22,8,21.969696969696972
ataru-0608/f_grid/fg_f050_C_L90,ドア例外,w,14,甲,乙,15,9,17,5,30.588235294117645
ataru-0608/f_grid/fg_f050_C_L90,ドア例外,w,15,甲,乙,15,7,10,6,-13.33333333333333
ataru-0608/f_grid/fg_f050_C_L90,ドア例外,w,16,甲,乙,11,5,26,9,10.839160839160838
ataru-0608/f_grid/fg_f050_C_L90,ドア例外,w,17,甲,乙,14,6,14,9,-21.428571428571434
ataru-0608/f_grid/fg_f050_C_L90,ドア例外,w,18,甲,乙,16,7,18,3,27.083333333333336
ataru-0608/f_grid/fg_f050_C_L90,ドア例外,w,19,甲,乙,18,3,10,3,-13.333333333333334
ataru-0608/f_grid/fg_f050_C_L90,ドア例外,w,20,甲,乙,15,9,16,6,22.499999999999996
ataru-0608/f_grid/fg_f050_C_L90,ドア例外,a,1,甲,乙,19,5,14,7,-23.68421052631579
ataru-0608/f_grid/fg_f050_C_L90,ドア例外,a,2,甲,乙,17,5,17,5,0.0
ataru-0608/f_grid/fg_f050_C_L90,ドア例外,a,3,甲,乙,19,9,14,3,25.93984962406015
ataru-0608/f_grid/fg_f050_C_L90,ドア例外,a,4,甲,乙,18,8,5,1,24.44444444444444
ataru-0608/f_grid/fg_f050_C_L90,ドア例外,a,5,甲,乙,19,9,21,7,14.035087719298245
ataru-0608/f_grid/fg_f050_C_L90,ドア例外,a,6,甲,乙,13,2,16,10,-47.11538461538461
ataru-0608/f_grid/fg_f050_C_L90,ドア例外,a,7,甲,乙,19,9,8,3,9.868421052631577
ataru-0608/f_grid/fg_f050_C_L90,ドア例外,a,8,甲,乙,9,3,16,9,-22.916666666666668
ataru-0608/f_grid/fg_f050_C_L90,ドア例外,a,9,甲,乙,13,5,11,6,-16.083916083916076
ataru-0608/f_grid/fg_f050_C_L90,ドア例外,a,10,甲,乙,17,7,12,3,16.176470588235293
ataru-0608/f_grid/fg_f050_C_L90,ドア例外,a,11,甲,乙,17,5,18,6,-3.9215686274509776
ataru-0608/f_grid/fg_f050_C_L90,ドア例外,a,12,甲,乙,16,8,15,5,16.666666666666668
ataru-0608/f_grid/fg_f050_C_L90,ドア例外,a,13,甲,乙,12,5,22,10,-3.7878787878787845
ataru-0608/f_grid/fg_f050_C_L90,ドア例外,a,14,甲,乙,15,4,17,8,-20.392156862745097
ataru-0608/f_grid/fg_f050_C_L90,ドア例外,a,15,甲,乙,15,4,10,3,-3.3333333333333326
ataru-0608/f_grid/fg_f050_C_L90,ドア例外,a,16,甲,乙,11,2,26,14,-35.66433566433566
ataru-0608/f_grid/fg_f050_C_L90,ドア例外,a,17,甲,乙,14,6,14,3,21.428571428571427
ataru-0608/f_grid/fg_f050_C_L90,ドア例外,a,18,甲,乙,16,8,18,11,-11.111111111111116
ataru-0608/f_grid/fg_f050_C_L90,ドア例外,a,19,甲,乙,18,12,10,6,6.666666666666665
ataru-0608/f_grid/fg_f050_C_L90,ドア例外,a,20,甲,乙,15,4,16,3,7.916666666666666
ataru-0608/f_grid/fg_f050_C_L90,ドア例外,c,1,甲,乙,19,6,14,1,24.43609022556391
ataru-0608/f_grid/fg_f050_C_L90,ドア例外,c,2,甲,乙,17,3,17,4,-5.882352941176469
ataru-0608/f_grid/fg_f050_C_L90,ドア例外,c,3,甲,乙,19,2,14,3,-10.902255639097744
ataru-0608/f_grid/fg_f050_C_L90,ドア例外,c,4,甲,乙,18,3,5,1,-3.3333333333333353
ataru-0608/f_grid/fg_f050_C_L90,ドア例外,c,5,甲,乙,19,3,21,9,-27.06766917293233
ataru-0608/f_grid/fg_f050_C_L90,ドア例外,c,6,甲,乙,13,5,16,1,32.21153846153847
ataru-0608/f_grid/fg_f050_C_L90,ドア例外,c,7,甲,乙,19,7,8,0,36.84210526315789
ataru-0608/f_grid/fg_f050_C_L90,ドア例外,c,8,甲,乙,9,2,16,4,-2.777777777777779
ataru-0608/f_grid/fg_f050_C_L90,ドア例外,c,9,甲,乙,13,3,11,0,23.076923076923077
ataru-0608/f_grid/fg_f050_C_L90,ドア例外,c,10,甲,乙,17,5,12,2,12.745098039215689
ataru-0608/f_grid/fg_f050_C_L90,ドア例外,c,11,甲,乙,17,4,18,2,12.418300653594772
ataru-0608/f_grid/fg_f050_C_L90,ドア例外,c,12,甲,乙,16,0,15,1,-6.666666666666667
ataru-0608/f_grid/fg_f050_C_L90,ドア例外,c,13,甲,乙,12,0,22,4,-18.181818181818183
ataru-0608/f_grid/fg_f050_C_L90,ドア例外,c,14,甲,乙,15,2,17,4,-10.196078431372548
ataru-0608/f_grid/fg_f050_C_L90,ドア例外,c,15,甲,乙,15,4,10,1,16.666666666666664
ataru-0608/f_grid/fg_f050_C_L90,ドア例外,c,16,甲,乙,11,4,26,3,24.825174825174827
ataru-0608/f_grid/fg_f050_C_L90,ドア例外,c,17,甲,乙,14,2,14,2,0.0
ataru-0608/f_grid/fg_f050_C_L90,ドア例外,c,18,甲,乙,16,1,18,4,-15.972222222222221
ataru-0608/f_grid/fg_f050_C_L90,ドア例外,c,19,甲,乙,18,3,10,1,6.666666666666665
ataru-0608/f_grid/fg_f050_C_L90,ドア例外,c,20,甲,乙,15,2,16,7,-30.41666666666667
ataru-0608/n3/now_w1_C_L90,世界1ドア,w,1,e,n,33,0,124,1,-0.8064516129032258
ataru-0608/n3/now_w1_C_L90,世界1ドア,w,2,e,n,34,0,120,0,0.0
ataru-0608/n3/now_w1_C_L90,世界1ドア,w,3,e,n,33,0,143,1,-0.6993006993006993
ataru-0608/n3/now_w1_C_L90,世界1ドア,w,4,e,n,23,0,116,1,-0.8620689655172413
ataru-0608/n3/now_w1_C_L90,世界1ドア,w,5,e,n,40,0,131,0,0.0
ataru-0608/n3/now_w1_C_L90,世界1ドア,w,6,e,n,29,1,131,0,3.4482758620689653
ataru-0608/n3/now_w1_C_L90,世界1ドア,w,7,e,n,27,0,129,2,-1.550387596899225
ataru-0608/n3/now_w1_C_L90,世界1ドア,w,8,e,n,25,0,120,0,0.0
ataru-0608/n3/now_w1_C_L90,世界1ドア,w,9,e,n,24,0,113,0,0.0
ataru-0608/n3/now_w1_C_L90,世界1ドア,w,10,e,n,29,0,152,0,0.0
ataru-0608/n3/now_w1_C_L90,世界1ドア,w,11,e,n,35,0,120,0,0.0
ataru-0608/n3/now_w1_C_L90,世界1ドア,w,12,e,n,31,0,130,0,0.0
ataru-0608/n3/now_w1_C_L90,世界1ドア,w,13,e,n,34,0,131,0,0.0
ataru-0608/n3/now_w1_C_L90,世界1ドア,w,14,e,n,32,0,129,1,-0.7751937984496124
ataru-0608/n3/now_w1_C_L90,世界1ドア,w,15,e,n,25,0,124,0,0.0
ataru-0608/n3/now_w1_C_L90,世界1ドア,w,16,e,n,37,0,135,0,0.0
ataru-0608/n3/now_w1_C_L90,世界1ドア,w,17,e,n,28,0,133,0,0.0
ataru-0608/n3/now_w1_C_L90,世界1ドア,w,18,e,n,34,0,119,1,-0.8403361344537815
ataru-0608/n3/now_w1_C_L90,世界1ドア,w,19,e,n,28,0,116,0,0.0
ataru-0608/n3/now_w1_C_L90,世界1ドア,w,20,e,n,31,0,125,0,0.0
ataru-0608/n3/now_w1_C_L90,世界1ドア,a,1,e,n,33,9,124,30,3.079178885630496
ataru-0608/n3/now_w1_C_L90,世界1ドア,a,2,e,n,34,12,120,22,16.960784313725494
ataru-0608/n3/now_w1_C_L90,世界1ドア,a,3,e,n,33,11,143,33,10.256410256410254
ataru-0608/n3/now_w1_C_L90,世界1ドア,a,4,e,n,23,7,116,29,5.434782608695654
ataru-0608/n3/now_w1_C_L90,世界1ドア,a,5,e,n,40,15,131,36,10.019083969465647
ataru-0608/n3/now_w1_C_L90,世界1ドア,a,6,e,n,29,8,131,32,3.1587259805211905
ataru-0608/n3/now_w1_C_L90,世界1ドア,a,7,e,n,27,15,129,31,31.524547803617576
ataru-0608/n3/now_w1_C_L90,世界1ドア,a,8,e,n,25,8,120,24,12.0
ataru-0608/n3/now_w1_C_L90,世界1ドア,a,9,e,n,24,7,113,23,8.812684365781712
ataru-0608/n3/now_w1_C_L90,世界1ドア,a,10,e,n,29,10,152,36,10.798548094373869
ataru-0608/n3/now_w1_C_L90,世界1ドア,a,11,e,n,35,11,120,24,11.428571428571427
ataru-0608/n3/now_w1_C_L90,世界1ドア,a,12,e,n,31,10,130,31,8.411910669975184
ataru-0608/n3/now_w1_C_L90,世界1ドア,a,13,e,n,34,13,131,44,4.647507858105071
ataru-0608/n3/now_w1_C_L90,世界1ドア,a,14,e,n,32,11,129,29,11.89437984496124
ataru-0608/n3/now_w1_C_L90,世界1ドア,a,15,e,n,25,7,124,19,12.677419354838712
ataru-0608/n3/now_w1_C_L90,世界1ドア,a,16,e,n,37,12,135,33,7.9879879879879905
ataru-0608/n3/now_w1_C_L90,世界1ドア,a,17,e,n,28,8,133,39,-0.7518796992481203
ataru-0608/n3/now_w1_C_L90,世界1ドア,a,18,e,n,34,16,119,24,26.89075630252101
ataru-0608/n3/now_w1_C_L90,世界1ドア,a,19,e,n,28,13,116,28,22.29064039408867
ataru-0608/n3/now_w1_C_L90,世界1ドア,a,20,e,n,31,11,125,25,15.483870967741936
ataru-0608/n3/now_w1_C_L90,世界1ドア,c,1,e,n,33,24,124,93,-2.2727272727272707
ataru-0608/n3/now_w1_C_L90,世界1ドア,c,2,e,n,34,22,120,98,-16.960784313725487
ataru-0608/n3/now_w1_C_L90,世界1ドア,c,3,e,n,33,22,143,109,-9.557109557109555
ataru-0608/n3/now_w1_C_L90,世界1ドア,c,4,e,n,23,16,116,86,-4.5727136431784166
ataru-0608/n3/now_w1_C_L90,世界1ドア,c,5,e,n,40,25,131,95,-10.019083969465647
ataru-0608/n3/now_w1_C_L90,世界1ドア,c,6,e,n,29,20,131,99,-6.607001842590154
ataru-0608/n3/now_w1_C_L90,世界1ドア,c,7,e,n,27,12,129,96,-29.97416020671835
ataru-0608/n3/now_w1_C_L90,世界1ドア,c,8,e,n,25,17,120,96,-12.0
ataru-0608/n3/now_w1_C_L90,世界1ドア,c,9,e,n,24,17,113,90,-8.81268436578171
ataru-0608/n3/now_w1_C_L90,世界1ドア,c,10,e,n,29,19,152,116,-10.798548094373873
ataru-0608/n3/now_w1_C_L90,世界1ドア,c,11,e,n,35,24,120,96,-11.428571428571432
ataru-0608/n3/now_w1_C_L90,世界1ドア,c,12,e,n,31,21,130,99,-8.411910669975187
ataru-0608/n3/now_w1_C_L90,世界1ドア,c,13,e,n,34,21,131,87,-4.647507858105071
ataru-0608/n3/now_w1_C_L90,世界1ドア,c,14,e,n,32,21,129,99,-11.119186046511631
ataru-0608/n3/now_w1_C_L90,世界1ドア,c,15,e,n,25,18,124,105,-12.677419354838715
ataru-0608/n3/now_w1_C_L90,世界1ドア,c,16,e,n,37,25,135,102,-7.987987987987988
ataru-0608/n3/now_w1_C_L90,世界1ドア,c,17,e,n,28,20,133,94,0.7518796992481258
ataru-0608/n3/now_w1_C_L90,世界1ドア,c,18,e,n,34,18,119,94,-26.050420168067223
ataru-0608/n3/now_w1_C_L90,世界1ドア,c,19,e,n,28,15,116,88,-22.29064039408867
ataru-0608/n3/now_w1_C_L90,世界1ドア,c,20,e,n,31,20,125,100,-15.483870967741941
ataru-0608/c_grid/cg_C_L50_e0.5_dnone,例外割合0.5ドア,w,1,e,n,76,5,81,0,6.578947368421052
ataru-0608/c_grid/cg_C_L50_e0.5_dnone,例外割合0.5ドア,w,2,e,n,77,8,77,0,10.38961038961039
ataru-0608/c_grid/cg_C_L50_e0.5_dnone,例外割合0.5ドア,w,3,e,n,86,0,90,1,-1.1111111111111112
ataru-0608/c_grid/cg_C_L50_e0.5_dnone,例外割合0.5ドア,w,4,e,n,69,0,70,1,-1.4285714285714286
ataru-0608/c_grid/cg_C_L50_e0.5_dnone,例外割合0.5ドア,w,5,e,n,91,2,80,2,-0.3021978021978022
ataru-0608/c_grid/cg_C_L50_e0.5_dnone,例外割合0.5ドア,w,6,e,n,86,2,74,4,-3.0798240100565684
ataru-0608/c_grid/cg_C_L50_e0.5_dnone,例外割合0.5ドア,w,7,e,n,76,3,80,5,-2.3026315789473686
ataru-0608/c_grid/cg_C_L50_e0.5_dnone,例外割合0.5ドア,w,8,e,n,80,2,65,0,2.5
ataru-0608/c_grid/cg_C_L50_e0.5_dnone,例外割合0.5ドア,w,9,e,n,76,2,61,2,-0.6471095772217432
ataru-0608/c_grid/cg_C_L50_e0.5_dnone,例外割合0.5ドア,w,10,e,n,85,1,96,1,0.1348039215686275
ataru-0608/c_grid/cg_C_L50_e0.5_dnone,例外割合0.5ドア,w,11,e,n,80,1,75,4,-4.083333333333333
ataru-0608/c_grid/cg_C_L50_e0.5_dnone,例外割合0.5ドア,w,12,e,n,87,0,74,1,-1.3513513513513513
ataru-0608/c_grid/cg_C_L50_e0.5_dnone,例外割合0.5ドア,w,13,e,n,78,4,87,1,3.978779840848806
ataru-0608/c_grid/cg_C_L50_e0.5_dnone,例外割合0.5ドア,w,14,e,n,75,3,86,5,-1.813953488372093
ataru-0608/c_grid/cg_C_L50_e0.5_dnone,例外割合0.5ドア,w,15,e,n,76,0,73,3,-4.10958904109589
ataru-0608/c_grid/cg_C_L50_e0.5_dnone,例外割合0.5ドア,w,16,e,n,85,5,87,5,0.1352265043948614
ataru-0608/c_grid/cg_C_L50_e0.5_dnone,例外割合0.5ドア,w,17,e,n,80,0,81,4,-4.938271604938271
ataru-0608/c_grid/cg_C_L50_e0.5_dnone,例外割合0.5ドア,w,18,e,n,71,1,82,7,-7.128134661628308
ataru-0608/c_grid/cg_C_L50_e0.5_dnone,例外割合0.5ドア,w,19,e,n,68,1,76,0,1.4705882352941175
ataru-0608/c_grid/cg_C_L50_e0.5_dnone,例外割合0.5ドア,w,20,e,n,87,3,69,2,0.5497251374312843
ataru-0608/c_grid/cg_C_L50_e0.5_dnone,例外割合0.5ドア,a,1,e,n,76,2,81,3,-1.0721247563352825
ataru-0608/c_grid/cg_C_L50_e0.5_dnone,例外割合0.5ドア,a,2,e,n,77,0,77,1,-1.2987012987012987
ataru-0608/c_grid/cg_C_L50_e0.5_dnone,例外割合0.5ドア,a,3,e,n,86,1,90,1,0.051679586563307435
ataru-0608/c_grid/cg_C_L50_e0.5_dnone,例外割合0.5ドア,a,4,e,n,69,6,70,3,4.409937888198757
ataru-0608/c_grid/cg_C_L50_e0.5_dnone,例外割合0.5ドア,a,5,e,n,91,0,80,2,-2.5
ataru-0608/c_grid/cg_C_L50_e0.5_dnone,例外割合0.5ドア,a,6,e,n,86,2,74,3,-1.728472658705217
ataru-0608/c_grid/cg_C_L50_e0.5_dnone,例外割合0.5ドア,a,7,e,n,76,0,80,4,-5.0
ataru-0608/c_grid/cg_C_L50_e0.5_dnone,例外割合0.5ドア,a,8,e,n,80,1,65,2,-1.826923076923077
ataru-0608/c_grid/cg_C_L50_e0.5_dnone,例外割合0.5ドア,a,9,e,n,76,0,61,0,0.0
ataru-0608/c_grid/cg_C_L50_e0.5_dnone,例外割合0.5ドア,a,10,e,n,85,2,96,6,-3.8970588235294117
ataru-0608/c_grid/cg_C_L50_e0.5_dnone,例外割合0.5ドア,a,11,e,n,80,2,75,6,-5.5
ataru-0608/c_grid/cg_C_L50_e0.5_dnone,例外割合0.5ドア,a,12,e,n,87,4,74,0,4.597701149425287
ataru-0608/c_grid/cg_C_L50_e0.5_dnone,例外割合0.5ドア,a,13,e,n,78,1,87,12,-12.511052166224578
ataru-0608/c_grid/cg_C_L50_e0.5_dnone,例外割合0.5ドア,a,14,e,n,75,3,86,0,4.0
ataru-0608/c_grid/cg_C_L50_e0.5_dnone,例外割合0.5ドア,a,15,e,n,76,5,73,2,3.839221341023792
ataru-0608/c_grid/cg_C_L50_e0.5_dnone,例外割合0.5ドア,a,16,e,n,85,2,87,5,-3.394185260311021
ataru-0608/c_grid/cg_C_L50_e0.5_dnone,例外割合0.5ドア,a,17,e,n,80,4,81,2,2.530864197530865
ataru-0608/c_grid/cg_C_L50_e0.5_dnone,例外割合0.5ドア,a,18,e,n,71,0,82,5,-6.097560975609756
ataru-0608/c_grid/cg_C_L50_e0.5_dnone,例外割合0.5ドア,a,19,e,n,68,3,76,3,0.46439628482972184
ataru-0608/c_grid/cg_C_L50_e0.5_dnone,例外割合0.5ドア,a,20,e,n,87,8,69,1,7.746126936531734
ataru-0608/c_grid/cg_C_L50_e0.5_dnone,例外割合0.5ドア,c,1,e,n,76,69,81,78,-5.5068226120857595
ataru-0608/c_grid/cg_C_L50_e0.5_dnone,例外割合0.5ドア,c,2,e,n,77,69,77,76,-9.090909090909093
ataru-0608/c_grid/cg_C_L50_e0.5_dnone,例外割合0.5ドア,c,3,e,n,86,85,90,88,1.0594315245478048
ataru-0608/c_grid/cg_C_L50_e0.5_dnone,例外割合0.5ドア,c,4,e,n,69,63,70,66,-2.9813664596273326
ataru-0608/c_grid/cg_C_L50_e0.5_dnone,例外割合0.5ドア,c,5,e,n,91,89,80,76,2.8021978021978033
ataru-0608/c_grid/cg_C_L50_e0.5_dnone,例外割合0.5ドア,c,6,e,n,86,82,74,67,4.808296668761791
ataru-0608/c_grid/cg_C_L50_e0.5_dnone,例外割合0.5ドア,c,7,e,n,76,73,80,71,7.302631578947372
ataru-0608/c_grid/cg_C_L50_e0.5_dnone,例外割合0.5ドア,c,8,e,n,80,77,65,63,-0.6730769230769207
ataru-0608/c_grid/cg_C_L50_e0.5_dnone,例外割合0.5ドア,c,9,e,n,76,74,61,59,0.6471095772217494
ataru-0608/c_grid/cg_C_L50_e0.5_dnone,例外割合0.5ドア,c,10,e,n,85,82,96,89,3.762254901960782
ataru-0608/c_grid/cg_C_L50_e0.5_dnone,例外割合0.5ドア,c,11,e,n,80,77,75,65,9.583333333333332
ataru-0608/c_grid/cg_C_L50_e0.5_dnone,例外割合0.5ドア,c,12,e,n,87,83,74,73,-3.246349798073944
ataru-0608/c_grid/cg_C_L50_e0.5_dnone,例外割合0.5ドア,c,13,e,n,78,73,87,74,8.532272325375779
ataru-0608/c_grid/cg_C_L50_e0.5_dnone,例外割合0.5ドア,c,14,e,n,75,69,86,81,-2.1860465116279038
ataru-0608/c_grid/cg_C_L50_e0.5_dnone,例外割合0.5ドア,c,15,e,n,76,71,73,68,0.270367700072105
ataru-0608/c_grid/cg_C_L50_e0.5_dnone,例外割合0.5ドア,c,16,e,n,85,78,87,77,3.2589587559161526
ataru-0608/c_grid/cg_C_L50_e0.5_dnone,例外割合0.5ドア,c,17,e,n,80,76,81,75,2.4074074074074026
ataru-0608/c_grid/cg_C_L50_e0.5_dnone,例外割合0.5ドア,c,18,e,n,71,70,82,70,13.225695637238067
ataru-0608/c_grid/cg_C_L50_e0.5_dnone,例外割合0.5ドア,c,19,e,n,68,64,76,73,-1.9349845201238391
ataru-0608/c_grid/cg_C_L50_e0.5_dnone,例外割合0.5ドア,c,20,e,n,87,76,69,66,-8.295852073963017
ataru-0608/c_grid/cg_C_L50_e0.5_d0.3,例外割合0.5ドア,w,1,e,n,256,4,298,0,1.5625
ataru-0608/c_grid/cg_C_L50_e0.5_d0.3,例外割合0.5ドア,w,2,e,n,254,4,283,0,1.574803149606299
ataru-0608/c_grid/cg_C_L50_e0.5_d0.3,例外割合0.5ドア,w,3,e,n,257,6,254,12,-2.389779098624345
ataru-0608/c_grid/cg_C_L50_e0.5_d0.3,例外割合0.5ドア,w,4,e,n,266,0,233,5,-2.1459227467811157
ataru-0608/c_grid/cg_C_L50_e0.5_d0.3,例外割合0.5ドア,w,5,e,n,271,1,271,4,-1.107011070110701
ataru-0608/c_grid/cg_C_L50_e0.5_d0.3,例外割合0.5ドア,w,6,e,n,286,1,241,0,0.34965034965034963
ataru-0608/c_grid/cg_C_L50_e0.5_d0.3,例外割合0.5ドア,w,7,e,n,268,4,256,8,-1.632462686567164
ataru-0608/c_grid/cg_C_L50_e0.5_d0.3,例外割合0.5ドア,w,8,e,n,239,0,259,3,-1.1583011583011582
ataru-0608/c_grid/cg_C_L50_e0.5_d0.3,例外割合0.5ドア,w,9,e,n,252,6,270,4,0.8994708994708993
ataru-0608/c_grid/cg_C_L50_e0.5_d0.3,例外割合0.5ドア,w,10,e,n,256,2,259,0,0.78125
ataru-0608/c_grid/cg_C_L50_e0.5_d0.3,例外割合0.5ドア,w,11,e,n,260,0,250,1,-0.4
ataru-0608/c_grid/cg_C_L50_e0.5_d0.3,例外割合0.5ドア,w,12,e,n,281,1,275,2,-0.37140084115173083
ataru-0608/c_grid/cg_C_L50_e0.5_d0.3,例外割合0.5ドア,w,13,e,n,247,2,253,0,0.8097165991902834
ataru-0608/c_grid/cg_C_L50_e0.5_d0.3,例外割合0.5ドア,w,14,e,n,260,10,243,5,1.7885406774295665
ataru-0608/c_grid/cg_C_L50_e0.5_d0.3,例外割合0.5ドア,w,15,e,n,286,1,258,6,-1.9759310456984875
ataru-0608/c_grid/cg_C_L50_e0.5_d0.3,例外割合0.5ドア,w,16,e,n,256,1,247,3,-0.8239498987854251
ataru-0608/c_grid/cg_C_L50_e0.5_d0.3,例外割合0.5ドア,w,17,e,n,251,12,252,2,3.9872257003731106
ataru-0608/c_grid/cg_C_L50_e0.5_d0.3,例外割合0.5ドア,w,18,e,n,264,5,258,2,1.1187455954897816
ataru-0608/c_grid/cg_C_L50_e0.5_d0.3,例外割合0.5ドア,w,19,e,n,262,15,266,4,4.2214314411984155
ataru-0608/c_grid/cg_C_L50_e0.5_d0.3,例外割合0.5ドア,w,20,e,n,248,9,260,17,-2.9094292803970223
ataru-0608/c_grid/cg_C_L50_e0.5_d0.3,例外割合0.5ドア,a,1,e,n,256,0,298,14,-4.697986577181208
ataru-0608/c_grid/cg_C_L50_e0.5_d0.3,例外割合0.5ドア,a,2,e,n,254,5,283,31,-8.98555966723241
ataru-0608/c_grid/cg_C_L50_e0.5_d0.3,例外割合0.5ドア,a,3,e,n,257,11,254,9,0.7368485554091732
ataru-0608/c_grid/cg_C_L50_e0.5_d0.3,例外割合0.5ドア,a,4,e,n,266,28,233,6,7.951208493336345
ataru-0608/c_grid/cg_C_L50_e0.5_d0.3,例外割合0.5ドア,a,5,e,n,271,14,271,2,4.428044280442805
ataru-0608/c_grid/cg_C_L50_e0.5_d0.3,例外割合0.5ドア,a,6,e,n,286,10,241,26,-7.291878246235092
ataru-0608/c_grid/cg_C_L50_e0.5_d0.3,例外割合0.5ドア,a,7,e,n,268,9,256,32,-9.14179104477612
ataru-0608/c_grid/cg_C_L50_e0.5_d0.3,例外割合0.5ドア,a,8,e,n,239,10,259,26,-5.854509620199996
ataru-0608/c_grid/cg_C_L50_e0.5_d0.3,例外割合0.5ドア,a,9,e,n,252,11,270,21,-3.412698412698413
ataru-0608/c_grid/cg_C_L50_e0.5_d0.3,例外割合0.5ドア,a,10,e,n,256,9,259,14,-1.8897804054054057
ataru-0608/c_grid/cg_C_L50_e0.5_d0.3,例外割合0.5ドア,a,11,e,n,260,17,250,7,3.738461538461539
ataru-0608/c_grid/cg_C_L50_e0.5_d0.3,例外割合0.5ドア,a,12,e,n,281,22,275,7,5.283726949207376
ataru-0608/c_grid/cg_C_L50_e0.5_d0.3,例外割合0.5ドア,a,13,e,n,247,5,253,13,-3.114048422972908
ataru-0608/c_grid/cg_C_L50_e0.5_d0.3,例外割合0.5ドア,a,14,e,n,260,13,243,8,1.7078189300411522
ataru-0608/c_grid/cg_C_L50_e0.5_d0.3,例外割合0.5ドア,a,15,e,n,286,17,258,6,3.618474548707107
ataru-0608/c_grid/cg_C_L50_e0.5_d0.3,例外割合0.5ドア,a,16,e,n,256,14,247,19,-2.2235576923076925
ataru-0608/c_grid/cg_C_L50_e0.5_d0.3,例外割合0.5ドア,a,17,e,n,251,20,252,15,2.0157465376588886
ataru-0608/c_grid/cg_C_L50_e0.5_d0.3,例外割合0.5ドア,a,18,e,n,264,11,258,6,1.8410852713178292
ataru-0608/c_grid/cg_C_L50_e0.5_d0.3,例外割合0.5ドア,a,19,e,n,262,9,266,22,-4.835562187912529
ataru-0608/c_grid/cg_C_L50_e0.5_d0.3,例外割合0.5ドア,a,20,e,n,248,14,260,14,0.2605459057071956
ataru-0608/c_grid/cg_C_L50_e0.5_d0.3,例外割合0.5ドア,c,1,e,n,256,252,298,284,3.1354865771812124
ataru-0608/c_grid/cg_C_L50_e0.5_d0.3,例外割合0.5ドア,c,2,e,n,254,245,283,252,7.410756517626105
ataru-0608/c_grid/cg_C_L50_e0.5_d0.3,例外割合0.5ドア,c,3,e,n,257,240,254,233,1.6529305432151697
ataru-0608/c_grid/cg_C_L50_e0.5_d0.3,例外割合0.5ドア,c,4,e,n,266,238,233,222,-5.805285746555233
ataru-0608/c_grid/cg_C_L50_e0.5_d0.3,例外割合0.5ドア,c,5,e,n,271,256,271,265,-3.3210332103321027
ataru-0608/c_grid/cg_C_L50_e0.5_d0.3,例外割合0.5ドア,c,6,e,n,286,275,241,215,6.942227896584741
ataru-0608/c_grid/cg_C_L50_e0.5_d0.3,例外割合0.5ドア,c,7,e,n,268,255,256,216,10.774253731343286
ataru-0608/c_grid/cg_C_L50_e0.5_d0.3,例外割合0.5ドア,c,8,e,n,239,229,259,230,7.012810778501155
ataru-0608/c_grid/cg_C_L50_e0.5_d0.3,例外割合0.5ドア,c,9,e,n,252,235,270,245,2.5132275132275117
ataru-0608/c_grid/cg_C_L50_e0.5_d0.3,例外割合0.5ドア,c,10,e,n,256,245,259,245,1.1085304054054057
ataru-0608/c_grid/cg_C_L50_e0.5_d0.3,例外割合0.5ドア,c,11,e,n,260,243,250,242,-3.3384615384615346
ataru-0608/c_grid/cg_C_L50_e0.5_d0.3,例外割合0.5ドア,c,12,e,n,281,258,275,266,-4.912326108055643
ataru-0608/c_grid/cg_C_L50_e0.5_d0.3,例外割合0.5ドア,c,13,e,n,247,240,253,240,2.304331823782624
ataru-0608/c_grid/cg_C_L50_e0.5_d0.3,例外割合0.5ドア,c,14,e,n,260,237,243,230,-3.4963596074707226
ataru-0608/c_grid/cg_C_L50_e0.5_d0.3,例外割合0.5ドア,c,15,e,n,286,268,258,246,-1.64254350300862
ataru-0608/c_grid/cg_C_L50_e0.5_d0.3,例外割合0.5ドア,c,16,e,n,256,241,247,225,3.0475075910931126
ataru-0608/c_grid/cg_C_L50_e0.5_d0.3,例外割合0.5ドア,c,17,e,n,251,219,252,235,-6.002972238032001
ataru-0608/c_grid/cg_C_L50_e0.5_d0.3,例外割合0.5ドア,c,18,e,n,264,248,258,250,-2.9598308668076
ataru-0608/c_grid/cg_C_L50_e0.5_d0.3,例外割合0.5ドア,c,19,e,n,262,238,266,240,0.6141307467141144
ataru-0608/c_grid/cg_C_L50_e0.5_d0.3,例外割合0.5ドア,c,20,e,n,248,225,260,229,2.6488833746898255
ataru-0608/c_grid/cg_C_L50_e0.5_d0.5,例外割合0.5ドア,w,1,e,n,414,2,467,15,-2.728899647249894
ataru-0608/c_grid/cg_C_L50_e0.5_d0.5,例外割合0.5ドア,w,2,e,n,417,6,434,0,1.4388489208633095
ataru-0608/c_grid/cg_C_L50_e0.5_d0.5,例外割合0.5ドア,w,3,e,n,434,32,438,1,7.144961387117816
ataru-0608/c_grid/cg_C_L50_e0.5_d0.5,例外割合0.5ドア,w,4,e,n,430,12,409,0,2.7906976744186047
ataru-0608/c_grid/cg_C_L50_e0.5_d0.5,例外割合0.5ドア,w,5,e,n,438,0,425,9,-2.1176470588235294
ataru-0608/c_grid/cg_C_L50_e0.5_d0.5,例外割合0.5ドア,w,6,e,n,453,0,417,8,-1.9184652278177456
ataru-0608/c_grid/cg_C_L50_e0.5_d0.5,例外割合0.5ドア,w,7,e,n,431,0,424,3,-0.7075471698113208
ataru-0608/c_grid/cg_C_L50_e0.5_d0.5,例外割合0.5ドア,w,8,e,n,409,6,442,18,-2.605405525008574
ataru-0608/c_grid/cg_C_L50_e0.5_d0.5,例外割合0.5ドア,w,9,e,n,404,24,453,5,4.836841300024042
ataru-0608/c_grid/cg_C_L50_e0.5_d0.5,例外割合0.5ドア,w,10,e,n,433,6,427,10,-0.9562390814047197
ataru-0608/c_grid/cg_C_L50_e0.5_d0.5,例外割合0.5ドア,w,11,e,n,436,1,422,33,-7.5905474151050045
ataru-0608/c_grid/cg_C_L50_e0.5_d0.5,例外割合0.5ドア,w,12,e,n,433,3,435,39,-8.27267659472804
ataru-0608/c_grid/cg_C_L50_e0.5_d0.5,例外割合0.5ドア,w,13,e,n,419,13,427,0,3.1026252983293556
ataru-0608/c_grid/cg_C_L50_e0.5_d0.5,例外割合0.5ドア,w,14,e,n,437,16,413,8,1.7242812262786664
ataru-0608/c_grid/cg_C_L50_e0.5_d0.5,例外割合0.5ドア,w,15,e,n,454,3,427,26,-5.428200022697025
ataru-0608/c_grid/cg_C_L50_e0.5_d0.5,例外割合0.5ドア,w,16,e,n,431,6,412,20,-3.462257563129322
ataru-0608/c_grid/cg_C_L50_e0.5_d0.5,例外割合0.5ドア,w,17,e,n,445,4,415,15,-2.715581426830919
ataru-0608/c_grid/cg_C_L50_e0.5_d0.5,例外割合0.5ドア,w,18,e,n,430,7,409,0,1.627906976744186
ataru-0608/c_grid/cg_C_L50_e0.5_d0.5,例外割合0.5ドア,w,19,e,n,442,13,459,2,2.505446623093682
ataru-0608/c_grid/cg_C_L50_e0.5_d0.5,例外割合0.5ドア,w,20,e,n,424,6,419,11,-1.210203989732967
ataru-0608/c_grid/cg_C_L50_e0.5_d0.5,例外割合0.5ドア,a,1,e,n,414,14,467,18,-0.4727472095501145
ataru-0608/c_grid/cg_C_L50_e0.5_d0.5,例外割合0.5ドア,a,2,e,n,417,22,434,37,-3.2495662456210153
ataru-0608/c_grid/cg_C_L50_e0.5_d0.5,例外割合0.5ドア,a,3,e,n,434,29,438,39,-2.22208193927151
ataru-0608/c_grid/cg_C_L50_e0.5_d0.5,例外割合0.5ドア,a,4,e,n,430,52,409,10,9.648035480752828
ataru-0608/c_grid/cg_C_L50_e0.5_d0.5,例外割合0.5ドア,a,5,e,n,438,46,425,12,7.678753693258125
ataru-0608/c_grid/cg_C_L50_e0.5_d0.5,例外割合0.5ドア,a,6,e,n,453,29,417,65,-9.185763971604175
ataru-0608/c_grid/cg_C_L50_e0.5_d0.5,例外割合0.5ドア,a,7,e,n,431,16,424,41,-5.957514336996017
ataru-0608/c_grid/cg_C_L50_e0.5_d0.5,例外割合0.5ドア,a,8,e,n,409,34,442,65,-6.392923917733354
ataru-0608/c_grid/cg_C_L50_e0.5_d0.5,例外割合0.5ドア,a,9,e,n,404,10,453,70,-12.977291106594105
ataru-0608/c_grid/cg_C_L50_e0.5_d0.5,例外割合0.5ドア,a,10,e,n,433,53,427,32,4.746039558442542
ataru-0608/c_grid/cg_C_L50_e0.5_d0.5,例外割合0.5ドア,a,11,e,n,436,59,422,30,6.423105352406626
ataru-0608/c_grid/cg_C_L50_e0.5_d0.5,例外割合0.5ドア,a,12,e,n,433,65,435,8,13.17246688434074
ataru-0608/c_grid/cg_C_L50_e0.5_d0.5,例外割合0.5ドア,a,13,e,n,419,8,427,43,-8.160949735346229
ataru-0608/c_grid/cg_C_L50_e0.5_d0.5,例外割合0.5ドア,a,14,e,n,437,17,413,32,-3.858023836304099
ataru-0608/c_grid/cg_C_L50_e0.5_d0.5,例外割合0.5ドア,a,15,e,n,454,78,427,16,13.433544140556492
ataru-0608/c_grid/cg_C_L50_e0.5_d0.5,例外割合0.5ドア,a,16,e,n,431,29,412,35,-1.7666073480053168
ataru-0608/c_grid/cg_C_L50_e0.5_d0.5,例外割合0.5ドア,a,17,e,n,445,38,415,42,-1.581156085014214
ataru-0608/c_grid/cg_C_L50_e0.5_d0.5,例外割合0.5ドア,a,18,e,n,430,14,409,69,-13.614601694433388
ataru-0608/c_grid/cg_C_L50_e0.5_d0.5,例外割合0.5ドア,a,19,e,n,442,14,459,34,-4.239986592927769
ataru-0608/c_grid/cg_C_L50_e0.5_d0.5,例外割合0.5ドア,a,20,e,n,424,72,419,36,8.389246633944252
ataru-0608/c_grid/cg_C_L50_e0.5_d0.5,例外割合0.5ドア,c,1,e,n,414,398,467,434,3.201646856800011
ataru-0608/c_grid/cg_C_L50_e0.5_d0.5,例外割合0.5ドア,c,2,e,n,417,389,434,397,1.8107173247577046
ataru-0608/c_grid/cg_C_L50_e0.5_d0.5,例外割合0.5ドア,c,3,e,n,434,373,438,398,-4.922879447846307
ataru-0608/c_grid/cg_C_L50_e0.5_d0.5,例外割合0.5ドア,c,4,e,n,430,366,409,399,-12.438733155171434
ataru-0608/c_grid/cg_C_L50_e0.5_d0.5,例外割合0.5ドア,c,5,e,n,438,392,425,404,-5.561106634434598
ataru-0608/c_grid/cg_C_L50_e0.5_d0.5,例外割合0.5ドア,c,6,e,n,453,424,417,344,11.104229199421923
ataru-0608/c_grid/cg_C_L50_e0.5_d0.5,例外割合0.5ドア,c,7,e,n,431,415,424,380,6.665061506807335
ataru-0608/c_grid/cg_C_L50_e0.5_d0.5,例外割合0.5ドア,c,8,e,n,409,369,442,359,8.998329442741927
ataru-0608/c_grid/cg_C_L50_e0.5_d0.5,例外割合0.5ドア,c,9,e,n,404,370,453,378,8.14044980657006
ataru-0608/c_grid/cg_C_L50_e0.5_d0.5,例外割合0.5ドア,c,10,e,n,433,374,427,385,-3.789800477037819
ataru-0608/c_grid/cg_C_L50_e0.5_d0.5,例外割合0.5ドア,c,11,e,n,436,376,422,359,1.1674420626983872
ataru-0608/c_grid/cg_C_L50_e0.5_d0.5,例外割合0.5ドア,c,12,e,n,433,365,435,388,-4.899790289612705
ataru-0608/c_grid/cg_C_L50_e0.5_d0.5,例外割合0.5ドア,c,13,e,n,419,398,427,384,5.05832443701687
ataru-0608/c_grid/cg_C_L50_e0.5_d0.5,例外割合0.5ドア,c,14,e,n,437,404,413,373,2.1337426100254353
ataru-0608/c_grid/cg_C_L50_e0.5_d0.5,例外割合0.5ドア,c,15,e,n,454,373,427,385,-8.005344117859469
ataru-0608/c_grid/cg_C_L50_e0.5_d0.5,例外割合0.5ドア,c,16,e,n,431,396,412,357,5.228864911134645
ataru-0608/c_grid/cg_C_L50_e0.5_d0.5,例外割合0.5ドア,c,17,e,n,445,403,415,358,4.296737511845139
ataru-0608/c_grid/cg_C_L50_e0.5_d0.5,例外割合0.5ドア,c,18,e,n,430,409,409,340,11.986694717689195
ataru-0608/c_grid/cg_C_L50_e0.5_d0.5,例外割合0.5ドア,c,19,e,n,442,415,459,423,1.7345399698340924
ataru-0608/c_grid/cg_C_L50_e0.5_d0.5,例外割合0.5ドア,c,20,e,n,424,346,419,372,-7.179042644211286
ataru-0608/c_grid/cg_C_L90_e0.5_dnone,例外割合0.5ドア,w,1,e,n,76,17,81,1,21.133853151397012
ataru-0608/c_grid/cg_C_L90_e0.5_dnone,例外割合0.5ドア,w,2,e,n,77,20,77,2,23.376623376623375
ataru-0608/c_grid/cg_C_L90_e0.5_dnone,例外割合0.5ドア,w,3,e,n,86,3,90,19,-17.622739018087856
ataru-0608/c_grid/cg_C_L90_e0.5_dnone,例外割合0.5ドア,w,4,e,n,69,0,70,11,-15.714285714285714
ataru-0608/c_grid/cg_C_L90_e0.5_dnone,例外割合0.5ドア,w,5,e,n,91,0,80,18,-22.5
ataru-0608/c_grid/cg_C_L90_e0.5_dnone,例外割合0.5ドア,w,6,e,n,86,10,74,14,-7.291011942174734
ataru-0608/c_grid/cg_C_L90_e0.5_dnone,例外割合0.5ドア,w,7,e,n,76,8,80,12,-4.473684210526316
ataru-0608/c_grid/cg_C_L90_e0.5_dnone,例外割合0.5ドア,w,8,e,n,80,11,65,8,1.4423076923076927
ataru-0608/c_grid/cg_C_L90_e0.5_dnone,例外割合0.5ドア,w,9,e,n,76,14,61,3,13.5030198446937
ataru-0608/c_grid/cg_C_L90_e0.5_dnone,例外割合0.5ドア,w,10,e,n,85,8,96,13,-4.129901960784313
ataru-0608/c_grid/cg_C_L90_e0.5_dnone,例外割合0.5ドア,w,11,e,n,80,3,75,12,-12.25
ataru-0608/c_grid/cg_C_L90_e0.5_dnone,例外割合0.5ドア,w,12,e,n,87,0,74,23,-31.08108108108108
ataru-0608/c_grid/cg_C_L90_e0.5_dnone,例外割合0.5ドア,w,13,e,n,78,17,87,4,17.19717064544651
ataru-0608/c_grid/cg_C_L90_e0.5_dnone,例外割合0.5ドア,w,14,e,n,75,7,86,20,-13.922480620155037
ataru-0608/c_grid/cg_C_L90_e0.5_dnone,例外割合0.5ドア,w,15,e,n,76,1,73,16,-20.602018745493872
ataru-0608/c_grid/cg_C_L90_e0.5_dnone,例外割合0.5ドア,w,16,e,n,85,13,87,10,3.7998647734956066
ataru-0608/c_grid/cg_C_L90_e0.5_dnone,例外割合0.5ドア,w,17,e,n,80,1,81,11,-12.330246913580247
ataru-0608/c_grid/cg_C_L90_e0.5_dnone,例外割合0.5ドア,w,18,e,n,71,6,82,11,-4.963929920989352
ataru-0608/c_grid/cg_C_L90_e0.5_dnone,例外割合0.5ドア,w,19,e,n,68,10,76,1,13.390092879256965
ataru-0608/c_grid/cg_C_L90_e0.5_dnone,例外割合0.5ドア,w,20,e,n,87,3,69,20,-25.537231384307844
ataru-0608/c_grid/cg_C_L90_e0.5_dnone,例外割合0.5ドア,a,1,e,n,76,17,81,31,-15.903183885640024
ataru-0608/c_grid/cg_C_L90_e0.5_dnone,例外割合0.5ドア,a,2,e,n,77,13,77,24,-14.285714285714285
ataru-0608/c_grid/cg_C_L90_e0.5_dnone,例外割合0.5ドア,a,3,e,n,86,33,90,24,11.705426356589149
ataru-0608/c_grid/cg_C_L90_e0.5_dnone,例外割合0.5ドア,a,4,e,n,69,26,70,13,19.109730848861282
ataru-0608/c_grid/cg_C_L90_e0.5_dnone,例外割合0.5ドア,a,5,e,n,91,25,80,24,-2.527472527472524
ataru-0608/c_grid/cg_C_L90_e0.5_dnone,例外割合0.5ドア,a,6,e,n,86,23,74,20,-0.2828409805154031
ataru-0608/c_grid/cg_C_L90_e0.5_dnone,例外割合0.5ドア,a,7,e,n,76,28,80,28,1.842105263157895
ataru-0608/c_grid/cg_C_L90_e0.5_dnone,例外割合0.5ドア,a,8,e,n,80,21,65,14,4.711538461538462
ataru-0608/c_grid/cg_C_L90_e0.5_dnone,例外割合0.5ドア,a,9,e,n,76,15,61,22,-16.328731665228645
ataru-0608/c_grid/cg_C_L90_e0.5_dnone,例外割合0.5ドア,a,10,e,n,85,21,96,33,-9.669117647058822
ataru-0608/c_grid/cg_C_L90_e0.5_dnone,例外割合0.5ドア,a,11,e,n,80,27,75,25,0.41666666666667074
ataru-0608/c_grid/cg_C_L90_e0.5_dnone,例外割合0.5ドア,a,12,e,n,87,25,74,13,11.168064616340475
ataru-0608/c_grid/cg_C_L90_e0.5_dnone,例外割合0.5ドア,a,13,e,n,78,19,87,29,-8.974358974358973
ataru-0608/c_grid/cg_C_L90_e0.5_dnone,例外割合0.5ドア,a,14,e,n,75,21,86,24,0.09302325581395654
ataru-0608/c_grid/cg_C_L90_e0.5_dnone,例外割合0.5ドア,a,15,e,n,76,25,73,11,17.826243691420334
ataru-0608/c_grid/cg_C_L90_e0.5_dnone,例外割合0.5ドア,a,16,e,n,85,29,87,26,4.23258958755916
ataru-0608/c_grid/cg_C_L90_e0.5_dnone,例外割合0.5ドア,a,17,e,n,80,21,81,28,-8.317901234567898
ataru-0608/c_grid/cg_C_L90_e0.5_dnone,例外割合0.5ドア,a,18,e,n,71,24,82,26,2.0954998282377177
ataru-0608/c_grid/cg_C_L90_e0.5_dnone,例外割合0.5ドア,a,19,e,n,68,18,76,30,-13.003095975232199
ataru-0608/c_grid/cg_C_L90_e0.5_dnone,例外割合0.5ドア,a,20,e,n,87,35,69,13,21.38930534732634
ataru-0608/c_grid/cg_C_L90_e0.5_dnone,例外割合0.5ドア,c,1,e,n,76,42,81,49,-5.2306692657569815
ataru-0608/c_grid/cg_C_L90_e0.5_dnone,例外割合0.5ドア,c,2,e,n,77,44,77,51,-9.090909090909093
ataru-0608/c_grid/cg_C_L90_e0.5_dnone,例外割合0.5ドア,c,3,e,n,86,50,90,47,5.917312661498708
ataru-0608/c_grid/cg_C_L90_e0.5_dnone,例外割合0.5ドア,c,4,e,n,69,43,70,46,-3.39544513457557
ataru-0608/c_grid/cg_C_L90_e0.5_dnone,例外割合0.5ドア,c,5,e,n,91,66,80,38,25.027472527472526
ataru-0608/c_grid/cg_C_L90_e0.5_dnone,例外割合0.5ドア,c,6,e,n,86,53,74,40,7.573852922690127
ataru-0608/c_grid/cg_C_L90_e0.5_dnone,例外割合0.5ドア,c,7,e,n,76,40,80,40,2.631578947368418
ataru-0608/c_grid/cg_C_L90_e0.5_dnone,例外割合0.5ドア,c,8,e,n,80,48,65,43,-6.153846153846154
ataru-0608/c_grid/cg_C_L90_e0.5_dnone,例外割合0.5ドア,c,9,e,n,76,47,61,36,2.8257118205349485
ataru-0608/c_grid/cg_C_L90_e0.5_dnone,例外割合0.5ドア,c,10,e,n,85,56,96,50,13.799019607843132
ataru-0608/c_grid/cg_C_L90_e0.5_dnone,例外割合0.5ドア,c,11,e,n,80,50,75,38,11.833333333333329
ataru-0608/c_grid/cg_C_L90_e0.5_dnone,例外割合0.5ドア,c,12,e,n,87,62,74,38,19.913016464740608
ataru-0608/c_grid/cg_C_L90_e0.5_dnone,例外割合0.5ドア,c,13,e,n,78,42,87,54,-8.222811671087538
ataru-0608/c_grid/cg_C_L90_e0.5_dnone,例外割合0.5ドア,c,14,e,n,75,47,86,42,13.829457364341092
ataru-0608/c_grid/cg_C_L90_e0.5_dnone,例外割合0.5ドア,c,15,e,n,76,50,73,46,2.775775054073548
ataru-0608/c_grid/cg_C_L90_e0.5_dnone,例外割合0.5ドア,c,16,e,n,85,43,87,51,-8.032454361054764
ataru-0608/c_grid/cg_C_L90_e0.5_dnone,例外割合0.5ドア,c,17,e,n,80,58,81,42,20.64814814814815
ataru-0608/c_grid/cg_C_L90_e0.5_dnone,例外割合0.5ドア,c,18,e,n,71,41,82,45,2.868430092751628
ataru-0608/c_grid/cg_C_L90_e0.5_dnone,例外割合0.5ドア,c,19,e,n,68,40,76,45,-0.38699690402476117
ataru-0608/c_grid/cg_C_L90_e0.5_dnone,例外割合0.5ドア,c,20,e,n,87,49,69,36,4.1479260369815085
ataru-0608/c_grid/cg_C_L90_e0.5_d0.3,例外割合0.5ドア,w,1,e,n,256,48,298,12,14.723154362416107
ataru-0608/c_grid/cg_C_L90_e0.5_d0.3,例外割合0.5ドア,w,2,e,n,254,52,283,9,17.292228930747612
ataru-0608/c_grid/cg_C_L90_e0.5_d0.3,例外割合0.5ドア,w,3,e,n,257,14,254,40,-10.30056067894237
ataru-0608/c_grid/cg_C_L90_e0.5_d0.3,例外割合0.5ドア,w,4,e,n,266,12,233,48,-16.089580173609992
ataru-0608/c_grid/cg_C_L90_e0.5_d0.3,例外割合0.5ドア,w,5,e,n,271,3,271,63,-22.14022140221402
ataru-0608/c_grid/cg_C_L90_e0.5_d0.3,例外割合0.5ドア,w,6,e,n,286,26,241,16,2.451904941531498
ataru-0608/c_grid/cg_C_L90_e0.5_d0.3,例外割合0.5ドア,w,7,e,n,268,28,256,34,-2.8334888059701497
ataru-0608/c_grid/cg_C_L90_e0.5_d0.3,例外割合0.5ドア,w,8,e,n,239,32,259,16,7.211515161305955
ataru-0608/c_grid/cg_C_L90_e0.5_d0.3,例外割合0.5ドア,w,9,e,n,252,40,270,9,12.53968253968254
ataru-0608/c_grid/cg_C_L90_e0.5_d0.3,例外割合0.5ドア,w,10,e,n,256,27,259,29,-0.6500361969111967
ataru-0608/c_grid/cg_C_L90_e0.5_d0.3,例外割合0.5ドア,w,11,e,n,260,14,250,36,-9.015384615384614
ataru-0608/c_grid/cg_C_L90_e0.5_d0.3,例外割合0.5ドア,w,12,e,n,281,3,275,45,-15.296020705273374
ataru-0608/c_grid/cg_C_L90_e0.5_d0.3,例外割合0.5ドア,w,13,e,n,247,43,253,21,9.108511625674097
ataru-0608/c_grid/cg_C_L90_e0.5_d0.3,例外割合0.5ドア,w,14,e,n,260,18,243,38,-8.714783159227604
ataru-0608/c_grid/cg_C_L90_e0.5_d0.3,例外割合0.5ドア,w,15,e,n,286,5,258,63,-22.67035290291104
ataru-0608/c_grid/cg_C_L90_e0.5_d0.3,例外割合0.5ドア,w,16,e,n,256,22,247,23,-0.7179908906882595
ataru-0608/c_grid/cg_C_L90_e0.5_d0.3,例外割合0.5ドア,w,17,e,n,251,19,252,41,-8.700120154303422
ataru-0608/c_grid/cg_C_L90_e0.5_d0.3,例外割合0.5ドア,w,18,e,n,264,8,258,43,-13.636363636363635
ataru-0608/c_grid/cg_C_L90_e0.5_d0.3,例外割合0.5ドア,w,19,e,n,262,51,266,4,17.96188945646559
ataru-0608/c_grid/cg_C_L90_e0.5_d0.3,例外割合0.5ドア,w,20,e,n,248,6,260,44,-14.503722084367245
ataru-0608/c_grid/cg_C_L90_e0.5_d0.3,例外割合0.5ドア,a,1,e,n,256,98,298,151,-12.389890939597315
ataru-0608/c_grid/cg_C_L90_e0.5_d0.3,例外割合0.5ドア,a,2,e,n,254,107,283,148,-10.17083553601737
ataru-0608/c_grid/cg_C_L90_e0.5_d0.3,例外割合0.5ドア,a,3,e,n,257,117,254,98,6.9426146634394446
ataru-0608/c_grid/cg_C_L90_e0.5_d0.3,例外割合0.5ドア,a,4,e,n,266,124,233,79,12.710961954241823
ataru-0608/c_grid/cg_C_L90_e0.5_d0.3,例外割合0.5ドア,a,5,e,n,271,125,271,96,10.701107011070116
ataru-0608/c_grid/cg_C_L90_e0.5_d0.3,例外割合0.5ドア,a,6,e,n,286,136,241,117,-0.995270289876099
ataru-0608/c_grid/cg_C_L90_e0.5_d0.3,例外割合0.5ドア,a,7,e,n,268,94,256,97,-2.815998134328357
ataru-0608/c_grid/cg_C_L90_e0.5_d0.3,例外割合0.5ドア,a,8,e,n,239,100,259,116,-2.9466406035443704
ataru-0608/c_grid/cg_C_L90_e0.5_d0.3,例外割合0.5ドア,a,9,e,n,252,97,270,137,-12.248677248677248
ataru-0608/c_grid/cg_C_L90_e0.5_d0.3,例外割合0.5ドア,a,10,e,n,256,103,259,110,-2.2366674710424697
ataru-0608/c_grid/cg_C_L90_e0.5_d0.3,例外割合0.5ドア,a,11,e,n,260,136,250,118,5.107692307692313
ataru-0608/c_grid/cg_C_L90_e0.5_d0.3,例外割合0.5ドア,a,12,e,n,281,122,275,106,4.8709155613070205
ataru-0608/c_grid/cg_C_L90_e0.5_d0.3,例外割合0.5ドア,a,13,e,n,247,87,253,99,-3.9077627178313703
ataru-0608/c_grid/cg_C_L90_e0.5_d0.3,例外割合0.5ドア,a,14,e,n,260,117,243,99,4.259259259259263
ataru-0608/c_grid/cg_C_L90_e0.5_d0.3,例外割合0.5ドア,a,15,e,n,286,112,258,85,6.2151027267306365
ataru-0608/c_grid/cg_C_L90_e0.5_d0.3,例外割合0.5ドア,a,16,e,n,256,112,247,110,-0.7844129554655854
ataru-0608/c_grid/cg_C_L90_e0.5_d0.3,例外割合0.5ドア,a,17,e,n,251,110,252,111,-0.22291785239992312
ataru-0608/c_grid/cg_C_L90_e0.5_d0.3,例外割合0.5ドア,a,18,e,n,264,137,258,110,9.258280479210711
ataru-0608/c_grid/cg_C_L90_e0.5_d0.3,例外割合0.5ドア,a,19,e,n,262,110,266,126,-5.383688228204098
ataru-0608/c_grid/cg_C_L90_e0.5_d0.3,例外割合0.5ドア,a,20,e,n,248,110,260,93,8.58560794044665
ataru-0608/c_grid/cg_C_L90_e0.5_d0.3,例外割合0.5ドア,c,1,e,n,256,110,298,135,-2.333263422818793
ataru-0608/c_grid/cg_C_L90_e0.5_d0.3,例外割合0.5ドア,c,2,e,n,254,95,283,126,-7.121393394730252
ataru-0608/c_grid/cg_C_L90_e0.5_d0.3,例外割合0.5ドア,c,3,e,n,257,126,254,116,3.3579460155029217
ataru-0608/c_grid/cg_C_L90_e0.5_d0.3,例外割合0.5ドア,c,4,e,n,266,130,233,106,3.378618219368162
ataru-0608/c_grid/cg_C_L90_e0.5_d0.3,例外割合0.5ドア,c,5,e,n,271,143,271,112,11.439114391143907
ataru-0608/c_grid/cg_C_L90_e0.5_d0.3,例外割合0.5ドア,c,6,e,n,286,124,241,108,-1.456634651655403
ataru-0608/c_grid/cg_C_L90_e0.5_d0.3,例外割合0.5ドア,c,7,e,n,268,146,256,125,5.649486940298509
ataru-0608/c_grid/cg_C_L90_e0.5_d0.3,例外割合0.5ドア,c,8,e,n,239,107,259,127,-4.264874557761589
ataru-0608/c_grid/cg_C_L90_e0.5_d0.3,例外割合0.5ドア,c,9,e,n,252,115,270,124,-0.2910052910052918
ataru-0608/c_grid/cg_C_L90_e0.5_d0.3,例外割合0.5ドア,c,10,e,n,256,126,259,120,2.8867036679536664
ataru-0608/c_grid/cg_C_L90_e0.5_d0.3,例外割合0.5ドア,c,11,e,n,260,110,250,96,3.9076923076923062
ataru-0608/c_grid/cg_C_L90_e0.5_d0.3,例外割合0.5ドア,c,12,e,n,281,156,275,124,10.425105143966352
ataru-0608/c_grid/cg_C_L90_e0.5_d0.3,例外割合0.5ドア,c,13,e,n,247,117,253,133,-5.200748907842728
ataru-0608/c_grid/cg_C_L90_e0.5_d0.3,例外割合0.5ドア,c,14,e,n,260,125,243,106,4.455523899968345
ataru-0608/c_grid/cg_C_L90_e0.5_d0.3,例外割合0.5ドア,c,15,e,n,286,169,258,110,16.455250176180414
ataru-0608/c_grid/cg_C_L90_e0.5_d0.3,例外割合0.5ドア,c,16,e,n,256,122,247,114,1.5024038461538436
ataru-0608/c_grid/cg_C_L90_e0.5_d0.3,例外割合0.5ドア,c,17,e,n,251,122,252,100,8.923038006703349
ataru-0608/c_grid/cg_C_L90_e0.5_d0.3,例外割合0.5ドア,c,18,e,n,264,119,258,105,4.378083157152924
ataru-0608/c_grid/cg_C_L90_e0.5_d0.3,例外割合0.5ドア,c,19,e,n,262,101,266,136,-12.578201228261493
ataru-0608/c_grid/cg_C_L90_e0.5_d0.3,例外割合0.5ドア,c,20,e,n,248,132,260,123,5.918114143920594
ataru-0608/c_grid/cg_C_L90_e0.5_d0.5,例外割合0.5ドア,w,1,e,n,414,58,467,27,8.228077253307681
ataru-0608/c_grid/cg_C_L90_e0.5_d0.5,例外割合0.5ドア,w,2,e,n,417,53,434,10,10.405684668854777
ataru-0608/c_grid/cg_C_L90_e0.5_d0.5,例外割合0.5ドア,w,3,e,n,434,20,438,47,-6.1222986764303595
ataru-0608/c_grid/cg_C_L90_e0.5_d0.5,例外割合0.5ドア,w,4,e,n,430,15,409,70,-13.626542332404618
ataru-0608/c_grid/cg_C_L90_e0.5_d0.5,例外割合0.5ドア,w,5,e,n,438,11,425,77,-15.606231533709375
ataru-0608/c_grid/cg_C_L90_e0.5_d0.5,例外割合0.5ドア,w,6,e,n,453,36,417,35,-0.44626550415296923
ataru-0608/c_grid/cg_C_L90_e0.5_d0.5,例外割合0.5ドア,w,7,e,n,431,39,424,58,-4.630521385107035
ataru-0608/c_grid/cg_C_L90_e0.5_d0.5,例外割合0.5ドア,w,8,e,n,409,38,442,31,2.2773788845987895
ataru-0608/c_grid/cg_C_L90_e0.5_d0.5,例外割合0.5ドア,w,9,e,n,404,50,453,33,5.091469411841847
ataru-0608/c_grid/cg_C_L90_e0.5_d0.5,例外割合0.5ドア,w,10,e,n,433,41,427,46,-1.3040115527527028
ataru-0608/c_grid/cg_C_L90_e0.5_d0.5,例外割合0.5ドア,w,11,e,n,436,18,422,53,-8.43080133918866
ataru-0608/c_grid/cg_C_L90_e0.5_d0.5,例外割合0.5ドア,w,12,e,n,433,18,435,73,-12.62456531549468
ataru-0608/c_grid/cg_C_L90_e0.5_d0.5,例外割合0.5ドア,w,13,e,n,419,63,427,38,6.136502098785444
ataru-0608/c_grid/cg_C_L90_e0.5_d0.5,例外割合0.5ドア,w,14,e,n,437,31,413,56,-6.465500523600823
ataru-0608/c_grid/cg_C_L90_e0.5_d0.5,例外割合0.5ドア,w,15,e,n,454,9,427,69,-14.176871730854545
ataru-0608/c_grid/cg_C_L90_e0.5_d0.5,例外割合0.5ドア,w,16,e,n,431,49,412,35,2.873763881693059
ataru-0608/c_grid/cg_C_L90_e0.5_d0.5,例外割合0.5ドア,w,17,e,n,445,39,415,70,-8.103424935697847
ataru-0608/c_grid/cg_C_L90_e0.5_d0.5,例外割合0.5ドア,w,18,e,n,430,23,409,38,-3.9421163359299483
ataru-0608/c_grid/cg_C_L90_e0.5_d0.5,例外割合0.5ドア,w,19,e,n,442,71,459,17,12.35964471258589
ataru-0608/c_grid/cg_C_L90_e0.5_d0.5,例外割合0.5ドア,w,20,e,n,424,46,419,50,-1.0841176205700895
ataru-0608/c_grid/cg_C_L90_e0.5_d0.5,例外割合0.5ドア,a,1,e,n,414,216,467,278,-7.354994879433951
ataru-0608/c_grid/cg_C_L90_e0.5_d0.5,例外割合0.5ドア,a,2,e,n,417,255,434,298,-7.512515333355441
ataru-0608/c_grid/cg_C_L90_e0.5_d0.5,例外割合0.5ドア,a,3,e,n,434,241,438,249,-1.3193611514424664
ataru-0608/c_grid/cg_C_L90_e0.5_d0.5,例外割合0.5ドア,a,4,e,n,430,253,409,216,6.025473361005284
ataru-0608/c_grid/cg_C_L90_e0.5_d0.5,例外割合0.5ドア,a,5,e,n,438,245,425,207,7.23019070641956
ataru-0608/c_grid/cg_C_L90_e0.5_d0.5,例外割合0.5ドア,a,6,e,n,453,238,417,245,-6.214366255340098
ataru-0608/c_grid/cg_C_L90_e0.5_d0.5,例外割合0.5ドア,a,7,e,n,431,219,424,237,-5.084161449897129
ataru-0608/c_grid/cg_C_L90_e0.5_d0.5,例外割合0.5ドア,a,8,e,n,409,231,442,265,-3.4755335273097376
ataru-0608/c_grid/cg_C_L90_e0.5_d0.5,例外割合0.5ドア,a,9,e,n,404,202,453,257,-6.732891832229582
ataru-0608/c_grid/cg_C_L90_e0.5_d0.5,例外割合0.5ドア,a,10,e,n,433,232,427,235,-1.4554521312557078
ataru-0608/c_grid/cg_C_L90_e0.5_d0.5,例外割合0.5ドア,a,11,e,n,436,244,422,239,-0.6717683377538197
ataru-0608/c_grid/cg_C_L90_e0.5_d0.5,例外割合0.5ドア,a,12,e,n,433,234,435,234,0.24846699052322174
ataru-0608/c_grid/cg_C_L90_e0.5_d0.5,例外割合0.5ドア,a,13,e,n,419,219,427,227,-0.894289403229509
ataru-0608/c_grid/cg_C_L90_e0.5_d0.5,例外割合0.5ドア,a,14,e,n,437,266,413,229,5.421623328771452
ataru-0608/c_grid/cg_C_L90_e0.5_d0.5,例外割合0.5ドア,a,15,e,n,454,240,427,216,2.277956029671202
ataru-0608/c_grid/cg_C_L90_e0.5_d0.5,例外割合0.5ドア,a,16,e,n,431,246,412,225,2.464915639853127
ataru-0608/c_grid/cg_C_L90_e0.5_d0.5,例外割合0.5ドア,a,17,e,n,445,280,415,210,12.318938676052527
ataru-0608/c_grid/cg_C_L90_e0.5_d0.5,例外割合0.5ドア,a,18,e,n,430,265,409,230,5.393188150338313
ataru-0608/c_grid/cg_C_L90_e0.5_d0.5,例外割合0.5ドア,a,19,e,n,442,269,459,271,1.8183341712753376
ataru-0608/c_grid/cg_C_L90_e0.5_d0.5,例外割合0.5ドア,a,20,e,n,424,170,419,218,-11.934299995496916
ataru-0608/c_grid/cg_C_L90_e0.5_d0.5,例外割合0.5ドア,c,1,e,n,414,140,467,162,-0.8730823738737348
ataru-0608/c_grid/cg_C_L90_e0.5_d0.5,例外割合0.5ドア,c,2,e,n,417,109,434,126,-2.893169335499346
ataru-0608/c_grid/cg_C_L90_e0.5_d0.5,例外割合0.5ドア,c,3,e,n,434,173,438,142,7.4416598278728205
ataru-0608/c_grid/cg_C_L90_e0.5_d0.5,例外割合0.5ドア,c,4,e,n,430,162,409,123,7.601068971399327
ataru-0608/c_grid/cg_C_L90_e0.5_d0.5,例外割合0.5ドア,c,5,e,n,438,182,425,141,8.376040827289815
ataru-0608/c_grid/cg_C_L90_e0.5_d0.5,例外割合0.5ドア,c,6,e,n,453,179,417,137,6.660631759493069
ataru-0608/c_grid/cg_C_L90_e0.5_d0.5,例外割合0.5ドア,c,7,e,n,431,173,424,129,9.714682835004156
ataru-0608/c_grid/cg_C_L90_e0.5_d0.5,例外割合0.5ドア,c,8,e,n,409,140,442,146,1.1981546427109524
ataru-0608/c_grid/cg_C_L90_e0.5_d0.5,例外割合0.5ドア,c,9,e,n,404,152,453,163,1.6414224203877337
ataru-0608/c_grid/cg_C_L90_e0.5_d0.5,例外割合0.5ドア,c,10,e,n,433,160,427,146,2.7594636840084172
ataru-0608/c_grid/cg_C_L90_e0.5_d0.5,例外割合0.5ドア,c,11,e,n,436,174,422,130,9.102569676942473
ataru-0608/c_grid/cg_C_L90_e0.5_d0.5,例外割合0.5ドア,c,12,e,n,433,181,435,128,12.376098324971462
ataru-0608/c_grid/cg_C_L90_e0.5_d0.5,例外割合0.5ドア,c,13,e,n,419,137,427,162,-5.242212695555937
ataru-0608/c_grid/cg_C_L90_e0.5_d0.5,例外割合0.5ドア,c,14,e,n,437,140,413,128,1.0438771948293735
ataru-0608/c_grid/cg_C_L90_e0.5_d0.5,例外割合0.5ドア,c,15,e,n,454,205,427,142,11.898915701183343
ataru-0608/c_grid/cg_C_L90_e0.5_d0.5,例外割合0.5ドア,c,16,e,n,431,136,412,152,-5.338679521546191
ataru-0608/c_grid/cg_C_L90_e0.5_d0.5,例外割合0.5ドア,c,17,e,n,445,126,415,135,-4.215513740354676
ataru-0608/c_grid/cg_C_L90_e0.5_d0.5,例外割合0.5ドア,c,18,e,n,430,142,409,141,-1.4510718144083667
ataru-0608/c_grid/cg_C_L90_e0.5_d0.5,例外割合0.5ドア,c,19,e,n,442,102,459,171,-14.177978883861236
ataru-0608/c_grid/cg_C_L90_e0.5_d0.5,例外割合0.5ドア,c,20,e,n,424,208,419,151,13.018417616067007
