world,seed,condition,position_key,a_final
1,1,global_e01,"[[[[[2,[""relation"",""relation""]],0]]],[1,[""entity""]]]",0.3651849990354828
1,1,global_e01,"[[[[[2,[""relation"",""relation""]],1],[[2,[""relation"",""relation""]],0],[[2,[""relation"",""relation""]],0],[[2,[""relation"",""relation""]],1]]],[2,[""entity"",""entity""]]]",0.004857870492661877
1,1,global_e01,"[[[[[2,[""relation"",""relation""]],1],[[2,[""relation"",""relation""]],0],[[2,[""relation"",""relation""]],0]]],[2,[""relation"",""relation""]]]",0.7134095183791059
1,1,global_e01,"[[[[[2,[""relation"",""relation""]],1],[[2,[""relation"",""relation""]],0],[[2,[""relation"",""relation""]],1],[[2,[""relation"",""relation""]],0]]],[2,[""entity"",""entity""]]]",0.21672022220753226
1,1,global_e01,"[[[[[2,[""relation"",""relation""]],1],[[2,[""relation"",""relation""]],0],[[2,[""relation"",""relation""]],1],[[2,[""relation"",""relation""]],1]]],[2,[""entity"",""entity""]]]",0.0
1,1,global_e01,"[[[[[2,[""relation"",""relation""]],1],[[2,[""relation"",""relation""]],0],[[2,[""relation"",""relation""]],1]]],[2,[""relation"",""relation""]]]",0.405400278434249
1,1,global_e01,"[[[[[2,[""relation"",""relation""]],1],[[2,[""relation"",""relation""]],0]]],[2,[""relation"",""relation""]]]",0.43131161338504576
1,1,global_e01,"[[[[[2,[""relation"",""relation""]],1],[[2,[""relation"",""relation""]],1],[[2,[""relation"",""relation""]],0],[[2,[""relation"",""relation""]],0]]],[2,[""entity"",""entity""]]]",0.23529861721688056
1,1,global_e01,"[[[[[2,[""relation"",""relation""]],1],[[2,[""relation"",""relation""]],1],[[2,[""relation"",""relation""]],0],[[2,[""relation"",""relation""]],1]]],[2,[""entity"",""entity""]]]",0.2709163801626481
1,1,global_e01,"[[[[[2,[""relation"",""relation""]],1],[[2,[""relation"",""relation""]],1],[[2,[""relation"",""relation""]],0]]],[2,[""relation"",""relation""]]]",0.35109024690042384
1,1,global_e01,"[[[[[2,[""relation"",""relation""]],1],[[2,[""relation"",""relation""]],1],[[2,[""relation"",""relation""]],1],[[2,[""relation"",""relation""]],0]]],[2,[""entity"",""entity""]]]",0.22931936990281923
1,1,global_e01,"[[[[[2,[""relation"",""relation""]],1],[[2,[""relation"",""relation""]],1],[[2,[""relation"",""relation""]],1],[[2,[""relation"",""relation""]],1]]],[2,[""entity"",""entity""]]]",0.24706631903901993
1,1,global_e01,"[[[[[2,[""relation"",""relation""]],1],[[2,[""relation"",""relation""]],1],[[2,[""relation"",""relation""]],1]]],[2,[""relation"",""relation""]]]",0.3320821852081671
1,1,global_e01,"[[[[[2,[""relation"",""relation""]],1],[[2,[""relation"",""relation""]],1]]],[2,[""relation"",""relation""]]]",0.351175793854448
1,1,global_e01,"[[[[[2,[""relation"",""relation""]],1]]],[2,[""relation"",""relation""]]]",0.43131161338504576
1,1,global_e01,"[[[]],[1,[""entity""]]]",0.0
1,1,global_e01,"[[[]],[2,[""entity"",""entity""]]]",0.0
1,1,global_e01,"[[[]],[2,[""relation"",""relation""]]]",0.35076696722746986
1,1,global_e05,"[[[[[2,[""relation"",""relation""]],0]]],[1,[""entity""]]]",0.969237573460696
1,1,global_e05,"[[[[[2,[""relation"",""relation""]],1],[[2,[""relation"",""relation""]],0],[[2,[""relation"",""relation""]],0],[[2,[""relation"",""relation""]],1]]],[2,[""entity"",""entity""]]]",0.0005095340126566872
1,1,global_e05,"[[[[[2,[""relation"",""relation""]],1],[[2,[""relation"",""relation""]],0],[[2,[""relation"",""relation""]],0]]],[2,[""relation"",""relation""]]]",1.4643961822606792
1,1,global_e05,"[[[[[2,[""relation"",""relation""]],1],[[2,[""relation"",""relation""]],0],[[2,[""relation"",""relation""]],1],[[2,[""relation"",""relation""]],0]]],[2,[""entity"",""entity""]]]",0.5704166464452093
1,1,global_e05,"[[[[[2,[""relation"",""relation""]],1],[[2,[""relation"",""relation""]],0],[[2,[""relation"",""relation""]],1],[[2,[""relation"",""relation""]],1]]],[2,[""entity"",""entity""]]]",0.0
1,1,global_e05,"[[[[[2,[""relation"",""relation""]],1],[[2,[""relation"",""relation""]],0],[[2,[""relation"",""relation""]],1]]],[2,[""relation"",""relation""]]]",0.59685931790577
1,1,global_e05,"[[[[[2,[""relation"",""relation""]],1],[[2,[""relation"",""relation""]],0]]],[2,[""relation"",""relation""]]]",0.6935547184996986
1,1,global_e05,"[[[[[2,[""relation"",""relation""]],1],[[2,[""relation"",""relation""]],1],[[2,[""relation"",""relation""]],0],[[2,[""relation"",""relation""]],0]]],[2,[""entity"",""entity""]]]",0.32820191498895224
1,1,global_e05,"[[[[[2,[""relation"",""relation""]],1],[[2,[""relation"",""relation""]],1],[[2,[""relation"",""relation""]],0],[[2,[""relation"",""relation""]],1]]],[2,[""entity"",""entity""]]]",0.3538181975666757
1,1,global_e05,"[[[[[2,[""relation"",""relation""]],1],[[2,[""relation"",""relation""]],1],[[2,[""relation"",""relation""]],0]]],[2,[""relation"",""relation""]]]",0.6189060695333912
1,1,global_e05,"[[[[[2,[""relation"",""relation""]],1],[[2,[""relation"",""relation""]],1],[[2,[""relation"",""relation""]],1],[[2,[""relation"",""relation""]],0]]],[2,[""entity"",""entity""]]]",0.4220117961047774
1,1,global_e05,"[[[[[2,[""relation"",""relation""]],1],[[2,[""relation"",""relation""]],1],[[2,[""relation"",""relation""]],1],[[2,[""relation"",""relation""]],1]]],[2,[""entity"",""entity""]]]",0.3885314002515734
1,1,global_e05,"[[[[[2,[""relation"",""relation""]],1],[[2,[""relation"",""relation""]],1],[[2,[""relation"",""relation""]],1]]],[2,[""relation"",""relation""]]]",0.5183746988223994
1,1,global_e05,"[[[[[2,[""relation"",""relation""]],1],[[2,[""relation"",""relation""]],1]]],[2,[""relation"",""relation""]]]",0.6190000471578503
1,1,global_e05,"[[[[[2,[""relation"",""relation""]],1]]],[2,[""relation"",""relation""]]]",0.6935547184996986
1,1,global_e05,"[[[]],[1,[""entity""]]]",0.0
1,1,global_e05,"[[[]],[2,[""entity"",""entity""]]]",0.0
1,1,global_e05,"[[[]],[2,[""relation"",""relation""]]]",0.5767470360554595
1,1,position_e01,"[[[[[2,[""relation"",""relation""]],0]]],[1,[""entity""]]]",0.13769982840711747
1,1,position_e01,"[[[[[2,[""relation"",""relation""]],1],[[2,[""relation"",""relation""]],0],[[2,[""relation"",""relation""]],0],[[2,[""relation"",""relation""]],1]]],[2,[""entity"",""entity""]]]",0.0
1,1,position_e01,"[[[[[2,[""relation"",""relation""]],1],[[2,[""relation"",""relation""]],0],[[2,[""relation"",""relation""]],0]]],[2,[""relation"",""relation""]]]",0.0
1,1,position_e01,"[[[[[2,[""relation"",""relation""]],1],[[2,[""relation"",""relation""]],0],[[2,[""relation"",""relation""]],1],[[2,[""relation"",""relation""]],0]]],[2,[""entity"",""entity""]]]",0.0
1,1,position_e01,"[[[[[2,[""relation"",""relation""]],1],[[2,[""relation"",""relation""]],0],[[2,[""relation"",""relation""]],1],[[2,[""relation"",""relation""]],1]]],[2,[""entity"",""entity""]]]",0.0
1,1,position_e01,"[[[[[2,[""relation"",""relation""]],1],[[2,[""relation"",""relation""]],0],[[2,[""relation"",""relation""]],1]]],[2,[""relation"",""relation""]]]",0.0
1,1,position_e01,"[[[[[2,[""relation"",""relation""]],1],[[2,[""relation"",""relation""]],0]]],[2,[""relation"",""relation""]]]",0.0
1,1,position_e01,"[[[[[2,[""relation"",""relation""]],1],[[2,[""relation"",""relation""]],1],[[2,[""relation"",""relation""]],0],[[2,[""relation"",""relation""]],0]]],[2,[""entity"",""entity""]]]",0.4397004931225836
1,1,position_e01,"[[[[[2,[""relation"",""relation""]],1],[[2,[""relation"",""relation""]],1],[[2,[""relation"",""relation""]],0],[[2,[""relation"",""relation""]],1]]],[2,[""entity"",""entity""]]]",0.5029145025464058
1,1,position_e01,"[[[[[2,[""relation"",""relation""]],1],[[2,[""relation"",""relation""]],1],[[2,[""relation"",""relation""]],0]]],[2,[""relation"",""relation""]]]",0.7670580778840598
1,1,position_e01,"[[[[[2,[""relation"",""relation""]],1],[[2,[""relation"",""relation""]],1],[[2,[""relation"",""relation""]],1],[[2,[""relation"",""relation""]],0]]],[2,[""entity"",""entity""]]]",0.5242642453526727
1,1,position_e01,"[[[[[2,[""relation"",""relation""]],1],[[2,[""relation"",""relation""]],1],[[2,[""relation"",""relation""]],1],[[2,[""relation"",""relation""]],1]]],[2,[""entity"",""entity""]]]",0.4861615113254327
1,1,position_e01,"[[[[[2,[""relation"",""relation""]],1],[[2,[""relation"",""relation""]],1],[[2,[""relation"",""relation""]],1]]],[2,[""relation"",""relation""]]]",0.7459775922233526
1,1,position_e01,"[[[[[2,[""relation"",""relation""]],1],[[2,[""relation"",""relation""]],1]]],[2,[""relation"",""relation""]]]",0.7676907160766027
1,1,position_e01,"[[[[[2,[""relation"",""relation""]],1]]],[2,[""relation"",""relation""]]]",0.0
1,1,position_e01,"[[[]],[1,[""entity""]]]",0.0
1,1,position_e01,"[[[]],[2,[""entity"",""entity""]]]",0.0
1,1,position_e01,"[[[]],[2,[""relation"",""relation""]]]",0.0
1,1,position_e05,"[[[[[2,[""relation"",""relation""]],0]]],[1,[""entity""]]]",0.0
1,1,position_e05,"[[[[[2,[""relation"",""relation""]],1],[[2,[""relation"",""relation""]],0],[[2,[""relation"",""relation""]],0],[[2,[""relation"",""relation""]],1]]],[2,[""entity"",""entity""]]]",0.0
1,1,position_e05,"[[[[[2,[""relation"",""relation""]],1],[[2,[""relation"",""relation""]],0],[[2,[""relation"",""relation""]],0]]],[2,[""relation"",""relation""]]]",0.0
1,1,position_e05,"[[[[[2,[""relation"",""relation""]],1],[[2,[""relation"",""relation""]],0],[[2,[""relation"",""relation""]],1],[[2,[""relation"",""relation""]],0]]],[2,[""entity"",""entity""]]]",0.0
1,1,position_e05,"[[[[[2,[""relation"",""relation""]],1],[[2,[""relation"",""relation""]],0],[[2,[""relation"",""relation""]],1],[[2,[""relation"",""relation""]],1]]],[2,[""entity"",""entity""]]]",0.0
1,1,position_e05,"[[[[[2,[""relation"",""relation""]],1],[[2,[""relation"",""relation""]],0],[[2,[""relation"",""relation""]],1]]],[2,[""relation"",""relation""]]]",0.0
1,1,position_e05,"[[[[[2,[""relation"",""relation""]],1],[[2,[""relation"",""relation""]],0]]],[2,[""relation"",""relation""]]]",0.0
1,1,position_e05,"[[[[[2,[""relation"",""relation""]],1],[[2,[""relation"",""relation""]],1],[[2,[""relation"",""relation""]],0],[[2,[""relation"",""relation""]],0]]],[2,[""entity"",""entity""]]]",0.6176621531647977
1,1,position_e05,"[[[[[2,[""relation"",""relation""]],1],[[2,[""relation"",""relation""]],1],[[2,[""relation"",""relation""]],0],[[2,[""relation"",""relation""]],1]]],[2,[""entity"",""entity""]]]",0.8258117626053566
1,1,position_e05,"[[[[[2,[""relation"",""relation""]],1],[[2,[""relation"",""relation""]],1],[[2,[""relation"",""relation""]],0]]],[2,[""relation"",""relation""]]]",1.6743064180933551
1,1,position_e05,"[[[[[2,[""relation"",""relation""]],1],[[2,[""relation"",""relation""]],1],[[2,[""relation"",""relation""]],1],[[2,[""relation"",""relation""]],0]]],[2,[""entity"",""entity""]]]",0.9691586218459134
1,1,position_e05,"[[[[[2,[""relation"",""relation""]],1],[[2,[""relation"",""relation""]],1],[[2,[""relation"",""relation""]],1],[[2,[""relation"",""relation""]],1]]],[2,[""entity"",""entity""]]]",0.78872901692095
1,1,position_e05,"[[[[[2,[""relation"",""relation""]],1],[[2,[""relation"",""relation""]],1],[[2,[""relation"",""relation""]],1]]],[2,[""relation"",""relation""]]]",1.555387720561896
1,1,position_e05,"[[[[[2,[""relation"",""relation""]],1],[[2,[""relation"",""relation""]],1]]],[2,[""relation"",""relation""]]]",1.6745979660622
1,1,position_e05,"[[[[[2,[""relation"",""relation""]],1]]],[2,[""relation"",""relation""]]]",0.0
1,1,position_e05,"[[[]],[1,[""entity""]]]",0.0
1,1,position_e05,"[[[]],[2,[""entity"",""entity""]]]",0.0
1,1,position_e05,"[[[]],[2,[""relation"",""relation""]]]",0.0
1,1,global_fixed1,"[[[[[2,[""relation"",""relation""]],0]]],[1,[""entity""]]]",1.0
1,1,global_fixed1,"[[[[[2,[""relation"",""relation""]],1],[[2,[""relation"",""relation""]],0],[[2,[""relation"",""relation""]],0],[[2,[""relation"",""relation""]],1]]],[2,[""entity"",""entity""]]]",1.0
1,1,global_fixed1,"[[[[[2,[""relation"",""relation""]],1],[[2,[""relation"",""relation""]],0],[[2,[""relation"",""relation""]],0]]],[2,[""relation"",""relation""]]]",1.0
1,1,global_fixed1,"[[[[[2,[""relation"",""relation""]],1],[[2,[""relation"",""relation""]],0],[[2,[""relation"",""relation""]],1],[[2,[""relation"",""relation""]],0]]],[2,[""entity"",""entity""]]]",1.0
1,1,global_fixed1,"[[[[[2,[""relation"",""relation""]],1],[[2,[""relation"",""relation""]],0],[[2,[""relation"",""relation""]],1],[[2,[""relation"",""relation""]],1]]],[2,[""entity"",""entity""]]]",1.0
1,1,global_fixed1,"[[[[[2,[""relation"",""relation""]],1],[[2,[""relation"",""relation""]],0],[[2,[""relation"",""relation""]],1]]],[2,[""relation"",""relation""]]]",1.0
1,1,global_fixed1,"[[[[[2,[""relation"",""relation""]],1],[[2,[""relation"",""relation""]],0]]],[2,[""relation"",""relation""]]]",1.0
1,1,global_fixed1,"[[[[[2,[""relation"",""relation""]],1],[[2,[""relation"",""relation""]],1],[[2,[""relation"",""relation""]],0],[[2,[""relation"",""relation""]],0]]],[2,[""entity"",""entity""]]]",1.0
1,1,global_fixed1,"[[[[[2,[""relation"",""relation""]],1],[[2,[""relation"",""relation""]],1],[[2,[""relation"",""relation""]],0],[[2,[""relation"",""relation""]],1]]],[2,[""entity"",""entity""]]]",1.0
1,1,global_fixed1,"[[[[[2,[""relation"",""relation""]],1],[[2,[""relation"",""relation""]],1],[[2,[""relation"",""relation""]],0]]],[2,[""relation"",""relation""]]]",1.0
1,1,global_fixed1,"[[[[[2,[""relation"",""relation""]],1],[[2,[""relation"",""relation""]],1],[[2,[""relation"",""relation""]],1],[[2,[""relation"",""relation""]],0]]],[2,[""entity"",""entity""]]]",1.0
1,1,global_fixed1,"[[[[[2,[""relation"",""relation""]],1],[[2,[""relation"",""relation""]],1],[[2,[""relation"",""relation""]],1],[[2,[""relation"",""relation""]],1]]],[2,[""entity"",""entity""]]]",1.0
1,1,global_fixed1,"[[[[[2,[""relation"",""relation""]],1],[[2,[""relation"",""relation""]],1],[[2,[""relation"",""relation""]],1]]],[2,[""relation"",""relation""]]]",1.0
1,1,global_fixed1,"[[[[[2,[""relation"",""relation""]],1],[[2,[""relation"",""relation""]],1]]],[2,[""relation"",""relation""]]]",1.0
1,1,global_fixed1,"[[[[[2,[""relation"",""relation""]],1]]],[2,[""relation"",""relation""]]]",1.0
1,1,global_fixed1,"[[[]],[1,[""entity""]]]",1.0
1,1,global_fixed1,"[[[]],[2,[""entity"",""entity""]]]",1.0
1,1,global_fixed1,"[[[]],[2,[""relation"",""relation""]]]",1.0
1,1,position_fixed1,"[[[[[2,[""relation"",""relation""]],0]]],[1,[""entity""]]]",1.0
1,1,position_fixed1,"[[[[[2,[""relation"",""relation""]],1],[[2,[""relation"",""relation""]],0],[[2,[""relation"",""relation""]],0],[[2,[""relation"",""relation""]],1]]],[2,[""entity"",""entity""]]]",1.0
1,1,position_fixed1,"[[[[[2,[""relation"",""relation""]],1],[[2,[""relation"",""relation""]],0],[[2,[""relation"",""relation""]],0]]],[2,[""relation"",""relation""]]]",1.0
1,1,position_fixed1,"[[[[[2,[""relation"",""relation""]],1],[[2,[""relation"",""relation""]],0],[[2,[""relation"",""relation""]],1],[[2,[""relation"",""relation""]],0]]],[2,[""entity"",""entity""]]]",1.0
1,1,position_fixed1,"[[[[[2,[""relation"",""relation""]],1],[[2,[""relation"",""relation""]],0],[[2,[""relation"",""relation""]],1],[[2,[""relation"",""relation""]],1]]],[2,[""entity"",""entity""]]]",1.0
1,1,position_fixed1,"[[[[[2,[""relation"",""relation""]],1],[[2,[""relation"",""relation""]],0],[[2,[""relation"",""relation""]],1]]],[2,[""relation"",""relation""]]]",1.0
1,1,position_fixed1,"[[[[[2,[""relation"",""relation""]],1],[[2,[""relation"",""relation""]],0]]],[2,[""relation"",""relation""]]]",1.0
1,1,position_fixed1,"[[[[[2,[""relation"",""relation""]],1],[[2,[""relation"",""relation""]],1],[[2,[""relation"",""relation""]],0],[[2,[""relation"",""relation""]],0]]],[2,[""entity"",""entity""]]]",1.0
1,1,position_fixed1,"[[[[[2,[""relation"",""relation""]],1],[[2,[""relation"",""relation""]],1],[[2,[""relation"",""relation""]],0],[[2,[""relation"",""relation""]],1]]],[2,[""entity"",""entity""]]]",1.0
1,1,position_fixed1,"[[[[[2,[""relation"",""relation""]],1],[[2,[""relation"",""relation""]],1],[[2,[""relation"",""relation""]],0]]],[2,[""relation"",""relation""]]]",1.0
1,1,position_fixed1,"[[[[[2,[""relation"",""relation""]],1],[[2,[""relation"",""relation""]],1],[[2,[""relation"",""relation""]],1],[[2,[""relation"",""relation""]],0]]],[2,[""entity"",""entity""]]]",1.0
1,1,position_fixed1,"[[[[[2,[""relation"",""relation""]],1],[[2,[""relation"",""relation""]],1],[[2,[""relation"",""relation""]],1],[[2,[""relation"",""relation""]],1]]],[2,[""entity"",""entity""]]]",1.0
1,1,position_fixed1,"[[[[[2,[""relation"",""relation""]],1],[[2,[""relation"",""relation""]],1],[[2,[""relation"",""relation""]],1]]],[2,[""relation"",""relation""]]]",1.0
1,1,position_fixed1,"[[[[[2,[""relation"",""relation""]],1],[[2,[""relation"",""relation""]],1]]],[2,[""relation"",""relation""]]]",1.0
1,1,position_fixed1,"[[[[[2,[""relation"",""relation""]],1]]],[2,[""relation"",""relation""]]]",1.0
1,1,position_fixed1,"[[[]],[1,[""entity""]]]",1.0
1,1,position_fixed1,"[[[]],[2,[""entity"",""entity""]]]",1.0
1,1,position_fixed1,"[[[]],[2,[""relation"",""relation""]]]",1.0
1,2,global_e01,"[[[[[2,[""relation"",""relation""]],0]]],[1,[""entity""]]]",0.06774974136997865
1,2,global_e01,"[[[[[2,[""relation"",""relation""]],1],[[2,[""relation"",""relation""]],0],[[2,[""relation"",""relation""]],0],[[2,[""relation"",""relation""]],1]]],[2,[""entity"",""entity""]]]",0.17062019051419075
1,2,global_e01,"[[[[[2,[""relation"",""relation""]],1],[[2,[""relation"",""relation""]],0],[[2,[""relation"",""relation""]],0]]],[2,[""relation"",""relation""]]]",0.7855293575771042
1,2,global_e01,"[[[[[2,[""relation"",""relation""]],1],[[2,[""relation"",""relation""]],0],[[2,[""relation"",""relation""]],1],[[2,[""relation"",""relation""]],0]]],[2,[""entity"",""entity""]]]",0.22937806888911116
1,2,global_e01,"[[[[[2,[""relation"",""relation""]],1],[[2,[""relation"",""relation""]],0],[[2,[""relation"",""relation""]],1],[[2,[""relation"",""relation""]],1]]],[2,[""entity"",""entity""]]]",0.012703725305122676
1,2,global_e01,"[[[[[2,[""relation"",""relation""]],1],[[2,[""relation"",""relation""]],0],[[2,[""relation"",""relation""]],1]]],[2,[""relation"",""relation""]]]",0.3182666971624304
1,2,global_e01,"[[[[[2,[""relation"",""relation""]],1],[[2,[""relation"",""relation""]],0]]],[2,[""relation"",""relation""]]]",0.36709618153472356
1,2,global_e01,"[[[[[2,[""relation"",""relation""]],1],[[2,[""relation"",""relation""]],1],[[2,[""relation"",""relation""]],0],[[2,[""relation"",""relation""]],0]]],[2,[""entity"",""entity""]]]",0.2428371171150415
1,2,global_e01,"[[[[[2,[""relation"",""relation""]],1],[[2,[""relation"",""relation""]],1],[[2,[""relation"",""relation""]],0],[[2,[""relation"",""relation""]],1]]],[2,[""entity"",""entity""]]]",0.2870365845673194
1,2,global_e01,"[[[[[2,[""relation"",""relation""]],1],[[2,[""relation"",""relation""]],1],[[2,[""relation"",""relation""]],0]]],[2,[""relation"",""relation""]]]",0.28448402573853515
1,2,global_e01,"[[[[[2,[""relation"",""relation""]],1],[[2,[""relation"",""relation""]],1],[[2,[""relation"",""relation""]],1],[[2,[""relation"",""relation""]],0]]],[2,[""entity"",""entity""]]]",0.2748520323960617
1,2,global_e01,"[[[[[2,[""relation"",""relation""]],1],[[2,[""relation"",""relation""]],1],[[2,[""relation"",""relation""]],1],[[2,[""relation"",""relation""]],1]]],[2,[""entity"",""entity""]]]",0.17788782481312465
1,2,global_e01,"[[[[[2,[""relation"",""relation""]],1],[[2,[""relation"",""relation""]],1],[[2,[""relation"",""relation""]],1]]],[2,[""relation"",""relation""]]]",0.3011899915643125
1,2,global_e01,"[[[[[2,[""relation"",""relation""]],1],[[2,[""relation"",""relation""]],1]]],[2,[""relation"",""relation""]]]",0.30506240404352236
1,2,global_e01,"[[[[[2,[""relation"",""relation""]],1]]],[2,[""relation"",""relation""]]]",0.36709618153472356
1,2,global_e01,"[[[]],[1,[""entity""]]]",0.0
1,2,global_e01,"[[[]],[2,[""entity"",""entity""]]]",0.0
1,2,global_e01,"[[[]],[2,[""relation"",""relation""]]]",0.22577392171281965
1,2,global_e05,"[[[[[2,[""relation"",""relation""]],0]]],[1,[""entity""]]]",0.09733981867594628
1,2,global_e05,"[[[[[2,[""relation"",""relation""]],1],[[2,[""relation"",""relation""]],0],[[2,[""relation"",""relation""]],0],[[2,[""relation"",""relation""]],1]]],[2,[""entity"",""entity""]]]",0.2604714489707177
1,2,global_e05,"[[[[[2,[""relation"",""relation""]],1],[[2,[""relation"",""relation""]],0],[[2,[""relation"",""relation""]],0]]],[2,[""relation"",""relation""]]]",1.6929028932264911
1,2,global_e05,"[[[[[2,[""relation"",""relation""]],1],[[2,[""relation"",""relation""]],0],[[2,[""relation"",""relation""]],1],[[2,[""relation"",""relation""]],0]]],[2,[""entity"",""entity""]]]",0.3637133952924954
1,2,global_e05,"[[[[[2,[""relation"",""relation""]],1],[[2,[""relation"",""relation""]],0],[[2,[""relation"",""relation""]],1],[[2,[""relation"",""relation""]],1]]],[2,[""entity"",""entity""]]]",0.009212678106099735
1,2,global_e05,"[[[[[2,[""relation"",""relation""]],1],[[2,[""relation"",""relation""]],0],[[2,[""relation"",""relation""]],1]]],[2,[""relation"",""relation""]]]",0.4591348295034979
1,2,global_e05,"[[[[[2,[""relation"",""relation""]],1],[[2,[""relation"",""relation""]],0]]],[2,[""relation"",""relation""]]]",0.5236223238097683
1,2,global_e05,"[[[[[2,[""relation"",""relation""]],1],[[2,[""relation"",""relation""]],1],[[2,[""relation"",""relation""]],0],[[2,[""relation"",""relation""]],0]]],[2,[""entity"",""entity""]]]",0.7465081797924239
1,2,global_e05,"[[[[[2,[""relation"",""relation""]],1],[[2,[""relation"",""relation""]],1],[[2,[""relation"",""relation""]],0],[[2,[""relation"",""relation""]],1]]],[2,[""entity"",""entity""]]]",0.7823263919313194
1,2,global_e05,"[[[[[2,[""relation"",""relation""]],1],[[2,[""relation"",""relation""]],1],[[2,[""relation"",""relation""]],0]]],[2,[""relation"",""relation""]]]",0.7106378818400703
1,2,global_e05,"[[[[[2,[""relation"",""relation""]],1],[[2,[""relation"",""relation""]],1],[[2,[""relation"",""relation""]],1],[[2,[""relation"",""relation""]],0]]],[2,[""entity"",""entity""]]]",0.8060388103205361
1,2,global_e05,"[[[[[2,[""relation"",""relation""]],1],[[2,[""relation"",""relation""]],1],[[2,[""relation"",""relation""]],1],[[2,[""relation"",""relation""]],1]]],[2,[""entity"",""entity""]]]",0.4819434349844771
1,2,global_e05,"[[[[[2,[""relation"",""relation""]],1],[[2,[""relation"",""relation""]],1],[[2,[""relation"",""relation""]],1]]],[2,[""relation"",""relation""]]]",0.715445728872494
1,2,global_e05,"[[[[[2,[""relation"",""relation""]],1],[[2,[""relation"",""relation""]],1]]],[2,[""relation"",""relation""]]]",0.7161062511747718
1,2,global_e05,"[[[[[2,[""relation"",""relation""]],1]]],[2,[""relation"",""relation""]]]",0.5236223238097683
1,2,global_e05,"[[[]],[1,[""entity""]]]",0.0
1,2,global_e05,"[[[]],[2,[""entity"",""entity""]]]",0.0
1,2,global_e05,"[[[]],[2,[""relation"",""relation""]]]",0.10956868552629076
1,2,position_e01,"[[[[[2,[""relation"",""relation""]],0]]],[1,[""entity""]]]",0.07561563973777174
1,2,position_e01,"[[[[[2,[""relation"",""relation""]],1],[[2,[""relation"",""relation""]],0],[[2,[""relation"",""relation""]],0],[[2,[""relation"",""relation""]],1]]],[2,[""entity"",""entity""]]]",0.0
1,2,position_e01,"[[[[[2,[""relation"",""relation""]],1],[[2,[""relation"",""relation""]],0],[[2,[""relation"",""relation""]],0]]],[2,[""relation"",""relation""]]]",0.0
1,2,position_e01,"[[[[[2,[""relation"",""relation""]],1],[[2,[""relation"",""relation""]],0],[[2,[""relation"",""relation""]],1],[[2,[""relation"",""relation""]],0]]],[2,[""entity"",""entity""]]]",0.0
1,2,position_e01,"[[[[[2,[""relation"",""relation""]],1],[[2,[""relation"",""relation""]],0],[[2,[""relation"",""relation""]],1],[[2,[""relation"",""relation""]],1]]],[2,[""entity"",""entity""]]]",0.0
1,2,position_e01,"[[[[[2,[""relation"",""relation""]],1],[[2,[""relation"",""relation""]],0],[[2,[""relation"",""relation""]],1]]],[2,[""relation"",""relation""]]]",0.0
1,2,position_e01,"[[[[[2,[""relation"",""relation""]],1],[[2,[""relation"",""relation""]],0]]],[2,[""relation"",""relation""]]]",0.0
1,2,position_e01,"[[[[[2,[""relation"",""relation""]],1],[[2,[""relation"",""relation""]],1],[[2,[""relation"",""relation""]],0],[[2,[""relation"",""relation""]],0]]],[2,[""entity"",""entity""]]]",0.4585296092606608
1,2,position_e01,"[[[[[2,[""relation"",""relation""]],1],[[2,[""relation"",""relation""]],1],[[2,[""relation"",""relation""]],0],[[2,[""relation"",""relation""]],1]]],[2,[""entity"",""entity""]]]",0.5117552816141064
1,2,position_e01,"[[[[[2,[""relation"",""relation""]],1],[[2,[""relation"",""relation""]],1],[[2,[""relation"",""relation""]],0]]],[2,[""relation"",""relation""]]]",0.6324813280195445
1,2,position_e01,"[[[[[2,[""relation"",""relation""]],1],[[2,[""relation"",""relation""]],1],[[2,[""relation"",""relation""]],1],[[2,[""relation"",""relation""]],0]]],[2,[""entity"",""entity""]]]",0.4708098621579423
1,2,position_e01,"[[[[[2,[""relation"",""relation""]],1],[[2,[""relation"",""relation""]],1],[[2,[""relation"",""relation""]],1],[[2,[""relation"",""relation""]],1]]],[2,[""entity"",""entity""]]]",0.488301950403222
1,2,position_e01,"[[[[[2,[""relation"",""relation""]],1],[[2,[""relation"",""relation""]],1],[[2,[""relation"",""relation""]],1]]],[2,[""relation"",""relation""]]]",0.6365736872620642
1,2,position_e01,"[[[[[2,[""relation"",""relation""]],1],[[2,[""relation"",""relation""]],1]]],[2,[""relation"",""relation""]]]",0.6548788428553368
1,2,position_e01,"[[[[[2,[""relation"",""relation""]],1]]],[2,[""relation"",""relation""]]]",0.0
1,2,position_e01,"[[[]],[1,[""entity""]]]",0.0
1,2,position_e01,"[[[]],[2,[""entity"",""entity""]]]",0.0
1,2,position_e01,"[[[]],[2,[""relation"",""relation""]]]",0.0
1,2,position_e05,"[[[[[2,[""relation"",""relation""]],0]]],[1,[""entity""]]]",0.39985648045971645
1,2,position_e05,"[[[[[2,[""relation"",""relation""]],1],[[2,[""relation"",""relation""]],0],[[2,[""relation"",""relation""]],0],[[2,[""relation"",""relation""]],1]]],[2,[""entity"",""entity""]]]",0.0
1,2,position_e05,"[[[[[2,[""relation"",""relation""]],1],[[2,[""relation"",""relation""]],0],[[2,[""relation"",""relation""]],0]]],[2,[""relation"",""relation""]]]",0.0
1,2,position_e05,"[[[[[2,[""relation"",""relation""]],1],[[2,[""relation"",""relation""]],0],[[2,[""relation"",""relation""]],1],[[2,[""relation"",""relation""]],0]]],[2,[""entity"",""entity""]]]",0.0
1,2,position_e05,"[[[[[2,[""relation"",""relation""]],1],[[2,[""relation"",""relation""]],0],[[2,[""relation"",""relation""]],1],[[2,[""relation"",""relation""]],1]]],[2,[""entity"",""entity""]]]",0.0
1,2,position_e05,"[[[[[2,[""relation"",""relation""]],1],[[2,[""relation"",""relation""]],0],[[2,[""relation"",""relation""]],1]]],[2,[""relation"",""relation""]]]",0.0
1,2,position_e05,"[[[[[2,[""relation"",""relation""]],1],[[2,[""relation"",""relation""]],0]]],[2,[""relation"",""relation""]]]",0.0
1,2,position_e05,"[[[[[2,[""relation"",""relation""]],1],[[2,[""relation"",""relation""]],1],[[2,[""relation"",""relation""]],0],[[2,[""relation"",""relation""]],0]]],[2,[""entity"",""entity""]]]",0.7105168169193057
1,2,position_e05,"[[[[[2,[""relation"",""relation""]],1],[[2,[""relation"",""relation""]],1],[[2,[""relation"",""relation""]],0],[[2,[""relation"",""relation""]],1]]],[2,[""entity"",""entity""]]]",0.9105413182680361
1,2,position_e05,"[[[[[2,[""relation"",""relation""]],1],[[2,[""relation"",""relation""]],1],[[2,[""relation"",""relation""]],0]]],[2,[""relation"",""relation""]]]",1.2966578022957223
1,2,position_e05,"[[[[[2,[""relation"",""relation""]],1],[[2,[""relation"",""relation""]],1],[[2,[""relation"",""relation""]],1],[[2,[""relation"",""relation""]],0]]],[2,[""entity"",""entity""]]]",0.7966406517313919
1,2,position_e05,"[[[[[2,[""relation"",""relation""]],1],[[2,[""relation"",""relation""]],1],[[2,[""relation"",""relation""]],1],[[2,[""relation"",""relation""]],1]]],[2,[""entity"",""entity""]]]",0.7815781422339272
1,2,position_e05,"[[[[[2,[""relation"",""relation""]],1],[[2,[""relation"",""relation""]],1],[[2,[""relation"",""relation""]],1]]],[2,[""relation"",""relation""]]]",1.3090036851507507
1,2,position_e05,"[[[[[2,[""relation"",""relation""]],1],[[2,[""relation"",""relation""]],1]]],[2,[""relation"",""relation""]]]",1.3579336808906446
1,2,position_e05,"[[[[[2,[""relation"",""relation""]],1]]],[2,[""relation"",""relation""]]]",0.0
1,2,position_e05,"[[[]],[1,[""entity""]]]",0.0
1,2,position_e05,"[[[]],[2,[""entity"",""entity""]]]",0.0
1,2,position_e05,"[[[]],[2,[""relation"",""relation""]]]",0.0
1,2,global_fixed1,"[[[[[2,[""relation"",""relation""]],0]]],[1,[""entity""]]]",1.0
1,2,global_fixed1,"[[[[[2,[""relation"",""relation""]],1],[[2,[""relation"",""relation""]],0],[[2,[""relation"",""relation""]],0],[[2,[""relation"",""relation""]],1]]],[2,[""entity"",""entity""]]]",1.0
1,2,global_fixed1,"[[[[[2,[""relation"",""relation""]],1],[[2,[""relation"",""relation""]],0],[[2,[""relation"",""relation""]],0]]],[2,[""relation"",""relation""]]]",1.0
1,2,global_fixed1,"[[[[[2,[""relation"",""relation""]],1],[[2,[""relation"",""relation""]],0],[[2,[""relation"",""relation""]],1],[[2,[""relation"",""relation""]],0]]],[2,[""entity"",""entity""]]]",1.0
1,2,global_fixed1,"[[[[[2,[""relation"",""relation""]],1],[[2,[""relation"",""relation""]],0],[[2,[""relation"",""relation""]],1],[[2,[""relation"",""relation""]],1]]],[2,[""entity"",""entity""]]]",1.0
1,2,global_fixed1,"[[[[[2,[""relation"",""relation""]],1],[[2,[""relation"",""relation""]],0],[[2,[""relation"",""relation""]],1]]],[2,[""relation"",""relation""]]]",1.0
1,2,global_fixed1,"[[[[[2,[""relation"",""relation""]],1],[[2,[""relation"",""relation""]],0]]],[2,[""relation"",""relation""]]]",1.0
1,2,global_fixed1,"[[[[[2,[""relation"",""relation""]],1],[[2,[""relation"",""relation""]],1],[[2,[""relation"",""relation""]],0],[[2,[""relation"",""relation""]],0]]],[2,[""entity"",""entity""]]]",1.0
1,2,global_fixed1,"[[[[[2,[""relation"",""relation""]],1],[[2,[""relation"",""relation""]],1],[[2,[""relation"",""relation""]],0],[[2,[""relation"",""relation""]],1]]],[2,[""entity"",""entity""]]]",1.0
1,2,global_fixed1,"[[[[[2,[""relation"",""relation""]],1],[[2,[""relation"",""relation""]],1],[[2,[""relation"",""relation""]],0]]],[2,[""relation"",""relation""]]]",1.0
1,2,global_fixed1,"[[[[[2,[""relation"",""relation""]],1],[[2,[""relation"",""relation""]],1],[[2,[""relation"",""relation""]],1],[[2,[""relation"",""relation""]],0]]],[2,[""entity"",""entity""]]]",1.0
1,2,global_fixed1,"[[[[[2,[""relation"",""relation""]],1],[[2,[""relation"",""relation""]],1],[[2,[""relation"",""relation""]],1],[[2,[""relation"",""relation""]],1]]],[2,[""entity"",""entity""]]]",1.0
1,2,global_fixed1,"[[[[[2,[""relation"",""relation""]],1],[[2,[""relation"",""relation""]],1],[[2,[""relation"",""relation""]],1]]],[2,[""relation"",""relation""]]]",1.0
1,2,global_fixed1,"[[[[[2,[""relation"",""relation""]],1],[[2,[""relation"",""relation""]],1]]],[2,[""relation"",""relation""]]]",1.0
1,2,global_fixed1,"[[[[[2,[""relation"",""relation""]],1]]],[2,[""relation"",""relation""]]]",1.0
1,2,global_fixed1,"[[[]],[1,[""entity""]]]",1.0
1,2,global_fixed1,"[[[]],[2,[""entity"",""entity""]]]",1.0
1,2,global_fixed1,"[[[]],[2,[""relation"",""relation""]]]",1.0
1,2,position_fixed1,"[[[[[2,[""relation"",""relation""]],0]]],[1,[""entity""]]]",1.0
1,2,position_fixed1,"[[[[[2,[""relation"",""relation""]],1],[[2,[""relation"",""relation""]],0],[[2,[""relation"",""relation""]],0],[[2,[""relation"",""relation""]],1]]],[2,[""entity"",""entity""]]]",1.0
1,2,position_fixed1,"[[[[[2,[""relation"",""relation""]],1],[[2,[""relation"",""relation""]],0],[[2,[""relation"",""relation""]],0]]],[2,[""relation"",""relation""]]]",1.0
1,2,position_fixed1,"[[[[[2,[""relation"",""relation""]],1],[[2,[""relation"",""relation""]],0],[[2,[""relation"",""relation""]],1],[[2,[""relation"",""relation""]],0]]],[2,[""entity"",""entity""]]]",1.0
1,2,position_fixed1,"[[[[[2,[""relation"",""relation""]],1],[[2,[""relation"",""relation""]],0],[[2,[""relation"",""relation""]],1],[[2,[""relation"",""relation""]],1]]],[2,[""entity"",""entity""]]]",1.0
1,2,position_fixed1,"[[[[[2,[""relation"",""relation""]],1],[[2,[""relation"",""relation""]],0],[[2,[""relation"",""relation""]],1]]],[2,[""relation"",""relation""]]]",1.0
1,2,position_fixed1,"[[[[[2,[""relation"",""relation""]],1],[[2,[""relation"",""relation""]],0]]],[2,[""relation"",""relation""]]]",1.0
1,2,position_fixed1,"[[[[[2,[""relation"",""relation""]],1],[[2,[""relation"",""relation""]],1],[[2,[""relation"",""relation""]],0],[[2,[""relation"",""relation""]],0]]],[2,[""entity"",""entity""]]]",1.0
1,2,position_fixed1,"[[[[[2,[""relation"",""relation""]],1],[[2,[""relation"",""relation""]],1],[[2,[""relation"",""relation""]],0],[[2,[""relation"",""relation""]],1]]],[2,[""entity"",""entity""]]]",1.0
1,2,position_fixed1,"[[[[[2,[""relation"",""relation""]],1],[[2,[""relation"",""relation""]],1],[[2,[""relation"",""relation""]],0]]],[2,[""relation"",""relation""]]]",1.0
1,2,position_fixed1,"[[[[[2,[""relation"",""relation""]],1],[[2,[""relation"",""relation""]],1],[[2,[""relation"",""relation""]],1],[[2,[""relation"",""relation""]],0]]],[2,[""entity"",""entity""]]]",1.0
1,2,position_fixed1,"[[[[[2,[""relation"",""relation""]],1],[[2,[""relation"",""relation""]],1],[[2,[""relation"",""relation""]],1],[[2,[""relation"",""relation""]],1]]],[2,[""entity"",""entity""]]]",1.0
1,2,position_fixed1,"[[[[[2,[""relation"",""relation""]],1],[[2,[""relation"",""relation""]],1],[[2,[""relation"",""relation""]],1]]],[2,[""relation"",""relation""]]]",1.0
1,2,position_fixed1,"[[[[[2,[""relation"",""relation""]],1],[[2,[""relation"",""relation""]],1]]],[2,[""relation"",""relation""]]]",1.0
1,2,position_fixed1,"[[[[[2,[""relation"",""relation""]],1]]],[2,[""relation"",""relation""]]]",1.0
1,2,position_fixed1,"[[[]],[1,[""entity""]]]",1.0
1,2,position_fixed1,"[[[]],[2,[""entity"",""entity""]]]",1.0
1,2,position_fixed1,"[[[]],[2,[""relation"",""relation""]]]",1.0
1,3,global_e01,"[[[[[2,[""relation"",""relation""]],0]]],[1,[""entity""]]]",0.13266000577342604
1,3,global_e01,"[[[[[2,[""relation"",""relation""]],1],[[2,[""relation"",""relation""]],0],[[2,[""relation"",""relation""]],0],[[2,[""relation"",""relation""]],1]]],[2,[""entity"",""entity""]]]",0.021389699406913487
1,3,global_e01,"[[[[[2,[""relation"",""relation""]],1],[[2,[""relation"",""relation""]],0],[[2,[""relation"",""relation""]],0]]],[2,[""relation"",""relation""]]]",0.5079736130554092
1,3,global_e01,"[[[[[2,[""relation"",""relation""]],1],[[2,[""relation"",""relation""]],0],[[2,[""relation"",""relation""]],1],[[2,[""relation"",""relation""]],0]]],[2,[""entity"",""entity""]]]",0.06903255715219238
1,3,global_e01,"[[[[[2,[""relation"",""relation""]],1],[[2,[""relation"",""relation""]],0],[[2,[""relation"",""relation""]],1],[[2,[""relation"",""relation""]],1]]],[2,[""entity"",""entity""]]]",0.024789493069338565
1,3,global_e01,"[[[[[2,[""relation"",""relation""]],1],[[2,[""relation"",""relation""]],0],[[2,[""relation"",""relation""]],1]]],[2,[""relation"",""relation""]]]",0.30682086251103413
1,3,global_e01,"[[[[[2,[""relation"",""relation""]],1],[[2,[""relation"",""relation""]],0]]],[2,[""relation"",""relation""]]]",0.3376675608226636
1,3,global_e01,"[[[[[2,[""relation"",""relation""]],1],[[2,[""relation"",""relation""]],1],[[2,[""relation"",""relation""]],0],[[2,[""relation"",""relation""]],0]]],[2,[""entity"",""entity""]]]",0.21075673978603413
1,3,global_e01,"[[[[[2,[""relation"",""relation""]],1],[[2,[""relation"",""relation""]],1],[[2,[""relation"",""relation""]],0],[[2,[""relation"",""relation""]],1]]],[2,[""entity"",""entity""]]]",0.13255752832615791
1,3,global_e01,"[[[[[2,[""relation"",""relation""]],1],[[2,[""relation"",""relation""]],1],[[2,[""relation"",""relation""]],0]]],[2,[""relation"",""relation""]]]",0.27391819668301215
1,3,global_e01,"[[[[[2,[""relation"",""relation""]],1],[[2,[""relation"",""relation""]],1],[[2,[""relation"",""relation""]],1],[[2,[""relation"",""relation""]],0]]],[2,[""entity"",""entity""]]]",0.15378723080245013
1,3,global_e01,"[[[[[2,[""relation"",""relation""]],1],[[2,[""relation"",""relation""]],1],[[2,[""relation"",""relation""]],1],[[2,[""relation"",""relation""]],1]]],[2,[""entity"",""entity""]]]",0.1246785351784662
1,3,global_e01,"[[[[[2,[""relation"",""relation""]],1],[[2,[""relation"",""relation""]],1],[[2,[""relation"",""relation""]],1]]],[2,[""relation"",""relation""]]]",0.27601677984416356
1,3,global_e01,"[[[[[2,[""relation"",""relation""]],1],[[2,[""relation"",""relation""]],1]]],[2,[""relation"",""relation""]]]",0.2807947109148842
1,3,global_e01,"[[[[[2,[""relation"",""relation""]],1]]],[2,[""relation"",""relation""]]]",0.3376675608226636
1,3,global_e01,"[[[]],[1,[""entity""]]]",0.0
1,3,global_e01,"[[[]],[2,[""entity"",""entity""]]]",0.0
1,3,global_e01,"[[[]],[2,[""relation"",""relation""]]]",0.33206115531603253
1,3,global_e05,"[[[[[2,[""relation"",""relation""]],0]]],[1,[""entity""]]]",0.6731991590165141
1,3,global_e05,"[[[[[2,[""relation"",""relation""]],1],[[2,[""relation"",""relation""]],0],[[2,[""relation"",""relation""]],0],[[2,[""relation"",""relation""]],1]]],[2,[""entity"",""entity""]]]",0.06868601709634536
1,3,global_e05,"[[[[[2,[""relation"",""relation""]],1],[[2,[""relation"",""relation""]],0],[[2,[""relation"",""relation""]],0]]],[2,[""relation"",""relation""]]]",1.0988269390667857
1,3,global_e05,"[[[[[2,[""relation"",""relation""]],1],[[2,[""relation"",""relation""]],0],[[2,[""relation"",""relation""]],1],[[2,[""relation"",""relation""]],0]]],[2,[""entity"",""entity""]]]",0.23967472986197164
1,3,global_e05,"[[[[[2,[""relation"",""relation""]],1],[[2,[""relation"",""relation""]],0],[[2,[""relation"",""relation""]],1],[[2,[""relation"",""relation""]],1]]],[2,[""entity"",""entity""]]]",0.010294932767035025
1,3,global_e05,"[[[[[2,[""relation"",""relation""]],1],[[2,[""relation"",""relation""]],0],[[2,[""relation"",""relation""]],1]]],[2,[""relation"",""relation""]]]",0.40776410232324367
1,3,global_e05,"[[[[[2,[""relation"",""relation""]],1],[[2,[""relation"",""relation""]],0]]],[2,[""relation"",""relation""]]]",0.46295847015748737
1,3,global_e05,"[[[[[2,[""relation"",""relation""]],1],[[2,[""relation"",""relation""]],1],[[2,[""relation"",""relation""]],0],[[2,[""relation"",""relation""]],0]]],[2,[""entity"",""entity""]]]",0.7174562422271682
1,3,global_e05,"[[[[[2,[""relation"",""relation""]],1],[[2,[""relation"",""relation""]],1],[[2,[""relation"",""relation""]],0],[[2,[""relation"",""relation""]],1]]],[2,[""entity"",""entity""]]]",0.6393363503418543
1,3,global_e05,"[[[[[2,[""relation"",""relation""]],1],[[2,[""relation"",""relation""]],1],[[2,[""relation"",""relation""]],0]]],[2,[""relation"",""relation""]]]",0.6457964879141727
1,3,global_e05,"[[[[[2,[""relation"",""relation""]],1],[[2,[""relation"",""relation""]],1],[[2,[""relation"",""relation""]],1],[[2,[""relation"",""relation""]],0]]],[2,[""entity"",""entity""]]]",0.7188064156242358
1,3,global_e05,"[[[[[2,[""relation"",""relation""]],1],[[2,[""relation"",""relation""]],1],[[2,[""relation"",""relation""]],1],[[2,[""relation"",""relation""]],1]]],[2,[""entity"",""entity""]]]",0.7123664327690596
1,3,global_e05,"[[[[[2,[""relation"",""relation""]],1],[[2,[""relation"",""relation""]],1],[[2,[""relation"",""relation""]],1]]],[2,[""relation"",""relation""]]]",0.6494861977354589
1,3,global_e05,"[[[[[2,[""relation"",""relation""]],1],[[2,[""relation"",""relation""]],1]]],[2,[""relation"",""relation""]]]",0.6497253900946802
1,3,global_e05,"[[[[[2,[""relation"",""relation""]],1]]],[2,[""relation"",""relation""]]]",0.46295847015748737
1,3,global_e05,"[[[]],[1,[""entity""]]]",0.0
1,3,global_e05,"[[[]],[2,[""entity"",""entity""]]]",0.0
1,3,global_e05,"[[[]],[2,[""relation"",""relation""]]]",0.4578567928832433
1,3,position_e01,"[[[[[2,[""relation"",""relation""]],0]]],[1,[""entity""]]]",0.2023751628924612
1,3,position_e01,"[[[[[2,[""relation"",""relation""]],1],[[2,[""relation"",""relation""]],0],[[2,[""relation"",""relation""]],0],[[2,[""relation"",""relation""]],1]]],[2,[""entity"",""entity""]]]",0.0
1,3,position_e01,"[[[[[2,[""relation"",""relation""]],1],[[2,[""relation"",""relation""]],0],[[2,[""relation"",""relation""]],0]]],[2,[""relation"",""relation""]]]",0.0
1,3,position_e01,"[[[[[2,[""relation"",""relation""]],1],[[2,[""relation"",""relation""]],0],[[2,[""relation"",""relation""]],1],[[2,[""relation"",""relation""]],0]]],[2,[""entity"",""entity""]]]",0.0
1,3,position_e01,"[[[[[2,[""relation"",""relation""]],1],[[2,[""relation"",""relation""]],0],[[2,[""relation"",""relation""]],1],[[2,[""relation"",""relation""]],1]]],[2,[""entity"",""entity""]]]",0.0
1,3,position_e01,"[[[[[2,[""relation"",""relation""]],1],[[2,[""relation"",""relation""]],0],[[2,[""relation"",""relation""]],1]]],[2,[""relation"",""relation""]]]",0.0
1,3,position_e01,"[[[[[2,[""relation"",""relation""]],1],[[2,[""relation"",""relation""]],0]]],[2,[""relation"",""relation""]]]",0.0
1,3,position_e01,"[[[[[2,[""relation"",""relation""]],1],[[2,[""relation"",""relation""]],1],[[2,[""relation"",""relation""]],0],[[2,[""relation"",""relation""]],0]]],[2,[""entity"",""entity""]]]",0.5420202854112243
1,3,position_e01,"[[[[[2,[""relation"",""relation""]],1],[[2,[""relation"",""relation""]],1],[[2,[""relation"",""relation""]],0],[[2,[""relation"",""relation""]],1]]],[2,[""entity"",""entity""]]]",0.4908957314669331
1,3,position_e01,"[[[[[2,[""relation"",""relation""]],1],[[2,[""relation"",""relation""]],1],[[2,[""relation"",""relation""]],0]]],[2,[""relation"",""relation""]]]",0.7614816271309321
1,3,position_e01,"[[[[[2,[""relation"",""relation""]],1],[[2,[""relation"",""relation""]],1],[[2,[""relation"",""relation""]],1],[[2,[""relation"",""relation""]],0]]],[2,[""entity"",""entity""]]]",0.49379168683228775
1,3,position_e01,"[[[[[2,[""relation"",""relation""]],1],[[2,[""relation"",""relation""]],1],[[2,[""relation"",""relation""]],1],[[2,[""relation"",""relation""]],1]]],[2,[""entity"",""entity""]]]",0.4723851863832859
1,3,position_e01,"[[[[[2,[""relation"",""relation""]],1],[[2,[""relation"",""relation""]],1],[[2,[""relation"",""relation""]],1]]],[2,[""relation"",""relation""]]]",0.7480033528378675
1,3,position_e01,"[[[[[2,[""relation"",""relation""]],1],[[2,[""relation"",""relation""]],1]]],[2,[""relation"",""relation""]]]",0.7629366051211939
1,3,position_e01,"[[[[[2,[""relation"",""relation""]],1]]],[2,[""relation"",""relation""]]]",0.0
1,3,position_e01,"[[[]],[1,[""entity""]]]",0.0
1,3,position_e01,"[[[]],[2,[""entity"",""entity""]]]",0.0
1,3,position_e01,"[[[]],[2,[""relation"",""relation""]]]",0.0
1,3,position_e05,"[[[[[2,[""relation"",""relation""]],0]]],[1,[""entity""]]]",0.8388706249571513
1,3,position_e05,"[[[[[2,[""relation"",""relation""]],1],[[2,[""relation"",""relation""]],0],[[2,[""relation"",""relation""]],0],[[2,[""relation"",""relation""]],1]]],[2,[""entity"",""entity""]]]",0.0
1,3,position_e05,"[[[[[2,[""relation"",""relation""]],1],[[2,[""relation"",""relation""]],0],[[2,[""relation"",""relation""]],0]]],[2,[""relation"",""relation""]]]",0.0
1,3,position_e05,"[[[[[2,[""relation"",""relation""]],1],[[2,[""relation"",""relation""]],0],[[2,[""relation"",""relation""]],1],[[2,[""relation"",""relation""]],0]]],[2,[""entity"",""entity""]]]",0.0
1,3,position_e05,"[[[[[2,[""relation"",""relation""]],1],[[2,[""relation"",""relation""]],0],[[2,[""relation"",""relation""]],1],[[2,[""relation"",""relation""]],1]]],[2,[""entity"",""entity""]]]",0.0
1,3,position_e05,"[[[[[2,[""relation"",""relation""]],1],[[2,[""relation"",""relation""]],0],[[2,[""relation"",""relation""]],1]]],[2,[""relation"",""relation""]]]",0.0
1,3,position_e05,"[[[[[2,[""relation"",""relation""]],1],[[2,[""relation"",""relation""]],0]]],[2,[""relation"",""relation""]]]",0.0
1,3,position_e05,"[[[[[2,[""relation"",""relation""]],1],[[2,[""relation"",""relation""]],1],[[2,[""relation"",""relation""]],0],[[2,[""relation"",""relation""]],0]]],[2,[""entity"",""entity""]]]",0.7722354227848814
1,3,position_e05,"[[[[[2,[""relation"",""relation""]],1],[[2,[""relation"",""relation""]],1],[[2,[""relation"",""relation""]],0],[[2,[""relation"",""relation""]],1]]],[2,[""entity"",""entity""]]]",0.6805874772496656
1,3,position_e05,"[[[[[2,[""relation"",""relation""]],1],[[2,[""relation"",""relation""]],1],[[2,[""relation"",""relation""]],0]]],[2,[""relation"",""relation""]]]",1.4407431948831115
1,3,position_e05,"[[[[[2,[""relation"",""relation""]],1],[[2,[""relation"",""relation""]],1],[[2,[""relation"",""relation""]],1],[[2,[""relation"",""relation""]],0]]],[2,[""entity"",""entity""]]]",0.6155757704149807
1,3,position_e05,"[[[[[2,[""relation"",""relation""]],1],[[2,[""relation"",""relation""]],1],[[2,[""relation"",""relation""]],1],[[2,[""relation"",""relation""]],1]]],[2,[""entity"",""entity""]]]",0.5428679289367246
1,3,position_e05,"[[[[[2,[""relation"",""relation""]],1],[[2,[""relation"",""relation""]],1],[[2,[""relation"",""relation""]],1]]],[2,[""relation"",""relation""]]]",1.4033463436712414
1,3,position_e05,"[[[[[2,[""relation"",""relation""]],1],[[2,[""relation"",""relation""]],1]]],[2,[""relation"",""relation""]]]",1.4465678566073652
1,3,position_e05,"[[[[[2,[""relation"",""relation""]],1]]],[2,[""relation"",""relation""]]]",0.0
1,3,position_e05,"[[[]],[1,[""entity""]]]",0.0
1,3,position_e05,"[[[]],[2,[""entity"",""entity""]]]",0.0
1,3,position_e05,"[[[]],[2,[""relation"",""relation""]]]",0.0
1,3,global_fixed1,"[[[[[2,[""relation"",""relation""]],0]]],[1,[""entity""]]]",1.0
1,3,global_fixed1,"[[[[[2,[""relation"",""relation""]],1],[[2,[""relation"",""relation""]],0],[[2,[""relation"",""relation""]],0],[[2,[""relation"",""relation""]],1]]],[2,[""entity"",""entity""]]]",1.0
1,3,global_fixed1,"[[[[[2,[""relation"",""relation""]],1],[[2,[""relation"",""relation""]],0],[[2,[""relation"",""relation""]],0]]],[2,[""relation"",""relation""]]]",1.0
1,3,global_fixed1,"[[[[[2,[""relation"",""relation""]],1],[[2,[""relation"",""relation""]],0],[[2,[""relation"",""relation""]],1],[[2,[""relation"",""relation""]],0]]],[2,[""entity"",""entity""]]]",1.0
1,3,global_fixed1,"[[[[[2,[""relation"",""relation""]],1],[[2,[""relation"",""relation""]],0],[[2,[""relation"",""relation""]],1],[[2,[""relation"",""relation""]],1]]],[2,[""entity"",""entity""]]]",1.0
1,3,global_fixed1,"[[[[[2,[""relation"",""relation""]],1],[[2,[""relation"",""relation""]],0],[[2,[""relation"",""relation""]],1]]],[2,[""relation"",""relation""]]]",1.0
1,3,global_fixed1,"[[[[[2,[""relation"",""relation""]],1],[[2,[""relation"",""relation""]],0]]],[2,[""relation"",""relation""]]]",1.0
1,3,global_fixed1,"[[[[[2,[""relation"",""relation""]],1],[[2,[""relation"",""relation""]],1],[[2,[""relation"",""relation""]],0],[[2,[""relation"",""relation""]],0]]],[2,[""entity"",""entity""]]]",1.0
1,3,global_fixed1,"[[[[[2,[""relation"",""relation""]],1],[[2,[""relation"",""relation""]],1],[[2,[""relation"",""relation""]],0],[[2,[""relation"",""relation""]],1]]],[2,[""entity"",""entity""]]]",1.0
1,3,global_fixed1,"[[[[[2,[""relation"",""relation""]],1],[[2,[""relation"",""relation""]],1],[[2,[""relation"",""relation""]],0]]],[2,[""relation"",""relation""]]]",1.0
1,3,global_fixed1,"[[[[[2,[""relation"",""relation""]],1],[[2,[""relation"",""relation""]],1],[[2,[""relation"",""relation""]],1],[[2,[""relation"",""relation""]],0]]],[2,[""entity"",""entity""]]]",1.0
1,3,global_fixed1,"[[[[[2,[""relation"",""relation""]],1],[[2,[""relation"",""relation""]],1],[[2,[""relation"",""relation""]],1],[[2,[""relation"",""relation""]],1]]],[2,[""entity"",""entity""]]]",1.0
1,3,global_fixed1,"[[[[[2,[""relation"",""relation""]],1],[[2,[""relation"",""relation""]],1],[[2,[""relation"",""relation""]],1]]],[2,[""relation"",""relation""]]]",1.0
1,3,global_fixed1,"[[[[[2,[""relation"",""relation""]],1],[[2,[""relation"",""relation""]],1]]],[2,[""relation"",""relation""]]]",1.0
1,3,global_fixed1,"[[[[[2,[""relation"",""relation""]],1]]],[2,[""relation"",""relation""]]]",1.0
1,3,global_fixed1,"[[[]],[1,[""entity""]]]",1.0
1,3,global_fixed1,"[[[]],[2,[""entity"",""entity""]]]",1.0
1,3,global_fixed1,"[[[]],[2,[""relation"",""relation""]]]",1.0
1,3,position_fixed1,"[[[[[2,[""relation"",""relation""]],0]]],[1,[""entity""]]]",1.0
1,3,position_fixed1,"[[[[[2,[""relation"",""relation""]],1],[[2,[""relation"",""relation""]],0],[[2,[""relation"",""relation""]],0],[[2,[""relation"",""relation""]],1]]],[2,[""entity"",""entity""]]]",1.0
1,3,position_fixed1,"[[[[[2,[""relation"",""relation""]],1],[[2,[""relation"",""relation""]],0],[[2,[""relation"",""relation""]],0]]],[2,[""relation"",""relation""]]]",1.0
1,3,position_fixed1,"[[[[[2,[""relation"",""relation""]],1],[[2,[""relation"",""relation""]],0],[[2,[""relation"",""relation""]],1],[[2,[""relation"",""relation""]],0]]],[2,[""entity"",""entity""]]]",1.0
1,3,position_fixed1,"[[[[[2,[""relation"",""relation""]],1],[[2,[""relation"",""relation""]],0],[[2,[""relation"",""relation""]],1],[[2,[""relation"",""relation""]],1]]],[2,[""entity"",""entity""]]]",1.0
1,3,position_fixed1,"[[[[[2,[""relation"",""relation""]],1],[[2,[""relation"",""relation""]],0],[[2,[""relation"",""relation""]],1]]],[2,[""relation"",""relation""]]]",1.0
1,3,position_fixed1,"[[[[[2,[""relation"",""relation""]],1],[[2,[""relation"",""relation""]],0]]],[2,[""relation"",""relation""]]]",1.0
1,3,position_fixed1,"[[[[[2,[""relation"",""relation""]],1],[[2,[""relation"",""relation""]],1],[[2,[""relation"",""relation""]],0],[[2,[""relation"",""relation""]],0]]],[2,[""entity"",""entity""]]]",1.0
1,3,position_fixed1,"[[[[[2,[""relation"",""relation""]],1],[[2,[""relation"",""relation""]],1],[[2,[""relation"",""relation""]],0],[[2,[""relation"",""relation""]],1]]],[2,[""entity"",""entity""]]]",1.0
1,3,position_fixed1,"[[[[[2,[""relation"",""relation""]],1],[[2,[""relation"",""relation""]],1],[[2,[""relation"",""relation""]],0]]],[2,[""relation"",""relation""]]]",1.0
1,3,position_fixed1,"[[[[[2,[""relation"",""relation""]],1],[[2,[""relation"",""relation""]],1],[[2,[""relation"",""relation""]],1],[[2,[""relation"",""relation""]],0]]],[2,[""entity"",""entity""]]]",1.0
1,3,position_fixed1,"[[[[[2,[""relation"",""relation""]],1],[[2,[""relation"",""relation""]],1],[[2,[""relation"",""relation""]],1],[[2,[""relation"",""relation""]],1]]],[2,[""entity"",""entity""]]]",1.0
1,3,position_fixed1,"[[[[[2,[""relation"",""relation""]],1],[[2,[""relation"",""relation""]],1],[[2,[""relation"",""relation""]],1]]],[2,[""relation"",""relation""]]]",1.0
1,3,position_fixed1,"[[[[[2,[""relation"",""relation""]],1],[[2,[""relation"",""relation""]],1]]],[2,[""relation"",""relation""]]]",1.0
1,3,position_fixed1,"[[[[[2,[""relation"",""relation""]],1]]],[2,[""relation"",""relation""]]]",1.0
1,3,position_fixed1,"[[[]],[1,[""entity""]]]",1.0
1,3,position_fixed1,"[[[]],[2,[""entity"",""entity""]]]",1.0
1,3,position_fixed1,"[[[]],[2,[""relation"",""relation""]]]",1.0
1,4,global_e01,"[[[[[2,[""relation"",""relation""]],0]]],[1,[""entity""]]]",0.04580214703902853
1,4,global_e01,"[[[[[2,[""relation"",""relation""]],1],[[2,[""relation"",""relation""]],0],[[2,[""relation"",""relation""]],0],[[2,[""relation"",""relation""]],1]]],[2,[""entity"",""entity""]]]",0.011057432195966067
1,4,global_e01,"[[[[[2,[""relation"",""relation""]],1],[[2,[""relation"",""relation""]],0],[[2,[""relation"",""relation""]],0]]],[2,[""relation"",""relation""]]]",0.46457373689347287
1,4,global_e01,"[[[[[2,[""relation"",""relation""]],1],[[2,[""relation"",""relation""]],0],[[2,[""relation"",""relation""]],1],[[2,[""relation"",""relation""]],0]]],[2,[""entity"",""entity""]]]",0.14308518929651382
1,4,global_e01,"[[[[[2,[""relation"",""relation""]],1],[[2,[""relation"",""relation""]],0],[[2,[""relation"",""relation""]],1],[[2,[""relation"",""relation""]],1]]],[2,[""entity"",""entity""]]]",0.012344430930995754
1,4,global_e01,"[[[[[2,[""relation"",""relation""]],1],[[2,[""relation"",""relation""]],0],[[2,[""relation"",""relation""]],1]]],[2,[""relation"",""relation""]]]",0.3941756513043852
1,4,global_e01,"[[[[[2,[""relation"",""relation""]],1],[[2,[""relation"",""relation""]],0]]],[2,[""relation"",""relation""]]]",0.40096988716623794
1,4,global_e01,"[[[[[2,[""relation"",""relation""]],1],[[2,[""relation"",""relation""]],1],[[2,[""relation"",""relation""]],0],[[2,[""relation"",""relation""]],0]]],[2,[""entity"",""entity""]]]",0.08743512838333004
1,4,global_e01,"[[[[[2,[""relation"",""relation""]],1],[[2,[""relation"",""relation""]],1],[[2,[""relation"",""relation""]],0],[[2,[""relation"",""relation""]],1]]],[2,[""entity"",""entity""]]]",0.12156944908151432
1,4,global_e01,"[[[[[2,[""relation"",""relation""]],1],[[2,[""relation"",""relation""]],1],[[2,[""relation"",""relation""]],0]]],[2,[""relation"",""relation""]]]",0.19083173226112757
1,4,global_e01,"[[[[[2,[""relation"",""relation""]],1],[[2,[""relation"",""relation""]],1],[[2,[""relation"",""relation""]],1],[[2,[""relation"",""relation""]],0]]],[2,[""entity"",""entity""]]]",0.08896049535783834
1,4,global_e01,"[[[[[2,[""relation"",""relation""]],1],[[2,[""relation"",""relation""]],1],[[2,[""relation"",""relation""]],1],[[2,[""relation"",""relation""]],1]]],[2,[""entity"",""entity""]]]",0.13343104308162396
1,4,global_e01,"[[[[[2,[""relation"",""relation""]],1],[[2,[""relation"",""relation""]],1],[[2,[""relation"",""relation""]],1]]],[2,[""relation"",""relation""]]]",0.16009168569652402
1,4,global_e01,"[[[[[2,[""relation"",""relation""]],1],[[2,[""relation"",""relation""]],1]]],[2,[""relation"",""relation""]]]",0.19925316382098154
1,4,global_e01,"[[[[[2,[""relation"",""relation""]],1]]],[2,[""relation"",""relation""]]]",0.40096988716623794
1,4,global_e01,"[[[]],[1,[""entity""]]]",0.0
1,4,global_e01,"[[[]],[2,[""entity"",""entity""]]]",0.0
1,4,global_e01,"[[[]],[2,[""relation"",""relation""]]]",0.23388659651592894
1,4,global_e05,"[[[[[2,[""relation"",""relation""]],0]]],[1,[""entity""]]]",0.0066543005011363565
1,4,global_e05,"[[[[[2,[""relation"",""relation""]],1],[[2,[""relation"",""relation""]],0],[[2,[""relation"",""relation""]],0],[[2,[""relation"",""relation""]],1]]],[2,[""entity"",""entity""]]]",0.01112949701321242
1,4,global_e05,"[[[[[2,[""relation"",""relation""]],1],[[2,[""relation"",""relation""]],0],[[2,[""relation"",""relation""]],0]]],[2,[""relation"",""relation""]]]",0.8968892639963725
1,4,global_e05,"[[[[[2,[""relation"",""relation""]],1],[[2,[""relation"",""relation""]],0],[[2,[""relation"",""relation""]],1],[[2,[""relation"",""relation""]],0]]],[2,[""entity"",""entity""]]]",0.5193190145421291
1,4,global_e05,"[[[[[2,[""relation"",""relation""]],1],[[2,[""relation"",""relation""]],0],[[2,[""relation"",""relation""]],1],[[2,[""relation"",""relation""]],1]]],[2,[""entity"",""entity""]]]",0.01504435172738472
1,4,global_e05,"[[[[[2,[""relation"",""relation""]],1],[[2,[""relation"",""relation""]],0],[[2,[""relation"",""relation""]],1]]],[2,[""relation"",""relation""]]]",0.5859061657947545
1,4,global_e05,"[[[[[2,[""relation"",""relation""]],1],[[2,[""relation"",""relation""]],0]]],[2,[""relation"",""relation""]]]",0.5902315330504201
1,4,global_e05,"[[[[[2,[""relation"",""relation""]],1],[[2,[""relation"",""relation""]],1],[[2,[""relation"",""relation""]],0],[[2,[""relation"",""relation""]],0]]],[2,[""entity"",""entity""]]]",0.8197526264727203
1,4,global_e05,"[[[[[2,[""relation"",""relation""]],1],[[2,[""relation"",""relation""]],1],[[2,[""relation"",""relation""]],0],[[2,[""relation"",""relation""]],1]]],[2,[""entity"",""entity""]]]",0.8207038222675292
1,4,global_e05,"[[[[[2,[""relation"",""relation""]],1],[[2,[""relation"",""relation""]],1],[[2,[""relation"",""relation""]],0]]],[2,[""relation"",""relation""]]]",0.742020837662298
1,4,global_e05,"[[[[[2,[""relation"",""relation""]],1],[[2,[""relation"",""relation""]],1],[[2,[""relation"",""relation""]],1],[[2,[""relation"",""relation""]],0]]],[2,[""entity"",""entity""]]]",0.8173407739664212
1,4,global_e05,"[[[[[2,[""relation"",""relation""]],1],[[2,[""relation"",""relation""]],1],[[2,[""relation"",""relation""]],1],[[2,[""relation"",""relation""]],1]]],[2,[""entity"",""entity""]]]",0.8236179249022796
1,4,global_e05,"[[[[[2,[""relation"",""relation""]],1],[[2,[""relation"",""relation""]],1],[[2,[""relation"",""relation""]],1]]],[2,[""relation"",""relation""]]]",0.742020837662298
1,4,global_e05,"[[[[[2,[""relation"",""relation""]],1],[[2,[""relation"",""relation""]],1]]],[2,[""relation"",""relation""]]]",0.742020837662298
1,4,global_e05,"[[[[[2,[""relation"",""relation""]],1]]],[2,[""relation"",""relation""]]]",0.5902315330504201
1,4,global_e05,"[[[]],[1,[""entity""]]]",0.0
1,4,global_e05,"[[[]],[2,[""entity"",""entity""]]]",0.0
1,4,global_e05,"[[[]],[2,[""relation"",""relation""]]]",0.03214563821957356
1,4,position_e01,"[[[[[2,[""relation"",""relation""]],0]]],[1,[""entity""]]]",0.02889859268627494
1,4,position_e01,"[[[[[2,[""relation"",""relation""]],1],[[2,[""relation"",""relation""]],0],[[2,[""relation"",""relation""]],0],[[2,[""relation"",""relation""]],1]]],[2,[""entity"",""entity""]]]",0.0
1,4,position_e01,"[[[[[2,[""relation"",""relation""]],1],[[2,[""relation"",""relation""]],0],[[2,[""relation"",""relation""]],0]]],[2,[""relation"",""relation""]]]",0.0
1,4,position_e01,"[[[[[2,[""relation"",""relation""]],1],[[2,[""relation"",""relation""]],0],[[2,[""relation"",""relation""]],1],[[2,[""relation"",""relation""]],0]]],[2,[""entity"",""entity""]]]",0.0
1,4,position_e01,"[[[[[2,[""relation"",""relation""]],1],[[2,[""relation"",""relation""]],0],[[2,[""relation"",""relation""]],1],[[2,[""relation"",""relation""]],1]]],[2,[""entity"",""entity""]]]",0.0
1,4,position_e01,"[[[[[2,[""relation"",""relation""]],1],[[2,[""relation"",""relation""]],0],[[2,[""relation"",""relation""]],1]]],[2,[""relation"",""relation""]]]",0.0
1,4,position_e01,"[[[[[2,[""relation"",""relation""]],1],[[2,[""relation"",""relation""]],0]]],[2,[""relation"",""relation""]]]",0.0
1,4,position_e01,"[[[[[2,[""relation"",""relation""]],1],[[2,[""relation"",""relation""]],1],[[2,[""relation"",""relation""]],0],[[2,[""relation"",""relation""]],0]]],[2,[""entity"",""entity""]]]",0.4777382559707558
1,4,position_e01,"[[[[[2,[""relation"",""relation""]],1],[[2,[""relation"",""relation""]],1],[[2,[""relation"",""relation""]],0],[[2,[""relation"",""relation""]],1]]],[2,[""entity"",""entity""]]]",0.5194941423174063
1,4,position_e01,"[[[[[2,[""relation"",""relation""]],1],[[2,[""relation"",""relation""]],1],[[2,[""relation"",""relation""]],0]]],[2,[""relation"",""relation""]]]",0.6597092760717171
1,4,position_e01,"[[[[[2,[""relation"",""relation""]],1],[[2,[""relation"",""relation""]],1],[[2,[""relation"",""relation""]],1],[[2,[""relation"",""relation""]],0]]],[2,[""entity"",""entity""]]]",0.497751958265255
1,4,position_e01,"[[[[[2,[""relation"",""relation""]],1],[[2,[""relation"",""relation""]],1],[[2,[""relation"",""relation""]],1],[[2,[""relation"",""relation""]],1]]],[2,[""entity"",""entity""]]]",0.5485446091649515
1,4,position_e01,"[[[[[2,[""relation"",""relation""]],1],[[2,[""relation"",""relation""]],1],[[2,[""relation"",""relation""]],1]]],[2,[""relation"",""relation""]]]",0.6524515560020075
1,4,position_e01,"[[[[[2,[""relation"",""relation""]],1],[[2,[""relation"",""relation""]],1]]],[2,[""relation"",""relation""]]]",0.6730989335076212
1,4,position_e01,"[[[[[2,[""relation"",""relation""]],1]]],[2,[""relation"",""relation""]]]",0.0
1,4,position_e01,"[[[]],[1,[""entity""]]]",0.0
1,4,position_e01,"[[[]],[2,[""entity"",""entity""]]]",0.0
1,4,position_e01,"[[[]],[2,[""relation"",""relation""]]]",0.0
1,4,position_e05,"[[[[[2,[""relation"",""relation""]],0]]],[1,[""entity""]]]",0.14695643296444846
1,4,position_e05,"[[[[[2,[""relation"",""relation""]],1],[[2,[""relation"",""relation""]],0],[[2,[""relation"",""relation""]],0],[[2,[""relation"",""relation""]],1]]],[2,[""entity"",""entity""]]]",0.0
1,4,position_e05,"[[[[[2,[""relation"",""relation""]],1],[[2,[""relation"",""relation""]],0],[[2,[""relation"",""relation""]],0]]],[2,[""relation"",""relation""]]]",0.0
1,4,position_e05,"[[[[[2,[""relation"",""relation""]],1],[[2,[""relation"",""relation""]],0],[[2,[""relation"",""relation""]],1],[[2,[""relation"",""relation""]],0]]],[2,[""entity"",""entity""]]]",0.0
1,4,position_e05,"[[[[[2,[""relation"",""relation""]],1],[[2,[""relation"",""relation""]],0],[[2,[""relation"",""relation""]],1],[[2,[""relation"",""relation""]],1]]],[2,[""entity"",""entity""]]]",0.0
1,4,position_e05,"[[[[[2,[""relation"",""relation""]],1],[[2,[""relation"",""relation""]],0],[[2,[""relation"",""relation""]],1]]],[2,[""relation"",""relation""]]]",0.0
1,4,position_e05,"[[[[[2,[""relation"",""relation""]],1],[[2,[""relation"",""relation""]],0]]],[2,[""relation"",""relation""]]]",0.0
1,4,position_e05,"[[[[[2,[""relation"",""relation""]],1],[[2,[""relation"",""relation""]],1],[[2,[""relation"",""relation""]],0],[[2,[""relation"",""relation""]],0]]],[2,[""entity"",""entity""]]]",0.6789868524396181
1,4,position_e05,"[[[[[2,[""relation"",""relation""]],1],[[2,[""relation"",""relation""]],1],[[2,[""relation"",""relation""]],0],[[2,[""relation"",""relation""]],1]]],[2,[""entity"",""entity""]]]",0.7560244640385293
1,4,position_e05,"[[[[[2,[""relation"",""relation""]],1],[[2,[""relation"",""relation""]],1],[[2,[""relation"",""relation""]],0]]],[2,[""relation"",""relation""]]]",1.2466636350342393
1,4,position_e05,"[[[[[2,[""relation"",""relation""]],1],[[2,[""relation"",""relation""]],1],[[2,[""relation"",""relation""]],1],[[2,[""relation"",""relation""]],0]]],[2,[""entity"",""entity""]]]",0.7539817110252496
1,4,position_e05,"[[[[[2,[""relation"",""relation""]],1],[[2,[""relation"",""relation""]],1],[[2,[""relation"",""relation""]],1],[[2,[""relation"",""relation""]],1]]],[2,[""entity"",""entity""]]]",0.8572223555029037
1,4,position_e05,"[[[[[2,[""relation"",""relation""]],1],[[2,[""relation"",""relation""]],1],[[2,[""relation"",""relation""]],1]]],[2,[""relation"",""relation""]]]",1.2734901993582786
1,4,position_e05,"[[[[[2,[""relation"",""relation""]],1],[[2,[""relation"",""relation""]],1]]],[2,[""relation"",""relation""]]]",1.28537904833631
1,4,position_e05,"[[[[[2,[""relation"",""relation""]],1]]],[2,[""relation"",""relation""]]]",0.0
1,4,position_e05,"[[[]],[1,[""entity""]]]",0.0
1,4,position_e05,"[[[]],[2,[""entity"",""entity""]]]",0.0
1,4,position_e05,"[[[]],[2,[""relation"",""relation""]]]",0.0
1,4,global_fixed1,"[[[[[2,[""relation"",""relation""]],0]]],[1,[""entity""]]]",1.0
1,4,global_fixed1,"[[[[[2,[""relation"",""relation""]],1],[[2,[""relation"",""relation""]],0],[[2,[""relation"",""relation""]],0],[[2,[""relation"",""relation""]],1]]],[2,[""entity"",""entity""]]]",1.0
1,4,global_fixed1,"[[[[[2,[""relation"",""relation""]],1],[[2,[""relation"",""relation""]],0],[[2,[""relation"",""relation""]],0]]],[2,[""relation"",""relation""]]]",1.0
1,4,global_fixed1,"[[[[[2,[""relation"",""relation""]],1],[[2,[""relation"",""relation""]],0],[[2,[""relation"",""relation""]],1],[[2,[""relation"",""relation""]],0]]],[2,[""entity"",""entity""]]]",1.0
1,4,global_fixed1,"[[[[[2,[""relation"",""relation""]],1],[[2,[""relation"",""relation""]],0],[[2,[""relation"",""relation""]],1],[[2,[""relation"",""relation""]],1]]],[2,[""entity"",""entity""]]]",1.0
1,4,global_fixed1,"[[[[[2,[""relation"",""relation""]],1],[[2,[""relation"",""relation""]],0],[[2,[""relation"",""relation""]],1]]],[2,[""relation"",""relation""]]]",1.0
1,4,global_fixed1,"[[[[[2,[""relation"",""relation""]],1],[[2,[""relation"",""relation""]],0]]],[2,[""relation"",""relation""]]]",1.0
1,4,global_fixed1,"[[[[[2,[""relation"",""relation""]],1],[[2,[""relation"",""relation""]],1],[[2,[""relation"",""relation""]],0],[[2,[""relation"",""relation""]],0]]],[2,[""entity"",""entity""]]]",1.0
1,4,global_fixed1,"[[[[[2,[""relation"",""relation""]],1],[[2,[""relation"",""relation""]],1],[[2,[""relation"",""relation""]],0],[[2,[""relation"",""relation""]],1]]],[2,[""entity"",""entity""]]]",1.0
1,4,global_fixed1,"[[[[[2,[""relation"",""relation""]],1],[[2,[""relation"",""relation""]],1],[[2,[""relation"",""relation""]],0]]],[2,[""relation"",""relation""]]]",1.0
1,4,global_fixed1,"[[[[[2,[""relation"",""relation""]],1],[[2,[""relation"",""relation""]],1],[[2,[""relation"",""relation""]],1],[[2,[""relation"",""relation""]],0]]],[2,[""entity"",""entity""]]]",1.0
1,4,global_fixed1,"[[[[[2,[""relation"",""relation""]],1],[[2,[""relation"",""relation""]],1],[[2,[""relation"",""relation""]],1],[[2,[""relation"",""relation""]],1]]],[2,[""entity"",""entity""]]]",1.0
1,4,global_fixed1,"[[[[[2,[""relation"",""relation""]],1],[[2,[""relation"",""relation""]],1],[[2,[""relation"",""relation""]],1]]],[2,[""relation"",""relation""]]]",1.0
1,4,global_fixed1,"[[[[[2,[""relation"",""relation""]],1],[[2,[""relation"",""relation""]],1]]],[2,[""relation"",""relation""]]]",1.0
1,4,global_fixed1,"[[[[[2,[""relation"",""relation""]],1]]],[2,[""relation"",""relation""]]]",1.0
1,4,global_fixed1,"[[[]],[1,[""entity""]]]",1.0
1,4,global_fixed1,"[[[]],[2,[""entity"",""entity""]]]",1.0
1,4,global_fixed1,"[[[]],[2,[""relation"",""relation""]]]",1.0
1,4,position_fixed1,"[[[[[2,[""relation"",""relation""]],0]]],[1,[""entity""]]]",1.0
1,4,position_fixed1,"[[[[[2,[""relation"",""relation""]],1],[[2,[""relation"",""relation""]],0],[[2,[""relation"",""relation""]],0],[[2,[""relation"",""relation""]],1]]],[2,[""entity"",""entity""]]]",1.0
1,4,position_fixed1,"[[[[[2,[""relation"",""relation""]],1],[[2,[""relation"",""relation""]],0],[[2,[""relation"",""relation""]],0]]],[2,[""relation"",""relation""]]]",1.0
1,4,position_fixed1,"[[[[[2,[""relation"",""relation""]],1],[[2,[""relation"",""relation""]],0],[[2,[""relation"",""relation""]],1],[[2,[""relation"",""relation""]],0]]],[2,[""entity"",""entity""]]]",1.0
1,4,position_fixed1,"[[[[[2,[""relation"",""relation""]],1],[[2,[""relation"",""relation""]],0],[[2,[""relation"",""relation""]],1],[[2,[""relation"",""relation""]],1]]],[2,[""entity"",""entity""]]]",1.0
1,4,position_fixed1,"[[[[[2,[""relation"",""relation""]],1],[[2,[""relation"",""relation""]],0],[[2,[""relation"",""relation""]],1]]],[2,[""relation"",""relation""]]]",1.0
1,4,position_fixed1,"[[[[[2,[""relation"",""relation""]],1],[[2,[""relation"",""relation""]],0]]],[2,[""relation"",""relation""]]]",1.0
1,4,position_fixed1,"[[[[[2,[""relation"",""relation""]],1],[[2,[""relation"",""relation""]],1],[[2,[""relation"",""relation""]],0],[[2,[""relation"",""relation""]],0]]],[2,[""entity"",""entity""]]]",1.0
1,4,position_fixed1,"[[[[[2,[""relation"",""relation""]],1],[[2,[""relation"",""relation""]],1],[[2,[""relation"",""relation""]],0],[[2,[""relation"",""relation""]],1]]],[2,[""entity"",""entity""]]]",1.0
1,4,position_fixed1,"[[[[[2,[""relation"",""relation""]],1],[[2,[""relation"",""relation""]],1],[[2,[""relation"",""relation""]],0]]],[2,[""relation"",""relation""]]]",1.0
1,4,position_fixed1,"[[[[[2,[""relation"",""relation""]],1],[[2,[""relation"",""relation""]],1],[[2,[""relation"",""relation""]],1],[[2,[""relation"",""relation""]],0]]],[2,[""entity"",""entity""]]]",1.0
1,4,position_fixed1,"[[[[[2,[""relation"",""relation""]],1],[[2,[""relation"",""relation""]],1],[[2,[""relation"",""relation""]],1],[[2,[""relation"",""relation""]],1]]],[2,[""entity"",""entity""]]]",1.0
1,4,position_fixed1,"[[[[[2,[""relation"",""relation""]],1],[[2,[""relation"",""relation""]],1],[[2,[""relation"",""relation""]],1]]],[2,[""relation"",""relation""]]]",1.0
1,4,position_fixed1,"[[[[[2,[""relation"",""relation""]],1],[[2,[""relation"",""relation""]],1]]],[2,[""relation"",""relation""]]]",1.0
1,4,position_fixed1,"[[[[[2,[""relation"",""relation""]],1]]],[2,[""relation"",""relation""]]]",1.0
1,4,position_fixed1,"[[[]],[1,[""entity""]]]",1.0
1,4,position_fixed1,"[[[]],[2,[""entity"",""entity""]]]",1.0
1,4,position_fixed1,"[[[]],[2,[""relation"",""relation""]]]",1.0
1,5,global_e01,"[[[[[2,[""relation"",""relation""]],0]]],[1,[""entity""]]]",0.08509881820906234
1,5,global_e01,"[[[[[2,[""relation"",""relation""]],1],[[2,[""relation"",""relation""]],0],[[2,[""relation"",""relation""]],0],[[2,[""relation"",""relation""]],1]]],[2,[""entity"",""entity""]]]",0.049867362626766124
1,5,global_e01,"[[[[[2,[""relation"",""relation""]],1],[[2,[""relation"",""relation""]],0],[[2,[""relation"",""relation""]],0]]],[2,[""relation"",""relation""]]]",0.5066904151294546
1,5,global_e01,"[[[[[2,[""relation"",""relation""]],1],[[2,[""relation"",""relation""]],0],[[2,[""relation"",""relation""]],1],[[2,[""relation"",""relation""]],0]]],[2,[""entity"",""entity""]]]",0.06798239277148906
1,5,global_e01,"[[[[[2,[""relation"",""relation""]],1],[[2,[""relation"",""relation""]],0],[[2,[""relation"",""relation""]],1],[[2,[""relation"",""relation""]],1]]],[2,[""entity"",""entity""]]]",0.12739078445546395
1,5,global_e01,"[[[[[2,[""relation"",""relation""]],1],[[2,[""relation"",""relation""]],0],[[2,[""relation"",""relation""]],1]]],[2,[""relation"",""relation""]]]",0.303649222632387
1,5,global_e01,"[[[[[2,[""relation"",""relation""]],1],[[2,[""relation"",""relation""]],0]]],[2,[""relation"",""relation""]]]",0.32402711059415895
1,5,global_e01,"[[[[[2,[""relation"",""relation""]],1],[[2,[""relation"",""relation""]],1],[[2,[""relation"",""relation""]],0],[[2,[""relation"",""relation""]],0]]],[2,[""entity"",""entity""]]]",0.21264850262293145
1,5,global_e01,"[[[[[2,[""relation"",""relation""]],1],[[2,[""relation"",""relation""]],1],[[2,[""relation"",""relation""]],0],[[2,[""relation"",""relation""]],1]]],[2,[""entity"",""entity""]]]",0.18009510406264936
1,5,global_e01,"[[[[[2,[""relation"",""relation""]],1],[[2,[""relation"",""relation""]],1],[[2,[""relation"",""relation""]],0]]],[2,[""relation"",""relation""]]]",0.28668833529673365
1,5,global_e01,"[[[[[2,[""relation"",""relation""]],1],[[2,[""relation"",""relation""]],1],[[2,[""relation"",""relation""]],1],[[2,[""relation"",""relation""]],0]]],[2,[""entity"",""entity""]]]",0.22010901306341593
1,5,global_e01,"[[[[[2,[""relation"",""relation""]],1],[[2,[""relation"",""relation""]],1],[[2,[""relation"",""relation""]],1],[[2,[""relation"",""relation""]],1]]],[2,[""entity"",""entity""]]]",0.20427340933845897
1,5,global_e01,"[[[[[2,[""relation"",""relation""]],1],[[2,[""relation"",""relation""]],1],[[2,[""relation"",""relation""]],1]]],[2,[""relation"",""relation""]]]",0.27734331412453334
1,5,global_e01,"[[[[[2,[""relation"",""relation""]],1],[[2,[""relation"",""relation""]],1]]],[2,[""relation"",""relation""]]]",0.28704251974707057
1,5,global_e01,"[[[[[2,[""relation"",""relation""]],1]]],[2,[""relation"",""relation""]]]",0.32402711059415895
1,5,global_e01,"[[[]],[1,[""entity""]]]",0.0
1,5,global_e01,"[[[]],[2,[""entity"",""entity""]]]",0.0
1,5,global_e01,"[[[]],[2,[""relation"",""relation""]]]",0.3069186963242217
1,5,global_e05,"[[[[[2,[""relation"",""relation""]],0]]],[1,[""entity""]]]",0.22117758765461987
1,5,global_e05,"[[[[[2,[""relation"",""relation""]],1],[[2,[""relation"",""relation""]],0],[[2,[""relation"",""relation""]],0],[[2,[""relation"",""relation""]],1]]],[2,[""entity"",""entity""]]]",0.062070895855196595
1,5,global_e05,"[[[[[2,[""relation"",""relation""]],1],[[2,[""relation"",""relation""]],0],[[2,[""relation"",""relation""]],0]]],[2,[""relation"",""relation""]]]",0.723861645137279
1,5,global_e05,"[[[[[2,[""relation"",""relation""]],1],[[2,[""relation"",""relation""]],0],[[2,[""relation"",""relation""]],1],[[2,[""relation"",""relation""]],0]]],[2,[""entity"",""entity""]]]",0.13379243414564107
1,5,global_e05,"[[[[[2,[""relation"",""relation""]],1],[[2,[""relation"",""relation""]],0],[[2,[""relation"",""relation""]],1],[[2,[""relation"",""relation""]],1]]],[2,[""entity"",""entity""]]]",0.5788656947615087
1,5,global_e05,"[[[[[2,[""relation"",""relation""]],1],[[2,[""relation"",""relation""]],0],[[2,[""relation"",""relation""]],1]]],[2,[""relation"",""relation""]]]",0.32069204360687553
1,5,global_e05,"[[[[[2,[""relation"",""relation""]],1],[[2,[""relation"",""relation""]],0]]],[2,[""relation"",""relation""]]]",0.32069204360687553
1,5,global_e05,"[[[[[2,[""relation"",""relation""]],1],[[2,[""relation"",""relation""]],1],[[2,[""relation"",""relation""]],0],[[2,[""relation"",""relation""]],0]]],[2,[""entity"",""entity""]]]",0.35146256795978503
1,5,global_e05,"[[[[[2,[""relation"",""relation""]],1],[[2,[""relation"",""relation""]],1],[[2,[""relation"",""relation""]],0],[[2,[""relation"",""relation""]],1]]],[2,[""entity"",""entity""]]]",0.3313180108749295
1,5,global_e05,"[[[[[2,[""relation"",""relation""]],1],[[2,[""relation"",""relation""]],1],[[2,[""relation"",""relation""]],0]]],[2,[""relation"",""relation""]]]",0.4569345481974538
1,5,global_e05,"[[[[[2,[""relation"",""relation""]],1],[[2,[""relation"",""relation""]],1],[[2,[""relation"",""relation""]],1],[[2,[""relation"",""relation""]],0]]],[2,[""entity"",""entity""]]]",0.3309277879200437
1,5,global_e05,"[[[[[2,[""relation"",""relation""]],1],[[2,[""relation"",""relation""]],1],[[2,[""relation"",""relation""]],1],[[2,[""relation"",""relation""]],1]]],[2,[""entity"",""entity""]]]",0.3739087975107057
1,5,global_e05,"[[[[[2,[""relation"",""relation""]],1],[[2,[""relation"",""relation""]],1],[[2,[""relation"",""relation""]],1]]],[2,[""relation"",""relation""]]]",0.44307594028391056
1,5,global_e05,"[[[[[2,[""relation"",""relation""]],1],[[2,[""relation"",""relation""]],1]]],[2,[""relation"",""relation""]]]",0.45702010829572437
1,5,global_e05,"[[[[[2,[""relation"",""relation""]],1]]],[2,[""relation"",""relation""]]]",0.32069204360687553
1,5,global_e05,"[[[]],[1,[""entity""]]]",0.0
1,5,global_e05,"[[[]],[2,[""entity"",""entity""]]]",0.0
1,5,global_e05,"[[[]],[2,[""relation"",""relation""]]]",0.3202803318657049
1,5,position_e01,"[[[[[2,[""relation"",""relation""]],0]]],[1,[""entity""]]]",0.0039961015704937505
1,5,position_e01,"[[[[[2,[""relation"",""relation""]],1],[[2,[""relation"",""relation""]],0],[[2,[""relation"",""relation""]],0],[[2,[""relation"",""relation""]],1]]],[2,[""entity"",""entity""]]]",0.0
1,5,position_e01,"[[[[[2,[""relation"",""relation""]],1],[[2,[""relation"",""relation""]],0],[[2,[""relation"",""relation""]],0]]],[2,[""relation"",""relation""]]]",0.0
1,5,position_e01,"[[[[[2,[""relation"",""relation""]],1],[[2,[""relation"",""relation""]],0],[[2,[""relation"",""relation""]],1],[[2,[""relation"",""relation""]],0]]],[2,[""entity"",""entity""]]]",0.0
1,5,position_e01,"[[[[[2,[""relation"",""relation""]],1],[[2,[""relation"",""relation""]],0],[[2,[""relation"",""relation""]],1],[[2,[""relation"",""relation""]],1]]],[2,[""entity"",""entity""]]]",0.0
1,5,position_e01,"[[[[[2,[""relation"",""relation""]],1],[[2,[""relation"",""relation""]],0],[[2,[""relation"",""relation""]],1]]],[2,[""relation"",""relation""]]]",0.0
1,5,position_e01,"[[[[[2,[""relation"",""relation""]],1],[[2,[""relation"",""relation""]],0]]],[2,[""relation"",""relation""]]]",0.0
1,5,position_e01,"[[[[[2,[""relation"",""relation""]],1],[[2,[""relation"",""relation""]],1],[[2,[""relation"",""relation""]],0],[[2,[""relation"",""relation""]],0]]],[2,[""entity"",""entity""]]]",0.5387949340270446
1,5,position_e01,"[[[[[2,[""relation"",""relation""]],1],[[2,[""relation"",""relation""]],1],[[2,[""relation"",""relation""]],0],[[2,[""relation"",""relation""]],1]]],[2,[""entity"",""entity""]]]",0.5496930467345511
1,5,position_e01,"[[[[[2,[""relation"",""relation""]],1],[[2,[""relation"",""relation""]],1],[[2,[""relation"",""relation""]],0]]],[2,[""relation"",""relation""]]]",0.7781908828986932
1,5,position_e01,"[[[[[2,[""relation"",""relation""]],1],[[2,[""relation"",""relation""]],1],[[2,[""relation"",""relation""]],1],[[2,[""relation"",""relation""]],0]]],[2,[""entity"",""entity""]]]",0.5624788416288227
1,5,position_e01,"[[[[[2,[""relation"",""relation""]],1],[[2,[""relation"",""relation""]],1],[[2,[""relation"",""relation""]],1],[[2,[""relation"",""relation""]],1]]],[2,[""entity"",""entity""]]]",0.5633031856215807
1,5,position_e01,"[[[[[2,[""relation"",""relation""]],1],[[2,[""relation"",""relation""]],1],[[2,[""relation"",""relation""]],1]]],[2,[""relation"",""relation""]]]",0.765436668424951
1,5,position_e01,"[[[[[2,[""relation"",""relation""]],1],[[2,[""relation"",""relation""]],1]]],[2,[""relation"",""relation""]]]",0.7785822148236653
1,5,position_e01,"[[[[[2,[""relation"",""relation""]],1]]],[2,[""relation"",""relation""]]]",0.0
1,5,position_e01,"[[[]],[1,[""entity""]]]",0.0
1,5,position_e01,"[[[]],[2,[""entity"",""entity""]]]",0.0
1,5,position_e01,"[[[]],[2,[""relation"",""relation""]]]",0.0
1,5,position_e05,"[[[[[2,[""relation"",""relation""]],0]]],[1,[""entity""]]]",0.20857540457601753
1,5,position_e05,"[[[[[2,[""relation"",""relation""]],1],[[2,[""relation"",""relation""]],0],[[2,[""relation"",""relation""]],0],[[2,[""relation"",""relation""]],1]]],[2,[""entity"",""entity""]]]",0.0
1,5,position_e05,"[[[[[2,[""relation"",""relation""]],1],[[2,[""relation"",""relation""]],0],[[2,[""relation"",""relation""]],0]]],[2,[""relation"",""relation""]]]",0.0
1,5,position_e05,"[[[[[2,[""relation"",""relation""]],1],[[2,[""relation"",""relation""]],0],[[2,[""relation"",""relation""]],1],[[2,[""relation"",""relation""]],0]]],[2,[""entity"",""entity""]]]",0.0
1,5,position_e05,"[[[[[2,[""relation"",""relation""]],1],[[2,[""relation"",""relation""]],0],[[2,[""relation"",""relation""]],1],[[2,[""relation"",""relation""]],1]]],[2,[""entity"",""entity""]]]",0.0
1,5,position_e05,"[[[[[2,[""relation"",""relation""]],1],[[2,[""relation"",""relation""]],0],[[2,[""relation"",""relation""]],1]]],[2,[""relation"",""relation""]]]",0.0
1,5,position_e05,"[[[[[2,[""relation"",""relation""]],1],[[2,[""relation"",""relation""]],0]]],[2,[""relation"",""relation""]]]",0.0
1,5,position_e05,"[[[[[2,[""relation"",""relation""]],1],[[2,[""relation"",""relation""]],1],[[2,[""relation"",""relation""]],0],[[2,[""relation"",""relation""]],0]]],[2,[""entity"",""entity""]]]",0.8347938540117219
1,5,position_e05,"[[[[[2,[""relation"",""relation""]],1],[[2,[""relation"",""relation""]],1],[[2,[""relation"",""relation""]],0],[[2,[""relation"",""relation""]],1]]],[2,[""entity"",""entity""]]]",0.8486352378554844
1,5,position_e05,"[[[[[2,[""relation"",""relation""]],1],[[2,[""relation"",""relation""]],1],[[2,[""relation"",""relation""]],0]]],[2,[""relation"",""relation""]]]",1.528774535143691
1,5,position_e05,"[[[[[2,[""relation"",""relation""]],1],[[2,[""relation"",""relation""]],1],[[2,[""relation"",""relation""]],1],[[2,[""relation"",""relation""]],0]]],[2,[""entity"",""entity""]]]",0.8731632223215616
1,5,position_e05,"[[[[[2,[""relation"",""relation""]],1],[[2,[""relation"",""relation""]],1],[[2,[""relation"",""relation""]],1],[[2,[""relation"",""relation""]],1]]],[2,[""entity"",""entity""]]]",0.9020613719798597
1,5,position_e05,"[[[[[2,[""relation"",""relation""]],1],[[2,[""relation"",""relation""]],1],[[2,[""relation"",""relation""]],1]]],[2,[""relation"",""relation""]]]",1.5002285552650352
1,5,position_e05,"[[[[[2,[""relation"",""relation""]],1],[[2,[""relation"",""relation""]],1]]],[2,[""relation"",""relation""]]]",1.5289231163718489
1,5,position_e05,"[[[[[2,[""relation"",""relation""]],1]]],[2,[""relation"",""relation""]]]",0.0
1,5,position_e05,"[[[]],[1,[""entity""]]]",0.0
1,5,position_e05,"[[[]],[2,[""entity"",""entity""]]]",0.0
1,5,position_e05,"[[[]],[2,[""relation"",""relation""]]]",0.0
1,5,global_fixed1,"[[[[[2,[""relation"",""relation""]],0]]],[1,[""entity""]]]",1.0
1,5,global_fixed1,"[[[[[2,[""relation"",""relation""]],1],[[2,[""relation"",""relation""]],0],[[2,[""relation"",""relation""]],0],[[2,[""relation"",""relation""]],1]]],[2,[""entity"",""entity""]]]",1.0
1,5,global_fixed1,"[[[[[2,[""relation"",""relation""]],1],[[2,[""relation"",""relation""]],0],[[2,[""relation"",""relation""]],0]]],[2,[""relation"",""relation""]]]",1.0
1,5,global_fixed1,"[[[[[2,[""relation"",""relation""]],1],[[2,[""relation"",""relation""]],0],[[2,[""relation"",""relation""]],1],[[2,[""relation"",""relation""]],0]]],[2,[""entity"",""entity""]]]",1.0
1,5,global_fixed1,"[[[[[2,[""relation"",""relation""]],1],[[2,[""relation"",""relation""]],0],[[2,[""relation"",""relation""]],1],[[2,[""relation"",""relation""]],1]]],[2,[""entity"",""entity""]]]",1.0
1,5,global_fixed1,"[[[[[2,[""relation"",""relation""]],1],[[2,[""relation"",""relation""]],0],[[2,[""relation"",""relation""]],1]]],[2,[""relation"",""relation""]]]",1.0
1,5,global_fixed1,"[[[[[2,[""relation"",""relation""]],1],[[2,[""relation"",""relation""]],0]]],[2,[""relation"",""relation""]]]",1.0
1,5,global_fixed1,"[[[[[2,[""relation"",""relation""]],1],[[2,[""relation"",""relation""]],1],[[2,[""relation"",""relation""]],0],[[2,[""relation"",""relation""]],0]]],[2,[""entity"",""entity""]]]",1.0
1,5,global_fixed1,"[[[[[2,[""relation"",""relation""]],1],[[2,[""relation"",""relation""]],1],[[2,[""relation"",""relation""]],0],[[2,[""relation"",""relation""]],1]]],[2,[""entity"",""entity""]]]",1.0
1,5,global_fixed1,"[[[[[2,[""relation"",""relation""]],1],[[2,[""relation"",""relation""]],1],[[2,[""relation"",""relation""]],0]]],[2,[""relation"",""relation""]]]",1.0
1,5,global_fixed1,"[[[[[2,[""relation"",""relation""]],1],[[2,[""relation"",""relation""]],1],[[2,[""relation"",""relation""]],1],[[2,[""relation"",""relation""]],0]]],[2,[""entity"",""entity""]]]",1.0
1,5,global_fixed1,"[[[[[2,[""relation"",""relation""]],1],[[2,[""relation"",""relation""]],1],[[2,[""relation"",""relation""]],1],[[2,[""relation"",""relation""]],1]]],[2,[""entity"",""entity""]]]",1.0
1,5,global_fixed1,"[[[[[2,[""relation"",""relation""]],1],[[2,[""relation"",""relation""]],1],[[2,[""relation"",""relation""]],1]]],[2,[""relation"",""relation""]]]",1.0
1,5,global_fixed1,"[[[[[2,[""relation"",""relation""]],1],[[2,[""relation"",""relation""]],1]]],[2,[""relation"",""relation""]]]",1.0
1,5,global_fixed1,"[[[[[2,[""relation"",""relation""]],1]]],[2,[""relation"",""relation""]]]",1.0
1,5,global_fixed1,"[[[]],[1,[""entity""]]]",1.0
1,5,global_fixed1,"[[[]],[2,[""entity"",""entity""]]]",1.0
1,5,global_fixed1,"[[[]],[2,[""relation"",""relation""]]]",1.0
1,5,position_fixed1,"[[[[[2,[""relation"",""relation""]],0]]],[1,[""entity""]]]",1.0
1,5,position_fixed1,"[[[[[2,[""relation"",""relation""]],1],[[2,[""relation"",""relation""]],0],[[2,[""relation"",""relation""]],0],[[2,[""relation"",""relation""]],1]]],[2,[""entity"",""entity""]]]",1.0
1,5,position_fixed1,"[[[[[2,[""relation"",""relation""]],1],[[2,[""relation"",""relation""]],0],[[2,[""relation"",""relation""]],0]]],[2,[""relation"",""relation""]]]",1.0
1,5,position_fixed1,"[[[[[2,[""relation"",""relation""]],1],[[2,[""relation"",""relation""]],0],[[2,[""relation"",""relation""]],1],[[2,[""relation"",""relation""]],0]]],[2,[""entity"",""entity""]]]",1.0
1,5,position_fixed1,"[[[[[2,[""relation"",""relation""]],1],[[2,[""relation"",""relation""]],0],[[2,[""relation"",""relation""]],1],[[2,[""relation"",""relation""]],1]]],[2,[""entity"",""entity""]]]",1.0
1,5,position_fixed1,"[[[[[2,[""relation"",""relation""]],1],[[2,[""relation"",""relation""]],0],[[2,[""relation"",""relation""]],1]]],[2,[""relation"",""relation""]]]",1.0
1,5,position_fixed1,"[[[[[2,[""relation"",""relation""]],1],[[2,[""relation"",""relation""]],0]]],[2,[""relation"",""relation""]]]",1.0
1,5,position_fixed1,"[[[[[2,[""relation"",""relation""]],1],[[2,[""relation"",""relation""]],1],[[2,[""relation"",""relation""]],0],[[2,[""relation"",""relation""]],0]]],[2,[""entity"",""entity""]]]",1.0
1,5,position_fixed1,"[[[[[2,[""relation"",""relation""]],1],[[2,[""relation"",""relation""]],1],[[2,[""relation"",""relation""]],0],[[2,[""relation"",""relation""]],1]]],[2,[""entity"",""entity""]]]",1.0
1,5,position_fixed1,"[[[[[2,[""relation"",""relation""]],1],[[2,[""relation"",""relation""]],1],[[2,[""relation"",""relation""]],0]]],[2,[""relation"",""relation""]]]",1.0
1,5,position_fixed1,"[[[[[2,[""relation"",""relation""]],1],[[2,[""relation"",""relation""]],1],[[2,[""relation"",""relation""]],1],[[2,[""relation"",""relation""]],0]]],[2,[""entity"",""entity""]]]",1.0
1,5,position_fixed1,"[[[[[2,[""relation"",""relation""]],1],[[2,[""relation"",""relation""]],1],[[2,[""relation"",""relation""]],1],[[2,[""relation"",""relation""]],1]]],[2,[""entity"",""entity""]]]",1.0
1,5,position_fixed1,"[[[[[2,[""relation"",""relation""]],1],[[2,[""relation"",""relation""]],1],[[2,[""relation"",""relation""]],1]]],[2,[""relation"",""relation""]]]",1.0
1,5,position_fixed1,"[[[[[2,[""relation"",""relation""]],1],[[2,[""relation"",""relation""]],1]]],[2,[""relation"",""relation""]]]",1.0
1,5,position_fixed1,"[[[[[2,[""relation"",""relation""]],1]]],[2,[""relation"",""relation""]]]",1.0
1,5,position_fixed1,"[[[]],[1,[""entity""]]]",1.0
1,5,position_fixed1,"[[[]],[2,[""entity"",""entity""]]]",1.0
1,5,position_fixed1,"[[[]],[2,[""relation"",""relation""]]]",1.0
1,6,global_e01,"[[[[[2,[""relation"",""relation""]],0]]],[1,[""entity""]]]",0.0018625490317259966
1,6,global_e01,"[[[[[2,[""relation"",""relation""]],1],[[2,[""relation"",""relation""]],0],[[2,[""relation"",""relation""]],0],[[2,[""relation"",""relation""]],1]]],[2,[""entity"",""entity""]]]",0.10080841123046291
1,6,global_e01,"[[[[[2,[""relation"",""relation""]],1],[[2,[""relation"",""relation""]],0],[[2,[""relation"",""relation""]],0]]],[2,[""relation"",""relation""]]]",0.5143061260593619
1,6,global_e01,"[[[[[2,[""relation"",""relation""]],1],[[2,[""relation"",""relation""]],0],[[2,[""relation"",""relation""]],1],[[2,[""relation"",""relation""]],0]]],[2,[""entity"",""entity""]]]",0.10988819051206515
1,6,global_e01,"[[[[[2,[""relation"",""relation""]],1],[[2,[""relation"",""relation""]],0],[[2,[""relation"",""relation""]],1],[[2,[""relation"",""relation""]],1]]],[2,[""entity"",""entity""]]]",0.17885909048779158
1,6,global_e01,"[[[[[2,[""relation"",""relation""]],1],[[2,[""relation"",""relation""]],0],[[2,[""relation"",""relation""]],1]]],[2,[""relation"",""relation""]]]",0.39867753867150396
1,6,global_e01,"[[[[[2,[""relation"",""relation""]],1],[[2,[""relation"",""relation""]],0]]],[2,[""relation"",""relation""]]]",0.41775506279054664
1,6,global_e01,"[[[[[2,[""relation"",""relation""]],1],[[2,[""relation"",""relation""]],1],[[2,[""relation"",""relation""]],0],[[2,[""relation"",""relation""]],0]]],[2,[""entity"",""entity""]]]",0.31609435076043385
1,6,global_e01,"[[[[[2,[""relation"",""relation""]],1],[[2,[""relation"",""relation""]],1],[[2,[""relation"",""relation""]],0],[[2,[""relation"",""relation""]],1]]],[2,[""entity"",""entity""]]]",0.24476121516131275
1,6,global_e01,"[[[[[2,[""relation"",""relation""]],1],[[2,[""relation"",""relation""]],1],[[2,[""relation"",""relation""]],0]]],[2,[""relation"",""relation""]]]",0.3534792531293817
1,6,global_e01,"[[[[[2,[""relation"",""relation""]],1],[[2,[""relation"",""relation""]],1],[[2,[""relation"",""relation""]],1],[[2,[""relation"",""relation""]],0]]],[2,[""entity"",""entity""]]]",0.2740999765025407
1,6,global_e01,"[[[[[2,[""relation"",""relation""]],1],[[2,[""relation"",""relation""]],1],[[2,[""relation"",""relation""]],1],[[2,[""relation"",""relation""]],1]]],[2,[""entity"",""entity""]]]",0.1403268128697476
1,6,global_e01,"[[[[[2,[""relation"",""relation""]],1],[[2,[""relation"",""relation""]],1],[[2,[""relation"",""relation""]],1]]],[2,[""relation"",""relation""]]]",0.22459634434627038
1,6,global_e01,"[[[[[2,[""relation"",""relation""]],1],[[2,[""relation"",""relation""]],1]]],[2,[""relation"",""relation""]]]",0.3524807914016423
1,6,global_e01,"[[[[[2,[""relation"",""relation""]],1]]],[2,[""relation"",""relation""]]]",0.41775506279054664
1,6,global_e01,"[[[]],[1,[""entity""]]]",0.0
1,6,global_e01,"[[[]],[2,[""entity"",""entity""]]]",0.0
1,6,global_e01,"[[[]],[2,[""relation"",""relation""]]]",0.38905224931945614
1,6,global_e05,"[[[[[2,[""relation"",""relation""]],0]]],[1,[""entity""]]]",0.0009171749321710276
1,6,global_e05,"[[[[[2,[""relation"",""relation""]],1],[[2,[""relation"",""relation""]],0],[[2,[""relation"",""relation""]],0],[[2,[""relation"",""relation""]],1]]],[2,[""entity"",""entity""]]]",0.0741025599381066
1,6,global_e05,"[[[[[2,[""relation"",""relation""]],1],[[2,[""relation"",""relation""]],0],[[2,[""relation"",""relation""]],0]]],[2,[""relation"",""relation""]]]",1.0966732550997766
1,6,global_e05,"[[[[[2,[""relation"",""relation""]],1],[[2,[""relation"",""relation""]],0],[[2,[""relation"",""relation""]],1],[[2,[""relation"",""relation""]],0]]],[2,[""entity"",""entity""]]]",0.0856343312329489
1,6,global_e05,"[[[[[2,[""relation"",""relation""]],1],[[2,[""relation"",""relation""]],0],[[2,[""relation"",""relation""]],1],[[2,[""relation"",""relation""]],1]]],[2,[""entity"",""entity""]]]",0.11121615896225706
1,6,global_e05,"[[[[[2,[""relation"",""relation""]],1],[[2,[""relation"",""relation""]],0],[[2,[""relation"",""relation""]],1]]],[2,[""relation"",""relation""]]]",0.6675752770810459
1,6,global_e05,"[[[[[2,[""relation"",""relation""]],1],[[2,[""relation"",""relation""]],0]]],[2,[""relation"",""relation""]]]",0.6791503718553717
1,6,global_e05,"[[[[[2,[""relation"",""relation""]],1],[[2,[""relation"",""relation""]],1],[[2,[""relation"",""relation""]],0],[[2,[""relation"",""relation""]],0]]],[2,[""entity"",""entity""]]]",0.5070786349450428
1,6,global_e05,"[[[[[2,[""relation"",""relation""]],1],[[2,[""relation"",""relation""]],1],[[2,[""relation"",""relation""]],0],[[2,[""relation"",""relation""]],1]]],[2,[""entity"",""entity""]]]",0.2000265046221592
1,6,global_e05,"[[[[[2,[""relation"",""relation""]],1],[[2,[""relation"",""relation""]],1],[[2,[""relation"",""relation""]],0]]],[2,[""relation"",""relation""]]]",0.48575846422133095
1,6,global_e05,"[[[[[2,[""relation"",""relation""]],1],[[2,[""relation"",""relation""]],1],[[2,[""relation"",""relation""]],1],[[2,[""relation"",""relation""]],0]]],[2,[""entity"",""entity""]]]",0.277478276483419
1,6,global_e05,"[[[[[2,[""relation"",""relation""]],1],[[2,[""relation"",""relation""]],1],[[2,[""relation"",""relation""]],1],[[2,[""relation"",""relation""]],1]]],[2,[""entity"",""entity""]]]",0.1390220292657632
1,6,global_e05,"[[[[[2,[""relation"",""relation""]],1],[[2,[""relation"",""relation""]],1],[[2,[""relation"",""relation""]],1]]],[2,[""relation"",""relation""]]]",0.047201005878734936
1,6,global_e05,"[[[[[2,[""relation"",""relation""]],1],[[2,[""relation"",""relation""]],1]]],[2,[""relation"",""relation""]]]",0.48562044299956153
1,6,global_e05,"[[[[[2,[""relation"",""relation""]],1]]],[2,[""relation"",""relation""]]]",0.6791503718553717
1,6,global_e05,"[[[]],[1,[""entity""]]]",0.0
1,6,global_e05,"[[[]],[2,[""entity"",""entity""]]]",0.0
1,6,global_e05,"[[[]],[2,[""relation"",""relation""]]]",0.6538952224653503
1,6,position_e01,"[[[[[2,[""relation"",""relation""]],0]]],[1,[""entity""]]]",0.00787029770291746
1,6,position_e01,"[[[[[2,[""relation"",""relation""]],1],[[2,[""relation"",""relation""]],0],[[2,[""relation"",""relation""]],0],[[2,[""relation"",""relation""]],1]]],[2,[""entity"",""entity""]]]",0.0
1,6,position_e01,"[[[[[2,[""relation"",""relation""]],1],[[2,[""relation"",""relation""]],0],[[2,[""relation"",""relation""]],0]]],[2,[""relation"",""relation""]]]",0.0
1,6,position_e01,"[[[[[2,[""relation"",""relation""]],1],[[2,[""relation"",""relation""]],0],[[2,[""relation"",""relation""]],1],[[2,[""relation"",""relation""]],0]]],[2,[""entity"",""entity""]]]",0.0
1,6,position_e01,"[[[[[2,[""relation"",""relation""]],1],[[2,[""relation"",""relation""]],0],[[2,[""relation"",""relation""]],1],[[2,[""relation"",""relation""]],1]]],[2,[""entity"",""entity""]]]",0.0
1,6,position_e01,"[[[[[2,[""relation"",""relation""]],1],[[2,[""relation"",""relation""]],0],[[2,[""relation"",""relation""]],1]]],[2,[""relation"",""relation""]]]",0.0
1,6,position_e01,"[[[[[2,[""relation"",""relation""]],1],[[2,[""relation"",""relation""]],0]]],[2,[""relation"",""relation""]]]",0.0
1,6,position_e01,"[[[[[2,[""relation"",""relation""]],1],[[2,[""relation"",""relation""]],1],[[2,[""relation"",""relation""]],0],[[2,[""relation"",""relation""]],0]]],[2,[""entity"",""entity""]]]",0.5354834628764302
1,6,position_e01,"[[[[[2,[""relation"",""relation""]],1],[[2,[""relation"",""relation""]],1],[[2,[""relation"",""relation""]],0],[[2,[""relation"",""relation""]],1]]],[2,[""entity"",""entity""]]]",0.5828312876302713
1,6,position_e01,"[[[[[2,[""relation"",""relation""]],1],[[2,[""relation"",""relation""]],1],[[2,[""relation"",""relation""]],0]]],[2,[""relation"",""relation""]]]",0.7916487399693254
1,6,position_e01,"[[[[[2,[""relation"",""relation""]],1],[[2,[""relation"",""relation""]],1],[[2,[""relation"",""relation""]],1],[[2,[""relation"",""relation""]],0]]],[2,[""entity"",""entity""]]]",0.5701977371286834
1,6,position_e01,"[[[[[2,[""relation"",""relation""]],1],[[2,[""relation"",""relation""]],1],[[2,[""relation"",""relation""]],1],[[2,[""relation"",""relation""]],1]]],[2,[""entity"",""entity""]]]",0.4979219683592473
1,6,position_e01,"[[[[[2,[""relation"",""relation""]],1],[[2,[""relation"",""relation""]],1],[[2,[""relation"",""relation""]],1]]],[2,[""relation"",""relation""]]]",0.7697868181259632
1,6,position_e01,"[[[[[2,[""relation"",""relation""]],1],[[2,[""relation"",""relation""]],1]]],[2,[""relation"",""relation""]]]",0.7934050161553333
1,6,position_e01,"[[[[[2,[""relation"",""relation""]],1]]],[2,[""relation"",""relation""]]]",0.0
1,6,position_e01,"[[[]],[1,[""entity""]]]",0.0
1,6,position_e01,"[[[]],[2,[""entity"",""entity""]]]",0.0
1,6,position_e01,"[[[]],[2,[""relation"",""relation""]]]",0.0
1,6,position_e05,"[[[[[2,[""relation"",""relation""]],0]]],[1,[""entity""]]]",0.03285320729965033
1,6,position_e05,"[[[[[2,[""relation"",""relation""]],1],[[2,[""relation"",""relation""]],0],[[2,[""relation"",""relation""]],0],[[2,[""relation"",""relation""]],1]]],[2,[""entity"",""entity""]]]",0.0
1,6,position_e05,"[[[[[2,[""relation"",""relation""]],1],[[2,[""relation"",""relation""]],0],[[2,[""relation"",""relation""]],0]]],[2,[""relation"",""relation""]]]",0.0
1,6,position_e05,"[[[[[2,[""relation"",""relation""]],1],[[2,[""relation"",""relation""]],0],[[2,[""relation"",""relation""]],1],[[2,[""relation"",""relation""]],0]]],[2,[""entity"",""entity""]]]",0.0
1,6,position_e05,"[[[[[2,[""relation"",""relation""]],1],[[2,[""relation"",""relation""]],0],[[2,[""relation"",""relation""]],1],[[2,[""relation"",""relation""]],1]]],[2,[""entity"",""entity""]]]",0.0
1,6,position_e05,"[[[[[2,[""relation"",""relation""]],1],[[2,[""relation"",""relation""]],0],[[2,[""relation"",""relation""]],1]]],[2,[""relation"",""relation""]]]",0.0
1,6,position_e05,"[[[[[2,[""relation"",""relation""]],1],[[2,[""relation"",""relation""]],0]]],[2,[""relation"",""relation""]]]",0.0
1,6,position_e05,"[[[[[2,[""relation"",""relation""]],1],[[2,[""relation"",""relation""]],1],[[2,[""relation"",""relation""]],0],[[2,[""relation"",""relation""]],0]]],[2,[""entity"",""entity""]]]",0.9255847533926619
1,6,position_e05,"[[[[[2,[""relation"",""relation""]],1],[[2,[""relation"",""relation""]],1],[[2,[""relation"",""relation""]],0],[[2,[""relation"",""relation""]],1]]],[2,[""entity"",""entity""]]]",1.0074065572597954
1,6,position_e05,"[[[[[2,[""relation"",""relation""]],1],[[2,[""relation"",""relation""]],1],[[2,[""relation"",""relation""]],0]]],[2,[""relation"",""relation""]]]",1.6666897425488663
1,6,position_e05,"[[[[[2,[""relation"",""relation""]],1],[[2,[""relation"",""relation""]],1],[[2,[""relation"",""relation""]],1],[[2,[""relation"",""relation""]],0]]],[2,[""entity"",""entity""]]]",0.9828805002548574
1,6,position_e05,"[[[[[2,[""relation"",""relation""]],1],[[2,[""relation"",""relation""]],1],[[2,[""relation"",""relation""]],1],[[2,[""relation"",""relation""]],1]]],[2,[""entity"",""entity""]]]",0.7509926964833694
1,6,position_e05,"[[[[[2,[""relation"",""relation""]],1],[[2,[""relation"",""relation""]],1],[[2,[""relation"",""relation""]],1]]],[2,[""relation"",""relation""]]]",1.55397481337092
1,6,position_e05,"[[[[[2,[""relation"",""relation""]],1],[[2,[""relation"",""relation""]],1]]],[2,[""relation"",""relation""]]]",1.6569168175093067
1,6,position_e05,"[[[[[2,[""relation"",""relation""]],1]]],[2,[""relation"",""relation""]]]",0.0
1,6,position_e05,"[[[]],[1,[""entity""]]]",0.0
1,6,position_e05,"[[[]],[2,[""entity"",""entity""]]]",0.0
1,6,position_e05,"[[[]],[2,[""relation"",""relation""]]]",0.0
1,6,global_fixed1,"[[[[[2,[""relation"",""relation""]],0]]],[1,[""entity""]]]",1.0
1,6,global_fixed1,"[[[[[2,[""relation"",""relation""]],1],[[2,[""relation"",""relation""]],0],[[2,[""relation"",""relation""]],0],[[2,[""relation"",""relation""]],1]]],[2,[""entity"",""entity""]]]",1.0
1,6,global_fixed1,"[[[[[2,[""relation"",""relation""]],1],[[2,[""relation"",""relation""]],0],[[2,[""relation"",""relation""]],0]]],[2,[""relation"",""relation""]]]",1.0
1,6,global_fixed1,"[[[[[2,[""relation"",""relation""]],1],[[2,[""relation"",""relation""]],0],[[2,[""relation"",""relation""]],1],[[2,[""relation"",""relation""]],0]]],[2,[""entity"",""entity""]]]",1.0
1,6,global_fixed1,"[[[[[2,[""relation"",""relation""]],1],[[2,[""relation"",""relation""]],0],[[2,[""relation"",""relation""]],1],[[2,[""relation"",""relation""]],1]]],[2,[""entity"",""entity""]]]",1.0
1,6,global_fixed1,"[[[[[2,[""relation"",""relation""]],1],[[2,[""relation"",""relation""]],0],[[2,[""relation"",""relation""]],1]]],[2,[""relation"",""relation""]]]",1.0
1,6,global_fixed1,"[[[[[2,[""relation"",""relation""]],1],[[2,[""relation"",""relation""]],0]]],[2,[""relation"",""relation""]]]",1.0
1,6,global_fixed1,"[[[[[2,[""relation"",""relation""]],1],[[2,[""relation"",""relation""]],1],[[2,[""relation"",""relation""]],0],[[2,[""relation"",""relation""]],0]]],[2,[""entity"",""entity""]]]",1.0
1,6,global_fixed1,"[[[[[2,[""relation"",""relation""]],1],[[2,[""relation"",""relation""]],1],[[2,[""relation"",""relation""]],0],[[2,[""relation"",""relation""]],1]]],[2,[""entity"",""entity""]]]",1.0
1,6,global_fixed1,"[[[[[2,[""relation"",""relation""]],1],[[2,[""relation"",""relation""]],1],[[2,[""relation"",""relation""]],0]]],[2,[""relation"",""relation""]]]",1.0
1,6,global_fixed1,"[[[[[2,[""relation"",""relation""]],1],[[2,[""relation"",""relation""]],1],[[2,[""relation"",""relation""]],1],[[2,[""relation"",""relation""]],0]]],[2,[""entity"",""entity""]]]",1.0
1,6,global_fixed1,"[[[[[2,[""relation"",""relation""]],1],[[2,[""relation"",""relation""]],1],[[2,[""relation"",""relation""]],1],[[2,[""relation"",""relation""]],1]]],[2,[""entity"",""entity""]]]",1.0
1,6,global_fixed1,"[[[[[2,[""relation"",""relation""]],1],[[2,[""relation"",""relation""]],1],[[2,[""relation"",""relation""]],1]]],[2,[""relation"",""relation""]]]",1.0
1,6,global_fixed1,"[[[[[2,[""relation"",""relation""]],1],[[2,[""relation"",""relation""]],1]]],[2,[""relation"",""relation""]]]",1.0
1,6,global_fixed1,"[[[[[2,[""relation"",""relation""]],1]]],[2,[""relation"",""relation""]]]",1.0
1,6,global_fixed1,"[[[]],[1,[""entity""]]]",1.0
1,6,global_fixed1,"[[[]],[2,[""entity"",""entity""]]]",1.0
1,6,global_fixed1,"[[[]],[2,[""relation"",""relation""]]]",1.0
1,6,position_fixed1,"[[[[[2,[""relation"",""relation""]],0]]],[1,[""entity""]]]",1.0
1,6,position_fixed1,"[[[[[2,[""relation"",""relation""]],1],[[2,[""relation"",""relation""]],0],[[2,[""relation"",""relation""]],0],[[2,[""relation"",""relation""]],1]]],[2,[""entity"",""entity""]]]",1.0
1,6,position_fixed1,"[[[[[2,[""relation"",""relation""]],1],[[2,[""relation"",""relation""]],0],[[2,[""relation"",""relation""]],0]]],[2,[""relation"",""relation""]]]",1.0
1,6,position_fixed1,"[[[[[2,[""relation"",""relation""]],1],[[2,[""relation"",""relation""]],0],[[2,[""relation"",""relation""]],1],[[2,[""relation"",""relation""]],0]]],[2,[""entity"",""entity""]]]",1.0
1,6,position_fixed1,"[[[[[2,[""relation"",""relation""]],1],[[2,[""relation"",""relation""]],0],[[2,[""relation"",""relation""]],1],[[2,[""relation"",""relation""]],1]]],[2,[""entity"",""entity""]]]",1.0
1,6,position_fixed1,"[[[[[2,[""relation"",""relation""]],1],[[2,[""relation"",""relation""]],0],[[2,[""relation"",""relation""]],1]]],[2,[""relation"",""relation""]]]",1.0
1,6,position_fixed1,"[[[[[2,[""relation"",""relation""]],1],[[2,[""relation"",""relation""]],0]]],[2,[""relation"",""relation""]]]",1.0
1,6,position_fixed1,"[[[[[2,[""relation"",""relation""]],1],[[2,[""relation"",""relation""]],1],[[2,[""relation"",""relation""]],0],[[2,[""relation"",""relation""]],0]]],[2,[""entity"",""entity""]]]",1.0
1,6,position_fixed1,"[[[[[2,[""relation"",""relation""]],1],[[2,[""relation"",""relation""]],1],[[2,[""relation"",""relation""]],0],[[2,[""relation"",""relation""]],1]]],[2,[""entity"",""entity""]]]",1.0
1,6,position_fixed1,"[[[[[2,[""relation"",""relation""]],1],[[2,[""relation"",""relation""]],1],[[2,[""relation"",""relation""]],0]]],[2,[""relation"",""relation""]]]",1.0
1,6,position_fixed1,"[[[[[2,[""relation"",""relation""]],1],[[2,[""relation"",""relation""]],1],[[2,[""relation"",""relation""]],1],[[2,[""relation"",""relation""]],0]]],[2,[""entity"",""entity""]]]",1.0
1,6,position_fixed1,"[[[[[2,[""relation"",""relation""]],1],[[2,[""relation"",""relation""]],1],[[2,[""relation"",""relation""]],1],[[2,[""relation"",""relation""]],1]]],[2,[""entity"",""entity""]]]",1.0
1,6,position_fixed1,"[[[[[2,[""relation"",""relation""]],1],[[2,[""relation"",""relation""]],1],[[2,[""relation"",""relation""]],1]]],[2,[""relation"",""relation""]]]",1.0
1,6,position_fixed1,"[[[[[2,[""relation"",""relation""]],1],[[2,[""relation"",""relation""]],1]]],[2,[""relation"",""relation""]]]",1.0
1,6,position_fixed1,"[[[[[2,[""relation"",""relation""]],1]]],[2,[""relation"",""relation""]]]",1.0
1,6,position_fixed1,"[[[]],[1,[""entity""]]]",1.0
1,6,position_fixed1,"[[[]],[2,[""entity"",""entity""]]]",1.0
1,6,position_fixed1,"[[[]],[2,[""relation"",""relation""]]]",1.0
1,7,global_e01,"[[[[[2,[""relation"",""relation""]],0]]],[1,[""entity""]]]",0.019105466745906373
1,7,global_e01,"[[[[[2,[""relation"",""relation""]],1],[[2,[""relation"",""relation""]],0],[[2,[""relation"",""relation""]],0],[[2,[""relation"",""relation""]],1]]],[2,[""entity"",""entity""]]]",0.24821199759563123
1,7,global_e01,"[[[[[2,[""relation"",""relation""]],1],[[2,[""relation"",""relation""]],0],[[2,[""relation"",""relation""]],0]]],[2,[""relation"",""relation""]]]",0.5081876464368673
1,7,global_e01,"[[[[[2,[""relation"",""relation""]],1],[[2,[""relation"",""relation""]],0],[[2,[""relation"",""relation""]],1],[[2,[""relation"",""relation""]],0]]],[2,[""entity"",""entity""]]]",0.03514430712336742
1,7,global_e01,"[[[[[2,[""relation"",""relation""]],1],[[2,[""relation"",""relation""]],0],[[2,[""relation"",""relation""]],1],[[2,[""relation"",""relation""]],1]]],[2,[""entity"",""entity""]]]",0.11332300939119806
1,7,global_e01,"[[[[[2,[""relation"",""relation""]],1],[[2,[""relation"",""relation""]],0],[[2,[""relation"",""relation""]],1]]],[2,[""relation"",""relation""]]]",0.3726013867846952
1,7,global_e01,"[[[[[2,[""relation"",""relation""]],1],[[2,[""relation"",""relation""]],0]]],[2,[""relation"",""relation""]]]",0.4356689113376842
1,7,global_e01,"[[[[[2,[""relation"",""relation""]],1],[[2,[""relation"",""relation""]],1],[[2,[""relation"",""relation""]],0],[[2,[""relation"",""relation""]],0]]],[2,[""entity"",""entity""]]]",0.16343561308569093
1,7,global_e01,"[[[[[2,[""relation"",""relation""]],1],[[2,[""relation"",""relation""]],1],[[2,[""relation"",""relation""]],0],[[2,[""relation"",""relation""]],1]]],[2,[""entity"",""entity""]]]",0.254122945864603
1,7,global_e01,"[[[[[2,[""relation"",""relation""]],1],[[2,[""relation"",""relation""]],1],[[2,[""relation"",""relation""]],0]]],[2,[""relation"",""relation""]]]",0.3153989611323842
1,7,global_e01,"[[[[[2,[""relation"",""relation""]],1],[[2,[""relation"",""relation""]],1],[[2,[""relation"",""relation""]],1],[[2,[""relation"",""relation""]],0]]],[2,[""entity"",""entity""]]]",0.19271357073134163
1,7,global_e01,"[[[[[2,[""relation"",""relation""]],1],[[2,[""relation"",""relation""]],1],[[2,[""relation"",""relation""]],1],[[2,[""relation"",""relation""]],1]]],[2,[""entity"",""entity""]]]",0.16688296761960753
1,7,global_e01,"[[[[[2,[""relation"",""relation""]],1],[[2,[""relation"",""relation""]],1],[[2,[""relation"",""relation""]],1]]],[2,[""relation"",""relation""]]]",0.2983128788614704
1,7,global_e01,"[[[[[2,[""relation"",""relation""]],1],[[2,[""relation"",""relation""]],1]]],[2,[""relation"",""relation""]]]",0.31235719005562174
1,7,global_e01,"[[[[[2,[""relation"",""relation""]],1]]],[2,[""relation"",""relation""]]]",0.4356689113376842
1,7,global_e01,"[[[]],[1,[""entity""]]]",0.0
1,7,global_e01,"[[[]],[2,[""entity"",""entity""]]]",0.0
1,7,global_e01,"[[[]],[2,[""relation"",""relation""]]]",0.4112755898037035
1,7,global_e05,"[[[[[2,[""relation"",""relation""]],0]]],[1,[""entity""]]]",0.05413276510784591
1,7,global_e05,"[[[[[2,[""relation"",""relation""]],1],[[2,[""relation"",""relation""]],0],[[2,[""relation"",""relation""]],0],[[2,[""relation"",""relation""]],1]]],[2,[""entity"",""entity""]]]",0.6333206406973494
1,7,global_e05,"[[[[[2,[""relation"",""relation""]],1],[[2,[""relation"",""relation""]],0],[[2,[""relation"",""relation""]],0]]],[2,[""relation"",""relation""]]]",0.9156211339000307
1,7,global_e05,"[[[[[2,[""relation"",""relation""]],1],[[2,[""relation"",""relation""]],0],[[2,[""relation"",""relation""]],1],[[2,[""relation"",""relation""]],0]]],[2,[""entity"",""entity""]]]",0.028115462321306295
1,7,global_e05,"[[[[[2,[""relation"",""relation""]],1],[[2,[""relation"",""relation""]],0],[[2,[""relation"",""relation""]],1],[[2,[""relation"",""relation""]],1]]],[2,[""entity"",""entity""]]]",0.09366967690078028
1,7,global_e05,"[[[[[2,[""relation"",""relation""]],1],[[2,[""relation"",""relation""]],0],[[2,[""relation"",""relation""]],1]]],[2,[""relation"",""relation""]]]",0.5242759024979541
1,7,global_e05,"[[[[[2,[""relation"",""relation""]],1],[[2,[""relation"",""relation""]],0]]],[2,[""relation"",""relation""]]]",0.6607327057823936
1,7,global_e05,"[[[[[2,[""relation"",""relation""]],1],[[2,[""relation"",""relation""]],1],[[2,[""relation"",""relation""]],0],[[2,[""relation"",""relation""]],0]]],[2,[""entity"",""entity""]]]",0.06519436845460908
1,7,global_e05,"[[[[[2,[""relation"",""relation""]],1],[[2,[""relation"",""relation""]],1],[[2,[""relation"",""relation""]],0],[[2,[""relation"",""relation""]],1]]],[2,[""entity"",""entity""]]]",0.4181170362568241
1,7,global_e05,"[[[[[2,[""relation"",""relation""]],1],[[2,[""relation"",""relation""]],1],[[2,[""relation"",""relation""]],0]]],[2,[""relation"",""relation""]]]",0.41969710716182085
1,7,global_e05,"[[[[[2,[""relation"",""relation""]],1],[[2,[""relation"",""relation""]],1],[[2,[""relation"",""relation""]],1],[[2,[""relation"",""relation""]],0]]],[2,[""entity"",""entity""]]]",0.25176769630398765
1,7,global_e05,"[[[[[2,[""relation"",""relation""]],1],[[2,[""relation"",""relation""]],1],[[2,[""relation"",""relation""]],1],[[2,[""relation"",""relation""]],1]]],[2,[""entity"",""entity""]]]",0.2281098917543619
1,7,global_e05,"[[[[[2,[""relation"",""relation""]],1],[[2,[""relation"",""relation""]],1],[[2,[""relation"",""relation""]],1]]],[2,[""relation"",""relation""]]]",0.40777064877458213
1,7,global_e05,"[[[[[2,[""relation"",""relation""]],1],[[2,[""relation"",""relation""]],1]]],[2,[""relation"",""relation""]]]",0.41955985767728243
1,7,global_e05,"[[[[[2,[""relation"",""relation""]],1]]],[2,[""relation"",""relation""]]]",0.6607327057823936
1,7,global_e05,"[[[]],[1,[""entity""]]]",0.0
1,7,global_e05,"[[[]],[2,[""entity"",""entity""]]]",0.0
1,7,global_e05,"[[[]],[2,[""relation"",""relation""]]]",0.6580779869525208
1,7,position_e01,"[[[[[2,[""relation"",""relation""]],0]]],[1,[""entity""]]]",0.048052352893522526
1,7,position_e01,"[[[[[2,[""relation"",""relation""]],1],[[2,[""relation"",""relation""]],0],[[2,[""relation"",""relation""]],0],[[2,[""relation"",""relation""]],1]]],[2,[""entity"",""entity""]]]",0.0
1,7,position_e01,"[[[[[2,[""relation"",""relation""]],1],[[2,[""relation"",""relation""]],0],[[2,[""relation"",""relation""]],0]]],[2,[""relation"",""relation""]]]",0.0
1,7,position_e01,"[[[[[2,[""relation"",""relation""]],1],[[2,[""relation"",""relation""]],0],[[2,[""relation"",""relation""]],1],[[2,[""relation"",""relation""]],0]]],[2,[""entity"",""entity""]]]",0.0
1,7,position_e01,"[[[[[2,[""relation"",""relation""]],1],[[2,[""relation"",""relation""]],0],[[2,[""relation"",""relation""]],1],[[2,[""relation"",""relation""]],1]]],[2,[""entity"",""entity""]]]",0.0
1,7,position_e01,"[[[[[2,[""relation"",""relation""]],1],[[2,[""relation"",""relation""]],0],[[2,[""relation"",""relation""]],1]]],[2,[""relation"",""relation""]]]",0.0
1,7,position_e01,"[[[[[2,[""relation"",""relation""]],1],[[2,[""relation"",""relation""]],0]]],[2,[""relation"",""relation""]]]",0.0
1,7,position_e01,"[[[[[2,[""relation"",""relation""]],1],[[2,[""relation"",""relation""]],1],[[2,[""relation"",""relation""]],0],[[2,[""relation"",""relation""]],0]]],[2,[""entity"",""entity""]]]",0.47152340782447877
1,7,position_e01,"[[[[[2,[""relation"",""relation""]],1],[[2,[""relation"",""relation""]],1],[[2,[""relation"",""relation""]],0],[[2,[""relation"",""relation""]],1]]],[2,[""entity"",""entity""]]]",0.5509800703094401
1,7,position_e01,"[[[[[2,[""relation"",""relation""]],1],[[2,[""relation"",""relation""]],1],[[2,[""relation"",""relation""]],0]]],[2,[""relation"",""relation""]]]",0.717324983338232
1,7,position_e01,"[[[[[2,[""relation"",""relation""]],1],[[2,[""relation"",""relation""]],1],[[2,[""relation"",""relation""]],1],[[2,[""relation"",""relation""]],0]]],[2,[""entity"",""entity""]]]",0.47819866632140934
1,7,position_e01,"[[[[[2,[""relation"",""relation""]],1],[[2,[""relation"",""relation""]],1],[[2,[""relation"",""relation""]],1],[[2,[""relation"",""relation""]],1]]],[2,[""entity"",""entity""]]]",0.4835950713441698
1,7,position_e01,"[[[[[2,[""relation"",""relation""]],1],[[2,[""relation"",""relation""]],1],[[2,[""relation"",""relation""]],1]]],[2,[""relation"",""relation""]]]",0.7015624679664607
1,7,position_e01,"[[[[[2,[""relation"",""relation""]],1],[[2,[""relation"",""relation""]],1]]],[2,[""relation"",""relation""]]]",0.7229241297355817
1,7,position_e01,"[[[[[2,[""relation"",""relation""]],1]]],[2,[""relation"",""relation""]]]",0.0
1,7,position_e01,"[[[]],[1,[""entity""]]]",0.0
1,7,position_e01,"[[[]],[2,[""entity"",""entity""]]]",0.0
1,7,position_e01,"[[[]],[2,[""relation"",""relation""]]]",0.0
1,7,position_e05,"[[[[[2,[""relation"",""relation""]],0]]],[1,[""entity""]]]",0.31119132901403246
1,7,position_e05,"[[[[[2,[""relation"",""relation""]],1],[[2,[""relation"",""relation""]],0],[[2,[""relation"",""relation""]],0],[[2,[""relation"",""relation""]],1]]],[2,[""entity"",""entity""]]]",0.0
1,7,position_e05,"[[[[[2,[""relation"",""relation""]],1],[[2,[""relation"",""relation""]],0],[[2,[""relation"",""relation""]],0]]],[2,[""relation"",""relation""]]]",0.0
1,7,position_e05,"[[[[[2,[""relation"",""relation""]],1],[[2,[""relation"",""relation""]],0],[[2,[""relation"",""relation""]],1],[[2,[""relation"",""relation""]],0]]],[2,[""entity"",""entity""]]]",0.0
1,7,position_e05,"[[[[[2,[""relation"",""relation""]],1],[[2,[""relation"",""relation""]],0],[[2,[""relation"",""relation""]],1],[[2,[""relation"",""relation""]],1]]],[2,[""entity"",""entity""]]]",0.0
1,7,position_e05,"[[[[[2,[""relation"",""relation""]],1],[[2,[""relation"",""relation""]],0],[[2,[""relation"",""relation""]],1]]],[2,[""relation"",""relation""]]]",0.0
1,7,position_e05,"[[[[[2,[""relation"",""relation""]],1],[[2,[""relation"",""relation""]],0]]],[2,[""relation"",""relation""]]]",0.0
1,7,position_e05,"[[[[[2,[""relation"",""relation""]],1],[[2,[""relation"",""relation""]],1],[[2,[""relation"",""relation""]],0],[[2,[""relation"",""relation""]],0]]],[2,[""entity"",""entity""]]]",0.7357840178528308
1,7,position_e05,"[[[[[2,[""relation"",""relation""]],1],[[2,[""relation"",""relation""]],1],[[2,[""relation"",""relation""]],0],[[2,[""relation"",""relation""]],1]]],[2,[""entity"",""entity""]]]",0.9576663029076814
1,7,position_e05,"[[[[[2,[""relation"",""relation""]],1],[[2,[""relation"",""relation""]],1],[[2,[""relation"",""relation""]],0]]],[2,[""relation"",""relation""]]]",1.5051415689666523
1,7,position_e05,"[[[[[2,[""relation"",""relation""]],1],[[2,[""relation"",""relation""]],1],[[2,[""relation"",""relation""]],1],[[2,[""relation"",""relation""]],0]]],[2,[""entity"",""entity""]]]",0.6979316131279547
1,7,position_e05,"[[[[[2,[""relation"",""relation""]],1],[[2,[""relation"",""relation""]],1],[[2,[""relation"",""relation""]],1],[[2,[""relation"",""relation""]],1]]],[2,[""entity"",""entity""]]]",0.7317560474950418
1,7,position_e05,"[[[[[2,[""relation"",""relation""]],1],[[2,[""relation"",""relation""]],1],[[2,[""relation"",""relation""]],1]]],[2,[""relation"",""relation""]]]",1.4337872434332344
1,7,position_e05,"[[[[[2,[""relation"",""relation""]],1],[[2,[""relation"",""relation""]],1]]],[2,[""relation"",""relation""]]]",1.4959224653681658
1,7,position_e05,"[[[[[2,[""relation"",""relation""]],1]]],[2,[""relation"",""relation""]]]",0.0
1,7,position_e05,"[[[]],[1,[""entity""]]]",0.0
1,7,position_e05,"[[[]],[2,[""entity"",""entity""]]]",0.0
1,7,position_e05,"[[[]],[2,[""relation"",""relation""]]]",0.0
1,7,global_fixed1,"[[[[[2,[""relation"",""relation""]],0]]],[1,[""entity""]]]",1.0
1,7,global_fixed1,"[[[[[2,[""relation"",""relation""]],1],[[2,[""relation"",""relation""]],0],[[2,[""relation"",""relation""]],0],[[2,[""relation"",""relation""]],1]]],[2,[""entity"",""entity""]]]",1.0
1,7,global_fixed1,"[[[[[2,[""relation"",""relation""]],1],[[2,[""relation"",""relation""]],0],[[2,[""relation"",""relation""]],0]]],[2,[""relation"",""relation""]]]",1.0
1,7,global_fixed1,"[[[[[2,[""relation"",""relation""]],1],[[2,[""relation"",""relation""]],0],[[2,[""relation"",""relation""]],1],[[2,[""relation"",""relation""]],0]]],[2,[""entity"",""entity""]]]",1.0
1,7,global_fixed1,"[[[[[2,[""relation"",""relation""]],1],[[2,[""relation"",""relation""]],0],[[2,[""relation"",""relation""]],1],[[2,[""relation"",""relation""]],1]]],[2,[""entity"",""entity""]]]",1.0
1,7,global_fixed1,"[[[[[2,[""relation"",""relation""]],1],[[2,[""relation"",""relation""]],0],[[2,[""relation"",""relation""]],1]]],[2,[""relation"",""relation""]]]",1.0
1,7,global_fixed1,"[[[[[2,[""relation"",""relation""]],1],[[2,[""relation"",""relation""]],0]]],[2,[""relation"",""relation""]]]",1.0
1,7,global_fixed1,"[[[[[2,[""relation"",""relation""]],1],[[2,[""relation"",""relation""]],1],[[2,[""relation"",""relation""]],0],[[2,[""relation"",""relation""]],0]]],[2,[""entity"",""entity""]]]",1.0
1,7,global_fixed1,"[[[[[2,[""relation"",""relation""]],1],[[2,[""relation"",""relation""]],1],[[2,[""relation"",""relation""]],0],[[2,[""relation"",""relation""]],1]]],[2,[""entity"",""entity""]]]",1.0
1,7,global_fixed1,"[[[[[2,[""relation"",""relation""]],1],[[2,[""relation"",""relation""]],1],[[2,[""relation"",""relation""]],0]]],[2,[""relation"",""relation""]]]",1.0
1,7,global_fixed1,"[[[[[2,[""relation"",""relation""]],1],[[2,[""relation"",""relation""]],1],[[2,[""relation"",""relation""]],1],[[2,[""relation"",""relation""]],0]]],[2,[""entity"",""entity""]]]",1.0
1,7,global_fixed1,"[[[[[2,[""relation"",""relation""]],1],[[2,[""relation"",""relation""]],1],[[2,[""relation"",""relation""]],1],[[2,[""relation"",""relation""]],1]]],[2,[""entity"",""entity""]]]",1.0
1,7,global_fixed1,"[[[[[2,[""relation"",""relation""]],1],[[2,[""relation"",""relation""]],1],[[2,[""relation"",""relation""]],1]]],[2,[""relation"",""relation""]]]",1.0
1,7,global_fixed1,"[[[[[2,[""relation"",""relation""]],1],[[2,[""relation"",""relation""]],1]]],[2,[""relation"",""relation""]]]",1.0
1,7,global_fixed1,"[[[[[2,[""relation"",""relation""]],1]]],[2,[""relation"",""relation""]]]",1.0
1,7,global_fixed1,"[[[]],[1,[""entity""]]]",1.0
1,7,global_fixed1,"[[[]],[2,[""entity"",""entity""]]]",1.0
1,7,global_fixed1,"[[[]],[2,[""relation"",""relation""]]]",1.0
1,7,position_fixed1,"[[[[[2,[""relation"",""relation""]],0]]],[1,[""entity""]]]",1.0
1,7,position_fixed1,"[[[[[2,[""relation"",""relation""]],1],[[2,[""relation"",""relation""]],0],[[2,[""relation"",""relation""]],0],[[2,[""relation"",""relation""]],1]]],[2,[""entity"",""entity""]]]",1.0
1,7,position_fixed1,"[[[[[2,[""relation"",""relation""]],1],[[2,[""relation"",""relation""]],0],[[2,[""relation"",""relation""]],0]]],[2,[""relation"",""relation""]]]",1.0
1,7,position_fixed1,"[[[[[2,[""relation"",""relation""]],1],[[2,[""relation"",""relation""]],0],[[2,[""relation"",""relation""]],1],[[2,[""relation"",""relation""]],0]]],[2,[""entity"",""entity""]]]",1.0
1,7,position_fixed1,"[[[[[2,[""relation"",""relation""]],1],[[2,[""relation"",""relation""]],0],[[2,[""relation"",""relation""]],1],[[2,[""relation"",""relation""]],1]]],[2,[""entity"",""entity""]]]",1.0
1,7,position_fixed1,"[[[[[2,[""relation"",""relation""]],1],[[2,[""relation"",""relation""]],0],[[2,[""relation"",""relation""]],1]]],[2,[""relation"",""relation""]]]",1.0
1,7,position_fixed1,"[[[[[2,[""relation"",""relation""]],1],[[2,[""relation"",""relation""]],0]]],[2,[""relation"",""relation""]]]",1.0
1,7,position_fixed1,"[[[[[2,[""relation"",""relation""]],1],[[2,[""relation"",""relation""]],1],[[2,[""relation"",""relation""]],0],[[2,[""relation"",""relation""]],0]]],[2,[""entity"",""entity""]]]",1.0
1,7,position_fixed1,"[[[[[2,[""relation"",""relation""]],1],[[2,[""relation"",""relation""]],1],[[2,[""relation"",""relation""]],0],[[2,[""relation"",""relation""]],1]]],[2,[""entity"",""entity""]]]",1.0
1,7,position_fixed1,"[[[[[2,[""relation"",""relation""]],1],[[2,[""relation"",""relation""]],1],[[2,[""relation"",""relation""]],0]]],[2,[""relation"",""relation""]]]",1.0
1,7,position_fixed1,"[[[[[2,[""relation"",""relation""]],1],[[2,[""relation"",""relation""]],1],[[2,[""relation"",""relation""]],1],[[2,[""relation"",""relation""]],0]]],[2,[""entity"",""entity""]]]",1.0
1,7,position_fixed1,"[[[[[2,[""relation"",""relation""]],1],[[2,[""relation"",""relation""]],1],[[2,[""relation"",""relation""]],1],[[2,[""relation"",""relation""]],1]]],[2,[""entity"",""entity""]]]",1.0
1,7,position_fixed1,"[[[[[2,[""relation"",""relation""]],1],[[2,[""relation"",""relation""]],1],[[2,[""relation"",""relation""]],1]]],[2,[""relation"",""relation""]]]",1.0
1,7,position_fixed1,"[[[[[2,[""relation"",""relation""]],1],[[2,[""relation"",""relation""]],1]]],[2,[""relation"",""relation""]]]",1.0
1,7,position_fixed1,"[[[[[2,[""relation"",""relation""]],1]]],[2,[""relation"",""relation""]]]",1.0
1,7,position_fixed1,"[[[]],[1,[""entity""]]]",1.0
1,7,position_fixed1,"[[[]],[2,[""entity"",""entity""]]]",1.0
1,7,position_fixed1,"[[[]],[2,[""relation"",""relation""]]]",1.0
1,8,global_e01,"[[[[[2,[""relation"",""relation""]],0]]],[1,[""entity""]]]",0.12288682313601827
1,8,global_e01,"[[[[[2,[""relation"",""relation""]],1],[[2,[""relation"",""relation""]],0],[[2,[""relation"",""relation""]],0],[[2,[""relation"",""relation""]],1]]],[2,[""entity"",""entity""]]]",0.2057568154144717
1,8,global_e01,"[[[[[2,[""relation"",""relation""]],1],[[2,[""relation"",""relation""]],0],[[2,[""relation"",""relation""]],0]]],[2,[""relation"",""relation""]]]",0.4081601922547563
1,8,global_e01,"[[[[[2,[""relation"",""relation""]],1],[[2,[""relation"",""relation""]],0],[[2,[""relation"",""relation""]],1],[[2,[""relation"",""relation""]],0]]],[2,[""entity"",""entity""]]]",0.24581693509006725
1,8,global_e01,"[[[[[2,[""relation"",""relation""]],1],[[2,[""relation"",""relation""]],0],[[2,[""relation"",""relation""]],1],[[2,[""relation"",""relation""]],1]]],[2,[""entity"",""entity""]]]",0.17145371905322165
1,8,global_e01,"[[[[[2,[""relation"",""relation""]],1],[[2,[""relation"",""relation""]],0],[[2,[""relation"",""relation""]],1]]],[2,[""relation"",""relation""]]]",0.3965354042670984
1,8,global_e01,"[[[[[2,[""relation"",""relation""]],1],[[2,[""relation"",""relation""]],0]]],[2,[""relation"",""relation""]]]",0.4085234073140017
1,8,global_e01,"[[[[[2,[""relation"",""relation""]],1],[[2,[""relation"",""relation""]],1],[[2,[""relation"",""relation""]],0],[[2,[""relation"",""relation""]],0]]],[2,[""entity"",""entity""]]]",0.28110307281572183
1,8,global_e01,"[[[[[2,[""relation"",""relation""]],1],[[2,[""relation"",""relation""]],1],[[2,[""relation"",""relation""]],0],[[2,[""relation"",""relation""]],1]]],[2,[""entity"",""entity""]]]",0.29051212508919605
1,8,global_e01,"[[[[[2,[""relation"",""relation""]],1],[[2,[""relation"",""relation""]],1],[[2,[""relation"",""relation""]],0]]],[2,[""relation"",""relation""]]]",0.2985799116466033
1,8,global_e01,"[[[[[2,[""relation"",""relation""]],1],[[2,[""relation"",""relation""]],1],[[2,[""relation"",""relation""]],1],[[2,[""relation"",""relation""]],0]]],[2,[""entity"",""entity""]]]",0.2844414903636587
1,8,global_e01,"[[[[[2,[""relation"",""relation""]],1],[[2,[""relation"",""relation""]],1],[[2,[""relation"",""relation""]],1],[[2,[""relation"",""relation""]],1]]],[2,[""entity"",""entity""]]]",0.2955960068040198
1,8,global_e01,"[[[[[2,[""relation"",""relation""]],1],[[2,[""relation"",""relation""]],1],[[2,[""relation"",""relation""]],1]]],[2,[""relation"",""relation""]]]",0.2974509288343703
1,8,global_e01,"[[[[[2,[""relation"",""relation""]],1],[[2,[""relation"",""relation""]],1]]],[2,[""relation"",""relation""]]]",0.2991105207532251
1,8,global_e01,"[[[[[2,[""relation"",""relation""]],1]]],[2,[""relation"",""relation""]]]",0.4085234073140017
1,8,global_e01,"[[[]],[1,[""entity""]]]",0.0
1,8,global_e01,"[[[]],[2,[""entity"",""entity""]]]",0.0
1,8,global_e01,"[[[]],[2,[""relation"",""relation""]]]",0.37643186054417105
1,8,global_e05,"[[[[[2,[""relation"",""relation""]],0]]],[1,[""entity""]]]",0.44598105760402745
1,8,global_e05,"[[[[[2,[""relation"",""relation""]],1],[[2,[""relation"",""relation""]],0],[[2,[""relation"",""relation""]],0],[[2,[""relation"",""relation""]],1]]],[2,[""entity"",""entity""]]]",0.5795220701395213
1,8,global_e05,"[[[[[2,[""relation"",""relation""]],1],[[2,[""relation"",""relation""]],0],[[2,[""relation"",""relation""]],0]]],[2,[""relation"",""relation""]]]",0.640388071571178
1,8,global_e05,"[[[[[2,[""relation"",""relation""]],1],[[2,[""relation"",""relation""]],0],[[2,[""relation"",""relation""]],1],[[2,[""relation"",""relation""]],0]]],[2,[""entity"",""entity""]]]",0.5948645602464355
1,8,global_e05,"[[[[[2,[""relation"",""relation""]],1],[[2,[""relation"",""relation""]],0],[[2,[""relation"",""relation""]],1],[[2,[""relation"",""relation""]],1]]],[2,[""entity"",""entity""]]]",0.5216033456012921
1,8,global_e05,"[[[[[2,[""relation"",""relation""]],1],[[2,[""relation"",""relation""]],0],[[2,[""relation"",""relation""]],1]]],[2,[""relation"",""relation""]]]",0.6333532320833957
1,8,global_e05,"[[[[[2,[""relation"",""relation""]],1],[[2,[""relation"",""relation""]],0]]],[2,[""relation"",""relation""]]]",0.640390880041936
1,8,global_e05,"[[[[[2,[""relation"",""relation""]],1],[[2,[""relation"",""relation""]],1],[[2,[""relation"",""relation""]],0],[[2,[""relation"",""relation""]],0]]],[2,[""entity"",""entity""]]]",0.7834769486761499
1,8,global_e05,"[[[[[2,[""relation"",""relation""]],1],[[2,[""relation"",""relation""]],1],[[2,[""relation"",""relation""]],0],[[2,[""relation"",""relation""]],1]]],[2,[""entity"",""entity""]]]",0.8209842881713199
1,8,global_e05,"[[[[[2,[""relation"",""relation""]],1],[[2,[""relation"",""relation""]],1],[[2,[""relation"",""relation""]],0]]],[2,[""relation"",""relation""]]]",0.6999706271639488
1,8,global_e05,"[[[[[2,[""relation"",""relation""]],1],[[2,[""relation"",""relation""]],1],[[2,[""relation"",""relation""]],1],[[2,[""relation"",""relation""]],0]]],[2,[""entity"",""entity""]]]",0.785450570588439
1,8,global_e05,"[[[[[2,[""relation"",""relation""]],1],[[2,[""relation"",""relation""]],1],[[2,[""relation"",""relation""]],1],[[2,[""relation"",""relation""]],1]]],[2,[""entity"",""entity""]]]",0.7857147106383187
1,8,global_e05,"[[[[[2,[""relation"",""relation""]],1],[[2,[""relation"",""relation""]],1],[[2,[""relation"",""relation""]],1]]],[2,[""relation"",""relation""]]]",0.6997973800011479
1,8,global_e05,"[[[[[2,[""relation"",""relation""]],1],[[2,[""relation"",""relation""]],1]]],[2,[""relation"",""relation""]]]",0.6999955723035987
1,8,global_e05,"[[[[[2,[""relation"",""relation""]],1]]],[2,[""relation"",""relation""]]]",0.640390880041936
1,8,global_e05,"[[[]],[1,[""entity""]]]",0.0
1,8,global_e05,"[[[]],[2,[""entity"",""entity""]]]",0.0
1,8,global_e05,"[[[]],[2,[""relation"",""relation""]]]",0.6043351680610134
1,8,position_e01,"[[[[[2,[""relation"",""relation""]],0]]],[1,[""entity""]]]",0.06305394478873153
1,8,position_e01,"[[[[[2,[""relation"",""relation""]],1],[[2,[""relation"",""relation""]],0],[[2,[""relation"",""relation""]],0],[[2,[""relation"",""relation""]],1]]],[2,[""entity"",""entity""]]]",0.0
1,8,position_e01,"[[[[[2,[""relation"",""relation""]],1],[[2,[""relation"",""relation""]],0],[[2,[""relation"",""relation""]],0]]],[2,[""relation"",""relation""]]]",0.0
1,8,position_e01,"[[[[[2,[""relation"",""relation""]],1],[[2,[""relation"",""relation""]],0],[[2,[""relation"",""relation""]],1],[[2,[""relation"",""relation""]],0]]],[2,[""entity"",""entity""]]]",0.0
1,8,position_e01,"[[[[[2,[""relation"",""relation""]],1],[[2,[""relation"",""relation""]],0],[[2,[""relation"",""relation""]],1],[[2,[""relation"",""relation""]],1]]],[2,[""entity"",""entity""]]]",0.0
1,8,position_e01,"[[[[[2,[""relation"",""relation""]],1],[[2,[""relation"",""relation""]],0],[[2,[""relation"",""relation""]],1]]],[2,[""relation"",""relation""]]]",0.0
1,8,position_e01,"[[[[[2,[""relation"",""relation""]],1],[[2,[""relation"",""relation""]],0]]],[2,[""relation"",""relation""]]]",0.0
1,8,position_e01,"[[[[[2,[""relation"",""relation""]],1],[[2,[""relation"",""relation""]],1],[[2,[""relation"",""relation""]],0],[[2,[""relation"",""relation""]],0]]],[2,[""entity"",""entity""]]]",0.5246005011380468
1,8,position_e01,"[[[[[2,[""relation"",""relation""]],1],[[2,[""relation"",""relation""]],1],[[2,[""relation"",""relation""]],0],[[2,[""relation"",""relation""]],1]]],[2,[""entity"",""entity""]]]",0.5266424030652395
1,8,position_e01,"[[[[[2,[""relation"",""relation""]],1],[[2,[""relation"",""relation""]],1],[[2,[""relation"",""relation""]],0]]],[2,[""relation"",""relation""]]]",0.712051285244617
1,8,position_e01,"[[[[[2,[""relation"",""relation""]],1],[[2,[""relation"",""relation""]],1],[[2,[""relation"",""relation""]],1],[[2,[""relation"",""relation""]],0]]],[2,[""entity"",""entity""]]]",0.5476435507412415
1,8,position_e01,"[[[[[2,[""relation"",""relation""]],1],[[2,[""relation"",""relation""]],1],[[2,[""relation"",""relation""]],1],[[2,[""relation"",""relation""]],1]]],[2,[""entity"",""entity""]]]",0.5617871558959782
1,8,position_e01,"[[[[[2,[""relation"",""relation""]],1],[[2,[""relation"",""relation""]],1],[[2,[""relation"",""relation""]],1]]],[2,[""relation"",""relation""]]]",0.7077287403522232
1,8,position_e01,"[[[[[2,[""relation"",""relation""]],1],[[2,[""relation"",""relation""]],1]]],[2,[""relation"",""relation""]]]",0.7146658046276855
1,8,position_e01,"[[[[[2,[""relation"",""relation""]],1]]],[2,[""relation"",""relation""]]]",0.0
1,8,position_e01,"[[[]],[1,[""entity""]]]",0.0
1,8,position_e01,"[[[]],[2,[""entity"",""entity""]]]",0.0
1,8,position_e01,"[[[]],[2,[""relation"",""relation""]]]",0.0
1,8,position_e05,"[[[[[2,[""relation"",""relation""]],0]]],[1,[""entity""]]]",0.328447763715643
1,8,position_e05,"[[[[[2,[""relation"",""relation""]],1],[[2,[""relation"",""relation""]],0],[[2,[""relation"",""relation""]],0],[[2,[""relation"",""relation""]],1]]],[2,[""entity"",""entity""]]]",0.0
1,8,position_e05,"[[[[[2,[""relation"",""relation""]],1],[[2,[""relation"",""relation""]],0],[[2,[""relation"",""relation""]],0]]],[2,[""relation"",""relation""]]]",0.0
1,8,position_e05,"[[[[[2,[""relation"",""relation""]],1],[[2,[""relation"",""relation""]],0],[[2,[""relation"",""relation""]],1],[[2,[""relation"",""relation""]],0]]],[2,[""entity"",""entity""]]]",0.0
1,8,position_e05,"[[[[[2,[""relation"",""relation""]],1],[[2,[""relation"",""relation""]],0],[[2,[""relation"",""relation""]],1],[[2,[""relation"",""relation""]],1]]],[2,[""entity"",""entity""]]]",0.0
1,8,position_e05,"[[[[[2,[""relation"",""relation""]],1],[[2,[""relation"",""relation""]],0],[[2,[""relation"",""relation""]],1]]],[2,[""relation"",""relation""]]]",0.0
1,8,position_e05,"[[[[[2,[""relation"",""relation""]],1],[[2,[""relation"",""relation""]],0]]],[2,[""relation"",""relation""]]]",0.0
1,8,position_e05,"[[[[[2,[""relation"",""relation""]],1],[[2,[""relation"",""relation""]],1],[[2,[""relation"",""relation""]],0],[[2,[""relation"",""relation""]],0]]],[2,[""entity"",""entity""]]]",0.999119125017702
1,8,position_e05,"[[[[[2,[""relation"",""relation""]],1],[[2,[""relation"",""relation""]],1],[[2,[""relation"",""relation""]],0],[[2,[""relation"",""relation""]],1]]],[2,[""entity"",""entity""]]]",0.9876226455482788
1,8,position_e05,"[[[[[2,[""relation"",""relation""]],1],[[2,[""relation"",""relation""]],1],[[2,[""relation"",""relation""]],0]]],[2,[""relation"",""relation""]]]",1.5114371955441477
1,8,position_e05,"[[[[[2,[""relation"",""relation""]],1],[[2,[""relation"",""relation""]],1],[[2,[""relation"",""relation""]],1],[[2,[""relation"",""relation""]],0]]],[2,[""entity"",""entity""]]]",1.0332132308072173
1,8,position_e05,"[[[[[2,[""relation"",""relation""]],1],[[2,[""relation"",""relation""]],1],[[2,[""relation"",""relation""]],1],[[2,[""relation"",""relation""]],1]]],[2,[""entity"",""entity""]]]",1.1121354460824495
1,8,position_e05,"[[[[[2,[""relation"",""relation""]],1],[[2,[""relation"",""relation""]],1],[[2,[""relation"",""relation""]],1]]],[2,[""relation"",""relation""]]]",1.500325455439297
1,8,position_e05,"[[[[[2,[""relation"",""relation""]],1],[[2,[""relation"",""relation""]],1]]],[2,[""relation"",""relation""]]]",1.512134459564281
1,8,position_e05,"[[[[[2,[""relation"",""relation""]],1]]],[2,[""relation"",""relation""]]]",0.0
1,8,position_e05,"[[[]],[1,[""entity""]]]",0.0
1,8,position_e05,"[[[]],[2,[""entity"",""entity""]]]",0.0
1,8,position_e05,"[[[]],[2,[""relation"",""relation""]]]",0.0
1,8,global_fixed1,"[[[[[2,[""relation"",""relation""]],0]]],[1,[""entity""]]]",1.0
1,8,global_fixed1,"[[[[[2,[""relation"",""relation""]],1],[[2,[""relation"",""relation""]],0],[[2,[""relation"",""relation""]],0],[[2,[""relation"",""relation""]],1]]],[2,[""entity"",""entity""]]]",1.0
1,8,global_fixed1,"[[[[[2,[""relation"",""relation""]],1],[[2,[""relation"",""relation""]],0],[[2,[""relation"",""relation""]],0]]],[2,[""relation"",""relation""]]]",1.0
1,8,global_fixed1,"[[[[[2,[""relation"",""relation""]],1],[[2,[""relation"",""relation""]],0],[[2,[""relation"",""relation""]],1],[[2,[""relation"",""relation""]],0]]],[2,[""entity"",""entity""]]]",1.0
1,8,global_fixed1,"[[[[[2,[""relation"",""relation""]],1],[[2,[""relation"",""relation""]],0],[[2,[""relation"",""relation""]],1],[[2,[""relation"",""relation""]],1]]],[2,[""entity"",""entity""]]]",1.0
1,8,global_fixed1,"[[[[[2,[""relation"",""relation""]],1],[[2,[""relation"",""relation""]],0],[[2,[""relation"",""relation""]],1]]],[2,[""relation"",""relation""]]]",1.0
1,8,global_fixed1,"[[[[[2,[""relation"",""relation""]],1],[[2,[""relation"",""relation""]],0]]],[2,[""relation"",""relation""]]]",1.0
1,8,global_fixed1,"[[[[[2,[""relation"",""relation""]],1],[[2,[""relation"",""relation""]],1],[[2,[""relation"",""relation""]],0],[[2,[""relation"",""relation""]],0]]],[2,[""entity"",""entity""]]]",1.0
1,8,global_fixed1,"[[[[[2,[""relation"",""relation""]],1],[[2,[""relation"",""relation""]],1],[[2,[""relation"",""relation""]],0],[[2,[""relation"",""relation""]],1]]],[2,[""entity"",""entity""]]]",1.0
1,8,global_fixed1,"[[[[[2,[""relation"",""relation""]],1],[[2,[""relation"",""relation""]],1],[[2,[""relation"",""relation""]],0]]],[2,[""relation"",""relation""]]]",1.0
1,8,global_fixed1,"[[[[[2,[""relation"",""relation""]],1],[[2,[""relation"",""relation""]],1],[[2,[""relation"",""relation""]],1],[[2,[""relation"",""relation""]],0]]],[2,[""entity"",""entity""]]]",1.0
1,8,global_fixed1,"[[[[[2,[""relation"",""relation""]],1],[[2,[""relation"",""relation""]],1],[[2,[""relation"",""relation""]],1],[[2,[""relation"",""relation""]],1]]],[2,[""entity"",""entity""]]]",1.0
1,8,global_fixed1,"[[[[[2,[""relation"",""relation""]],1],[[2,[""relation"",""relation""]],1],[[2,[""relation"",""relation""]],1]]],[2,[""relation"",""relation""]]]",1.0
1,8,global_fixed1,"[[[[[2,[""relation"",""relation""]],1],[[2,[""relation"",""relation""]],1]]],[2,[""relation"",""relation""]]]",1.0
1,8,global_fixed1,"[[[[[2,[""relation"",""relation""]],1]]],[2,[""relation"",""relation""]]]",1.0
1,8,global_fixed1,"[[[]],[1,[""entity""]]]",1.0
1,8,global_fixed1,"[[[]],[2,[""entity"",""entity""]]]",1.0
1,8,global_fixed1,"[[[]],[2,[""relation"",""relation""]]]",1.0
1,8,position_fixed1,"[[[[[2,[""relation"",""relation""]],0]]],[1,[""entity""]]]",1.0
1,8,position_fixed1,"[[[[[2,[""relation"",""relation""]],1],[[2,[""relation"",""relation""]],0],[[2,[""relation"",""relation""]],0],[[2,[""relation"",""relation""]],1]]],[2,[""entity"",""entity""]]]",1.0
1,8,position_fixed1,"[[[[[2,[""relation"",""relation""]],1],[[2,[""relation"",""relation""]],0],[[2,[""relation"",""relation""]],0]]],[2,[""relation"",""relation""]]]",1.0
1,8,position_fixed1,"[[[[[2,[""relation"",""relation""]],1],[[2,[""relation"",""relation""]],0],[[2,[""relation"",""relation""]],1],[[2,[""relation"",""relation""]],0]]],[2,[""entity"",""entity""]]]",1.0
1,8,position_fixed1,"[[[[[2,[""relation"",""relation""]],1],[[2,[""relation"",""relation""]],0],[[2,[""relation"",""relation""]],1],[[2,[""relation"",""relation""]],1]]],[2,[""entity"",""entity""]]]",1.0
1,8,position_fixed1,"[[[[[2,[""relation"",""relation""]],1],[[2,[""relation"",""relation""]],0],[[2,[""relation"",""relation""]],1]]],[2,[""relation"",""relation""]]]",1.0
1,8,position_fixed1,"[[[[[2,[""relation"",""relation""]],1],[[2,[""relation"",""relation""]],0]]],[2,[""relation"",""relation""]]]",1.0
1,8,position_fixed1,"[[[[[2,[""relation"",""relation""]],1],[[2,[""relation"",""relation""]],1],[[2,[""relation"",""relation""]],0],[[2,[""relation"",""relation""]],0]]],[2,[""entity"",""entity""]]]",1.0
1,8,position_fixed1,"[[[[[2,[""relation"",""relation""]],1],[[2,[""relation"",""relation""]],1],[[2,[""relation"",""relation""]],0],[[2,[""relation"",""relation""]],1]]],[2,[""entity"",""entity""]]]",1.0
1,8,position_fixed1,"[[[[[2,[""relation"",""relation""]],1],[[2,[""relation"",""relation""]],1],[[2,[""relation"",""relation""]],0]]],[2,[""relation"",""relation""]]]",1.0
1,8,position_fixed1,"[[[[[2,[""relation"",""relation""]],1],[[2,[""relation"",""relation""]],1],[[2,[""relation"",""relation""]],1],[[2,[""relation"",""relation""]],0]]],[2,[""entity"",""entity""]]]",1.0
1,8,position_fixed1,"[[[[[2,[""relation"",""relation""]],1],[[2,[""relation"",""relation""]],1],[[2,[""relation"",""relation""]],1],[[2,[""relation"",""relation""]],1]]],[2,[""entity"",""entity""]]]",1.0
1,8,position_fixed1,"[[[[[2,[""relation"",""relation""]],1],[[2,[""relation"",""relation""]],1],[[2,[""relation"",""relation""]],1]]],[2,[""relation"",""relation""]]]",1.0
1,8,position_fixed1,"[[[[[2,[""relation"",""relation""]],1],[[2,[""relation"",""relation""]],1]]],[2,[""relation"",""relation""]]]",1.0
1,8,position_fixed1,"[[[[[2,[""relation"",""relation""]],1]]],[2,[""relation"",""relation""]]]",1.0
1,8,position_fixed1,"[[[]],[1,[""entity""]]]",1.0
1,8,position_fixed1,"[[[]],[2,[""entity"",""entity""]]]",1.0
1,8,position_fixed1,"[[[]],[2,[""relation"",""relation""]]]",1.0
1,9,global_e01,"[[[[[2,[""relation"",""relation""]],0]]],[1,[""entity""]]]",0.076345273316599
1,9,global_e01,"[[[[[2,[""relation"",""relation""]],1],[[2,[""relation"",""relation""]],0],[[2,[""relation"",""relation""]],0],[[2,[""relation"",""relation""]],1]]],[2,[""entity"",""entity""]]]",0.2582001678607002
1,9,global_e01,"[[[[[2,[""relation"",""relation""]],1],[[2,[""relation"",""relation""]],0],[[2,[""relation"",""relation""]],0]]],[2,[""relation"",""relation""]]]",0.44158161632686294
1,9,global_e01,"[[[[[2,[""relation"",""relation""]],1],[[2,[""relation"",""relation""]],0],[[2,[""relation"",""relation""]],1],[[2,[""relation"",""relation""]],0]]],[2,[""entity"",""entity""]]]",0.21903299587236644
1,9,global_e01,"[[[[[2,[""relation"",""relation""]],1],[[2,[""relation"",""relation""]],0],[[2,[""relation"",""relation""]],1],[[2,[""relation"",""relation""]],1]]],[2,[""entity"",""entity""]]]",0.0
1,9,global_e01,"[[[[[2,[""relation"",""relation""]],1],[[2,[""relation"",""relation""]],0],[[2,[""relation"",""relation""]],1]]],[2,[""relation"",""relation""]]]",0.3097823222037741
1,9,global_e01,"[[[[[2,[""relation"",""relation""]],1],[[2,[""relation"",""relation""]],0]]],[2,[""relation"",""relation""]]]",0.32518069364374574
1,9,global_e01,"[[[[[2,[""relation"",""relation""]],1],[[2,[""relation"",""relation""]],1],[[2,[""relation"",""relation""]],0],[[2,[""relation"",""relation""]],0]]],[2,[""entity"",""entity""]]]",0.19855024502284593
1,9,global_e01,"[[[[[2,[""relation"",""relation""]],1],[[2,[""relation"",""relation""]],1],[[2,[""relation"",""relation""]],0],[[2,[""relation"",""relation""]],1]]],[2,[""entity"",""entity""]]]",0.3012514883014196
1,9,global_e01,"[[[[[2,[""relation"",""relation""]],1],[[2,[""relation"",""relation""]],1],[[2,[""relation"",""relation""]],0]]],[2,[""relation"",""relation""]]]",0.34258738038511444
1,9,global_e01,"[[[[[2,[""relation"",""relation""]],1],[[2,[""relation"",""relation""]],1],[[2,[""relation"",""relation""]],1],[[2,[""relation"",""relation""]],0]]],[2,[""entity"",""entity""]]]",0.200753362949676
1,9,global_e01,"[[[[[2,[""relation"",""relation""]],1],[[2,[""relation"",""relation""]],1],[[2,[""relation"",""relation""]],1],[[2,[""relation"",""relation""]],1]]],[2,[""entity"",""entity""]]]",0.2922553404813127
1,9,global_e01,"[[[[[2,[""relation"",""relation""]],1],[[2,[""relation"",""relation""]],1],[[2,[""relation"",""relation""]],1]]],[2,[""relation"",""relation""]]]",0.3424604597027366
1,9,global_e01,"[[[[[2,[""relation"",""relation""]],1],[[2,[""relation"",""relation""]],1]]],[2,[""relation"",""relation""]]]",0.3425781868201538
1,9,global_e01,"[[[[[2,[""relation"",""relation""]],1]]],[2,[""relation"",""relation""]]]",0.32518069364374574
1,9,global_e01,"[[[]],[1,[""entity""]]]",0.0
1,9,global_e01,"[[[]],[2,[""entity"",""entity""]]]",0.0
1,9,global_e01,"[[[]],[2,[""relation"",""relation""]]]",0.31878592147146495
1,9,global_e05,"[[[[[2,[""relation"",""relation""]],0]]],[1,[""entity""]]]",0.13948176105968468
1,9,global_e05,"[[[[[2,[""relation"",""relation""]],1],[[2,[""relation"",""relation""]],0],[[2,[""relation"",""relation""]],0],[[2,[""relation"",""relation""]],1]]],[2,[""entity"",""entity""]]]",0.7846455018031372
1,9,global_e05,"[[[[[2,[""relation"",""relation""]],1],[[2,[""relation"",""relation""]],0],[[2,[""relation"",""relation""]],0]]],[2,[""relation"",""relation""]]]",0.9093074043131529
1,9,global_e05,"[[[[[2,[""relation"",""relation""]],1],[[2,[""relation"",""relation""]],0],[[2,[""relation"",""relation""]],1],[[2,[""relation"",""relation""]],0]]],[2,[""entity"",""entity""]]]",0.4925160778701497
1,9,global_e05,"[[[[[2,[""relation"",""relation""]],1],[[2,[""relation"",""relation""]],0],[[2,[""relation"",""relation""]],1],[[2,[""relation"",""relation""]],1]]],[2,[""entity"",""entity""]]]",0.0
1,9,global_e05,"[[[[[2,[""relation"",""relation""]],1],[[2,[""relation"",""relation""]],0],[[2,[""relation"",""relation""]],1]]],[2,[""relation"",""relation""]]]",0.5355182043282998
1,9,global_e05,"[[[[[2,[""relation"",""relation""]],1],[[2,[""relation"",""relation""]],0]]],[2,[""relation"",""relation""]]]",0.5594345141621865
1,9,global_e05,"[[[[[2,[""relation"",""relation""]],1],[[2,[""relation"",""relation""]],1],[[2,[""relation"",""relation""]],0],[[2,[""relation"",""relation""]],0]]],[2,[""entity"",""entity""]]]",0.4708801963936416
1,9,global_e05,"[[[[[2,[""relation"",""relation""]],1],[[2,[""relation"",""relation""]],1],[[2,[""relation"",""relation""]],0],[[2,[""relation"",""relation""]],1]]],[2,[""entity"",""entity""]]]",0.6482394175273891
1,9,global_e05,"[[[[[2,[""relation"",""relation""]],1],[[2,[""relation"",""relation""]],1],[[2,[""relation"",""relation""]],0]]],[2,[""relation"",""relation""]]]",0.5827512555479325
1,9,global_e05,"[[[[[2,[""relation"",""relation""]],1],[[2,[""relation"",""relation""]],1],[[2,[""relation"",""relation""]],1],[[2,[""relation"",""relation""]],0]]],[2,[""entity"",""entity""]]]",0.2632507307691203
1,9,global_e05,"[[[[[2,[""relation"",""relation""]],1],[[2,[""relation"",""relation""]],1],[[2,[""relation"",""relation""]],1],[[2,[""relation"",""relation""]],1]]],[2,[""entity"",""entity""]]]",0.6479343313910169
1,9,global_e05,"[[[[[2,[""relation"",""relation""]],1],[[2,[""relation"",""relation""]],1],[[2,[""relation"",""relation""]],1]]],[2,[""relation"",""relation""]]]",0.5827480395324315
1,9,global_e05,"[[[[[2,[""relation"",""relation""]],1],[[2,[""relation"",""relation""]],1]]],[2,[""relation"",""relation""]]]",0.5827512506428049
1,9,global_e05,"[[[[[2,[""relation"",""relation""]],1]]],[2,[""relation"",""relation""]]]",0.5594345141621865
1,9,global_e05,"[[[]],[1,[""entity""]]]",0.0
1,9,global_e05,"[[[]],[2,[""entity"",""entity""]]]",0.0
1,9,global_e05,"[[[]],[2,[""relation"",""relation""]]]",0.5537797281419431
1,9,position_e01,"[[[[[2,[""relation"",""relation""]],0]]],[1,[""entity""]]]",0.09046714273687527
1,9,position_e01,"[[[[[2,[""relation"",""relation""]],1],[[2,[""relation"",""relation""]],0],[[2,[""relation"",""relation""]],0],[[2,[""relation"",""relation""]],1]]],[2,[""entity"",""entity""]]]",0.0
1,9,position_e01,"[[[[[2,[""relation"",""relation""]],1],[[2,[""relation"",""relation""]],0],[[2,[""relation"",""relation""]],0]]],[2,[""relation"",""relation""]]]",0.0
1,9,position_e01,"[[[[[2,[""relation"",""relation""]],1],[[2,[""relation"",""relation""]],0],[[2,[""relation"",""relation""]],1],[[2,[""relation"",""relation""]],0]]],[2,[""entity"",""entity""]]]",0.0
1,9,position_e01,"[[[[[2,[""relation"",""relation""]],1],[[2,[""relation"",""relation""]],0],[[2,[""relation"",""relation""]],1],[[2,[""relation"",""relation""]],1]]],[2,[""entity"",""entity""]]]",0.0
1,9,position_e01,"[[[[[2,[""relation"",""relation""]],1],[[2,[""relation"",""relation""]],0],[[2,[""relation"",""relation""]],1]]],[2,[""relation"",""relation""]]]",0.0
1,9,position_e01,"[[[[[2,[""relation"",""relation""]],1],[[2,[""relation"",""relation""]],0]]],[2,[""relation"",""relation""]]]",0.0
1,9,position_e01,"[[[[[2,[""relation"",""relation""]],1],[[2,[""relation"",""relation""]],1],[[2,[""relation"",""relation""]],0],[[2,[""relation"",""relation""]],0]]],[2,[""entity"",""entity""]]]",0.5640356097993294
1,9,position_e01,"[[[[[2,[""relation"",""relation""]],1],[[2,[""relation"",""relation""]],1],[[2,[""relation"",""relation""]],0],[[2,[""relation"",""relation""]],1]]],[2,[""entity"",""entity""]]]",0.603461914726627
1,9,position_e01,"[[[[[2,[""relation"",""relation""]],1],[[2,[""relation"",""relation""]],1],[[2,[""relation"",""relation""]],0]]],[2,[""relation"",""relation""]]]",0.7925940221918508
1,9,position_e01,"[[[[[2,[""relation"",""relation""]],1],[[2,[""relation"",""relation""]],1],[[2,[""relation"",""relation""]],1],[[2,[""relation"",""relation""]],0]]],[2,[""entity"",""entity""]]]",0.5593187624310021
1,9,position_e01,"[[[[[2,[""relation"",""relation""]],1],[[2,[""relation"",""relation""]],1],[[2,[""relation"",""relation""]],1],[[2,[""relation"",""relation""]],1]]],[2,[""entity"",""entity""]]]",0.5627151660246873
1,9,position_e01,"[[[[[2,[""relation"",""relation""]],1],[[2,[""relation"",""relation""]],1],[[2,[""relation"",""relation""]],1]]],[2,[""relation"",""relation""]]]",0.790089974038338
1,9,position_e01,"[[[[[2,[""relation"",""relation""]],1],[[2,[""relation"",""relation""]],1]]],[2,[""relation"",""relation""]]]",0.7913618374233465
1,9,position_e01,"[[[[[2,[""relation"",""relation""]],1]]],[2,[""relation"",""relation""]]]",0.0
1,9,position_e01,"[[[]],[1,[""entity""]]]",0.0
1,9,position_e01,"[[[]],[2,[""entity"",""entity""]]]",0.0
1,9,position_e01,"[[[]],[2,[""relation"",""relation""]]]",0.0
1,9,position_e05,"[[[[[2,[""relation"",""relation""]],0]]],[1,[""entity""]]]",0.5761375099583889
1,9,position_e05,"[[[[[2,[""relation"",""relation""]],1],[[2,[""relation"",""relation""]],0],[[2,[""relation"",""relation""]],0],[[2,[""relation"",""relation""]],1]]],[2,[""entity"",""entity""]]]",0.0
1,9,position_e05,"[[[[[2,[""relation"",""relation""]],1],[[2,[""relation"",""relation""]],0],[[2,[""relation"",""relation""]],0]]],[2,[""relation"",""relation""]]]",0.0
1,9,position_e05,"[[[[[2,[""relation"",""relation""]],1],[[2,[""relation"",""relation""]],0],[[2,[""relation"",""relation""]],1],[[2,[""relation"",""relation""]],0]]],[2,[""entity"",""entity""]]]",0.0
1,9,position_e05,"[[[[[2,[""relation"",""relation""]],1],[[2,[""relation"",""relation""]],0],[[2,[""relation"",""relation""]],1],[[2,[""relation"",""relation""]],1]]],[2,[""entity"",""entity""]]]",0.0
1,9,position_e05,"[[[[[2,[""relation"",""relation""]],1],[[2,[""relation"",""relation""]],0],[[2,[""relation"",""relation""]],1]]],[2,[""relation"",""relation""]]]",0.0
1,9,position_e05,"[[[[[2,[""relation"",""relation""]],1],[[2,[""relation"",""relation""]],0]]],[2,[""relation"",""relation""]]]",0.0
1,9,position_e05,"[[[[[2,[""relation"",""relation""]],1],[[2,[""relation"",""relation""]],1],[[2,[""relation"",""relation""]],0],[[2,[""relation"",""relation""]],0]]],[2,[""entity"",""entity""]]]",1.008270508490446
1,9,position_e05,"[[[[[2,[""relation"",""relation""]],1],[[2,[""relation"",""relation""]],1],[[2,[""relation"",""relation""]],0],[[2,[""relation"",""relation""]],1]]],[2,[""entity"",""entity""]]]",1.1475074737989075
1,9,position_e05,"[[[[[2,[""relation"",""relation""]],1],[[2,[""relation"",""relation""]],1],[[2,[""relation"",""relation""]],0]]],[2,[""relation"",""relation""]]]",1.7297198448106699
1,9,position_e05,"[[[[[2,[""relation"",""relation""]],1],[[2,[""relation"",""relation""]],1],[[2,[""relation"",""relation""]],1],[[2,[""relation"",""relation""]],0]]],[2,[""entity"",""entity""]]]",1.0107478662956964
1,9,position_e05,"[[[[[2,[""relation"",""relation""]],1],[[2,[""relation"",""relation""]],1],[[2,[""relation"",""relation""]],1],[[2,[""relation"",""relation""]],1]]],[2,[""entity"",""entity""]]]",1.0650855024376227
1,9,position_e05,"[[[[[2,[""relation"",""relation""]],1],[[2,[""relation"",""relation""]],1],[[2,[""relation"",""relation""]],1]]],[2,[""relation"",""relation""]]]",1.7260642984767254
1,9,position_e05,"[[[[[2,[""relation"",""relation""]],1],[[2,[""relation"",""relation""]],1]]],[2,[""relation"",""relation""]]]",1.7288333798951314
1,9,position_e05,"[[[[[2,[""relation"",""relation""]],1]]],[2,[""relation"",""relation""]]]",0.0
1,9,position_e05,"[[[]],[1,[""entity""]]]",0.0
1,9,position_e05,"[[[]],[2,[""entity"",""entity""]]]",0.0
1,9,position_e05,"[[[]],[2,[""relation"",""relation""]]]",0.0
1,9,global_fixed1,"[[[[[2,[""relation"",""relation""]],0]]],[1,[""entity""]]]",1.0
1,9,global_fixed1,"[[[[[2,[""relation"",""relation""]],1],[[2,[""relation"",""relation""]],0],[[2,[""relation"",""relation""]],0],[[2,[""relation"",""relation""]],1]]],[2,[""entity"",""entity""]]]",1.0
1,9,global_fixed1,"[[[[[2,[""relation"",""relation""]],1],[[2,[""relation"",""relation""]],0],[[2,[""relation"",""relation""]],0]]],[2,[""relation"",""relation""]]]",1.0
1,9,global_fixed1,"[[[[[2,[""relation"",""relation""]],1],[[2,[""relation"",""relation""]],0],[[2,[""relation"",""relation""]],1],[[2,[""relation"",""relation""]],0]]],[2,[""entity"",""entity""]]]",1.0
1,9,global_fixed1,"[[[[[2,[""relation"",""relation""]],1],[[2,[""relation"",""relation""]],0],[[2,[""relation"",""relation""]],1],[[2,[""relation"",""relation""]],1]]],[2,[""entity"",""entity""]]]",1.0
1,9,global_fixed1,"[[[[[2,[""relation"",""relation""]],1],[[2,[""relation"",""relation""]],0],[[2,[""relation"",""relation""]],1]]],[2,[""relation"",""relation""]]]",1.0
1,9,global_fixed1,"[[[[[2,[""relation"",""relation""]],1],[[2,[""relation"",""relation""]],0]]],[2,[""relation"",""relation""]]]",1.0
1,9,global_fixed1,"[[[[[2,[""relation"",""relation""]],1],[[2,[""relation"",""relation""]],1],[[2,[""relation"",""relation""]],0],[[2,[""relation"",""relation""]],0]]],[2,[""entity"",""entity""]]]",1.0
1,9,global_fixed1,"[[[[[2,[""relation"",""relation""]],1],[[2,[""relation"",""relation""]],1],[[2,[""relation"",""relation""]],0],[[2,[""relation"",""relation""]],1]]],[2,[""entity"",""entity""]]]",1.0
1,9,global_fixed1,"[[[[[2,[""relation"",""relation""]],1],[[2,[""relation"",""relation""]],1],[[2,[""relation"",""relation""]],0]]],[2,[""relation"",""relation""]]]",1.0
1,9,global_fixed1,"[[[[[2,[""relation"",""relation""]],1],[[2,[""relation"",""relation""]],1],[[2,[""relation"",""relation""]],1],[[2,[""relation"",""relation""]],0]]],[2,[""entity"",""entity""]]]",1.0
1,9,global_fixed1,"[[[[[2,[""relation"",""relation""]],1],[[2,[""relation"",""relation""]],1],[[2,[""relation"",""relation""]],1],[[2,[""relation"",""relation""]],1]]],[2,[""entity"",""entity""]]]",1.0
1,9,global_fixed1,"[[[[[2,[""relation"",""relation""]],1],[[2,[""relation"",""relation""]],1],[[2,[""relation"",""relation""]],1]]],[2,[""relation"",""relation""]]]",1.0
1,9,global_fixed1,"[[[[[2,[""relation"",""relation""]],1],[[2,[""relation"",""relation""]],1]]],[2,[""relation"",""relation""]]]",1.0
1,9,global_fixed1,"[[[[[2,[""relation"",""relation""]],1]]],[2,[""relation"",""relation""]]]",1.0
1,9,global_fixed1,"[[[]],[1,[""entity""]]]",1.0
1,9,global_fixed1,"[[[]],[2,[""entity"",""entity""]]]",1.0
1,9,global_fixed1,"[[[]],[2,[""relation"",""relation""]]]",1.0
1,9,position_fixed1,"[[[[[2,[""relation"",""relation""]],0]]],[1,[""entity""]]]",1.0
1,9,position_fixed1,"[[[[[2,[""relation"",""relation""]],1],[[2,[""relation"",""relation""]],0],[[2,[""relation"",""relation""]],0],[[2,[""relation"",""relation""]],1]]],[2,[""entity"",""entity""]]]",1.0
1,9,position_fixed1,"[[[[[2,[""relation"",""relation""]],1],[[2,[""relation"",""relation""]],0],[[2,[""relation"",""relation""]],0]]],[2,[""relation"",""relation""]]]",1.0
1,9,position_fixed1,"[[[[[2,[""relation"",""relation""]],1],[[2,[""relation"",""relation""]],0],[[2,[""relation"",""relation""]],1],[[2,[""relation"",""relation""]],0]]],[2,[""entity"",""entity""]]]",1.0
1,9,position_fixed1,"[[[[[2,[""relation"",""relation""]],1],[[2,[""relation"",""relation""]],0],[[2,[""relation"",""relation""]],1],[[2,[""relation"",""relation""]],1]]],[2,[""entity"",""entity""]]]",1.0
1,9,position_fixed1,"[[[[[2,[""relation"",""relation""]],1],[[2,[""relation"",""relation""]],0],[[2,[""relation"",""relation""]],1]]],[2,[""relation"",""relation""]]]",1.0
1,9,position_fixed1,"[[[[[2,[""relation"",""relation""]],1],[[2,[""relation"",""relation""]],0]]],[2,[""relation"",""relation""]]]",1.0
1,9,position_fixed1,"[[[[[2,[""relation"",""relation""]],1],[[2,[""relation"",""relation""]],1],[[2,[""relation"",""relation""]],0],[[2,[""relation"",""relation""]],0]]],[2,[""entity"",""entity""]]]",1.0
1,9,position_fixed1,"[[[[[2,[""relation"",""relation""]],1],[[2,[""relation"",""relation""]],1],[[2,[""relation"",""relation""]],0],[[2,[""relation"",""relation""]],1]]],[2,[""entity"",""entity""]]]",1.0
1,9,position_fixed1,"[[[[[2,[""relation"",""relation""]],1],[[2,[""relation"",""relation""]],1],[[2,[""relation"",""relation""]],0]]],[2,[""relation"",""relation""]]]",1.0
1,9,position_fixed1,"[[[[[2,[""relation"",""relation""]],1],[[2,[""relation"",""relation""]],1],[[2,[""relation"",""relation""]],1],[[2,[""relation"",""relation""]],0]]],[2,[""entity"",""entity""]]]",1.0
1,9,position_fixed1,"[[[[[2,[""relation"",""relation""]],1],[[2,[""relation"",""relation""]],1],[[2,[""relation"",""relation""]],1],[[2,[""relation"",""relation""]],1]]],[2,[""entity"",""entity""]]]",1.0
1,9,position_fixed1,"[[[[[2,[""relation"",""relation""]],1],[[2,[""relation"",""relation""]],1],[[2,[""relation"",""relation""]],1]]],[2,[""relation"",""relation""]]]",1.0
1,9,position_fixed1,"[[[[[2,[""relation"",""relation""]],1],[[2,[""relation"",""relation""]],1]]],[2,[""relation"",""relation""]]]",1.0
1,9,position_fixed1,"[[[[[2,[""relation"",""relation""]],1]]],[2,[""relation"",""relation""]]]",1.0
1,9,position_fixed1,"[[[]],[1,[""entity""]]]",1.0
1,9,position_fixed1,"[[[]],[2,[""entity"",""entity""]]]",1.0
1,9,position_fixed1,"[[[]],[2,[""relation"",""relation""]]]",1.0
1,10,global_e01,"[[[[[2,[""relation"",""relation""]],0]]],[1,[""entity""]]]",0.04779309287754052
1,10,global_e01,"[[[[[2,[""relation"",""relation""]],1],[[2,[""relation"",""relation""]],0],[[2,[""relation"",""relation""]],0],[[2,[""relation"",""relation""]],1]]],[2,[""entity"",""entity""]]]",0.1215979737445744
1,10,global_e01,"[[[[[2,[""relation"",""relation""]],1],[[2,[""relation"",""relation""]],0],[[2,[""relation"",""relation""]],0]]],[2,[""relation"",""relation""]]]",0.3995436933557998
1,10,global_e01,"[[[[[2,[""relation"",""relation""]],1],[[2,[""relation"",""relation""]],0],[[2,[""relation"",""relation""]],1],[[2,[""relation"",""relation""]],0]]],[2,[""entity"",""entity""]]]",0.11711839455630821
1,10,global_e01,"[[[[[2,[""relation"",""relation""]],1],[[2,[""relation"",""relation""]],0],[[2,[""relation"",""relation""]],1],[[2,[""relation"",""relation""]],1]]],[2,[""entity"",""entity""]]]",0.06229579852526899
1,10,global_e01,"[[[[[2,[""relation"",""relation""]],1],[[2,[""relation"",""relation""]],0],[[2,[""relation"",""relation""]],1]]],[2,[""relation"",""relation""]]]",0.4146423123402661
1,10,global_e01,"[[[[[2,[""relation"",""relation""]],1],[[2,[""relation"",""relation""]],0]]],[2,[""relation"",""relation""]]]",0.4247296884701152
1,10,global_e01,"[[[[[2,[""relation"",""relation""]],1],[[2,[""relation"",""relation""]],1],[[2,[""relation"",""relation""]],0],[[2,[""relation"",""relation""]],0]]],[2,[""entity"",""entity""]]]",0.2811082550065824
1,10,global_e01,"[[[[[2,[""relation"",""relation""]],1],[[2,[""relation"",""relation""]],1],[[2,[""relation"",""relation""]],0],[[2,[""relation"",""relation""]],1]]],[2,[""entity"",""entity""]]]",0.2721284034236336
1,10,global_e01,"[[[[[2,[""relation"",""relation""]],1],[[2,[""relation"",""relation""]],1],[[2,[""relation"",""relation""]],0]]],[2,[""relation"",""relation""]]]",0.3248704317377223
1,10,global_e01,"[[[[[2,[""relation"",""relation""]],1],[[2,[""relation"",""relation""]],1],[[2,[""relation"",""relation""]],1],[[2,[""relation"",""relation""]],0]]],[2,[""entity"",""entity""]]]",0.28992770461185824
1,10,global_e01,"[[[[[2,[""relation"",""relation""]],1],[[2,[""relation"",""relation""]],1],[[2,[""relation"",""relation""]],1],[[2,[""relation"",""relation""]],1]]],[2,[""entity"",""entity""]]]",0.27613390534648663
1,10,global_e01,"[[[[[2,[""relation"",""relation""]],1],[[2,[""relation"",""relation""]],1],[[2,[""relation"",""relation""]],1]]],[2,[""relation"",""relation""]]]",0.32185709842783883
1,10,global_e01,"[[[[[2,[""relation"",""relation""]],1],[[2,[""relation"",""relation""]],1]]],[2,[""relation"",""relation""]]]",0.3248704317377223
1,10,global_e01,"[[[[[2,[""relation"",""relation""]],1]]],[2,[""relation"",""relation""]]]",0.4247296884701152
1,10,global_e01,"[[[]],[1,[""entity""]]]",0.0
1,10,global_e01,"[[[]],[2,[""entity"",""entity""]]]",0.0
1,10,global_e01,"[[[]],[2,[""relation"",""relation""]]]",0.3282553600753955
1,10,global_e05,"[[[[[2,[""relation"",""relation""]],0]]],[1,[""entity""]]]",0.10499973681721969
1,10,global_e05,"[[[[[2,[""relation"",""relation""]],1],[[2,[""relation"",""relation""]],0],[[2,[""relation"",""relation""]],0],[[2,[""relation"",""relation""]],1]]],[2,[""entity"",""entity""]]]",0.34611913552501294
1,10,global_e05,"[[[[[2,[""relation"",""relation""]],1],[[2,[""relation"",""relation""]],0],[[2,[""relation"",""relation""]],0]]],[2,[""relation"",""relation""]]]",0.616829955788311
1,10,global_e05,"[[[[[2,[""relation"",""relation""]],1],[[2,[""relation"",""relation""]],0],[[2,[""relation"",""relation""]],1],[[2,[""relation"",""relation""]],0]]],[2,[""entity"",""entity""]]]",0.1132119041685116
1,10,global_e05,"[[[[[2,[""relation"",""relation""]],1],[[2,[""relation"",""relation""]],0],[[2,[""relation"",""relation""]],1],[[2,[""relation"",""relation""]],1]]],[2,[""entity"",""entity""]]]",0.11894835324483977
1,10,global_e05,"[[[[[2,[""relation"",""relation""]],1],[[2,[""relation"",""relation""]],0],[[2,[""relation"",""relation""]],1]]],[2,[""relation"",""relation""]]]",0.6407561274146227
1,10,global_e05,"[[[[[2,[""relation"",""relation""]],1],[[2,[""relation"",""relation""]],0]]],[2,[""relation"",""relation""]]]",0.6544509530207159
1,10,global_e05,"[[[[[2,[""relation"",""relation""]],1],[[2,[""relation"",""relation""]],1],[[2,[""relation"",""relation""]],0],[[2,[""relation"",""relation""]],0]]],[2,[""entity"",""entity""]]]",0.8413276672851738
1,10,global_e05,"[[[[[2,[""relation"",""relation""]],1],[[2,[""relation"",""relation""]],1],[[2,[""relation"",""relation""]],0],[[2,[""relation"",""relation""]],1]]],[2,[""entity"",""entity""]]]",0.8352096491181152
1,10,global_e05,"[[[[[2,[""relation"",""relation""]],1],[[2,[""relation"",""relation""]],1],[[2,[""relation"",""relation""]],0]]],[2,[""relation"",""relation""]]]",0.7611466019415575
1,10,global_e05,"[[[[[2,[""relation"",""relation""]],1],[[2,[""relation"",""relation""]],1],[[2,[""relation"",""relation""]],1],[[2,[""relation"",""relation""]],0]]],[2,[""entity"",""entity""]]]",0.8405881484587745
1,10,global_e05,"[[[[[2,[""relation"",""relation""]],1],[[2,[""relation"",""relation""]],1],[[2,[""relation"",""relation""]],1],[[2,[""relation"",""relation""]],1]]],[2,[""entity"",""entity""]]]",0.8371627162013126
1,10,global_e05,"[[[[[2,[""relation"",""relation""]],1],[[2,[""relation"",""relation""]],1],[[2,[""relation"",""relation""]],1]]],[2,[""relation"",""relation""]]]",0.7609038291349735
1,10,global_e05,"[[[[[2,[""relation"",""relation""]],1],[[2,[""relation"",""relation""]],1]]],[2,[""relation"",""relation""]]]",0.7611466019415575
1,10,global_e05,"[[[[[2,[""relation"",""relation""]],1]]],[2,[""relation"",""relation""]]]",0.6544509530207159
1,10,global_e05,"[[[]],[1,[""entity""]]]",0.0
1,10,global_e05,"[[[]],[2,[""entity"",""entity""]]]",0.0
1,10,global_e05,"[[[]],[2,[""relation"",""relation""]]]",0.534829270359678
1,10,position_e01,"[[[[[2,[""relation"",""relation""]],0]]],[1,[""entity""]]]",0.015720308816937922
1,10,position_e01,"[[[[[2,[""relation"",""relation""]],1],[[2,[""relation"",""relation""]],0],[[2,[""relation"",""relation""]],0],[[2,[""relation"",""relation""]],1]]],[2,[""entity"",""entity""]]]",0.0
1,10,position_e01,"[[[[[2,[""relation"",""relation""]],1],[[2,[""relation"",""relation""]],0],[[2,[""relation"",""relation""]],0]]],[2,[""relation"",""relation""]]]",0.0
1,10,position_e01,"[[[[[2,[""relation"",""relation""]],1],[[2,[""relation"",""relation""]],0],[[2,[""relation"",""relation""]],1],[[2,[""relation"",""relation""]],0]]],[2,[""entity"",""entity""]]]",0.0
1,10,position_e01,"[[[[[2,[""relation"",""relation""]],1],[[2,[""relation"",""relation""]],0],[[2,[""relation"",""relation""]],1],[[2,[""relation"",""relation""]],1]]],[2,[""entity"",""entity""]]]",0.0
1,10,position_e01,"[[[[[2,[""relation"",""relation""]],1],[[2,[""relation"",""relation""]],0],[[2,[""relation"",""relation""]],1]]],[2,[""relation"",""relation""]]]",0.0
1,10,position_e01,"[[[[[2,[""relation"",""relation""]],1],[[2,[""relation"",""relation""]],0]]],[2,[""relation"",""relation""]]]",0.0
1,10,position_e01,"[[[[[2,[""relation"",""relation""]],1],[[2,[""relation"",""relation""]],1],[[2,[""relation"",""relation""]],0],[[2,[""relation"",""relation""]],0]]],[2,[""entity"",""entity""]]]",0.522932985667121
1,10,position_e01,"[[[[[2,[""relation"",""relation""]],1],[[2,[""relation"",""relation""]],1],[[2,[""relation"",""relation""]],0],[[2,[""relation"",""relation""]],1]]],[2,[""entity"",""entity""]]]",0.5151177776408649
1,10,position_e01,"[[[[[2,[""relation"",""relation""]],1],[[2,[""relation"",""relation""]],1],[[2,[""relation"",""relation""]],0]]],[2,[""relation"",""relation""]]]",0.8065853398977092
1,10,position_e01,"[[[[[2,[""relation"",""relation""]],1],[[2,[""relation"",""relation""]],1],[[2,[""relation"",""relation""]],1],[[2,[""relation"",""relation""]],0]]],[2,[""entity"",""entity""]]]",0.5417370347192936
1,10,position_e01,"[[[[[2,[""relation"",""relation""]],1],[[2,[""relation"",""relation""]],1],[[2,[""relation"",""relation""]],1],[[2,[""relation"",""relation""]],1]]],[2,[""entity"",""entity""]]]",0.5405636703686172
1,10,position_e01,"[[[[[2,[""relation"",""relation""]],1],[[2,[""relation"",""relation""]],1],[[2,[""relation"",""relation""]],1]]],[2,[""relation"",""relation""]]]",0.7905786033713585
1,10,position_e01,"[[[[[2,[""relation"",""relation""]],1],[[2,[""relation"",""relation""]],1]]],[2,[""relation"",""relation""]]]",0.8065853398977092
1,10,position_e01,"[[[[[2,[""relation"",""relation""]],1]]],[2,[""relation"",""relation""]]]",0.0
1,10,position_e01,"[[[]],[1,[""entity""]]]",0.0
1,10,position_e01,"[[[]],[2,[""entity"",""entity""]]]",0.0
1,10,position_e01,"[[[]],[2,[""relation"",""relation""]]]",0.0
1,10,position_e05,"[[[[[2,[""relation"",""relation""]],0]]],[1,[""entity""]]]",0.22112690754969966
1,10,position_e05,"[[[[[2,[""relation"",""relation""]],1],[[2,[""relation"",""relation""]],0],[[2,[""relation"",""relation""]],0],[[2,[""relation"",""relation""]],1]]],[2,[""entity"",""entity""]]]",0.0
1,10,position_e05,"[[[[[2,[""relation"",""relation""]],1],[[2,[""relation"",""relation""]],0],[[2,[""relation"",""relation""]],0]]],[2,[""relation"",""relation""]]]",0.0
1,10,position_e05,"[[[[[2,[""relation"",""relation""]],1],[[2,[""relation"",""relation""]],0],[[2,[""relation"",""relation""]],1],[[2,[""relation"",""relation""]],0]]],[2,[""entity"",""entity""]]]",0.0
1,10,position_e05,"[[[[[2,[""relation"",""relation""]],1],[[2,[""relation"",""relation""]],0],[[2,[""relation"",""relation""]],1],[[2,[""relation"",""relation""]],1]]],[2,[""entity"",""entity""]]]",0.0
1,10,position_e05,"[[[[[2,[""relation"",""relation""]],1],[[2,[""relation"",""relation""]],0],[[2,[""relation"",""relation""]],1]]],[2,[""relation"",""relation""]]]",0.0
1,10,position_e05,"[[[[[2,[""relation"",""relation""]],1],[[2,[""relation"",""relation""]],0]]],[2,[""relation"",""relation""]]]",0.0
1,10,position_e05,"[[[[[2,[""relation"",""relation""]],1],[[2,[""relation"",""relation""]],1],[[2,[""relation"",""relation""]],0],[[2,[""relation"",""relation""]],0]]],[2,[""entity"",""entity""]]]",0.8598652827500317
1,10,position_e05,"[[[[[2,[""relation"",""relation""]],1],[[2,[""relation"",""relation""]],1],[[2,[""relation"",""relation""]],0],[[2,[""relation"",""relation""]],1]]],[2,[""entity"",""entity""]]]",0.8257868444049232
1,10,position_e05,"[[[[[2,[""relation"",""relation""]],1],[[2,[""relation"",""relation""]],1],[[2,[""relation"",""relation""]],0]]],[2,[""relation"",""relation""]]]",1.6438913976018308
1,10,position_e05,"[[[[[2,[""relation"",""relation""]],1],[[2,[""relation"",""relation""]],1],[[2,[""relation"",""relation""]],1],[[2,[""relation"",""relation""]],0]]],[2,[""entity"",""entity""]]]",0.9271658338977888
1,10,position_e05,"[[[[[2,[""relation"",""relation""]],1],[[2,[""relation"",""relation""]],1],[[2,[""relation"",""relation""]],1],[[2,[""relation"",""relation""]],1]]],[2,[""entity"",""entity""]]]",0.8805905476449667
1,10,position_e05,"[[[[[2,[""relation"",""relation""]],1],[[2,[""relation"",""relation""]],1],[[2,[""relation"",""relation""]],1]]],[2,[""relation"",""relation""]]]",1.6080459415281791
1,10,position_e05,"[[[[[2,[""relation"",""relation""]],1],[[2,[""relation"",""relation""]],1]]],[2,[""relation"",""relation""]]]",1.6438913976018308
1,10,position_e05,"[[[[[2,[""relation"",""relation""]],1]]],[2,[""relation"",""relation""]]]",0.0
1,10,position_e05,"[[[]],[1,[""entity""]]]",0.0
1,10,position_e05,"[[[]],[2,[""entity"",""entity""]]]",0.0
1,10,position_e05,"[[[]],[2,[""relation"",""relation""]]]",0.0
1,10,global_fixed1,"[[[[[2,[""relation"",""relation""]],0]]],[1,[""entity""]]]",1.0
1,10,global_fixed1,"[[[[[2,[""relation"",""relation""]],1],[[2,[""relation"",""relation""]],0],[[2,[""relation"",""relation""]],0],[[2,[""relation"",""relation""]],1]]],[2,[""entity"",""entity""]]]",1.0
1,10,global_fixed1,"[[[[[2,[""relation"",""relation""]],1],[[2,[""relation"",""relation""]],0],[[2,[""relation"",""relation""]],0]]],[2,[""relation"",""relation""]]]",1.0
1,10,global_fixed1,"[[[[[2,[""relation"",""relation""]],1],[[2,[""relation"",""relation""]],0],[[2,[""relation"",""relation""]],1],[[2,[""relation"",""relation""]],0]]],[2,[""entity"",""entity""]]]",1.0
1,10,global_fixed1,"[[[[[2,[""relation"",""relation""]],1],[[2,[""relation"",""relation""]],0],[[2,[""relation"",""relation""]],1],[[2,[""relation"",""relation""]],1]]],[2,[""entity"",""entity""]]]",1.0
1,10,global_fixed1,"[[[[[2,[""relation"",""relation""]],1],[[2,[""relation"",""relation""]],0],[[2,[""relation"",""relation""]],1]]],[2,[""relation"",""relation""]]]",1.0
1,10,global_fixed1,"[[[[[2,[""relation"",""relation""]],1],[[2,[""relation"",""relation""]],0]]],[2,[""relation"",""relation""]]]",1.0
1,10,global_fixed1,"[[[[[2,[""relation"",""relation""]],1],[[2,[""relation"",""relation""]],1],[[2,[""relation"",""relation""]],0],[[2,[""relation"",""relation""]],0]]],[2,[""entity"",""entity""]]]",1.0
1,10,global_fixed1,"[[[[[2,[""relation"",""relation""]],1],[[2,[""relation"",""relation""]],1],[[2,[""relation"",""relation""]],0],[[2,[""relation"",""relation""]],1]]],[2,[""entity"",""entity""]]]",1.0
1,10,global_fixed1,"[[[[[2,[""relation"",""relation""]],1],[[2,[""relation"",""relation""]],1],[[2,[""relation"",""relation""]],0]]],[2,[""relation"",""relation""]]]",1.0
1,10,global_fixed1,"[[[[[2,[""relation"",""relation""]],1],[[2,[""relation"",""relation""]],1],[[2,[""relation"",""relation""]],1],[[2,[""relation"",""relation""]],0]]],[2,[""entity"",""entity""]]]",1.0
1,10,global_fixed1,"[[[[[2,[""relation"",""relation""]],1],[[2,[""relation"",""relation""]],1],[[2,[""relation"",""relation""]],1],[[2,[""relation"",""relation""]],1]]],[2,[""entity"",""entity""]]]",1.0
1,10,global_fixed1,"[[[[[2,[""relation"",""relation""]],1],[[2,[""relation"",""relation""]],1],[[2,[""relation"",""relation""]],1]]],[2,[""relation"",""relation""]]]",1.0
1,10,global_fixed1,"[[[[[2,[""relation"",""relation""]],1],[[2,[""relation"",""relation""]],1]]],[2,[""relation"",""relation""]]]",1.0
1,10,global_fixed1,"[[[[[2,[""relation"",""relation""]],1]]],[2,[""relation"",""relation""]]]",1.0
1,10,global_fixed1,"[[[]],[1,[""entity""]]]",1.0
1,10,global_fixed1,"[[[]],[2,[""entity"",""entity""]]]",1.0
1,10,global_fixed1,"[[[]],[2,[""relation"",""relation""]]]",1.0
1,10,position_fixed1,"[[[[[2,[""relation"",""relation""]],0]]],[1,[""entity""]]]",1.0
1,10,position_fixed1,"[[[[[2,[""relation"",""relation""]],1],[[2,[""relation"",""relation""]],0],[[2,[""relation"",""relation""]],0],[[2,[""relation"",""relation""]],1]]],[2,[""entity"",""entity""]]]",1.0
1,10,position_fixed1,"[[[[[2,[""relation"",""relation""]],1],[[2,[""relation"",""relation""]],0],[[2,[""relation"",""relation""]],0]]],[2,[""relation"",""relation""]]]",1.0
1,10,position_fixed1,"[[[[[2,[""relation"",""relation""]],1],[[2,[""relation"",""relation""]],0],[[2,[""relation"",""relation""]],1],[[2,[""relation"",""relation""]],0]]],[2,[""entity"",""entity""]]]",1.0
1,10,position_fixed1,"[[[[[2,[""relation"",""relation""]],1],[[2,[""relation"",""relation""]],0],[[2,[""relation"",""relation""]],1],[[2,[""relation"",""relation""]],1]]],[2,[""entity"",""entity""]]]",1.0
1,10,position_fixed1,"[[[[[2,[""relation"",""relation""]],1],[[2,[""relation"",""relation""]],0],[[2,[""relation"",""relation""]],1]]],[2,[""relation"",""relation""]]]",1.0
1,10,position_fixed1,"[[[[[2,[""relation"",""relation""]],1],[[2,[""relation"",""relation""]],0]]],[2,[""relation"",""relation""]]]",1.0
1,10,position_fixed1,"[[[[[2,[""relation"",""relation""]],1],[[2,[""relation"",""relation""]],1],[[2,[""relation"",""relation""]],0],[[2,[""relation"",""relation""]],0]]],[2,[""entity"",""entity""]]]",1.0
1,10,position_fixed1,"[[[[[2,[""relation"",""relation""]],1],[[2,[""relation"",""relation""]],1],[[2,[""relation"",""relation""]],0],[[2,[""relation"",""relation""]],1]]],[2,[""entity"",""entity""]]]",1.0
1,10,position_fixed1,"[[[[[2,[""relation"",""relation""]],1],[[2,[""relation"",""relation""]],1],[[2,[""relation"",""relation""]],0]]],[2,[""relation"",""relation""]]]",1.0
1,10,position_fixed1,"[[[[[2,[""relation"",""relation""]],1],[[2,[""relation"",""relation""]],1],[[2,[""relation"",""relation""]],1],[[2,[""relation"",""relation""]],0]]],[2,[""entity"",""entity""]]]",1.0
1,10,position_fixed1,"[[[[[2,[""relation"",""relation""]],1],[[2,[""relation"",""relation""]],1],[[2,[""relation"",""relation""]],1],[[2,[""relation"",""relation""]],1]]],[2,[""entity"",""entity""]]]",1.0
1,10,position_fixed1,"[[[[[2,[""relation"",""relation""]],1],[[2,[""relation"",""relation""]],1],[[2,[""relation"",""relation""]],1]]],[2,[""relation"",""relation""]]]",1.0
1,10,position_fixed1,"[[[[[2,[""relation"",""relation""]],1],[[2,[""relation"",""relation""]],1]]],[2,[""relation"",""relation""]]]",1.0
1,10,position_fixed1,"[[[[[2,[""relation"",""relation""]],1]]],[2,[""relation"",""relation""]]]",1.0
1,10,position_fixed1,"[[[]],[1,[""entity""]]]",1.0
1,10,position_fixed1,"[[[]],[2,[""entity"",""entity""]]]",1.0
1,10,position_fixed1,"[[[]],[2,[""relation"",""relation""]]]",1.0
1,11,global_e01,"[[[[[2,[""relation"",""relation""]],0]]],[1,[""entity""]]]",0.029389486834174076
1,11,global_e01,"[[[[[2,[""relation"",""relation""]],1],[[2,[""relation"",""relation""]],0],[[2,[""relation"",""relation""]],0],[[2,[""relation"",""relation""]],1]]],[2,[""entity"",""entity""]]]",0.024485516137103897
1,11,global_e01,"[[[[[2,[""relation"",""relation""]],1],[[2,[""relation"",""relation""]],0],[[2,[""relation"",""relation""]],0]]],[2,[""relation"",""relation""]]]",0.4118430991123096
1,11,global_e01,"[[[[[2,[""relation"",""relation""]],1],[[2,[""relation"",""relation""]],0],[[2,[""relation"",""relation""]],1],[[2,[""relation"",""relation""]],0]]],[2,[""entity"",""entity""]]]",0.14140681424122833
1,11,global_e01,"[[[[[2,[""relation"",""relation""]],1],[[2,[""relation"",""relation""]],0],[[2,[""relation"",""relation""]],1],[[2,[""relation"",""relation""]],1]]],[2,[""entity"",""entity""]]]",0.20273369196495053
1,11,global_e01,"[[[[[2,[""relation"",""relation""]],1],[[2,[""relation"",""relation""]],0],[[2,[""relation"",""relation""]],1]]],[2,[""relation"",""relation""]]]",0.35861158353677974
1,11,global_e01,"[[[[[2,[""relation"",""relation""]],1],[[2,[""relation"",""relation""]],0]]],[2,[""relation"",""relation""]]]",0.3726210301824721
1,11,global_e01,"[[[[[2,[""relation"",""relation""]],1],[[2,[""relation"",""relation""]],1],[[2,[""relation"",""relation""]],0],[[2,[""relation"",""relation""]],0]]],[2,[""entity"",""entity""]]]",0.2369514981218829
1,11,global_e01,"[[[[[2,[""relation"",""relation""]],1],[[2,[""relation"",""relation""]],1],[[2,[""relation"",""relation""]],0],[[2,[""relation"",""relation""]],1]]],[2,[""entity"",""entity""]]]",0.26678913248869535
1,11,global_e01,"[[[[[2,[""relation"",""relation""]],1],[[2,[""relation"",""relation""]],1],[[2,[""relation"",""relation""]],0]]],[2,[""relation"",""relation""]]]",0.3102333456603254
1,11,global_e01,"[[[[[2,[""relation"",""relation""]],1],[[2,[""relation"",""relation""]],1],[[2,[""relation"",""relation""]],1],[[2,[""relation"",""relation""]],0]]],[2,[""entity"",""entity""]]]",0.3076900716776375
1,11,global_e01,"[[[[[2,[""relation"",""relation""]],1],[[2,[""relation"",""relation""]],1],[[2,[""relation"",""relation""]],1],[[2,[""relation"",""relation""]],1]]],[2,[""entity"",""entity""]]]",0.30350656926222513
1,11,global_e01,"[[[[[2,[""relation"",""relation""]],1],[[2,[""relation"",""relation""]],1],[[2,[""relation"",""relation""]],1]]],[2,[""relation"",""relation""]]]",0.32674313004316047
1,11,global_e01,"[[[[[2,[""relation"",""relation""]],1],[[2,[""relation"",""relation""]],1]]],[2,[""relation"",""relation""]]]",0.3273205148538053
1,11,global_e01,"[[[[[2,[""relation"",""relation""]],1]]],[2,[""relation"",""relation""]]]",0.3726210301824721
1,11,global_e01,"[[[]],[1,[""entity""]]]",0.0
1,11,global_e01,"[[[]],[2,[""entity"",""entity""]]]",0.0
1,11,global_e01,"[[[]],[2,[""relation"",""relation""]]]",0.370618371704649
1,11,global_e05,"[[[[[2,[""relation"",""relation""]],0]]],[1,[""entity""]]]",0.061837653495025666
1,11,global_e05,"[[[[[2,[""relation"",""relation""]],1],[[2,[""relation"",""relation""]],0],[[2,[""relation"",""relation""]],0],[[2,[""relation"",""relation""]],1]]],[2,[""entity"",""entity""]]]",0.04681258586121365
1,11,global_e05,"[[[[[2,[""relation"",""relation""]],1],[[2,[""relation"",""relation""]],0],[[2,[""relation"",""relation""]],0]]],[2,[""relation"",""relation""]]]",0.7287268737621321
1,11,global_e05,"[[[[[2,[""relation"",""relation""]],1],[[2,[""relation"",""relation""]],0],[[2,[""relation"",""relation""]],1],[[2,[""relation"",""relation""]],0]]],[2,[""entity"",""entity""]]]",0.13495407224877742
1,11,global_e05,"[[[[[2,[""relation"",""relation""]],1],[[2,[""relation"",""relation""]],0],[[2,[""relation"",""relation""]],1],[[2,[""relation"",""relation""]],1]]],[2,[""entity"",""entity""]]]",0.21690917731767598
1,11,global_e05,"[[[[[2,[""relation"",""relation""]],1],[[2,[""relation"",""relation""]],0],[[2,[""relation"",""relation""]],1]]],[2,[""relation"",""relation""]]]",0.5243659082432309
1,11,global_e05,"[[[[[2,[""relation"",""relation""]],1],[[2,[""relation"",""relation""]],0]]],[2,[""relation"",""relation""]]]",0.5662268398092668
1,11,global_e05,"[[[[[2,[""relation"",""relation""]],1],[[2,[""relation"",""relation""]],1],[[2,[""relation"",""relation""]],0],[[2,[""relation"",""relation""]],0]]],[2,[""entity"",""entity""]]]",0.22228393646180022
1,11,global_e05,"[[[[[2,[""relation"",""relation""]],1],[[2,[""relation"",""relation""]],1],[[2,[""relation"",""relation""]],0],[[2,[""relation"",""relation""]],1]]],[2,[""entity"",""entity""]]]",0.29205813612209425
1,11,global_e05,"[[[[[2,[""relation"",""relation""]],1],[[2,[""relation"",""relation""]],1],[[2,[""relation"",""relation""]],0]]],[2,[""relation"",""relation""]]]",0.3686972564609143
1,11,global_e05,"[[[[[2,[""relation"",""relation""]],1],[[2,[""relation"",""relation""]],1],[[2,[""relation"",""relation""]],1],[[2,[""relation"",""relation""]],0]]],[2,[""entity"",""entity""]]]",0.41289135449473496
1,11,global_e05,"[[[[[2,[""relation"",""relation""]],1],[[2,[""relation"",""relation""]],1],[[2,[""relation"",""relation""]],1],[[2,[""relation"",""relation""]],1]]],[2,[""entity"",""entity""]]]",0.4069006381206928
1,11,global_e05,"[[[[[2,[""relation"",""relation""]],1],[[2,[""relation"",""relation""]],1],[[2,[""relation"",""relation""]],1]]],[2,[""relation"",""relation""]]]",0.40680753822870636
1,11,global_e05,"[[[[[2,[""relation"",""relation""]],1],[[2,[""relation"",""relation""]],1]]],[2,[""relation"",""relation""]]]",0.40736275801499794
1,11,global_e05,"[[[[[2,[""relation"",""relation""]],1]]],[2,[""relation"",""relation""]]]",0.5662268398092668
1,11,global_e05,"[[[]],[1,[""entity""]]]",0.0
1,11,global_e05,"[[[]],[2,[""entity"",""entity""]]]",0.0
1,11,global_e05,"[[[]],[2,[""relation"",""relation""]]]",0.5630628769201852
1,11,position_e01,"[[[[[2,[""relation"",""relation""]],0]]],[1,[""entity""]]]",0.04932076824446703
1,11,position_e01,"[[[[[2,[""relation"",""relation""]],1],[[2,[""relation"",""relation""]],0],[[2,[""relation"",""relation""]],0],[[2,[""relation"",""relation""]],1]]],[2,[""entity"",""entity""]]]",0.0
1,11,position_e01,"[[[[[2,[""relation"",""relation""]],1],[[2,[""relation"",""relation""]],0],[[2,[""relation"",""relation""]],0]]],[2,[""relation"",""relation""]]]",0.0
1,11,position_e01,"[[[[[2,[""relation"",""relation""]],1],[[2,[""relation"",""relation""]],0],[[2,[""relation"",""relation""]],1],[[2,[""relation"",""relation""]],0]]],[2,[""entity"",""entity""]]]",0.0
1,11,position_e01,"[[[[[2,[""relation"",""relation""]],1],[[2,[""relation"",""relation""]],0],[[2,[""relation"",""relation""]],1],[[2,[""relation"",""relation""]],1]]],[2,[""entity"",""entity""]]]",0.0
1,11,position_e01,"[[[[[2,[""relation"",""relation""]],1],[[2,[""relation"",""relation""]],0],[[2,[""relation"",""relation""]],1]]],[2,[""relation"",""relation""]]]",0.0
1,11,position_e01,"[[[[[2,[""relation"",""relation""]],1],[[2,[""relation"",""relation""]],0]]],[2,[""relation"",""relation""]]]",0.0
1,11,position_e01,"[[[[[2,[""relation"",""relation""]],1],[[2,[""relation"",""relation""]],1],[[2,[""relation"",""relation""]],0],[[2,[""relation"",""relation""]],0]]],[2,[""entity"",""entity""]]]",0.5306932686134382
1,11,position_e01,"[[[[[2,[""relation"",""relation""]],1],[[2,[""relation"",""relation""]],1],[[2,[""relation"",""relation""]],0],[[2,[""relation"",""relation""]],1]]],[2,[""entity"",""entity""]]]",0.5420292990105549
1,11,position_e01,"[[[[[2,[""relation"",""relation""]],1],[[2,[""relation"",""relation""]],1],[[2,[""relation"",""relation""]],0]]],[2,[""relation"",""relation""]]]",0.7776176378852943
1,11,position_e01,"[[[[[2,[""relation"",""relation""]],1],[[2,[""relation"",""relation""]],1],[[2,[""relation"",""relation""]],1],[[2,[""relation"",""relation""]],0]]],[2,[""entity"",""entity""]]]",0.5387990523187052
1,11,position_e01,"[[[[[2,[""relation"",""relation""]],1],[[2,[""relation"",""relation""]],1],[[2,[""relation"",""relation""]],1],[[2,[""relation"",""relation""]],1]]],[2,[""entity"",""entity""]]]",0.5512507471739336
1,11,position_e01,"[[[[[2,[""relation"",""relation""]],1],[[2,[""relation"",""relation""]],1],[[2,[""relation"",""relation""]],1]]],[2,[""relation"",""relation""]]]",0.7862272264701101
1,11,position_e01,"[[[[[2,[""relation"",""relation""]],1],[[2,[""relation"",""relation""]],1]]],[2,[""relation"",""relation""]]]",0.7929473129133469
1,11,position_e01,"[[[[[2,[""relation"",""relation""]],1]]],[2,[""relation"",""relation""]]]",0.0
1,11,position_e01,"[[[]],[1,[""entity""]]]",0.0
1,11,position_e01,"[[[]],[2,[""entity"",""entity""]]]",0.0
1,11,position_e01,"[[[]],[2,[""relation"",""relation""]]]",0.0
1,11,position_e05,"[[[[[2,[""relation"",""relation""]],0]]],[1,[""entity""]]]",0.3195732304264971
1,11,position_e05,"[[[[[2,[""relation"",""relation""]],1],[[2,[""relation"",""relation""]],0],[[2,[""relation"",""relation""]],0],[[2,[""relation"",""relation""]],1]]],[2,[""entity"",""entity""]]]",0.0
1,11,position_e05,"[[[[[2,[""relation"",""relation""]],1],[[2,[""relation"",""relation""]],0],[[2,[""relation"",""relation""]],0]]],[2,[""relation"",""relation""]]]",0.0
1,11,position_e05,"[[[[[2,[""relation"",""relation""]],1],[[2,[""relation"",""relation""]],0],[[2,[""relation"",""relation""]],1],[[2,[""relation"",""relation""]],0]]],[2,[""entity"",""entity""]]]",0.0
1,11,position_e05,"[[[[[2,[""relation"",""relation""]],1],[[2,[""relation"",""relation""]],0],[[2,[""relation"",""relation""]],1],[[2,[""relation"",""relation""]],1]]],[2,[""entity"",""entity""]]]",0.0
1,11,position_e05,"[[[[[2,[""relation"",""relation""]],1],[[2,[""relation"",""relation""]],0],[[2,[""relation"",""relation""]],1]]],[2,[""relation"",""relation""]]]",0.0
1,11,position_e05,"[[[[[2,[""relation"",""relation""]],1],[[2,[""relation"",""relation""]],0]]],[2,[""relation"",""relation""]]]",0.0
1,11,position_e05,"[[[[[2,[""relation"",""relation""]],1],[[2,[""relation"",""relation""]],1],[[2,[""relation"",""relation""]],0],[[2,[""relation"",""relation""]],0]]],[2,[""entity"",""entity""]]]",0.991595298632094
1,11,position_e05,"[[[[[2,[""relation"",""relation""]],1],[[2,[""relation"",""relation""]],1],[[2,[""relation"",""relation""]],0],[[2,[""relation"",""relation""]],1]]],[2,[""entity"",""entity""]]]",0.9947532068846222
1,11,position_e05,"[[[[[2,[""relation"",""relation""]],1],[[2,[""relation"",""relation""]],1],[[2,[""relation"",""relation""]],0]]],[2,[""relation"",""relation""]]]",1.6141020637879335
1,11,position_e05,"[[[[[2,[""relation"",""relation""]],1],[[2,[""relation"",""relation""]],1],[[2,[""relation"",""relation""]],1],[[2,[""relation"",""relation""]],0]]],[2,[""entity"",""entity""]]]",1.0427701479236218
1,11,position_e05,"[[[[[2,[""relation"",""relation""]],1],[[2,[""relation"",""relation""]],1],[[2,[""relation"",""relation""]],1],[[2,[""relation"",""relation""]],1]]],[2,[""entity"",""entity""]]]",1.0752611817140147
1,11,position_e05,"[[[[[2,[""relation"",""relation""]],1],[[2,[""relation"",""relation""]],1],[[2,[""relation"",""relation""]],1]]],[2,[""relation"",""relation""]]]",1.6511229392220945
1,11,position_e05,"[[[[[2,[""relation"",""relation""]],1],[[2,[""relation"",""relation""]],1]]],[2,[""relation"",""relation""]]]",1.6594493470655065
1,11,position_e05,"[[[[[2,[""relation"",""relation""]],1]]],[2,[""relation"",""relation""]]]",0.0
1,11,position_e05,"[[[]],[1,[""entity""]]]",0.0
1,11,position_e05,"[[[]],[2,[""entity"",""entity""]]]",0.0
1,11,position_e05,"[[[]],[2,[""relation"",""relation""]]]",0.0
1,11,global_fixed1,"[[[[[2,[""relation"",""relation""]],0]]],[1,[""entity""]]]",1.0
1,11,global_fixed1,"[[[[[2,[""relation"",""relation""]],1],[[2,[""relation"",""relation""]],0],[[2,[""relation"",""relation""]],0],[[2,[""relation"",""relation""]],1]]],[2,[""entity"",""entity""]]]",1.0
1,11,global_fixed1,"[[[[[2,[""relation"",""relation""]],1],[[2,[""relation"",""relation""]],0],[[2,[""relation"",""relation""]],0]]],[2,[""relation"",""relation""]]]",1.0
1,11,global_fixed1,"[[[[[2,[""relation"",""relation""]],1],[[2,[""relation"",""relation""]],0],[[2,[""relation"",""relation""]],1],[[2,[""relation"",""relation""]],0]]],[2,[""entity"",""entity""]]]",1.0
1,11,global_fixed1,"[[[[[2,[""relation"",""relation""]],1],[[2,[""relation"",""relation""]],0],[[2,[""relation"",""relation""]],1],[[2,[""relation"",""relation""]],1]]],[2,[""entity"",""entity""]]]",1.0
1,11,global_fixed1,"[[[[[2,[""relation"",""relation""]],1],[[2,[""relation"",""relation""]],0],[[2,[""relation"",""relation""]],1]]],[2,[""relation"",""relation""]]]",1.0
1,11,global_fixed1,"[[[[[2,[""relation"",""relation""]],1],[[2,[""relation"",""relation""]],0]]],[2,[""relation"",""relation""]]]",1.0
1,11,global_fixed1,"[[[[[2,[""relation"",""relation""]],1],[[2,[""relation"",""relation""]],1],[[2,[""relation"",""relation""]],0],[[2,[""relation"",""relation""]],0]]],[2,[""entity"",""entity""]]]",1.0
1,11,global_fixed1,"[[[[[2,[""relation"",""relation""]],1],[[2,[""relation"",""relation""]],1],[[2,[""relation"",""relation""]],0],[[2,[""relation"",""relation""]],1]]],[2,[""entity"",""entity""]]]",1.0
1,11,global_fixed1,"[[[[[2,[""relation"",""relation""]],1],[[2,[""relation"",""relation""]],1],[[2,[""relation"",""relation""]],0]]],[2,[""relation"",""relation""]]]",1.0
1,11,global_fixed1,"[[[[[2,[""relation"",""relation""]],1],[[2,[""relation"",""relation""]],1],[[2,[""relation"",""relation""]],1],[[2,[""relation"",""relation""]],0]]],[2,[""entity"",""entity""]]]",1.0
1,11,global_fixed1,"[[[[[2,[""relation"",""relation""]],1],[[2,[""relation"",""relation""]],1],[[2,[""relation"",""relation""]],1],[[2,[""relation"",""relation""]],1]]],[2,[""entity"",""entity""]]]",1.0
1,11,global_fixed1,"[[[[[2,[""relation"",""relation""]],1],[[2,[""relation"",""relation""]],1],[[2,[""relation"",""relation""]],1]]],[2,[""relation"",""relation""]]]",1.0
1,11,global_fixed1,"[[[[[2,[""relation"",""relation""]],1],[[2,[""relation"",""relation""]],1]]],[2,[""relation"",""relation""]]]",1.0
1,11,global_fixed1,"[[[[[2,[""relation"",""relation""]],1]]],[2,[""relation"",""relation""]]]",1.0
1,11,global_fixed1,"[[[]],[1,[""entity""]]]",1.0
1,11,global_fixed1,"[[[]],[2,[""entity"",""entity""]]]",1.0
1,11,global_fixed1,"[[[]],[2,[""relation"",""relation""]]]",1.0
1,11,position_fixed1,"[[[[[2,[""relation"",""relation""]],0]]],[1,[""entity""]]]",1.0
1,11,position_fixed1,"[[[[[2,[""relation"",""relation""]],1],[[2,[""relation"",""relation""]],0],[[2,[""relation"",""relation""]],0],[[2,[""relation"",""relation""]],1]]],[2,[""entity"",""entity""]]]",1.0
1,11,position_fixed1,"[[[[[2,[""relation"",""relation""]],1],[[2,[""relation"",""relation""]],0],[[2,[""relation"",""relation""]],0]]],[2,[""relation"",""relation""]]]",1.0
1,11,position_fixed1,"[[[[[2,[""relation"",""relation""]],1],[[2,[""relation"",""relation""]],0],[[2,[""relation"",""relation""]],1],[[2,[""relation"",""relation""]],0]]],[2,[""entity"",""entity""]]]",1.0
1,11,position_fixed1,"[[[[[2,[""relation"",""relation""]],1],[[2,[""relation"",""relation""]],0],[[2,[""relation"",""relation""]],1],[[2,[""relation"",""relation""]],1]]],[2,[""entity"",""entity""]]]",1.0
1,11,position_fixed1,"[[[[[2,[""relation"",""relation""]],1],[[2,[""relation"",""relation""]],0],[[2,[""relation"",""relation""]],1]]],[2,[""relation"",""relation""]]]",1.0
1,11,position_fixed1,"[[[[[2,[""relation"",""relation""]],1],[[2,[""relation"",""relation""]],0]]],[2,[""relation"",""relation""]]]",1.0
1,11,position_fixed1,"[[[[[2,[""relation"",""relation""]],1],[[2,[""relation"",""relation""]],1],[[2,[""relation"",""relation""]],0],[[2,[""relation"",""relation""]],0]]],[2,[""entity"",""entity""]]]",1.0
1,11,position_fixed1,"[[[[[2,[""relation"",""relation""]],1],[[2,[""relation"",""relation""]],1],[[2,[""relation"",""relation""]],0],[[2,[""relation"",""relation""]],1]]],[2,[""entity"",""entity""]]]",1.0
1,11,position_fixed1,"[[[[[2,[""relation"",""relation""]],1],[[2,[""relation"",""relation""]],1],[[2,[""relation"",""relation""]],0]]],[2,[""relation"",""relation""]]]",1.0
1,11,position_fixed1,"[[[[[2,[""relation"",""relation""]],1],[[2,[""relation"",""relation""]],1],[[2,[""relation"",""relation""]],1],[[2,[""relation"",""relation""]],0]]],[2,[""entity"",""entity""]]]",1.0
1,11,position_fixed1,"[[[[[2,[""relation"",""relation""]],1],[[2,[""relation"",""relation""]],1],[[2,[""relation"",""relation""]],1],[[2,[""relation"",""relation""]],1]]],[2,[""entity"",""entity""]]]",1.0
1,11,position_fixed1,"[[[[[2,[""relation"",""relation""]],1],[[2,[""relation"",""relation""]],1],[[2,[""relation"",""relation""]],1]]],[2,[""relation"",""relation""]]]",1.0
1,11,position_fixed1,"[[[[[2,[""relation"",""relation""]],1],[[2,[""relation"",""relation""]],1]]],[2,[""relation"",""relation""]]]",1.0
1,11,position_fixed1,"[[[[[2,[""relation"",""relation""]],1]]],[2,[""relation"",""relation""]]]",1.0
1,11,position_fixed1,"[[[]],[1,[""entity""]]]",1.0
1,11,position_fixed1,"[[[]],[2,[""entity"",""entity""]]]",1.0
1,11,position_fixed1,"[[[]],[2,[""relation"",""relation""]]]",1.0
1,12,global_e01,"[[[[[2,[""relation"",""relation""]],0]]],[1,[""entity""]]]",0.09063079361621876
1,12,global_e01,"[[[[[2,[""relation"",""relation""]],1],[[2,[""relation"",""relation""]],0],[[2,[""relation"",""relation""]],0],[[2,[""relation"",""relation""]],1]]],[2,[""entity"",""entity""]]]",0.07000273734931019
1,12,global_e01,"[[[[[2,[""relation"",""relation""]],1],[[2,[""relation"",""relation""]],0],[[2,[""relation"",""relation""]],0]]],[2,[""relation"",""relation""]]]",0.5873288202718193
1,12,global_e01,"[[[[[2,[""relation"",""relation""]],1],[[2,[""relation"",""relation""]],0],[[2,[""relation"",""relation""]],1],[[2,[""relation"",""relation""]],0]]],[2,[""entity"",""entity""]]]",0.13272834618457055
1,12,global_e01,"[[[[[2,[""relation"",""relation""]],1],[[2,[""relation"",""relation""]],0],[[2,[""relation"",""relation""]],1],[[2,[""relation"",""relation""]],1]]],[2,[""entity"",""entity""]]]",0.40141376954274605
1,12,global_e01,"[[[[[2,[""relation"",""relation""]],1],[[2,[""relation"",""relation""]],0],[[2,[""relation"",""relation""]],1]]],[2,[""relation"",""relation""]]]",0.3932806359379088
1,12,global_e01,"[[[[[2,[""relation"",""relation""]],1],[[2,[""relation"",""relation""]],0]]],[2,[""relation"",""relation""]]]",0.40186059756943804
1,12,global_e01,"[[[[[2,[""relation"",""relation""]],1],[[2,[""relation"",""relation""]],1],[[2,[""relation"",""relation""]],0],[[2,[""relation"",""relation""]],0]]],[2,[""entity"",""entity""]]]",0.2217322977284301
1,12,global_e01,"[[[[[2,[""relation"",""relation""]],1],[[2,[""relation"",""relation""]],1],[[2,[""relation"",""relation""]],0],[[2,[""relation"",""relation""]],1]]],[2,[""entity"",""entity""]]]",0.2431361979247435
1,12,global_e01,"[[[[[2,[""relation"",""relation""]],1],[[2,[""relation"",""relation""]],1],[[2,[""relation"",""relation""]],0]]],[2,[""relation"",""relation""]]]",0.3050192131794275
1,12,global_e01,"[[[[[2,[""relation"",""relation""]],1],[[2,[""relation"",""relation""]],1],[[2,[""relation"",""relation""]],1],[[2,[""relation"",""relation""]],0]]],[2,[""entity"",""entity""]]]",0.25332010808663624
1,12,global_e01,"[[[[[2,[""relation"",""relation""]],1],[[2,[""relation"",""relation""]],1],[[2,[""relation"",""relation""]],1],[[2,[""relation"",""relation""]],1]]],[2,[""entity"",""entity""]]]",0.2612462677355638
1,12,global_e01,"[[[[[2,[""relation"",""relation""]],1],[[2,[""relation"",""relation""]],1],[[2,[""relation"",""relation""]],1]]],[2,[""relation"",""relation""]]]",0.2776559041091401
1,12,global_e01,"[[[[[2,[""relation"",""relation""]],1],[[2,[""relation"",""relation""]],1]]],[2,[""relation"",""relation""]]]",0.30695344818812215
1,12,global_e01,"[[[[[2,[""relation"",""relation""]],1]]],[2,[""relation"",""relation""]]]",0.40186059756943804
1,12,global_e01,"[[[]],[1,[""entity""]]]",0.0
1,12,global_e01,"[[[]],[2,[""entity"",""entity""]]]",0.0
1,12,global_e01,"[[[]],[2,[""relation"",""relation""]]]",0.3252118363412022
1,12,global_e05,"[[[[[2,[""relation"",""relation""]],0]]],[1,[""entity""]]]",0.5034423266037746
1,12,global_e05,"[[[[[2,[""relation"",""relation""]],1],[[2,[""relation"",""relation""]],0],[[2,[""relation"",""relation""]],0],[[2,[""relation"",""relation""]],1]]],[2,[""entity"",""entity""]]]",0.00556569173464564
1,12,global_e05,"[[[[[2,[""relation"",""relation""]],1],[[2,[""relation"",""relation""]],0],[[2,[""relation"",""relation""]],0]]],[2,[""relation"",""relation""]]]",1.1118128778543543
1,12,global_e05,"[[[[[2,[""relation"",""relation""]],1],[[2,[""relation"",""relation""]],0],[[2,[""relation"",""relation""]],1],[[2,[""relation"",""relation""]],0]]],[2,[""entity"",""entity""]]]",0.23845609971767726
1,12,global_e05,"[[[[[2,[""relation"",""relation""]],1],[[2,[""relation"",""relation""]],0],[[2,[""relation"",""relation""]],1],[[2,[""relation"",""relation""]],1]]],[2,[""entity"",""entity""]]]",0.9034072375176867
1,12,global_e05,"[[[[[2,[""relation"",""relation""]],1],[[2,[""relation"",""relation""]],0],[[2,[""relation"",""relation""]],1]]],[2,[""relation"",""relation""]]]",0.5731102692315917
1,12,global_e05,"[[[[[2,[""relation"",""relation""]],1],[[2,[""relation"",""relation""]],0]]],[2,[""relation"",""relation""]]]",0.5820243617453127
1,12,global_e05,"[[[[[2,[""relation"",""relation""]],1],[[2,[""relation"",""relation""]],1],[[2,[""relation"",""relation""]],0],[[2,[""relation"",""relation""]],0]]],[2,[""entity"",""entity""]]]",0.19041687642420743
1,12,global_e05,"[[[[[2,[""relation"",""relation""]],1],[[2,[""relation"",""relation""]],1],[[2,[""relation"",""relation""]],0],[[2,[""relation"",""relation""]],1]]],[2,[""entity"",""entity""]]]",0.2225840657978179
1,12,global_e05,"[[[[[2,[""relation"",""relation""]],1],[[2,[""relation"",""relation""]],1],[[2,[""relation"",""relation""]],0]]],[2,[""relation"",""relation""]]]",0.4364344637898933
1,12,global_e05,"[[[[[2,[""relation"",""relation""]],1],[[2,[""relation"",""relation""]],1],[[2,[""relation"",""relation""]],1],[[2,[""relation"",""relation""]],0]]],[2,[""entity"",""entity""]]]",0.2787403576935752
1,12,global_e05,"[[[[[2,[""relation"",""relation""]],1],[[2,[""relation"",""relation""]],1],[[2,[""relation"",""relation""]],1],[[2,[""relation"",""relation""]],1]]],[2,[""entity"",""entity""]]]",0.36340155748029623
1,12,global_e05,"[[[[[2,[""relation"",""relation""]],1],[[2,[""relation"",""relation""]],1],[[2,[""relation"",""relation""]],1]]],[2,[""relation"",""relation""]]]",0.34813852115392535
1,12,global_e05,"[[[[[2,[""relation"",""relation""]],1],[[2,[""relation"",""relation""]],1]]],[2,[""relation"",""relation""]]]",0.43785533938265525
1,12,global_e05,"[[[[[2,[""relation"",""relation""]],1]]],[2,[""relation"",""relation""]]]",0.5820243617453127
1,12,global_e05,"[[[]],[1,[""entity""]]]",0.0
1,12,global_e05,"[[[]],[2,[""entity"",""entity""]]]",0.0
1,12,global_e05,"[[[]],[2,[""relation"",""relation""]]]",0.44238727069533157
1,12,position_e01,"[[[[[2,[""relation"",""relation""]],0]]],[1,[""entity""]]]",0.0
1,12,position_e01,"[[[[[2,[""relation"",""relation""]],1],[[2,[""relation"",""relation""]],0],[[2,[""relation"",""relation""]],0],[[2,[""relation"",""relation""]],1]]],[2,[""entity"",""entity""]]]",0.0
1,12,position_e01,"[[[[[2,[""relation"",""relation""]],1],[[2,[""relation"",""relation""]],0],[[2,[""relation"",""relation""]],0]]],[2,[""relation"",""relation""]]]",0.0
1,12,position_e01,"[[[[[2,[""relation"",""relation""]],1],[[2,[""relation"",""relation""]],0],[[2,[""relation"",""relation""]],1],[[2,[""relation"",""relation""]],0]]],[2,[""entity"",""entity""]]]",0.0
1,12,position_e01,"[[[[[2,[""relation"",""relation""]],1],[[2,[""relation"",""relation""]],0],[[2,[""relation"",""relation""]],1],[[2,[""relation"",""relation""]],1]]],[2,[""entity"",""entity""]]]",0.0
1,12,position_e01,"[[[[[2,[""relation"",""relation""]],1],[[2,[""relation"",""relation""]],0],[[2,[""relation"",""relation""]],1]]],[2,[""relation"",""relation""]]]",0.0
1,12,position_e01,"[[[[[2,[""relation"",""relation""]],1],[[2,[""relation"",""relation""]],0]]],[2,[""relation"",""relation""]]]",0.0
1,12,position_e01,"[[[[[2,[""relation"",""relation""]],1],[[2,[""relation"",""relation""]],1],[[2,[""relation"",""relation""]],0],[[2,[""relation"",""relation""]],0]]],[2,[""entity"",""entity""]]]",0.526790912615335
1,12,position_e01,"[[[[[2,[""relation"",""relation""]],1],[[2,[""relation"",""relation""]],1],[[2,[""relation"",""relation""]],0],[[2,[""relation"",""relation""]],1]]],[2,[""entity"",""entity""]]]",0.5518077600710458
1,12,position_e01,"[[[[[2,[""relation"",""relation""]],1],[[2,[""relation"",""relation""]],1],[[2,[""relation"",""relation""]],0]]],[2,[""relation"",""relation""]]]",0.6947186981408853
1,12,position_e01,"[[[[[2,[""relation"",""relation""]],1],[[2,[""relation"",""relation""]],1],[[2,[""relation"",""relation""]],1],[[2,[""relation"",""relation""]],0]]],[2,[""entity"",""entity""]]]",0.5475703893922145
1,12,position_e01,"[[[[[2,[""relation"",""relation""]],1],[[2,[""relation"",""relation""]],1],[[2,[""relation"",""relation""]],1],[[2,[""relation"",""relation""]],1]]],[2,[""entity"",""entity""]]]",0.5501687081167855
1,12,position_e01,"[[[[[2,[""relation"",""relation""]],1],[[2,[""relation"",""relation""]],1],[[2,[""relation"",""relation""]],1]]],[2,[""relation"",""relation""]]]",0.6958640386400619
1,12,position_e01,"[[[[[2,[""relation"",""relation""]],1],[[2,[""relation"",""relation""]],1]]],[2,[""relation"",""relation""]]]",0.7021721988973484
1,12,position_e01,"[[[[[2,[""relation"",""relation""]],1]]],[2,[""relation"",""relation""]]]",0.0
1,12,position_e01,"[[[]],[1,[""entity""]]]",0.0
1,12,position_e01,"[[[]],[2,[""entity"",""entity""]]]",0.0
1,12,position_e01,"[[[]],[2,[""relation"",""relation""]]]",0.0
1,12,position_e05,"[[[[[2,[""relation"",""relation""]],0]]],[1,[""entity""]]]",0.0
1,12,position_e05,"[[[[[2,[""relation"",""relation""]],1],[[2,[""relation"",""relation""]],0],[[2,[""relation"",""relation""]],0],[[2,[""relation"",""relation""]],1]]],[2,[""entity"",""entity""]]]",0.0
1,12,position_e05,"[[[[[2,[""relation"",""relation""]],1],[[2,[""relation"",""relation""]],0],[[2,[""relation"",""relation""]],0]]],[2,[""relation"",""relation""]]]",0.0
1,12,position_e05,"[[[[[2,[""relation"",""relation""]],1],[[2,[""relation"",""relation""]],0],[[2,[""relation"",""relation""]],1],[[2,[""relation"",""relation""]],0]]],[2,[""entity"",""entity""]]]",0.0
1,12,position_e05,"[[[[[2,[""relation"",""relation""]],1],[[2,[""relation"",""relation""]],0],[[2,[""relation"",""relation""]],1],[[2,[""relation"",""relation""]],1]]],[2,[""entity"",""entity""]]]",0.0
1,12,position_e05,"[[[[[2,[""relation"",""relation""]],1],[[2,[""relation"",""relation""]],0],[[2,[""relation"",""relation""]],1]]],[2,[""relation"",""relation""]]]",0.0
1,12,position_e05,"[[[[[2,[""relation"",""relation""]],1],[[2,[""relation"",""relation""]],0]]],[2,[""relation"",""relation""]]]",0.0
1,12,position_e05,"[[[[[2,[""relation"",""relation""]],1],[[2,[""relation"",""relation""]],1],[[2,[""relation"",""relation""]],0],[[2,[""relation"",""relation""]],0]]],[2,[""entity"",""entity""]]]",0.8674919073992243
1,12,position_e05,"[[[[[2,[""relation"",""relation""]],1],[[2,[""relation"",""relation""]],1],[[2,[""relation"",""relation""]],0],[[2,[""relation"",""relation""]],1]]],[2,[""entity"",""entity""]]]",0.9566744384501544
1,12,position_e05,"[[[[[2,[""relation"",""relation""]],1],[[2,[""relation"",""relation""]],1],[[2,[""relation"",""relation""]],0]]],[2,[""relation"",""relation""]]]",1.4185729526494466
1,12,position_e05,"[[[[[2,[""relation"",""relation""]],1],[[2,[""relation"",""relation""]],1],[[2,[""relation"",""relation""]],1],[[2,[""relation"",""relation""]],0]]],[2,[""entity"",""entity""]]]",1.0318350266680025
1,12,position_e05,"[[[[[2,[""relation"",""relation""]],1],[[2,[""relation"",""relation""]],1],[[2,[""relation"",""relation""]],1],[[2,[""relation"",""relation""]],1]]],[2,[""entity"",""entity""]]]",0.9661495680651653
1,12,position_e05,"[[[[[2,[""relation"",""relation""]],1],[[2,[""relation"",""relation""]],1],[[2,[""relation"",""relation""]],1]]],[2,[""relation"",""relation""]]]",1.4614779959220061
1,12,position_e05,"[[[[[2,[""relation"",""relation""]],1],[[2,[""relation"",""relation""]],1]]],[2,[""relation"",""relation""]]]",1.4348936851998517
1,12,position_e05,"[[[[[2,[""relation"",""relation""]],1]]],[2,[""relation"",""relation""]]]",0.0
1,12,position_e05,"[[[]],[1,[""entity""]]]",0.0
1,12,position_e05,"[[[]],[2,[""entity"",""entity""]]]",0.0
1,12,position_e05,"[[[]],[2,[""relation"",""relation""]]]",0.0
1,12,global_fixed1,"[[[[[2,[""relation"",""relation""]],0]]],[1,[""entity""]]]",1.0
1,12,global_fixed1,"[[[[[2,[""relation"",""relation""]],1],[[2,[""relation"",""relation""]],0],[[2,[""relation"",""relation""]],0],[[2,[""relation"",""relation""]],1]]],[2,[""entity"",""entity""]]]",1.0
1,12,global_fixed1,"[[[[[2,[""relation"",""relation""]],1],[[2,[""relation"",""relation""]],0],[[2,[""relation"",""relation""]],0]]],[2,[""relation"",""relation""]]]",1.0
1,12,global_fixed1,"[[[[[2,[""relation"",""relation""]],1],[[2,[""relation"",""relation""]],0],[[2,[""relation"",""relation""]],1],[[2,[""relation"",""relation""]],0]]],[2,[""entity"",""entity""]]]",1.0
1,12,global_fixed1,"[[[[[2,[""relation"",""relation""]],1],[[2,[""relation"",""relation""]],0],[[2,[""relation"",""relation""]],1],[[2,[""relation"",""relation""]],1]]],[2,[""entity"",""entity""]]]",1.0
1,12,global_fixed1,"[[[[[2,[""relation"",""relation""]],1],[[2,[""relation"",""relation""]],0],[[2,[""relation"",""relation""]],1]]],[2,[""relation"",""relation""]]]",1.0
1,12,global_fixed1,"[[[[[2,[""relation"",""relation""]],1],[[2,[""relation"",""relation""]],0]]],[2,[""relation"",""relation""]]]",1.0
1,12,global_fixed1,"[[[[[2,[""relation"",""relation""]],1],[[2,[""relation"",""relation""]],1],[[2,[""relation"",""relation""]],0],[[2,[""relation"",""relation""]],0]]],[2,[""entity"",""entity""]]]",1.0
1,12,global_fixed1,"[[[[[2,[""relation"",""relation""]],1],[[2,[""relation"",""relation""]],1],[[2,[""relation"",""relation""]],0],[[2,[""relation"",""relation""]],1]]],[2,[""entity"",""entity""]]]",1.0
1,12,global_fixed1,"[[[[[2,[""relation"",""relation""]],1],[[2,[""relation"",""relation""]],1],[[2,[""relation"",""relation""]],0]]],[2,[""relation"",""relation""]]]",1.0
1,12,global_fixed1,"[[[[[2,[""relation"",""relation""]],1],[[2,[""relation"",""relation""]],1],[[2,[""relation"",""relation""]],1],[[2,[""relation"",""relation""]],0]]],[2,[""entity"",""entity""]]]",1.0
1,12,global_fixed1,"[[[[[2,[""relation"",""relation""]],1],[[2,[""relation"",""relation""]],1],[[2,[""relation"",""relation""]],1],[[2,[""relation"",""relation""]],1]]],[2,[""entity"",""entity""]]]",1.0
1,12,global_fixed1,"[[[[[2,[""relation"",""relation""]],1],[[2,[""relation"",""relation""]],1],[[2,[""relation"",""relation""]],1]]],[2,[""relation"",""relation""]]]",1.0
1,12,global_fixed1,"[[[[[2,[""relation"",""relation""]],1],[[2,[""relation"",""relation""]],1]]],[2,[""relation"",""relation""]]]",1.0
1,12,global_fixed1,"[[[[[2,[""relation"",""relation""]],1]]],[2,[""relation"",""relation""]]]",1.0
1,12,global_fixed1,"[[[]],[1,[""entity""]]]",1.0
1,12,global_fixed1,"[[[]],[2,[""entity"",""entity""]]]",1.0
1,12,global_fixed1,"[[[]],[2,[""relation"",""relation""]]]",1.0
1,12,position_fixed1,"[[[[[2,[""relation"",""relation""]],0]]],[1,[""entity""]]]",1.0
1,12,position_fixed1,"[[[[[2,[""relation"",""relation""]],1],[[2,[""relation"",""relation""]],0],[[2,[""relation"",""relation""]],0],[[2,[""relation"",""relation""]],1]]],[2,[""entity"",""entity""]]]",1.0
1,12,position_fixed1,"[[[[[2,[""relation"",""relation""]],1],[[2,[""relation"",""relation""]],0],[[2,[""relation"",""relation""]],0]]],[2,[""relation"",""relation""]]]",1.0
1,12,position_fixed1,"[[[[[2,[""relation"",""relation""]],1],[[2,[""relation"",""relation""]],0],[[2,[""relation"",""relation""]],1],[[2,[""relation"",""relation""]],0]]],[2,[""entity"",""entity""]]]",1.0
1,12,position_fixed1,"[[[[[2,[""relation"",""relation""]],1],[[2,[""relation"",""relation""]],0],[[2,[""relation"",""relation""]],1],[[2,[""relation"",""relation""]],1]]],[2,[""entity"",""entity""]]]",1.0
1,12,position_fixed1,"[[[[[2,[""relation"",""relation""]],1],[[2,[""relation"",""relation""]],0],[[2,[""relation"",""relation""]],1]]],[2,[""relation"",""relation""]]]",1.0
1,12,position_fixed1,"[[[[[2,[""relation"",""relation""]],1],[[2,[""relation"",""relation""]],0]]],[2,[""relation"",""relation""]]]",1.0
1,12,position_fixed1,"[[[[[2,[""relation"",""relation""]],1],[[2,[""relation"",""relation""]],1],[[2,[""relation"",""relation""]],0],[[2,[""relation"",""relation""]],0]]],[2,[""entity"",""entity""]]]",1.0
1,12,position_fixed1,"[[[[[2,[""relation"",""relation""]],1],[[2,[""relation"",""relation""]],1],[[2,[""relation"",""relation""]],0],[[2,[""relation"",""relation""]],1]]],[2,[""entity"",""entity""]]]",1.0
1,12,position_fixed1,"[[[[[2,[""relation"",""relation""]],1],[[2,[""relation"",""relation""]],1],[[2,[""relation"",""relation""]],0]]],[2,[""relation"",""relation""]]]",1.0
1,12,position_fixed1,"[[[[[2,[""relation"",""relation""]],1],[[2,[""relation"",""relation""]],1],[[2,[""relation"",""relation""]],1],[[2,[""relation"",""relation""]],0]]],[2,[""entity"",""entity""]]]",1.0
1,12,position_fixed1,"[[[[[2,[""relation"",""relation""]],1],[[2,[""relation"",""relation""]],1],[[2,[""relation"",""relation""]],1],[[2,[""relation"",""relation""]],1]]],[2,[""entity"",""entity""]]]",1.0
1,12,position_fixed1,"[[[[[2,[""relation"",""relation""]],1],[[2,[""relation"",""relation""]],1],[[2,[""relation"",""relation""]],1]]],[2,[""relation"",""relation""]]]",1.0
1,12,position_fixed1,"[[[[[2,[""relation"",""relation""]],1],[[2,[""relation"",""relation""]],1]]],[2,[""relation"",""relation""]]]",1.0
1,12,position_fixed1,"[[[[[2,[""relation"",""relation""]],1]]],[2,[""relation"",""relation""]]]",1.0
1,12,position_fixed1,"[[[]],[1,[""entity""]]]",1.0
1,12,position_fixed1,"[[[]],[2,[""entity"",""entity""]]]",1.0
1,12,position_fixed1,"[[[]],[2,[""relation"",""relation""]]]",1.0
1,13,global_e01,"[[[[[2,[""relation"",""relation""]],0]]],[1,[""entity""]]]",0.12469663027313217
1,13,global_e01,"[[[[[2,[""relation"",""relation""]],1],[[2,[""relation"",""relation""]],0],[[2,[""relation"",""relation""]],0],[[2,[""relation"",""relation""]],1]]],[2,[""entity"",""entity""]]]",0.06741390641259863
1,13,global_e01,"[[[[[2,[""relation"",""relation""]],1],[[2,[""relation"",""relation""]],0],[[2,[""relation"",""relation""]],0]]],[2,[""relation"",""relation""]]]",0.6331978312797173
1,13,global_e01,"[[[[[2,[""relation"",""relation""]],1],[[2,[""relation"",""relation""]],0],[[2,[""relation"",""relation""]],1],[[2,[""relation"",""relation""]],0]]],[2,[""entity"",""entity""]]]",0.007008952362651386
1,13,global_e01,"[[[[[2,[""relation"",""relation""]],1],[[2,[""relation"",""relation""]],0],[[2,[""relation"",""relation""]],1],[[2,[""relation"",""relation""]],1]]],[2,[""entity"",""entity""]]]",0.07818441476769916
1,13,global_e01,"[[[[[2,[""relation"",""relation""]],1],[[2,[""relation"",""relation""]],0],[[2,[""relation"",""relation""]],1]]],[2,[""relation"",""relation""]]]",0.26713171908678035
1,13,global_e01,"[[[[[2,[""relation"",""relation""]],1],[[2,[""relation"",""relation""]],0]]],[2,[""relation"",""relation""]]]",0.3546322833275239
1,13,global_e01,"[[[[[2,[""relation"",""relation""]],1],[[2,[""relation"",""relation""]],1],[[2,[""relation"",""relation""]],0],[[2,[""relation"",""relation""]],0]]],[2,[""entity"",""entity""]]]",0.3050150042373653
1,13,global_e01,"[[[[[2,[""relation"",""relation""]],1],[[2,[""relation"",""relation""]],1],[[2,[""relation"",""relation""]],0],[[2,[""relation"",""relation""]],1]]],[2,[""entity"",""entity""]]]",0.2648234918753299
1,13,global_e01,"[[[[[2,[""relation"",""relation""]],1],[[2,[""relation"",""relation""]],1],[[2,[""relation"",""relation""]],0]]],[2,[""relation"",""relation""]]]",0.31171074583712455
1,13,global_e01,"[[[[[2,[""relation"",""relation""]],1],[[2,[""relation"",""relation""]],1],[[2,[""relation"",""relation""]],1],[[2,[""relation"",""relation""]],0]]],[2,[""entity"",""entity""]]]",0.2652989141652519
1,13,global_e01,"[[[[[2,[""relation"",""relation""]],1],[[2,[""relation"",""relation""]],1],[[2,[""relation"",""relation""]],1],[[2,[""relation"",""relation""]],1]]],[2,[""entity"",""entity""]]]",0.27143447254636344
1,13,global_e01,"[[[[[2,[""relation"",""relation""]],1],[[2,[""relation"",""relation""]],1],[[2,[""relation"",""relation""]],1]]],[2,[""relation"",""relation""]]]",0.3315781215361965
1,13,global_e01,"[[[[[2,[""relation"",""relation""]],1],[[2,[""relation"",""relation""]],1]]],[2,[""relation"",""relation""]]]",0.3327692724143401
1,13,global_e01,"[[[[[2,[""relation"",""relation""]],1]]],[2,[""relation"",""relation""]]]",0.3546322833275239
1,13,global_e01,"[[[]],[1,[""entity""]]]",0.0
1,13,global_e01,"[[[]],[2,[""entity"",""entity""]]]",0.0
1,13,global_e01,"[[[]],[2,[""relation"",""relation""]]]",0.3555184323761608
1,13,global_e05,"[[[[[2,[""relation"",""relation""]],0]]],[1,[""entity""]]]",0.4217178896135137
1,13,global_e05,"[[[[[2,[""relation"",""relation""]],1],[[2,[""relation"",""relation""]],0],[[2,[""relation"",""relation""]],0],[[2,[""relation"",""relation""]],1]]],[2,[""entity"",""entity""]]]",0.08546899333345677
1,13,global_e05,"[[[[[2,[""relation"",""relation""]],1],[[2,[""relation"",""relation""]],0],[[2,[""relation"",""relation""]],0]]],[2,[""relation"",""relation""]]]",1.3834007831486765
1,13,global_e05,"[[[[[2,[""relation"",""relation""]],1],[[2,[""relation"",""relation""]],0],[[2,[""relation"",""relation""]],1],[[2,[""relation"",""relation""]],0]]],[2,[""entity"",""entity""]]]",1.3960921742967036e-05
1,13,global_e05,"[[[[[2,[""relation"",""relation""]],1],[[2,[""relation"",""relation""]],0],[[2,[""relation"",""relation""]],1],[[2,[""relation"",""relation""]],1]]],[2,[""entity"",""entity""]]]",0.015280696969455346
1,13,global_e05,"[[[[[2,[""relation"",""relation""]],1],[[2,[""relation"",""relation""]],0],[[2,[""relation"",""relation""]],1]]],[2,[""relation"",""relation""]]]",0.13426959093858012
1,13,global_e05,"[[[[[2,[""relation"",""relation""]],1],[[2,[""relation"",""relation""]],0]]],[2,[""relation"",""relation""]]]",0.479378297512931
1,13,global_e05,"[[[[[2,[""relation"",""relation""]],1],[[2,[""relation"",""relation""]],1],[[2,[""relation"",""relation""]],0],[[2,[""relation"",""relation""]],0]]],[2,[""entity"",""entity""]]]",0.5252372170458267
1,13,global_e05,"[[[[[2,[""relation"",""relation""]],1],[[2,[""relation"",""relation""]],1],[[2,[""relation"",""relation""]],0],[[2,[""relation"",""relation""]],1]]],[2,[""entity"",""entity""]]]",0.47480000573716746
1,13,global_e05,"[[[[[2,[""relation"",""relation""]],1],[[2,[""relation"",""relation""]],1],[[2,[""relation"",""relation""]],0]]],[2,[""relation"",""relation""]]]",0.4694129844028908
1,13,global_e05,"[[[[[2,[""relation"",""relation""]],1],[[2,[""relation"",""relation""]],1],[[2,[""relation"",""relation""]],1],[[2,[""relation"",""relation""]],0]]],[2,[""entity"",""entity""]]]",0.4396144043781864
1,13,global_e05,"[[[[[2,[""relation"",""relation""]],1],[[2,[""relation"",""relation""]],1],[[2,[""relation"",""relation""]],1],[[2,[""relation"",""relation""]],1]]],[2,[""entity"",""entity""]]]",0.45614129465198416
1,13,global_e05,"[[[[[2,[""relation"",""relation""]],1],[[2,[""relation"",""relation""]],1],[[2,[""relation"",""relation""]],1]]],[2,[""relation"",""relation""]]]",0.4892159380279191
1,13,global_e05,"[[[[[2,[""relation"",""relation""]],1],[[2,[""relation"",""relation""]],1]]],[2,[""relation"",""relation""]]]",0.48937881054594046
1,13,global_e05,"[[[[[2,[""relation"",""relation""]],1]]],[2,[""relation"",""relation""]]]",0.479378297512931
1,13,global_e05,"[[[]],[1,[""entity""]]]",0.0
1,13,global_e05,"[[[]],[2,[""entity"",""entity""]]]",0.0
1,13,global_e05,"[[[]],[2,[""relation"",""relation""]]]",0.4798521312086737
1,13,position_e01,"[[[[[2,[""relation"",""relation""]],0]]],[1,[""entity""]]]",0.07952870101591972
1,13,position_e01,"[[[[[2,[""relation"",""relation""]],1],[[2,[""relation"",""relation""]],0],[[2,[""relation"",""relation""]],0],[[2,[""relation"",""relation""]],1]]],[2,[""entity"",""entity""]]]",0.0
1,13,position_e01,"[[[[[2,[""relation"",""relation""]],1],[[2,[""relation"",""relation""]],0],[[2,[""relation"",""relation""]],0]]],[2,[""relation"",""relation""]]]",0.0
1,13,position_e01,"[[[[[2,[""relation"",""relation""]],1],[[2,[""relation"",""relation""]],0],[[2,[""relation"",""relation""]],1],[[2,[""relation"",""relation""]],0]]],[2,[""entity"",""entity""]]]",0.0
1,13,position_e01,"[[[[[2,[""relation"",""relation""]],1],[[2,[""relation"",""relation""]],0],[[2,[""relation"",""relation""]],1],[[2,[""relation"",""relation""]],1]]],[2,[""entity"",""entity""]]]",0.0
1,13,position_e01,"[[[[[2,[""relation"",""relation""]],1],[[2,[""relation"",""relation""]],0],[[2,[""relation"",""relation""]],1]]],[2,[""relation"",""relation""]]]",0.0
1,13,position_e01,"[[[[[2,[""relation"",""relation""]],1],[[2,[""relation"",""relation""]],0]]],[2,[""relation"",""relation""]]]",0.0
1,13,position_e01,"[[[[[2,[""relation"",""relation""]],1],[[2,[""relation"",""relation""]],1],[[2,[""relation"",""relation""]],0],[[2,[""relation"",""relation""]],0]]],[2,[""entity"",""entity""]]]",0.5990726102611564
1,13,position_e01,"[[[[[2,[""relation"",""relation""]],1],[[2,[""relation"",""relation""]],1],[[2,[""relation"",""relation""]],0],[[2,[""relation"",""relation""]],1]]],[2,[""entity"",""entity""]]]",0.5765346068093962
1,13,position_e01,"[[[[[2,[""relation"",""relation""]],1],[[2,[""relation"",""relation""]],1],[[2,[""relation"",""relation""]],0]]],[2,[""relation"",""relation""]]]",0.7482259838315417
1,13,position_e01,"[[[[[2,[""relation"",""relation""]],1],[[2,[""relation"",""relation""]],1],[[2,[""relation"",""relation""]],1],[[2,[""relation"",""relation""]],0]]],[2,[""entity"",""entity""]]]",0.5475180714219502
1,13,position_e01,"[[[[[2,[""relation"",""relation""]],1],[[2,[""relation"",""relation""]],1],[[2,[""relation"",""relation""]],1],[[2,[""relation"",""relation""]],1]]],[2,[""entity"",""entity""]]]",0.5697358422042484
1,13,position_e01,"[[[[[2,[""relation"",""relation""]],1],[[2,[""relation"",""relation""]],1],[[2,[""relation"",""relation""]],1]]],[2,[""relation"",""relation""]]]",0.7576760397769803
1,13,position_e01,"[[[[[2,[""relation"",""relation""]],1],[[2,[""relation"",""relation""]],1]]],[2,[""relation"",""relation""]]]",0.7738393044803873
1,13,position_e01,"[[[[[2,[""relation"",""relation""]],1]]],[2,[""relation"",""relation""]]]",0.0
1,13,position_e01,"[[[]],[1,[""entity""]]]",0.0
1,13,position_e01,"[[[]],[2,[""entity"",""entity""]]]",0.0
1,13,position_e01,"[[[]],[2,[""relation"",""relation""]]]",0.0
1,13,position_e05,"[[[[[2,[""relation"",""relation""]],0]]],[1,[""entity""]]]",0.3390308321323014
1,13,position_e05,"[[[[[2,[""relation"",""relation""]],1],[[2,[""relation"",""relation""]],0],[[2,[""relation"",""relation""]],0],[[2,[""relation"",""relation""]],1]]],[2,[""entity"",""entity""]]]",0.0
1,13,position_e05,"[[[[[2,[""relation"",""relation""]],1],[[2,[""relation"",""relation""]],0],[[2,[""relation"",""relation""]],0]]],[2,[""relation"",""relation""]]]",0.0
1,13,position_e05,"[[[[[2,[""relation"",""relation""]],1],[[2,[""relation"",""relation""]],0],[[2,[""relation"",""relation""]],1],[[2,[""relation"",""relation""]],0]]],[2,[""entity"",""entity""]]]",0.0
1,13,position_e05,"[[[[[2,[""relation"",""relation""]],1],[[2,[""relation"",""relation""]],0],[[2,[""relation"",""relation""]],1],[[2,[""relation"",""relation""]],1]]],[2,[""entity"",""entity""]]]",0.0
1,13,position_e05,"[[[[[2,[""relation"",""relation""]],1],[[2,[""relation"",""relation""]],0],[[2,[""relation"",""relation""]],1]]],[2,[""relation"",""relation""]]]",0.0
1,13,position_e05,"[[[[[2,[""relation"",""relation""]],1],[[2,[""relation"",""relation""]],0]]],[2,[""relation"",""relation""]]]",0.0
1,13,position_e05,"[[[[[2,[""relation"",""relation""]],1],[[2,[""relation"",""relation""]],1],[[2,[""relation"",""relation""]],0],[[2,[""relation"",""relation""]],0]]],[2,[""entity"",""entity""]]]",1.0486917065718895
1,13,position_e05,"[[[[[2,[""relation"",""relation""]],1],[[2,[""relation"",""relation""]],1],[[2,[""relation"",""relation""]],0],[[2,[""relation"",""relation""]],1]]],[2,[""entity"",""entity""]]]",0.9991049343238146
1,13,position_e05,"[[[[[2,[""relation"",""relation""]],1],[[2,[""relation"",""relation""]],1],[[2,[""relation"",""relation""]],0]]],[2,[""relation"",""relation""]]]",1.5200842562544774
1,13,position_e05,"[[[[[2,[""relation"",""relation""]],1],[[2,[""relation"",""relation""]],1],[[2,[""relation"",""relation""]],1],[[2,[""relation"",""relation""]],0]]],[2,[""entity"",""entity""]]]",0.9432089293758036
1,13,position_e05,"[[[[[2,[""relation"",""relation""]],1],[[2,[""relation"",""relation""]],1],[[2,[""relation"",""relation""]],1],[[2,[""relation"",""relation""]],1]]],[2,[""entity"",""entity""]]]",0.9736355004254641
1,13,position_e05,"[[[[[2,[""relation"",""relation""]],1],[[2,[""relation"",""relation""]],1],[[2,[""relation"",""relation""]],1]]],[2,[""relation"",""relation""]]]",1.5480700029363308
1,13,position_e05,"[[[[[2,[""relation"",""relation""]],1],[[2,[""relation"",""relation""]],1]]],[2,[""relation"",""relation""]]]",1.566976316079888
1,13,position_e05,"[[[[[2,[""relation"",""relation""]],1]]],[2,[""relation"",""relation""]]]",0.0
1,13,position_e05,"[[[]],[1,[""entity""]]]",0.0
1,13,position_e05,"[[[]],[2,[""entity"",""entity""]]]",0.0
1,13,position_e05,"[[[]],[2,[""relation"",""relation""]]]",0.0
1,13,global_fixed1,"[[[[[2,[""relation"",""relation""]],0]]],[1,[""entity""]]]",1.0
1,13,global_fixed1,"[[[[[2,[""relation"",""relation""]],1],[[2,[""relation"",""relation""]],0],[[2,[""relation"",""relation""]],0],[[2,[""relation"",""relation""]],1]]],[2,[""entity"",""entity""]]]",1.0
1,13,global_fixed1,"[[[[[2,[""relation"",""relation""]],1],[[2,[""relation"",""relation""]],0],[[2,[""relation"",""relation""]],0]]],[2,[""relation"",""relation""]]]",1.0
1,13,global_fixed1,"[[[[[2,[""relation"",""relation""]],1],[[2,[""relation"",""relation""]],0],[[2,[""relation"",""relation""]],1],[[2,[""relation"",""relation""]],0]]],[2,[""entity"",""entity""]]]",1.0
1,13,global_fixed1,"[[[[[2,[""relation"",""relation""]],1],[[2,[""relation"",""relation""]],0],[[2,[""relation"",""relation""]],1],[[2,[""relation"",""relation""]],1]]],[2,[""entity"",""entity""]]]",1.0
1,13,global_fixed1,"[[[[[2,[""relation"",""relation""]],1],[[2,[""relation"",""relation""]],0],[[2,[""relation"",""relation""]],1]]],[2,[""relation"",""relation""]]]",1.0
1,13,global_fixed1,"[[[[[2,[""relation"",""relation""]],1],[[2,[""relation"",""relation""]],0]]],[2,[""relation"",""relation""]]]",1.0
1,13,global_fixed1,"[[[[[2,[""relation"",""relation""]],1],[[2,[""relation"",""relation""]],1],[[2,[""relation"",""relation""]],0],[[2,[""relation"",""relation""]],0]]],[2,[""entity"",""entity""]]]",1.0
1,13,global_fixed1,"[[[[[2,[""relation"",""relation""]],1],[[2,[""relation"",""relation""]],1],[[2,[""relation"",""relation""]],0],[[2,[""relation"",""relation""]],1]]],[2,[""entity"",""entity""]]]",1.0
1,13,global_fixed1,"[[[[[2,[""relation"",""relation""]],1],[[2,[""relation"",""relation""]],1],[[2,[""relation"",""relation""]],0]]],[2,[""relation"",""relation""]]]",1.0
1,13,global_fixed1,"[[[[[2,[""relation"",""relation""]],1],[[2,[""relation"",""relation""]],1],[[2,[""relation"",""relation""]],1],[[2,[""relation"",""relation""]],0]]],[2,[""entity"",""entity""]]]",1.0
1,13,global_fixed1,"[[[[[2,[""relation"",""relation""]],1],[[2,[""relation"",""relation""]],1],[[2,[""relation"",""relation""]],1],[[2,[""relation"",""relation""]],1]]],[2,[""entity"",""entity""]]]",1.0
1,13,global_fixed1,"[[[[[2,[""relation"",""relation""]],1],[[2,[""relation"",""relation""]],1],[[2,[""relation"",""relation""]],1]]],[2,[""relation"",""relation""]]]",1.0
1,13,global_fixed1,"[[[[[2,[""relation"",""relation""]],1],[[2,[""relation"",""relation""]],1]]],[2,[""relation"",""relation""]]]",1.0
1,13,global_fixed1,"[[[[[2,[""relation"",""relation""]],1]]],[2,[""relation"",""relation""]]]",1.0
1,13,global_fixed1,"[[[]],[1,[""entity""]]]",1.0
1,13,global_fixed1,"[[[]],[2,[""entity"",""entity""]]]",1.0
1,13,global_fixed1,"[[[]],[2,[""relation"",""relation""]]]",1.0
1,13,position_fixed1,"[[[[[2,[""relation"",""relation""]],0]]],[1,[""entity""]]]",1.0
1,13,position_fixed1,"[[[[[2,[""relation"",""relation""]],1],[[2,[""relation"",""relation""]],0],[[2,[""relation"",""relation""]],0],[[2,[""relation"",""relation""]],1]]],[2,[""entity"",""entity""]]]",1.0
1,13,position_fixed1,"[[[[[2,[""relation"",""relation""]],1],[[2,[""relation"",""relation""]],0],[[2,[""relation"",""relation""]],0]]],[2,[""relation"",""relation""]]]",1.0
1,13,position_fixed1,"[[[[[2,[""relation"",""relation""]],1],[[2,[""relation"",""relation""]],0],[[2,[""relation"",""relation""]],1],[[2,[""relation"",""relation""]],0]]],[2,[""entity"",""entity""]]]",1.0
1,13,position_fixed1,"[[[[[2,[""relation"",""relation""]],1],[[2,[""relation"",""relation""]],0],[[2,[""relation"",""relation""]],1],[[2,[""relation"",""relation""]],1]]],[2,[""entity"",""entity""]]]",1.0
1,13,position_fixed1,"[[[[[2,[""relation"",""relation""]],1],[[2,[""relation"",""relation""]],0],[[2,[""relation"",""relation""]],1]]],[2,[""relation"",""relation""]]]",1.0
1,13,position_fixed1,"[[[[[2,[""relation"",""relation""]],1],[[2,[""relation"",""relation""]],0]]],[2,[""relation"",""relation""]]]",1.0
1,13,position_fixed1,"[[[[[2,[""relation"",""relation""]],1],[[2,[""relation"",""relation""]],1],[[2,[""relation"",""relation""]],0],[[2,[""relation"",""relation""]],0]]],[2,[""entity"",""entity""]]]",1.0
1,13,position_fixed1,"[[[[[2,[""relation"",""relation""]],1],[[2,[""relation"",""relation""]],1],[[2,[""relation"",""relation""]],0],[[2,[""relation"",""relation""]],1]]],[2,[""entity"",""entity""]]]",1.0
1,13,position_fixed1,"[[[[[2,[""relation"",""relation""]],1],[[2,[""relation"",""relation""]],1],[[2,[""relation"",""relation""]],0]]],[2,[""relation"",""relation""]]]",1.0
1,13,position_fixed1,"[[[[[2,[""relation"",""relation""]],1],[[2,[""relation"",""relation""]],1],[[2,[""relation"",""relation""]],1],[[2,[""relation"",""relation""]],0]]],[2,[""entity"",""entity""]]]",1.0
1,13,position_fixed1,"[[[[[2,[""relation"",""relation""]],1],[[2,[""relation"",""relation""]],1],[[2,[""relation"",""relation""]],1],[[2,[""relation"",""relation""]],1]]],[2,[""entity"",""entity""]]]",1.0
1,13,position_fixed1,"[[[[[2,[""relation"",""relation""]],1],[[2,[""relation"",""relation""]],1],[[2,[""relation"",""relation""]],1]]],[2,[""relation"",""relation""]]]",1.0
1,13,position_fixed1,"[[[[[2,[""relation"",""relation""]],1],[[2,[""relation"",""relation""]],1]]],[2,[""relation"",""relation""]]]",1.0
1,13,position_fixed1,"[[[[[2,[""relation"",""relation""]],1]]],[2,[""relation"",""relation""]]]",1.0
1,13,position_fixed1,"[[[]],[1,[""entity""]]]",1.0
1,13,position_fixed1,"[[[]],[2,[""entity"",""entity""]]]",1.0
1,13,position_fixed1,"[[[]],[2,[""relation"",""relation""]]]",1.0
1,14,global_e01,"[[[[[2,[""relation"",""relation""]],0]]],[1,[""entity""]]]",0.09460600663157254
1,14,global_e01,"[[[[[2,[""relation"",""relation""]],1],[[2,[""relation"",""relation""]],0],[[2,[""relation"",""relation""]],0],[[2,[""relation"",""relation""]],1]]],[2,[""entity"",""entity""]]]",0.020870650217980166
1,14,global_e01,"[[[[[2,[""relation"",""relation""]],1],[[2,[""relation"",""relation""]],0],[[2,[""relation"",""relation""]],0]]],[2,[""relation"",""relation""]]]",0.4078296672340024
1,14,global_e01,"[[[[[2,[""relation"",""relation""]],1],[[2,[""relation"",""relation""]],0],[[2,[""relation"",""relation""]],1],[[2,[""relation"",""relation""]],0]]],[2,[""entity"",""entity""]]]",0.05813398314770094
1,14,global_e01,"[[[[[2,[""relation"",""relation""]],1],[[2,[""relation"",""relation""]],0],[[2,[""relation"",""relation""]],1],[[2,[""relation"",""relation""]],1]]],[2,[""entity"",""entity""]]]",0.027299595127844033
1,14,global_e01,"[[[[[2,[""relation"",""relation""]],1],[[2,[""relation"",""relation""]],0],[[2,[""relation"",""relation""]],1]]],[2,[""relation"",""relation""]]]",0.3530069921062925
1,14,global_e01,"[[[[[2,[""relation"",""relation""]],1],[[2,[""relation"",""relation""]],0]]],[2,[""relation"",""relation""]]]",0.3769043860283544
1,14,global_e01,"[[[[[2,[""relation"",""relation""]],1],[[2,[""relation"",""relation""]],1],[[2,[""relation"",""relation""]],0],[[2,[""relation"",""relation""]],0]]],[2,[""entity"",""entity""]]]",0.19569684709918164
1,14,global_e01,"[[[[[2,[""relation"",""relation""]],1],[[2,[""relation"",""relation""]],1],[[2,[""relation"",""relation""]],0],[[2,[""relation"",""relation""]],1]]],[2,[""entity"",""entity""]]]",0.18275992886164869
1,14,global_e01,"[[[[[2,[""relation"",""relation""]],1],[[2,[""relation"",""relation""]],1],[[2,[""relation"",""relation""]],0]]],[2,[""relation"",""relation""]]]",0.30700017729322276
1,14,global_e01,"[[[[[2,[""relation"",""relation""]],1],[[2,[""relation"",""relation""]],1],[[2,[""relation"",""relation""]],1],[[2,[""relation"",""relation""]],0]]],[2,[""entity"",""entity""]]]",0.17915612354585844
1,14,global_e01,"[[[[[2,[""relation"",""relation""]],1],[[2,[""relation"",""relation""]],1],[[2,[""relation"",""relation""]],1],[[2,[""relation"",""relation""]],1]]],[2,[""entity"",""entity""]]]",0.17048897731962043
1,14,global_e01,"[[[[[2,[""relation"",""relation""]],1],[[2,[""relation"",""relation""]],1],[[2,[""relation"",""relation""]],1]]],[2,[""relation"",""relation""]]]",0.26366543508027396
1,14,global_e01,"[[[[[2,[""relation"",""relation""]],1],[[2,[""relation"",""relation""]],1]]],[2,[""relation"",""relation""]]]",0.30700017729322276
1,14,global_e01,"[[[[[2,[""relation"",""relation""]],1]]],[2,[""relation"",""relation""]]]",0.3769043860283544
1,14,global_e01,"[[[]],[1,[""entity""]]]",0.0
1,14,global_e01,"[[[]],[2,[""entity"",""entity""]]]",0.0
1,14,global_e01,"[[[]],[2,[""relation"",""relation""]]]",0.3080298895063792
1,14,global_e05,"[[[[[2,[""relation"",""relation""]],0]]],[1,[""entity""]]]",0.2533044394943972
1,14,global_e05,"[[[[[2,[""relation"",""relation""]],1],[[2,[""relation"",""relation""]],0],[[2,[""relation"",""relation""]],0],[[2,[""relation"",""relation""]],1]]],[2,[""entity"",""entity""]]]",0.09331401946007561
1,14,global_e05,"[[[[[2,[""relation"",""relation""]],1],[[2,[""relation"",""relation""]],0],[[2,[""relation"",""relation""]],0]]],[2,[""relation"",""relation""]]]",0.5447821565659126
1,14,global_e05,"[[[[[2,[""relation"",""relation""]],1],[[2,[""relation"",""relation""]],0],[[2,[""relation"",""relation""]],1],[[2,[""relation"",""relation""]],0]]],[2,[""entity"",""entity""]]]",0.298601684368983
1,14,global_e05,"[[[[[2,[""relation"",""relation""]],1],[[2,[""relation"",""relation""]],0],[[2,[""relation"",""relation""]],1],[[2,[""relation"",""relation""]],1]]],[2,[""entity"",""entity""]]]",0.0959993239421138
1,14,global_e05,"[[[[[2,[""relation"",""relation""]],1],[[2,[""relation"",""relation""]],0],[[2,[""relation"",""relation""]],1]]],[2,[""relation"",""relation""]]]",0.4410678618216933
1,14,global_e05,"[[[[[2,[""relation"",""relation""]],1],[[2,[""relation"",""relation""]],0]]],[2,[""relation"",""relation""]]]",0.4526066968362558
1,14,global_e05,"[[[[[2,[""relation"",""relation""]],1],[[2,[""relation"",""relation""]],1],[[2,[""relation"",""relation""]],0],[[2,[""relation"",""relation""]],0]]],[2,[""entity"",""entity""]]]",0.33085389605690074
1,14,global_e05,"[[[[[2,[""relation"",""relation""]],1],[[2,[""relation"",""relation""]],1],[[2,[""relation"",""relation""]],0],[[2,[""relation"",""relation""]],1]]],[2,[""entity"",""entity""]]]",0.33587284508562365
1,14,global_e05,"[[[[[2,[""relation"",""relation""]],1],[[2,[""relation"",""relation""]],1],[[2,[""relation"",""relation""]],0]]],[2,[""relation"",""relation""]]]",0.3656312150579526
1,14,global_e05,"[[[[[2,[""relation"",""relation""]],1],[[2,[""relation"",""relation""]],1],[[2,[""relation"",""relation""]],1],[[2,[""relation"",""relation""]],0]]],[2,[""entity"",""entity""]]]",0.31962420449835116
1,14,global_e05,"[[[[[2,[""relation"",""relation""]],1],[[2,[""relation"",""relation""]],1],[[2,[""relation"",""relation""]],1],[[2,[""relation"",""relation""]],1]]],[2,[""entity"",""entity""]]]",0.3057238438901243
1,14,global_e05,"[[[[[2,[""relation"",""relation""]],1],[[2,[""relation"",""relation""]],1],[[2,[""relation"",""relation""]],1]]],[2,[""relation"",""relation""]]]",0.36312708269428584
1,14,global_e05,"[[[[[2,[""relation"",""relation""]],1],[[2,[""relation"",""relation""]],1]]],[2,[""relation"",""relation""]]]",0.3656312150579526
1,14,global_e05,"[[[[[2,[""relation"",""relation""]],1]]],[2,[""relation"",""relation""]]]",0.4526066968362558
1,14,global_e05,"[[[]],[1,[""entity""]]]",0.0
1,14,global_e05,"[[[]],[2,[""entity"",""entity""]]]",0.0
1,14,global_e05,"[[[]],[2,[""relation"",""relation""]]]",0.42084396078216224
1,14,position_e01,"[[[[[2,[""relation"",""relation""]],0]]],[1,[""entity""]]]",0.0
1,14,position_e01,"[[[[[2,[""relation"",""relation""]],1],[[2,[""relation"",""relation""]],0],[[2,[""relation"",""relation""]],0],[[2,[""relation"",""relation""]],1]]],[2,[""entity"",""entity""]]]",0.0
1,14,position_e01,"[[[[[2,[""relation"",""relation""]],1],[[2,[""relation"",""relation""]],0],[[2,[""relation"",""relation""]],0]]],[2,[""relation"",""relation""]]]",0.0
1,14,position_e01,"[[[[[2,[""relation"",""relation""]],1],[[2,[""relation"",""relation""]],0],[[2,[""relation"",""relation""]],1],[[2,[""relation"",""relation""]],0]]],[2,[""entity"",""entity""]]]",0.0
1,14,position_e01,"[[[[[2,[""relation"",""relation""]],1],[[2,[""relation"",""relation""]],0],[[2,[""relation"",""relation""]],1],[[2,[""relation"",""relation""]],1]]],[2,[""entity"",""entity""]]]",0.0
1,14,position_e01,"[[[[[2,[""relation"",""relation""]],1],[[2,[""relation"",""relation""]],0],[[2,[""relation"",""relation""]],1]]],[2,[""relation"",""relation""]]]",0.0
1,14,position_e01,"[[[[[2,[""relation"",""relation""]],1],[[2,[""relation"",""relation""]],0]]],[2,[""relation"",""relation""]]]",0.0
1,14,position_e01,"[[[[[2,[""relation"",""relation""]],1],[[2,[""relation"",""relation""]],1],[[2,[""relation"",""relation""]],0],[[2,[""relation"",""relation""]],0]]],[2,[""entity"",""entity""]]]",0.5697768735641778
1,14,position_e01,"[[[[[2,[""relation"",""relation""]],1],[[2,[""relation"",""relation""]],1],[[2,[""relation"",""relation""]],0],[[2,[""relation"",""relation""]],1]]],[2,[""entity"",""entity""]]]",0.5023499255131699
1,14,position_e01,"[[[[[2,[""relation"",""relation""]],1],[[2,[""relation"",""relation""]],1],[[2,[""relation"",""relation""]],0]]],[2,[""relation"",""relation""]]]",0.7751850619708383
1,14,position_e01,"[[[[[2,[""relation"",""relation""]],1],[[2,[""relation"",""relation""]],1],[[2,[""relation"",""relation""]],1],[[2,[""relation"",""relation""]],0]]],[2,[""entity"",""entity""]]]",0.5124349608421355
1,14,position_e01,"[[[[[2,[""relation"",""relation""]],1],[[2,[""relation"",""relation""]],1],[[2,[""relation"",""relation""]],1],[[2,[""relation"",""relation""]],1]]],[2,[""entity"",""entity""]]]",0.4860429950314174
1,14,position_e01,"[[[[[2,[""relation"",""relation""]],1],[[2,[""relation"",""relation""]],1],[[2,[""relation"",""relation""]],1]]],[2,[""relation"",""relation""]]]",0.7376419228982736
1,14,position_e01,"[[[[[2,[""relation"",""relation""]],1],[[2,[""relation"",""relation""]],1]]],[2,[""relation"",""relation""]]]",0.7751850619708383
1,14,position_e01,"[[[[[2,[""relation"",""relation""]],1]]],[2,[""relation"",""relation""]]]",0.0
1,14,position_e01,"[[[]],[1,[""entity""]]]",0.0
1,14,position_e01,"[[[]],[2,[""entity"",""entity""]]]",0.0
1,14,position_e01,"[[[]],[2,[""relation"",""relation""]]]",0.0
1,14,position_e05,"[[[[[2,[""relation"",""relation""]],0]]],[1,[""entity""]]]",0.02906282060007736
1,14,position_e05,"[[[[[2,[""relation"",""relation""]],1],[[2,[""relation"",""relation""]],0],[[2,[""relation"",""relation""]],0],[[2,[""relation"",""relation""]],1]]],[2,[""entity"",""entity""]]]",0.0
1,14,position_e05,"[[[[[2,[""relation"",""relation""]],1],[[2,[""relation"",""relation""]],0],[[2,[""relation"",""relation""]],0]]],[2,[""relation"",""relation""]]]",0.0
1,14,position_e05,"[[[[[2,[""relation"",""relation""]],1],[[2,[""relation"",""relation""]],0],[[2,[""relation"",""relation""]],1],[[2,[""relation"",""relation""]],0]]],[2,[""entity"",""entity""]]]",0.0
1,14,position_e05,"[[[[[2,[""relation"",""relation""]],1],[[2,[""relation"",""relation""]],0],[[2,[""relation"",""relation""]],1],[[2,[""relation"",""relation""]],1]]],[2,[""entity"",""entity""]]]",0.0
1,14,position_e05,"[[[[[2,[""relation"",""relation""]],1],[[2,[""relation"",""relation""]],0],[[2,[""relation"",""relation""]],1]]],[2,[""relation"",""relation""]]]",0.0
1,14,position_e05,"[[[[[2,[""relation"",""relation""]],1],[[2,[""relation"",""relation""]],0]]],[2,[""relation"",""relation""]]]",0.0
1,14,position_e05,"[[[[[2,[""relation"",""relation""]],1],[[2,[""relation"",""relation""]],1],[[2,[""relation"",""relation""]],0],[[2,[""relation"",""relation""]],0]]],[2,[""entity"",""entity""]]]",0.795720297881766
1,14,position_e05,"[[[[[2,[""relation"",""relation""]],1],[[2,[""relation"",""relation""]],1],[[2,[""relation"",""relation""]],0],[[2,[""relation"",""relation""]],1]]],[2,[""entity"",""entity""]]]",0.6905618826531836
1,14,position_e05,"[[[[[2,[""relation"",""relation""]],1],[[2,[""relation"",""relation""]],1],[[2,[""relation"",""relation""]],0]]],[2,[""relation"",""relation""]]]",1.4972361485426706
1,14,position_e05,"[[[[[2,[""relation"",""relation""]],1],[[2,[""relation"",""relation""]],1],[[2,[""relation"",""relation""]],1],[[2,[""relation"",""relation""]],0]]],[2,[""entity"",""entity""]]]",0.6408799791023176
1,14,position_e05,"[[[[[2,[""relation"",""relation""]],1],[[2,[""relation"",""relation""]],1],[[2,[""relation"",""relation""]],1],[[2,[""relation"",""relation""]],1]]],[2,[""entity"",""entity""]]]",0.5955433980541451
1,14,position_e05,"[[[[[2,[""relation"",""relation""]],1],[[2,[""relation"",""relation""]],1],[[2,[""relation"",""relation""]],1]]],[2,[""relation"",""relation""]]]",1.413323961219552
1,14,position_e05,"[[[[[2,[""relation"",""relation""]],1],[[2,[""relation"",""relation""]],1]]],[2,[""relation"",""relation""]]]",1.4972361485426706
1,14,position_e05,"[[[[[2,[""relation"",""relation""]],1]]],[2,[""relation"",""relation""]]]",0.0
1,14,position_e05,"[[[]],[1,[""entity""]]]",0.0
1,14,position_e05,"[[[]],[2,[""entity"",""entity""]]]",0.0
1,14,position_e05,"[[[]],[2,[""relation"",""relation""]]]",0.0
1,14,global_fixed1,"[[[[[2,[""relation"",""relation""]],0]]],[1,[""entity""]]]",1.0
1,14,global_fixed1,"[[[[[2,[""relation"",""relation""]],1],[[2,[""relation"",""relation""]],0],[[2,[""relation"",""relation""]],0],[[2,[""relation"",""relation""]],1]]],[2,[""entity"",""entity""]]]",1.0
1,14,global_fixed1,"[[[[[2,[""relation"",""relation""]],1],[[2,[""relation"",""relation""]],0],[[2,[""relation"",""relation""]],0]]],[2,[""relation"",""relation""]]]",1.0
1,14,global_fixed1,"[[[[[2,[""relation"",""relation""]],1],[[2,[""relation"",""relation""]],0],[[2,[""relation"",""relation""]],1],[[2,[""relation"",""relation""]],0]]],[2,[""entity"",""entity""]]]",1.0
1,14,global_fixed1,"[[[[[2,[""relation"",""relation""]],1],[[2,[""relation"",""relation""]],0],[[2,[""relation"",""relation""]],1],[[2,[""relation"",""relation""]],1]]],[2,[""entity"",""entity""]]]",1.0
1,14,global_fixed1,"[[[[[2,[""relation"",""relation""]],1],[[2,[""relation"",""relation""]],0],[[2,[""relation"",""relation""]],1]]],[2,[""relation"",""relation""]]]",1.0
1,14,global_fixed1,"[[[[[2,[""relation"",""relation""]],1],[[2,[""relation"",""relation""]],0]]],[2,[""relation"",""relation""]]]",1.0
1,14,global_fixed1,"[[[[[2,[""relation"",""relation""]],1],[[2,[""relation"",""relation""]],1],[[2,[""relation"",""relation""]],0],[[2,[""relation"",""relation""]],0]]],[2,[""entity"",""entity""]]]",1.0
1,14,global_fixed1,"[[[[[2,[""relation"",""relation""]],1],[[2,[""relation"",""relation""]],1],[[2,[""relation"",""relation""]],0],[[2,[""relation"",""relation""]],1]]],[2,[""entity"",""entity""]]]",1.0
1,14,global_fixed1,"[[[[[2,[""relation"",""relation""]],1],[[2,[""relation"",""relation""]],1],[[2,[""relation"",""relation""]],0]]],[2,[""relation"",""relation""]]]",1.0
1,14,global_fixed1,"[[[[[2,[""relation"",""relation""]],1],[[2,[""relation"",""relation""]],1],[[2,[""relation"",""relation""]],1],[[2,[""relation"",""relation""]],0]]],[2,[""entity"",""entity""]]]",1.0
1,14,global_fixed1,"[[[[[2,[""relation"",""relation""]],1],[[2,[""relation"",""relation""]],1],[[2,[""relation"",""relation""]],1],[[2,[""relation"",""relation""]],1]]],[2,[""entity"",""entity""]]]",1.0
1,14,global_fixed1,"[[[[[2,[""relation"",""relation""]],1],[[2,[""relation"",""relation""]],1],[[2,[""relation"",""relation""]],1]]],[2,[""relation"",""relation""]]]",1.0
1,14,global_fixed1,"[[[[[2,[""relation"",""relation""]],1],[[2,[""relation"",""relation""]],1]]],[2,[""relation"",""relation""]]]",1.0
1,14,global_fixed1,"[[[[[2,[""relation"",""relation""]],1]]],[2,[""relation"",""relation""]]]",1.0
1,14,global_fixed1,"[[[]],[1,[""entity""]]]",1.0
1,14,global_fixed1,"[[[]],[2,[""entity"",""entity""]]]",1.0
1,14,global_fixed1,"[[[]],[2,[""relation"",""relation""]]]",1.0
1,14,position_fixed1,"[[[[[2,[""relation"",""relation""]],0]]],[1,[""entity""]]]",1.0
1,14,position_fixed1,"[[[[[2,[""relation"",""relation""]],1],[[2,[""relation"",""relation""]],0],[[2,[""relation"",""relation""]],0],[[2,[""relation"",""relation""]],1]]],[2,[""entity"",""entity""]]]",1.0
1,14,position_fixed1,"[[[[[2,[""relation"",""relation""]],1],[[2,[""relation"",""relation""]],0],[[2,[""relation"",""relation""]],0]]],[2,[""relation"",""relation""]]]",1.0
1,14,position_fixed1,"[[[[[2,[""relation"",""relation""]],1],[[2,[""relation"",""relation""]],0],[[2,[""relation"",""relation""]],1],[[2,[""relation"",""relation""]],0]]],[2,[""entity"",""entity""]]]",1.0
1,14,position_fixed1,"[[[[[2,[""relation"",""relation""]],1],[[2,[""relation"",""relation""]],0],[[2,[""relation"",""relation""]],1],[[2,[""relation"",""relation""]],1]]],[2,[""entity"",""entity""]]]",1.0
1,14,position_fixed1,"[[[[[2,[""relation"",""relation""]],1],[[2,[""relation"",""relation""]],0],[[2,[""relation"",""relation""]],1]]],[2,[""relation"",""relation""]]]",1.0
1,14,position_fixed1,"[[[[[2,[""relation"",""relation""]],1],[[2,[""relation"",""relation""]],0]]],[2,[""relation"",""relation""]]]",1.0
1,14,position_fixed1,"[[[[[2,[""relation"",""relation""]],1],[[2,[""relation"",""relation""]],1],[[2,[""relation"",""relation""]],0],[[2,[""relation"",""relation""]],0]]],[2,[""entity"",""entity""]]]",1.0
1,14,position_fixed1,"[[[[[2,[""relation"",""relation""]],1],[[2,[""relation"",""relation""]],1],[[2,[""relation"",""relation""]],0],[[2,[""relation"",""relation""]],1]]],[2,[""entity"",""entity""]]]",1.0
1,14,position_fixed1,"[[[[[2,[""relation"",""relation""]],1],[[2,[""relation"",""relation""]],1],[[2,[""relation"",""relation""]],0]]],[2,[""relation"",""relation""]]]",1.0
1,14,position_fixed1,"[[[[[2,[""relation"",""relation""]],1],[[2,[""relation"",""relation""]],1],[[2,[""relation"",""relation""]],1],[[2,[""relation"",""relation""]],0]]],[2,[""entity"",""entity""]]]",1.0
1,14,position_fixed1,"[[[[[2,[""relation"",""relation""]],1],[[2,[""relation"",""relation""]],1],[[2,[""relation"",""relation""]],1],[[2,[""relation"",""relation""]],1]]],[2,[""entity"",""entity""]]]",1.0
1,14,position_fixed1,"[[[[[2,[""relation"",""relation""]],1],[[2,[""relation"",""relation""]],1],[[2,[""relation"",""relation""]],1]]],[2,[""relation"",""relation""]]]",1.0
1,14,position_fixed1,"[[[[[2,[""relation"",""relation""]],1],[[2,[""relation"",""relation""]],1]]],[2,[""relation"",""relation""]]]",1.0
1,14,position_fixed1,"[[[[[2,[""relation"",""relation""]],1]]],[2,[""relation"",""relation""]]]",1.0
1,14,position_fixed1,"[[[]],[1,[""entity""]]]",1.0
1,14,position_fixed1,"[[[]],[2,[""entity"",""entity""]]]",1.0
1,14,position_fixed1,"[[[]],[2,[""relation"",""relation""]]]",1.0
1,15,global_e01,"[[[[[2,[""relation"",""relation""]],0]]],[1,[""entity""]]]",0.11866267816658824
1,15,global_e01,"[[[[[2,[""relation"",""relation""]],1],[[2,[""relation"",""relation""]],0],[[2,[""relation"",""relation""]],0],[[2,[""relation"",""relation""]],1]]],[2,[""entity"",""entity""]]]",0.08078275610452894
1,15,global_e01,"[[[[[2,[""relation"",""relation""]],1],[[2,[""relation"",""relation""]],0],[[2,[""relation"",""relation""]],0]]],[2,[""relation"",""relation""]]]",0.6692222164776978
1,15,global_e01,"[[[[[2,[""relation"",""relation""]],1],[[2,[""relation"",""relation""]],0],[[2,[""relation"",""relation""]],1],[[2,[""relation"",""relation""]],0]]],[2,[""entity"",""entity""]]]",0.11977403112570427
1,15,global_e01,"[[[[[2,[""relation"",""relation""]],1],[[2,[""relation"",""relation""]],0],[[2,[""relation"",""relation""]],1],[[2,[""relation"",""relation""]],1]]],[2,[""entity"",""entity""]]]",0.18806060715390208
1,15,global_e01,"[[[[[2,[""relation"",""relation""]],1],[[2,[""relation"",""relation""]],0],[[2,[""relation"",""relation""]],1]]],[2,[""relation"",""relation""]]]",0.4549943368887303
1,15,global_e01,"[[[[[2,[""relation"",""relation""]],1],[[2,[""relation"",""relation""]],0]]],[2,[""relation"",""relation""]]]",0.481281903148048
1,15,global_e01,"[[[[[2,[""relation"",""relation""]],1],[[2,[""relation"",""relation""]],1],[[2,[""relation"",""relation""]],0],[[2,[""relation"",""relation""]],0]]],[2,[""entity"",""entity""]]]",0.23848685508432518
1,15,global_e01,"[[[[[2,[""relation"",""relation""]],1],[[2,[""relation"",""relation""]],1],[[2,[""relation"",""relation""]],0],[[2,[""relation"",""relation""]],1]]],[2,[""entity"",""entity""]]]",0.3281881631982669
1,15,global_e01,"[[[[[2,[""relation"",""relation""]],1],[[2,[""relation"",""relation""]],1],[[2,[""relation"",""relation""]],0]]],[2,[""relation"",""relation""]]]",0.2750323760666246
1,15,global_e01,"[[[[[2,[""relation"",""relation""]],1],[[2,[""relation"",""relation""]],1],[[2,[""relation"",""relation""]],1],[[2,[""relation"",""relation""]],0]]],[2,[""entity"",""entity""]]]",0.3300582542271459
1,15,global_e01,"[[[[[2,[""relation"",""relation""]],1],[[2,[""relation"",""relation""]],1],[[2,[""relation"",""relation""]],1],[[2,[""relation"",""relation""]],1]]],[2,[""entity"",""entity""]]]",0.07883296586412486
1,15,global_e01,"[[[[[2,[""relation"",""relation""]],1],[[2,[""relation"",""relation""]],1],[[2,[""relation"",""relation""]],1]]],[2,[""relation"",""relation""]]]",0.2757816702146436
1,15,global_e01,"[[[[[2,[""relation"",""relation""]],1],[[2,[""relation"",""relation""]],1]]],[2,[""relation"",""relation""]]]",0.2760597549583165
1,15,global_e01,"[[[[[2,[""relation"",""relation""]],1]]],[2,[""relation"",""relation""]]]",0.481281903148048
1,15,global_e01,"[[[]],[1,[""entity""]]]",0.0
1,15,global_e01,"[[[]],[2,[""entity"",""entity""]]]",0.0
1,15,global_e01,"[[[]],[2,[""relation"",""relation""]]]",0.20070665059712714
1,15,global_e05,"[[[[[2,[""relation"",""relation""]],0]]],[1,[""entity""]]]",0.6055326642549801
1,15,global_e05,"[[[[[2,[""relation"",""relation""]],1],[[2,[""relation"",""relation""]],0],[[2,[""relation"",""relation""]],0],[[2,[""relation"",""relation""]],1]]],[2,[""entity"",""entity""]]]",0.2400253853271181
1,15,global_e05,"[[[[[2,[""relation"",""relation""]],1],[[2,[""relation"",""relation""]],0],[[2,[""relation"",""relation""]],0]]],[2,[""relation"",""relation""]]]",1.402324273198462
1,15,global_e05,"[[[[[2,[""relation"",""relation""]],1],[[2,[""relation"",""relation""]],0],[[2,[""relation"",""relation""]],1],[[2,[""relation"",""relation""]],0]]],[2,[""entity"",""entity""]]]",0.18883319357532322
1,15,global_e05,"[[[[[2,[""relation"",""relation""]],1],[[2,[""relation"",""relation""]],0],[[2,[""relation"",""relation""]],1],[[2,[""relation"",""relation""]],1]]],[2,[""entity"",""entity""]]]",0.2229266842814578
1,15,global_e05,"[[[[[2,[""relation"",""relation""]],1],[[2,[""relation"",""relation""]],0],[[2,[""relation"",""relation""]],1]]],[2,[""relation"",""relation""]]]",0.9373285576041599
1,15,global_e05,"[[[[[2,[""relation"",""relation""]],1],[[2,[""relation"",""relation""]],0]]],[2,[""relation"",""relation""]]]",0.9855552841766231
1,15,global_e05,"[[[[[2,[""relation"",""relation""]],1],[[2,[""relation"",""relation""]],1],[[2,[""relation"",""relation""]],0],[[2,[""relation"",""relation""]],0]]],[2,[""entity"",""entity""]]]",0.2587318559113488
1,15,global_e05,"[[[[[2,[""relation"",""relation""]],1],[[2,[""relation"",""relation""]],1],[[2,[""relation"",""relation""]],0],[[2,[""relation"",""relation""]],1]]],[2,[""entity"",""entity""]]]",0.5721962958561567
1,15,global_e05,"[[[[[2,[""relation"",""relation""]],1],[[2,[""relation"",""relation""]],1],[[2,[""relation"",""relation""]],0]]],[2,[""relation"",""relation""]]]",0.3814442159426531
1,15,global_e05,"[[[[[2,[""relation"",""relation""]],1],[[2,[""relation"",""relation""]],1],[[2,[""relation"",""relation""]],1],[[2,[""relation"",""relation""]],0]]],[2,[""entity"",""entity""]]]",0.5823480629378772
1,15,global_e05,"[[[[[2,[""relation"",""relation""]],1],[[2,[""relation"",""relation""]],1],[[2,[""relation"",""relation""]],1],[[2,[""relation"",""relation""]],1]]],[2,[""entity"",""entity""]]]",0.0019186707244010226
1,15,global_e05,"[[[[[2,[""relation"",""relation""]],1],[[2,[""relation"",""relation""]],1],[[2,[""relation"",""relation""]],1]]],[2,[""relation"",""relation""]]]",0.3811431645895629
1,15,global_e05,"[[[[[2,[""relation"",""relation""]],1],[[2,[""relation"",""relation""]],1]]],[2,[""relation"",""relation""]]]",0.38152987123596016
1,15,global_e05,"[[[[[2,[""relation"",""relation""]],1]]],[2,[""relation"",""relation""]]]",0.9855552841766231
1,15,global_e05,"[[[]],[1,[""entity""]]]",0.0
1,15,global_e05,"[[[]],[2,[""entity"",""entity""]]]",0.0
1,15,global_e05,"[[[]],[2,[""relation"",""relation""]]]",0.16834917296603796
1,15,position_e01,"[[[[[2,[""relation"",""relation""]],0]]],[1,[""entity""]]]",0.004441410505249083
1,15,position_e01,"[[[[[2,[""relation"",""relation""]],1],[[2,[""relation"",""relation""]],0],[[2,[""relation"",""relation""]],0],[[2,[""relation"",""relation""]],1]]],[2,[""entity"",""entity""]]]",0.0
1,15,position_e01,"[[[[[2,[""relation"",""relation""]],1],[[2,[""relation"",""relation""]],0],[[2,[""relation"",""relation""]],0]]],[2,[""relation"",""relation""]]]",0.0
1,15,position_e01,"[[[[[2,[""relation"",""relation""]],1],[[2,[""relation"",""relation""]],0],[[2,[""relation"",""relation""]],1],[[2,[""relation"",""relation""]],0]]],[2,[""entity"",""entity""]]]",0.0
1,15,position_e01,"[[[[[2,[""relation"",""relation""]],1],[[2,[""relation"",""relation""]],0],[[2,[""relation"",""relation""]],1],[[2,[""relation"",""relation""]],1]]],[2,[""entity"",""entity""]]]",0.0
1,15,position_e01,"[[[[[2,[""relation"",""relation""]],1],[[2,[""relation"",""relation""]],0],[[2,[""relation"",""relation""]],1]]],[2,[""relation"",""relation""]]]",0.0
1,15,position_e01,"[[[[[2,[""relation"",""relation""]],1],[[2,[""relation"",""relation""]],0]]],[2,[""relation"",""relation""]]]",0.0
1,15,position_e01,"[[[[[2,[""relation"",""relation""]],1],[[2,[""relation"",""relation""]],1],[[2,[""relation"",""relation""]],0],[[2,[""relation"",""relation""]],0]]],[2,[""entity"",""entity""]]]",0.49782275010102556
1,15,position_e01,"[[[[[2,[""relation"",""relation""]],1],[[2,[""relation"",""relation""]],1],[[2,[""relation"",""relation""]],0],[[2,[""relation"",""relation""]],1]]],[2,[""entity"",""entity""]]]",0.551164801221823
1,15,position_e01,"[[[[[2,[""relation"",""relation""]],1],[[2,[""relation"",""relation""]],1],[[2,[""relation"",""relation""]],0]]],[2,[""relation"",""relation""]]]",0.6982670300967218
1,15,position_e01,"[[[[[2,[""relation"",""relation""]],1],[[2,[""relation"",""relation""]],1],[[2,[""relation"",""relation""]],1],[[2,[""relation"",""relation""]],0]]],[2,[""entity"",""entity""]]]",0.5239006451635629
1,15,position_e01,"[[[[[2,[""relation"",""relation""]],1],[[2,[""relation"",""relation""]],1],[[2,[""relation"",""relation""]],1],[[2,[""relation"",""relation""]],1]]],[2,[""entity"",""entity""]]]",0.4714357387428266
1,15,position_e01,"[[[[[2,[""relation"",""relation""]],1],[[2,[""relation"",""relation""]],1],[[2,[""relation"",""relation""]],1]]],[2,[""relation"",""relation""]]]",0.7012839690618659
1,15,position_e01,"[[[[[2,[""relation"",""relation""]],1],[[2,[""relation"",""relation""]],1]]],[2,[""relation"",""relation""]]]",0.7029608415945153
1,15,position_e01,"[[[[[2,[""relation"",""relation""]],1]]],[2,[""relation"",""relation""]]]",0.0
1,15,position_e01,"[[[]],[1,[""entity""]]]",0.0
1,15,position_e01,"[[[]],[2,[""entity"",""entity""]]]",0.0
1,15,position_e01,"[[[]],[2,[""relation"",""relation""]]]",0.0
1,15,position_e05,"[[[[[2,[""relation"",""relation""]],0]]],[1,[""entity""]]]",0.0800997199114821
1,15,position_e05,"[[[[[2,[""relation"",""relation""]],1],[[2,[""relation"",""relation""]],0],[[2,[""relation"",""relation""]],0],[[2,[""relation"",""relation""]],1]]],[2,[""entity"",""entity""]]]",0.0
1,15,position_e05,"[[[[[2,[""relation"",""relation""]],1],[[2,[""relation"",""relation""]],0],[[2,[""relation"",""relation""]],0]]],[2,[""relation"",""relation""]]]",0.0
1,15,position_e05,"[[[[[2,[""relation"",""relation""]],1],[[2,[""relation"",""relation""]],0],[[2,[""relation"",""relation""]],1],[[2,[""relation"",""relation""]],0]]],[2,[""entity"",""entity""]]]",0.0
1,15,position_e05,"[[[[[2,[""relation"",""relation""]],1],[[2,[""relation"",""relation""]],0],[[2,[""relation"",""relation""]],1],[[2,[""relation"",""relation""]],1]]],[2,[""entity"",""entity""]]]",0.0
1,15,position_e05,"[[[[[2,[""relation"",""relation""]],1],[[2,[""relation"",""relation""]],0],[[2,[""relation"",""relation""]],1]]],[2,[""relation"",""relation""]]]",0.0
1,15,position_e05,"[[[[[2,[""relation"",""relation""]],1],[[2,[""relation"",""relation""]],0]]],[2,[""relation"",""relation""]]]",0.0
1,15,position_e05,"[[[[[2,[""relation"",""relation""]],1],[[2,[""relation"",""relation""]],1],[[2,[""relation"",""relation""]],0],[[2,[""relation"",""relation""]],0]]],[2,[""entity"",""entity""]]]",0.8214394086510435
1,15,position_e05,"[[[[[2,[""relation"",""relation""]],1],[[2,[""relation"",""relation""]],1],[[2,[""relation"",""relation""]],0],[[2,[""relation"",""relation""]],1]]],[2,[""entity"",""entity""]]]",0.9885242335125841
1,15,position_e05,"[[[[[2,[""relation"",""relation""]],1],[[2,[""relation"",""relation""]],1],[[2,[""relation"",""relation""]],0]]],[2,[""relation"",""relation""]]]",1.4334326062255502
1,15,position_e05,"[[[[[2,[""relation"",""relation""]],1],[[2,[""relation"",""relation""]],1],[[2,[""relation"",""relation""]],1],[[2,[""relation"",""relation""]],0]]],[2,[""entity"",""entity""]]]",0.9359669537774972
1,15,position_e05,"[[[[[2,[""relation"",""relation""]],1],[[2,[""relation"",""relation""]],1],[[2,[""relation"",""relation""]],1],[[2,[""relation"",""relation""]],1]]],[2,[""entity"",""entity""]]]",0.6869934092125014
1,15,position_e05,"[[[[[2,[""relation"",""relation""]],1],[[2,[""relation"",""relation""]],1],[[2,[""relation"",""relation""]],1]]],[2,[""relation"",""relation""]]]",1.4411522130104606
1,15,position_e05,"[[[[[2,[""relation"",""relation""]],1],[[2,[""relation"",""relation""]],1]]],[2,[""relation"",""relation""]]]",1.4434032359816549
1,15,position_e05,"[[[[[2,[""relation"",""relation""]],1]]],[2,[""relation"",""relation""]]]",0.0
1,15,position_e05,"[[[]],[1,[""entity""]]]",0.0
1,15,position_e05,"[[[]],[2,[""entity"",""entity""]]]",0.0
1,15,position_e05,"[[[]],[2,[""relation"",""relation""]]]",0.0
1,15,global_fixed1,"[[[[[2,[""relation"",""relation""]],0]]],[1,[""entity""]]]",1.0
1,15,global_fixed1,"[[[[[2,[""relation"",""relation""]],1],[[2,[""relation"",""relation""]],0],[[2,[""relation"",""relation""]],0],[[2,[""relation"",""relation""]],1]]],[2,[""entity"",""entity""]]]",1.0
1,15,global_fixed1,"[[[[[2,[""relation"",""relation""]],1],[[2,[""relation"",""relation""]],0],[[2,[""relation"",""relation""]],0]]],[2,[""relation"",""relation""]]]",1.0
1,15,global_fixed1,"[[[[[2,[""relation"",""relation""]],1],[[2,[""relation"",""relation""]],0],[[2,[""relation"",""relation""]],1],[[2,[""relation"",""relation""]],0]]],[2,[""entity"",""entity""]]]",1.0
1,15,global_fixed1,"[[[[[2,[""relation"",""relation""]],1],[[2,[""relation"",""relation""]],0],[[2,[""relation"",""relation""]],1],[[2,[""relation"",""relation""]],1]]],[2,[""entity"",""entity""]]]",1.0
1,15,global_fixed1,"[[[[[2,[""relation"",""relation""]],1],[[2,[""relation"",""relation""]],0],[[2,[""relation"",""relation""]],1]]],[2,[""relation"",""relation""]]]",1.0
1,15,global_fixed1,"[[[[[2,[""relation"",""relation""]],1],[[2,[""relation"",""relation""]],0]]],[2,[""relation"",""relation""]]]",1.0
1,15,global_fixed1,"[[[[[2,[""relation"",""relation""]],1],[[2,[""relation"",""relation""]],1],[[2,[""relation"",""relation""]],0],[[2,[""relation"",""relation""]],0]]],[2,[""entity"",""entity""]]]",1.0
1,15,global_fixed1,"[[[[[2,[""relation"",""relation""]],1],[[2,[""relation"",""relation""]],1],[[2,[""relation"",""relation""]],0],[[2,[""relation"",""relation""]],1]]],[2,[""entity"",""entity""]]]",1.0
1,15,global_fixed1,"[[[[[2,[""relation"",""relation""]],1],[[2,[""relation"",""relation""]],1],[[2,[""relation"",""relation""]],0]]],[2,[""relation"",""relation""]]]",1.0
1,15,global_fixed1,"[[[[[2,[""relation"",""relation""]],1],[[2,[""relation"",""relation""]],1],[[2,[""relation"",""relation""]],1],[[2,[""relation"",""relation""]],0]]],[2,[""entity"",""entity""]]]",1.0
1,15,global_fixed1,"[[[[[2,[""relation"",""relation""]],1],[[2,[""relation"",""relation""]],1],[[2,[""relation"",""relation""]],1],[[2,[""relation"",""relation""]],1]]],[2,[""entity"",""entity""]]]",1.0
1,15,global_fixed1,"[[[[[2,[""relation"",""relation""]],1],[[2,[""relation"",""relation""]],1],[[2,[""relation"",""relation""]],1]]],[2,[""relation"",""relation""]]]",1.0
1,15,global_fixed1,"[[[[[2,[""relation"",""relation""]],1],[[2,[""relation"",""relation""]],1]]],[2,[""relation"",""relation""]]]",1.0
1,15,global_fixed1,"[[[[[2,[""relation"",""relation""]],1]]],[2,[""relation"",""relation""]]]",1.0
1,15,global_fixed1,"[[[]],[1,[""entity""]]]",1.0
1,15,global_fixed1,"[[[]],[2,[""entity"",""entity""]]]",1.0
1,15,global_fixed1,"[[[]],[2,[""relation"",""relation""]]]",1.0
1,15,position_fixed1,"[[[[[2,[""relation"",""relation""]],0]]],[1,[""entity""]]]",1.0
1,15,position_fixed1,"[[[[[2,[""relation"",""relation""]],1],[[2,[""relation"",""relation""]],0],[[2,[""relation"",""relation""]],0],[[2,[""relation"",""relation""]],1]]],[2,[""entity"",""entity""]]]",1.0
1,15,position_fixed1,"[[[[[2,[""relation"",""relation""]],1],[[2,[""relation"",""relation""]],0],[[2,[""relation"",""relation""]],0]]],[2,[""relation"",""relation""]]]",1.0
1,15,position_fixed1,"[[[[[2,[""relation"",""relation""]],1],[[2,[""relation"",""relation""]],0],[[2,[""relation"",""relation""]],1],[[2,[""relation"",""relation""]],0]]],[2,[""entity"",""entity""]]]",1.0
1,15,position_fixed1,"[[[[[2,[""relation"",""relation""]],1],[[2,[""relation"",""relation""]],0],[[2,[""relation"",""relation""]],1],[[2,[""relation"",""relation""]],1]]],[2,[""entity"",""entity""]]]",1.0
1,15,position_fixed1,"[[[[[2,[""relation"",""relation""]],1],[[2,[""relation"",""relation""]],0],[[2,[""relation"",""relation""]],1]]],[2,[""relation"",""relation""]]]",1.0
1,15,position_fixed1,"[[[[[2,[""relation"",""relation""]],1],[[2,[""relation"",""relation""]],0]]],[2,[""relation"",""relation""]]]",1.0
1,15,position_fixed1,"[[[[[2,[""relation"",""relation""]],1],[[2,[""relation"",""relation""]],1],[[2,[""relation"",""relation""]],0],[[2,[""relation"",""relation""]],0]]],[2,[""entity"",""entity""]]]",1.0
1,15,position_fixed1,"[[[[[2,[""relation"",""relation""]],1],[[2,[""relation"",""relation""]],1],[[2,[""relation"",""relation""]],0],[[2,[""relation"",""relation""]],1]]],[2,[""entity"",""entity""]]]",1.0
1,15,position_fixed1,"[[[[[2,[""relation"",""relation""]],1],[[2,[""relation"",""relation""]],1],[[2,[""relation"",""relation""]],0]]],[2,[""relation"",""relation""]]]",1.0
1,15,position_fixed1,"[[[[[2,[""relation"",""relation""]],1],[[2,[""relation"",""relation""]],1],[[2,[""relation"",""relation""]],1],[[2,[""relation"",""relation""]],0]]],[2,[""entity"",""entity""]]]",1.0
1,15,position_fixed1,"[[[[[2,[""relation"",""relation""]],1],[[2,[""relation"",""relation""]],1],[[2,[""relation"",""relation""]],1],[[2,[""relation"",""relation""]],1]]],[2,[""entity"",""entity""]]]",1.0
1,15,position_fixed1,"[[[[[2,[""relation"",""relation""]],1],[[2,[""relation"",""relation""]],1],[[2,[""relation"",""relation""]],1]]],[2,[""relation"",""relation""]]]",1.0
1,15,position_fixed1,"[[[[[2,[""relation"",""relation""]],1],[[2,[""relation"",""relation""]],1]]],[2,[""relation"",""relation""]]]",1.0
1,15,position_fixed1,"[[[[[2,[""relation"",""relation""]],1]]],[2,[""relation"",""relation""]]]",1.0
1,15,position_fixed1,"[[[]],[1,[""entity""]]]",1.0
1,15,position_fixed1,"[[[]],[2,[""entity"",""entity""]]]",1.0
1,15,position_fixed1,"[[[]],[2,[""relation"",""relation""]]]",1.0
1,16,global_e01,"[[[[[2,[""relation"",""relation""]],0]]],[1,[""entity""]]]",0.08871608100491164
1,16,global_e01,"[[[[[2,[""relation"",""relation""]],1],[[2,[""relation"",""relation""]],0],[[2,[""relation"",""relation""]],0],[[2,[""relation"",""relation""]],1]]],[2,[""entity"",""entity""]]]",0.12626084113843386
1,16,global_e01,"[[[[[2,[""relation"",""relation""]],1],[[2,[""relation"",""relation""]],0],[[2,[""relation"",""relation""]],0]]],[2,[""relation"",""relation""]]]",0.6511147857367166
1,16,global_e01,"[[[[[2,[""relation"",""relation""]],1],[[2,[""relation"",""relation""]],0],[[2,[""relation"",""relation""]],1],[[2,[""relation"",""relation""]],0]]],[2,[""entity"",""entity""]]]",0.26414512231516085
1,16,global_e01,"[[[[[2,[""relation"",""relation""]],1],[[2,[""relation"",""relation""]],0],[[2,[""relation"",""relation""]],1],[[2,[""relation"",""relation""]],1]]],[2,[""entity"",""entity""]]]",0.040730270237653986
1,16,global_e01,"[[[[[2,[""relation"",""relation""]],1],[[2,[""relation"",""relation""]],0],[[2,[""relation"",""relation""]],1]]],[2,[""relation"",""relation""]]]",0.2360585114969341
1,16,global_e01,"[[[[[2,[""relation"",""relation""]],1],[[2,[""relation"",""relation""]],0]]],[2,[""relation"",""relation""]]]",0.2751743565183321
1,16,global_e01,"[[[[[2,[""relation"",""relation""]],1],[[2,[""relation"",""relation""]],1],[[2,[""relation"",""relation""]],0],[[2,[""relation"",""relation""]],0]]],[2,[""entity"",""entity""]]]",0.18002198876544948
1,16,global_e01,"[[[[[2,[""relation"",""relation""]],1],[[2,[""relation"",""relation""]],1],[[2,[""relation"",""relation""]],0],[[2,[""relation"",""relation""]],1]]],[2,[""entity"",""entity""]]]",0.21557532246770605
1,16,global_e01,"[[[[[2,[""relation"",""relation""]],1],[[2,[""relation"",""relation""]],1],[[2,[""relation"",""relation""]],0]]],[2,[""relation"",""relation""]]]",0.2622296357063307
1,16,global_e01,"[[[[[2,[""relation"",""relation""]],1],[[2,[""relation"",""relation""]],1],[[2,[""relation"",""relation""]],1],[[2,[""relation"",""relation""]],0]]],[2,[""entity"",""entity""]]]",0.12312685236929032
1,16,global_e01,"[[[[[2,[""relation"",""relation""]],1],[[2,[""relation"",""relation""]],1],[[2,[""relation"",""relation""]],1],[[2,[""relation"",""relation""]],1]]],[2,[""entity"",""entity""]]]",0.19010848858491497
1,16,global_e01,"[[[[[2,[""relation"",""relation""]],1],[[2,[""relation"",""relation""]],1],[[2,[""relation"",""relation""]],1]]],[2,[""relation"",""relation""]]]",0.2682796733949195
1,16,global_e01,"[[[[[2,[""relation"",""relation""]],1],[[2,[""relation"",""relation""]],1]]],[2,[""relation"",""relation""]]]",0.2622296357063307
1,16,global_e01,"[[[[[2,[""relation"",""relation""]],1]]],[2,[""relation"",""relation""]]]",0.2751743565183321
1,16,global_e01,"[[[]],[1,[""entity""]]]",0.0
1,16,global_e01,"[[[]],[2,[""entity"",""entity""]]]",0.0
1,16,global_e01,"[[[]],[2,[""relation"",""relation""]]]",0.2213042745691586
1,16,global_e05,"[[[[[2,[""relation"",""relation""]],0]]],[1,[""entity""]]]",0.04578046022965952
1,16,global_e05,"[[[[[2,[""relation"",""relation""]],1],[[2,[""relation"",""relation""]],0],[[2,[""relation"",""relation""]],0],[[2,[""relation"",""relation""]],1]]],[2,[""entity"",""entity""]]]",0.20987720530023662
1,16,global_e05,"[[[[[2,[""relation"",""relation""]],1],[[2,[""relation"",""relation""]],0],[[2,[""relation"",""relation""]],0]]],[2,[""relation"",""relation""]]]",1.5138574644546352
1,16,global_e05,"[[[[[2,[""relation"",""relation""]],1],[[2,[""relation"",""relation""]],0],[[2,[""relation"",""relation""]],1],[[2,[""relation"",""relation""]],0]]],[2,[""entity"",""entity""]]]",0.5387844262490318
1,16,global_e05,"[[[[[2,[""relation"",""relation""]],1],[[2,[""relation"",""relation""]],0],[[2,[""relation"",""relation""]],1],[[2,[""relation"",""relation""]],1]]],[2,[""entity"",""entity""]]]",0.14952056783120715
1,16,global_e05,"[[[[[2,[""relation"",""relation""]],1],[[2,[""relation"",""relation""]],0],[[2,[""relation"",""relation""]],1]]],[2,[""relation"",""relation""]]]",0.23744306489326358
1,16,global_e05,"[[[[[2,[""relation"",""relation""]],1],[[2,[""relation"",""relation""]],0]]],[2,[""relation"",""relation""]]]",0.24085416686218591
1,16,global_e05,"[[[[[2,[""relation"",""relation""]],1],[[2,[""relation"",""relation""]],1],[[2,[""relation"",""relation""]],0],[[2,[""relation"",""relation""]],0]]],[2,[""entity"",""entity""]]]",0.9677970197322991
1,16,global_e05,"[[[[[2,[""relation"",""relation""]],1],[[2,[""relation"",""relation""]],1],[[2,[""relation"",""relation""]],0],[[2,[""relation"",""relation""]],1]]],[2,[""entity"",""entity""]]]",0.9592286578453016
1,16,global_e05,"[[[[[2,[""relation"",""relation""]],1],[[2,[""relation"",""relation""]],1],[[2,[""relation"",""relation""]],0]]],[2,[""relation"",""relation""]]]",0.8938089055633305
1,16,global_e05,"[[[[[2,[""relation"",""relation""]],1],[[2,[""relation"",""relation""]],1],[[2,[""relation"",""relation""]],1],[[2,[""relation"",""relation""]],0]]],[2,[""entity"",""entity""]]]",0.9133415662335486
1,16,global_e05,"[[[[[2,[""relation"",""relation""]],1],[[2,[""relation"",""relation""]],1],[[2,[""relation"",""relation""]],1],[[2,[""relation"",""relation""]],1]]],[2,[""entity"",""entity""]]]",0.9794327543252973
1,16,global_e05,"[[[[[2,[""relation"",""relation""]],1],[[2,[""relation"",""relation""]],1],[[2,[""relation"",""relation""]],1]]],[2,[""relation"",""relation""]]]",0.8943507823536481
1,16,global_e05,"[[[[[2,[""relation"",""relation""]],1],[[2,[""relation"",""relation""]],1]]],[2,[""relation"",""relation""]]]",0.8938089055633305
1,16,global_e05,"[[[[[2,[""relation"",""relation""]],1]]],[2,[""relation"",""relation""]]]",0.24085416686218591
1,16,global_e05,"[[[]],[1,[""entity""]]]",0.0
1,16,global_e05,"[[[]],[2,[""entity"",""entity""]]]",0.0
1,16,global_e05,"[[[]],[2,[""relation"",""relation""]]]",0.16951182183625918
1,16,position_e01,"[[[[[2,[""relation"",""relation""]],0]]],[1,[""entity""]]]",0.10873040795855993
1,16,position_e01,"[[[[[2,[""relation"",""relation""]],1],[[2,[""relation"",""relation""]],0],[[2,[""relation"",""relation""]],0],[[2,[""relation"",""relation""]],1]]],[2,[""entity"",""entity""]]]",0.0
1,16,position_e01,"[[[[[2,[""relation"",""relation""]],1],[[2,[""relation"",""relation""]],0],[[2,[""relation"",""relation""]],0]]],[2,[""relation"",""relation""]]]",0.0
1,16,position_e01,"[[[[[2,[""relation"",""relation""]],1],[[2,[""relation"",""relation""]],0],[[2,[""relation"",""relation""]],1],[[2,[""relation"",""relation""]],0]]],[2,[""entity"",""entity""]]]",0.0
1,16,position_e01,"[[[[[2,[""relation"",""relation""]],1],[[2,[""relation"",""relation""]],0],[[2,[""relation"",""relation""]],1],[[2,[""relation"",""relation""]],1]]],[2,[""entity"",""entity""]]]",0.0
1,16,position_e01,"[[[[[2,[""relation"",""relation""]],1],[[2,[""relation"",""relation""]],0],[[2,[""relation"",""relation""]],1]]],[2,[""relation"",""relation""]]]",0.0
1,16,position_e01,"[[[[[2,[""relation"",""relation""]],1],[[2,[""relation"",""relation""]],0]]],[2,[""relation"",""relation""]]]",0.0
1,16,position_e01,"[[[[[2,[""relation"",""relation""]],1],[[2,[""relation"",""relation""]],1],[[2,[""relation"",""relation""]],0],[[2,[""relation"",""relation""]],0]]],[2,[""entity"",""entity""]]]",0.4363398678863713
1,16,position_e01,"[[[[[2,[""relation"",""relation""]],1],[[2,[""relation"",""relation""]],1],[[2,[""relation"",""relation""]],0],[[2,[""relation"",""relation""]],1]]],[2,[""entity"",""entity""]]]",0.4972551047536898
1,16,position_e01,"[[[[[2,[""relation"",""relation""]],1],[[2,[""relation"",""relation""]],1],[[2,[""relation"",""relation""]],0]]],[2,[""relation"",""relation""]]]",0.6514550887717845
1,16,position_e01,"[[[[[2,[""relation"",""relation""]],1],[[2,[""relation"",""relation""]],1],[[2,[""relation"",""relation""]],1],[[2,[""relation"",""relation""]],0]]],[2,[""entity"",""entity""]]]",0.45242144247329963
1,16,position_e01,"[[[[[2,[""relation"",""relation""]],1],[[2,[""relation"",""relation""]],1],[[2,[""relation"",""relation""]],1],[[2,[""relation"",""relation""]],1]]],[2,[""entity"",""entity""]]]",0.44594344769636596
1,16,position_e01,"[[[[[2,[""relation"",""relation""]],1],[[2,[""relation"",""relation""]],1],[[2,[""relation"",""relation""]],1]]],[2,[""relation"",""relation""]]]",0.6454226822335106
1,16,position_e01,"[[[[[2,[""relation"",""relation""]],1],[[2,[""relation"",""relation""]],1]]],[2,[""relation"",""relation""]]]",0.6514550887717845
1,16,position_e01,"[[[[[2,[""relation"",""relation""]],1]]],[2,[""relation"",""relation""]]]",0.0
1,16,position_e01,"[[[]],[1,[""entity""]]]",0.0
1,16,position_e01,"[[[]],[2,[""entity"",""entity""]]]",0.0
1,16,position_e01,"[[[]],[2,[""relation"",""relation""]]]",0.0
1,16,position_e05,"[[[[[2,[""relation"",""relation""]],0]]],[1,[""entity""]]]",0.43460477013012966
1,16,position_e05,"[[[[[2,[""relation"",""relation""]],1],[[2,[""relation"",""relation""]],0],[[2,[""relation"",""relation""]],0],[[2,[""relation"",""relation""]],1]]],[2,[""entity"",""entity""]]]",0.0
1,16,position_e05,"[[[[[2,[""relation"",""relation""]],1],[[2,[""relation"",""relation""]],0],[[2,[""relation"",""relation""]],0]]],[2,[""relation"",""relation""]]]",0.0
1,16,position_e05,"[[[[[2,[""relation"",""relation""]],1],[[2,[""relation"",""relation""]],0],[[2,[""relation"",""relation""]],1],[[2,[""relation"",""relation""]],0]]],[2,[""entity"",""entity""]]]",0.0
1,16,position_e05,"[[[[[2,[""relation"",""relation""]],1],[[2,[""relation"",""relation""]],0],[[2,[""relation"",""relation""]],1],[[2,[""relation"",""relation""]],1]]],[2,[""entity"",""entity""]]]",0.0
1,16,position_e05,"[[[[[2,[""relation"",""relation""]],1],[[2,[""relation"",""relation""]],0],[[2,[""relation"",""relation""]],1]]],[2,[""relation"",""relation""]]]",0.0
1,16,position_e05,"[[[[[2,[""relation"",""relation""]],1],[[2,[""relation"",""relation""]],0]]],[2,[""relation"",""relation""]]]",0.0
1,16,position_e05,"[[[[[2,[""relation"",""relation""]],1],[[2,[""relation"",""relation""]],1],[[2,[""relation"",""relation""]],0],[[2,[""relation"",""relation""]],0]]],[2,[""entity"",""entity""]]]",0.6254240941285227
1,16,position_e05,"[[[[[2,[""relation"",""relation""]],1],[[2,[""relation"",""relation""]],1],[[2,[""relation"",""relation""]],0],[[2,[""relation"",""relation""]],1]]],[2,[""entity"",""entity""]]]",0.7876019372049061
1,16,position_e05,"[[[[[2,[""relation"",""relation""]],1],[[2,[""relation"",""relation""]],1],[[2,[""relation"",""relation""]],0]]],[2,[""relation"",""relation""]]]",1.3024129423579485
1,16,position_e05,"[[[[[2,[""relation"",""relation""]],1],[[2,[""relation"",""relation""]],1],[[2,[""relation"",""relation""]],1],[[2,[""relation"",""relation""]],0]]],[2,[""entity"",""entity""]]]",0.6103834794822609
1,16,position_e05,"[[[[[2,[""relation"",""relation""]],1],[[2,[""relation"",""relation""]],1],[[2,[""relation"",""relation""]],1],[[2,[""relation"",""relation""]],1]]],[2,[""entity"",""entity""]]]",0.6367163158657543
1,16,position_e05,"[[[[[2,[""relation"",""relation""]],1],[[2,[""relation"",""relation""]],1],[[2,[""relation"",""relation""]],1]]],[2,[""relation"",""relation""]]]",1.305661944104686
1,16,position_e05,"[[[[[2,[""relation"",""relation""]],1],[[2,[""relation"",""relation""]],1]]],[2,[""relation"",""relation""]]]",1.3024129423579485
1,16,position_e05,"[[[[[2,[""relation"",""relation""]],1]]],[2,[""relation"",""relation""]]]",0.0
1,16,position_e05,"[[[]],[1,[""entity""]]]",0.0
1,16,position_e05,"[[[]],[2,[""entity"",""entity""]]]",0.0
1,16,position_e05,"[[[]],[2,[""relation"",""relation""]]]",0.0
1,16,global_fixed1,"[[[[[2,[""relation"",""relation""]],0]]],[1,[""entity""]]]",1.0
1,16,global_fixed1,"[[[[[2,[""relation"",""relation""]],1],[[2,[""relation"",""relation""]],0],[[2,[""relation"",""relation""]],0],[[2,[""relation"",""relation""]],1]]],[2,[""entity"",""entity""]]]",1.0
1,16,global_fixed1,"[[[[[2,[""relation"",""relation""]],1],[[2,[""relation"",""relation""]],0],[[2,[""relation"",""relation""]],0]]],[2,[""relation"",""relation""]]]",1.0
1,16,global_fixed1,"[[[[[2,[""relation"",""relation""]],1],[[2,[""relation"",""relation""]],0],[[2,[""relation"",""relation""]],1],[[2,[""relation"",""relation""]],0]]],[2,[""entity"",""entity""]]]",1.0
1,16,global_fixed1,"[[[[[2,[""relation"",""relation""]],1],[[2,[""relation"",""relation""]],0],[[2,[""relation"",""relation""]],1],[[2,[""relation"",""relation""]],1]]],[2,[""entity"",""entity""]]]",1.0
1,16,global_fixed1,"[[[[[2,[""relation"",""relation""]],1],[[2,[""relation"",""relation""]],0],[[2,[""relation"",""relation""]],1]]],[2,[""relation"",""relation""]]]",1.0
1,16,global_fixed1,"[[[[[2,[""relation"",""relation""]],1],[[2,[""relation"",""relation""]],0]]],[2,[""relation"",""relation""]]]",1.0
1,16,global_fixed1,"[[[[[2,[""relation"",""relation""]],1],[[2,[""relation"",""relation""]],1],[[2,[""relation"",""relation""]],0],[[2,[""relation"",""relation""]],0]]],[2,[""entity"",""entity""]]]",1.0
1,16,global_fixed1,"[[[[[2,[""relation"",""relation""]],1],[[2,[""relation"",""relation""]],1],[[2,[""relation"",""relation""]],0],[[2,[""relation"",""relation""]],1]]],[2,[""entity"",""entity""]]]",1.0
1,16,global_fixed1,"[[[[[2,[""relation"",""relation""]],1],[[2,[""relation"",""relation""]],1],[[2,[""relation"",""relation""]],0]]],[2,[""relation"",""relation""]]]",1.0
1,16,global_fixed1,"[[[[[2,[""relation"",""relation""]],1],[[2,[""relation"",""relation""]],1],[[2,[""relation"",""relation""]],1],[[2,[""relation"",""relation""]],0]]],[2,[""entity"",""entity""]]]",1.0
1,16,global_fixed1,"[[[[[2,[""relation"",""relation""]],1],[[2,[""relation"",""relation""]],1],[[2,[""relation"",""relation""]],1],[[2,[""relation"",""relation""]],1]]],[2,[""entity"",""entity""]]]",1.0
1,16,global_fixed1,"[[[[[2,[""relation"",""relation""]],1],[[2,[""relation"",""relation""]],1],[[2,[""relation"",""relation""]],1]]],[2,[""relation"",""relation""]]]",1.0
1,16,global_fixed1,"[[[[[2,[""relation"",""relation""]],1],[[2,[""relation"",""relation""]],1]]],[2,[""relation"",""relation""]]]",1.0
1,16,global_fixed1,"[[[[[2,[""relation"",""relation""]],1]]],[2,[""relation"",""relation""]]]",1.0
1,16,global_fixed1,"[[[]],[1,[""entity""]]]",1.0
1,16,global_fixed1,"[[[]],[2,[""entity"",""entity""]]]",1.0
1,16,global_fixed1,"[[[]],[2,[""relation"",""relation""]]]",1.0
1,16,position_fixed1,"[[[[[2,[""relation"",""relation""]],0]]],[1,[""entity""]]]",1.0
1,16,position_fixed1,"[[[[[2,[""relation"",""relation""]],1],[[2,[""relation"",""relation""]],0],[[2,[""relation"",""relation""]],0],[[2,[""relation"",""relation""]],1]]],[2,[""entity"",""entity""]]]",1.0
1,16,position_fixed1,"[[[[[2,[""relation"",""relation""]],1],[[2,[""relation"",""relation""]],0],[[2,[""relation"",""relation""]],0]]],[2,[""relation"",""relation""]]]",1.0
1,16,position_fixed1,"[[[[[2,[""relation"",""relation""]],1],[[2,[""relation"",""relation""]],0],[[2,[""relation"",""relation""]],1],[[2,[""relation"",""relation""]],0]]],[2,[""entity"",""entity""]]]",1.0
1,16,position_fixed1,"[[[[[2,[""relation"",""relation""]],1],[[2,[""relation"",""relation""]],0],[[2,[""relation"",""relation""]],1],[[2,[""relation"",""relation""]],1]]],[2,[""entity"",""entity""]]]",1.0
1,16,position_fixed1,"[[[[[2,[""relation"",""relation""]],1],[[2,[""relation"",""relation""]],0],[[2,[""relation"",""relation""]],1]]],[2,[""relation"",""relation""]]]",1.0
1,16,position_fixed1,"[[[[[2,[""relation"",""relation""]],1],[[2,[""relation"",""relation""]],0]]],[2,[""relation"",""relation""]]]",1.0
1,16,position_fixed1,"[[[[[2,[""relation"",""relation""]],1],[[2,[""relation"",""relation""]],1],[[2,[""relation"",""relation""]],0],[[2,[""relation"",""relation""]],0]]],[2,[""entity"",""entity""]]]",1.0
1,16,position_fixed1,"[[[[[2,[""relation"",""relation""]],1],[[2,[""relation"",""relation""]],1],[[2,[""relation"",""relation""]],0],[[2,[""relation"",""relation""]],1]]],[2,[""entity"",""entity""]]]",1.0
1,16,position_fixed1,"[[[[[2,[""relation"",""relation""]],1],[[2,[""relation"",""relation""]],1],[[2,[""relation"",""relation""]],0]]],[2,[""relation"",""relation""]]]",1.0
1,16,position_fixed1,"[[[[[2,[""relation"",""relation""]],1],[[2,[""relation"",""relation""]],1],[[2,[""relation"",""relation""]],1],[[2,[""relation"",""relation""]],0]]],[2,[""entity"",""entity""]]]",1.0
1,16,position_fixed1,"[[[[[2,[""relation"",""relation""]],1],[[2,[""relation"",""relation""]],1],[[2,[""relation"",""relation""]],1],[[2,[""relation"",""relation""]],1]]],[2,[""entity"",""entity""]]]",1.0
1,16,position_fixed1,"[[[[[2,[""relation"",""relation""]],1],[[2,[""relation"",""relation""]],1],[[2,[""relation"",""relation""]],1]]],[2,[""relation"",""relation""]]]",1.0
1,16,position_fixed1,"[[[[[2,[""relation"",""relation""]],1],[[2,[""relation"",""relation""]],1]]],[2,[""relation"",""relation""]]]",1.0
1,16,position_fixed1,"[[[[[2,[""relation"",""relation""]],1]]],[2,[""relation"",""relation""]]]",1.0
1,16,position_fixed1,"[[[]],[1,[""entity""]]]",1.0
1,16,position_fixed1,"[[[]],[2,[""entity"",""entity""]]]",1.0
1,16,position_fixed1,"[[[]],[2,[""relation"",""relation""]]]",1.0
1,17,global_e01,"[[[[[2,[""relation"",""relation""]],0]]],[1,[""entity""]]]",0.05134089741142825
1,17,global_e01,"[[[[[2,[""relation"",""relation""]],1],[[2,[""relation"",""relation""]],0],[[2,[""relation"",""relation""]],0],[[2,[""relation"",""relation""]],1]]],[2,[""entity"",""entity""]]]",0.126913902561493
1,17,global_e01,"[[[[[2,[""relation"",""relation""]],1],[[2,[""relation"",""relation""]],0],[[2,[""relation"",""relation""]],0]]],[2,[""relation"",""relation""]]]",0.7895257335152347
1,17,global_e01,"[[[[[2,[""relation"",""relation""]],1],[[2,[""relation"",""relation""]],0],[[2,[""relation"",""relation""]],1],[[2,[""relation"",""relation""]],0]]],[2,[""entity"",""entity""]]]",0.16592163594315862
1,17,global_e01,"[[[[[2,[""relation"",""relation""]],1],[[2,[""relation"",""relation""]],0],[[2,[""relation"",""relation""]],1],[[2,[""relation"",""relation""]],1]]],[2,[""entity"",""entity""]]]",0.13467398895505464
1,17,global_e01,"[[[[[2,[""relation"",""relation""]],1],[[2,[""relation"",""relation""]],0],[[2,[""relation"",""relation""]],1]]],[2,[""relation"",""relation""]]]",0.33810098892633456
1,17,global_e01,"[[[[[2,[""relation"",""relation""]],1],[[2,[""relation"",""relation""]],0]]],[2,[""relation"",""relation""]]]",0.3492345588099504
1,17,global_e01,"[[[[[2,[""relation"",""relation""]],1],[[2,[""relation"",""relation""]],1],[[2,[""relation"",""relation""]],0],[[2,[""relation"",""relation""]],0]]],[2,[""entity"",""entity""]]]",0.20814072482812737
1,17,global_e01,"[[[[[2,[""relation"",""relation""]],1],[[2,[""relation"",""relation""]],1],[[2,[""relation"",""relation""]],0],[[2,[""relation"",""relation""]],1]]],[2,[""entity"",""entity""]]]",0.2685528268388619
1,17,global_e01,"[[[[[2,[""relation"",""relation""]],1],[[2,[""relation"",""relation""]],1],[[2,[""relation"",""relation""]],0]]],[2,[""relation"",""relation""]]]",0.3358204432091876
1,17,global_e01,"[[[[[2,[""relation"",""relation""]],1],[[2,[""relation"",""relation""]],1],[[2,[""relation"",""relation""]],1],[[2,[""relation"",""relation""]],0]]],[2,[""entity"",""entity""]]]",0.3023734968151682
1,17,global_e01,"[[[[[2,[""relation"",""relation""]],1],[[2,[""relation"",""relation""]],1],[[2,[""relation"",""relation""]],1],[[2,[""relation"",""relation""]],1]]],[2,[""entity"",""entity""]]]",0.15671158322996762
1,17,global_e01,"[[[[[2,[""relation"",""relation""]],1],[[2,[""relation"",""relation""]],1],[[2,[""relation"",""relation""]],1]]],[2,[""relation"",""relation""]]]",0.2926967081330799
1,17,global_e01,"[[[[[2,[""relation"",""relation""]],1],[[2,[""relation"",""relation""]],1]]],[2,[""relation"",""relation""]]]",0.3358210220500631
1,17,global_e01,"[[[[[2,[""relation"",""relation""]],1]]],[2,[""relation"",""relation""]]]",0.3492345588099504
1,17,global_e01,"[[[]],[1,[""entity""]]]",0.0
1,17,global_e01,"[[[]],[2,[""entity"",""entity""]]]",0.0
1,17,global_e01,"[[[]],[2,[""relation"",""relation""]]]",0.3009796539575331
1,17,global_e05,"[[[[[2,[""relation"",""relation""]],0]]],[1,[""entity""]]]",0.09445627510057265
1,17,global_e05,"[[[[[2,[""relation"",""relation""]],1],[[2,[""relation"",""relation""]],0],[[2,[""relation"",""relation""]],0],[[2,[""relation"",""relation""]],1]]],[2,[""entity"",""entity""]]]",0.16049957667449696
1,17,global_e05,"[[[[[2,[""relation"",""relation""]],1],[[2,[""relation"",""relation""]],0],[[2,[""relation"",""relation""]],0]]],[2,[""relation"",""relation""]]]",1.6240249002054972
1,17,global_e05,"[[[[[2,[""relation"",""relation""]],1],[[2,[""relation"",""relation""]],0],[[2,[""relation"",""relation""]],1],[[2,[""relation"",""relation""]],0]]],[2,[""entity"",""entity""]]]",0.3320823192950968
1,17,global_e05,"[[[[[2,[""relation"",""relation""]],1],[[2,[""relation"",""relation""]],0],[[2,[""relation"",""relation""]],1],[[2,[""relation"",""relation""]],1]]],[2,[""entity"",""entity""]]]",0.138206829985255
1,17,global_e05,"[[[[[2,[""relation"",""relation""]],1],[[2,[""relation"",""relation""]],0],[[2,[""relation"",""relation""]],1]]],[2,[""relation"",""relation""]]]",0.48420822597947333
1,17,global_e05,"[[[[[2,[""relation"",""relation""]],1],[[2,[""relation"",""relation""]],0]]],[2,[""relation"",""relation""]]]",0.5065633232797666
1,17,global_e05,"[[[[[2,[""relation"",""relation""]],1],[[2,[""relation"",""relation""]],1],[[2,[""relation"",""relation""]],0],[[2,[""relation"",""relation""]],0]]],[2,[""entity"",""entity""]]]",0.1344452011091142
1,17,global_e05,"[[[[[2,[""relation"",""relation""]],1],[[2,[""relation"",""relation""]],1],[[2,[""relation"",""relation""]],0],[[2,[""relation"",""relation""]],1]]],[2,[""entity"",""entity""]]]",0.35779205204442727
1,17,global_e05,"[[[[[2,[""relation"",""relation""]],1],[[2,[""relation"",""relation""]],1],[[2,[""relation"",""relation""]],0]]],[2,[""relation"",""relation""]]]",0.48540842681160445
1,17,global_e05,"[[[[[2,[""relation"",""relation""]],1],[[2,[""relation"",""relation""]],1],[[2,[""relation"",""relation""]],1],[[2,[""relation"",""relation""]],0]]],[2,[""entity"",""entity""]]]",0.46729805547256026
1,17,global_e05,"[[[[[2,[""relation"",""relation""]],1],[[2,[""relation"",""relation""]],1],[[2,[""relation"",""relation""]],1],[[2,[""relation"",""relation""]],1]]],[2,[""entity"",""entity""]]]",0.028090314658872684
1,17,global_e05,"[[[[[2,[""relation"",""relation""]],1],[[2,[""relation"",""relation""]],1],[[2,[""relation"",""relation""]],1]]],[2,[""relation"",""relation""]]]",0.32100786387073227
1,17,global_e05,"[[[[[2,[""relation"",""relation""]],1],[[2,[""relation"",""relation""]],1]]],[2,[""relation"",""relation""]]]",0.4854085310656576
1,17,global_e05,"[[[[[2,[""relation"",""relation""]],1]]],[2,[""relation"",""relation""]]]",0.5065633232797666
1,17,global_e05,"[[[]],[1,[""entity""]]]",0.0
1,17,global_e05,"[[[]],[2,[""entity"",""entity""]]]",0.0
1,17,global_e05,"[[[]],[2,[""relation"",""relation""]]]",0.43362342859911696
1,17,position_e01,"[[[[[2,[""relation"",""relation""]],0]]],[1,[""entity""]]]",0.09703352570918816
1,17,position_e01,"[[[[[2,[""relation"",""relation""]],1],[[2,[""relation"",""relation""]],0],[[2,[""relation"",""relation""]],0],[[2,[""relation"",""relation""]],1]]],[2,[""entity"",""entity""]]]",0.0
1,17,position_e01,"[[[[[2,[""relation"",""relation""]],1],[[2,[""relation"",""relation""]],0],[[2,[""relation"",""relation""]],0]]],[2,[""relation"",""relation""]]]",0.0
1,17,position_e01,"[[[[[2,[""relation"",""relation""]],1],[[2,[""relation"",""relation""]],0],[[2,[""relation"",""relation""]],1],[[2,[""relation"",""relation""]],0]]],[2,[""entity"",""entity""]]]",0.0
1,17,position_e01,"[[[[[2,[""relation"",""relation""]],1],[[2,[""relation"",""relation""]],0],[[2,[""relation"",""relation""]],1],[[2,[""relation"",""relation""]],1]]],[2,[""entity"",""entity""]]]",0.0
1,17,position_e01,"[[[[[2,[""relation"",""relation""]],1],[[2,[""relation"",""relation""]],0],[[2,[""relation"",""relation""]],1]]],[2,[""relation"",""relation""]]]",0.0
1,17,position_e01,"[[[[[2,[""relation"",""relation""]],1],[[2,[""relation"",""relation""]],0]]],[2,[""relation"",""relation""]]]",0.0
1,17,position_e01,"[[[[[2,[""relation"",""relation""]],1],[[2,[""relation"",""relation""]],1],[[2,[""relation"",""relation""]],0],[[2,[""relation"",""relation""]],0]]],[2,[""entity"",""entity""]]]",0.48499450651813575
1,17,position_e01,"[[[[[2,[""relation"",""relation""]],1],[[2,[""relation"",""relation""]],1],[[2,[""relation"",""relation""]],0],[[2,[""relation"",""relation""]],1]]],[2,[""entity"",""entity""]]]",0.47550859962469777
1,17,position_e01,"[[[[[2,[""relation"",""relation""]],1],[[2,[""relation"",""relation""]],1],[[2,[""relation"",""relation""]],0]]],[2,[""relation"",""relation""]]]",0.6769415180462764
1,17,position_e01,"[[[[[2,[""relation"",""relation""]],1],[[2,[""relation"",""relation""]],1],[[2,[""relation"",""relation""]],1],[[2,[""relation"",""relation""]],0]]],[2,[""entity"",""entity""]]]",0.5288674476309455
1,17,position_e01,"[[[[[2,[""relation"",""relation""]],1],[[2,[""relation"",""relation""]],1],[[2,[""relation"",""relation""]],1],[[2,[""relation"",""relation""]],1]]],[2,[""entity"",""entity""]]]",0.47290796060128454
1,17,position_e01,"[[[[[2,[""relation"",""relation""]],1],[[2,[""relation"",""relation""]],1],[[2,[""relation"",""relation""]],1]]],[2,[""relation"",""relation""]]]",0.6407592574929333
1,17,position_e01,"[[[[[2,[""relation"",""relation""]],1],[[2,[""relation"",""relation""]],1]]],[2,[""relation"",""relation""]]]",0.6769909860197144
1,17,position_e01,"[[[[[2,[""relation"",""relation""]],1]]],[2,[""relation"",""relation""]]]",0.0
1,17,position_e01,"[[[]],[1,[""entity""]]]",0.0
1,17,position_e01,"[[[]],[2,[""entity"",""entity""]]]",0.0
1,17,position_e01,"[[[]],[2,[""relation"",""relation""]]]",0.0
1,17,position_e05,"[[[[[2,[""relation"",""relation""]],0]]],[1,[""entity""]]]",0.5330713185700153
1,17,position_e05,"[[[[[2,[""relation"",""relation""]],1],[[2,[""relation"",""relation""]],0],[[2,[""relation"",""relation""]],0],[[2,[""relation"",""relation""]],1]]],[2,[""entity"",""entity""]]]",0.0
1,17,position_e05,"[[[[[2,[""relation"",""relation""]],1],[[2,[""relation"",""relation""]],0],[[2,[""relation"",""relation""]],0]]],[2,[""relation"",""relation""]]]",0.0
1,17,position_e05,"[[[[[2,[""relation"",""relation""]],1],[[2,[""relation"",""relation""]],0],[[2,[""relation"",""relation""]],1],[[2,[""relation"",""relation""]],0]]],[2,[""entity"",""entity""]]]",0.0
1,17,position_e05,"[[[[[2,[""relation"",""relation""]],1],[[2,[""relation"",""relation""]],0],[[2,[""relation"",""relation""]],1],[[2,[""relation"",""relation""]],1]]],[2,[""entity"",""entity""]]]",0.0
1,17,position_e05,"[[[[[2,[""relation"",""relation""]],1],[[2,[""relation"",""relation""]],0],[[2,[""relation"",""relation""]],1]]],[2,[""relation"",""relation""]]]",0.0
1,17,position_e05,"[[[[[2,[""relation"",""relation""]],1],[[2,[""relation"",""relation""]],0]]],[2,[""relation"",""relation""]]]",0.0
1,17,position_e05,"[[[[[2,[""relation"",""relation""]],1],[[2,[""relation"",""relation""]],1],[[2,[""relation"",""relation""]],0],[[2,[""relation"",""relation""]],0]]],[2,[""entity"",""entity""]]]",0.8419225443252792
1,17,position_e05,"[[[[[2,[""relation"",""relation""]],1],[[2,[""relation"",""relation""]],1],[[2,[""relation"",""relation""]],0],[[2,[""relation"",""relation""]],1]]],[2,[""entity"",""entity""]]]",0.8039727441600208
1,17,position_e05,"[[[[[2,[""relation"",""relation""]],1],[[2,[""relation"",""relation""]],1],[[2,[""relation"",""relation""]],0]]],[2,[""relation"",""relation""]]]",1.4251848603605788
1,17,position_e05,"[[[[[2,[""relation"",""relation""]],1],[[2,[""relation"",""relation""]],1],[[2,[""relation"",""relation""]],1],[[2,[""relation"",""relation""]],0]]],[2,[""entity"",""entity""]]]",0.9880263532270978
1,17,position_e05,"[[[[[2,[""relation"",""relation""]],1],[[2,[""relation"",""relation""]],1],[[2,[""relation"",""relation""]],1],[[2,[""relation"",""relation""]],1]]],[2,[""entity"",""entity""]]]",0.7689052606453747
1,17,position_e05,"[[[[[2,[""relation"",""relation""]],1],[[2,[""relation"",""relation""]],1],[[2,[""relation"",""relation""]],1]]],[2,[""relation"",""relation""]]]",1.3491073975790895
1,17,position_e05,"[[[[[2,[""relation"",""relation""]],1],[[2,[""relation"",""relation""]],1]]],[2,[""relation"",""relation""]]]",1.4251987633570369
1,17,position_e05,"[[[[[2,[""relation"",""relation""]],1]]],[2,[""relation"",""relation""]]]",0.0
1,17,position_e05,"[[[]],[1,[""entity""]]]",0.0
1,17,position_e05,"[[[]],[2,[""entity"",""entity""]]]",0.0
1,17,position_e05,"[[[]],[2,[""relation"",""relation""]]]",0.0
1,17,global_fixed1,"[[[[[2,[""relation"",""relation""]],0]]],[1,[""entity""]]]",1.0
1,17,global_fixed1,"[[[[[2,[""relation"",""relation""]],1],[[2,[""relation"",""relation""]],0],[[2,[""relation"",""relation""]],0],[[2,[""relation"",""relation""]],1]]],[2,[""entity"",""entity""]]]",1.0
1,17,global_fixed1,"[[[[[2,[""relation"",""relation""]],1],[[2,[""relation"",""relation""]],0],[[2,[""relation"",""relation""]],0]]],[2,[""relation"",""relation""]]]",1.0
1,17,global_fixed1,"[[[[[2,[""relation"",""relation""]],1],[[2,[""relation"",""relation""]],0],[[2,[""relation"",""relation""]],1],[[2,[""relation"",""relation""]],0]]],[2,[""entity"",""entity""]]]",1.0
1,17,global_fixed1,"[[[[[2,[""relation"",""relation""]],1],[[2,[""relation"",""relation""]],0],[[2,[""relation"",""relation""]],1],[[2,[""relation"",""relation""]],1]]],[2,[""entity"",""entity""]]]",1.0
1,17,global_fixed1,"[[[[[2,[""relation"",""relation""]],1],[[2,[""relation"",""relation""]],0],[[2,[""relation"",""relation""]],1]]],[2,[""relation"",""relation""]]]",1.0
1,17,global_fixed1,"[[[[[2,[""relation"",""relation""]],1],[[2,[""relation"",""relation""]],0]]],[2,[""relation"",""relation""]]]",1.0
1,17,global_fixed1,"[[[[[2,[""relation"",""relation""]],1],[[2,[""relation"",""relation""]],1],[[2,[""relation"",""relation""]],0],[[2,[""relation"",""relation""]],0]]],[2,[""entity"",""entity""]]]",1.0
1,17,global_fixed1,"[[[[[2,[""relation"",""relation""]],1],[[2,[""relation"",""relation""]],1],[[2,[""relation"",""relation""]],0],[[2,[""relation"",""relation""]],1]]],[2,[""entity"",""entity""]]]",1.0
1,17,global_fixed1,"[[[[[2,[""relation"",""relation""]],1],[[2,[""relation"",""relation""]],1],[[2,[""relation"",""relation""]],0]]],[2,[""relation"",""relation""]]]",1.0
1,17,global_fixed1,"[[[[[2,[""relation"",""relation""]],1],[[2,[""relation"",""relation""]],1],[[2,[""relation"",""relation""]],1],[[2,[""relation"",""relation""]],0]]],[2,[""entity"",""entity""]]]",1.0
1,17,global_fixed1,"[[[[[2,[""relation"",""relation""]],1],[[2,[""relation"",""relation""]],1],[[2,[""relation"",""relation""]],1],[[2,[""relation"",""relation""]],1]]],[2,[""entity"",""entity""]]]",1.0
1,17,global_fixed1,"[[[[[2,[""relation"",""relation""]],1],[[2,[""relation"",""relation""]],1],[[2,[""relation"",""relation""]],1]]],[2,[""relation"",""relation""]]]",1.0
1,17,global_fixed1,"[[[[[2,[""relation"",""relation""]],1],[[2,[""relation"",""relation""]],1]]],[2,[""relation"",""relation""]]]",1.0
1,17,global_fixed1,"[[[[[2,[""relation"",""relation""]],1]]],[2,[""relation"",""relation""]]]",1.0
1,17,global_fixed1,"[[[]],[1,[""entity""]]]",1.0
1,17,global_fixed1,"[[[]],[2,[""entity"",""entity""]]]",1.0
1,17,global_fixed1,"[[[]],[2,[""relation"",""relation""]]]",1.0
1,17,position_fixed1,"[[[[[2,[""relation"",""relation""]],0]]],[1,[""entity""]]]",1.0
1,17,position_fixed1,"[[[[[2,[""relation"",""relation""]],1],[[2,[""relation"",""relation""]],0],[[2,[""relation"",""relation""]],0],[[2,[""relation"",""relation""]],1]]],[2,[""entity"",""entity""]]]",1.0
1,17,position_fixed1,"[[[[[2,[""relation"",""relation""]],1],[[2,[""relation"",""relation""]],0],[[2,[""relation"",""relation""]],0]]],[2,[""relation"",""relation""]]]",1.0
1,17,position_fixed1,"[[[[[2,[""relation"",""relation""]],1],[[2,[""relation"",""relation""]],0],[[2,[""relation"",""relation""]],1],[[2,[""relation"",""relation""]],0]]],[2,[""entity"",""entity""]]]",1.0
1,17,position_fixed1,"[[[[[2,[""relation"",""relation""]],1],[[2,[""relation"",""relation""]],0],[[2,[""relation"",""relation""]],1],[[2,[""relation"",""relation""]],1]]],[2,[""entity"",""entity""]]]",1.0
1,17,position_fixed1,"[[[[[2,[""relation"",""relation""]],1],[[2,[""relation"",""relation""]],0],[[2,[""relation"",""relation""]],1]]],[2,[""relation"",""relation""]]]",1.0
1,17,position_fixed1,"[[[[[2,[""relation"",""relation""]],1],[[2,[""relation"",""relation""]],0]]],[2,[""relation"",""relation""]]]",1.0
1,17,position_fixed1,"[[[[[2,[""relation"",""relation""]],1],[[2,[""relation"",""relation""]],1],[[2,[""relation"",""relation""]],0],[[2,[""relation"",""relation""]],0]]],[2,[""entity"",""entity""]]]",1.0
1,17,position_fixed1,"[[[[[2,[""relation"",""relation""]],1],[[2,[""relation"",""relation""]],1],[[2,[""relation"",""relation""]],0],[[2,[""relation"",""relation""]],1]]],[2,[""entity"",""entity""]]]",1.0
1,17,position_fixed1,"[[[[[2,[""relation"",""relation""]],1],[[2,[""relation"",""relation""]],1],[[2,[""relation"",""relation""]],0]]],[2,[""relation"",""relation""]]]",1.0
1,17,position_fixed1,"[[[[[2,[""relation"",""relation""]],1],[[2,[""relation"",""relation""]],1],[[2,[""relation"",""relation""]],1],[[2,[""relation"",""relation""]],0]]],[2,[""entity"",""entity""]]]",1.0
1,17,position_fixed1,"[[[[[2,[""relation"",""relation""]],1],[[2,[""relation"",""relation""]],1],[[2,[""relation"",""relation""]],1],[[2,[""relation"",""relation""]],1]]],[2,[""entity"",""entity""]]]",1.0
1,17,position_fixed1,"[[[[[2,[""relation"",""relation""]],1],[[2,[""relation"",""relation""]],1],[[2,[""relation"",""relation""]],1]]],[2,[""relation"",""relation""]]]",1.0
1,17,position_fixed1,"[[[[[2,[""relation"",""relation""]],1],[[2,[""relation"",""relation""]],1]]],[2,[""relation"",""relation""]]]",1.0
1,17,position_fixed1,"[[[[[2,[""relation"",""relation""]],1]]],[2,[""relation"",""relation""]]]",1.0
1,17,position_fixed1,"[[[]],[1,[""entity""]]]",1.0
1,17,position_fixed1,"[[[]],[2,[""entity"",""entity""]]]",1.0
1,17,position_fixed1,"[[[]],[2,[""relation"",""relation""]]]",1.0
1,18,global_e01,"[[[[[2,[""relation"",""relation""]],0]]],[1,[""entity""]]]",0.1275838441850013
1,18,global_e01,"[[[[[2,[""relation"",""relation""]],1],[[2,[""relation"",""relation""]],0],[[2,[""relation"",""relation""]],0],[[2,[""relation"",""relation""]],1]]],[2,[""entity"",""entity""]]]",0.19163806955698234
1,18,global_e01,"[[[[[2,[""relation"",""relation""]],1],[[2,[""relation"",""relation""]],0],[[2,[""relation"",""relation""]],0]]],[2,[""relation"",""relation""]]]",0.6973461485016829
1,18,global_e01,"[[[[[2,[""relation"",""relation""]],1],[[2,[""relation"",""relation""]],0],[[2,[""relation"",""relation""]],1],[[2,[""relation"",""relation""]],0]]],[2,[""entity"",""entity""]]]",0.0016094709786430642
1,18,global_e01,"[[[[[2,[""relation"",""relation""]],1],[[2,[""relation"",""relation""]],0],[[2,[""relation"",""relation""]],1],[[2,[""relation"",""relation""]],1]]],[2,[""entity"",""entity""]]]",0.08719587582116564
1,18,global_e01,"[[[[[2,[""relation"",""relation""]],1],[[2,[""relation"",""relation""]],0],[[2,[""relation"",""relation""]],1]]],[2,[""relation"",""relation""]]]",0.26765653770090503
1,18,global_e01,"[[[[[2,[""relation"",""relation""]],1],[[2,[""relation"",""relation""]],0]]],[2,[""relation"",""relation""]]]",0.29966261092595803
1,18,global_e01,"[[[[[2,[""relation"",""relation""]],1],[[2,[""relation"",""relation""]],1],[[2,[""relation"",""relation""]],0],[[2,[""relation"",""relation""]],0]]],[2,[""entity"",""entity""]]]",0.29258943493891265
1,18,global_e01,"[[[[[2,[""relation"",""relation""]],1],[[2,[""relation"",""relation""]],1],[[2,[""relation"",""relation""]],0],[[2,[""relation"",""relation""]],1]]],[2,[""entity"",""entity""]]]",0.2792055984795994
1,18,global_e01,"[[[[[2,[""relation"",""relation""]],1],[[2,[""relation"",""relation""]],1],[[2,[""relation"",""relation""]],0]]],[2,[""relation"",""relation""]]]",0.3321480373524942
1,18,global_e01,"[[[[[2,[""relation"",""relation""]],1],[[2,[""relation"",""relation""]],1],[[2,[""relation"",""relation""]],1],[[2,[""relation"",""relation""]],0]]],[2,[""entity"",""entity""]]]",0.1849224833475982
1,18,global_e01,"[[[[[2,[""relation"",""relation""]],1],[[2,[""relation"",""relation""]],1],[[2,[""relation"",""relation""]],1],[[2,[""relation"",""relation""]],1]]],[2,[""entity"",""entity""]]]",0.22270002665393288
1,18,global_e01,"[[[[[2,[""relation"",""relation""]],1],[[2,[""relation"",""relation""]],1],[[2,[""relation"",""relation""]],1]]],[2,[""relation"",""relation""]]]",0.30610255293273664
1,18,global_e01,"[[[[[2,[""relation"",""relation""]],1],[[2,[""relation"",""relation""]],1]]],[2,[""relation"",""relation""]]]",0.3309551923378992
1,18,global_e01,"[[[[[2,[""relation"",""relation""]],1]]],[2,[""relation"",""relation""]]]",0.29966261092595803
1,18,global_e01,"[[[]],[1,[""entity""]]]",0.0
1,18,global_e01,"[[[]],[2,[""entity"",""entity""]]]",0.0
1,18,global_e01,"[[[]],[2,[""relation"",""relation""]]]",0.27907792783388385
1,18,global_e05,"[[[[[2,[""relation"",""relation""]],0]]],[1,[""entity""]]]",0.6879246480757978
1,18,global_e05,"[[[[[2,[""relation"",""relation""]],1],[[2,[""relation"",""relation""]],0],[[2,[""relation"",""relation""]],0],[[2,[""relation"",""relation""]],1]]],[2,[""entity"",""entity""]]]",0.6700060230060725
1,18,global_e05,"[[[[[2,[""relation"",""relation""]],1],[[2,[""relation"",""relation""]],0],[[2,[""relation"",""relation""]],0]]],[2,[""relation"",""relation""]]]",1.4892532725545906
1,18,global_e05,"[[[[[2,[""relation"",""relation""]],1],[[2,[""relation"",""relation""]],0],[[2,[""relation"",""relation""]],1],[[2,[""relation"",""relation""]],0]]],[2,[""entity"",""entity""]]]",0.00040963599963999317
1,18,global_e05,"[[[[[2,[""relation"",""relation""]],1],[[2,[""relation"",""relation""]],0],[[2,[""relation"",""relation""]],1],[[2,[""relation"",""relation""]],1]]],[2,[""entity"",""entity""]]]",0.11612692244597189
1,18,global_e05,"[[[[[2,[""relation"",""relation""]],1],[[2,[""relation"",""relation""]],0],[[2,[""relation"",""relation""]],1]]],[2,[""relation"",""relation""]]]",0.3432995527411967
1,18,global_e05,"[[[[[2,[""relation"",""relation""]],1],[[2,[""relation"",""relation""]],0]]],[2,[""relation"",""relation""]]]",0.44744133138718467
1,18,global_e05,"[[[[[2,[""relation"",""relation""]],1],[[2,[""relation"",""relation""]],1],[[2,[""relation"",""relation""]],0],[[2,[""relation"",""relation""]],0]]],[2,[""entity"",""entity""]]]",0.7211013848595442
1,18,global_e05,"[[[[[2,[""relation"",""relation""]],1],[[2,[""relation"",""relation""]],1],[[2,[""relation"",""relation""]],0],[[2,[""relation"",""relation""]],1]]],[2,[""entity"",""entity""]]]",0.7302809536356623
1,18,global_e05,"[[[[[2,[""relation"",""relation""]],1],[[2,[""relation"",""relation""]],1],[[2,[""relation"",""relation""]],0]]],[2,[""relation"",""relation""]]]",0.6488358790284781
1,18,global_e05,"[[[[[2,[""relation"",""relation""]],1],[[2,[""relation"",""relation""]],1],[[2,[""relation"",""relation""]],1],[[2,[""relation"",""relation""]],0]]],[2,[""entity"",""entity""]]]",0.6209421076999235
1,18,global_e05,"[[[[[2,[""relation"",""relation""]],1],[[2,[""relation"",""relation""]],1],[[2,[""relation"",""relation""]],1],[[2,[""relation"",""relation""]],1]]],[2,[""entity"",""entity""]]]",0.6431134058439245
1,18,global_e05,"[[[[[2,[""relation"",""relation""]],1],[[2,[""relation"",""relation""]],1],[[2,[""relation"",""relation""]],1]]],[2,[""relation"",""relation""]]]",0.6460207758894057
1,18,global_e05,"[[[[[2,[""relation"",""relation""]],1],[[2,[""relation"",""relation""]],1]]],[2,[""relation"",""relation""]]]",0.6487572423065171
1,18,global_e05,"[[[[[2,[""relation"",""relation""]],1]]],[2,[""relation"",""relation""]]]",0.44744133138718467
1,18,global_e05,"[[[]],[1,[""entity""]]]",0.0
1,18,global_e05,"[[[]],[2,[""entity"",""entity""]]]",0.0
1,18,global_e05,"[[[]],[2,[""relation"",""relation""]]]",0.4298200484448851
1,18,position_e01,"[[[[[2,[""relation"",""relation""]],0]]],[1,[""entity""]]]",0.007035789219185451
1,18,position_e01,"[[[[[2,[""relation"",""relation""]],1],[[2,[""relation"",""relation""]],0],[[2,[""relation"",""relation""]],0],[[2,[""relation"",""relation""]],1]]],[2,[""entity"",""entity""]]]",0.0
1,18,position_e01,"[[[[[2,[""relation"",""relation""]],1],[[2,[""relation"",""relation""]],0],[[2,[""relation"",""relation""]],0]]],[2,[""relation"",""relation""]]]",0.0
1,18,position_e01,"[[[[[2,[""relation"",""relation""]],1],[[2,[""relation"",""relation""]],0],[[2,[""relation"",""relation""]],1],[[2,[""relation"",""relation""]],0]]],[2,[""entity"",""entity""]]]",0.0
1,18,position_e01,"[[[[[2,[""relation"",""relation""]],1],[[2,[""relation"",""relation""]],0],[[2,[""relation"",""relation""]],1],[[2,[""relation"",""relation""]],1]]],[2,[""entity"",""entity""]]]",0.0
1,18,position_e01,"[[[[[2,[""relation"",""relation""]],1],[[2,[""relation"",""relation""]],0],[[2,[""relation"",""relation""]],1]]],[2,[""relation"",""relation""]]]",0.0
1,18,position_e01,"[[[[[2,[""relation"",""relation""]],1],[[2,[""relation"",""relation""]],0]]],[2,[""relation"",""relation""]]]",0.0
1,18,position_e01,"[[[[[2,[""relation"",""relation""]],1],[[2,[""relation"",""relation""]],1],[[2,[""relation"",""relation""]],0],[[2,[""relation"",""relation""]],0]]],[2,[""entity"",""entity""]]]",0.5141937041511293
1,18,position_e01,"[[[[[2,[""relation"",""relation""]],1],[[2,[""relation"",""relation""]],1],[[2,[""relation"",""relation""]],0],[[2,[""relation"",""relation""]],1]]],[2,[""entity"",""entity""]]]",0.469940360206951
1,18,position_e01,"[[[[[2,[""relation"",""relation""]],1],[[2,[""relation"",""relation""]],1],[[2,[""relation"",""relation""]],0]]],[2,[""relation"",""relation""]]]",0.6752766272275535
1,18,position_e01,"[[[[[2,[""relation"",""relation""]],1],[[2,[""relation"",""relation""]],1],[[2,[""relation"",""relation""]],1],[[2,[""relation"",""relation""]],0]]],[2,[""entity"",""entity""]]]",0.4447057332911796
1,18,position_e01,"[[[[[2,[""relation"",""relation""]],1],[[2,[""relation"",""relation""]],1],[[2,[""relation"",""relation""]],1],[[2,[""relation"",""relation""]],1]]],[2,[""entity"",""entity""]]]",0.47508879896687595
1,18,position_e01,"[[[[[2,[""relation"",""relation""]],1],[[2,[""relation"",""relation""]],1],[[2,[""relation"",""relation""]],1]]],[2,[""relation"",""relation""]]]",0.6448543785928399
1,18,position_e01,"[[[[[2,[""relation"",""relation""]],1],[[2,[""relation"",""relation""]],1]]],[2,[""relation"",""relation""]]]",0.6668890739198118
1,18,position_e01,"[[[[[2,[""relation"",""relation""]],1]]],[2,[""relation"",""relation""]]]",0.0
1,18,position_e01,"[[[]],[1,[""entity""]]]",0.0
1,18,position_e01,"[[[]],[2,[""entity"",""entity""]]]",0.0
1,18,position_e01,"[[[]],[2,[""relation"",""relation""]]]",0.0
1,18,position_e05,"[[[[[2,[""relation"",""relation""]],0]]],[1,[""entity""]]]",0.02504681749082909
1,18,position_e05,"[[[[[2,[""relation"",""relation""]],1],[[2,[""relation"",""relation""]],0],[[2,[""relation"",""relation""]],0],[[2,[""relation"",""relation""]],1]]],[2,[""entity"",""entity""]]]",0.0
1,18,position_e05,"[[[[[2,[""relation"",""relation""]],1],[[2,[""relation"",""relation""]],0],[[2,[""relation"",""relation""]],0]]],[2,[""relation"",""relation""]]]",0.0
1,18,position_e05,"[[[[[2,[""relation"",""relation""]],1],[[2,[""relation"",""relation""]],0],[[2,[""relation"",""relation""]],1],[[2,[""relation"",""relation""]],0]]],[2,[""entity"",""entity""]]]",0.0
1,18,position_e05,"[[[[[2,[""relation"",""relation""]],1],[[2,[""relation"",""relation""]],0],[[2,[""relation"",""relation""]],1],[[2,[""relation"",""relation""]],1]]],[2,[""entity"",""entity""]]]",0.0
1,18,position_e05,"[[[[[2,[""relation"",""relation""]],1],[[2,[""relation"",""relation""]],0],[[2,[""relation"",""relation""]],1]]],[2,[""relation"",""relation""]]]",0.0
1,18,position_e05,"[[[[[2,[""relation"",""relation""]],1],[[2,[""relation"",""relation""]],0]]],[2,[""relation"",""relation""]]]",0.0
1,18,position_e05,"[[[[[2,[""relation"",""relation""]],1],[[2,[""relation"",""relation""]],1],[[2,[""relation"",""relation""]],0],[[2,[""relation"",""relation""]],0]]],[2,[""entity"",""entity""]]]",0.9327506440600807
1,18,position_e05,"[[[[[2,[""relation"",""relation""]],1],[[2,[""relation"",""relation""]],1],[[2,[""relation"",""relation""]],0],[[2,[""relation"",""relation""]],1]]],[2,[""entity"",""entity""]]]",0.8224782126399156
1,18,position_e05,"[[[[[2,[""relation"",""relation""]],1],[[2,[""relation"",""relation""]],1],[[2,[""relation"",""relation""]],0]]],[2,[""relation"",""relation""]]]",1.468048201938407
1,18,position_e05,"[[[[[2,[""relation"",""relation""]],1],[[2,[""relation"",""relation""]],1],[[2,[""relation"",""relation""]],1],[[2,[""relation"",""relation""]],0]]],[2,[""entity"",""entity""]]]",0.7683803829353135
1,18,position_e05,"[[[[[2,[""relation"",""relation""]],1],[[2,[""relation"",""relation""]],1],[[2,[""relation"",""relation""]],1],[[2,[""relation"",""relation""]],1]]],[2,[""entity"",""entity""]]]",0.8092031026356019
1,18,position_e05,"[[[[[2,[""relation"",""relation""]],1],[[2,[""relation"",""relation""]],1],[[2,[""relation"",""relation""]],1]]],[2,[""relation"",""relation""]]]",1.3654304768959484
1,18,position_e05,"[[[[[2,[""relation"",""relation""]],1],[[2,[""relation"",""relation""]],1]]],[2,[""relation"",""relation""]]]",1.4356909492916188
1,18,position_e05,"[[[[[2,[""relation"",""relation""]],1]]],[2,[""relation"",""relation""]]]",0.0
1,18,position_e05,"[[[]],[1,[""entity""]]]",0.0
1,18,position_e05,"[[[]],[2,[""entity"",""entity""]]]",0.0
1,18,position_e05,"[[[]],[2,[""relation"",""relation""]]]",0.0
1,18,global_fixed1,"[[[[[2,[""relation"",""relation""]],0]]],[1,[""entity""]]]",1.0
1,18,global_fixed1,"[[[[[2,[""relation"",""relation""]],1],[[2,[""relation"",""relation""]],0],[[2,[""relation"",""relation""]],0],[[2,[""relation"",""relation""]],1]]],[2,[""entity"",""entity""]]]",1.0
1,18,global_fixed1,"[[[[[2,[""relation"",""relation""]],1],[[2,[""relation"",""relation""]],0],[[2,[""relation"",""relation""]],0]]],[2,[""relation"",""relation""]]]",1.0
1,18,global_fixed1,"[[[[[2,[""relation"",""relation""]],1],[[2,[""relation"",""relation""]],0],[[2,[""relation"",""relation""]],1],[[2,[""relation"",""relation""]],0]]],[2,[""entity"",""entity""]]]",1.0
1,18,global_fixed1,"[[[[[2,[""relation"",""relation""]],1],[[2,[""relation"",""relation""]],0],[[2,[""relation"",""relation""]],1],[[2,[""relation"",""relation""]],1]]],[2,[""entity"",""entity""]]]",1.0
1,18,global_fixed1,"[[[[[2,[""relation"",""relation""]],1],[[2,[""relation"",""relation""]],0],[[2,[""relation"",""relation""]],1]]],[2,[""relation"",""relation""]]]",1.0
1,18,global_fixed1,"[[[[[2,[""relation"",""relation""]],1],[[2,[""relation"",""relation""]],0]]],[2,[""relation"",""relation""]]]",1.0
1,18,global_fixed1,"[[[[[2,[""relation"",""relation""]],1],[[2,[""relation"",""relation""]],1],[[2,[""relation"",""relation""]],0],[[2,[""relation"",""relation""]],0]]],[2,[""entity"",""entity""]]]",1.0
1,18,global_fixed1,"[[[[[2,[""relation"",""relation""]],1],[[2,[""relation"",""relation""]],1],[[2,[""relation"",""relation""]],0],[[2,[""relation"",""relation""]],1]]],[2,[""entity"",""entity""]]]",1.0
1,18,global_fixed1,"[[[[[2,[""relation"",""relation""]],1],[[2,[""relation"",""relation""]],1],[[2,[""relation"",""relation""]],0]]],[2,[""relation"",""relation""]]]",1.0
1,18,global_fixed1,"[[[[[2,[""relation"",""relation""]],1],[[2,[""relation"",""relation""]],1],[[2,[""relation"",""relation""]],1],[[2,[""relation"",""relation""]],0]]],[2,[""entity"",""entity""]]]",1.0
1,18,global_fixed1,"[[[[[2,[""relation"",""relation""]],1],[[2,[""relation"",""relation""]],1],[[2,[""relation"",""relation""]],1],[[2,[""relation"",""relation""]],1]]],[2,[""entity"",""entity""]]]",1.0
1,18,global_fixed1,"[[[[[2,[""relation"",""relation""]],1],[[2,[""relation"",""relation""]],1],[[2,[""relation"",""relation""]],1]]],[2,[""relation"",""relation""]]]",1.0
1,18,global_fixed1,"[[[[[2,[""relation"",""relation""]],1],[[2,[""relation"",""relation""]],1]]],[2,[""relation"",""relation""]]]",1.0
1,18,global_fixed1,"[[[[[2,[""relation"",""relation""]],1]]],[2,[""relation"",""relation""]]]",1.0
1,18,global_fixed1,"[[[]],[1,[""entity""]]]",1.0
1,18,global_fixed1,"[[[]],[2,[""entity"",""entity""]]]",1.0
1,18,global_fixed1,"[[[]],[2,[""relation"",""relation""]]]",1.0
1,18,position_fixed1,"[[[[[2,[""relation"",""relation""]],0]]],[1,[""entity""]]]",1.0
1,18,position_fixed1,"[[[[[2,[""relation"",""relation""]],1],[[2,[""relation"",""relation""]],0],[[2,[""relation"",""relation""]],0],[[2,[""relation"",""relation""]],1]]],[2,[""entity"",""entity""]]]",1.0
1,18,position_fixed1,"[[[[[2,[""relation"",""relation""]],1],[[2,[""relation"",""relation""]],0],[[2,[""relation"",""relation""]],0]]],[2,[""relation"",""relation""]]]",1.0
1,18,position_fixed1,"[[[[[2,[""relation"",""relation""]],1],[[2,[""relation"",""relation""]],0],[[2,[""relation"",""relation""]],1],[[2,[""relation"",""relation""]],0]]],[2,[""entity"",""entity""]]]",1.0
1,18,position_fixed1,"[[[[[2,[""relation"",""relation""]],1],[[2,[""relation"",""relation""]],0],[[2,[""relation"",""relation""]],1],[[2,[""relation"",""relation""]],1]]],[2,[""entity"",""entity""]]]",1.0
1,18,position_fixed1,"[[[[[2,[""relation"",""relation""]],1],[[2,[""relation"",""relation""]],0],[[2,[""relation"",""relation""]],1]]],[2,[""relation"",""relation""]]]",1.0
1,18,position_fixed1,"[[[[[2,[""relation"",""relation""]],1],[[2,[""relation"",""relation""]],0]]],[2,[""relation"",""relation""]]]",1.0
1,18,position_fixed1,"[[[[[2,[""relation"",""relation""]],1],[[2,[""relation"",""relation""]],1],[[2,[""relation"",""relation""]],0],[[2,[""relation"",""relation""]],0]]],[2,[""entity"",""entity""]]]",1.0
1,18,position_fixed1,"[[[[[2,[""relation"",""relation""]],1],[[2,[""relation"",""relation""]],1],[[2,[""relation"",""relation""]],0],[[2,[""relation"",""relation""]],1]]],[2,[""entity"",""entity""]]]",1.0
1,18,position_fixed1,"[[[[[2,[""relation"",""relation""]],1],[[2,[""relation"",""relation""]],1],[[2,[""relation"",""relation""]],0]]],[2,[""relation"",""relation""]]]",1.0
1,18,position_fixed1,"[[[[[2,[""relation"",""relation""]],1],[[2,[""relation"",""relation""]],1],[[2,[""relation"",""relation""]],1],[[2,[""relation"",""relation""]],0]]],[2,[""entity"",""entity""]]]",1.0
1,18,position_fixed1,"[[[[[2,[""relation"",""relation""]],1],[[2,[""relation"",""relation""]],1],[[2,[""relation"",""relation""]],1],[[2,[""relation"",""relation""]],1]]],[2,[""entity"",""entity""]]]",1.0
1,18,position_fixed1,"[[[[[2,[""relation"",""relation""]],1],[[2,[""relation"",""relation""]],1],[[2,[""relation"",""relation""]],1]]],[2,[""relation"",""relation""]]]",1.0
1,18,position_fixed1,"[[[[[2,[""relation"",""relation""]],1],[[2,[""relation"",""relation""]],1]]],[2,[""relation"",""relation""]]]",1.0
1,18,position_fixed1,"[[[[[2,[""relation"",""relation""]],1]]],[2,[""relation"",""relation""]]]",1.0
1,18,position_fixed1,"[[[]],[1,[""entity""]]]",1.0
1,18,position_fixed1,"[[[]],[2,[""entity"",""entity""]]]",1.0
1,18,position_fixed1,"[[[]],[2,[""relation"",""relation""]]]",1.0
1,19,global_e01,"[[[[[2,[""relation"",""relation""]],0]]],[1,[""entity""]]]",0.043848001919548095
1,19,global_e01,"[[[[[2,[""relation"",""relation""]],1],[[2,[""relation"",""relation""]],0],[[2,[""relation"",""relation""]],0],[[2,[""relation"",""relation""]],1]]],[2,[""entity"",""entity""]]]",0.07820913056992408
1,19,global_e01,"[[[[[2,[""relation"",""relation""]],1],[[2,[""relation"",""relation""]],0],[[2,[""relation"",""relation""]],0]]],[2,[""relation"",""relation""]]]",0.6448510727646979
1,19,global_e01,"[[[[[2,[""relation"",""relation""]],1],[[2,[""relation"",""relation""]],0],[[2,[""relation"",""relation""]],1],[[2,[""relation"",""relation""]],0]]],[2,[""entity"",""entity""]]]",0.019025933583501096
1,19,global_e01,"[[[[[2,[""relation"",""relation""]],1],[[2,[""relation"",""relation""]],0],[[2,[""relation"",""relation""]],1],[[2,[""relation"",""relation""]],1]]],[2,[""entity"",""entity""]]]",0.14529887957861087
1,19,global_e01,"[[[[[2,[""relation"",""relation""]],1],[[2,[""relation"",""relation""]],0],[[2,[""relation"",""relation""]],1]]],[2,[""relation"",""relation""]]]",0.3692383741458343
1,19,global_e01,"[[[[[2,[""relation"",""relation""]],1],[[2,[""relation"",""relation""]],0]]],[2,[""relation"",""relation""]]]",0.37687219815812795
1,19,global_e01,"[[[[[2,[""relation"",""relation""]],1],[[2,[""relation"",""relation""]],1],[[2,[""relation"",""relation""]],0],[[2,[""relation"",""relation""]],0]]],[2,[""entity"",""entity""]]]",0.31057531458907195
1,19,global_e01,"[[[[[2,[""relation"",""relation""]],1],[[2,[""relation"",""relation""]],1],[[2,[""relation"",""relation""]],0],[[2,[""relation"",""relation""]],1]]],[2,[""entity"",""entity""]]]",0.2469705167690096
1,19,global_e01,"[[[[[2,[""relation"",""relation""]],1],[[2,[""relation"",""relation""]],1],[[2,[""relation"",""relation""]],0]]],[2,[""relation"",""relation""]]]",0.326334892007655
1,19,global_e01,"[[[[[2,[""relation"",""relation""]],1],[[2,[""relation"",""relation""]],1],[[2,[""relation"",""relation""]],1],[[2,[""relation"",""relation""]],0]]],[2,[""entity"",""entity""]]]",0.19745561432887274
1,19,global_e01,"[[[[[2,[""relation"",""relation""]],1],[[2,[""relation"",""relation""]],1],[[2,[""relation"",""relation""]],1],[[2,[""relation"",""relation""]],1]]],[2,[""entity"",""entity""]]]",0.05113625300824574
1,19,global_e01,"[[[[[2,[""relation"",""relation""]],1],[[2,[""relation"",""relation""]],1],[[2,[""relation"",""relation""]],1]]],[2,[""relation"",""relation""]]]",0.3094874761283082
1,19,global_e01,"[[[[[2,[""relation"",""relation""]],1],[[2,[""relation"",""relation""]],1]]],[2,[""relation"",""relation""]]]",0.34165740040983966
1,19,global_e01,"[[[[[2,[""relation"",""relation""]],1]]],[2,[""relation"",""relation""]]]",0.37687219815812795
1,19,global_e01,"[[[]],[1,[""entity""]]]",0.0
1,19,global_e01,"[[[]],[2,[""entity"",""entity""]]]",0.0
1,19,global_e01,"[[[]],[2,[""relation"",""relation""]]]",0.30183868234306854
1,19,global_e05,"[[[[[2,[""relation"",""relation""]],0]]],[1,[""entity""]]]",0.05437164241977969
1,19,global_e05,"[[[[[2,[""relation"",""relation""]],1],[[2,[""relation"",""relation""]],0],[[2,[""relation"",""relation""]],0],[[2,[""relation"",""relation""]],1]]],[2,[""entity"",""entity""]]]",0.0085674760190464
1,19,global_e05,"[[[[[2,[""relation"",""relation""]],1],[[2,[""relation"",""relation""]],0],[[2,[""relation"",""relation""]],0]]],[2,[""relation"",""relation""]]]",1.4313384372493534
1,19,global_e05,"[[[[[2,[""relation"",""relation""]],1],[[2,[""relation"",""relation""]],0],[[2,[""relation"",""relation""]],1],[[2,[""relation"",""relation""]],0]]],[2,[""entity"",""entity""]]]",0.03990551702475381
1,19,global_e05,"[[[[[2,[""relation"",""relation""]],1],[[2,[""relation"",""relation""]],0],[[2,[""relation"",""relation""]],1],[[2,[""relation"",""relation""]],1]]],[2,[""entity"",""entity""]]]",0.14717318752405498
1,19,global_e05,"[[[[[2,[""relation"",""relation""]],1],[[2,[""relation"",""relation""]],0],[[2,[""relation"",""relation""]],1]]],[2,[""relation"",""relation""]]]",0.4878235904621046
1,19,global_e05,"[[[[[2,[""relation"",""relation""]],1],[[2,[""relation"",""relation""]],0]]],[2,[""relation"",""relation""]]]",0.49708249634651364
1,19,global_e05,"[[[[[2,[""relation"",""relation""]],1],[[2,[""relation"",""relation""]],1],[[2,[""relation"",""relation""]],0],[[2,[""relation"",""relation""]],0]]],[2,[""entity"",""entity""]]]",0.43554507156622135
1,19,global_e05,"[[[[[2,[""relation"",""relation""]],1],[[2,[""relation"",""relation""]],1],[[2,[""relation"",""relation""]],0],[[2,[""relation"",""relation""]],1]]],[2,[""entity"",""entity""]]]",0.3685747158986221
1,19,global_e05,"[[[[[2,[""relation"",""relation""]],1],[[2,[""relation"",""relation""]],1],[[2,[""relation"",""relation""]],0]]],[2,[""relation"",""relation""]]]",0.4386719541384096
1,19,global_e05,"[[[[[2,[""relation"",""relation""]],1],[[2,[""relation"",""relation""]],1],[[2,[""relation"",""relation""]],1],[[2,[""relation"",""relation""]],0]]],[2,[""entity"",""entity""]]]",0.10698060585499977
1,19,global_e05,"[[[[[2,[""relation"",""relation""]],1],[[2,[""relation"",""relation""]],1],[[2,[""relation"",""relation""]],1],[[2,[""relation"",""relation""]],1]]],[2,[""entity"",""entity""]]]",0.055543085803309404
1,19,global_e05,"[[[[[2,[""relation"",""relation""]],1],[[2,[""relation"",""relation""]],1],[[2,[""relation"",""relation""]],1]]],[2,[""relation"",""relation""]]]",0.3458809447079996
1,19,global_e05,"[[[[[2,[""relation"",""relation""]],1],[[2,[""relation"",""relation""]],1]]],[2,[""relation"",""relation""]]]",0.4606248614998069
1,19,global_e05,"[[[[[2,[""relation"",""relation""]],1]]],[2,[""relation"",""relation""]]]",0.49708249634651364
1,19,global_e05,"[[[]],[1,[""entity""]]]",0.0
1,19,global_e05,"[[[]],[2,[""entity"",""entity""]]]",0.0
1,19,global_e05,"[[[]],[2,[""relation"",""relation""]]]",0.37415497061271463
1,19,position_e01,"[[[[[2,[""relation"",""relation""]],0]]],[1,[""entity""]]]",0.08383071391552524
1,19,position_e01,"[[[[[2,[""relation"",""relation""]],1],[[2,[""relation"",""relation""]],0],[[2,[""relation"",""relation""]],0],[[2,[""relation"",""relation""]],1]]],[2,[""entity"",""entity""]]]",0.0
1,19,position_e01,"[[[[[2,[""relation"",""relation""]],1],[[2,[""relation"",""relation""]],0],[[2,[""relation"",""relation""]],0]]],[2,[""relation"",""relation""]]]",0.0
1,19,position_e01,"[[[[[2,[""relation"",""relation""]],1],[[2,[""relation"",""relation""]],0],[[2,[""relation"",""relation""]],1],[[2,[""relation"",""relation""]],0]]],[2,[""entity"",""entity""]]]",0.0
1,19,position_e01,"[[[[[2,[""relation"",""relation""]],1],[[2,[""relation"",""relation""]],0],[[2,[""relation"",""relation""]],1],[[2,[""relation"",""relation""]],1]]],[2,[""entity"",""entity""]]]",0.0
1,19,position_e01,"[[[[[2,[""relation"",""relation""]],1],[[2,[""relation"",""relation""]],0],[[2,[""relation"",""relation""]],1]]],[2,[""relation"",""relation""]]]",0.0
1,19,position_e01,"[[[[[2,[""relation"",""relation""]],1],[[2,[""relation"",""relation""]],0]]],[2,[""relation"",""relation""]]]",0.0
1,19,position_e01,"[[[[[2,[""relation"",""relation""]],1],[[2,[""relation"",""relation""]],1],[[2,[""relation"",""relation""]],0],[[2,[""relation"",""relation""]],0]]],[2,[""entity"",""entity""]]]",0.5398672399008431
1,19,position_e01,"[[[[[2,[""relation"",""relation""]],1],[[2,[""relation"",""relation""]],1],[[2,[""relation"",""relation""]],0],[[2,[""relation"",""relation""]],1]]],[2,[""entity"",""entity""]]]",0.47728363802680907
1,19,position_e01,"[[[[[2,[""relation"",""relation""]],1],[[2,[""relation"",""relation""]],1],[[2,[""relation"",""relation""]],0]]],[2,[""relation"",""relation""]]]",0.6955425383816172
1,19,position_e01,"[[[[[2,[""relation"",""relation""]],1],[[2,[""relation"",""relation""]],1],[[2,[""relation"",""relation""]],1],[[2,[""relation"",""relation""]],0]]],[2,[""entity"",""entity""]]]",0.5170007488170133
1,19,position_e01,"[[[[[2,[""relation"",""relation""]],1],[[2,[""relation"",""relation""]],1],[[2,[""relation"",""relation""]],1],[[2,[""relation"",""relation""]],1]]],[2,[""entity"",""entity""]]]",0.46142055912189606
1,19,position_e01,"[[[[[2,[""relation"",""relation""]],1],[[2,[""relation"",""relation""]],1],[[2,[""relation"",""relation""]],1]]],[2,[""relation"",""relation""]]]",0.6920088235299843
1,19,position_e01,"[[[[[2,[""relation"",""relation""]],1],[[2,[""relation"",""relation""]],1]]],[2,[""relation"",""relation""]]]",0.710875811059979
1,19,position_e01,"[[[[[2,[""relation"",""relation""]],1]]],[2,[""relation"",""relation""]]]",0.0
1,19,position_e01,"[[[]],[1,[""entity""]]]",0.0
1,19,position_e01,"[[[]],[2,[""entity"",""entity""]]]",0.0
1,19,position_e01,"[[[]],[2,[""relation"",""relation""]]]",0.0
1,19,position_e05,"[[[[[2,[""relation"",""relation""]],0]]],[1,[""entity""]]]",0.4908712240379665
1,19,position_e05,"[[[[[2,[""relation"",""relation""]],1],[[2,[""relation"",""relation""]],0],[[2,[""relation"",""relation""]],0],[[2,[""relation"",""relation""]],1]]],[2,[""entity"",""entity""]]]",0.0
1,19,position_e05,"[[[[[2,[""relation"",""relation""]],1],[[2,[""relation"",""relation""]],0],[[2,[""relation"",""relation""]],0]]],[2,[""relation"",""relation""]]]",0.0
1,19,position_e05,"[[[[[2,[""relation"",""relation""]],1],[[2,[""relation"",""relation""]],0],[[2,[""relation"",""relation""]],1],[[2,[""relation"",""relation""]],0]]],[2,[""entity"",""entity""]]]",0.0
1,19,position_e05,"[[[[[2,[""relation"",""relation""]],1],[[2,[""relation"",""relation""]],0],[[2,[""relation"",""relation""]],1],[[2,[""relation"",""relation""]],1]]],[2,[""entity"",""entity""]]]",0.0
1,19,position_e05,"[[[[[2,[""relation"",""relation""]],1],[[2,[""relation"",""relation""]],0],[[2,[""relation"",""relation""]],1]]],[2,[""relation"",""relation""]]]",0.0
1,19,position_e05,"[[[[[2,[""relation"",""relation""]],1],[[2,[""relation"",""relation""]],0]]],[2,[""relation"",""relation""]]]",0.0
1,19,position_e05,"[[[[[2,[""relation"",""relation""]],1],[[2,[""relation"",""relation""]],1],[[2,[""relation"",""relation""]],0],[[2,[""relation"",""relation""]],0]]],[2,[""entity"",""entity""]]]",1.0000669680300533
1,19,position_e05,"[[[[[2,[""relation"",""relation""]],1],[[2,[""relation"",""relation""]],1],[[2,[""relation"",""relation""]],0],[[2,[""relation"",""relation""]],1]]],[2,[""entity"",""entity""]]]",0.8185245256691661
1,19,position_e05,"[[[[[2,[""relation"",""relation""]],1],[[2,[""relation"",""relation""]],1],[[2,[""relation"",""relation""]],0]]],[2,[""relation"",""relation""]]]",1.4789132863796322
1,19,position_e05,"[[[[[2,[""relation"",""relation""]],1],[[2,[""relation"",""relation""]],1],[[2,[""relation"",""relation""]],1],[[2,[""relation"",""relation""]],0]]],[2,[""entity"",""entity""]]]",0.8506637584488708
1,19,position_e05,"[[[[[2,[""relation"",""relation""]],1],[[2,[""relation"",""relation""]],1],[[2,[""relation"",""relation""]],1],[[2,[""relation"",""relation""]],1]]],[2,[""entity"",""entity""]]]",0.7616532267983418
1,19,position_e05,"[[[[[2,[""relation"",""relation""]],1],[[2,[""relation"",""relation""]],1],[[2,[""relation"",""relation""]],1]]],[2,[""relation"",""relation""]]]",1.4705384777613786
1,19,position_e05,"[[[[[2,[""relation"",""relation""]],1],[[2,[""relation"",""relation""]],1]]],[2,[""relation"",""relation""]]]",1.5220412942091106
1,19,position_e05,"[[[[[2,[""relation"",""relation""]],1]]],[2,[""relation"",""relation""]]]",0.0
1,19,position_e05,"[[[]],[1,[""entity""]]]",0.0
1,19,position_e05,"[[[]],[2,[""entity"",""entity""]]]",0.0
1,19,position_e05,"[[[]],[2,[""relation"",""relation""]]]",0.0
1,19,global_fixed1,"[[[[[2,[""relation"",""relation""]],0]]],[1,[""entity""]]]",1.0
1,19,global_fixed1,"[[[[[2,[""relation"",""relation""]],1],[[2,[""relation"",""relation""]],0],[[2,[""relation"",""relation""]],0],[[2,[""relation"",""relation""]],1]]],[2,[""entity"",""entity""]]]",1.0
1,19,global_fixed1,"[[[[[2,[""relation"",""relation""]],1],[[2,[""relation"",""relation""]],0],[[2,[""relation"",""relation""]],0]]],[2,[""relation"",""relation""]]]",1.0
1,19,global_fixed1,"[[[[[2,[""relation"",""relation""]],1],[[2,[""relation"",""relation""]],0],[[2,[""relation"",""relation""]],1],[[2,[""relation"",""relation""]],0]]],[2,[""entity"",""entity""]]]",1.0
1,19,global_fixed1,"[[[[[2,[""relation"",""relation""]],1],[[2,[""relation"",""relation""]],0],[[2,[""relation"",""relation""]],1],[[2,[""relation"",""relation""]],1]]],[2,[""entity"",""entity""]]]",1.0
1,19,global_fixed1,"[[[[[2,[""relation"",""relation""]],1],[[2,[""relation"",""relation""]],0],[[2,[""relation"",""relation""]],1]]],[2,[""relation"",""relation""]]]",1.0
1,19,global_fixed1,"[[[[[2,[""relation"",""relation""]],1],[[2,[""relation"",""relation""]],0]]],[2,[""relation"",""relation""]]]",1.0
1,19,global_fixed1,"[[[[[2,[""relation"",""relation""]],1],[[2,[""relation"",""relation""]],1],[[2,[""relation"",""relation""]],0],[[2,[""relation"",""relation""]],0]]],[2,[""entity"",""entity""]]]",1.0
1,19,global_fixed1,"[[[[[2,[""relation"",""relation""]],1],[[2,[""relation"",""relation""]],1],[[2,[""relation"",""relation""]],0],[[2,[""relation"",""relation""]],1]]],[2,[""entity"",""entity""]]]",1.0
1,19,global_fixed1,"[[[[[2,[""relation"",""relation""]],1],[[2,[""relation"",""relation""]],1],[[2,[""relation"",""relation""]],0]]],[2,[""relation"",""relation""]]]",1.0
1,19,global_fixed1,"[[[[[2,[""relation"",""relation""]],1],[[2,[""relation"",""relation""]],1],[[2,[""relation"",""relation""]],1],[[2,[""relation"",""relation""]],0]]],[2,[""entity"",""entity""]]]",1.0
1,19,global_fixed1,"[[[[[2,[""relation"",""relation""]],1],[[2,[""relation"",""relation""]],1],[[2,[""relation"",""relation""]],1],[[2,[""relation"",""relation""]],1]]],[2,[""entity"",""entity""]]]",1.0
1,19,global_fixed1,"[[[[[2,[""relation"",""relation""]],1],[[2,[""relation"",""relation""]],1],[[2,[""relation"",""relation""]],1]]],[2,[""relation"",""relation""]]]",1.0
1,19,global_fixed1,"[[[[[2,[""relation"",""relation""]],1],[[2,[""relation"",""relation""]],1]]],[2,[""relation"",""relation""]]]",1.0
1,19,global_fixed1,"[[[[[2,[""relation"",""relation""]],1]]],[2,[""relation"",""relation""]]]",1.0
1,19,global_fixed1,"[[[]],[1,[""entity""]]]",1.0
1,19,global_fixed1,"[[[]],[2,[""entity"",""entity""]]]",1.0
1,19,global_fixed1,"[[[]],[2,[""relation"",""relation""]]]",1.0
1,19,position_fixed1,"[[[[[2,[""relation"",""relation""]],0]]],[1,[""entity""]]]",1.0
1,19,position_fixed1,"[[[[[2,[""relation"",""relation""]],1],[[2,[""relation"",""relation""]],0],[[2,[""relation"",""relation""]],0],[[2,[""relation"",""relation""]],1]]],[2,[""entity"",""entity""]]]",1.0
1,19,position_fixed1,"[[[[[2,[""relation"",""relation""]],1],[[2,[""relation"",""relation""]],0],[[2,[""relation"",""relation""]],0]]],[2,[""relation"",""relation""]]]",1.0
1,19,position_fixed1,"[[[[[2,[""relation"",""relation""]],1],[[2,[""relation"",""relation""]],0],[[2,[""relation"",""relation""]],1],[[2,[""relation"",""relation""]],0]]],[2,[""entity"",""entity""]]]",1.0
1,19,position_fixed1,"[[[[[2,[""relation"",""relation""]],1],[[2,[""relation"",""relation""]],0],[[2,[""relation"",""relation""]],1],[[2,[""relation"",""relation""]],1]]],[2,[""entity"",""entity""]]]",1.0
1,19,position_fixed1,"[[[[[2,[""relation"",""relation""]],1],[[2,[""relation"",""relation""]],0],[[2,[""relation"",""relation""]],1]]],[2,[""relation"",""relation""]]]",1.0
1,19,position_fixed1,"[[[[[2,[""relation"",""relation""]],1],[[2,[""relation"",""relation""]],0]]],[2,[""relation"",""relation""]]]",1.0
1,19,position_fixed1,"[[[[[2,[""relation"",""relation""]],1],[[2,[""relation"",""relation""]],1],[[2,[""relation"",""relation""]],0],[[2,[""relation"",""relation""]],0]]],[2,[""entity"",""entity""]]]",1.0
1,19,position_fixed1,"[[[[[2,[""relation"",""relation""]],1],[[2,[""relation"",""relation""]],1],[[2,[""relation"",""relation""]],0],[[2,[""relation"",""relation""]],1]]],[2,[""entity"",""entity""]]]",1.0
1,19,position_fixed1,"[[[[[2,[""relation"",""relation""]],1],[[2,[""relation"",""relation""]],1],[[2,[""relation"",""relation""]],0]]],[2,[""relation"",""relation""]]]",1.0
1,19,position_fixed1,"[[[[[2,[""relation"",""relation""]],1],[[2,[""relation"",""relation""]],1],[[2,[""relation"",""relation""]],1],[[2,[""relation"",""relation""]],0]]],[2,[""entity"",""entity""]]]",1.0
1,19,position_fixed1,"[[[[[2,[""relation"",""relation""]],1],[[2,[""relation"",""relation""]],1],[[2,[""relation"",""relation""]],1],[[2,[""relation"",""relation""]],1]]],[2,[""entity"",""entity""]]]",1.0
1,19,position_fixed1,"[[[[[2,[""relation"",""relation""]],1],[[2,[""relation"",""relation""]],1],[[2,[""relation"",""relation""]],1]]],[2,[""relation"",""relation""]]]",1.0
1,19,position_fixed1,"[[[[[2,[""relation"",""relation""]],1],[[2,[""relation"",""relation""]],1]]],[2,[""relation"",""relation""]]]",1.0
1,19,position_fixed1,"[[[[[2,[""relation"",""relation""]],1]]],[2,[""relation"",""relation""]]]",1.0
1,19,position_fixed1,"[[[]],[1,[""entity""]]]",1.0
1,19,position_fixed1,"[[[]],[2,[""entity"",""entity""]]]",1.0
1,19,position_fixed1,"[[[]],[2,[""relation"",""relation""]]]",1.0
1,20,global_e01,"[[[[[2,[""relation"",""relation""]],0]]],[1,[""entity""]]]",0.0497350038526905
1,20,global_e01,"[[[[[2,[""relation"",""relation""]],1],[[2,[""relation"",""relation""]],0],[[2,[""relation"",""relation""]],0],[[2,[""relation"",""relation""]],1]]],[2,[""entity"",""entity""]]]",0.05564949292212766
1,20,global_e01,"[[[[[2,[""relation"",""relation""]],1],[[2,[""relation"",""relation""]],0],[[2,[""relation"",""relation""]],0]]],[2,[""relation"",""relation""]]]",0.4240788093279726
1,20,global_e01,"[[[[[2,[""relation"",""relation""]],1],[[2,[""relation"",""relation""]],0],[[2,[""relation"",""relation""]],1],[[2,[""relation"",""relation""]],0]]],[2,[""entity"",""entity""]]]",0.01151616951890313
1,20,global_e01,"[[[[[2,[""relation"",""relation""]],1],[[2,[""relation"",""relation""]],0],[[2,[""relation"",""relation""]],1],[[2,[""relation"",""relation""]],1]]],[2,[""entity"",""entity""]]]",0.002023474461324559
1,20,global_e01,"[[[[[2,[""relation"",""relation""]],1],[[2,[""relation"",""relation""]],0],[[2,[""relation"",""relation""]],1]]],[2,[""relation"",""relation""]]]",0.22552163615081663
1,20,global_e01,"[[[[[2,[""relation"",""relation""]],1],[[2,[""relation"",""relation""]],0]]],[2,[""relation"",""relation""]]]",0.29102011597829663
1,20,global_e01,"[[[[[2,[""relation"",""relation""]],1],[[2,[""relation"",""relation""]],1],[[2,[""relation"",""relation""]],0],[[2,[""relation"",""relation""]],0]]],[2,[""entity"",""entity""]]]",0.11193657116180415
1,20,global_e01,"[[[[[2,[""relation"",""relation""]],1],[[2,[""relation"",""relation""]],1],[[2,[""relation"",""relation""]],0],[[2,[""relation"",""relation""]],1]]],[2,[""entity"",""entity""]]]",0.10962894833110244
1,20,global_e01,"[[[[[2,[""relation"",""relation""]],1],[[2,[""relation"",""relation""]],1],[[2,[""relation"",""relation""]],0]]],[2,[""relation"",""relation""]]]",0.2613769752823372
1,20,global_e01,"[[[[[2,[""relation"",""relation""]],1],[[2,[""relation"",""relation""]],1],[[2,[""relation"",""relation""]],1],[[2,[""relation"",""relation""]],0]]],[2,[""entity"",""entity""]]]",0.1037961273684314
1,20,global_e01,"[[[[[2,[""relation"",""relation""]],1],[[2,[""relation"",""relation""]],1],[[2,[""relation"",""relation""]],1],[[2,[""relation"",""relation""]],1]]],[2,[""entity"",""entity""]]]",0.11040757210279503
1,20,global_e01,"[[[[[2,[""relation"",""relation""]],1],[[2,[""relation"",""relation""]],1],[[2,[""relation"",""relation""]],1]]],[2,[""relation"",""relation""]]]",0.26098544219811265
1,20,global_e01,"[[[[[2,[""relation"",""relation""]],1],[[2,[""relation"",""relation""]],1]]],[2,[""relation"",""relation""]]]",0.2613769752823372
1,20,global_e01,"[[[[[2,[""relation"",""relation""]],1]]],[2,[""relation"",""relation""]]]",0.29102011597829663
1,20,global_e01,"[[[]],[1,[""entity""]]]",0.0
1,20,global_e01,"[[[]],[2,[""entity"",""entity""]]]",0.0
1,20,global_e01,"[[[]],[2,[""relation"",""relation""]]]",0.26969469839516946
1,20,global_e05,"[[[[[2,[""relation"",""relation""]],0]]],[1,[""entity""]]]",0.38624131977330517
1,20,global_e05,"[[[[[2,[""relation"",""relation""]],1],[[2,[""relation"",""relation""]],0],[[2,[""relation"",""relation""]],0],[[2,[""relation"",""relation""]],1]]],[2,[""entity"",""entity""]]]",0.05905548663023282
1,20,global_e05,"[[[[[2,[""relation"",""relation""]],1],[[2,[""relation"",""relation""]],0],[[2,[""relation"",""relation""]],0]]],[2,[""relation"",""relation""]]]",0.4893805057774966
1,20,global_e05,"[[[[[2,[""relation"",""relation""]],1],[[2,[""relation"",""relation""]],0],[[2,[""relation"",""relation""]],1],[[2,[""relation"",""relation""]],0]]],[2,[""entity"",""entity""]]]",0.0043765934369806025
1,20,global_e05,"[[[[[2,[""relation"",""relation""]],1],[[2,[""relation"",""relation""]],0],[[2,[""relation"",""relation""]],1],[[2,[""relation"",""relation""]],1]]],[2,[""entity"",""entity""]]]",0.012267574643444856
1,20,global_e05,"[[[[[2,[""relation"",""relation""]],1],[[2,[""relation"",""relation""]],0],[[2,[""relation"",""relation""]],1]]],[2,[""relation"",""relation""]]]",0.1038728935535399
1,20,global_e05,"[[[[[2,[""relation"",""relation""]],1],[[2,[""relation"",""relation""]],0]]],[2,[""relation"",""relation""]]]",0.1038728935535399
1,20,global_e05,"[[[[[2,[""relation"",""relation""]],1],[[2,[""relation"",""relation""]],1],[[2,[""relation"",""relation""]],0],[[2,[""relation"",""relation""]],0]]],[2,[""entity"",""entity""]]]",0.318552825922585
1,20,global_e05,"[[[[[2,[""relation"",""relation""]],1],[[2,[""relation"",""relation""]],1],[[2,[""relation"",""relation""]],0],[[2,[""relation"",""relation""]],1]]],[2,[""entity"",""entity""]]]",0.31446258583436304
1,20,global_e05,"[[[[[2,[""relation"",""relation""]],1],[[2,[""relation"",""relation""]],1],[[2,[""relation"",""relation""]],0]]],[2,[""relation"",""relation""]]]",0.46247049204342744
1,20,global_e05,"[[[[[2,[""relation"",""relation""]],1],[[2,[""relation"",""relation""]],1],[[2,[""relation"",""relation""]],1],[[2,[""relation"",""relation""]],0]]],[2,[""entity"",""entity""]]]",0.30416330974981554
1,20,global_e05,"[[[[[2,[""relation"",""relation""]],1],[[2,[""relation"",""relation""]],1],[[2,[""relation"",""relation""]],1],[[2,[""relation"",""relation""]],1]]],[2,[""entity"",""entity""]]]",0.3135805723044245
1,20,global_e05,"[[[[[2,[""relation"",""relation""]],1],[[2,[""relation"",""relation""]],1],[[2,[""relation"",""relation""]],1]]],[2,[""relation"",""relation""]]]",0.46247049204342744
1,20,global_e05,"[[[[[2,[""relation"",""relation""]],1],[[2,[""relation"",""relation""]],1]]],[2,[""relation"",""relation""]]]",0.46247049204342744
1,20,global_e05,"[[[[[2,[""relation"",""relation""]],1]]],[2,[""relation"",""relation""]]]",0.1038728935535399
1,20,global_e05,"[[[]],[1,[""entity""]]]",0.0
1,20,global_e05,"[[[]],[2,[""entity"",""entity""]]]",0.0
1,20,global_e05,"[[[]],[2,[""relation"",""relation""]]]",0.1038728935535399
1,20,position_e01,"[[[[[2,[""relation"",""relation""]],0]]],[1,[""entity""]]]",0.013729058065880203
1,20,position_e01,"[[[[[2,[""relation"",""relation""]],1],[[2,[""relation"",""relation""]],0],[[2,[""relation"",""relation""]],0],[[2,[""relation"",""relation""]],1]]],[2,[""entity"",""entity""]]]",0.0
1,20,position_e01,"[[[[[2,[""relation"",""relation""]],1],[[2,[""relation"",""relation""]],0],[[2,[""relation"",""relation""]],0]]],[2,[""relation"",""relation""]]]",0.0
1,20,position_e01,"[[[[[2,[""relation"",""relation""]],1],[[2,[""relation"",""relation""]],0],[[2,[""relation"",""relation""]],1],[[2,[""relation"",""relation""]],0]]],[2,[""entity"",""entity""]]]",0.0
1,20,position_e01,"[[[[[2,[""relation"",""relation""]],1],[[2,[""relation"",""relation""]],0],[[2,[""relation"",""relation""]],1],[[2,[""relation"",""relation""]],1]]],[2,[""entity"",""entity""]]]",0.0
1,20,position_e01,"[[[[[2,[""relation"",""relation""]],1],[[2,[""relation"",""relation""]],0],[[2,[""relation"",""relation""]],1]]],[2,[""relation"",""relation""]]]",0.0
1,20,position_e01,"[[[[[2,[""relation"",""relation""]],1],[[2,[""relation"",""relation""]],0]]],[2,[""relation"",""relation""]]]",0.0
1,20,position_e01,"[[[[[2,[""relation"",""relation""]],1],[[2,[""relation"",""relation""]],1],[[2,[""relation"",""relation""]],0],[[2,[""relation"",""relation""]],0]]],[2,[""entity"",""entity""]]]",0.5000184551112529
1,20,position_e01,"[[[[[2,[""relation"",""relation""]],1],[[2,[""relation"",""relation""]],1],[[2,[""relation"",""relation""]],0],[[2,[""relation"",""relation""]],1]]],[2,[""entity"",""entity""]]]",0.45031280358640946
1,20,position_e01,"[[[[[2,[""relation"",""relation""]],1],[[2,[""relation"",""relation""]],1],[[2,[""relation"",""relation""]],0]]],[2,[""relation"",""relation""]]]",0.7415379081667044
1,20,position_e01,"[[[[[2,[""relation"",""relation""]],1],[[2,[""relation"",""relation""]],1],[[2,[""relation"",""relation""]],1],[[2,[""relation"",""relation""]],0]]],[2,[""entity"",""entity""]]]",0.486087468203993
1,20,position_e01,"[[[[[2,[""relation"",""relation""]],1],[[2,[""relation"",""relation""]],1],[[2,[""relation"",""relation""]],1],[[2,[""relation"",""relation""]],1]]],[2,[""entity"",""entity""]]]",0.5267173855718743
1,20,position_e01,"[[[[[2,[""relation"",""relation""]],1],[[2,[""relation"",""relation""]],1],[[2,[""relation"",""relation""]],1]]],[2,[""relation"",""relation""]]]",0.7393490437447412
1,20,position_e01,"[[[[[2,[""relation"",""relation""]],1],[[2,[""relation"",""relation""]],1]]],[2,[""relation"",""relation""]]]",0.7415379081667044
1,20,position_e01,"[[[[[2,[""relation"",""relation""]],1]]],[2,[""relation"",""relation""]]]",0.0
1,20,position_e01,"[[[]],[1,[""entity""]]]",0.0
1,20,position_e01,"[[[]],[2,[""entity"",""entity""]]]",0.0
1,20,position_e01,"[[[]],[2,[""relation"",""relation""]]]",0.0
1,20,position_e05,"[[[[[2,[""relation"",""relation""]],0]]],[1,[""entity""]]]",0.1151908618695961
1,20,position_e05,"[[[[[2,[""relation"",""relation""]],1],[[2,[""relation"",""relation""]],0],[[2,[""relation"",""relation""]],0],[[2,[""relation"",""relation""]],1]]],[2,[""entity"",""entity""]]]",0.0
1,20,position_e05,"[[[[[2,[""relation"",""relation""]],1],[[2,[""relation"",""relation""]],0],[[2,[""relation"",""relation""]],0]]],[2,[""relation"",""relation""]]]",0.0
1,20,position_e05,"[[[[[2,[""relation"",""relation""]],1],[[2,[""relation"",""relation""]],0],[[2,[""relation"",""relation""]],1],[[2,[""relation"",""relation""]],0]]],[2,[""entity"",""entity""]]]",0.0
1,20,position_e05,"[[[[[2,[""relation"",""relation""]],1],[[2,[""relation"",""relation""]],0],[[2,[""relation"",""relation""]],1],[[2,[""relation"",""relation""]],1]]],[2,[""entity"",""entity""]]]",0.0
1,20,position_e05,"[[[[[2,[""relation"",""relation""]],1],[[2,[""relation"",""relation""]],0],[[2,[""relation"",""relation""]],1]]],[2,[""relation"",""relation""]]]",0.0
1,20,position_e05,"[[[[[2,[""relation"",""relation""]],1],[[2,[""relation"",""relation""]],0]]],[2,[""relation"",""relation""]]]",0.0
1,20,position_e05,"[[[[[2,[""relation"",""relation""]],1],[[2,[""relation"",""relation""]],1],[[2,[""relation"",""relation""]],0],[[2,[""relation"",""relation""]],0]]],[2,[""entity"",""entity""]]]",0.6394985939387144
1,20,position_e05,"[[[[[2,[""relation"",""relation""]],1],[[2,[""relation"",""relation""]],1],[[2,[""relation"",""relation""]],0],[[2,[""relation"",""relation""]],1]]],[2,[""entity"",""entity""]]]",0.3655313496853201
1,20,position_e05,"[[[[[2,[""relation"",""relation""]],1],[[2,[""relation"",""relation""]],1],[[2,[""relation"",""relation""]],0]]],[2,[""relation"",""relation""]]]",1.3276824502542142
1,20,position_e05,"[[[[[2,[""relation"",""relation""]],1],[[2,[""relation"",""relation""]],1],[[2,[""relation"",""relation""]],1],[[2,[""relation"",""relation""]],0]]],[2,[""entity"",""entity""]]]",0.5388481871582755
1,20,position_e05,"[[[[[2,[""relation"",""relation""]],1],[[2,[""relation"",""relation""]],1],[[2,[""relation"",""relation""]],1],[[2,[""relation"",""relation""]],1]]],[2,[""entity"",""entity""]]]",0.6544920232195452
1,20,position_e05,"[[[[[2,[""relation"",""relation""]],1],[[2,[""relation"",""relation""]],1],[[2,[""relation"",""relation""]],1]]],[2,[""relation"",""relation""]]]",1.3244605916885195
1,20,position_e05,"[[[[[2,[""relation"",""relation""]],1],[[2,[""relation"",""relation""]],1]]],[2,[""relation"",""relation""]]]",1.3276824502542142
1,20,position_e05,"[[[[[2,[""relation"",""relation""]],1]]],[2,[""relation"",""relation""]]]",0.0
1,20,position_e05,"[[[]],[1,[""entity""]]]",0.0
1,20,position_e05,"[[[]],[2,[""entity"",""entity""]]]",0.0
1,20,position_e05,"[[[]],[2,[""relation"",""relation""]]]",0.0
1,20,global_fixed1,"[[[[[2,[""relation"",""relation""]],0]]],[1,[""entity""]]]",1.0
1,20,global_fixed1,"[[[[[2,[""relation"",""relation""]],1],[[2,[""relation"",""relation""]],0],[[2,[""relation"",""relation""]],0],[[2,[""relation"",""relation""]],1]]],[2,[""entity"",""entity""]]]",1.0
1,20,global_fixed1,"[[[[[2,[""relation"",""relation""]],1],[[2,[""relation"",""relation""]],0],[[2,[""relation"",""relation""]],0]]],[2,[""relation"",""relation""]]]",1.0
1,20,global_fixed1,"[[[[[2,[""relation"",""relation""]],1],[[2,[""relation"",""relation""]],0],[[2,[""relation"",""relation""]],1],[[2,[""relation"",""relation""]],0]]],[2,[""entity"",""entity""]]]",1.0
1,20,global_fixed1,"[[[[[2,[""relation"",""relation""]],1],[[2,[""relation"",""relation""]],0],[[2,[""relation"",""relation""]],1],[[2,[""relation"",""relation""]],1]]],[2,[""entity"",""entity""]]]",1.0
1,20,global_fixed1,"[[[[[2,[""relation"",""relation""]],1],[[2,[""relation"",""relation""]],0],[[2,[""relation"",""relation""]],1]]],[2,[""relation"",""relation""]]]",1.0
1,20,global_fixed1,"[[[[[2,[""relation"",""relation""]],1],[[2,[""relation"",""relation""]],0]]],[2,[""relation"",""relation""]]]",1.0
1,20,global_fixed1,"[[[[[2,[""relation"",""relation""]],1],[[2,[""relation"",""relation""]],1],[[2,[""relation"",""relation""]],0],[[2,[""relation"",""relation""]],0]]],[2,[""entity"",""entity""]]]",1.0
1,20,global_fixed1,"[[[[[2,[""relation"",""relation""]],1],[[2,[""relation"",""relation""]],1],[[2,[""relation"",""relation""]],0],[[2,[""relation"",""relation""]],1]]],[2,[""entity"",""entity""]]]",1.0
1,20,global_fixed1,"[[[[[2,[""relation"",""relation""]],1],[[2,[""relation"",""relation""]],1],[[2,[""relation"",""relation""]],0]]],[2,[""relation"",""relation""]]]",1.0
1,20,global_fixed1,"[[[[[2,[""relation"",""relation""]],1],[[2,[""relation"",""relation""]],1],[[2,[""relation"",""relation""]],1],[[2,[""relation"",""relation""]],0]]],[2,[""entity"",""entity""]]]",1.0
1,20,global_fixed1,"[[[[[2,[""relation"",""relation""]],1],[[2,[""relation"",""relation""]],1],[[2,[""relation"",""relation""]],1],[[2,[""relation"",""relation""]],1]]],[2,[""entity"",""entity""]]]",1.0
1,20,global_fixed1,"[[[[[2,[""relation"",""relation""]],1],[[2,[""relation"",""relation""]],1],[[2,[""relation"",""relation""]],1]]],[2,[""relation"",""relation""]]]",1.0
1,20,global_fixed1,"[[[[[2,[""relation"",""relation""]],1],[[2,[""relation"",""relation""]],1]]],[2,[""relation"",""relation""]]]",1.0
1,20,global_fixed1,"[[[[[2,[""relation"",""relation""]],1]]],[2,[""relation"",""relation""]]]",1.0
1,20,global_fixed1,"[[[]],[1,[""entity""]]]",1.0
1,20,global_fixed1,"[[[]],[2,[""entity"",""entity""]]]",1.0
1,20,global_fixed1,"[[[]],[2,[""relation"",""relation""]]]",1.0
1,20,position_fixed1,"[[[[[2,[""relation"",""relation""]],0]]],[1,[""entity""]]]",1.0
1,20,position_fixed1,"[[[[[2,[""relation"",""relation""]],1],[[2,[""relation"",""relation""]],0],[[2,[""relation"",""relation""]],0],[[2,[""relation"",""relation""]],1]]],[2,[""entity"",""entity""]]]",1.0
1,20,position_fixed1,"[[[[[2,[""relation"",""relation""]],1],[[2,[""relation"",""relation""]],0],[[2,[""relation"",""relation""]],0]]],[2,[""relation"",""relation""]]]",1.0
1,20,position_fixed1,"[[[[[2,[""relation"",""relation""]],1],[[2,[""relation"",""relation""]],0],[[2,[""relation"",""relation""]],1],[[2,[""relation"",""relation""]],0]]],[2,[""entity"",""entity""]]]",1.0
1,20,position_fixed1,"[[[[[2,[""relation"",""relation""]],1],[[2,[""relation"",""relation""]],0],[[2,[""relation"",""relation""]],1],[[2,[""relation"",""relation""]],1]]],[2,[""entity"",""entity""]]]",1.0
1,20,position_fixed1,"[[[[[2,[""relation"",""relation""]],1],[[2,[""relation"",""relation""]],0],[[2,[""relation"",""relation""]],1]]],[2,[""relation"",""relation""]]]",1.0
1,20,position_fixed1,"[[[[[2,[""relation"",""relation""]],1],[[2,[""relation"",""relation""]],0]]],[2,[""relation"",""relation""]]]",1.0
1,20,position_fixed1,"[[[[[2,[""relation"",""relation""]],1],[[2,[""relation"",""relation""]],1],[[2,[""relation"",""relation""]],0],[[2,[""relation"",""relation""]],0]]],[2,[""entity"",""entity""]]]",1.0
1,20,position_fixed1,"[[[[[2,[""relation"",""relation""]],1],[[2,[""relation"",""relation""]],1],[[2,[""relation"",""relation""]],0],[[2,[""relation"",""relation""]],1]]],[2,[""entity"",""entity""]]]",1.0
1,20,position_fixed1,"[[[[[2,[""relation"",""relation""]],1],[[2,[""relation"",""relation""]],1],[[2,[""relation"",""relation""]],0]]],[2,[""relation"",""relation""]]]",1.0
1,20,position_fixed1,"[[[[[2,[""relation"",""relation""]],1],[[2,[""relation"",""relation""]],1],[[2,[""relation"",""relation""]],1],[[2,[""relation"",""relation""]],0]]],[2,[""entity"",""entity""]]]",1.0
1,20,position_fixed1,"[[[[[2,[""relation"",""relation""]],1],[[2,[""relation"",""relation""]],1],[[2,[""relation"",""relation""]],1],[[2,[""relation"",""relation""]],1]]],[2,[""entity"",""entity""]]]",1.0
1,20,position_fixed1,"[[[[[2,[""relation"",""relation""]],1],[[2,[""relation"",""relation""]],1],[[2,[""relation"",""relation""]],1]]],[2,[""relation"",""relation""]]]",1.0
1,20,position_fixed1,"[[[[[2,[""relation"",""relation""]],1],[[2,[""relation"",""relation""]],1]]],[2,[""relation"",""relation""]]]",1.0
1,20,position_fixed1,"[[[[[2,[""relation"",""relation""]],1]]],[2,[""relation"",""relation""]]]",1.0
1,20,position_fixed1,"[[[]],[1,[""entity""]]]",1.0
1,20,position_fixed1,"[[[]],[2,[""entity"",""entity""]]]",1.0
1,20,position_fixed1,"[[[]],[2,[""relation"",""relation""]]]",1.0
2,1,global_e01,"[[[[[2,[""relation"",""relation""]],0]]],[1,[""entity""]]]",1.4469255327049977
2,1,global_e01,"[[[[[2,[""relation"",""relation""]],1],[[2,[""relation"",""relation""]],0],[[2,[""relation"",""relation""]],0],[[2,[""relation"",""relation""]],1]]],[2,[""entity"",""entity""]]]",0.009620950890929316
2,1,global_e01,"[[[[[2,[""relation"",""relation""]],1],[[2,[""relation"",""relation""]],0],[[2,[""relation"",""relation""]],0]]],[2,[""relation"",""relation""]]]",0.34446279084610076
2,1,global_e01,"[[[[[2,[""relation"",""relation""]],1],[[2,[""relation"",""relation""]],0],[[2,[""relation"",""relation""]],1],[[2,[""relation"",""relation""]],0]]],[2,[""entity"",""entity""]]]",0.015396329147515077
2,1,global_e01,"[[[[[2,[""relation"",""relation""]],1],[[2,[""relation"",""relation""]],0],[[2,[""relation"",""relation""]],1],[[2,[""relation"",""relation""]],1]]],[2,[""entity"",""entity""]]]",0.0
2,1,global_e01,"[[[[[2,[""relation"",""relation""]],1],[[2,[""relation"",""relation""]],0],[[2,[""relation"",""relation""]],1]]],[2,[""relation"",""relation""]]]",0.26865778677836694
2,1,global_e01,"[[[[[2,[""relation"",""relation""]],1],[[2,[""relation"",""relation""]],0]]],[2,[""relation"",""relation""]]]",0.2669983546997361
2,1,global_e01,"[[[[[2,[""relation"",""relation""]],1],[[2,[""relation"",""relation""]],1],[[2,[""relation"",""relation""]],0],[[2,[""relation"",""relation""]],0]]],[2,[""entity"",""entity""]]]",0.13351955424632606
2,1,global_e01,"[[[[[2,[""relation"",""relation""]],1],[[2,[""relation"",""relation""]],1],[[2,[""relation"",""relation""]],0],[[2,[""relation"",""relation""]],1]]],[2,[""entity"",""entity""]]]",0.07025861256739985
2,1,global_e01,"[[[[[2,[""relation"",""relation""]],1],[[2,[""relation"",""relation""]],1],[[2,[""relation"",""relation""]],0]]],[2,[""relation"",""relation""]]]",0.11605861690333101
2,1,global_e01,"[[[[[2,[""relation"",""relation""]],1],[[2,[""relation"",""relation""]],1],[[2,[""relation"",""relation""]],1],[[2,[""relation"",""relation""]],0]]],[2,[""entity"",""entity""]]]",0.02844525925398369
2,1,global_e01,"[[[[[2,[""relation"",""relation""]],1],[[2,[""relation"",""relation""]],1],[[2,[""relation"",""relation""]],1],[[2,[""relation"",""relation""]],1]]],[2,[""entity"",""entity""]]]",0.11212182454534783
2,1,global_e01,"[[[[[2,[""relation"",""relation""]],1],[[2,[""relation"",""relation""]],1],[[2,[""relation"",""relation""]],1]]],[2,[""relation"",""relation""]]]",0.22708511218629934
2,1,global_e01,"[[[[[2,[""relation"",""relation""]],1],[[2,[""relation"",""relation""]],1]]],[2,[""relation"",""relation""]]]",0.13346553788578008
2,1,global_e01,"[[[[[2,[""relation"",""relation""]],1]]],[2,[""relation"",""relation""]]]",0.2669983546997361
2,1,global_e01,"[[[]],[1,[""entity""]]]",0.0
2,1,global_e01,"[[[]],[2,[""entity"",""entity""]]]",0.0
2,1,global_e01,"[[[]],[2,[""relation"",""relation""]]]",0.26588513437476113
2,1,global_e05,"[[[[[2,[""relation"",""relation""]],0]]],[1,[""entity""]]]",3.0034739212876618
2,1,global_e05,"[[[[[2,[""relation"",""relation""]],1],[[2,[""relation"",""relation""]],0],[[2,[""relation"",""relation""]],0],[[2,[""relation"",""relation""]],1]]],[2,[""entity"",""entity""]]]",0.006570471736342787
2,1,global_e05,"[[[[[2,[""relation"",""relation""]],1],[[2,[""relation"",""relation""]],0],[[2,[""relation"",""relation""]],0]]],[2,[""relation"",""relation""]]]",0.6356252439258158
2,1,global_e05,"[[[[[2,[""relation"",""relation""]],1],[[2,[""relation"",""relation""]],0],[[2,[""relation"",""relation""]],1],[[2,[""relation"",""relation""]],0]]],[2,[""entity"",""entity""]]]",0.008700941108773508
2,1,global_e05,"[[[[[2,[""relation"",""relation""]],1],[[2,[""relation"",""relation""]],0],[[2,[""relation"",""relation""]],1],[[2,[""relation"",""relation""]],1]]],[2,[""entity"",""entity""]]]",0.10809134114433246
2,1,global_e05,"[[[[[2,[""relation"",""relation""]],1],[[2,[""relation"",""relation""]],0],[[2,[""relation"",""relation""]],1]]],[2,[""relation"",""relation""]]]",0.46120540677698807
2,1,global_e05,"[[[[[2,[""relation"",""relation""]],1],[[2,[""relation"",""relation""]],0]]],[2,[""relation"",""relation""]]]",0.46125364339883046
2,1,global_e05,"[[[[[2,[""relation"",""relation""]],1],[[2,[""relation"",""relation""]],1],[[2,[""relation"",""relation""]],0],[[2,[""relation"",""relation""]],0]]],[2,[""entity"",""entity""]]]",0.27118709913078753
2,1,global_e05,"[[[[[2,[""relation"",""relation""]],1],[[2,[""relation"",""relation""]],1],[[2,[""relation"",""relation""]],0],[[2,[""relation"",""relation""]],1]]],[2,[""entity"",""entity""]]]",0.27078408364687234
2,1,global_e05,"[[[[[2,[""relation"",""relation""]],1],[[2,[""relation"",""relation""]],1],[[2,[""relation"",""relation""]],0]]],[2,[""relation"",""relation""]]]",0.24430140395442002
2,1,global_e05,"[[[[[2,[""relation"",""relation""]],1],[[2,[""relation"",""relation""]],1],[[2,[""relation"",""relation""]],1],[[2,[""relation"",""relation""]],0]]],[2,[""entity"",""entity""]]]",0.16408041294078723
2,1,global_e05,"[[[[[2,[""relation"",""relation""]],1],[[2,[""relation"",""relation""]],1],[[2,[""relation"",""relation""]],1],[[2,[""relation"",""relation""]],1]]],[2,[""entity"",""entity""]]]",0.2687398166154128
2,1,global_e05,"[[[[[2,[""relation"",""relation""]],1],[[2,[""relation"",""relation""]],1],[[2,[""relation"",""relation""]],1]]],[2,[""relation"",""relation""]]]",0.24430140395442002
2,1,global_e05,"[[[[[2,[""relation"",""relation""]],1],[[2,[""relation"",""relation""]],1]]],[2,[""relation"",""relation""]]]",0.24430140395442002
2,1,global_e05,"[[[[[2,[""relation"",""relation""]],1]]],[2,[""relation"",""relation""]]]",0.46125364339883046
2,1,global_e05,"[[[]],[1,[""entity""]]]",0.0
2,1,global_e05,"[[[]],[2,[""entity"",""entity""]]]",0.0
2,1,global_e05,"[[[]],[2,[""relation"",""relation""]]]",0.46125424638015744
2,1,position_e01,"[[[[[2,[""relation"",""relation""]],0]]],[1,[""entity""]]]",1.1751485584376613
2,1,position_e01,"[[[[[2,[""relation"",""relation""]],1],[[2,[""relation"",""relation""]],0],[[2,[""relation"",""relation""]],0],[[2,[""relation"",""relation""]],1]]],[2,[""entity"",""entity""]]]",0.0
2,1,position_e01,"[[[[[2,[""relation"",""relation""]],1],[[2,[""relation"",""relation""]],0],[[2,[""relation"",""relation""]],0]]],[2,[""relation"",""relation""]]]",0.0
2,1,position_e01,"[[[[[2,[""relation"",""relation""]],1],[[2,[""relation"",""relation""]],0],[[2,[""relation"",""relation""]],1],[[2,[""relation"",""relation""]],0]]],[2,[""entity"",""entity""]]]",0.0
2,1,position_e01,"[[[[[2,[""relation"",""relation""]],1],[[2,[""relation"",""relation""]],0],[[2,[""relation"",""relation""]],1],[[2,[""relation"",""relation""]],1]]],[2,[""entity"",""entity""]]]",0.0
2,1,position_e01,"[[[[[2,[""relation"",""relation""]],1],[[2,[""relation"",""relation""]],0],[[2,[""relation"",""relation""]],1]]],[2,[""relation"",""relation""]]]",0.0
2,1,position_e01,"[[[[[2,[""relation"",""relation""]],1],[[2,[""relation"",""relation""]],0]]],[2,[""relation"",""relation""]]]",0.0
2,1,position_e01,"[[[[[2,[""relation"",""relation""]],1],[[2,[""relation"",""relation""]],1],[[2,[""relation"",""relation""]],0],[[2,[""relation"",""relation""]],0]]],[2,[""entity"",""entity""]]]",0.6418465621107298
2,1,position_e01,"[[[[[2,[""relation"",""relation""]],1],[[2,[""relation"",""relation""]],1],[[2,[""relation"",""relation""]],0],[[2,[""relation"",""relation""]],1]]],[2,[""entity"",""entity""]]]",0.5919445354821855
2,1,position_e01,"[[[[[2,[""relation"",""relation""]],1],[[2,[""relation"",""relation""]],1],[[2,[""relation"",""relation""]],0]]],[2,[""relation"",""relation""]]]",0.7947234638440099
2,1,position_e01,"[[[[[2,[""relation"",""relation""]],1],[[2,[""relation"",""relation""]],1],[[2,[""relation"",""relation""]],1],[[2,[""relation"",""relation""]],0]]],[2,[""entity"",""entity""]]]",0.5384988032261515
2,1,position_e01,"[[[[[2,[""relation"",""relation""]],1],[[2,[""relation"",""relation""]],1],[[2,[""relation"",""relation""]],1],[[2,[""relation"",""relation""]],1]]],[2,[""entity"",""entity""]]]",0.6062393648686388
2,1,position_e01,"[[[[[2,[""relation"",""relation""]],1],[[2,[""relation"",""relation""]],1],[[2,[""relation"",""relation""]],1]]],[2,[""relation"",""relation""]]]",0.7908686396306224
2,1,position_e01,"[[[[[2,[""relation"",""relation""]],1],[[2,[""relation"",""relation""]],1]]],[2,[""relation"",""relation""]]]",0.8267126741450115
2,1,position_e01,"[[[[[2,[""relation"",""relation""]],1]]],[2,[""relation"",""relation""]]]",0.0
2,1,position_e01,"[[[]],[1,[""entity""]]]",0.0
2,1,position_e01,"[[[]],[2,[""entity"",""entity""]]]",0.0
2,1,position_e01,"[[[]],[2,[""relation"",""relation""]]]",0.0
2,1,position_e05,"[[[[[2,[""relation"",""relation""]],0]]],[1,[""entity""]]]",2.7502126292706146
2,1,position_e05,"[[[[[2,[""relation"",""relation""]],1],[[2,[""relation"",""relation""]],0],[[2,[""relation"",""relation""]],0],[[2,[""relation"",""relation""]],1]]],[2,[""entity"",""entity""]]]",0.0
2,1,position_e05,"[[[[[2,[""relation"",""relation""]],1],[[2,[""relation"",""relation""]],0],[[2,[""relation"",""relation""]],0]]],[2,[""relation"",""relation""]]]",0.0
2,1,position_e05,"[[[[[2,[""relation"",""relation""]],1],[[2,[""relation"",""relation""]],0],[[2,[""relation"",""relation""]],1],[[2,[""relation"",""relation""]],0]]],[2,[""entity"",""entity""]]]",0.0
2,1,position_e05,"[[[[[2,[""relation"",""relation""]],1],[[2,[""relation"",""relation""]],0],[[2,[""relation"",""relation""]],1],[[2,[""relation"",""relation""]],1]]],[2,[""entity"",""entity""]]]",0.0
2,1,position_e05,"[[[[[2,[""relation"",""relation""]],1],[[2,[""relation"",""relation""]],0],[[2,[""relation"",""relation""]],1]]],[2,[""relation"",""relation""]]]",0.0
2,1,position_e05,"[[[[[2,[""relation"",""relation""]],1],[[2,[""relation"",""relation""]],0]]],[2,[""relation"",""relation""]]]",0.0
2,1,position_e05,"[[[[[2,[""relation"",""relation""]],1],[[2,[""relation"",""relation""]],1],[[2,[""relation"",""relation""]],0],[[2,[""relation"",""relation""]],0]]],[2,[""entity"",""entity""]]]",0.8848932282112214
2,1,position_e05,"[[[[[2,[""relation"",""relation""]],1],[[2,[""relation"",""relation""]],1],[[2,[""relation"",""relation""]],0],[[2,[""relation"",""relation""]],1]]],[2,[""entity"",""entity""]]]",0.7881367903016636
2,1,position_e05,"[[[[[2,[""relation"",""relation""]],1],[[2,[""relation"",""relation""]],1],[[2,[""relation"",""relation""]],0]]],[2,[""relation"",""relation""]]]",1.4728339319329378
2,1,position_e05,"[[[[[2,[""relation"",""relation""]],1],[[2,[""relation"",""relation""]],1],[[2,[""relation"",""relation""]],1],[[2,[""relation"",""relation""]],0]]],[2,[""entity"",""entity""]]]",0.6075541674617874
2,1,position_e05,"[[[[[2,[""relation"",""relation""]],1],[[2,[""relation"",""relation""]],1],[[2,[""relation"",""relation""]],1],[[2,[""relation"",""relation""]],1]]],[2,[""entity"",""entity""]]]",0.927565714111171
2,1,position_e05,"[[[[[2,[""relation"",""relation""]],1],[[2,[""relation"",""relation""]],1],[[2,[""relation"",""relation""]],1]]],[2,[""relation"",""relation""]]]",1.5606374622999786
2,1,position_e05,"[[[[[2,[""relation"",""relation""]],1],[[2,[""relation"",""relation""]],1]]],[2,[""relation"",""relation""]]]",1.5504567099151998
2,1,position_e05,"[[[[[2,[""relation"",""relation""]],1]]],[2,[""relation"",""relation""]]]",0.0
2,1,position_e05,"[[[]],[1,[""entity""]]]",0.0
2,1,position_e05,"[[[]],[2,[""entity"",""entity""]]]",0.0
2,1,position_e05,"[[[]],[2,[""relation"",""relation""]]]",0.0
2,1,global_fixed1,"[[[[[2,[""relation"",""relation""]],0]]],[1,[""entity""]]]",1.0
2,1,global_fixed1,"[[[[[2,[""relation"",""relation""]],1],[[2,[""relation"",""relation""]],0],[[2,[""relation"",""relation""]],0],[[2,[""relation"",""relation""]],1]]],[2,[""entity"",""entity""]]]",1.0
2,1,global_fixed1,"[[[[[2,[""relation"",""relation""]],1],[[2,[""relation"",""relation""]],0],[[2,[""relation"",""relation""]],0]]],[2,[""relation"",""relation""]]]",1.0
2,1,global_fixed1,"[[[[[2,[""relation"",""relation""]],1],[[2,[""relation"",""relation""]],0],[[2,[""relation"",""relation""]],1],[[2,[""relation"",""relation""]],0]]],[2,[""entity"",""entity""]]]",1.0
2,1,global_fixed1,"[[[[[2,[""relation"",""relation""]],1],[[2,[""relation"",""relation""]],0],[[2,[""relation"",""relation""]],1],[[2,[""relation"",""relation""]],1]]],[2,[""entity"",""entity""]]]",1.0
2,1,global_fixed1,"[[[[[2,[""relation"",""relation""]],1],[[2,[""relation"",""relation""]],0],[[2,[""relation"",""relation""]],1]]],[2,[""relation"",""relation""]]]",1.0
2,1,global_fixed1,"[[[[[2,[""relation"",""relation""]],1],[[2,[""relation"",""relation""]],0]]],[2,[""relation"",""relation""]]]",1.0
2,1,global_fixed1,"[[[[[2,[""relation"",""relation""]],1],[[2,[""relation"",""relation""]],1],[[2,[""relation"",""relation""]],0],[[2,[""relation"",""relation""]],0]]],[2,[""entity"",""entity""]]]",1.0
2,1,global_fixed1,"[[[[[2,[""relation"",""relation""]],1],[[2,[""relation"",""relation""]],1],[[2,[""relation"",""relation""]],0],[[2,[""relation"",""relation""]],1]]],[2,[""entity"",""entity""]]]",1.0
2,1,global_fixed1,"[[[[[2,[""relation"",""relation""]],1],[[2,[""relation"",""relation""]],1],[[2,[""relation"",""relation""]],0]]],[2,[""relation"",""relation""]]]",1.0
2,1,global_fixed1,"[[[[[2,[""relation"",""relation""]],1],[[2,[""relation"",""relation""]],1],[[2,[""relation"",""relation""]],1],[[2,[""relation"",""relation""]],0]]],[2,[""entity"",""entity""]]]",1.0
2,1,global_fixed1,"[[[[[2,[""relation"",""relation""]],1],[[2,[""relation"",""relation""]],1],[[2,[""relation"",""relation""]],1],[[2,[""relation"",""relation""]],1]]],[2,[""entity"",""entity""]]]",1.0
2,1,global_fixed1,"[[[[[2,[""relation"",""relation""]],1],[[2,[""relation"",""relation""]],1],[[2,[""relation"",""relation""]],1]]],[2,[""relation"",""relation""]]]",1.0
2,1,global_fixed1,"[[[[[2,[""relation"",""relation""]],1],[[2,[""relation"",""relation""]],1]]],[2,[""relation"",""relation""]]]",1.0
2,1,global_fixed1,"[[[[[2,[""relation"",""relation""]],1]]],[2,[""relation"",""relation""]]]",1.0
2,1,global_fixed1,"[[[]],[1,[""entity""]]]",1.0
2,1,global_fixed1,"[[[]],[2,[""entity"",""entity""]]]",1.0
2,1,global_fixed1,"[[[]],[2,[""relation"",""relation""]]]",1.0
2,1,position_fixed1,"[[[[[2,[""relation"",""relation""]],0]]],[1,[""entity""]]]",1.0
2,1,position_fixed1,"[[[[[2,[""relation"",""relation""]],1],[[2,[""relation"",""relation""]],0],[[2,[""relation"",""relation""]],0],[[2,[""relation"",""relation""]],1]]],[2,[""entity"",""entity""]]]",1.0
2,1,position_fixed1,"[[[[[2,[""relation"",""relation""]],1],[[2,[""relation"",""relation""]],0],[[2,[""relation"",""relation""]],0]]],[2,[""relation"",""relation""]]]",1.0
2,1,position_fixed1,"[[[[[2,[""relation"",""relation""]],1],[[2,[""relation"",""relation""]],0],[[2,[""relation"",""relation""]],1],[[2,[""relation"",""relation""]],0]]],[2,[""entity"",""entity""]]]",1.0
2,1,position_fixed1,"[[[[[2,[""relation"",""relation""]],1],[[2,[""relation"",""relation""]],0],[[2,[""relation"",""relation""]],1],[[2,[""relation"",""relation""]],1]]],[2,[""entity"",""entity""]]]",1.0
2,1,position_fixed1,"[[[[[2,[""relation"",""relation""]],1],[[2,[""relation"",""relation""]],0],[[2,[""relation"",""relation""]],1]]],[2,[""relation"",""relation""]]]",1.0
2,1,position_fixed1,"[[[[[2,[""relation"",""relation""]],1],[[2,[""relation"",""relation""]],0]]],[2,[""relation"",""relation""]]]",1.0
2,1,position_fixed1,"[[[[[2,[""relation"",""relation""]],1],[[2,[""relation"",""relation""]],1],[[2,[""relation"",""relation""]],0],[[2,[""relation"",""relation""]],0]]],[2,[""entity"",""entity""]]]",1.0
2,1,position_fixed1,"[[[[[2,[""relation"",""relation""]],1],[[2,[""relation"",""relation""]],1],[[2,[""relation"",""relation""]],0],[[2,[""relation"",""relation""]],1]]],[2,[""entity"",""entity""]]]",1.0
2,1,position_fixed1,"[[[[[2,[""relation"",""relation""]],1],[[2,[""relation"",""relation""]],1],[[2,[""relation"",""relation""]],0]]],[2,[""relation"",""relation""]]]",1.0
2,1,position_fixed1,"[[[[[2,[""relation"",""relation""]],1],[[2,[""relation"",""relation""]],1],[[2,[""relation"",""relation""]],1],[[2,[""relation"",""relation""]],0]]],[2,[""entity"",""entity""]]]",1.0
2,1,position_fixed1,"[[[[[2,[""relation"",""relation""]],1],[[2,[""relation"",""relation""]],1],[[2,[""relation"",""relation""]],1],[[2,[""relation"",""relation""]],1]]],[2,[""entity"",""entity""]]]",1.0
2,1,position_fixed1,"[[[[[2,[""relation"",""relation""]],1],[[2,[""relation"",""relation""]],1],[[2,[""relation"",""relation""]],1]]],[2,[""relation"",""relation""]]]",1.0
2,1,position_fixed1,"[[[[[2,[""relation"",""relation""]],1],[[2,[""relation"",""relation""]],1]]],[2,[""relation"",""relation""]]]",1.0
2,1,position_fixed1,"[[[[[2,[""relation"",""relation""]],1]]],[2,[""relation"",""relation""]]]",1.0
2,1,position_fixed1,"[[[]],[1,[""entity""]]]",1.0
2,1,position_fixed1,"[[[]],[2,[""entity"",""entity""]]]",1.0
2,1,position_fixed1,"[[[]],[2,[""relation"",""relation""]]]",1.0
2,2,global_e01,"[[[[[2,[""relation"",""relation""]],0]]],[1,[""entity""]]]",1.5659347173408642
2,2,global_e01,"[[[[[2,[""relation"",""relation""]],1],[[2,[""relation"",""relation""]],0],[[2,[""relation"",""relation""]],0],[[2,[""relation"",""relation""]],1]]],[2,[""entity"",""entity""]]]",0.01933567705033677
2,2,global_e01,"[[[[[2,[""relation"",""relation""]],1],[[2,[""relation"",""relation""]],0],[[2,[""relation"",""relation""]],0]]],[2,[""relation"",""relation""]]]",0.4644072422663699
2,2,global_e01,"[[[[[2,[""relation"",""relation""]],1],[[2,[""relation"",""relation""]],0],[[2,[""relation"",""relation""]],1],[[2,[""relation"",""relation""]],0]]],[2,[""entity"",""entity""]]]",0.018315596374818274
2,2,global_e01,"[[[[[2,[""relation"",""relation""]],1],[[2,[""relation"",""relation""]],0],[[2,[""relation"",""relation""]],1],[[2,[""relation"",""relation""]],1]]],[2,[""entity"",""entity""]]]",0.06678190360493712
2,2,global_e01,"[[[[[2,[""relation"",""relation""]],1],[[2,[""relation"",""relation""]],0],[[2,[""relation"",""relation""]],1]]],[2,[""relation"",""relation""]]]",0.29090111462180795
2,2,global_e01,"[[[[[2,[""relation"",""relation""]],1],[[2,[""relation"",""relation""]],0]]],[2,[""relation"",""relation""]]]",0.3746008436208151
2,2,global_e01,"[[[[[2,[""relation"",""relation""]],1],[[2,[""relation"",""relation""]],1],[[2,[""relation"",""relation""]],0],[[2,[""relation"",""relation""]],0]]],[2,[""entity"",""entity""]]]",0.22863410386213812
2,2,global_e01,"[[[[[2,[""relation"",""relation""]],1],[[2,[""relation"",""relation""]],1],[[2,[""relation"",""relation""]],0],[[2,[""relation"",""relation""]],1]]],[2,[""entity"",""entity""]]]",0.1447980111753374
2,2,global_e01,"[[[[[2,[""relation"",""relation""]],1],[[2,[""relation"",""relation""]],1],[[2,[""relation"",""relation""]],0]]],[2,[""relation"",""relation""]]]",0.16576841586449048
2,2,global_e01,"[[[[[2,[""relation"",""relation""]],1],[[2,[""relation"",""relation""]],1],[[2,[""relation"",""relation""]],1],[[2,[""relation"",""relation""]],0]]],[2,[""entity"",""entity""]]]",0.19246026176604294
2,2,global_e01,"[[[[[2,[""relation"",""relation""]],1],[[2,[""relation"",""relation""]],1],[[2,[""relation"",""relation""]],1],[[2,[""relation"",""relation""]],1]]],[2,[""entity"",""entity""]]]",0.14426829076369846
2,2,global_e01,"[[[[[2,[""relation"",""relation""]],1],[[2,[""relation"",""relation""]],1],[[2,[""relation"",""relation""]],1]]],[2,[""relation"",""relation""]]]",0.12837487568179096
2,2,global_e01,"[[[[[2,[""relation"",""relation""]],1],[[2,[""relation"",""relation""]],1]]],[2,[""relation"",""relation""]]]",0.12854029502129927
2,2,global_e01,"[[[[[2,[""relation"",""relation""]],1]]],[2,[""relation"",""relation""]]]",0.3746008436208151
2,2,global_e01,"[[[]],[1,[""entity""]]]",0.0
2,2,global_e01,"[[[]],[2,[""entity"",""entity""]]]",0.0
2,2,global_e01,"[[[]],[2,[""relation"",""relation""]]]",0.32649829196844843
2,2,global_e05,"[[[[[2,[""relation"",""relation""]],0]]],[1,[""entity""]]]",2.622368046243574
2,2,global_e05,"[[[[[2,[""relation"",""relation""]],1],[[2,[""relation"",""relation""]],0],[[2,[""relation"",""relation""]],0],[[2,[""relation"",""relation""]],1]]],[2,[""entity"",""entity""]]]",0.011024042880984797
2,2,global_e05,"[[[[[2,[""relation"",""relation""]],1],[[2,[""relation"",""relation""]],0],[[2,[""relation"",""relation""]],0]]],[2,[""relation"",""relation""]]]",0.8080999450000019
2,2,global_e05,"[[[[[2,[""relation"",""relation""]],1],[[2,[""relation"",""relation""]],0],[[2,[""relation"",""relation""]],1],[[2,[""relation"",""relation""]],0]]],[2,[""entity"",""entity""]]]",0.09204247375092045
2,2,global_e05,"[[[[[2,[""relation"",""relation""]],1],[[2,[""relation"",""relation""]],0],[[2,[""relation"",""relation""]],1],[[2,[""relation"",""relation""]],1]]],[2,[""entity"",""entity""]]]",0.016326839070443327
2,2,global_e05,"[[[[[2,[""relation"",""relation""]],1],[[2,[""relation"",""relation""]],0],[[2,[""relation"",""relation""]],1]]],[2,[""relation"",""relation""]]]",0.5734855058433767
2,2,global_e05,"[[[[[2,[""relation"",""relation""]],1],[[2,[""relation"",""relation""]],0]]],[2,[""relation"",""relation""]]]",0.5566800510480053
2,2,global_e05,"[[[[[2,[""relation"",""relation""]],1],[[2,[""relation"",""relation""]],1],[[2,[""relation"",""relation""]],0],[[2,[""relation"",""relation""]],0]]],[2,[""entity"",""entity""]]]",0.47629070844495924
2,2,global_e05,"[[[[[2,[""relation"",""relation""]],1],[[2,[""relation"",""relation""]],1],[[2,[""relation"",""relation""]],0],[[2,[""relation"",""relation""]],1]]],[2,[""entity"",""entity""]]]",0.47438237939779343
2,2,global_e05,"[[[[[2,[""relation"",""relation""]],1],[[2,[""relation"",""relation""]],1],[[2,[""relation"",""relation""]],0]]],[2,[""relation"",""relation""]]]",0.43068646241358544
2,2,global_e05,"[[[[[2,[""relation"",""relation""]],1],[[2,[""relation"",""relation""]],1],[[2,[""relation"",""relation""]],1],[[2,[""relation"",""relation""]],0]]],[2,[""entity"",""entity""]]]",0.47459416353897566
2,2,global_e05,"[[[[[2,[""relation"",""relation""]],1],[[2,[""relation"",""relation""]],1],[[2,[""relation"",""relation""]],1],[[2,[""relation"",""relation""]],1]]],[2,[""entity"",""entity""]]]",0.4788302056072878
2,2,global_e05,"[[[[[2,[""relation"",""relation""]],1],[[2,[""relation"",""relation""]],1],[[2,[""relation"",""relation""]],1]]],[2,[""relation"",""relation""]]]",0.43068646241358544
2,2,global_e05,"[[[[[2,[""relation"",""relation""]],1],[[2,[""relation"",""relation""]],1]]],[2,[""relation"",""relation""]]]",0.43068646241358544
2,2,global_e05,"[[[[[2,[""relation"",""relation""]],1]]],[2,[""relation"",""relation""]]]",0.5566800510480053
2,2,global_e05,"[[[]],[1,[""entity""]]]",0.0
2,2,global_e05,"[[[]],[2,[""entity"",""entity""]]]",0.0
2,2,global_e05,"[[[]],[2,[""relation"",""relation""]]]",0.5501620573322928
2,2,position_e01,"[[[[[2,[""relation"",""relation""]],0]]],[1,[""entity""]]]",1.418560047379093
2,2,position_e01,"[[[[[2,[""relation"",""relation""]],1],[[2,[""relation"",""relation""]],0],[[2,[""relation"",""relation""]],0],[[2,[""relation"",""relation""]],1]]],[2,[""entity"",""entity""]]]",0.0
2,2,position_e01,"[[[[[2,[""relation"",""relation""]],1],[[2,[""relation"",""relation""]],0],[[2,[""relation"",""relation""]],0]]],[2,[""relation"",""relation""]]]",0.0
2,2,position_e01,"[[[[[2,[""relation"",""relation""]],1],[[2,[""relation"",""relation""]],0],[[2,[""relation"",""relation""]],1],[[2,[""relation"",""relation""]],0]]],[2,[""entity"",""entity""]]]",0.0
2,2,position_e01,"[[[[[2,[""relation"",""relation""]],1],[[2,[""relation"",""relation""]],0],[[2,[""relation"",""relation""]],1],[[2,[""relation"",""relation""]],1]]],[2,[""entity"",""entity""]]]",0.0
2,2,position_e01,"[[[[[2,[""relation"",""relation""]],1],[[2,[""relation"",""relation""]],0],[[2,[""relation"",""relation""]],1]]],[2,[""relation"",""relation""]]]",0.0
2,2,position_e01,"[[[[[2,[""relation"",""relation""]],1],[[2,[""relation"",""relation""]],0]]],[2,[""relation"",""relation""]]]",0.0
2,2,position_e01,"[[[[[2,[""relation"",""relation""]],1],[[2,[""relation"",""relation""]],1],[[2,[""relation"",""relation""]],0],[[2,[""relation"",""relation""]],0]]],[2,[""entity"",""entity""]]]",0.5721410648016617
2,2,position_e01,"[[[[[2,[""relation"",""relation""]],1],[[2,[""relation"",""relation""]],1],[[2,[""relation"",""relation""]],0],[[2,[""relation"",""relation""]],1]]],[2,[""entity"",""entity""]]]",0.5658867993026608
2,2,position_e01,"[[[[[2,[""relation"",""relation""]],1],[[2,[""relation"",""relation""]],1],[[2,[""relation"",""relation""]],0]]],[2,[""relation"",""relation""]]]",0.6691340538360364
2,2,position_e01,"[[[[[2,[""relation"",""relation""]],1],[[2,[""relation"",""relation""]],1],[[2,[""relation"",""relation""]],1],[[2,[""relation"",""relation""]],0]]],[2,[""entity"",""entity""]]]",0.564812697223918
2,2,position_e01,"[[[[[2,[""relation"",""relation""]],1],[[2,[""relation"",""relation""]],1],[[2,[""relation"",""relation""]],1],[[2,[""relation"",""relation""]],1]]],[2,[""entity"",""entity""]]]",0.5696441821386958
2,2,position_e01,"[[[[[2,[""relation"",""relation""]],1],[[2,[""relation"",""relation""]],1],[[2,[""relation"",""relation""]],1]]],[2,[""relation"",""relation""]]]",0.6372989158437721
2,2,position_e01,"[[[[[2,[""relation"",""relation""]],1],[[2,[""relation"",""relation""]],1]]],[2,[""relation"",""relation""]]]",0.658925259129651
2,2,position_e01,"[[[[[2,[""relation"",""relation""]],1]]],[2,[""relation"",""relation""]]]",0.0
2,2,position_e01,"[[[]],[1,[""entity""]]]",0.0
2,2,position_e01,"[[[]],[2,[""entity"",""entity""]]]",0.0
2,2,position_e01,"[[[]],[2,[""relation"",""relation""]]]",0.0
2,2,position_e05,"[[[[[2,[""relation"",""relation""]],0]]],[1,[""entity""]]]",2.996992707307296
2,2,position_e05,"[[[[[2,[""relation"",""relation""]],1],[[2,[""relation"",""relation""]],0],[[2,[""relation"",""relation""]],0],[[2,[""relation"",""relation""]],1]]],[2,[""entity"",""entity""]]]",0.0
2,2,position_e05,"[[[[[2,[""relation"",""relation""]],1],[[2,[""relation"",""relation""]],0],[[2,[""relation"",""relation""]],0]]],[2,[""relation"",""relation""]]]",0.0
2,2,position_e05,"[[[[[2,[""relation"",""relation""]],1],[[2,[""relation"",""relation""]],0],[[2,[""relation"",""relation""]],1],[[2,[""relation"",""relation""]],0]]],[2,[""entity"",""entity""]]]",0.0
2,2,position_e05,"[[[[[2,[""relation"",""relation""]],1],[[2,[""relation"",""relation""]],0],[[2,[""relation"",""relation""]],1],[[2,[""relation"",""relation""]],1]]],[2,[""entity"",""entity""]]]",0.0
2,2,position_e05,"[[[[[2,[""relation"",""relation""]],1],[[2,[""relation"",""relation""]],0],[[2,[""relation"",""relation""]],1]]],[2,[""relation"",""relation""]]]",0.0
2,2,position_e05,"[[[[[2,[""relation"",""relation""]],1],[[2,[""relation"",""relation""]],0]]],[2,[""relation"",""relation""]]]",0.0
2,2,position_e05,"[[[[[2,[""relation"",""relation""]],1],[[2,[""relation"",""relation""]],1],[[2,[""relation"",""relation""]],0],[[2,[""relation"",""relation""]],0]]],[2,[""entity"",""entity""]]]",1.0327849499888875
2,2,position_e05,"[[[[[2,[""relation"",""relation""]],1],[[2,[""relation"",""relation""]],1],[[2,[""relation"",""relation""]],0],[[2,[""relation"",""relation""]],1]]],[2,[""entity"",""entity""]]]",0.9672511236016502
2,2,position_e05,"[[[[[2,[""relation"",""relation""]],1],[[2,[""relation"",""relation""]],1],[[2,[""relation"",""relation""]],0]]],[2,[""relation"",""relation""]]]",1.3443236036401387
2,2,position_e05,"[[[[[2,[""relation"",""relation""]],1],[[2,[""relation"",""relation""]],1],[[2,[""relation"",""relation""]],1],[[2,[""relation"",""relation""]],0]]],[2,[""entity"",""entity""]]]",0.9663723884811132
2,2,position_e05,"[[[[[2,[""relation"",""relation""]],1],[[2,[""relation"",""relation""]],1],[[2,[""relation"",""relation""]],1],[[2,[""relation"",""relation""]],1]]],[2,[""entity"",""entity""]]]",0.9561972064786382
2,2,position_e05,"[[[[[2,[""relation"",""relation""]],1],[[2,[""relation"",""relation""]],1],[[2,[""relation"",""relation""]],1]]],[2,[""relation"",""relation""]]]",1.2267530231461372
2,2,position_e05,"[[[[[2,[""relation"",""relation""]],1],[[2,[""relation"",""relation""]],1]]],[2,[""relation"",""relation""]]]",1.2624809361799938
2,2,position_e05,"[[[[[2,[""relation"",""relation""]],1]]],[2,[""relation"",""relation""]]]",0.0
2,2,position_e05,"[[[]],[1,[""entity""]]]",0.0
2,2,position_e05,"[[[]],[2,[""entity"",""entity""]]]",0.0
2,2,position_e05,"[[[]],[2,[""relation"",""relation""]]]",0.0
2,2,global_fixed1,"[[[[[2,[""relation"",""relation""]],0]]],[1,[""entity""]]]",1.0
2,2,global_fixed1,"[[[[[2,[""relation"",""relation""]],1],[[2,[""relation"",""relation""]],0],[[2,[""relation"",""relation""]],0],[[2,[""relation"",""relation""]],1]]],[2,[""entity"",""entity""]]]",1.0
2,2,global_fixed1,"[[[[[2,[""relation"",""relation""]],1],[[2,[""relation"",""relation""]],0],[[2,[""relation"",""relation""]],0]]],[2,[""relation"",""relation""]]]",1.0
2,2,global_fixed1,"[[[[[2,[""relation"",""relation""]],1],[[2,[""relation"",""relation""]],0],[[2,[""relation"",""relation""]],1],[[2,[""relation"",""relation""]],0]]],[2,[""entity"",""entity""]]]",1.0
2,2,global_fixed1,"[[[[[2,[""relation"",""relation""]],1],[[2,[""relation"",""relation""]],0],[[2,[""relation"",""relation""]],1],[[2,[""relation"",""relation""]],1]]],[2,[""entity"",""entity""]]]",1.0
2,2,global_fixed1,"[[[[[2,[""relation"",""relation""]],1],[[2,[""relation"",""relation""]],0],[[2,[""relation"",""relation""]],1]]],[2,[""relation"",""relation""]]]",1.0
2,2,global_fixed1,"[[[[[2,[""relation"",""relation""]],1],[[2,[""relation"",""relation""]],0]]],[2,[""relation"",""relation""]]]",1.0
2,2,global_fixed1,"[[[[[2,[""relation"",""relation""]],1],[[2,[""relation"",""relation""]],1],[[2,[""relation"",""relation""]],0],[[2,[""relation"",""relation""]],0]]],[2,[""entity"",""entity""]]]",1.0
2,2,global_fixed1,"[[[[[2,[""relation"",""relation""]],1],[[2,[""relation"",""relation""]],1],[[2,[""relation"",""relation""]],0],[[2,[""relation"",""relation""]],1]]],[2,[""entity"",""entity""]]]",1.0
2,2,global_fixed1,"[[[[[2,[""relation"",""relation""]],1],[[2,[""relation"",""relation""]],1],[[2,[""relation"",""relation""]],0]]],[2,[""relation"",""relation""]]]",1.0
2,2,global_fixed1,"[[[[[2,[""relation"",""relation""]],1],[[2,[""relation"",""relation""]],1],[[2,[""relation"",""relation""]],1],[[2,[""relation"",""relation""]],0]]],[2,[""entity"",""entity""]]]",1.0
2,2,global_fixed1,"[[[[[2,[""relation"",""relation""]],1],[[2,[""relation"",""relation""]],1],[[2,[""relation"",""relation""]],1],[[2,[""relation"",""relation""]],1]]],[2,[""entity"",""entity""]]]",1.0
2,2,global_fixed1,"[[[[[2,[""relation"",""relation""]],1],[[2,[""relation"",""relation""]],1],[[2,[""relation"",""relation""]],1]]],[2,[""relation"",""relation""]]]",1.0
2,2,global_fixed1,"[[[[[2,[""relation"",""relation""]],1],[[2,[""relation"",""relation""]],1]]],[2,[""relation"",""relation""]]]",1.0
2,2,global_fixed1,"[[[[[2,[""relation"",""relation""]],1]]],[2,[""relation"",""relation""]]]",1.0
2,2,global_fixed1,"[[[]],[1,[""entity""]]]",1.0
2,2,global_fixed1,"[[[]],[2,[""entity"",""entity""]]]",1.0
2,2,global_fixed1,"[[[]],[2,[""relation"",""relation""]]]",1.0
2,2,position_fixed1,"[[[[[2,[""relation"",""relation""]],0]]],[1,[""entity""]]]",1.0
2,2,position_fixed1,"[[[[[2,[""relation"",""relation""]],1],[[2,[""relation"",""relation""]],0],[[2,[""relation"",""relation""]],0],[[2,[""relation"",""relation""]],1]]],[2,[""entity"",""entity""]]]",1.0
2,2,position_fixed1,"[[[[[2,[""relation"",""relation""]],1],[[2,[""relation"",""relation""]],0],[[2,[""relation"",""relation""]],0]]],[2,[""relation"",""relation""]]]",1.0
2,2,position_fixed1,"[[[[[2,[""relation"",""relation""]],1],[[2,[""relation"",""relation""]],0],[[2,[""relation"",""relation""]],1],[[2,[""relation"",""relation""]],0]]],[2,[""entity"",""entity""]]]",1.0
2,2,position_fixed1,"[[[[[2,[""relation"",""relation""]],1],[[2,[""relation"",""relation""]],0],[[2,[""relation"",""relation""]],1],[[2,[""relation"",""relation""]],1]]],[2,[""entity"",""entity""]]]",1.0
2,2,position_fixed1,"[[[[[2,[""relation"",""relation""]],1],[[2,[""relation"",""relation""]],0],[[2,[""relation"",""relation""]],1]]],[2,[""relation"",""relation""]]]",1.0
2,2,position_fixed1,"[[[[[2,[""relation"",""relation""]],1],[[2,[""relation"",""relation""]],0]]],[2,[""relation"",""relation""]]]",1.0
2,2,position_fixed1,"[[[[[2,[""relation"",""relation""]],1],[[2,[""relation"",""relation""]],1],[[2,[""relation"",""relation""]],0],[[2,[""relation"",""relation""]],0]]],[2,[""entity"",""entity""]]]",1.0
2,2,position_fixed1,"[[[[[2,[""relation"",""relation""]],1],[[2,[""relation"",""relation""]],1],[[2,[""relation"",""relation""]],0],[[2,[""relation"",""relation""]],1]]],[2,[""entity"",""entity""]]]",1.0
2,2,position_fixed1,"[[[[[2,[""relation"",""relation""]],1],[[2,[""relation"",""relation""]],1],[[2,[""relation"",""relation""]],0]]],[2,[""relation"",""relation""]]]",1.0
2,2,position_fixed1,"[[[[[2,[""relation"",""relation""]],1],[[2,[""relation"",""relation""]],1],[[2,[""relation"",""relation""]],1],[[2,[""relation"",""relation""]],0]]],[2,[""entity"",""entity""]]]",1.0
2,2,position_fixed1,"[[[[[2,[""relation"",""relation""]],1],[[2,[""relation"",""relation""]],1],[[2,[""relation"",""relation""]],1],[[2,[""relation"",""relation""]],1]]],[2,[""entity"",""entity""]]]",1.0
2,2,position_fixed1,"[[[[[2,[""relation"",""relation""]],1],[[2,[""relation"",""relation""]],1],[[2,[""relation"",""relation""]],1]]],[2,[""relation"",""relation""]]]",1.0
2,2,position_fixed1,"[[[[[2,[""relation"",""relation""]],1],[[2,[""relation"",""relation""]],1]]],[2,[""relation"",""relation""]]]",1.0
2,2,position_fixed1,"[[[[[2,[""relation"",""relation""]],1]]],[2,[""relation"",""relation""]]]",1.0
2,2,position_fixed1,"[[[]],[1,[""entity""]]]",1.0
2,2,position_fixed1,"[[[]],[2,[""entity"",""entity""]]]",1.0
2,2,position_fixed1,"[[[]],[2,[""relation"",""relation""]]]",1.0
2,3,global_e01,"[[[[[2,[""relation"",""relation""]],0]]],[1,[""entity""]]]",1.6080060851945823
2,3,global_e01,"[[[[[2,[""relation"",""relation""]],1],[[2,[""relation"",""relation""]],0],[[2,[""relation"",""relation""]],0],[[2,[""relation"",""relation""]],1]]],[2,[""entity"",""entity""]]]",0.05143779392705235
2,3,global_e01,"[[[[[2,[""relation"",""relation""]],1],[[2,[""relation"",""relation""]],0],[[2,[""relation"",""relation""]],0]]],[2,[""relation"",""relation""]]]",0.33424265104392736
2,3,global_e01,"[[[[[2,[""relation"",""relation""]],1],[[2,[""relation"",""relation""]],0],[[2,[""relation"",""relation""]],1],[[2,[""relation"",""relation""]],0]]],[2,[""entity"",""entity""]]]",0.0
2,3,global_e01,"[[[[[2,[""relation"",""relation""]],1],[[2,[""relation"",""relation""]],0],[[2,[""relation"",""relation""]],1],[[2,[""relation"",""relation""]],1]]],[2,[""entity"",""entity""]]]",0.059681081297523864
2,3,global_e01,"[[[[[2,[""relation"",""relation""]],1],[[2,[""relation"",""relation""]],0],[[2,[""relation"",""relation""]],1]]],[2,[""relation"",""relation""]]]",0.3019388588798966
2,3,global_e01,"[[[[[2,[""relation"",""relation""]],1],[[2,[""relation"",""relation""]],0]]],[2,[""relation"",""relation""]]]",0.3098224579420318
2,3,global_e01,"[[[[[2,[""relation"",""relation""]],1],[[2,[""relation"",""relation""]],1],[[2,[""relation"",""relation""]],0],[[2,[""relation"",""relation""]],0]]],[2,[""entity"",""entity""]]]",0.19812674417945575
2,3,global_e01,"[[[[[2,[""relation"",""relation""]],1],[[2,[""relation"",""relation""]],1],[[2,[""relation"",""relation""]],0],[[2,[""relation"",""relation""]],1]]],[2,[""entity"",""entity""]]]",0.17112306160399313
2,3,global_e01,"[[[[[2,[""relation"",""relation""]],1],[[2,[""relation"",""relation""]],1],[[2,[""relation"",""relation""]],0]]],[2,[""relation"",""relation""]]]",0.2064227938345867
2,3,global_e01,"[[[[[2,[""relation"",""relation""]],1],[[2,[""relation"",""relation""]],1],[[2,[""relation"",""relation""]],1],[[2,[""relation"",""relation""]],0]]],[2,[""entity"",""entity""]]]",0.18619513631063742
2,3,global_e01,"[[[[[2,[""relation"",""relation""]],1],[[2,[""relation"",""relation""]],1],[[2,[""relation"",""relation""]],1],[[2,[""relation"",""relation""]],1]]],[2,[""entity"",""entity""]]]",0.37493061360082264
2,3,global_e01,"[[[[[2,[""relation"",""relation""]],1],[[2,[""relation"",""relation""]],1],[[2,[""relation"",""relation""]],1]]],[2,[""relation"",""relation""]]]",0.3269111031010264
2,3,global_e01,"[[[[[2,[""relation"",""relation""]],1],[[2,[""relation"",""relation""]],1]]],[2,[""relation"",""relation""]]]",0.3126980731448198
2,3,global_e01,"[[[[[2,[""relation"",""relation""]],1]]],[2,[""relation"",""relation""]]]",0.3098224579420318
2,3,global_e01,"[[[]],[1,[""entity""]]]",0.0
2,3,global_e01,"[[[]],[2,[""entity"",""entity""]]]",0.0
2,3,global_e01,"[[[]],[2,[""relation"",""relation""]]]",0.23769141147650472
2,3,global_e05,"[[[[[2,[""relation"",""relation""]],0]]],[1,[""entity""]]]",3.023304290744231
2,3,global_e05,"[[[[[2,[""relation"",""relation""]],1],[[2,[""relation"",""relation""]],0],[[2,[""relation"",""relation""]],0],[[2,[""relation"",""relation""]],1]]],[2,[""entity"",""entity""]]]",0.06335321474589377
2,3,global_e05,"[[[[[2,[""relation"",""relation""]],1],[[2,[""relation"",""relation""]],0],[[2,[""relation"",""relation""]],0]]],[2,[""relation"",""relation""]]]",0.30339667057893843
2,3,global_e05,"[[[[[2,[""relation"",""relation""]],1],[[2,[""relation"",""relation""]],0],[[2,[""relation"",""relation""]],1],[[2,[""relation"",""relation""]],0]]],[2,[""entity"",""entity""]]]",0.0
2,3,global_e05,"[[[[[2,[""relation"",""relation""]],1],[[2,[""relation"",""relation""]],0],[[2,[""relation"",""relation""]],1],[[2,[""relation"",""relation""]],1]]],[2,[""entity"",""entity""]]]",0.04212782771063995
2,3,global_e05,"[[[[[2,[""relation"",""relation""]],1],[[2,[""relation"",""relation""]],0],[[2,[""relation"",""relation""]],1]]],[2,[""relation"",""relation""]]]",0.28924261836412385
2,3,global_e05,"[[[[[2,[""relation"",""relation""]],1],[[2,[""relation"",""relation""]],0]]],[2,[""relation"",""relation""]]]",0.2906881161124387
2,3,global_e05,"[[[[[2,[""relation"",""relation""]],1],[[2,[""relation"",""relation""]],1],[[2,[""relation"",""relation""]],0],[[2,[""relation"",""relation""]],0]]],[2,[""entity"",""entity""]]]",0.5562694877537433
2,3,global_e05,"[[[[[2,[""relation"",""relation""]],1],[[2,[""relation"",""relation""]],1],[[2,[""relation"",""relation""]],0],[[2,[""relation"",""relation""]],1]]],[2,[""entity"",""entity""]]]",0.45000245561068436
2,3,global_e05,"[[[[[2,[""relation"",""relation""]],1],[[2,[""relation"",""relation""]],1],[[2,[""relation"",""relation""]],0]]],[2,[""relation"",""relation""]]]",0.5343063654782411
2,3,global_e05,"[[[[[2,[""relation"",""relation""]],1],[[2,[""relation"",""relation""]],1],[[2,[""relation"",""relation""]],1],[[2,[""relation"",""relation""]],0]]],[2,[""entity"",""entity""]]]",0.5196642986795967
2,3,global_e05,"[[[[[2,[""relation"",""relation""]],1],[[2,[""relation"",""relation""]],1],[[2,[""relation"",""relation""]],1],[[2,[""relation"",""relation""]],1]]],[2,[""entity"",""entity""]]]",0.543838482095617
2,3,global_e05,"[[[[[2,[""relation"",""relation""]],1],[[2,[""relation"",""relation""]],1],[[2,[""relation"",""relation""]],1]]],[2,[""relation"",""relation""]]]",0.5327939500150252
2,3,global_e05,"[[[[[2,[""relation"",""relation""]],1],[[2,[""relation"",""relation""]],1]]],[2,[""relation"",""relation""]]]",0.5328564562245369
2,3,global_e05,"[[[[[2,[""relation"",""relation""]],1]]],[2,[""relation"",""relation""]]]",0.2906881161124387
2,3,global_e05,"[[[]],[1,[""entity""]]]",0.0
2,3,global_e05,"[[[]],[2,[""entity"",""entity""]]]",0.0
2,3,global_e05,"[[[]],[2,[""relation"",""relation""]]]",0.22038403130267004
2,3,position_e01,"[[[[[2,[""relation"",""relation""]],0]]],[1,[""entity""]]]",1.492399883626561
2,3,position_e01,"[[[[[2,[""relation"",""relation""]],1],[[2,[""relation"",""relation""]],0],[[2,[""relation"",""relation""]],0],[[2,[""relation"",""relation""]],1]]],[2,[""entity"",""entity""]]]",0.0
2,3,position_e01,"[[[[[2,[""relation"",""relation""]],1],[[2,[""relation"",""relation""]],0],[[2,[""relation"",""relation""]],0]]],[2,[""relation"",""relation""]]]",0.0
2,3,position_e01,"[[[[[2,[""relation"",""relation""]],1],[[2,[""relation"",""relation""]],0],[[2,[""relation"",""relation""]],1],[[2,[""relation"",""relation""]],0]]],[2,[""entity"",""entity""]]]",0.0
2,3,position_e01,"[[[[[2,[""relation"",""relation""]],1],[[2,[""relation"",""relation""]],0],[[2,[""relation"",""relation""]],1],[[2,[""relation"",""relation""]],1]]],[2,[""entity"",""entity""]]]",0.0
2,3,position_e01,"[[[[[2,[""relation"",""relation""]],1],[[2,[""relation"",""relation""]],0],[[2,[""relation"",""relation""]],1]]],[2,[""relation"",""relation""]]]",0.0
2,3,position_e01,"[[[[[2,[""relation"",""relation""]],1],[[2,[""relation"",""relation""]],0]]],[2,[""relation"",""relation""]]]",0.0
2,3,position_e01,"[[[[[2,[""relation"",""relation""]],1],[[2,[""relation"",""relation""]],1],[[2,[""relation"",""relation""]],0],[[2,[""relation"",""relation""]],0]]],[2,[""entity"",""entity""]]]",0.7213782289133868
2,3,position_e01,"[[[[[2,[""relation"",""relation""]],1],[[2,[""relation"",""relation""]],1],[[2,[""relation"",""relation""]],0],[[2,[""relation"",""relation""]],1]]],[2,[""entity"",""entity""]]]",0.6718873581500556
2,3,position_e01,"[[[[[2,[""relation"",""relation""]],1],[[2,[""relation"",""relation""]],1],[[2,[""relation"",""relation""]],0]]],[2,[""relation"",""relation""]]]",0.8884265943479026
2,3,position_e01,"[[[[[2,[""relation"",""relation""]],1],[[2,[""relation"",""relation""]],1],[[2,[""relation"",""relation""]],1],[[2,[""relation"",""relation""]],0]]],[2,[""entity"",""entity""]]]",0.7162184357522416
2,3,position_e01,"[[[[[2,[""relation"",""relation""]],1],[[2,[""relation"",""relation""]],1],[[2,[""relation"",""relation""]],1],[[2,[""relation"",""relation""]],1]]],[2,[""entity"",""entity""]]]",0.7558866332187179
2,3,position_e01,"[[[[[2,[""relation"",""relation""]],1],[[2,[""relation"",""relation""]],1],[[2,[""relation"",""relation""]],1]]],[2,[""relation"",""relation""]]]",0.932346947594526
2,3,position_e01,"[[[[[2,[""relation"",""relation""]],1],[[2,[""relation"",""relation""]],1]]],[2,[""relation"",""relation""]]]",0.9238660955476087
2,3,position_e01,"[[[[[2,[""relation"",""relation""]],1]]],[2,[""relation"",""relation""]]]",0.0
2,3,position_e01,"[[[]],[1,[""entity""]]]",0.0
2,3,position_e01,"[[[]],[2,[""entity"",""entity""]]]",0.0
2,3,position_e01,"[[[]],[2,[""relation"",""relation""]]]",0.0
2,3,position_e05,"[[[[[2,[""relation"",""relation""]],0]]],[1,[""entity""]]]",3.4730268718875066
2,3,position_e05,"[[[[[2,[""relation"",""relation""]],1],[[2,[""relation"",""relation""]],0],[[2,[""relation"",""relation""]],0],[[2,[""relation"",""relation""]],1]]],[2,[""entity"",""entity""]]]",0.0
2,3,position_e05,"[[[[[2,[""relation"",""relation""]],1],[[2,[""relation"",""relation""]],0],[[2,[""relation"",""relation""]],0]]],[2,[""relation"",""relation""]]]",0.0
2,3,position_e05,"[[[[[2,[""relation"",""relation""]],1],[[2,[""relation"",""relation""]],0],[[2,[""relation"",""relation""]],1],[[2,[""relation"",""relation""]],0]]],[2,[""entity"",""entity""]]]",0.0
2,3,position_e05,"[[[[[2,[""relation"",""relation""]],1],[[2,[""relation"",""relation""]],0],[[2,[""relation"",""relation""]],1],[[2,[""relation"",""relation""]],1]]],[2,[""entity"",""entity""]]]",0.0
2,3,position_e05,"[[[[[2,[""relation"",""relation""]],1],[[2,[""relation"",""relation""]],0],[[2,[""relation"",""relation""]],1]]],[2,[""relation"",""relation""]]]",0.0
2,3,position_e05,"[[[[[2,[""relation"",""relation""]],1],[[2,[""relation"",""relation""]],0]]],[2,[""relation"",""relation""]]]",0.0
2,3,position_e05,"[[[[[2,[""relation"",""relation""]],1],[[2,[""relation"",""relation""]],1],[[2,[""relation"",""relation""]],0],[[2,[""relation"",""relation""]],0]]],[2,[""entity"",""entity""]]]",1.173552646181214
2,3,position_e05,"[[[[[2,[""relation"",""relation""]],1],[[2,[""relation"",""relation""]],1],[[2,[""relation"",""relation""]],0],[[2,[""relation"",""relation""]],1]]],[2,[""entity"",""entity""]]]",0.9231531829129299
2,3,position_e05,"[[[[[2,[""relation"",""relation""]],1],[[2,[""relation"",""relation""]],1],[[2,[""relation"",""relation""]],0]]],[2,[""relation"",""relation""]]]",1.5953564812592609
2,3,position_e05,"[[[[[2,[""relation"",""relation""]],1],[[2,[""relation"",""relation""]],1],[[2,[""relation"",""relation""]],1],[[2,[""relation"",""relation""]],0]]],[2,[""entity"",""entity""]]]",1.1240942464303627
2,3,position_e05,"[[[[[2,[""relation"",""relation""]],1],[[2,[""relation"",""relation""]],1],[[2,[""relation"",""relation""]],1],[[2,[""relation"",""relation""]],1]]],[2,[""entity"",""entity""]]]",1.3630569360350937
2,3,position_e05,"[[[[[2,[""relation"",""relation""]],1],[[2,[""relation"",""relation""]],1],[[2,[""relation"",""relation""]],1]]],[2,[""relation"",""relation""]]]",1.7698541420695688
2,3,position_e05,"[[[[[2,[""relation"",""relation""]],1],[[2,[""relation"",""relation""]],1]]],[2,[""relation"",""relation""]]]",1.759054734963594
2,3,position_e05,"[[[[[2,[""relation"",""relation""]],1]]],[2,[""relation"",""relation""]]]",0.0
2,3,position_e05,"[[[]],[1,[""entity""]]]",0.0
2,3,position_e05,"[[[]],[2,[""entity"",""entity""]]]",0.0
2,3,position_e05,"[[[]],[2,[""relation"",""relation""]]]",0.0
2,3,global_fixed1,"[[[[[2,[""relation"",""relation""]],0]]],[1,[""entity""]]]",1.0
2,3,global_fixed1,"[[[[[2,[""relation"",""relation""]],1],[[2,[""relation"",""relation""]],0],[[2,[""relation"",""relation""]],0],[[2,[""relation"",""relation""]],1]]],[2,[""entity"",""entity""]]]",1.0
2,3,global_fixed1,"[[[[[2,[""relation"",""relation""]],1],[[2,[""relation"",""relation""]],0],[[2,[""relation"",""relation""]],0]]],[2,[""relation"",""relation""]]]",1.0
2,3,global_fixed1,"[[[[[2,[""relation"",""relation""]],1],[[2,[""relation"",""relation""]],0],[[2,[""relation"",""relation""]],1],[[2,[""relation"",""relation""]],0]]],[2,[""entity"",""entity""]]]",1.0
2,3,global_fixed1,"[[[[[2,[""relation"",""relation""]],1],[[2,[""relation"",""relation""]],0],[[2,[""relation"",""relation""]],1],[[2,[""relation"",""relation""]],1]]],[2,[""entity"",""entity""]]]",1.0
2,3,global_fixed1,"[[[[[2,[""relation"",""relation""]],1],[[2,[""relation"",""relation""]],0],[[2,[""relation"",""relation""]],1]]],[2,[""relation"",""relation""]]]",1.0
2,3,global_fixed1,"[[[[[2,[""relation"",""relation""]],1],[[2,[""relation"",""relation""]],0]]],[2,[""relation"",""relation""]]]",1.0
2,3,global_fixed1,"[[[[[2,[""relation"",""relation""]],1],[[2,[""relation"",""relation""]],1],[[2,[""relation"",""relation""]],0],[[2,[""relation"",""relation""]],0]]],[2,[""entity"",""entity""]]]",1.0
2,3,global_fixed1,"[[[[[2,[""relation"",""relation""]],1],[[2,[""relation"",""relation""]],1],[[2,[""relation"",""relation""]],0],[[2,[""relation"",""relation""]],1]]],[2,[""entity"",""entity""]]]",1.0
2,3,global_fixed1,"[[[[[2,[""relation"",""relation""]],1],[[2,[""relation"",""relation""]],1],[[2,[""relation"",""relation""]],0]]],[2,[""relation"",""relation""]]]",1.0
2,3,global_fixed1,"[[[[[2,[""relation"",""relation""]],1],[[2,[""relation"",""relation""]],1],[[2,[""relation"",""relation""]],1],[[2,[""relation"",""relation""]],0]]],[2,[""entity"",""entity""]]]",1.0
2,3,global_fixed1,"[[[[[2,[""relation"",""relation""]],1],[[2,[""relation"",""relation""]],1],[[2,[""relation"",""relation""]],1],[[2,[""relation"",""relation""]],1]]],[2,[""entity"",""entity""]]]",1.0
2,3,global_fixed1,"[[[[[2,[""relation"",""relation""]],1],[[2,[""relation"",""relation""]],1],[[2,[""relation"",""relation""]],1]]],[2,[""relation"",""relation""]]]",1.0
2,3,global_fixed1,"[[[[[2,[""relation"",""relation""]],1],[[2,[""relation"",""relation""]],1]]],[2,[""relation"",""relation""]]]",1.0
2,3,global_fixed1,"[[[[[2,[""relation"",""relation""]],1]]],[2,[""relation"",""relation""]]]",1.0
2,3,global_fixed1,"[[[]],[1,[""entity""]]]",1.0
2,3,global_fixed1,"[[[]],[2,[""entity"",""entity""]]]",1.0
2,3,global_fixed1,"[[[]],[2,[""relation"",""relation""]]]",1.0
2,3,position_fixed1,"[[[[[2,[""relation"",""relation""]],0]]],[1,[""entity""]]]",1.0
2,3,position_fixed1,"[[[[[2,[""relation"",""relation""]],1],[[2,[""relation"",""relation""]],0],[[2,[""relation"",""relation""]],0],[[2,[""relation"",""relation""]],1]]],[2,[""entity"",""entity""]]]",1.0
2,3,position_fixed1,"[[[[[2,[""relation"",""relation""]],1],[[2,[""relation"",""relation""]],0],[[2,[""relation"",""relation""]],0]]],[2,[""relation"",""relation""]]]",1.0
2,3,position_fixed1,"[[[[[2,[""relation"",""relation""]],1],[[2,[""relation"",""relation""]],0],[[2,[""relation"",""relation""]],1],[[2,[""relation"",""relation""]],0]]],[2,[""entity"",""entity""]]]",1.0
2,3,position_fixed1,"[[[[[2,[""relation"",""relation""]],1],[[2,[""relation"",""relation""]],0],[[2,[""relation"",""relation""]],1],[[2,[""relation"",""relation""]],1]]],[2,[""entity"",""entity""]]]",1.0
2,3,position_fixed1,"[[[[[2,[""relation"",""relation""]],1],[[2,[""relation"",""relation""]],0],[[2,[""relation"",""relation""]],1]]],[2,[""relation"",""relation""]]]",1.0
2,3,position_fixed1,"[[[[[2,[""relation"",""relation""]],1],[[2,[""relation"",""relation""]],0]]],[2,[""relation"",""relation""]]]",1.0
2,3,position_fixed1,"[[[[[2,[""relation"",""relation""]],1],[[2,[""relation"",""relation""]],1],[[2,[""relation"",""relation""]],0],[[2,[""relation"",""relation""]],0]]],[2,[""entity"",""entity""]]]",1.0
2,3,position_fixed1,"[[[[[2,[""relation"",""relation""]],1],[[2,[""relation"",""relation""]],1],[[2,[""relation"",""relation""]],0],[[2,[""relation"",""relation""]],1]]],[2,[""entity"",""entity""]]]",1.0
2,3,position_fixed1,"[[[[[2,[""relation"",""relation""]],1],[[2,[""relation"",""relation""]],1],[[2,[""relation"",""relation""]],0]]],[2,[""relation"",""relation""]]]",1.0
2,3,position_fixed1,"[[[[[2,[""relation"",""relation""]],1],[[2,[""relation"",""relation""]],1],[[2,[""relation"",""relation""]],1],[[2,[""relation"",""relation""]],0]]],[2,[""entity"",""entity""]]]",1.0
2,3,position_fixed1,"[[[[[2,[""relation"",""relation""]],1],[[2,[""relation"",""relation""]],1],[[2,[""relation"",""relation""]],1],[[2,[""relation"",""relation""]],1]]],[2,[""entity"",""entity""]]]",1.0
2,3,position_fixed1,"[[[[[2,[""relation"",""relation""]],1],[[2,[""relation"",""relation""]],1],[[2,[""relation"",""relation""]],1]]],[2,[""relation"",""relation""]]]",1.0
2,3,position_fixed1,"[[[[[2,[""relation"",""relation""]],1],[[2,[""relation"",""relation""]],1]]],[2,[""relation"",""relation""]]]",1.0
2,3,position_fixed1,"[[[[[2,[""relation"",""relation""]],1]]],[2,[""relation"",""relation""]]]",1.0
2,3,position_fixed1,"[[[]],[1,[""entity""]]]",1.0
2,3,position_fixed1,"[[[]],[2,[""entity"",""entity""]]]",1.0
2,3,position_fixed1,"[[[]],[2,[""relation"",""relation""]]]",1.0
2,4,global_e01,"[[[[[2,[""relation"",""relation""]],0]]],[1,[""entity""]]]",1.598128747397326
2,4,global_e01,"[[[[[2,[""relation"",""relation""]],1],[[2,[""relation"",""relation""]],0],[[2,[""relation"",""relation""]],0],[[2,[""relation"",""relation""]],1]]],[2,[""entity"",""entity""]]]",0.11955759652268144
2,4,global_e01,"[[[[[2,[""relation"",""relation""]],1],[[2,[""relation"",""relation""]],0],[[2,[""relation"",""relation""]],0]]],[2,[""relation"",""relation""]]]",0.2882800963526063
2,4,global_e01,"[[[[[2,[""relation"",""relation""]],1],[[2,[""relation"",""relation""]],0],[[2,[""relation"",""relation""]],1],[[2,[""relation"",""relation""]],0]]],[2,[""entity"",""entity""]]]",0.2004682133859801
2,4,global_e01,"[[[[[2,[""relation"",""relation""]],1],[[2,[""relation"",""relation""]],0],[[2,[""relation"",""relation""]],1],[[2,[""relation"",""relation""]],1]]],[2,[""entity"",""entity""]]]",0.20209817378423098
2,4,global_e01,"[[[[[2,[""relation"",""relation""]],1],[[2,[""relation"",""relation""]],0],[[2,[""relation"",""relation""]],1]]],[2,[""relation"",""relation""]]]",0.2412286813485015
2,4,global_e01,"[[[[[2,[""relation"",""relation""]],1],[[2,[""relation"",""relation""]],0]]],[2,[""relation"",""relation""]]]",0.30454846629142274
2,4,global_e01,"[[[[[2,[""relation"",""relation""]],1],[[2,[""relation"",""relation""]],1],[[2,[""relation"",""relation""]],0],[[2,[""relation"",""relation""]],0]]],[2,[""entity"",""entity""]]]",0.20496501569399925
2,4,global_e01,"[[[[[2,[""relation"",""relation""]],1],[[2,[""relation"",""relation""]],1],[[2,[""relation"",""relation""]],0],[[2,[""relation"",""relation""]],1]]],[2,[""entity"",""entity""]]]",0.17840223491712048
2,4,global_e01,"[[[[[2,[""relation"",""relation""]],1],[[2,[""relation"",""relation""]],1],[[2,[""relation"",""relation""]],0]]],[2,[""relation"",""relation""]]]",0.29087827611760325
2,4,global_e01,"[[[[[2,[""relation"",""relation""]],1],[[2,[""relation"",""relation""]],1],[[2,[""relation"",""relation""]],1],[[2,[""relation"",""relation""]],0]]],[2,[""entity"",""entity""]]]",0.26928367872317494
2,4,global_e01,"[[[[[2,[""relation"",""relation""]],1],[[2,[""relation"",""relation""]],1],[[2,[""relation"",""relation""]],1],[[2,[""relation"",""relation""]],1]]],[2,[""entity"",""entity""]]]",0.2105539965111973
2,4,global_e01,"[[[[[2,[""relation"",""relation""]],1],[[2,[""relation"",""relation""]],1],[[2,[""relation"",""relation""]],1]]],[2,[""relation"",""relation""]]]",0.2785109817690972
2,4,global_e01,"[[[[[2,[""relation"",""relation""]],1],[[2,[""relation"",""relation""]],1]]],[2,[""relation"",""relation""]]]",0.2908618243033548
2,4,global_e01,"[[[[[2,[""relation"",""relation""]],1]]],[2,[""relation"",""relation""]]]",0.30454846629142274
2,4,global_e01,"[[[]],[1,[""entity""]]]",0.0
2,4,global_e01,"[[[]],[2,[""entity"",""entity""]]]",0.0
2,4,global_e01,"[[[]],[2,[""relation"",""relation""]]]",0.2970744653968064
2,4,global_e05,"[[[[[2,[""relation"",""relation""]],0]]],[1,[""entity""]]]",3.1315856019374206
2,4,global_e05,"[[[[[2,[""relation"",""relation""]],1],[[2,[""relation"",""relation""]],0],[[2,[""relation"",""relation""]],0],[[2,[""relation"",""relation""]],1]]],[2,[""entity"",""entity""]]]",0.3551977454529939
2,4,global_e05,"[[[[[2,[""relation"",""relation""]],1],[[2,[""relation"",""relation""]],0],[[2,[""relation"",""relation""]],0]]],[2,[""relation"",""relation""]]]",0.5913797215849635
2,4,global_e05,"[[[[[2,[""relation"",""relation""]],1],[[2,[""relation"",""relation""]],0],[[2,[""relation"",""relation""]],1],[[2,[""relation"",""relation""]],0]]],[2,[""entity"",""entity""]]]",0.02336677014911292
2,4,global_e05,"[[[[[2,[""relation"",""relation""]],1],[[2,[""relation"",""relation""]],0],[[2,[""relation"",""relation""]],1],[[2,[""relation"",""relation""]],1]]],[2,[""entity"",""entity""]]]",0.3590542846686964
2,4,global_e05,"[[[[[2,[""relation"",""relation""]],1],[[2,[""relation"",""relation""]],0],[[2,[""relation"",""relation""]],1]]],[2,[""relation"",""relation""]]]",0.2591736876035281
2,4,global_e05,"[[[[[2,[""relation"",""relation""]],1],[[2,[""relation"",""relation""]],0]]],[2,[""relation"",""relation""]]]",0.5918232873159971
2,4,global_e05,"[[[[[2,[""relation"",""relation""]],1],[[2,[""relation"",""relation""]],1],[[2,[""relation"",""relation""]],0],[[2,[""relation"",""relation""]],0]]],[2,[""entity"",""entity""]]]",0.5345869595594672
2,4,global_e05,"[[[[[2,[""relation"",""relation""]],1],[[2,[""relation"",""relation""]],1],[[2,[""relation"",""relation""]],0],[[2,[""relation"",""relation""]],1]]],[2,[""entity"",""entity""]]]",0.4995055473355753
2,4,global_e05,"[[[[[2,[""relation"",""relation""]],1],[[2,[""relation"",""relation""]],1],[[2,[""relation"",""relation""]],0]]],[2,[""relation"",""relation""]]]",0.5561018764687701
2,4,global_e05,"[[[[[2,[""relation"",""relation""]],1],[[2,[""relation"",""relation""]],1],[[2,[""relation"",""relation""]],1],[[2,[""relation"",""relation""]],0]]],[2,[""entity"",""entity""]]]",0.614340907359219
2,4,global_e05,"[[[[[2,[""relation"",""relation""]],1],[[2,[""relation"",""relation""]],1],[[2,[""relation"",""relation""]],1],[[2,[""relation"",""relation""]],1]]],[2,[""entity"",""entity""]]]",0.5334105542939006
2,4,global_e05,"[[[[[2,[""relation"",""relation""]],1],[[2,[""relation"",""relation""]],1],[[2,[""relation"",""relation""]],1]]],[2,[""relation"",""relation""]]]",0.5500008149125101
2,4,global_e05,"[[[[[2,[""relation"",""relation""]],1],[[2,[""relation"",""relation""]],1]]],[2,[""relation"",""relation""]]]",0.5561018764687701
2,4,global_e05,"[[[[[2,[""relation"",""relation""]],1]]],[2,[""relation"",""relation""]]]",0.5918232873159971
2,4,global_e05,"[[[]],[1,[""entity""]]]",0.0
2,4,global_e05,"[[[]],[2,[""entity"",""entity""]]]",0.0
2,4,global_e05,"[[[]],[2,[""relation"",""relation""]]]",0.5901971196090537
2,4,position_e01,"[[[[[2,[""relation"",""relation""]],0]]],[1,[""entity""]]]",1.4640982027457607
2,4,position_e01,"[[[[[2,[""relation"",""relation""]],1],[[2,[""relation"",""relation""]],0],[[2,[""relation"",""relation""]],0],[[2,[""relation"",""relation""]],1]]],[2,[""entity"",""entity""]]]",0.0
2,4,position_e01,"[[[[[2,[""relation"",""relation""]],1],[[2,[""relation"",""relation""]],0],[[2,[""relation"",""relation""]],0]]],[2,[""relation"",""relation""]]]",0.0
2,4,position_e01,"[[[[[2,[""relation"",""relation""]],1],[[2,[""relation"",""relation""]],0],[[2,[""relation"",""relation""]],1],[[2,[""relation"",""relation""]],0]]],[2,[""entity"",""entity""]]]",0.0
2,4,position_e01,"[[[[[2,[""relation"",""relation""]],1],[[2,[""relation"",""relation""]],0],[[2,[""relation"",""relation""]],1],[[2,[""relation"",""relation""]],1]]],[2,[""entity"",""entity""]]]",0.0
2,4,position_e01,"[[[[[2,[""relation"",""relation""]],1],[[2,[""relation"",""relation""]],0],[[2,[""relation"",""relation""]],1]]],[2,[""relation"",""relation""]]]",0.0
2,4,position_e01,"[[[[[2,[""relation"",""relation""]],1],[[2,[""relation"",""relation""]],0]]],[2,[""relation"",""relation""]]]",0.0
2,4,position_e01,"[[[[[2,[""relation"",""relation""]],1],[[2,[""relation"",""relation""]],1],[[2,[""relation"",""relation""]],0],[[2,[""relation"",""relation""]],0]]],[2,[""entity"",""entity""]]]",0.5722165532860952
2,4,position_e01,"[[[[[2,[""relation"",""relation""]],1],[[2,[""relation"",""relation""]],1],[[2,[""relation"",""relation""]],0],[[2,[""relation"",""relation""]],1]]],[2,[""entity"",""entity""]]]",0.6562705713386451
2,4,position_e01,"[[[[[2,[""relation"",""relation""]],1],[[2,[""relation"",""relation""]],1],[[2,[""relation"",""relation""]],0]]],[2,[""relation"",""relation""]]]",0.7939570163079187
2,4,position_e01,"[[[[[2,[""relation"",""relation""]],1],[[2,[""relation"",""relation""]],1],[[2,[""relation"",""relation""]],1],[[2,[""relation"",""relation""]],0]]],[2,[""entity"",""entity""]]]",0.6499820882026881
2,4,position_e01,"[[[[[2,[""relation"",""relation""]],1],[[2,[""relation"",""relation""]],1],[[2,[""relation"",""relation""]],1],[[2,[""relation"",""relation""]],1]]],[2,[""entity"",""entity""]]]",0.6422784169875546
2,4,position_e01,"[[[[[2,[""relation"",""relation""]],1],[[2,[""relation"",""relation""]],1],[[2,[""relation"",""relation""]],1]]],[2,[""relation"",""relation""]]]",0.7920787314513555
2,4,position_e01,"[[[[[2,[""relation"",""relation""]],1],[[2,[""relation"",""relation""]],1]]],[2,[""relation"",""relation""]]]",0.793455945626958
2,4,position_e01,"[[[[[2,[""relation"",""relation""]],1]]],[2,[""relation"",""relation""]]]",0.0
2,4,position_e01,"[[[]],[1,[""entity""]]]",0.0
2,4,position_e01,"[[[]],[2,[""entity"",""entity""]]]",0.0
2,4,position_e01,"[[[]],[2,[""relation"",""relation""]]]",0.0
2,4,position_e05,"[[[[[2,[""relation"",""relation""]],0]]],[1,[""entity""]]]",3.458604834773348
2,4,position_e05,"[[[[[2,[""relation"",""relation""]],1],[[2,[""relation"",""relation""]],0],[[2,[""relation"",""relation""]],0],[[2,[""relation"",""relation""]],1]]],[2,[""entity"",""entity""]]]",0.0
2,4,position_e05,"[[[[[2,[""relation"",""relation""]],1],[[2,[""relation"",""relation""]],0],[[2,[""relation"",""relation""]],0]]],[2,[""relation"",""relation""]]]",0.0
2,4,position_e05,"[[[[[2,[""relation"",""relation""]],1],[[2,[""relation"",""relation""]],0],[[2,[""relation"",""relation""]],1],[[2,[""relation"",""relation""]],0]]],[2,[""entity"",""entity""]]]",0.0
2,4,position_e05,"[[[[[2,[""relation"",""relation""]],1],[[2,[""relation"",""relation""]],0],[[2,[""relation"",""relation""]],1],[[2,[""relation"",""relation""]],1]]],[2,[""entity"",""entity""]]]",0.0
2,4,position_e05,"[[[[[2,[""relation"",""relation""]],1],[[2,[""relation"",""relation""]],0],[[2,[""relation"",""relation""]],1]]],[2,[""relation"",""relation""]]]",0.0
2,4,position_e05,"[[[[[2,[""relation"",""relation""]],1],[[2,[""relation"",""relation""]],0]]],[2,[""relation"",""relation""]]]",0.0
2,4,position_e05,"[[[[[2,[""relation"",""relation""]],1],[[2,[""relation"",""relation""]],1],[[2,[""relation"",""relation""]],0],[[2,[""relation"",""relation""]],0]]],[2,[""entity"",""entity""]]]",0.8798330391850886
2,4,position_e05,"[[[[[2,[""relation"",""relation""]],1],[[2,[""relation"",""relation""]],1],[[2,[""relation"",""relation""]],0],[[2,[""relation"",""relation""]],1]]],[2,[""entity"",""entity""]]]",1.1583375340832398
2,4,position_e05,"[[[[[2,[""relation"",""relation""]],1],[[2,[""relation"",""relation""]],1],[[2,[""relation"",""relation""]],0]]],[2,[""relation"",""relation""]]]",1.6221888211188642
2,4,position_e05,"[[[[[2,[""relation"",""relation""]],1],[[2,[""relation"",""relation""]],1],[[2,[""relation"",""relation""]],1],[[2,[""relation"",""relation""]],0]]],[2,[""entity"",""entity""]]]",1.1898638235111227
2,4,position_e05,"[[[[[2,[""relation"",""relation""]],1],[[2,[""relation"",""relation""]],1],[[2,[""relation"",""relation""]],1],[[2,[""relation"",""relation""]],1]]],[2,[""entity"",""entity""]]]",1.1499516249721424
2,4,position_e05,"[[[[[2,[""relation"",""relation""]],1],[[2,[""relation"",""relation""]],1],[[2,[""relation"",""relation""]],1]]],[2,[""relation"",""relation""]]]",1.6226870791564065
2,4,position_e05,"[[[[[2,[""relation"",""relation""]],1],[[2,[""relation"",""relation""]],1]]],[2,[""relation"",""relation""]]]",1.6214713052571856
2,4,position_e05,"[[[[[2,[""relation"",""relation""]],1]]],[2,[""relation"",""relation""]]]",0.0
2,4,position_e05,"[[[]],[1,[""entity""]]]",0.0
2,4,position_e05,"[[[]],[2,[""entity"",""entity""]]]",0.0
2,4,position_e05,"[[[]],[2,[""relation"",""relation""]]]",0.0
2,4,global_fixed1,"[[[[[2,[""relation"",""relation""]],0]]],[1,[""entity""]]]",1.0
2,4,global_fixed1,"[[[[[2,[""relation"",""relation""]],1],[[2,[""relation"",""relation""]],0],[[2,[""relation"",""relation""]],0],[[2,[""relation"",""relation""]],1]]],[2,[""entity"",""entity""]]]",1.0
2,4,global_fixed1,"[[[[[2,[""relation"",""relation""]],1],[[2,[""relation"",""relation""]],0],[[2,[""relation"",""relation""]],0]]],[2,[""relation"",""relation""]]]",1.0
2,4,global_fixed1,"[[[[[2,[""relation"",""relation""]],1],[[2,[""relation"",""relation""]],0],[[2,[""relation"",""relation""]],1],[[2,[""relation"",""relation""]],0]]],[2,[""entity"",""entity""]]]",1.0
2,4,global_fixed1,"[[[[[2,[""relation"",""relation""]],1],[[2,[""relation"",""relation""]],0],[[2,[""relation"",""relation""]],1],[[2,[""relation"",""relation""]],1]]],[2,[""entity"",""entity""]]]",1.0
2,4,global_fixed1,"[[[[[2,[""relation"",""relation""]],1],[[2,[""relation"",""relation""]],0],[[2,[""relation"",""relation""]],1]]],[2,[""relation"",""relation""]]]",1.0
2,4,global_fixed1,"[[[[[2,[""relation"",""relation""]],1],[[2,[""relation"",""relation""]],0]]],[2,[""relation"",""relation""]]]",1.0
2,4,global_fixed1,"[[[[[2,[""relation"",""relation""]],1],[[2,[""relation"",""relation""]],1],[[2,[""relation"",""relation""]],0],[[2,[""relation"",""relation""]],0]]],[2,[""entity"",""entity""]]]",1.0
2,4,global_fixed1,"[[[[[2,[""relation"",""relation""]],1],[[2,[""relation"",""relation""]],1],[[2,[""relation"",""relation""]],0],[[2,[""relation"",""relation""]],1]]],[2,[""entity"",""entity""]]]",1.0
2,4,global_fixed1,"[[[[[2,[""relation"",""relation""]],1],[[2,[""relation"",""relation""]],1],[[2,[""relation"",""relation""]],0]]],[2,[""relation"",""relation""]]]",1.0
2,4,global_fixed1,"[[[[[2,[""relation"",""relation""]],1],[[2,[""relation"",""relation""]],1],[[2,[""relation"",""relation""]],1],[[2,[""relation"",""relation""]],0]]],[2,[""entity"",""entity""]]]",1.0
2,4,global_fixed1,"[[[[[2,[""relation"",""relation""]],1],[[2,[""relation"",""relation""]],1],[[2,[""relation"",""relation""]],1],[[2,[""relation"",""relation""]],1]]],[2,[""entity"",""entity""]]]",1.0
2,4,global_fixed1,"[[[[[2,[""relation"",""relation""]],1],[[2,[""relation"",""relation""]],1],[[2,[""relation"",""relation""]],1]]],[2,[""relation"",""relation""]]]",1.0
2,4,global_fixed1,"[[[[[2,[""relation"",""relation""]],1],[[2,[""relation"",""relation""]],1]]],[2,[""relation"",""relation""]]]",1.0
2,4,global_fixed1,"[[[[[2,[""relation"",""relation""]],1]]],[2,[""relation"",""relation""]]]",1.0
2,4,global_fixed1,"[[[]],[1,[""entity""]]]",1.0
2,4,global_fixed1,"[[[]],[2,[""entity"",""entity""]]]",1.0
2,4,global_fixed1,"[[[]],[2,[""relation"",""relation""]]]",1.0
2,4,position_fixed1,"[[[[[2,[""relation"",""relation""]],0]]],[1,[""entity""]]]",1.0
2,4,position_fixed1,"[[[[[2,[""relation"",""relation""]],1],[[2,[""relation"",""relation""]],0],[[2,[""relation"",""relation""]],0],[[2,[""relation"",""relation""]],1]]],[2,[""entity"",""entity""]]]",1.0
2,4,position_fixed1,"[[[[[2,[""relation"",""relation""]],1],[[2,[""relation"",""relation""]],0],[[2,[""relation"",""relation""]],0]]],[2,[""relation"",""relation""]]]",1.0
2,4,position_fixed1,"[[[[[2,[""relation"",""relation""]],1],[[2,[""relation"",""relation""]],0],[[2,[""relation"",""relation""]],1],[[2,[""relation"",""relation""]],0]]],[2,[""entity"",""entity""]]]",1.0
2,4,position_fixed1,"[[[[[2,[""relation"",""relation""]],1],[[2,[""relation"",""relation""]],0],[[2,[""relation"",""relation""]],1],[[2,[""relation"",""relation""]],1]]],[2,[""entity"",""entity""]]]",1.0
2,4,position_fixed1,"[[[[[2,[""relation"",""relation""]],1],[[2,[""relation"",""relation""]],0],[[2,[""relation"",""relation""]],1]]],[2,[""relation"",""relation""]]]",1.0
2,4,position_fixed1,"[[[[[2,[""relation"",""relation""]],1],[[2,[""relation"",""relation""]],0]]],[2,[""relation"",""relation""]]]",1.0
2,4,position_fixed1,"[[[[[2,[""relation"",""relation""]],1],[[2,[""relation"",""relation""]],1],[[2,[""relation"",""relation""]],0],[[2,[""relation"",""relation""]],0]]],[2,[""entity"",""entity""]]]",1.0
2,4,position_fixed1,"[[[[[2,[""relation"",""relation""]],1],[[2,[""relation"",""relation""]],1],[[2,[""relation"",""relation""]],0],[[2,[""relation"",""relation""]],1]]],[2,[""entity"",""entity""]]]",1.0
2,4,position_fixed1,"[[[[[2,[""relation"",""relation""]],1],[[2,[""relation"",""relation""]],1],[[2,[""relation"",""relation""]],0]]],[2,[""relation"",""relation""]]]",1.0
2,4,position_fixed1,"[[[[[2,[""relation"",""relation""]],1],[[2,[""relation"",""relation""]],1],[[2,[""relation"",""relation""]],1],[[2,[""relation"",""relation""]],0]]],[2,[""entity"",""entity""]]]",1.0
2,4,position_fixed1,"[[[[[2,[""relation"",""relation""]],1],[[2,[""relation"",""relation""]],1],[[2,[""relation"",""relation""]],1],[[2,[""relation"",""relation""]],1]]],[2,[""entity"",""entity""]]]",1.0
2,4,position_fixed1,"[[[[[2,[""relation"",""relation""]],1],[[2,[""relation"",""relation""]],1],[[2,[""relation"",""relation""]],1]]],[2,[""relation"",""relation""]]]",1.0
2,4,position_fixed1,"[[[[[2,[""relation"",""relation""]],1],[[2,[""relation"",""relation""]],1]]],[2,[""relation"",""relation""]]]",1.0
2,4,position_fixed1,"[[[[[2,[""relation"",""relation""]],1]]],[2,[""relation"",""relation""]]]",1.0
2,4,position_fixed1,"[[[]],[1,[""entity""]]]",1.0
2,4,position_fixed1,"[[[]],[2,[""entity"",""entity""]]]",1.0
2,4,position_fixed1,"[[[]],[2,[""relation"",""relation""]]]",1.0
2,5,global_e01,"[[[[[2,[""relation"",""relation""]],0]]],[1,[""entity""]]]",1.6564074016366812
2,5,global_e01,"[[[[[2,[""relation"",""relation""]],1],[[2,[""relation"",""relation""]],0],[[2,[""relation"",""relation""]],0],[[2,[""relation"",""relation""]],1]]],[2,[""entity"",""entity""]]]",0.07606187287386995
2,5,global_e01,"[[[[[2,[""relation"",""relation""]],1],[[2,[""relation"",""relation""]],0],[[2,[""relation"",""relation""]],0]]],[2,[""relation"",""relation""]]]",0.3158487085659707
2,5,global_e01,"[[[[[2,[""relation"",""relation""]],1],[[2,[""relation"",""relation""]],0],[[2,[""relation"",""relation""]],1],[[2,[""relation"",""relation""]],0]]],[2,[""entity"",""entity""]]]",0.06159833165172424
2,5,global_e01,"[[[[[2,[""relation"",""relation""]],1],[[2,[""relation"",""relation""]],0],[[2,[""relation"",""relation""]],1],[[2,[""relation"",""relation""]],1]]],[2,[""entity"",""entity""]]]",0.15619610106964926
2,5,global_e01,"[[[[[2,[""relation"",""relation""]],1],[[2,[""relation"",""relation""]],0],[[2,[""relation"",""relation""]],1]]],[2,[""relation"",""relation""]]]",0.37974479760152635
2,5,global_e01,"[[[[[2,[""relation"",""relation""]],1],[[2,[""relation"",""relation""]],0]]],[2,[""relation"",""relation""]]]",0.2874673444566967
2,5,global_e01,"[[[[[2,[""relation"",""relation""]],1],[[2,[""relation"",""relation""]],1],[[2,[""relation"",""relation""]],0],[[2,[""relation"",""relation""]],0]]],[2,[""entity"",""entity""]]]",0.21452469403194374
2,5,global_e01,"[[[[[2,[""relation"",""relation""]],1],[[2,[""relation"",""relation""]],1],[[2,[""relation"",""relation""]],0],[[2,[""relation"",""relation""]],1]]],[2,[""entity"",""entity""]]]",0.30151636847584207
2,5,global_e01,"[[[[[2,[""relation"",""relation""]],1],[[2,[""relation"",""relation""]],1],[[2,[""relation"",""relation""]],0]]],[2,[""relation"",""relation""]]]",0.21547957126420322
2,5,global_e01,"[[[[[2,[""relation"",""relation""]],1],[[2,[""relation"",""relation""]],1],[[2,[""relation"",""relation""]],1],[[2,[""relation"",""relation""]],0]]],[2,[""entity"",""entity""]]]",0.2447259445259111
2,5,global_e01,"[[[[[2,[""relation"",""relation""]],1],[[2,[""relation"",""relation""]],1],[[2,[""relation"",""relation""]],1],[[2,[""relation"",""relation""]],1]]],[2,[""entity"",""entity""]]]",0.18330678327592223
2,5,global_e01,"[[[[[2,[""relation"",""relation""]],1],[[2,[""relation"",""relation""]],1],[[2,[""relation"",""relation""]],1]]],[2,[""relation"",""relation""]]]",0.2122860970321169
2,5,global_e01,"[[[[[2,[""relation"",""relation""]],1],[[2,[""relation"",""relation""]],1]]],[2,[""relation"",""relation""]]]",0.21547957126420322
2,5,global_e01,"[[[[[2,[""relation"",""relation""]],1]]],[2,[""relation"",""relation""]]]",0.2874673444566967
2,5,global_e01,"[[[]],[1,[""entity""]]]",0.0
2,5,global_e01,"[[[]],[2,[""entity"",""entity""]]]",0.0
2,5,global_e01,"[[[]],[2,[""relation"",""relation""]]]",0.2870008552024961
2,5,global_e05,"[[[[[2,[""relation"",""relation""]],0]]],[1,[""entity""]]]",2.880816457384086
2,5,global_e05,"[[[[[2,[""relation"",""relation""]],1],[[2,[""relation"",""relation""]],0],[[2,[""relation"",""relation""]],0],[[2,[""relation"",""relation""]],1]]],[2,[""entity"",""entity""]]]",0.22237106512334945
2,5,global_e05,"[[[[[2,[""relation"",""relation""]],1],[[2,[""relation"",""relation""]],0],[[2,[""relation"",""relation""]],0]]],[2,[""relation"",""relation""]]]",0.4671066613136521
2,5,global_e05,"[[[[[2,[""relation"",""relation""]],1],[[2,[""relation"",""relation""]],0],[[2,[""relation"",""relation""]],1],[[2,[""relation"",""relation""]],0]]],[2,[""entity"",""entity""]]]",0.15573825062025792
2,5,global_e05,"[[[[[2,[""relation"",""relation""]],1],[[2,[""relation"",""relation""]],0],[[2,[""relation"",""relation""]],1],[[2,[""relation"",""relation""]],1]]],[2,[""entity"",""entity""]]]",0.31888162187616026
2,5,global_e05,"[[[[[2,[""relation"",""relation""]],1],[[2,[""relation"",""relation""]],0],[[2,[""relation"",""relation""]],1]]],[2,[""relation"",""relation""]]]",0.4384197668702974
2,5,global_e05,"[[[[[2,[""relation"",""relation""]],1],[[2,[""relation"",""relation""]],0]]],[2,[""relation"",""relation""]]]",0.34245843773140927
2,5,global_e05,"[[[[[2,[""relation"",""relation""]],1],[[2,[""relation"",""relation""]],1],[[2,[""relation"",""relation""]],0],[[2,[""relation"",""relation""]],0]]],[2,[""entity"",""entity""]]]",0.35993464601872793
2,5,global_e05,"[[[[[2,[""relation"",""relation""]],1],[[2,[""relation"",""relation""]],1],[[2,[""relation"",""relation""]],0],[[2,[""relation"",""relation""]],1]]],[2,[""entity"",""entity""]]]",0.36246977303189437
2,5,global_e05,"[[[[[2,[""relation"",""relation""]],1],[[2,[""relation"",""relation""]],1],[[2,[""relation"",""relation""]],0]]],[2,[""relation"",""relation""]]]",0.3519419275821657
2,5,global_e05,"[[[[[2,[""relation"",""relation""]],1],[[2,[""relation"",""relation""]],1],[[2,[""relation"",""relation""]],1],[[2,[""relation"",""relation""]],0]]],[2,[""entity"",""entity""]]]",0.4695432638878605
2,5,global_e05,"[[[[[2,[""relation"",""relation""]],1],[[2,[""relation"",""relation""]],1],[[2,[""relation"",""relation""]],1],[[2,[""relation"",""relation""]],1]]],[2,[""entity"",""entity""]]]",0.36760267330629937
2,5,global_e05,"[[[[[2,[""relation"",""relation""]],1],[[2,[""relation"",""relation""]],1],[[2,[""relation"",""relation""]],1]]],[2,[""relation"",""relation""]]]",0.2735200600647046
2,5,global_e05,"[[[[[2,[""relation"",""relation""]],1],[[2,[""relation"",""relation""]],1]]],[2,[""relation"",""relation""]]]",0.3519419275821657
2,5,global_e05,"[[[[[2,[""relation"",""relation""]],1]]],[2,[""relation"",""relation""]]]",0.34245843773140927
2,5,global_e05,"[[[]],[1,[""entity""]]]",0.0
2,5,global_e05,"[[[]],[2,[""entity"",""entity""]]]",0.0
2,5,global_e05,"[[[]],[2,[""relation"",""relation""]]]",0.3423752883973281
2,5,position_e01,"[[[[[2,[""relation"",""relation""]],0]]],[1,[""entity""]]]",1.6456248480119726
2,5,position_e01,"[[[[[2,[""relation"",""relation""]],1],[[2,[""relation"",""relation""]],0],[[2,[""relation"",""relation""]],0],[[2,[""relation"",""relation""]],1]]],[2,[""entity"",""entity""]]]",0.0
2,5,position_e01,"[[[[[2,[""relation"",""relation""]],1],[[2,[""relation"",""relation""]],0],[[2,[""relation"",""relation""]],0]]],[2,[""relation"",""relation""]]]",0.0
2,5,position_e01,"[[[[[2,[""relation"",""relation""]],1],[[2,[""relation"",""relation""]],0],[[2,[""relation"",""relation""]],1],[[2,[""relation"",""relation""]],0]]],[2,[""entity"",""entity""]]]",0.0
2,5,position_e01,"[[[[[2,[""relation"",""relation""]],1],[[2,[""relation"",""relation""]],0],[[2,[""relation"",""relation""]],1],[[2,[""relation"",""relation""]],1]]],[2,[""entity"",""entity""]]]",0.0
2,5,position_e01,"[[[[[2,[""relation"",""relation""]],1],[[2,[""relation"",""relation""]],0],[[2,[""relation"",""relation""]],1]]],[2,[""relation"",""relation""]]]",0.0
2,5,position_e01,"[[[[[2,[""relation"",""relation""]],1],[[2,[""relation"",""relation""]],0]]],[2,[""relation"",""relation""]]]",0.0
2,5,position_e01,"[[[[[2,[""relation"",""relation""]],1],[[2,[""relation"",""relation""]],1],[[2,[""relation"",""relation""]],0],[[2,[""relation"",""relation""]],0]]],[2,[""entity"",""entity""]]]",0.5972574580779573
2,5,position_e01,"[[[[[2,[""relation"",""relation""]],1],[[2,[""relation"",""relation""]],1],[[2,[""relation"",""relation""]],0],[[2,[""relation"",""relation""]],1]]],[2,[""entity"",""entity""]]]",0.703896880175803
2,5,position_e01,"[[[[[2,[""relation"",""relation""]],1],[[2,[""relation"",""relation""]],1],[[2,[""relation"",""relation""]],0]]],[2,[""relation"",""relation""]]]",0.8091912068545083
2,5,position_e01,"[[[[[2,[""relation"",""relation""]],1],[[2,[""relation"",""relation""]],1],[[2,[""relation"",""relation""]],1],[[2,[""relation"",""relation""]],0]]],[2,[""entity"",""entity""]]]",0.6769215480783434
2,5,position_e01,"[[[[[2,[""relation"",""relation""]],1],[[2,[""relation"",""relation""]],1],[[2,[""relation"",""relation""]],1],[[2,[""relation"",""relation""]],1]]],[2,[""entity"",""entity""]]]",0.628802944242394
2,5,position_e01,"[[[[[2,[""relation"",""relation""]],1],[[2,[""relation"",""relation""]],1],[[2,[""relation"",""relation""]],1]]],[2,[""relation"",""relation""]]]",0.7971706467767473
2,5,position_e01,"[[[[[2,[""relation"",""relation""]],1],[[2,[""relation"",""relation""]],1]]],[2,[""relation"",""relation""]]]",0.7972890495354433
2,5,position_e01,"[[[[[2,[""relation"",""relation""]],1]]],[2,[""relation"",""relation""]]]",0.0
2,5,position_e01,"[[[]],[1,[""entity""]]]",0.0
2,5,position_e01,"[[[]],[2,[""entity"",""entity""]]]",0.0
2,5,position_e01,"[[[]],[2,[""relation"",""relation""]]]",0.0
2,5,position_e05,"[[[[[2,[""relation"",""relation""]],0]]],[1,[""entity""]]]",3.5775806296253414
2,5,position_e05,"[[[[[2,[""relation"",""relation""]],1],[[2,[""relation"",""relation""]],0],[[2,[""relation"",""relation""]],0],[[2,[""relation"",""relation""]],1]]],[2,[""entity"",""entity""]]]",0.0
2,5,position_e05,"[[[[[2,[""relation"",""relation""]],1],[[2,[""relation"",""relation""]],0],[[2,[""relation"",""relation""]],0]]],[2,[""relation"",""relation""]]]",0.0
2,5,position_e05,"[[[[[2,[""relation"",""relation""]],1],[[2,[""relation"",""relation""]],0],[[2,[""relation"",""relation""]],1],[[2,[""relation"",""relation""]],0]]],[2,[""entity"",""entity""]]]",0.0
2,5,position_e05,"[[[[[2,[""relation"",""relation""]],1],[[2,[""relation"",""relation""]],0],[[2,[""relation"",""relation""]],1],[[2,[""relation"",""relation""]],1]]],[2,[""entity"",""entity""]]]",0.0
2,5,position_e05,"[[[[[2,[""relation"",""relation""]],1],[[2,[""relation"",""relation""]],0],[[2,[""relation"",""relation""]],1]]],[2,[""relation"",""relation""]]]",0.0
2,5,position_e05,"[[[[[2,[""relation"",""relation""]],1],[[2,[""relation"",""relation""]],0]]],[2,[""relation"",""relation""]]]",0.0
2,5,position_e05,"[[[[[2,[""relation"",""relation""]],1],[[2,[""relation"",""relation""]],1],[[2,[""relation"",""relation""]],0],[[2,[""relation"",""relation""]],0]]],[2,[""entity"",""entity""]]]",0.8594167112928539
2,5,position_e05,"[[[[[2,[""relation"",""relation""]],1],[[2,[""relation"",""relation""]],1],[[2,[""relation"",""relation""]],0],[[2,[""relation"",""relation""]],1]]],[2,[""entity"",""entity""]]]",1.111250938439864
2,5,position_e05,"[[[[[2,[""relation"",""relation""]],1],[[2,[""relation"",""relation""]],1],[[2,[""relation"",""relation""]],0]]],[2,[""relation"",""relation""]]]",1.415003398553901
2,5,position_e05,"[[[[[2,[""relation"",""relation""]],1],[[2,[""relation"",""relation""]],1],[[2,[""relation"",""relation""]],1],[[2,[""relation"",""relation""]],0]]],[2,[""entity"",""entity""]]]",1.165932226064448
2,5,position_e05,"[[[[[2,[""relation"",""relation""]],1],[[2,[""relation"",""relation""]],1],[[2,[""relation"",""relation""]],1],[[2,[""relation"",""relation""]],1]]],[2,[""entity"",""entity""]]]",1.0803615997199372
2,5,position_e05,"[[[[[2,[""relation"",""relation""]],1],[[2,[""relation"",""relation""]],1],[[2,[""relation"",""relation""]],1]]],[2,[""relation"",""relation""]]]",1.4053065839851149
2,5,position_e05,"[[[[[2,[""relation"",""relation""]],1],[[2,[""relation"",""relation""]],1]]],[2,[""relation"",""relation""]]]",1.4014596246384645
2,5,position_e05,"[[[[[2,[""relation"",""relation""]],1]]],[2,[""relation"",""relation""]]]",0.0
2,5,position_e05,"[[[]],[1,[""entity""]]]",0.0
2,5,position_e05,"[[[]],[2,[""entity"",""entity""]]]",0.0
2,5,position_e05,"[[[]],[2,[""relation"",""relation""]]]",0.0
2,5,global_fixed1,"[[[[[2,[""relation"",""relation""]],0]]],[1,[""entity""]]]",1.0
2,5,global_fixed1,"[[[[[2,[""relation"",""relation""]],1],[[2,[""relation"",""relation""]],0],[[2,[""relation"",""relation""]],0],[[2,[""relation"",""relation""]],1]]],[2,[""entity"",""entity""]]]",1.0
2,5,global_fixed1,"[[[[[2,[""relation"",""relation""]],1],[[2,[""relation"",""relation""]],0],[[2,[""relation"",""relation""]],0]]],[2,[""relation"",""relation""]]]",1.0
2,5,global_fixed1,"[[[[[2,[""relation"",""relation""]],1],[[2,[""relation"",""relation""]],0],[[2,[""relation"",""relation""]],1],[[2,[""relation"",""relation""]],0]]],[2,[""entity"",""entity""]]]",1.0
2,5,global_fixed1,"[[[[[2,[""relation"",""relation""]],1],[[2,[""relation"",""relation""]],0],[[2,[""relation"",""relation""]],1],[[2,[""relation"",""relation""]],1]]],[2,[""entity"",""entity""]]]",1.0
2,5,global_fixed1,"[[[[[2,[""relation"",""relation""]],1],[[2,[""relation"",""relation""]],0],[[2,[""relation"",""relation""]],1]]],[2,[""relation"",""relation""]]]",1.0
2,5,global_fixed1,"[[[[[2,[""relation"",""relation""]],1],[[2,[""relation"",""relation""]],0]]],[2,[""relation"",""relation""]]]",1.0
2,5,global_fixed1,"[[[[[2,[""relation"",""relation""]],1],[[2,[""relation"",""relation""]],1],[[2,[""relation"",""relation""]],0],[[2,[""relation"",""relation""]],0]]],[2,[""entity"",""entity""]]]",1.0
2,5,global_fixed1,"[[[[[2,[""relation"",""relation""]],1],[[2,[""relation"",""relation""]],1],[[2,[""relation"",""relation""]],0],[[2,[""relation"",""relation""]],1]]],[2,[""entity"",""entity""]]]",1.0
2,5,global_fixed1,"[[[[[2,[""relation"",""relation""]],1],[[2,[""relation"",""relation""]],1],[[2,[""relation"",""relation""]],0]]],[2,[""relation"",""relation""]]]",1.0
2,5,global_fixed1,"[[[[[2,[""relation"",""relation""]],1],[[2,[""relation"",""relation""]],1],[[2,[""relation"",""relation""]],1],[[2,[""relation"",""relation""]],0]]],[2,[""entity"",""entity""]]]",1.0
2,5,global_fixed1,"[[[[[2,[""relation"",""relation""]],1],[[2,[""relation"",""relation""]],1],[[2,[""relation"",""relation""]],1],[[2,[""relation"",""relation""]],1]]],[2,[""entity"",""entity""]]]",1.0
2,5,global_fixed1,"[[[[[2,[""relation"",""relation""]],1],[[2,[""relation"",""relation""]],1],[[2,[""relation"",""relation""]],1]]],[2,[""relation"",""relation""]]]",1.0
2,5,global_fixed1,"[[[[[2,[""relation"",""relation""]],1],[[2,[""relation"",""relation""]],1]]],[2,[""relation"",""relation""]]]",1.0
2,5,global_fixed1,"[[[[[2,[""relation"",""relation""]],1]]],[2,[""relation"",""relation""]]]",1.0
2,5,global_fixed1,"[[[]],[1,[""entity""]]]",1.0
2,5,global_fixed1,"[[[]],[2,[""entity"",""entity""]]]",1.0
2,5,global_fixed1,"[[[]],[2,[""relation"",""relation""]]]",1.0
2,5,position_fixed1,"[[[[[2,[""relation"",""relation""]],0]]],[1,[""entity""]]]",1.0
2,5,position_fixed1,"[[[[[2,[""relation"",""relation""]],1],[[2,[""relation"",""relation""]],0],[[2,[""relation"",""relation""]],0],[[2,[""relation"",""relation""]],1]]],[2,[""entity"",""entity""]]]",1.0
2,5,position_fixed1,"[[[[[2,[""relation"",""relation""]],1],[[2,[""relation"",""relation""]],0],[[2,[""relation"",""relation""]],0]]],[2,[""relation"",""relation""]]]",1.0
2,5,position_fixed1,"[[[[[2,[""relation"",""relation""]],1],[[2,[""relation"",""relation""]],0],[[2,[""relation"",""relation""]],1],[[2,[""relation"",""relation""]],0]]],[2,[""entity"",""entity""]]]",1.0
2,5,position_fixed1,"[[[[[2,[""relation"",""relation""]],1],[[2,[""relation"",""relation""]],0],[[2,[""relation"",""relation""]],1],[[2,[""relation"",""relation""]],1]]],[2,[""entity"",""entity""]]]",1.0
2,5,position_fixed1,"[[[[[2,[""relation"",""relation""]],1],[[2,[""relation"",""relation""]],0],[[2,[""relation"",""relation""]],1]]],[2,[""relation"",""relation""]]]",1.0
2,5,position_fixed1,"[[[[[2,[""relation"",""relation""]],1],[[2,[""relation"",""relation""]],0]]],[2,[""relation"",""relation""]]]",1.0
2,5,position_fixed1,"[[[[[2,[""relation"",""relation""]],1],[[2,[""relation"",""relation""]],1],[[2,[""relation"",""relation""]],0],[[2,[""relation"",""relation""]],0]]],[2,[""entity"",""entity""]]]",1.0
2,5,position_fixed1,"[[[[[2,[""relation"",""relation""]],1],[[2,[""relation"",""relation""]],1],[[2,[""relation"",""relation""]],0],[[2,[""relation"",""relation""]],1]]],[2,[""entity"",""entity""]]]",1.0
2,5,position_fixed1,"[[[[[2,[""relation"",""relation""]],1],[[2,[""relation"",""relation""]],1],[[2,[""relation"",""relation""]],0]]],[2,[""relation"",""relation""]]]",1.0
2,5,position_fixed1,"[[[[[2,[""relation"",""relation""]],1],[[2,[""relation"",""relation""]],1],[[2,[""relation"",""relation""]],1],[[2,[""relation"",""relation""]],0]]],[2,[""entity"",""entity""]]]",1.0
2,5,position_fixed1,"[[[[[2,[""relation"",""relation""]],1],[[2,[""relation"",""relation""]],1],[[2,[""relation"",""relation""]],1],[[2,[""relation"",""relation""]],1]]],[2,[""entity"",""entity""]]]",1.0
2,5,position_fixed1,"[[[[[2,[""relation"",""relation""]],1],[[2,[""relation"",""relation""]],1],[[2,[""relation"",""relation""]],1]]],[2,[""relation"",""relation""]]]",1.0
2,5,position_fixed1,"[[[[[2,[""relation"",""relation""]],1],[[2,[""relation"",""relation""]],1]]],[2,[""relation"",""relation""]]]",1.0
2,5,position_fixed1,"[[[[[2,[""relation"",""relation""]],1]]],[2,[""relation"",""relation""]]]",1.0
2,5,position_fixed1,"[[[]],[1,[""entity""]]]",1.0
2,5,position_fixed1,"[[[]],[2,[""entity"",""entity""]]]",1.0
2,5,position_fixed1,"[[[]],[2,[""relation"",""relation""]]]",1.0
2,6,global_e01,"[[[[[2,[""relation"",""relation""]],0]]],[1,[""entity""]]]",1.4456011858204423
2,6,global_e01,"[[[[[2,[""relation"",""relation""]],1],[[2,[""relation"",""relation""]],0],[[2,[""relation"",""relation""]],0],[[2,[""relation"",""relation""]],1]]],[2,[""entity"",""entity""]]]",0.12473119538207114
2,6,global_e01,"[[[[[2,[""relation"",""relation""]],1],[[2,[""relation"",""relation""]],0],[[2,[""relation"",""relation""]],0]]],[2,[""relation"",""relation""]]]",0.3010809434252049
2,6,global_e01,"[[[[[2,[""relation"",""relation""]],1],[[2,[""relation"",""relation""]],0],[[2,[""relation"",""relation""]],1],[[2,[""relation"",""relation""]],0]]],[2,[""entity"",""entity""]]]",0.06855979674749992
2,6,global_e01,"[[[[[2,[""relation"",""relation""]],1],[[2,[""relation"",""relation""]],0],[[2,[""relation"",""relation""]],1],[[2,[""relation"",""relation""]],1]]],[2,[""entity"",""entity""]]]",0.060931902917268584
2,6,global_e01,"[[[[[2,[""relation"",""relation""]],1],[[2,[""relation"",""relation""]],0],[[2,[""relation"",""relation""]],1]]],[2,[""relation"",""relation""]]]",0.21744014773185158
2,6,global_e01,"[[[[[2,[""relation"",""relation""]],1],[[2,[""relation"",""relation""]],0]]],[2,[""relation"",""relation""]]]",0.2225374570648588
2,6,global_e01,"[[[[[2,[""relation"",""relation""]],1],[[2,[""relation"",""relation""]],1],[[2,[""relation"",""relation""]],0],[[2,[""relation"",""relation""]],0]]],[2,[""entity"",""entity""]]]",0.14871918414651908
2,6,global_e01,"[[[[[2,[""relation"",""relation""]],1],[[2,[""relation"",""relation""]],1],[[2,[""relation"",""relation""]],0],[[2,[""relation"",""relation""]],1]]],[2,[""entity"",""entity""]]]",0.1881085729029814
2,6,global_e01,"[[[[[2,[""relation"",""relation""]],1],[[2,[""relation"",""relation""]],1],[[2,[""relation"",""relation""]],0]]],[2,[""relation"",""relation""]]]",0.3070913834541232
2,6,global_e01,"[[[[[2,[""relation"",""relation""]],1],[[2,[""relation"",""relation""]],1],[[2,[""relation"",""relation""]],1],[[2,[""relation"",""relation""]],0]]],[2,[""entity"",""entity""]]]",0.13720762166945652
2,6,global_e01,"[[[[[2,[""relation"",""relation""]],1],[[2,[""relation"",""relation""]],1],[[2,[""relation"",""relation""]],1],[[2,[""relation"",""relation""]],1]]],[2,[""entity"",""entity""]]]",0.14080824189618205
2,6,global_e01,"[[[[[2,[""relation"",""relation""]],1],[[2,[""relation"",""relation""]],1],[[2,[""relation"",""relation""]],1]]],[2,[""relation"",""relation""]]]",0.17521736478528693
2,6,global_e01,"[[[[[2,[""relation"",""relation""]],1],[[2,[""relation"",""relation""]],1]]],[2,[""relation"",""relation""]]]",0.21419868403694983
2,6,global_e01,"[[[[[2,[""relation"",""relation""]],1]]],[2,[""relation"",""relation""]]]",0.2225374570648588
2,6,global_e01,"[[[]],[1,[""entity""]]]",0.0
2,6,global_e01,"[[[]],[2,[""entity"",""entity""]]]",0.0
2,6,global_e01,"[[[]],[2,[""relation"",""relation""]]]",0.22253521871278484
2,6,global_e05,"[[[[[2,[""relation"",""relation""]],0]]],[1,[""entity""]]]",2.580238598653108
2,6,global_e05,"[[[[[2,[""relation"",""relation""]],1],[[2,[""relation"",""relation""]],0],[[2,[""relation"",""relation""]],0],[[2,[""relation"",""relation""]],1]]],[2,[""entity"",""entity""]]]",0.09893194401201644
2,6,global_e05,"[[[[[2,[""relation"",""relation""]],1],[[2,[""relation"",""relation""]],0],[[2,[""relation"",""relation""]],0]]],[2,[""relation"",""relation""]]]",0.34524641750777985
2,6,global_e05,"[[[[[2,[""relation"",""relation""]],1],[[2,[""relation"",""relation""]],0],[[2,[""relation"",""relation""]],1],[[2,[""relation"",""relation""]],0]]],[2,[""entity"",""entity""]]]",0.2871832207286052
2,6,global_e05,"[[[[[2,[""relation"",""relation""]],1],[[2,[""relation"",""relation""]],0],[[2,[""relation"",""relation""]],1],[[2,[""relation"",""relation""]],1]]],[2,[""entity"",""entity""]]]",0.28709488083127066
2,6,global_e05,"[[[[[2,[""relation"",""relation""]],1],[[2,[""relation"",""relation""]],0],[[2,[""relation"",""relation""]],1]]],[2,[""relation"",""relation""]]]",0.34524641750777985
2,6,global_e05,"[[[[[2,[""relation"",""relation""]],1],[[2,[""relation"",""relation""]],0]]],[2,[""relation"",""relation""]]]",0.34524641750777985
2,6,global_e05,"[[[[[2,[""relation"",""relation""]],1],[[2,[""relation"",""relation""]],1],[[2,[""relation"",""relation""]],0],[[2,[""relation"",""relation""]],0]]],[2,[""entity"",""entity""]]]",0.43360462021541313
2,6,global_e05,"[[[[[2,[""relation"",""relation""]],1],[[2,[""relation"",""relation""]],1],[[2,[""relation"",""relation""]],0],[[2,[""relation"",""relation""]],1]]],[2,[""entity"",""entity""]]]",0.48683879498774374
2,6,global_e05,"[[[[[2,[""relation"",""relation""]],1],[[2,[""relation"",""relation""]],1],[[2,[""relation"",""relation""]],0]]],[2,[""relation"",""relation""]]]",0.44035369445083017
2,6,global_e05,"[[[[[2,[""relation"",""relation""]],1],[[2,[""relation"",""relation""]],1],[[2,[""relation"",""relation""]],1],[[2,[""relation"",""relation""]],0]]],[2,[""entity"",""entity""]]]",0.42746019903690446
2,6,global_e05,"[[[[[2,[""relation"",""relation""]],1],[[2,[""relation"",""relation""]],1],[[2,[""relation"",""relation""]],1],[[2,[""relation"",""relation""]],1]]],[2,[""entity"",""entity""]]]",0.4297198201249215
2,6,global_e05,"[[[[[2,[""relation"",""relation""]],1],[[2,[""relation"",""relation""]],1],[[2,[""relation"",""relation""]],1]]],[2,[""relation"",""relation""]]]",0.39351556457045656
2,6,global_e05,"[[[[[2,[""relation"",""relation""]],1],[[2,[""relation"",""relation""]],1]]],[2,[""relation"",""relation""]]]",0.39351556457045656
2,6,global_e05,"[[[[[2,[""relation"",""relation""]],1]]],[2,[""relation"",""relation""]]]",0.34524641750777985
2,6,global_e05,"[[[]],[1,[""entity""]]]",0.0
2,6,global_e05,"[[[]],[2,[""entity"",""entity""]]]",0.0
2,6,global_e05,"[[[]],[2,[""relation"",""relation""]]]",0.34524641750777985
2,6,position_e01,"[[[[[2,[""relation"",""relation""]],0]]],[1,[""entity""]]]",1.2756720940655202
2,6,position_e01,"[[[[[2,[""relation"",""relation""]],1],[[2,[""relation"",""relation""]],0],[[2,[""relation"",""relation""]],0],[[2,[""relation"",""relation""]],1]]],[2,[""entity"",""entity""]]]",0.0
2,6,position_e01,"[[[[[2,[""relation"",""relation""]],1],[[2,[""relation"",""relation""]],0],[[2,[""relation"",""relation""]],0]]],[2,[""relation"",""relation""]]]",0.0
2,6,position_e01,"[[[[[2,[""relation"",""relation""]],1],[[2,[""relation"",""relation""]],0],[[2,[""relation"",""relation""]],1],[[2,[""relation"",""relation""]],0]]],[2,[""entity"",""entity""]]]",0.0
2,6,position_e01,"[[[[[2,[""relation"",""relation""]],1],[[2,[""relation"",""relation""]],0],[[2,[""relation"",""relation""]],1],[[2,[""relation"",""relation""]],1]]],[2,[""entity"",""entity""]]]",0.0
2,6,position_e01,"[[[[[2,[""relation"",""relation""]],1],[[2,[""relation"",""relation""]],0],[[2,[""relation"",""relation""]],1]]],[2,[""relation"",""relation""]]]",0.0
2,6,position_e01,"[[[[[2,[""relation"",""relation""]],1],[[2,[""relation"",""relation""]],0]]],[2,[""relation"",""relation""]]]",0.0
2,6,position_e01,"[[[[[2,[""relation"",""relation""]],1],[[2,[""relation"",""relation""]],1],[[2,[""relation"",""relation""]],0],[[2,[""relation"",""relation""]],0]]],[2,[""entity"",""entity""]]]",0.7024187798474893
2,6,position_e01,"[[[[[2,[""relation"",""relation""]],1],[[2,[""relation"",""relation""]],1],[[2,[""relation"",""relation""]],0],[[2,[""relation"",""relation""]],1]]],[2,[""entity"",""entity""]]]",0.7245794445428068
2,6,position_e01,"[[[[[2,[""relation"",""relation""]],1],[[2,[""relation"",""relation""]],1],[[2,[""relation"",""relation""]],0]]],[2,[""relation"",""relation""]]]",0.8753844825065865
2,6,position_e01,"[[[[[2,[""relation"",""relation""]],1],[[2,[""relation"",""relation""]],1],[[2,[""relation"",""relation""]],1],[[2,[""relation"",""relation""]],0]]],[2,[""entity"",""entity""]]]",0.7168885587403239
2,6,position_e01,"[[[[[2,[""relation"",""relation""]],1],[[2,[""relation"",""relation""]],1],[[2,[""relation"",""relation""]],1],[[2,[""relation"",""relation""]],1]]],[2,[""entity"",""entity""]]]",0.5853064162161206
2,6,position_e01,"[[[[[2,[""relation"",""relation""]],1],[[2,[""relation"",""relation""]],1],[[2,[""relation"",""relation""]],1]]],[2,[""relation"",""relation""]]]",0.8110655249396339
2,6,position_e01,"[[[[[2,[""relation"",""relation""]],1],[[2,[""relation"",""relation""]],1]]],[2,[""relation"",""relation""]]]",0.8733998459708501
2,6,position_e01,"[[[[[2,[""relation"",""relation""]],1]]],[2,[""relation"",""relation""]]]",0.0
2,6,position_e01,"[[[]],[1,[""entity""]]]",0.0
2,6,position_e01,"[[[]],[2,[""entity"",""entity""]]]",0.0
2,6,position_e01,"[[[]],[2,[""relation"",""relation""]]]",0.0
2,6,position_e05,"[[[[[2,[""relation"",""relation""]],0]]],[1,[""entity""]]]",2.813098758980982
2,6,position_e05,"[[[[[2,[""relation"",""relation""]],1],[[2,[""relation"",""relation""]],0],[[2,[""relation"",""relation""]],0],[[2,[""relation"",""relation""]],1]]],[2,[""entity"",""entity""]]]",0.0
2,6,position_e05,"[[[[[2,[""relation"",""relation""]],1],[[2,[""relation"",""relation""]],0],[[2,[""relation"",""relation""]],0]]],[2,[""relation"",""relation""]]]",0.0
2,6,position_e05,"[[[[[2,[""relation"",""relation""]],1],[[2,[""relation"",""relation""]],0],[[2,[""relation"",""relation""]],1],[[2,[""relation"",""relation""]],0]]],[2,[""entity"",""entity""]]]",0.0
2,6,position_e05,"[[[[[2,[""relation"",""relation""]],1],[[2,[""relation"",""relation""]],0],[[2,[""relation"",""relation""]],1],[[2,[""relation"",""relation""]],1]]],[2,[""entity"",""entity""]]]",0.0
2,6,position_e05,"[[[[[2,[""relation"",""relation""]],1],[[2,[""relation"",""relation""]],0],[[2,[""relation"",""relation""]],1]]],[2,[""relation"",""relation""]]]",0.0
2,6,position_e05,"[[[[[2,[""relation"",""relation""]],1],[[2,[""relation"",""relation""]],0]]],[2,[""relation"",""relation""]]]",0.0
2,6,position_e05,"[[[[[2,[""relation"",""relation""]],1],[[2,[""relation"",""relation""]],1],[[2,[""relation"",""relation""]],0],[[2,[""relation"",""relation""]],0]]],[2,[""entity"",""entity""]]]",1.1404878152140305
2,6,position_e05,"[[[[[2,[""relation"",""relation""]],1],[[2,[""relation"",""relation""]],1],[[2,[""relation"",""relation""]],0],[[2,[""relation"",""relation""]],1]]],[2,[""entity"",""entity""]]]",1.1032116980354063
2,6,position_e05,"[[[[[2,[""relation"",""relation""]],1],[[2,[""relation"",""relation""]],1],[[2,[""relation"",""relation""]],0]]],[2,[""relation"",""relation""]]]",1.725471848484556
2,6,position_e05,"[[[[[2,[""relation"",""relation""]],1],[[2,[""relation"",""relation""]],1],[[2,[""relation"",""relation""]],1],[[2,[""relation"",""relation""]],0]]],[2,[""entity"",""entity""]]]",1.1077164679725235
2,6,position_e05,"[[[[[2,[""relation"",""relation""]],1],[[2,[""relation"",""relation""]],1],[[2,[""relation"",""relation""]],1],[[2,[""relation"",""relation""]],1]]],[2,[""entity"",""entity""]]]",0.6392823982601883
2,6,position_e05,"[[[[[2,[""relation"",""relation""]],1],[[2,[""relation"",""relation""]],1],[[2,[""relation"",""relation""]],1]]],[2,[""relation"",""relation""]]]",1.4644895635269324
2,6,position_e05,"[[[[[2,[""relation"",""relation""]],1],[[2,[""relation"",""relation""]],1]]],[2,[""relation"",""relation""]]]",1.6865194590860175
2,6,position_e05,"[[[[[2,[""relation"",""relation""]],1]]],[2,[""relation"",""relation""]]]",0.0
2,6,position_e05,"[[[]],[1,[""entity""]]]",0.0
2,6,position_e05,"[[[]],[2,[""entity"",""entity""]]]",0.0
2,6,position_e05,"[[[]],[2,[""relation"",""relation""]]]",0.0
2,6,global_fixed1,"[[[[[2,[""relation"",""relation""]],0]]],[1,[""entity""]]]",1.0
2,6,global_fixed1,"[[[[[2,[""relation"",""relation""]],1],[[2,[""relation"",""relation""]],0],[[2,[""relation"",""relation""]],0],[[2,[""relation"",""relation""]],1]]],[2,[""entity"",""entity""]]]",1.0
2,6,global_fixed1,"[[[[[2,[""relation"",""relation""]],1],[[2,[""relation"",""relation""]],0],[[2,[""relation"",""relation""]],0]]],[2,[""relation"",""relation""]]]",1.0
2,6,global_fixed1,"[[[[[2,[""relation"",""relation""]],1],[[2,[""relation"",""relation""]],0],[[2,[""relation"",""relation""]],1],[[2,[""relation"",""relation""]],0]]],[2,[""entity"",""entity""]]]",1.0
2,6,global_fixed1,"[[[[[2,[""relation"",""relation""]],1],[[2,[""relation"",""relation""]],0],[[2,[""relation"",""relation""]],1],[[2,[""relation"",""relation""]],1]]],[2,[""entity"",""entity""]]]",1.0
2,6,global_fixed1,"[[[[[2,[""relation"",""relation""]],1],[[2,[""relation"",""relation""]],0],[[2,[""relation"",""relation""]],1]]],[2,[""relation"",""relation""]]]",1.0
2,6,global_fixed1,"[[[[[2,[""relation"",""relation""]],1],[[2,[""relation"",""relation""]],0]]],[2,[""relation"",""relation""]]]",1.0
2,6,global_fixed1,"[[[[[2,[""relation"",""relation""]],1],[[2,[""relation"",""relation""]],1],[[2,[""relation"",""relation""]],0],[[2,[""relation"",""relation""]],0]]],[2,[""entity"",""entity""]]]",1.0
2,6,global_fixed1,"[[[[[2,[""relation"",""relation""]],1],[[2,[""relation"",""relation""]],1],[[2,[""relation"",""relation""]],0],[[2,[""relation"",""relation""]],1]]],[2,[""entity"",""entity""]]]",1.0
2,6,global_fixed1,"[[[[[2,[""relation"",""relation""]],1],[[2,[""relation"",""relation""]],1],[[2,[""relation"",""relation""]],0]]],[2,[""relation"",""relation""]]]",1.0
2,6,global_fixed1,"[[[[[2,[""relation"",""relation""]],1],[[2,[""relation"",""relation""]],1],[[2,[""relation"",""relation""]],1],[[2,[""relation"",""relation""]],0]]],[2,[""entity"",""entity""]]]",1.0
2,6,global_fixed1,"[[[[[2,[""relation"",""relation""]],1],[[2,[""relation"",""relation""]],1],[[2,[""relation"",""relation""]],1],[[2,[""relation"",""relation""]],1]]],[2,[""entity"",""entity""]]]",1.0
2,6,global_fixed1,"[[[[[2,[""relation"",""relation""]],1],[[2,[""relation"",""relation""]],1],[[2,[""relation"",""relation""]],1]]],[2,[""relation"",""relation""]]]",1.0
2,6,global_fixed1,"[[[[[2,[""relation"",""relation""]],1],[[2,[""relation"",""relation""]],1]]],[2,[""relation"",""relation""]]]",1.0
2,6,global_fixed1,"[[[[[2,[""relation"",""relation""]],1]]],[2,[""relation"",""relation""]]]",1.0
2,6,global_fixed1,"[[[]],[1,[""entity""]]]",1.0
2,6,global_fixed1,"[[[]],[2,[""entity"",""entity""]]]",1.0
2,6,global_fixed1,"[[[]],[2,[""relation"",""relation""]]]",1.0
2,6,position_fixed1,"[[[[[2,[""relation"",""relation""]],0]]],[1,[""entity""]]]",1.0
2,6,position_fixed1,"[[[[[2,[""relation"",""relation""]],1],[[2,[""relation"",""relation""]],0],[[2,[""relation"",""relation""]],0],[[2,[""relation"",""relation""]],1]]],[2,[""entity"",""entity""]]]",1.0
2,6,position_fixed1,"[[[[[2,[""relation"",""relation""]],1],[[2,[""relation"",""relation""]],0],[[2,[""relation"",""relation""]],0]]],[2,[""relation"",""relation""]]]",1.0
2,6,position_fixed1,"[[[[[2,[""relation"",""relation""]],1],[[2,[""relation"",""relation""]],0],[[2,[""relation"",""relation""]],1],[[2,[""relation"",""relation""]],0]]],[2,[""entity"",""entity""]]]",1.0
2,6,position_fixed1,"[[[[[2,[""relation"",""relation""]],1],[[2,[""relation"",""relation""]],0],[[2,[""relation"",""relation""]],1],[[2,[""relation"",""relation""]],1]]],[2,[""entity"",""entity""]]]",1.0
2,6,position_fixed1,"[[[[[2,[""relation"",""relation""]],1],[[2,[""relation"",""relation""]],0],[[2,[""relation"",""relation""]],1]]],[2,[""relation"",""relation""]]]",1.0
2,6,position_fixed1,"[[[[[2,[""relation"",""relation""]],1],[[2,[""relation"",""relation""]],0]]],[2,[""relation"",""relation""]]]",1.0
2,6,position_fixed1,"[[[[[2,[""relation"",""relation""]],1],[[2,[""relation"",""relation""]],1],[[2,[""relation"",""relation""]],0],[[2,[""relation"",""relation""]],0]]],[2,[""entity"",""entity""]]]",1.0
2,6,position_fixed1,"[[[[[2,[""relation"",""relation""]],1],[[2,[""relation"",""relation""]],1],[[2,[""relation"",""relation""]],0],[[2,[""relation"",""relation""]],1]]],[2,[""entity"",""entity""]]]",1.0
2,6,position_fixed1,"[[[[[2,[""relation"",""relation""]],1],[[2,[""relation"",""relation""]],1],[[2,[""relation"",""relation""]],0]]],[2,[""relation"",""relation""]]]",1.0
2,6,position_fixed1,"[[[[[2,[""relation"",""relation""]],1],[[2,[""relation"",""relation""]],1],[[2,[""relation"",""relation""]],1],[[2,[""relation"",""relation""]],0]]],[2,[""entity"",""entity""]]]",1.0
2,6,position_fixed1,"[[[[[2,[""relation"",""relation""]],1],[[2,[""relation"",""relation""]],1],[[2,[""relation"",""relation""]],1],[[2,[""relation"",""relation""]],1]]],[2,[""entity"",""entity""]]]",1.0
2,6,position_fixed1,"[[[[[2,[""relation"",""relation""]],1],[[2,[""relation"",""relation""]],1],[[2,[""relation"",""relation""]],1]]],[2,[""relation"",""relation""]]]",1.0
2,6,position_fixed1,"[[[[[2,[""relation"",""relation""]],1],[[2,[""relation"",""relation""]],1]]],[2,[""relation"",""relation""]]]",1.0
2,6,position_fixed1,"[[[[[2,[""relation"",""relation""]],1]]],[2,[""relation"",""relation""]]]",1.0
2,6,position_fixed1,"[[[]],[1,[""entity""]]]",1.0
2,6,position_fixed1,"[[[]],[2,[""entity"",""entity""]]]",1.0
2,6,position_fixed1,"[[[]],[2,[""relation"",""relation""]]]",1.0
2,7,global_e01,"[[[[[2,[""relation"",""relation""]],0]]],[1,[""entity""]]]",1.396505912693464
2,7,global_e01,"[[[[[2,[""relation"",""relation""]],1],[[2,[""relation"",""relation""]],0],[[2,[""relation"",""relation""]],0],[[2,[""relation"",""relation""]],1]]],[2,[""entity"",""entity""]]]",0.09575022933383148
2,7,global_e01,"[[[[[2,[""relation"",""relation""]],1],[[2,[""relation"",""relation""]],0],[[2,[""relation"",""relation""]],0]]],[2,[""relation"",""relation""]]]",0.1436592684583731
2,7,global_e01,"[[[[[2,[""relation"",""relation""]],1],[[2,[""relation"",""relation""]],0],[[2,[""relation"",""relation""]],1],[[2,[""relation"",""relation""]],0]]],[2,[""entity"",""entity""]]]",0.0
2,7,global_e01,"[[[[[2,[""relation"",""relation""]],1],[[2,[""relation"",""relation""]],0],[[2,[""relation"",""relation""]],1],[[2,[""relation"",""relation""]],1]]],[2,[""entity"",""entity""]]]",0.032811393262347444
2,7,global_e01,"[[[[[2,[""relation"",""relation""]],1],[[2,[""relation"",""relation""]],0],[[2,[""relation"",""relation""]],1]]],[2,[""relation"",""relation""]]]",0.1125492008173467
2,7,global_e01,"[[[[[2,[""relation"",""relation""]],1],[[2,[""relation"",""relation""]],0]]],[2,[""relation"",""relation""]]]",0.08514120292395755
2,7,global_e01,"[[[[[2,[""relation"",""relation""]],1],[[2,[""relation"",""relation""]],1],[[2,[""relation"",""relation""]],0],[[2,[""relation"",""relation""]],0]]],[2,[""entity"",""entity""]]]",0.10828246867857602
2,7,global_e01,"[[[[[2,[""relation"",""relation""]],1],[[2,[""relation"",""relation""]],1],[[2,[""relation"",""relation""]],0],[[2,[""relation"",""relation""]],1]]],[2,[""entity"",""entity""]]]",0.11637457885691532
2,7,global_e01,"[[[[[2,[""relation"",""relation""]],1],[[2,[""relation"",""relation""]],1],[[2,[""relation"",""relation""]],0]]],[2,[""relation"",""relation""]]]",0.1202940498219648
2,7,global_e01,"[[[[[2,[""relation"",""relation""]],1],[[2,[""relation"",""relation""]],1],[[2,[""relation"",""relation""]],1],[[2,[""relation"",""relation""]],0]]],[2,[""entity"",""entity""]]]",0.10278262367595328
2,7,global_e01,"[[[[[2,[""relation"",""relation""]],1],[[2,[""relation"",""relation""]],1],[[2,[""relation"",""relation""]],1],[[2,[""relation"",""relation""]],1]]],[2,[""entity"",""entity""]]]",0.12298422978670782
2,7,global_e01,"[[[[[2,[""relation"",""relation""]],1],[[2,[""relation"",""relation""]],1],[[2,[""relation"",""relation""]],1]]],[2,[""relation"",""relation""]]]",0.1202940498219648
2,7,global_e01,"[[[[[2,[""relation"",""relation""]],1],[[2,[""relation"",""relation""]],1]]],[2,[""relation"",""relation""]]]",0.1202940498219648
2,7,global_e01,"[[[[[2,[""relation"",""relation""]],1]]],[2,[""relation"",""relation""]]]",0.08514120292395755
2,7,global_e01,"[[[]],[1,[""entity""]]]",0.0
2,7,global_e01,"[[[]],[2,[""entity"",""entity""]]]",0.0
2,7,global_e01,"[[[]],[2,[""relation"",""relation""]]]",0.12037939136825665
2,7,global_e05,"[[[[[2,[""relation"",""relation""]],0]]],[1,[""entity""]]]",2.135275495924256
2,7,global_e05,"[[[[[2,[""relation"",""relation""]],1],[[2,[""relation"",""relation""]],0],[[2,[""relation"",""relation""]],0],[[2,[""relation"",""relation""]],1]]],[2,[""entity"",""entity""]]]",0.41945676069612414
2,7,global_e05,"[[[[[2,[""relation"",""relation""]],1],[[2,[""relation"",""relation""]],0],[[2,[""relation"",""relation""]],0]]],[2,[""relation"",""relation""]]]",0.12584431046239053
2,7,global_e05,"[[[[[2,[""relation"",""relation""]],1],[[2,[""relation"",""relation""]],0],[[2,[""relation"",""relation""]],1],[[2,[""relation"",""relation""]],0]]],[2,[""entity"",""entity""]]]",0.0
2,7,global_e05,"[[[[[2,[""relation"",""relation""]],1],[[2,[""relation"",""relation""]],0],[[2,[""relation"",""relation""]],1],[[2,[""relation"",""relation""]],1]]],[2,[""entity"",""entity""]]]",0.08127566037405964
2,7,global_e05,"[[[[[2,[""relation"",""relation""]],1],[[2,[""relation"",""relation""]],0],[[2,[""relation"",""relation""]],1]]],[2,[""relation"",""relation""]]]",0.12993916249851178
2,7,global_e05,"[[[[[2,[""relation"",""relation""]],1],[[2,[""relation"",""relation""]],0]]],[2,[""relation"",""relation""]]]",0.12584431046239053
2,7,global_e05,"[[[[[2,[""relation"",""relation""]],1],[[2,[""relation"",""relation""]],1],[[2,[""relation"",""relation""]],0],[[2,[""relation"",""relation""]],0]]],[2,[""entity"",""entity""]]]",0.20811874406661007
2,7,global_e05,"[[[[[2,[""relation"",""relation""]],1],[[2,[""relation"",""relation""]],1],[[2,[""relation"",""relation""]],0],[[2,[""relation"",""relation""]],1]]],[2,[""entity"",""entity""]]]",0.23185969469455192
2,7,global_e05,"[[[[[2,[""relation"",""relation""]],1],[[2,[""relation"",""relation""]],1],[[2,[""relation"",""relation""]],0]]],[2,[""relation"",""relation""]]]",0.2429673730096139
2,7,global_e05,"[[[[[2,[""relation"",""relation""]],1],[[2,[""relation"",""relation""]],1],[[2,[""relation"",""relation""]],1],[[2,[""relation"",""relation""]],0]]],[2,[""entity"",""entity""]]]",0.19490521078978118
2,7,global_e05,"[[[[[2,[""relation"",""relation""]],1],[[2,[""relation"",""relation""]],1],[[2,[""relation"",""relation""]],1],[[2,[""relation"",""relation""]],1]]],[2,[""entity"",""entity""]]]",0.2375460980106685
2,7,global_e05,"[[[[[2,[""relation"",""relation""]],1],[[2,[""relation"",""relation""]],1],[[2,[""relation"",""relation""]],1]]],[2,[""relation"",""relation""]]]",0.2429673730096139
2,7,global_e05,"[[[[[2,[""relation"",""relation""]],1],[[2,[""relation"",""relation""]],1]]],[2,[""relation"",""relation""]]]",0.2429673730096139
2,7,global_e05,"[[[[[2,[""relation"",""relation""]],1]]],[2,[""relation"",""relation""]]]",0.12584431046239053
2,7,global_e05,"[[[]],[1,[""entity""]]]",0.0
2,7,global_e05,"[[[]],[2,[""entity"",""entity""]]]",0.0
2,7,global_e05,"[[[]],[2,[""relation"",""relation""]]]",0.12584431046239053
2,7,position_e01,"[[[[[2,[""relation"",""relation""]],0]]],[1,[""entity""]]]",1.1528706921717187
2,7,position_e01,"[[[[[2,[""relation"",""relation""]],1],[[2,[""relation"",""relation""]],0],[[2,[""relation"",""relation""]],0],[[2,[""relation"",""relation""]],1]]],[2,[""entity"",""entity""]]]",0.0
2,7,position_e01,"[[[[[2,[""relation"",""relation""]],1],[[2,[""relation"",""relation""]],0],[[2,[""relation"",""relation""]],0]]],[2,[""relation"",""relation""]]]",0.0
2,7,position_e01,"[[[[[2,[""relation"",""relation""]],1],[[2,[""relation"",""relation""]],0],[[2,[""relation"",""relation""]],1],[[2,[""relation"",""relation""]],0]]],[2,[""entity"",""entity""]]]",0.0
2,7,position_e01,"[[[[[2,[""relation"",""relation""]],1],[[2,[""relation"",""relation""]],0],[[2,[""relation"",""relation""]],1],[[2,[""relation"",""relation""]],1]]],[2,[""entity"",""entity""]]]",0.0
2,7,position_e01,"[[[[[2,[""relation"",""relation""]],1],[[2,[""relation"",""relation""]],0],[[2,[""relation"",""relation""]],1]]],[2,[""relation"",""relation""]]]",0.0
2,7,position_e01,"[[[[[2,[""relation"",""relation""]],1],[[2,[""relation"",""relation""]],0]]],[2,[""relation"",""relation""]]]",0.0
2,7,position_e01,"[[[[[2,[""relation"",""relation""]],1],[[2,[""relation"",""relation""]],1],[[2,[""relation"",""relation""]],0],[[2,[""relation"",""relation""]],0]]],[2,[""entity"",""entity""]]]",0.4698600787039758
2,7,position_e01,"[[[[[2,[""relation"",""relation""]],1],[[2,[""relation"",""relation""]],1],[[2,[""relation"",""relation""]],0],[[2,[""relation"",""relation""]],1]]],[2,[""entity"",""entity""]]]",0.49929017347866117
2,7,position_e01,"[[[[[2,[""relation"",""relation""]],1],[[2,[""relation"",""relation""]],1],[[2,[""relation"",""relation""]],0]]],[2,[""relation"",""relation""]]]",0.5905569360794155
2,7,position_e01,"[[[[[2,[""relation"",""relation""]],1],[[2,[""relation"",""relation""]],1],[[2,[""relation"",""relation""]],1],[[2,[""relation"",""relation""]],0]]],[2,[""entity"",""entity""]]]",0.48909822686745813
2,7,position_e01,"[[[[[2,[""relation"",""relation""]],1],[[2,[""relation"",""relation""]],1],[[2,[""relation"",""relation""]],1],[[2,[""relation"",""relation""]],1]]],[2,[""entity"",""entity""]]]",0.4121614914191429
2,7,position_e01,"[[[[[2,[""relation"",""relation""]],1],[[2,[""relation"",""relation""]],1],[[2,[""relation"",""relation""]],1]]],[2,[""relation"",""relation""]]]",0.5642190753814248
2,7,position_e01,"[[[[[2,[""relation"",""relation""]],1],[[2,[""relation"",""relation""]],1]]],[2,[""relation"",""relation""]]]",0.6351530155745398
2,7,position_e01,"[[[[[2,[""relation"",""relation""]],1]]],[2,[""relation"",""relation""]]]",0.0
2,7,position_e01,"[[[]],[1,[""entity""]]]",0.0
2,7,position_e01,"[[[]],[2,[""entity"",""entity""]]]",0.0
2,7,position_e01,"[[[]],[2,[""relation"",""relation""]]]",0.0
2,7,position_e05,"[[[[[2,[""relation"",""relation""]],0]]],[1,[""entity""]]]",2.758633489574888
2,7,position_e05,"[[[[[2,[""relation"",""relation""]],1],[[2,[""relation"",""relation""]],0],[[2,[""relation"",""relation""]],0],[[2,[""relation"",""relation""]],1]]],[2,[""entity"",""entity""]]]",0.0
2,7,position_e05,"[[[[[2,[""relation"",""relation""]],1],[[2,[""relation"",""relation""]],0],[[2,[""relation"",""relation""]],0]]],[2,[""relation"",""relation""]]]",0.0
2,7,position_e05,"[[[[[2,[""relation"",""relation""]],1],[[2,[""relation"",""relation""]],0],[[2,[""relation"",""relation""]],1],[[2,[""relation"",""relation""]],0]]],[2,[""entity"",""entity""]]]",0.0
2,7,position_e05,"[[[[[2,[""relation"",""relation""]],1],[[2,[""relation"",""relation""]],0],[[2,[""relation"",""relation""]],1],[[2,[""relation"",""relation""]],1]]],[2,[""entity"",""entity""]]]",0.0
2,7,position_e05,"[[[[[2,[""relation"",""relation""]],1],[[2,[""relation"",""relation""]],0],[[2,[""relation"",""relation""]],1]]],[2,[""relation"",""relation""]]]",0.0
2,7,position_e05,"[[[[[2,[""relation"",""relation""]],1],[[2,[""relation"",""relation""]],0]]],[2,[""relation"",""relation""]]]",0.0
2,7,position_e05,"[[[[[2,[""relation"",""relation""]],1],[[2,[""relation"",""relation""]],1],[[2,[""relation"",""relation""]],0],[[2,[""relation"",""relation""]],0]]],[2,[""entity"",""entity""]]]",0.4665824046366175
2,7,position_e05,"[[[[[2,[""relation"",""relation""]],1],[[2,[""relation"",""relation""]],1],[[2,[""relation"",""relation""]],0],[[2,[""relation"",""relation""]],1]]],[2,[""entity"",""entity""]]]",0.4945403334501835
2,7,position_e05,"[[[[[2,[""relation"",""relation""]],1],[[2,[""relation"",""relation""]],1],[[2,[""relation"",""relation""]],0]]],[2,[""relation"",""relation""]]]",0.9501748957920428
2,7,position_e05,"[[[[[2,[""relation"",""relation""]],1],[[2,[""relation"",""relation""]],1],[[2,[""relation"",""relation""]],1],[[2,[""relation"",""relation""]],0]]],[2,[""entity"",""entity""]]]",0.4260791128730449
2,7,position_e05,"[[[[[2,[""relation"",""relation""]],1],[[2,[""relation"",""relation""]],1],[[2,[""relation"",""relation""]],1],[[2,[""relation"",""relation""]],1]]],[2,[""entity"",""entity""]]]",0.23445635659377556
2,7,position_e05,"[[[[[2,[""relation"",""relation""]],1],[[2,[""relation"",""relation""]],1],[[2,[""relation"",""relation""]],1]]],[2,[""relation"",""relation""]]]",0.8744442659588187
2,7,position_e05,"[[[[[2,[""relation"",""relation""]],1],[[2,[""relation"",""relation""]],1]]],[2,[""relation"",""relation""]]]",1.0775596076927496
2,7,position_e05,"[[[[[2,[""relation"",""relation""]],1]]],[2,[""relation"",""relation""]]]",0.0
2,7,position_e05,"[[[]],[1,[""entity""]]]",0.0
2,7,position_e05,"[[[]],[2,[""entity"",""entity""]]]",0.0
2,7,position_e05,"[[[]],[2,[""relation"",""relation""]]]",0.0
2,7,global_fixed1,"[[[[[2,[""relation"",""relation""]],0]]],[1,[""entity""]]]",1.0
2,7,global_fixed1,"[[[[[2,[""relation"",""relation""]],1],[[2,[""relation"",""relation""]],0],[[2,[""relation"",""relation""]],0],[[2,[""relation"",""relation""]],1]]],[2,[""entity"",""entity""]]]",1.0
2,7,global_fixed1,"[[[[[2,[""relation"",""relation""]],1],[[2,[""relation"",""relation""]],0],[[2,[""relation"",""relation""]],0]]],[2,[""relation"",""relation""]]]",1.0
2,7,global_fixed1,"[[[[[2,[""relation"",""relation""]],1],[[2,[""relation"",""relation""]],0],[[2,[""relation"",""relation""]],1],[[2,[""relation"",""relation""]],0]]],[2,[""entity"",""entity""]]]",1.0
2,7,global_fixed1,"[[[[[2,[""relation"",""relation""]],1],[[2,[""relation"",""relation""]],0],[[2,[""relation"",""relation""]],1],[[2,[""relation"",""relation""]],1]]],[2,[""entity"",""entity""]]]",1.0
2,7,global_fixed1,"[[[[[2,[""relation"",""relation""]],1],[[2,[""relation"",""relation""]],0],[[2,[""relation"",""relation""]],1]]],[2,[""relation"",""relation""]]]",1.0
2,7,global_fixed1,"[[[[[2,[""relation"",""relation""]],1],[[2,[""relation"",""relation""]],0]]],[2,[""relation"",""relation""]]]",1.0
2,7,global_fixed1,"[[[[[2,[""relation"",""relation""]],1],[[2,[""relation"",""relation""]],1],[[2,[""relation"",""relation""]],0],[[2,[""relation"",""relation""]],0]]],[2,[""entity"",""entity""]]]",1.0
2,7,global_fixed1,"[[[[[2,[""relation"",""relation""]],1],[[2,[""relation"",""relation""]],1],[[2,[""relation"",""relation""]],0],[[2,[""relation"",""relation""]],1]]],[2,[""entity"",""entity""]]]",1.0
2,7,global_fixed1,"[[[[[2,[""relation"",""relation""]],1],[[2,[""relation"",""relation""]],1],[[2,[""relation"",""relation""]],0]]],[2,[""relation"",""relation""]]]",1.0
2,7,global_fixed1,"[[[[[2,[""relation"",""relation""]],1],[[2,[""relation"",""relation""]],1],[[2,[""relation"",""relation""]],1],[[2,[""relation"",""relation""]],0]]],[2,[""entity"",""entity""]]]",1.0
2,7,global_fixed1,"[[[[[2,[""relation"",""relation""]],1],[[2,[""relation"",""relation""]],1],[[2,[""relation"",""relation""]],1],[[2,[""relation"",""relation""]],1]]],[2,[""entity"",""entity""]]]",1.0
2,7,global_fixed1,"[[[[[2,[""relation"",""relation""]],1],[[2,[""relation"",""relation""]],1],[[2,[""relation"",""relation""]],1]]],[2,[""relation"",""relation""]]]",1.0
2,7,global_fixed1,"[[[[[2,[""relation"",""relation""]],1],[[2,[""relation"",""relation""]],1]]],[2,[""relation"",""relation""]]]",1.0
2,7,global_fixed1,"[[[[[2,[""relation"",""relation""]],1]]],[2,[""relation"",""relation""]]]",1.0
2,7,global_fixed1,"[[[]],[1,[""entity""]]]",1.0
2,7,global_fixed1,"[[[]],[2,[""entity"",""entity""]]]",1.0
2,7,global_fixed1,"[[[]],[2,[""relation"",""relation""]]]",1.0
2,7,position_fixed1,"[[[[[2,[""relation"",""relation""]],0]]],[1,[""entity""]]]",1.0
2,7,position_fixed1,"[[[[[2,[""relation"",""relation""]],1],[[2,[""relation"",""relation""]],0],[[2,[""relation"",""relation""]],0],[[2,[""relation"",""relation""]],1]]],[2,[""entity"",""entity""]]]",1.0
2,7,position_fixed1,"[[[[[2,[""relation"",""relation""]],1],[[2,[""relation"",""relation""]],0],[[2,[""relation"",""relation""]],0]]],[2,[""relation"",""relation""]]]",1.0
2,7,position_fixed1,"[[[[[2,[""relation"",""relation""]],1],[[2,[""relation"",""relation""]],0],[[2,[""relation"",""relation""]],1],[[2,[""relation"",""relation""]],0]]],[2,[""entity"",""entity""]]]",1.0
2,7,position_fixed1,"[[[[[2,[""relation"",""relation""]],1],[[2,[""relation"",""relation""]],0],[[2,[""relation"",""relation""]],1],[[2,[""relation"",""relation""]],1]]],[2,[""entity"",""entity""]]]",1.0
2,7,position_fixed1,"[[[[[2,[""relation"",""relation""]],1],[[2,[""relation"",""relation""]],0],[[2,[""relation"",""relation""]],1]]],[2,[""relation"",""relation""]]]",1.0
2,7,position_fixed1,"[[[[[2,[""relation"",""relation""]],1],[[2,[""relation"",""relation""]],0]]],[2,[""relation"",""relation""]]]",1.0
2,7,position_fixed1,"[[[[[2,[""relation"",""relation""]],1],[[2,[""relation"",""relation""]],1],[[2,[""relation"",""relation""]],0],[[2,[""relation"",""relation""]],0]]],[2,[""entity"",""entity""]]]",1.0
2,7,position_fixed1,"[[[[[2,[""relation"",""relation""]],1],[[2,[""relation"",""relation""]],1],[[2,[""relation"",""relation""]],0],[[2,[""relation"",""relation""]],1]]],[2,[""entity"",""entity""]]]",1.0
2,7,position_fixed1,"[[[[[2,[""relation"",""relation""]],1],[[2,[""relation"",""relation""]],1],[[2,[""relation"",""relation""]],0]]],[2,[""relation"",""relation""]]]",1.0
2,7,position_fixed1,"[[[[[2,[""relation"",""relation""]],1],[[2,[""relation"",""relation""]],1],[[2,[""relation"",""relation""]],1],[[2,[""relation"",""relation""]],0]]],[2,[""entity"",""entity""]]]",1.0
2,7,position_fixed1,"[[[[[2,[""relation"",""relation""]],1],[[2,[""relation"",""relation""]],1],[[2,[""relation"",""relation""]],1],[[2,[""relation"",""relation""]],1]]],[2,[""entity"",""entity""]]]",1.0
2,7,position_fixed1,"[[[[[2,[""relation"",""relation""]],1],[[2,[""relation"",""relation""]],1],[[2,[""relation"",""relation""]],1]]],[2,[""relation"",""relation""]]]",1.0
2,7,position_fixed1,"[[[[[2,[""relation"",""relation""]],1],[[2,[""relation"",""relation""]],1]]],[2,[""relation"",""relation""]]]",1.0
2,7,position_fixed1,"[[[[[2,[""relation"",""relation""]],1]]],[2,[""relation"",""relation""]]]",1.0
2,7,position_fixed1,"[[[]],[1,[""entity""]]]",1.0
2,7,position_fixed1,"[[[]],[2,[""entity"",""entity""]]]",1.0
2,7,position_fixed1,"[[[]],[2,[""relation"",""relation""]]]",1.0
2,8,global_e01,"[[[[[2,[""relation"",""relation""]],0]]],[1,[""entity""]]]",1.2839824811255567
2,8,global_e01,"[[[[[2,[""relation"",""relation""]],1],[[2,[""relation"",""relation""]],0],[[2,[""relation"",""relation""]],0],[[2,[""relation"",""relation""]],1]]],[2,[""entity"",""entity""]]]",0.13040291398632395
2,8,global_e01,"[[[[[2,[""relation"",""relation""]],1],[[2,[""relation"",""relation""]],0],[[2,[""relation"",""relation""]],0]]],[2,[""relation"",""relation""]]]",0.39659456134321125
2,8,global_e01,"[[[[[2,[""relation"",""relation""]],1],[[2,[""relation"",""relation""]],0],[[2,[""relation"",""relation""]],1],[[2,[""relation"",""relation""]],0]]],[2,[""entity"",""entity""]]]",0.0
2,8,global_e01,"[[[[[2,[""relation"",""relation""]],1],[[2,[""relation"",""relation""]],0],[[2,[""relation"",""relation""]],1],[[2,[""relation"",""relation""]],1]]],[2,[""entity"",""entity""]]]",0.19447589058618198
2,8,global_e01,"[[[[[2,[""relation"",""relation""]],1],[[2,[""relation"",""relation""]],0],[[2,[""relation"",""relation""]],1]]],[2,[""relation"",""relation""]]]",0.27689512852623355
2,8,global_e01,"[[[[[2,[""relation"",""relation""]],1],[[2,[""relation"",""relation""]],0]]],[2,[""relation"",""relation""]]]",0.25981193318465334
2,8,global_e01,"[[[[[2,[""relation"",""relation""]],1],[[2,[""relation"",""relation""]],1],[[2,[""relation"",""relation""]],0],[[2,[""relation"",""relation""]],0]]],[2,[""entity"",""entity""]]]",0.24579982067489578
2,8,global_e01,"[[[[[2,[""relation"",""relation""]],1],[[2,[""relation"",""relation""]],1],[[2,[""relation"",""relation""]],0],[[2,[""relation"",""relation""]],1]]],[2,[""entity"",""entity""]]]",0.2413584166413417
2,8,global_e01,"[[[[[2,[""relation"",""relation""]],1],[[2,[""relation"",""relation""]],1],[[2,[""relation"",""relation""]],0]]],[2,[""relation"",""relation""]]]",0.31275362286078756
2,8,global_e01,"[[[[[2,[""relation"",""relation""]],1],[[2,[""relation"",""relation""]],1],[[2,[""relation"",""relation""]],1],[[2,[""relation"",""relation""]],0]]],[2,[""entity"",""entity""]]]",0.2611309877138097
2,8,global_e01,"[[[[[2,[""relation"",""relation""]],1],[[2,[""relation"",""relation""]],1],[[2,[""relation"",""relation""]],1],[[2,[""relation"",""relation""]],1]]],[2,[""entity"",""entity""]]]",0.20105624506415226
2,8,global_e01,"[[[[[2,[""relation"",""relation""]],1],[[2,[""relation"",""relation""]],1],[[2,[""relation"",""relation""]],1]]],[2,[""relation"",""relation""]]]",0.27080408594033395
2,8,global_e01,"[[[[[2,[""relation"",""relation""]],1],[[2,[""relation"",""relation""]],1]]],[2,[""relation"",""relation""]]]",0.27080408594033395
2,8,global_e01,"[[[[[2,[""relation"",""relation""]],1]]],[2,[""relation"",""relation""]]]",0.25981193318465334
2,8,global_e01,"[[[]],[1,[""entity""]]]",0.0
2,8,global_e01,"[[[]],[2,[""entity"",""entity""]]]",0.0
2,8,global_e01,"[[[]],[2,[""relation"",""relation""]]]",0.2514509930649941
2,8,global_e05,"[[[[[2,[""relation"",""relation""]],0]]],[1,[""entity""]]]",2.210323404478416
2,8,global_e05,"[[[[[2,[""relation"",""relation""]],1],[[2,[""relation"",""relation""]],0],[[2,[""relation"",""relation""]],0],[[2,[""relation"",""relation""]],1]]],[2,[""entity"",""entity""]]]",0.22700453121290645
2,8,global_e05,"[[[[[2,[""relation"",""relation""]],1],[[2,[""relation"",""relation""]],0],[[2,[""relation"",""relation""]],0]]],[2,[""relation"",""relation""]]]",0.37052902452199843
2,8,global_e05,"[[[[[2,[""relation"",""relation""]],1],[[2,[""relation"",""relation""]],0],[[2,[""relation"",""relation""]],1],[[2,[""relation"",""relation""]],0]]],[2,[""entity"",""entity""]]]",0.0
2,8,global_e05,"[[[[[2,[""relation"",""relation""]],1],[[2,[""relation"",""relation""]],0],[[2,[""relation"",""relation""]],1],[[2,[""relation"",""relation""]],1]]],[2,[""entity"",""entity""]]]",0.4085882034520416
2,8,global_e05,"[[[[[2,[""relation"",""relation""]],1],[[2,[""relation"",""relation""]],0],[[2,[""relation"",""relation""]],1]]],[2,[""relation"",""relation""]]]",0.4222590877043585
2,8,global_e05,"[[[[[2,[""relation"",""relation""]],1],[[2,[""relation"",""relation""]],0]]],[2,[""relation"",""relation""]]]",0.3746860692696037
2,8,global_e05,"[[[[[2,[""relation"",""relation""]],1],[[2,[""relation"",""relation""]],1],[[2,[""relation"",""relation""]],0],[[2,[""relation"",""relation""]],0]]],[2,[""entity"",""entity""]]]",0.26742976513502814
2,8,global_e05,"[[[[[2,[""relation"",""relation""]],1],[[2,[""relation"",""relation""]],1],[[2,[""relation"",""relation""]],0],[[2,[""relation"",""relation""]],1]]],[2,[""entity"",""entity""]]]",0.399569026951903
2,8,global_e05,"[[[[[2,[""relation"",""relation""]],1],[[2,[""relation"",""relation""]],1],[[2,[""relation"",""relation""]],0]]],[2,[""relation"",""relation""]]]",0.5109033408135221
2,8,global_e05,"[[[[[2,[""relation"",""relation""]],1],[[2,[""relation"",""relation""]],1],[[2,[""relation"",""relation""]],1],[[2,[""relation"",""relation""]],0]]],[2,[""entity"",""entity""]]]",0.4195264108463106
2,8,global_e05,"[[[[[2,[""relation"",""relation""]],1],[[2,[""relation"",""relation""]],1],[[2,[""relation"",""relation""]],1],[[2,[""relation"",""relation""]],1]]],[2,[""entity"",""entity""]]]",0.3234612070034914
2,8,global_e05,"[[[[[2,[""relation"",""relation""]],1],[[2,[""relation"",""relation""]],1],[[2,[""relation"",""relation""]],1]]],[2,[""relation"",""relation""]]]",0.4460411109128595
2,8,global_e05,"[[[[[2,[""relation"",""relation""]],1],[[2,[""relation"",""relation""]],1]]],[2,[""relation"",""relation""]]]",0.4460411109128595
2,8,global_e05,"[[[[[2,[""relation"",""relation""]],1]]],[2,[""relation"",""relation""]]]",0.3746860692696037
2,8,global_e05,"[[[]],[1,[""entity""]]]",0.0
2,8,global_e05,"[[[]],[2,[""entity"",""entity""]]]",0.0
2,8,global_e05,"[[[]],[2,[""relation"",""relation""]]]",0.37473798003288405
2,8,position_e01,"[[[[[2,[""relation"",""relation""]],0]]],[1,[""entity""]]]",1.1346204225729104
2,8,position_e01,"[[[[[2,[""relation"",""relation""]],1],[[2,[""relation"",""relation""]],0],[[2,[""relation"",""relation""]],0],[[2,[""relation"",""relation""]],1]]],[2,[""entity"",""entity""]]]",0.0
2,8,position_e01,"[[[[[2,[""relation"",""relation""]],1],[[2,[""relation"",""relation""]],0],[[2,[""relation"",""relation""]],0]]],[2,[""relation"",""relation""]]]",0.0
2,8,position_e01,"[[[[[2,[""relation"",""relation""]],1],[[2,[""relation"",""relation""]],0],[[2,[""relation"",""relation""]],1],[[2,[""relation"",""relation""]],0]]],[2,[""entity"",""entity""]]]",0.0
2,8,position_e01,"[[[[[2,[""relation"",""relation""]],1],[[2,[""relation"",""relation""]],0],[[2,[""relation"",""relation""]],1],[[2,[""relation"",""relation""]],1]]],[2,[""entity"",""entity""]]]",0.0
2,8,position_e01,"[[[[[2,[""relation"",""relation""]],1],[[2,[""relation"",""relation""]],0],[[2,[""relation"",""relation""]],1]]],[2,[""relation"",""relation""]]]",0.0
2,8,position_e01,"[[[[[2,[""relation"",""relation""]],1],[[2,[""relation"",""relation""]],0]]],[2,[""relation"",""relation""]]]",0.0
2,8,position_e01,"[[[[[2,[""relation"",""relation""]],1],[[2,[""relation"",""relation""]],1],[[2,[""relation"",""relation""]],0],[[2,[""relation"",""relation""]],0]]],[2,[""entity"",""entity""]]]",0.619042306511371
2,8,position_e01,"[[[[[2,[""relation"",""relation""]],1],[[2,[""relation"",""relation""]],1],[[2,[""relation"",""relation""]],0],[[2,[""relation"",""relation""]],1]]],[2,[""entity"",""entity""]]]",0.5953061431464403
2,8,position_e01,"[[[[[2,[""relation"",""relation""]],1],[[2,[""relation"",""relation""]],1],[[2,[""relation"",""relation""]],0]]],[2,[""relation"",""relation""]]]",0.7375548931275101
2,8,position_e01,"[[[[[2,[""relation"",""relation""]],1],[[2,[""relation"",""relation""]],1],[[2,[""relation"",""relation""]],1],[[2,[""relation"",""relation""]],0]]],[2,[""entity"",""entity""]]]",0.6378411572616285
2,8,position_e01,"[[[[[2,[""relation"",""relation""]],1],[[2,[""relation"",""relation""]],1],[[2,[""relation"",""relation""]],1],[[2,[""relation"",""relation""]],1]]],[2,[""entity"",""entity""]]]",0.6098233605987707
2,8,position_e01,"[[[[[2,[""relation"",""relation""]],1],[[2,[""relation"",""relation""]],1],[[2,[""relation"",""relation""]],1]]],[2,[""relation"",""relation""]]]",0.7301592058863685
2,8,position_e01,"[[[[[2,[""relation"",""relation""]],1],[[2,[""relation"",""relation""]],1]]],[2,[""relation"",""relation""]]]",0.727795581634372
2,8,position_e01,"[[[[[2,[""relation"",""relation""]],1]]],[2,[""relation"",""relation""]]]",0.0
2,8,position_e01,"[[[]],[1,[""entity""]]]",0.0
2,8,position_e01,"[[[]],[2,[""entity"",""entity""]]]",0.0
2,8,position_e01,"[[[]],[2,[""relation"",""relation""]]]",0.0
2,8,position_e05,"[[[[[2,[""relation"",""relation""]],0]]],[1,[""entity""]]]",2.8768987297297017
2,8,position_e05,"[[[[[2,[""relation"",""relation""]],1],[[2,[""relation"",""relation""]],0],[[2,[""relation"",""relation""]],0],[[2,[""relation"",""relation""]],1]]],[2,[""entity"",""entity""]]]",0.0
2,8,position_e05,"[[[[[2,[""relation"",""relation""]],1],[[2,[""relation"",""relation""]],0],[[2,[""relation"",""relation""]],0]]],[2,[""relation"",""relation""]]]",0.0
2,8,position_e05,"[[[[[2,[""relation"",""relation""]],1],[[2,[""relation"",""relation""]],0],[[2,[""relation"",""relation""]],1],[[2,[""relation"",""relation""]],0]]],[2,[""entity"",""entity""]]]",0.0
2,8,position_e05,"[[[[[2,[""relation"",""relation""]],1],[[2,[""relation"",""relation""]],0],[[2,[""relation"",""relation""]],1],[[2,[""relation"",""relation""]],1]]],[2,[""entity"",""entity""]]]",0.0
2,8,position_e05,"[[[[[2,[""relation"",""relation""]],1],[[2,[""relation"",""relation""]],0],[[2,[""relation"",""relation""]],1]]],[2,[""relation"",""relation""]]]",0.0
2,8,position_e05,"[[[[[2,[""relation"",""relation""]],1],[[2,[""relation"",""relation""]],0]]],[2,[""relation"",""relation""]]]",0.0
2,8,position_e05,"[[[[[2,[""relation"",""relation""]],1],[[2,[""relation"",""relation""]],1],[[2,[""relation"",""relation""]],0],[[2,[""relation"",""relation""]],0]]],[2,[""entity"",""entity""]]]",1.1027899052632895
2,8,position_e05,"[[[[[2,[""relation"",""relation""]],1],[[2,[""relation"",""relation""]],1],[[2,[""relation"",""relation""]],0],[[2,[""relation"",""relation""]],1]]],[2,[""entity"",""entity""]]]",1.0349243450931986
2,8,position_e05,"[[[[[2,[""relation"",""relation""]],1],[[2,[""relation"",""relation""]],1],[[2,[""relation"",""relation""]],0]]],[2,[""relation"",""relation""]]]",1.515526649117387
2,8,position_e05,"[[[[[2,[""relation"",""relation""]],1],[[2,[""relation"",""relation""]],1],[[2,[""relation"",""relation""]],1],[[2,[""relation"",""relation""]],0]]],[2,[""entity"",""entity""]]]",1.159569010463859
2,8,position_e05,"[[[[[2,[""relation"",""relation""]],1],[[2,[""relation"",""relation""]],1],[[2,[""relation"",""relation""]],1],[[2,[""relation"",""relation""]],1]]],[2,[""entity"",""entity""]]]",1.1597510103801048
2,8,position_e05,"[[[[[2,[""relation"",""relation""]],1],[[2,[""relation"",""relation""]],1],[[2,[""relation"",""relation""]],1]]],[2,[""relation"",""relation""]]]",1.50182220540013
2,8,position_e05,"[[[[[2,[""relation"",""relation""]],1],[[2,[""relation"",""relation""]],1]]],[2,[""relation"",""relation""]]]",1.4965843160096042
2,8,position_e05,"[[[[[2,[""relation"",""relation""]],1]]],[2,[""relation"",""relation""]]]",0.0
2,8,position_e05,"[[[]],[1,[""entity""]]]",0.0
2,8,position_e05,"[[[]],[2,[""entity"",""entity""]]]",0.0
2,8,position_e05,"[[[]],[2,[""relation"",""relation""]]]",0.0
2,8,global_fixed1,"[[[[[2,[""relation"",""relation""]],0]]],[1,[""entity""]]]",1.0
2,8,global_fixed1,"[[[[[2,[""relation"",""relation""]],1],[[2,[""relation"",""relation""]],0],[[2,[""relation"",""relation""]],0],[[2,[""relation"",""relation""]],1]]],[2,[""entity"",""entity""]]]",1.0
2,8,global_fixed1,"[[[[[2,[""relation"",""relation""]],1],[[2,[""relation"",""relation""]],0],[[2,[""relation"",""relation""]],0]]],[2,[""relation"",""relation""]]]",1.0
2,8,global_fixed1,"[[[[[2,[""relation"",""relation""]],1],[[2,[""relation"",""relation""]],0],[[2,[""relation"",""relation""]],1],[[2,[""relation"",""relation""]],0]]],[2,[""entity"",""entity""]]]",1.0
2,8,global_fixed1,"[[[[[2,[""relation"",""relation""]],1],[[2,[""relation"",""relation""]],0],[[2,[""relation"",""relation""]],1],[[2,[""relation"",""relation""]],1]]],[2,[""entity"",""entity""]]]",1.0
2,8,global_fixed1,"[[[[[2,[""relation"",""relation""]],1],[[2,[""relation"",""relation""]],0],[[2,[""relation"",""relation""]],1]]],[2,[""relation"",""relation""]]]",1.0
2,8,global_fixed1,"[[[[[2,[""relation"",""relation""]],1],[[2,[""relation"",""relation""]],0]]],[2,[""relation"",""relation""]]]",1.0
2,8,global_fixed1,"[[[[[2,[""relation"",""relation""]],1],[[2,[""relation"",""relation""]],1],[[2,[""relation"",""relation""]],0],[[2,[""relation"",""relation""]],0]]],[2,[""entity"",""entity""]]]",1.0
2,8,global_fixed1,"[[[[[2,[""relation"",""relation""]],1],[[2,[""relation"",""relation""]],1],[[2,[""relation"",""relation""]],0],[[2,[""relation"",""relation""]],1]]],[2,[""entity"",""entity""]]]",1.0
2,8,global_fixed1,"[[[[[2,[""relation"",""relation""]],1],[[2,[""relation"",""relation""]],1],[[2,[""relation"",""relation""]],0]]],[2,[""relation"",""relation""]]]",1.0
2,8,global_fixed1,"[[[[[2,[""relation"",""relation""]],1],[[2,[""relation"",""relation""]],1],[[2,[""relation"",""relation""]],1],[[2,[""relation"",""relation""]],0]]],[2,[""entity"",""entity""]]]",1.0
2,8,global_fixed1,"[[[[[2,[""relation"",""relation""]],1],[[2,[""relation"",""relation""]],1],[[2,[""relation"",""relation""]],1],[[2,[""relation"",""relation""]],1]]],[2,[""entity"",""entity""]]]",1.0
2,8,global_fixed1,"[[[[[2,[""relation"",""relation""]],1],[[2,[""relation"",""relation""]],1],[[2,[""relation"",""relation""]],1]]],[2,[""relation"",""relation""]]]",1.0
2,8,global_fixed1,"[[[[[2,[""relation"",""relation""]],1],[[2,[""relation"",""relation""]],1]]],[2,[""relation"",""relation""]]]",1.0
2,8,global_fixed1,"[[[[[2,[""relation"",""relation""]],1]]],[2,[""relation"",""relation""]]]",1.0
2,8,global_fixed1,"[[[]],[1,[""entity""]]]",1.0
2,8,global_fixed1,"[[[]],[2,[""entity"",""entity""]]]",1.0
2,8,global_fixed1,"[[[]],[2,[""relation"",""relation""]]]",1.0
2,8,position_fixed1,"[[[[[2,[""relation"",""relation""]],0]]],[1,[""entity""]]]",1.0
2,8,position_fixed1,"[[[[[2,[""relation"",""relation""]],1],[[2,[""relation"",""relation""]],0],[[2,[""relation"",""relation""]],0],[[2,[""relation"",""relation""]],1]]],[2,[""entity"",""entity""]]]",1.0
2,8,position_fixed1,"[[[[[2,[""relation"",""relation""]],1],[[2,[""relation"",""relation""]],0],[[2,[""relation"",""relation""]],0]]],[2,[""relation"",""relation""]]]",1.0
2,8,position_fixed1,"[[[[[2,[""relation"",""relation""]],1],[[2,[""relation"",""relation""]],0],[[2,[""relation"",""relation""]],1],[[2,[""relation"",""relation""]],0]]],[2,[""entity"",""entity""]]]",1.0
2,8,position_fixed1,"[[[[[2,[""relation"",""relation""]],1],[[2,[""relation"",""relation""]],0],[[2,[""relation"",""relation""]],1],[[2,[""relation"",""relation""]],1]]],[2,[""entity"",""entity""]]]",1.0
2,8,position_fixed1,"[[[[[2,[""relation"",""relation""]],1],[[2,[""relation"",""relation""]],0],[[2,[""relation"",""relation""]],1]]],[2,[""relation"",""relation""]]]",1.0
2,8,position_fixed1,"[[[[[2,[""relation"",""relation""]],1],[[2,[""relation"",""relation""]],0]]],[2,[""relation"",""relation""]]]",1.0
2,8,position_fixed1,"[[[[[2,[""relation"",""relation""]],1],[[2,[""relation"",""relation""]],1],[[2,[""relation"",""relation""]],0],[[2,[""relation"",""relation""]],0]]],[2,[""entity"",""entity""]]]",1.0
2,8,position_fixed1,"[[[[[2,[""relation"",""relation""]],1],[[2,[""relation"",""relation""]],1],[[2,[""relation"",""relation""]],0],[[2,[""relation"",""relation""]],1]]],[2,[""entity"",""entity""]]]",1.0
2,8,position_fixed1,"[[[[[2,[""relation"",""relation""]],1],[[2,[""relation"",""relation""]],1],[[2,[""relation"",""relation""]],0]]],[2,[""relation"",""relation""]]]",1.0
2,8,position_fixed1,"[[[[[2,[""relation"",""relation""]],1],[[2,[""relation"",""relation""]],1],[[2,[""relation"",""relation""]],1],[[2,[""relation"",""relation""]],0]]],[2,[""entity"",""entity""]]]",1.0
2,8,position_fixed1,"[[[[[2,[""relation"",""relation""]],1],[[2,[""relation"",""relation""]],1],[[2,[""relation"",""relation""]],1],[[2,[""relation"",""relation""]],1]]],[2,[""entity"",""entity""]]]",1.0
2,8,position_fixed1,"[[[[[2,[""relation"",""relation""]],1],[[2,[""relation"",""relation""]],1],[[2,[""relation"",""relation""]],1]]],[2,[""relation"",""relation""]]]",1.0
2,8,position_fixed1,"[[[[[2,[""relation"",""relation""]],1],[[2,[""relation"",""relation""]],1]]],[2,[""relation"",""relation""]]]",1.0
2,8,position_fixed1,"[[[[[2,[""relation"",""relation""]],1]]],[2,[""relation"",""relation""]]]",1.0
2,8,position_fixed1,"[[[]],[1,[""entity""]]]",1.0
2,8,position_fixed1,"[[[]],[2,[""entity"",""entity""]]]",1.0
2,8,position_fixed1,"[[[]],[2,[""relation"",""relation""]]]",1.0
2,9,global_e01,"[[[[[2,[""relation"",""relation""]],0]]],[1,[""entity""]]]",1.3985740874598327
2,9,global_e01,"[[[[[2,[""relation"",""relation""]],1],[[2,[""relation"",""relation""]],0],[[2,[""relation"",""relation""]],0],[[2,[""relation"",""relation""]],1]]],[2,[""entity"",""entity""]]]",0.49213460002971304
2,9,global_e01,"[[[[[2,[""relation"",""relation""]],1],[[2,[""relation"",""relation""]],0],[[2,[""relation"",""relation""]],0]]],[2,[""relation"",""relation""]]]",0.3802399930057923
2,9,global_e01,"[[[[[2,[""relation"",""relation""]],1],[[2,[""relation"",""relation""]],0],[[2,[""relation"",""relation""]],1],[[2,[""relation"",""relation""]],0]]],[2,[""entity"",""entity""]]]",0.2989237923670521
2,9,global_e01,"[[[[[2,[""relation"",""relation""]],1],[[2,[""relation"",""relation""]],0],[[2,[""relation"",""relation""]],1],[[2,[""relation"",""relation""]],1]]],[2,[""entity"",""entity""]]]",0.10931193755225364
2,9,global_e01,"[[[[[2,[""relation"",""relation""]],1],[[2,[""relation"",""relation""]],0],[[2,[""relation"",""relation""]],1]]],[2,[""relation"",""relation""]]]",0.40664596791160873
2,9,global_e01,"[[[[[2,[""relation"",""relation""]],1],[[2,[""relation"",""relation""]],0]]],[2,[""relation"",""relation""]]]",0.32858362931728696
2,9,global_e01,"[[[[[2,[""relation"",""relation""]],1],[[2,[""relation"",""relation""]],1],[[2,[""relation"",""relation""]],0],[[2,[""relation"",""relation""]],0]]],[2,[""entity"",""entity""]]]",0.27673325957224404
2,9,global_e01,"[[[[[2,[""relation"",""relation""]],1],[[2,[""relation"",""relation""]],1],[[2,[""relation"",""relation""]],0],[[2,[""relation"",""relation""]],1]]],[2,[""entity"",""entity""]]]",0.3041893647389493
2,9,global_e01,"[[[[[2,[""relation"",""relation""]],1],[[2,[""relation"",""relation""]],1],[[2,[""relation"",""relation""]],0]]],[2,[""relation"",""relation""]]]",0.33797092606591606
2,9,global_e01,"[[[[[2,[""relation"",""relation""]],1],[[2,[""relation"",""relation""]],1],[[2,[""relation"",""relation""]],1],[[2,[""relation"",""relation""]],0]]],[2,[""entity"",""entity""]]]",0.04831372168622477
2,9,global_e01,"[[[[[2,[""relation"",""relation""]],1],[[2,[""relation"",""relation""]],1],[[2,[""relation"",""relation""]],1],[[2,[""relation"",""relation""]],1]]],[2,[""entity"",""entity""]]]",0.16237577011343318
2,9,global_e01,"[[[[[2,[""relation"",""relation""]],1],[[2,[""relation"",""relation""]],1],[[2,[""relation"",""relation""]],1]]],[2,[""relation"",""relation""]]]",0.33753736765761866
2,9,global_e01,"[[[[[2,[""relation"",""relation""]],1],[[2,[""relation"",""relation""]],1]]],[2,[""relation"",""relation""]]]",0.33797092606591606
2,9,global_e01,"[[[[[2,[""relation"",""relation""]],1]]],[2,[""relation"",""relation""]]]",0.32858362931728696
2,9,global_e01,"[[[]],[1,[""entity""]]]",0.0
2,9,global_e01,"[[[]],[2,[""entity"",""entity""]]]",0.0
2,9,global_e01,"[[[]],[2,[""relation"",""relation""]]]",0.32858362931728696
2,9,global_e05,"[[[[[2,[""relation"",""relation""]],0]]],[1,[""entity""]]]",2.87913312929634
2,9,global_e05,"[[[[[2,[""relation"",""relation""]],1],[[2,[""relation"",""relation""]],0],[[2,[""relation"",""relation""]],0],[[2,[""relation"",""relation""]],1]]],[2,[""entity"",""entity""]]]",0.8764449309431187
2,9,global_e05,"[[[[[2,[""relation"",""relation""]],1],[[2,[""relation"",""relation""]],0],[[2,[""relation"",""relation""]],0]]],[2,[""relation"",""relation""]]]",0.6496791428503894
2,9,global_e05,"[[[[[2,[""relation"",""relation""]],1],[[2,[""relation"",""relation""]],0],[[2,[""relation"",""relation""]],1],[[2,[""relation"",""relation""]],0]]],[2,[""entity"",""entity""]]]",0.3733648547315038
2,9,global_e05,"[[[[[2,[""relation"",""relation""]],1],[[2,[""relation"",""relation""]],0],[[2,[""relation"",""relation""]],1],[[2,[""relation"",""relation""]],1]]],[2,[""entity"",""entity""]]]",0.3382061594243002
2,9,global_e05,"[[[[[2,[""relation"",""relation""]],1],[[2,[""relation"",""relation""]],0],[[2,[""relation"",""relation""]],1]]],[2,[""relation"",""relation""]]]",0.808391038275998
2,9,global_e05,"[[[[[2,[""relation"",""relation""]],1],[[2,[""relation"",""relation""]],0]]],[2,[""relation"",""relation""]]]",0.6116093683318462
2,9,global_e05,"[[[[[2,[""relation"",""relation""]],1],[[2,[""relation"",""relation""]],1],[[2,[""relation"",""relation""]],0],[[2,[""relation"",""relation""]],0]]],[2,[""entity"",""entity""]]]",0.46532435095090147
2,9,global_e05,"[[[[[2,[""relation"",""relation""]],1],[[2,[""relation"",""relation""]],1],[[2,[""relation"",""relation""]],0],[[2,[""relation"",""relation""]],1]]],[2,[""entity"",""entity""]]]",0.6155034882235773
2,9,global_e05,"[[[[[2,[""relation"",""relation""]],1],[[2,[""relation"",""relation""]],1],[[2,[""relation"",""relation""]],0]]],[2,[""relation"",""relation""]]]",0.5804585679419391
2,9,global_e05,"[[[[[2,[""relation"",""relation""]],1],[[2,[""relation"",""relation""]],1],[[2,[""relation"",""relation""]],1],[[2,[""relation"",""relation""]],0]]],[2,[""entity"",""entity""]]]",0.12421841661007141
2,9,global_e05,"[[[[[2,[""relation"",""relation""]],1],[[2,[""relation"",""relation""]],1],[[2,[""relation"",""relation""]],1],[[2,[""relation"",""relation""]],1]]],[2,[""entity"",""entity""]]]",0.0423559746343081
2,9,global_e05,"[[[[[2,[""relation"",""relation""]],1],[[2,[""relation"",""relation""]],1],[[2,[""relation"",""relation""]],1]]],[2,[""relation"",""relation""]]]",0.5804282849171848
2,9,global_e05,"[[[[[2,[""relation"",""relation""]],1],[[2,[""relation"",""relation""]],1]]],[2,[""relation"",""relation""]]]",0.5804585679419391
2,9,global_e05,"[[[[[2,[""relation"",""relation""]],1]]],[2,[""relation"",""relation""]]]",0.6116093683318462
2,9,global_e05,"[[[]],[1,[""entity""]]]",0.0
2,9,global_e05,"[[[]],[2,[""entity"",""entity""]]]",0.0
2,9,global_e05,"[[[]],[2,[""relation"",""relation""]]]",0.6116093683318462
2,9,position_e01,"[[[[[2,[""relation"",""relation""]],0]]],[1,[""entity""]]]",1.329148438246916
2,9,position_e01,"[[[[[2,[""relation"",""relation""]],1],[[2,[""relation"",""relation""]],0],[[2,[""relation"",""relation""]],0],[[2,[""relation"",""relation""]],1]]],[2,[""entity"",""entity""]]]",0.0
2,9,position_e01,"[[[[[2,[""relation"",""relation""]],1],[[2,[""relation"",""relation""]],0],[[2,[""relation"",""relation""]],0]]],[2,[""relation"",""relation""]]]",0.0
2,9,position_e01,"[[[[[2,[""relation"",""relation""]],1],[[2,[""relation"",""relation""]],0],[[2,[""relation"",""relation""]],1],[[2,[""relation"",""relation""]],0]]],[2,[""entity"",""entity""]]]",0.0
2,9,position_e01,"[[[[[2,[""relation"",""relation""]],1],[[2,[""relation"",""relation""]],0],[[2,[""relation"",""relation""]],1],[[2,[""relation"",""relation""]],1]]],[2,[""entity"",""entity""]]]",0.0
2,9,position_e01,"[[[[[2,[""relation"",""relation""]],1],[[2,[""relation"",""relation""]],0],[[2,[""relation"",""relation""]],1]]],[2,[""relation"",""relation""]]]",0.0
2,9,position_e01,"[[[[[2,[""relation"",""relation""]],1],[[2,[""relation"",""relation""]],0]]],[2,[""relation"",""relation""]]]",0.0
2,9,position_e01,"[[[[[2,[""relation"",""relation""]],1],[[2,[""relation"",""relation""]],1],[[2,[""relation"",""relation""]],0],[[2,[""relation"",""relation""]],0]]],[2,[""entity"",""entity""]]]",0.6368685687774589
2,9,position_e01,"[[[[[2,[""relation"",""relation""]],1],[[2,[""relation"",""relation""]],1],[[2,[""relation"",""relation""]],0],[[2,[""relation"",""relation""]],1]]],[2,[""entity"",""entity""]]]",0.6926159062275381
2,9,position_e01,"[[[[[2,[""relation"",""relation""]],1],[[2,[""relation"",""relation""]],1],[[2,[""relation"",""relation""]],0]]],[2,[""relation"",""relation""]]]",0.8599914376012847
2,9,position_e01,"[[[[[2,[""relation"",""relation""]],1],[[2,[""relation"",""relation""]],1],[[2,[""relation"",""relation""]],1],[[2,[""relation"",""relation""]],0]]],[2,[""entity"",""entity""]]]",0.625592784546857
2,9,position_e01,"[[[[[2,[""relation"",""relation""]],1],[[2,[""relation"",""relation""]],1],[[2,[""relation"",""relation""]],1],[[2,[""relation"",""relation""]],1]]],[2,[""entity"",""entity""]]]",0.6688337983147538
2,9,position_e01,"[[[[[2,[""relation"",""relation""]],1],[[2,[""relation"",""relation""]],1],[[2,[""relation"",""relation""]],1]]],[2,[""relation"",""relation""]]]",0.8581904696233893
2,9,position_e01,"[[[[[2,[""relation"",""relation""]],1],[[2,[""relation"",""relation""]],1]]],[2,[""relation"",""relation""]]]",0.8599914376012847
2,9,position_e01,"[[[[[2,[""relation"",""relation""]],1]]],[2,[""relation"",""relation""]]]",0.0
2,9,position_e01,"[[[]],[1,[""entity""]]]",0.0
2,9,position_e01,"[[[]],[2,[""entity"",""entity""]]]",0.0
2,9,position_e01,"[[[]],[2,[""relation"",""relation""]]]",0.0
2,9,position_e05,"[[[[[2,[""relation"",""relation""]],0]]],[1,[""entity""]]]",3.31557306135028
2,9,position_e05,"[[[[[2,[""relation"",""relation""]],1],[[2,[""relation"",""relation""]],0],[[2,[""relation"",""relation""]],0],[[2,[""relation"",""relation""]],1]]],[2,[""entity"",""entity""]]]",0.0
2,9,position_e05,"[[[[[2,[""relation"",""relation""]],1],[[2,[""relation"",""relation""]],0],[[2,[""relation"",""relation""]],0]]],[2,[""relation"",""relation""]]]",0.0
2,9,position_e05,"[[[[[2,[""relation"",""relation""]],1],[[2,[""relation"",""relation""]],0],[[2,[""relation"",""relation""]],1],[[2,[""relation"",""relation""]],0]]],[2,[""entity"",""entity""]]]",0.0
2,9,position_e05,"[[[[[2,[""relation"",""relation""]],1],[[2,[""relation"",""relation""]],0],[[2,[""relation"",""relation""]],1],[[2,[""relation"",""relation""]],1]]],[2,[""entity"",""entity""]]]",0.0
2,9,position_e05,"[[[[[2,[""relation"",""relation""]],1],[[2,[""relation"",""relation""]],0],[[2,[""relation"",""relation""]],1]]],[2,[""relation"",""relation""]]]",0.0
2,9,position_e05,"[[[[[2,[""relation"",""relation""]],1],[[2,[""relation"",""relation""]],0]]],[2,[""relation"",""relation""]]]",0.0
2,9,position_e05,"[[[[[2,[""relation"",""relation""]],1],[[2,[""relation"",""relation""]],1],[[2,[""relation"",""relation""]],0],[[2,[""relation"",""relation""]],0]]],[2,[""entity"",""entity""]]]",1.1834434565547207
2,9,position_e05,"[[[[[2,[""relation"",""relation""]],1],[[2,[""relation"",""relation""]],1],[[2,[""relation"",""relation""]],0],[[2,[""relation"",""relation""]],1]]],[2,[""entity"",""entity""]]]",1.3085438258460584
2,9,position_e05,"[[[[[2,[""relation"",""relation""]],1],[[2,[""relation"",""relation""]],1],[[2,[""relation"",""relation""]],0]]],[2,[""relation"",""relation""]]]",1.8247898106273042
2,9,position_e05,"[[[[[2,[""relation"",""relation""]],1],[[2,[""relation"",""relation""]],1],[[2,[""relation"",""relation""]],1],[[2,[""relation"",""relation""]],0]]],[2,[""entity"",""entity""]]]",1.0964691866390388
2,9,position_e05,"[[[[[2,[""relation"",""relation""]],1],[[2,[""relation"",""relation""]],1],[[2,[""relation"",""relation""]],1],[[2,[""relation"",""relation""]],1]]],[2,[""entity"",""entity""]]]",1.20236687217484
2,9,position_e05,"[[[[[2,[""relation"",""relation""]],1],[[2,[""relation"",""relation""]],1],[[2,[""relation"",""relation""]],1]]],[2,[""relation"",""relation""]]]",1.8212471638390482
2,9,position_e05,"[[[[[2,[""relation"",""relation""]],1],[[2,[""relation"",""relation""]],1]]],[2,[""relation"",""relation""]]]",1.8247898106273042
2,9,position_e05,"[[[[[2,[""relation"",""relation""]],1]]],[2,[""relation"",""relation""]]]",0.0
2,9,position_e05,"[[[]],[1,[""entity""]]]",0.0
2,9,position_e05,"[[[]],[2,[""entity"",""entity""]]]",0.0
2,9,position_e05,"[[[]],[2,[""relation"",""relation""]]]",0.0
2,9,global_fixed1,"[[[[[2,[""relation"",""relation""]],0]]],[1,[""entity""]]]",1.0
2,9,global_fixed1,"[[[[[2,[""relation"",""relation""]],1],[[2,[""relation"",""relation""]],0],[[2,[""relation"",""relation""]],0],[[2,[""relation"",""relation""]],1]]],[2,[""entity"",""entity""]]]",1.0
2,9,global_fixed1,"[[[[[2,[""relation"",""relation""]],1],[[2,[""relation"",""relation""]],0],[[2,[""relation"",""relation""]],0]]],[2,[""relation"",""relation""]]]",1.0
2,9,global_fixed1,"[[[[[2,[""relation"",""relation""]],1],[[2,[""relation"",""relation""]],0],[[2,[""relation"",""relation""]],1],[[2,[""relation"",""relation""]],0]]],[2,[""entity"",""entity""]]]",1.0
2,9,global_fixed1,"[[[[[2,[""relation"",""relation""]],1],[[2,[""relation"",""relation""]],0],[[2,[""relation"",""relation""]],1],[[2,[""relation"",""relation""]],1]]],[2,[""entity"",""entity""]]]",1.0
2,9,global_fixed1,"[[[[[2,[""relation"",""relation""]],1],[[2,[""relation"",""relation""]],0],[[2,[""relation"",""relation""]],1]]],[2,[""relation"",""relation""]]]",1.0
2,9,global_fixed1,"[[[[[2,[""relation"",""relation""]],1],[[2,[""relation"",""relation""]],0]]],[2,[""relation"",""relation""]]]",1.0
2,9,global_fixed1,"[[[[[2,[""relation"",""relation""]],1],[[2,[""relation"",""relation""]],1],[[2,[""relation"",""relation""]],0],[[2,[""relation"",""relation""]],0]]],[2,[""entity"",""entity""]]]",1.0
2,9,global_fixed1,"[[[[[2,[""relation"",""relation""]],1],[[2,[""relation"",""relation""]],1],[[2,[""relation"",""relation""]],0],[[2,[""relation"",""relation""]],1]]],[2,[""entity"",""entity""]]]",1.0
2,9,global_fixed1,"[[[[[2,[""relation"",""relation""]],1],[[2,[""relation"",""relation""]],1],[[2,[""relation"",""relation""]],0]]],[2,[""relation"",""relation""]]]",1.0
2,9,global_fixed1,"[[[[[2,[""relation"",""relation""]],1],[[2,[""relation"",""relation""]],1],[[2,[""relation"",""relation""]],1],[[2,[""relation"",""relation""]],0]]],[2,[""entity"",""entity""]]]",1.0
2,9,global_fixed1,"[[[[[2,[""relation"",""relation""]],1],[[2,[""relation"",""relation""]],1],[[2,[""relation"",""relation""]],1],[[2,[""relation"",""relation""]],1]]],[2,[""entity"",""entity""]]]",1.0
2,9,global_fixed1,"[[[[[2,[""relation"",""relation""]],1],[[2,[""relation"",""relation""]],1],[[2,[""relation"",""relation""]],1]]],[2,[""relation"",""relation""]]]",1.0
2,9,global_fixed1,"[[[[[2,[""relation"",""relation""]],1],[[2,[""relation"",""relation""]],1]]],[2,[""relation"",""relation""]]]",1.0
2,9,global_fixed1,"[[[[[2,[""relation"",""relation""]],1]]],[2,[""relation"",""relation""]]]",1.0
2,9,global_fixed1,"[[[]],[1,[""entity""]]]",1.0
2,9,global_fixed1,"[[[]],[2,[""entity"",""entity""]]]",1.0
2,9,global_fixed1,"[[[]],[2,[""relation"",""relation""]]]",1.0
2,9,position_fixed1,"[[[[[2,[""relation"",""relation""]],0]]],[1,[""entity""]]]",1.0
2,9,position_fixed1,"[[[[[2,[""relation"",""relation""]],1],[[2,[""relation"",""relation""]],0],[[2,[""relation"",""relation""]],0],[[2,[""relation"",""relation""]],1]]],[2,[""entity"",""entity""]]]",1.0
2,9,position_fixed1,"[[[[[2,[""relation"",""relation""]],1],[[2,[""relation"",""relation""]],0],[[2,[""relation"",""relation""]],0]]],[2,[""relation"",""relation""]]]",1.0
2,9,position_fixed1,"[[[[[2,[""relation"",""relation""]],1],[[2,[""relation"",""relation""]],0],[[2,[""relation"",""relation""]],1],[[2,[""relation"",""relation""]],0]]],[2,[""entity"",""entity""]]]",1.0
2,9,position_fixed1,"[[[[[2,[""relation"",""relation""]],1],[[2,[""relation"",""relation""]],0],[[2,[""relation"",""relation""]],1],[[2,[""relation"",""relation""]],1]]],[2,[""entity"",""entity""]]]",1.0
2,9,position_fixed1,"[[[[[2,[""relation"",""relation""]],1],[[2,[""relation"",""relation""]],0],[[2,[""relation"",""relation""]],1]]],[2,[""relation"",""relation""]]]",1.0
2,9,position_fixed1,"[[[[[2,[""relation"",""relation""]],1],[[2,[""relation"",""relation""]],0]]],[2,[""relation"",""relation""]]]",1.0
2,9,position_fixed1,"[[[[[2,[""relation"",""relation""]],1],[[2,[""relation"",""relation""]],1],[[2,[""relation"",""relation""]],0],[[2,[""relation"",""relation""]],0]]],[2,[""entity"",""entity""]]]",1.0
2,9,position_fixed1,"[[[[[2,[""relation"",""relation""]],1],[[2,[""relation"",""relation""]],1],[[2,[""relation"",""relation""]],0],[[2,[""relation"",""relation""]],1]]],[2,[""entity"",""entity""]]]",1.0
2,9,position_fixed1,"[[[[[2,[""relation"",""relation""]],1],[[2,[""relation"",""relation""]],1],[[2,[""relation"",""relation""]],0]]],[2,[""relation"",""relation""]]]",1.0
2,9,position_fixed1,"[[[[[2,[""relation"",""relation""]],1],[[2,[""relation"",""relation""]],1],[[2,[""relation"",""relation""]],1],[[2,[""relation"",""relation""]],0]]],[2,[""entity"",""entity""]]]",1.0
2,9,position_fixed1,"[[[[[2,[""relation"",""relation""]],1],[[2,[""relation"",""relation""]],1],[[2,[""relation"",""relation""]],1],[[2,[""relation"",""relation""]],1]]],[2,[""entity"",""entity""]]]",1.0
2,9,position_fixed1,"[[[[[2,[""relation"",""relation""]],1],[[2,[""relation"",""relation""]],1],[[2,[""relation"",""relation""]],1]]],[2,[""relation"",""relation""]]]",1.0
2,9,position_fixed1,"[[[[[2,[""relation"",""relation""]],1],[[2,[""relation"",""relation""]],1]]],[2,[""relation"",""relation""]]]",1.0
2,9,position_fixed1,"[[[[[2,[""relation"",""relation""]],1]]],[2,[""relation"",""relation""]]]",1.0
2,9,position_fixed1,"[[[]],[1,[""entity""]]]",1.0
2,9,position_fixed1,"[[[]],[2,[""entity"",""entity""]]]",1.0
2,9,position_fixed1,"[[[]],[2,[""relation"",""relation""]]]",1.0
2,10,global_e01,"[[[[[2,[""relation"",""relation""]],0]]],[1,[""entity""]]]",1.6054367136903007
2,10,global_e01,"[[[[[2,[""relation"",""relation""]],1],[[2,[""relation"",""relation""]],0],[[2,[""relation"",""relation""]],0],[[2,[""relation"",""relation""]],1]]],[2,[""entity"",""entity""]]]",0.0872521882470038
2,10,global_e01,"[[[[[2,[""relation"",""relation""]],1],[[2,[""relation"",""relation""]],0],[[2,[""relation"",""relation""]],0]]],[2,[""relation"",""relation""]]]",0.35369236982673696
2,10,global_e01,"[[[[[2,[""relation"",""relation""]],1],[[2,[""relation"",""relation""]],0],[[2,[""relation"",""relation""]],1],[[2,[""relation"",""relation""]],0]]],[2,[""entity"",""entity""]]]",0.16552825439331317
2,10,global_e01,"[[[[[2,[""relation"",""relation""]],1],[[2,[""relation"",""relation""]],0],[[2,[""relation"",""relation""]],1],[[2,[""relation"",""relation""]],1]]],[2,[""entity"",""entity""]]]",0.22503655198359687
2,10,global_e01,"[[[[[2,[""relation"",""relation""]],1],[[2,[""relation"",""relation""]],0],[[2,[""relation"",""relation""]],1]]],[2,[""relation"",""relation""]]]",0.46585767591219196
2,10,global_e01,"[[[[[2,[""relation"",""relation""]],1],[[2,[""relation"",""relation""]],0]]],[2,[""relation"",""relation""]]]",0.2607753003672693
2,10,global_e01,"[[[[[2,[""relation"",""relation""]],1],[[2,[""relation"",""relation""]],1],[[2,[""relation"",""relation""]],0],[[2,[""relation"",""relation""]],0]]],[2,[""entity"",""entity""]]]",0.25508090532177813
2,10,global_e01,"[[[[[2,[""relation"",""relation""]],1],[[2,[""relation"",""relation""]],1],[[2,[""relation"",""relation""]],0],[[2,[""relation"",""relation""]],1]]],[2,[""entity"",""entity""]]]",0.18448411359282976
2,10,global_e01,"[[[[[2,[""relation"",""relation""]],1],[[2,[""relation"",""relation""]],1],[[2,[""relation"",""relation""]],0]]],[2,[""relation"",""relation""]]]",0.2367181890373768
2,10,global_e01,"[[[[[2,[""relation"",""relation""]],1],[[2,[""relation"",""relation""]],1],[[2,[""relation"",""relation""]],1],[[2,[""relation"",""relation""]],0]]],[2,[""entity"",""entity""]]]",0.4277394536768698
2,10,global_e01,"[[[[[2,[""relation"",""relation""]],1],[[2,[""relation"",""relation""]],1],[[2,[""relation"",""relation""]],1],[[2,[""relation"",""relation""]],1]]],[2,[""entity"",""entity""]]]",0.17348322009241504
2,10,global_e01,"[[[[[2,[""relation"",""relation""]],1],[[2,[""relation"",""relation""]],1],[[2,[""relation"",""relation""]],1]]],[2,[""relation"",""relation""]]]",0.19076390551076797
2,10,global_e01,"[[[[[2,[""relation"",""relation""]],1],[[2,[""relation"",""relation""]],1]]],[2,[""relation"",""relation""]]]",0.19429974717760004
2,10,global_e01,"[[[[[2,[""relation"",""relation""]],1]]],[2,[""relation"",""relation""]]]",0.2607753003672693
2,10,global_e01,"[[[]],[1,[""entity""]]]",0.0
2,10,global_e01,"[[[]],[2,[""entity"",""entity""]]]",0.0
2,10,global_e01,"[[[]],[2,[""relation"",""relation""]]]",0.18263103092208885
2,10,global_e05,"[[[[[2,[""relation"",""relation""]],0]]],[1,[""entity""]]]",3.4593082753997333
2,10,global_e05,"[[[[[2,[""relation"",""relation""]],1],[[2,[""relation"",""relation""]],0],[[2,[""relation"",""relation""]],0],[[2,[""relation"",""relation""]],1]]],[2,[""entity"",""entity""]]]",0.04971073736476517
2,10,global_e05,"[[[[[2,[""relation"",""relation""]],1],[[2,[""relation"",""relation""]],0],[[2,[""relation"",""relation""]],0]]],[2,[""relation"",""relation""]]]",0.4888446503978911
2,10,global_e05,"[[[[[2,[""relation"",""relation""]],1],[[2,[""relation"",""relation""]],0],[[2,[""relation"",""relation""]],1],[[2,[""relation"",""relation""]],0]]],[2,[""entity"",""entity""]]]",0.24479846070010214
2,10,global_e05,"[[[[[2,[""relation"",""relation""]],1],[[2,[""relation"",""relation""]],0],[[2,[""relation"",""relation""]],1],[[2,[""relation"",""relation""]],1]]],[2,[""entity"",""entity""]]]",0.6105615700324986
2,10,global_e05,"[[[[[2,[""relation"",""relation""]],1],[[2,[""relation"",""relation""]],0],[[2,[""relation"",""relation""]],1]]],[2,[""relation"",""relation""]]]",0.788605308315956
2,10,global_e05,"[[[[[2,[""relation"",""relation""]],1],[[2,[""relation"",""relation""]],0]]],[2,[""relation"",""relation""]]]",0.2962354175661816
2,10,global_e05,"[[[[[2,[""relation"",""relation""]],1],[[2,[""relation"",""relation""]],1],[[2,[""relation"",""relation""]],0],[[2,[""relation"",""relation""]],0]]],[2,[""entity"",""entity""]]]",0.415216515316102
2,10,global_e05,"[[[[[2,[""relation"",""relation""]],1],[[2,[""relation"",""relation""]],1],[[2,[""relation"",""relation""]],0],[[2,[""relation"",""relation""]],1]]],[2,[""entity"",""entity""]]]",0.38175842568579754
2,10,global_e05,"[[[[[2,[""relation"",""relation""]],1],[[2,[""relation"",""relation""]],1],[[2,[""relation"",""relation""]],0]]],[2,[""relation"",""relation""]]]",0.36677381548059806
2,10,global_e05,"[[[[[2,[""relation"",""relation""]],1],[[2,[""relation"",""relation""]],1],[[2,[""relation"",""relation""]],1],[[2,[""relation"",""relation""]],0]]],[2,[""entity"",""entity""]]]",0.44433992478365936
2,10,global_e05,"[[[[[2,[""relation"",""relation""]],1],[[2,[""relation"",""relation""]],1],[[2,[""relation"",""relation""]],1],[[2,[""relation"",""relation""]],1]]],[2,[""entity"",""entity""]]]",0.3774389675196693
2,10,global_e05,"[[[[[2,[""relation"",""relation""]],1],[[2,[""relation"",""relation""]],1],[[2,[""relation"",""relation""]],1]]],[2,[""relation"",""relation""]]]",0.36677381548059806
2,10,global_e05,"[[[[[2,[""relation"",""relation""]],1],[[2,[""relation"",""relation""]],1]]],[2,[""relation"",""relation""]]]",0.36677381548059806
2,10,global_e05,"[[[[[2,[""relation"",""relation""]],1]]],[2,[""relation"",""relation""]]]",0.2962354175661816
2,10,global_e05,"[[[]],[1,[""entity""]]]",0.0
2,10,global_e05,"[[[]],[2,[""entity"",""entity""]]]",0.0
2,10,global_e05,"[[[]],[2,[""relation"",""relation""]]]",0.2569374769009519
2,10,position_e01,"[[[[[2,[""relation"",""relation""]],0]]],[1,[""entity""]]]",1.3465952706397277
2,10,position_e01,"[[[[[2,[""relation"",""relation""]],1],[[2,[""relation"",""relation""]],0],[[2,[""relation"",""relation""]],0],[[2,[""relation"",""relation""]],1]]],[2,[""entity"",""entity""]]]",0.0
2,10,position_e01,"[[[[[2,[""relation"",""relation""]],1],[[2,[""relation"",""relation""]],0],[[2,[""relation"",""relation""]],0]]],[2,[""relation"",""relation""]]]",0.0
2,10,position_e01,"[[[[[2,[""relation"",""relation""]],1],[[2,[""relation"",""relation""]],0],[[2,[""relation"",""relation""]],1],[[2,[""relation"",""relation""]],0]]],[2,[""entity"",""entity""]]]",0.0
2,10,position_e01,"[[[[[2,[""relation"",""relation""]],1],[[2,[""relation"",""relation""]],0],[[2,[""relation"",""relation""]],1],[[2,[""relation"",""relation""]],1]]],[2,[""entity"",""entity""]]]",0.0
2,10,position_e01,"[[[[[2,[""relation"",""relation""]],1],[[2,[""relation"",""relation""]],0],[[2,[""relation"",""relation""]],1]]],[2,[""relation"",""relation""]]]",0.0
2,10,position_e01,"[[[[[2,[""relation"",""relation""]],1],[[2,[""relation"",""relation""]],0]]],[2,[""relation"",""relation""]]]",0.0
2,10,position_e01,"[[[[[2,[""relation"",""relation""]],1],[[2,[""relation"",""relation""]],1],[[2,[""relation"",""relation""]],0],[[2,[""relation"",""relation""]],0]]],[2,[""entity"",""entity""]]]",0.8131571180206905
2,10,position_e01,"[[[[[2,[""relation"",""relation""]],1],[[2,[""relation"",""relation""]],1],[[2,[""relation"",""relation""]],0],[[2,[""relation"",""relation""]],1]]],[2,[""entity"",""entity""]]]",0.8005470224910224
2,10,position_e01,"[[[[[2,[""relation"",""relation""]],1],[[2,[""relation"",""relation""]],1],[[2,[""relation"",""relation""]],0]]],[2,[""relation"",""relation""]]]",0.9778297546665708
2,10,position_e01,"[[[[[2,[""relation"",""relation""]],1],[[2,[""relation"",""relation""]],1],[[2,[""relation"",""relation""]],1],[[2,[""relation"",""relation""]],0]]],[2,[""entity"",""entity""]]]",0.886784066481278
2,10,position_e01,"[[[[[2,[""relation"",""relation""]],1],[[2,[""relation"",""relation""]],1],[[2,[""relation"",""relation""]],1],[[2,[""relation"",""relation""]],1]]],[2,[""entity"",""entity""]]]",0.7451474385109786
2,10,position_e01,"[[[[[2,[""relation"",""relation""]],1],[[2,[""relation"",""relation""]],1],[[2,[""relation"",""relation""]],1]]],[2,[""relation"",""relation""]]]",0.981164622974622
2,10,position_e01,"[[[[[2,[""relation"",""relation""]],1],[[2,[""relation"",""relation""]],1]]],[2,[""relation"",""relation""]]]",0.9627063875376349
2,10,position_e01,"[[[[[2,[""relation"",""relation""]],1]]],[2,[""relation"",""relation""]]]",0.0
2,10,position_e01,"[[[]],[1,[""entity""]]]",0.0
2,10,position_e01,"[[[]],[2,[""entity"",""entity""]]]",0.0
2,10,position_e01,"[[[]],[2,[""relation"",""relation""]]]",0.0
2,10,position_e05,"[[[[[2,[""relation"",""relation""]],0]]],[1,[""entity""]]]",3.4264424369607323
2,10,position_e05,"[[[[[2,[""relation"",""relation""]],1],[[2,[""relation"",""relation""]],0],[[2,[""relation"",""relation""]],0],[[2,[""relation"",""relation""]],1]]],[2,[""entity"",""entity""]]]",0.0
2,10,position_e05,"[[[[[2,[""relation"",""relation""]],1],[[2,[""relation"",""relation""]],0],[[2,[""relation"",""relation""]],0]]],[2,[""relation"",""relation""]]]",0.0
2,10,position_e05,"[[[[[2,[""relation"",""relation""]],1],[[2,[""relation"",""relation""]],0],[[2,[""relation"",""relation""]],1],[[2,[""relation"",""relation""]],0]]],[2,[""entity"",""entity""]]]",0.0
2,10,position_e05,"[[[[[2,[""relation"",""relation""]],1],[[2,[""relation"",""relation""]],0],[[2,[""relation"",""relation""]],1],[[2,[""relation"",""relation""]],1]]],[2,[""entity"",""entity""]]]",0.0
2,10,position_e05,"[[[[[2,[""relation"",""relation""]],1],[[2,[""relation"",""relation""]],0],[[2,[""relation"",""relation""]],1]]],[2,[""relation"",""relation""]]]",0.0
2,10,position_e05,"[[[[[2,[""relation"",""relation""]],1],[[2,[""relation"",""relation""]],0]]],[2,[""relation"",""relation""]]]",0.0
2,10,position_e05,"[[[[[2,[""relation"",""relation""]],1],[[2,[""relation"",""relation""]],1],[[2,[""relation"",""relation""]],0],[[2,[""relation"",""relation""]],0]]],[2,[""entity"",""entity""]]]",1.3216590573111724
2,10,position_e05,"[[[[[2,[""relation"",""relation""]],1],[[2,[""relation"",""relation""]],1],[[2,[""relation"",""relation""]],0],[[2,[""relation"",""relation""]],1]]],[2,[""entity"",""entity""]]]",1.3246190959105082
2,10,position_e05,"[[[[[2,[""relation"",""relation""]],1],[[2,[""relation"",""relation""]],1],[[2,[""relation"",""relation""]],0]]],[2,[""relation"",""relation""]]]",1.8740909107880943
2,10,position_e05,"[[[[[2,[""relation"",""relation""]],1],[[2,[""relation"",""relation""]],1],[[2,[""relation"",""relation""]],1],[[2,[""relation"",""relation""]],0]]],[2,[""entity"",""entity""]]]",1.5559299133550686
2,10,position_e05,"[[[[[2,[""relation"",""relation""]],1],[[2,[""relation"",""relation""]],1],[[2,[""relation"",""relation""]],1],[[2,[""relation"",""relation""]],1]]],[2,[""entity"",""entity""]]]",1.0481316926106563
2,10,position_e05,"[[[[[2,[""relation"",""relation""]],1],[[2,[""relation"",""relation""]],1],[[2,[""relation"",""relation""]],1]]],[2,[""relation"",""relation""]]]",1.7853046853152763
2,10,position_e05,"[[[[[2,[""relation"",""relation""]],1],[[2,[""relation"",""relation""]],1]]],[2,[""relation"",""relation""]]]",1.8365375936058908
2,10,position_e05,"[[[[[2,[""relation"",""relation""]],1]]],[2,[""relation"",""relation""]]]",0.0
2,10,position_e05,"[[[]],[1,[""entity""]]]",0.0
2,10,position_e05,"[[[]],[2,[""entity"",""entity""]]]",0.0
2,10,position_e05,"[[[]],[2,[""relation"",""relation""]]]",0.0
2,10,global_fixed1,"[[[[[2,[""relation"",""relation""]],0]]],[1,[""entity""]]]",1.0
2,10,global_fixed1,"[[[[[2,[""relation"",""relation""]],1],[[2,[""relation"",""relation""]],0],[[2,[""relation"",""relation""]],0],[[2,[""relation"",""relation""]],1]]],[2,[""entity"",""entity""]]]",1.0
2,10,global_fixed1,"[[[[[2,[""relation"",""relation""]],1],[[2,[""relation"",""relation""]],0],[[2,[""relation"",""relation""]],0]]],[2,[""relation"",""relation""]]]",1.0
2,10,global_fixed1,"[[[[[2,[""relation"",""relation""]],1],[[2,[""relation"",""relation""]],0],[[2,[""relation"",""relation""]],1],[[2,[""relation"",""relation""]],0]]],[2,[""entity"",""entity""]]]",1.0
2,10,global_fixed1,"[[[[[2,[""relation"",""relation""]],1],[[2,[""relation"",""relation""]],0],[[2,[""relation"",""relation""]],1],[[2,[""relation"",""relation""]],1]]],[2,[""entity"",""entity""]]]",1.0
2,10,global_fixed1,"[[[[[2,[""relation"",""relation""]],1],[[2,[""relation"",""relation""]],0],[[2,[""relation"",""relation""]],1]]],[2,[""relation"",""relation""]]]",1.0
2,10,global_fixed1,"[[[[[2,[""relation"",""relation""]],1],[[2,[""relation"",""relation""]],0]]],[2,[""relation"",""relation""]]]",1.0
2,10,global_fixed1,"[[[[[2,[""relation"",""relation""]],1],[[2,[""relation"",""relation""]],1],[[2,[""relation"",""relation""]],0],[[2,[""relation"",""relation""]],0]]],[2,[""entity"",""entity""]]]",1.0
2,10,global_fixed1,"[[[[[2,[""relation"",""relation""]],1],[[2,[""relation"",""relation""]],1],[[2,[""relation"",""relation""]],0],[[2,[""relation"",""relation""]],1]]],[2,[""entity"",""entity""]]]",1.0
2,10,global_fixed1,"[[[[[2,[""relation"",""relation""]],1],[[2,[""relation"",""relation""]],1],[[2,[""relation"",""relation""]],0]]],[2,[""relation"",""relation""]]]",1.0
2,10,global_fixed1,"[[[[[2,[""relation"",""relation""]],1],[[2,[""relation"",""relation""]],1],[[2,[""relation"",""relation""]],1],[[2,[""relation"",""relation""]],0]]],[2,[""entity"",""entity""]]]",1.0
2,10,global_fixed1,"[[[[[2,[""relation"",""relation""]],1],[[2,[""relation"",""relation""]],1],[[2,[""relation"",""relation""]],1],[[2,[""relation"",""relation""]],1]]],[2,[""entity"",""entity""]]]",1.0
2,10,global_fixed1,"[[[[[2,[""relation"",""relation""]],1],[[2,[""relation"",""relation""]],1],[[2,[""relation"",""relation""]],1]]],[2,[""relation"",""relation""]]]",1.0
2,10,global_fixed1,"[[[[[2,[""relation"",""relation""]],1],[[2,[""relation"",""relation""]],1]]],[2,[""relation"",""relation""]]]",1.0
2,10,global_fixed1,"[[[[[2,[""relation"",""relation""]],1]]],[2,[""relation"",""relation""]]]",1.0
2,10,global_fixed1,"[[[]],[1,[""entity""]]]",1.0
2,10,global_fixed1,"[[[]],[2,[""entity"",""entity""]]]",1.0
2,10,global_fixed1,"[[[]],[2,[""relation"",""relation""]]]",1.0
2,10,position_fixed1,"[[[[[2,[""relation"",""relation""]],0]]],[1,[""entity""]]]",1.0
2,10,position_fixed1,"[[[[[2,[""relation"",""relation""]],1],[[2,[""relation"",""relation""]],0],[[2,[""relation"",""relation""]],0],[[2,[""relation"",""relation""]],1]]],[2,[""entity"",""entity""]]]",1.0
2,10,position_fixed1,"[[[[[2,[""relation"",""relation""]],1],[[2,[""relation"",""relation""]],0],[[2,[""relation"",""relation""]],0]]],[2,[""relation"",""relation""]]]",1.0
2,10,position_fixed1,"[[[[[2,[""relation"",""relation""]],1],[[2,[""relation"",""relation""]],0],[[2,[""relation"",""relation""]],1],[[2,[""relation"",""relation""]],0]]],[2,[""entity"",""entity""]]]",1.0
2,10,position_fixed1,"[[[[[2,[""relation"",""relation""]],1],[[2,[""relation"",""relation""]],0],[[2,[""relation"",""relation""]],1],[[2,[""relation"",""relation""]],1]]],[2,[""entity"",""entity""]]]",1.0
2,10,position_fixed1,"[[[[[2,[""relation"",""relation""]],1],[[2,[""relation"",""relation""]],0],[[2,[""relation"",""relation""]],1]]],[2,[""relation"",""relation""]]]",1.0
2,10,position_fixed1,"[[[[[2,[""relation"",""relation""]],1],[[2,[""relation"",""relation""]],0]]],[2,[""relation"",""relation""]]]",1.0
2,10,position_fixed1,"[[[[[2,[""relation"",""relation""]],1],[[2,[""relation"",""relation""]],1],[[2,[""relation"",""relation""]],0],[[2,[""relation"",""relation""]],0]]],[2,[""entity"",""entity""]]]",1.0
2,10,position_fixed1,"[[[[[2,[""relation"",""relation""]],1],[[2,[""relation"",""relation""]],1],[[2,[""relation"",""relation""]],0],[[2,[""relation"",""relation""]],1]]],[2,[""entity"",""entity""]]]",1.0
2,10,position_fixed1,"[[[[[2,[""relation"",""relation""]],1],[[2,[""relation"",""relation""]],1],[[2,[""relation"",""relation""]],0]]],[2,[""relation"",""relation""]]]",1.0
2,10,position_fixed1,"[[[[[2,[""relation"",""relation""]],1],[[2,[""relation"",""relation""]],1],[[2,[""relation"",""relation""]],1],[[2,[""relation"",""relation""]],0]]],[2,[""entity"",""entity""]]]",1.0
2,10,position_fixed1,"[[[[[2,[""relation"",""relation""]],1],[[2,[""relation"",""relation""]],1],[[2,[""relation"",""relation""]],1],[[2,[""relation"",""relation""]],1]]],[2,[""entity"",""entity""]]]",1.0
2,10,position_fixed1,"[[[[[2,[""relation"",""relation""]],1],[[2,[""relation"",""relation""]],1],[[2,[""relation"",""relation""]],1]]],[2,[""relation"",""relation""]]]",1.0
2,10,position_fixed1,"[[[[[2,[""relation"",""relation""]],1],[[2,[""relation"",""relation""]],1]]],[2,[""relation"",""relation""]]]",1.0
2,10,position_fixed1,"[[[[[2,[""relation"",""relation""]],1]]],[2,[""relation"",""relation""]]]",1.0
2,10,position_fixed1,"[[[]],[1,[""entity""]]]",1.0
2,10,position_fixed1,"[[[]],[2,[""entity"",""entity""]]]",1.0
2,10,position_fixed1,"[[[]],[2,[""relation"",""relation""]]]",1.0
2,11,global_e01,"[[[[[2,[""relation"",""relation""]],0]]],[1,[""entity""]]]",1.5201153103399043
2,11,global_e01,"[[[[[2,[""relation"",""relation""]],1],[[2,[""relation"",""relation""]],0],[[2,[""relation"",""relation""]],0],[[2,[""relation"",""relation""]],1]]],[2,[""entity"",""entity""]]]",0.11762971030383186
2,11,global_e01,"[[[[[2,[""relation"",""relation""]],1],[[2,[""relation"",""relation""]],0],[[2,[""relation"",""relation""]],0]]],[2,[""relation"",""relation""]]]",0.3256072000378913
2,11,global_e01,"[[[[[2,[""relation"",""relation""]],1],[[2,[""relation"",""relation""]],0],[[2,[""relation"",""relation""]],1],[[2,[""relation"",""relation""]],0]]],[2,[""entity"",""entity""]]]",0.17664449784170777
2,11,global_e01,"[[[[[2,[""relation"",""relation""]],1],[[2,[""relation"",""relation""]],0],[[2,[""relation"",""relation""]],1],[[2,[""relation"",""relation""]],1]]],[2,[""entity"",""entity""]]]",0.06110742997900167
2,11,global_e01,"[[[[[2,[""relation"",""relation""]],1],[[2,[""relation"",""relation""]],0],[[2,[""relation"",""relation""]],1]]],[2,[""relation"",""relation""]]]",0.1834106554839686
2,11,global_e01,"[[[[[2,[""relation"",""relation""]],1],[[2,[""relation"",""relation""]],0]]],[2,[""relation"",""relation""]]]",0.19636572461611343
2,11,global_e01,"[[[[[2,[""relation"",""relation""]],1],[[2,[""relation"",""relation""]],1],[[2,[""relation"",""relation""]],0],[[2,[""relation"",""relation""]],0]]],[2,[""entity"",""entity""]]]",0.10919661533556582
2,11,global_e01,"[[[[[2,[""relation"",""relation""]],1],[[2,[""relation"",""relation""]],1],[[2,[""relation"",""relation""]],0],[[2,[""relation"",""relation""]],1]]],[2,[""entity"",""entity""]]]",0.11243646750924605
2,11,global_e01,"[[[[[2,[""relation"",""relation""]],1],[[2,[""relation"",""relation""]],1],[[2,[""relation"",""relation""]],0]]],[2,[""relation"",""relation""]]]",0.21276786963703237
2,11,global_e01,"[[[[[2,[""relation"",""relation""]],1],[[2,[""relation"",""relation""]],1],[[2,[""relation"",""relation""]],1],[[2,[""relation"",""relation""]],0]]],[2,[""entity"",""entity""]]]",0.105397069860143
2,11,global_e01,"[[[[[2,[""relation"",""relation""]],1],[[2,[""relation"",""relation""]],1],[[2,[""relation"",""relation""]],1],[[2,[""relation"",""relation""]],1]]],[2,[""entity"",""entity""]]]",0.17593345888694878
2,11,global_e01,"[[[[[2,[""relation"",""relation""]],1],[[2,[""relation"",""relation""]],1],[[2,[""relation"",""relation""]],1]]],[2,[""relation"",""relation""]]]",0.21250511767282615
2,11,global_e01,"[[[[[2,[""relation"",""relation""]],1],[[2,[""relation"",""relation""]],1]]],[2,[""relation"",""relation""]]]",0.2308208876284521
2,11,global_e01,"[[[[[2,[""relation"",""relation""]],1]]],[2,[""relation"",""relation""]]]",0.19636572461611343
2,11,global_e01,"[[[]],[1,[""entity""]]]",0.0
2,11,global_e01,"[[[]],[2,[""entity"",""entity""]]]",0.0
2,11,global_e01,"[[[]],[2,[""relation"",""relation""]]]",0.1790464831650372
2,11,global_e05,"[[[[[2,[""relation"",""relation""]],0]]],[1,[""entity""]]]",2.8428461427133915
2,11,global_e05,"[[[[[2,[""relation"",""relation""]],1],[[2,[""relation"",""relation""]],0],[[2,[""relation"",""relation""]],0],[[2,[""relation"",""relation""]],1]]],[2,[""entity"",""entity""]]]",0.4539613669415863
2,11,global_e05,"[[[[[2,[""relation"",""relation""]],1],[[2,[""relation"",""relation""]],0],[[2,[""relation"",""relation""]],0]]],[2,[""relation"",""relation""]]]",0.6140692759609777
2,11,global_e05,"[[[[[2,[""relation"",""relation""]],1],[[2,[""relation"",""relation""]],0],[[2,[""relation"",""relation""]],1],[[2,[""relation"",""relation""]],0]]],[2,[""entity"",""entity""]]]",0.7437259140669812
2,11,global_e05,"[[[[[2,[""relation"",""relation""]],1],[[2,[""relation"",""relation""]],0],[[2,[""relation"",""relation""]],1],[[2,[""relation"",""relation""]],1]]],[2,[""entity"",""entity""]]]",0.6606540575065327
2,11,global_e05,"[[[[[2,[""relation"",""relation""]],1],[[2,[""relation"",""relation""]],0],[[2,[""relation"",""relation""]],1]]],[2,[""relation"",""relation""]]]",0.6140692759609777
2,11,global_e05,"[[[[[2,[""relation"",""relation""]],1],[[2,[""relation"",""relation""]],0]]],[2,[""relation"",""relation""]]]",0.6140692759609777
2,11,global_e05,"[[[[[2,[""relation"",""relation""]],1],[[2,[""relation"",""relation""]],1],[[2,[""relation"",""relation""]],0],[[2,[""relation"",""relation""]],0]]],[2,[""entity"",""entity""]]]",0.6522998870840285
2,11,global_e05,"[[[[[2,[""relation"",""relation""]],1],[[2,[""relation"",""relation""]],1],[[2,[""relation"",""relation""]],0],[[2,[""relation"",""relation""]],1]]],[2,[""entity"",""entity""]]]",0.5922803464267471
2,11,global_e05,"[[[[[2,[""relation"",""relation""]],1],[[2,[""relation"",""relation""]],1],[[2,[""relation"",""relation""]],0]]],[2,[""relation"",""relation""]]]",0.8954468920710409
2,11,global_e05,"[[[[[2,[""relation"",""relation""]],1],[[2,[""relation"",""relation""]],1],[[2,[""relation"",""relation""]],1],[[2,[""relation"",""relation""]],0]]],[2,[""entity"",""entity""]]]",0.670013606416839
2,11,global_e05,"[[[[[2,[""relation"",""relation""]],1],[[2,[""relation"",""relation""]],1],[[2,[""relation"",""relation""]],1],[[2,[""relation"",""relation""]],1]]],[2,[""entity"",""entity""]]]",0.6930566436783814
2,11,global_e05,"[[[[[2,[""relation"",""relation""]],1],[[2,[""relation"",""relation""]],1],[[2,[""relation"",""relation""]],1]]],[2,[""relation"",""relation""]]]",0.8954468920710409
2,11,global_e05,"[[[[[2,[""relation"",""relation""]],1],[[2,[""relation"",""relation""]],1]]],[2,[""relation"",""relation""]]]",0.8954468920710409
2,11,global_e05,"[[[[[2,[""relation"",""relation""]],1]]],[2,[""relation"",""relation""]]]",0.6140692759609777
2,11,global_e05,"[[[]],[1,[""entity""]]]",0.0
2,11,global_e05,"[[[]],[2,[""entity"",""entity""]]]",0.0
2,11,global_e05,"[[[]],[2,[""relation"",""relation""]]]",0.6140692759609777
2,11,position_e01,"[[[[[2,[""relation"",""relation""]],0]]],[1,[""entity""]]]",1.3024990873191398
2,11,position_e01,"[[[[[2,[""relation"",""relation""]],1],[[2,[""relation"",""relation""]],0],[[2,[""relation"",""relation""]],0],[[2,[""relation"",""relation""]],1]]],[2,[""entity"",""entity""]]]",0.0
2,11,position_e01,"[[[[[2,[""relation"",""relation""]],1],[[2,[""relation"",""relation""]],0],[[2,[""relation"",""relation""]],0]]],[2,[""relation"",""relation""]]]",0.0
2,11,position_e01,"[[[[[2,[""relation"",""relation""]],1],[[2,[""relation"",""relation""]],0],[[2,[""relation"",""relation""]],1],[[2,[""relation"",""relation""]],0]]],[2,[""entity"",""entity""]]]",0.0
2,11,position_e01,"[[[[[2,[""relation"",""relation""]],1],[[2,[""relation"",""relation""]],0],[[2,[""relation"",""relation""]],1],[[2,[""relation"",""relation""]],1]]],[2,[""entity"",""entity""]]]",0.0
2,11,position_e01,"[[[[[2,[""relation"",""relation""]],1],[[2,[""relation"",""relation""]],0],[[2,[""relation"",""relation""]],1]]],[2,[""relation"",""relation""]]]",0.0
2,11,position_e01,"[[[[[2,[""relation"",""relation""]],1],[[2,[""relation"",""relation""]],0]]],[2,[""relation"",""relation""]]]",0.0
2,11,position_e01,"[[[[[2,[""relation"",""relation""]],1],[[2,[""relation"",""relation""]],1],[[2,[""relation"",""relation""]],0],[[2,[""relation"",""relation""]],0]]],[2,[""entity"",""entity""]]]",0.5773100593927689
2,11,position_e01,"[[[[[2,[""relation"",""relation""]],1],[[2,[""relation"",""relation""]],1],[[2,[""relation"",""relation""]],0],[[2,[""relation"",""relation""]],1]]],[2,[""entity"",""entity""]]]",0.6403674678583678
2,11,position_e01,"[[[[[2,[""relation"",""relation""]],1],[[2,[""relation"",""relation""]],1],[[2,[""relation"",""relation""]],0]]],[2,[""relation"",""relation""]]]",0.8070892509767708
2,11,position_e01,"[[[[[2,[""relation"",""relation""]],1],[[2,[""relation"",""relation""]],1],[[2,[""relation"",""relation""]],1],[[2,[""relation"",""relation""]],0]]],[2,[""entity"",""entity""]]]",0.6359508558459234
2,11,position_e01,"[[[[[2,[""relation"",""relation""]],1],[[2,[""relation"",""relation""]],1],[[2,[""relation"",""relation""]],1],[[2,[""relation"",""relation""]],1]]],[2,[""entity"",""entity""]]]",0.6722796895145953
2,11,position_e01,"[[[[[2,[""relation"",""relation""]],1],[[2,[""relation"",""relation""]],1],[[2,[""relation"",""relation""]],1]]],[2,[""relation"",""relation""]]]",0.8143112953309545
2,11,position_e01,"[[[[[2,[""relation"",""relation""]],1],[[2,[""relation"",""relation""]],1]]],[2,[""relation"",""relation""]]]",0.8262213977242506
2,11,position_e01,"[[[[[2,[""relation"",""relation""]],1]]],[2,[""relation"",""relation""]]]",0.0
2,11,position_e01,"[[[]],[1,[""entity""]]]",0.0
2,11,position_e01,"[[[]],[2,[""entity"",""entity""]]]",0.0
2,11,position_e01,"[[[]],[2,[""relation"",""relation""]]]",0.0
2,11,position_e05,"[[[[[2,[""relation"",""relation""]],0]]],[1,[""entity""]]]",2.969987393100281
2,11,position_e05,"[[[[[2,[""relation"",""relation""]],1],[[2,[""relation"",""relation""]],0],[[2,[""relation"",""relation""]],0],[[2,[""relation"",""relation""]],1]]],[2,[""entity"",""entity""]]]",0.0
2,11,position_e05,"[[[[[2,[""relation"",""relation""]],1],[[2,[""relation"",""relation""]],0],[[2,[""relation"",""relation""]],0]]],[2,[""relation"",""relation""]]]",0.0
2,11,position_e05,"[[[[[2,[""relation"",""relation""]],1],[[2,[""relation"",""relation""]],0],[[2,[""relation"",""relation""]],1],[[2,[""relation"",""relation""]],0]]],[2,[""entity"",""entity""]]]",0.0
2,11,position_e05,"[[[[[2,[""relation"",""relation""]],1],[[2,[""relation"",""relation""]],0],[[2,[""relation"",""relation""]],1],[[2,[""relation"",""relation""]],1]]],[2,[""entity"",""entity""]]]",0.0
2,11,position_e05,"[[[[[2,[""relation"",""relation""]],1],[[2,[""relation"",""relation""]],0],[[2,[""relation"",""relation""]],1]]],[2,[""relation"",""relation""]]]",0.0
2,11,position_e05,"[[[[[2,[""relation"",""relation""]],1],[[2,[""relation"",""relation""]],0]]],[2,[""relation"",""relation""]]]",0.0
2,11,position_e05,"[[[[[2,[""relation"",""relation""]],1],[[2,[""relation"",""relation""]],1],[[2,[""relation"",""relation""]],0],[[2,[""relation"",""relation""]],0]]],[2,[""entity"",""entity""]]]",0.8832534704164036
2,11,position_e05,"[[[[[2,[""relation"",""relation""]],1],[[2,[""relation"",""relation""]],1],[[2,[""relation"",""relation""]],0],[[2,[""relation"",""relation""]],1]]],[2,[""entity"",""entity""]]]",1.021924389017204
2,11,position_e05,"[[[[[2,[""relation"",""relation""]],1],[[2,[""relation"",""relation""]],1],[[2,[""relation"",""relation""]],0]]],[2,[""relation"",""relation""]]]",1.619742831863871
2,11,position_e05,"[[[[[2,[""relation"",""relation""]],1],[[2,[""relation"",""relation""]],1],[[2,[""relation"",""relation""]],1],[[2,[""relation"",""relation""]],0]]],[2,[""entity"",""entity""]]]",1.0387562317330512
2,11,position_e05,"[[[[[2,[""relation"",""relation""]],1],[[2,[""relation"",""relation""]],1],[[2,[""relation"",""relation""]],1],[[2,[""relation"",""relation""]],1]]],[2,[""entity"",""entity""]]]",1.106786763023338
2,11,position_e05,"[[[[[2,[""relation"",""relation""]],1],[[2,[""relation"",""relation""]],1],[[2,[""relation"",""relation""]],1]]],[2,[""relation"",""relation""]]]",1.6583136582693154
2,11,position_e05,"[[[[[2,[""relation"",""relation""]],1],[[2,[""relation"",""relation""]],1]]],[2,[""relation"",""relation""]]]",1.6729475546999077
2,11,position_e05,"[[[[[2,[""relation"",""relation""]],1]]],[2,[""relation"",""relation""]]]",0.0
2,11,position_e05,"[[[]],[1,[""entity""]]]",0.0
2,11,position_e05,"[[[]],[2,[""entity"",""entity""]]]",0.0
2,11,position_e05,"[[[]],[2,[""relation"",""relation""]]]",0.0
2,11,global_fixed1,"[[[[[2,[""relation"",""relation""]],0]]],[1,[""entity""]]]",1.0
2,11,global_fixed1,"[[[[[2,[""relation"",""relation""]],1],[[2,[""relation"",""relation""]],0],[[2,[""relation"",""relation""]],0],[[2,[""relation"",""relation""]],1]]],[2,[""entity"",""entity""]]]",1.0
2,11,global_fixed1,"[[[[[2,[""relation"",""relation""]],1],[[2,[""relation"",""relation""]],0],[[2,[""relation"",""relation""]],0]]],[2,[""relation"",""relation""]]]",1.0
2,11,global_fixed1,"[[[[[2,[""relation"",""relation""]],1],[[2,[""relation"",""relation""]],0],[[2,[""relation"",""relation""]],1],[[2,[""relation"",""relation""]],0]]],[2,[""entity"",""entity""]]]",1.0
2,11,global_fixed1,"[[[[[2,[""relation"",""relation""]],1],[[2,[""relation"",""relation""]],0],[[2,[""relation"",""relation""]],1],[[2,[""relation"",""relation""]],1]]],[2,[""entity"",""entity""]]]",1.0
2,11,global_fixed1,"[[[[[2,[""relation"",""relation""]],1],[[2,[""relation"",""relation""]],0],[[2,[""relation"",""relation""]],1]]],[2,[""relation"",""relation""]]]",1.0
2,11,global_fixed1,"[[[[[2,[""relation"",""relation""]],1],[[2,[""relation"",""relation""]],0]]],[2,[""relation"",""relation""]]]",1.0
2,11,global_fixed1,"[[[[[2,[""relation"",""relation""]],1],[[2,[""relation"",""relation""]],1],[[2,[""relation"",""relation""]],0],[[2,[""relation"",""relation""]],0]]],[2,[""entity"",""entity""]]]",1.0
2,11,global_fixed1,"[[[[[2,[""relation"",""relation""]],1],[[2,[""relation"",""relation""]],1],[[2,[""relation"",""relation""]],0],[[2,[""relation"",""relation""]],1]]],[2,[""entity"",""entity""]]]",1.0
2,11,global_fixed1,"[[[[[2,[""relation"",""relation""]],1],[[2,[""relation"",""relation""]],1],[[2,[""relation"",""relation""]],0]]],[2,[""relation"",""relation""]]]",1.0
2,11,global_fixed1,"[[[[[2,[""relation"",""relation""]],1],[[2,[""relation"",""relation""]],1],[[2,[""relation"",""relation""]],1],[[2,[""relation"",""relation""]],0]]],[2,[""entity"",""entity""]]]",1.0
2,11,global_fixed1,"[[[[[2,[""relation"",""relation""]],1],[[2,[""relation"",""relation""]],1],[[2,[""relation"",""relation""]],1],[[2,[""relation"",""relation""]],1]]],[2,[""entity"",""entity""]]]",1.0
2,11,global_fixed1,"[[[[[2,[""relation"",""relation""]],1],[[2,[""relation"",""relation""]],1],[[2,[""relation"",""relation""]],1]]],[2,[""relation"",""relation""]]]",1.0
2,11,global_fixed1,"[[[[[2,[""relation"",""relation""]],1],[[2,[""relation"",""relation""]],1]]],[2,[""relation"",""relation""]]]",1.0
2,11,global_fixed1,"[[[[[2,[""relation"",""relation""]],1]]],[2,[""relation"",""relation""]]]",1.0
2,11,global_fixed1,"[[[]],[1,[""entity""]]]",1.0
2,11,global_fixed1,"[[[]],[2,[""entity"",""entity""]]]",1.0
2,11,global_fixed1,"[[[]],[2,[""relation"",""relation""]]]",1.0
2,11,position_fixed1,"[[[[[2,[""relation"",""relation""]],0]]],[1,[""entity""]]]",1.0
2,11,position_fixed1,"[[[[[2,[""relation"",""relation""]],1],[[2,[""relation"",""relation""]],0],[[2,[""relation"",""relation""]],0],[[2,[""relation"",""relation""]],1]]],[2,[""entity"",""entity""]]]",1.0
2,11,position_fixed1,"[[[[[2,[""relation"",""relation""]],1],[[2,[""relation"",""relation""]],0],[[2,[""relation"",""relation""]],0]]],[2,[""relation"",""relation""]]]",1.0
2,11,position_fixed1,"[[[[[2,[""relation"",""relation""]],1],[[2,[""relation"",""relation""]],0],[[2,[""relation"",""relation""]],1],[[2,[""relation"",""relation""]],0]]],[2,[""entity"",""entity""]]]",1.0
2,11,position_fixed1,"[[[[[2,[""relation"",""relation""]],1],[[2,[""relation"",""relation""]],0],[[2,[""relation"",""relation""]],1],[[2,[""relation"",""relation""]],1]]],[2,[""entity"",""entity""]]]",1.0
2,11,position_fixed1,"[[[[[2,[""relation"",""relation""]],1],[[2,[""relation"",""relation""]],0],[[2,[""relation"",""relation""]],1]]],[2,[""relation"",""relation""]]]",1.0
2,11,position_fixed1,"[[[[[2,[""relation"",""relation""]],1],[[2,[""relation"",""relation""]],0]]],[2,[""relation"",""relation""]]]",1.0
2,11,position_fixed1,"[[[[[2,[""relation"",""relation""]],1],[[2,[""relation"",""relation""]],1],[[2,[""relation"",""relation""]],0],[[2,[""relation"",""relation""]],0]]],[2,[""entity"",""entity""]]]",1.0
2,11,position_fixed1,"[[[[[2,[""relation"",""relation""]],1],[[2,[""relation"",""relation""]],1],[[2,[""relation"",""relation""]],0],[[2,[""relation"",""relation""]],1]]],[2,[""entity"",""entity""]]]",1.0
2,11,position_fixed1,"[[[[[2,[""relation"",""relation""]],1],[[2,[""relation"",""relation""]],1],[[2,[""relation"",""relation""]],0]]],[2,[""relation"",""relation""]]]",1.0
2,11,position_fixed1,"[[[[[2,[""relation"",""relation""]],1],[[2,[""relation"",""relation""]],1],[[2,[""relation"",""relation""]],1],[[2,[""relation"",""relation""]],0]]],[2,[""entity"",""entity""]]]",1.0
2,11,position_fixed1,"[[[[[2,[""relation"",""relation""]],1],[[2,[""relation"",""relation""]],1],[[2,[""relation"",""relation""]],1],[[2,[""relation"",""relation""]],1]]],[2,[""entity"",""entity""]]]",1.0
2,11,position_fixed1,"[[[[[2,[""relation"",""relation""]],1],[[2,[""relation"",""relation""]],1],[[2,[""relation"",""relation""]],1]]],[2,[""relation"",""relation""]]]",1.0
2,11,position_fixed1,"[[[[[2,[""relation"",""relation""]],1],[[2,[""relation"",""relation""]],1]]],[2,[""relation"",""relation""]]]",1.0
2,11,position_fixed1,"[[[[[2,[""relation"",""relation""]],1]]],[2,[""relation"",""relation""]]]",1.0
2,11,position_fixed1,"[[[]],[1,[""entity""]]]",1.0
2,11,position_fixed1,"[[[]],[2,[""entity"",""entity""]]]",1.0
2,11,position_fixed1,"[[[]],[2,[""relation"",""relation""]]]",1.0
2,12,global_e01,"[[[[[2,[""relation"",""relation""]],0]]],[1,[""entity""]]]",1.7403637924069753
2,12,global_e01,"[[[[[2,[""relation"",""relation""]],1],[[2,[""relation"",""relation""]],0],[[2,[""relation"",""relation""]],0],[[2,[""relation"",""relation""]],1]]],[2,[""entity"",""entity""]]]",0.07666474674728499
2,12,global_e01,"[[[[[2,[""relation"",""relation""]],1],[[2,[""relation"",""relation""]],0],[[2,[""relation"",""relation""]],0]]],[2,[""relation"",""relation""]]]",0.4477024114429436
2,12,global_e01,"[[[[[2,[""relation"",""relation""]],1],[[2,[""relation"",""relation""]],0],[[2,[""relation"",""relation""]],1],[[2,[""relation"",""relation""]],0]]],[2,[""entity"",""entity""]]]",0.09930804044018102
2,12,global_e01,"[[[[[2,[""relation"",""relation""]],1],[[2,[""relation"",""relation""]],0],[[2,[""relation"",""relation""]],1],[[2,[""relation"",""relation""]],1]]],[2,[""entity"",""entity""]]]",0.04580039488244969
2,12,global_e01,"[[[[[2,[""relation"",""relation""]],1],[[2,[""relation"",""relation""]],0],[[2,[""relation"",""relation""]],1]]],[2,[""relation"",""relation""]]]",0.3066688778980423
2,12,global_e01,"[[[[[2,[""relation"",""relation""]],1],[[2,[""relation"",""relation""]],0]]],[2,[""relation"",""relation""]]]",0.3032964189361549
2,12,global_e01,"[[[[[2,[""relation"",""relation""]],1],[[2,[""relation"",""relation""]],1],[[2,[""relation"",""relation""]],0],[[2,[""relation"",""relation""]],0]]],[2,[""entity"",""entity""]]]",0.17844400308759323
2,12,global_e01,"[[[[[2,[""relation"",""relation""]],1],[[2,[""relation"",""relation""]],1],[[2,[""relation"",""relation""]],0],[[2,[""relation"",""relation""]],1]]],[2,[""entity"",""entity""]]]",0.20202571405228695
2,12,global_e01,"[[[[[2,[""relation"",""relation""]],1],[[2,[""relation"",""relation""]],1],[[2,[""relation"",""relation""]],0]]],[2,[""relation"",""relation""]]]",0.22188948846763012
2,12,global_e01,"[[[[[2,[""relation"",""relation""]],1],[[2,[""relation"",""relation""]],1],[[2,[""relation"",""relation""]],1],[[2,[""relation"",""relation""]],0]]],[2,[""entity"",""entity""]]]",0.1892772404445125
2,12,global_e01,"[[[[[2,[""relation"",""relation""]],1],[[2,[""relation"",""relation""]],1],[[2,[""relation"",""relation""]],1],[[2,[""relation"",""relation""]],1]]],[2,[""entity"",""entity""]]]",0.267160064350203
2,12,global_e01,"[[[[[2,[""relation"",""relation""]],1],[[2,[""relation"",""relation""]],1],[[2,[""relation"",""relation""]],1]]],[2,[""relation"",""relation""]]]",0.29968174860255564
2,12,global_e01,"[[[[[2,[""relation"",""relation""]],1],[[2,[""relation"",""relation""]],1]]],[2,[""relation"",""relation""]]]",0.22188948846763012
2,12,global_e01,"[[[[[2,[""relation"",""relation""]],1]]],[2,[""relation"",""relation""]]]",0.3032964189361549
2,12,global_e01,"[[[]],[1,[""entity""]]]",0.0
2,12,global_e01,"[[[]],[2,[""entity"",""entity""]]]",0.0
2,12,global_e01,"[[[]],[2,[""relation"",""relation""]]]",0.28460050472517284
2,12,global_e05,"[[[[[2,[""relation"",""relation""]],0]]],[1,[""entity""]]]",3.335469221310226
2,12,global_e05,"[[[[[2,[""relation"",""relation""]],1],[[2,[""relation"",""relation""]],0],[[2,[""relation"",""relation""]],0],[[2,[""relation"",""relation""]],1]]],[2,[""entity"",""entity""]]]",0.36124152210459615
2,12,global_e05,"[[[[[2,[""relation"",""relation""]],1],[[2,[""relation"",""relation""]],0],[[2,[""relation"",""relation""]],0]]],[2,[""relation"",""relation""]]]",0.7097924680382595
2,12,global_e05,"[[[[[2,[""relation"",""relation""]],1],[[2,[""relation"",""relation""]],0],[[2,[""relation"",""relation""]],1],[[2,[""relation"",""relation""]],0]]],[2,[""entity"",""entity""]]]",0.19627638935795666
2,12,global_e05,"[[[[[2,[""relation"",""relation""]],1],[[2,[""relation"",""relation""]],0],[[2,[""relation"",""relation""]],1],[[2,[""relation"",""relation""]],1]]],[2,[""entity"",""entity""]]]",0.17647796765567705
2,12,global_e05,"[[[[[2,[""relation"",""relation""]],1],[[2,[""relation"",""relation""]],0],[[2,[""relation"",""relation""]],1]]],[2,[""relation"",""relation""]]]",0.5373505860914088
2,12,global_e05,"[[[[[2,[""relation"",""relation""]],1],[[2,[""relation"",""relation""]],0]]],[2,[""relation"",""relation""]]]",0.5444439839126841
2,12,global_e05,"[[[[[2,[""relation"",""relation""]],1],[[2,[""relation"",""relation""]],1],[[2,[""relation"",""relation""]],0],[[2,[""relation"",""relation""]],0]]],[2,[""entity"",""entity""]]]",0.5015739268056408
2,12,global_e05,"[[[[[2,[""relation"",""relation""]],1],[[2,[""relation"",""relation""]],1],[[2,[""relation"",""relation""]],0],[[2,[""relation"",""relation""]],1]]],[2,[""entity"",""entity""]]]",0.6130525915129392
2,12,global_e05,"[[[[[2,[""relation"",""relation""]],1],[[2,[""relation"",""relation""]],1],[[2,[""relation"",""relation""]],0]]],[2,[""relation"",""relation""]]]",0.5634952182091277
2,12,global_e05,"[[[[[2,[""relation"",""relation""]],1],[[2,[""relation"",""relation""]],1],[[2,[""relation"",""relation""]],1],[[2,[""relation"",""relation""]],0]]],[2,[""entity"",""entity""]]]",0.5933913713038544
2,12,global_e05,"[[[[[2,[""relation"",""relation""]],1],[[2,[""relation"",""relation""]],1],[[2,[""relation"",""relation""]],1],[[2,[""relation"",""relation""]],1]]],[2,[""entity"",""entity""]]]",0.6744294182616357
2,12,global_e05,"[[[[[2,[""relation"",""relation""]],1],[[2,[""relation"",""relation""]],1],[[2,[""relation"",""relation""]],1]]],[2,[""relation"",""relation""]]]",0.5799940709442286
2,12,global_e05,"[[[[[2,[""relation"",""relation""]],1],[[2,[""relation"",""relation""]],1]]],[2,[""relation"",""relation""]]]",0.5634952182091277
2,12,global_e05,"[[[[[2,[""relation"",""relation""]],1]]],[2,[""relation"",""relation""]]]",0.5444439839126841
2,12,global_e05,"[[[]],[1,[""entity""]]]",0.0
2,12,global_e05,"[[[]],[2,[""entity"",""entity""]]]",0.0
2,12,global_e05,"[[[]],[2,[""relation"",""relation""]]]",0.5415984860973377
2,12,position_e01,"[[[[[2,[""relation"",""relation""]],0]]],[1,[""entity""]]]",1.7120713285214082
2,12,position_e01,"[[[[[2,[""relation"",""relation""]],1],[[2,[""relation"",""relation""]],0],[[2,[""relation"",""relation""]],0],[[2,[""relation"",""relation""]],1]]],[2,[""entity"",""entity""]]]",0.0
2,12,position_e01,"[[[[[2,[""relation"",""relation""]],1],[[2,[""relation"",""relation""]],0],[[2,[""relation"",""relation""]],0]]],[2,[""relation"",""relation""]]]",0.0
2,12,position_e01,"[[[[[2,[""relation"",""relation""]],1],[[2,[""relation"",""relation""]],0],[[2,[""relation"",""relation""]],1],[[2,[""relation"",""relation""]],0]]],[2,[""entity"",""entity""]]]",0.0
2,12,position_e01,"[[[[[2,[""relation"",""relation""]],1],[[2,[""relation"",""relation""]],0],[[2,[""relation"",""relation""]],1],[[2,[""relation"",""relation""]],1]]],[2,[""entity"",""entity""]]]",0.0
2,12,position_e01,"[[[[[2,[""relation"",""relation""]],1],[[2,[""relation"",""relation""]],0],[[2,[""relation"",""relation""]],1]]],[2,[""relation"",""relation""]]]",0.0
2,12,position_e01,"[[[[[2,[""relation"",""relation""]],1],[[2,[""relation"",""relation""]],0]]],[2,[""relation"",""relation""]]]",0.0
2,12,position_e01,"[[[[[2,[""relation"",""relation""]],1],[[2,[""relation"",""relation""]],1],[[2,[""relation"",""relation""]],0],[[2,[""relation"",""relation""]],0]]],[2,[""entity"",""entity""]]]",0.5998473273022831
2,12,position_e01,"[[[[[2,[""relation"",""relation""]],1],[[2,[""relation"",""relation""]],1],[[2,[""relation"",""relation""]],0],[[2,[""relation"",""relation""]],1]]],[2,[""entity"",""entity""]]]",0.6527253122481874
2,12,position_e01,"[[[[[2,[""relation"",""relation""]],1],[[2,[""relation"",""relation""]],1],[[2,[""relation"",""relation""]],0]]],[2,[""relation"",""relation""]]]",0.7846780237526514
2,12,position_e01,"[[[[[2,[""relation"",""relation""]],1],[[2,[""relation"",""relation""]],1],[[2,[""relation"",""relation""]],1],[[2,[""relation"",""relation""]],0]]],[2,[""entity"",""entity""]]]",0.6266503555083217
2,12,position_e01,"[[[[[2,[""relation"",""relation""]],1],[[2,[""relation"",""relation""]],1],[[2,[""relation"",""relation""]],1],[[2,[""relation"",""relation""]],1]]],[2,[""entity"",""entity""]]]",0.6187662222751193
2,12,position_e01,"[[[[[2,[""relation"",""relation""]],1],[[2,[""relation"",""relation""]],1],[[2,[""relation"",""relation""]],1]]],[2,[""relation"",""relation""]]]",0.8000211367332899
2,12,position_e01,"[[[[[2,[""relation"",""relation""]],1],[[2,[""relation"",""relation""]],1]]],[2,[""relation"",""relation""]]]",0.7846780237526514
2,12,position_e01,"[[[[[2,[""relation"",""relation""]],1]]],[2,[""relation"",""relation""]]]",0.0
2,12,position_e01,"[[[]],[1,[""entity""]]]",0.0
2,12,position_e01,"[[[]],[2,[""entity"",""entity""]]]",0.0
2,12,position_e01,"[[[]],[2,[""relation"",""relation""]]]",0.0
2,12,position_e05,"[[[[[2,[""relation"",""relation""]],0]]],[1,[""entity""]]]",3.6191390567961212
2,12,position_e05,"[[[[[2,[""relation"",""relation""]],1],[[2,[""relation"",""relation""]],0],[[2,[""relation"",""relation""]],0],[[2,[""relation"",""relation""]],1]]],[2,[""entity"",""entity""]]]",0.0
2,12,position_e05,"[[[[[2,[""relation"",""relation""]],1],[[2,[""relation"",""relation""]],0],[[2,[""relation"",""relation""]],0]]],[2,[""relation"",""relation""]]]",0.0
2,12,position_e05,"[[[[[2,[""relation"",""relation""]],1],[[2,[""relation"",""relation""]],0],[[2,[""relation"",""relation""]],1],[[2,[""relation"",""relation""]],0]]],[2,[""entity"",""entity""]]]",0.0
2,12,position_e05,"[[[[[2,[""relation"",""relation""]],1],[[2,[""relation"",""relation""]],0],[[2,[""relation"",""relation""]],1],[[2,[""relation"",""relation""]],1]]],[2,[""entity"",""entity""]]]",0.0
2,12,position_e05,"[[[[[2,[""relation"",""relation""]],1],[[2,[""relation"",""relation""]],0],[[2,[""relation"",""relation""]],1]]],[2,[""relation"",""relation""]]]",0.0
2,12,position_e05,"[[[[[2,[""relation"",""relation""]],1],[[2,[""relation"",""relation""]],0]]],[2,[""relation"",""relation""]]]",0.0
2,12,position_e05,"[[[[[2,[""relation"",""relation""]],1],[[2,[""relation"",""relation""]],1],[[2,[""relation"",""relation""]],0],[[2,[""relation"",""relation""]],0]]],[2,[""entity"",""entity""]]]",0.9701240663104261
2,12,position_e05,"[[[[[2,[""relation"",""relation""]],1],[[2,[""relation"",""relation""]],1],[[2,[""relation"",""relation""]],0],[[2,[""relation"",""relation""]],1]]],[2,[""entity"",""entity""]]]",1.0669288631502873
2,12,position_e05,"[[[[[2,[""relation"",""relation""]],1],[[2,[""relation"",""relation""]],1],[[2,[""relation"",""relation""]],0]]],[2,[""relation"",""relation""]]]",1.4711932031125925
2,12,position_e05,"[[[[[2,[""relation"",""relation""]],1],[[2,[""relation"",""relation""]],1],[[2,[""relation"",""relation""]],1],[[2,[""relation"",""relation""]],0]]],[2,[""entity"",""entity""]]]",1.0304024439195136
2,12,position_e05,"[[[[[2,[""relation"",""relation""]],1],[[2,[""relation"",""relation""]],1],[[2,[""relation"",""relation""]],1],[[2,[""relation"",""relation""]],1]]],[2,[""entity"",""entity""]]]",0.989412201586113
2,12,position_e05,"[[[[[2,[""relation"",""relation""]],1],[[2,[""relation"",""relation""]],1],[[2,[""relation"",""relation""]],1]]],[2,[""relation"",""relation""]]]",1.5316214065860159
2,12,position_e05,"[[[[[2,[""relation"",""relation""]],1],[[2,[""relation"",""relation""]],1]]],[2,[""relation"",""relation""]]]",1.4711932031125925
2,12,position_e05,"[[[[[2,[""relation"",""relation""]],1]]],[2,[""relation"",""relation""]]]",0.0
2,12,position_e05,"[[[]],[1,[""entity""]]]",0.0
2,12,position_e05,"[[[]],[2,[""entity"",""entity""]]]",0.0
2,12,position_e05,"[[[]],[2,[""relation"",""relation""]]]",0.0
2,12,global_fixed1,"[[[[[2,[""relation"",""relation""]],0]]],[1,[""entity""]]]",1.0
2,12,global_fixed1,"[[[[[2,[""relation"",""relation""]],1],[[2,[""relation"",""relation""]],0],[[2,[""relation"",""relation""]],0],[[2,[""relation"",""relation""]],1]]],[2,[""entity"",""entity""]]]",1.0
2,12,global_fixed1,"[[[[[2,[""relation"",""relation""]],1],[[2,[""relation"",""relation""]],0],[[2,[""relation"",""relation""]],0]]],[2,[""relation"",""relation""]]]",1.0
2,12,global_fixed1,"[[[[[2,[""relation"",""relation""]],1],[[2,[""relation"",""relation""]],0],[[2,[""relation"",""relation""]],1],[[2,[""relation"",""relation""]],0]]],[2,[""entity"",""entity""]]]",1.0
2,12,global_fixed1,"[[[[[2,[""relation"",""relation""]],1],[[2,[""relation"",""relation""]],0],[[2,[""relation"",""relation""]],1],[[2,[""relation"",""relation""]],1]]],[2,[""entity"",""entity""]]]",1.0
2,12,global_fixed1,"[[[[[2,[""relation"",""relation""]],1],[[2,[""relation"",""relation""]],0],[[2,[""relation"",""relation""]],1]]],[2,[""relation"",""relation""]]]",1.0
2,12,global_fixed1,"[[[[[2,[""relation"",""relation""]],1],[[2,[""relation"",""relation""]],0]]],[2,[""relation"",""relation""]]]",1.0
2,12,global_fixed1,"[[[[[2,[""relation"",""relation""]],1],[[2,[""relation"",""relation""]],1],[[2,[""relation"",""relation""]],0],[[2,[""relation"",""relation""]],0]]],[2,[""entity"",""entity""]]]",1.0
2,12,global_fixed1,"[[[[[2,[""relation"",""relation""]],1],[[2,[""relation"",""relation""]],1],[[2,[""relation"",""relation""]],0],[[2,[""relation"",""relation""]],1]]],[2,[""entity"",""entity""]]]",1.0
2,12,global_fixed1,"[[[[[2,[""relation"",""relation""]],1],[[2,[""relation"",""relation""]],1],[[2,[""relation"",""relation""]],0]]],[2,[""relation"",""relation""]]]",1.0
2,12,global_fixed1,"[[[[[2,[""relation"",""relation""]],1],[[2,[""relation"",""relation""]],1],[[2,[""relation"",""relation""]],1],[[2,[""relation"",""relation""]],0]]],[2,[""entity"",""entity""]]]",1.0
2,12,global_fixed1,"[[[[[2,[""relation"",""relation""]],1],[[2,[""relation"",""relation""]],1],[[2,[""relation"",""relation""]],1],[[2,[""relation"",""relation""]],1]]],[2,[""entity"",""entity""]]]",1.0
2,12,global_fixed1,"[[[[[2,[""relation"",""relation""]],1],[[2,[""relation"",""relation""]],1],[[2,[""relation"",""relation""]],1]]],[2,[""relation"",""relation""]]]",1.0
2,12,global_fixed1,"[[[[[2,[""relation"",""relation""]],1],[[2,[""relation"",""relation""]],1]]],[2,[""relation"",""relation""]]]",1.0
2,12,global_fixed1,"[[[[[2,[""relation"",""relation""]],1]]],[2,[""relation"",""relation""]]]",1.0
2,12,global_fixed1,"[[[]],[1,[""entity""]]]",1.0
2,12,global_fixed1,"[[[]],[2,[""entity"",""entity""]]]",1.0
2,12,global_fixed1,"[[[]],[2,[""relation"",""relation""]]]",1.0
2,12,position_fixed1,"[[[[[2,[""relation"",""relation""]],0]]],[1,[""entity""]]]",1.0
2,12,position_fixed1,"[[[[[2,[""relation"",""relation""]],1],[[2,[""relation"",""relation""]],0],[[2,[""relation"",""relation""]],0],[[2,[""relation"",""relation""]],1]]],[2,[""entity"",""entity""]]]",1.0
2,12,position_fixed1,"[[[[[2,[""relation"",""relation""]],1],[[2,[""relation"",""relation""]],0],[[2,[""relation"",""relation""]],0]]],[2,[""relation"",""relation""]]]",1.0
2,12,position_fixed1,"[[[[[2,[""relation"",""relation""]],1],[[2,[""relation"",""relation""]],0],[[2,[""relation"",""relation""]],1],[[2,[""relation"",""relation""]],0]]],[2,[""entity"",""entity""]]]",1.0
2,12,position_fixed1,"[[[[[2,[""relation"",""relation""]],1],[[2,[""relation"",""relation""]],0],[[2,[""relation"",""relation""]],1],[[2,[""relation"",""relation""]],1]]],[2,[""entity"",""entity""]]]",1.0
2,12,position_fixed1,"[[[[[2,[""relation"",""relation""]],1],[[2,[""relation"",""relation""]],0],[[2,[""relation"",""relation""]],1]]],[2,[""relation"",""relation""]]]",1.0
2,12,position_fixed1,"[[[[[2,[""relation"",""relation""]],1],[[2,[""relation"",""relation""]],0]]],[2,[""relation"",""relation""]]]",1.0
2,12,position_fixed1,"[[[[[2,[""relation"",""relation""]],1],[[2,[""relation"",""relation""]],1],[[2,[""relation"",""relation""]],0],[[2,[""relation"",""relation""]],0]]],[2,[""entity"",""entity""]]]",1.0
2,12,position_fixed1,"[[[[[2,[""relation"",""relation""]],1],[[2,[""relation"",""relation""]],1],[[2,[""relation"",""relation""]],0],[[2,[""relation"",""relation""]],1]]],[2,[""entity"",""entity""]]]",1.0
2,12,position_fixed1,"[[[[[2,[""relation"",""relation""]],1],[[2,[""relation"",""relation""]],1],[[2,[""relation"",""relation""]],0]]],[2,[""relation"",""relation""]]]",1.0
2,12,position_fixed1,"[[[[[2,[""relation"",""relation""]],1],[[2,[""relation"",""relation""]],1],[[2,[""relation"",""relation""]],1],[[2,[""relation"",""relation""]],0]]],[2,[""entity"",""entity""]]]",1.0
2,12,position_fixed1,"[[[[[2,[""relation"",""relation""]],1],[[2,[""relation"",""relation""]],1],[[2,[""relation"",""relation""]],1],[[2,[""relation"",""relation""]],1]]],[2,[""entity"",""entity""]]]",1.0
2,12,position_fixed1,"[[[[[2,[""relation"",""relation""]],1],[[2,[""relation"",""relation""]],1],[[2,[""relation"",""relation""]],1]]],[2,[""relation"",""relation""]]]",1.0
2,12,position_fixed1,"[[[[[2,[""relation"",""relation""]],1],[[2,[""relation"",""relation""]],1]]],[2,[""relation"",""relation""]]]",1.0
2,12,position_fixed1,"[[[[[2,[""relation"",""relation""]],1]]],[2,[""relation"",""relation""]]]",1.0
2,12,position_fixed1,"[[[]],[1,[""entity""]]]",1.0
2,12,position_fixed1,"[[[]],[2,[""entity"",""entity""]]]",1.0
2,12,position_fixed1,"[[[]],[2,[""relation"",""relation""]]]",1.0
2,13,global_e01,"[[[[[2,[""relation"",""relation""]],0]]],[1,[""entity""]]]",1.4906833748423896
2,13,global_e01,"[[[[[2,[""relation"",""relation""]],1],[[2,[""relation"",""relation""]],0],[[2,[""relation"",""relation""]],0],[[2,[""relation"",""relation""]],1]]],[2,[""entity"",""entity""]]]",0.0
2,13,global_e01,"[[[[[2,[""relation"",""relation""]],1],[[2,[""relation"",""relation""]],0],[[2,[""relation"",""relation""]],0]]],[2,[""relation"",""relation""]]]",0.5807320888885582
2,13,global_e01,"[[[[[2,[""relation"",""relation""]],1],[[2,[""relation"",""relation""]],0],[[2,[""relation"",""relation""]],1],[[2,[""relation"",""relation""]],0]]],[2,[""entity"",""entity""]]]",0.11993126968354367
2,13,global_e01,"[[[[[2,[""relation"",""relation""]],1],[[2,[""relation"",""relation""]],0],[[2,[""relation"",""relation""]],1],[[2,[""relation"",""relation""]],1]]],[2,[""entity"",""entity""]]]",0.16169445781047798
2,13,global_e01,"[[[[[2,[""relation"",""relation""]],1],[[2,[""relation"",""relation""]],0],[[2,[""relation"",""relation""]],1]]],[2,[""relation"",""relation""]]]",0.2265074769065521
2,13,global_e01,"[[[[[2,[""relation"",""relation""]],1],[[2,[""relation"",""relation""]],0]]],[2,[""relation"",""relation""]]]",0.23854590038325285
2,13,global_e01,"[[[[[2,[""relation"",""relation""]],1],[[2,[""relation"",""relation""]],1],[[2,[""relation"",""relation""]],0],[[2,[""relation"",""relation""]],0]]],[2,[""entity"",""entity""]]]",0.21690251860931165
2,13,global_e01,"[[[[[2,[""relation"",""relation""]],1],[[2,[""relation"",""relation""]],1],[[2,[""relation"",""relation""]],0],[[2,[""relation"",""relation""]],1]]],[2,[""entity"",""entity""]]]",0.13856253980520686
2,13,global_e01,"[[[[[2,[""relation"",""relation""]],1],[[2,[""relation"",""relation""]],1],[[2,[""relation"",""relation""]],0]]],[2,[""relation"",""relation""]]]",0.2424712594527943
2,13,global_e01,"[[[[[2,[""relation"",""relation""]],1],[[2,[""relation"",""relation""]],1],[[2,[""relation"",""relation""]],1],[[2,[""relation"",""relation""]],0]]],[2,[""entity"",""entity""]]]",0.2754883200720716
2,13,global_e01,"[[[[[2,[""relation"",""relation""]],1],[[2,[""relation"",""relation""]],1],[[2,[""relation"",""relation""]],1],[[2,[""relation"",""relation""]],1]]],[2,[""entity"",""entity""]]]",0.3068187057742749
2,13,global_e01,"[[[[[2,[""relation"",""relation""]],1],[[2,[""relation"",""relation""]],1],[[2,[""relation"",""relation""]],1]]],[2,[""relation"",""relation""]]]",0.2396376944527029
2,13,global_e01,"[[[[[2,[""relation"",""relation""]],1],[[2,[""relation"",""relation""]],1]]],[2,[""relation"",""relation""]]]",0.2456814566244261
2,13,global_e01,"[[[[[2,[""relation"",""relation""]],1]]],[2,[""relation"",""relation""]]]",0.23854590038325285
2,13,global_e01,"[[[]],[1,[""entity""]]]",0.0
2,13,global_e01,"[[[]],[2,[""entity"",""entity""]]]",0.0
2,13,global_e01,"[[[]],[2,[""relation"",""relation""]]]",0.23854590038325285
2,13,global_e05,"[[[[[2,[""relation"",""relation""]],0]]],[1,[""entity""]]]",2.5042791395760506
2,13,global_e05,"[[[[[2,[""relation"",""relation""]],1],[[2,[""relation"",""relation""]],0],[[2,[""relation"",""relation""]],0],[[2,[""relation"",""relation""]],1]]],[2,[""entity"",""entity""]]]",0.0
2,13,global_e05,"[[[[[2,[""relation"",""relation""]],1],[[2,[""relation"",""relation""]],0],[[2,[""relation"",""relation""]],0]]],[2,[""relation"",""relation""]]]",1.229363035601737
2,13,global_e05,"[[[[[2,[""relation"",""relation""]],1],[[2,[""relation"",""relation""]],0],[[2,[""relation"",""relation""]],1],[[2,[""relation"",""relation""]],0]]],[2,[""entity"",""entity""]]]",0.2037936177046809
2,13,global_e05,"[[[[[2,[""relation"",""relation""]],1],[[2,[""relation"",""relation""]],0],[[2,[""relation"",""relation""]],1],[[2,[""relation"",""relation""]],1]]],[2,[""entity"",""entity""]]]",0.2946727788091933
2,13,global_e05,"[[[[[2,[""relation"",""relation""]],1],[[2,[""relation"",""relation""]],0],[[2,[""relation"",""relation""]],1]]],[2,[""relation"",""relation""]]]",0.42619353369510826
2,13,global_e05,"[[[[[2,[""relation"",""relation""]],1],[[2,[""relation"",""relation""]],0]]],[2,[""relation"",""relation""]]]",0.40221931646143727
2,13,global_e05,"[[[[[2,[""relation"",""relation""]],1],[[2,[""relation"",""relation""]],1],[[2,[""relation"",""relation""]],0],[[2,[""relation"",""relation""]],0]]],[2,[""entity"",""entity""]]]",0.35726429205437493
2,13,global_e05,"[[[[[2,[""relation"",""relation""]],1],[[2,[""relation"",""relation""]],1],[[2,[""relation"",""relation""]],0],[[2,[""relation"",""relation""]],1]]],[2,[""entity"",""entity""]]]",0.0
2,13,global_e05,"[[[[[2,[""relation"",""relation""]],1],[[2,[""relation"",""relation""]],1],[[2,[""relation"",""relation""]],0]]],[2,[""relation"",""relation""]]]",0.37004129796676855
2,13,global_e05,"[[[[[2,[""relation"",""relation""]],1],[[2,[""relation"",""relation""]],1],[[2,[""relation"",""relation""]],1],[[2,[""relation"",""relation""]],0]]],[2,[""entity"",""entity""]]]",0.39923430117300807
2,13,global_e05,"[[[[[2,[""relation"",""relation""]],1],[[2,[""relation"",""relation""]],1],[[2,[""relation"",""relation""]],1],[[2,[""relation"",""relation""]],1]]],[2,[""entity"",""entity""]]]",0.5575070394315114
2,13,global_e05,"[[[[[2,[""relation"",""relation""]],1],[[2,[""relation"",""relation""]],1],[[2,[""relation"",""relation""]],1]]],[2,[""relation"",""relation""]]]",0.37122439387005657
2,13,global_e05,"[[[[[2,[""relation"",""relation""]],1],[[2,[""relation"",""relation""]],1]]],[2,[""relation"",""relation""]]]",0.3729832846576051
2,13,global_e05,"[[[[[2,[""relation"",""relation""]],1]]],[2,[""relation"",""relation""]]]",0.40221931646143727
2,13,global_e05,"[[[]],[1,[""entity""]]]",0.0
2,13,global_e05,"[[[]],[2,[""entity"",""entity""]]]",0.0
2,13,global_e05,"[[[]],[2,[""relation"",""relation""]]]",0.40221931646143727
2,13,position_e01,"[[[[[2,[""relation"",""relation""]],0]]],[1,[""entity""]]]",1.4673052905686428
2,13,position_e01,"[[[[[2,[""relation"",""relation""]],1],[[2,[""relation"",""relation""]],0],[[2,[""relation"",""relation""]],0],[[2,[""relation"",""relation""]],1]]],[2,[""entity"",""entity""]]]",0.0
2,13,position_e01,"[[[[[2,[""relation"",""relation""]],1],[[2,[""relation"",""relation""]],0],[[2,[""relation"",""relation""]],0]]],[2,[""relation"",""relation""]]]",0.0
2,13,position_e01,"[[[[[2,[""relation"",""relation""]],1],[[2,[""relation"",""relation""]],0],[[2,[""relation"",""relation""]],1],[[2,[""relation"",""relation""]],0]]],[2,[""entity"",""entity""]]]",0.0
2,13,position_e01,"[[[[[2,[""relation"",""relation""]],1],[[2,[""relation"",""relation""]],0],[[2,[""relation"",""relation""]],1],[[2,[""relation"",""relation""]],1]]],[2,[""entity"",""entity""]]]",0.0
2,13,position_e01,"[[[[[2,[""relation"",""relation""]],1],[[2,[""relation"",""relation""]],0],[[2,[""relation"",""relation""]],1]]],[2,[""relation"",""relation""]]]",0.0
2,13,position_e01,"[[[[[2,[""relation"",""relation""]],1],[[2,[""relation"",""relation""]],0]]],[2,[""relation"",""relation""]]]",0.0
2,13,position_e01,"[[[[[2,[""relation"",""relation""]],1],[[2,[""relation"",""relation""]],1],[[2,[""relation"",""relation""]],0],[[2,[""relation"",""relation""]],0]]],[2,[""entity"",""entity""]]]",0.6456509910722913
2,13,position_e01,"[[[[[2,[""relation"",""relation""]],1],[[2,[""relation"",""relation""]],1],[[2,[""relation"",""relation""]],0],[[2,[""relation"",""relation""]],1]]],[2,[""entity"",""entity""]]]",0.6788975114024067
2,13,position_e01,"[[[[[2,[""relation"",""relation""]],1],[[2,[""relation"",""relation""]],1],[[2,[""relation"",""relation""]],0]]],[2,[""relation"",""relation""]]]",0.8329634779835056
2,13,position_e01,"[[[[[2,[""relation"",""relation""]],1],[[2,[""relation"",""relation""]],1],[[2,[""relation"",""relation""]],1],[[2,[""relation"",""relation""]],0]]],[2,[""entity"",""entity""]]]",0.7061851433228984
2,13,position_e01,"[[[[[2,[""relation"",""relation""]],1],[[2,[""relation"",""relation""]],1],[[2,[""relation"",""relation""]],1],[[2,[""relation"",""relation""]],1]]],[2,[""entity"",""entity""]]]",0.691399271986751
2,13,position_e01,"[[[[[2,[""relation"",""relation""]],1],[[2,[""relation"",""relation""]],1],[[2,[""relation"",""relation""]],1]]],[2,[""relation"",""relation""]]]",0.8274271061095817
2,13,position_e01,"[[[[[2,[""relation"",""relation""]],1],[[2,[""relation"",""relation""]],1]]],[2,[""relation"",""relation""]]]",0.8500139167777051
2,13,position_e01,"[[[[[2,[""relation"",""relation""]],1]]],[2,[""relation"",""relation""]]]",0.0
2,13,position_e01,"[[[]],[1,[""entity""]]]",0.0
2,13,position_e01,"[[[]],[2,[""entity"",""entity""]]]",0.0
2,13,position_e01,"[[[]],[2,[""relation"",""relation""]]]",0.0
2,13,position_e05,"[[[[[2,[""relation"",""relation""]],0]]],[1,[""entity""]]]",2.94216189118423
2,13,position_e05,"[[[[[2,[""relation"",""relation""]],1],[[2,[""relation"",""relation""]],0],[[2,[""relation"",""relation""]],0],[[2,[""relation"",""relation""]],1]]],[2,[""entity"",""entity""]]]",0.0
2,13,position_e05,"[[[[[2,[""relation"",""relation""]],1],[[2,[""relation"",""relation""]],0],[[2,[""relation"",""relation""]],0]]],[2,[""relation"",""relation""]]]",0.0
2,13,position_e05,"[[[[[2,[""relation"",""relation""]],1],[[2,[""relation"",""relation""]],0],[[2,[""relation"",""relation""]],1],[[2,[""relation"",""relation""]],0]]],[2,[""entity"",""entity""]]]",0.0
2,13,position_e05,"[[[[[2,[""relation"",""relation""]],1],[[2,[""relation"",""relation""]],0],[[2,[""relation"",""relation""]],1],[[2,[""relation"",""relation""]],1]]],[2,[""entity"",""entity""]]]",0.0
2,13,position_e05,"[[[[[2,[""relation"",""relation""]],1],[[2,[""relation"",""relation""]],0],[[2,[""relation"",""relation""]],1]]],[2,[""relation"",""relation""]]]",0.0
2,13,position_e05,"[[[[[2,[""relation"",""relation""]],1],[[2,[""relation"",""relation""]],0]]],[2,[""relation"",""relation""]]]",0.0
2,13,position_e05,"[[[[[2,[""relation"",""relation""]],1],[[2,[""relation"",""relation""]],1],[[2,[""relation"",""relation""]],0],[[2,[""relation"",""relation""]],0]]],[2,[""entity"",""entity""]]]",0.9257231135285341
2,13,position_e05,"[[[[[2,[""relation"",""relation""]],1],[[2,[""relation"",""relation""]],1],[[2,[""relation"",""relation""]],0],[[2,[""relation"",""relation""]],1]]],[2,[""entity"",""entity""]]]",0.9572117186655578
2,13,position_e05,"[[[[[2,[""relation"",""relation""]],1],[[2,[""relation"",""relation""]],1],[[2,[""relation"",""relation""]],0]]],[2,[""relation"",""relation""]]]",1.532428253818635
2,13,position_e05,"[[[[[2,[""relation"",""relation""]],1],[[2,[""relation"",""relation""]],1],[[2,[""relation"",""relation""]],1],[[2,[""relation"",""relation""]],0]]],[2,[""entity"",""entity""]]]",1.110578467700199
2,13,position_e05,"[[[[[2,[""relation"",""relation""]],1],[[2,[""relation"",""relation""]],1],[[2,[""relation"",""relation""]],1],[[2,[""relation"",""relation""]],1]]],[2,[""entity"",""entity""]]]",1.2923614536081058
2,13,position_e05,"[[[[[2,[""relation"",""relation""]],1],[[2,[""relation"",""relation""]],1],[[2,[""relation"",""relation""]],1]]],[2,[""relation"",""relation""]]]",1.55198312028534
2,13,position_e05,"[[[[[2,[""relation"",""relation""]],1],[[2,[""relation"",""relation""]],1]]],[2,[""relation"",""relation""]]]",1.5733789302047951
2,13,position_e05,"[[[[[2,[""relation"",""relation""]],1]]],[2,[""relation"",""relation""]]]",0.0
2,13,position_e05,"[[[]],[1,[""entity""]]]",0.0
2,13,position_e05,"[[[]],[2,[""entity"",""entity""]]]",0.0
2,13,position_e05,"[[[]],[2,[""relation"",""relation""]]]",0.0
2,13,global_fixed1,"[[[[[2,[""relation"",""relation""]],0]]],[1,[""entity""]]]",1.0
2,13,global_fixed1,"[[[[[2,[""relation"",""relation""]],1],[[2,[""relation"",""relation""]],0],[[2,[""relation"",""relation""]],0],[[2,[""relation"",""relation""]],1]]],[2,[""entity"",""entity""]]]",1.0
2,13,global_fixed1,"[[[[[2,[""relation"",""relation""]],1],[[2,[""relation"",""relation""]],0],[[2,[""relation"",""relation""]],0]]],[2,[""relation"",""relation""]]]",1.0
2,13,global_fixed1,"[[[[[2,[""relation"",""relation""]],1],[[2,[""relation"",""relation""]],0],[[2,[""relation"",""relation""]],1],[[2,[""relation"",""relation""]],0]]],[2,[""entity"",""entity""]]]",1.0
2,13,global_fixed1,"[[[[[2,[""relation"",""relation""]],1],[[2,[""relation"",""relation""]],0],[[2,[""relation"",""relation""]],1],[[2,[""relation"",""relation""]],1]]],[2,[""entity"",""entity""]]]",1.0
2,13,global_fixed1,"[[[[[2,[""relation"",""relation""]],1],[[2,[""relation"",""relation""]],0],[[2,[""relation"",""relation""]],1]]],[2,[""relation"",""relation""]]]",1.0
2,13,global_fixed1,"[[[[[2,[""relation"",""relation""]],1],[[2,[""relation"",""relation""]],0]]],[2,[""relation"",""relation""]]]",1.0
2,13,global_fixed1,"[[[[[2,[""relation"",""relation""]],1],[[2,[""relation"",""relation""]],1],[[2,[""relation"",""relation""]],0],[[2,[""relation"",""relation""]],0]]],[2,[""entity"",""entity""]]]",1.0
2,13,global_fixed1,"[[[[[2,[""relation"",""relation""]],1],[[2,[""relation"",""relation""]],1],[[2,[""relation"",""relation""]],0],[[2,[""relation"",""relation""]],1]]],[2,[""entity"",""entity""]]]",1.0
2,13,global_fixed1,"[[[[[2,[""relation"",""relation""]],1],[[2,[""relation"",""relation""]],1],[[2,[""relation"",""relation""]],0]]],[2,[""relation"",""relation""]]]",1.0
2,13,global_fixed1,"[[[[[2,[""relation"",""relation""]],1],[[2,[""relation"",""relation""]],1],[[2,[""relation"",""relation""]],1],[[2,[""relation"",""relation""]],0]]],[2,[""entity"",""entity""]]]",1.0
2,13,global_fixed1,"[[[[[2,[""relation"",""relation""]],1],[[2,[""relation"",""relation""]],1],[[2,[""relation"",""relation""]],1],[[2,[""relation"",""relation""]],1]]],[2,[""entity"",""entity""]]]",1.0
2,13,global_fixed1,"[[[[[2,[""relation"",""relation""]],1],[[2,[""relation"",""relation""]],1],[[2,[""relation"",""relation""]],1]]],[2,[""relation"",""relation""]]]",1.0
2,13,global_fixed1,"[[[[[2,[""relation"",""relation""]],1],[[2,[""relation"",""relation""]],1]]],[2,[""relation"",""relation""]]]",1.0
2,13,global_fixed1,"[[[[[2,[""relation"",""relation""]],1]]],[2,[""relation"",""relation""]]]",1.0
2,13,global_fixed1,"[[[]],[1,[""entity""]]]",1.0
2,13,global_fixed1,"[[[]],[2,[""entity"",""entity""]]]",1.0
2,13,global_fixed1,"[[[]],[2,[""relation"",""relation""]]]",1.0
2,13,position_fixed1,"[[[[[2,[""relation"",""relation""]],0]]],[1,[""entity""]]]",1.0
2,13,position_fixed1,"[[[[[2,[""relation"",""relation""]],1],[[2,[""relation"",""relation""]],0],[[2,[""relation"",""relation""]],0],[[2,[""relation"",""relation""]],1]]],[2,[""entity"",""entity""]]]",1.0
2,13,position_fixed1,"[[[[[2,[""relation"",""relation""]],1],[[2,[""relation"",""relation""]],0],[[2,[""relation"",""relation""]],0]]],[2,[""relation"",""relation""]]]",1.0
2,13,position_fixed1,"[[[[[2,[""relation"",""relation""]],1],[[2,[""relation"",""relation""]],0],[[2,[""relation"",""relation""]],1],[[2,[""relation"",""relation""]],0]]],[2,[""entity"",""entity""]]]",1.0
2,13,position_fixed1,"[[[[[2,[""relation"",""relation""]],1],[[2,[""relation"",""relation""]],0],[[2,[""relation"",""relation""]],1],[[2,[""relation"",""relation""]],1]]],[2,[""entity"",""entity""]]]",1.0
2,13,position_fixed1,"[[[[[2,[""relation"",""relation""]],1],[[2,[""relation"",""relation""]],0],[[2,[""relation"",""relation""]],1]]],[2,[""relation"",""relation""]]]",1.0
2,13,position_fixed1,"[[[[[2,[""relation"",""relation""]],1],[[2,[""relation"",""relation""]],0]]],[2,[""relation"",""relation""]]]",1.0
2,13,position_fixed1,"[[[[[2,[""relation"",""relation""]],1],[[2,[""relation"",""relation""]],1],[[2,[""relation"",""relation""]],0],[[2,[""relation"",""relation""]],0]]],[2,[""entity"",""entity""]]]",1.0
2,13,position_fixed1,"[[[[[2,[""relation"",""relation""]],1],[[2,[""relation"",""relation""]],1],[[2,[""relation"",""relation""]],0],[[2,[""relation"",""relation""]],1]]],[2,[""entity"",""entity""]]]",1.0
2,13,position_fixed1,"[[[[[2,[""relation"",""relation""]],1],[[2,[""relation"",""relation""]],1],[[2,[""relation"",""relation""]],0]]],[2,[""relation"",""relation""]]]",1.0
2,13,position_fixed1,"[[[[[2,[""relation"",""relation""]],1],[[2,[""relation"",""relation""]],1],[[2,[""relation"",""relation""]],1],[[2,[""relation"",""relation""]],0]]],[2,[""entity"",""entity""]]]",1.0
2,13,position_fixed1,"[[[[[2,[""relation"",""relation""]],1],[[2,[""relation"",""relation""]],1],[[2,[""relation"",""relation""]],1],[[2,[""relation"",""relation""]],1]]],[2,[""entity"",""entity""]]]",1.0
2,13,position_fixed1,"[[[[[2,[""relation"",""relation""]],1],[[2,[""relation"",""relation""]],1],[[2,[""relation"",""relation""]],1]]],[2,[""relation"",""relation""]]]",1.0
2,13,position_fixed1,"[[[[[2,[""relation"",""relation""]],1],[[2,[""relation"",""relation""]],1]]],[2,[""relation"",""relation""]]]",1.0
2,13,position_fixed1,"[[[[[2,[""relation"",""relation""]],1]]],[2,[""relation"",""relation""]]]",1.0
2,13,position_fixed1,"[[[]],[1,[""entity""]]]",1.0
2,13,position_fixed1,"[[[]],[2,[""entity"",""entity""]]]",1.0
2,13,position_fixed1,"[[[]],[2,[""relation"",""relation""]]]",1.0
2,14,global_e01,"[[[[[2,[""relation"",""relation""]],0]]],[1,[""entity""]]]",1.4681345432453443
2,14,global_e01,"[[[[[2,[""relation"",""relation""]],1],[[2,[""relation"",""relation""]],0],[[2,[""relation"",""relation""]],0],[[2,[""relation"",""relation""]],1]]],[2,[""entity"",""entity""]]]",0.07141851417043225
2,14,global_e01,"[[[[[2,[""relation"",""relation""]],1],[[2,[""relation"",""relation""]],0],[[2,[""relation"",""relation""]],0]]],[2,[""relation"",""relation""]]]",0.07178392202712852
2,14,global_e01,"[[[[[2,[""relation"",""relation""]],1],[[2,[""relation"",""relation""]],0],[[2,[""relation"",""relation""]],1],[[2,[""relation"",""relation""]],0]]],[2,[""entity"",""entity""]]]",0.07616550089540439
2,14,global_e01,"[[[[[2,[""relation"",""relation""]],1],[[2,[""relation"",""relation""]],0],[[2,[""relation"",""relation""]],1],[[2,[""relation"",""relation""]],1]]],[2,[""entity"",""entity""]]]",0.0
2,14,global_e01,"[[[[[2,[""relation"",""relation""]],1],[[2,[""relation"",""relation""]],0],[[2,[""relation"",""relation""]],1]]],[2,[""relation"",""relation""]]]",0.0772770464230934
2,14,global_e01,"[[[[[2,[""relation"",""relation""]],1],[[2,[""relation"",""relation""]],0]]],[2,[""relation"",""relation""]]]",0.10165530512760057
2,14,global_e01,"[[[[[2,[""relation"",""relation""]],1],[[2,[""relation"",""relation""]],1],[[2,[""relation"",""relation""]],0],[[2,[""relation"",""relation""]],0]]],[2,[""entity"",""entity""]]]",0.06468367815179646
2,14,global_e01,"[[[[[2,[""relation"",""relation""]],1],[[2,[""relation"",""relation""]],1],[[2,[""relation"",""relation""]],0],[[2,[""relation"",""relation""]],1]]],[2,[""entity"",""entity""]]]",0.10921977756310093
2,14,global_e01,"[[[[[2,[""relation"",""relation""]],1],[[2,[""relation"",""relation""]],1],[[2,[""relation"",""relation""]],0]]],[2,[""relation"",""relation""]]]",0.11495254182487716
2,14,global_e01,"[[[[[2,[""relation"",""relation""]],1],[[2,[""relation"",""relation""]],1],[[2,[""relation"",""relation""]],1],[[2,[""relation"",""relation""]],0]]],[2,[""entity"",""entity""]]]",0.11645611650341209
2,14,global_e01,"[[[[[2,[""relation"",""relation""]],1],[[2,[""relation"",""relation""]],1],[[2,[""relation"",""relation""]],1],[[2,[""relation"",""relation""]],1]]],[2,[""entity"",""entity""]]]",0.11926298147993289
2,14,global_e01,"[[[[[2,[""relation"",""relation""]],1],[[2,[""relation"",""relation""]],1],[[2,[""relation"",""relation""]],1]]],[2,[""relation"",""relation""]]]",0.13429220295841418
2,14,global_e01,"[[[[[2,[""relation"",""relation""]],1],[[2,[""relation"",""relation""]],1]]],[2,[""relation"",""relation""]]]",0.12776819578733553
2,14,global_e01,"[[[[[2,[""relation"",""relation""]],1]]],[2,[""relation"",""relation""]]]",0.10165530512760057
2,14,global_e01,"[[[]],[1,[""entity""]]]",0.0
2,14,global_e01,"[[[]],[2,[""entity"",""entity""]]]",0.0
2,14,global_e01,"[[[]],[2,[""relation"",""relation""]]]",0.07178392202712852
2,14,global_e05,"[[[[[2,[""relation"",""relation""]],0]]],[1,[""entity""]]]",2.0434102267921244
2,14,global_e05,"[[[[[2,[""relation"",""relation""]],1],[[2,[""relation"",""relation""]],0],[[2,[""relation"",""relation""]],0],[[2,[""relation"",""relation""]],1]]],[2,[""entity"",""entity""]]]",0.1353646917316716
2,14,global_e05,"[[[[[2,[""relation"",""relation""]],1],[[2,[""relation"",""relation""]],0],[[2,[""relation"",""relation""]],0]]],[2,[""relation"",""relation""]]]",0.1422504449468248
2,14,global_e05,"[[[[[2,[""relation"",""relation""]],1],[[2,[""relation"",""relation""]],0],[[2,[""relation"",""relation""]],1],[[2,[""relation"",""relation""]],0]]],[2,[""entity"",""entity""]]]",0.147472306320546
2,14,global_e05,"[[[[[2,[""relation"",""relation""]],1],[[2,[""relation"",""relation""]],0],[[2,[""relation"",""relation""]],1],[[2,[""relation"",""relation""]],1]]],[2,[""entity"",""entity""]]]",0.0
2,14,global_e05,"[[[[[2,[""relation"",""relation""]],1],[[2,[""relation"",""relation""]],0],[[2,[""relation"",""relation""]],1]]],[2,[""relation"",""relation""]]]",0.1422504449468248
2,14,global_e05,"[[[[[2,[""relation"",""relation""]],1],[[2,[""relation"",""relation""]],0]]],[2,[""relation"",""relation""]]]",0.1422504449468248
2,14,global_e05,"[[[[[2,[""relation"",""relation""]],1],[[2,[""relation"",""relation""]],1],[[2,[""relation"",""relation""]],0],[[2,[""relation"",""relation""]],0]]],[2,[""entity"",""entity""]]]",0.3082580129954554
2,14,global_e05,"[[[[[2,[""relation"",""relation""]],1],[[2,[""relation"",""relation""]],1],[[2,[""relation"",""relation""]],0],[[2,[""relation"",""relation""]],1]]],[2,[""entity"",""entity""]]]",0.19439583622575127
2,14,global_e05,"[[[[[2,[""relation"",""relation""]],1],[[2,[""relation"",""relation""]],1],[[2,[""relation"",""relation""]],0]]],[2,[""relation"",""relation""]]]",0.38962629381780955
2,14,global_e05,"[[[[[2,[""relation"",""relation""]],1],[[2,[""relation"",""relation""]],1],[[2,[""relation"",""relation""]],1],[[2,[""relation"",""relation""]],0]]],[2,[""entity"",""entity""]]]",0.21386051978548584
2,14,global_e05,"[[[[[2,[""relation"",""relation""]],1],[[2,[""relation"",""relation""]],1],[[2,[""relation"",""relation""]],1],[[2,[""relation"",""relation""]],1]]],[2,[""entity"",""entity""]]]",0.21814308839298102
2,14,global_e05,"[[[[[2,[""relation"",""relation""]],1],[[2,[""relation"",""relation""]],1],[[2,[""relation"",""relation""]],1]]],[2,[""relation"",""relation""]]]",0.38962629381780955
2,14,global_e05,"[[[[[2,[""relation"",""relation""]],1],[[2,[""relation"",""relation""]],1]]],[2,[""relation"",""relation""]]]",0.38962629381780955
2,14,global_e05,"[[[[[2,[""relation"",""relation""]],1]]],[2,[""relation"",""relation""]]]",0.1422504449468248
2,14,global_e05,"[[[]],[1,[""entity""]]]",0.0
2,14,global_e05,"[[[]],[2,[""entity"",""entity""]]]",0.0
2,14,global_e05,"[[[]],[2,[""relation"",""relation""]]]",0.1422504449468248
2,14,position_e01,"[[[[[2,[""relation"",""relation""]],0]]],[1,[""entity""]]]",1.440416870112987
2,14,position_e01,"[[[[[2,[""relation"",""relation""]],1],[[2,[""relation"",""relation""]],0],[[2,[""relation"",""relation""]],0],[[2,[""relation"",""relation""]],1]]],[2,[""entity"",""entity""]]]",0.0
2,14,position_e01,"[[[[[2,[""relation"",""relation""]],1],[[2,[""relation"",""relation""]],0],[[2,[""relation"",""relation""]],0]]],[2,[""relation"",""relation""]]]",0.0
2,14,position_e01,"[[[[[2,[""relation"",""relation""]],1],[[2,[""relation"",""relation""]],0],[[2,[""relation"",""relation""]],1],[[2,[""relation"",""relation""]],0]]],[2,[""entity"",""entity""]]]",0.0
2,14,position_e01,"[[[[[2,[""relation"",""relation""]],1],[[2,[""relation"",""relation""]],0],[[2,[""relation"",""relation""]],1],[[2,[""relation"",""relation""]],1]]],[2,[""entity"",""entity""]]]",0.0
2,14,position_e01,"[[[[[2,[""relation"",""relation""]],1],[[2,[""relation"",""relation""]],0],[[2,[""relation"",""relation""]],1]]],[2,[""relation"",""relation""]]]",0.0
2,14,position_e01,"[[[[[2,[""relation"",""relation""]],1],[[2,[""relation"",""relation""]],0]]],[2,[""relation"",""relation""]]]",0.0
2,14,position_e01,"[[[[[2,[""relation"",""relation""]],1],[[2,[""relation"",""relation""]],1],[[2,[""relation"",""relation""]],0],[[2,[""relation"",""relation""]],0]]],[2,[""entity"",""entity""]]]",0.617532648549058
2,14,position_e01,"[[[[[2,[""relation"",""relation""]],1],[[2,[""relation"",""relation""]],1],[[2,[""relation"",""relation""]],0],[[2,[""relation"",""relation""]],1]]],[2,[""entity"",""entity""]]]",0.6064664037249134
2,14,position_e01,"[[[[[2,[""relation"",""relation""]],1],[[2,[""relation"",""relation""]],1],[[2,[""relation"",""relation""]],0]]],[2,[""relation"",""relation""]]]",0.7608632443920225
2,14,position_e01,"[[[[[2,[""relation"",""relation""]],1],[[2,[""relation"",""relation""]],1],[[2,[""relation"",""relation""]],1],[[2,[""relation"",""relation""]],0]]],[2,[""entity"",""entity""]]]",0.597680528893734
2,14,position_e01,"[[[[[2,[""relation"",""relation""]],1],[[2,[""relation"",""relation""]],1],[[2,[""relation"",""relation""]],1],[[2,[""relation"",""relation""]],1]]],[2,[""entity"",""entity""]]]",0.5949127114629087
2,14,position_e01,"[[[[[2,[""relation"",""relation""]],1],[[2,[""relation"",""relation""]],1],[[2,[""relation"",""relation""]],1]]],[2,[""relation"",""relation""]]]",0.7766161340355198
2,14,position_e01,"[[[[[2,[""relation"",""relation""]],1],[[2,[""relation"",""relation""]],1]]],[2,[""relation"",""relation""]]]",0.7695849420145282
2,14,position_e01,"[[[[[2,[""relation"",""relation""]],1]]],[2,[""relation"",""relation""]]]",0.0
2,14,position_e01,"[[[]],[1,[""entity""]]]",0.0
2,14,position_e01,"[[[]],[2,[""entity"",""entity""]]]",0.0
2,14,position_e01,"[[[]],[2,[""relation"",""relation""]]]",0.0
2,14,position_e05,"[[[[[2,[""relation"",""relation""]],0]]],[1,[""entity""]]]",2.9322928470438185
2,14,position_e05,"[[[[[2,[""relation"",""relation""]],1],[[2,[""relation"",""relation""]],0],[[2,[""relation"",""relation""]],0],[[2,[""relation"",""relation""]],1]]],[2,[""entity"",""entity""]]]",0.0
2,14,position_e05,"[[[[[2,[""relation"",""relation""]],1],[[2,[""relation"",""relation""]],0],[[2,[""relation"",""relation""]],0]]],[2,[""relation"",""relation""]]]",0.0
2,14,position_e05,"[[[[[2,[""relation"",""relation""]],1],[[2,[""relation"",""relation""]],0],[[2,[""relation"",""relation""]],1],[[2,[""relation"",""relation""]],0]]],[2,[""entity"",""entity""]]]",0.0
2,14,position_e05,"[[[[[2,[""relation"",""relation""]],1],[[2,[""relation"",""relation""]],0],[[2,[""relation"",""relation""]],1],[[2,[""relation"",""relation""]],1]]],[2,[""entity"",""entity""]]]",0.0
2,14,position_e05,"[[[[[2,[""relation"",""relation""]],1],[[2,[""relation"",""relation""]],0],[[2,[""relation"",""relation""]],1]]],[2,[""relation"",""relation""]]]",0.0
2,14,position_e05,"[[[[[2,[""relation"",""relation""]],1],[[2,[""relation"",""relation""]],0]]],[2,[""relation"",""relation""]]]",0.0
2,14,position_e05,"[[[[[2,[""relation"",""relation""]],1],[[2,[""relation"",""relation""]],1],[[2,[""relation"",""relation""]],0],[[2,[""relation"",""relation""]],0]]],[2,[""entity"",""entity""]]]",0.6545454350970801
2,14,position_e05,"[[[[[2,[""relation"",""relation""]],1],[[2,[""relation"",""relation""]],1],[[2,[""relation"",""relation""]],0],[[2,[""relation"",""relation""]],1]]],[2,[""entity"",""entity""]]]",0.5957536661089142
2,14,position_e05,"[[[[[2,[""relation"",""relation""]],1],[[2,[""relation"",""relation""]],1],[[2,[""relation"",""relation""]],0]]],[2,[""relation"",""relation""]]]",1.1281060948715882
2,14,position_e05,"[[[[[2,[""relation"",""relation""]],1],[[2,[""relation"",""relation""]],1],[[2,[""relation"",""relation""]],1],[[2,[""relation"",""relation""]],0]]],[2,[""entity"",""entity""]]]",0.47071124284577925
2,14,position_e05,"[[[[[2,[""relation"",""relation""]],1],[[2,[""relation"",""relation""]],1],[[2,[""relation"",""relation""]],1],[[2,[""relation"",""relation""]],1]]],[2,[""entity"",""entity""]]]",0.5777231290245701
2,14,position_e05,"[[[[[2,[""relation"",""relation""]],1],[[2,[""relation"",""relation""]],1],[[2,[""relation"",""relation""]],1]]],[2,[""relation"",""relation""]]]",1.1773922481378007
2,14,position_e05,"[[[[[2,[""relation"",""relation""]],1],[[2,[""relation"",""relation""]],1]]],[2,[""relation"",""relation""]]]",1.1273182994201556
2,14,position_e05,"[[[[[2,[""relation"",""relation""]],1]]],[2,[""relation"",""relation""]]]",0.0
2,14,position_e05,"[[[]],[1,[""entity""]]]",0.0
2,14,position_e05,"[[[]],[2,[""entity"",""entity""]]]",0.0
2,14,position_e05,"[[[]],[2,[""relation"",""relation""]]]",0.0
2,14,global_fixed1,"[[[[[2,[""relation"",""relation""]],0]]],[1,[""entity""]]]",1.0
2,14,global_fixed1,"[[[[[2,[""relation"",""relation""]],1],[[2,[""relation"",""relation""]],0],[[2,[""relation"",""relation""]],0],[[2,[""relation"",""relation""]],1]]],[2,[""entity"",""entity""]]]",1.0
2,14,global_fixed1,"[[[[[2,[""relation"",""relation""]],1],[[2,[""relation"",""relation""]],0],[[2,[""relation"",""relation""]],0]]],[2,[""relation"",""relation""]]]",1.0
2,14,global_fixed1,"[[[[[2,[""relation"",""relation""]],1],[[2,[""relation"",""relation""]],0],[[2,[""relation"",""relation""]],1],[[2,[""relation"",""relation""]],0]]],[2,[""entity"",""entity""]]]",1.0
2,14,global_fixed1,"[[[[[2,[""relation"",""relation""]],1],[[2,[""relation"",""relation""]],0],[[2,[""relation"",""relation""]],1],[[2,[""relation"",""relation""]],1]]],[2,[""entity"",""entity""]]]",1.0
2,14,global_fixed1,"[[[[[2,[""relation"",""relation""]],1],[[2,[""relation"",""relation""]],0],[[2,[""relation"",""relation""]],1]]],[2,[""relation"",""relation""]]]",1.0
2,14,global_fixed1,"[[[[[2,[""relation"",""relation""]],1],[[2,[""relation"",""relation""]],0]]],[2,[""relation"",""relation""]]]",1.0
2,14,global_fixed1,"[[[[[2,[""relation"",""relation""]],1],[[2,[""relation"",""relation""]],1],[[2,[""relation"",""relation""]],0],[[2,[""relation"",""relation""]],0]]],[2,[""entity"",""entity""]]]",1.0
2,14,global_fixed1,"[[[[[2,[""relation"",""relation""]],1],[[2,[""relation"",""relation""]],1],[[2,[""relation"",""relation""]],0],[[2,[""relation"",""relation""]],1]]],[2,[""entity"",""entity""]]]",1.0
2,14,global_fixed1,"[[[[[2,[""relation"",""relation""]],1],[[2,[""relation"",""relation""]],1],[[2,[""relation"",""relation""]],0]]],[2,[""relation"",""relation""]]]",1.0
2,14,global_fixed1,"[[[[[2,[""relation"",""relation""]],1],[[2,[""relation"",""relation""]],1],[[2,[""relation"",""relation""]],1],[[2,[""relation"",""relation""]],0]]],[2,[""entity"",""entity""]]]",1.0
2,14,global_fixed1,"[[[[[2,[""relation"",""relation""]],1],[[2,[""relation"",""relation""]],1],[[2,[""relation"",""relation""]],1],[[2,[""relation"",""relation""]],1]]],[2,[""entity"",""entity""]]]",1.0
2,14,global_fixed1,"[[[[[2,[""relation"",""relation""]],1],[[2,[""relation"",""relation""]],1],[[2,[""relation"",""relation""]],1]]],[2,[""relation"",""relation""]]]",1.0
2,14,global_fixed1,"[[[[[2,[""relation"",""relation""]],1],[[2,[""relation"",""relation""]],1]]],[2,[""relation"",""relation""]]]",1.0
2,14,global_fixed1,"[[[[[2,[""relation"",""relation""]],1]]],[2,[""relation"",""relation""]]]",1.0
2,14,global_fixed1,"[[[]],[1,[""entity""]]]",1.0
2,14,global_fixed1,"[[[]],[2,[""entity"",""entity""]]]",1.0
2,14,global_fixed1,"[[[]],[2,[""relation"",""relation""]]]",1.0
2,14,position_fixed1,"[[[[[2,[""relation"",""relation""]],0]]],[1,[""entity""]]]",1.0
2,14,position_fixed1,"[[[[[2,[""relation"",""relation""]],1],[[2,[""relation"",""relation""]],0],[[2,[""relation"",""relation""]],0],[[2,[""relation"",""relation""]],1]]],[2,[""entity"",""entity""]]]",1.0
2,14,position_fixed1,"[[[[[2,[""relation"",""relation""]],1],[[2,[""relation"",""relation""]],0],[[2,[""relation"",""relation""]],0]]],[2,[""relation"",""relation""]]]",1.0
2,14,position_fixed1,"[[[[[2,[""relation"",""relation""]],1],[[2,[""relation"",""relation""]],0],[[2,[""relation"",""relation""]],1],[[2,[""relation"",""relation""]],0]]],[2,[""entity"",""entity""]]]",1.0
2,14,position_fixed1,"[[[[[2,[""relation"",""relation""]],1],[[2,[""relation"",""relation""]],0],[[2,[""relation"",""relation""]],1],[[2,[""relation"",""relation""]],1]]],[2,[""entity"",""entity""]]]",1.0
2,14,position_fixed1,"[[[[[2,[""relation"",""relation""]],1],[[2,[""relation"",""relation""]],0],[[2,[""relation"",""relation""]],1]]],[2,[""relation"",""relation""]]]",1.0
2,14,position_fixed1,"[[[[[2,[""relation"",""relation""]],1],[[2,[""relation"",""relation""]],0]]],[2,[""relation"",""relation""]]]",1.0
2,14,position_fixed1,"[[[[[2,[""relation"",""relation""]],1],[[2,[""relation"",""relation""]],1],[[2,[""relation"",""relation""]],0],[[2,[""relation"",""relation""]],0]]],[2,[""entity"",""entity""]]]",1.0
2,14,position_fixed1,"[[[[[2,[""relation"",""relation""]],1],[[2,[""relation"",""relation""]],1],[[2,[""relation"",""relation""]],0],[[2,[""relation"",""relation""]],1]]],[2,[""entity"",""entity""]]]",1.0
2,14,position_fixed1,"[[[[[2,[""relation"",""relation""]],1],[[2,[""relation"",""relation""]],1],[[2,[""relation"",""relation""]],0]]],[2,[""relation"",""relation""]]]",1.0
2,14,position_fixed1,"[[[[[2,[""relation"",""relation""]],1],[[2,[""relation"",""relation""]],1],[[2,[""relation"",""relation""]],1],[[2,[""relation"",""relation""]],0]]],[2,[""entity"",""entity""]]]",1.0
2,14,position_fixed1,"[[[[[2,[""relation"",""relation""]],1],[[2,[""relation"",""relation""]],1],[[2,[""relation"",""relation""]],1],[[2,[""relation"",""relation""]],1]]],[2,[""entity"",""entity""]]]",1.0
2,14,position_fixed1,"[[[[[2,[""relation"",""relation""]],1],[[2,[""relation"",""relation""]],1],[[2,[""relation"",""relation""]],1]]],[2,[""relation"",""relation""]]]",1.0
2,14,position_fixed1,"[[[[[2,[""relation"",""relation""]],1],[[2,[""relation"",""relation""]],1]]],[2,[""relation"",""relation""]]]",1.0
2,14,position_fixed1,"[[[[[2,[""relation"",""relation""]],1]]],[2,[""relation"",""relation""]]]",1.0
2,14,position_fixed1,"[[[]],[1,[""entity""]]]",1.0
2,14,position_fixed1,"[[[]],[2,[""entity"",""entity""]]]",1.0
2,14,position_fixed1,"[[[]],[2,[""relation"",""relation""]]]",1.0
2,15,global_e01,"[[[[[2,[""relation"",""relation""]],0]]],[1,[""entity""]]]",1.5980202138507993
2,15,global_e01,"[[[[[2,[""relation"",""relation""]],1],[[2,[""relation"",""relation""]],0],[[2,[""relation"",""relation""]],0],[[2,[""relation"",""relation""]],1]]],[2,[""entity"",""entity""]]]",0.13754233575970004
2,15,global_e01,"[[[[[2,[""relation"",""relation""]],1],[[2,[""relation"",""relation""]],0],[[2,[""relation"",""relation""]],0]]],[2,[""relation"",""relation""]]]",0.3545975741725202
2,15,global_e01,"[[[[[2,[""relation"",""relation""]],1],[[2,[""relation"",""relation""]],0],[[2,[""relation"",""relation""]],1],[[2,[""relation"",""relation""]],0]]],[2,[""entity"",""entity""]]]",0.0
2,15,global_e01,"[[[[[2,[""relation"",""relation""]],1],[[2,[""relation"",""relation""]],0],[[2,[""relation"",""relation""]],1],[[2,[""relation"",""relation""]],1]]],[2,[""entity"",""entity""]]]",0.1836865768609712
2,15,global_e01,"[[[[[2,[""relation"",""relation""]],1],[[2,[""relation"",""relation""]],0],[[2,[""relation"",""relation""]],1]]],[2,[""relation"",""relation""]]]",0.36314532296754937
2,15,global_e01,"[[[[[2,[""relation"",""relation""]],1],[[2,[""relation"",""relation""]],0]]],[2,[""relation"",""relation""]]]",0.33487019774434795
2,15,global_e01,"[[[[[2,[""relation"",""relation""]],1],[[2,[""relation"",""relation""]],1],[[2,[""relation"",""relation""]],0],[[2,[""relation"",""relation""]],0]]],[2,[""entity"",""entity""]]]",0.2573713412789482
2,15,global_e01,"[[[[[2,[""relation"",""relation""]],1],[[2,[""relation"",""relation""]],1],[[2,[""relation"",""relation""]],0],[[2,[""relation"",""relation""]],1]]],[2,[""entity"",""entity""]]]",0.34292013823996825
2,15,global_e01,"[[[[[2,[""relation"",""relation""]],1],[[2,[""relation"",""relation""]],1],[[2,[""relation"",""relation""]],0]]],[2,[""relation"",""relation""]]]",0.3272516948118706
2,15,global_e01,"[[[[[2,[""relation"",""relation""]],1],[[2,[""relation"",""relation""]],1],[[2,[""relation"",""relation""]],1],[[2,[""relation"",""relation""]],0]]],[2,[""entity"",""entity""]]]",0.268003955069628
2,15,global_e01,"[[[[[2,[""relation"",""relation""]],1],[[2,[""relation"",""relation""]],1],[[2,[""relation"",""relation""]],1],[[2,[""relation"",""relation""]],1]]],[2,[""entity"",""entity""]]]",0.031972976040606005
2,15,global_e01,"[[[[[2,[""relation"",""relation""]],1],[[2,[""relation"",""relation""]],1],[[2,[""relation"",""relation""]],1]]],[2,[""relation"",""relation""]]]",0.3090565139580573
2,15,global_e01,"[[[[[2,[""relation"",""relation""]],1],[[2,[""relation"",""relation""]],1]]],[2,[""relation"",""relation""]]]",0.30962747611377994
2,15,global_e01,"[[[[[2,[""relation"",""relation""]],1]]],[2,[""relation"",""relation""]]]",0.33487019774434795
2,15,global_e01,"[[[]],[1,[""entity""]]]",0.0
2,15,global_e01,"[[[]],[2,[""entity"",""entity""]]]",0.0
2,15,global_e01,"[[[]],[2,[""relation"",""relation""]]]",0.3031536989567453
2,15,global_e05,"[[[[[2,[""relation"",""relation""]],0]]],[1,[""entity""]]]",3.195397335751102
2,15,global_e05,"[[[[[2,[""relation"",""relation""]],1],[[2,[""relation"",""relation""]],0],[[2,[""relation"",""relation""]],0],[[2,[""relation"",""relation""]],1]]],[2,[""entity"",""entity""]]]",0.24677467589695304
2,15,global_e05,"[[[[[2,[""relation"",""relation""]],1],[[2,[""relation"",""relation""]],0],[[2,[""relation"",""relation""]],0]]],[2,[""relation"",""relation""]]]",0.7397523588744276
2,15,global_e05,"[[[[[2,[""relation"",""relation""]],1],[[2,[""relation"",""relation""]],0],[[2,[""relation"",""relation""]],1],[[2,[""relation"",""relation""]],0]]],[2,[""entity"",""entity""]]]",0.11629383785189845
2,15,global_e05,"[[[[[2,[""relation"",""relation""]],1],[[2,[""relation"",""relation""]],0],[[2,[""relation"",""relation""]],1],[[2,[""relation"",""relation""]],1]]],[2,[""entity"",""entity""]]]",0.6503642476892633
2,15,global_e05,"[[[[[2,[""relation"",""relation""]],1],[[2,[""relation"",""relation""]],0],[[2,[""relation"",""relation""]],1]]],[2,[""relation"",""relation""]]]",0.6933221797291704
2,15,global_e05,"[[[[[2,[""relation"",""relation""]],1],[[2,[""relation"",""relation""]],0]]],[2,[""relation"",""relation""]]]",0.6643833052642487
2,15,global_e05,"[[[[[2,[""relation"",""relation""]],1],[[2,[""relation"",""relation""]],1],[[2,[""relation"",""relation""]],0],[[2,[""relation"",""relation""]],0]]],[2,[""entity"",""entity""]]]",0.9990853940289882
2,15,global_e05,"[[[[[2,[""relation"",""relation""]],1],[[2,[""relation"",""relation""]],1],[[2,[""relation"",""relation""]],0],[[2,[""relation"",""relation""]],1]]],[2,[""entity"",""entity""]]]",0.9879277433435829
2,15,global_e05,"[[[[[2,[""relation"",""relation""]],1],[[2,[""relation"",""relation""]],1],[[2,[""relation"",""relation""]],0]]],[2,[""relation"",""relation""]]]",0.9574848476388982
2,15,global_e05,"[[[[[2,[""relation"",""relation""]],1],[[2,[""relation"",""relation""]],1],[[2,[""relation"",""relation""]],1],[[2,[""relation"",""relation""]],0]]],[2,[""entity"",""entity""]]]",0.939739891261416
2,15,global_e05,"[[[[[2,[""relation"",""relation""]],1],[[2,[""relation"",""relation""]],1],[[2,[""relation"",""relation""]],1],[[2,[""relation"",""relation""]],1]]],[2,[""entity"",""entity""]]]",0.03544749860008897
2,15,global_e05,"[[[[[2,[""relation"",""relation""]],1],[[2,[""relation"",""relation""]],1],[[2,[""relation"",""relation""]],1]]],[2,[""relation"",""relation""]]]",0.9533502758422483
2,15,global_e05,"[[[[[2,[""relation"",""relation""]],1],[[2,[""relation"",""relation""]],1]]],[2,[""relation"",""relation""]]]",0.9550219670439324
2,15,global_e05,"[[[[[2,[""relation"",""relation""]],1]]],[2,[""relation"",""relation""]]]",0.6643833052642487
2,15,global_e05,"[[[]],[1,[""entity""]]]",0.0
2,15,global_e05,"[[[]],[2,[""entity"",""entity""]]]",0.0
2,15,global_e05,"[[[]],[2,[""relation"",""relation""]]]",0.6533844697064787
2,15,position_e01,"[[[[[2,[""relation"",""relation""]],0]]],[1,[""entity""]]]",1.3047607611672676
2,15,position_e01,"[[[[[2,[""relation"",""relation""]],1],[[2,[""relation"",""relation""]],0],[[2,[""relation"",""relation""]],0],[[2,[""relation"",""relation""]],1]]],[2,[""entity"",""entity""]]]",0.0
2,15,position_e01,"[[[[[2,[""relation"",""relation""]],1],[[2,[""relation"",""relation""]],0],[[2,[""relation"",""relation""]],0]]],[2,[""relation"",""relation""]]]",0.0
2,15,position_e01,"[[[[[2,[""relation"",""relation""]],1],[[2,[""relation"",""relation""]],0],[[2,[""relation"",""relation""]],1],[[2,[""relation"",""relation""]],0]]],[2,[""entity"",""entity""]]]",0.0
2,15,position_e01,"[[[[[2,[""relation"",""relation""]],1],[[2,[""relation"",""relation""]],0],[[2,[""relation"",""relation""]],1],[[2,[""relation"",""relation""]],1]]],[2,[""entity"",""entity""]]]",0.0
2,15,position_e01,"[[[[[2,[""relation"",""relation""]],1],[[2,[""relation"",""relation""]],0],[[2,[""relation"",""relation""]],1]]],[2,[""relation"",""relation""]]]",0.0
2,15,position_e01,"[[[[[2,[""relation"",""relation""]],1],[[2,[""relation"",""relation""]],0]]],[2,[""relation"",""relation""]]]",0.0
2,15,position_e01,"[[[[[2,[""relation"",""relation""]],1],[[2,[""relation"",""relation""]],1],[[2,[""relation"",""relation""]],0],[[2,[""relation"",""relation""]],0]]],[2,[""entity"",""entity""]]]",0.6508354212097262
2,15,position_e01,"[[[[[2,[""relation"",""relation""]],1],[[2,[""relation"",""relation""]],1],[[2,[""relation"",""relation""]],0],[[2,[""relation"",""relation""]],1]]],[2,[""entity"",""entity""]]]",0.6262483809427758
2,15,position_e01,"[[[[[2,[""relation"",""relation""]],1],[[2,[""relation"",""relation""]],1],[[2,[""relation"",""relation""]],0]]],[2,[""relation"",""relation""]]]",0.8006617312781725
2,15,position_e01,"[[[[[2,[""relation"",""relation""]],1],[[2,[""relation"",""relation""]],1],[[2,[""relation"",""relation""]],1],[[2,[""relation"",""relation""]],0]]],[2,[""entity"",""entity""]]]",0.6528960285896435
2,15,position_e01,"[[[[[2,[""relation"",""relation""]],1],[[2,[""relation"",""relation""]],1],[[2,[""relation"",""relation""]],1],[[2,[""relation"",""relation""]],1]]],[2,[""entity"",""entity""]]]",0.5318627484909995
2,15,position_e01,"[[[[[2,[""relation"",""relation""]],1],[[2,[""relation"",""relation""]],1],[[2,[""relation"",""relation""]],1]]],[2,[""relation"",""relation""]]]",0.8032845198154062
2,15,position_e01,"[[[[[2,[""relation"",""relation""]],1],[[2,[""relation"",""relation""]],1]]],[2,[""relation"",""relation""]]]",0.8091684081969726
2,15,position_e01,"[[[[[2,[""relation"",""relation""]],1]]],[2,[""relation"",""relation""]]]",0.0
2,15,position_e01,"[[[]],[1,[""entity""]]]",0.0
2,15,position_e01,"[[[]],[2,[""entity"",""entity""]]]",0.0
2,15,position_e01,"[[[]],[2,[""relation"",""relation""]]]",0.0
2,15,position_e05,"[[[[[2,[""relation"",""relation""]],0]]],[1,[""entity""]]]",3.2967969232300183
2,15,position_e05,"[[[[[2,[""relation"",""relation""]],1],[[2,[""relation"",""relation""]],0],[[2,[""relation"",""relation""]],0],[[2,[""relation"",""relation""]],1]]],[2,[""entity"",""entity""]]]",0.0
2,15,position_e05,"[[[[[2,[""relation"",""relation""]],1],[[2,[""relation"",""relation""]],0],[[2,[""relation"",""relation""]],0]]],[2,[""relation"",""relation""]]]",0.0
2,15,position_e05,"[[[[[2,[""relation"",""relation""]],1],[[2,[""relation"",""relation""]],0],[[2,[""relation"",""relation""]],1],[[2,[""relation"",""relation""]],0]]],[2,[""entity"",""entity""]]]",0.0
2,15,position_e05,"[[[[[2,[""relation"",""relation""]],1],[[2,[""relation"",""relation""]],0],[[2,[""relation"",""relation""]],1],[[2,[""relation"",""relation""]],1]]],[2,[""entity"",""entity""]]]",0.0
2,15,position_e05,"[[[[[2,[""relation"",""relation""]],1],[[2,[""relation"",""relation""]],0],[[2,[""relation"",""relation""]],1]]],[2,[""relation"",""relation""]]]",0.0
2,15,position_e05,"[[[[[2,[""relation"",""relation""]],1],[[2,[""relation"",""relation""]],0]]],[2,[""relation"",""relation""]]]",0.0
2,15,position_e05,"[[[[[2,[""relation"",""relation""]],1],[[2,[""relation"",""relation""]],1],[[2,[""relation"",""relation""]],0],[[2,[""relation"",""relation""]],0]]],[2,[""entity"",""entity""]]]",1.2344433512432178
2,15,position_e05,"[[[[[2,[""relation"",""relation""]],1],[[2,[""relation"",""relation""]],1],[[2,[""relation"",""relation""]],0],[[2,[""relation"",""relation""]],1]]],[2,[""entity"",""entity""]]]",1.1905401210449333
2,15,position_e05,"[[[[[2,[""relation"",""relation""]],1],[[2,[""relation"",""relation""]],1],[[2,[""relation"",""relation""]],0]]],[2,[""relation"",""relation""]]]",1.8131331405777067
2,15,position_e05,"[[[[[2,[""relation"",""relation""]],1],[[2,[""relation"",""relation""]],1],[[2,[""relation"",""relation""]],1],[[2,[""relation"",""relation""]],0]]],[2,[""entity"",""entity""]]]",1.2238890488336445
2,15,position_e05,"[[[[[2,[""relation"",""relation""]],1],[[2,[""relation"",""relation""]],1],[[2,[""relation"",""relation""]],1],[[2,[""relation"",""relation""]],1]]],[2,[""entity"",""entity""]]]",0.8786422126342245
2,15,position_e05,"[[[[[2,[""relation"",""relation""]],1],[[2,[""relation"",""relation""]],1],[[2,[""relation"",""relation""]],1]]],[2,[""relation"",""relation""]]]",1.7927665165218414
2,15,position_e05,"[[[[[2,[""relation"",""relation""]],1],[[2,[""relation"",""relation""]],1]]],[2,[""relation"",""relation""]]]",1.8047473095135718
2,15,position_e05,"[[[[[2,[""relation"",""relation""]],1]]],[2,[""relation"",""relation""]]]",0.0
2,15,position_e05,"[[[]],[1,[""entity""]]]",0.0
2,15,position_e05,"[[[]],[2,[""entity"",""entity""]]]",0.0
2,15,position_e05,"[[[]],[2,[""relation"",""relation""]]]",0.0
2,15,global_fixed1,"[[[[[2,[""relation"",""relation""]],0]]],[1,[""entity""]]]",1.0
2,15,global_fixed1,"[[[[[2,[""relation"",""relation""]],1],[[2,[""relation"",""relation""]],0],[[2,[""relation"",""relation""]],0],[[2,[""relation"",""relation""]],1]]],[2,[""entity"",""entity""]]]",1.0
2,15,global_fixed1,"[[[[[2,[""relation"",""relation""]],1],[[2,[""relation"",""relation""]],0],[[2,[""relation"",""relation""]],0]]],[2,[""relation"",""relation""]]]",1.0
2,15,global_fixed1,"[[[[[2,[""relation"",""relation""]],1],[[2,[""relation"",""relation""]],0],[[2,[""relation"",""relation""]],1],[[2,[""relation"",""relation""]],0]]],[2,[""entity"",""entity""]]]",1.0
2,15,global_fixed1,"[[[[[2,[""relation"",""relation""]],1],[[2,[""relation"",""relation""]],0],[[2,[""relation"",""relation""]],1],[[2,[""relation"",""relation""]],1]]],[2,[""entity"",""entity""]]]",1.0
2,15,global_fixed1,"[[[[[2,[""relation"",""relation""]],1],[[2,[""relation"",""relation""]],0],[[2,[""relation"",""relation""]],1]]],[2,[""relation"",""relation""]]]",1.0
2,15,global_fixed1,"[[[[[2,[""relation"",""relation""]],1],[[2,[""relation"",""relation""]],0]]],[2,[""relation"",""relation""]]]",1.0
2,15,global_fixed1,"[[[[[2,[""relation"",""relation""]],1],[[2,[""relation"",""relation""]],1],[[2,[""relation"",""relation""]],0],[[2,[""relation"",""relation""]],0]]],[2,[""entity"",""entity""]]]",1.0
2,15,global_fixed1,"[[[[[2,[""relation"",""relation""]],1],[[2,[""relation"",""relation""]],1],[[2,[""relation"",""relation""]],0],[[2,[""relation"",""relation""]],1]]],[2,[""entity"",""entity""]]]",1.0
2,15,global_fixed1,"[[[[[2,[""relation"",""relation""]],1],[[2,[""relation"",""relation""]],1],[[2,[""relation"",""relation""]],0]]],[2,[""relation"",""relation""]]]",1.0
2,15,global_fixed1,"[[[[[2,[""relation"",""relation""]],1],[[2,[""relation"",""relation""]],1],[[2,[""relation"",""relation""]],1],[[2,[""relation"",""relation""]],0]]],[2,[""entity"",""entity""]]]",1.0
2,15,global_fixed1,"[[[[[2,[""relation"",""relation""]],1],[[2,[""relation"",""relation""]],1],[[2,[""relation"",""relation""]],1],[[2,[""relation"",""relation""]],1]]],[2,[""entity"",""entity""]]]",1.0
2,15,global_fixed1,"[[[[[2,[""relation"",""relation""]],1],[[2,[""relation"",""relation""]],1],[[2,[""relation"",""relation""]],1]]],[2,[""relation"",""relation""]]]",1.0
2,15,global_fixed1,"[[[[[2,[""relation"",""relation""]],1],[[2,[""relation"",""relation""]],1]]],[2,[""relation"",""relation""]]]",1.0
2,15,global_fixed1,"[[[[[2,[""relation"",""relation""]],1]]],[2,[""relation"",""relation""]]]",1.0
2,15,global_fixed1,"[[[]],[1,[""entity""]]]",1.0
2,15,global_fixed1,"[[[]],[2,[""entity"",""entity""]]]",1.0
2,15,global_fixed1,"[[[]],[2,[""relation"",""relation""]]]",1.0
2,15,position_fixed1,"[[[[[2,[""relation"",""relation""]],0]]],[1,[""entity""]]]",1.0
2,15,position_fixed1,"[[[[[2,[""relation"",""relation""]],1],[[2,[""relation"",""relation""]],0],[[2,[""relation"",""relation""]],0],[[2,[""relation"",""relation""]],1]]],[2,[""entity"",""entity""]]]",1.0
2,15,position_fixed1,"[[[[[2,[""relation"",""relation""]],1],[[2,[""relation"",""relation""]],0],[[2,[""relation"",""relation""]],0]]],[2,[""relation"",""relation""]]]",1.0
2,15,position_fixed1,"[[[[[2,[""relation"",""relation""]],1],[[2,[""relation"",""relation""]],0],[[2,[""relation"",""relation""]],1],[[2,[""relation"",""relation""]],0]]],[2,[""entity"",""entity""]]]",1.0
2,15,position_fixed1,"[[[[[2,[""relation"",""relation""]],1],[[2,[""relation"",""relation""]],0],[[2,[""relation"",""relation""]],1],[[2,[""relation"",""relation""]],1]]],[2,[""entity"",""entity""]]]",1.0
2,15,position_fixed1,"[[[[[2,[""relation"",""relation""]],1],[[2,[""relation"",""relation""]],0],[[2,[""relation"",""relation""]],1]]],[2,[""relation"",""relation""]]]",1.0
2,15,position_fixed1,"[[[[[2,[""relation"",""relation""]],1],[[2,[""relation"",""relation""]],0]]],[2,[""relation"",""relation""]]]",1.0
2,15,position_fixed1,"[[[[[2,[""relation"",""relation""]],1],[[2,[""relation"",""relation""]],1],[[2,[""relation"",""relation""]],0],[[2,[""relation"",""relation""]],0]]],[2,[""entity"",""entity""]]]",1.0
2,15,position_fixed1,"[[[[[2,[""relation"",""relation""]],1],[[2,[""relation"",""relation""]],1],[[2,[""relation"",""relation""]],0],[[2,[""relation"",""relation""]],1]]],[2,[""entity"",""entity""]]]",1.0
2,15,position_fixed1,"[[[[[2,[""relation"",""relation""]],1],[[2,[""relation"",""relation""]],1],[[2,[""relation"",""relation""]],0]]],[2,[""relation"",""relation""]]]",1.0
2,15,position_fixed1,"[[[[[2,[""relation"",""relation""]],1],[[2,[""relation"",""relation""]],1],[[2,[""relation"",""relation""]],1],[[2,[""relation"",""relation""]],0]]],[2,[""entity"",""entity""]]]",1.0
2,15,position_fixed1,"[[[[[2,[""relation"",""relation""]],1],[[2,[""relation"",""relation""]],1],[[2,[""relation"",""relation""]],1],[[2,[""relation"",""relation""]],1]]],[2,[""entity"",""entity""]]]",1.0
2,15,position_fixed1,"[[[[[2,[""relation"",""relation""]],1],[[2,[""relation"",""relation""]],1],[[2,[""relation"",""relation""]],1]]],[2,[""relation"",""relation""]]]",1.0
2,15,position_fixed1,"[[[[[2,[""relation"",""relation""]],1],[[2,[""relation"",""relation""]],1]]],[2,[""relation"",""relation""]]]",1.0
2,15,position_fixed1,"[[[[[2,[""relation"",""relation""]],1]]],[2,[""relation"",""relation""]]]",1.0
2,15,position_fixed1,"[[[]],[1,[""entity""]]]",1.0
2,15,position_fixed1,"[[[]],[2,[""entity"",""entity""]]]",1.0
2,15,position_fixed1,"[[[]],[2,[""relation"",""relation""]]]",1.0
2,16,global_e01,"[[[[[2,[""relation"",""relation""]],0]]],[1,[""entity""]]]",1.635023069992243
2,16,global_e01,"[[[[[2,[""relation"",""relation""]],1],[[2,[""relation"",""relation""]],0],[[2,[""relation"",""relation""]],0],[[2,[""relation"",""relation""]],1]]],[2,[""entity"",""entity""]]]",0.18804802052655298
2,16,global_e01,"[[[[[2,[""relation"",""relation""]],1],[[2,[""relation"",""relation""]],0],[[2,[""relation"",""relation""]],0]]],[2,[""relation"",""relation""]]]",0.27751763332207224
2,16,global_e01,"[[[[[2,[""relation"",""relation""]],1],[[2,[""relation"",""relation""]],0],[[2,[""relation"",""relation""]],1],[[2,[""relation"",""relation""]],0]]],[2,[""entity"",""entity""]]]",0.0
2,16,global_e01,"[[[[[2,[""relation"",""relation""]],1],[[2,[""relation"",""relation""]],0],[[2,[""relation"",""relation""]],1],[[2,[""relation"",""relation""]],1]]],[2,[""entity"",""entity""]]]",0.14764709200400364
2,16,global_e01,"[[[[[2,[""relation"",""relation""]],1],[[2,[""relation"",""relation""]],0],[[2,[""relation"",""relation""]],1]]],[2,[""relation"",""relation""]]]",0.15796006359848397
2,16,global_e01,"[[[[[2,[""relation"",""relation""]],1],[[2,[""relation"",""relation""]],0]]],[2,[""relation"",""relation""]]]",0.17698660690036794
2,16,global_e01,"[[[[[2,[""relation"",""relation""]],1],[[2,[""relation"",""relation""]],1],[[2,[""relation"",""relation""]],0],[[2,[""relation"",""relation""]],0]]],[2,[""entity"",""entity""]]]",0.17041470095184413
2,16,global_e01,"[[[[[2,[""relation"",""relation""]],1],[[2,[""relation"",""relation""]],1],[[2,[""relation"",""relation""]],0],[[2,[""relation"",""relation""]],1]]],[2,[""entity"",""entity""]]]",0.20427278762735543
2,16,global_e01,"[[[[[2,[""relation"",""relation""]],1],[[2,[""relation"",""relation""]],1],[[2,[""relation"",""relation""]],0]]],[2,[""relation"",""relation""]]]",0.3069760098186599
2,16,global_e01,"[[[[[2,[""relation"",""relation""]],1],[[2,[""relation"",""relation""]],1],[[2,[""relation"",""relation""]],1],[[2,[""relation"",""relation""]],0]]],[2,[""entity"",""entity""]]]",0.1666869348562284
2,16,global_e01,"[[[[[2,[""relation"",""relation""]],1],[[2,[""relation"",""relation""]],1],[[2,[""relation"",""relation""]],1],[[2,[""relation"",""relation""]],1]]],[2,[""entity"",""entity""]]]",0.2631122652468098
2,16,global_e01,"[[[[[2,[""relation"",""relation""]],1],[[2,[""relation"",""relation""]],1],[[2,[""relation"",""relation""]],1]]],[2,[""relation"",""relation""]]]",0.29877332593492495
2,16,global_e01,"[[[[[2,[""relation"",""relation""]],1],[[2,[""relation"",""relation""]],1]]],[2,[""relation"",""relation""]]]",0.3112108510652385
2,16,global_e01,"[[[[[2,[""relation"",""relation""]],1]]],[2,[""relation"",""relation""]]]",0.17698660690036794
2,16,global_e01,"[[[]],[1,[""entity""]]]",0.0
2,16,global_e01,"[[[]],[2,[""entity"",""entity""]]]",0.0
2,16,global_e01,"[[[]],[2,[""relation"",""relation""]]]",0.15571451730119032
2,16,global_e05,"[[[[[2,[""relation"",""relation""]],0]]],[1,[""entity""]]]",2.8102824238744892
2,16,global_e05,"[[[[[2,[""relation"",""relation""]],1],[[2,[""relation"",""relation""]],0],[[2,[""relation"",""relation""]],0],[[2,[""relation"",""relation""]],1]]],[2,[""entity"",""entity""]]]",0.1721349000700816
2,16,global_e05,"[[[[[2,[""relation"",""relation""]],1],[[2,[""relation"",""relation""]],0],[[2,[""relation"",""relation""]],0]]],[2,[""relation"",""relation""]]]",0.21646664294009532
2,16,global_e05,"[[[[[2,[""relation"",""relation""]],1],[[2,[""relation"",""relation""]],0],[[2,[""relation"",""relation""]],1],[[2,[""relation"",""relation""]],0]]],[2,[""entity"",""entity""]]]",0.0
2,16,global_e05,"[[[[[2,[""relation"",""relation""]],1],[[2,[""relation"",""relation""]],0],[[2,[""relation"",""relation""]],1],[[2,[""relation"",""relation""]],1]]],[2,[""entity"",""entity""]]]",0.33291641536785127
2,16,global_e05,"[[[[[2,[""relation"",""relation""]],1],[[2,[""relation"",""relation""]],0],[[2,[""relation"",""relation""]],1]]],[2,[""relation"",""relation""]]]",0.32655557413273123
2,16,global_e05,"[[[[[2,[""relation"",""relation""]],1],[[2,[""relation"",""relation""]],0]]],[2,[""relation"",""relation""]]]",0.326038312248026
2,16,global_e05,"[[[[[2,[""relation"",""relation""]],1],[[2,[""relation"",""relation""]],1],[[2,[""relation"",""relation""]],0],[[2,[""relation"",""relation""]],0]]],[2,[""entity"",""entity""]]]",0.5122664127733113
2,16,global_e05,"[[[[[2,[""relation"",""relation""]],1],[[2,[""relation"",""relation""]],1],[[2,[""relation"",""relation""]],0],[[2,[""relation"",""relation""]],1]]],[2,[""entity"",""entity""]]]",0.4622257199136825
2,16,global_e05,"[[[[[2,[""relation"",""relation""]],1],[[2,[""relation"",""relation""]],1],[[2,[""relation"",""relation""]],0]]],[2,[""relation"",""relation""]]]",0.5309295705790372
2,16,global_e05,"[[[[[2,[""relation"",""relation""]],1],[[2,[""relation"",""relation""]],1],[[2,[""relation"",""relation""]],1],[[2,[""relation"",""relation""]],0]]],[2,[""entity"",""entity""]]]",0.5094709774043543
2,16,global_e05,"[[[[[2,[""relation"",""relation""]],1],[[2,[""relation"",""relation""]],1],[[2,[""relation"",""relation""]],1],[[2,[""relation"",""relation""]],1]]],[2,[""entity"",""entity""]]]",0.550712236886922
2,16,global_e05,"[[[[[2,[""relation"",""relation""]],1],[[2,[""relation"",""relation""]],1],[[2,[""relation"",""relation""]],1]]],[2,[""relation"",""relation""]]]",0.5287168836176418
2,16,global_e05,"[[[[[2,[""relation"",""relation""]],1],[[2,[""relation"",""relation""]],1]]],[2,[""relation"",""relation""]]]",0.5287168836176418
2,16,global_e05,"[[[[[2,[""relation"",""relation""]],1]]],[2,[""relation"",""relation""]]]",0.326038312248026
2,16,global_e05,"[[[]],[1,[""entity""]]]",0.0
2,16,global_e05,"[[[]],[2,[""entity"",""entity""]]]",0.0
2,16,global_e05,"[[[]],[2,[""relation"",""relation""]]]",0.326038312248026
2,16,position_e01,"[[[[[2,[""relation"",""relation""]],0]]],[1,[""entity""]]]",1.4630458370926647
2,16,position_e01,"[[[[[2,[""relation"",""relation""]],1],[[2,[""relation"",""relation""]],0],[[2,[""relation"",""relation""]],0],[[2,[""relation"",""relation""]],1]]],[2,[""entity"",""entity""]]]",0.0
2,16,position_e01,"[[[[[2,[""relation"",""relation""]],1],[[2,[""relation"",""relation""]],0],[[2,[""relation"",""relation""]],0]]],[2,[""relation"",""relation""]]]",0.0
2,16,position_e01,"[[[[[2,[""relation"",""relation""]],1],[[2,[""relation"",""relation""]],0],[[2,[""relation"",""relation""]],1],[[2,[""relation"",""relation""]],0]]],[2,[""entity"",""entity""]]]",0.0
2,16,position_e01,"[[[[[2,[""relation"",""relation""]],1],[[2,[""relation"",""relation""]],0],[[2,[""relation"",""relation""]],1],[[2,[""relation"",""relation""]],1]]],[2,[""entity"",""entity""]]]",0.0
2,16,position_e01,"[[[[[2,[""relation"",""relation""]],1],[[2,[""relation"",""relation""]],0],[[2,[""relation"",""relation""]],1]]],[2,[""relation"",""relation""]]]",0.0
2,16,position_e01,"[[[[[2,[""relation"",""relation""]],1],[[2,[""relation"",""relation""]],0]]],[2,[""relation"",""relation""]]]",0.0
2,16,position_e01,"[[[[[2,[""relation"",""relation""]],1],[[2,[""relation"",""relation""]],1],[[2,[""relation"",""relation""]],0],[[2,[""relation"",""relation""]],0]]],[2,[""entity"",""entity""]]]",0.534178967014267
2,16,position_e01,"[[[[[2,[""relation"",""relation""]],1],[[2,[""relation"",""relation""]],1],[[2,[""relation"",""relation""]],0],[[2,[""relation"",""relation""]],1]]],[2,[""entity"",""entity""]]]",0.6001486801803259
2,16,position_e01,"[[[[[2,[""relation"",""relation""]],1],[[2,[""relation"",""relation""]],1],[[2,[""relation"",""relation""]],0]]],[2,[""relation"",""relation""]]]",0.7232522023678265
2,16,position_e01,"[[[[[2,[""relation"",""relation""]],1],[[2,[""relation"",""relation""]],1],[[2,[""relation"",""relation""]],1],[[2,[""relation"",""relation""]],0]]],[2,[""entity"",""entity""]]]",0.572682778193232
2,16,position_e01,"[[[[[2,[""relation"",""relation""]],1],[[2,[""relation"",""relation""]],1],[[2,[""relation"",""relation""]],1],[[2,[""relation"",""relation""]],1]]],[2,[""entity"",""entity""]]]",0.628809180119043
2,16,position_e01,"[[[[[2,[""relation"",""relation""]],1],[[2,[""relation"",""relation""]],1],[[2,[""relation"",""relation""]],1]]],[2,[""relation"",""relation""]]]",0.7128885098304832
2,16,position_e01,"[[[[[2,[""relation"",""relation""]],1],[[2,[""relation"",""relation""]],1]]],[2,[""relation"",""relation""]]]",0.723505813909454
2,16,position_e01,"[[[[[2,[""relation"",""relation""]],1]]],[2,[""relation"",""relation""]]]",0.0
2,16,position_e01,"[[[]],[1,[""entity""]]]",0.0
2,16,position_e01,"[[[]],[2,[""entity"",""entity""]]]",0.0
2,16,position_e01,"[[[]],[2,[""relation"",""relation""]]]",0.0
2,16,position_e05,"[[[[[2,[""relation"",""relation""]],0]]],[1,[""entity""]]]",3.1049822045188042
2,16,position_e05,"[[[[[2,[""relation"",""relation""]],1],[[2,[""relation"",""relation""]],0],[[2,[""relation"",""relation""]],0],[[2,[""relation"",""relation""]],1]]],[2,[""entity"",""entity""]]]",0.0
2,16,position_e05,"[[[[[2,[""relation"",""relation""]],1],[[2,[""relation"",""relation""]],0],[[2,[""relation"",""relation""]],0]]],[2,[""relation"",""relation""]]]",0.0
2,16,position_e05,"[[[[[2,[""relation"",""relation""]],1],[[2,[""relation"",""relation""]],0],[[2,[""relation"",""relation""]],1],[[2,[""relation"",""relation""]],0]]],[2,[""entity"",""entity""]]]",0.0
2,16,position_e05,"[[[[[2,[""relation"",""relation""]],1],[[2,[""relation"",""relation""]],0],[[2,[""relation"",""relation""]],1],[[2,[""relation"",""relation""]],1]]],[2,[""entity"",""entity""]]]",0.0
2,16,position_e05,"[[[[[2,[""relation"",""relation""]],1],[[2,[""relation"",""relation""]],0],[[2,[""relation"",""relation""]],1]]],[2,[""relation"",""relation""]]]",0.0
2,16,position_e05,"[[[[[2,[""relation"",""relation""]],1],[[2,[""relation"",""relation""]],0]]],[2,[""relation"",""relation""]]]",0.0
2,16,position_e05,"[[[[[2,[""relation"",""relation""]],1],[[2,[""relation"",""relation""]],1],[[2,[""relation"",""relation""]],0],[[2,[""relation"",""relation""]],0]]],[2,[""entity"",""entity""]]]",0.7162532636221055
2,16,position_e05,"[[[[[2,[""relation"",""relation""]],1],[[2,[""relation"",""relation""]],1],[[2,[""relation"",""relation""]],0],[[2,[""relation"",""relation""]],1]]],[2,[""entity"",""entity""]]]",1.1012948074021676
2,16,position_e05,"[[[[[2,[""relation"",""relation""]],1],[[2,[""relation"",""relation""]],1],[[2,[""relation"",""relation""]],0]]],[2,[""relation"",""relation""]]]",1.542754214218372
2,16,position_e05,"[[[[[2,[""relation"",""relation""]],1],[[2,[""relation"",""relation""]],1],[[2,[""relation"",""relation""]],1],[[2,[""relation"",""relation""]],0]]],[2,[""entity"",""entity""]]]",0.8702083223836197
2,16,position_e05,"[[[[[2,[""relation"",""relation""]],1],[[2,[""relation"",""relation""]],1],[[2,[""relation"",""relation""]],1],[[2,[""relation"",""relation""]],1]]],[2,[""entity"",""entity""]]]",1.0389780170858383
2,16,position_e05,"[[[[[2,[""relation"",""relation""]],1],[[2,[""relation"",""relation""]],1],[[2,[""relation"",""relation""]],1]]],[2,[""relation"",""relation""]]]",1.5262690816232556
2,16,position_e05,"[[[[[2,[""relation"",""relation""]],1],[[2,[""relation"",""relation""]],1]]],[2,[""relation"",""relation""]]]",1.5318342516183197
2,16,position_e05,"[[[[[2,[""relation"",""relation""]],1]]],[2,[""relation"",""relation""]]]",0.0
2,16,position_e05,"[[[]],[1,[""entity""]]]",0.0
2,16,position_e05,"[[[]],[2,[""entity"",""entity""]]]",0.0
2,16,position_e05,"[[[]],[2,[""relation"",""relation""]]]",0.0
2,16,global_fixed1,"[[[[[2,[""relation"",""relation""]],0]]],[1,[""entity""]]]",1.0
2,16,global_fixed1,"[[[[[2,[""relation"",""relation""]],1],[[2,[""relation"",""relation""]],0],[[2,[""relation"",""relation""]],0],[[2,[""relation"",""relation""]],1]]],[2,[""entity"",""entity""]]]",1.0
2,16,global_fixed1,"[[[[[2,[""relation"",""relation""]],1],[[2,[""relation"",""relation""]],0],[[2,[""relation"",""relation""]],0]]],[2,[""relation"",""relation""]]]",1.0
2,16,global_fixed1,"[[[[[2,[""relation"",""relation""]],1],[[2,[""relation"",""relation""]],0],[[2,[""relation"",""relation""]],1],[[2,[""relation"",""relation""]],0]]],[2,[""entity"",""entity""]]]",1.0
2,16,global_fixed1,"[[[[[2,[""relation"",""relation""]],1],[[2,[""relation"",""relation""]],0],[[2,[""relation"",""relation""]],1],[[2,[""relation"",""relation""]],1]]],[2,[""entity"",""entity""]]]",1.0
2,16,global_fixed1,"[[[[[2,[""relation"",""relation""]],1],[[2,[""relation"",""relation""]],0],[[2,[""relation"",""relation""]],1]]],[2,[""relation"",""relation""]]]",1.0
2,16,global_fixed1,"[[[[[2,[""relation"",""relation""]],1],[[2,[""relation"",""relation""]],0]]],[2,[""relation"",""relation""]]]",1.0
2,16,global_fixed1,"[[[[[2,[""relation"",""relation""]],1],[[2,[""relation"",""relation""]],1],[[2,[""relation"",""relation""]],0],[[2,[""relation"",""relation""]],0]]],[2,[""entity"",""entity""]]]",1.0
2,16,global_fixed1,"[[[[[2,[""relation"",""relation""]],1],[[2,[""relation"",""relation""]],1],[[2,[""relation"",""relation""]],0],[[2,[""relation"",""relation""]],1]]],[2,[""entity"",""entity""]]]",1.0
2,16,global_fixed1,"[[[[[2,[""relation"",""relation""]],1],[[2,[""relation"",""relation""]],1],[[2,[""relation"",""relation""]],0]]],[2,[""relation"",""relation""]]]",1.0
2,16,global_fixed1,"[[[[[2,[""relation"",""relation""]],1],[[2,[""relation"",""relation""]],1],[[2,[""relation"",""relation""]],1],[[2,[""relation"",""relation""]],0]]],[2,[""entity"",""entity""]]]",1.0
2,16,global_fixed1,"[[[[[2,[""relation"",""relation""]],1],[[2,[""relation"",""relation""]],1],[[2,[""relation"",""relation""]],1],[[2,[""relation"",""relation""]],1]]],[2,[""entity"",""entity""]]]",1.0
2,16,global_fixed1,"[[[[[2,[""relation"",""relation""]],1],[[2,[""relation"",""relation""]],1],[[2,[""relation"",""relation""]],1]]],[2,[""relation"",""relation""]]]",1.0
2,16,global_fixed1,"[[[[[2,[""relation"",""relation""]],1],[[2,[""relation"",""relation""]],1]]],[2,[""relation"",""relation""]]]",1.0
2,16,global_fixed1,"[[[[[2,[""relation"",""relation""]],1]]],[2,[""relation"",""relation""]]]",1.0
2,16,global_fixed1,"[[[]],[1,[""entity""]]]",1.0
2,16,global_fixed1,"[[[]],[2,[""entity"",""entity""]]]",1.0
2,16,global_fixed1,"[[[]],[2,[""relation"",""relation""]]]",1.0
2,16,position_fixed1,"[[[[[2,[""relation"",""relation""]],0]]],[1,[""entity""]]]",1.0
2,16,position_fixed1,"[[[[[2,[""relation"",""relation""]],1],[[2,[""relation"",""relation""]],0],[[2,[""relation"",""relation""]],0],[[2,[""relation"",""relation""]],1]]],[2,[""entity"",""entity""]]]",1.0
2,16,position_fixed1,"[[[[[2,[""relation"",""relation""]],1],[[2,[""relation"",""relation""]],0],[[2,[""relation"",""relation""]],0]]],[2,[""relation"",""relation""]]]",1.0
2,16,position_fixed1,"[[[[[2,[""relation"",""relation""]],1],[[2,[""relation"",""relation""]],0],[[2,[""relation"",""relation""]],1],[[2,[""relation"",""relation""]],0]]],[2,[""entity"",""entity""]]]",1.0
2,16,position_fixed1,"[[[[[2,[""relation"",""relation""]],1],[[2,[""relation"",""relation""]],0],[[2,[""relation"",""relation""]],1],[[2,[""relation"",""relation""]],1]]],[2,[""entity"",""entity""]]]",1.0
2,16,position_fixed1,"[[[[[2,[""relation"",""relation""]],1],[[2,[""relation"",""relation""]],0],[[2,[""relation"",""relation""]],1]]],[2,[""relation"",""relation""]]]",1.0
2,16,position_fixed1,"[[[[[2,[""relation"",""relation""]],1],[[2,[""relation"",""relation""]],0]]],[2,[""relation"",""relation""]]]",1.0
2,16,position_fixed1,"[[[[[2,[""relation"",""relation""]],1],[[2,[""relation"",""relation""]],1],[[2,[""relation"",""relation""]],0],[[2,[""relation"",""relation""]],0]]],[2,[""entity"",""entity""]]]",1.0
2,16,position_fixed1,"[[[[[2,[""relation"",""relation""]],1],[[2,[""relation"",""relation""]],1],[[2,[""relation"",""relation""]],0],[[2,[""relation"",""relation""]],1]]],[2,[""entity"",""entity""]]]",1.0
2,16,position_fixed1,"[[[[[2,[""relation"",""relation""]],1],[[2,[""relation"",""relation""]],1],[[2,[""relation"",""relation""]],0]]],[2,[""relation"",""relation""]]]",1.0
2,16,position_fixed1,"[[[[[2,[""relation"",""relation""]],1],[[2,[""relation"",""relation""]],1],[[2,[""relation"",""relation""]],1],[[2,[""relation"",""relation""]],0]]],[2,[""entity"",""entity""]]]",1.0
2,16,position_fixed1,"[[[[[2,[""relation"",""relation""]],1],[[2,[""relation"",""relation""]],1],[[2,[""relation"",""relation""]],1],[[2,[""relation"",""relation""]],1]]],[2,[""entity"",""entity""]]]",1.0
2,16,position_fixed1,"[[[[[2,[""relation"",""relation""]],1],[[2,[""relation"",""relation""]],1],[[2,[""relation"",""relation""]],1]]],[2,[""relation"",""relation""]]]",1.0
2,16,position_fixed1,"[[[[[2,[""relation"",""relation""]],1],[[2,[""relation"",""relation""]],1]]],[2,[""relation"",""relation""]]]",1.0
2,16,position_fixed1,"[[[[[2,[""relation"",""relation""]],1]]],[2,[""relation"",""relation""]]]",1.0
2,16,position_fixed1,"[[[]],[1,[""entity""]]]",1.0
2,16,position_fixed1,"[[[]],[2,[""entity"",""entity""]]]",1.0
2,16,position_fixed1,"[[[]],[2,[""relation"",""relation""]]]",1.0
2,17,global_e01,"[[[[[2,[""relation"",""relation""]],0]]],[1,[""entity""]]]",1.5413918785410246
2,17,global_e01,"[[[[[2,[""relation"",""relation""]],1],[[2,[""relation"",""relation""]],0],[[2,[""relation"",""relation""]],0],[[2,[""relation"",""relation""]],1]]],[2,[""entity"",""entity""]]]",0.1139348330754296
2,17,global_e01,"[[[[[2,[""relation"",""relation""]],1],[[2,[""relation"",""relation""]],0],[[2,[""relation"",""relation""]],0]]],[2,[""relation"",""relation""]]]",0.39532343326971686
2,17,global_e01,"[[[[[2,[""relation"",""relation""]],1],[[2,[""relation"",""relation""]],0],[[2,[""relation"",""relation""]],1],[[2,[""relation"",""relation""]],0]]],[2,[""entity"",""entity""]]]",0.09557907202782993
2,17,global_e01,"[[[[[2,[""relation"",""relation""]],1],[[2,[""relation"",""relation""]],0],[[2,[""relation"",""relation""]],1],[[2,[""relation"",""relation""]],1]]],[2,[""entity"",""entity""]]]",0.16240108318861785
2,17,global_e01,"[[[[[2,[""relation"",""relation""]],1],[[2,[""relation"",""relation""]],0],[[2,[""relation"",""relation""]],1]]],[2,[""relation"",""relation""]]]",0.2670647959067981
2,17,global_e01,"[[[[[2,[""relation"",""relation""]],1],[[2,[""relation"",""relation""]],0]]],[2,[""relation"",""relation""]]]",0.24384986448650872
2,17,global_e01,"[[[[[2,[""relation"",""relation""]],1],[[2,[""relation"",""relation""]],1],[[2,[""relation"",""relation""]],0],[[2,[""relation"",""relation""]],0]]],[2,[""entity"",""entity""]]]",0.2503295466023586
2,17,global_e01,"[[[[[2,[""relation"",""relation""]],1],[[2,[""relation"",""relation""]],1],[[2,[""relation"",""relation""]],0],[[2,[""relation"",""relation""]],1]]],[2,[""entity"",""entity""]]]",0.0092872893416481
2,17,global_e01,"[[[[[2,[""relation"",""relation""]],1],[[2,[""relation"",""relation""]],1],[[2,[""relation"",""relation""]],0]]],[2,[""relation"",""relation""]]]",0.3234380403567867
2,17,global_e01,"[[[[[2,[""relation"",""relation""]],1],[[2,[""relation"",""relation""]],1],[[2,[""relation"",""relation""]],1],[[2,[""relation"",""relation""]],0]]],[2,[""entity"",""entity""]]]",0.2552541326940873
2,17,global_e01,"[[[[[2,[""relation"",""relation""]],1],[[2,[""relation"",""relation""]],1],[[2,[""relation"",""relation""]],1],[[2,[""relation"",""relation""]],1]]],[2,[""entity"",""entity""]]]",0.13359975366652457
2,17,global_e01,"[[[[[2,[""relation"",""relation""]],1],[[2,[""relation"",""relation""]],1],[[2,[""relation"",""relation""]],1]]],[2,[""relation"",""relation""]]]",0.2480911229921717
2,17,global_e01,"[[[[[2,[""relation"",""relation""]],1],[[2,[""relation"",""relation""]],1]]],[2,[""relation"",""relation""]]]",0.29523304392668964
2,17,global_e01,"[[[[[2,[""relation"",""relation""]],1]]],[2,[""relation"",""relation""]]]",0.24384986448650872
2,17,global_e01,"[[[]],[1,[""entity""]]]",0.0
2,17,global_e01,"[[[]],[2,[""entity"",""entity""]]]",0.0
2,17,global_e01,"[[[]],[2,[""relation"",""relation""]]]",0.27417909498485116
2,17,global_e05,"[[[[[2,[""relation"",""relation""]],0]]],[1,[""entity""]]]",3.1190967056452354
2,17,global_e05,"[[[[[2,[""relation"",""relation""]],1],[[2,[""relation"",""relation""]],0],[[2,[""relation"",""relation""]],0],[[2,[""relation"",""relation""]],1]]],[2,[""entity"",""entity""]]]",0.07719194938388743
2,17,global_e05,"[[[[[2,[""relation"",""relation""]],1],[[2,[""relation"",""relation""]],0],[[2,[""relation"",""relation""]],0]]],[2,[""relation"",""relation""]]]",0.7553360269527157
2,17,global_e05,"[[[[[2,[""relation"",""relation""]],1],[[2,[""relation"",""relation""]],0],[[2,[""relation"",""relation""]],1],[[2,[""relation"",""relation""]],0]]],[2,[""entity"",""entity""]]]",0.2514147075821016
2,17,global_e05,"[[[[[2,[""relation"",""relation""]],1],[[2,[""relation"",""relation""]],0],[[2,[""relation"",""relation""]],1],[[2,[""relation"",""relation""]],1]]],[2,[""entity"",""entity""]]]",0.2465599551445164
2,17,global_e05,"[[[[[2,[""relation"",""relation""]],1],[[2,[""relation"",""relation""]],0],[[2,[""relation"",""relation""]],1]]],[2,[""relation"",""relation""]]]",0.5094620496391042
2,17,global_e05,"[[[[[2,[""relation"",""relation""]],1],[[2,[""relation"",""relation""]],0]]],[2,[""relation"",""relation""]]]",0.5094620496391042
2,17,global_e05,"[[[[[2,[""relation"",""relation""]],1],[[2,[""relation"",""relation""]],1],[[2,[""relation"",""relation""]],0],[[2,[""relation"",""relation""]],0]]],[2,[""entity"",""entity""]]]",0.4979983708376319
2,17,global_e05,"[[[[[2,[""relation"",""relation""]],1],[[2,[""relation"",""relation""]],1],[[2,[""relation"",""relation""]],0],[[2,[""relation"",""relation""]],1]]],[2,[""entity"",""entity""]]]",0.0
2,17,global_e05,"[[[[[2,[""relation"",""relation""]],1],[[2,[""relation"",""relation""]],1],[[2,[""relation"",""relation""]],0]]],[2,[""relation"",""relation""]]]",0.4959818075072565
2,17,global_e05,"[[[[[2,[""relation"",""relation""]],1],[[2,[""relation"",""relation""]],1],[[2,[""relation"",""relation""]],1],[[2,[""relation"",""relation""]],0]]],[2,[""entity"",""entity""]]]",0.5275682964265882
2,17,global_e05,"[[[[[2,[""relation"",""relation""]],1],[[2,[""relation"",""relation""]],1],[[2,[""relation"",""relation""]],1],[[2,[""relation"",""relation""]],1]]],[2,[""entity"",""entity""]]]",0.22826830762137923
2,17,global_e05,"[[[[[2,[""relation"",""relation""]],1],[[2,[""relation"",""relation""]],1],[[2,[""relation"",""relation""]],1]]],[2,[""relation"",""relation""]]]",0.41799256890266023
2,17,global_e05,"[[[[[2,[""relation"",""relation""]],1],[[2,[""relation"",""relation""]],1]]],[2,[""relation"",""relation""]]]",0.4959818075072565
2,17,global_e05,"[[[[[2,[""relation"",""relation""]],1]]],[2,[""relation"",""relation""]]]",0.5094620496391042
2,17,global_e05,"[[[]],[1,[""entity""]]]",0.0
2,17,global_e05,"[[[]],[2,[""entity"",""entity""]]]",0.0
2,17,global_e05,"[[[]],[2,[""relation"",""relation""]]]",0.5094620496391042
2,17,position_e01,"[[[[[2,[""relation"",""relation""]],0]]],[1,[""entity""]]]",1.177745140302898
2,17,position_e01,"[[[[[2,[""relation"",""relation""]],1],[[2,[""relation"",""relation""]],0],[[2,[""relation"",""relation""]],0],[[2,[""relation"",""relation""]],1]]],[2,[""entity"",""entity""]]]",0.0
2,17,position_e01,"[[[[[2,[""relation"",""relation""]],1],[[2,[""relation"",""relation""]],0],[[2,[""relation"",""relation""]],0]]],[2,[""relation"",""relation""]]]",0.0
2,17,position_e01,"[[[[[2,[""relation"",""relation""]],1],[[2,[""relation"",""relation""]],0],[[2,[""relation"",""relation""]],1],[[2,[""relation"",""relation""]],0]]],[2,[""entity"",""entity""]]]",0.0
2,17,position_e01,"[[[[[2,[""relation"",""relation""]],1],[[2,[""relation"",""relation""]],0],[[2,[""relation"",""relation""]],1],[[2,[""relation"",""relation""]],1]]],[2,[""entity"",""entity""]]]",0.0
2,17,position_e01,"[[[[[2,[""relation"",""relation""]],1],[[2,[""relation"",""relation""]],0],[[2,[""relation"",""relation""]],1]]],[2,[""relation"",""relation""]]]",0.0
2,17,position_e01,"[[[[[2,[""relation"",""relation""]],1],[[2,[""relation"",""relation""]],0]]],[2,[""relation"",""relation""]]]",0.0
2,17,position_e01,"[[[[[2,[""relation"",""relation""]],1],[[2,[""relation"",""relation""]],1],[[2,[""relation"",""relation""]],0],[[2,[""relation"",""relation""]],0]]],[2,[""entity"",""entity""]]]",0.5512370928953799
2,17,position_e01,"[[[[[2,[""relation"",""relation""]],1],[[2,[""relation"",""relation""]],1],[[2,[""relation"",""relation""]],0],[[2,[""relation"",""relation""]],1]]],[2,[""entity"",""entity""]]]",0.5301949173722352
2,17,position_e01,"[[[[[2,[""relation"",""relation""]],1],[[2,[""relation"",""relation""]],1],[[2,[""relation"",""relation""]],0]]],[2,[""relation"",""relation""]]]",0.7226062413429601
2,17,position_e01,"[[[[[2,[""relation"",""relation""]],1],[[2,[""relation"",""relation""]],1],[[2,[""relation"",""relation""]],1],[[2,[""relation"",""relation""]],0]]],[2,[""entity"",""entity""]]]",0.5891422712562454
2,17,position_e01,"[[[[[2,[""relation"",""relation""]],1],[[2,[""relation"",""relation""]],1],[[2,[""relation"",""relation""]],1],[[2,[""relation"",""relation""]],1]]],[2,[""entity"",""entity""]]]",0.5804041341585735
2,17,position_e01,"[[[[[2,[""relation"",""relation""]],1],[[2,[""relation"",""relation""]],1],[[2,[""relation"",""relation""]],1]]],[2,[""relation"",""relation""]]]",0.7121343196508936
2,17,position_e01,"[[[[[2,[""relation"",""relation""]],1],[[2,[""relation"",""relation""]],1]]],[2,[""relation"",""relation""]]]",0.7237086637055379
2,17,position_e01,"[[[[[2,[""relation"",""relation""]],1]]],[2,[""relation"",""relation""]]]",0.0
2,17,position_e01,"[[[]],[1,[""entity""]]]",0.0
2,17,position_e01,"[[[]],[2,[""entity"",""entity""]]]",0.0
2,17,position_e01,"[[[]],[2,[""relation"",""relation""]]]",0.0
2,17,position_e05,"[[[[[2,[""relation"",""relation""]],0]]],[1,[""entity""]]]",3.2370286167841225
2,17,position_e05,"[[[[[2,[""relation"",""relation""]],1],[[2,[""relation"",""relation""]],0],[[2,[""relation"",""relation""]],0],[[2,[""relation"",""relation""]],1]]],[2,[""entity"",""entity""]]]",0.0
2,17,position_e05,"[[[[[2,[""relation"",""relation""]],1],[[2,[""relation"",""relation""]],0],[[2,[""relation"",""relation""]],0]]],[2,[""relation"",""relation""]]]",0.0
2,17,position_e05,"[[[[[2,[""relation"",""relation""]],1],[[2,[""relation"",""relation""]],0],[[2,[""relation"",""relation""]],1],[[2,[""relation"",""relation""]],0]]],[2,[""entity"",""entity""]]]",0.0
2,17,position_e05,"[[[[[2,[""relation"",""relation""]],1],[[2,[""relation"",""relation""]],0],[[2,[""relation"",""relation""]],1],[[2,[""relation"",""relation""]],1]]],[2,[""entity"",""entity""]]]",0.0
2,17,position_e05,"[[[[[2,[""relation"",""relation""]],1],[[2,[""relation"",""relation""]],0],[[2,[""relation"",""relation""]],1]]],[2,[""relation"",""relation""]]]",0.0
2,17,position_e05,"[[[[[2,[""relation"",""relation""]],1],[[2,[""relation"",""relation""]],0]]],[2,[""relation"",""relation""]]]",0.0
2,17,position_e05,"[[[[[2,[""relation"",""relation""]],1],[[2,[""relation"",""relation""]],1],[[2,[""relation"",""relation""]],0],[[2,[""relation"",""relation""]],0]]],[2,[""entity"",""entity""]]]",0.9149154175028656
2,17,position_e05,"[[[[[2,[""relation"",""relation""]],1],[[2,[""relation"",""relation""]],1],[[2,[""relation"",""relation""]],0],[[2,[""relation"",""relation""]],1]]],[2,[""entity"",""entity""]]]",0.7785778748348208
2,17,position_e05,"[[[[[2,[""relation"",""relation""]],1],[[2,[""relation"",""relation""]],1],[[2,[""relation"",""relation""]],0]]],[2,[""relation"",""relation""]]]",1.5452833196475269
2,17,position_e05,"[[[[[2,[""relation"",""relation""]],1],[[2,[""relation"",""relation""]],1],[[2,[""relation"",""relation""]],1],[[2,[""relation"",""relation""]],0]]],[2,[""entity"",""entity""]]]",1.0597859507139111
2,17,position_e05,"[[[[[2,[""relation"",""relation""]],1],[[2,[""relation"",""relation""]],1],[[2,[""relation"",""relation""]],1],[[2,[""relation"",""relation""]],1]]],[2,[""entity"",""entity""]]]",1.0623890874925939
2,17,position_e05,"[[[[[2,[""relation"",""relation""]],1],[[2,[""relation"",""relation""]],1],[[2,[""relation"",""relation""]],1]]],[2,[""relation"",""relation""]]]",1.5413061025706118
2,17,position_e05,"[[[[[2,[""relation"",""relation""]],1],[[2,[""relation"",""relation""]],1]]],[2,[""relation"",""relation""]]]",1.548767262141202
2,17,position_e05,"[[[[[2,[""relation"",""relation""]],1]]],[2,[""relation"",""relation""]]]",0.0
2,17,position_e05,"[[[]],[1,[""entity""]]]",0.0
2,17,position_e05,"[[[]],[2,[""entity"",""entity""]]]",0.0
2,17,position_e05,"[[[]],[2,[""relation"",""relation""]]]",0.0
2,17,global_fixed1,"[[[[[2,[""relation"",""relation""]],0]]],[1,[""entity""]]]",1.0
2,17,global_fixed1,"[[[[[2,[""relation"",""relation""]],1],[[2,[""relation"",""relation""]],0],[[2,[""relation"",""relation""]],0],[[2,[""relation"",""relation""]],1]]],[2,[""entity"",""entity""]]]",1.0
2,17,global_fixed1,"[[[[[2,[""relation"",""relation""]],1],[[2,[""relation"",""relation""]],0],[[2,[""relation"",""relation""]],0]]],[2,[""relation"",""relation""]]]",1.0
2,17,global_fixed1,"[[[[[2,[""relation"",""relation""]],1],[[2,[""relation"",""relation""]],0],[[2,[""relation"",""relation""]],1],[[2,[""relation"",""relation""]],0]]],[2,[""entity"",""entity""]]]",1.0
2,17,global_fixed1,"[[[[[2,[""relation"",""relation""]],1],[[2,[""relation"",""relation""]],0],[[2,[""relation"",""relation""]],1],[[2,[""relation"",""relation""]],1]]],[2,[""entity"",""entity""]]]",1.0
2,17,global_fixed1,"[[[[[2,[""relation"",""relation""]],1],[[2,[""relation"",""relation""]],0],[[2,[""relation"",""relation""]],1]]],[2,[""relation"",""relation""]]]",1.0
2,17,global_fixed1,"[[[[[2,[""relation"",""relation""]],1],[[2,[""relation"",""relation""]],0]]],[2,[""relation"",""relation""]]]",1.0
2,17,global_fixed1,"[[[[[2,[""relation"",""relation""]],1],[[2,[""relation"",""relation""]],1],[[2,[""relation"",""relation""]],0],[[2,[""relation"",""relation""]],0]]],[2,[""entity"",""entity""]]]",1.0
2,17,global_fixed1,"[[[[[2,[""relation"",""relation""]],1],[[2,[""relation"",""relation""]],1],[[2,[""relation"",""relation""]],0],[[2,[""relation"",""relation""]],1]]],[2,[""entity"",""entity""]]]",1.0
2,17,global_fixed1,"[[[[[2,[""relation"",""relation""]],1],[[2,[""relation"",""relation""]],1],[[2,[""relation"",""relation""]],0]]],[2,[""relation"",""relation""]]]",1.0
2,17,global_fixed1,"[[[[[2,[""relation"",""relation""]],1],[[2,[""relation"",""relation""]],1],[[2,[""relation"",""relation""]],1],[[2,[""relation"",""relation""]],0]]],[2,[""entity"",""entity""]]]",1.0
2,17,global_fixed1,"[[[[[2,[""relation"",""relation""]],1],[[2,[""relation"",""relation""]],1],[[2,[""relation"",""relation""]],1],[[2,[""relation"",""relation""]],1]]],[2,[""entity"",""entity""]]]",1.0
2,17,global_fixed1,"[[[[[2,[""relation"",""relation""]],1],[[2,[""relation"",""relation""]],1],[[2,[""relation"",""relation""]],1]]],[2,[""relation"",""relation""]]]",1.0
2,17,global_fixed1,"[[[[[2,[""relation"",""relation""]],1],[[2,[""relation"",""relation""]],1]]],[2,[""relation"",""relation""]]]",1.0
2,17,global_fixed1,"[[[[[2,[""relation"",""relation""]],1]]],[2,[""relation"",""relation""]]]",1.0
2,17,global_fixed1,"[[[]],[1,[""entity""]]]",1.0
2,17,global_fixed1,"[[[]],[2,[""entity"",""entity""]]]",1.0
2,17,global_fixed1,"[[[]],[2,[""relation"",""relation""]]]",1.0
2,17,position_fixed1,"[[[[[2,[""relation"",""relation""]],0]]],[1,[""entity""]]]",1.0
2,17,position_fixed1,"[[[[[2,[""relation"",""relation""]],1],[[2,[""relation"",""relation""]],0],[[2,[""relation"",""relation""]],0],[[2,[""relation"",""relation""]],1]]],[2,[""entity"",""entity""]]]",1.0
2,17,position_fixed1,"[[[[[2,[""relation"",""relation""]],1],[[2,[""relation"",""relation""]],0],[[2,[""relation"",""relation""]],0]]],[2,[""relation"",""relation""]]]",1.0
2,17,position_fixed1,"[[[[[2,[""relation"",""relation""]],1],[[2,[""relation"",""relation""]],0],[[2,[""relation"",""relation""]],1],[[2,[""relation"",""relation""]],0]]],[2,[""entity"",""entity""]]]",1.0
2,17,position_fixed1,"[[[[[2,[""relation"",""relation""]],1],[[2,[""relation"",""relation""]],0],[[2,[""relation"",""relation""]],1],[[2,[""relation"",""relation""]],1]]],[2,[""entity"",""entity""]]]",1.0
2,17,position_fixed1,"[[[[[2,[""relation"",""relation""]],1],[[2,[""relation"",""relation""]],0],[[2,[""relation"",""relation""]],1]]],[2,[""relation"",""relation""]]]",1.0
2,17,position_fixed1,"[[[[[2,[""relation"",""relation""]],1],[[2,[""relation"",""relation""]],0]]],[2,[""relation"",""relation""]]]",1.0
2,17,position_fixed1,"[[[[[2,[""relation"",""relation""]],1],[[2,[""relation"",""relation""]],1],[[2,[""relation"",""relation""]],0],[[2,[""relation"",""relation""]],0]]],[2,[""entity"",""entity""]]]",1.0
2,17,position_fixed1,"[[[[[2,[""relation"",""relation""]],1],[[2,[""relation"",""relation""]],1],[[2,[""relation"",""relation""]],0],[[2,[""relation"",""relation""]],1]]],[2,[""entity"",""entity""]]]",1.0
2,17,position_fixed1,"[[[[[2,[""relation"",""relation""]],1],[[2,[""relation"",""relation""]],1],[[2,[""relation"",""relation""]],0]]],[2,[""relation"",""relation""]]]",1.0
2,17,position_fixed1,"[[[[[2,[""relation"",""relation""]],1],[[2,[""relation"",""relation""]],1],[[2,[""relation"",""relation""]],1],[[2,[""relation"",""relation""]],0]]],[2,[""entity"",""entity""]]]",1.0
2,17,position_fixed1,"[[[[[2,[""relation"",""relation""]],1],[[2,[""relation"",""relation""]],1],[[2,[""relation"",""relation""]],1],[[2,[""relation"",""relation""]],1]]],[2,[""entity"",""entity""]]]",1.0
2,17,position_fixed1,"[[[[[2,[""relation"",""relation""]],1],[[2,[""relation"",""relation""]],1],[[2,[""relation"",""relation""]],1]]],[2,[""relation"",""relation""]]]",1.0
2,17,position_fixed1,"[[[[[2,[""relation"",""relation""]],1],[[2,[""relation"",""relation""]],1]]],[2,[""relation"",""relation""]]]",1.0
2,17,position_fixed1,"[[[[[2,[""relation"",""relation""]],1]]],[2,[""relation"",""relation""]]]",1.0
2,17,position_fixed1,"[[[]],[1,[""entity""]]]",1.0
2,17,position_fixed1,"[[[]],[2,[""entity"",""entity""]]]",1.0
2,17,position_fixed1,"[[[]],[2,[""relation"",""relation""]]]",1.0
2,18,global_e01,"[[[[[2,[""relation"",""relation""]],0]]],[1,[""entity""]]]",1.4090810557010442
2,18,global_e01,"[[[[[2,[""relation"",""relation""]],1],[[2,[""relation"",""relation""]],0],[[2,[""relation"",""relation""]],0],[[2,[""relation"",""relation""]],1]]],[2,[""entity"",""entity""]]]",0.03577014364042796
2,18,global_e01,"[[[[[2,[""relation"",""relation""]],1],[[2,[""relation"",""relation""]],0],[[2,[""relation"",""relation""]],0]]],[2,[""relation"",""relation""]]]",0.22254722678775435
2,18,global_e01,"[[[[[2,[""relation"",""relation""]],1],[[2,[""relation"",""relation""]],0],[[2,[""relation"",""relation""]],1],[[2,[""relation"",""relation""]],0]]],[2,[""entity"",""entity""]]]",0.031805921865691
2,18,global_e01,"[[[[[2,[""relation"",""relation""]],1],[[2,[""relation"",""relation""]],0],[[2,[""relation"",""relation""]],1],[[2,[""relation"",""relation""]],1]]],[2,[""entity"",""entity""]]]",0.047388225375049116
2,18,global_e01,"[[[[[2,[""relation"",""relation""]],1],[[2,[""relation"",""relation""]],0],[[2,[""relation"",""relation""]],1]]],[2,[""relation"",""relation""]]]",0.16795603403825918
2,18,global_e01,"[[[[[2,[""relation"",""relation""]],1],[[2,[""relation"",""relation""]],0]]],[2,[""relation"",""relation""]]]",0.12744433156828555
2,18,global_e01,"[[[[[2,[""relation"",""relation""]],1],[[2,[""relation"",""relation""]],1],[[2,[""relation"",""relation""]],0],[[2,[""relation"",""relation""]],0]]],[2,[""entity"",""entity""]]]",0.13210125615504942
2,18,global_e01,"[[[[[2,[""relation"",""relation""]],1],[[2,[""relation"",""relation""]],1],[[2,[""relation"",""relation""]],0],[[2,[""relation"",""relation""]],1]]],[2,[""entity"",""entity""]]]",0.24120073821374757
2,18,global_e01,"[[[[[2,[""relation"",""relation""]],1],[[2,[""relation"",""relation""]],1],[[2,[""relation"",""relation""]],0]]],[2,[""relation"",""relation""]]]",0.1472936110079304
2,18,global_e01,"[[[[[2,[""relation"",""relation""]],1],[[2,[""relation"",""relation""]],1],[[2,[""relation"",""relation""]],1],[[2,[""relation"",""relation""]],0]]],[2,[""entity"",""entity""]]]",0.16582746790948294
2,18,global_e01,"[[[[[2,[""relation"",""relation""]],1],[[2,[""relation"",""relation""]],1],[[2,[""relation"",""relation""]],1],[[2,[""relation"",""relation""]],1]]],[2,[""entity"",""entity""]]]",0.09951821619180405
2,18,global_e01,"[[[[[2,[""relation"",""relation""]],1],[[2,[""relation"",""relation""]],1],[[2,[""relation"",""relation""]],1]]],[2,[""relation"",""relation""]]]",0.1428434546856577
2,18,global_e01,"[[[[[2,[""relation"",""relation""]],1],[[2,[""relation"",""relation""]],1]]],[2,[""relation"",""relation""]]]",0.161743407235268
2,18,global_e01,"[[[[[2,[""relation"",""relation""]],1]]],[2,[""relation"",""relation""]]]",0.12744433156828555
2,18,global_e01,"[[[]],[1,[""entity""]]]",0.0
2,18,global_e01,"[[[]],[2,[""entity"",""entity""]]]",0.0
2,18,global_e01,"[[[]],[2,[""relation"",""relation""]]]",0.1618866942915855
2,18,global_e05,"[[[[[2,[""relation"",""relation""]],0]]],[1,[""entity""]]]",2.6862393976102723
2,18,global_e05,"[[[[[2,[""relation"",""relation""]],1],[[2,[""relation"",""relation""]],0],[[2,[""relation"",""relation""]],0],[[2,[""relation"",""relation""]],1]]],[2,[""entity"",""entity""]]]",0.06280989897918282
2,18,global_e05,"[[[[[2,[""relation"",""relation""]],1],[[2,[""relation"",""relation""]],0],[[2,[""relation"",""relation""]],0]]],[2,[""relation"",""relation""]]]",0.23574279738584236
2,18,global_e05,"[[[[[2,[""relation"",""relation""]],1],[[2,[""relation"",""relation""]],0],[[2,[""relation"",""relation""]],1],[[2,[""relation"",""relation""]],0]]],[2,[""entity"",""entity""]]]",0.013902188956876137
2,18,global_e05,"[[[[[2,[""relation"",""relation""]],1],[[2,[""relation"",""relation""]],0],[[2,[""relation"",""relation""]],1],[[2,[""relation"",""relation""]],1]]],[2,[""entity"",""entity""]]]",0.12581730669362048
2,18,global_e05,"[[[[[2,[""relation"",""relation""]],1],[[2,[""relation"",""relation""]],0],[[2,[""relation"",""relation""]],1]]],[2,[""relation"",""relation""]]]",0.12294572196070075
2,18,global_e05,"[[[[[2,[""relation"",""relation""]],1],[[2,[""relation"",""relation""]],0]]],[2,[""relation"",""relation""]]]",0.12294572196070075
2,18,global_e05,"[[[[[2,[""relation"",""relation""]],1],[[2,[""relation"",""relation""]],1],[[2,[""relation"",""relation""]],0],[[2,[""relation"",""relation""]],0]]],[2,[""entity"",""entity""]]]",0.16500658796796552
2,18,global_e05,"[[[[[2,[""relation"",""relation""]],1],[[2,[""relation"",""relation""]],1],[[2,[""relation"",""relation""]],0],[[2,[""relation"",""relation""]],1]]],[2,[""entity"",""entity""]]]",0.825101835274415
2,18,global_e05,"[[[[[2,[""relation"",""relation""]],1],[[2,[""relation"",""relation""]],1],[[2,[""relation"",""relation""]],0]]],[2,[""relation"",""relation""]]]",0.17495506460629096
2,18,global_e05,"[[[[[2,[""relation"",""relation""]],1],[[2,[""relation"",""relation""]],1],[[2,[""relation"",""relation""]],1],[[2,[""relation"",""relation""]],0]]],[2,[""entity"",""entity""]]]",0.1840378396274134
2,18,global_e05,"[[[[[2,[""relation"",""relation""]],1],[[2,[""relation"",""relation""]],1],[[2,[""relation"",""relation""]],1],[[2,[""relation"",""relation""]],1]]],[2,[""entity"",""entity""]]]",0.14860420371734528
2,18,global_e05,"[[[[[2,[""relation"",""relation""]],1],[[2,[""relation"",""relation""]],1],[[2,[""relation"",""relation""]],1]]],[2,[""relation"",""relation""]]]",0.1948551038132602
2,18,global_e05,"[[[[[2,[""relation"",""relation""]],1],[[2,[""relation"",""relation""]],1]]],[2,[""relation"",""relation""]]]",0.1948551038132602
2,18,global_e05,"[[[[[2,[""relation"",""relation""]],1]]],[2,[""relation"",""relation""]]]",0.12294572196070075
2,18,global_e05,"[[[]],[1,[""entity""]]]",0.0
2,18,global_e05,"[[[]],[2,[""entity"",""entity""]]]",0.0
2,18,global_e05,"[[[]],[2,[""relation"",""relation""]]]",0.12294572196070075
2,18,position_e01,"[[[[[2,[""relation"",""relation""]],0]]],[1,[""entity""]]]",1.374713925903629
2,18,position_e01,"[[[[[2,[""relation"",""relation""]],1],[[2,[""relation"",""relation""]],0],[[2,[""relation"",""relation""]],0],[[2,[""relation"",""relation""]],1]]],[2,[""entity"",""entity""]]]",0.0
2,18,position_e01,"[[[[[2,[""relation"",""relation""]],1],[[2,[""relation"",""relation""]],0],[[2,[""relation"",""relation""]],0]]],[2,[""relation"",""relation""]]]",0.0
2,18,position_e01,"[[[[[2,[""relation"",""relation""]],1],[[2,[""relation"",""relation""]],0],[[2,[""relation"",""relation""]],1],[[2,[""relation"",""relation""]],0]]],[2,[""entity"",""entity""]]]",0.0
2,18,position_e01,"[[[[[2,[""relation"",""relation""]],1],[[2,[""relation"",""relation""]],0],[[2,[""relation"",""relation""]],1],[[2,[""relation"",""relation""]],1]]],[2,[""entity"",""entity""]]]",0.0
2,18,position_e01,"[[[[[2,[""relation"",""relation""]],1],[[2,[""relation"",""relation""]],0],[[2,[""relation"",""relation""]],1]]],[2,[""relation"",""relation""]]]",0.0
2,18,position_e01,"[[[[[2,[""relation"",""relation""]],1],[[2,[""relation"",""relation""]],0]]],[2,[""relation"",""relation""]]]",0.0
2,18,position_e01,"[[[[[2,[""relation"",""relation""]],1],[[2,[""relation"",""relation""]],1],[[2,[""relation"",""relation""]],0],[[2,[""relation"",""relation""]],0]]],[2,[""entity"",""entity""]]]",0.5908806599328934
2,18,position_e01,"[[[[[2,[""relation"",""relation""]],1],[[2,[""relation"",""relation""]],1],[[2,[""relation"",""relation""]],0],[[2,[""relation"",""relation""]],1]]],[2,[""entity"",""entity""]]]",0.5500755206596555
2,18,position_e01,"[[[[[2,[""relation"",""relation""]],1],[[2,[""relation"",""relation""]],1],[[2,[""relation"",""relation""]],0]]],[2,[""relation"",""relation""]]]",0.6774094390743236
2,18,position_e01,"[[[[[2,[""relation"",""relation""]],1],[[2,[""relation"",""relation""]],1],[[2,[""relation"",""relation""]],1],[[2,[""relation"",""relation""]],0]]],[2,[""entity"",""entity""]]]",0.5496123301539083
2,18,position_e01,"[[[[[2,[""relation"",""relation""]],1],[[2,[""relation"",""relation""]],1],[[2,[""relation"",""relation""]],1],[[2,[""relation"",""relation""]],1]]],[2,[""entity"",""entity""]]]",0.49584058632281913
2,18,position_e01,"[[[[[2,[""relation"",""relation""]],1],[[2,[""relation"",""relation""]],1],[[2,[""relation"",""relation""]],1]]],[2,[""relation"",""relation""]]]",0.6552674550960551
2,18,position_e01,"[[[[[2,[""relation"",""relation""]],1],[[2,[""relation"",""relation""]],1]]],[2,[""relation"",""relation""]]]",0.6835598276625946
2,18,position_e01,"[[[[[2,[""relation"",""relation""]],1]]],[2,[""relation"",""relation""]]]",0.0
2,18,position_e01,"[[[]],[1,[""entity""]]]",0.0
2,18,position_e01,"[[[]],[2,[""entity"",""entity""]]]",0.0
2,18,position_e01,"[[[]],[2,[""relation"",""relation""]]]",0.0
2,18,position_e05,"[[[[[2,[""relation"",""relation""]],0]]],[1,[""entity""]]]",2.7931362320000064
2,18,position_e05,"[[[[[2,[""relation"",""relation""]],1],[[2,[""relation"",""relation""]],0],[[2,[""relation"",""relation""]],0],[[2,[""relation"",""relation""]],1]]],[2,[""entity"",""entity""]]]",0.0
2,18,position_e05,"[[[[[2,[""relation"",""relation""]],1],[[2,[""relation"",""relation""]],0],[[2,[""relation"",""relation""]],0]]],[2,[""relation"",""relation""]]]",0.0
2,18,position_e05,"[[[[[2,[""relation"",""relation""]],1],[[2,[""relation"",""relation""]],0],[[2,[""relation"",""relation""]],1],[[2,[""relation"",""relation""]],0]]],[2,[""entity"",""entity""]]]",0.0
2,18,position_e05,"[[[[[2,[""relation"",""relation""]],1],[[2,[""relation"",""relation""]],0],[[2,[""relation"",""relation""]],1],[[2,[""relation"",""relation""]],1]]],[2,[""entity"",""entity""]]]",0.0
2,18,position_e05,"[[[[[2,[""relation"",""relation""]],1],[[2,[""relation"",""relation""]],0],[[2,[""relation"",""relation""]],1]]],[2,[""relation"",""relation""]]]",0.0
2,18,position_e05,"[[[[[2,[""relation"",""relation""]],1],[[2,[""relation"",""relation""]],0]]],[2,[""relation"",""relation""]]]",0.0
2,18,position_e05,"[[[[[2,[""relation"",""relation""]],1],[[2,[""relation"",""relation""]],1],[[2,[""relation"",""relation""]],0],[[2,[""relation"",""relation""]],0]]],[2,[""entity"",""entity""]]]",0.8638972711117787
2,18,position_e05,"[[[[[2,[""relation"",""relation""]],1],[[2,[""relation"",""relation""]],1],[[2,[""relation"",""relation""]],0],[[2,[""relation"",""relation""]],1]]],[2,[""entity"",""entity""]]]",0.7118939723163649
2,18,position_e05,"[[[[[2,[""relation"",""relation""]],1],[[2,[""relation"",""relation""]],1],[[2,[""relation"",""relation""]],0]]],[2,[""relation"",""relation""]]]",1.2027647035407525
2,18,position_e05,"[[[[[2,[""relation"",""relation""]],1],[[2,[""relation"",""relation""]],1],[[2,[""relation"",""relation""]],1],[[2,[""relation"",""relation""]],0]]],[2,[""entity"",""entity""]]]",0.7673414504796154
2,18,position_e05,"[[[[[2,[""relation"",""relation""]],1],[[2,[""relation"",""relation""]],1],[[2,[""relation"",""relation""]],1],[[2,[""relation"",""relation""]],1]]],[2,[""entity"",""entity""]]]",0.6147593470651584
2,18,position_e05,"[[[[[2,[""relation"",""relation""]],1],[[2,[""relation"",""relation""]],1],[[2,[""relation"",""relation""]],1]]],[2,[""relation"",""relation""]]]",1.164100742677429
2,18,position_e05,"[[[[[2,[""relation"",""relation""]],1],[[2,[""relation"",""relation""]],1]]],[2,[""relation"",""relation""]]]",1.2136143415161869
2,18,position_e05,"[[[[[2,[""relation"",""relation""]],1]]],[2,[""relation"",""relation""]]]",0.0
2,18,position_e05,"[[[]],[1,[""entity""]]]",0.0
2,18,position_e05,"[[[]],[2,[""entity"",""entity""]]]",0.0
2,18,position_e05,"[[[]],[2,[""relation"",""relation""]]]",0.0
2,18,global_fixed1,"[[[[[2,[""relation"",""relation""]],0]]],[1,[""entity""]]]",1.0
2,18,global_fixed1,"[[[[[2,[""relation"",""relation""]],1],[[2,[""relation"",""relation""]],0],[[2,[""relation"",""relation""]],0],[[2,[""relation"",""relation""]],1]]],[2,[""entity"",""entity""]]]",1.0
2,18,global_fixed1,"[[[[[2,[""relation"",""relation""]],1],[[2,[""relation"",""relation""]],0],[[2,[""relation"",""relation""]],0]]],[2,[""relation"",""relation""]]]",1.0
2,18,global_fixed1,"[[[[[2,[""relation"",""relation""]],1],[[2,[""relation"",""relation""]],0],[[2,[""relation"",""relation""]],1],[[2,[""relation"",""relation""]],0]]],[2,[""entity"",""entity""]]]",1.0
2,18,global_fixed1,"[[[[[2,[""relation"",""relation""]],1],[[2,[""relation"",""relation""]],0],[[2,[""relation"",""relation""]],1],[[2,[""relation"",""relation""]],1]]],[2,[""entity"",""entity""]]]",1.0
2,18,global_fixed1,"[[[[[2,[""relation"",""relation""]],1],[[2,[""relation"",""relation""]],0],[[2,[""relation"",""relation""]],1]]],[2,[""relation"",""relation""]]]",1.0
2,18,global_fixed1,"[[[[[2,[""relation"",""relation""]],1],[[2,[""relation"",""relation""]],0]]],[2,[""relation"",""relation""]]]",1.0
2,18,global_fixed1,"[[[[[2,[""relation"",""relation""]],1],[[2,[""relation"",""relation""]],1],[[2,[""relation"",""relation""]],0],[[2,[""relation"",""relation""]],0]]],[2,[""entity"",""entity""]]]",1.0
2,18,global_fixed1,"[[[[[2,[""relation"",""relation""]],1],[[2,[""relation"",""relation""]],1],[[2,[""relation"",""relation""]],0],[[2,[""relation"",""relation""]],1]]],[2,[""entity"",""entity""]]]",1.0
2,18,global_fixed1,"[[[[[2,[""relation"",""relation""]],1],[[2,[""relation"",""relation""]],1],[[2,[""relation"",""relation""]],0]]],[2,[""relation"",""relation""]]]",1.0
2,18,global_fixed1,"[[[[[2,[""relation"",""relation""]],1],[[2,[""relation"",""relation""]],1],[[2,[""relation"",""relation""]],1],[[2,[""relation"",""relation""]],0]]],[2,[""entity"",""entity""]]]",1.0
2,18,global_fixed1,"[[[[[2,[""relation"",""relation""]],1],[[2,[""relation"",""relation""]],1],[[2,[""relation"",""relation""]],1],[[2,[""relation"",""relation""]],1]]],[2,[""entity"",""entity""]]]",1.0
2,18,global_fixed1,"[[[[[2,[""relation"",""relation""]],1],[[2,[""relation"",""relation""]],1],[[2,[""relation"",""relation""]],1]]],[2,[""relation"",""relation""]]]",1.0
2,18,global_fixed1,"[[[[[2,[""relation"",""relation""]],1],[[2,[""relation"",""relation""]],1]]],[2,[""relation"",""relation""]]]",1.0
2,18,global_fixed1,"[[[[[2,[""relation"",""relation""]],1]]],[2,[""relation"",""relation""]]]",1.0
2,18,global_fixed1,"[[[]],[1,[""entity""]]]",1.0
2,18,global_fixed1,"[[[]],[2,[""entity"",""entity""]]]",1.0
2,18,global_fixed1,"[[[]],[2,[""relation"",""relation""]]]",1.0
2,18,position_fixed1,"[[[[[2,[""relation"",""relation""]],0]]],[1,[""entity""]]]",1.0
2,18,position_fixed1,"[[[[[2,[""relation"",""relation""]],1],[[2,[""relation"",""relation""]],0],[[2,[""relation"",""relation""]],0],[[2,[""relation"",""relation""]],1]]],[2,[""entity"",""entity""]]]",1.0
2,18,position_fixed1,"[[[[[2,[""relation"",""relation""]],1],[[2,[""relation"",""relation""]],0],[[2,[""relation"",""relation""]],0]]],[2,[""relation"",""relation""]]]",1.0
2,18,position_fixed1,"[[[[[2,[""relation"",""relation""]],1],[[2,[""relation"",""relation""]],0],[[2,[""relation"",""relation""]],1],[[2,[""relation"",""relation""]],0]]],[2,[""entity"",""entity""]]]",1.0
2,18,position_fixed1,"[[[[[2,[""relation"",""relation""]],1],[[2,[""relation"",""relation""]],0],[[2,[""relation"",""relation""]],1],[[2,[""relation"",""relation""]],1]]],[2,[""entity"",""entity""]]]",1.0
2,18,position_fixed1,"[[[[[2,[""relation"",""relation""]],1],[[2,[""relation"",""relation""]],0],[[2,[""relation"",""relation""]],1]]],[2,[""relation"",""relation""]]]",1.0
2,18,position_fixed1,"[[[[[2,[""relation"",""relation""]],1],[[2,[""relation"",""relation""]],0]]],[2,[""relation"",""relation""]]]",1.0
2,18,position_fixed1,"[[[[[2,[""relation"",""relation""]],1],[[2,[""relation"",""relation""]],1],[[2,[""relation"",""relation""]],0],[[2,[""relation"",""relation""]],0]]],[2,[""entity"",""entity""]]]",1.0
2,18,position_fixed1,"[[[[[2,[""relation"",""relation""]],1],[[2,[""relation"",""relation""]],1],[[2,[""relation"",""relation""]],0],[[2,[""relation"",""relation""]],1]]],[2,[""entity"",""entity""]]]",1.0
2,18,position_fixed1,"[[[[[2,[""relation"",""relation""]],1],[[2,[""relation"",""relation""]],1],[[2,[""relation"",""relation""]],0]]],[2,[""relation"",""relation""]]]",1.0
2,18,position_fixed1,"[[[[[2,[""relation"",""relation""]],1],[[2,[""relation"",""relation""]],1],[[2,[""relation"",""relation""]],1],[[2,[""relation"",""relation""]],0]]],[2,[""entity"",""entity""]]]",1.0
2,18,position_fixed1,"[[[[[2,[""relation"",""relation""]],1],[[2,[""relation"",""relation""]],1],[[2,[""relation"",""relation""]],1],[[2,[""relation"",""relation""]],1]]],[2,[""entity"",""entity""]]]",1.0
2,18,position_fixed1,"[[[[[2,[""relation"",""relation""]],1],[[2,[""relation"",""relation""]],1],[[2,[""relation"",""relation""]],1]]],[2,[""relation"",""relation""]]]",1.0
2,18,position_fixed1,"[[[[[2,[""relation"",""relation""]],1],[[2,[""relation"",""relation""]],1]]],[2,[""relation"",""relation""]]]",1.0
2,18,position_fixed1,"[[[[[2,[""relation"",""relation""]],1]]],[2,[""relation"",""relation""]]]",1.0
2,18,position_fixed1,"[[[]],[1,[""entity""]]]",1.0
2,18,position_fixed1,"[[[]],[2,[""entity"",""entity""]]]",1.0
2,18,position_fixed1,"[[[]],[2,[""relation"",""relation""]]]",1.0
2,19,global_e01,"[[[[[2,[""relation"",""relation""]],0]]],[1,[""entity""]]]",1.5879298478829964
2,19,global_e01,"[[[[[2,[""relation"",""relation""]],1],[[2,[""relation"",""relation""]],0],[[2,[""relation"",""relation""]],0],[[2,[""relation"",""relation""]],1]]],[2,[""entity"",""entity""]]]",0.06891401371075112
2,19,global_e01,"[[[[[2,[""relation"",""relation""]],1],[[2,[""relation"",""relation""]],0],[[2,[""relation"",""relation""]],0]]],[2,[""relation"",""relation""]]]",0.3106969312520758
2,19,global_e01,"[[[[[2,[""relation"",""relation""]],1],[[2,[""relation"",""relation""]],0],[[2,[""relation"",""relation""]],1],[[2,[""relation"",""relation""]],0]]],[2,[""entity"",""entity""]]]",0.042646520651936255
2,19,global_e01,"[[[[[2,[""relation"",""relation""]],1],[[2,[""relation"",""relation""]],0],[[2,[""relation"",""relation""]],1],[[2,[""relation"",""relation""]],1]]],[2,[""entity"",""entity""]]]",0.04354589435491562
2,19,global_e01,"[[[[[2,[""relation"",""relation""]],1],[[2,[""relation"",""relation""]],0],[[2,[""relation"",""relation""]],1]]],[2,[""relation"",""relation""]]]",0.1651378202193436
2,19,global_e01,"[[[[[2,[""relation"",""relation""]],1],[[2,[""relation"",""relation""]],0]]],[2,[""relation"",""relation""]]]",0.20390428167290106
2,19,global_e01,"[[[[[2,[""relation"",""relation""]],1],[[2,[""relation"",""relation""]],1],[[2,[""relation"",""relation""]],0],[[2,[""relation"",""relation""]],0]]],[2,[""entity"",""entity""]]]",0.14086300828798567
2,19,global_e01,"[[[[[2,[""relation"",""relation""]],1],[[2,[""relation"",""relation""]],1],[[2,[""relation"",""relation""]],0],[[2,[""relation"",""relation""]],1]]],[2,[""entity"",""entity""]]]",0.13746591861134583
2,19,global_e01,"[[[[[2,[""relation"",""relation""]],1],[[2,[""relation"",""relation""]],1],[[2,[""relation"",""relation""]],0]]],[2,[""relation"",""relation""]]]",0.1976446626216119
2,19,global_e01,"[[[[[2,[""relation"",""relation""]],1],[[2,[""relation"",""relation""]],1],[[2,[""relation"",""relation""]],1],[[2,[""relation"",""relation""]],0]]],[2,[""entity"",""entity""]]]",0.1880588479159266
2,19,global_e01,"[[[[[2,[""relation"",""relation""]],1],[[2,[""relation"",""relation""]],1],[[2,[""relation"",""relation""]],1],[[2,[""relation"",""relation""]],1]]],[2,[""entity"",""entity""]]]",0.1402866614321279
2,19,global_e01,"[[[[[2,[""relation"",""relation""]],1],[[2,[""relation"",""relation""]],1],[[2,[""relation"",""relation""]],1]]],[2,[""relation"",""relation""]]]",0.19779590092428
2,19,global_e01,"[[[[[2,[""relation"",""relation""]],1],[[2,[""relation"",""relation""]],1]]],[2,[""relation"",""relation""]]]",0.19779590092428
2,19,global_e01,"[[[[[2,[""relation"",""relation""]],1]]],[2,[""relation"",""relation""]]]",0.20390428167290106
2,19,global_e01,"[[[]],[1,[""entity""]]]",0.0
2,19,global_e01,"[[[]],[2,[""entity"",""entity""]]]",0.0
2,19,global_e01,"[[[]],[2,[""relation"",""relation""]]]",0.20103089742077274
2,19,global_e05,"[[[[[2,[""relation"",""relation""]],0]]],[1,[""entity""]]]",2.930888786700975
2,19,global_e05,"[[[[[2,[""relation"",""relation""]],1],[[2,[""relation"",""relation""]],0],[[2,[""relation"",""relation""]],0],[[2,[""relation"",""relation""]],1]]],[2,[""entity"",""entity""]]]",0.04393542599307132
2,19,global_e05,"[[[[[2,[""relation"",""relation""]],1],[[2,[""relation"",""relation""]],0],[[2,[""relation"",""relation""]],0]]],[2,[""relation"",""relation""]]]",0.17778848601756592
2,19,global_e05,"[[[[[2,[""relation"",""relation""]],1],[[2,[""relation"",""relation""]],0],[[2,[""relation"",""relation""]],1],[[2,[""relation"",""relation""]],0]]],[2,[""entity"",""entity""]]]",0.16524266751921377
2,19,global_e05,"[[[[[2,[""relation"",""relation""]],1],[[2,[""relation"",""relation""]],0],[[2,[""relation"",""relation""]],1],[[2,[""relation"",""relation""]],1]]],[2,[""entity"",""entity""]]]",0.023533921911923494
2,19,global_e05,"[[[[[2,[""relation"",""relation""]],1],[[2,[""relation"",""relation""]],0],[[2,[""relation"",""relation""]],1]]],[2,[""relation"",""relation""]]]",0.07809306826079465
2,19,global_e05,"[[[[[2,[""relation"",""relation""]],1],[[2,[""relation"",""relation""]],0]]],[2,[""relation"",""relation""]]]",0.14474951106435674
2,19,global_e05,"[[[[[2,[""relation"",""relation""]],1],[[2,[""relation"",""relation""]],1],[[2,[""relation"",""relation""]],0],[[2,[""relation"",""relation""]],0]]],[2,[""entity"",""entity""]]]",0.3497100609478817
2,19,global_e05,"[[[[[2,[""relation"",""relation""]],1],[[2,[""relation"",""relation""]],1],[[2,[""relation"",""relation""]],0],[[2,[""relation"",""relation""]],1]]],[2,[""entity"",""entity""]]]",0.3152084684382759
2,19,global_e05,"[[[[[2,[""relation"",""relation""]],1],[[2,[""relation"",""relation""]],1],[[2,[""relation"",""relation""]],0]]],[2,[""relation"",""relation""]]]",0.3768365797016493
2,19,global_e05,"[[[[[2,[""relation"",""relation""]],1],[[2,[""relation"",""relation""]],1],[[2,[""relation"",""relation""]],1],[[2,[""relation"",""relation""]],0]]],[2,[""entity"",""entity""]]]",0.31419366538410853
2,19,global_e05,"[[[[[2,[""relation"",""relation""]],1],[[2,[""relation"",""relation""]],1],[[2,[""relation"",""relation""]],1],[[2,[""relation"",""relation""]],1]]],[2,[""entity"",""entity""]]]",0.34372687652793144
2,19,global_e05,"[[[[[2,[""relation"",""relation""]],1],[[2,[""relation"",""relation""]],1],[[2,[""relation"",""relation""]],1]]],[2,[""relation"",""relation""]]]",0.3768365797016493
2,19,global_e05,"[[[[[2,[""relation"",""relation""]],1],[[2,[""relation"",""relation""]],1]]],[2,[""relation"",""relation""]]]",0.3768365797016493
2,19,global_e05,"[[[[[2,[""relation"",""relation""]],1]]],[2,[""relation"",""relation""]]]",0.14474951106435674
2,19,global_e05,"[[[]],[1,[""entity""]]]",0.0
2,19,global_e05,"[[[]],[2,[""entity"",""entity""]]]",0.0
2,19,global_e05,"[[[]],[2,[""relation"",""relation""]]]",0.13426989554749297
2,19,position_e01,"[[[[[2,[""relation"",""relation""]],0]]],[1,[""entity""]]]",1.428374453902756
2,19,position_e01,"[[[[[2,[""relation"",""relation""]],1],[[2,[""relation"",""relation""]],0],[[2,[""relation"",""relation""]],0],[[2,[""relation"",""relation""]],1]]],[2,[""entity"",""entity""]]]",0.0
2,19,position_e01,"[[[[[2,[""relation"",""relation""]],1],[[2,[""relation"",""relation""]],0],[[2,[""relation"",""relation""]],0]]],[2,[""relation"",""relation""]]]",0.0
2,19,position_e01,"[[[[[2,[""relation"",""relation""]],1],[[2,[""relation"",""relation""]],0],[[2,[""relation"",""relation""]],1],[[2,[""relation"",""relation""]],0]]],[2,[""entity"",""entity""]]]",0.0
2,19,position_e01,"[[[[[2,[""relation"",""relation""]],1],[[2,[""relation"",""relation""]],0],[[2,[""relation"",""relation""]],1],[[2,[""relation"",""relation""]],1]]],[2,[""entity"",""entity""]]]",0.0
2,19,position_e01,"[[[[[2,[""relation"",""relation""]],1],[[2,[""relation"",""relation""]],0],[[2,[""relation"",""relation""]],1]]],[2,[""relation"",""relation""]]]",0.0
2,19,position_e01,"[[[[[2,[""relation"",""relation""]],1],[[2,[""relation"",""relation""]],0]]],[2,[""relation"",""relation""]]]",0.0
2,19,position_e01,"[[[[[2,[""relation"",""relation""]],1],[[2,[""relation"",""relation""]],1],[[2,[""relation"",""relation""]],0],[[2,[""relation"",""relation""]],0]]],[2,[""entity"",""entity""]]]",0.6054755796335486
2,19,position_e01,"[[[[[2,[""relation"",""relation""]],1],[[2,[""relation"",""relation""]],1],[[2,[""relation"",""relation""]],0],[[2,[""relation"",""relation""]],1]]],[2,[""entity"",""entity""]]]",0.6085100911616018
2,19,position_e01,"[[[[[2,[""relation"",""relation""]],1],[[2,[""relation"",""relation""]],1],[[2,[""relation"",""relation""]],0]]],[2,[""relation"",""relation""]]]",0.7781762096786805
2,19,position_e01,"[[[[[2,[""relation"",""relation""]],1],[[2,[""relation"",""relation""]],1],[[2,[""relation"",""relation""]],1],[[2,[""relation"",""relation""]],0]]],[2,[""entity"",""entity""]]]",0.632461619862287
2,19,position_e01,"[[[[[2,[""relation"",""relation""]],1],[[2,[""relation"",""relation""]],1],[[2,[""relation"",""relation""]],1],[[2,[""relation"",""relation""]],1]]],[2,[""entity"",""entity""]]]",0.5901261761668168
2,19,position_e01,"[[[[[2,[""relation"",""relation""]],1],[[2,[""relation"",""relation""]],1],[[2,[""relation"",""relation""]],1]]],[2,[""relation"",""relation""]]]",0.7788954230700326
2,19,position_e01,"[[[[[2,[""relation"",""relation""]],1],[[2,[""relation"",""relation""]],1]]],[2,[""relation"",""relation""]]]",0.7788954230700326
2,19,position_e01,"[[[[[2,[""relation"",""relation""]],1]]],[2,[""relation"",""relation""]]]",0.0
2,19,position_e01,"[[[]],[1,[""entity""]]]",0.0
2,19,position_e01,"[[[]],[2,[""entity"",""entity""]]]",0.0
2,19,position_e01,"[[[]],[2,[""relation"",""relation""]]]",0.0
2,19,position_e05,"[[[[[2,[""relation"",""relation""]],0]]],[1,[""entity""]]]",3.4035878450169843
2,19,position_e05,"[[[[[2,[""relation"",""relation""]],1],[[2,[""relation"",""relation""]],0],[[2,[""relation"",""relation""]],0],[[2,[""relation"",""relation""]],1]]],[2,[""entity"",""entity""]]]",0.0
2,19,position_e05,"[[[[[2,[""relation"",""relation""]],1],[[2,[""relation"",""relation""]],0],[[2,[""relation"",""relation""]],0]]],[2,[""relation"",""relation""]]]",0.0
2,19,position_e05,"[[[[[2,[""relation"",""relation""]],1],[[2,[""relation"",""relation""]],0],[[2,[""relation"",""relation""]],1],[[2,[""relation"",""relation""]],0]]],[2,[""entity"",""entity""]]]",0.0
2,19,position_e05,"[[[[[2,[""relation"",""relation""]],1],[[2,[""relation"",""relation""]],0],[[2,[""relation"",""relation""]],1],[[2,[""relation"",""relation""]],1]]],[2,[""entity"",""entity""]]]",0.0
2,19,position_e05,"[[[[[2,[""relation"",""relation""]],1],[[2,[""relation"",""relation""]],0],[[2,[""relation"",""relation""]],1]]],[2,[""relation"",""relation""]]]",0.0
2,19,position_e05,"[[[[[2,[""relation"",""relation""]],1],[[2,[""relation"",""relation""]],0]]],[2,[""relation"",""relation""]]]",0.0
2,19,position_e05,"[[[[[2,[""relation"",""relation""]],1],[[2,[""relation"",""relation""]],1],[[2,[""relation"",""relation""]],0],[[2,[""relation"",""relation""]],0]]],[2,[""entity"",""entity""]]]",0.9851211172570027
2,19,position_e05,"[[[[[2,[""relation"",""relation""]],1],[[2,[""relation"",""relation""]],1],[[2,[""relation"",""relation""]],0],[[2,[""relation"",""relation""]],1]]],[2,[""entity"",""entity""]]]",0.9487296405655316
2,19,position_e05,"[[[[[2,[""relation"",""relation""]],1],[[2,[""relation"",""relation""]],1],[[2,[""relation"",""relation""]],0]]],[2,[""relation"",""relation""]]]",1.5314099092314326
2,19,position_e05,"[[[[[2,[""relation"",""relation""]],1],[[2,[""relation"",""relation""]],1],[[2,[""relation"",""relation""]],1],[[2,[""relation"",""relation""]],0]]],[2,[""entity"",""entity""]]]",1.0323557702448993
2,19,position_e05,"[[[[[2,[""relation"",""relation""]],1],[[2,[""relation"",""relation""]],1],[[2,[""relation"",""relation""]],1],[[2,[""relation"",""relation""]],1]]],[2,[""entity"",""entity""]]]",0.922730582433785
2,19,position_e05,"[[[[[2,[""relation"",""relation""]],1],[[2,[""relation"",""relation""]],1],[[2,[""relation"",""relation""]],1]]],[2,[""relation"",""relation""]]]",1.5314797662795903
2,19,position_e05,"[[[[[2,[""relation"",""relation""]],1],[[2,[""relation"",""relation""]],1]]],[2,[""relation"",""relation""]]]",1.5314797662795903
2,19,position_e05,"[[[[[2,[""relation"",""relation""]],1]]],[2,[""relation"",""relation""]]]",0.0
2,19,position_e05,"[[[]],[1,[""entity""]]]",0.0
2,19,position_e05,"[[[]],[2,[""entity"",""entity""]]]",0.0
2,19,position_e05,"[[[]],[2,[""relation"",""relation""]]]",0.0
2,19,global_fixed1,"[[[[[2,[""relation"",""relation""]],0]]],[1,[""entity""]]]",1.0
2,19,global_fixed1,"[[[[[2,[""relation"",""relation""]],1],[[2,[""relation"",""relation""]],0],[[2,[""relation"",""relation""]],0],[[2,[""relation"",""relation""]],1]]],[2,[""entity"",""entity""]]]",1.0
2,19,global_fixed1,"[[[[[2,[""relation"",""relation""]],1],[[2,[""relation"",""relation""]],0],[[2,[""relation"",""relation""]],0]]],[2,[""relation"",""relation""]]]",1.0
2,19,global_fixed1,"[[[[[2,[""relation"",""relation""]],1],[[2,[""relation"",""relation""]],0],[[2,[""relation"",""relation""]],1],[[2,[""relation"",""relation""]],0]]],[2,[""entity"",""entity""]]]",1.0
2,19,global_fixed1,"[[[[[2,[""relation"",""relation""]],1],[[2,[""relation"",""relation""]],0],[[2,[""relation"",""relation""]],1],[[2,[""relation"",""relation""]],1]]],[2,[""entity"",""entity""]]]",1.0
2,19,global_fixed1,"[[[[[2,[""relation"",""relation""]],1],[[2,[""relation"",""relation""]],0],[[2,[""relation"",""relation""]],1]]],[2,[""relation"",""relation""]]]",1.0
2,19,global_fixed1,"[[[[[2,[""relation"",""relation""]],1],[[2,[""relation"",""relation""]],0]]],[2,[""relation"",""relation""]]]",1.0
2,19,global_fixed1,"[[[[[2,[""relation"",""relation""]],1],[[2,[""relation"",""relation""]],1],[[2,[""relation"",""relation""]],0],[[2,[""relation"",""relation""]],0]]],[2,[""entity"",""entity""]]]",1.0
2,19,global_fixed1,"[[[[[2,[""relation"",""relation""]],1],[[2,[""relation"",""relation""]],1],[[2,[""relation"",""relation""]],0],[[2,[""relation"",""relation""]],1]]],[2,[""entity"",""entity""]]]",1.0
2,19,global_fixed1,"[[[[[2,[""relation"",""relation""]],1],[[2,[""relation"",""relation""]],1],[[2,[""relation"",""relation""]],0]]],[2,[""relation"",""relation""]]]",1.0
2,19,global_fixed1,"[[[[[2,[""relation"",""relation""]],1],[[2,[""relation"",""relation""]],1],[[2,[""relation"",""relation""]],1],[[2,[""relation"",""relation""]],0]]],[2,[""entity"",""entity""]]]",1.0
2,19,global_fixed1,"[[[[[2,[""relation"",""relation""]],1],[[2,[""relation"",""relation""]],1],[[2,[""relation"",""relation""]],1],[[2,[""relation"",""relation""]],1]]],[2,[""entity"",""entity""]]]",1.0
2,19,global_fixed1,"[[[[[2,[""relation"",""relation""]],1],[[2,[""relation"",""relation""]],1],[[2,[""relation"",""relation""]],1]]],[2,[""relation"",""relation""]]]",1.0
2,19,global_fixed1,"[[[[[2,[""relation"",""relation""]],1],[[2,[""relation"",""relation""]],1]]],[2,[""relation"",""relation""]]]",1.0
2,19,global_fixed1,"[[[[[2,[""relation"",""relation""]],1]]],[2,[""relation"",""relation""]]]",1.0
2,19,global_fixed1,"[[[]],[1,[""entity""]]]",1.0
2,19,global_fixed1,"[[[]],[2,[""entity"",""entity""]]]",1.0
2,19,global_fixed1,"[[[]],[2,[""relation"",""relation""]]]",1.0
2,19,position_fixed1,"[[[[[2,[""relation"",""relation""]],0]]],[1,[""entity""]]]",1.0
2,19,position_fixed1,"[[[[[2,[""relation"",""relation""]],1],[[2,[""relation"",""relation""]],0],[[2,[""relation"",""relation""]],0],[[2,[""relation"",""relation""]],1]]],[2,[""entity"",""entity""]]]",1.0
2,19,position_fixed1,"[[[[[2,[""relation"",""relation""]],1],[[2,[""relation"",""relation""]],0],[[2,[""relation"",""relation""]],0]]],[2,[""relation"",""relation""]]]",1.0
2,19,position_fixed1,"[[[[[2,[""relation"",""relation""]],1],[[2,[""relation"",""relation""]],0],[[2,[""relation"",""relation""]],1],[[2,[""relation"",""relation""]],0]]],[2,[""entity"",""entity""]]]",1.0
2,19,position_fixed1,"[[[[[2,[""relation"",""relation""]],1],[[2,[""relation"",""relation""]],0],[[2,[""relation"",""relation""]],1],[[2,[""relation"",""relation""]],1]]],[2,[""entity"",""entity""]]]",1.0
2,19,position_fixed1,"[[[[[2,[""relation"",""relation""]],1],[[2,[""relation"",""relation""]],0],[[2,[""relation"",""relation""]],1]]],[2,[""relation"",""relation""]]]",1.0
2,19,position_fixed1,"[[[[[2,[""relation"",""relation""]],1],[[2,[""relation"",""relation""]],0]]],[2,[""relation"",""relation""]]]",1.0
2,19,position_fixed1,"[[[[[2,[""relation"",""relation""]],1],[[2,[""relation"",""relation""]],1],[[2,[""relation"",""relation""]],0],[[2,[""relation"",""relation""]],0]]],[2,[""entity"",""entity""]]]",1.0
2,19,position_fixed1,"[[[[[2,[""relation"",""relation""]],1],[[2,[""relation"",""relation""]],1],[[2,[""relation"",""relation""]],0],[[2,[""relation"",""relation""]],1]]],[2,[""entity"",""entity""]]]",1.0
2,19,position_fixed1,"[[[[[2,[""relation"",""relation""]],1],[[2,[""relation"",""relation""]],1],[[2,[""relation"",""relation""]],0]]],[2,[""relation"",""relation""]]]",1.0
2,19,position_fixed1,"[[[[[2,[""relation"",""relation""]],1],[[2,[""relation"",""relation""]],1],[[2,[""relation"",""relation""]],1],[[2,[""relation"",""relation""]],0]]],[2,[""entity"",""entity""]]]",1.0
2,19,position_fixed1,"[[[[[2,[""relation"",""relation""]],1],[[2,[""relation"",""relation""]],1],[[2,[""relation"",""relation""]],1],[[2,[""relation"",""relation""]],1]]],[2,[""entity"",""entity""]]]",1.0
2,19,position_fixed1,"[[[[[2,[""relation"",""relation""]],1],[[2,[""relation"",""relation""]],1],[[2,[""relation"",""relation""]],1]]],[2,[""relation"",""relation""]]]",1.0
2,19,position_fixed1,"[[[[[2,[""relation"",""relation""]],1],[[2,[""relation"",""relation""]],1]]],[2,[""relation"",""relation""]]]",1.0
2,19,position_fixed1,"[[[[[2,[""relation"",""relation""]],1]]],[2,[""relation"",""relation""]]]",1.0
2,19,position_fixed1,"[[[]],[1,[""entity""]]]",1.0
2,19,position_fixed1,"[[[]],[2,[""entity"",""entity""]]]",1.0
2,19,position_fixed1,"[[[]],[2,[""relation"",""relation""]]]",1.0
2,20,global_e01,"[[[[[2,[""relation"",""relation""]],0]]],[1,[""entity""]]]",1.5993472760441252
2,20,global_e01,"[[[[[2,[""relation"",""relation""]],1],[[2,[""relation"",""relation""]],0],[[2,[""relation"",""relation""]],0],[[2,[""relation"",""relation""]],1]]],[2,[""entity"",""entity""]]]",0.10819042534479077
2,20,global_e01,"[[[[[2,[""relation"",""relation""]],1],[[2,[""relation"",""relation""]],0],[[2,[""relation"",""relation""]],0]]],[2,[""relation"",""relation""]]]",0.3881880166741728
2,20,global_e01,"[[[[[2,[""relation"",""relation""]],1],[[2,[""relation"",""relation""]],0],[[2,[""relation"",""relation""]],1],[[2,[""relation"",""relation""]],0]]],[2,[""entity"",""entity""]]]",0.1307471795799743
2,20,global_e01,"[[[[[2,[""relation"",""relation""]],1],[[2,[""relation"",""relation""]],0],[[2,[""relation"",""relation""]],1],[[2,[""relation"",""relation""]],1]]],[2,[""entity"",""entity""]]]",0.05690273123713569
2,20,global_e01,"[[[[[2,[""relation"",""relation""]],1],[[2,[""relation"",""relation""]],0],[[2,[""relation"",""relation""]],1]]],[2,[""relation"",""relation""]]]",0.25367677048282655
2,20,global_e01,"[[[[[2,[""relation"",""relation""]],1],[[2,[""relation"",""relation""]],0]]],[2,[""relation"",""relation""]]]",0.29045372939809344
2,20,global_e01,"[[[[[2,[""relation"",""relation""]],1],[[2,[""relation"",""relation""]],1],[[2,[""relation"",""relation""]],0],[[2,[""relation"",""relation""]],0]]],[2,[""entity"",""entity""]]]",0.22835948526583952
2,20,global_e01,"[[[[[2,[""relation"",""relation""]],1],[[2,[""relation"",""relation""]],1],[[2,[""relation"",""relation""]],0],[[2,[""relation"",""relation""]],1]]],[2,[""entity"",""entity""]]]",0.30321078824973996
2,20,global_e01,"[[[[[2,[""relation"",""relation""]],1],[[2,[""relation"",""relation""]],1],[[2,[""relation"",""relation""]],0]]],[2,[""relation"",""relation""]]]",0.3049006720493991
2,20,global_e01,"[[[[[2,[""relation"",""relation""]],1],[[2,[""relation"",""relation""]],1],[[2,[""relation"",""relation""]],1],[[2,[""relation"",""relation""]],0]]],[2,[""entity"",""entity""]]]",0.30865576514459686
2,20,global_e01,"[[[[[2,[""relation"",""relation""]],1],[[2,[""relation"",""relation""]],1],[[2,[""relation"",""relation""]],1],[[2,[""relation"",""relation""]],1]]],[2,[""entity"",""entity""]]]",0.05780171131841515
2,20,global_e01,"[[[[[2,[""relation"",""relation""]],1],[[2,[""relation"",""relation""]],1],[[2,[""relation"",""relation""]],1]]],[2,[""relation"",""relation""]]]",0.30448293374936203
2,20,global_e01,"[[[[[2,[""relation"",""relation""]],1],[[2,[""relation"",""relation""]],1]]],[2,[""relation"",""relation""]]]",0.30448293374936203
2,20,global_e01,"[[[[[2,[""relation"",""relation""]],1]]],[2,[""relation"",""relation""]]]",0.29045372939809344
2,20,global_e01,"[[[]],[1,[""entity""]]]",0.0
2,20,global_e01,"[[[]],[2,[""entity"",""entity""]]]",0.0
2,20,global_e01,"[[[]],[2,[""relation"",""relation""]]]",0.28580382528840614
2,20,global_e05,"[[[[[2,[""relation"",""relation""]],0]]],[1,[""entity""]]]",2.875190021386101
2,20,global_e05,"[[[[[2,[""relation"",""relation""]],1],[[2,[""relation"",""relation""]],0],[[2,[""relation"",""relation""]],0],[[2,[""relation"",""relation""]],1]]],[2,[""entity"",""entity""]]]",0.3111870719135952
2,20,global_e05,"[[[[[2,[""relation"",""relation""]],1],[[2,[""relation"",""relation""]],0],[[2,[""relation"",""relation""]],0]]],[2,[""relation"",""relation""]]]",0.5608289783062614
2,20,global_e05,"[[[[[2,[""relation"",""relation""]],1],[[2,[""relation"",""relation""]],0],[[2,[""relation"",""relation""]],1],[[2,[""relation"",""relation""]],0]]],[2,[""entity"",""entity""]]]",0.4368359860524529
2,20,global_e05,"[[[[[2,[""relation"",""relation""]],1],[[2,[""relation"",""relation""]],0],[[2,[""relation"",""relation""]],1],[[2,[""relation"",""relation""]],1]]],[2,[""entity"",""entity""]]]",0.015059741138957472
2,20,global_e05,"[[[[[2,[""relation"",""relation""]],1],[[2,[""relation"",""relation""]],0],[[2,[""relation"",""relation""]],1]]],[2,[""relation"",""relation""]]]",0.5608289783062614
2,20,global_e05,"[[[[[2,[""relation"",""relation""]],1],[[2,[""relation"",""relation""]],0]]],[2,[""relation"",""relation""]]]",0.5608289783062614
2,20,global_e05,"[[[[[2,[""relation"",""relation""]],1],[[2,[""relation"",""relation""]],1],[[2,[""relation"",""relation""]],0],[[2,[""relation"",""relation""]],0]]],[2,[""entity"",""entity""]]]",0.587719138954953
2,20,global_e05,"[[[[[2,[""relation"",""relation""]],1],[[2,[""relation"",""relation""]],1],[[2,[""relation"",""relation""]],0],[[2,[""relation"",""relation""]],1]]],[2,[""entity"",""entity""]]]",0.7772124376746777
2,20,global_e05,"[[[[[2,[""relation"",""relation""]],1],[[2,[""relation"",""relation""]],1],[[2,[""relation"",""relation""]],0]]],[2,[""relation"",""relation""]]]",0.6652934712143199
2,20,global_e05,"[[[[[2,[""relation"",""relation""]],1],[[2,[""relation"",""relation""]],1],[[2,[""relation"",""relation""]],1],[[2,[""relation"",""relation""]],0]]],[2,[""entity"",""entity""]]]",0.7593358153690084
2,20,global_e05,"[[[[[2,[""relation"",""relation""]],1],[[2,[""relation"",""relation""]],1],[[2,[""relation"",""relation""]],1],[[2,[""relation"",""relation""]],1]]],[2,[""entity"",""entity""]]]",0.00040734135716791187
2,20,global_e05,"[[[[[2,[""relation"",""relation""]],1],[[2,[""relation"",""relation""]],1],[[2,[""relation"",""relation""]],1]]],[2,[""relation"",""relation""]]]",0.6652934712143199
2,20,global_e05,"[[[[[2,[""relation"",""relation""]],1],[[2,[""relation"",""relation""]],1]]],[2,[""relation"",""relation""]]]",0.6652934712143199
2,20,global_e05,"[[[[[2,[""relation"",""relation""]],1]]],[2,[""relation"",""relation""]]]",0.5608289783062614
2,20,global_e05,"[[[]],[1,[""entity""]]]",0.0
2,20,global_e05,"[[[]],[2,[""entity"",""entity""]]]",0.0
2,20,global_e05,"[[[]],[2,[""relation"",""relation""]]]",0.5608289783062614
2,20,position_e01,"[[[[[2,[""relation"",""relation""]],0]]],[1,[""entity""]]]",1.4949691975654962
2,20,position_e01,"[[[[[2,[""relation"",""relation""]],1],[[2,[""relation"",""relation""]],0],[[2,[""relation"",""relation""]],0],[[2,[""relation"",""relation""]],1]]],[2,[""entity"",""entity""]]]",0.0
2,20,position_e01,"[[[[[2,[""relation"",""relation""]],1],[[2,[""relation"",""relation""]],0],[[2,[""relation"",""relation""]],0]]],[2,[""relation"",""relation""]]]",0.0
2,20,position_e01,"[[[[[2,[""relation"",""relation""]],1],[[2,[""relation"",""relation""]],0],[[2,[""relation"",""relation""]],1],[[2,[""relation"",""relation""]],0]]],[2,[""entity"",""entity""]]]",0.0
2,20,position_e01,"[[[[[2,[""relation"",""relation""]],1],[[2,[""relation"",""relation""]],0],[[2,[""relation"",""relation""]],1],[[2,[""relation"",""relation""]],1]]],[2,[""entity"",""entity""]]]",0.0
2,20,position_e01,"[[[[[2,[""relation"",""relation""]],1],[[2,[""relation"",""relation""]],0],[[2,[""relation"",""relation""]],1]]],[2,[""relation"",""relation""]]]",0.0
2,20,position_e01,"[[[[[2,[""relation"",""relation""]],1],[[2,[""relation"",""relation""]],0]]],[2,[""relation"",""relation""]]]",0.0
2,20,position_e01,"[[[[[2,[""relation"",""relation""]],1],[[2,[""relation"",""relation""]],1],[[2,[""relation"",""relation""]],0],[[2,[""relation"",""relation""]],0]]],[2,[""entity"",""entity""]]]",0.7272612903800388
2,20,position_e01,"[[[[[2,[""relation"",""relation""]],1],[[2,[""relation"",""relation""]],1],[[2,[""relation"",""relation""]],0],[[2,[""relation"",""relation""]],1]]],[2,[""entity"",""entity""]]]",0.7597195983798798
2,20,position_e01,"[[[[[2,[""relation"",""relation""]],1],[[2,[""relation"",""relation""]],1],[[2,[""relation"",""relation""]],0]]],[2,[""relation"",""relation""]]]",0.9145212010065824
2,20,position_e01,"[[[[[2,[""relation"",""relation""]],1],[[2,[""relation"",""relation""]],1],[[2,[""relation"",""relation""]],1],[[2,[""relation"",""relation""]],0]]],[2,[""entity"",""entity""]]]",0.734346237796097
2,20,position_e01,"[[[[[2,[""relation"",""relation""]],1],[[2,[""relation"",""relation""]],1],[[2,[""relation"",""relation""]],1],[[2,[""relation"",""relation""]],1]]],[2,[""entity"",""entity""]]]",0.652264682150317
2,20,position_e01,"[[[[[2,[""relation"",""relation""]],1],[[2,[""relation"",""relation""]],1],[[2,[""relation"",""relation""]],1]]],[2,[""relation"",""relation""]]]",0.9102565272129381
2,20,position_e01,"[[[[[2,[""relation"",""relation""]],1],[[2,[""relation"",""relation""]],1]]],[2,[""relation"",""relation""]]]",0.9102565272129381
2,20,position_e01,"[[[[[2,[""relation"",""relation""]],1]]],[2,[""relation"",""relation""]]]",0.0
2,20,position_e01,"[[[]],[1,[""entity""]]]",0.0
2,20,position_e01,"[[[]],[2,[""entity"",""entity""]]]",0.0
2,20,position_e01,"[[[]],[2,[""relation"",""relation""]]]",0.0
2,20,position_e05,"[[[[[2,[""relation"",""relation""]],0]]],[1,[""entity""]]]",3.165292229673065
2,20,position_e05,"[[[[[2,[""relation"",""relation""]],1],[[2,[""relation"",""relation""]],0],[[2,[""relation"",""relation""]],0],[[2,[""relation"",""relation""]],1]]],[2,[""entity"",""entity""]]]",0.0
2,20,position_e05,"[[[[[2,[""relation"",""relation""]],1],[[2,[""relation"",""relation""]],0],[[2,[""relation"",""relation""]],0]]],[2,[""relation"",""relation""]]]",0.0
2,20,position_e05,"[[[[[2,[""relation"",""relation""]],1],[[2,[""relation"",""relation""]],0],[[2,[""relation"",""relation""]],1],[[2,[""relation"",""relation""]],0]]],[2,[""entity"",""entity""]]]",0.0
2,20,position_e05,"[[[[[2,[""relation"",""relation""]],1],[[2,[""relation"",""relation""]],0],[[2,[""relation"",""relation""]],1],[[2,[""relation"",""relation""]],1]]],[2,[""entity"",""entity""]]]",0.0
2,20,position_e05,"[[[[[2,[""relation"",""relation""]],1],[[2,[""relation"",""relation""]],0],[[2,[""relation"",""relation""]],1]]],[2,[""relation"",""relation""]]]",0.0
2,20,position_e05,"[[[[[2,[""relation"",""relation""]],1],[[2,[""relation"",""relation""]],0]]],[2,[""relation"",""relation""]]]",0.0
2,20,position_e05,"[[[[[2,[""relation"",""relation""]],1],[[2,[""relation"",""relation""]],1],[[2,[""relation"",""relation""]],0],[[2,[""relation"",""relation""]],0]]],[2,[""entity"",""entity""]]]",1.1965620504620824
2,20,position_e05,"[[[[[2,[""relation"",""relation""]],1],[[2,[""relation"",""relation""]],1],[[2,[""relation"",""relation""]],0],[[2,[""relation"",""relation""]],1]]],[2,[""entity"",""entity""]]]",1.2162212745037024
2,20,position_e05,"[[[[[2,[""relation"",""relation""]],1],[[2,[""relation"",""relation""]],1],[[2,[""relation"",""relation""]],0]]],[2,[""relation"",""relation""]]]",1.8007630756468722
2,20,position_e05,"[[[[[2,[""relation"",""relation""]],1],[[2,[""relation"",""relation""]],1],[[2,[""relation"",""relation""]],1],[[2,[""relation"",""relation""]],0]]],[2,[""entity"",""entity""]]]",1.1541929240412534
2,20,position_e05,"[[[[[2,[""relation"",""relation""]],1],[[2,[""relation"",""relation""]],1],[[2,[""relation"",""relation""]],1],[[2,[""relation"",""relation""]],1]]],[2,[""entity"",""entity""]]]",0.9451902181684466
2,20,position_e05,"[[[[[2,[""relation"",""relation""]],1],[[2,[""relation"",""relation""]],1],[[2,[""relation"",""relation""]],1]]],[2,[""relation"",""relation""]]]",1.7849489185437264
2,20,position_e05,"[[[[[2,[""relation"",""relation""]],1],[[2,[""relation"",""relation""]],1]]],[2,[""relation"",""relation""]]]",1.7849489185437264
2,20,position_e05,"[[[[[2,[""relation"",""relation""]],1]]],[2,[""relation"",""relation""]]]",0.0
2,20,position_e05,"[[[]],[1,[""entity""]]]",0.0
2,20,position_e05,"[[[]],[2,[""entity"",""entity""]]]",0.0
2,20,position_e05,"[[[]],[2,[""relation"",""relation""]]]",0.0
2,20,global_fixed1,"[[[[[2,[""relation"",""relation""]],0]]],[1,[""entity""]]]",1.0
2,20,global_fixed1,"[[[[[2,[""relation"",""relation""]],1],[[2,[""relation"",""relation""]],0],[[2,[""relation"",""relation""]],0],[[2,[""relation"",""relation""]],1]]],[2,[""entity"",""entity""]]]",1.0
2,20,global_fixed1,"[[[[[2,[""relation"",""relation""]],1],[[2,[""relation"",""relation""]],0],[[2,[""relation"",""relation""]],0]]],[2,[""relation"",""relation""]]]",1.0
2,20,global_fixed1,"[[[[[2,[""relation"",""relation""]],1],[[2,[""relation"",""relation""]],0],[[2,[""relation"",""relation""]],1],[[2,[""relation"",""relation""]],0]]],[2,[""entity"",""entity""]]]",1.0
2,20,global_fixed1,"[[[[[2,[""relation"",""relation""]],1],[[2,[""relation"",""relation""]],0],[[2,[""relation"",""relation""]],1],[[2,[""relation"",""relation""]],1]]],[2,[""entity"",""entity""]]]",1.0
2,20,global_fixed1,"[[[[[2,[""relation"",""relation""]],1],[[2,[""relation"",""relation""]],0],[[2,[""relation"",""relation""]],1]]],[2,[""relation"",""relation""]]]",1.0
2,20,global_fixed1,"[[[[[2,[""relation"",""relation""]],1],[[2,[""relation"",""relation""]],0]]],[2,[""relation"",""relation""]]]",1.0
2,20,global_fixed1,"[[[[[2,[""relation"",""relation""]],1],[[2,[""relation"",""relation""]],1],[[2,[""relation"",""relation""]],0],[[2,[""relation"",""relation""]],0]]],[2,[""entity"",""entity""]]]",1.0
2,20,global_fixed1,"[[[[[2,[""relation"",""relation""]],1],[[2,[""relation"",""relation""]],1],[[2,[""relation"",""relation""]],0],[[2,[""relation"",""relation""]],1]]],[2,[""entity"",""entity""]]]",1.0
2,20,global_fixed1,"[[[[[2,[""relation"",""relation""]],1],[[2,[""relation"",""relation""]],1],[[2,[""relation"",""relation""]],0]]],[2,[""relation"",""relation""]]]",1.0
2,20,global_fixed1,"[[[[[2,[""relation"",""relation""]],1],[[2,[""relation"",""relation""]],1],[[2,[""relation"",""relation""]],1],[[2,[""relation"",""relation""]],0]]],[2,[""entity"",""entity""]]]",1.0
2,20,global_fixed1,"[[[[[2,[""relation"",""relation""]],1],[[2,[""relation"",""relation""]],1],[[2,[""relation"",""relation""]],1],[[2,[""relation"",""relation""]],1]]],[2,[""entity"",""entity""]]]",1.0
2,20,global_fixed1,"[[[[[2,[""relation"",""relation""]],1],[[2,[""relation"",""relation""]],1],[[2,[""relation"",""relation""]],1]]],[2,[""relation"",""relation""]]]",1.0
2,20,global_fixed1,"[[[[[2,[""relation"",""relation""]],1],[[2,[""relation"",""relation""]],1]]],[2,[""relation"",""relation""]]]",1.0
2,20,global_fixed1,"[[[[[2,[""relation"",""relation""]],1]]],[2,[""relation"",""relation""]]]",1.0
2,20,global_fixed1,"[[[]],[1,[""entity""]]]",1.0
2,20,global_fixed1,"[[[]],[2,[""entity"",""entity""]]]",1.0
2,20,global_fixed1,"[[[]],[2,[""relation"",""relation""]]]",1.0
2,20,position_fixed1,"[[[[[2,[""relation"",""relation""]],0]]],[1,[""entity""]]]",1.0
2,20,position_fixed1,"[[[[[2,[""relation"",""relation""]],1],[[2,[""relation"",""relation""]],0],[[2,[""relation"",""relation""]],0],[[2,[""relation"",""relation""]],1]]],[2,[""entity"",""entity""]]]",1.0
2,20,position_fixed1,"[[[[[2,[""relation"",""relation""]],1],[[2,[""relation"",""relation""]],0],[[2,[""relation"",""relation""]],0]]],[2,[""relation"",""relation""]]]",1.0
2,20,position_fixed1,"[[[[[2,[""relation"",""relation""]],1],[[2,[""relation"",""relation""]],0],[[2,[""relation"",""relation""]],1],[[2,[""relation"",""relation""]],0]]],[2,[""entity"",""entity""]]]",1.0
2,20,position_fixed1,"[[[[[2,[""relation"",""relation""]],1],[[2,[""relation"",""relation""]],0],[[2,[""relation"",""relation""]],1],[[2,[""relation"",""relation""]],1]]],[2,[""entity"",""entity""]]]",1.0
2,20,position_fixed1,"[[[[[2,[""relation"",""relation""]],1],[[2,[""relation"",""relation""]],0],[[2,[""relation"",""relation""]],1]]],[2,[""relation"",""relation""]]]",1.0
2,20,position_fixed1,"[[[[[2,[""relation"",""relation""]],1],[[2,[""relation"",""relation""]],0]]],[2,[""relation"",""relation""]]]",1.0
2,20,position_fixed1,"[[[[[2,[""relation"",""relation""]],1],[[2,[""relation"",""relation""]],1],[[2,[""relation"",""relation""]],0],[[2,[""relation"",""relation""]],0]]],[2,[""entity"",""entity""]]]",1.0
2,20,position_fixed1,"[[[[[2,[""relation"",""relation""]],1],[[2,[""relation"",""relation""]],1],[[2,[""relation"",""relation""]],0],[[2,[""relation"",""relation""]],1]]],[2,[""entity"",""entity""]]]",1.0
2,20,position_fixed1,"[[[[[2,[""relation"",""relation""]],1],[[2,[""relation"",""relation""]],1],[[2,[""relation"",""relation""]],0]]],[2,[""relation"",""relation""]]]",1.0
2,20,position_fixed1,"[[[[[2,[""relation"",""relation""]],1],[[2,[""relation"",""relation""]],1],[[2,[""relation"",""relation""]],1],[[2,[""relation"",""relation""]],0]]],[2,[""entity"",""entity""]]]",1.0
2,20,position_fixed1,"[[[[[2,[""relation"",""relation""]],1],[[2,[""relation"",""relation""]],1],[[2,[""relation"",""relation""]],1],[[2,[""relation"",""relation""]],1]]],[2,[""entity"",""entity""]]]",1.0
2,20,position_fixed1,"[[[[[2,[""relation"",""relation""]],1],[[2,[""relation"",""relation""]],1],[[2,[""relation"",""relation""]],1]]],[2,[""relation"",""relation""]]]",1.0
2,20,position_fixed1,"[[[[[2,[""relation"",""relation""]],1],[[2,[""relation"",""relation""]],1]]],[2,[""relation"",""relation""]]]",1.0
2,20,position_fixed1,"[[[[[2,[""relation"",""relation""]],1]]],[2,[""relation"",""relation""]]]",1.0
2,20,position_fixed1,"[[[]],[1,[""entity""]]]",1.0
2,20,position_fixed1,"[[[]],[2,[""entity"",""entity""]]]",1.0
2,20,position_fixed1,"[[[]],[2,[""relation"",""relation""]]]",1.0
