world,seed,arm,beta,eta,shop,day,total,normal_door,exception_door,other_name,silent,normal_door_rate,exception_door_rate,other_name_rate,silent_rate,hold,hold_b,hold_rate,hold_b_rate,normal_exception_same_predicate,exception_column_applicable
1,1,0,5.0,0.05,乙,exception,14,12,,0,2,0.8571428571428571,,0.0,0.14285714285714285,0,12,0.0,0.8571428571428571,True,False
1,1,0,5.0,0.05,乙,normal,55,50,,0,5,0.9090909090909091,,0.0,0.09090909090909091,0,50,0.0,0.9090909090909091,True,False
1,1,0,5.0,0.05,甲,exception,19,19,,0,0,1.0,,0.0,0.0,19,0,1.0,0.0,True,False
1,1,0,5.0,0.05,甲,normal,69,56,,0,13,0.8115942028985508,,0.0,0.18840579710144928,56,0,0.8115942028985508,0.0,True,False
1,1,1,5.0,0.5,乙,exception,14,12,,0,2,0.8571428571428571,,0.0,0.14285714285714285,0,12,0.0,0.8571428571428571,True,False
1,1,1,5.0,0.5,乙,normal,55,50,,0,5,0.9090909090909091,,0.0,0.09090909090909091,0,50,0.0,0.9090909090909091,True,False
1,1,1,5.0,0.5,甲,exception,19,19,,0,0,1.0,,0.0,0.0,19,0,1.0,0.0,True,False
1,1,1,5.0,0.5,甲,normal,69,56,,0,13,0.8115942028985508,,0.0,0.18840579710144928,56,0,0.8115942028985508,0.0,True,False
1,1,1,5.0,1.0,乙,exception,14,12,,0,2,0.8571428571428571,,0.0,0.14285714285714285,0,12,0.0,0.8571428571428571,True,False
1,1,1,5.0,1.0,乙,normal,55,50,,0,5,0.9090909090909091,,0.0,0.09090909090909091,0,50,0.0,0.9090909090909091,True,False
1,1,1,5.0,1.0,甲,exception,19,19,,0,0,1.0,,0.0,0.0,19,0,1.0,0.0,True,False
1,1,1,5.0,1.0,甲,normal,69,56,,0,13,0.8115942028985508,,0.0,0.18840579710144928,56,0,0.8115942028985508,0.0,True,False
1,1,1,5.0,2.0,乙,exception,14,12,,0,2,0.8571428571428571,,0.0,0.14285714285714285,0,12,0.0,0.8571428571428571,True,False
1,1,1,5.0,2.0,乙,normal,55,50,,0,5,0.9090909090909091,,0.0,0.09090909090909091,0,50,0.0,0.9090909090909091,True,False
1,1,1,5.0,2.0,甲,exception,19,19,,0,0,1.0,,0.0,0.0,19,0,1.0,0.0,True,False
1,1,1,5.0,2.0,甲,normal,69,56,,0,13,0.8115942028985508,,0.0,0.18840579710144928,56,0,0.8115942028985508,0.0,True,False
1,1,1,5.0,5.0,乙,exception,14,12,,0,2,0.8571428571428571,,0.0,0.14285714285714285,0,12,0.0,0.8571428571428571,True,False
1,1,1,5.0,5.0,乙,normal,55,50,,0,5,0.9090909090909091,,0.0,0.09090909090909091,0,50,0.0,0.9090909090909091,True,False
1,1,1,5.0,5.0,甲,exception,19,19,,0,0,1.0,,0.0,0.0,19,0,1.0,0.0,True,False
1,1,1,5.0,5.0,甲,normal,69,56,,0,13,0.8115942028985508,,0.0,0.18840579710144928,56,0,0.8115942028985508,0.0,True,False
1,1,1,20.0,0.5,乙,exception,14,12,,0,2,0.8571428571428571,,0.0,0.14285714285714285,0,12,0.0,0.8571428571428571,True,False
1,1,1,20.0,0.5,乙,normal,55,50,,0,5,0.9090909090909091,,0.0,0.09090909090909091,0,50,0.0,0.9090909090909091,True,False
1,1,1,20.0,0.5,甲,exception,19,19,,0,0,1.0,,0.0,0.0,19,0,1.0,0.0,True,False
1,1,1,20.0,0.5,甲,normal,69,56,,0,13,0.8115942028985508,,0.0,0.18840579710144928,56,0,0.8115942028985508,0.0,True,False
1,1,1,20.0,1.0,乙,exception,14,12,,0,2,0.8571428571428571,,0.0,0.14285714285714285,0,12,0.0,0.8571428571428571,True,False
1,1,1,20.0,1.0,乙,normal,55,51,,0,4,0.9272727272727272,,0.0,0.07272727272727272,0,51,0.0,0.9272727272727272,True,False
1,1,1,20.0,1.0,甲,exception,19,19,,0,0,1.0,,0.0,0.0,19,0,1.0,0.0,True,False
1,1,1,20.0,1.0,甲,normal,69,56,,0,13,0.8115942028985508,,0.0,0.18840579710144928,56,0,0.8115942028985508,0.0,True,False
1,1,1,20.0,2.0,乙,exception,14,12,,0,2,0.8571428571428571,,0.0,0.14285714285714285,0,12,0.0,0.8571428571428571,True,False
1,1,1,20.0,2.0,乙,normal,55,52,,0,3,0.9454545454545454,,0.0,0.05454545454545454,0,52,0.0,0.9454545454545454,True,False
1,1,1,20.0,2.0,甲,exception,19,19,,0,0,1.0,,0.0,0.0,19,0,1.0,0.0,True,False
1,1,1,20.0,2.0,甲,normal,69,59,,0,10,0.855072463768116,,0.0,0.14492753623188406,59,0,0.855072463768116,0.0,True,False
1,1,1,20.0,5.0,乙,exception,14,12,,0,2,0.8571428571428571,,0.0,0.14285714285714285,0,12,0.0,0.8571428571428571,True,False
1,1,1,20.0,5.0,乙,normal,55,54,,0,1,0.9818181818181818,,0.0,0.01818181818181818,0,54,0.0,0.9818181818181818,True,False
1,1,1,20.0,5.0,甲,exception,19,19,,0,0,1.0,,0.0,0.0,19,0,1.0,0.0,True,False
1,1,1,20.0,5.0,甲,normal,69,62,,0,7,0.8985507246376812,,0.0,0.10144927536231885,62,0,0.8985507246376812,0.0,True,False
1,1,2,5.0,0.5,乙,exception,14,12,,0,2,0.8571428571428571,,0.0,0.14285714285714285,0,12,0.0,0.8571428571428571,True,False
1,1,2,5.0,0.5,乙,normal,55,50,,0,5,0.9090909090909091,,0.0,0.09090909090909091,0,50,0.0,0.9090909090909091,True,False
1,1,2,5.0,0.5,甲,exception,19,19,,0,0,1.0,,0.0,0.0,19,0,1.0,0.0,True,False
1,1,2,5.0,0.5,甲,normal,69,56,,0,13,0.8115942028985508,,0.0,0.18840579710144928,56,0,0.8115942028985508,0.0,True,False
1,1,2,5.0,1.0,乙,exception,14,12,,0,2,0.8571428571428571,,0.0,0.14285714285714285,0,12,0.0,0.8571428571428571,True,False
1,1,2,5.0,1.0,乙,normal,55,50,,0,5,0.9090909090909091,,0.0,0.09090909090909091,0,50,0.0,0.9090909090909091,True,False
1,1,2,5.0,1.0,甲,exception,19,19,,0,0,1.0,,0.0,0.0,19,0,1.0,0.0,True,False
1,1,2,5.0,1.0,甲,normal,69,56,,0,13,0.8115942028985508,,0.0,0.18840579710144928,56,0,0.8115942028985508,0.0,True,False
1,1,2,5.0,2.0,乙,exception,14,12,,0,2,0.8571428571428571,,0.0,0.14285714285714285,0,12,0.0,0.8571428571428571,True,False
1,1,2,5.0,2.0,乙,normal,55,50,,0,5,0.9090909090909091,,0.0,0.09090909090909091,0,50,0.0,0.9090909090909091,True,False
1,1,2,5.0,2.0,甲,exception,19,19,,0,0,1.0,,0.0,0.0,19,0,1.0,0.0,True,False
1,1,2,5.0,2.0,甲,normal,69,56,,0,13,0.8115942028985508,,0.0,0.18840579710144928,56,0,0.8115942028985508,0.0,True,False
1,1,2,5.0,5.0,乙,exception,14,12,,0,2,0.8571428571428571,,0.0,0.14285714285714285,0,12,0.0,0.8571428571428571,True,False
1,1,2,5.0,5.0,乙,normal,55,50,,0,5,0.9090909090909091,,0.0,0.09090909090909091,0,50,0.0,0.9090909090909091,True,False
1,1,2,5.0,5.0,甲,exception,19,19,,0,0,1.0,,0.0,0.0,19,0,1.0,0.0,True,False
1,1,2,5.0,5.0,甲,normal,69,56,,0,13,0.8115942028985508,,0.0,0.18840579710144928,56,0,0.8115942028985508,0.0,True,False
1,1,2,20.0,0.5,乙,exception,14,12,,0,2,0.8571428571428571,,0.0,0.14285714285714285,0,12,0.0,0.8571428571428571,True,False
1,1,2,20.0,0.5,乙,normal,55,50,,0,5,0.9090909090909091,,0.0,0.09090909090909091,0,50,0.0,0.9090909090909091,True,False
1,1,2,20.0,0.5,甲,exception,19,19,,0,0,1.0,,0.0,0.0,19,0,1.0,0.0,True,False
1,1,2,20.0,0.5,甲,normal,69,56,,0,13,0.8115942028985508,,0.0,0.18840579710144928,56,0,0.8115942028985508,0.0,True,False
1,1,2,20.0,1.0,乙,exception,14,12,,0,2,0.8571428571428571,,0.0,0.14285714285714285,0,12,0.0,0.8571428571428571,True,False
1,1,2,20.0,1.0,乙,normal,55,51,,0,4,0.9272727272727272,,0.0,0.07272727272727272,0,51,0.0,0.9272727272727272,True,False
1,1,2,20.0,1.0,甲,exception,19,19,,0,0,1.0,,0.0,0.0,19,0,1.0,0.0,True,False
1,1,2,20.0,1.0,甲,normal,69,56,,0,13,0.8115942028985508,,0.0,0.18840579710144928,56,0,0.8115942028985508,0.0,True,False
1,1,2,20.0,2.0,乙,exception,14,12,,0,2,0.8571428571428571,,0.0,0.14285714285714285,0,12,0.0,0.8571428571428571,True,False
1,1,2,20.0,2.0,乙,normal,55,52,,0,3,0.9454545454545454,,0.0,0.05454545454545454,0,52,0.0,0.9454545454545454,True,False
1,1,2,20.0,2.0,甲,exception,19,19,,0,0,1.0,,0.0,0.0,19,0,1.0,0.0,True,False
1,1,2,20.0,2.0,甲,normal,69,56,,0,13,0.8115942028985508,,0.0,0.18840579710144928,56,0,0.8115942028985508,0.0,True,False
1,1,2,20.0,5.0,乙,exception,14,12,,0,2,0.8571428571428571,,0.0,0.14285714285714285,0,12,0.0,0.8571428571428571,True,False
1,1,2,20.0,5.0,乙,normal,55,53,,0,2,0.9636363636363636,,0.0,0.03636363636363636,0,53,0.0,0.9636363636363636,True,False
1,1,2,20.0,5.0,甲,exception,19,19,,0,0,1.0,,0.0,0.0,19,0,1.0,0.0,True,False
1,1,2,20.0,5.0,甲,normal,69,61,,0,8,0.8840579710144928,,0.0,0.11594202898550725,61,0,0.8840579710144928,0.0,True,False
1,2,0,5.0,0.05,乙,exception,17,14,,0,3,0.8235294117647058,,0.0,0.17647058823529413,0,14,0.0,0.8235294117647058,True,False
1,2,0,5.0,0.05,乙,normal,61,50,,0,11,0.819672131147541,,0.0,0.18032786885245902,0,50,0.0,0.819672131147541,True,False
1,2,0,5.0,0.05,甲,exception,17,10,,0,7,0.5882352941176471,,0.0,0.4117647058823529,10,0,0.5882352941176471,0.0,True,False
1,2,0,5.0,0.05,甲,normal,59,43,,0,16,0.7288135593220338,,0.0,0.2711864406779661,43,0,0.7288135593220338,0.0,True,False
1,2,1,5.0,0.5,乙,exception,17,14,,0,3,0.8235294117647058,,0.0,0.17647058823529413,0,14,0.0,0.8235294117647058,True,False
1,2,1,5.0,0.5,乙,normal,61,50,,0,11,0.819672131147541,,0.0,0.18032786885245902,0,50,0.0,0.819672131147541,True,False
1,2,1,5.0,0.5,甲,exception,17,10,,0,7,0.5882352941176471,,0.0,0.4117647058823529,10,0,0.5882352941176471,0.0,True,False
1,2,1,5.0,0.5,甲,normal,59,43,,0,16,0.7288135593220338,,0.0,0.2711864406779661,43,0,0.7288135593220338,0.0,True,False
1,2,1,5.0,1.0,乙,exception,17,14,,0,3,0.8235294117647058,,0.0,0.17647058823529413,0,14,0.0,0.8235294117647058,True,False
1,2,1,5.0,1.0,乙,normal,61,50,,0,11,0.819672131147541,,0.0,0.18032786885245902,0,50,0.0,0.819672131147541,True,False
1,2,1,5.0,1.0,甲,exception,17,10,,0,7,0.5882352941176471,,0.0,0.4117647058823529,10,0,0.5882352941176471,0.0,True,False
1,2,1,5.0,1.0,甲,normal,59,43,,0,16,0.7288135593220338,,0.0,0.2711864406779661,43,0,0.7288135593220338,0.0,True,False
1,2,1,5.0,2.0,乙,exception,17,14,,0,3,0.8235294117647058,,0.0,0.17647058823529413,0,14,0.0,0.8235294117647058,True,False
1,2,1,5.0,2.0,乙,normal,61,50,,0,11,0.819672131147541,,0.0,0.18032786885245902,0,50,0.0,0.819672131147541,True,False
1,2,1,5.0,2.0,甲,exception,17,10,,0,7,0.5882352941176471,,0.0,0.4117647058823529,10,0,0.5882352941176471,0.0,True,False
1,2,1,5.0,2.0,甲,normal,59,43,,0,16,0.7288135593220338,,0.0,0.2711864406779661,43,0,0.7288135593220338,0.0,True,False
1,2,1,5.0,5.0,乙,exception,17,14,,0,3,0.8235294117647058,,0.0,0.17647058823529413,0,14,0.0,0.8235294117647058,True,False
1,2,1,5.0,5.0,乙,normal,61,50,,0,11,0.819672131147541,,0.0,0.18032786885245902,0,50,0.0,0.819672131147541,True,False
1,2,1,5.0,5.0,甲,exception,17,10,,0,7,0.5882352941176471,,0.0,0.4117647058823529,10,0,0.5882352941176471,0.0,True,False
1,2,1,5.0,5.0,甲,normal,59,43,,0,16,0.7288135593220338,,0.0,0.2711864406779661,43,0,0.7288135593220338,0.0,True,False
1,2,1,20.0,0.5,乙,exception,17,14,,0,3,0.8235294117647058,,0.0,0.17647058823529413,0,14,0.0,0.8235294117647058,True,False
1,2,1,20.0,0.5,乙,normal,61,50,,0,11,0.819672131147541,,0.0,0.18032786885245902,0,50,0.0,0.819672131147541,True,False
1,2,1,20.0,0.5,甲,exception,17,10,,0,7,0.5882352941176471,,0.0,0.4117647058823529,10,0,0.5882352941176471,0.0,True,False
1,2,1,20.0,0.5,甲,normal,59,45,,0,14,0.7627118644067796,,0.0,0.23728813559322035,45,0,0.7627118644067796,0.0,True,False
1,2,1,20.0,1.0,乙,exception,17,14,,0,3,0.8235294117647058,,0.0,0.17647058823529413,0,14,0.0,0.8235294117647058,True,False
1,2,1,20.0,1.0,乙,normal,61,50,,0,11,0.819672131147541,,0.0,0.18032786885245902,0,50,0.0,0.819672131147541,True,False
1,2,1,20.0,1.0,甲,exception,17,10,,0,7,0.5882352941176471,,0.0,0.4117647058823529,10,0,0.5882352941176471,0.0,True,False
1,2,1,20.0,1.0,甲,normal,59,46,,0,13,0.7796610169491526,,0.0,0.22033898305084745,46,0,0.7796610169491526,0.0,True,False
1,2,1,20.0,2.0,乙,exception,17,14,,0,3,0.8235294117647058,,0.0,0.17647058823529413,0,14,0.0,0.8235294117647058,True,False
1,2,1,20.0,2.0,乙,normal,61,52,,0,9,0.8524590163934426,,0.0,0.14754098360655737,0,52,0.0,0.8524590163934426,True,False
1,2,1,20.0,2.0,甲,exception,17,10,,0,7,0.5882352941176471,,0.0,0.4117647058823529,10,0,0.5882352941176471,0.0,True,False
1,2,1,20.0,2.0,甲,normal,59,50,,0,9,0.847457627118644,,0.0,0.15254237288135594,50,0,0.847457627118644,0.0,True,False
1,2,1,20.0,5.0,乙,exception,17,15,,0,2,0.8823529411764706,,0.0,0.11764705882352941,0,15,0.0,0.8823529411764706,True,False
1,2,1,20.0,5.0,乙,normal,61,56,,0,5,0.9180327868852459,,0.0,0.08196721311475409,0,56,0.0,0.9180327868852459,True,False
1,2,1,20.0,5.0,甲,exception,17,10,,0,7,0.5882352941176471,,0.0,0.4117647058823529,10,0,0.5882352941176471,0.0,True,False
1,2,1,20.0,5.0,甲,normal,59,50,,0,9,0.847457627118644,,0.0,0.15254237288135594,50,0,0.847457627118644,0.0,True,False
1,2,2,5.0,0.5,乙,exception,17,14,,0,3,0.8235294117647058,,0.0,0.17647058823529413,0,14,0.0,0.8235294117647058,True,False
1,2,2,5.0,0.5,乙,normal,61,50,,0,11,0.819672131147541,,0.0,0.18032786885245902,0,50,0.0,0.819672131147541,True,False
1,2,2,5.0,0.5,甲,exception,17,10,,0,7,0.5882352941176471,,0.0,0.4117647058823529,10,0,0.5882352941176471,0.0,True,False
1,2,2,5.0,0.5,甲,normal,59,43,,0,16,0.7288135593220338,,0.0,0.2711864406779661,43,0,0.7288135593220338,0.0,True,False
1,2,2,5.0,1.0,乙,exception,17,14,,0,3,0.8235294117647058,,0.0,0.17647058823529413,0,14,0.0,0.8235294117647058,True,False
1,2,2,5.0,1.0,乙,normal,61,50,,0,11,0.819672131147541,,0.0,0.18032786885245902,0,50,0.0,0.819672131147541,True,False
1,2,2,5.0,1.0,甲,exception,17,10,,0,7,0.5882352941176471,,0.0,0.4117647058823529,10,0,0.5882352941176471,0.0,True,False
1,2,2,5.0,1.0,甲,normal,59,43,,0,16,0.7288135593220338,,0.0,0.2711864406779661,43,0,0.7288135593220338,0.0,True,False
1,2,2,5.0,2.0,乙,exception,17,14,,0,3,0.8235294117647058,,0.0,0.17647058823529413,0,14,0.0,0.8235294117647058,True,False
1,2,2,5.0,2.0,乙,normal,61,50,,0,11,0.819672131147541,,0.0,0.18032786885245902,0,50,0.0,0.819672131147541,True,False
1,2,2,5.0,2.0,甲,exception,17,10,,0,7,0.5882352941176471,,0.0,0.4117647058823529,10,0,0.5882352941176471,0.0,True,False
1,2,2,5.0,2.0,甲,normal,59,43,,0,16,0.7288135593220338,,0.0,0.2711864406779661,43,0,0.7288135593220338,0.0,True,False
1,2,2,5.0,5.0,乙,exception,17,14,,0,3,0.8235294117647058,,0.0,0.17647058823529413,0,14,0.0,0.8235294117647058,True,False
1,2,2,5.0,5.0,乙,normal,61,50,,0,11,0.819672131147541,,0.0,0.18032786885245902,0,50,0.0,0.819672131147541,True,False
1,2,2,5.0,5.0,甲,exception,17,10,,0,7,0.5882352941176471,,0.0,0.4117647058823529,10,0,0.5882352941176471,0.0,True,False
1,2,2,5.0,5.0,甲,normal,59,43,,0,16,0.7288135593220338,,0.0,0.2711864406779661,43,0,0.7288135593220338,0.0,True,False
1,2,2,20.0,0.5,乙,exception,17,14,,0,3,0.8235294117647058,,0.0,0.17647058823529413,0,14,0.0,0.8235294117647058,True,False
1,2,2,20.0,0.5,乙,normal,61,50,,0,11,0.819672131147541,,0.0,0.18032786885245902,0,50,0.0,0.819672131147541,True,False
1,2,2,20.0,0.5,甲,exception,17,10,,0,7,0.5882352941176471,,0.0,0.4117647058823529,10,0,0.5882352941176471,0.0,True,False
1,2,2,20.0,0.5,甲,normal,59,45,,0,14,0.7627118644067796,,0.0,0.23728813559322035,45,0,0.7627118644067796,0.0,True,False
1,2,2,20.0,1.0,乙,exception,17,14,,0,3,0.8235294117647058,,0.0,0.17647058823529413,0,14,0.0,0.8235294117647058,True,False
1,2,2,20.0,1.0,乙,normal,61,50,,0,11,0.819672131147541,,0.0,0.18032786885245902,0,50,0.0,0.819672131147541,True,False
1,2,2,20.0,1.0,甲,exception,17,10,,0,7,0.5882352941176471,,0.0,0.4117647058823529,10,0,0.5882352941176471,0.0,True,False
1,2,2,20.0,1.0,甲,normal,59,45,,0,14,0.7627118644067796,,0.0,0.23728813559322035,45,0,0.7627118644067796,0.0,True,False
1,2,2,20.0,2.0,乙,exception,17,14,,0,3,0.8235294117647058,,0.0,0.17647058823529413,0,14,0.0,0.8235294117647058,True,False
1,2,2,20.0,2.0,乙,normal,61,52,,0,9,0.8524590163934426,,0.0,0.14754098360655737,0,52,0.0,0.8524590163934426,True,False
1,2,2,20.0,2.0,甲,exception,17,10,,0,7,0.5882352941176471,,0.0,0.4117647058823529,10,0,0.5882352941176471,0.0,True,False
1,2,2,20.0,2.0,甲,normal,59,47,,0,12,0.7966101694915254,,0.0,0.2033898305084746,47,0,0.7966101694915254,0.0,True,False
1,2,2,20.0,5.0,乙,exception,17,15,,0,2,0.8823529411764706,,0.0,0.11764705882352941,0,15,0.0,0.8823529411764706,True,False
1,2,2,20.0,5.0,乙,normal,61,52,,0,9,0.8524590163934426,,0.0,0.14754098360655737,0,52,0.0,0.8524590163934426,True,False
1,2,2,20.0,5.0,甲,exception,17,10,,0,7,0.5882352941176471,,0.0,0.4117647058823529,10,0,0.5882352941176471,0.0,True,False
1,2,2,20.0,5.0,甲,normal,59,50,,0,9,0.847457627118644,,0.0,0.15254237288135594,50,0,0.847457627118644,0.0,True,False
1,3,0,5.0,0.05,乙,exception,14,12,,0,2,0.8571428571428571,,0.0,0.14285714285714285,0,12,0.0,0.8571428571428571,True,False
1,3,0,5.0,0.05,乙,normal,65,59,,0,6,0.9076923076923077,,0.0,0.09230769230769231,0,59,0.0,0.9076923076923077,True,False
1,3,0,5.0,0.05,甲,exception,19,19,,0,0,1.0,,0.0,0.0,19,0,1.0,0.0,True,False
1,3,0,5.0,0.05,甲,normal,78,61,,0,17,0.782051282051282,,0.0,0.21794871794871795,61,0,0.782051282051282,0.0,True,False
1,3,1,5.0,0.5,乙,exception,14,12,,0,2,0.8571428571428571,,0.0,0.14285714285714285,0,12,0.0,0.8571428571428571,True,False
1,3,1,5.0,0.5,乙,normal,65,59,,0,6,0.9076923076923077,,0.0,0.09230769230769231,0,59,0.0,0.9076923076923077,True,False
1,3,1,5.0,0.5,甲,exception,19,19,,0,0,1.0,,0.0,0.0,19,0,1.0,0.0,True,False
1,3,1,5.0,0.5,甲,normal,78,61,,0,17,0.782051282051282,,0.0,0.21794871794871795,61,0,0.782051282051282,0.0,True,False
1,3,1,5.0,1.0,乙,exception,14,12,,0,2,0.8571428571428571,,0.0,0.14285714285714285,0,12,0.0,0.8571428571428571,True,False
1,3,1,5.0,1.0,乙,normal,65,59,,0,6,0.9076923076923077,,0.0,0.09230769230769231,0,59,0.0,0.9076923076923077,True,False
1,3,1,5.0,1.0,甲,exception,19,19,,0,0,1.0,,0.0,0.0,19,0,1.0,0.0,True,False
1,3,1,5.0,1.0,甲,normal,78,61,,0,17,0.782051282051282,,0.0,0.21794871794871795,61,0,0.782051282051282,0.0,True,False
1,3,1,5.0,2.0,乙,exception,14,12,,0,2,0.8571428571428571,,0.0,0.14285714285714285,0,12,0.0,0.8571428571428571,True,False
1,3,1,5.0,2.0,乙,normal,65,59,,0,6,0.9076923076923077,,0.0,0.09230769230769231,0,59,0.0,0.9076923076923077,True,False
1,3,1,5.0,2.0,甲,exception,19,19,,0,0,1.0,,0.0,0.0,19,0,1.0,0.0,True,False
1,3,1,5.0,2.0,甲,normal,78,61,,0,17,0.782051282051282,,0.0,0.21794871794871795,61,0,0.782051282051282,0.0,True,False
1,3,1,5.0,5.0,乙,exception,14,12,,0,2,0.8571428571428571,,0.0,0.14285714285714285,0,12,0.0,0.8571428571428571,True,False
1,3,1,5.0,5.0,乙,normal,65,59,,0,6,0.9076923076923077,,0.0,0.09230769230769231,0,59,0.0,0.9076923076923077,True,False
1,3,1,5.0,5.0,甲,exception,19,19,,0,0,1.0,,0.0,0.0,19,0,1.0,0.0,True,False
1,3,1,5.0,5.0,甲,normal,78,61,,0,17,0.782051282051282,,0.0,0.21794871794871795,61,0,0.782051282051282,0.0,True,False
1,3,1,20.0,0.5,乙,exception,14,12,,0,2,0.8571428571428571,,0.0,0.14285714285714285,0,12,0.0,0.8571428571428571,True,False
1,3,1,20.0,0.5,乙,normal,65,59,,0,6,0.9076923076923077,,0.0,0.09230769230769231,0,59,0.0,0.9076923076923077,True,False
1,3,1,20.0,0.5,甲,exception,19,19,,0,0,1.0,,0.0,0.0,19,0,1.0,0.0,True,False
1,3,1,20.0,0.5,甲,normal,78,61,,0,17,0.782051282051282,,0.0,0.21794871794871795,61,0,0.782051282051282,0.0,True,False
1,3,1,20.0,1.0,乙,exception,14,12,,0,2,0.8571428571428571,,0.0,0.14285714285714285,0,12,0.0,0.8571428571428571,True,False
1,3,1,20.0,1.0,乙,normal,65,59,,0,6,0.9076923076923077,,0.0,0.09230769230769231,0,59,0.0,0.9076923076923077,True,False
1,3,1,20.0,1.0,甲,exception,19,19,,0,0,1.0,,0.0,0.0,19,0,1.0,0.0,True,False
1,3,1,20.0,1.0,甲,normal,78,61,,0,17,0.782051282051282,,0.0,0.21794871794871795,61,0,0.782051282051282,0.0,True,False
1,3,1,20.0,2.0,乙,exception,14,13,,0,1,0.9285714285714286,,0.0,0.07142857142857142,0,13,0.0,0.9285714285714286,True,False
1,3,1,20.0,2.0,乙,normal,65,61,,0,4,0.9384615384615385,,0.0,0.06153846153846154,0,61,0.0,0.9384615384615385,True,False
1,3,1,20.0,2.0,甲,exception,19,19,,0,0,1.0,,0.0,0.0,19,0,1.0,0.0,True,False
1,3,1,20.0,2.0,甲,normal,78,62,,0,16,0.7948717948717948,,0.0,0.20512820512820512,62,0,0.7948717948717948,0.0,True,False
1,3,1,20.0,5.0,乙,exception,14,13,,0,1,0.9285714285714286,,0.0,0.07142857142857142,0,13,0.0,0.9285714285714286,True,False
1,3,1,20.0,5.0,乙,normal,65,63,,0,2,0.9692307692307692,,0.0,0.03076923076923077,0,63,0.0,0.9692307692307692,True,False
1,3,1,20.0,5.0,甲,exception,19,19,,0,0,1.0,,0.0,0.0,19,0,1.0,0.0,True,False
1,3,1,20.0,5.0,甲,normal,78,63,,0,15,0.8076923076923077,,0.0,0.19230769230769232,63,0,0.8076923076923077,0.0,True,False
1,3,2,5.0,0.5,乙,exception,14,12,,0,2,0.8571428571428571,,0.0,0.14285714285714285,0,12,0.0,0.8571428571428571,True,False
1,3,2,5.0,0.5,乙,normal,65,59,,0,6,0.9076923076923077,,0.0,0.09230769230769231,0,59,0.0,0.9076923076923077,True,False
1,3,2,5.0,0.5,甲,exception,19,19,,0,0,1.0,,0.0,0.0,19,0,1.0,0.0,True,False
1,3,2,5.0,0.5,甲,normal,78,61,,0,17,0.782051282051282,,0.0,0.21794871794871795,61,0,0.782051282051282,0.0,True,False
1,3,2,5.0,1.0,乙,exception,14,12,,0,2,0.8571428571428571,,0.0,0.14285714285714285,0,12,0.0,0.8571428571428571,True,False
1,3,2,5.0,1.0,乙,normal,65,59,,0,6,0.9076923076923077,,0.0,0.09230769230769231,0,59,0.0,0.9076923076923077,True,False
1,3,2,5.0,1.0,甲,exception,19,19,,0,0,1.0,,0.0,0.0,19,0,1.0,0.0,True,False
1,3,2,5.0,1.0,甲,normal,78,61,,0,17,0.782051282051282,,0.0,0.21794871794871795,61,0,0.782051282051282,0.0,True,False
1,3,2,5.0,2.0,乙,exception,14,12,,0,2,0.8571428571428571,,0.0,0.14285714285714285,0,12,0.0,0.8571428571428571,True,False
1,3,2,5.0,2.0,乙,normal,65,59,,0,6,0.9076923076923077,,0.0,0.09230769230769231,0,59,0.0,0.9076923076923077,True,False
1,3,2,5.0,2.0,甲,exception,19,19,,0,0,1.0,,0.0,0.0,19,0,1.0,0.0,True,False
1,3,2,5.0,2.0,甲,normal,78,61,,0,17,0.782051282051282,,0.0,0.21794871794871795,61,0,0.782051282051282,0.0,True,False
1,3,2,5.0,5.0,乙,exception,14,12,,0,2,0.8571428571428571,,0.0,0.14285714285714285,0,12,0.0,0.8571428571428571,True,False
1,3,2,5.0,5.0,乙,normal,65,59,,0,6,0.9076923076923077,,0.0,0.09230769230769231,0,59,0.0,0.9076923076923077,True,False
1,3,2,5.0,5.0,甲,exception,19,19,,0,0,1.0,,0.0,0.0,19,0,1.0,0.0,True,False
1,3,2,5.0,5.0,甲,normal,78,61,,0,17,0.782051282051282,,0.0,0.21794871794871795,61,0,0.782051282051282,0.0,True,False
1,3,2,20.0,0.5,乙,exception,14,12,,0,2,0.8571428571428571,,0.0,0.14285714285714285,0,12,0.0,0.8571428571428571,True,False
1,3,2,20.0,0.5,乙,normal,65,59,,0,6,0.9076923076923077,,0.0,0.09230769230769231,0,59,0.0,0.9076923076923077,True,False
1,3,2,20.0,0.5,甲,exception,19,19,,0,0,1.0,,0.0,0.0,19,0,1.0,0.0,True,False
1,3,2,20.0,0.5,甲,normal,78,61,,0,17,0.782051282051282,,0.0,0.21794871794871795,61,0,0.782051282051282,0.0,True,False
1,3,2,20.0,1.0,乙,exception,14,12,,0,2,0.8571428571428571,,0.0,0.14285714285714285,0,12,0.0,0.8571428571428571,True,False
1,3,2,20.0,1.0,乙,normal,65,59,,0,6,0.9076923076923077,,0.0,0.09230769230769231,0,59,0.0,0.9076923076923077,True,False
1,3,2,20.0,1.0,甲,exception,19,19,,0,0,1.0,,0.0,0.0,19,0,1.0,0.0,True,False
1,3,2,20.0,1.0,甲,normal,78,61,,0,17,0.782051282051282,,0.0,0.21794871794871795,61,0,0.782051282051282,0.0,True,False
1,3,2,20.0,2.0,乙,exception,14,12,,0,2,0.8571428571428571,,0.0,0.14285714285714285,0,12,0.0,0.8571428571428571,True,False
1,3,2,20.0,2.0,乙,normal,65,60,,0,5,0.9230769230769231,,0.0,0.07692307692307693,0,60,0.0,0.9230769230769231,True,False
1,3,2,20.0,2.0,甲,exception,19,19,,0,0,1.0,,0.0,0.0,19,0,1.0,0.0,True,False
1,3,2,20.0,2.0,甲,normal,78,61,,0,17,0.782051282051282,,0.0,0.21794871794871795,61,0,0.782051282051282,0.0,True,False
1,3,2,20.0,5.0,乙,exception,14,13,,0,1,0.9285714285714286,,0.0,0.07142857142857142,0,13,0.0,0.9285714285714286,True,False
1,3,2,20.0,5.0,乙,normal,65,61,,0,4,0.9384615384615385,,0.0,0.06153846153846154,0,61,0.0,0.9384615384615385,True,False
1,3,2,20.0,5.0,甲,exception,19,19,,0,0,1.0,,0.0,0.0,19,0,1.0,0.0,True,False
1,3,2,20.0,5.0,甲,normal,78,63,,0,15,0.8076923076923077,,0.0,0.19230769230769232,63,0,0.8076923076923077,0.0,True,False
1,4,0,5.0,0.05,乙,exception,5,5,,0,0,1.0,,0.0,0.0,0,5,0.0,1.0,True,False
1,4,0,5.0,0.05,乙,normal,60,59,,0,1,0.9833333333333333,,0.0,0.016666666666666666,0,59,0.0,0.9833333333333333,True,False
1,4,0,5.0,0.05,甲,exception,18,15,,0,3,0.8333333333333334,,0.0,0.16666666666666666,15,0,0.8333333333333334,0.0,True,False
1,4,0,5.0,0.05,甲,normal,56,48,,0,8,0.8571428571428571,,0.0,0.14285714285714285,48,0,0.8571428571428571,0.0,True,False
1,4,1,5.0,0.5,乙,exception,5,5,,0,0,1.0,,0.0,0.0,0,5,0.0,1.0,True,False
1,4,1,5.0,0.5,乙,normal,60,59,,0,1,0.9833333333333333,,0.0,0.016666666666666666,0,59,0.0,0.9833333333333333,True,False
1,4,1,5.0,0.5,甲,exception,18,15,,0,3,0.8333333333333334,,0.0,0.16666666666666666,15,0,0.8333333333333334,0.0,True,False
1,4,1,5.0,0.5,甲,normal,56,48,,0,8,0.8571428571428571,,0.0,0.14285714285714285,48,0,0.8571428571428571,0.0,True,False
1,4,1,5.0,1.0,乙,exception,5,5,,0,0,1.0,,0.0,0.0,0,5,0.0,1.0,True,False
1,4,1,5.0,1.0,乙,normal,60,59,,0,1,0.9833333333333333,,0.0,0.016666666666666666,0,59,0.0,0.9833333333333333,True,False
1,4,1,5.0,1.0,甲,exception,18,15,,0,3,0.8333333333333334,,0.0,0.16666666666666666,15,0,0.8333333333333334,0.0,True,False
1,4,1,5.0,1.0,甲,normal,56,48,,0,8,0.8571428571428571,,0.0,0.14285714285714285,48,0,0.8571428571428571,0.0,True,False
1,4,1,5.0,2.0,乙,exception,5,5,,0,0,1.0,,0.0,0.0,0,5,0.0,1.0,True,False
1,4,1,5.0,2.0,乙,normal,60,59,,0,1,0.9833333333333333,,0.0,0.016666666666666666,0,59,0.0,0.9833333333333333,True,False
1,4,1,5.0,2.0,甲,exception,18,15,,0,3,0.8333333333333334,,0.0,0.16666666666666666,15,0,0.8333333333333334,0.0,True,False
1,4,1,5.0,2.0,甲,normal,56,48,,0,8,0.8571428571428571,,0.0,0.14285714285714285,48,0,0.8571428571428571,0.0,True,False
1,4,1,5.0,5.0,乙,exception,5,5,,0,0,1.0,,0.0,0.0,0,5,0.0,1.0,True,False
1,4,1,5.0,5.0,乙,normal,60,59,,0,1,0.9833333333333333,,0.0,0.016666666666666666,0,59,0.0,0.9833333333333333,True,False
1,4,1,5.0,5.0,甲,exception,18,15,,0,3,0.8333333333333334,,0.0,0.16666666666666666,15,0,0.8333333333333334,0.0,True,False
1,4,1,5.0,5.0,甲,normal,56,48,,0,8,0.8571428571428571,,0.0,0.14285714285714285,48,0,0.8571428571428571,0.0,True,False
1,4,1,20.0,0.5,乙,exception,5,5,,0,0,1.0,,0.0,0.0,0,5,0.0,1.0,True,False
1,4,1,20.0,0.5,乙,normal,60,59,,0,1,0.9833333333333333,,0.0,0.016666666666666666,0,59,0.0,0.9833333333333333,True,False
1,4,1,20.0,0.5,甲,exception,18,15,,0,3,0.8333333333333334,,0.0,0.16666666666666666,15,0,0.8333333333333334,0.0,True,False
1,4,1,20.0,0.5,甲,normal,56,49,,0,7,0.875,,0.0,0.125,49,0,0.875,0.0,True,False
1,4,1,20.0,1.0,乙,exception,5,5,,0,0,1.0,,0.0,0.0,0,5,0.0,1.0,True,False
1,4,1,20.0,1.0,乙,normal,60,59,,0,1,0.9833333333333333,,0.0,0.016666666666666666,0,59,0.0,0.9833333333333333,True,False
1,4,1,20.0,1.0,甲,exception,18,15,,0,3,0.8333333333333334,,0.0,0.16666666666666666,15,0,0.8333333333333334,0.0,True,False
1,4,1,20.0,1.0,甲,normal,56,49,,0,7,0.875,,0.0,0.125,49,0,0.875,0.0,True,False
1,4,1,20.0,2.0,乙,exception,5,5,,0,0,1.0,,0.0,0.0,0,5,0.0,1.0,True,False
1,4,1,20.0,2.0,乙,normal,60,59,,0,1,0.9833333333333333,,0.0,0.016666666666666666,0,59,0.0,0.9833333333333333,True,False
1,4,1,20.0,2.0,甲,exception,18,15,,0,3,0.8333333333333334,,0.0,0.16666666666666666,15,0,0.8333333333333334,0.0,True,False
1,4,1,20.0,2.0,甲,normal,56,49,,0,7,0.875,,0.0,0.125,49,0,0.875,0.0,True,False
1,4,1,20.0,5.0,乙,exception,5,5,,0,0,1.0,,0.0,0.0,0,5,0.0,1.0,True,False
1,4,1,20.0,5.0,乙,normal,60,60,,0,0,1.0,,0.0,0.0,0,60,0.0,1.0,True,False
1,4,1,20.0,5.0,甲,exception,18,16,,0,2,0.8888888888888888,,0.0,0.1111111111111111,16,0,0.8888888888888888,0.0,True,False
1,4,1,20.0,5.0,甲,normal,56,50,,0,6,0.8928571428571429,,0.0,0.10714285714285714,50,0,0.8928571428571429,0.0,True,False
1,4,2,5.0,0.5,乙,exception,5,5,,0,0,1.0,,0.0,0.0,0,5,0.0,1.0,True,False
1,4,2,5.0,0.5,乙,normal,60,59,,0,1,0.9833333333333333,,0.0,0.016666666666666666,0,59,0.0,0.9833333333333333,True,False
1,4,2,5.0,0.5,甲,exception,18,15,,0,3,0.8333333333333334,,0.0,0.16666666666666666,15,0,0.8333333333333334,0.0,True,False
1,4,2,5.0,0.5,甲,normal,56,48,,0,8,0.8571428571428571,,0.0,0.14285714285714285,48,0,0.8571428571428571,0.0,True,False
1,4,2,5.0,1.0,乙,exception,5,5,,0,0,1.0,,0.0,0.0,0,5,0.0,1.0,True,False
1,4,2,5.0,1.0,乙,normal,60,59,,0,1,0.9833333333333333,,0.0,0.016666666666666666,0,59,0.0,0.9833333333333333,True,False
1,4,2,5.0,1.0,甲,exception,18,15,,0,3,0.8333333333333334,,0.0,0.16666666666666666,15,0,0.8333333333333334,0.0,True,False
1,4,2,5.0,1.0,甲,normal,56,48,,0,8,0.8571428571428571,,0.0,0.14285714285714285,48,0,0.8571428571428571,0.0,True,False
1,4,2,5.0,2.0,乙,exception,5,5,,0,0,1.0,,0.0,0.0,0,5,0.0,1.0,True,False
1,4,2,5.0,2.0,乙,normal,60,59,,0,1,0.9833333333333333,,0.0,0.016666666666666666,0,59,0.0,0.9833333333333333,True,False
1,4,2,5.0,2.0,甲,exception,18,15,,0,3,0.8333333333333334,,0.0,0.16666666666666666,15,0,0.8333333333333334,0.0,True,False
1,4,2,5.0,2.0,甲,normal,56,48,,0,8,0.8571428571428571,,0.0,0.14285714285714285,48,0,0.8571428571428571,0.0,True,False
1,4,2,5.0,5.0,乙,exception,5,5,,0,0,1.0,,0.0,0.0,0,5,0.0,1.0,True,False
1,4,2,5.0,5.0,乙,normal,60,59,,0,1,0.9833333333333333,,0.0,0.016666666666666666,0,59,0.0,0.9833333333333333,True,False
1,4,2,5.0,5.0,甲,exception,18,15,,0,3,0.8333333333333334,,0.0,0.16666666666666666,15,0,0.8333333333333334,0.0,True,False
1,4,2,5.0,5.0,甲,normal,56,48,,0,8,0.8571428571428571,,0.0,0.14285714285714285,48,0,0.8571428571428571,0.0,True,False
1,4,2,20.0,0.5,乙,exception,5,5,,0,0,1.0,,0.0,0.0,0,5,0.0,1.0,True,False
1,4,2,20.0,0.5,乙,normal,60,59,,0,1,0.9833333333333333,,0.0,0.016666666666666666,0,59,0.0,0.9833333333333333,True,False
1,4,2,20.0,0.5,甲,exception,18,15,,0,3,0.8333333333333334,,0.0,0.16666666666666666,15,0,0.8333333333333334,0.0,True,False
1,4,2,20.0,0.5,甲,normal,56,49,,0,7,0.875,,0.0,0.125,49,0,0.875,0.0,True,False
1,4,2,20.0,1.0,乙,exception,5,5,,0,0,1.0,,0.0,0.0,0,5,0.0,1.0,True,False
1,4,2,20.0,1.0,乙,normal,60,59,,0,1,0.9833333333333333,,0.0,0.016666666666666666,0,59,0.0,0.9833333333333333,True,False
1,4,2,20.0,1.0,甲,exception,18,15,,0,3,0.8333333333333334,,0.0,0.16666666666666666,15,0,0.8333333333333334,0.0,True,False
1,4,2,20.0,1.0,甲,normal,56,49,,0,7,0.875,,0.0,0.125,49,0,0.875,0.0,True,False
1,4,2,20.0,2.0,乙,exception,5,5,,0,0,1.0,,0.0,0.0,0,5,0.0,1.0,True,False
1,4,2,20.0,2.0,乙,normal,60,59,,0,1,0.9833333333333333,,0.0,0.016666666666666666,0,59,0.0,0.9833333333333333,True,False
1,4,2,20.0,2.0,甲,exception,18,15,,0,3,0.8333333333333334,,0.0,0.16666666666666666,15,0,0.8333333333333334,0.0,True,False
1,4,2,20.0,2.0,甲,normal,56,49,,0,7,0.875,,0.0,0.125,49,0,0.875,0.0,True,False
1,4,2,20.0,5.0,乙,exception,5,5,,0,0,1.0,,0.0,0.0,0,5,0.0,1.0,True,False
1,4,2,20.0,5.0,乙,normal,60,60,,0,0,1.0,,0.0,0.0,0,60,0.0,1.0,True,False
1,4,2,20.0,5.0,甲,exception,18,15,,0,3,0.8333333333333334,,0.0,0.16666666666666666,15,0,0.8333333333333334,0.0,True,False
1,4,2,20.0,5.0,甲,normal,56,49,,0,7,0.875,,0.0,0.125,49,0,0.875,0.0,True,False
1,5,0,5.0,0.05,乙,exception,21,20,,0,1,0.9523809523809523,,0.0,0.047619047619047616,0,20,0.0,0.9523809523809523,True,False
1,5,0,5.0,0.05,乙,normal,67,64,,0,3,0.9552238805970149,,0.0,0.04477611940298507,0,64,0.0,0.9552238805970149,True,False
1,5,0,5.0,0.05,甲,exception,19,13,,0,6,0.6842105263157895,,0.0,0.3157894736842105,13,0,0.6842105263157895,0.0,True,False
1,5,0,5.0,0.05,甲,normal,64,58,,0,6,0.90625,,0.0,0.09375,58,0,0.90625,0.0,True,False
1,5,1,5.0,0.5,乙,exception,21,20,,0,1,0.9523809523809523,,0.0,0.047619047619047616,0,20,0.0,0.9523809523809523,True,False
1,5,1,5.0,0.5,乙,normal,67,64,,0,3,0.9552238805970149,,0.0,0.04477611940298507,0,64,0.0,0.9552238805970149,True,False
1,5,1,5.0,0.5,甲,exception,19,13,,0,6,0.6842105263157895,,0.0,0.3157894736842105,13,0,0.6842105263157895,0.0,True,False
1,5,1,5.0,0.5,甲,normal,64,58,,0,6,0.90625,,0.0,0.09375,58,0,0.90625,0.0,True,False
1,5,1,5.0,1.0,乙,exception,21,20,,0,1,0.9523809523809523,,0.0,0.047619047619047616,0,20,0.0,0.9523809523809523,True,False
1,5,1,5.0,1.0,乙,normal,67,64,,0,3,0.9552238805970149,,0.0,0.04477611940298507,0,64,0.0,0.9552238805970149,True,False
1,5,1,5.0,1.0,甲,exception,19,13,,0,6,0.6842105263157895,,0.0,0.3157894736842105,13,0,0.6842105263157895,0.0,True,False
1,5,1,5.0,1.0,甲,normal,64,58,,0,6,0.90625,,0.0,0.09375,58,0,0.90625,0.0,True,False
1,5,1,5.0,2.0,乙,exception,21,20,,0,1,0.9523809523809523,,0.0,0.047619047619047616,0,20,0.0,0.9523809523809523,True,False
1,5,1,5.0,2.0,乙,normal,67,64,,0,3,0.9552238805970149,,0.0,0.04477611940298507,0,64,0.0,0.9552238805970149,True,False
1,5,1,5.0,2.0,甲,exception,19,13,,0,6,0.6842105263157895,,0.0,0.3157894736842105,13,0,0.6842105263157895,0.0,True,False
1,5,1,5.0,2.0,甲,normal,64,58,,0,6,0.90625,,0.0,0.09375,58,0,0.90625,0.0,True,False
1,5,1,5.0,5.0,乙,exception,21,20,,0,1,0.9523809523809523,,0.0,0.047619047619047616,0,20,0.0,0.9523809523809523,True,False
1,5,1,5.0,5.0,乙,normal,67,64,,0,3,0.9552238805970149,,0.0,0.04477611940298507,0,64,0.0,0.9552238805970149,True,False
1,5,1,5.0,5.0,甲,exception,19,13,,0,6,0.6842105263157895,,0.0,0.3157894736842105,13,0,0.6842105263157895,0.0,True,False
1,5,1,5.0,5.0,甲,normal,64,58,,0,6,0.90625,,0.0,0.09375,58,0,0.90625,0.0,True,False
1,5,1,20.0,0.5,乙,exception,21,20,,0,1,0.9523809523809523,,0.0,0.047619047619047616,0,20,0.0,0.9523809523809523,True,False
1,5,1,20.0,0.5,乙,normal,67,64,,0,3,0.9552238805970149,,0.0,0.04477611940298507,0,64,0.0,0.9552238805970149,True,False
1,5,1,20.0,0.5,甲,exception,19,13,,0,6,0.6842105263157895,,0.0,0.3157894736842105,13,0,0.6842105263157895,0.0,True,False
1,5,1,20.0,0.5,甲,normal,64,58,,0,6,0.90625,,0.0,0.09375,58,0,0.90625,0.0,True,False
1,5,1,20.0,1.0,乙,exception,21,20,,0,1,0.9523809523809523,,0.0,0.047619047619047616,0,20,0.0,0.9523809523809523,True,False
1,5,1,20.0,1.0,乙,normal,67,64,,0,3,0.9552238805970149,,0.0,0.04477611940298507,0,64,0.0,0.9552238805970149,True,False
1,5,1,20.0,1.0,甲,exception,19,13,,0,6,0.6842105263157895,,0.0,0.3157894736842105,13,0,0.6842105263157895,0.0,True,False
1,5,1,20.0,1.0,甲,normal,64,58,,0,6,0.90625,,0.0,0.09375,58,0,0.90625,0.0,True,False
1,5,1,20.0,2.0,乙,exception,21,20,,0,1,0.9523809523809523,,0.0,0.047619047619047616,0,20,0.0,0.9523809523809523,True,False
1,5,1,20.0,2.0,乙,normal,67,64,,0,3,0.9552238805970149,,0.0,0.04477611940298507,0,64,0.0,0.9552238805970149,True,False
1,5,1,20.0,2.0,甲,exception,19,13,,0,6,0.6842105263157895,,0.0,0.3157894736842105,13,0,0.6842105263157895,0.0,True,False
1,5,1,20.0,2.0,甲,normal,64,58,,0,6,0.90625,,0.0,0.09375,58,0,0.90625,0.0,True,False
1,5,1,20.0,5.0,乙,exception,21,20,,0,1,0.9523809523809523,,0.0,0.047619047619047616,0,20,0.0,0.9523809523809523,True,False
1,5,1,20.0,5.0,乙,normal,67,64,,0,3,0.9552238805970149,,0.0,0.04477611940298507,0,64,0.0,0.9552238805970149,True,False
1,5,1,20.0,5.0,甲,exception,19,16,,0,3,0.8421052631578947,,0.0,0.15789473684210525,16,0,0.8421052631578947,0.0,True,False
1,5,1,20.0,5.0,甲,normal,64,62,,0,2,0.96875,,0.0,0.03125,62,0,0.96875,0.0,True,False
1,5,2,5.0,0.5,乙,exception,21,20,,0,1,0.9523809523809523,,0.0,0.047619047619047616,0,20,0.0,0.9523809523809523,True,False
1,5,2,5.0,0.5,乙,normal,67,64,,0,3,0.9552238805970149,,0.0,0.04477611940298507,0,64,0.0,0.9552238805970149,True,False
1,5,2,5.0,0.5,甲,exception,19,13,,0,6,0.6842105263157895,,0.0,0.3157894736842105,13,0,0.6842105263157895,0.0,True,False
1,5,2,5.0,0.5,甲,normal,64,58,,0,6,0.90625,,0.0,0.09375,58,0,0.90625,0.0,True,False
1,5,2,5.0,1.0,乙,exception,21,20,,0,1,0.9523809523809523,,0.0,0.047619047619047616,0,20,0.0,0.9523809523809523,True,False
1,5,2,5.0,1.0,乙,normal,67,64,,0,3,0.9552238805970149,,0.0,0.04477611940298507,0,64,0.0,0.9552238805970149,True,False
1,5,2,5.0,1.0,甲,exception,19,13,,0,6,0.6842105263157895,,0.0,0.3157894736842105,13,0,0.6842105263157895,0.0,True,False
1,5,2,5.0,1.0,甲,normal,64,58,,0,6,0.90625,,0.0,0.09375,58,0,0.90625,0.0,True,False
1,5,2,5.0,2.0,乙,exception,21,20,,0,1,0.9523809523809523,,0.0,0.047619047619047616,0,20,0.0,0.9523809523809523,True,False
1,5,2,5.0,2.0,乙,normal,67,64,,0,3,0.9552238805970149,,0.0,0.04477611940298507,0,64,0.0,0.9552238805970149,True,False
1,5,2,5.0,2.0,甲,exception,19,13,,0,6,0.6842105263157895,,0.0,0.3157894736842105,13,0,0.6842105263157895,0.0,True,False
1,5,2,5.0,2.0,甲,normal,64,58,,0,6,0.90625,,0.0,0.09375,58,0,0.90625,0.0,True,False
1,5,2,5.0,5.0,乙,exception,21,20,,0,1,0.9523809523809523,,0.0,0.047619047619047616,0,20,0.0,0.9523809523809523,True,False
1,5,2,5.0,5.0,乙,normal,67,64,,0,3,0.9552238805970149,,0.0,0.04477611940298507,0,64,0.0,0.9552238805970149,True,False
1,5,2,5.0,5.0,甲,exception,19,13,,0,6,0.6842105263157895,,0.0,0.3157894736842105,13,0,0.6842105263157895,0.0,True,False
1,5,2,5.0,5.0,甲,normal,64,58,,0,6,0.90625,,0.0,0.09375,58,0,0.90625,0.0,True,False
1,5,2,20.0,0.5,乙,exception,21,20,,0,1,0.9523809523809523,,0.0,0.047619047619047616,0,20,0.0,0.9523809523809523,True,False
1,5,2,20.0,0.5,乙,normal,67,64,,0,3,0.9552238805970149,,0.0,0.04477611940298507,0,64,0.0,0.9552238805970149,True,False
1,5,2,20.0,0.5,甲,exception,19,13,,0,6,0.6842105263157895,,0.0,0.3157894736842105,13,0,0.6842105263157895,0.0,True,False
1,5,2,20.0,0.5,甲,normal,64,58,,0,6,0.90625,,0.0,0.09375,58,0,0.90625,0.0,True,False
1,5,2,20.0,1.0,乙,exception,21,20,,0,1,0.9523809523809523,,0.0,0.047619047619047616,0,20,0.0,0.9523809523809523,True,False
1,5,2,20.0,1.0,乙,normal,67,64,,0,3,0.9552238805970149,,0.0,0.04477611940298507,0,64,0.0,0.9552238805970149,True,False
1,5,2,20.0,1.0,甲,exception,19,13,,0,6,0.6842105263157895,,0.0,0.3157894736842105,13,0,0.6842105263157895,0.0,True,False
1,5,2,20.0,1.0,甲,normal,64,58,,0,6,0.90625,,0.0,0.09375,58,0,0.90625,0.0,True,False
1,5,2,20.0,2.0,乙,exception,21,20,,0,1,0.9523809523809523,,0.0,0.047619047619047616,0,20,0.0,0.9523809523809523,True,False
1,5,2,20.0,2.0,乙,normal,67,64,,0,3,0.9552238805970149,,0.0,0.04477611940298507,0,64,0.0,0.9552238805970149,True,False
1,5,2,20.0,2.0,甲,exception,19,13,,0,6,0.6842105263157895,,0.0,0.3157894736842105,13,0,0.6842105263157895,0.0,True,False
1,5,2,20.0,2.0,甲,normal,64,58,,0,6,0.90625,,0.0,0.09375,58,0,0.90625,0.0,True,False
1,5,2,20.0,5.0,乙,exception,21,20,,0,1,0.9523809523809523,,0.0,0.047619047619047616,0,20,0.0,0.9523809523809523,True,False
1,5,2,20.0,5.0,乙,normal,67,64,,0,3,0.9552238805970149,,0.0,0.04477611940298507,0,64,0.0,0.9552238805970149,True,False
1,5,2,20.0,5.0,甲,exception,19,15,,0,4,0.7894736842105263,,0.0,0.21052631578947367,15,0,0.7894736842105263,0.0,True,False
1,5,2,20.0,5.0,甲,normal,64,58,,0,6,0.90625,,0.0,0.09375,58,0,0.90625,0.0,True,False
1,6,0,5.0,0.05,乙,exception,16,16,,0,0,1.0,,0.0,0.0,0,16,0.0,1.0,True,False
1,6,0,5.0,0.05,乙,normal,71,71,,0,0,1.0,,0.0,0.0,0,71,0.0,1.0,True,False
1,6,0,5.0,0.05,甲,exception,13,12,,0,1,0.9230769230769231,,0.0,0.07692307692307693,12,0,0.9230769230769231,0.0,True,False
1,6,0,5.0,0.05,甲,normal,60,60,,0,0,1.0,,0.0,0.0,60,0,1.0,0.0,True,False
1,6,1,5.0,0.5,乙,exception,16,16,,0,0,1.0,,0.0,0.0,0,16,0.0,1.0,True,False
1,6,1,5.0,0.5,乙,normal,71,71,,0,0,1.0,,0.0,0.0,0,71,0.0,1.0,True,False
1,6,1,5.0,0.5,甲,exception,13,12,,0,1,0.9230769230769231,,0.0,0.07692307692307693,12,0,0.9230769230769231,0.0,True,False
1,6,1,5.0,0.5,甲,normal,60,60,,0,0,1.0,,0.0,0.0,60,0,1.0,0.0,True,False
1,6,1,5.0,1.0,乙,exception,16,16,,0,0,1.0,,0.0,0.0,0,16,0.0,1.0,True,False
1,6,1,5.0,1.0,乙,normal,71,71,,0,0,1.0,,0.0,0.0,0,71,0.0,1.0,True,False
1,6,1,5.0,1.0,甲,exception,13,12,,0,1,0.9230769230769231,,0.0,0.07692307692307693,12,0,0.9230769230769231,0.0,True,False
1,6,1,5.0,1.0,甲,normal,60,60,,0,0,1.0,,0.0,0.0,60,0,1.0,0.0,True,False
1,6,1,5.0,2.0,乙,exception,16,16,,0,0,1.0,,0.0,0.0,0,16,0.0,1.0,True,False
1,6,1,5.0,2.0,乙,normal,71,71,,0,0,1.0,,0.0,0.0,0,71,0.0,1.0,True,False
1,6,1,5.0,2.0,甲,exception,13,12,,0,1,0.9230769230769231,,0.0,0.07692307692307693,12,0,0.9230769230769231,0.0,True,False
1,6,1,5.0,2.0,甲,normal,60,60,,0,0,1.0,,0.0,0.0,60,0,1.0,0.0,True,False
1,6,1,5.0,5.0,乙,exception,16,16,,0,0,1.0,,0.0,0.0,0,16,0.0,1.0,True,False
1,6,1,5.0,5.0,乙,normal,71,71,,0,0,1.0,,0.0,0.0,0,71,0.0,1.0,True,False
1,6,1,5.0,5.0,甲,exception,13,12,,0,1,0.9230769230769231,,0.0,0.07692307692307693,12,0,0.9230769230769231,0.0,True,False
1,6,1,5.0,5.0,甲,normal,60,60,,0,0,1.0,,0.0,0.0,60,0,1.0,0.0,True,False
1,6,1,20.0,0.5,乙,exception,16,16,,0,0,1.0,,0.0,0.0,0,16,0.0,1.0,True,False
1,6,1,20.0,0.5,乙,normal,71,71,,0,0,1.0,,0.0,0.0,0,71,0.0,1.0,True,False
1,6,1,20.0,0.5,甲,exception,13,12,,0,1,0.9230769230769231,,0.0,0.07692307692307693,12,0,0.9230769230769231,0.0,True,False
1,6,1,20.0,0.5,甲,normal,60,60,,0,0,1.0,,0.0,0.0,60,0,1.0,0.0,True,False
1,6,1,20.0,1.0,乙,exception,16,16,,0,0,1.0,,0.0,0.0,0,16,0.0,1.0,True,False
1,6,1,20.0,1.0,乙,normal,71,71,,0,0,1.0,,0.0,0.0,0,71,0.0,1.0,True,False
1,6,1,20.0,1.0,甲,exception,13,12,,0,1,0.9230769230769231,,0.0,0.07692307692307693,12,0,0.9230769230769231,0.0,True,False
1,6,1,20.0,1.0,甲,normal,60,60,,0,0,1.0,,0.0,0.0,60,0,1.0,0.0,True,False
1,6,1,20.0,2.0,乙,exception,16,16,,0,0,1.0,,0.0,0.0,0,16,0.0,1.0,True,False
1,6,1,20.0,2.0,乙,normal,71,71,,0,0,1.0,,0.0,0.0,0,71,0.0,1.0,True,False
1,6,1,20.0,2.0,甲,exception,13,12,,0,1,0.9230769230769231,,0.0,0.07692307692307693,12,0,0.9230769230769231,0.0,True,False
1,6,1,20.0,2.0,甲,normal,60,60,,0,0,1.0,,0.0,0.0,60,0,1.0,0.0,True,False
1,6,1,20.0,5.0,乙,exception,16,16,,0,0,1.0,,0.0,0.0,0,16,0.0,1.0,True,False
1,6,1,20.0,5.0,乙,normal,71,71,,0,0,1.0,,0.0,0.0,0,71,0.0,1.0,True,False
1,6,1,20.0,5.0,甲,exception,13,12,,0,1,0.9230769230769231,,0.0,0.07692307692307693,12,0,0.9230769230769231,0.0,True,False
1,6,1,20.0,5.0,甲,normal,60,60,,0,0,1.0,,0.0,0.0,60,0,1.0,0.0,True,False
1,6,2,5.0,0.5,乙,exception,16,16,,0,0,1.0,,0.0,0.0,0,16,0.0,1.0,True,False
1,6,2,5.0,0.5,乙,normal,71,71,,0,0,1.0,,0.0,0.0,0,71,0.0,1.0,True,False
1,6,2,5.0,0.5,甲,exception,13,12,,0,1,0.9230769230769231,,0.0,0.07692307692307693,12,0,0.9230769230769231,0.0,True,False
1,6,2,5.0,0.5,甲,normal,60,60,,0,0,1.0,,0.0,0.0,60,0,1.0,0.0,True,False
1,6,2,5.0,1.0,乙,exception,16,16,,0,0,1.0,,0.0,0.0,0,16,0.0,1.0,True,False
1,6,2,5.0,1.0,乙,normal,71,71,,0,0,1.0,,0.0,0.0,0,71,0.0,1.0,True,False
1,6,2,5.0,1.0,甲,exception,13,12,,0,1,0.9230769230769231,,0.0,0.07692307692307693,12,0,0.9230769230769231,0.0,True,False
1,6,2,5.0,1.0,甲,normal,60,60,,0,0,1.0,,0.0,0.0,60,0,1.0,0.0,True,False
1,6,2,5.0,2.0,乙,exception,16,16,,0,0,1.0,,0.0,0.0,0,16,0.0,1.0,True,False
1,6,2,5.0,2.0,乙,normal,71,71,,0,0,1.0,,0.0,0.0,0,71,0.0,1.0,True,False
1,6,2,5.0,2.0,甲,exception,13,12,,0,1,0.9230769230769231,,0.0,0.07692307692307693,12,0,0.9230769230769231,0.0,True,False
1,6,2,5.0,2.0,甲,normal,60,60,,0,0,1.0,,0.0,0.0,60,0,1.0,0.0,True,False
1,6,2,5.0,5.0,乙,exception,16,16,,0,0,1.0,,0.0,0.0,0,16,0.0,1.0,True,False
1,6,2,5.0,5.0,乙,normal,71,71,,0,0,1.0,,0.0,0.0,0,71,0.0,1.0,True,False
1,6,2,5.0,5.0,甲,exception,13,12,,0,1,0.9230769230769231,,0.0,0.07692307692307693,12,0,0.9230769230769231,0.0,True,False
1,6,2,5.0,5.0,甲,normal,60,60,,0,0,1.0,,0.0,0.0,60,0,1.0,0.0,True,False
1,6,2,20.0,0.5,乙,exception,16,16,,0,0,1.0,,0.0,0.0,0,16,0.0,1.0,True,False
1,6,2,20.0,0.5,乙,normal,71,71,,0,0,1.0,,0.0,0.0,0,71,0.0,1.0,True,False
1,6,2,20.0,0.5,甲,exception,13,12,,0,1,0.9230769230769231,,0.0,0.07692307692307693,12,0,0.9230769230769231,0.0,True,False
1,6,2,20.0,0.5,甲,normal,60,60,,0,0,1.0,,0.0,0.0,60,0,1.0,0.0,True,False
1,6,2,20.0,1.0,乙,exception,16,16,,0,0,1.0,,0.0,0.0,0,16,0.0,1.0,True,False
1,6,2,20.0,1.0,乙,normal,71,71,,0,0,1.0,,0.0,0.0,0,71,0.0,1.0,True,False
1,6,2,20.0,1.0,甲,exception,13,12,,0,1,0.9230769230769231,,0.0,0.07692307692307693,12,0,0.9230769230769231,0.0,True,False
1,6,2,20.0,1.0,甲,normal,60,60,,0,0,1.0,,0.0,0.0,60,0,1.0,0.0,True,False
1,6,2,20.0,2.0,乙,exception,16,16,,0,0,1.0,,0.0,0.0,0,16,0.0,1.0,True,False
1,6,2,20.0,2.0,乙,normal,71,71,,0,0,1.0,,0.0,0.0,0,71,0.0,1.0,True,False
1,6,2,20.0,2.0,甲,exception,13,12,,0,1,0.9230769230769231,,0.0,0.07692307692307693,12,0,0.9230769230769231,0.0,True,False
1,6,2,20.0,2.0,甲,normal,60,60,,0,0,1.0,,0.0,0.0,60,0,1.0,0.0,True,False
1,6,2,20.0,5.0,乙,exception,16,16,,0,0,1.0,,0.0,0.0,0,16,0.0,1.0,True,False
1,6,2,20.0,5.0,乙,normal,71,71,,0,0,1.0,,0.0,0.0,0,71,0.0,1.0,True,False
1,6,2,20.0,5.0,甲,exception,13,12,,0,1,0.9230769230769231,,0.0,0.07692307692307693,12,0,0.9230769230769231,0.0,True,False
1,6,2,20.0,5.0,甲,normal,60,60,,0,0,1.0,,0.0,0.0,60,0,1.0,0.0,True,False
1,7,0,5.0,0.05,乙,exception,8,8,,0,0,1.0,,0.0,0.0,0,8,0.0,1.0,True,False
1,7,0,5.0,0.05,乙,normal,62,49,,0,13,0.7903225806451613,,0.0,0.20967741935483872,0,49,0.0,0.7903225806451613,True,False
1,7,0,5.0,0.05,甲,exception,19,19,,0,0,1.0,,0.0,0.0,19,0,1.0,0.0,True,False
1,7,0,5.0,0.05,甲,normal,67,66,,0,1,0.9850746268656716,,0.0,0.014925373134328358,66,0,0.9850746268656716,0.0,True,False
1,7,1,5.0,0.5,乙,exception,8,8,,0,0,1.0,,0.0,0.0,0,8,0.0,1.0,True,False
1,7,1,5.0,0.5,乙,normal,62,49,,0,13,0.7903225806451613,,0.0,0.20967741935483872,0,49,0.0,0.7903225806451613,True,False
1,7,1,5.0,0.5,甲,exception,19,19,,0,0,1.0,,0.0,0.0,19,0,1.0,0.0,True,False
1,7,1,5.0,0.5,甲,normal,67,66,,0,1,0.9850746268656716,,0.0,0.014925373134328358,66,0,0.9850746268656716,0.0,True,False
1,7,1,5.0,1.0,乙,exception,8,8,,0,0,1.0,,0.0,0.0,0,8,0.0,1.0,True,False
1,7,1,5.0,1.0,乙,normal,62,49,,0,13,0.7903225806451613,,0.0,0.20967741935483872,0,49,0.0,0.7903225806451613,True,False
1,7,1,5.0,1.0,甲,exception,19,19,,0,0,1.0,,0.0,0.0,19,0,1.0,0.0,True,False
1,7,1,5.0,1.0,甲,normal,67,66,,0,1,0.9850746268656716,,0.0,0.014925373134328358,66,0,0.9850746268656716,0.0,True,False
1,7,1,5.0,2.0,乙,exception,8,8,,0,0,1.0,,0.0,0.0,0,8,0.0,1.0,True,False
1,7,1,5.0,2.0,乙,normal,62,49,,0,13,0.7903225806451613,,0.0,0.20967741935483872,0,49,0.0,0.7903225806451613,True,False
1,7,1,5.0,2.0,甲,exception,19,19,,0,0,1.0,,0.0,0.0,19,0,1.0,0.0,True,False
1,7,1,5.0,2.0,甲,normal,67,66,,0,1,0.9850746268656716,,0.0,0.014925373134328358,66,0,0.9850746268656716,0.0,True,False
1,7,1,5.0,5.0,乙,exception,8,8,,0,0,1.0,,0.0,0.0,0,8,0.0,1.0,True,False
1,7,1,5.0,5.0,乙,normal,62,49,,0,13,0.7903225806451613,,0.0,0.20967741935483872,0,49,0.0,0.7903225806451613,True,False
1,7,1,5.0,5.0,甲,exception,19,19,,0,0,1.0,,0.0,0.0,19,0,1.0,0.0,True,False
1,7,1,5.0,5.0,甲,normal,67,66,,0,1,0.9850746268656716,,0.0,0.014925373134328358,66,0,0.9850746268656716,0.0,True,False
1,7,1,20.0,0.5,乙,exception,8,8,,0,0,1.0,,0.0,0.0,0,8,0.0,1.0,True,False
1,7,1,20.0,0.5,乙,normal,62,49,,0,13,0.7903225806451613,,0.0,0.20967741935483872,0,49,0.0,0.7903225806451613,True,False
1,7,1,20.0,0.5,甲,exception,19,19,,0,0,1.0,,0.0,0.0,19,0,1.0,0.0,True,False
1,7,1,20.0,0.5,甲,normal,67,66,,0,1,0.9850746268656716,,0.0,0.014925373134328358,66,0,0.9850746268656716,0.0,True,False
1,7,1,20.0,1.0,乙,exception,8,8,,0,0,1.0,,0.0,0.0,0,8,0.0,1.0,True,False
1,7,1,20.0,1.0,乙,normal,62,49,,0,13,0.7903225806451613,,0.0,0.20967741935483872,0,49,0.0,0.7903225806451613,True,False
1,7,1,20.0,1.0,甲,exception,19,19,,0,0,1.0,,0.0,0.0,19,0,1.0,0.0,True,False
1,7,1,20.0,1.0,甲,normal,67,66,,0,1,0.9850746268656716,,0.0,0.014925373134328358,66,0,0.9850746268656716,0.0,True,False
1,7,1,20.0,2.0,乙,exception,8,8,,0,0,1.0,,0.0,0.0,0,8,0.0,1.0,True,False
1,7,1,20.0,2.0,乙,normal,62,50,,0,12,0.8064516129032258,,0.0,0.1935483870967742,0,50,0.0,0.8064516129032258,True,False
1,7,1,20.0,2.0,甲,exception,19,19,,0,0,1.0,,0.0,0.0,19,0,1.0,0.0,True,False
1,7,1,20.0,2.0,甲,normal,67,66,,0,1,0.9850746268656716,,0.0,0.014925373134328358,66,0,0.9850746268656716,0.0,True,False
1,7,1,20.0,5.0,乙,exception,8,8,,0,0,1.0,,0.0,0.0,0,8,0.0,1.0,True,False
1,7,1,20.0,5.0,乙,normal,62,52,,0,10,0.8387096774193549,,0.0,0.16129032258064516,0,52,0.0,0.8387096774193549,True,False
1,7,1,20.0,5.0,甲,exception,19,19,,0,0,1.0,,0.0,0.0,19,0,1.0,0.0,True,False
1,7,1,20.0,5.0,甲,normal,67,66,,0,1,0.9850746268656716,,0.0,0.014925373134328358,66,0,0.9850746268656716,0.0,True,False
1,7,2,5.0,0.5,乙,exception,8,8,,0,0,1.0,,0.0,0.0,0,8,0.0,1.0,True,False
1,7,2,5.0,0.5,乙,normal,62,49,,0,13,0.7903225806451613,,0.0,0.20967741935483872,0,49,0.0,0.7903225806451613,True,False
1,7,2,5.0,0.5,甲,exception,19,19,,0,0,1.0,,0.0,0.0,19,0,1.0,0.0,True,False
1,7,2,5.0,0.5,甲,normal,67,66,,0,1,0.9850746268656716,,0.0,0.014925373134328358,66,0,0.9850746268656716,0.0,True,False
1,7,2,5.0,1.0,乙,exception,8,8,,0,0,1.0,,0.0,0.0,0,8,0.0,1.0,True,False
1,7,2,5.0,1.0,乙,normal,62,49,,0,13,0.7903225806451613,,0.0,0.20967741935483872,0,49,0.0,0.7903225806451613,True,False
1,7,2,5.0,1.0,甲,exception,19,19,,0,0,1.0,,0.0,0.0,19,0,1.0,0.0,True,False
1,7,2,5.0,1.0,甲,normal,67,66,,0,1,0.9850746268656716,,0.0,0.014925373134328358,66,0,0.9850746268656716,0.0,True,False
1,7,2,5.0,2.0,乙,exception,8,8,,0,0,1.0,,0.0,0.0,0,8,0.0,1.0,True,False
1,7,2,5.0,2.0,乙,normal,62,49,,0,13,0.7903225806451613,,0.0,0.20967741935483872,0,49,0.0,0.7903225806451613,True,False
1,7,2,5.0,2.0,甲,exception,19,19,,0,0,1.0,,0.0,0.0,19,0,1.0,0.0,True,False
1,7,2,5.0,2.0,甲,normal,67,66,,0,1,0.9850746268656716,,0.0,0.014925373134328358,66,0,0.9850746268656716,0.0,True,False
1,7,2,5.0,5.0,乙,exception,8,8,,0,0,1.0,,0.0,0.0,0,8,0.0,1.0,True,False
1,7,2,5.0,5.0,乙,normal,62,49,,0,13,0.7903225806451613,,0.0,0.20967741935483872,0,49,0.0,0.7903225806451613,True,False
1,7,2,5.0,5.0,甲,exception,19,19,,0,0,1.0,,0.0,0.0,19,0,1.0,0.0,True,False
1,7,2,5.0,5.0,甲,normal,67,66,,0,1,0.9850746268656716,,0.0,0.014925373134328358,66,0,0.9850746268656716,0.0,True,False
1,7,2,20.0,0.5,乙,exception,8,8,,0,0,1.0,,0.0,0.0,0,8,0.0,1.0,True,False
1,7,2,20.0,0.5,乙,normal,62,49,,0,13,0.7903225806451613,,0.0,0.20967741935483872,0,49,0.0,0.7903225806451613,True,False
1,7,2,20.0,0.5,甲,exception,19,19,,0,0,1.0,,0.0,0.0,19,0,1.0,0.0,True,False
1,7,2,20.0,0.5,甲,normal,67,66,,0,1,0.9850746268656716,,0.0,0.014925373134328358,66,0,0.9850746268656716,0.0,True,False
1,7,2,20.0,1.0,乙,exception,8,8,,0,0,1.0,,0.0,0.0,0,8,0.0,1.0,True,False
1,7,2,20.0,1.0,乙,normal,62,49,,0,13,0.7903225806451613,,0.0,0.20967741935483872,0,49,0.0,0.7903225806451613,True,False
1,7,2,20.0,1.0,甲,exception,19,19,,0,0,1.0,,0.0,0.0,19,0,1.0,0.0,True,False
1,7,2,20.0,1.0,甲,normal,67,66,,0,1,0.9850746268656716,,0.0,0.014925373134328358,66,0,0.9850746268656716,0.0,True,False
1,7,2,20.0,2.0,乙,exception,8,8,,0,0,1.0,,0.0,0.0,0,8,0.0,1.0,True,False
1,7,2,20.0,2.0,乙,normal,62,49,,0,13,0.7903225806451613,,0.0,0.20967741935483872,0,49,0.0,0.7903225806451613,True,False
1,7,2,20.0,2.0,甲,exception,19,19,,0,0,1.0,,0.0,0.0,19,0,1.0,0.0,True,False
1,7,2,20.0,2.0,甲,normal,67,66,,0,1,0.9850746268656716,,0.0,0.014925373134328358,66,0,0.9850746268656716,0.0,True,False
1,7,2,20.0,5.0,乙,exception,8,8,,0,0,1.0,,0.0,0.0,0,8,0.0,1.0,True,False
1,7,2,20.0,5.0,乙,normal,62,51,,0,11,0.8225806451612904,,0.0,0.1774193548387097,0,51,0.0,0.8225806451612904,True,False
1,7,2,20.0,5.0,甲,exception,19,19,,0,0,1.0,,0.0,0.0,19,0,1.0,0.0,True,False
1,7,2,20.0,5.0,甲,normal,67,66,,0,1,0.9850746268656716,,0.0,0.014925373134328358,66,0,0.9850746268656716,0.0,True,False
1,8,0,5.0,0.05,乙,exception,16,16,,0,0,1.0,,0.0,0.0,0,16,0.0,1.0,True,False
1,8,0,5.0,0.05,乙,normal,60,60,,0,0,1.0,,0.0,0.0,0,60,0.0,1.0,True,False
1,8,0,5.0,0.05,甲,exception,9,9,,0,0,1.0,,0.0,0.0,9,0,1.0,0.0,True,False
1,8,0,5.0,0.05,甲,normal,60,60,,0,0,1.0,,0.0,0.0,60,0,1.0,0.0,True,False
1,8,1,5.0,0.5,乙,exception,16,16,,0,0,1.0,,0.0,0.0,0,16,0.0,1.0,True,False
1,8,1,5.0,0.5,乙,normal,60,60,,0,0,1.0,,0.0,0.0,0,60,0.0,1.0,True,False
1,8,1,5.0,0.5,甲,exception,9,9,,0,0,1.0,,0.0,0.0,9,0,1.0,0.0,True,False
1,8,1,5.0,0.5,甲,normal,60,60,,0,0,1.0,,0.0,0.0,60,0,1.0,0.0,True,False
1,8,1,5.0,1.0,乙,exception,16,16,,0,0,1.0,,0.0,0.0,0,16,0.0,1.0,True,False
1,8,1,5.0,1.0,乙,normal,60,60,,0,0,1.0,,0.0,0.0,0,60,0.0,1.0,True,False
1,8,1,5.0,1.0,甲,exception,9,9,,0,0,1.0,,0.0,0.0,9,0,1.0,0.0,True,False
1,8,1,5.0,1.0,甲,normal,60,60,,0,0,1.0,,0.0,0.0,60,0,1.0,0.0,True,False
1,8,1,5.0,2.0,乙,exception,16,16,,0,0,1.0,,0.0,0.0,0,16,0.0,1.0,True,False
1,8,1,5.0,2.0,乙,normal,60,60,,0,0,1.0,,0.0,0.0,0,60,0.0,1.0,True,False
1,8,1,5.0,2.0,甲,exception,9,9,,0,0,1.0,,0.0,0.0,9,0,1.0,0.0,True,False
1,8,1,5.0,2.0,甲,normal,60,60,,0,0,1.0,,0.0,0.0,60,0,1.0,0.0,True,False
1,8,1,5.0,5.0,乙,exception,16,16,,0,0,1.0,,0.0,0.0,0,16,0.0,1.0,True,False
1,8,1,5.0,5.0,乙,normal,60,60,,0,0,1.0,,0.0,0.0,0,60,0.0,1.0,True,False
1,8,1,5.0,5.0,甲,exception,9,9,,0,0,1.0,,0.0,0.0,9,0,1.0,0.0,True,False
1,8,1,5.0,5.0,甲,normal,60,60,,0,0,1.0,,0.0,0.0,60,0,1.0,0.0,True,False
1,8,1,20.0,0.5,乙,exception,16,16,,0,0,1.0,,0.0,0.0,0,16,0.0,1.0,True,False
1,8,1,20.0,0.5,乙,normal,60,60,,0,0,1.0,,0.0,0.0,0,60,0.0,1.0,True,False
1,8,1,20.0,0.5,甲,exception,9,9,,0,0,1.0,,0.0,0.0,9,0,1.0,0.0,True,False
1,8,1,20.0,0.5,甲,normal,60,60,,0,0,1.0,,0.0,0.0,60,0,1.0,0.0,True,False
1,8,1,20.0,1.0,乙,exception,16,16,,0,0,1.0,,0.0,0.0,0,16,0.0,1.0,True,False
1,8,1,20.0,1.0,乙,normal,60,60,,0,0,1.0,,0.0,0.0,0,60,0.0,1.0,True,False
1,8,1,20.0,1.0,甲,exception,9,9,,0,0,1.0,,0.0,0.0,9,0,1.0,0.0,True,False
1,8,1,20.0,1.0,甲,normal,60,60,,0,0,1.0,,0.0,0.0,60,0,1.0,0.0,True,False
1,8,1,20.0,2.0,乙,exception,16,16,,0,0,1.0,,0.0,0.0,0,16,0.0,1.0,True,False
1,8,1,20.0,2.0,乙,normal,60,60,,0,0,1.0,,0.0,0.0,0,60,0.0,1.0,True,False
1,8,1,20.0,2.0,甲,exception,9,9,,0,0,1.0,,0.0,0.0,9,0,1.0,0.0,True,False
1,8,1,20.0,2.0,甲,normal,60,60,,0,0,1.0,,0.0,0.0,60,0,1.0,0.0,True,False
1,8,1,20.0,5.0,乙,exception,16,16,,0,0,1.0,,0.0,0.0,0,16,0.0,1.0,True,False
1,8,1,20.0,5.0,乙,normal,60,60,,0,0,1.0,,0.0,0.0,0,60,0.0,1.0,True,False
1,8,1,20.0,5.0,甲,exception,9,9,,0,0,1.0,,0.0,0.0,9,0,1.0,0.0,True,False
1,8,1,20.0,5.0,甲,normal,60,60,,0,0,1.0,,0.0,0.0,60,0,1.0,0.0,True,False
1,8,2,5.0,0.5,乙,exception,16,16,,0,0,1.0,,0.0,0.0,0,16,0.0,1.0,True,False
1,8,2,5.0,0.5,乙,normal,60,60,,0,0,1.0,,0.0,0.0,0,60,0.0,1.0,True,False
1,8,2,5.0,0.5,甲,exception,9,9,,0,0,1.0,,0.0,0.0,9,0,1.0,0.0,True,False
1,8,2,5.0,0.5,甲,normal,60,60,,0,0,1.0,,0.0,0.0,60,0,1.0,0.0,True,False
1,8,2,5.0,1.0,乙,exception,16,16,,0,0,1.0,,0.0,0.0,0,16,0.0,1.0,True,False
1,8,2,5.0,1.0,乙,normal,60,60,,0,0,1.0,,0.0,0.0,0,60,0.0,1.0,True,False
1,8,2,5.0,1.0,甲,exception,9,9,,0,0,1.0,,0.0,0.0,9,0,1.0,0.0,True,False
1,8,2,5.0,1.0,甲,normal,60,60,,0,0,1.0,,0.0,0.0,60,0,1.0,0.0,True,False
1,8,2,5.0,2.0,乙,exception,16,16,,0,0,1.0,,0.0,0.0,0,16,0.0,1.0,True,False
1,8,2,5.0,2.0,乙,normal,60,60,,0,0,1.0,,0.0,0.0,0,60,0.0,1.0,True,False
1,8,2,5.0,2.0,甲,exception,9,9,,0,0,1.0,,0.0,0.0,9,0,1.0,0.0,True,False
1,8,2,5.0,2.0,甲,normal,60,60,,0,0,1.0,,0.0,0.0,60,0,1.0,0.0,True,False
1,8,2,5.0,5.0,乙,exception,16,16,,0,0,1.0,,0.0,0.0,0,16,0.0,1.0,True,False
1,8,2,5.0,5.0,乙,normal,60,60,,0,0,1.0,,0.0,0.0,0,60,0.0,1.0,True,False
1,8,2,5.0,5.0,甲,exception,9,9,,0,0,1.0,,0.0,0.0,9,0,1.0,0.0,True,False
1,8,2,5.0,5.0,甲,normal,60,60,,0,0,1.0,,0.0,0.0,60,0,1.0,0.0,True,False
1,8,2,20.0,0.5,乙,exception,16,16,,0,0,1.0,,0.0,0.0,0,16,0.0,1.0,True,False
1,8,2,20.0,0.5,乙,normal,60,60,,0,0,1.0,,0.0,0.0,0,60,0.0,1.0,True,False
1,8,2,20.0,0.5,甲,exception,9,9,,0,0,1.0,,0.0,0.0,9,0,1.0,0.0,True,False
1,8,2,20.0,0.5,甲,normal,60,60,,0,0,1.0,,0.0,0.0,60,0,1.0,0.0,True,False
1,8,2,20.0,1.0,乙,exception,16,16,,0,0,1.0,,0.0,0.0,0,16,0.0,1.0,True,False
1,8,2,20.0,1.0,乙,normal,60,60,,0,0,1.0,,0.0,0.0,0,60,0.0,1.0,True,False
1,8,2,20.0,1.0,甲,exception,9,9,,0,0,1.0,,0.0,0.0,9,0,1.0,0.0,True,False
1,8,2,20.0,1.0,甲,normal,60,60,,0,0,1.0,,0.0,0.0,60,0,1.0,0.0,True,False
1,8,2,20.0,2.0,乙,exception,16,16,,0,0,1.0,,0.0,0.0,0,16,0.0,1.0,True,False
1,8,2,20.0,2.0,乙,normal,60,60,,0,0,1.0,,0.0,0.0,0,60,0.0,1.0,True,False
1,8,2,20.0,2.0,甲,exception,9,9,,0,0,1.0,,0.0,0.0,9,0,1.0,0.0,True,False
1,8,2,20.0,2.0,甲,normal,60,60,,0,0,1.0,,0.0,0.0,60,0,1.0,0.0,True,False
1,8,2,20.0,5.0,乙,exception,16,16,,0,0,1.0,,0.0,0.0,0,16,0.0,1.0,True,False
1,8,2,20.0,5.0,乙,normal,60,60,,0,0,1.0,,0.0,0.0,0,60,0.0,1.0,True,False
1,8,2,20.0,5.0,甲,exception,9,9,,0,0,1.0,,0.0,0.0,9,0,1.0,0.0,True,False
1,8,2,20.0,5.0,甲,normal,60,60,,0,0,1.0,,0.0,0.0,60,0,1.0,0.0,True,False
1,9,0,5.0,0.05,乙,exception,11,10,,0,1,0.9090909090909091,,0.0,0.09090909090909091,0,10,0.0,0.9090909090909091,True,False
1,9,0,5.0,0.05,乙,normal,63,49,,0,14,0.7777777777777778,,0.0,0.2222222222222222,0,49,0.0,0.7777777777777778,True,False
1,9,0,5.0,0.05,甲,exception,13,10,,0,3,0.7692307692307693,,0.0,0.23076923076923078,10,0,0.7692307692307693,0.0,True,False
1,9,0,5.0,0.05,甲,normal,50,50,,0,0,1.0,,0.0,0.0,50,0,1.0,0.0,True,False
1,9,1,5.0,0.5,乙,exception,11,10,,0,1,0.9090909090909091,,0.0,0.09090909090909091,0,10,0.0,0.9090909090909091,True,False
1,9,1,5.0,0.5,乙,normal,63,49,,0,14,0.7777777777777778,,0.0,0.2222222222222222,0,49,0.0,0.7777777777777778,True,False
1,9,1,5.0,0.5,甲,exception,13,10,,0,3,0.7692307692307693,,0.0,0.23076923076923078,10,0,0.7692307692307693,0.0,True,False
1,9,1,5.0,0.5,甲,normal,50,50,,0,0,1.0,,0.0,0.0,50,0,1.0,0.0,True,False
1,9,1,5.0,1.0,乙,exception,11,10,,0,1,0.9090909090909091,,0.0,0.09090909090909091,0,10,0.0,0.9090909090909091,True,False
1,9,1,5.0,1.0,乙,normal,63,49,,0,14,0.7777777777777778,,0.0,0.2222222222222222,0,49,0.0,0.7777777777777778,True,False
1,9,1,5.0,1.0,甲,exception,13,10,,0,3,0.7692307692307693,,0.0,0.23076923076923078,10,0,0.7692307692307693,0.0,True,False
1,9,1,5.0,1.0,甲,normal,50,50,,0,0,1.0,,0.0,0.0,50,0,1.0,0.0,True,False
1,9,1,5.0,2.0,乙,exception,11,10,,0,1,0.9090909090909091,,0.0,0.09090909090909091,0,10,0.0,0.9090909090909091,True,False
1,9,1,5.0,2.0,乙,normal,63,49,,0,14,0.7777777777777778,,0.0,0.2222222222222222,0,49,0.0,0.7777777777777778,True,False
1,9,1,5.0,2.0,甲,exception,13,10,,0,3,0.7692307692307693,,0.0,0.23076923076923078,10,0,0.7692307692307693,0.0,True,False
1,9,1,5.0,2.0,甲,normal,50,50,,0,0,1.0,,0.0,0.0,50,0,1.0,0.0,True,False
1,9,1,5.0,5.0,乙,exception,11,10,,0,1,0.9090909090909091,,0.0,0.09090909090909091,0,10,0.0,0.9090909090909091,True,False
1,9,1,5.0,5.0,乙,normal,63,49,,0,14,0.7777777777777778,,0.0,0.2222222222222222,0,49,0.0,0.7777777777777778,True,False
1,9,1,5.0,5.0,甲,exception,13,10,,0,3,0.7692307692307693,,0.0,0.23076923076923078,10,0,0.7692307692307693,0.0,True,False
1,9,1,5.0,5.0,甲,normal,50,50,,0,0,1.0,,0.0,0.0,50,0,1.0,0.0,True,False
1,9,1,20.0,0.5,乙,exception,11,10,,0,1,0.9090909090909091,,0.0,0.09090909090909091,0,10,0.0,0.9090909090909091,True,False
1,9,1,20.0,0.5,乙,normal,63,49,,0,14,0.7777777777777778,,0.0,0.2222222222222222,0,49,0.0,0.7777777777777778,True,False
1,9,1,20.0,0.5,甲,exception,13,10,,0,3,0.7692307692307693,,0.0,0.23076923076923078,10,0,0.7692307692307693,0.0,True,False
1,9,1,20.0,0.5,甲,normal,50,50,,0,0,1.0,,0.0,0.0,50,0,1.0,0.0,True,False
1,9,1,20.0,1.0,乙,exception,11,10,,0,1,0.9090909090909091,,0.0,0.09090909090909091,0,10,0.0,0.9090909090909091,True,False
1,9,1,20.0,1.0,乙,normal,63,49,,0,14,0.7777777777777778,,0.0,0.2222222222222222,0,49,0.0,0.7777777777777778,True,False
1,9,1,20.0,1.0,甲,exception,13,10,,0,3,0.7692307692307693,,0.0,0.23076923076923078,10,0,0.7692307692307693,0.0,True,False
1,9,1,20.0,1.0,甲,normal,50,50,,0,0,1.0,,0.0,0.0,50,0,1.0,0.0,True,False
1,9,1,20.0,2.0,乙,exception,11,10,,0,1,0.9090909090909091,,0.0,0.09090909090909091,0,10,0.0,0.9090909090909091,True,False
1,9,1,20.0,2.0,乙,normal,63,49,,0,14,0.7777777777777778,,0.0,0.2222222222222222,0,49,0.0,0.7777777777777778,True,False
1,9,1,20.0,2.0,甲,exception,13,10,,0,3,0.7692307692307693,,0.0,0.23076923076923078,10,0,0.7692307692307693,0.0,True,False
1,9,1,20.0,2.0,甲,normal,50,50,,0,0,1.0,,0.0,0.0,50,0,1.0,0.0,True,False
1,9,1,20.0,5.0,乙,exception,11,10,,0,1,0.9090909090909091,,0.0,0.09090909090909091,0,10,0.0,0.9090909090909091,True,False
1,9,1,20.0,5.0,乙,normal,63,50,,0,13,0.7936507936507936,,0.0,0.20634920634920634,0,50,0.0,0.7936507936507936,True,False
1,9,1,20.0,5.0,甲,exception,13,10,,0,3,0.7692307692307693,,0.0,0.23076923076923078,10,0,0.7692307692307693,0.0,True,False
1,9,1,20.0,5.0,甲,normal,50,50,,0,0,1.0,,0.0,0.0,50,0,1.0,0.0,True,False
1,9,2,5.0,0.5,乙,exception,11,10,,0,1,0.9090909090909091,,0.0,0.09090909090909091,0,10,0.0,0.9090909090909091,True,False
1,9,2,5.0,0.5,乙,normal,63,49,,0,14,0.7777777777777778,,0.0,0.2222222222222222,0,49,0.0,0.7777777777777778,True,False
1,9,2,5.0,0.5,甲,exception,13,10,,0,3,0.7692307692307693,,0.0,0.23076923076923078,10,0,0.7692307692307693,0.0,True,False
1,9,2,5.0,0.5,甲,normal,50,50,,0,0,1.0,,0.0,0.0,50,0,1.0,0.0,True,False
1,9,2,5.0,1.0,乙,exception,11,10,,0,1,0.9090909090909091,,0.0,0.09090909090909091,0,10,0.0,0.9090909090909091,True,False
1,9,2,5.0,1.0,乙,normal,63,49,,0,14,0.7777777777777778,,0.0,0.2222222222222222,0,49,0.0,0.7777777777777778,True,False
1,9,2,5.0,1.0,甲,exception,13,10,,0,3,0.7692307692307693,,0.0,0.23076923076923078,10,0,0.7692307692307693,0.0,True,False
1,9,2,5.0,1.0,甲,normal,50,50,,0,0,1.0,,0.0,0.0,50,0,1.0,0.0,True,False
1,9,2,5.0,2.0,乙,exception,11,10,,0,1,0.9090909090909091,,0.0,0.09090909090909091,0,10,0.0,0.9090909090909091,True,False
1,9,2,5.0,2.0,乙,normal,63,49,,0,14,0.7777777777777778,,0.0,0.2222222222222222,0,49,0.0,0.7777777777777778,True,False
1,9,2,5.0,2.0,甲,exception,13,10,,0,3,0.7692307692307693,,0.0,0.23076923076923078,10,0,0.7692307692307693,0.0,True,False
1,9,2,5.0,2.0,甲,normal,50,50,,0,0,1.0,,0.0,0.0,50,0,1.0,0.0,True,False
1,9,2,5.0,5.0,乙,exception,11,10,,0,1,0.9090909090909091,,0.0,0.09090909090909091,0,10,0.0,0.9090909090909091,True,False
1,9,2,5.0,5.0,乙,normal,63,49,,0,14,0.7777777777777778,,0.0,0.2222222222222222,0,49,0.0,0.7777777777777778,True,False
1,9,2,5.0,5.0,甲,exception,13,10,,0,3,0.7692307692307693,,0.0,0.23076923076923078,10,0,0.7692307692307693,0.0,True,False
1,9,2,5.0,5.0,甲,normal,50,50,,0,0,1.0,,0.0,0.0,50,0,1.0,0.0,True,False
1,9,2,20.0,0.5,乙,exception,11,10,,0,1,0.9090909090909091,,0.0,0.09090909090909091,0,10,0.0,0.9090909090909091,True,False
1,9,2,20.0,0.5,乙,normal,63,49,,0,14,0.7777777777777778,,0.0,0.2222222222222222,0,49,0.0,0.7777777777777778,True,False
1,9,2,20.0,0.5,甲,exception,13,10,,0,3,0.7692307692307693,,0.0,0.23076923076923078,10,0,0.7692307692307693,0.0,True,False
1,9,2,20.0,0.5,甲,normal,50,50,,0,0,1.0,,0.0,0.0,50,0,1.0,0.0,True,False
1,9,2,20.0,1.0,乙,exception,11,10,,0,1,0.9090909090909091,,0.0,0.09090909090909091,0,10,0.0,0.9090909090909091,True,False
1,9,2,20.0,1.0,乙,normal,63,49,,0,14,0.7777777777777778,,0.0,0.2222222222222222,0,49,0.0,0.7777777777777778,True,False
1,9,2,20.0,1.0,甲,exception,13,10,,0,3,0.7692307692307693,,0.0,0.23076923076923078,10,0,0.7692307692307693,0.0,True,False
1,9,2,20.0,1.0,甲,normal,50,50,,0,0,1.0,,0.0,0.0,50,0,1.0,0.0,True,False
1,9,2,20.0,2.0,乙,exception,11,10,,0,1,0.9090909090909091,,0.0,0.09090909090909091,0,10,0.0,0.9090909090909091,True,False
1,9,2,20.0,2.0,乙,normal,63,49,,0,14,0.7777777777777778,,0.0,0.2222222222222222,0,49,0.0,0.7777777777777778,True,False
1,9,2,20.0,2.0,甲,exception,13,10,,0,3,0.7692307692307693,,0.0,0.23076923076923078,10,0,0.7692307692307693,0.0,True,False
1,9,2,20.0,2.0,甲,normal,50,50,,0,0,1.0,,0.0,0.0,50,0,1.0,0.0,True,False
1,9,2,20.0,5.0,乙,exception,11,10,,0,1,0.9090909090909091,,0.0,0.09090909090909091,0,10,0.0,0.9090909090909091,True,False
1,9,2,20.0,5.0,乙,normal,63,49,,0,14,0.7777777777777778,,0.0,0.2222222222222222,0,49,0.0,0.7777777777777778,True,False
1,9,2,20.0,5.0,甲,exception,13,10,,0,3,0.7692307692307693,,0.0,0.23076923076923078,10,0,0.7692307692307693,0.0,True,False
1,9,2,20.0,5.0,甲,normal,50,50,,0,0,1.0,,0.0,0.0,50,0,1.0,0.0,True,False
1,10,0,5.0,0.05,乙,exception,12,12,,0,0,1.0,,0.0,0.0,0,12,0.0,1.0,True,False
1,10,0,5.0,0.05,乙,normal,78,78,,0,0,1.0,,0.0,0.0,0,78,0.0,1.0,True,False
1,10,0,5.0,0.05,甲,exception,17,15,,0,2,0.8823529411764706,,0.0,0.11764705882352941,15,0,0.8823529411764706,0.0,True,False
1,10,0,5.0,0.05,甲,normal,74,72,,0,2,0.972972972972973,,0.0,0.02702702702702703,72,0,0.972972972972973,0.0,True,False
1,10,1,5.0,0.5,乙,exception,12,12,,0,0,1.0,,0.0,0.0,0,12,0.0,1.0,True,False
1,10,1,5.0,0.5,乙,normal,78,78,,0,0,1.0,,0.0,0.0,0,78,0.0,1.0,True,False
1,10,1,5.0,0.5,甲,exception,17,15,,0,2,0.8823529411764706,,0.0,0.11764705882352941,15,0,0.8823529411764706,0.0,True,False
1,10,1,5.0,0.5,甲,normal,74,72,,0,2,0.972972972972973,,0.0,0.02702702702702703,72,0,0.972972972972973,0.0,True,False
1,10,1,5.0,1.0,乙,exception,12,12,,0,0,1.0,,0.0,0.0,0,12,0.0,1.0,True,False
1,10,1,5.0,1.0,乙,normal,78,78,,0,0,1.0,,0.0,0.0,0,78,0.0,1.0,True,False
1,10,1,5.0,1.0,甲,exception,17,15,,0,2,0.8823529411764706,,0.0,0.11764705882352941,15,0,0.8823529411764706,0.0,True,False
1,10,1,5.0,1.0,甲,normal,74,72,,0,2,0.972972972972973,,0.0,0.02702702702702703,72,0,0.972972972972973,0.0,True,False
1,10,1,5.0,2.0,乙,exception,12,12,,0,0,1.0,,0.0,0.0,0,12,0.0,1.0,True,False
1,10,1,5.0,2.0,乙,normal,78,78,,0,0,1.0,,0.0,0.0,0,78,0.0,1.0,True,False
1,10,1,5.0,2.0,甲,exception,17,15,,0,2,0.8823529411764706,,0.0,0.11764705882352941,15,0,0.8823529411764706,0.0,True,False
1,10,1,5.0,2.0,甲,normal,74,72,,0,2,0.972972972972973,,0.0,0.02702702702702703,72,0,0.972972972972973,0.0,True,False
1,10,1,5.0,5.0,乙,exception,12,12,,0,0,1.0,,0.0,0.0,0,12,0.0,1.0,True,False
1,10,1,5.0,5.0,乙,normal,78,78,,0,0,1.0,,0.0,0.0,0,78,0.0,1.0,True,False
1,10,1,5.0,5.0,甲,exception,17,15,,0,2,0.8823529411764706,,0.0,0.11764705882352941,15,0,0.8823529411764706,0.0,True,False
1,10,1,5.0,5.0,甲,normal,74,72,,0,2,0.972972972972973,,0.0,0.02702702702702703,72,0,0.972972972972973,0.0,True,False
1,10,1,20.0,0.5,乙,exception,12,12,,0,0,1.0,,0.0,0.0,0,12,0.0,1.0,True,False
1,10,1,20.0,0.5,乙,normal,78,78,,0,0,1.0,,0.0,0.0,0,78,0.0,1.0,True,False
1,10,1,20.0,0.5,甲,exception,17,15,,0,2,0.8823529411764706,,0.0,0.11764705882352941,15,0,0.8823529411764706,0.0,True,False
1,10,1,20.0,0.5,甲,normal,74,72,,0,2,0.972972972972973,,0.0,0.02702702702702703,72,0,0.972972972972973,0.0,True,False
1,10,1,20.0,1.0,乙,exception,12,12,,0,0,1.0,,0.0,0.0,0,12,0.0,1.0,True,False
1,10,1,20.0,1.0,乙,normal,78,78,,0,0,1.0,,0.0,0.0,0,78,0.0,1.0,True,False
1,10,1,20.0,1.0,甲,exception,17,15,,0,2,0.8823529411764706,,0.0,0.11764705882352941,15,0,0.8823529411764706,0.0,True,False
1,10,1,20.0,1.0,甲,normal,74,72,,0,2,0.972972972972973,,0.0,0.02702702702702703,72,0,0.972972972972973,0.0,True,False
1,10,1,20.0,2.0,乙,exception,12,12,,0,0,1.0,,0.0,0.0,0,12,0.0,1.0,True,False
1,10,1,20.0,2.0,乙,normal,78,78,,0,0,1.0,,0.0,0.0,0,78,0.0,1.0,True,False
1,10,1,20.0,2.0,甲,exception,17,15,,0,2,0.8823529411764706,,0.0,0.11764705882352941,15,0,0.8823529411764706,0.0,True,False
1,10,1,20.0,2.0,甲,normal,74,72,,0,2,0.972972972972973,,0.0,0.02702702702702703,72,0,0.972972972972973,0.0,True,False
1,10,1,20.0,5.0,乙,exception,12,12,,0,0,1.0,,0.0,0.0,0,12,0.0,1.0,True,False
1,10,1,20.0,5.0,乙,normal,78,78,,0,0,1.0,,0.0,0.0,0,78,0.0,1.0,True,False
1,10,1,20.0,5.0,甲,exception,17,15,,0,2,0.8823529411764706,,0.0,0.11764705882352941,15,0,0.8823529411764706,0.0,True,False
1,10,1,20.0,5.0,甲,normal,74,72,,0,2,0.972972972972973,,0.0,0.02702702702702703,72,0,0.972972972972973,0.0,True,False
1,10,2,5.0,0.5,乙,exception,12,12,,0,0,1.0,,0.0,0.0,0,12,0.0,1.0,True,False
1,10,2,5.0,0.5,乙,normal,78,78,,0,0,1.0,,0.0,0.0,0,78,0.0,1.0,True,False
1,10,2,5.0,0.5,甲,exception,17,15,,0,2,0.8823529411764706,,0.0,0.11764705882352941,15,0,0.8823529411764706,0.0,True,False
1,10,2,5.0,0.5,甲,normal,74,72,,0,2,0.972972972972973,,0.0,0.02702702702702703,72,0,0.972972972972973,0.0,True,False
1,10,2,5.0,1.0,乙,exception,12,12,,0,0,1.0,,0.0,0.0,0,12,0.0,1.0,True,False
1,10,2,5.0,1.0,乙,normal,78,78,,0,0,1.0,,0.0,0.0,0,78,0.0,1.0,True,False
1,10,2,5.0,1.0,甲,exception,17,15,,0,2,0.8823529411764706,,0.0,0.11764705882352941,15,0,0.8823529411764706,0.0,True,False
1,10,2,5.0,1.0,甲,normal,74,72,,0,2,0.972972972972973,,0.0,0.02702702702702703,72,0,0.972972972972973,0.0,True,False
1,10,2,5.0,2.0,乙,exception,12,12,,0,0,1.0,,0.0,0.0,0,12,0.0,1.0,True,False
1,10,2,5.0,2.0,乙,normal,78,78,,0,0,1.0,,0.0,0.0,0,78,0.0,1.0,True,False
1,10,2,5.0,2.0,甲,exception,17,15,,0,2,0.8823529411764706,,0.0,0.11764705882352941,15,0,0.8823529411764706,0.0,True,False
1,10,2,5.0,2.0,甲,normal,74,72,,0,2,0.972972972972973,,0.0,0.02702702702702703,72,0,0.972972972972973,0.0,True,False
1,10,2,5.0,5.0,乙,exception,12,12,,0,0,1.0,,0.0,0.0,0,12,0.0,1.0,True,False
1,10,2,5.0,5.0,乙,normal,78,78,,0,0,1.0,,0.0,0.0,0,78,0.0,1.0,True,False
1,10,2,5.0,5.0,甲,exception,17,15,,0,2,0.8823529411764706,,0.0,0.11764705882352941,15,0,0.8823529411764706,0.0,True,False
1,10,2,5.0,5.0,甲,normal,74,72,,0,2,0.972972972972973,,0.0,0.02702702702702703,72,0,0.972972972972973,0.0,True,False
1,10,2,20.0,0.5,乙,exception,12,12,,0,0,1.0,,0.0,0.0,0,12,0.0,1.0,True,False
1,10,2,20.0,0.5,乙,normal,78,78,,0,0,1.0,,0.0,0.0,0,78,0.0,1.0,True,False
1,10,2,20.0,0.5,甲,exception,17,15,,0,2,0.8823529411764706,,0.0,0.11764705882352941,15,0,0.8823529411764706,0.0,True,False
1,10,2,20.0,0.5,甲,normal,74,72,,0,2,0.972972972972973,,0.0,0.02702702702702703,72,0,0.972972972972973,0.0,True,False
1,10,2,20.0,1.0,乙,exception,12,12,,0,0,1.0,,0.0,0.0,0,12,0.0,1.0,True,False
1,10,2,20.0,1.0,乙,normal,78,78,,0,0,1.0,,0.0,0.0,0,78,0.0,1.0,True,False
1,10,2,20.0,1.0,甲,exception,17,15,,0,2,0.8823529411764706,,0.0,0.11764705882352941,15,0,0.8823529411764706,0.0,True,False
1,10,2,20.0,1.0,甲,normal,74,72,,0,2,0.972972972972973,,0.0,0.02702702702702703,72,0,0.972972972972973,0.0,True,False
1,10,2,20.0,2.0,乙,exception,12,12,,0,0,1.0,,0.0,0.0,0,12,0.0,1.0,True,False
1,10,2,20.0,2.0,乙,normal,78,78,,0,0,1.0,,0.0,0.0,0,78,0.0,1.0,True,False
1,10,2,20.0,2.0,甲,exception,17,15,,0,2,0.8823529411764706,,0.0,0.11764705882352941,15,0,0.8823529411764706,0.0,True,False
1,10,2,20.0,2.0,甲,normal,74,72,,0,2,0.972972972972973,,0.0,0.02702702702702703,72,0,0.972972972972973,0.0,True,False
1,10,2,20.0,5.0,乙,exception,12,12,,0,0,1.0,,0.0,0.0,0,12,0.0,1.0,True,False
1,10,2,20.0,5.0,乙,normal,78,78,,0,0,1.0,,0.0,0.0,0,78,0.0,1.0,True,False
1,10,2,20.0,5.0,甲,exception,17,15,,0,2,0.8823529411764706,,0.0,0.11764705882352941,15,0,0.8823529411764706,0.0,True,False
1,10,2,20.0,5.0,甲,normal,74,72,,0,2,0.972972972972973,,0.0,0.02702702702702703,72,0,0.972972972972973,0.0,True,False
1,11,0,5.0,0.05,乙,exception,18,18,,0,0,1.0,,0.0,0.0,0,18,0.0,1.0,True,False
1,11,0,5.0,0.05,乙,normal,64,63,,0,1,0.984375,,0.0,0.015625,0,63,0.0,0.984375,True,False
1,11,0,5.0,0.05,甲,exception,17,16,,0,1,0.9411764705882353,,0.0,0.058823529411764705,16,0,0.9411764705882353,0.0,True,False
1,11,0,5.0,0.05,甲,normal,56,48,,0,8,0.8571428571428571,,0.0,0.14285714285714285,48,0,0.8571428571428571,0.0,True,False
1,11,1,5.0,0.5,乙,exception,18,18,,0,0,1.0,,0.0,0.0,0,18,0.0,1.0,True,False
1,11,1,5.0,0.5,乙,normal,64,63,,0,1,0.984375,,0.0,0.015625,0,63,0.0,0.984375,True,False
1,11,1,5.0,0.5,甲,exception,17,16,,0,1,0.9411764705882353,,0.0,0.058823529411764705,16,0,0.9411764705882353,0.0,True,False
1,11,1,5.0,0.5,甲,normal,56,48,,0,8,0.8571428571428571,,0.0,0.14285714285714285,48,0,0.8571428571428571,0.0,True,False
1,11,1,5.0,1.0,乙,exception,18,18,,0,0,1.0,,0.0,0.0,0,18,0.0,1.0,True,False
1,11,1,5.0,1.0,乙,normal,64,63,,0,1,0.984375,,0.0,0.015625,0,63,0.0,0.984375,True,False
1,11,1,5.0,1.0,甲,exception,17,16,,0,1,0.9411764705882353,,0.0,0.058823529411764705,16,0,0.9411764705882353,0.0,True,False
1,11,1,5.0,1.0,甲,normal,56,48,,0,8,0.8571428571428571,,0.0,0.14285714285714285,48,0,0.8571428571428571,0.0,True,False
1,11,1,5.0,2.0,乙,exception,18,18,,0,0,1.0,,0.0,0.0,0,18,0.0,1.0,True,False
1,11,1,5.0,2.0,乙,normal,64,63,,0,1,0.984375,,0.0,0.015625,0,63,0.0,0.984375,True,False
1,11,1,5.0,2.0,甲,exception,17,16,,0,1,0.9411764705882353,,0.0,0.058823529411764705,16,0,0.9411764705882353,0.0,True,False
1,11,1,5.0,2.0,甲,normal,56,48,,0,8,0.8571428571428571,,0.0,0.14285714285714285,48,0,0.8571428571428571,0.0,True,False
1,11,1,5.0,5.0,乙,exception,18,18,,0,0,1.0,,0.0,0.0,0,18,0.0,1.0,True,False
1,11,1,5.0,5.0,乙,normal,64,63,,0,1,0.984375,,0.0,0.015625,0,63,0.0,0.984375,True,False
1,11,1,5.0,5.0,甲,exception,17,16,,0,1,0.9411764705882353,,0.0,0.058823529411764705,16,0,0.9411764705882353,0.0,True,False
1,11,1,5.0,5.0,甲,normal,56,48,,0,8,0.8571428571428571,,0.0,0.14285714285714285,48,0,0.8571428571428571,0.0,True,False
1,11,1,20.0,0.5,乙,exception,18,18,,0,0,1.0,,0.0,0.0,0,18,0.0,1.0,True,False
1,11,1,20.0,0.5,乙,normal,64,63,,0,1,0.984375,,0.0,0.015625,0,63,0.0,0.984375,True,False
1,11,1,20.0,0.5,甲,exception,17,17,,0,0,1.0,,0.0,0.0,17,0,1.0,0.0,True,False
1,11,1,20.0,0.5,甲,normal,56,48,,0,8,0.8571428571428571,,0.0,0.14285714285714285,48,0,0.8571428571428571,0.0,True,False
1,11,1,20.0,1.0,乙,exception,18,18,,0,0,1.0,,0.0,0.0,0,18,0.0,1.0,True,False
1,11,1,20.0,1.0,乙,normal,64,63,,0,1,0.984375,,0.0,0.015625,0,63,0.0,0.984375,True,False
1,11,1,20.0,1.0,甲,exception,17,17,,0,0,1.0,,0.0,0.0,17,0,1.0,0.0,True,False
1,11,1,20.0,1.0,甲,normal,56,48,,0,8,0.8571428571428571,,0.0,0.14285714285714285,48,0,0.8571428571428571,0.0,True,False
1,11,1,20.0,2.0,乙,exception,18,18,,0,0,1.0,,0.0,0.0,0,18,0.0,1.0,True,False
1,11,1,20.0,2.0,乙,normal,64,63,,0,1,0.984375,,0.0,0.015625,0,63,0.0,0.984375,True,False
1,11,1,20.0,2.0,甲,exception,17,17,,0,0,1.0,,0.0,0.0,17,0,1.0,0.0,True,False
1,11,1,20.0,2.0,甲,normal,56,48,,0,8,0.8571428571428571,,0.0,0.14285714285714285,48,0,0.8571428571428571,0.0,True,False
1,11,1,20.0,5.0,乙,exception,18,18,,0,0,1.0,,0.0,0.0,0,18,0.0,1.0,True,False
1,11,1,20.0,5.0,乙,normal,64,63,,0,1,0.984375,,0.0,0.015625,0,63,0.0,0.984375,True,False
1,11,1,20.0,5.0,甲,exception,17,17,,0,0,1.0,,0.0,0.0,17,0,1.0,0.0,True,False
1,11,1,20.0,5.0,甲,normal,56,50,,0,6,0.8928571428571429,,0.0,0.10714285714285714,50,0,0.8928571428571429,0.0,True,False
1,11,2,5.0,0.5,乙,exception,18,18,,0,0,1.0,,0.0,0.0,0,18,0.0,1.0,True,False
1,11,2,5.0,0.5,乙,normal,64,63,,0,1,0.984375,,0.0,0.015625,0,63,0.0,0.984375,True,False
1,11,2,5.0,0.5,甲,exception,17,16,,0,1,0.9411764705882353,,0.0,0.058823529411764705,16,0,0.9411764705882353,0.0,True,False
1,11,2,5.0,0.5,甲,normal,56,48,,0,8,0.8571428571428571,,0.0,0.14285714285714285,48,0,0.8571428571428571,0.0,True,False
1,11,2,5.0,1.0,乙,exception,18,18,,0,0,1.0,,0.0,0.0,0,18,0.0,1.0,True,False
1,11,2,5.0,1.0,乙,normal,64,63,,0,1,0.984375,,0.0,0.015625,0,63,0.0,0.984375,True,False
1,11,2,5.0,1.0,甲,exception,17,16,,0,1,0.9411764705882353,,0.0,0.058823529411764705,16,0,0.9411764705882353,0.0,True,False
1,11,2,5.0,1.0,甲,normal,56,48,,0,8,0.8571428571428571,,0.0,0.14285714285714285,48,0,0.8571428571428571,0.0,True,False
1,11,2,5.0,2.0,乙,exception,18,18,,0,0,1.0,,0.0,0.0,0,18,0.0,1.0,True,False
1,11,2,5.0,2.0,乙,normal,64,63,,0,1,0.984375,,0.0,0.015625,0,63,0.0,0.984375,True,False
1,11,2,5.0,2.0,甲,exception,17,16,,0,1,0.9411764705882353,,0.0,0.058823529411764705,16,0,0.9411764705882353,0.0,True,False
1,11,2,5.0,2.0,甲,normal,56,48,,0,8,0.8571428571428571,,0.0,0.14285714285714285,48,0,0.8571428571428571,0.0,True,False
1,11,2,5.0,5.0,乙,exception,18,18,,0,0,1.0,,0.0,0.0,0,18,0.0,1.0,True,False
1,11,2,5.0,5.0,乙,normal,64,63,,0,1,0.984375,,0.0,0.015625,0,63,0.0,0.984375,True,False
1,11,2,5.0,5.0,甲,exception,17,16,,0,1,0.9411764705882353,,0.0,0.058823529411764705,16,0,0.9411764705882353,0.0,True,False
1,11,2,5.0,5.0,甲,normal,56,48,,0,8,0.8571428571428571,,0.0,0.14285714285714285,48,0,0.8571428571428571,0.0,True,False
1,11,2,20.0,0.5,乙,exception,18,18,,0,0,1.0,,0.0,0.0,0,18,0.0,1.0,True,False
1,11,2,20.0,0.5,乙,normal,64,63,,0,1,0.984375,,0.0,0.015625,0,63,0.0,0.984375,True,False
1,11,2,20.0,0.5,甲,exception,17,16,,0,1,0.9411764705882353,,0.0,0.058823529411764705,16,0,0.9411764705882353,0.0,True,False
1,11,2,20.0,0.5,甲,normal,56,48,,0,8,0.8571428571428571,,0.0,0.14285714285714285,48,0,0.8571428571428571,0.0,True,False
1,11,2,20.0,1.0,乙,exception,18,18,,0,0,1.0,,0.0,0.0,0,18,0.0,1.0,True,False
1,11,2,20.0,1.0,乙,normal,64,63,,0,1,0.984375,,0.0,0.015625,0,63,0.0,0.984375,True,False
1,11,2,20.0,1.0,甲,exception,17,16,,0,1,0.9411764705882353,,0.0,0.058823529411764705,16,0,0.9411764705882353,0.0,True,False
1,11,2,20.0,1.0,甲,normal,56,48,,0,8,0.8571428571428571,,0.0,0.14285714285714285,48,0,0.8571428571428571,0.0,True,False
1,11,2,20.0,2.0,乙,exception,18,18,,0,0,1.0,,0.0,0.0,0,18,0.0,1.0,True,False
1,11,2,20.0,2.0,乙,normal,64,63,,0,1,0.984375,,0.0,0.015625,0,63,0.0,0.984375,True,False
1,11,2,20.0,2.0,甲,exception,17,16,,0,1,0.9411764705882353,,0.0,0.058823529411764705,16,0,0.9411764705882353,0.0,True,False
1,11,2,20.0,2.0,甲,normal,56,48,,0,8,0.8571428571428571,,0.0,0.14285714285714285,48,0,0.8571428571428571,0.0,True,False
1,11,2,20.0,5.0,乙,exception,18,18,,0,0,1.0,,0.0,0.0,0,18,0.0,1.0,True,False
1,11,2,20.0,5.0,乙,normal,64,63,,0,1,0.984375,,0.0,0.015625,0,63,0.0,0.984375,True,False
1,11,2,20.0,5.0,甲,exception,17,17,,0,0,1.0,,0.0,0.0,17,0,1.0,0.0,True,False
1,11,2,20.0,5.0,甲,normal,56,49,,0,7,0.875,,0.0,0.125,49,0,0.875,0.0,True,False
1,12,0,5.0,0.05,乙,exception,15,10,,0,5,0.6666666666666666,,0.0,0.3333333333333333,0,10,0.0,0.6666666666666666,True,False
1,12,0,5.0,0.05,乙,normal,70,53,,0,17,0.7571428571428571,,0.0,0.24285714285714285,0,53,0.0,0.7571428571428571,True,False
1,12,0,5.0,0.05,甲,exception,16,14,,0,2,0.875,,0.0,0.125,14,0,0.875,0.0,True,False
1,12,0,5.0,0.05,甲,normal,60,52,,0,8,0.8666666666666667,,0.0,0.13333333333333333,52,0,0.8666666666666667,0.0,True,False
1,12,1,5.0,0.5,乙,exception,15,10,,0,5,0.6666666666666666,,0.0,0.3333333333333333,0,10,0.0,0.6666666666666666,True,False
1,12,1,5.0,0.5,乙,normal,70,53,,0,17,0.7571428571428571,,0.0,0.24285714285714285,0,53,0.0,0.7571428571428571,True,False
1,12,1,5.0,0.5,甲,exception,16,14,,0,2,0.875,,0.0,0.125,14,0,0.875,0.0,True,False
1,12,1,5.0,0.5,甲,normal,60,52,,0,8,0.8666666666666667,,0.0,0.13333333333333333,52,0,0.8666666666666667,0.0,True,False
1,12,1,5.0,1.0,乙,exception,15,10,,0,5,0.6666666666666666,,0.0,0.3333333333333333,0,10,0.0,0.6666666666666666,True,False
1,12,1,5.0,1.0,乙,normal,70,53,,0,17,0.7571428571428571,,0.0,0.24285714285714285,0,53,0.0,0.7571428571428571,True,False
1,12,1,5.0,1.0,甲,exception,16,14,,0,2,0.875,,0.0,0.125,14,0,0.875,0.0,True,False
1,12,1,5.0,1.0,甲,normal,60,52,,0,8,0.8666666666666667,,0.0,0.13333333333333333,52,0,0.8666666666666667,0.0,True,False
1,12,1,5.0,2.0,乙,exception,15,10,,0,5,0.6666666666666666,,0.0,0.3333333333333333,0,10,0.0,0.6666666666666666,True,False
1,12,1,5.0,2.0,乙,normal,70,53,,0,17,0.7571428571428571,,0.0,0.24285714285714285,0,53,0.0,0.7571428571428571,True,False
1,12,1,5.0,2.0,甲,exception,16,14,,0,2,0.875,,0.0,0.125,14,0,0.875,0.0,True,False
1,12,1,5.0,2.0,甲,normal,60,52,,0,8,0.8666666666666667,,0.0,0.13333333333333333,52,0,0.8666666666666667,0.0,True,False
1,12,1,5.0,5.0,乙,exception,15,10,,0,5,0.6666666666666666,,0.0,0.3333333333333333,0,10,0.0,0.6666666666666666,True,False
1,12,1,5.0,5.0,乙,normal,70,53,,0,17,0.7571428571428571,,0.0,0.24285714285714285,0,53,0.0,0.7571428571428571,True,False
1,12,1,5.0,5.0,甲,exception,16,14,,0,2,0.875,,0.0,0.125,14,0,0.875,0.0,True,False
1,12,1,5.0,5.0,甲,normal,60,52,,0,8,0.8666666666666667,,0.0,0.13333333333333333,52,0,0.8666666666666667,0.0,True,False
1,12,1,20.0,0.5,乙,exception,15,10,,0,5,0.6666666666666666,,0.0,0.3333333333333333,0,10,0.0,0.6666666666666666,True,False
1,12,1,20.0,0.5,乙,normal,70,54,,0,16,0.7714285714285715,,0.0,0.22857142857142856,0,54,0.0,0.7714285714285715,True,False
1,12,1,20.0,0.5,甲,exception,16,14,,0,2,0.875,,0.0,0.125,14,0,0.875,0.0,True,False
1,12,1,20.0,0.5,甲,normal,60,55,,0,5,0.9166666666666666,,0.0,0.08333333333333333,55,0,0.9166666666666666,0.0,True,False
1,12,1,20.0,1.0,乙,exception,15,10,,0,5,0.6666666666666666,,0.0,0.3333333333333333,0,10,0.0,0.6666666666666666,True,False
1,12,1,20.0,1.0,乙,normal,70,54,,0,16,0.7714285714285715,,0.0,0.22857142857142856,0,54,0.0,0.7714285714285715,True,False
1,12,1,20.0,1.0,甲,exception,16,14,,0,2,0.875,,0.0,0.125,14,0,0.875,0.0,True,False
1,12,1,20.0,1.0,甲,normal,60,55,,0,5,0.9166666666666666,,0.0,0.08333333333333333,55,0,0.9166666666666666,0.0,True,False
1,12,1,20.0,2.0,乙,exception,15,10,,0,5,0.6666666666666666,,0.0,0.3333333333333333,0,10,0.0,0.6666666666666666,True,False
1,12,1,20.0,2.0,乙,normal,70,55,,0,15,0.7857142857142857,,0.0,0.21428571428571427,0,55,0.0,0.7857142857142857,True,False
1,12,1,20.0,2.0,甲,exception,16,14,,0,2,0.875,,0.0,0.125,14,0,0.875,0.0,True,False
1,12,1,20.0,2.0,甲,normal,60,57,,0,3,0.95,,0.0,0.05,57,0,0.95,0.0,True,False
1,12,1,20.0,5.0,乙,exception,15,11,,0,4,0.7333333333333333,,0.0,0.26666666666666666,0,11,0.0,0.7333333333333333,True,False
1,12,1,20.0,5.0,乙,normal,70,56,,0,14,0.8,,0.0,0.2,0,56,0.0,0.8,True,False
1,12,1,20.0,5.0,甲,exception,16,15,,0,1,0.9375,,0.0,0.0625,15,0,0.9375,0.0,True,False
1,12,1,20.0,5.0,甲,normal,60,59,,0,1,0.9833333333333333,,0.0,0.016666666666666666,59,0,0.9833333333333333,0.0,True,False
1,12,2,5.0,0.5,乙,exception,15,10,,0,5,0.6666666666666666,,0.0,0.3333333333333333,0,10,0.0,0.6666666666666666,True,False
1,12,2,5.0,0.5,乙,normal,70,53,,0,17,0.7571428571428571,,0.0,0.24285714285714285,0,53,0.0,0.7571428571428571,True,False
1,12,2,5.0,0.5,甲,exception,16,14,,0,2,0.875,,0.0,0.125,14,0,0.875,0.0,True,False
1,12,2,5.0,0.5,甲,normal,60,52,,0,8,0.8666666666666667,,0.0,0.13333333333333333,52,0,0.8666666666666667,0.0,True,False
1,12,2,5.0,1.0,乙,exception,15,10,,0,5,0.6666666666666666,,0.0,0.3333333333333333,0,10,0.0,0.6666666666666666,True,False
1,12,2,5.0,1.0,乙,normal,70,53,,0,17,0.7571428571428571,,0.0,0.24285714285714285,0,53,0.0,0.7571428571428571,True,False
1,12,2,5.0,1.0,甲,exception,16,14,,0,2,0.875,,0.0,0.125,14,0,0.875,0.0,True,False
1,12,2,5.0,1.0,甲,normal,60,52,,0,8,0.8666666666666667,,0.0,0.13333333333333333,52,0,0.8666666666666667,0.0,True,False
1,12,2,5.0,2.0,乙,exception,15,10,,0,5,0.6666666666666666,,0.0,0.3333333333333333,0,10,0.0,0.6666666666666666,True,False
1,12,2,5.0,2.0,乙,normal,70,53,,0,17,0.7571428571428571,,0.0,0.24285714285714285,0,53,0.0,0.7571428571428571,True,False
1,12,2,5.0,2.0,甲,exception,16,14,,0,2,0.875,,0.0,0.125,14,0,0.875,0.0,True,False
1,12,2,5.0,2.0,甲,normal,60,52,,0,8,0.8666666666666667,,0.0,0.13333333333333333,52,0,0.8666666666666667,0.0,True,False
1,12,2,5.0,5.0,乙,exception,15,10,,0,5,0.6666666666666666,,0.0,0.3333333333333333,0,10,0.0,0.6666666666666666,True,False
1,12,2,5.0,5.0,乙,normal,70,53,,0,17,0.7571428571428571,,0.0,0.24285714285714285,0,53,0.0,0.7571428571428571,True,False
1,12,2,5.0,5.0,甲,exception,16,14,,0,2,0.875,,0.0,0.125,14,0,0.875,0.0,True,False
1,12,2,5.0,5.0,甲,normal,60,52,,0,8,0.8666666666666667,,0.0,0.13333333333333333,52,0,0.8666666666666667,0.0,True,False
1,12,2,20.0,0.5,乙,exception,15,10,,0,5,0.6666666666666666,,0.0,0.3333333333333333,0,10,0.0,0.6666666666666666,True,False
1,12,2,20.0,0.5,乙,normal,70,53,,0,17,0.7571428571428571,,0.0,0.24285714285714285,0,53,0.0,0.7571428571428571,True,False
1,12,2,20.0,0.5,甲,exception,16,14,,0,2,0.875,,0.0,0.125,14,0,0.875,0.0,True,False
1,12,2,20.0,0.5,甲,normal,60,55,,0,5,0.9166666666666666,,0.0,0.08333333333333333,55,0,0.9166666666666666,0.0,True,False
1,12,2,20.0,1.0,乙,exception,15,10,,0,5,0.6666666666666666,,0.0,0.3333333333333333,0,10,0.0,0.6666666666666666,True,False
1,12,2,20.0,1.0,乙,normal,70,54,,0,16,0.7714285714285715,,0.0,0.22857142857142856,0,54,0.0,0.7714285714285715,True,False
1,12,2,20.0,1.0,甲,exception,16,14,,0,2,0.875,,0.0,0.125,14,0,0.875,0.0,True,False
1,12,2,20.0,1.0,甲,normal,60,55,,0,5,0.9166666666666666,,0.0,0.08333333333333333,55,0,0.9166666666666666,0.0,True,False
1,12,2,20.0,2.0,乙,exception,15,10,,0,5,0.6666666666666666,,0.0,0.3333333333333333,0,10,0.0,0.6666666666666666,True,False
1,12,2,20.0,2.0,乙,normal,70,55,,0,15,0.7857142857142857,,0.0,0.21428571428571427,0,55,0.0,0.7857142857142857,True,False
1,12,2,20.0,2.0,甲,exception,16,14,,0,2,0.875,,0.0,0.125,14,0,0.875,0.0,True,False
1,12,2,20.0,2.0,甲,normal,60,55,,0,5,0.9166666666666666,,0.0,0.08333333333333333,55,0,0.9166666666666666,0.0,True,False
1,12,2,20.0,5.0,乙,exception,15,11,,0,4,0.7333333333333333,,0.0,0.26666666666666666,0,11,0.0,0.7333333333333333,True,False
1,12,2,20.0,5.0,乙,normal,70,56,,0,14,0.8,,0.0,0.2,0,56,0.0,0.8,True,False
1,12,2,20.0,5.0,甲,exception,16,15,,0,1,0.9375,,0.0,0.0625,15,0,0.9375,0.0,True,False
1,12,2,20.0,5.0,甲,normal,60,59,,0,1,0.9833333333333333,,0.0,0.016666666666666666,59,0,0.9833333333333333,0.0,True,False
1,13,0,5.0,0.05,乙,exception,22,18,,0,4,0.8181818181818182,,0.0,0.18181818181818182,0,18,0.0,0.8181818181818182,True,False
1,13,0,5.0,0.05,乙,normal,65,49,,0,16,0.7538461538461538,,0.0,0.24615384615384617,0,49,0.0,0.7538461538461538,True,False
1,13,0,5.0,0.05,甲,exception,12,8,,0,4,0.6666666666666666,,0.0,0.3333333333333333,8,0,0.6666666666666666,0.0,True,False
1,13,0,5.0,0.05,甲,normal,66,52,,0,14,0.7878787878787878,,0.0,0.21212121212121213,52,0,0.7878787878787878,0.0,True,False
1,13,1,5.0,0.5,乙,exception,22,18,,0,4,0.8181818181818182,,0.0,0.18181818181818182,0,18,0.0,0.8181818181818182,True,False
1,13,1,5.0,0.5,乙,normal,65,49,,0,16,0.7538461538461538,,0.0,0.24615384615384617,0,49,0.0,0.7538461538461538,True,False
1,13,1,5.0,0.5,甲,exception,12,8,,0,4,0.6666666666666666,,0.0,0.3333333333333333,8,0,0.6666666666666666,0.0,True,False
1,13,1,5.0,0.5,甲,normal,66,52,,0,14,0.7878787878787878,,0.0,0.21212121212121213,52,0,0.7878787878787878,0.0,True,False
1,13,1,5.0,1.0,乙,exception,22,18,,0,4,0.8181818181818182,,0.0,0.18181818181818182,0,18,0.0,0.8181818181818182,True,False
1,13,1,5.0,1.0,乙,normal,65,49,,0,16,0.7538461538461538,,0.0,0.24615384615384617,0,49,0.0,0.7538461538461538,True,False
1,13,1,5.0,1.0,甲,exception,12,8,,0,4,0.6666666666666666,,0.0,0.3333333333333333,8,0,0.6666666666666666,0.0,True,False
1,13,1,5.0,1.0,甲,normal,66,52,,0,14,0.7878787878787878,,0.0,0.21212121212121213,52,0,0.7878787878787878,0.0,True,False
1,13,1,5.0,2.0,乙,exception,22,18,,0,4,0.8181818181818182,,0.0,0.18181818181818182,0,18,0.0,0.8181818181818182,True,False
1,13,1,5.0,2.0,乙,normal,65,49,,0,16,0.7538461538461538,,0.0,0.24615384615384617,0,49,0.0,0.7538461538461538,True,False
1,13,1,5.0,2.0,甲,exception,12,8,,0,4,0.6666666666666666,,0.0,0.3333333333333333,8,0,0.6666666666666666,0.0,True,False
1,13,1,5.0,2.0,甲,normal,66,52,,0,14,0.7878787878787878,,0.0,0.21212121212121213,52,0,0.7878787878787878,0.0,True,False
1,13,1,5.0,5.0,乙,exception,22,18,,0,4,0.8181818181818182,,0.0,0.18181818181818182,0,18,0.0,0.8181818181818182,True,False
1,13,1,5.0,5.0,乙,normal,65,49,,0,16,0.7538461538461538,,0.0,0.24615384615384617,0,49,0.0,0.7538461538461538,True,False
1,13,1,5.0,5.0,甲,exception,12,8,,0,4,0.6666666666666666,,0.0,0.3333333333333333,8,0,0.6666666666666666,0.0,True,False
1,13,1,5.0,5.0,甲,normal,66,52,,0,14,0.7878787878787878,,0.0,0.21212121212121213,52,0,0.7878787878787878,0.0,True,False
1,13,1,20.0,0.5,乙,exception,22,18,,0,4,0.8181818181818182,,0.0,0.18181818181818182,0,18,0.0,0.8181818181818182,True,False
1,13,1,20.0,0.5,乙,normal,65,49,,0,16,0.7538461538461538,,0.0,0.24615384615384617,0,49,0.0,0.7538461538461538,True,False
1,13,1,20.0,0.5,甲,exception,12,8,,0,4,0.6666666666666666,,0.0,0.3333333333333333,8,0,0.6666666666666666,0.0,True,False
1,13,1,20.0,0.5,甲,normal,66,52,,0,14,0.7878787878787878,,0.0,0.21212121212121213,52,0,0.7878787878787878,0.0,True,False
1,13,1,20.0,1.0,乙,exception,22,18,,0,4,0.8181818181818182,,0.0,0.18181818181818182,0,18,0.0,0.8181818181818182,True,False
1,13,1,20.0,1.0,乙,normal,65,49,,0,16,0.7538461538461538,,0.0,0.24615384615384617,0,49,0.0,0.7538461538461538,True,False
1,13,1,20.0,1.0,甲,exception,12,9,,0,3,0.75,,0.0,0.25,9,0,0.75,0.0,True,False
1,13,1,20.0,1.0,甲,normal,66,54,,0,12,0.8181818181818182,,0.0,0.18181818181818182,54,0,0.8181818181818182,0.0,True,False
1,13,1,20.0,2.0,乙,exception,22,19,,0,3,0.8636363636363636,,0.0,0.13636363636363635,0,19,0.0,0.8636363636363636,True,False
1,13,1,20.0,2.0,乙,normal,65,51,,0,14,0.7846153846153846,,0.0,0.2153846153846154,0,51,0.0,0.7846153846153846,True,False
1,13,1,20.0,2.0,甲,exception,12,10,,0,2,0.8333333333333334,,0.0,0.16666666666666666,10,0,0.8333333333333334,0.0,True,False
1,13,1,20.0,2.0,甲,normal,66,57,,0,9,0.8636363636363636,,0.0,0.13636363636363635,57,0,0.8636363636363636,0.0,True,False
1,13,1,20.0,5.0,乙,exception,22,19,,0,3,0.8636363636363636,,0.0,0.13636363636363635,0,19,0.0,0.8636363636363636,True,False
1,13,1,20.0,5.0,乙,normal,65,54,,0,11,0.8307692307692308,,0.0,0.16923076923076924,0,54,0.0,0.8307692307692308,True,False
1,13,1,20.0,5.0,甲,exception,12,10,,0,2,0.8333333333333334,,0.0,0.16666666666666666,10,0,0.8333333333333334,0.0,True,False
1,13,1,20.0,5.0,甲,normal,66,57,,0,9,0.8636363636363636,,0.0,0.13636363636363635,57,0,0.8636363636363636,0.0,True,False
1,13,2,5.0,0.5,乙,exception,22,18,,0,4,0.8181818181818182,,0.0,0.18181818181818182,0,18,0.0,0.8181818181818182,True,False
1,13,2,5.0,0.5,乙,normal,65,49,,0,16,0.7538461538461538,,0.0,0.24615384615384617,0,49,0.0,0.7538461538461538,True,False
1,13,2,5.0,0.5,甲,exception,12,8,,0,4,0.6666666666666666,,0.0,0.3333333333333333,8,0,0.6666666666666666,0.0,True,False
1,13,2,5.0,0.5,甲,normal,66,52,,0,14,0.7878787878787878,,0.0,0.21212121212121213,52,0,0.7878787878787878,0.0,True,False
1,13,2,5.0,1.0,乙,exception,22,18,,0,4,0.8181818181818182,,0.0,0.18181818181818182,0,18,0.0,0.8181818181818182,True,False
1,13,2,5.0,1.0,乙,normal,65,49,,0,16,0.7538461538461538,,0.0,0.24615384615384617,0,49,0.0,0.7538461538461538,True,False
1,13,2,5.0,1.0,甲,exception,12,8,,0,4,0.6666666666666666,,0.0,0.3333333333333333,8,0,0.6666666666666666,0.0,True,False
1,13,2,5.0,1.0,甲,normal,66,52,,0,14,0.7878787878787878,,0.0,0.21212121212121213,52,0,0.7878787878787878,0.0,True,False
1,13,2,5.0,2.0,乙,exception,22,18,,0,4,0.8181818181818182,,0.0,0.18181818181818182,0,18,0.0,0.8181818181818182,True,False
1,13,2,5.0,2.0,乙,normal,65,49,,0,16,0.7538461538461538,,0.0,0.24615384615384617,0,49,0.0,0.7538461538461538,True,False
1,13,2,5.0,2.0,甲,exception,12,8,,0,4,0.6666666666666666,,0.0,0.3333333333333333,8,0,0.6666666666666666,0.0,True,False
1,13,2,5.0,2.0,甲,normal,66,52,,0,14,0.7878787878787878,,0.0,0.21212121212121213,52,0,0.7878787878787878,0.0,True,False
1,13,2,5.0,5.0,乙,exception,22,18,,0,4,0.8181818181818182,,0.0,0.18181818181818182,0,18,0.0,0.8181818181818182,True,False
1,13,2,5.0,5.0,乙,normal,65,49,,0,16,0.7538461538461538,,0.0,0.24615384615384617,0,49,0.0,0.7538461538461538,True,False
1,13,2,5.0,5.0,甲,exception,12,8,,0,4,0.6666666666666666,,0.0,0.3333333333333333,8,0,0.6666666666666666,0.0,True,False
1,13,2,5.0,5.0,甲,normal,66,52,,0,14,0.7878787878787878,,0.0,0.21212121212121213,52,0,0.7878787878787878,0.0,True,False
1,13,2,20.0,0.5,乙,exception,22,18,,0,4,0.8181818181818182,,0.0,0.18181818181818182,0,18,0.0,0.8181818181818182,True,False
1,13,2,20.0,0.5,乙,normal,65,49,,0,16,0.7538461538461538,,0.0,0.24615384615384617,0,49,0.0,0.7538461538461538,True,False
1,13,2,20.0,0.5,甲,exception,12,8,,0,4,0.6666666666666666,,0.0,0.3333333333333333,8,0,0.6666666666666666,0.0,True,False
1,13,2,20.0,0.5,甲,normal,66,52,,0,14,0.7878787878787878,,0.0,0.21212121212121213,52,0,0.7878787878787878,0.0,True,False
1,13,2,20.0,1.0,乙,exception,22,18,,0,4,0.8181818181818182,,0.0,0.18181818181818182,0,18,0.0,0.8181818181818182,True,False
1,13,2,20.0,1.0,乙,normal,65,49,,0,16,0.7538461538461538,,0.0,0.24615384615384617,0,49,0.0,0.7538461538461538,True,False
1,13,2,20.0,1.0,甲,exception,12,8,,0,4,0.6666666666666666,,0.0,0.3333333333333333,8,0,0.6666666666666666,0.0,True,False
1,13,2,20.0,1.0,甲,normal,66,53,,0,13,0.803030303030303,,0.0,0.19696969696969696,53,0,0.803030303030303,0.0,True,False
1,13,2,20.0,2.0,乙,exception,22,18,,0,4,0.8181818181818182,,0.0,0.18181818181818182,0,18,0.0,0.8181818181818182,True,False
1,13,2,20.0,2.0,乙,normal,65,51,,0,14,0.7846153846153846,,0.0,0.2153846153846154,0,51,0.0,0.7846153846153846,True,False
1,13,2,20.0,2.0,甲,exception,12,9,,0,3,0.75,,0.0,0.25,9,0,0.75,0.0,True,False
1,13,2,20.0,2.0,甲,normal,66,54,,0,12,0.8181818181818182,,0.0,0.18181818181818182,54,0,0.8181818181818182,0.0,True,False
1,13,2,20.0,5.0,乙,exception,22,19,,0,3,0.8636363636363636,,0.0,0.13636363636363635,0,19,0.0,0.8636363636363636,True,False
1,13,2,20.0,5.0,乙,normal,65,51,,0,14,0.7846153846153846,,0.0,0.2153846153846154,0,51,0.0,0.7846153846153846,True,False
1,13,2,20.0,5.0,甲,exception,12,10,,0,2,0.8333333333333334,,0.0,0.16666666666666666,10,0,0.8333333333333334,0.0,True,False
1,13,2,20.0,5.0,甲,normal,66,57,,0,9,0.8636363636363636,,0.0,0.13636363636363635,57,0,0.8636363636363636,0.0,True,False
1,14,0,5.0,0.05,乙,exception,17,17,,0,0,1.0,,0.0,0.0,0,17,0.0,1.0,True,False
1,14,0,5.0,0.05,乙,normal,70,69,,0,1,0.9857142857142858,,0.0,0.014285714285714285,0,69,0.0,0.9857142857142858,True,False
1,14,0,5.0,0.05,甲,exception,15,14,,0,1,0.9333333333333333,,0.0,0.06666666666666667,14,0,0.9333333333333333,0.0,True,False
1,14,0,5.0,0.05,甲,normal,59,59,,0,0,1.0,,0.0,0.0,59,0,1.0,0.0,True,False
1,14,1,5.0,0.5,乙,exception,17,17,,0,0,1.0,,0.0,0.0,0,17,0.0,1.0,True,False
1,14,1,5.0,0.5,乙,normal,70,69,,0,1,0.9857142857142858,,0.0,0.014285714285714285,0,69,0.0,0.9857142857142858,True,False
1,14,1,5.0,0.5,甲,exception,15,14,,0,1,0.9333333333333333,,0.0,0.06666666666666667,14,0,0.9333333333333333,0.0,True,False
1,14,1,5.0,0.5,甲,normal,59,59,,0,0,1.0,,0.0,0.0,59,0,1.0,0.0,True,False
1,14,1,5.0,1.0,乙,exception,17,17,,0,0,1.0,,0.0,0.0,0,17,0.0,1.0,True,False
1,14,1,5.0,1.0,乙,normal,70,69,,0,1,0.9857142857142858,,0.0,0.014285714285714285,0,69,0.0,0.9857142857142858,True,False
1,14,1,5.0,1.0,甲,exception,15,14,,0,1,0.9333333333333333,,0.0,0.06666666666666667,14,0,0.9333333333333333,0.0,True,False
1,14,1,5.0,1.0,甲,normal,59,59,,0,0,1.0,,0.0,0.0,59,0,1.0,0.0,True,False
1,14,1,5.0,2.0,乙,exception,17,17,,0,0,1.0,,0.0,0.0,0,17,0.0,1.0,True,False
1,14,1,5.0,2.0,乙,normal,70,69,,0,1,0.9857142857142858,,0.0,0.014285714285714285,0,69,0.0,0.9857142857142858,True,False
1,14,1,5.0,2.0,甲,exception,15,14,,0,1,0.9333333333333333,,0.0,0.06666666666666667,14,0,0.9333333333333333,0.0,True,False
1,14,1,5.0,2.0,甲,normal,59,59,,0,0,1.0,,0.0,0.0,59,0,1.0,0.0,True,False
1,14,1,5.0,5.0,乙,exception,17,17,,0,0,1.0,,0.0,0.0,0,17,0.0,1.0,True,False
1,14,1,5.0,5.0,乙,normal,70,69,,0,1,0.9857142857142858,,0.0,0.014285714285714285,0,69,0.0,0.9857142857142858,True,False
1,14,1,5.0,5.0,甲,exception,15,14,,0,1,0.9333333333333333,,0.0,0.06666666666666667,14,0,0.9333333333333333,0.0,True,False
1,14,1,5.0,5.0,甲,normal,59,59,,0,0,1.0,,0.0,0.0,59,0,1.0,0.0,True,False
1,14,1,20.0,0.5,乙,exception,17,17,,0,0,1.0,,0.0,0.0,0,17,0.0,1.0,True,False
1,14,1,20.0,0.5,乙,normal,70,69,,0,1,0.9857142857142858,,0.0,0.014285714285714285,0,69,0.0,0.9857142857142858,True,False
1,14,1,20.0,0.5,甲,exception,15,14,,0,1,0.9333333333333333,,0.0,0.06666666666666667,14,0,0.9333333333333333,0.0,True,False
1,14,1,20.0,0.5,甲,normal,59,59,,0,0,1.0,,0.0,0.0,59,0,1.0,0.0,True,False
1,14,1,20.0,1.0,乙,exception,17,17,,0,0,1.0,,0.0,0.0,0,17,0.0,1.0,True,False
1,14,1,20.0,1.0,乙,normal,70,69,,0,1,0.9857142857142858,,0.0,0.014285714285714285,0,69,0.0,0.9857142857142858,True,False
1,14,1,20.0,1.0,甲,exception,15,14,,0,1,0.9333333333333333,,0.0,0.06666666666666667,14,0,0.9333333333333333,0.0,True,False
1,14,1,20.0,1.0,甲,normal,59,59,,0,0,1.0,,0.0,0.0,59,0,1.0,0.0,True,False
1,14,1,20.0,2.0,乙,exception,17,17,,0,0,1.0,,0.0,0.0,0,17,0.0,1.0,True,False
1,14,1,20.0,2.0,乙,normal,70,69,,0,1,0.9857142857142858,,0.0,0.014285714285714285,0,69,0.0,0.9857142857142858,True,False
1,14,1,20.0,2.0,甲,exception,15,14,,0,1,0.9333333333333333,,0.0,0.06666666666666667,14,0,0.9333333333333333,0.0,True,False
1,14,1,20.0,2.0,甲,normal,59,59,,0,0,1.0,,0.0,0.0,59,0,1.0,0.0,True,False
1,14,1,20.0,5.0,乙,exception,17,17,,0,0,1.0,,0.0,0.0,0,17,0.0,1.0,True,False
1,14,1,20.0,5.0,乙,normal,70,69,,0,1,0.9857142857142858,,0.0,0.014285714285714285,0,69,0.0,0.9857142857142858,True,False
1,14,1,20.0,5.0,甲,exception,15,14,,0,1,0.9333333333333333,,0.0,0.06666666666666667,14,0,0.9333333333333333,0.0,True,False
1,14,1,20.0,5.0,甲,normal,59,59,,0,0,1.0,,0.0,0.0,59,0,1.0,0.0,True,False
1,14,2,5.0,0.5,乙,exception,17,17,,0,0,1.0,,0.0,0.0,0,17,0.0,1.0,True,False
1,14,2,5.0,0.5,乙,normal,70,69,,0,1,0.9857142857142858,,0.0,0.014285714285714285,0,69,0.0,0.9857142857142858,True,False
1,14,2,5.0,0.5,甲,exception,15,14,,0,1,0.9333333333333333,,0.0,0.06666666666666667,14,0,0.9333333333333333,0.0,True,False
1,14,2,5.0,0.5,甲,normal,59,59,,0,0,1.0,,0.0,0.0,59,0,1.0,0.0,True,False
1,14,2,5.0,1.0,乙,exception,17,17,,0,0,1.0,,0.0,0.0,0,17,0.0,1.0,True,False
1,14,2,5.0,1.0,乙,normal,70,69,,0,1,0.9857142857142858,,0.0,0.014285714285714285,0,69,0.0,0.9857142857142858,True,False
1,14,2,5.0,1.0,甲,exception,15,14,,0,1,0.9333333333333333,,0.0,0.06666666666666667,14,0,0.9333333333333333,0.0,True,False
1,14,2,5.0,1.0,甲,normal,59,59,,0,0,1.0,,0.0,0.0,59,0,1.0,0.0,True,False
1,14,2,5.0,2.0,乙,exception,17,17,,0,0,1.0,,0.0,0.0,0,17,0.0,1.0,True,False
1,14,2,5.0,2.0,乙,normal,70,69,,0,1,0.9857142857142858,,0.0,0.014285714285714285,0,69,0.0,0.9857142857142858,True,False
1,14,2,5.0,2.0,甲,exception,15,14,,0,1,0.9333333333333333,,0.0,0.06666666666666667,14,0,0.9333333333333333,0.0,True,False
1,14,2,5.0,2.0,甲,normal,59,59,,0,0,1.0,,0.0,0.0,59,0,1.0,0.0,True,False
1,14,2,5.0,5.0,乙,exception,17,17,,0,0,1.0,,0.0,0.0,0,17,0.0,1.0,True,False
1,14,2,5.0,5.0,乙,normal,70,69,,0,1,0.9857142857142858,,0.0,0.014285714285714285,0,69,0.0,0.9857142857142858,True,False
1,14,2,5.0,5.0,甲,exception,15,14,,0,1,0.9333333333333333,,0.0,0.06666666666666667,14,0,0.9333333333333333,0.0,True,False
1,14,2,5.0,5.0,甲,normal,59,59,,0,0,1.0,,0.0,0.0,59,0,1.0,0.0,True,False
1,14,2,20.0,0.5,乙,exception,17,17,,0,0,1.0,,0.0,0.0,0,17,0.0,1.0,True,False
1,14,2,20.0,0.5,乙,normal,70,69,,0,1,0.9857142857142858,,0.0,0.014285714285714285,0,69,0.0,0.9857142857142858,True,False
1,14,2,20.0,0.5,甲,exception,15,14,,0,1,0.9333333333333333,,0.0,0.06666666666666667,14,0,0.9333333333333333,0.0,True,False
1,14,2,20.0,0.5,甲,normal,59,59,,0,0,1.0,,0.0,0.0,59,0,1.0,0.0,True,False
1,14,2,20.0,1.0,乙,exception,17,17,,0,0,1.0,,0.0,0.0,0,17,0.0,1.0,True,False
1,14,2,20.0,1.0,乙,normal,70,69,,0,1,0.9857142857142858,,0.0,0.014285714285714285,0,69,0.0,0.9857142857142858,True,False
1,14,2,20.0,1.0,甲,exception,15,14,,0,1,0.9333333333333333,,0.0,0.06666666666666667,14,0,0.9333333333333333,0.0,True,False
1,14,2,20.0,1.0,甲,normal,59,59,,0,0,1.0,,0.0,0.0,59,0,1.0,0.0,True,False
1,14,2,20.0,2.0,乙,exception,17,17,,0,0,1.0,,0.0,0.0,0,17,0.0,1.0,True,False
1,14,2,20.0,2.0,乙,normal,70,69,,0,1,0.9857142857142858,,0.0,0.014285714285714285,0,69,0.0,0.9857142857142858,True,False
1,14,2,20.0,2.0,甲,exception,15,14,,0,1,0.9333333333333333,,0.0,0.06666666666666667,14,0,0.9333333333333333,0.0,True,False
1,14,2,20.0,2.0,甲,normal,59,59,,0,0,1.0,,0.0,0.0,59,0,1.0,0.0,True,False
1,14,2,20.0,5.0,乙,exception,17,17,,0,0,1.0,,0.0,0.0,0,17,0.0,1.0,True,False
1,14,2,20.0,5.0,乙,normal,70,69,,0,1,0.9857142857142858,,0.0,0.014285714285714285,0,69,0.0,0.9857142857142858,True,False
1,14,2,20.0,5.0,甲,exception,15,14,,0,1,0.9333333333333333,,0.0,0.06666666666666667,14,0,0.9333333333333333,0.0,True,False
1,14,2,20.0,5.0,甲,normal,59,59,,0,0,1.0,,0.0,0.0,59,0,1.0,0.0,True,False
1,15,0,5.0,0.05,乙,exception,10,7,,0,3,0.7,,0.0,0.3,0,7,0.0,0.7,True,False
1,15,0,5.0,0.05,乙,normal,69,62,,0,7,0.8985507246376812,,0.0,0.10144927536231885,0,62,0.0,0.8985507246376812,True,False
1,15,0,5.0,0.05,甲,exception,15,12,,0,3,0.8,,0.0,0.2,12,0,0.8,0.0,True,False
1,15,0,5.0,0.05,甲,normal,55,52,,0,3,0.9454545454545454,,0.0,0.05454545454545454,52,0,0.9454545454545454,0.0,True,False
1,15,1,5.0,0.5,乙,exception,10,7,,0,3,0.7,,0.0,0.3,0,7,0.0,0.7,True,False
1,15,1,5.0,0.5,乙,normal,69,62,,0,7,0.8985507246376812,,0.0,0.10144927536231885,0,62,0.0,0.8985507246376812,True,False
1,15,1,5.0,0.5,甲,exception,15,12,,0,3,0.8,,0.0,0.2,12,0,0.8,0.0,True,False
1,15,1,5.0,0.5,甲,normal,55,52,,0,3,0.9454545454545454,,0.0,0.05454545454545454,52,0,0.9454545454545454,0.0,True,False
1,15,1,5.0,1.0,乙,exception,10,7,,0,3,0.7,,0.0,0.3,0,7,0.0,0.7,True,False
1,15,1,5.0,1.0,乙,normal,69,62,,0,7,0.8985507246376812,,0.0,0.10144927536231885,0,62,0.0,0.8985507246376812,True,False
1,15,1,5.0,1.0,甲,exception,15,12,,0,3,0.8,,0.0,0.2,12,0,0.8,0.0,True,False
1,15,1,5.0,1.0,甲,normal,55,52,,0,3,0.9454545454545454,,0.0,0.05454545454545454,52,0,0.9454545454545454,0.0,True,False
1,15,1,5.0,2.0,乙,exception,10,7,,0,3,0.7,,0.0,0.3,0,7,0.0,0.7,True,False
1,15,1,5.0,2.0,乙,normal,69,62,,0,7,0.8985507246376812,,0.0,0.10144927536231885,0,62,0.0,0.8985507246376812,True,False
1,15,1,5.0,2.0,甲,exception,15,12,,0,3,0.8,,0.0,0.2,12,0,0.8,0.0,True,False
1,15,1,5.0,2.0,甲,normal,55,52,,0,3,0.9454545454545454,,0.0,0.05454545454545454,52,0,0.9454545454545454,0.0,True,False
1,15,1,5.0,5.0,乙,exception,10,7,,0,3,0.7,,0.0,0.3,0,7,0.0,0.7,True,False
1,15,1,5.0,5.0,乙,normal,69,62,,0,7,0.8985507246376812,,0.0,0.10144927536231885,0,62,0.0,0.8985507246376812,True,False
1,15,1,5.0,5.0,甲,exception,15,12,,0,3,0.8,,0.0,0.2,12,0,0.8,0.0,True,False
1,15,1,5.0,5.0,甲,normal,55,52,,0,3,0.9454545454545454,,0.0,0.05454545454545454,52,0,0.9454545454545454,0.0,True,False
1,15,1,20.0,0.5,乙,exception,10,7,,0,3,0.7,,0.0,0.3,0,7,0.0,0.7,True,False
1,15,1,20.0,0.5,乙,normal,69,62,,0,7,0.8985507246376812,,0.0,0.10144927536231885,0,62,0.0,0.8985507246376812,True,False
1,15,1,20.0,0.5,甲,exception,15,12,,0,3,0.8,,0.0,0.2,12,0,0.8,0.0,True,False
1,15,1,20.0,0.5,甲,normal,55,52,,0,3,0.9454545454545454,,0.0,0.05454545454545454,52,0,0.9454545454545454,0.0,True,False
1,15,1,20.0,1.0,乙,exception,10,7,,0,3,0.7,,0.0,0.3,0,7,0.0,0.7,True,False
1,15,1,20.0,1.0,乙,normal,69,63,,0,6,0.9130434782608695,,0.0,0.08695652173913043,0,63,0.0,0.9130434782608695,True,False
1,15,1,20.0,1.0,甲,exception,15,12,,0,3,0.8,,0.0,0.2,12,0,0.8,0.0,True,False
1,15,1,20.0,1.0,甲,normal,55,52,,0,3,0.9454545454545454,,0.0,0.05454545454545454,52,0,0.9454545454545454,0.0,True,False
1,15,1,20.0,2.0,乙,exception,10,8,,0,2,0.8,,0.0,0.2,0,8,0.0,0.8,True,False
1,15,1,20.0,2.0,乙,normal,69,63,,0,6,0.9130434782608695,,0.0,0.08695652173913043,0,63,0.0,0.9130434782608695,True,False
1,15,1,20.0,2.0,甲,exception,15,12,,0,3,0.8,,0.0,0.2,12,0,0.8,0.0,True,False
1,15,1,20.0,2.0,甲,normal,55,52,,0,3,0.9454545454545454,,0.0,0.05454545454545454,52,0,0.9454545454545454,0.0,True,False
1,15,1,20.0,5.0,乙,exception,10,8,,0,2,0.8,,0.0,0.2,0,8,0.0,0.8,True,False
1,15,1,20.0,5.0,乙,normal,69,64,,0,5,0.927536231884058,,0.0,0.07246376811594203,0,64,0.0,0.927536231884058,True,False
1,15,1,20.0,5.0,甲,exception,15,13,,0,2,0.8666666666666667,,0.0,0.13333333333333333,13,0,0.8666666666666667,0.0,True,False
1,15,1,20.0,5.0,甲,normal,55,54,,0,1,0.9818181818181818,,0.0,0.01818181818181818,54,0,0.9818181818181818,0.0,True,False
1,15,2,5.0,0.5,乙,exception,10,7,,0,3,0.7,,0.0,0.3,0,7,0.0,0.7,True,False
1,15,2,5.0,0.5,乙,normal,69,62,,0,7,0.8985507246376812,,0.0,0.10144927536231885,0,62,0.0,0.8985507246376812,True,False
1,15,2,5.0,0.5,甲,exception,15,12,,0,3,0.8,,0.0,0.2,12,0,0.8,0.0,True,False
1,15,2,5.0,0.5,甲,normal,55,52,,0,3,0.9454545454545454,,0.0,0.05454545454545454,52,0,0.9454545454545454,0.0,True,False
1,15,2,5.0,1.0,乙,exception,10,7,,0,3,0.7,,0.0,0.3,0,7,0.0,0.7,True,False
1,15,2,5.0,1.0,乙,normal,69,62,,0,7,0.8985507246376812,,0.0,0.10144927536231885,0,62,0.0,0.8985507246376812,True,False
1,15,2,5.0,1.0,甲,exception,15,12,,0,3,0.8,,0.0,0.2,12,0,0.8,0.0,True,False
1,15,2,5.0,1.0,甲,normal,55,52,,0,3,0.9454545454545454,,0.0,0.05454545454545454,52,0,0.9454545454545454,0.0,True,False
1,15,2,5.0,2.0,乙,exception,10,7,,0,3,0.7,,0.0,0.3,0,7,0.0,0.7,True,False
1,15,2,5.0,2.0,乙,normal,69,62,,0,7,0.8985507246376812,,0.0,0.10144927536231885,0,62,0.0,0.8985507246376812,True,False
1,15,2,5.0,2.0,甲,exception,15,12,,0,3,0.8,,0.0,0.2,12,0,0.8,0.0,True,False
1,15,2,5.0,2.0,甲,normal,55,52,,0,3,0.9454545454545454,,0.0,0.05454545454545454,52,0,0.9454545454545454,0.0,True,False
1,15,2,5.0,5.0,乙,exception,10,7,,0,3,0.7,,0.0,0.3,0,7,0.0,0.7,True,False
1,15,2,5.0,5.0,乙,normal,69,62,,0,7,0.8985507246376812,,0.0,0.10144927536231885,0,62,0.0,0.8985507246376812,True,False
1,15,2,5.0,5.0,甲,exception,15,12,,0,3,0.8,,0.0,0.2,12,0,0.8,0.0,True,False
1,15,2,5.0,5.0,甲,normal,55,52,,0,3,0.9454545454545454,,0.0,0.05454545454545454,52,0,0.9454545454545454,0.0,True,False
1,15,2,20.0,0.5,乙,exception,10,7,,0,3,0.7,,0.0,0.3,0,7,0.0,0.7,True,False
1,15,2,20.0,0.5,乙,normal,69,62,,0,7,0.8985507246376812,,0.0,0.10144927536231885,0,62,0.0,0.8985507246376812,True,False
1,15,2,20.0,0.5,甲,exception,15,12,,0,3,0.8,,0.0,0.2,12,0,0.8,0.0,True,False
1,15,2,20.0,0.5,甲,normal,55,52,,0,3,0.9454545454545454,,0.0,0.05454545454545454,52,0,0.9454545454545454,0.0,True,False
1,15,2,20.0,1.0,乙,exception,10,7,,0,3,0.7,,0.0,0.3,0,7,0.0,0.7,True,False
1,15,2,20.0,1.0,乙,normal,69,63,,0,6,0.9130434782608695,,0.0,0.08695652173913043,0,63,0.0,0.9130434782608695,True,False
1,15,2,20.0,1.0,甲,exception,15,12,,0,3,0.8,,0.0,0.2,12,0,0.8,0.0,True,False
1,15,2,20.0,1.0,甲,normal,55,52,,0,3,0.9454545454545454,,0.0,0.05454545454545454,52,0,0.9454545454545454,0.0,True,False
1,15,2,20.0,2.0,乙,exception,10,8,,0,2,0.8,,0.0,0.2,0,8,0.0,0.8,True,False
1,15,2,20.0,2.0,乙,normal,69,63,,0,6,0.9130434782608695,,0.0,0.08695652173913043,0,63,0.0,0.9130434782608695,True,False
1,15,2,20.0,2.0,甲,exception,15,12,,0,3,0.8,,0.0,0.2,12,0,0.8,0.0,True,False
1,15,2,20.0,2.0,甲,normal,55,52,,0,3,0.9454545454545454,,0.0,0.05454545454545454,52,0,0.9454545454545454,0.0,True,False
1,15,2,20.0,5.0,乙,exception,10,8,,0,2,0.8,,0.0,0.2,0,8,0.0,0.8,True,False
1,15,2,20.0,5.0,乙,normal,69,63,,0,6,0.9130434782608695,,0.0,0.08695652173913043,0,63,0.0,0.9130434782608695,True,False
1,15,2,20.0,5.0,甲,exception,15,12,,0,3,0.8,,0.0,0.2,12,0,0.8,0.0,True,False
1,15,2,20.0,5.0,甲,normal,55,54,,0,1,0.9818181818181818,,0.0,0.01818181818181818,54,0,0.9818181818181818,0.0,True,False
1,16,0,5.0,0.05,乙,exception,26,23,,0,3,0.8846153846153846,,0.0,0.11538461538461539,0,23,0.0,0.8846153846153846,True,False
1,16,0,5.0,0.05,乙,normal,64,62,,0,2,0.96875,,0.0,0.03125,0,62,0.0,0.96875,True,False
1,16,0,5.0,0.05,甲,exception,11,11,,0,0,1.0,,0.0,0.0,11,0,1.0,0.0,True,False
1,16,0,5.0,0.05,甲,normal,71,71,,0,0,1.0,,0.0,0.0,71,0,1.0,0.0,True,False
1,16,1,5.0,0.5,乙,exception,26,23,,0,3,0.8846153846153846,,0.0,0.11538461538461539,0,23,0.0,0.8846153846153846,True,False
1,16,1,5.0,0.5,乙,normal,64,62,,0,2,0.96875,,0.0,0.03125,0,62,0.0,0.96875,True,False
1,16,1,5.0,0.5,甲,exception,11,11,,0,0,1.0,,0.0,0.0,11,0,1.0,0.0,True,False
1,16,1,5.0,0.5,甲,normal,71,71,,0,0,1.0,,0.0,0.0,71,0,1.0,0.0,True,False
1,16,1,5.0,1.0,乙,exception,26,23,,0,3,0.8846153846153846,,0.0,0.11538461538461539,0,23,0.0,0.8846153846153846,True,False
1,16,1,5.0,1.0,乙,normal,64,62,,0,2,0.96875,,0.0,0.03125,0,62,0.0,0.96875,True,False
1,16,1,5.0,1.0,甲,exception,11,11,,0,0,1.0,,0.0,0.0,11,0,1.0,0.0,True,False
1,16,1,5.0,1.0,甲,normal,71,71,,0,0,1.0,,0.0,0.0,71,0,1.0,0.0,True,False
1,16,1,5.0,2.0,乙,exception,26,23,,0,3,0.8846153846153846,,0.0,0.11538461538461539,0,23,0.0,0.8846153846153846,True,False
1,16,1,5.0,2.0,乙,normal,64,62,,0,2,0.96875,,0.0,0.03125,0,62,0.0,0.96875,True,False
1,16,1,5.0,2.0,甲,exception,11,11,,0,0,1.0,,0.0,0.0,11,0,1.0,0.0,True,False
1,16,1,5.0,2.0,甲,normal,71,71,,0,0,1.0,,0.0,0.0,71,0,1.0,0.0,True,False
1,16,1,5.0,5.0,乙,exception,26,23,,0,3,0.8846153846153846,,0.0,0.11538461538461539,0,23,0.0,0.8846153846153846,True,False
1,16,1,5.0,5.0,乙,normal,64,62,,0,2,0.96875,,0.0,0.03125,0,62,0.0,0.96875,True,False
1,16,1,5.0,5.0,甲,exception,11,11,,0,0,1.0,,0.0,0.0,11,0,1.0,0.0,True,False
1,16,1,5.0,5.0,甲,normal,71,71,,0,0,1.0,,0.0,0.0,71,0,1.0,0.0,True,False
1,16,1,20.0,0.5,乙,exception,26,23,,0,3,0.8846153846153846,,0.0,0.11538461538461539,0,23,0.0,0.8846153846153846,True,False
1,16,1,20.0,0.5,乙,normal,64,62,,0,2,0.96875,,0.0,0.03125,0,62,0.0,0.96875,True,False
1,16,1,20.0,0.5,甲,exception,11,11,,0,0,1.0,,0.0,0.0,11,0,1.0,0.0,True,False
1,16,1,20.0,0.5,甲,normal,71,71,,0,0,1.0,,0.0,0.0,71,0,1.0,0.0,True,False
1,16,1,20.0,1.0,乙,exception,26,23,,0,3,0.8846153846153846,,0.0,0.11538461538461539,0,23,0.0,0.8846153846153846,True,False
1,16,1,20.0,1.0,乙,normal,64,62,,0,2,0.96875,,0.0,0.03125,0,62,0.0,0.96875,True,False
1,16,1,20.0,1.0,甲,exception,11,11,,0,0,1.0,,0.0,0.0,11,0,1.0,0.0,True,False
1,16,1,20.0,1.0,甲,normal,71,71,,0,0,1.0,,0.0,0.0,71,0,1.0,0.0,True,False
1,16,1,20.0,2.0,乙,exception,26,23,,0,3,0.8846153846153846,,0.0,0.11538461538461539,0,23,0.0,0.8846153846153846,True,False
1,16,1,20.0,2.0,乙,normal,64,62,,0,2,0.96875,,0.0,0.03125,0,62,0.0,0.96875,True,False
1,16,1,20.0,2.0,甲,exception,11,11,,0,0,1.0,,0.0,0.0,11,0,1.0,0.0,True,False
1,16,1,20.0,2.0,甲,normal,71,71,,0,0,1.0,,0.0,0.0,71,0,1.0,0.0,True,False
1,16,1,20.0,5.0,乙,exception,26,24,,0,2,0.9230769230769231,,0.0,0.07692307692307693,0,24,0.0,0.9230769230769231,True,False
1,16,1,20.0,5.0,乙,normal,64,62,,0,2,0.96875,,0.0,0.03125,0,62,0.0,0.96875,True,False
1,16,1,20.0,5.0,甲,exception,11,11,,0,0,1.0,,0.0,0.0,11,0,1.0,0.0,True,False
1,16,1,20.0,5.0,甲,normal,71,71,,0,0,1.0,,0.0,0.0,71,0,1.0,0.0,True,False
1,16,2,5.0,0.5,乙,exception,26,23,,0,3,0.8846153846153846,,0.0,0.11538461538461539,0,23,0.0,0.8846153846153846,True,False
1,16,2,5.0,0.5,乙,normal,64,62,,0,2,0.96875,,0.0,0.03125,0,62,0.0,0.96875,True,False
1,16,2,5.0,0.5,甲,exception,11,11,,0,0,1.0,,0.0,0.0,11,0,1.0,0.0,True,False
1,16,2,5.0,0.5,甲,normal,71,71,,0,0,1.0,,0.0,0.0,71,0,1.0,0.0,True,False
1,16,2,5.0,1.0,乙,exception,26,23,,0,3,0.8846153846153846,,0.0,0.11538461538461539,0,23,0.0,0.8846153846153846,True,False
1,16,2,5.0,1.0,乙,normal,64,62,,0,2,0.96875,,0.0,0.03125,0,62,0.0,0.96875,True,False
1,16,2,5.0,1.0,甲,exception,11,11,,0,0,1.0,,0.0,0.0,11,0,1.0,0.0,True,False
1,16,2,5.0,1.0,甲,normal,71,71,,0,0,1.0,,0.0,0.0,71,0,1.0,0.0,True,False
1,16,2,5.0,2.0,乙,exception,26,23,,0,3,0.8846153846153846,,0.0,0.11538461538461539,0,23,0.0,0.8846153846153846,True,False
1,16,2,5.0,2.0,乙,normal,64,61,,0,3,0.953125,,0.0,0.046875,0,61,0.0,0.953125,True,False
1,16,2,5.0,2.0,甲,exception,11,11,,0,0,1.0,,0.0,0.0,11,0,1.0,0.0,True,False
1,16,2,5.0,2.0,甲,normal,71,71,,0,0,1.0,,0.0,0.0,71,0,1.0,0.0,True,False
1,16,2,5.0,5.0,乙,exception,26,23,,0,3,0.8846153846153846,,0.0,0.11538461538461539,0,23,0.0,0.8846153846153846,True,False
1,16,2,5.0,5.0,乙,normal,64,62,,0,2,0.96875,,0.0,0.03125,0,62,0.0,0.96875,True,False
1,16,2,5.0,5.0,甲,exception,11,11,,0,0,1.0,,0.0,0.0,11,0,1.0,0.0,True,False
1,16,2,5.0,5.0,甲,normal,71,71,,0,0,1.0,,0.0,0.0,71,0,1.0,0.0,True,False
1,16,2,20.0,0.5,乙,exception,26,23,,0,3,0.8846153846153846,,0.0,0.11538461538461539,0,23,0.0,0.8846153846153846,True,False
1,16,2,20.0,0.5,乙,normal,64,62,,0,2,0.96875,,0.0,0.03125,0,62,0.0,0.96875,True,False
1,16,2,20.0,0.5,甲,exception,11,11,,0,0,1.0,,0.0,0.0,11,0,1.0,0.0,True,False
1,16,2,20.0,0.5,甲,normal,71,71,,0,0,1.0,,0.0,0.0,71,0,1.0,0.0,True,False
1,16,2,20.0,1.0,乙,exception,26,23,,0,3,0.8846153846153846,,0.0,0.11538461538461539,0,23,0.0,0.8846153846153846,True,False
1,16,2,20.0,1.0,乙,normal,64,62,,0,2,0.96875,,0.0,0.03125,0,62,0.0,0.96875,True,False
1,16,2,20.0,1.0,甲,exception,11,11,,0,0,1.0,,0.0,0.0,11,0,1.0,0.0,True,False
1,16,2,20.0,1.0,甲,normal,71,71,,0,0,1.0,,0.0,0.0,71,0,1.0,0.0,True,False
1,16,2,20.0,2.0,乙,exception,26,23,,0,3,0.8846153846153846,,0.0,0.11538461538461539,0,23,0.0,0.8846153846153846,True,False
1,16,2,20.0,2.0,乙,normal,64,62,,0,2,0.96875,,0.0,0.03125,0,62,0.0,0.96875,True,False
1,16,2,20.0,2.0,甲,exception,11,11,,0,0,1.0,,0.0,0.0,11,0,1.0,0.0,True,False
1,16,2,20.0,2.0,甲,normal,71,71,,0,0,1.0,,0.0,0.0,71,0,1.0,0.0,True,False
1,16,2,20.0,5.0,乙,exception,26,23,,0,3,0.8846153846153846,,0.0,0.11538461538461539,0,23,0.0,0.8846153846153846,True,False
1,16,2,20.0,5.0,乙,normal,64,62,,0,2,0.96875,,0.0,0.03125,0,62,0.0,0.96875,True,False
1,16,2,20.0,5.0,甲,exception,11,11,,0,0,1.0,,0.0,0.0,11,0,1.0,0.0,True,False
1,16,2,20.0,5.0,甲,normal,71,71,,0,0,1.0,,0.0,0.0,71,0,1.0,0.0,True,False
1,17,0,5.0,0.05,乙,exception,14,8,,0,6,0.5714285714285714,,0.0,0.42857142857142855,0,8,0.0,0.5714285714285714,True,False
1,17,0,5.0,0.05,乙,normal,69,52,,0,17,0.7536231884057971,,0.0,0.2463768115942029,0,52,0.0,0.7536231884057971,True,False
1,17,0,5.0,0.05,甲,exception,14,13,,0,1,0.9285714285714286,,0.0,0.07142857142857142,13,0,0.9285714285714286,0.0,True,False
1,17,0,5.0,0.05,甲,normal,64,49,,0,15,0.765625,,0.0,0.234375,49,0,0.765625,0.0,True,False
1,17,1,5.0,0.5,乙,exception,14,8,,0,6,0.5714285714285714,,0.0,0.42857142857142855,0,8,0.0,0.5714285714285714,True,False
1,17,1,5.0,0.5,乙,normal,69,52,,0,17,0.7536231884057971,,0.0,0.2463768115942029,0,52,0.0,0.7536231884057971,True,False
1,17,1,5.0,0.5,甲,exception,14,13,,0,1,0.9285714285714286,,0.0,0.07142857142857142,13,0,0.9285714285714286,0.0,True,False
1,17,1,5.0,0.5,甲,normal,64,49,,0,15,0.765625,,0.0,0.234375,49,0,0.765625,0.0,True,False
1,17,1,5.0,1.0,乙,exception,14,8,,0,6,0.5714285714285714,,0.0,0.42857142857142855,0,8,0.0,0.5714285714285714,True,False
1,17,1,5.0,1.0,乙,normal,69,52,,0,17,0.7536231884057971,,0.0,0.2463768115942029,0,52,0.0,0.7536231884057971,True,False
1,17,1,5.0,1.0,甲,exception,14,13,,0,1,0.9285714285714286,,0.0,0.07142857142857142,13,0,0.9285714285714286,0.0,True,False
1,17,1,5.0,1.0,甲,normal,64,49,,0,15,0.765625,,0.0,0.234375,49,0,0.765625,0.0,True,False
1,17,1,5.0,2.0,乙,exception,14,8,,0,6,0.5714285714285714,,0.0,0.42857142857142855,0,8,0.0,0.5714285714285714,True,False
1,17,1,5.0,2.0,乙,normal,69,52,,0,17,0.7536231884057971,,0.0,0.2463768115942029,0,52,0.0,0.7536231884057971,True,False
1,17,1,5.0,2.0,甲,exception,14,13,,0,1,0.9285714285714286,,0.0,0.07142857142857142,13,0,0.9285714285714286,0.0,True,False
1,17,1,5.0,2.0,甲,normal,64,49,,0,15,0.765625,,0.0,0.234375,49,0,0.765625,0.0,True,False
1,17,1,5.0,5.0,乙,exception,14,8,,0,6,0.5714285714285714,,0.0,0.42857142857142855,0,8,0.0,0.5714285714285714,True,False
1,17,1,5.0,5.0,乙,normal,69,53,,0,16,0.7681159420289855,,0.0,0.2318840579710145,0,53,0.0,0.7681159420289855,True,False
1,17,1,5.0,5.0,甲,exception,14,13,,0,1,0.9285714285714286,,0.0,0.07142857142857142,13,0,0.9285714285714286,0.0,True,False
1,17,1,5.0,5.0,甲,normal,64,49,,0,15,0.765625,,0.0,0.234375,49,0,0.765625,0.0,True,False
1,17,1,20.0,0.5,乙,exception,14,8,,0,6,0.5714285714285714,,0.0,0.42857142857142855,0,8,0.0,0.5714285714285714,True,False
1,17,1,20.0,0.5,乙,normal,69,52,,0,17,0.7536231884057971,,0.0,0.2463768115942029,0,52,0.0,0.7536231884057971,True,False
1,17,1,20.0,0.5,甲,exception,14,13,,0,1,0.9285714285714286,,0.0,0.07142857142857142,13,0,0.9285714285714286,0.0,True,False
1,17,1,20.0,0.5,甲,normal,64,52,,0,12,0.8125,,0.0,0.1875,52,0,0.8125,0.0,True,False
1,17,1,20.0,1.0,乙,exception,14,8,,0,6,0.5714285714285714,,0.0,0.42857142857142855,0,8,0.0,0.5714285714285714,True,False
1,17,1,20.0,1.0,乙,normal,69,58,,0,11,0.8405797101449275,,0.0,0.15942028985507245,0,58,0.0,0.8405797101449275,True,False
1,17,1,20.0,1.0,甲,exception,14,14,,0,0,1.0,,0.0,0.0,14,0,1.0,0.0,True,False
1,17,1,20.0,1.0,甲,normal,64,53,,0,11,0.828125,,0.0,0.171875,53,0,0.828125,0.0,True,False
1,17,1,20.0,2.0,乙,exception,14,11,,0,3,0.7857142857142857,,0.0,0.21428571428571427,0,11,0.0,0.7857142857142857,True,False
1,17,1,20.0,2.0,乙,normal,69,58,,0,11,0.8405797101449275,,0.0,0.15942028985507245,0,58,0.0,0.8405797101449275,True,False
1,17,1,20.0,2.0,甲,exception,14,14,,0,0,1.0,,0.0,0.0,14,0,1.0,0.0,True,False
1,17,1,20.0,2.0,甲,normal,64,57,,0,7,0.890625,,0.0,0.109375,57,0,0.890625,0.0,True,False
1,17,1,20.0,5.0,乙,exception,14,12,,0,2,0.8571428571428571,,0.0,0.14285714285714285,0,12,0.0,0.8571428571428571,True,False
1,17,1,20.0,5.0,乙,normal,69,61,,0,8,0.8840579710144928,,0.0,0.11594202898550725,0,61,0.0,0.8840579710144928,True,False
1,17,1,20.0,5.0,甲,exception,14,14,,0,0,1.0,,0.0,0.0,14,0,1.0,0.0,True,False
1,17,1,20.0,5.0,甲,normal,64,60,,0,4,0.9375,,0.0,0.0625,60,0,0.9375,0.0,True,False
1,17,2,5.0,0.5,乙,exception,14,8,,0,6,0.5714285714285714,,0.0,0.42857142857142855,0,8,0.0,0.5714285714285714,True,False
1,17,2,5.0,0.5,乙,normal,69,52,,0,17,0.7536231884057971,,0.0,0.2463768115942029,0,52,0.0,0.7536231884057971,True,False
1,17,2,5.0,0.5,甲,exception,14,13,,0,1,0.9285714285714286,,0.0,0.07142857142857142,13,0,0.9285714285714286,0.0,True,False
1,17,2,5.0,0.5,甲,normal,64,49,,0,15,0.765625,,0.0,0.234375,49,0,0.765625,0.0,True,False
1,17,2,5.0,1.0,乙,exception,14,8,,0,6,0.5714285714285714,,0.0,0.42857142857142855,0,8,0.0,0.5714285714285714,True,False
1,17,2,5.0,1.0,乙,normal,69,52,,0,17,0.7536231884057971,,0.0,0.2463768115942029,0,52,0.0,0.7536231884057971,True,False
1,17,2,5.0,1.0,甲,exception,14,13,,0,1,0.9285714285714286,,0.0,0.07142857142857142,13,0,0.9285714285714286,0.0,True,False
1,17,2,5.0,1.0,甲,normal,64,49,,0,15,0.765625,,0.0,0.234375,49,0,0.765625,0.0,True,False
1,17,2,5.0,2.0,乙,exception,14,8,,0,6,0.5714285714285714,,0.0,0.42857142857142855,0,8,0.0,0.5714285714285714,True,False
1,17,2,5.0,2.0,乙,normal,69,52,,0,17,0.7536231884057971,,0.0,0.2463768115942029,0,52,0.0,0.7536231884057971,True,False
1,17,2,5.0,2.0,甲,exception,14,13,,0,1,0.9285714285714286,,0.0,0.07142857142857142,13,0,0.9285714285714286,0.0,True,False
1,17,2,5.0,2.0,甲,normal,64,49,,0,15,0.765625,,0.0,0.234375,49,0,0.765625,0.0,True,False
1,17,2,5.0,5.0,乙,exception,14,8,,0,6,0.5714285714285714,,0.0,0.42857142857142855,0,8,0.0,0.5714285714285714,True,False
1,17,2,5.0,5.0,乙,normal,69,52,,0,17,0.7536231884057971,,0.0,0.2463768115942029,0,52,0.0,0.7536231884057971,True,False
1,17,2,5.0,5.0,甲,exception,14,13,,0,1,0.9285714285714286,,0.0,0.07142857142857142,13,0,0.9285714285714286,0.0,True,False
1,17,2,5.0,5.0,甲,normal,64,49,,0,15,0.765625,,0.0,0.234375,49,0,0.765625,0.0,True,False
1,17,2,20.0,0.5,乙,exception,14,8,,0,6,0.5714285714285714,,0.0,0.42857142857142855,0,8,0.0,0.5714285714285714,True,False
1,17,2,20.0,0.5,乙,normal,69,52,,0,17,0.7536231884057971,,0.0,0.2463768115942029,0,52,0.0,0.7536231884057971,True,False
1,17,2,20.0,0.5,甲,exception,14,13,,0,1,0.9285714285714286,,0.0,0.07142857142857142,13,0,0.9285714285714286,0.0,True,False
1,17,2,20.0,0.5,甲,normal,64,52,,0,12,0.8125,,0.0,0.1875,52,0,0.8125,0.0,True,False
1,17,2,20.0,1.0,乙,exception,14,8,,0,6,0.5714285714285714,,0.0,0.42857142857142855,0,8,0.0,0.5714285714285714,True,False
1,17,2,20.0,1.0,乙,normal,69,57,,0,12,0.8260869565217391,,0.0,0.17391304347826086,0,57,0.0,0.8260869565217391,True,False
1,17,2,20.0,1.0,甲,exception,14,13,,0,1,0.9285714285714286,,0.0,0.07142857142857142,13,0,0.9285714285714286,0.0,True,False
1,17,2,20.0,1.0,甲,normal,64,53,,0,11,0.828125,,0.0,0.171875,53,0,0.828125,0.0,True,False
1,17,2,20.0,2.0,乙,exception,14,10,,0,4,0.7142857142857143,,0.0,0.2857142857142857,0,10,0.0,0.7142857142857143,True,False
1,17,2,20.0,2.0,乙,normal,69,58,,0,11,0.8405797101449275,,0.0,0.15942028985507245,0,58,0.0,0.8405797101449275,True,False
1,17,2,20.0,2.0,甲,exception,14,14,,0,0,1.0,,0.0,0.0,14,0,1.0,0.0,True,False
1,17,2,20.0,2.0,甲,normal,64,54,,0,10,0.84375,,0.0,0.15625,54,0,0.84375,0.0,True,False
1,17,2,20.0,5.0,乙,exception,14,11,,0,3,0.7857142857142857,,0.0,0.21428571428571427,0,11,0.0,0.7857142857142857,True,False
1,17,2,20.0,5.0,乙,normal,69,60,,0,9,0.8695652173913043,,0.0,0.13043478260869565,0,60,0.0,0.8695652173913043,True,False
1,17,2,20.0,5.0,甲,exception,14,14,,0,0,1.0,,0.0,0.0,14,0,1.0,0.0,True,False
1,17,2,20.0,5.0,甲,normal,64,58,,0,6,0.90625,,0.0,0.09375,58,0,0.90625,0.0,True,False
1,18,0,5.0,0.05,乙,exception,18,12,,0,6,0.6666666666666666,,0.0,0.3333333333333333,0,12,0.0,0.6666666666666666,True,False
1,18,0,5.0,0.05,乙,normal,55,44,,0,11,0.8,,0.0,0.2,0,44,0.0,0.8,True,False
1,18,0,5.0,0.05,甲,exception,16,10,,0,6,0.625,,0.0,0.375,10,0,0.625,0.0,True,False
1,18,0,5.0,0.05,甲,normal,64,45,,0,19,0.703125,,0.0,0.296875,45,0,0.703125,0.0,True,False
1,18,1,5.0,0.5,乙,exception,18,12,,0,6,0.6666666666666666,,0.0,0.3333333333333333,0,12,0.0,0.6666666666666666,True,False
1,18,1,5.0,0.5,乙,normal,55,44,,0,11,0.8,,0.0,0.2,0,44,0.0,0.8,True,False
1,18,1,5.0,0.5,甲,exception,16,10,,0,6,0.625,,0.0,0.375,10,0,0.625,0.0,True,False
1,18,1,5.0,0.5,甲,normal,64,45,,0,19,0.703125,,0.0,0.296875,45,0,0.703125,0.0,True,False
1,18,1,5.0,1.0,乙,exception,18,12,,0,6,0.6666666666666666,,0.0,0.3333333333333333,0,12,0.0,0.6666666666666666,True,False
1,18,1,5.0,1.0,乙,normal,55,44,,0,11,0.8,,0.0,0.2,0,44,0.0,0.8,True,False
1,18,1,5.0,1.0,甲,exception,16,10,,0,6,0.625,,0.0,0.375,10,0,0.625,0.0,True,False
1,18,1,5.0,1.0,甲,normal,64,48,,0,16,0.75,,0.0,0.25,48,0,0.75,0.0,True,False
1,18,1,5.0,2.0,乙,exception,18,12,,0,6,0.6666666666666666,,0.0,0.3333333333333333,0,12,0.0,0.6666666666666666,True,False
1,18,1,5.0,2.0,乙,normal,55,45,,0,10,0.8181818181818182,,0.0,0.18181818181818182,0,45,0.0,0.8181818181818182,True,False
1,18,1,5.0,2.0,甲,exception,16,10,,0,6,0.625,,0.0,0.375,10,0,0.625,0.0,True,False
1,18,1,5.0,2.0,甲,normal,64,48,,0,16,0.75,,0.0,0.25,48,0,0.75,0.0,True,False
1,18,1,5.0,5.0,乙,exception,18,13,,0,5,0.7222222222222222,,0.0,0.2777777777777778,0,13,0.0,0.7222222222222222,True,False
1,18,1,5.0,5.0,乙,normal,55,47,,0,8,0.8545454545454545,,0.0,0.14545454545454545,0,47,0.0,0.8545454545454545,True,False
1,18,1,5.0,5.0,甲,exception,16,11,,0,5,0.6875,,0.0,0.3125,11,0,0.6875,0.0,True,False
1,18,1,5.0,5.0,甲,normal,64,55,,0,9,0.859375,,0.0,0.140625,55,0,0.859375,0.0,True,False
1,18,1,20.0,0.5,乙,exception,18,14,,0,4,0.7777777777777778,,0.0,0.2222222222222222,0,14,0.0,0.7777777777777778,True,False
1,18,1,20.0,0.5,乙,normal,55,48,,0,7,0.8727272727272727,,0.0,0.12727272727272726,0,48,0.0,0.8727272727272727,True,False
1,18,1,20.0,0.5,甲,exception,16,10,,0,6,0.625,,0.0,0.375,10,0,0.625,0.0,True,False
1,18,1,20.0,0.5,甲,normal,64,51,,0,13,0.796875,,0.0,0.203125,51,0,0.796875,0.0,True,False
1,18,1,20.0,1.0,乙,exception,18,14,,0,4,0.7777777777777778,,0.0,0.2222222222222222,0,14,0.0,0.7777777777777778,True,False
1,18,1,20.0,1.0,乙,normal,55,48,,0,7,0.8727272727272727,,0.0,0.12727272727272726,0,48,0.0,0.8727272727272727,True,False
1,18,1,20.0,1.0,甲,exception,16,11,,0,5,0.6875,,0.0,0.3125,11,0,0.6875,0.0,True,False
1,18,1,20.0,1.0,甲,normal,64,56,,0,8,0.875,,0.0,0.125,56,0,0.875,0.0,True,False
1,18,1,20.0,2.0,乙,exception,18,14,,0,4,0.7777777777777778,,0.0,0.2222222222222222,0,14,0.0,0.7777777777777778,True,False
1,18,1,20.0,2.0,乙,normal,55,50,,0,5,0.9090909090909091,,0.0,0.09090909090909091,0,50,0.0,0.9090909090909091,True,False
1,18,1,20.0,2.0,甲,exception,16,11,,0,5,0.6875,,0.0,0.3125,11,0,0.6875,0.0,True,False
1,18,1,20.0,2.0,甲,normal,64,57,,0,7,0.890625,,0.0,0.109375,57,0,0.890625,0.0,True,False
1,18,1,20.0,5.0,乙,exception,18,16,,0,2,0.8888888888888888,,0.0,0.1111111111111111,0,16,0.0,0.8888888888888888,True,False
1,18,1,20.0,5.0,乙,normal,55,51,,0,4,0.9272727272727272,,0.0,0.07272727272727272,0,51,0.0,0.9272727272727272,True,False
1,18,1,20.0,5.0,甲,exception,16,11,,0,5,0.6875,,0.0,0.3125,11,0,0.6875,0.0,True,False
1,18,1,20.0,5.0,甲,normal,64,59,,0,5,0.921875,,0.0,0.078125,59,0,0.921875,0.0,True,False
1,18,2,5.0,0.5,乙,exception,18,12,,0,6,0.6666666666666666,,0.0,0.3333333333333333,0,12,0.0,0.6666666666666666,True,False
1,18,2,5.0,0.5,乙,normal,55,44,,0,11,0.8,,0.0,0.2,0,44,0.0,0.8,True,False
1,18,2,5.0,0.5,甲,exception,16,10,,0,6,0.625,,0.0,0.375,10,0,0.625,0.0,True,False
1,18,2,5.0,0.5,甲,normal,64,45,,0,19,0.703125,,0.0,0.296875,45,0,0.703125,0.0,True,False
1,18,2,5.0,1.0,乙,exception,18,12,,0,6,0.6666666666666666,,0.0,0.3333333333333333,0,12,0.0,0.6666666666666666,True,False
1,18,2,5.0,1.0,乙,normal,55,44,,0,11,0.8,,0.0,0.2,0,44,0.0,0.8,True,False
1,18,2,5.0,1.0,甲,exception,16,10,,0,6,0.625,,0.0,0.375,10,0,0.625,0.0,True,False
1,18,2,5.0,1.0,甲,normal,64,45,,0,19,0.703125,,0.0,0.296875,45,0,0.703125,0.0,True,False
1,18,2,5.0,2.0,乙,exception,18,12,,0,6,0.6666666666666666,,0.0,0.3333333333333333,0,12,0.0,0.6666666666666666,True,False
1,18,2,5.0,2.0,乙,normal,55,44,,0,11,0.8,,0.0,0.2,0,44,0.0,0.8,True,False
1,18,2,5.0,2.0,甲,exception,16,10,,0,6,0.625,,0.0,0.375,10,0,0.625,0.0,True,False
1,18,2,5.0,2.0,甲,normal,64,48,,0,16,0.75,,0.0,0.25,48,0,0.75,0.0,True,False
1,18,2,5.0,5.0,乙,exception,18,12,,0,6,0.6666666666666666,,0.0,0.3333333333333333,0,12,0.0,0.6666666666666666,True,False
1,18,2,5.0,5.0,乙,normal,55,47,,0,8,0.8545454545454545,,0.0,0.14545454545454545,0,47,0.0,0.8545454545454545,True,False
1,18,2,5.0,5.0,甲,exception,16,10,,0,6,0.625,,0.0,0.375,10,0,0.625,0.0,True,False
1,18,2,5.0,5.0,甲,normal,64,51,,0,13,0.796875,,0.0,0.203125,51,0,0.796875,0.0,True,False
1,18,2,20.0,0.5,乙,exception,18,13,,0,5,0.7222222222222222,,0.0,0.2777777777777778,0,13,0.0,0.7222222222222222,True,False
1,18,2,20.0,0.5,乙,normal,55,48,,0,7,0.8727272727272727,,0.0,0.12727272727272726,0,48,0.0,0.8727272727272727,True,False
1,18,2,20.0,0.5,甲,exception,16,10,,0,6,0.625,,0.0,0.375,10,0,0.625,0.0,True,False
1,18,2,20.0,0.5,甲,normal,64,51,,0,13,0.796875,,0.0,0.203125,51,0,0.796875,0.0,True,False
1,18,2,20.0,1.0,乙,exception,18,14,,0,4,0.7777777777777778,,0.0,0.2222222222222222,0,14,0.0,0.7777777777777778,True,False
1,18,2,20.0,1.0,乙,normal,55,48,,0,7,0.8727272727272727,,0.0,0.12727272727272726,0,48,0.0,0.8727272727272727,True,False
1,18,2,20.0,1.0,甲,exception,16,10,,0,6,0.625,,0.0,0.375,10,0,0.625,0.0,True,False
1,18,2,20.0,1.0,甲,normal,64,56,,0,8,0.875,,0.0,0.125,56,0,0.875,0.0,True,False
1,18,2,20.0,2.0,乙,exception,18,14,,0,4,0.7777777777777778,,0.0,0.2222222222222222,0,14,0.0,0.7777777777777778,True,False
1,18,2,20.0,2.0,乙,normal,55,48,,0,7,0.8727272727272727,,0.0,0.12727272727272726,0,48,0.0,0.8727272727272727,True,False
1,18,2,20.0,2.0,甲,exception,16,11,,0,5,0.6875,,0.0,0.3125,11,0,0.6875,0.0,True,False
1,18,2,20.0,2.0,甲,normal,64,57,,0,7,0.890625,,0.0,0.109375,57,0,0.890625,0.0,True,False
1,18,2,20.0,5.0,乙,exception,18,16,,0,2,0.8888888888888888,,0.0,0.1111111111111111,0,16,0.0,0.8888888888888888,True,False
1,18,2,20.0,5.0,乙,normal,55,51,,0,4,0.9272727272727272,,0.0,0.07272727272727272,0,51,0.0,0.9272727272727272,True,False
1,18,2,20.0,5.0,甲,exception,16,11,,0,5,0.6875,,0.0,0.3125,11,0,0.6875,0.0,True,False
1,18,2,20.0,5.0,甲,normal,64,59,,0,5,0.921875,,0.0,0.078125,59,0,0.921875,0.0,True,False
1,19,0,5.0,0.05,乙,exception,10,7,,0,3,0.7,,0.0,0.3,0,7,0.0,0.7,True,False
1,19,0,5.0,0.05,乙,normal,58,40,,0,18,0.6896551724137931,,0.0,0.3103448275862069,0,40,0.0,0.6896551724137931,True,False
1,19,0,5.0,0.05,甲,exception,18,14,,0,4,0.7777777777777778,,0.0,0.2222222222222222,14,0,0.7777777777777778,0.0,True,False
1,19,0,5.0,0.05,甲,normal,58,50,,0,8,0.8620689655172413,,0.0,0.13793103448275862,50,0,0.8620689655172413,0.0,True,False
1,19,1,5.0,0.5,乙,exception,10,7,,0,3,0.7,,0.0,0.3,0,7,0.0,0.7,True,False
1,19,1,5.0,0.5,乙,normal,58,40,,0,18,0.6896551724137931,,0.0,0.3103448275862069,0,40,0.0,0.6896551724137931,True,False
1,19,1,5.0,0.5,甲,exception,18,14,,0,4,0.7777777777777778,,0.0,0.2222222222222222,14,0,0.7777777777777778,0.0,True,False
1,19,1,5.0,0.5,甲,normal,58,50,,0,8,0.8620689655172413,,0.0,0.13793103448275862,50,0,0.8620689655172413,0.0,True,False
1,19,1,5.0,1.0,乙,exception,10,7,,0,3,0.7,,0.0,0.3,0,7,0.0,0.7,True,False
1,19,1,5.0,1.0,乙,normal,58,40,,0,18,0.6896551724137931,,0.0,0.3103448275862069,0,40,0.0,0.6896551724137931,True,False
1,19,1,5.0,1.0,甲,exception,18,14,,0,4,0.7777777777777778,,0.0,0.2222222222222222,14,0,0.7777777777777778,0.0,True,False
1,19,1,5.0,1.0,甲,normal,58,50,,0,8,0.8620689655172413,,0.0,0.13793103448275862,50,0,0.8620689655172413,0.0,True,False
1,19,1,5.0,2.0,乙,exception,10,7,,0,3,0.7,,0.0,0.3,0,7,0.0,0.7,True,False
1,19,1,5.0,2.0,乙,normal,58,40,,0,18,0.6896551724137931,,0.0,0.3103448275862069,0,40,0.0,0.6896551724137931,True,False
1,19,1,5.0,2.0,甲,exception,18,14,,0,4,0.7777777777777778,,0.0,0.2222222222222222,14,0,0.7777777777777778,0.0,True,False
1,19,1,5.0,2.0,甲,normal,58,50,,0,8,0.8620689655172413,,0.0,0.13793103448275862,50,0,0.8620689655172413,0.0,True,False
1,19,1,5.0,5.0,乙,exception,10,7,,0,3,0.7,,0.0,0.3,0,7,0.0,0.7,True,False
1,19,1,5.0,5.0,乙,normal,58,40,,0,18,0.6896551724137931,,0.0,0.3103448275862069,0,40,0.0,0.6896551724137931,True,False
1,19,1,5.0,5.0,甲,exception,18,14,,0,4,0.7777777777777778,,0.0,0.2222222222222222,14,0,0.7777777777777778,0.0,True,False
1,19,1,5.0,5.0,甲,normal,58,50,,0,8,0.8620689655172413,,0.0,0.13793103448275862,50,0,0.8620689655172413,0.0,True,False
1,19,1,20.0,0.5,乙,exception,10,7,,0,3,0.7,,0.0,0.3,0,7,0.0,0.7,True,False
1,19,1,20.0,0.5,乙,normal,58,40,,0,18,0.6896551724137931,,0.0,0.3103448275862069,0,40,0.0,0.6896551724137931,True,False
1,19,1,20.0,0.5,甲,exception,18,14,,0,4,0.7777777777777778,,0.0,0.2222222222222222,14,0,0.7777777777777778,0.0,True,False
1,19,1,20.0,0.5,甲,normal,58,50,,0,8,0.8620689655172413,,0.0,0.13793103448275862,50,0,0.8620689655172413,0.0,True,False
1,19,1,20.0,1.0,乙,exception,10,8,,0,2,0.8,,0.0,0.2,0,8,0.0,0.8,True,False
1,19,1,20.0,1.0,乙,normal,58,45,,0,13,0.7758620689655172,,0.0,0.22413793103448276,0,45,0.0,0.7758620689655172,True,False
1,19,1,20.0,1.0,甲,exception,18,15,,0,3,0.8333333333333334,,0.0,0.16666666666666666,15,0,0.8333333333333334,0.0,True,False
1,19,1,20.0,1.0,甲,normal,58,50,,0,8,0.8620689655172413,,0.0,0.13793103448275862,50,0,0.8620689655172413,0.0,True,False
1,19,1,20.0,2.0,乙,exception,10,8,,0,2,0.8,,0.0,0.2,0,8,0.0,0.8,True,False
1,19,1,20.0,2.0,乙,normal,58,49,,0,9,0.8448275862068966,,0.0,0.15517241379310345,0,49,0.0,0.8448275862068966,True,False
1,19,1,20.0,2.0,甲,exception,18,15,,0,3,0.8333333333333334,,0.0,0.16666666666666666,15,0,0.8333333333333334,0.0,True,False
1,19,1,20.0,2.0,甲,normal,58,53,,0,5,0.9137931034482759,,0.0,0.08620689655172414,53,0,0.9137931034482759,0.0,True,False
1,19,1,20.0,5.0,乙,exception,10,8,,0,2,0.8,,0.0,0.2,0,8,0.0,0.8,True,False
1,19,1,20.0,5.0,乙,normal,58,50,,0,8,0.8620689655172413,,0.0,0.13793103448275862,0,50,0.0,0.8620689655172413,True,False
1,19,1,20.0,5.0,甲,exception,18,17,,0,1,0.9444444444444444,,0.0,0.05555555555555555,17,0,0.9444444444444444,0.0,True,False
1,19,1,20.0,5.0,甲,normal,58,53,,0,5,0.9137931034482759,,0.0,0.08620689655172414,53,0,0.9137931034482759,0.0,True,False
1,19,2,5.0,0.5,乙,exception,10,7,,0,3,0.7,,0.0,0.3,0,7,0.0,0.7,True,False
1,19,2,5.0,0.5,乙,normal,58,40,,0,18,0.6896551724137931,,0.0,0.3103448275862069,0,40,0.0,0.6896551724137931,True,False
1,19,2,5.0,0.5,甲,exception,18,14,,0,4,0.7777777777777778,,0.0,0.2222222222222222,14,0,0.7777777777777778,0.0,True,False
1,19,2,5.0,0.5,甲,normal,58,50,,0,8,0.8620689655172413,,0.0,0.13793103448275862,50,0,0.8620689655172413,0.0,True,False
1,19,2,5.0,1.0,乙,exception,10,7,,0,3,0.7,,0.0,0.3,0,7,0.0,0.7,True,False
1,19,2,5.0,1.0,乙,normal,58,40,,0,18,0.6896551724137931,,0.0,0.3103448275862069,0,40,0.0,0.6896551724137931,True,False
1,19,2,5.0,1.0,甲,exception,18,14,,0,4,0.7777777777777778,,0.0,0.2222222222222222,14,0,0.7777777777777778,0.0,True,False
1,19,2,5.0,1.0,甲,normal,58,50,,0,8,0.8620689655172413,,0.0,0.13793103448275862,50,0,0.8620689655172413,0.0,True,False
1,19,2,5.0,2.0,乙,exception,10,7,,0,3,0.7,,0.0,0.3,0,7,0.0,0.7,True,False
1,19,2,5.0,2.0,乙,normal,58,40,,0,18,0.6896551724137931,,0.0,0.3103448275862069,0,40,0.0,0.6896551724137931,True,False
1,19,2,5.0,2.0,甲,exception,18,14,,0,4,0.7777777777777778,,0.0,0.2222222222222222,14,0,0.7777777777777778,0.0,True,False
1,19,2,5.0,2.0,甲,normal,58,50,,0,8,0.8620689655172413,,0.0,0.13793103448275862,50,0,0.8620689655172413,0.0,True,False
1,19,2,5.0,5.0,乙,exception,10,7,,0,3,0.7,,0.0,0.3,0,7,0.0,0.7,True,False
1,19,2,5.0,5.0,乙,normal,58,40,,0,18,0.6896551724137931,,0.0,0.3103448275862069,0,40,0.0,0.6896551724137931,True,False
1,19,2,5.0,5.0,甲,exception,18,14,,0,4,0.7777777777777778,,0.0,0.2222222222222222,14,0,0.7777777777777778,0.0,True,False
1,19,2,5.0,5.0,甲,normal,58,50,,0,8,0.8620689655172413,,0.0,0.13793103448275862,50,0,0.8620689655172413,0.0,True,False
1,19,2,20.0,0.5,乙,exception,10,7,,0,3,0.7,,0.0,0.3,0,7,0.0,0.7,True,False
1,19,2,20.0,0.5,乙,normal,58,40,,0,18,0.6896551724137931,,0.0,0.3103448275862069,0,40,0.0,0.6896551724137931,True,False
1,19,2,20.0,0.5,甲,exception,18,14,,0,4,0.7777777777777778,,0.0,0.2222222222222222,14,0,0.7777777777777778,0.0,True,False
1,19,2,20.0,0.5,甲,normal,58,50,,0,8,0.8620689655172413,,0.0,0.13793103448275862,50,0,0.8620689655172413,0.0,True,False
1,19,2,20.0,1.0,乙,exception,10,7,,0,3,0.7,,0.0,0.3,0,7,0.0,0.7,True,False
1,19,2,20.0,1.0,乙,normal,58,42,,0,16,0.7241379310344828,,0.0,0.27586206896551724,0,42,0.0,0.7241379310344828,True,False
1,19,2,20.0,1.0,甲,exception,18,15,,0,3,0.8333333333333334,,0.0,0.16666666666666666,15,0,0.8333333333333334,0.0,True,False
1,19,2,20.0,1.0,甲,normal,58,50,,0,8,0.8620689655172413,,0.0,0.13793103448275862,50,0,0.8620689655172413,0.0,True,False
1,19,2,20.0,2.0,乙,exception,10,8,,0,2,0.8,,0.0,0.2,0,8,0.0,0.8,True,False
1,19,2,20.0,2.0,乙,normal,58,48,,0,10,0.8275862068965517,,0.0,0.1724137931034483,0,48,0.0,0.8275862068965517,True,False
1,19,2,20.0,2.0,甲,exception,18,15,,0,3,0.8333333333333334,,0.0,0.16666666666666666,15,0,0.8333333333333334,0.0,True,False
1,19,2,20.0,2.0,甲,normal,58,52,,0,6,0.896551724137931,,0.0,0.10344827586206896,52,0,0.896551724137931,0.0,True,False
1,19,2,20.0,5.0,乙,exception,10,8,,0,2,0.8,,0.0,0.2,0,8,0.0,0.8,True,False
1,19,2,20.0,5.0,乙,normal,58,50,,0,8,0.8620689655172413,,0.0,0.13793103448275862,0,50,0.0,0.8620689655172413,True,False
1,19,2,20.0,5.0,甲,exception,18,16,,0,2,0.8888888888888888,,0.0,0.1111111111111111,16,0,0.8888888888888888,0.0,True,False
1,19,2,20.0,5.0,甲,normal,58,53,,0,5,0.9137931034482759,,0.0,0.08620689655172414,53,0,0.9137931034482759,0.0,True,False
1,20,0,5.0,0.05,乙,exception,16,15,,0,1,0.9375,,0.0,0.0625,0,15,0.0,0.9375,True,False
1,20,0,5.0,0.05,乙,normal,59,58,,0,1,0.9830508474576272,,0.0,0.01694915254237288,0,58,0.0,0.9830508474576272,True,False
1,20,0,5.0,0.05,甲,exception,15,15,,0,0,1.0,,0.0,0.0,15,0,1.0,0.0,True,False
1,20,0,5.0,0.05,甲,normal,66,66,,0,0,1.0,,0.0,0.0,66,0,1.0,0.0,True,False
1,20,1,5.0,0.5,乙,exception,16,15,,0,1,0.9375,,0.0,0.0625,0,15,0.0,0.9375,True,False
1,20,1,5.0,0.5,乙,normal,59,58,,0,1,0.9830508474576272,,0.0,0.01694915254237288,0,58,0.0,0.9830508474576272,True,False
1,20,1,5.0,0.5,甲,exception,15,15,,0,0,1.0,,0.0,0.0,15,0,1.0,0.0,True,False
1,20,1,5.0,0.5,甲,normal,66,66,,0,0,1.0,,0.0,0.0,66,0,1.0,0.0,True,False
1,20,1,5.0,1.0,乙,exception,16,15,,0,1,0.9375,,0.0,0.0625,0,15,0.0,0.9375,True,False
1,20,1,5.0,1.0,乙,normal,59,58,,0,1,0.9830508474576272,,0.0,0.01694915254237288,0,58,0.0,0.9830508474576272,True,False
1,20,1,5.0,1.0,甲,exception,15,15,,0,0,1.0,,0.0,0.0,15,0,1.0,0.0,True,False
1,20,1,5.0,1.0,甲,normal,66,66,,0,0,1.0,,0.0,0.0,66,0,1.0,0.0,True,False
1,20,1,5.0,2.0,乙,exception,16,15,,0,1,0.9375,,0.0,0.0625,0,15,0.0,0.9375,True,False
1,20,1,5.0,2.0,乙,normal,59,58,,0,1,0.9830508474576272,,0.0,0.01694915254237288,0,58,0.0,0.9830508474576272,True,False
1,20,1,5.0,2.0,甲,exception,15,15,,0,0,1.0,,0.0,0.0,15,0,1.0,0.0,True,False
1,20,1,5.0,2.0,甲,normal,66,66,,0,0,1.0,,0.0,0.0,66,0,1.0,0.0,True,False
1,20,1,5.0,5.0,乙,exception,16,15,,0,1,0.9375,,0.0,0.0625,0,15,0.0,0.9375,True,False
1,20,1,5.0,5.0,乙,normal,59,58,,0,1,0.9830508474576272,,0.0,0.01694915254237288,0,58,0.0,0.9830508474576272,True,False
1,20,1,5.0,5.0,甲,exception,15,15,,0,0,1.0,,0.0,0.0,15,0,1.0,0.0,True,False
1,20,1,5.0,5.0,甲,normal,66,66,,0,0,1.0,,0.0,0.0,66,0,1.0,0.0,True,False
1,20,1,20.0,0.5,乙,exception,16,15,,0,1,0.9375,,0.0,0.0625,0,15,0.0,0.9375,True,False
1,20,1,20.0,0.5,乙,normal,59,58,,0,1,0.9830508474576272,,0.0,0.01694915254237288,0,58,0.0,0.9830508474576272,True,False
1,20,1,20.0,0.5,甲,exception,15,15,,0,0,1.0,,0.0,0.0,15,0,1.0,0.0,True,False
1,20,1,20.0,0.5,甲,normal,66,66,,0,0,1.0,,0.0,0.0,66,0,1.0,0.0,True,False
1,20,1,20.0,1.0,乙,exception,16,15,,0,1,0.9375,,0.0,0.0625,0,15,0.0,0.9375,True,False
1,20,1,20.0,1.0,乙,normal,59,58,,0,1,0.9830508474576272,,0.0,0.01694915254237288,0,58,0.0,0.9830508474576272,True,False
1,20,1,20.0,1.0,甲,exception,15,15,,0,0,1.0,,0.0,0.0,15,0,1.0,0.0,True,False
1,20,1,20.0,1.0,甲,normal,66,66,,0,0,1.0,,0.0,0.0,66,0,1.0,0.0,True,False
1,20,1,20.0,2.0,乙,exception,16,15,,0,1,0.9375,,0.0,0.0625,0,15,0.0,0.9375,True,False
1,20,1,20.0,2.0,乙,normal,59,58,,0,1,0.9830508474576272,,0.0,0.01694915254237288,0,58,0.0,0.9830508474576272,True,False
1,20,1,20.0,2.0,甲,exception,15,15,,0,0,1.0,,0.0,0.0,15,0,1.0,0.0,True,False
1,20,1,20.0,2.0,甲,normal,66,66,,0,0,1.0,,0.0,0.0,66,0,1.0,0.0,True,False
1,20,1,20.0,5.0,乙,exception,16,15,,0,1,0.9375,,0.0,0.0625,0,15,0.0,0.9375,True,False
1,20,1,20.0,5.0,乙,normal,59,58,,0,1,0.9830508474576272,,0.0,0.01694915254237288,0,58,0.0,0.9830508474576272,True,False
1,20,1,20.0,5.0,甲,exception,15,15,,0,0,1.0,,0.0,0.0,15,0,1.0,0.0,True,False
1,20,1,20.0,5.0,甲,normal,66,66,,0,0,1.0,,0.0,0.0,66,0,1.0,0.0,True,False
1,20,2,5.0,0.5,乙,exception,16,15,,0,1,0.9375,,0.0,0.0625,0,15,0.0,0.9375,True,False
1,20,2,5.0,0.5,乙,normal,59,58,,0,1,0.9830508474576272,,0.0,0.01694915254237288,0,58,0.0,0.9830508474576272,True,False
1,20,2,5.0,0.5,甲,exception,15,15,,0,0,1.0,,0.0,0.0,15,0,1.0,0.0,True,False
1,20,2,5.0,0.5,甲,normal,66,66,,0,0,1.0,,0.0,0.0,66,0,1.0,0.0,True,False
1,20,2,5.0,1.0,乙,exception,16,15,,0,1,0.9375,,0.0,0.0625,0,15,0.0,0.9375,True,False
1,20,2,5.0,1.0,乙,normal,59,58,,0,1,0.9830508474576272,,0.0,0.01694915254237288,0,58,0.0,0.9830508474576272,True,False
1,20,2,5.0,1.0,甲,exception,15,15,,0,0,1.0,,0.0,0.0,15,0,1.0,0.0,True,False
1,20,2,5.0,1.0,甲,normal,66,66,,0,0,1.0,,0.0,0.0,66,0,1.0,0.0,True,False
1,20,2,5.0,2.0,乙,exception,16,15,,0,1,0.9375,,0.0,0.0625,0,15,0.0,0.9375,True,False
1,20,2,5.0,2.0,乙,normal,59,58,,0,1,0.9830508474576272,,0.0,0.01694915254237288,0,58,0.0,0.9830508474576272,True,False
1,20,2,5.0,2.0,甲,exception,15,15,,0,0,1.0,,0.0,0.0,15,0,1.0,0.0,True,False
1,20,2,5.0,2.0,甲,normal,66,66,,0,0,1.0,,0.0,0.0,66,0,1.0,0.0,True,False
1,20,2,5.0,5.0,乙,exception,16,15,,0,1,0.9375,,0.0,0.0625,0,15,0.0,0.9375,True,False
1,20,2,5.0,5.0,乙,normal,59,58,,0,1,0.9830508474576272,,0.0,0.01694915254237288,0,58,0.0,0.9830508474576272,True,False
1,20,2,5.0,5.0,甲,exception,15,15,,0,0,1.0,,0.0,0.0,15,0,1.0,0.0,True,False
1,20,2,5.0,5.0,甲,normal,66,66,,0,0,1.0,,0.0,0.0,66,0,1.0,0.0,True,False
1,20,2,20.0,0.5,乙,exception,16,15,,0,1,0.9375,,0.0,0.0625,0,15,0.0,0.9375,True,False
1,20,2,20.0,0.5,乙,normal,59,58,,0,1,0.9830508474576272,,0.0,0.01694915254237288,0,58,0.0,0.9830508474576272,True,False
1,20,2,20.0,0.5,甲,exception,15,15,,0,0,1.0,,0.0,0.0,15,0,1.0,0.0,True,False
1,20,2,20.0,0.5,甲,normal,66,66,,0,0,1.0,,0.0,0.0,66,0,1.0,0.0,True,False
1,20,2,20.0,1.0,乙,exception,16,15,,0,1,0.9375,,0.0,0.0625,0,15,0.0,0.9375,True,False
1,20,2,20.0,1.0,乙,normal,59,58,,0,1,0.9830508474576272,,0.0,0.01694915254237288,0,58,0.0,0.9830508474576272,True,False
1,20,2,20.0,1.0,甲,exception,15,15,,0,0,1.0,,0.0,0.0,15,0,1.0,0.0,True,False
1,20,2,20.0,1.0,甲,normal,66,66,,0,0,1.0,,0.0,0.0,66,0,1.0,0.0,True,False
1,20,2,20.0,2.0,乙,exception,16,15,,0,1,0.9375,,0.0,0.0625,0,15,0.0,0.9375,True,False
1,20,2,20.0,2.0,乙,normal,59,58,,0,1,0.9830508474576272,,0.0,0.01694915254237288,0,58,0.0,0.9830508474576272,True,False
1,20,2,20.0,2.0,甲,exception,15,15,,0,0,1.0,,0.0,0.0,15,0,1.0,0.0,True,False
1,20,2,20.0,2.0,甲,normal,66,66,,0,0,1.0,,0.0,0.0,66,0,1.0,0.0,True,False
1,20,2,20.0,5.0,乙,exception,16,15,,0,1,0.9375,,0.0,0.0625,0,15,0.0,0.9375,True,False
1,20,2,20.0,5.0,乙,normal,59,58,,0,1,0.9830508474576272,,0.0,0.01694915254237288,0,58,0.0,0.9830508474576272,True,False
1,20,2,20.0,5.0,甲,exception,15,15,,0,0,1.0,,0.0,0.0,15,0,1.0,0.0,True,False
1,20,2,20.0,5.0,甲,normal,66,66,,0,0,1.0,,0.0,0.0,66,0,1.0,0.0,True,False
2,1,0,5.0,0.05,乙,exception,14,3,8,0,3,0.21428571428571427,0.5714285714285714,0.0,0.21428571428571427,8,3,0.5714285714285714,0.21428571428571427,False,True
2,1,0,5.0,0.05,乙,normal,55,48,3,0,4,0.8727272727272727,0.05454545454545454,0.0,0.07272727272727272,3,48,0.05454545454545454,0.8727272727272727,False,True
2,1,0,5.0,0.05,甲,exception,19,9,10,0,0,0.47368421052631576,0.5263157894736842,0.0,0.0,9,10,0.47368421052631576,0.5263157894736842,False,True
2,1,0,5.0,0.05,甲,normal,69,59,1,0,9,0.855072463768116,0.014492753623188406,0.0,0.13043478260869565,59,1,0.855072463768116,0.014492753623188406,False,True
2,1,1,5.0,0.5,乙,exception,14,3,8,0,3,0.21428571428571427,0.5714285714285714,0.0,0.21428571428571427,8,3,0.5714285714285714,0.21428571428571427,False,True
2,1,1,5.0,0.5,乙,normal,55,48,3,0,4,0.8727272727272727,0.05454545454545454,0.0,0.07272727272727272,3,48,0.05454545454545454,0.8727272727272727,False,True
2,1,1,5.0,0.5,甲,exception,19,10,9,0,0,0.5263157894736842,0.47368421052631576,0.0,0.0,10,9,0.5263157894736842,0.47368421052631576,False,True
2,1,1,5.0,0.5,甲,normal,69,59,1,0,9,0.855072463768116,0.014492753623188406,0.0,0.13043478260869565,59,1,0.855072463768116,0.014492753623188406,False,True
2,1,1,5.0,1.0,乙,exception,14,3,8,0,3,0.21428571428571427,0.5714285714285714,0.0,0.21428571428571427,8,3,0.5714285714285714,0.21428571428571427,False,True
2,1,1,5.0,1.0,乙,normal,55,48,3,0,4,0.8727272727272727,0.05454545454545454,0.0,0.07272727272727272,3,48,0.05454545454545454,0.8727272727272727,False,True
2,1,1,5.0,1.0,甲,exception,19,10,9,0,0,0.5263157894736842,0.47368421052631576,0.0,0.0,10,9,0.5263157894736842,0.47368421052631576,False,True
2,1,1,5.0,1.0,甲,normal,69,59,1,0,9,0.855072463768116,0.014492753623188406,0.0,0.13043478260869565,59,1,0.855072463768116,0.014492753623188406,False,True
2,1,1,5.0,2.0,乙,exception,14,3,8,0,3,0.21428571428571427,0.5714285714285714,0.0,0.21428571428571427,8,3,0.5714285714285714,0.21428571428571427,False,True
2,1,1,5.0,2.0,乙,normal,55,48,3,0,4,0.8727272727272727,0.05454545454545454,0.0,0.07272727272727272,3,48,0.05454545454545454,0.8727272727272727,False,True
2,1,1,5.0,2.0,甲,exception,19,10,9,0,0,0.5263157894736842,0.47368421052631576,0.0,0.0,10,9,0.5263157894736842,0.47368421052631576,False,True
2,1,1,5.0,2.0,甲,normal,69,59,1,0,9,0.855072463768116,0.014492753623188406,0.0,0.13043478260869565,59,1,0.855072463768116,0.014492753623188406,False,True
2,1,1,5.0,5.0,乙,exception,14,4,8,0,2,0.2857142857142857,0.5714285714285714,0.0,0.14285714285714285,8,4,0.5714285714285714,0.2857142857142857,False,True
2,1,1,5.0,5.0,乙,normal,55,48,3,0,4,0.8727272727272727,0.05454545454545454,0.0,0.07272727272727272,3,48,0.05454545454545454,0.8727272727272727,False,True
2,1,1,5.0,5.0,甲,exception,19,10,9,0,0,0.5263157894736842,0.47368421052631576,0.0,0.0,10,9,0.5263157894736842,0.47368421052631576,False,True
2,1,1,5.0,5.0,甲,normal,69,62,1,0,6,0.8985507246376812,0.014492753623188406,0.0,0.08695652173913043,62,1,0.8985507246376812,0.014492753623188406,False,True
2,1,1,20.0,0.5,乙,exception,14,3,8,0,3,0.21428571428571427,0.5714285714285714,0.0,0.21428571428571427,8,3,0.5714285714285714,0.21428571428571427,False,True
2,1,1,20.0,0.5,乙,normal,55,48,3,0,4,0.8727272727272727,0.05454545454545454,0.0,0.07272727272727272,3,48,0.05454545454545454,0.8727272727272727,False,True
2,1,1,20.0,0.5,甲,exception,19,10,9,0,0,0.5263157894736842,0.47368421052631576,0.0,0.0,10,9,0.5263157894736842,0.47368421052631576,False,True
2,1,1,20.0,0.5,甲,normal,69,59,1,0,9,0.855072463768116,0.014492753623188406,0.0,0.13043478260869565,59,1,0.855072463768116,0.014492753623188406,False,True
2,1,1,20.0,1.0,乙,exception,14,3,8,0,3,0.21428571428571427,0.5714285714285714,0.0,0.21428571428571427,8,3,0.5714285714285714,0.21428571428571427,False,True
2,1,1,20.0,1.0,乙,normal,55,48,3,0,4,0.8727272727272727,0.05454545454545454,0.0,0.07272727272727272,3,48,0.05454545454545454,0.8727272727272727,False,True
2,1,1,20.0,1.0,甲,exception,19,10,9,0,0,0.5263157894736842,0.47368421052631576,0.0,0.0,10,9,0.5263157894736842,0.47368421052631576,False,True
2,1,1,20.0,1.0,甲,normal,69,60,1,0,8,0.8695652173913043,0.014492753623188406,0.0,0.11594202898550725,60,1,0.8695652173913043,0.014492753623188406,False,True
2,1,1,20.0,2.0,乙,exception,14,4,8,0,2,0.2857142857142857,0.5714285714285714,0.0,0.14285714285714285,8,4,0.5714285714285714,0.2857142857142857,False,True
2,1,1,20.0,2.0,乙,normal,55,48,3,0,4,0.8727272727272727,0.05454545454545454,0.0,0.07272727272727272,3,48,0.05454545454545454,0.8727272727272727,False,True
2,1,1,20.0,2.0,甲,exception,19,10,9,0,0,0.5263157894736842,0.47368421052631576,0.0,0.0,10,9,0.5263157894736842,0.47368421052631576,False,True
2,1,1,20.0,2.0,甲,normal,69,62,1,0,6,0.8985507246376812,0.014492753623188406,0.0,0.08695652173913043,62,1,0.8985507246376812,0.014492753623188406,False,True
2,1,1,20.0,5.0,乙,exception,14,4,8,0,2,0.2857142857142857,0.5714285714285714,0.0,0.14285714285714285,8,4,0.5714285714285714,0.2857142857142857,False,True
2,1,1,20.0,5.0,乙,normal,55,50,3,0,2,0.9090909090909091,0.05454545454545454,0.0,0.03636363636363636,3,50,0.05454545454545454,0.9090909090909091,False,True
2,1,1,20.0,5.0,甲,exception,19,9,10,0,0,0.47368421052631576,0.5263157894736842,0.0,0.0,9,10,0.47368421052631576,0.5263157894736842,False,True
2,1,1,20.0,5.0,甲,normal,69,61,2,0,6,0.8840579710144928,0.028985507246376812,0.0,0.08695652173913043,61,2,0.8840579710144928,0.028985507246376812,False,True
2,1,2,5.0,0.5,乙,exception,14,3,8,0,3,0.21428571428571427,0.5714285714285714,0.0,0.21428571428571427,8,3,0.5714285714285714,0.21428571428571427,False,True
2,1,2,5.0,0.5,乙,normal,55,48,3,0,4,0.8727272727272727,0.05454545454545454,0.0,0.07272727272727272,3,48,0.05454545454545454,0.8727272727272727,False,True
2,1,2,5.0,0.5,甲,exception,19,9,10,0,0,0.47368421052631576,0.5263157894736842,0.0,0.0,9,10,0.47368421052631576,0.5263157894736842,False,True
2,1,2,5.0,0.5,甲,normal,69,59,1,0,9,0.855072463768116,0.014492753623188406,0.0,0.13043478260869565,59,1,0.855072463768116,0.014492753623188406,False,True
2,1,2,5.0,1.0,乙,exception,14,3,8,0,3,0.21428571428571427,0.5714285714285714,0.0,0.21428571428571427,8,3,0.5714285714285714,0.21428571428571427,False,True
2,1,2,5.0,1.0,乙,normal,55,48,3,0,4,0.8727272727272727,0.05454545454545454,0.0,0.07272727272727272,3,48,0.05454545454545454,0.8727272727272727,False,True
2,1,2,5.0,1.0,甲,exception,19,9,10,0,0,0.47368421052631576,0.5263157894736842,0.0,0.0,9,10,0.47368421052631576,0.5263157894736842,False,True
2,1,2,5.0,1.0,甲,normal,69,59,1,0,9,0.855072463768116,0.014492753623188406,0.0,0.13043478260869565,59,1,0.855072463768116,0.014492753623188406,False,True
2,1,2,5.0,2.0,乙,exception,14,3,8,0,3,0.21428571428571427,0.5714285714285714,0.0,0.21428571428571427,8,3,0.5714285714285714,0.21428571428571427,False,True
2,1,2,5.0,2.0,乙,normal,55,48,3,0,4,0.8727272727272727,0.05454545454545454,0.0,0.07272727272727272,3,48,0.05454545454545454,0.8727272727272727,False,True
2,1,2,5.0,2.0,甲,exception,19,9,10,0,0,0.47368421052631576,0.5263157894736842,0.0,0.0,9,10,0.47368421052631576,0.5263157894736842,False,True
2,1,2,5.0,2.0,甲,normal,69,59,1,0,9,0.855072463768116,0.014492753623188406,0.0,0.13043478260869565,59,1,0.855072463768116,0.014492753623188406,False,True
2,1,2,5.0,5.0,乙,exception,14,3,8,0,3,0.21428571428571427,0.5714285714285714,0.0,0.21428571428571427,8,3,0.5714285714285714,0.21428571428571427,False,True
2,1,2,5.0,5.0,乙,normal,55,48,3,0,4,0.8727272727272727,0.05454545454545454,0.0,0.07272727272727272,3,48,0.05454545454545454,0.8727272727272727,False,True
2,1,2,5.0,5.0,甲,exception,19,9,10,0,0,0.47368421052631576,0.5263157894736842,0.0,0.0,9,10,0.47368421052631576,0.5263157894736842,False,True
2,1,2,5.0,5.0,甲,normal,69,59,1,0,9,0.855072463768116,0.014492753623188406,0.0,0.13043478260869565,59,1,0.855072463768116,0.014492753623188406,False,True
2,1,2,20.0,0.5,乙,exception,14,3,8,0,3,0.21428571428571427,0.5714285714285714,0.0,0.21428571428571427,8,3,0.5714285714285714,0.21428571428571427,False,True
2,1,2,20.0,0.5,乙,normal,55,48,3,0,4,0.8727272727272727,0.05454545454545454,0.0,0.07272727272727272,3,48,0.05454545454545454,0.8727272727272727,False,True
2,1,2,20.0,0.5,甲,exception,19,9,10,0,0,0.47368421052631576,0.5263157894736842,0.0,0.0,9,10,0.47368421052631576,0.5263157894736842,False,True
2,1,2,20.0,0.5,甲,normal,69,59,1,0,9,0.855072463768116,0.014492753623188406,0.0,0.13043478260869565,59,1,0.855072463768116,0.014492753623188406,False,True
2,1,2,20.0,1.0,乙,exception,14,3,8,0,3,0.21428571428571427,0.5714285714285714,0.0,0.21428571428571427,8,3,0.5714285714285714,0.21428571428571427,False,True
2,1,2,20.0,1.0,乙,normal,55,48,3,0,4,0.8727272727272727,0.05454545454545454,0.0,0.07272727272727272,3,48,0.05454545454545454,0.8727272727272727,False,True
2,1,2,20.0,1.0,甲,exception,19,9,10,0,0,0.47368421052631576,0.5263157894736842,0.0,0.0,9,10,0.47368421052631576,0.5263157894736842,False,True
2,1,2,20.0,1.0,甲,normal,69,59,1,0,9,0.855072463768116,0.014492753623188406,0.0,0.13043478260869565,59,1,0.855072463768116,0.014492753623188406,False,True
2,1,2,20.0,2.0,乙,exception,14,3,8,0,3,0.21428571428571427,0.5714285714285714,0.0,0.21428571428571427,8,3,0.5714285714285714,0.21428571428571427,False,True
2,1,2,20.0,2.0,乙,normal,55,48,3,0,4,0.8727272727272727,0.05454545454545454,0.0,0.07272727272727272,3,48,0.05454545454545454,0.8727272727272727,False,True
2,1,2,20.0,2.0,甲,exception,19,9,10,0,0,0.47368421052631576,0.5263157894736842,0.0,0.0,9,10,0.47368421052631576,0.5263157894736842,False,True
2,1,2,20.0,2.0,甲,normal,69,62,1,0,6,0.8985507246376812,0.014492753623188406,0.0,0.08695652173913043,62,1,0.8985507246376812,0.014492753623188406,False,True
2,1,2,20.0,5.0,乙,exception,14,4,8,0,2,0.2857142857142857,0.5714285714285714,0.0,0.14285714285714285,8,4,0.5714285714285714,0.2857142857142857,False,True
2,1,2,20.0,5.0,乙,normal,55,49,3,0,3,0.8909090909090909,0.05454545454545454,0.0,0.05454545454545454,3,49,0.05454545454545454,0.8909090909090909,False,True
2,1,2,20.0,5.0,甲,exception,19,8,11,0,0,0.42105263157894735,0.5789473684210527,0.0,0.0,8,11,0.42105263157894735,0.5789473684210527,False,True
2,1,2,20.0,5.0,甲,normal,69,61,2,0,6,0.8840579710144928,0.028985507246376812,0.0,0.08695652173913043,61,2,0.8840579710144928,0.028985507246376812,False,True
2,2,0,5.0,0.05,乙,exception,17,4,12,0,1,0.23529411764705882,0.7058823529411765,0.0,0.058823529411764705,12,4,0.7058823529411765,0.23529411764705882,False,True
2,2,0,5.0,0.05,乙,normal,61,57,1,0,3,0.9344262295081968,0.01639344262295082,0.0,0.04918032786885246,1,57,0.01639344262295082,0.9344262295081968,False,True
2,2,0,5.0,0.05,甲,exception,17,4,9,0,4,0.23529411764705882,0.5294117647058824,0.0,0.23529411764705882,4,9,0.23529411764705882,0.5294117647058824,False,True
2,2,0,5.0,0.05,甲,normal,59,57,1,0,1,0.9661016949152542,0.01694915254237288,0.0,0.01694915254237288,57,1,0.9661016949152542,0.01694915254237288,False,True
2,2,1,5.0,0.5,乙,exception,17,3,13,0,1,0.17647058823529413,0.7647058823529411,0.0,0.058823529411764705,13,3,0.7647058823529411,0.17647058823529413,False,True
2,2,1,5.0,0.5,乙,normal,61,57,1,0,3,0.9344262295081968,0.01639344262295082,0.0,0.04918032786885246,1,57,0.01639344262295082,0.9344262295081968,False,True
2,2,1,5.0,0.5,甲,exception,17,4,9,0,4,0.23529411764705882,0.5294117647058824,0.0,0.23529411764705882,4,9,0.23529411764705882,0.5294117647058824,False,True
2,2,1,5.0,0.5,甲,normal,59,57,1,0,1,0.9661016949152542,0.01694915254237288,0.0,0.01694915254237288,57,1,0.9661016949152542,0.01694915254237288,False,True
2,2,1,5.0,1.0,乙,exception,17,3,13,0,1,0.17647058823529413,0.7647058823529411,0.0,0.058823529411764705,13,3,0.7647058823529411,0.17647058823529413,False,True
2,2,1,5.0,1.0,乙,normal,61,57,1,0,3,0.9344262295081968,0.01639344262295082,0.0,0.04918032786885246,1,57,0.01639344262295082,0.9344262295081968,False,True
2,2,1,5.0,1.0,甲,exception,17,4,9,0,4,0.23529411764705882,0.5294117647058824,0.0,0.23529411764705882,4,9,0.23529411764705882,0.5294117647058824,False,True
2,2,1,5.0,1.0,甲,normal,59,57,1,0,1,0.9661016949152542,0.01694915254237288,0.0,0.01694915254237288,57,1,0.9661016949152542,0.01694915254237288,False,True
2,2,1,5.0,2.0,乙,exception,17,3,13,0,1,0.17647058823529413,0.7647058823529411,0.0,0.058823529411764705,13,3,0.7647058823529411,0.17647058823529413,False,True
2,2,1,5.0,2.0,乙,normal,61,57,1,0,3,0.9344262295081968,0.01639344262295082,0.0,0.04918032786885246,1,57,0.01639344262295082,0.9344262295081968,False,True
2,2,1,5.0,2.0,甲,exception,17,4,9,0,4,0.23529411764705882,0.5294117647058824,0.0,0.23529411764705882,4,9,0.23529411764705882,0.5294117647058824,False,True
2,2,1,5.0,2.0,甲,normal,59,57,1,0,1,0.9661016949152542,0.01694915254237288,0.0,0.01694915254237288,57,1,0.9661016949152542,0.01694915254237288,False,True
2,2,1,5.0,5.0,乙,exception,17,2,14,0,1,0.11764705882352941,0.8235294117647058,0.0,0.058823529411764705,14,2,0.8235294117647058,0.11764705882352941,False,True
2,2,1,5.0,5.0,乙,normal,61,57,1,0,3,0.9344262295081968,0.01639344262295082,0.0,0.04918032786885246,1,57,0.01639344262295082,0.9344262295081968,False,True
2,2,1,5.0,5.0,甲,exception,17,4,9,0,4,0.23529411764705882,0.5294117647058824,0.0,0.23529411764705882,4,9,0.23529411764705882,0.5294117647058824,False,True
2,2,1,5.0,5.0,甲,normal,59,57,1,0,1,0.9661016949152542,0.01694915254237288,0.0,0.01694915254237288,57,1,0.9661016949152542,0.01694915254237288,False,True
2,2,1,20.0,0.5,乙,exception,17,3,13,0,1,0.17647058823529413,0.7647058823529411,0.0,0.058823529411764705,13,3,0.7647058823529411,0.17647058823529413,False,True
2,2,1,20.0,0.5,乙,normal,61,57,1,0,3,0.9344262295081968,0.01639344262295082,0.0,0.04918032786885246,1,57,0.01639344262295082,0.9344262295081968,False,True
2,2,1,20.0,0.5,甲,exception,17,4,9,0,4,0.23529411764705882,0.5294117647058824,0.0,0.23529411764705882,4,9,0.23529411764705882,0.5294117647058824,False,True
2,2,1,20.0,0.5,甲,normal,59,57,1,0,1,0.9661016949152542,0.01694915254237288,0.0,0.01694915254237288,57,1,0.9661016949152542,0.01694915254237288,False,True
2,2,1,20.0,1.0,乙,exception,17,3,13,0,1,0.17647058823529413,0.7647058823529411,0.0,0.058823529411764705,13,3,0.7647058823529411,0.17647058823529413,False,True
2,2,1,20.0,1.0,乙,normal,61,57,1,0,3,0.9344262295081968,0.01639344262295082,0.0,0.04918032786885246,1,57,0.01639344262295082,0.9344262295081968,False,True
2,2,1,20.0,1.0,甲,exception,17,4,9,0,4,0.23529411764705882,0.5294117647058824,0.0,0.23529411764705882,4,9,0.23529411764705882,0.5294117647058824,False,True
2,2,1,20.0,1.0,甲,normal,59,57,1,0,1,0.9661016949152542,0.01694915254237288,0.0,0.01694915254237288,57,1,0.9661016949152542,0.01694915254237288,False,True
2,2,1,20.0,2.0,乙,exception,17,2,14,0,1,0.11764705882352941,0.8235294117647058,0.0,0.058823529411764705,14,2,0.8235294117647058,0.11764705882352941,False,True
2,2,1,20.0,2.0,乙,normal,61,57,1,0,3,0.9344262295081968,0.01639344262295082,0.0,0.04918032786885246,1,57,0.01639344262295082,0.9344262295081968,False,True
2,2,1,20.0,2.0,甲,exception,17,4,9,0,4,0.23529411764705882,0.5294117647058824,0.0,0.23529411764705882,4,9,0.23529411764705882,0.5294117647058824,False,True
2,2,1,20.0,2.0,甲,normal,59,57,1,0,1,0.9661016949152542,0.01694915254237288,0.0,0.01694915254237288,57,1,0.9661016949152542,0.01694915254237288,False,True
2,2,1,20.0,5.0,乙,exception,17,2,14,0,1,0.11764705882352941,0.8235294117647058,0.0,0.058823529411764705,14,2,0.8235294117647058,0.11764705882352941,False,True
2,2,1,20.0,5.0,乙,normal,61,57,1,0,3,0.9344262295081968,0.01639344262295082,0.0,0.04918032786885246,1,57,0.01639344262295082,0.9344262295081968,False,True
2,2,1,20.0,5.0,甲,exception,17,4,9,0,4,0.23529411764705882,0.5294117647058824,0.0,0.23529411764705882,4,9,0.23529411764705882,0.5294117647058824,False,True
2,2,1,20.0,5.0,甲,normal,59,57,1,0,1,0.9661016949152542,0.01694915254237288,0.0,0.01694915254237288,57,1,0.9661016949152542,0.01694915254237288,False,True
2,2,2,5.0,0.5,乙,exception,17,3,13,0,1,0.17647058823529413,0.7647058823529411,0.0,0.058823529411764705,13,3,0.7647058823529411,0.17647058823529413,False,True
2,2,2,5.0,0.5,乙,normal,61,57,1,0,3,0.9344262295081968,0.01639344262295082,0.0,0.04918032786885246,1,57,0.01639344262295082,0.9344262295081968,False,True
2,2,2,5.0,0.5,甲,exception,17,4,9,0,4,0.23529411764705882,0.5294117647058824,0.0,0.23529411764705882,4,9,0.23529411764705882,0.5294117647058824,False,True
2,2,2,5.0,0.5,甲,normal,59,57,1,0,1,0.9661016949152542,0.01694915254237288,0.0,0.01694915254237288,57,1,0.9661016949152542,0.01694915254237288,False,True
2,2,2,5.0,1.0,乙,exception,17,3,13,0,1,0.17647058823529413,0.7647058823529411,0.0,0.058823529411764705,13,3,0.7647058823529411,0.17647058823529413,False,True
2,2,2,5.0,1.0,乙,normal,61,57,1,0,3,0.9344262295081968,0.01639344262295082,0.0,0.04918032786885246,1,57,0.01639344262295082,0.9344262295081968,False,True
2,2,2,5.0,1.0,甲,exception,17,4,9,0,4,0.23529411764705882,0.5294117647058824,0.0,0.23529411764705882,4,9,0.23529411764705882,0.5294117647058824,False,True
2,2,2,5.0,1.0,甲,normal,59,57,1,0,1,0.9661016949152542,0.01694915254237288,0.0,0.01694915254237288,57,1,0.9661016949152542,0.01694915254237288,False,True
2,2,2,5.0,2.0,乙,exception,17,3,13,0,1,0.17647058823529413,0.7647058823529411,0.0,0.058823529411764705,13,3,0.7647058823529411,0.17647058823529413,False,True
2,2,2,5.0,2.0,乙,normal,61,57,1,0,3,0.9344262295081968,0.01639344262295082,0.0,0.04918032786885246,1,57,0.01639344262295082,0.9344262295081968,False,True
2,2,2,5.0,2.0,甲,exception,17,4,9,0,4,0.23529411764705882,0.5294117647058824,0.0,0.23529411764705882,4,9,0.23529411764705882,0.5294117647058824,False,True
2,2,2,5.0,2.0,甲,normal,59,57,1,0,1,0.9661016949152542,0.01694915254237288,0.0,0.01694915254237288,57,1,0.9661016949152542,0.01694915254237288,False,True
2,2,2,5.0,5.0,乙,exception,17,2,14,0,1,0.11764705882352941,0.8235294117647058,0.0,0.058823529411764705,14,2,0.8235294117647058,0.11764705882352941,False,True
2,2,2,5.0,5.0,乙,normal,61,57,1,0,3,0.9344262295081968,0.01639344262295082,0.0,0.04918032786885246,1,57,0.01639344262295082,0.9344262295081968,False,True
2,2,2,5.0,5.0,甲,exception,17,4,9,0,4,0.23529411764705882,0.5294117647058824,0.0,0.23529411764705882,4,9,0.23529411764705882,0.5294117647058824,False,True
2,2,2,5.0,5.0,甲,normal,59,57,1,0,1,0.9661016949152542,0.01694915254237288,0.0,0.01694915254237288,57,1,0.9661016949152542,0.01694915254237288,False,True
2,2,2,20.0,0.5,乙,exception,17,3,13,0,1,0.17647058823529413,0.7647058823529411,0.0,0.058823529411764705,13,3,0.7647058823529411,0.17647058823529413,False,True
2,2,2,20.0,0.5,乙,normal,61,57,1,0,3,0.9344262295081968,0.01639344262295082,0.0,0.04918032786885246,1,57,0.01639344262295082,0.9344262295081968,False,True
2,2,2,20.0,0.5,甲,exception,17,4,9,0,4,0.23529411764705882,0.5294117647058824,0.0,0.23529411764705882,4,9,0.23529411764705882,0.5294117647058824,False,True
2,2,2,20.0,0.5,甲,normal,59,57,1,0,1,0.9661016949152542,0.01694915254237288,0.0,0.01694915254237288,57,1,0.9661016949152542,0.01694915254237288,False,True
2,2,2,20.0,1.0,乙,exception,17,3,13,0,1,0.17647058823529413,0.7647058823529411,0.0,0.058823529411764705,13,3,0.7647058823529411,0.17647058823529413,False,True
2,2,2,20.0,1.0,乙,normal,61,57,1,0,3,0.9344262295081968,0.01639344262295082,0.0,0.04918032786885246,1,57,0.01639344262295082,0.9344262295081968,False,True
2,2,2,20.0,1.0,甲,exception,17,4,9,0,4,0.23529411764705882,0.5294117647058824,0.0,0.23529411764705882,4,9,0.23529411764705882,0.5294117647058824,False,True
2,2,2,20.0,1.0,甲,normal,59,57,1,0,1,0.9661016949152542,0.01694915254237288,0.0,0.01694915254237288,57,1,0.9661016949152542,0.01694915254237288,False,True
2,2,2,20.0,2.0,乙,exception,17,2,14,0,1,0.11764705882352941,0.8235294117647058,0.0,0.058823529411764705,14,2,0.8235294117647058,0.11764705882352941,False,True
2,2,2,20.0,2.0,乙,normal,61,57,1,0,3,0.9344262295081968,0.01639344262295082,0.0,0.04918032786885246,1,57,0.01639344262295082,0.9344262295081968,False,True
2,2,2,20.0,2.0,甲,exception,17,4,9,0,4,0.23529411764705882,0.5294117647058824,0.0,0.23529411764705882,4,9,0.23529411764705882,0.5294117647058824,False,True
2,2,2,20.0,2.0,甲,normal,59,57,1,0,1,0.9661016949152542,0.01694915254237288,0.0,0.01694915254237288,57,1,0.9661016949152542,0.01694915254237288,False,True
2,2,2,20.0,5.0,乙,exception,17,2,14,0,1,0.11764705882352941,0.8235294117647058,0.0,0.058823529411764705,14,2,0.8235294117647058,0.11764705882352941,False,True
2,2,2,20.0,5.0,乙,normal,61,57,1,0,3,0.9344262295081968,0.01639344262295082,0.0,0.04918032786885246,1,57,0.01639344262295082,0.9344262295081968,False,True
2,2,2,20.0,5.0,甲,exception,17,4,9,0,4,0.23529411764705882,0.5294117647058824,0.0,0.23529411764705882,4,9,0.23529411764705882,0.5294117647058824,False,True
2,2,2,20.0,5.0,甲,normal,59,57,1,0,1,0.9661016949152542,0.01694915254237288,0.0,0.01694915254237288,57,1,0.9661016949152542,0.01694915254237288,False,True
2,3,0,5.0,0.05,乙,exception,14,2,9,0,3,0.14285714285714285,0.6428571428571429,0.0,0.21428571428571427,9,2,0.6428571428571429,0.14285714285714285,False,True
2,3,0,5.0,0.05,乙,normal,65,61,0,0,4,0.9384615384615385,0.0,0.0,0.06153846153846154,0,61,0.0,0.9384615384615385,False,True
2,3,0,5.0,0.05,甲,exception,19,5,14,0,0,0.2631578947368421,0.7368421052631579,0.0,0.0,5,14,0.2631578947368421,0.7368421052631579,False,True
2,3,0,5.0,0.05,甲,normal,78,74,3,0,1,0.9487179487179487,0.038461538461538464,0.0,0.01282051282051282,74,3,0.9487179487179487,0.038461538461538464,False,True
2,3,1,5.0,0.5,乙,exception,14,2,9,0,3,0.14285714285714285,0.6428571428571429,0.0,0.21428571428571427,9,2,0.6428571428571429,0.14285714285714285,False,True
2,3,1,5.0,0.5,乙,normal,65,61,0,0,4,0.9384615384615385,0.0,0.0,0.06153846153846154,0,61,0.0,0.9384615384615385,False,True
2,3,1,5.0,0.5,甲,exception,19,5,14,0,0,0.2631578947368421,0.7368421052631579,0.0,0.0,5,14,0.2631578947368421,0.7368421052631579,False,True
2,3,1,5.0,0.5,甲,normal,78,74,3,0,1,0.9487179487179487,0.038461538461538464,0.0,0.01282051282051282,74,3,0.9487179487179487,0.038461538461538464,False,True
2,3,1,5.0,1.0,乙,exception,14,2,9,0,3,0.14285714285714285,0.6428571428571429,0.0,0.21428571428571427,9,2,0.6428571428571429,0.14285714285714285,False,True
2,3,1,5.0,1.0,乙,normal,65,61,0,0,4,0.9384615384615385,0.0,0.0,0.06153846153846154,0,61,0.0,0.9384615384615385,False,True
2,3,1,5.0,1.0,甲,exception,19,5,14,0,0,0.2631578947368421,0.7368421052631579,0.0,0.0,5,14,0.2631578947368421,0.7368421052631579,False,True
2,3,1,5.0,1.0,甲,normal,78,74,3,0,1,0.9487179487179487,0.038461538461538464,0.0,0.01282051282051282,74,3,0.9487179487179487,0.038461538461538464,False,True
2,3,1,5.0,2.0,乙,exception,14,2,9,0,3,0.14285714285714285,0.6428571428571429,0.0,0.21428571428571427,9,2,0.6428571428571429,0.14285714285714285,False,True
2,3,1,5.0,2.0,乙,normal,65,61,0,0,4,0.9384615384615385,0.0,0.0,0.06153846153846154,0,61,0.0,0.9384615384615385,False,True
2,3,1,5.0,2.0,甲,exception,19,5,14,0,0,0.2631578947368421,0.7368421052631579,0.0,0.0,5,14,0.2631578947368421,0.7368421052631579,False,True
2,3,1,5.0,2.0,甲,normal,78,74,3,0,1,0.9487179487179487,0.038461538461538464,0.0,0.01282051282051282,74,3,0.9487179487179487,0.038461538461538464,False,True
2,3,1,5.0,5.0,乙,exception,14,2,9,0,3,0.14285714285714285,0.6428571428571429,0.0,0.21428571428571427,9,2,0.6428571428571429,0.14285714285714285,False,True
2,3,1,5.0,5.0,乙,normal,65,61,0,0,4,0.9384615384615385,0.0,0.0,0.06153846153846154,0,61,0.0,0.9384615384615385,False,True
2,3,1,5.0,5.0,甲,exception,19,5,14,0,0,0.2631578947368421,0.7368421052631579,0.0,0.0,5,14,0.2631578947368421,0.7368421052631579,False,True
2,3,1,5.0,5.0,甲,normal,78,74,3,0,1,0.9487179487179487,0.038461538461538464,0.0,0.01282051282051282,74,3,0.9487179487179487,0.038461538461538464,False,True
2,3,1,20.0,0.5,乙,exception,14,2,9,0,3,0.14285714285714285,0.6428571428571429,0.0,0.21428571428571427,9,2,0.6428571428571429,0.14285714285714285,False,True
2,3,1,20.0,0.5,乙,normal,65,61,0,0,4,0.9384615384615385,0.0,0.0,0.06153846153846154,0,61,0.0,0.9384615384615385,False,True
2,3,1,20.0,0.5,甲,exception,19,5,14,0,0,0.2631578947368421,0.7368421052631579,0.0,0.0,5,14,0.2631578947368421,0.7368421052631579,False,True
2,3,1,20.0,0.5,甲,normal,78,74,3,0,1,0.9487179487179487,0.038461538461538464,0.0,0.01282051282051282,74,3,0.9487179487179487,0.038461538461538464,False,True
2,3,1,20.0,1.0,乙,exception,14,2,9,0,3,0.14285714285714285,0.6428571428571429,0.0,0.21428571428571427,9,2,0.6428571428571429,0.14285714285714285,False,True
2,3,1,20.0,1.0,乙,normal,65,61,0,0,4,0.9384615384615385,0.0,0.0,0.06153846153846154,0,61,0.0,0.9384615384615385,False,True
2,3,1,20.0,1.0,甲,exception,19,5,14,0,0,0.2631578947368421,0.7368421052631579,0.0,0.0,5,14,0.2631578947368421,0.7368421052631579,False,True
2,3,1,20.0,1.0,甲,normal,78,74,3,0,1,0.9487179487179487,0.038461538461538464,0.0,0.01282051282051282,74,3,0.9487179487179487,0.038461538461538464,False,True
2,3,1,20.0,2.0,乙,exception,14,2,9,0,3,0.14285714285714285,0.6428571428571429,0.0,0.21428571428571427,9,2,0.6428571428571429,0.14285714285714285,False,True
2,3,1,20.0,2.0,乙,normal,65,61,0,0,4,0.9384615384615385,0.0,0.0,0.06153846153846154,0,61,0.0,0.9384615384615385,False,True
2,3,1,20.0,2.0,甲,exception,19,5,14,0,0,0.2631578947368421,0.7368421052631579,0.0,0.0,5,14,0.2631578947368421,0.7368421052631579,False,True
2,3,1,20.0,2.0,甲,normal,78,74,3,0,1,0.9487179487179487,0.038461538461538464,0.0,0.01282051282051282,74,3,0.9487179487179487,0.038461538461538464,False,True
2,3,1,20.0,5.0,乙,exception,14,2,9,0,3,0.14285714285714285,0.6428571428571429,0.0,0.21428571428571427,9,2,0.6428571428571429,0.14285714285714285,False,True
2,3,1,20.0,5.0,乙,normal,65,63,0,0,2,0.9692307692307692,0.0,0.0,0.03076923076923077,0,63,0.0,0.9692307692307692,False,True
2,3,1,20.0,5.0,甲,exception,19,5,14,0,0,0.2631578947368421,0.7368421052631579,0.0,0.0,5,14,0.2631578947368421,0.7368421052631579,False,True
2,3,1,20.0,5.0,甲,normal,78,74,3,0,1,0.9487179487179487,0.038461538461538464,0.0,0.01282051282051282,74,3,0.9487179487179487,0.038461538461538464,False,True
2,3,2,5.0,0.5,乙,exception,14,2,9,0,3,0.14285714285714285,0.6428571428571429,0.0,0.21428571428571427,9,2,0.6428571428571429,0.14285714285714285,False,True
2,3,2,5.0,0.5,乙,normal,65,61,0,0,4,0.9384615384615385,0.0,0.0,0.06153846153846154,0,61,0.0,0.9384615384615385,False,True
2,3,2,5.0,0.5,甲,exception,19,5,14,0,0,0.2631578947368421,0.7368421052631579,0.0,0.0,5,14,0.2631578947368421,0.7368421052631579,False,True
2,3,2,5.0,0.5,甲,normal,78,74,3,0,1,0.9487179487179487,0.038461538461538464,0.0,0.01282051282051282,74,3,0.9487179487179487,0.038461538461538464,False,True
2,3,2,5.0,1.0,乙,exception,14,2,9,0,3,0.14285714285714285,0.6428571428571429,0.0,0.21428571428571427,9,2,0.6428571428571429,0.14285714285714285,False,True
2,3,2,5.0,1.0,乙,normal,65,61,0,0,4,0.9384615384615385,0.0,0.0,0.06153846153846154,0,61,0.0,0.9384615384615385,False,True
2,3,2,5.0,1.0,甲,exception,19,5,14,0,0,0.2631578947368421,0.7368421052631579,0.0,0.0,5,14,0.2631578947368421,0.7368421052631579,False,True
2,3,2,5.0,1.0,甲,normal,78,74,3,0,1,0.9487179487179487,0.038461538461538464,0.0,0.01282051282051282,74,3,0.9487179487179487,0.038461538461538464,False,True
2,3,2,5.0,2.0,乙,exception,14,2,9,0,3,0.14285714285714285,0.6428571428571429,0.0,0.21428571428571427,9,2,0.6428571428571429,0.14285714285714285,False,True
2,3,2,5.0,2.0,乙,normal,65,61,0,0,4,0.9384615384615385,0.0,0.0,0.06153846153846154,0,61,0.0,0.9384615384615385,False,True
2,3,2,5.0,2.0,甲,exception,19,5,14,0,0,0.2631578947368421,0.7368421052631579,0.0,0.0,5,14,0.2631578947368421,0.7368421052631579,False,True
2,3,2,5.0,2.0,甲,normal,78,74,3,0,1,0.9487179487179487,0.038461538461538464,0.0,0.01282051282051282,74,3,0.9487179487179487,0.038461538461538464,False,True
2,3,2,5.0,5.0,乙,exception,14,2,9,0,3,0.14285714285714285,0.6428571428571429,0.0,0.21428571428571427,9,2,0.6428571428571429,0.14285714285714285,False,True
2,3,2,5.0,5.0,乙,normal,65,61,0,0,4,0.9384615384615385,0.0,0.0,0.06153846153846154,0,61,0.0,0.9384615384615385,False,True
2,3,2,5.0,5.0,甲,exception,19,5,14,0,0,0.2631578947368421,0.7368421052631579,0.0,0.0,5,14,0.2631578947368421,0.7368421052631579,False,True
2,3,2,5.0,5.0,甲,normal,78,74,3,0,1,0.9487179487179487,0.038461538461538464,0.0,0.01282051282051282,74,3,0.9487179487179487,0.038461538461538464,False,True
2,3,2,20.0,0.5,乙,exception,14,2,9,0,3,0.14285714285714285,0.6428571428571429,0.0,0.21428571428571427,9,2,0.6428571428571429,0.14285714285714285,False,True
2,3,2,20.0,0.5,乙,normal,65,61,0,0,4,0.9384615384615385,0.0,0.0,0.06153846153846154,0,61,0.0,0.9384615384615385,False,True
2,3,2,20.0,0.5,甲,exception,19,5,14,0,0,0.2631578947368421,0.7368421052631579,0.0,0.0,5,14,0.2631578947368421,0.7368421052631579,False,True
2,3,2,20.0,0.5,甲,normal,78,74,3,0,1,0.9487179487179487,0.038461538461538464,0.0,0.01282051282051282,74,3,0.9487179487179487,0.038461538461538464,False,True
2,3,2,20.0,1.0,乙,exception,14,2,9,0,3,0.14285714285714285,0.6428571428571429,0.0,0.21428571428571427,9,2,0.6428571428571429,0.14285714285714285,False,True
2,3,2,20.0,1.0,乙,normal,65,61,0,0,4,0.9384615384615385,0.0,0.0,0.06153846153846154,0,61,0.0,0.9384615384615385,False,True
2,3,2,20.0,1.0,甲,exception,19,5,14,0,0,0.2631578947368421,0.7368421052631579,0.0,0.0,5,14,0.2631578947368421,0.7368421052631579,False,True
2,3,2,20.0,1.0,甲,normal,78,74,3,0,1,0.9487179487179487,0.038461538461538464,0.0,0.01282051282051282,74,3,0.9487179487179487,0.038461538461538464,False,True
2,3,2,20.0,2.0,乙,exception,14,2,9,0,3,0.14285714285714285,0.6428571428571429,0.0,0.21428571428571427,9,2,0.6428571428571429,0.14285714285714285,False,True
2,3,2,20.0,2.0,乙,normal,65,61,0,0,4,0.9384615384615385,0.0,0.0,0.06153846153846154,0,61,0.0,0.9384615384615385,False,True
2,3,2,20.0,2.0,甲,exception,19,5,14,0,0,0.2631578947368421,0.7368421052631579,0.0,0.0,5,14,0.2631578947368421,0.7368421052631579,False,True
2,3,2,20.0,2.0,甲,normal,78,74,3,0,1,0.9487179487179487,0.038461538461538464,0.0,0.01282051282051282,74,3,0.9487179487179487,0.038461538461538464,False,True
2,3,2,20.0,5.0,乙,exception,14,2,9,0,3,0.14285714285714285,0.6428571428571429,0.0,0.21428571428571427,9,2,0.6428571428571429,0.14285714285714285,False,True
2,3,2,20.0,5.0,乙,normal,65,61,0,0,4,0.9384615384615385,0.0,0.0,0.06153846153846154,0,61,0.0,0.9384615384615385,False,True
2,3,2,20.0,5.0,甲,exception,19,5,14,0,0,0.2631578947368421,0.7368421052631579,0.0,0.0,5,14,0.2631578947368421,0.7368421052631579,False,True
2,3,2,20.0,5.0,甲,normal,78,74,3,0,1,0.9487179487179487,0.038461538461538464,0.0,0.01282051282051282,74,3,0.9487179487179487,0.038461538461538464,False,True
2,4,0,5.0,0.05,乙,exception,5,1,4,0,0,0.2,0.8,0.0,0.0,4,1,0.8,0.2,False,True
2,4,0,5.0,0.05,乙,normal,60,55,5,0,0,0.9166666666666666,0.08333333333333333,0.0,0.0,5,55,0.08333333333333333,0.9166666666666666,False,True
2,4,0,5.0,0.05,甲,exception,18,6,12,0,0,0.3333333333333333,0.6666666666666666,0.0,0.0,6,12,0.3333333333333333,0.6666666666666666,False,True
2,4,0,5.0,0.05,甲,normal,56,52,3,0,1,0.9285714285714286,0.05357142857142857,0.0,0.017857142857142856,52,3,0.9285714285714286,0.05357142857142857,False,True
2,4,1,5.0,0.5,乙,exception,5,1,4,0,0,0.2,0.8,0.0,0.0,4,1,0.8,0.2,False,True
2,4,1,5.0,0.5,乙,normal,60,55,5,0,0,0.9166666666666666,0.08333333333333333,0.0,0.0,5,55,0.08333333333333333,0.9166666666666666,False,True
2,4,1,5.0,0.5,甲,exception,18,6,12,0,0,0.3333333333333333,0.6666666666666666,0.0,0.0,6,12,0.3333333333333333,0.6666666666666666,False,True
2,4,1,5.0,0.5,甲,normal,56,52,3,0,1,0.9285714285714286,0.05357142857142857,0.0,0.017857142857142856,52,3,0.9285714285714286,0.05357142857142857,False,True
2,4,1,5.0,1.0,乙,exception,5,1,4,0,0,0.2,0.8,0.0,0.0,4,1,0.8,0.2,False,True
2,4,1,5.0,1.0,乙,normal,60,55,5,0,0,0.9166666666666666,0.08333333333333333,0.0,0.0,5,55,0.08333333333333333,0.9166666666666666,False,True
2,4,1,5.0,1.0,甲,exception,18,6,12,0,0,0.3333333333333333,0.6666666666666666,0.0,0.0,6,12,0.3333333333333333,0.6666666666666666,False,True
2,4,1,5.0,1.0,甲,normal,56,52,3,0,1,0.9285714285714286,0.05357142857142857,0.0,0.017857142857142856,52,3,0.9285714285714286,0.05357142857142857,False,True
2,4,1,5.0,2.0,乙,exception,5,1,4,0,0,0.2,0.8,0.0,0.0,4,1,0.8,0.2,False,True
2,4,1,5.0,2.0,乙,normal,60,55,5,0,0,0.9166666666666666,0.08333333333333333,0.0,0.0,5,55,0.08333333333333333,0.9166666666666666,False,True
2,4,1,5.0,2.0,甲,exception,18,6,12,0,0,0.3333333333333333,0.6666666666666666,0.0,0.0,6,12,0.3333333333333333,0.6666666666666666,False,True
2,4,1,5.0,2.0,甲,normal,56,52,3,0,1,0.9285714285714286,0.05357142857142857,0.0,0.017857142857142856,52,3,0.9285714285714286,0.05357142857142857,False,True
2,4,1,5.0,5.0,乙,exception,5,1,4,0,0,0.2,0.8,0.0,0.0,4,1,0.8,0.2,False,True
2,4,1,5.0,5.0,乙,normal,60,55,5,0,0,0.9166666666666666,0.08333333333333333,0.0,0.0,5,55,0.08333333333333333,0.9166666666666666,False,True
2,4,1,5.0,5.0,甲,exception,18,5,13,0,0,0.2777777777777778,0.7222222222222222,0.0,0.0,5,13,0.2777777777777778,0.7222222222222222,False,True
2,4,1,5.0,5.0,甲,normal,56,52,3,0,1,0.9285714285714286,0.05357142857142857,0.0,0.017857142857142856,52,3,0.9285714285714286,0.05357142857142857,False,True
2,4,1,20.0,0.5,乙,exception,5,1,4,0,0,0.2,0.8,0.0,0.0,4,1,0.8,0.2,False,True
2,4,1,20.0,0.5,乙,normal,60,55,5,0,0,0.9166666666666666,0.08333333333333333,0.0,0.0,5,55,0.08333333333333333,0.9166666666666666,False,True
2,4,1,20.0,0.5,甲,exception,18,6,12,0,0,0.3333333333333333,0.6666666666666666,0.0,0.0,6,12,0.3333333333333333,0.6666666666666666,False,True
2,4,1,20.0,0.5,甲,normal,56,52,3,0,1,0.9285714285714286,0.05357142857142857,0.0,0.017857142857142856,52,3,0.9285714285714286,0.05357142857142857,False,True
2,4,1,20.0,1.0,乙,exception,5,1,4,0,0,0.2,0.8,0.0,0.0,4,1,0.8,0.2,False,True
2,4,1,20.0,1.0,乙,normal,60,55,5,0,0,0.9166666666666666,0.08333333333333333,0.0,0.0,5,55,0.08333333333333333,0.9166666666666666,False,True
2,4,1,20.0,1.0,甲,exception,18,6,12,0,0,0.3333333333333333,0.6666666666666666,0.0,0.0,6,12,0.3333333333333333,0.6666666666666666,False,True
2,4,1,20.0,1.0,甲,normal,56,52,3,0,1,0.9285714285714286,0.05357142857142857,0.0,0.017857142857142856,52,3,0.9285714285714286,0.05357142857142857,False,True
2,4,1,20.0,2.0,乙,exception,5,1,4,0,0,0.2,0.8,0.0,0.0,4,1,0.8,0.2,False,True
2,4,1,20.0,2.0,乙,normal,60,55,5,0,0,0.9166666666666666,0.08333333333333333,0.0,0.0,5,55,0.08333333333333333,0.9166666666666666,False,True
2,4,1,20.0,2.0,甲,exception,18,6,12,0,0,0.3333333333333333,0.6666666666666666,0.0,0.0,6,12,0.3333333333333333,0.6666666666666666,False,True
2,4,1,20.0,2.0,甲,normal,56,52,3,0,1,0.9285714285714286,0.05357142857142857,0.0,0.017857142857142856,52,3,0.9285714285714286,0.05357142857142857,False,True
2,4,1,20.0,5.0,乙,exception,5,1,4,0,0,0.2,0.8,0.0,0.0,4,1,0.8,0.2,False,True
2,4,1,20.0,5.0,乙,normal,60,55,5,0,0,0.9166666666666666,0.08333333333333333,0.0,0.0,5,55,0.08333333333333333,0.9166666666666666,False,True
2,4,1,20.0,5.0,甲,exception,18,5,13,0,0,0.2777777777777778,0.7222222222222222,0.0,0.0,5,13,0.2777777777777778,0.7222222222222222,False,True
2,4,1,20.0,5.0,甲,normal,56,52,3,0,1,0.9285714285714286,0.05357142857142857,0.0,0.017857142857142856,52,3,0.9285714285714286,0.05357142857142857,False,True
2,4,2,5.0,0.5,乙,exception,5,1,4,0,0,0.2,0.8,0.0,0.0,4,1,0.8,0.2,False,True
2,4,2,5.0,0.5,乙,normal,60,55,5,0,0,0.9166666666666666,0.08333333333333333,0.0,0.0,5,55,0.08333333333333333,0.9166666666666666,False,True
2,4,2,5.0,0.5,甲,exception,18,6,12,0,0,0.3333333333333333,0.6666666666666666,0.0,0.0,6,12,0.3333333333333333,0.6666666666666666,False,True
2,4,2,5.0,0.5,甲,normal,56,52,3,0,1,0.9285714285714286,0.05357142857142857,0.0,0.017857142857142856,52,3,0.9285714285714286,0.05357142857142857,False,True
2,4,2,5.0,1.0,乙,exception,5,1,4,0,0,0.2,0.8,0.0,0.0,4,1,0.8,0.2,False,True
2,4,2,5.0,1.0,乙,normal,60,55,5,0,0,0.9166666666666666,0.08333333333333333,0.0,0.0,5,55,0.08333333333333333,0.9166666666666666,False,True
2,4,2,5.0,1.0,甲,exception,18,6,12,0,0,0.3333333333333333,0.6666666666666666,0.0,0.0,6,12,0.3333333333333333,0.6666666666666666,False,True
2,4,2,5.0,1.0,甲,normal,56,52,3,0,1,0.9285714285714286,0.05357142857142857,0.0,0.017857142857142856,52,3,0.9285714285714286,0.05357142857142857,False,True
2,4,2,5.0,2.0,乙,exception,5,1,4,0,0,0.2,0.8,0.0,0.0,4,1,0.8,0.2,False,True
2,4,2,5.0,2.0,乙,normal,60,55,5,0,0,0.9166666666666666,0.08333333333333333,0.0,0.0,5,55,0.08333333333333333,0.9166666666666666,False,True
2,4,2,5.0,2.0,甲,exception,18,6,12,0,0,0.3333333333333333,0.6666666666666666,0.0,0.0,6,12,0.3333333333333333,0.6666666666666666,False,True
2,4,2,5.0,2.0,甲,normal,56,52,3,0,1,0.9285714285714286,0.05357142857142857,0.0,0.017857142857142856,52,3,0.9285714285714286,0.05357142857142857,False,True
2,4,2,5.0,5.0,乙,exception,5,1,4,0,0,0.2,0.8,0.0,0.0,4,1,0.8,0.2,False,True
2,4,2,5.0,5.0,乙,normal,60,55,5,0,0,0.9166666666666666,0.08333333333333333,0.0,0.0,5,55,0.08333333333333333,0.9166666666666666,False,True
2,4,2,5.0,5.0,甲,exception,18,6,12,0,0,0.3333333333333333,0.6666666666666666,0.0,0.0,6,12,0.3333333333333333,0.6666666666666666,False,True
2,4,2,5.0,5.0,甲,normal,56,52,3,0,1,0.9285714285714286,0.05357142857142857,0.0,0.017857142857142856,52,3,0.9285714285714286,0.05357142857142857,False,True
2,4,2,20.0,0.5,乙,exception,5,1,4,0,0,0.2,0.8,0.0,0.0,4,1,0.8,0.2,False,True
2,4,2,20.0,0.5,乙,normal,60,55,5,0,0,0.9166666666666666,0.08333333333333333,0.0,0.0,5,55,0.08333333333333333,0.9166666666666666,False,True
2,4,2,20.0,0.5,甲,exception,18,6,12,0,0,0.3333333333333333,0.6666666666666666,0.0,0.0,6,12,0.3333333333333333,0.6666666666666666,False,True
2,4,2,20.0,0.5,甲,normal,56,52,3,0,1,0.9285714285714286,0.05357142857142857,0.0,0.017857142857142856,52,3,0.9285714285714286,0.05357142857142857,False,True
2,4,2,20.0,1.0,乙,exception,5,1,4,0,0,0.2,0.8,0.0,0.0,4,1,0.8,0.2,False,True
2,4,2,20.0,1.0,乙,normal,60,55,5,0,0,0.9166666666666666,0.08333333333333333,0.0,0.0,5,55,0.08333333333333333,0.9166666666666666,False,True
2,4,2,20.0,1.0,甲,exception,18,6,12,0,0,0.3333333333333333,0.6666666666666666,0.0,0.0,6,12,0.3333333333333333,0.6666666666666666,False,True
2,4,2,20.0,1.0,甲,normal,56,52,3,0,1,0.9285714285714286,0.05357142857142857,0.0,0.017857142857142856,52,3,0.9285714285714286,0.05357142857142857,False,True
2,4,2,20.0,2.0,乙,exception,5,1,4,0,0,0.2,0.8,0.0,0.0,4,1,0.8,0.2,False,True
2,4,2,20.0,2.0,乙,normal,60,55,5,0,0,0.9166666666666666,0.08333333333333333,0.0,0.0,5,55,0.08333333333333333,0.9166666666666666,False,True
2,4,2,20.0,2.0,甲,exception,18,6,12,0,0,0.3333333333333333,0.6666666666666666,0.0,0.0,6,12,0.3333333333333333,0.6666666666666666,False,True
2,4,2,20.0,2.0,甲,normal,56,52,3,0,1,0.9285714285714286,0.05357142857142857,0.0,0.017857142857142856,52,3,0.9285714285714286,0.05357142857142857,False,True
2,4,2,20.0,5.0,乙,exception,5,1,4,0,0,0.2,0.8,0.0,0.0,4,1,0.8,0.2,False,True
2,4,2,20.0,5.0,乙,normal,60,55,5,0,0,0.9166666666666666,0.08333333333333333,0.0,0.0,5,55,0.08333333333333333,0.9166666666666666,False,True
2,4,2,20.0,5.0,甲,exception,18,5,13,0,0,0.2777777777777778,0.7222222222222222,0.0,0.0,5,13,0.2777777777777778,0.7222222222222222,False,True
2,4,2,20.0,5.0,甲,normal,56,52,3,0,1,0.9285714285714286,0.05357142857142857,0.0,0.017857142857142856,52,3,0.9285714285714286,0.05357142857142857,False,True
2,5,0,5.0,0.05,乙,exception,21,1,19,0,1,0.047619047619047616,0.9047619047619048,0.0,0.047619047619047616,19,1,0.9047619047619048,0.047619047619047616,False,True
2,5,0,5.0,0.05,乙,normal,67,62,3,0,2,0.9253731343283582,0.04477611940298507,0.0,0.029850746268656716,3,62,0.04477611940298507,0.9253731343283582,False,True
2,5,0,5.0,0.05,甲,exception,19,3,16,0,0,0.15789473684210525,0.8421052631578947,0.0,0.0,3,16,0.15789473684210525,0.8421052631578947,False,True
2,5,0,5.0,0.05,甲,normal,64,61,2,0,1,0.953125,0.03125,0.0,0.015625,61,2,0.953125,0.03125,False,True
2,5,1,5.0,0.5,乙,exception,21,1,19,0,1,0.047619047619047616,0.9047619047619048,0.0,0.047619047619047616,19,1,0.9047619047619048,0.047619047619047616,False,True
2,5,1,5.0,0.5,乙,normal,67,62,3,0,2,0.9253731343283582,0.04477611940298507,0.0,0.029850746268656716,3,62,0.04477611940298507,0.9253731343283582,False,True
2,5,1,5.0,0.5,甲,exception,19,3,16,0,0,0.15789473684210525,0.8421052631578947,0.0,0.0,3,16,0.15789473684210525,0.8421052631578947,False,True
2,5,1,5.0,0.5,甲,normal,64,61,2,0,1,0.953125,0.03125,0.0,0.015625,61,2,0.953125,0.03125,False,True
2,5,1,5.0,1.0,乙,exception,21,1,19,0,1,0.047619047619047616,0.9047619047619048,0.0,0.047619047619047616,19,1,0.9047619047619048,0.047619047619047616,False,True
2,5,1,5.0,1.0,乙,normal,67,62,3,0,2,0.9253731343283582,0.04477611940298507,0.0,0.029850746268656716,3,62,0.04477611940298507,0.9253731343283582,False,True
2,5,1,5.0,1.0,甲,exception,19,3,16,0,0,0.15789473684210525,0.8421052631578947,0.0,0.0,3,16,0.15789473684210525,0.8421052631578947,False,True
2,5,1,5.0,1.0,甲,normal,64,61,2,0,1,0.953125,0.03125,0.0,0.015625,61,2,0.953125,0.03125,False,True
2,5,1,5.0,2.0,乙,exception,21,1,19,0,1,0.047619047619047616,0.9047619047619048,0.0,0.047619047619047616,19,1,0.9047619047619048,0.047619047619047616,False,True
2,5,1,5.0,2.0,乙,normal,67,62,3,0,2,0.9253731343283582,0.04477611940298507,0.0,0.029850746268656716,3,62,0.04477611940298507,0.9253731343283582,False,True
2,5,1,5.0,2.0,甲,exception,19,3,16,0,0,0.15789473684210525,0.8421052631578947,0.0,0.0,3,16,0.15789473684210525,0.8421052631578947,False,True
2,5,1,5.0,2.0,甲,normal,64,61,2,0,1,0.953125,0.03125,0.0,0.015625,61,2,0.953125,0.03125,False,True
2,5,1,5.0,5.0,乙,exception,21,1,19,0,1,0.047619047619047616,0.9047619047619048,0.0,0.047619047619047616,19,1,0.9047619047619048,0.047619047619047616,False,True
2,5,1,5.0,5.0,乙,normal,67,62,3,0,2,0.9253731343283582,0.04477611940298507,0.0,0.029850746268656716,3,62,0.04477611940298507,0.9253731343283582,False,True
2,5,1,5.0,5.0,甲,exception,19,2,17,0,0,0.10526315789473684,0.8947368421052632,0.0,0.0,2,17,0.10526315789473684,0.8947368421052632,False,True
2,5,1,5.0,5.0,甲,normal,64,61,1,0,2,0.953125,0.015625,0.0,0.03125,61,1,0.953125,0.015625,False,True
2,5,1,20.0,0.5,乙,exception,21,1,19,0,1,0.047619047619047616,0.9047619047619048,0.0,0.047619047619047616,19,1,0.9047619047619048,0.047619047619047616,False,True
2,5,1,20.0,0.5,乙,normal,67,62,3,0,2,0.9253731343283582,0.04477611940298507,0.0,0.029850746268656716,3,62,0.04477611940298507,0.9253731343283582,False,True
2,5,1,20.0,0.5,甲,exception,19,3,16,0,0,0.15789473684210525,0.8421052631578947,0.0,0.0,3,16,0.15789473684210525,0.8421052631578947,False,True
2,5,1,20.0,0.5,甲,normal,64,61,2,0,1,0.953125,0.03125,0.0,0.015625,61,2,0.953125,0.03125,False,True
2,5,1,20.0,1.0,乙,exception,21,1,19,0,1,0.047619047619047616,0.9047619047619048,0.0,0.047619047619047616,19,1,0.9047619047619048,0.047619047619047616,False,True
2,5,1,20.0,1.0,乙,normal,67,62,3,0,2,0.9253731343283582,0.04477611940298507,0.0,0.029850746268656716,3,62,0.04477611940298507,0.9253731343283582,False,True
2,5,1,20.0,1.0,甲,exception,19,3,16,0,0,0.15789473684210525,0.8421052631578947,0.0,0.0,3,16,0.15789473684210525,0.8421052631578947,False,True
2,5,1,20.0,1.0,甲,normal,64,61,2,0,1,0.953125,0.03125,0.0,0.015625,61,2,0.953125,0.03125,False,True
2,5,1,20.0,2.0,乙,exception,21,1,19,0,1,0.047619047619047616,0.9047619047619048,0.0,0.047619047619047616,19,1,0.9047619047619048,0.047619047619047616,False,True
2,5,1,20.0,2.0,乙,normal,67,62,3,0,2,0.9253731343283582,0.04477611940298507,0.0,0.029850746268656716,3,62,0.04477611940298507,0.9253731343283582,False,True
2,5,1,20.0,2.0,甲,exception,19,3,16,0,0,0.15789473684210525,0.8421052631578947,0.0,0.0,3,16,0.15789473684210525,0.8421052631578947,False,True
2,5,1,20.0,2.0,甲,normal,64,61,2,0,1,0.953125,0.03125,0.0,0.015625,61,2,0.953125,0.03125,False,True
2,5,1,20.0,5.0,乙,exception,21,1,19,0,1,0.047619047619047616,0.9047619047619048,0.0,0.047619047619047616,19,1,0.9047619047619048,0.047619047619047616,False,True
2,5,1,20.0,5.0,乙,normal,67,63,2,0,2,0.9402985074626866,0.029850746268656716,0.0,0.029850746268656716,2,63,0.029850746268656716,0.9402985074626866,False,True
2,5,1,20.0,5.0,甲,exception,19,2,17,0,0,0.10526315789473684,0.8947368421052632,0.0,0.0,2,17,0.10526315789473684,0.8947368421052632,False,True
2,5,1,20.0,5.0,甲,normal,64,61,1,0,2,0.953125,0.015625,0.0,0.03125,61,1,0.953125,0.015625,False,True
2,5,2,5.0,0.5,乙,exception,21,1,19,0,1,0.047619047619047616,0.9047619047619048,0.0,0.047619047619047616,19,1,0.9047619047619048,0.047619047619047616,False,True
2,5,2,5.0,0.5,乙,normal,67,62,3,0,2,0.9253731343283582,0.04477611940298507,0.0,0.029850746268656716,3,62,0.04477611940298507,0.9253731343283582,False,True
2,5,2,5.0,0.5,甲,exception,19,3,16,0,0,0.15789473684210525,0.8421052631578947,0.0,0.0,3,16,0.15789473684210525,0.8421052631578947,False,True
2,5,2,5.0,0.5,甲,normal,64,61,2,0,1,0.953125,0.03125,0.0,0.015625,61,2,0.953125,0.03125,False,True
2,5,2,5.0,1.0,乙,exception,21,1,19,0,1,0.047619047619047616,0.9047619047619048,0.0,0.047619047619047616,19,1,0.9047619047619048,0.047619047619047616,False,True
2,5,2,5.0,1.0,乙,normal,67,62,3,0,2,0.9253731343283582,0.04477611940298507,0.0,0.029850746268656716,3,62,0.04477611940298507,0.9253731343283582,False,True
2,5,2,5.0,1.0,甲,exception,19,3,16,0,0,0.15789473684210525,0.8421052631578947,0.0,0.0,3,16,0.15789473684210525,0.8421052631578947,False,True
2,5,2,5.0,1.0,甲,normal,64,61,2,0,1,0.953125,0.03125,0.0,0.015625,61,2,0.953125,0.03125,False,True
2,5,2,5.0,2.0,乙,exception,21,1,19,0,1,0.047619047619047616,0.9047619047619048,0.0,0.047619047619047616,19,1,0.9047619047619048,0.047619047619047616,False,True
2,5,2,5.0,2.0,乙,normal,67,62,3,0,2,0.9253731343283582,0.04477611940298507,0.0,0.029850746268656716,3,62,0.04477611940298507,0.9253731343283582,False,True
2,5,2,5.0,2.0,甲,exception,19,3,16,0,0,0.15789473684210525,0.8421052631578947,0.0,0.0,3,16,0.15789473684210525,0.8421052631578947,False,True
2,5,2,5.0,2.0,甲,normal,64,61,2,0,1,0.953125,0.03125,0.0,0.015625,61,2,0.953125,0.03125,False,True
2,5,2,5.0,5.0,乙,exception,21,1,19,0,1,0.047619047619047616,0.9047619047619048,0.0,0.047619047619047616,19,1,0.9047619047619048,0.047619047619047616,False,True
2,5,2,5.0,5.0,乙,normal,67,62,3,0,2,0.9253731343283582,0.04477611940298507,0.0,0.029850746268656716,3,62,0.04477611940298507,0.9253731343283582,False,True
2,5,2,5.0,5.0,甲,exception,19,2,17,0,0,0.10526315789473684,0.8947368421052632,0.0,0.0,2,17,0.10526315789473684,0.8947368421052632,False,True
2,5,2,5.0,5.0,甲,normal,64,61,1,0,2,0.953125,0.015625,0.0,0.03125,61,1,0.953125,0.015625,False,True
2,5,2,20.0,0.5,乙,exception,21,1,19,0,1,0.047619047619047616,0.9047619047619048,0.0,0.047619047619047616,19,1,0.9047619047619048,0.047619047619047616,False,True
2,5,2,20.0,0.5,乙,normal,67,62,3,0,2,0.9253731343283582,0.04477611940298507,0.0,0.029850746268656716,3,62,0.04477611940298507,0.9253731343283582,False,True
2,5,2,20.0,0.5,甲,exception,19,3,16,0,0,0.15789473684210525,0.8421052631578947,0.0,0.0,3,16,0.15789473684210525,0.8421052631578947,False,True
2,5,2,20.0,0.5,甲,normal,64,61,2,0,1,0.953125,0.03125,0.0,0.015625,61,2,0.953125,0.03125,False,True
2,5,2,20.0,1.0,乙,exception,21,1,19,0,1,0.047619047619047616,0.9047619047619048,0.0,0.047619047619047616,19,1,0.9047619047619048,0.047619047619047616,False,True
2,5,2,20.0,1.0,乙,normal,67,62,3,0,2,0.9253731343283582,0.04477611940298507,0.0,0.029850746268656716,3,62,0.04477611940298507,0.9253731343283582,False,True
2,5,2,20.0,1.0,甲,exception,19,3,16,0,0,0.15789473684210525,0.8421052631578947,0.0,0.0,3,16,0.15789473684210525,0.8421052631578947,False,True
2,5,2,20.0,1.0,甲,normal,64,61,2,0,1,0.953125,0.03125,0.0,0.015625,61,2,0.953125,0.03125,False,True
2,5,2,20.0,2.0,乙,exception,21,1,19,0,1,0.047619047619047616,0.9047619047619048,0.0,0.047619047619047616,19,1,0.9047619047619048,0.047619047619047616,False,True
2,5,2,20.0,2.0,乙,normal,67,62,3,0,2,0.9253731343283582,0.04477611940298507,0.0,0.029850746268656716,3,62,0.04477611940298507,0.9253731343283582,False,True
2,5,2,20.0,2.0,甲,exception,19,3,16,0,0,0.15789473684210525,0.8421052631578947,0.0,0.0,3,16,0.15789473684210525,0.8421052631578947,False,True
2,5,2,20.0,2.0,甲,normal,64,61,2,0,1,0.953125,0.03125,0.0,0.015625,61,2,0.953125,0.03125,False,True
2,5,2,20.0,5.0,乙,exception,21,1,19,0,1,0.047619047619047616,0.9047619047619048,0.0,0.047619047619047616,19,1,0.9047619047619048,0.047619047619047616,False,True
2,5,2,20.0,5.0,乙,normal,67,63,2,0,2,0.9402985074626866,0.029850746268656716,0.0,0.029850746268656716,2,63,0.029850746268656716,0.9402985074626866,False,True
2,5,2,20.0,5.0,甲,exception,19,2,17,0,0,0.10526315789473684,0.8947368421052632,0.0,0.0,2,17,0.10526315789473684,0.8947368421052632,False,True
2,5,2,20.0,5.0,甲,normal,64,61,1,0,2,0.953125,0.015625,0.0,0.03125,61,1,0.953125,0.015625,False,True
2,6,0,5.0,0.05,乙,exception,16,9,7,0,0,0.5625,0.4375,0.0,0.0,7,9,0.4375,0.5625,False,True
2,6,0,5.0,0.05,乙,normal,71,66,5,0,0,0.9295774647887324,0.07042253521126761,0.0,0.0,5,66,0.07042253521126761,0.9295774647887324,False,True
2,6,0,5.0,0.05,甲,exception,13,3,10,0,0,0.23076923076923078,0.7692307692307693,0.0,0.0,3,10,0.23076923076923078,0.7692307692307693,False,True
2,6,0,5.0,0.05,甲,normal,60,59,1,0,0,0.9833333333333333,0.016666666666666666,0.0,0.0,59,1,0.9833333333333333,0.016666666666666666,False,True
2,6,1,5.0,0.5,乙,exception,16,9,7,0,0,0.5625,0.4375,0.0,0.0,7,9,0.4375,0.5625,False,True
2,6,1,5.0,0.5,乙,normal,71,69,2,0,0,0.971830985915493,0.028169014084507043,0.0,0.0,2,69,0.028169014084507043,0.971830985915493,False,True
2,6,1,5.0,0.5,甲,exception,13,2,11,0,0,0.15384615384615385,0.8461538461538461,0.0,0.0,2,11,0.15384615384615385,0.8461538461538461,False,True
2,6,1,5.0,0.5,甲,normal,60,59,1,0,0,0.9833333333333333,0.016666666666666666,0.0,0.0,59,1,0.9833333333333333,0.016666666666666666,False,True
2,6,1,5.0,1.0,乙,exception,16,9,7,0,0,0.5625,0.4375,0.0,0.0,7,9,0.4375,0.5625,False,True
2,6,1,5.0,1.0,乙,normal,71,69,2,0,0,0.971830985915493,0.028169014084507043,0.0,0.0,2,69,0.028169014084507043,0.971830985915493,False,True
2,6,1,5.0,1.0,甲,exception,13,2,11,0,0,0.15384615384615385,0.8461538461538461,0.0,0.0,2,11,0.15384615384615385,0.8461538461538461,False,True
2,6,1,5.0,1.0,甲,normal,60,59,1,0,0,0.9833333333333333,0.016666666666666666,0.0,0.0,59,1,0.9833333333333333,0.016666666666666666,False,True
2,6,1,5.0,2.0,乙,exception,16,9,7,0,0,0.5625,0.4375,0.0,0.0,7,9,0.4375,0.5625,False,True
2,6,1,5.0,2.0,乙,normal,71,69,2,0,0,0.971830985915493,0.028169014084507043,0.0,0.0,2,69,0.028169014084507043,0.971830985915493,False,True
2,6,1,5.0,2.0,甲,exception,13,2,11,0,0,0.15384615384615385,0.8461538461538461,0.0,0.0,2,11,0.15384615384615385,0.8461538461538461,False,True
2,6,1,5.0,2.0,甲,normal,60,59,1,0,0,0.9833333333333333,0.016666666666666666,0.0,0.0,59,1,0.9833333333333333,0.016666666666666666,False,True
2,6,1,5.0,5.0,乙,exception,16,9,7,0,0,0.5625,0.4375,0.0,0.0,7,9,0.4375,0.5625,False,True
2,6,1,5.0,5.0,乙,normal,71,69,2,0,0,0.971830985915493,0.028169014084507043,0.0,0.0,2,69,0.028169014084507043,0.971830985915493,False,True
2,6,1,5.0,5.0,甲,exception,13,2,11,0,0,0.15384615384615385,0.8461538461538461,0.0,0.0,2,11,0.15384615384615385,0.8461538461538461,False,True
2,6,1,5.0,5.0,甲,normal,60,59,1,0,0,0.9833333333333333,0.016666666666666666,0.0,0.0,59,1,0.9833333333333333,0.016666666666666666,False,True
2,6,1,20.0,0.5,乙,exception,16,9,7,0,0,0.5625,0.4375,0.0,0.0,7,9,0.4375,0.5625,False,True
2,6,1,20.0,0.5,乙,normal,71,69,2,0,0,0.971830985915493,0.028169014084507043,0.0,0.0,2,69,0.028169014084507043,0.971830985915493,False,True
2,6,1,20.0,0.5,甲,exception,13,2,11,0,0,0.15384615384615385,0.8461538461538461,0.0,0.0,2,11,0.15384615384615385,0.8461538461538461,False,True
2,6,1,20.0,0.5,甲,normal,60,59,1,0,0,0.9833333333333333,0.016666666666666666,0.0,0.0,59,1,0.9833333333333333,0.016666666666666666,False,True
2,6,1,20.0,1.0,乙,exception,16,9,7,0,0,0.5625,0.4375,0.0,0.0,7,9,0.4375,0.5625,False,True
2,6,1,20.0,1.0,乙,normal,71,69,2,0,0,0.971830985915493,0.028169014084507043,0.0,0.0,2,69,0.028169014084507043,0.971830985915493,False,True
2,6,1,20.0,1.0,甲,exception,13,2,11,0,0,0.15384615384615385,0.8461538461538461,0.0,0.0,2,11,0.15384615384615385,0.8461538461538461,False,True
2,6,1,20.0,1.0,甲,normal,60,59,1,0,0,0.9833333333333333,0.016666666666666666,0.0,0.0,59,1,0.9833333333333333,0.016666666666666666,False,True
2,6,1,20.0,2.0,乙,exception,16,9,7,0,0,0.5625,0.4375,0.0,0.0,7,9,0.4375,0.5625,False,True
2,6,1,20.0,2.0,乙,normal,71,69,2,0,0,0.971830985915493,0.028169014084507043,0.0,0.0,2,69,0.028169014084507043,0.971830985915493,False,True
2,6,1,20.0,2.0,甲,exception,13,2,11,0,0,0.15384615384615385,0.8461538461538461,0.0,0.0,2,11,0.15384615384615385,0.8461538461538461,False,True
2,6,1,20.0,2.0,甲,normal,60,59,1,0,0,0.9833333333333333,0.016666666666666666,0.0,0.0,59,1,0.9833333333333333,0.016666666666666666,False,True
2,6,1,20.0,5.0,乙,exception,16,9,7,0,0,0.5625,0.4375,0.0,0.0,7,9,0.4375,0.5625,False,True
2,6,1,20.0,5.0,乙,normal,71,70,1,0,0,0.9859154929577465,0.014084507042253521,0.0,0.0,1,70,0.014084507042253521,0.9859154929577465,False,True
2,6,1,20.0,5.0,甲,exception,13,1,12,0,0,0.07692307692307693,0.9230769230769231,0.0,0.0,1,12,0.07692307692307693,0.9230769230769231,False,True
2,6,1,20.0,5.0,甲,normal,60,59,1,0,0,0.9833333333333333,0.016666666666666666,0.0,0.0,59,1,0.9833333333333333,0.016666666666666666,False,True
2,6,2,5.0,0.5,乙,exception,16,8,8,0,0,0.5,0.5,0.0,0.0,8,8,0.5,0.5,False,True
2,6,2,5.0,0.5,乙,normal,71,66,5,0,0,0.9295774647887324,0.07042253521126761,0.0,0.0,5,66,0.07042253521126761,0.9295774647887324,False,True
2,6,2,5.0,0.5,甲,exception,13,3,10,0,0,0.23076923076923078,0.7692307692307693,0.0,0.0,3,10,0.23076923076923078,0.7692307692307693,False,True
2,6,2,5.0,0.5,甲,normal,60,59,1,0,0,0.9833333333333333,0.016666666666666666,0.0,0.0,59,1,0.9833333333333333,0.016666666666666666,False,True
2,6,2,5.0,1.0,乙,exception,16,8,8,0,0,0.5,0.5,0.0,0.0,8,8,0.5,0.5,False,True
2,6,2,5.0,1.0,乙,normal,71,66,5,0,0,0.9295774647887324,0.07042253521126761,0.0,0.0,5,66,0.07042253521126761,0.9295774647887324,False,True
2,6,2,5.0,1.0,甲,exception,13,3,10,0,0,0.23076923076923078,0.7692307692307693,0.0,0.0,3,10,0.23076923076923078,0.7692307692307693,False,True
2,6,2,5.0,1.0,甲,normal,60,59,1,0,0,0.9833333333333333,0.016666666666666666,0.0,0.0,59,1,0.9833333333333333,0.016666666666666666,False,True
2,6,2,5.0,2.0,乙,exception,16,8,8,0,0,0.5,0.5,0.0,0.0,8,8,0.5,0.5,False,True
2,6,2,5.0,2.0,乙,normal,71,66,5,0,0,0.9295774647887324,0.07042253521126761,0.0,0.0,5,66,0.07042253521126761,0.9295774647887324,False,True
2,6,2,5.0,2.0,甲,exception,13,3,10,0,0,0.23076923076923078,0.7692307692307693,0.0,0.0,3,10,0.23076923076923078,0.7692307692307693,False,True
2,6,2,5.0,2.0,甲,normal,60,59,1,0,0,0.9833333333333333,0.016666666666666666,0.0,0.0,59,1,0.9833333333333333,0.016666666666666666,False,True
2,6,2,5.0,5.0,乙,exception,16,8,8,0,0,0.5,0.5,0.0,0.0,8,8,0.5,0.5,False,True
2,6,2,5.0,5.0,乙,normal,71,66,5,0,0,0.9295774647887324,0.07042253521126761,0.0,0.0,5,66,0.07042253521126761,0.9295774647887324,False,True
2,6,2,5.0,5.0,甲,exception,13,3,10,0,0,0.23076923076923078,0.7692307692307693,0.0,0.0,3,10,0.23076923076923078,0.7692307692307693,False,True
2,6,2,5.0,5.0,甲,normal,60,59,1,0,0,0.9833333333333333,0.016666666666666666,0.0,0.0,59,1,0.9833333333333333,0.016666666666666666,False,True
2,6,2,20.0,0.5,乙,exception,16,8,8,0,0,0.5,0.5,0.0,0.0,8,8,0.5,0.5,False,True
2,6,2,20.0,0.5,乙,normal,71,66,5,0,0,0.9295774647887324,0.07042253521126761,0.0,0.0,5,66,0.07042253521126761,0.9295774647887324,False,True
2,6,2,20.0,0.5,甲,exception,13,3,10,0,0,0.23076923076923078,0.7692307692307693,0.0,0.0,3,10,0.23076923076923078,0.7692307692307693,False,True
2,6,2,20.0,0.5,甲,normal,60,59,1,0,0,0.9833333333333333,0.016666666666666666,0.0,0.0,59,1,0.9833333333333333,0.016666666666666666,False,True
2,6,2,20.0,1.0,乙,exception,16,8,8,0,0,0.5,0.5,0.0,0.0,8,8,0.5,0.5,False,True
2,6,2,20.0,1.0,乙,normal,71,66,5,0,0,0.9295774647887324,0.07042253521126761,0.0,0.0,5,66,0.07042253521126761,0.9295774647887324,False,True
2,6,2,20.0,1.0,甲,exception,13,3,10,0,0,0.23076923076923078,0.7692307692307693,0.0,0.0,3,10,0.23076923076923078,0.7692307692307693,False,True
2,6,2,20.0,1.0,甲,normal,60,59,1,0,0,0.9833333333333333,0.016666666666666666,0.0,0.0,59,1,0.9833333333333333,0.016666666666666666,False,True
2,6,2,20.0,2.0,乙,exception,16,8,8,0,0,0.5,0.5,0.0,0.0,8,8,0.5,0.5,False,True
2,6,2,20.0,2.0,乙,normal,71,66,5,0,0,0.9295774647887324,0.07042253521126761,0.0,0.0,5,66,0.07042253521126761,0.9295774647887324,False,True
2,6,2,20.0,2.0,甲,exception,13,3,10,0,0,0.23076923076923078,0.7692307692307693,0.0,0.0,3,10,0.23076923076923078,0.7692307692307693,False,True
2,6,2,20.0,2.0,甲,normal,60,59,1,0,0,0.9833333333333333,0.016666666666666666,0.0,0.0,59,1,0.9833333333333333,0.016666666666666666,False,True
2,6,2,20.0,5.0,乙,exception,16,7,9,0,0,0.4375,0.5625,0.0,0.0,9,7,0.5625,0.4375,False,True
2,6,2,20.0,5.0,乙,normal,71,66,5,0,0,0.9295774647887324,0.07042253521126761,0.0,0.0,5,66,0.07042253521126761,0.9295774647887324,False,True
2,6,2,20.0,5.0,甲,exception,13,3,10,0,0,0.23076923076923078,0.7692307692307693,0.0,0.0,3,10,0.23076923076923078,0.7692307692307693,False,True
2,6,2,20.0,5.0,甲,normal,60,59,1,0,0,0.9833333333333333,0.016666666666666666,0.0,0.0,59,1,0.9833333333333333,0.016666666666666666,False,True
2,7,0,5.0,0.05,乙,exception,8,3,4,0,1,0.375,0.5,0.0,0.125,4,3,0.5,0.375,False,True
2,7,0,5.0,0.05,乙,normal,62,52,7,0,3,0.8387096774193549,0.11290322580645161,0.0,0.04838709677419355,7,52,0.11290322580645161,0.8387096774193549,False,True
2,7,0,5.0,0.05,甲,exception,19,6,11,0,2,0.3157894736842105,0.5789473684210527,0.0,0.10526315789473684,6,11,0.3157894736842105,0.5789473684210527,False,True
2,7,0,5.0,0.05,甲,normal,67,60,6,0,1,0.8955223880597015,0.08955223880597014,0.0,0.014925373134328358,60,6,0.8955223880597015,0.08955223880597014,False,True
2,7,1,5.0,0.5,乙,exception,8,3,4,0,1,0.375,0.5,0.0,0.125,4,3,0.5,0.375,False,True
2,7,1,5.0,0.5,乙,normal,62,52,7,0,3,0.8387096774193549,0.11290322580645161,0.0,0.04838709677419355,7,52,0.11290322580645161,0.8387096774193549,False,True
2,7,1,5.0,0.5,甲,exception,19,6,11,0,2,0.3157894736842105,0.5789473684210527,0.0,0.10526315789473684,6,11,0.3157894736842105,0.5789473684210527,False,True
2,7,1,5.0,0.5,甲,normal,67,60,6,0,1,0.8955223880597015,0.08955223880597014,0.0,0.014925373134328358,60,6,0.8955223880597015,0.08955223880597014,False,True
2,7,1,5.0,1.0,乙,exception,8,3,4,0,1,0.375,0.5,0.0,0.125,4,3,0.5,0.375,False,True
2,7,1,5.0,1.0,乙,normal,62,52,7,0,3,0.8387096774193549,0.11290322580645161,0.0,0.04838709677419355,7,52,0.11290322580645161,0.8387096774193549,False,True
2,7,1,5.0,1.0,甲,exception,19,6,11,0,2,0.3157894736842105,0.5789473684210527,0.0,0.10526315789473684,6,11,0.3157894736842105,0.5789473684210527,False,True
2,7,1,5.0,1.0,甲,normal,67,60,6,0,1,0.8955223880597015,0.08955223880597014,0.0,0.014925373134328358,60,6,0.8955223880597015,0.08955223880597014,False,True
2,7,1,5.0,2.0,乙,exception,8,3,4,0,1,0.375,0.5,0.0,0.125,4,3,0.5,0.375,False,True
2,7,1,5.0,2.0,乙,normal,62,52,7,0,3,0.8387096774193549,0.11290322580645161,0.0,0.04838709677419355,7,52,0.11290322580645161,0.8387096774193549,False,True
2,7,1,5.0,2.0,甲,exception,19,6,11,0,2,0.3157894736842105,0.5789473684210527,0.0,0.10526315789473684,6,11,0.3157894736842105,0.5789473684210527,False,True
2,7,1,5.0,2.0,甲,normal,67,60,6,0,1,0.8955223880597015,0.08955223880597014,0.0,0.014925373134328358,60,6,0.8955223880597015,0.08955223880597014,False,True
2,7,1,5.0,5.0,乙,exception,8,3,4,0,1,0.375,0.5,0.0,0.125,4,3,0.5,0.375,False,True
2,7,1,5.0,5.0,乙,normal,62,52,8,0,2,0.8387096774193549,0.12903225806451613,0.0,0.03225806451612903,8,52,0.12903225806451613,0.8387096774193549,False,True
2,7,1,5.0,5.0,甲,exception,19,6,11,0,2,0.3157894736842105,0.5789473684210527,0.0,0.10526315789473684,6,11,0.3157894736842105,0.5789473684210527,False,True
2,7,1,5.0,5.0,甲,normal,67,60,6,0,1,0.8955223880597015,0.08955223880597014,0.0,0.014925373134328358,60,6,0.8955223880597015,0.08955223880597014,False,True
2,7,1,20.0,0.5,乙,exception,8,3,4,0,1,0.375,0.5,0.0,0.125,4,3,0.5,0.375,False,True
2,7,1,20.0,0.5,乙,normal,62,52,7,0,3,0.8387096774193549,0.11290322580645161,0.0,0.04838709677419355,7,52,0.11290322580645161,0.8387096774193549,False,True
2,7,1,20.0,0.5,甲,exception,19,6,11,0,2,0.3157894736842105,0.5789473684210527,0.0,0.10526315789473684,6,11,0.3157894736842105,0.5789473684210527,False,True
2,7,1,20.0,0.5,甲,normal,67,60,6,0,1,0.8955223880597015,0.08955223880597014,0.0,0.014925373134328358,60,6,0.8955223880597015,0.08955223880597014,False,True
2,7,1,20.0,1.0,乙,exception,8,3,4,0,1,0.375,0.5,0.0,0.125,4,3,0.5,0.375,False,True
2,7,1,20.0,1.0,乙,normal,62,52,7,0,3,0.8387096774193549,0.11290322580645161,0.0,0.04838709677419355,7,52,0.11290322580645161,0.8387096774193549,False,True
2,7,1,20.0,1.0,甲,exception,19,6,11,0,2,0.3157894736842105,0.5789473684210527,0.0,0.10526315789473684,6,11,0.3157894736842105,0.5789473684210527,False,True
2,7,1,20.0,1.0,甲,normal,67,60,6,0,1,0.8955223880597015,0.08955223880597014,0.0,0.014925373134328358,60,6,0.8955223880597015,0.08955223880597014,False,True
2,7,1,20.0,2.0,乙,exception,8,3,4,0,1,0.375,0.5,0.0,0.125,4,3,0.5,0.375,False,True
2,7,1,20.0,2.0,乙,normal,62,52,7,0,3,0.8387096774193549,0.11290322580645161,0.0,0.04838709677419355,7,52,0.11290322580645161,0.8387096774193549,False,True
2,7,1,20.0,2.0,甲,exception,19,6,11,0,2,0.3157894736842105,0.5789473684210527,0.0,0.10526315789473684,6,11,0.3157894736842105,0.5789473684210527,False,True
2,7,1,20.0,2.0,甲,normal,67,60,6,0,1,0.8955223880597015,0.08955223880597014,0.0,0.014925373134328358,60,6,0.8955223880597015,0.08955223880597014,False,True
2,7,1,20.0,5.0,乙,exception,8,3,4,0,1,0.375,0.5,0.0,0.125,4,3,0.5,0.375,False,True
2,7,1,20.0,5.0,乙,normal,62,52,8,0,2,0.8387096774193549,0.12903225806451613,0.0,0.03225806451612903,8,52,0.12903225806451613,0.8387096774193549,False,True
2,7,1,20.0,5.0,甲,exception,19,6,11,0,2,0.3157894736842105,0.5789473684210527,0.0,0.10526315789473684,6,11,0.3157894736842105,0.5789473684210527,False,True
2,7,1,20.0,5.0,甲,normal,67,62,4,0,1,0.9253731343283582,0.05970149253731343,0.0,0.014925373134328358,62,4,0.9253731343283582,0.05970149253731343,False,True
2,7,2,5.0,0.5,乙,exception,8,3,4,0,1,0.375,0.5,0.0,0.125,4,3,0.5,0.375,False,True
2,7,2,5.0,0.5,乙,normal,62,52,7,0,3,0.8387096774193549,0.11290322580645161,0.0,0.04838709677419355,7,52,0.11290322580645161,0.8387096774193549,False,True
2,7,2,5.0,0.5,甲,exception,19,6,11,0,2,0.3157894736842105,0.5789473684210527,0.0,0.10526315789473684,6,11,0.3157894736842105,0.5789473684210527,False,True
2,7,2,5.0,0.5,甲,normal,67,60,6,0,1,0.8955223880597015,0.08955223880597014,0.0,0.014925373134328358,60,6,0.8955223880597015,0.08955223880597014,False,True
2,7,2,5.0,1.0,乙,exception,8,3,4,0,1,0.375,0.5,0.0,0.125,4,3,0.5,0.375,False,True
2,7,2,5.0,1.0,乙,normal,62,52,7,0,3,0.8387096774193549,0.11290322580645161,0.0,0.04838709677419355,7,52,0.11290322580645161,0.8387096774193549,False,True
2,7,2,5.0,1.0,甲,exception,19,6,11,0,2,0.3157894736842105,0.5789473684210527,0.0,0.10526315789473684,6,11,0.3157894736842105,0.5789473684210527,False,True
2,7,2,5.0,1.0,甲,normal,67,60,6,0,1,0.8955223880597015,0.08955223880597014,0.0,0.014925373134328358,60,6,0.8955223880597015,0.08955223880597014,False,True
2,7,2,5.0,2.0,乙,exception,8,3,4,0,1,0.375,0.5,0.0,0.125,4,3,0.5,0.375,False,True
2,7,2,5.0,2.0,乙,normal,62,52,7,0,3,0.8387096774193549,0.11290322580645161,0.0,0.04838709677419355,7,52,0.11290322580645161,0.8387096774193549,False,True
2,7,2,5.0,2.0,甲,exception,19,6,11,0,2,0.3157894736842105,0.5789473684210527,0.0,0.10526315789473684,6,11,0.3157894736842105,0.5789473684210527,False,True
2,7,2,5.0,2.0,甲,normal,67,60,6,0,1,0.8955223880597015,0.08955223880597014,0.0,0.014925373134328358,60,6,0.8955223880597015,0.08955223880597014,False,True
2,7,2,5.0,5.0,乙,exception,8,3,4,0,1,0.375,0.5,0.0,0.125,4,3,0.5,0.375,False,True
2,7,2,5.0,5.0,乙,normal,62,52,7,0,3,0.8387096774193549,0.11290322580645161,0.0,0.04838709677419355,7,52,0.11290322580645161,0.8387096774193549,False,True
2,7,2,5.0,5.0,甲,exception,19,6,11,0,2,0.3157894736842105,0.5789473684210527,0.0,0.10526315789473684,6,11,0.3157894736842105,0.5789473684210527,False,True
2,7,2,5.0,5.0,甲,normal,67,60,6,0,1,0.8955223880597015,0.08955223880597014,0.0,0.014925373134328358,60,6,0.8955223880597015,0.08955223880597014,False,True
2,7,2,20.0,0.5,乙,exception,8,3,4,0,1,0.375,0.5,0.0,0.125,4,3,0.5,0.375,False,True
2,7,2,20.0,0.5,乙,normal,62,52,7,0,3,0.8387096774193549,0.11290322580645161,0.0,0.04838709677419355,7,52,0.11290322580645161,0.8387096774193549,False,True
2,7,2,20.0,0.5,甲,exception,19,6,11,0,2,0.3157894736842105,0.5789473684210527,0.0,0.10526315789473684,6,11,0.3157894736842105,0.5789473684210527,False,True
2,7,2,20.0,0.5,甲,normal,67,60,6,0,1,0.8955223880597015,0.08955223880597014,0.0,0.014925373134328358,60,6,0.8955223880597015,0.08955223880597014,False,True
2,7,2,20.0,1.0,乙,exception,8,3,4,0,1,0.375,0.5,0.0,0.125,4,3,0.5,0.375,False,True
2,7,2,20.0,1.0,乙,normal,62,52,7,0,3,0.8387096774193549,0.11290322580645161,0.0,0.04838709677419355,7,52,0.11290322580645161,0.8387096774193549,False,True
2,7,2,20.0,1.0,甲,exception,19,6,11,0,2,0.3157894736842105,0.5789473684210527,0.0,0.10526315789473684,6,11,0.3157894736842105,0.5789473684210527,False,True
2,7,2,20.0,1.0,甲,normal,67,60,6,0,1,0.8955223880597015,0.08955223880597014,0.0,0.014925373134328358,60,6,0.8955223880597015,0.08955223880597014,False,True
2,7,2,20.0,2.0,乙,exception,8,3,4,0,1,0.375,0.5,0.0,0.125,4,3,0.5,0.375,False,True
2,7,2,20.0,2.0,乙,normal,62,52,7,0,3,0.8387096774193549,0.11290322580645161,0.0,0.04838709677419355,7,52,0.11290322580645161,0.8387096774193549,False,True
2,7,2,20.0,2.0,甲,exception,19,6,11,0,2,0.3157894736842105,0.5789473684210527,0.0,0.10526315789473684,6,11,0.3157894736842105,0.5789473684210527,False,True
2,7,2,20.0,2.0,甲,normal,67,60,6,0,1,0.8955223880597015,0.08955223880597014,0.0,0.014925373134328358,60,6,0.8955223880597015,0.08955223880597014,False,True
2,7,2,20.0,5.0,乙,exception,8,3,4,0,1,0.375,0.5,0.0,0.125,4,3,0.5,0.375,False,True
2,7,2,20.0,5.0,乙,normal,62,52,8,0,2,0.8387096774193549,0.12903225806451613,0.0,0.03225806451612903,8,52,0.12903225806451613,0.8387096774193549,False,True
2,7,2,20.0,5.0,甲,exception,19,6,11,0,2,0.3157894736842105,0.5789473684210527,0.0,0.10526315789473684,6,11,0.3157894736842105,0.5789473684210527,False,True
2,7,2,20.0,5.0,甲,normal,67,63,3,0,1,0.9402985074626866,0.04477611940298507,0.0,0.014925373134328358,63,3,0.9402985074626866,0.04477611940298507,False,True
2,8,0,5.0,0.05,乙,exception,16,9,6,0,1,0.5625,0.375,0.0,0.0625,6,9,0.375,0.5625,False,True
2,8,0,5.0,0.05,乙,normal,60,59,0,0,1,0.9833333333333333,0.0,0.0,0.016666666666666666,0,59,0.0,0.9833333333333333,False,True
2,8,0,5.0,0.05,甲,exception,9,3,5,0,1,0.3333333333333333,0.5555555555555556,0.0,0.1111111111111111,3,5,0.3333333333333333,0.5555555555555556,False,True
2,8,0,5.0,0.05,甲,normal,60,51,2,0,7,0.85,0.03333333333333333,0.0,0.11666666666666667,51,2,0.85,0.03333333333333333,False,True
2,8,1,5.0,0.5,乙,exception,16,9,6,0,1,0.5625,0.375,0.0,0.0625,6,9,0.375,0.5625,False,True
2,8,1,5.0,0.5,乙,normal,60,59,0,0,1,0.9833333333333333,0.0,0.0,0.016666666666666666,0,59,0.0,0.9833333333333333,False,True
2,8,1,5.0,0.5,甲,exception,9,3,5,0,1,0.3333333333333333,0.5555555555555556,0.0,0.1111111111111111,3,5,0.3333333333333333,0.5555555555555556,False,True
2,8,1,5.0,0.5,甲,normal,60,51,2,0,7,0.85,0.03333333333333333,0.0,0.11666666666666667,51,2,0.85,0.03333333333333333,False,True
2,8,1,5.0,1.0,乙,exception,16,9,6,0,1,0.5625,0.375,0.0,0.0625,6,9,0.375,0.5625,False,True
2,8,1,5.0,1.0,乙,normal,60,59,0,0,1,0.9833333333333333,0.0,0.0,0.016666666666666666,0,59,0.0,0.9833333333333333,False,True
2,8,1,5.0,1.0,甲,exception,9,3,5,0,1,0.3333333333333333,0.5555555555555556,0.0,0.1111111111111111,3,5,0.3333333333333333,0.5555555555555556,False,True
2,8,1,5.0,1.0,甲,normal,60,51,2,0,7,0.85,0.03333333333333333,0.0,0.11666666666666667,51,2,0.85,0.03333333333333333,False,True
2,8,1,5.0,2.0,乙,exception,16,9,6,0,1,0.5625,0.375,0.0,0.0625,6,9,0.375,0.5625,False,True
2,8,1,5.0,2.0,乙,normal,60,59,0,0,1,0.9833333333333333,0.0,0.0,0.016666666666666666,0,59,0.0,0.9833333333333333,False,True
2,8,1,5.0,2.0,甲,exception,9,3,5,0,1,0.3333333333333333,0.5555555555555556,0.0,0.1111111111111111,3,5,0.3333333333333333,0.5555555555555556,False,True
2,8,1,5.0,2.0,甲,normal,60,51,2,0,7,0.85,0.03333333333333333,0.0,0.11666666666666667,51,2,0.85,0.03333333333333333,False,True
2,8,1,5.0,5.0,乙,exception,16,9,6,0,1,0.5625,0.375,0.0,0.0625,6,9,0.375,0.5625,False,True
2,8,1,5.0,5.0,乙,normal,60,60,0,0,0,1.0,0.0,0.0,0.0,0,60,0.0,1.0,False,True
2,8,1,5.0,5.0,甲,exception,9,3,5,0,1,0.3333333333333333,0.5555555555555556,0.0,0.1111111111111111,3,5,0.3333333333333333,0.5555555555555556,False,True
2,8,1,5.0,5.0,甲,normal,60,51,2,0,7,0.85,0.03333333333333333,0.0,0.11666666666666667,51,2,0.85,0.03333333333333333,False,True
2,8,1,20.0,0.5,乙,exception,16,9,6,0,1,0.5625,0.375,0.0,0.0625,6,9,0.375,0.5625,False,True
2,8,1,20.0,0.5,乙,normal,60,59,0,0,1,0.9833333333333333,0.0,0.0,0.016666666666666666,0,59,0.0,0.9833333333333333,False,True
2,8,1,20.0,0.5,甲,exception,9,3,5,0,1,0.3333333333333333,0.5555555555555556,0.0,0.1111111111111111,3,5,0.3333333333333333,0.5555555555555556,False,True
2,8,1,20.0,0.5,甲,normal,60,51,2,0,7,0.85,0.03333333333333333,0.0,0.11666666666666667,51,2,0.85,0.03333333333333333,False,True
2,8,1,20.0,1.0,乙,exception,16,9,6,0,1,0.5625,0.375,0.0,0.0625,6,9,0.375,0.5625,False,True
2,8,1,20.0,1.0,乙,normal,60,59,0,0,1,0.9833333333333333,0.0,0.0,0.016666666666666666,0,59,0.0,0.9833333333333333,False,True
2,8,1,20.0,1.0,甲,exception,9,3,5,0,1,0.3333333333333333,0.5555555555555556,0.0,0.1111111111111111,3,5,0.3333333333333333,0.5555555555555556,False,True
2,8,1,20.0,1.0,甲,normal,60,51,2,0,7,0.85,0.03333333333333333,0.0,0.11666666666666667,51,2,0.85,0.03333333333333333,False,True
2,8,1,20.0,2.0,乙,exception,16,8,7,0,1,0.5,0.4375,0.0,0.0625,7,8,0.4375,0.5,False,True
2,8,1,20.0,2.0,乙,normal,60,60,0,0,0,1.0,0.0,0.0,0.0,0,60,0.0,1.0,False,True
2,8,1,20.0,2.0,甲,exception,9,3,5,0,1,0.3333333333333333,0.5555555555555556,0.0,0.1111111111111111,3,5,0.3333333333333333,0.5555555555555556,False,True
2,8,1,20.0,2.0,甲,normal,60,51,2,0,7,0.85,0.03333333333333333,0.0,0.11666666666666667,51,2,0.85,0.03333333333333333,False,True
2,8,1,20.0,5.0,乙,exception,16,8,8,0,0,0.5,0.5,0.0,0.0,8,8,0.5,0.5,False,True
2,8,1,20.0,5.0,乙,normal,60,60,0,0,0,1.0,0.0,0.0,0.0,0,60,0.0,1.0,False,True
2,8,1,20.0,5.0,甲,exception,9,2,7,0,0,0.2222222222222222,0.7777777777777778,0.0,0.0,2,7,0.2222222222222222,0.7777777777777778,False,True
2,8,1,20.0,5.0,甲,normal,60,55,2,0,3,0.9166666666666666,0.03333333333333333,0.0,0.05,55,2,0.9166666666666666,0.03333333333333333,False,True
2,8,2,5.0,0.5,乙,exception,16,9,6,0,1,0.5625,0.375,0.0,0.0625,6,9,0.375,0.5625,False,True
2,8,2,5.0,0.5,乙,normal,60,59,0,0,1,0.9833333333333333,0.0,0.0,0.016666666666666666,0,59,0.0,0.9833333333333333,False,True
2,8,2,5.0,0.5,甲,exception,9,3,5,0,1,0.3333333333333333,0.5555555555555556,0.0,0.1111111111111111,3,5,0.3333333333333333,0.5555555555555556,False,True
2,8,2,5.0,0.5,甲,normal,60,51,2,0,7,0.85,0.03333333333333333,0.0,0.11666666666666667,51,2,0.85,0.03333333333333333,False,True
2,8,2,5.0,1.0,乙,exception,16,9,6,0,1,0.5625,0.375,0.0,0.0625,6,9,0.375,0.5625,False,True
2,8,2,5.0,1.0,乙,normal,60,59,0,0,1,0.9833333333333333,0.0,0.0,0.016666666666666666,0,59,0.0,0.9833333333333333,False,True
2,8,2,5.0,1.0,甲,exception,9,3,5,0,1,0.3333333333333333,0.5555555555555556,0.0,0.1111111111111111,3,5,0.3333333333333333,0.5555555555555556,False,True
2,8,2,5.0,1.0,甲,normal,60,51,2,0,7,0.85,0.03333333333333333,0.0,0.11666666666666667,51,2,0.85,0.03333333333333333,False,True
2,8,2,5.0,2.0,乙,exception,16,9,6,0,1,0.5625,0.375,0.0,0.0625,6,9,0.375,0.5625,False,True
2,8,2,5.0,2.0,乙,normal,60,59,0,0,1,0.9833333333333333,0.0,0.0,0.016666666666666666,0,59,0.0,0.9833333333333333,False,True
2,8,2,5.0,2.0,甲,exception,9,3,5,0,1,0.3333333333333333,0.5555555555555556,0.0,0.1111111111111111,3,5,0.3333333333333333,0.5555555555555556,False,True
2,8,2,5.0,2.0,甲,normal,60,51,2,0,7,0.85,0.03333333333333333,0.0,0.11666666666666667,51,2,0.85,0.03333333333333333,False,True
2,8,2,5.0,5.0,乙,exception,16,8,7,0,1,0.5,0.4375,0.0,0.0625,7,8,0.4375,0.5,False,True
2,8,2,5.0,5.0,乙,normal,60,60,0,0,0,1.0,0.0,0.0,0.0,0,60,0.0,1.0,False,True
2,8,2,5.0,5.0,甲,exception,9,3,5,0,1,0.3333333333333333,0.5555555555555556,0.0,0.1111111111111111,3,5,0.3333333333333333,0.5555555555555556,False,True
2,8,2,5.0,5.0,甲,normal,60,51,2,0,7,0.85,0.03333333333333333,0.0,0.11666666666666667,51,2,0.85,0.03333333333333333,False,True
2,8,2,20.0,0.5,乙,exception,16,9,6,0,1,0.5625,0.375,0.0,0.0625,6,9,0.375,0.5625,False,True
2,8,2,20.0,0.5,乙,normal,60,59,0,0,1,0.9833333333333333,0.0,0.0,0.016666666666666666,0,59,0.0,0.9833333333333333,False,True
2,8,2,20.0,0.5,甲,exception,9,3,5,0,1,0.3333333333333333,0.5555555555555556,0.0,0.1111111111111111,3,5,0.3333333333333333,0.5555555555555556,False,True
2,8,2,20.0,0.5,甲,normal,60,51,2,0,7,0.85,0.03333333333333333,0.0,0.11666666666666667,51,2,0.85,0.03333333333333333,False,True
2,8,2,20.0,1.0,乙,exception,16,9,6,0,1,0.5625,0.375,0.0,0.0625,6,9,0.375,0.5625,False,True
2,8,2,20.0,1.0,乙,normal,60,59,0,0,1,0.9833333333333333,0.0,0.0,0.016666666666666666,0,59,0.0,0.9833333333333333,False,True
2,8,2,20.0,1.0,甲,exception,9,3,5,0,1,0.3333333333333333,0.5555555555555556,0.0,0.1111111111111111,3,5,0.3333333333333333,0.5555555555555556,False,True
2,8,2,20.0,1.0,甲,normal,60,51,2,0,7,0.85,0.03333333333333333,0.0,0.11666666666666667,51,2,0.85,0.03333333333333333,False,True
2,8,2,20.0,2.0,乙,exception,16,8,7,0,1,0.5,0.4375,0.0,0.0625,7,8,0.4375,0.5,False,True
2,8,2,20.0,2.0,乙,normal,60,60,0,0,0,1.0,0.0,0.0,0.0,0,60,0.0,1.0,False,True
2,8,2,20.0,2.0,甲,exception,9,3,5,0,1,0.3333333333333333,0.5555555555555556,0.0,0.1111111111111111,3,5,0.3333333333333333,0.5555555555555556,False,True
2,8,2,20.0,2.0,甲,normal,60,51,2,0,7,0.85,0.03333333333333333,0.0,0.11666666666666667,51,2,0.85,0.03333333333333333,False,True
2,8,2,20.0,5.0,乙,exception,16,8,7,0,1,0.5,0.4375,0.0,0.0625,7,8,0.4375,0.5,False,True
2,8,2,20.0,5.0,乙,normal,60,60,0,0,0,1.0,0.0,0.0,0.0,0,60,0.0,1.0,False,True
2,8,2,20.0,5.0,甲,exception,9,2,7,0,0,0.2222222222222222,0.7777777777777778,0.0,0.0,2,7,0.2222222222222222,0.7777777777777778,False,True
2,8,2,20.0,5.0,甲,normal,60,55,2,0,3,0.9166666666666666,0.03333333333333333,0.0,0.05,55,2,0.9166666666666666,0.03333333333333333,False,True
2,9,0,5.0,0.05,乙,exception,11,3,8,0,0,0.2727272727272727,0.7272727272727273,0.0,0.0,8,3,0.7272727272727273,0.2727272727272727,False,True
2,9,0,5.0,0.05,乙,normal,63,62,1,0,0,0.9841269841269841,0.015873015873015872,0.0,0.0,1,62,0.015873015873015872,0.9841269841269841,False,True
2,9,0,5.0,0.05,甲,exception,13,3,9,0,1,0.23076923076923078,0.6923076923076923,0.0,0.07692307692307693,3,9,0.23076923076923078,0.6923076923076923,False,True
2,9,0,5.0,0.05,甲,normal,50,50,0,0,0,1.0,0.0,0.0,0.0,50,0,1.0,0.0,False,True
2,9,1,5.0,0.5,乙,exception,11,3,8,0,0,0.2727272727272727,0.7272727272727273,0.0,0.0,8,3,0.7272727272727273,0.2727272727272727,False,True
2,9,1,5.0,0.5,乙,normal,63,62,1,0,0,0.9841269841269841,0.015873015873015872,0.0,0.0,1,62,0.015873015873015872,0.9841269841269841,False,True
2,9,1,5.0,0.5,甲,exception,13,3,9,0,1,0.23076923076923078,0.6923076923076923,0.0,0.07692307692307693,3,9,0.23076923076923078,0.6923076923076923,False,True
2,9,1,5.0,0.5,甲,normal,50,50,0,0,0,1.0,0.0,0.0,0.0,50,0,1.0,0.0,False,True
2,9,1,5.0,1.0,乙,exception,11,3,8,0,0,0.2727272727272727,0.7272727272727273,0.0,0.0,8,3,0.7272727272727273,0.2727272727272727,False,True
2,9,1,5.0,1.0,乙,normal,63,62,1,0,0,0.9841269841269841,0.015873015873015872,0.0,0.0,1,62,0.015873015873015872,0.9841269841269841,False,True
2,9,1,5.0,1.0,甲,exception,13,3,9,0,1,0.23076923076923078,0.6923076923076923,0.0,0.07692307692307693,3,9,0.23076923076923078,0.6923076923076923,False,True
2,9,1,5.0,1.0,甲,normal,50,50,0,0,0,1.0,0.0,0.0,0.0,50,0,1.0,0.0,False,True
2,9,1,5.0,2.0,乙,exception,11,3,8,0,0,0.2727272727272727,0.7272727272727273,0.0,0.0,8,3,0.7272727272727273,0.2727272727272727,False,True
2,9,1,5.0,2.0,乙,normal,63,62,1,0,0,0.9841269841269841,0.015873015873015872,0.0,0.0,1,62,0.015873015873015872,0.9841269841269841,False,True
2,9,1,5.0,2.0,甲,exception,13,3,9,0,1,0.23076923076923078,0.6923076923076923,0.0,0.07692307692307693,3,9,0.23076923076923078,0.6923076923076923,False,True
2,9,1,5.0,2.0,甲,normal,50,50,0,0,0,1.0,0.0,0.0,0.0,50,0,1.0,0.0,False,True
2,9,1,5.0,5.0,乙,exception,11,3,8,0,0,0.2727272727272727,0.7272727272727273,0.0,0.0,8,3,0.7272727272727273,0.2727272727272727,False,True
2,9,1,5.0,5.0,乙,normal,63,62,1,0,0,0.9841269841269841,0.015873015873015872,0.0,0.0,1,62,0.015873015873015872,0.9841269841269841,False,True
2,9,1,5.0,5.0,甲,exception,13,3,9,0,1,0.23076923076923078,0.6923076923076923,0.0,0.07692307692307693,3,9,0.23076923076923078,0.6923076923076923,False,True
2,9,1,5.0,5.0,甲,normal,50,50,0,0,0,1.0,0.0,0.0,0.0,50,0,1.0,0.0,False,True
2,9,1,20.0,0.5,乙,exception,11,3,8,0,0,0.2727272727272727,0.7272727272727273,0.0,0.0,8,3,0.7272727272727273,0.2727272727272727,False,True
2,9,1,20.0,0.5,乙,normal,63,62,1,0,0,0.9841269841269841,0.015873015873015872,0.0,0.0,1,62,0.015873015873015872,0.9841269841269841,False,True
2,9,1,20.0,0.5,甲,exception,13,3,9,0,1,0.23076923076923078,0.6923076923076923,0.0,0.07692307692307693,3,9,0.23076923076923078,0.6923076923076923,False,True
2,9,1,20.0,0.5,甲,normal,50,50,0,0,0,1.0,0.0,0.0,0.0,50,0,1.0,0.0,False,True
2,9,1,20.0,1.0,乙,exception,11,3,8,0,0,0.2727272727272727,0.7272727272727273,0.0,0.0,8,3,0.7272727272727273,0.2727272727272727,False,True
2,9,1,20.0,1.0,乙,normal,63,62,1,0,0,0.9841269841269841,0.015873015873015872,0.0,0.0,1,62,0.015873015873015872,0.9841269841269841,False,True
2,9,1,20.0,1.0,甲,exception,13,3,9,0,1,0.23076923076923078,0.6923076923076923,0.0,0.07692307692307693,3,9,0.23076923076923078,0.6923076923076923,False,True
2,9,1,20.0,1.0,甲,normal,50,50,0,0,0,1.0,0.0,0.0,0.0,50,0,1.0,0.0,False,True
2,9,1,20.0,2.0,乙,exception,11,3,8,0,0,0.2727272727272727,0.7272727272727273,0.0,0.0,8,3,0.7272727272727273,0.2727272727272727,False,True
2,9,1,20.0,2.0,乙,normal,63,62,1,0,0,0.9841269841269841,0.015873015873015872,0.0,0.0,1,62,0.015873015873015872,0.9841269841269841,False,True
2,9,1,20.0,2.0,甲,exception,13,3,9,0,1,0.23076923076923078,0.6923076923076923,0.0,0.07692307692307693,3,9,0.23076923076923078,0.6923076923076923,False,True
2,9,1,20.0,2.0,甲,normal,50,50,0,0,0,1.0,0.0,0.0,0.0,50,0,1.0,0.0,False,True
2,9,1,20.0,5.0,乙,exception,11,3,8,0,0,0.2727272727272727,0.7272727272727273,0.0,0.0,8,3,0.7272727272727273,0.2727272727272727,False,True
2,9,1,20.0,5.0,乙,normal,63,62,1,0,0,0.9841269841269841,0.015873015873015872,0.0,0.0,1,62,0.015873015873015872,0.9841269841269841,False,True
2,9,1,20.0,5.0,甲,exception,13,3,9,0,1,0.23076923076923078,0.6923076923076923,0.0,0.07692307692307693,3,9,0.23076923076923078,0.6923076923076923,False,True
2,9,1,20.0,5.0,甲,normal,50,50,0,0,0,1.0,0.0,0.0,0.0,50,0,1.0,0.0,False,True
2,9,2,5.0,0.5,乙,exception,11,3,8,0,0,0.2727272727272727,0.7272727272727273,0.0,0.0,8,3,0.7272727272727273,0.2727272727272727,False,True
2,9,2,5.0,0.5,乙,normal,63,62,1,0,0,0.9841269841269841,0.015873015873015872,0.0,0.0,1,62,0.015873015873015872,0.9841269841269841,False,True
2,9,2,5.0,0.5,甲,exception,13,3,9,0,1,0.23076923076923078,0.6923076923076923,0.0,0.07692307692307693,3,9,0.23076923076923078,0.6923076923076923,False,True
2,9,2,5.0,0.5,甲,normal,50,50,0,0,0,1.0,0.0,0.0,0.0,50,0,1.0,0.0,False,True
2,9,2,5.0,1.0,乙,exception,11,3,8,0,0,0.2727272727272727,0.7272727272727273,0.0,0.0,8,3,0.7272727272727273,0.2727272727272727,False,True
2,9,2,5.0,1.0,乙,normal,63,62,1,0,0,0.9841269841269841,0.015873015873015872,0.0,0.0,1,62,0.015873015873015872,0.9841269841269841,False,True
2,9,2,5.0,1.0,甲,exception,13,3,9,0,1,0.23076923076923078,0.6923076923076923,0.0,0.07692307692307693,3,9,0.23076923076923078,0.6923076923076923,False,True
2,9,2,5.0,1.0,甲,normal,50,50,0,0,0,1.0,0.0,0.0,0.0,50,0,1.0,0.0,False,True
2,9,2,5.0,2.0,乙,exception,11,3,8,0,0,0.2727272727272727,0.7272727272727273,0.0,0.0,8,3,0.7272727272727273,0.2727272727272727,False,True
2,9,2,5.0,2.0,乙,normal,63,62,1,0,0,0.9841269841269841,0.015873015873015872,0.0,0.0,1,62,0.015873015873015872,0.9841269841269841,False,True
2,9,2,5.0,2.0,甲,exception,13,3,9,0,1,0.23076923076923078,0.6923076923076923,0.0,0.07692307692307693,3,9,0.23076923076923078,0.6923076923076923,False,True
2,9,2,5.0,2.0,甲,normal,50,50,0,0,0,1.0,0.0,0.0,0.0,50,0,1.0,0.0,False,True
2,9,2,5.0,5.0,乙,exception,11,3,8,0,0,0.2727272727272727,0.7272727272727273,0.0,0.0,8,3,0.7272727272727273,0.2727272727272727,False,True
2,9,2,5.0,5.0,乙,normal,63,62,1,0,0,0.9841269841269841,0.015873015873015872,0.0,0.0,1,62,0.015873015873015872,0.9841269841269841,False,True
2,9,2,5.0,5.0,甲,exception,13,3,9,0,1,0.23076923076923078,0.6923076923076923,0.0,0.07692307692307693,3,9,0.23076923076923078,0.6923076923076923,False,True
2,9,2,5.0,5.0,甲,normal,50,50,0,0,0,1.0,0.0,0.0,0.0,50,0,1.0,0.0,False,True
2,9,2,20.0,0.5,乙,exception,11,3,8,0,0,0.2727272727272727,0.7272727272727273,0.0,0.0,8,3,0.7272727272727273,0.2727272727272727,False,True
2,9,2,20.0,0.5,乙,normal,63,62,1,0,0,0.9841269841269841,0.015873015873015872,0.0,0.0,1,62,0.015873015873015872,0.9841269841269841,False,True
2,9,2,20.0,0.5,甲,exception,13,3,9,0,1,0.23076923076923078,0.6923076923076923,0.0,0.07692307692307693,3,9,0.23076923076923078,0.6923076923076923,False,True
2,9,2,20.0,0.5,甲,normal,50,50,0,0,0,1.0,0.0,0.0,0.0,50,0,1.0,0.0,False,True
2,9,2,20.0,1.0,乙,exception,11,3,8,0,0,0.2727272727272727,0.7272727272727273,0.0,0.0,8,3,0.7272727272727273,0.2727272727272727,False,True
2,9,2,20.0,1.0,乙,normal,63,62,1,0,0,0.9841269841269841,0.015873015873015872,0.0,0.0,1,62,0.015873015873015872,0.9841269841269841,False,True
2,9,2,20.0,1.0,甲,exception,13,3,9,0,1,0.23076923076923078,0.6923076923076923,0.0,0.07692307692307693,3,9,0.23076923076923078,0.6923076923076923,False,True
2,9,2,20.0,1.0,甲,normal,50,50,0,0,0,1.0,0.0,0.0,0.0,50,0,1.0,0.0,False,True
2,9,2,20.0,2.0,乙,exception,11,3,8,0,0,0.2727272727272727,0.7272727272727273,0.0,0.0,8,3,0.7272727272727273,0.2727272727272727,False,True
2,9,2,20.0,2.0,乙,normal,63,62,1,0,0,0.9841269841269841,0.015873015873015872,0.0,0.0,1,62,0.015873015873015872,0.9841269841269841,False,True
2,9,2,20.0,2.0,甲,exception,13,3,9,0,1,0.23076923076923078,0.6923076923076923,0.0,0.07692307692307693,3,9,0.23076923076923078,0.6923076923076923,False,True
2,9,2,20.0,2.0,甲,normal,50,50,0,0,0,1.0,0.0,0.0,0.0,50,0,1.0,0.0,False,True
2,9,2,20.0,5.0,乙,exception,11,3,8,0,0,0.2727272727272727,0.7272727272727273,0.0,0.0,8,3,0.7272727272727273,0.2727272727272727,False,True
2,9,2,20.0,5.0,乙,normal,63,62,1,0,0,0.9841269841269841,0.015873015873015872,0.0,0.0,1,62,0.015873015873015872,0.9841269841269841,False,True
2,9,2,20.0,5.0,甲,exception,13,3,9,0,1,0.23076923076923078,0.6923076923076923,0.0,0.07692307692307693,3,9,0.23076923076923078,0.6923076923076923,False,True
2,9,2,20.0,5.0,甲,normal,50,50,0,0,0,1.0,0.0,0.0,0.0,50,0,1.0,0.0,False,True
2,10,0,5.0,0.05,乙,exception,12,6,6,0,0,0.5,0.5,0.0,0.0,6,6,0.5,0.5,False,True
2,10,0,5.0,0.05,乙,normal,78,69,2,0,7,0.8846153846153846,0.02564102564102564,0.0,0.08974358974358974,2,69,0.02564102564102564,0.8846153846153846,False,True
2,10,0,5.0,0.05,甲,exception,17,5,11,0,1,0.29411764705882354,0.6470588235294118,0.0,0.058823529411764705,5,11,0.29411764705882354,0.6470588235294118,False,True
2,10,0,5.0,0.05,甲,normal,74,70,2,0,2,0.9459459459459459,0.02702702702702703,0.0,0.02702702702702703,70,2,0.9459459459459459,0.02702702702702703,False,True
2,10,1,5.0,0.5,乙,exception,12,5,7,0,0,0.4166666666666667,0.5833333333333334,0.0,0.0,7,5,0.5833333333333334,0.4166666666666667,False,True
2,10,1,5.0,0.5,乙,normal,78,69,2,0,7,0.8846153846153846,0.02564102564102564,0.0,0.08974358974358974,2,69,0.02564102564102564,0.8846153846153846,False,True
2,10,1,5.0,0.5,甲,exception,17,5,11,0,1,0.29411764705882354,0.6470588235294118,0.0,0.058823529411764705,5,11,0.29411764705882354,0.6470588235294118,False,True
2,10,1,5.0,0.5,甲,normal,74,70,2,0,2,0.9459459459459459,0.02702702702702703,0.0,0.02702702702702703,70,2,0.9459459459459459,0.02702702702702703,False,True
2,10,1,5.0,1.0,乙,exception,12,5,7,0,0,0.4166666666666667,0.5833333333333334,0.0,0.0,7,5,0.5833333333333334,0.4166666666666667,False,True
2,10,1,5.0,1.0,乙,normal,78,69,2,0,7,0.8846153846153846,0.02564102564102564,0.0,0.08974358974358974,2,69,0.02564102564102564,0.8846153846153846,False,True
2,10,1,5.0,1.0,甲,exception,17,5,11,0,1,0.29411764705882354,0.6470588235294118,0.0,0.058823529411764705,5,11,0.29411764705882354,0.6470588235294118,False,True
2,10,1,5.0,1.0,甲,normal,74,70,2,0,2,0.9459459459459459,0.02702702702702703,0.0,0.02702702702702703,70,2,0.9459459459459459,0.02702702702702703,False,True
2,10,1,5.0,2.0,乙,exception,12,5,7,0,0,0.4166666666666667,0.5833333333333334,0.0,0.0,7,5,0.5833333333333334,0.4166666666666667,False,True
2,10,1,5.0,2.0,乙,normal,78,69,2,0,7,0.8846153846153846,0.02564102564102564,0.0,0.08974358974358974,2,69,0.02564102564102564,0.8846153846153846,False,True
2,10,1,5.0,2.0,甲,exception,17,5,11,0,1,0.29411764705882354,0.6470588235294118,0.0,0.058823529411764705,5,11,0.29411764705882354,0.6470588235294118,False,True
2,10,1,5.0,2.0,甲,normal,74,70,2,0,2,0.9459459459459459,0.02702702702702703,0.0,0.02702702702702703,70,2,0.9459459459459459,0.02702702702702703,False,True
2,10,1,5.0,5.0,乙,exception,12,5,7,0,0,0.4166666666666667,0.5833333333333334,0.0,0.0,7,5,0.5833333333333334,0.4166666666666667,False,True
2,10,1,5.0,5.0,乙,normal,78,69,2,0,7,0.8846153846153846,0.02564102564102564,0.0,0.08974358974358974,2,69,0.02564102564102564,0.8846153846153846,False,True
2,10,1,5.0,5.0,甲,exception,17,5,11,0,1,0.29411764705882354,0.6470588235294118,0.0,0.058823529411764705,5,11,0.29411764705882354,0.6470588235294118,False,True
2,10,1,5.0,5.0,甲,normal,74,70,2,0,2,0.9459459459459459,0.02702702702702703,0.0,0.02702702702702703,70,2,0.9459459459459459,0.02702702702702703,False,True
2,10,1,20.0,0.5,乙,exception,12,5,7,0,0,0.4166666666666667,0.5833333333333334,0.0,0.0,7,5,0.5833333333333334,0.4166666666666667,False,True
2,10,1,20.0,0.5,乙,normal,78,69,2,0,7,0.8846153846153846,0.02564102564102564,0.0,0.08974358974358974,2,69,0.02564102564102564,0.8846153846153846,False,True
2,10,1,20.0,0.5,甲,exception,17,5,11,0,1,0.29411764705882354,0.6470588235294118,0.0,0.058823529411764705,5,11,0.29411764705882354,0.6470588235294118,False,True
2,10,1,20.0,0.5,甲,normal,74,70,2,0,2,0.9459459459459459,0.02702702702702703,0.0,0.02702702702702703,70,2,0.9459459459459459,0.02702702702702703,False,True
2,10,1,20.0,1.0,乙,exception,12,5,7,0,0,0.4166666666666667,0.5833333333333334,0.0,0.0,7,5,0.5833333333333334,0.4166666666666667,False,True
2,10,1,20.0,1.0,乙,normal,78,69,2,0,7,0.8846153846153846,0.02564102564102564,0.0,0.08974358974358974,2,69,0.02564102564102564,0.8846153846153846,False,True
2,10,1,20.0,1.0,甲,exception,17,5,11,0,1,0.29411764705882354,0.6470588235294118,0.0,0.058823529411764705,5,11,0.29411764705882354,0.6470588235294118,False,True
2,10,1,20.0,1.0,甲,normal,74,70,2,0,2,0.9459459459459459,0.02702702702702703,0.0,0.02702702702702703,70,2,0.9459459459459459,0.02702702702702703,False,True
2,10,1,20.0,2.0,乙,exception,12,5,7,0,0,0.4166666666666667,0.5833333333333334,0.0,0.0,7,5,0.5833333333333334,0.4166666666666667,False,True
2,10,1,20.0,2.0,乙,normal,78,69,2,0,7,0.8846153846153846,0.02564102564102564,0.0,0.08974358974358974,2,69,0.02564102564102564,0.8846153846153846,False,True
2,10,1,20.0,2.0,甲,exception,17,5,11,0,1,0.29411764705882354,0.6470588235294118,0.0,0.058823529411764705,5,11,0.29411764705882354,0.6470588235294118,False,True
2,10,1,20.0,2.0,甲,normal,74,70,2,0,2,0.9459459459459459,0.02702702702702703,0.0,0.02702702702702703,70,2,0.9459459459459459,0.02702702702702703,False,True
2,10,1,20.0,5.0,乙,exception,12,5,7,0,0,0.4166666666666667,0.5833333333333334,0.0,0.0,7,5,0.5833333333333334,0.4166666666666667,False,True
2,10,1,20.0,5.0,乙,normal,78,69,2,0,7,0.8846153846153846,0.02564102564102564,0.0,0.08974358974358974,2,69,0.02564102564102564,0.8846153846153846,False,True
2,10,1,20.0,5.0,甲,exception,17,5,11,0,1,0.29411764705882354,0.6470588235294118,0.0,0.058823529411764705,5,11,0.29411764705882354,0.6470588235294118,False,True
2,10,1,20.0,5.0,甲,normal,74,70,2,0,2,0.9459459459459459,0.02702702702702703,0.0,0.02702702702702703,70,2,0.9459459459459459,0.02702702702702703,False,True
2,10,2,5.0,0.5,乙,exception,12,5,7,0,0,0.4166666666666667,0.5833333333333334,0.0,0.0,7,5,0.5833333333333334,0.4166666666666667,False,True
2,10,2,5.0,0.5,乙,normal,78,69,2,0,7,0.8846153846153846,0.02564102564102564,0.0,0.08974358974358974,2,69,0.02564102564102564,0.8846153846153846,False,True
2,10,2,5.0,0.5,甲,exception,17,5,11,0,1,0.29411764705882354,0.6470588235294118,0.0,0.058823529411764705,5,11,0.29411764705882354,0.6470588235294118,False,True
2,10,2,5.0,0.5,甲,normal,74,70,2,0,2,0.9459459459459459,0.02702702702702703,0.0,0.02702702702702703,70,2,0.9459459459459459,0.02702702702702703,False,True
2,10,2,5.0,1.0,乙,exception,12,5,7,0,0,0.4166666666666667,0.5833333333333334,0.0,0.0,7,5,0.5833333333333334,0.4166666666666667,False,True
2,10,2,5.0,1.0,乙,normal,78,69,2,0,7,0.8846153846153846,0.02564102564102564,0.0,0.08974358974358974,2,69,0.02564102564102564,0.8846153846153846,False,True
2,10,2,5.0,1.0,甲,exception,17,5,11,0,1,0.29411764705882354,0.6470588235294118,0.0,0.058823529411764705,5,11,0.29411764705882354,0.6470588235294118,False,True
2,10,2,5.0,1.0,甲,normal,74,70,2,0,2,0.9459459459459459,0.02702702702702703,0.0,0.02702702702702703,70,2,0.9459459459459459,0.02702702702702703,False,True
2,10,2,5.0,2.0,乙,exception,12,5,7,0,0,0.4166666666666667,0.5833333333333334,0.0,0.0,7,5,0.5833333333333334,0.4166666666666667,False,True
2,10,2,5.0,2.0,乙,normal,78,69,2,0,7,0.8846153846153846,0.02564102564102564,0.0,0.08974358974358974,2,69,0.02564102564102564,0.8846153846153846,False,True
2,10,2,5.0,2.0,甲,exception,17,5,11,0,1,0.29411764705882354,0.6470588235294118,0.0,0.058823529411764705,5,11,0.29411764705882354,0.6470588235294118,False,True
2,10,2,5.0,2.0,甲,normal,74,70,2,0,2,0.9459459459459459,0.02702702702702703,0.0,0.02702702702702703,70,2,0.9459459459459459,0.02702702702702703,False,True
2,10,2,5.0,5.0,乙,exception,12,5,7,0,0,0.4166666666666667,0.5833333333333334,0.0,0.0,7,5,0.5833333333333334,0.4166666666666667,False,True
2,10,2,5.0,5.0,乙,normal,78,69,2,0,7,0.8846153846153846,0.02564102564102564,0.0,0.08974358974358974,2,69,0.02564102564102564,0.8846153846153846,False,True
2,10,2,5.0,5.0,甲,exception,17,5,11,0,1,0.29411764705882354,0.6470588235294118,0.0,0.058823529411764705,5,11,0.29411764705882354,0.6470588235294118,False,True
2,10,2,5.0,5.0,甲,normal,74,70,2,0,2,0.9459459459459459,0.02702702702702703,0.0,0.02702702702702703,70,2,0.9459459459459459,0.02702702702702703,False,True
2,10,2,20.0,0.5,乙,exception,12,5,7,0,0,0.4166666666666667,0.5833333333333334,0.0,0.0,7,5,0.5833333333333334,0.4166666666666667,False,True
2,10,2,20.0,0.5,乙,normal,78,69,2,0,7,0.8846153846153846,0.02564102564102564,0.0,0.08974358974358974,2,69,0.02564102564102564,0.8846153846153846,False,True
2,10,2,20.0,0.5,甲,exception,17,5,11,0,1,0.29411764705882354,0.6470588235294118,0.0,0.058823529411764705,5,11,0.29411764705882354,0.6470588235294118,False,True
2,10,2,20.0,0.5,甲,normal,74,70,2,0,2,0.9459459459459459,0.02702702702702703,0.0,0.02702702702702703,70,2,0.9459459459459459,0.02702702702702703,False,True
2,10,2,20.0,1.0,乙,exception,12,5,7,0,0,0.4166666666666667,0.5833333333333334,0.0,0.0,7,5,0.5833333333333334,0.4166666666666667,False,True
2,10,2,20.0,1.0,乙,normal,78,69,2,0,7,0.8846153846153846,0.02564102564102564,0.0,0.08974358974358974,2,69,0.02564102564102564,0.8846153846153846,False,True
2,10,2,20.0,1.0,甲,exception,17,5,11,0,1,0.29411764705882354,0.6470588235294118,0.0,0.058823529411764705,5,11,0.29411764705882354,0.6470588235294118,False,True
2,10,2,20.0,1.0,甲,normal,74,70,2,0,2,0.9459459459459459,0.02702702702702703,0.0,0.02702702702702703,70,2,0.9459459459459459,0.02702702702702703,False,True
2,10,2,20.0,2.0,乙,exception,12,5,7,0,0,0.4166666666666667,0.5833333333333334,0.0,0.0,7,5,0.5833333333333334,0.4166666666666667,False,True
2,10,2,20.0,2.0,乙,normal,78,69,2,0,7,0.8846153846153846,0.02564102564102564,0.0,0.08974358974358974,2,69,0.02564102564102564,0.8846153846153846,False,True
2,10,2,20.0,2.0,甲,exception,17,5,11,0,1,0.29411764705882354,0.6470588235294118,0.0,0.058823529411764705,5,11,0.29411764705882354,0.6470588235294118,False,True
2,10,2,20.0,2.0,甲,normal,74,70,2,0,2,0.9459459459459459,0.02702702702702703,0.0,0.02702702702702703,70,2,0.9459459459459459,0.02702702702702703,False,True
2,10,2,20.0,5.0,乙,exception,12,5,7,0,0,0.4166666666666667,0.5833333333333334,0.0,0.0,7,5,0.5833333333333334,0.4166666666666667,False,True
2,10,2,20.0,5.0,乙,normal,78,69,2,0,7,0.8846153846153846,0.02564102564102564,0.0,0.08974358974358974,2,69,0.02564102564102564,0.8846153846153846,False,True
2,10,2,20.0,5.0,甲,exception,17,5,11,0,1,0.29411764705882354,0.6470588235294118,0.0,0.058823529411764705,5,11,0.29411764705882354,0.6470588235294118,False,True
2,10,2,20.0,5.0,甲,normal,74,70,2,0,2,0.9459459459459459,0.02702702702702703,0.0,0.02702702702702703,70,2,0.9459459459459459,0.02702702702702703,False,True
2,11,0,5.0,0.05,乙,exception,18,5,10,0,3,0.2777777777777778,0.5555555555555556,0.0,0.16666666666666666,10,5,0.5555555555555556,0.2777777777777778,False,True
2,11,0,5.0,0.05,乙,normal,64,57,3,0,4,0.890625,0.046875,0.0,0.0625,3,57,0.046875,0.890625,False,True
2,11,0,5.0,0.05,甲,exception,17,5,10,0,2,0.29411764705882354,0.5882352941176471,0.0,0.11764705882352941,5,10,0.29411764705882354,0.5882352941176471,False,True
2,11,0,5.0,0.05,甲,normal,56,51,2,0,3,0.9107142857142857,0.03571428571428571,0.0,0.05357142857142857,51,2,0.9107142857142857,0.03571428571428571,False,True
2,11,1,5.0,0.5,乙,exception,18,7,8,0,3,0.3888888888888889,0.4444444444444444,0.0,0.16666666666666666,8,7,0.4444444444444444,0.3888888888888889,False,True
2,11,1,5.0,0.5,乙,normal,64,58,2,0,4,0.90625,0.03125,0.0,0.0625,2,58,0.03125,0.90625,False,True
2,11,1,5.0,0.5,甲,exception,17,5,10,0,2,0.29411764705882354,0.5882352941176471,0.0,0.11764705882352941,5,10,0.29411764705882354,0.5882352941176471,False,True
2,11,1,5.0,0.5,甲,normal,56,51,2,0,3,0.9107142857142857,0.03571428571428571,0.0,0.05357142857142857,51,2,0.9107142857142857,0.03571428571428571,False,True
2,11,1,5.0,1.0,乙,exception,18,7,8,0,3,0.3888888888888889,0.4444444444444444,0.0,0.16666666666666666,8,7,0.4444444444444444,0.3888888888888889,False,True
2,11,1,5.0,1.0,乙,normal,64,58,2,0,4,0.90625,0.03125,0.0,0.0625,2,58,0.03125,0.90625,False,True
2,11,1,5.0,1.0,甲,exception,17,5,10,0,2,0.29411764705882354,0.5882352941176471,0.0,0.11764705882352941,5,10,0.29411764705882354,0.5882352941176471,False,True
2,11,1,5.0,1.0,甲,normal,56,51,2,0,3,0.9107142857142857,0.03571428571428571,0.0,0.05357142857142857,51,2,0.9107142857142857,0.03571428571428571,False,True
2,11,1,5.0,2.0,乙,exception,18,8,8,0,2,0.4444444444444444,0.4444444444444444,0.0,0.1111111111111111,8,8,0.4444444444444444,0.4444444444444444,False,True
2,11,1,5.0,2.0,乙,normal,64,59,2,0,3,0.921875,0.03125,0.0,0.046875,2,59,0.03125,0.921875,False,True
2,11,1,5.0,2.0,甲,exception,17,5,10,0,2,0.29411764705882354,0.5882352941176471,0.0,0.11764705882352941,5,10,0.29411764705882354,0.5882352941176471,False,True
2,11,1,5.0,2.0,甲,normal,56,51,2,0,3,0.9107142857142857,0.03571428571428571,0.0,0.05357142857142857,51,2,0.9107142857142857,0.03571428571428571,False,True
2,11,1,5.0,5.0,乙,exception,18,8,8,0,2,0.4444444444444444,0.4444444444444444,0.0,0.1111111111111111,8,8,0.4444444444444444,0.4444444444444444,False,True
2,11,1,5.0,5.0,乙,normal,64,59,3,0,2,0.921875,0.046875,0.0,0.03125,3,59,0.046875,0.921875,False,True
2,11,1,5.0,5.0,甲,exception,17,4,11,0,2,0.23529411764705882,0.6470588235294118,0.0,0.11764705882352941,4,11,0.23529411764705882,0.6470588235294118,False,True
2,11,1,5.0,5.0,甲,normal,56,51,2,0,3,0.9107142857142857,0.03571428571428571,0.0,0.05357142857142857,51,2,0.9107142857142857,0.03571428571428571,False,True
2,11,1,20.0,0.5,乙,exception,18,7,8,0,3,0.3888888888888889,0.4444444444444444,0.0,0.16666666666666666,8,7,0.4444444444444444,0.3888888888888889,False,True
2,11,1,20.0,0.5,乙,normal,64,60,2,0,2,0.9375,0.03125,0.0,0.03125,2,60,0.03125,0.9375,False,True
2,11,1,20.0,0.5,甲,exception,17,5,10,0,2,0.29411764705882354,0.5882352941176471,0.0,0.11764705882352941,5,10,0.29411764705882354,0.5882352941176471,False,True
2,11,1,20.0,0.5,甲,normal,56,51,2,0,3,0.9107142857142857,0.03571428571428571,0.0,0.05357142857142857,51,2,0.9107142857142857,0.03571428571428571,False,True
2,11,1,20.0,1.0,乙,exception,18,8,8,0,2,0.4444444444444444,0.4444444444444444,0.0,0.1111111111111111,8,8,0.4444444444444444,0.4444444444444444,False,True
2,11,1,20.0,1.0,乙,normal,64,60,2,0,2,0.9375,0.03125,0.0,0.03125,2,60,0.03125,0.9375,False,True
2,11,1,20.0,1.0,甲,exception,17,5,10,0,2,0.29411764705882354,0.5882352941176471,0.0,0.11764705882352941,5,10,0.29411764705882354,0.5882352941176471,False,True
2,11,1,20.0,1.0,甲,normal,56,51,2,0,3,0.9107142857142857,0.03571428571428571,0.0,0.05357142857142857,51,2,0.9107142857142857,0.03571428571428571,False,True
2,11,1,20.0,2.0,乙,exception,18,8,8,0,2,0.4444444444444444,0.4444444444444444,0.0,0.1111111111111111,8,8,0.4444444444444444,0.4444444444444444,False,True
2,11,1,20.0,2.0,乙,normal,64,60,2,0,2,0.9375,0.03125,0.0,0.03125,2,60,0.03125,0.9375,False,True
2,11,1,20.0,2.0,甲,exception,17,5,10,0,2,0.29411764705882354,0.5882352941176471,0.0,0.11764705882352941,5,10,0.29411764705882354,0.5882352941176471,False,True
2,11,1,20.0,2.0,甲,normal,56,51,2,0,3,0.9107142857142857,0.03571428571428571,0.0,0.05357142857142857,51,2,0.9107142857142857,0.03571428571428571,False,True
2,11,1,20.0,5.0,乙,exception,18,8,8,0,2,0.4444444444444444,0.4444444444444444,0.0,0.1111111111111111,8,8,0.4444444444444444,0.4444444444444444,False,True
2,11,1,20.0,5.0,乙,normal,64,59,3,0,2,0.921875,0.046875,0.0,0.03125,3,59,0.046875,0.921875,False,True
2,11,1,20.0,5.0,甲,exception,17,4,11,0,2,0.23529411764705882,0.6470588235294118,0.0,0.11764705882352941,4,11,0.23529411764705882,0.6470588235294118,False,True
2,11,1,20.0,5.0,甲,normal,56,51,2,0,3,0.9107142857142857,0.03571428571428571,0.0,0.05357142857142857,51,2,0.9107142857142857,0.03571428571428571,False,True
2,11,2,5.0,0.5,乙,exception,18,5,10,0,3,0.2777777777777778,0.5555555555555556,0.0,0.16666666666666666,10,5,0.5555555555555556,0.2777777777777778,False,True
2,11,2,5.0,0.5,乙,normal,64,57,3,0,4,0.890625,0.046875,0.0,0.0625,3,57,0.046875,0.890625,False,True
2,11,2,5.0,0.5,甲,exception,17,5,10,0,2,0.29411764705882354,0.5882352941176471,0.0,0.11764705882352941,5,10,0.29411764705882354,0.5882352941176471,False,True
2,11,2,5.0,0.5,甲,normal,56,51,2,0,3,0.9107142857142857,0.03571428571428571,0.0,0.05357142857142857,51,2,0.9107142857142857,0.03571428571428571,False,True
2,11,2,5.0,1.0,乙,exception,18,5,10,0,3,0.2777777777777778,0.5555555555555556,0.0,0.16666666666666666,10,5,0.5555555555555556,0.2777777777777778,False,True
2,11,2,5.0,1.0,乙,normal,64,57,3,0,4,0.890625,0.046875,0.0,0.0625,3,57,0.046875,0.890625,False,True
2,11,2,5.0,1.0,甲,exception,17,5,10,0,2,0.29411764705882354,0.5882352941176471,0.0,0.11764705882352941,5,10,0.29411764705882354,0.5882352941176471,False,True
2,11,2,5.0,1.0,甲,normal,56,51,2,0,3,0.9107142857142857,0.03571428571428571,0.0,0.05357142857142857,51,2,0.9107142857142857,0.03571428571428571,False,True
2,11,2,5.0,2.0,乙,exception,18,6,10,0,2,0.3333333333333333,0.5555555555555556,0.0,0.1111111111111111,10,6,0.5555555555555556,0.3333333333333333,False,True
2,11,2,5.0,2.0,乙,normal,64,57,3,0,4,0.890625,0.046875,0.0,0.0625,3,57,0.046875,0.890625,False,True
2,11,2,5.0,2.0,甲,exception,17,5,10,0,2,0.29411764705882354,0.5882352941176471,0.0,0.11764705882352941,5,10,0.29411764705882354,0.5882352941176471,False,True
2,11,2,5.0,2.0,甲,normal,56,51,2,0,3,0.9107142857142857,0.03571428571428571,0.0,0.05357142857142857,51,2,0.9107142857142857,0.03571428571428571,False,True
2,11,2,5.0,5.0,乙,exception,18,6,10,0,2,0.3333333333333333,0.5555555555555556,0.0,0.1111111111111111,10,6,0.5555555555555556,0.3333333333333333,False,True
2,11,2,5.0,5.0,乙,normal,64,58,3,0,3,0.90625,0.046875,0.0,0.046875,3,58,0.046875,0.90625,False,True
2,11,2,5.0,5.0,甲,exception,17,6,9,0,2,0.35294117647058826,0.5294117647058824,0.0,0.11764705882352941,6,9,0.35294117647058826,0.5294117647058824,False,True
2,11,2,5.0,5.0,甲,normal,56,51,2,0,3,0.9107142857142857,0.03571428571428571,0.0,0.05357142857142857,51,2,0.9107142857142857,0.03571428571428571,False,True
2,11,2,20.0,0.5,乙,exception,18,5,10,0,3,0.2777777777777778,0.5555555555555556,0.0,0.16666666666666666,10,5,0.5555555555555556,0.2777777777777778,False,True
2,11,2,20.0,0.5,乙,normal,64,59,3,0,2,0.921875,0.046875,0.0,0.03125,3,59,0.046875,0.921875,False,True
2,11,2,20.0,0.5,甲,exception,17,6,9,0,2,0.35294117647058826,0.5294117647058824,0.0,0.11764705882352941,6,9,0.35294117647058826,0.5294117647058824,False,True
2,11,2,20.0,0.5,甲,normal,56,51,2,0,3,0.9107142857142857,0.03571428571428571,0.0,0.05357142857142857,51,2,0.9107142857142857,0.03571428571428571,False,True
2,11,2,20.0,1.0,乙,exception,18,6,10,0,2,0.3333333333333333,0.5555555555555556,0.0,0.1111111111111111,10,6,0.5555555555555556,0.3333333333333333,False,True
2,11,2,20.0,1.0,乙,normal,64,59,3,0,2,0.921875,0.046875,0.0,0.03125,3,59,0.046875,0.921875,False,True
2,11,2,20.0,1.0,甲,exception,17,6,9,0,2,0.35294117647058826,0.5294117647058824,0.0,0.11764705882352941,6,9,0.35294117647058826,0.5294117647058824,False,True
2,11,2,20.0,1.0,甲,normal,56,51,2,0,3,0.9107142857142857,0.03571428571428571,0.0,0.05357142857142857,51,2,0.9107142857142857,0.03571428571428571,False,True
2,11,2,20.0,2.0,乙,exception,18,6,10,0,2,0.3333333333333333,0.5555555555555556,0.0,0.1111111111111111,10,6,0.5555555555555556,0.3333333333333333,False,True
2,11,2,20.0,2.0,乙,normal,64,59,3,0,2,0.921875,0.046875,0.0,0.03125,3,59,0.046875,0.921875,False,True
2,11,2,20.0,2.0,甲,exception,17,6,9,0,2,0.35294117647058826,0.5294117647058824,0.0,0.11764705882352941,6,9,0.35294117647058826,0.5294117647058824,False,True
2,11,2,20.0,2.0,甲,normal,56,51,2,0,3,0.9107142857142857,0.03571428571428571,0.0,0.05357142857142857,51,2,0.9107142857142857,0.03571428571428571,False,True
2,11,2,20.0,5.0,乙,exception,18,6,10,0,2,0.3333333333333333,0.5555555555555556,0.0,0.1111111111111111,10,6,0.5555555555555556,0.3333333333333333,False,True
2,11,2,20.0,5.0,乙,normal,64,59,3,0,2,0.921875,0.046875,0.0,0.03125,3,59,0.046875,0.921875,False,True
2,11,2,20.0,5.0,甲,exception,17,5,10,0,2,0.29411764705882354,0.5882352941176471,0.0,0.11764705882352941,5,10,0.29411764705882354,0.5882352941176471,False,True
2,11,2,20.0,5.0,甲,normal,56,51,2,0,3,0.9107142857142857,0.03571428571428571,0.0,0.05357142857142857,51,2,0.9107142857142857,0.03571428571428571,False,True
2,12,0,5.0,0.05,乙,exception,15,3,10,0,2,0.2,0.6666666666666666,0.0,0.13333333333333333,10,3,0.6666666666666666,0.2,False,True
2,12,0,5.0,0.05,乙,normal,70,57,4,0,9,0.8142857142857143,0.05714285714285714,0.0,0.12857142857142856,4,57,0.05714285714285714,0.8142857142857143,False,True
2,12,0,5.0,0.05,甲,exception,16,3,11,0,2,0.1875,0.6875,0.0,0.125,3,11,0.1875,0.6875,False,True
2,12,0,5.0,0.05,甲,normal,60,58,2,0,0,0.9666666666666667,0.03333333333333333,0.0,0.0,58,2,0.9666666666666667,0.03333333333333333,False,True
2,12,1,5.0,0.5,乙,exception,15,3,10,0,2,0.2,0.6666666666666666,0.0,0.13333333333333333,10,3,0.6666666666666666,0.2,False,True
2,12,1,5.0,0.5,乙,normal,70,57,4,0,9,0.8142857142857143,0.05714285714285714,0.0,0.12857142857142856,4,57,0.05714285714285714,0.8142857142857143,False,True
2,12,1,5.0,0.5,甲,exception,16,3,11,0,2,0.1875,0.6875,0.0,0.125,3,11,0.1875,0.6875,False,True
2,12,1,5.0,0.5,甲,normal,60,58,2,0,0,0.9666666666666667,0.03333333333333333,0.0,0.0,58,2,0.9666666666666667,0.03333333333333333,False,True
2,12,1,5.0,1.0,乙,exception,15,3,10,0,2,0.2,0.6666666666666666,0.0,0.13333333333333333,10,3,0.6666666666666666,0.2,False,True
2,12,1,5.0,1.0,乙,normal,70,57,4,0,9,0.8142857142857143,0.05714285714285714,0.0,0.12857142857142856,4,57,0.05714285714285714,0.8142857142857143,False,True
2,12,1,5.0,1.0,甲,exception,16,3,11,0,2,0.1875,0.6875,0.0,0.125,3,11,0.1875,0.6875,False,True
2,12,1,5.0,1.0,甲,normal,60,58,2,0,0,0.9666666666666667,0.03333333333333333,0.0,0.0,58,2,0.9666666666666667,0.03333333333333333,False,True
2,12,1,5.0,2.0,乙,exception,15,3,11,0,1,0.2,0.7333333333333333,0.0,0.06666666666666667,11,3,0.7333333333333333,0.2,False,True
2,12,1,5.0,2.0,乙,normal,70,63,4,0,3,0.9,0.05714285714285714,0.0,0.04285714285714286,4,63,0.05714285714285714,0.9,False,True
2,12,1,5.0,2.0,甲,exception,16,3,11,0,2,0.1875,0.6875,0.0,0.125,3,11,0.1875,0.6875,False,True
2,12,1,5.0,2.0,甲,normal,60,58,2,0,0,0.9666666666666667,0.03333333333333333,0.0,0.0,58,2,0.9666666666666667,0.03333333333333333,False,True
2,12,1,5.0,5.0,乙,exception,15,3,11,0,1,0.2,0.7333333333333333,0.0,0.06666666666666667,11,3,0.7333333333333333,0.2,False,True
2,12,1,5.0,5.0,乙,normal,70,63,4,0,3,0.9,0.05714285714285714,0.0,0.04285714285714286,4,63,0.05714285714285714,0.9,False,True
2,12,1,5.0,5.0,甲,exception,16,3,12,0,1,0.1875,0.75,0.0,0.0625,3,12,0.1875,0.75,False,True
2,12,1,5.0,5.0,甲,normal,60,58,2,0,0,0.9666666666666667,0.03333333333333333,0.0,0.0,58,2,0.9666666666666667,0.03333333333333333,False,True
2,12,1,20.0,0.5,乙,exception,15,3,10,0,2,0.2,0.6666666666666666,0.0,0.13333333333333333,10,3,0.6666666666666666,0.2,False,True
2,12,1,20.0,0.5,乙,normal,70,60,4,0,6,0.8571428571428571,0.05714285714285714,0.0,0.08571428571428572,4,60,0.05714285714285714,0.8571428571428571,False,True
2,12,1,20.0,0.5,甲,exception,16,3,11,0,2,0.1875,0.6875,0.0,0.125,3,11,0.1875,0.6875,False,True
2,12,1,20.0,0.5,甲,normal,60,58,2,0,0,0.9666666666666667,0.03333333333333333,0.0,0.0,58,2,0.9666666666666667,0.03333333333333333,False,True
2,12,1,20.0,1.0,乙,exception,15,3,11,0,1,0.2,0.7333333333333333,0.0,0.06666666666666667,11,3,0.7333333333333333,0.2,False,True
2,12,1,20.0,1.0,乙,normal,70,63,4,0,3,0.9,0.05714285714285714,0.0,0.04285714285714286,4,63,0.05714285714285714,0.9,False,True
2,12,1,20.0,1.0,甲,exception,16,3,11,0,2,0.1875,0.6875,0.0,0.125,3,11,0.1875,0.6875,False,True
2,12,1,20.0,1.0,甲,normal,60,58,2,0,0,0.9666666666666667,0.03333333333333333,0.0,0.0,58,2,0.9666666666666667,0.03333333333333333,False,True
2,12,1,20.0,2.0,乙,exception,15,3,11,0,1,0.2,0.7333333333333333,0.0,0.06666666666666667,11,3,0.7333333333333333,0.2,False,True
2,12,1,20.0,2.0,乙,normal,70,63,4,0,3,0.9,0.05714285714285714,0.0,0.04285714285714286,4,63,0.05714285714285714,0.9,False,True
2,12,1,20.0,2.0,甲,exception,16,3,12,0,1,0.1875,0.75,0.0,0.0625,3,12,0.1875,0.75,False,True
2,12,1,20.0,2.0,甲,normal,60,58,2,0,0,0.9666666666666667,0.03333333333333333,0.0,0.0,58,2,0.9666666666666667,0.03333333333333333,False,True
2,12,1,20.0,5.0,乙,exception,15,3,11,0,1,0.2,0.7333333333333333,0.0,0.06666666666666667,11,3,0.7333333333333333,0.2,False,True
2,12,1,20.0,5.0,乙,normal,70,64,4,0,2,0.9142857142857143,0.05714285714285714,0.0,0.02857142857142857,4,64,0.05714285714285714,0.9142857142857143,False,True
2,12,1,20.0,5.0,甲,exception,16,5,10,0,1,0.3125,0.625,0.0,0.0625,5,10,0.3125,0.625,False,True
2,12,1,20.0,5.0,甲,normal,60,58,2,0,0,0.9666666666666667,0.03333333333333333,0.0,0.0,58,2,0.9666666666666667,0.03333333333333333,False,True
2,12,2,5.0,0.5,乙,exception,15,3,10,0,2,0.2,0.6666666666666666,0.0,0.13333333333333333,10,3,0.6666666666666666,0.2,False,True
2,12,2,5.0,0.5,乙,normal,70,57,4,0,9,0.8142857142857143,0.05714285714285714,0.0,0.12857142857142856,4,57,0.05714285714285714,0.8142857142857143,False,True
2,12,2,5.0,0.5,甲,exception,16,3,11,0,2,0.1875,0.6875,0.0,0.125,3,11,0.1875,0.6875,False,True
2,12,2,5.0,0.5,甲,normal,60,58,2,0,0,0.9666666666666667,0.03333333333333333,0.0,0.0,58,2,0.9666666666666667,0.03333333333333333,False,True
2,12,2,5.0,1.0,乙,exception,15,3,10,0,2,0.2,0.6666666666666666,0.0,0.13333333333333333,10,3,0.6666666666666666,0.2,False,True
2,12,2,5.0,1.0,乙,normal,70,57,4,0,9,0.8142857142857143,0.05714285714285714,0.0,0.12857142857142856,4,57,0.05714285714285714,0.8142857142857143,False,True
2,12,2,5.0,1.0,甲,exception,16,3,11,0,2,0.1875,0.6875,0.0,0.125,3,11,0.1875,0.6875,False,True
2,12,2,5.0,1.0,甲,normal,60,58,2,0,0,0.9666666666666667,0.03333333333333333,0.0,0.0,58,2,0.9666666666666667,0.03333333333333333,False,True
2,12,2,5.0,2.0,乙,exception,15,3,11,0,1,0.2,0.7333333333333333,0.0,0.06666666666666667,11,3,0.7333333333333333,0.2,False,True
2,12,2,5.0,2.0,乙,normal,70,57,4,0,9,0.8142857142857143,0.05714285714285714,0.0,0.12857142857142856,4,57,0.05714285714285714,0.8142857142857143,False,True
2,12,2,5.0,2.0,甲,exception,16,3,11,0,2,0.1875,0.6875,0.0,0.125,3,11,0.1875,0.6875,False,True
2,12,2,5.0,2.0,甲,normal,60,58,2,0,0,0.9666666666666667,0.03333333333333333,0.0,0.0,58,2,0.9666666666666667,0.03333333333333333,False,True
2,12,2,5.0,5.0,乙,exception,15,3,11,0,1,0.2,0.7333333333333333,0.0,0.06666666666666667,11,3,0.7333333333333333,0.2,False,True
2,12,2,5.0,5.0,乙,normal,70,63,4,0,3,0.9,0.05714285714285714,0.0,0.04285714285714286,4,63,0.05714285714285714,0.9,False,True
2,12,2,5.0,5.0,甲,exception,16,3,12,0,1,0.1875,0.75,0.0,0.0625,3,12,0.1875,0.75,False,True
2,12,2,5.0,5.0,甲,normal,60,58,2,0,0,0.9666666666666667,0.03333333333333333,0.0,0.0,58,2,0.9666666666666667,0.03333333333333333,False,True
2,12,2,20.0,0.5,乙,exception,15,3,10,0,2,0.2,0.6666666666666666,0.0,0.13333333333333333,10,3,0.6666666666666666,0.2,False,True
2,12,2,20.0,0.5,乙,normal,70,57,4,0,9,0.8142857142857143,0.05714285714285714,0.0,0.12857142857142856,4,57,0.05714285714285714,0.8142857142857143,False,True
2,12,2,20.0,0.5,甲,exception,16,3,11,0,2,0.1875,0.6875,0.0,0.125,3,11,0.1875,0.6875,False,True
2,12,2,20.0,0.5,甲,normal,60,58,2,0,0,0.9666666666666667,0.03333333333333333,0.0,0.0,58,2,0.9666666666666667,0.03333333333333333,False,True
2,12,2,20.0,1.0,乙,exception,15,3,11,0,1,0.2,0.7333333333333333,0.0,0.06666666666666667,11,3,0.7333333333333333,0.2,False,True
2,12,2,20.0,1.0,乙,normal,70,63,4,0,3,0.9,0.05714285714285714,0.0,0.04285714285714286,4,63,0.05714285714285714,0.9,False,True
2,12,2,20.0,1.0,甲,exception,16,3,11,0,2,0.1875,0.6875,0.0,0.125,3,11,0.1875,0.6875,False,True
2,12,2,20.0,1.0,甲,normal,60,58,2,0,0,0.9666666666666667,0.03333333333333333,0.0,0.0,58,2,0.9666666666666667,0.03333333333333333,False,True
2,12,2,20.0,2.0,乙,exception,15,3,11,0,1,0.2,0.7333333333333333,0.0,0.06666666666666667,11,3,0.7333333333333333,0.2,False,True
2,12,2,20.0,2.0,乙,normal,70,63,4,0,3,0.9,0.05714285714285714,0.0,0.04285714285714286,4,63,0.05714285714285714,0.9,False,True
2,12,2,20.0,2.0,甲,exception,16,3,12,0,1,0.1875,0.75,0.0,0.0625,3,12,0.1875,0.75,False,True
2,12,2,20.0,2.0,甲,normal,60,58,2,0,0,0.9666666666666667,0.03333333333333333,0.0,0.0,58,2,0.9666666666666667,0.03333333333333333,False,True
2,12,2,20.0,5.0,乙,exception,15,3,11,0,1,0.2,0.7333333333333333,0.0,0.06666666666666667,11,3,0.7333333333333333,0.2,False,True
2,12,2,20.0,5.0,乙,normal,70,64,4,0,2,0.9142857142857143,0.05714285714285714,0.0,0.02857142857142857,4,64,0.05714285714285714,0.9142857142857143,False,True
2,12,2,20.0,5.0,甲,exception,16,3,12,0,1,0.1875,0.75,0.0,0.0625,3,12,0.1875,0.75,False,True
2,12,2,20.0,5.0,甲,normal,60,58,2,0,0,0.9666666666666667,0.03333333333333333,0.0,0.0,58,2,0.9666666666666667,0.03333333333333333,False,True
2,13,0,5.0,0.05,乙,exception,22,8,14,0,0,0.36363636363636365,0.6363636363636364,0.0,0.0,14,8,0.6363636363636364,0.36363636363636365,False,True
2,13,0,5.0,0.05,乙,normal,65,54,1,0,10,0.8307692307692308,0.015384615384615385,0.0,0.15384615384615385,1,54,0.015384615384615385,0.8307692307692308,False,True
2,13,0,5.0,0.05,甲,exception,12,5,6,0,1,0.4166666666666667,0.5,0.0,0.08333333333333333,5,6,0.4166666666666667,0.5,False,True
2,13,0,5.0,0.05,甲,normal,66,57,2,0,7,0.8636363636363636,0.030303030303030304,0.0,0.10606060606060606,57,2,0.8636363636363636,0.030303030303030304,False,True
2,13,1,5.0,0.5,乙,exception,22,8,14,0,0,0.36363636363636365,0.6363636363636364,0.0,0.0,14,8,0.6363636363636364,0.36363636363636365,False,True
2,13,1,5.0,0.5,乙,normal,65,54,1,0,10,0.8307692307692308,0.015384615384615385,0.0,0.15384615384615385,1,54,0.015384615384615385,0.8307692307692308,False,True
2,13,1,5.0,0.5,甲,exception,12,5,6,0,1,0.4166666666666667,0.5,0.0,0.08333333333333333,5,6,0.4166666666666667,0.5,False,True
2,13,1,5.0,0.5,甲,normal,66,58,2,0,6,0.8787878787878788,0.030303030303030304,0.0,0.09090909090909091,58,2,0.8787878787878788,0.030303030303030304,False,True
2,13,1,5.0,1.0,乙,exception,22,8,14,0,0,0.36363636363636365,0.6363636363636364,0.0,0.0,14,8,0.6363636363636364,0.36363636363636365,False,True
2,13,1,5.0,1.0,乙,normal,65,54,1,0,10,0.8307692307692308,0.015384615384615385,0.0,0.15384615384615385,1,54,0.015384615384615385,0.8307692307692308,False,True
2,13,1,5.0,1.0,甲,exception,12,5,6,0,1,0.4166666666666667,0.5,0.0,0.08333333333333333,5,6,0.4166666666666667,0.5,False,True
2,13,1,5.0,1.0,甲,normal,66,58,2,0,6,0.8787878787878788,0.030303030303030304,0.0,0.09090909090909091,58,2,0.8787878787878788,0.030303030303030304,False,True
2,13,1,5.0,2.0,乙,exception,22,8,14,0,0,0.36363636363636365,0.6363636363636364,0.0,0.0,14,8,0.6363636363636364,0.36363636363636365,False,True
2,13,1,5.0,2.0,乙,normal,65,56,1,0,8,0.8615384615384616,0.015384615384615385,0.0,0.12307692307692308,1,56,0.015384615384615385,0.8615384615384616,False,True
2,13,1,5.0,2.0,甲,exception,12,5,6,0,1,0.4166666666666667,0.5,0.0,0.08333333333333333,5,6,0.4166666666666667,0.5,False,True
2,13,1,5.0,2.0,甲,normal,66,58,2,0,6,0.8787878787878788,0.030303030303030304,0.0,0.09090909090909091,58,2,0.8787878787878788,0.030303030303030304,False,True
2,13,1,5.0,5.0,乙,exception,22,8,14,0,0,0.36363636363636365,0.6363636363636364,0.0,0.0,14,8,0.6363636363636364,0.36363636363636365,False,True
2,13,1,5.0,5.0,乙,normal,65,59,1,0,5,0.9076923076923077,0.015384615384615385,0.0,0.07692307692307693,1,59,0.015384615384615385,0.9076923076923077,False,True
2,13,1,5.0,5.0,甲,exception,12,5,6,0,1,0.4166666666666667,0.5,0.0,0.08333333333333333,5,6,0.4166666666666667,0.5,False,True
2,13,1,5.0,5.0,甲,normal,66,58,2,0,6,0.8787878787878788,0.030303030303030304,0.0,0.09090909090909091,58,2,0.8787878787878788,0.030303030303030304,False,True
2,13,1,20.0,0.5,乙,exception,22,8,14,0,0,0.36363636363636365,0.6363636363636364,0.0,0.0,14,8,0.6363636363636364,0.36363636363636365,False,True
2,13,1,20.0,0.5,乙,normal,65,56,1,0,8,0.8615384615384616,0.015384615384615385,0.0,0.12307692307692308,1,56,0.015384615384615385,0.8615384615384616,False,True
2,13,1,20.0,0.5,甲,exception,12,5,6,0,1,0.4166666666666667,0.5,0.0,0.08333333333333333,5,6,0.4166666666666667,0.5,False,True
2,13,1,20.0,0.5,甲,normal,66,58,2,0,6,0.8787878787878788,0.030303030303030304,0.0,0.09090909090909091,58,2,0.8787878787878788,0.030303030303030304,False,True
2,13,1,20.0,1.0,乙,exception,22,8,14,0,0,0.36363636363636365,0.6363636363636364,0.0,0.0,14,8,0.6363636363636364,0.36363636363636365,False,True
2,13,1,20.0,1.0,乙,normal,65,58,1,0,6,0.8923076923076924,0.015384615384615385,0.0,0.09230769230769231,1,58,0.015384615384615385,0.8923076923076924,False,True
2,13,1,20.0,1.0,甲,exception,12,5,6,0,1,0.4166666666666667,0.5,0.0,0.08333333333333333,5,6,0.4166666666666667,0.5,False,True
2,13,1,20.0,1.0,甲,normal,66,58,2,0,6,0.8787878787878788,0.030303030303030304,0.0,0.09090909090909091,58,2,0.8787878787878788,0.030303030303030304,False,True
2,13,1,20.0,2.0,乙,exception,22,8,14,0,0,0.36363636363636365,0.6363636363636364,0.0,0.0,14,8,0.6363636363636364,0.36363636363636365,False,True
2,13,1,20.0,2.0,乙,normal,65,59,1,0,5,0.9076923076923077,0.015384615384615385,0.0,0.07692307692307693,1,59,0.015384615384615385,0.9076923076923077,False,True
2,13,1,20.0,2.0,甲,exception,12,5,6,0,1,0.4166666666666667,0.5,0.0,0.08333333333333333,5,6,0.4166666666666667,0.5,False,True
2,13,1,20.0,2.0,甲,normal,66,59,2,0,5,0.8939393939393939,0.030303030303030304,0.0,0.07575757575757576,59,2,0.8939393939393939,0.030303030303030304,False,True
2,13,1,20.0,5.0,乙,exception,22,8,14,0,0,0.36363636363636365,0.6363636363636364,0.0,0.0,14,8,0.6363636363636364,0.36363636363636365,False,True
2,13,1,20.0,5.0,乙,normal,65,59,1,0,5,0.9076923076923077,0.015384615384615385,0.0,0.07692307692307693,1,59,0.015384615384615385,0.9076923076923077,False,True
2,13,1,20.0,5.0,甲,exception,12,5,6,0,1,0.4166666666666667,0.5,0.0,0.08333333333333333,5,6,0.4166666666666667,0.5,False,True
2,13,1,20.0,5.0,甲,normal,66,60,1,0,5,0.9090909090909091,0.015151515151515152,0.0,0.07575757575757576,60,1,0.9090909090909091,0.015151515151515152,False,True
2,13,2,5.0,0.5,乙,exception,22,8,14,0,0,0.36363636363636365,0.6363636363636364,0.0,0.0,14,8,0.6363636363636364,0.36363636363636365,False,True
2,13,2,5.0,0.5,乙,normal,65,54,1,0,10,0.8307692307692308,0.015384615384615385,0.0,0.15384615384615385,1,54,0.015384615384615385,0.8307692307692308,False,True
2,13,2,5.0,0.5,甲,exception,12,5,6,0,1,0.4166666666666667,0.5,0.0,0.08333333333333333,5,6,0.4166666666666667,0.5,False,True
2,13,2,5.0,0.5,甲,normal,66,58,2,0,6,0.8787878787878788,0.030303030303030304,0.0,0.09090909090909091,58,2,0.8787878787878788,0.030303030303030304,False,True
2,13,2,5.0,1.0,乙,exception,22,8,14,0,0,0.36363636363636365,0.6363636363636364,0.0,0.0,14,8,0.6363636363636364,0.36363636363636365,False,True
2,13,2,5.0,1.0,乙,normal,65,54,1,0,10,0.8307692307692308,0.015384615384615385,0.0,0.15384615384615385,1,54,0.015384615384615385,0.8307692307692308,False,True
2,13,2,5.0,1.0,甲,exception,12,5,6,0,1,0.4166666666666667,0.5,0.0,0.08333333333333333,5,6,0.4166666666666667,0.5,False,True
2,13,2,5.0,1.0,甲,normal,66,58,2,0,6,0.8787878787878788,0.030303030303030304,0.0,0.09090909090909091,58,2,0.8787878787878788,0.030303030303030304,False,True
2,13,2,5.0,2.0,乙,exception,22,8,14,0,0,0.36363636363636365,0.6363636363636364,0.0,0.0,14,8,0.6363636363636364,0.36363636363636365,False,True
2,13,2,5.0,2.0,乙,normal,65,54,1,0,10,0.8307692307692308,0.015384615384615385,0.0,0.15384615384615385,1,54,0.015384615384615385,0.8307692307692308,False,True
2,13,2,5.0,2.0,甲,exception,12,5,6,0,1,0.4166666666666667,0.5,0.0,0.08333333333333333,5,6,0.4166666666666667,0.5,False,True
2,13,2,5.0,2.0,甲,normal,66,58,2,0,6,0.8787878787878788,0.030303030303030304,0.0,0.09090909090909091,58,2,0.8787878787878788,0.030303030303030304,False,True
2,13,2,5.0,5.0,乙,exception,22,8,14,0,0,0.36363636363636365,0.6363636363636364,0.0,0.0,14,8,0.6363636363636364,0.36363636363636365,False,True
2,13,2,5.0,5.0,乙,normal,65,59,1,0,5,0.9076923076923077,0.015384615384615385,0.0,0.07692307692307693,1,59,0.015384615384615385,0.9076923076923077,False,True
2,13,2,5.0,5.0,甲,exception,12,5,6,0,1,0.4166666666666667,0.5,0.0,0.08333333333333333,5,6,0.4166666666666667,0.5,False,True
2,13,2,5.0,5.0,甲,normal,66,58,2,0,6,0.8787878787878788,0.030303030303030304,0.0,0.09090909090909091,58,2,0.8787878787878788,0.030303030303030304,False,True
2,13,2,20.0,0.5,乙,exception,22,8,14,0,0,0.36363636363636365,0.6363636363636364,0.0,0.0,14,8,0.6363636363636364,0.36363636363636365,False,True
2,13,2,20.0,0.5,乙,normal,65,54,1,0,10,0.8307692307692308,0.015384615384615385,0.0,0.15384615384615385,1,54,0.015384615384615385,0.8307692307692308,False,True
2,13,2,20.0,0.5,甲,exception,12,5,6,0,1,0.4166666666666667,0.5,0.0,0.08333333333333333,5,6,0.4166666666666667,0.5,False,True
2,13,2,20.0,0.5,甲,normal,66,58,2,0,6,0.8787878787878788,0.030303030303030304,0.0,0.09090909090909091,58,2,0.8787878787878788,0.030303030303030304,False,True
2,13,2,20.0,1.0,乙,exception,22,8,14,0,0,0.36363636363636365,0.6363636363636364,0.0,0.0,14,8,0.6363636363636364,0.36363636363636365,False,True
2,13,2,20.0,1.0,乙,normal,65,57,1,0,7,0.8769230769230769,0.015384615384615385,0.0,0.1076923076923077,1,57,0.015384615384615385,0.8769230769230769,False,True
2,13,2,20.0,1.0,甲,exception,12,5,6,0,1,0.4166666666666667,0.5,0.0,0.08333333333333333,5,6,0.4166666666666667,0.5,False,True
2,13,2,20.0,1.0,甲,normal,66,58,2,0,6,0.8787878787878788,0.030303030303030304,0.0,0.09090909090909091,58,2,0.8787878787878788,0.030303030303030304,False,True
2,13,2,20.0,2.0,乙,exception,22,8,14,0,0,0.36363636363636365,0.6363636363636364,0.0,0.0,14,8,0.6363636363636364,0.36363636363636365,False,True
2,13,2,20.0,2.0,乙,normal,65,58,1,0,6,0.8923076923076924,0.015384615384615385,0.0,0.09230769230769231,1,58,0.015384615384615385,0.8923076923076924,False,True
2,13,2,20.0,2.0,甲,exception,12,5,6,0,1,0.4166666666666667,0.5,0.0,0.08333333333333333,5,6,0.4166666666666667,0.5,False,True
2,13,2,20.0,2.0,甲,normal,66,58,2,0,6,0.8787878787878788,0.030303030303030304,0.0,0.09090909090909091,58,2,0.8787878787878788,0.030303030303030304,False,True
2,13,2,20.0,5.0,乙,exception,22,8,14,0,0,0.36363636363636365,0.6363636363636364,0.0,0.0,14,8,0.6363636363636364,0.36363636363636365,False,True
2,13,2,20.0,5.0,乙,normal,65,59,1,0,5,0.9076923076923077,0.015384615384615385,0.0,0.07692307692307693,1,59,0.015384615384615385,0.9076923076923077,False,True
2,13,2,20.0,5.0,甲,exception,12,5,6,0,1,0.4166666666666667,0.5,0.0,0.08333333333333333,5,6,0.4166666666666667,0.5,False,True
2,13,2,20.0,5.0,甲,normal,66,60,1,0,5,0.9090909090909091,0.015151515151515152,0.0,0.07575757575757576,60,1,0.9090909090909091,0.015151515151515152,False,True
2,14,0,5.0,0.05,乙,exception,17,5,11,0,1,0.29411764705882354,0.6470588235294118,0.0,0.058823529411764705,11,5,0.6470588235294118,0.29411764705882354,False,True
2,14,0,5.0,0.05,乙,normal,70,62,5,0,3,0.8857142857142857,0.07142857142857142,0.0,0.04285714285714286,5,62,0.07142857142857142,0.8857142857142857,False,True
2,14,0,5.0,0.05,甲,exception,15,6,9,0,0,0.4,0.6,0.0,0.0,6,9,0.4,0.6,False,True
2,14,0,5.0,0.05,甲,normal,59,55,3,0,1,0.9322033898305084,0.05084745762711865,0.0,0.01694915254237288,55,3,0.9322033898305084,0.05084745762711865,False,True
2,14,1,5.0,0.5,乙,exception,17,6,10,0,1,0.35294117647058826,0.5882352941176471,0.0,0.058823529411764705,10,6,0.5882352941176471,0.35294117647058826,False,True
2,14,1,5.0,0.5,乙,normal,70,62,5,0,3,0.8857142857142857,0.07142857142857142,0.0,0.04285714285714286,5,62,0.07142857142857142,0.8857142857142857,False,True
2,14,1,5.0,0.5,甲,exception,15,6,9,0,0,0.4,0.6,0.0,0.0,6,9,0.4,0.6,False,True
2,14,1,5.0,0.5,甲,normal,59,55,3,0,1,0.9322033898305084,0.05084745762711865,0.0,0.01694915254237288,55,3,0.9322033898305084,0.05084745762711865,False,True
2,14,1,5.0,1.0,乙,exception,17,6,10,0,1,0.35294117647058826,0.5882352941176471,0.0,0.058823529411764705,10,6,0.5882352941176471,0.35294117647058826,False,True
2,14,1,5.0,1.0,乙,normal,70,62,5,0,3,0.8857142857142857,0.07142857142857142,0.0,0.04285714285714286,5,62,0.07142857142857142,0.8857142857142857,False,True
2,14,1,5.0,1.0,甲,exception,15,6,9,0,0,0.4,0.6,0.0,0.0,6,9,0.4,0.6,False,True
2,14,1,5.0,1.0,甲,normal,59,55,3,0,1,0.9322033898305084,0.05084745762711865,0.0,0.01694915254237288,55,3,0.9322033898305084,0.05084745762711865,False,True
2,14,1,5.0,2.0,乙,exception,17,6,10,0,1,0.35294117647058826,0.5882352941176471,0.0,0.058823529411764705,10,6,0.5882352941176471,0.35294117647058826,False,True
2,14,1,5.0,2.0,乙,normal,70,62,5,0,3,0.8857142857142857,0.07142857142857142,0.0,0.04285714285714286,5,62,0.07142857142857142,0.8857142857142857,False,True
2,14,1,5.0,2.0,甲,exception,15,6,9,0,0,0.4,0.6,0.0,0.0,6,9,0.4,0.6,False,True
2,14,1,5.0,2.0,甲,normal,59,55,3,0,1,0.9322033898305084,0.05084745762711865,0.0,0.01694915254237288,55,3,0.9322033898305084,0.05084745762711865,False,True
2,14,1,5.0,5.0,乙,exception,17,5,11,0,1,0.29411764705882354,0.6470588235294118,0.0,0.058823529411764705,11,5,0.6470588235294118,0.29411764705882354,False,True
2,14,1,5.0,5.0,乙,normal,70,62,5,0,3,0.8857142857142857,0.07142857142857142,0.0,0.04285714285714286,5,62,0.07142857142857142,0.8857142857142857,False,True
2,14,1,5.0,5.0,甲,exception,15,6,9,0,0,0.4,0.6,0.0,0.0,6,9,0.4,0.6,False,True
2,14,1,5.0,5.0,甲,normal,59,55,3,0,1,0.9322033898305084,0.05084745762711865,0.0,0.01694915254237288,55,3,0.9322033898305084,0.05084745762711865,False,True
2,14,1,20.0,0.5,乙,exception,17,5,11,0,1,0.29411764705882354,0.6470588235294118,0.0,0.058823529411764705,11,5,0.6470588235294118,0.29411764705882354,False,True
2,14,1,20.0,0.5,乙,normal,70,62,5,0,3,0.8857142857142857,0.07142857142857142,0.0,0.04285714285714286,5,62,0.07142857142857142,0.8857142857142857,False,True
2,14,1,20.0,0.5,甲,exception,15,7,8,0,0,0.4666666666666667,0.5333333333333333,0.0,0.0,7,8,0.4666666666666667,0.5333333333333333,False,True
2,14,1,20.0,0.5,甲,normal,59,56,2,0,1,0.9491525423728814,0.03389830508474576,0.0,0.01694915254237288,56,2,0.9491525423728814,0.03389830508474576,False,True
2,14,1,20.0,1.0,乙,exception,17,5,11,0,1,0.29411764705882354,0.6470588235294118,0.0,0.058823529411764705,11,5,0.6470588235294118,0.29411764705882354,False,True
2,14,1,20.0,1.0,乙,normal,70,62,5,0,3,0.8857142857142857,0.07142857142857142,0.0,0.04285714285714286,5,62,0.07142857142857142,0.8857142857142857,False,True
2,14,1,20.0,1.0,甲,exception,15,7,8,0,0,0.4666666666666667,0.5333333333333333,0.0,0.0,7,8,0.4666666666666667,0.5333333333333333,False,True
2,14,1,20.0,1.0,甲,normal,59,56,2,0,1,0.9491525423728814,0.03389830508474576,0.0,0.01694915254237288,56,2,0.9491525423728814,0.03389830508474576,False,True
2,14,1,20.0,2.0,乙,exception,17,5,11,0,1,0.29411764705882354,0.6470588235294118,0.0,0.058823529411764705,11,5,0.6470588235294118,0.29411764705882354,False,True
2,14,1,20.0,2.0,乙,normal,70,62,5,0,3,0.8857142857142857,0.07142857142857142,0.0,0.04285714285714286,5,62,0.07142857142857142,0.8857142857142857,False,True
2,14,1,20.0,2.0,甲,exception,15,7,8,0,0,0.4666666666666667,0.5333333333333333,0.0,0.0,7,8,0.4666666666666667,0.5333333333333333,False,True
2,14,1,20.0,2.0,甲,normal,59,56,2,0,1,0.9491525423728814,0.03389830508474576,0.0,0.01694915254237288,56,2,0.9491525423728814,0.03389830508474576,False,True
2,14,1,20.0,5.0,乙,exception,17,4,12,0,1,0.23529411764705882,0.7058823529411765,0.0,0.058823529411764705,12,4,0.7058823529411765,0.23529411764705882,False,True
2,14,1,20.0,5.0,乙,normal,70,64,3,0,3,0.9142857142857143,0.04285714285714286,0.0,0.04285714285714286,3,64,0.04285714285714286,0.9142857142857143,False,True
2,14,1,20.0,5.0,甲,exception,15,7,8,0,0,0.4666666666666667,0.5333333333333333,0.0,0.0,7,8,0.4666666666666667,0.5333333333333333,False,True
2,14,1,20.0,5.0,甲,normal,59,56,2,0,1,0.9491525423728814,0.03389830508474576,0.0,0.01694915254237288,56,2,0.9491525423728814,0.03389830508474576,False,True
2,14,2,5.0,0.5,乙,exception,17,5,11,0,1,0.29411764705882354,0.6470588235294118,0.0,0.058823529411764705,11,5,0.6470588235294118,0.29411764705882354,False,True
2,14,2,5.0,0.5,乙,normal,70,62,5,0,3,0.8857142857142857,0.07142857142857142,0.0,0.04285714285714286,5,62,0.07142857142857142,0.8857142857142857,False,True
2,14,2,5.0,0.5,甲,exception,15,6,9,0,0,0.4,0.6,0.0,0.0,6,9,0.4,0.6,False,True
2,14,2,5.0,0.5,甲,normal,59,55,3,0,1,0.9322033898305084,0.05084745762711865,0.0,0.01694915254237288,55,3,0.9322033898305084,0.05084745762711865,False,True
2,14,2,5.0,1.0,乙,exception,17,5,11,0,1,0.29411764705882354,0.6470588235294118,0.0,0.058823529411764705,11,5,0.6470588235294118,0.29411764705882354,False,True
2,14,2,5.0,1.0,乙,normal,70,62,5,0,3,0.8857142857142857,0.07142857142857142,0.0,0.04285714285714286,5,62,0.07142857142857142,0.8857142857142857,False,True
2,14,2,5.0,1.0,甲,exception,15,6,9,0,0,0.4,0.6,0.0,0.0,6,9,0.4,0.6,False,True
2,14,2,5.0,1.0,甲,normal,59,55,3,0,1,0.9322033898305084,0.05084745762711865,0.0,0.01694915254237288,55,3,0.9322033898305084,0.05084745762711865,False,True
2,14,2,5.0,2.0,乙,exception,17,5,11,0,1,0.29411764705882354,0.6470588235294118,0.0,0.058823529411764705,11,5,0.6470588235294118,0.29411764705882354,False,True
2,14,2,5.0,2.0,乙,normal,70,62,5,0,3,0.8857142857142857,0.07142857142857142,0.0,0.04285714285714286,5,62,0.07142857142857142,0.8857142857142857,False,True
2,14,2,5.0,2.0,甲,exception,15,6,9,0,0,0.4,0.6,0.0,0.0,6,9,0.4,0.6,False,True
2,14,2,5.0,2.0,甲,normal,59,55,3,0,1,0.9322033898305084,0.05084745762711865,0.0,0.01694915254237288,55,3,0.9322033898305084,0.05084745762711865,False,True
2,14,2,5.0,5.0,乙,exception,17,5,11,0,1,0.29411764705882354,0.6470588235294118,0.0,0.058823529411764705,11,5,0.6470588235294118,0.29411764705882354,False,True
2,14,2,5.0,5.0,乙,normal,70,62,5,0,3,0.8857142857142857,0.07142857142857142,0.0,0.04285714285714286,5,62,0.07142857142857142,0.8857142857142857,False,True
2,14,2,5.0,5.0,甲,exception,15,6,9,0,0,0.4,0.6,0.0,0.0,6,9,0.4,0.6,False,True
2,14,2,5.0,5.0,甲,normal,59,55,3,0,1,0.9322033898305084,0.05084745762711865,0.0,0.01694915254237288,55,3,0.9322033898305084,0.05084745762711865,False,True
2,14,2,20.0,0.5,乙,exception,17,5,11,0,1,0.29411764705882354,0.6470588235294118,0.0,0.058823529411764705,11,5,0.6470588235294118,0.29411764705882354,False,True
2,14,2,20.0,0.5,乙,normal,70,62,5,0,3,0.8857142857142857,0.07142857142857142,0.0,0.04285714285714286,5,62,0.07142857142857142,0.8857142857142857,False,True
2,14,2,20.0,0.5,甲,exception,15,6,9,0,0,0.4,0.6,0.0,0.0,6,9,0.4,0.6,False,True
2,14,2,20.0,0.5,甲,normal,59,55,3,0,1,0.9322033898305084,0.05084745762711865,0.0,0.01694915254237288,55,3,0.9322033898305084,0.05084745762711865,False,True
2,14,2,20.0,1.0,乙,exception,17,5,11,0,1,0.29411764705882354,0.6470588235294118,0.0,0.058823529411764705,11,5,0.6470588235294118,0.29411764705882354,False,True
2,14,2,20.0,1.0,乙,normal,70,62,5,0,3,0.8857142857142857,0.07142857142857142,0.0,0.04285714285714286,5,62,0.07142857142857142,0.8857142857142857,False,True
2,14,2,20.0,1.0,甲,exception,15,6,9,0,0,0.4,0.6,0.0,0.0,6,9,0.4,0.6,False,True
2,14,2,20.0,1.0,甲,normal,59,55,3,0,1,0.9322033898305084,0.05084745762711865,0.0,0.01694915254237288,55,3,0.9322033898305084,0.05084745762711865,False,True
2,14,2,20.0,2.0,乙,exception,17,5,11,0,1,0.29411764705882354,0.6470588235294118,0.0,0.058823529411764705,11,5,0.6470588235294118,0.29411764705882354,False,True
2,14,2,20.0,2.0,乙,normal,70,62,5,0,3,0.8857142857142857,0.07142857142857142,0.0,0.04285714285714286,5,62,0.07142857142857142,0.8857142857142857,False,True
2,14,2,20.0,2.0,甲,exception,15,6,9,0,0,0.4,0.6,0.0,0.0,6,9,0.4,0.6,False,True
2,14,2,20.0,2.0,甲,normal,59,55,3,0,1,0.9322033898305084,0.05084745762711865,0.0,0.01694915254237288,55,3,0.9322033898305084,0.05084745762711865,False,True
2,14,2,20.0,5.0,乙,exception,17,4,12,0,1,0.23529411764705882,0.7058823529411765,0.0,0.058823529411764705,12,4,0.7058823529411765,0.23529411764705882,False,True
2,14,2,20.0,5.0,乙,normal,70,64,3,0,3,0.9142857142857143,0.04285714285714286,0.0,0.04285714285714286,3,64,0.04285714285714286,0.9142857142857143,False,True
2,14,2,20.0,5.0,甲,exception,15,6,9,0,0,0.4,0.6,0.0,0.0,6,9,0.4,0.6,False,True
2,14,2,20.0,5.0,甲,normal,59,55,3,0,1,0.9322033898305084,0.05084745762711865,0.0,0.01694915254237288,55,3,0.9322033898305084,0.05084745762711865,False,True
2,15,0,5.0,0.05,乙,exception,10,3,6,0,1,0.3,0.6,0.0,0.1,6,3,0.6,0.3,False,True
2,15,0,5.0,0.05,乙,normal,69,62,3,0,4,0.8985507246376812,0.043478260869565216,0.0,0.057971014492753624,3,62,0.043478260869565216,0.8985507246376812,False,True
2,15,0,5.0,0.05,甲,exception,15,3,11,0,1,0.2,0.7333333333333333,0.0,0.06666666666666667,3,11,0.2,0.7333333333333333,False,True
2,15,0,5.0,0.05,甲,normal,55,52,1,0,2,0.9454545454545454,0.01818181818181818,0.0,0.03636363636363636,52,1,0.9454545454545454,0.01818181818181818,False,True
2,15,1,5.0,0.5,乙,exception,10,3,6,0,1,0.3,0.6,0.0,0.1,6,3,0.6,0.3,False,True
2,15,1,5.0,0.5,乙,normal,69,64,1,0,4,0.927536231884058,0.014492753623188406,0.0,0.057971014492753624,1,64,0.014492753623188406,0.927536231884058,False,True
2,15,1,5.0,0.5,甲,exception,15,3,11,0,1,0.2,0.7333333333333333,0.0,0.06666666666666667,3,11,0.2,0.7333333333333333,False,True
2,15,1,5.0,0.5,甲,normal,55,52,1,0,2,0.9454545454545454,0.01818181818181818,0.0,0.03636363636363636,52,1,0.9454545454545454,0.01818181818181818,False,True
2,15,1,5.0,1.0,乙,exception,10,3,6,0,1,0.3,0.6,0.0,0.1,6,3,0.6,0.3,False,True
2,15,1,5.0,1.0,乙,normal,69,64,1,0,4,0.927536231884058,0.014492753623188406,0.0,0.057971014492753624,1,64,0.014492753623188406,0.927536231884058,False,True
2,15,1,5.0,1.0,甲,exception,15,3,11,0,1,0.2,0.7333333333333333,0.0,0.06666666666666667,3,11,0.2,0.7333333333333333,False,True
2,15,1,5.0,1.0,甲,normal,55,52,1,0,2,0.9454545454545454,0.01818181818181818,0.0,0.03636363636363636,52,1,0.9454545454545454,0.01818181818181818,False,True
2,15,1,5.0,2.0,乙,exception,10,3,6,0,1,0.3,0.6,0.0,0.1,6,3,0.6,0.3,False,True
2,15,1,5.0,2.0,乙,normal,69,67,1,0,1,0.9710144927536232,0.014492753623188406,0.0,0.014492753623188406,1,67,0.014492753623188406,0.9710144927536232,False,True
2,15,1,5.0,2.0,甲,exception,15,3,11,0,1,0.2,0.7333333333333333,0.0,0.06666666666666667,3,11,0.2,0.7333333333333333,False,True
2,15,1,5.0,2.0,甲,normal,55,52,1,0,2,0.9454545454545454,0.01818181818181818,0.0,0.03636363636363636,52,1,0.9454545454545454,0.01818181818181818,False,True
2,15,1,5.0,5.0,乙,exception,10,3,6,0,1,0.3,0.6,0.0,0.1,6,3,0.6,0.3,False,True
2,15,1,5.0,5.0,乙,normal,69,67,1,0,1,0.9710144927536232,0.014492753623188406,0.0,0.014492753623188406,1,67,0.014492753623188406,0.9710144927536232,False,True
2,15,1,5.0,5.0,甲,exception,15,3,11,0,1,0.2,0.7333333333333333,0.0,0.06666666666666667,3,11,0.2,0.7333333333333333,False,True
2,15,1,5.0,5.0,甲,normal,55,52,1,0,2,0.9454545454545454,0.01818181818181818,0.0,0.03636363636363636,52,1,0.9454545454545454,0.01818181818181818,False,True
2,15,1,20.0,0.5,乙,exception,10,3,6,0,1,0.3,0.6,0.0,0.1,6,3,0.6,0.3,False,True
2,15,1,20.0,0.5,乙,normal,69,64,1,0,4,0.927536231884058,0.014492753623188406,0.0,0.057971014492753624,1,64,0.014492753623188406,0.927536231884058,False,True
2,15,1,20.0,0.5,甲,exception,15,2,12,0,1,0.13333333333333333,0.8,0.0,0.06666666666666667,2,12,0.13333333333333333,0.8,False,True
2,15,1,20.0,0.5,甲,normal,55,52,1,0,2,0.9454545454545454,0.01818181818181818,0.0,0.03636363636363636,52,1,0.9454545454545454,0.01818181818181818,False,True
2,15,1,20.0,1.0,乙,exception,10,3,6,0,1,0.3,0.6,0.0,0.1,6,3,0.6,0.3,False,True
2,15,1,20.0,1.0,乙,normal,69,67,1,0,1,0.9710144927536232,0.014492753623188406,0.0,0.014492753623188406,1,67,0.014492753623188406,0.9710144927536232,False,True
2,15,1,20.0,1.0,甲,exception,15,2,12,0,1,0.13333333333333333,0.8,0.0,0.06666666666666667,2,12,0.13333333333333333,0.8,False,True
2,15,1,20.0,1.0,甲,normal,55,52,1,0,2,0.9454545454545454,0.01818181818181818,0.0,0.03636363636363636,52,1,0.9454545454545454,0.01818181818181818,False,True
2,15,1,20.0,2.0,乙,exception,10,3,6,0,1,0.3,0.6,0.0,0.1,6,3,0.6,0.3,False,True
2,15,1,20.0,2.0,乙,normal,69,68,1,0,0,0.9855072463768116,0.014492753623188406,0.0,0.0,1,68,0.014492753623188406,0.9855072463768116,False,True
2,15,1,20.0,2.0,甲,exception,15,2,12,0,1,0.13333333333333333,0.8,0.0,0.06666666666666667,2,12,0.13333333333333333,0.8,False,True
2,15,1,20.0,2.0,甲,normal,55,52,1,0,2,0.9454545454545454,0.01818181818181818,0.0,0.03636363636363636,52,1,0.9454545454545454,0.01818181818181818,False,True
2,15,1,20.0,5.0,乙,exception,10,3,6,0,1,0.3,0.6,0.0,0.1,6,3,0.6,0.3,False,True
2,15,1,20.0,5.0,乙,normal,69,68,1,0,0,0.9855072463768116,0.014492753623188406,0.0,0.0,1,68,0.014492753623188406,0.9855072463768116,False,True
2,15,1,20.0,5.0,甲,exception,15,2,12,0,1,0.13333333333333333,0.8,0.0,0.06666666666666667,2,12,0.13333333333333333,0.8,False,True
2,15,1,20.0,5.0,甲,normal,55,52,1,0,2,0.9454545454545454,0.01818181818181818,0.0,0.03636363636363636,52,1,0.9454545454545454,0.01818181818181818,False,True
2,15,2,5.0,0.5,乙,exception,10,3,6,0,1,0.3,0.6,0.0,0.1,6,3,0.6,0.3,False,True
2,15,2,5.0,0.5,乙,normal,69,62,3,0,4,0.8985507246376812,0.043478260869565216,0.0,0.057971014492753624,3,62,0.043478260869565216,0.8985507246376812,False,True
2,15,2,5.0,0.5,甲,exception,15,3,11,0,1,0.2,0.7333333333333333,0.0,0.06666666666666667,3,11,0.2,0.7333333333333333,False,True
2,15,2,5.0,0.5,甲,normal,55,52,1,0,2,0.9454545454545454,0.01818181818181818,0.0,0.03636363636363636,52,1,0.9454545454545454,0.01818181818181818,False,True
2,15,2,5.0,1.0,乙,exception,10,3,6,0,1,0.3,0.6,0.0,0.1,6,3,0.6,0.3,False,True
2,15,2,5.0,1.0,乙,normal,69,62,3,0,4,0.8985507246376812,0.043478260869565216,0.0,0.057971014492753624,3,62,0.043478260869565216,0.8985507246376812,False,True
2,15,2,5.0,1.0,甲,exception,15,3,11,0,1,0.2,0.7333333333333333,0.0,0.06666666666666667,3,11,0.2,0.7333333333333333,False,True
2,15,2,5.0,1.0,甲,normal,55,52,1,0,2,0.9454545454545454,0.01818181818181818,0.0,0.03636363636363636,52,1,0.9454545454545454,0.01818181818181818,False,True
2,15,2,5.0,2.0,乙,exception,10,3,6,0,1,0.3,0.6,0.0,0.1,6,3,0.6,0.3,False,True
2,15,2,5.0,2.0,乙,normal,69,62,3,0,4,0.8985507246376812,0.043478260869565216,0.0,0.057971014492753624,3,62,0.043478260869565216,0.8985507246376812,False,True
2,15,2,5.0,2.0,甲,exception,15,3,11,0,1,0.2,0.7333333333333333,0.0,0.06666666666666667,3,11,0.2,0.7333333333333333,False,True
2,15,2,5.0,2.0,甲,normal,55,52,1,0,2,0.9454545454545454,0.01818181818181818,0.0,0.03636363636363636,52,1,0.9454545454545454,0.01818181818181818,False,True
2,15,2,5.0,5.0,乙,exception,10,3,6,0,1,0.3,0.6,0.0,0.1,6,3,0.6,0.3,False,True
2,15,2,5.0,5.0,乙,normal,69,65,3,0,1,0.9420289855072463,0.043478260869565216,0.0,0.014492753623188406,3,65,0.043478260869565216,0.9420289855072463,False,True
2,15,2,5.0,5.0,甲,exception,15,3,11,0,1,0.2,0.7333333333333333,0.0,0.06666666666666667,3,11,0.2,0.7333333333333333,False,True
2,15,2,5.0,5.0,甲,normal,55,52,1,0,2,0.9454545454545454,0.01818181818181818,0.0,0.03636363636363636,52,1,0.9454545454545454,0.01818181818181818,False,True
2,15,2,20.0,0.5,乙,exception,10,3,6,0,1,0.3,0.6,0.0,0.1,6,3,0.6,0.3,False,True
2,15,2,20.0,0.5,乙,normal,69,62,3,0,4,0.8985507246376812,0.043478260869565216,0.0,0.057971014492753624,3,62,0.043478260869565216,0.8985507246376812,False,True
2,15,2,20.0,0.5,甲,exception,15,3,11,0,1,0.2,0.7333333333333333,0.0,0.06666666666666667,3,11,0.2,0.7333333333333333,False,True
2,15,2,20.0,0.5,甲,normal,55,52,1,0,2,0.9454545454545454,0.01818181818181818,0.0,0.03636363636363636,52,1,0.9454545454545454,0.01818181818181818,False,True
2,15,2,20.0,1.0,乙,exception,10,3,6,0,1,0.3,0.6,0.0,0.1,6,3,0.6,0.3,False,True
2,15,2,20.0,1.0,乙,normal,69,63,3,0,3,0.9130434782608695,0.043478260869565216,0.0,0.043478260869565216,3,63,0.043478260869565216,0.9130434782608695,False,True
2,15,2,20.0,1.0,甲,exception,15,3,11,0,1,0.2,0.7333333333333333,0.0,0.06666666666666667,3,11,0.2,0.7333333333333333,False,True
2,15,2,20.0,1.0,甲,normal,55,52,1,0,2,0.9454545454545454,0.01818181818181818,0.0,0.03636363636363636,52,1,0.9454545454545454,0.01818181818181818,False,True
2,15,2,20.0,2.0,乙,exception,10,3,6,0,1,0.3,0.6,0.0,0.1,6,3,0.6,0.3,False,True
2,15,2,20.0,2.0,乙,normal,69,66,3,0,0,0.9565217391304348,0.043478260869565216,0.0,0.0,3,66,0.043478260869565216,0.9565217391304348,False,True
2,15,2,20.0,2.0,甲,exception,15,3,11,0,1,0.2,0.7333333333333333,0.0,0.06666666666666667,3,11,0.2,0.7333333333333333,False,True
2,15,2,20.0,2.0,甲,normal,55,52,1,0,2,0.9454545454545454,0.01818181818181818,0.0,0.03636363636363636,52,1,0.9454545454545454,0.01818181818181818,False,True
2,15,2,20.0,5.0,乙,exception,10,3,6,0,1,0.3,0.6,0.0,0.1,6,3,0.6,0.3,False,True
2,15,2,20.0,5.0,乙,normal,69,66,3,0,0,0.9565217391304348,0.043478260869565216,0.0,0.0,3,66,0.043478260869565216,0.9565217391304348,False,True
2,15,2,20.0,5.0,甲,exception,15,3,11,0,1,0.2,0.7333333333333333,0.0,0.06666666666666667,3,11,0.2,0.7333333333333333,False,True
2,15,2,20.0,5.0,甲,normal,55,52,1,0,2,0.9454545454545454,0.01818181818181818,0.0,0.03636363636363636,52,1,0.9454545454545454,0.01818181818181818,False,True
2,16,0,5.0,0.05,乙,exception,26,8,10,0,8,0.3076923076923077,0.38461538461538464,0.0,0.3076923076923077,10,8,0.38461538461538464,0.3076923076923077,False,True
2,16,0,5.0,0.05,乙,normal,64,60,2,0,2,0.9375,0.03125,0.0,0.03125,2,60,0.03125,0.9375,False,True
2,16,0,5.0,0.05,甲,exception,11,5,5,0,1,0.45454545454545453,0.45454545454545453,0.0,0.09090909090909091,5,5,0.45454545454545453,0.45454545454545453,False,True
2,16,0,5.0,0.05,甲,normal,71,68,2,0,1,0.9577464788732394,0.028169014084507043,0.0,0.014084507042253521,68,2,0.9577464788732394,0.028169014084507043,False,True
2,16,1,5.0,0.5,乙,exception,26,8,10,0,8,0.3076923076923077,0.38461538461538464,0.0,0.3076923076923077,10,8,0.38461538461538464,0.3076923076923077,False,True
2,16,1,5.0,0.5,乙,normal,64,60,2,0,2,0.9375,0.03125,0.0,0.03125,2,60,0.03125,0.9375,False,True
2,16,1,5.0,0.5,甲,exception,11,5,5,0,1,0.45454545454545453,0.45454545454545453,0.0,0.09090909090909091,5,5,0.45454545454545453,0.45454545454545453,False,True
2,16,1,5.0,0.5,甲,normal,71,67,3,0,1,0.9436619718309859,0.04225352112676056,0.0,0.014084507042253521,67,3,0.9436619718309859,0.04225352112676056,False,True
2,16,1,5.0,1.0,乙,exception,26,8,10,0,8,0.3076923076923077,0.38461538461538464,0.0,0.3076923076923077,10,8,0.38461538461538464,0.3076923076923077,False,True
2,16,1,5.0,1.0,乙,normal,64,60,2,0,2,0.9375,0.03125,0.0,0.03125,2,60,0.03125,0.9375,False,True
2,16,1,5.0,1.0,甲,exception,11,5,5,0,1,0.45454545454545453,0.45454545454545453,0.0,0.09090909090909091,5,5,0.45454545454545453,0.45454545454545453,False,True
2,16,1,5.0,1.0,甲,normal,71,67,3,0,1,0.9436619718309859,0.04225352112676056,0.0,0.014084507042253521,67,3,0.9436619718309859,0.04225352112676056,False,True
2,16,1,5.0,2.0,乙,exception,26,8,10,0,8,0.3076923076923077,0.38461538461538464,0.0,0.3076923076923077,10,8,0.38461538461538464,0.3076923076923077,False,True
2,16,1,5.0,2.0,乙,normal,64,60,2,0,2,0.9375,0.03125,0.0,0.03125,2,60,0.03125,0.9375,False,True
2,16,1,5.0,2.0,甲,exception,11,5,5,0,1,0.45454545454545453,0.45454545454545453,0.0,0.09090909090909091,5,5,0.45454545454545453,0.45454545454545453,False,True
2,16,1,5.0,2.0,甲,normal,71,67,3,0,1,0.9436619718309859,0.04225352112676056,0.0,0.014084507042253521,67,3,0.9436619718309859,0.04225352112676056,False,True
2,16,1,5.0,5.0,乙,exception,26,8,10,0,8,0.3076923076923077,0.38461538461538464,0.0,0.3076923076923077,10,8,0.38461538461538464,0.3076923076923077,False,True
2,16,1,5.0,5.0,乙,normal,64,60,2,0,2,0.9375,0.03125,0.0,0.03125,2,60,0.03125,0.9375,False,True
2,16,1,5.0,5.0,甲,exception,11,5,5,0,1,0.45454545454545453,0.45454545454545453,0.0,0.09090909090909091,5,5,0.45454545454545453,0.45454545454545453,False,True
2,16,1,5.0,5.0,甲,normal,71,67,3,0,1,0.9436619718309859,0.04225352112676056,0.0,0.014084507042253521,67,3,0.9436619718309859,0.04225352112676056,False,True
2,16,1,20.0,0.5,乙,exception,26,8,10,0,8,0.3076923076923077,0.38461538461538464,0.0,0.3076923076923077,10,8,0.38461538461538464,0.3076923076923077,False,True
2,16,1,20.0,0.5,乙,normal,64,60,2,0,2,0.9375,0.03125,0.0,0.03125,2,60,0.03125,0.9375,False,True
2,16,1,20.0,0.5,甲,exception,11,5,5,0,1,0.45454545454545453,0.45454545454545453,0.0,0.09090909090909091,5,5,0.45454545454545453,0.45454545454545453,False,True
2,16,1,20.0,0.5,甲,normal,71,68,2,0,1,0.9577464788732394,0.028169014084507043,0.0,0.014084507042253521,68,2,0.9577464788732394,0.028169014084507043,False,True
2,16,1,20.0,1.0,乙,exception,26,8,10,0,8,0.3076923076923077,0.38461538461538464,0.0,0.3076923076923077,10,8,0.38461538461538464,0.3076923076923077,False,True
2,16,1,20.0,1.0,乙,normal,64,60,2,0,2,0.9375,0.03125,0.0,0.03125,2,60,0.03125,0.9375,False,True
2,16,1,20.0,1.0,甲,exception,11,5,5,0,1,0.45454545454545453,0.45454545454545453,0.0,0.09090909090909091,5,5,0.45454545454545453,0.45454545454545453,False,True
2,16,1,20.0,1.0,甲,normal,71,68,2,0,1,0.9577464788732394,0.028169014084507043,0.0,0.014084507042253521,68,2,0.9577464788732394,0.028169014084507043,False,True
2,16,1,20.0,2.0,乙,exception,26,8,11,0,7,0.3076923076923077,0.4230769230769231,0.0,0.2692307692307692,11,8,0.4230769230769231,0.3076923076923077,False,True
2,16,1,20.0,2.0,乙,normal,64,60,2,0,2,0.9375,0.03125,0.0,0.03125,2,60,0.03125,0.9375,False,True
2,16,1,20.0,2.0,甲,exception,11,5,5,0,1,0.45454545454545453,0.45454545454545453,0.0,0.09090909090909091,5,5,0.45454545454545453,0.45454545454545453,False,True
2,16,1,20.0,2.0,甲,normal,71,68,2,0,1,0.9577464788732394,0.028169014084507043,0.0,0.014084507042253521,68,2,0.9577464788732394,0.028169014084507043,False,True
2,16,1,20.0,5.0,乙,exception,26,8,11,0,7,0.3076923076923077,0.4230769230769231,0.0,0.2692307692307692,11,8,0.4230769230769231,0.3076923076923077,False,True
2,16,1,20.0,5.0,乙,normal,64,62,0,0,2,0.96875,0.0,0.0,0.03125,0,62,0.0,0.96875,False,True
2,16,1,20.0,5.0,甲,exception,11,5,6,0,0,0.45454545454545453,0.5454545454545454,0.0,0.0,5,6,0.45454545454545453,0.5454545454545454,False,True
2,16,1,20.0,5.0,甲,normal,71,68,2,0,1,0.9577464788732394,0.028169014084507043,0.0,0.014084507042253521,68,2,0.9577464788732394,0.028169014084507043,False,True
2,16,2,5.0,0.5,乙,exception,26,8,10,0,8,0.3076923076923077,0.38461538461538464,0.0,0.3076923076923077,10,8,0.38461538461538464,0.3076923076923077,False,True
2,16,2,5.0,0.5,乙,normal,64,60,2,0,2,0.9375,0.03125,0.0,0.03125,2,60,0.03125,0.9375,False,True
2,16,2,5.0,0.5,甲,exception,11,5,5,0,1,0.45454545454545453,0.45454545454545453,0.0,0.09090909090909091,5,5,0.45454545454545453,0.45454545454545453,False,True
2,16,2,5.0,0.5,甲,normal,71,68,2,0,1,0.9577464788732394,0.028169014084507043,0.0,0.014084507042253521,68,2,0.9577464788732394,0.028169014084507043,False,True
2,16,2,5.0,1.0,乙,exception,26,8,10,0,8,0.3076923076923077,0.38461538461538464,0.0,0.3076923076923077,10,8,0.38461538461538464,0.3076923076923077,False,True
2,16,2,5.0,1.0,乙,normal,64,60,2,0,2,0.9375,0.03125,0.0,0.03125,2,60,0.03125,0.9375,False,True
2,16,2,5.0,1.0,甲,exception,11,5,5,0,1,0.45454545454545453,0.45454545454545453,0.0,0.09090909090909091,5,5,0.45454545454545453,0.45454545454545453,False,True
2,16,2,5.0,1.0,甲,normal,71,68,2,0,1,0.9577464788732394,0.028169014084507043,0.0,0.014084507042253521,68,2,0.9577464788732394,0.028169014084507043,False,True
2,16,2,5.0,2.0,乙,exception,26,8,10,0,8,0.3076923076923077,0.38461538461538464,0.0,0.3076923076923077,10,8,0.38461538461538464,0.3076923076923077,False,True
2,16,2,5.0,2.0,乙,normal,64,60,2,0,2,0.9375,0.03125,0.0,0.03125,2,60,0.03125,0.9375,False,True
2,16,2,5.0,2.0,甲,exception,11,5,5,0,1,0.45454545454545453,0.45454545454545453,0.0,0.09090909090909091,5,5,0.45454545454545453,0.45454545454545453,False,True
2,16,2,5.0,2.0,甲,normal,71,68,2,0,1,0.9577464788732394,0.028169014084507043,0.0,0.014084507042253521,68,2,0.9577464788732394,0.028169014084507043,False,True
2,16,2,5.0,5.0,乙,exception,26,8,10,0,8,0.3076923076923077,0.38461538461538464,0.0,0.3076923076923077,10,8,0.38461538461538464,0.3076923076923077,False,True
2,16,2,5.0,5.0,乙,normal,64,60,2,0,2,0.9375,0.03125,0.0,0.03125,2,60,0.03125,0.9375,False,True
2,16,2,5.0,5.0,甲,exception,11,5,5,0,1,0.45454545454545453,0.45454545454545453,0.0,0.09090909090909091,5,5,0.45454545454545453,0.45454545454545453,False,True
2,16,2,5.0,5.0,甲,normal,71,68,2,0,1,0.9577464788732394,0.028169014084507043,0.0,0.014084507042253521,68,2,0.9577464788732394,0.028169014084507043,False,True
2,16,2,20.0,0.5,乙,exception,26,8,10,0,8,0.3076923076923077,0.38461538461538464,0.0,0.3076923076923077,10,8,0.38461538461538464,0.3076923076923077,False,True
2,16,2,20.0,0.5,乙,normal,64,60,2,0,2,0.9375,0.03125,0.0,0.03125,2,60,0.03125,0.9375,False,True
2,16,2,20.0,0.5,甲,exception,11,5,5,0,1,0.45454545454545453,0.45454545454545453,0.0,0.09090909090909091,5,5,0.45454545454545453,0.45454545454545453,False,True
2,16,2,20.0,0.5,甲,normal,71,68,2,0,1,0.9577464788732394,0.028169014084507043,0.0,0.014084507042253521,68,2,0.9577464788732394,0.028169014084507043,False,True
2,16,2,20.0,1.0,乙,exception,26,8,10,0,8,0.3076923076923077,0.38461538461538464,0.0,0.3076923076923077,10,8,0.38461538461538464,0.3076923076923077,False,True
2,16,2,20.0,1.0,乙,normal,64,60,2,0,2,0.9375,0.03125,0.0,0.03125,2,60,0.03125,0.9375,False,True
2,16,2,20.0,1.0,甲,exception,11,5,5,0,1,0.45454545454545453,0.45454545454545453,0.0,0.09090909090909091,5,5,0.45454545454545453,0.45454545454545453,False,True
2,16,2,20.0,1.0,甲,normal,71,68,2,0,1,0.9577464788732394,0.028169014084507043,0.0,0.014084507042253521,68,2,0.9577464788732394,0.028169014084507043,False,True
2,16,2,20.0,2.0,乙,exception,26,8,11,0,7,0.3076923076923077,0.4230769230769231,0.0,0.2692307692307692,11,8,0.4230769230769231,0.3076923076923077,False,True
2,16,2,20.0,2.0,乙,normal,64,60,2,0,2,0.9375,0.03125,0.0,0.03125,2,60,0.03125,0.9375,False,True
2,16,2,20.0,2.0,甲,exception,11,5,5,0,1,0.45454545454545453,0.45454545454545453,0.0,0.09090909090909091,5,5,0.45454545454545453,0.45454545454545453,False,True
2,16,2,20.0,2.0,甲,normal,71,68,2,0,1,0.9577464788732394,0.028169014084507043,0.0,0.014084507042253521,68,2,0.9577464788732394,0.028169014084507043,False,True
2,16,2,20.0,5.0,乙,exception,26,8,11,0,7,0.3076923076923077,0.4230769230769231,0.0,0.2692307692307692,11,8,0.4230769230769231,0.3076923076923077,False,True
2,16,2,20.0,5.0,乙,normal,64,62,0,0,2,0.96875,0.0,0.0,0.03125,0,62,0.0,0.96875,False,True
2,16,2,20.0,5.0,甲,exception,11,5,6,0,0,0.45454545454545453,0.5454545454545454,0.0,0.0,5,6,0.45454545454545453,0.5454545454545454,False,True
2,16,2,20.0,5.0,甲,normal,71,68,2,0,1,0.9577464788732394,0.028169014084507043,0.0,0.014084507042253521,68,2,0.9577464788732394,0.028169014084507043,False,True
2,17,0,5.0,0.05,乙,exception,14,3,8,0,3,0.21428571428571427,0.5714285714285714,0.0,0.21428571428571427,8,3,0.5714285714285714,0.21428571428571427,False,True
2,17,0,5.0,0.05,乙,normal,69,63,5,0,1,0.9130434782608695,0.07246376811594203,0.0,0.014492753623188406,5,63,0.07246376811594203,0.9130434782608695,False,True
2,17,0,5.0,0.05,甲,exception,14,8,3,0,3,0.5714285714285714,0.21428571428571427,0.0,0.21428571428571427,8,3,0.5714285714285714,0.21428571428571427,False,True
2,17,0,5.0,0.05,甲,normal,64,50,4,0,10,0.78125,0.0625,0.0,0.15625,50,4,0.78125,0.0625,False,True
2,17,1,5.0,0.5,乙,exception,14,3,8,0,3,0.21428571428571427,0.5714285714285714,0.0,0.21428571428571427,8,3,0.5714285714285714,0.21428571428571427,False,True
2,17,1,5.0,0.5,乙,normal,69,63,5,0,1,0.9130434782608695,0.07246376811594203,0.0,0.014492753623188406,5,63,0.07246376811594203,0.9130434782608695,False,True
2,17,1,5.0,0.5,甲,exception,14,8,3,0,3,0.5714285714285714,0.21428571428571427,0.0,0.21428571428571427,8,3,0.5714285714285714,0.21428571428571427,False,True
2,17,1,5.0,0.5,甲,normal,64,50,4,0,10,0.78125,0.0625,0.0,0.15625,50,4,0.78125,0.0625,False,True
2,17,1,5.0,1.0,乙,exception,14,3,8,0,3,0.21428571428571427,0.5714285714285714,0.0,0.21428571428571427,8,3,0.5714285714285714,0.21428571428571427,False,True
2,17,1,5.0,1.0,乙,normal,69,63,5,0,1,0.9130434782608695,0.07246376811594203,0.0,0.014492753623188406,5,63,0.07246376811594203,0.9130434782608695,False,True
2,17,1,5.0,1.0,甲,exception,14,8,3,0,3,0.5714285714285714,0.21428571428571427,0.0,0.21428571428571427,8,3,0.5714285714285714,0.21428571428571427,False,True
2,17,1,5.0,1.0,甲,normal,64,50,4,0,10,0.78125,0.0625,0.0,0.15625,50,4,0.78125,0.0625,False,True
2,17,1,5.0,2.0,乙,exception,14,3,8,0,3,0.21428571428571427,0.5714285714285714,0.0,0.21428571428571427,8,3,0.5714285714285714,0.21428571428571427,False,True
2,17,1,5.0,2.0,乙,normal,69,63,5,0,1,0.9130434782608695,0.07246376811594203,0.0,0.014492753623188406,5,63,0.07246376811594203,0.9130434782608695,False,True
2,17,1,5.0,2.0,甲,exception,14,8,4,0,2,0.5714285714285714,0.2857142857142857,0.0,0.14285714285714285,8,4,0.5714285714285714,0.2857142857142857,False,True
2,17,1,5.0,2.0,甲,normal,64,50,4,0,10,0.78125,0.0625,0.0,0.15625,50,4,0.78125,0.0625,False,True
2,17,1,5.0,5.0,乙,exception,14,3,8,0,3,0.21428571428571427,0.5714285714285714,0.0,0.21428571428571427,8,3,0.5714285714285714,0.21428571428571427,False,True
2,17,1,5.0,5.0,乙,normal,69,63,5,0,1,0.9130434782608695,0.07246376811594203,0.0,0.014492753623188406,5,63,0.07246376811594203,0.9130434782608695,False,True
2,17,1,5.0,5.0,甲,exception,14,8,4,0,2,0.5714285714285714,0.2857142857142857,0.0,0.14285714285714285,8,4,0.5714285714285714,0.2857142857142857,False,True
2,17,1,5.0,5.0,甲,normal,64,52,4,0,8,0.8125,0.0625,0.0,0.125,52,4,0.8125,0.0625,False,True
2,17,1,20.0,0.5,乙,exception,14,3,8,0,3,0.21428571428571427,0.5714285714285714,0.0,0.21428571428571427,8,3,0.5714285714285714,0.21428571428571427,False,True
2,17,1,20.0,0.5,乙,normal,69,63,5,0,1,0.9130434782608695,0.07246376811594203,0.0,0.014492753623188406,5,63,0.07246376811594203,0.9130434782608695,False,True
2,17,1,20.0,0.5,甲,exception,14,8,3,0,3,0.5714285714285714,0.21428571428571427,0.0,0.21428571428571427,8,3,0.5714285714285714,0.21428571428571427,False,True
2,17,1,20.0,0.5,甲,normal,64,53,4,0,7,0.828125,0.0625,0.0,0.109375,53,4,0.828125,0.0625,False,True
2,17,1,20.0,1.0,乙,exception,14,3,8,0,3,0.21428571428571427,0.5714285714285714,0.0,0.21428571428571427,8,3,0.5714285714285714,0.21428571428571427,False,True
2,17,1,20.0,1.0,乙,normal,69,63,5,0,1,0.9130434782608695,0.07246376811594203,0.0,0.014492753623188406,5,63,0.07246376811594203,0.9130434782608695,False,True
2,17,1,20.0,1.0,甲,exception,14,8,4,0,2,0.5714285714285714,0.2857142857142857,0.0,0.14285714285714285,8,4,0.5714285714285714,0.2857142857142857,False,True
2,17,1,20.0,1.0,甲,normal,64,54,4,0,6,0.84375,0.0625,0.0,0.09375,54,4,0.84375,0.0625,False,True
2,17,1,20.0,2.0,乙,exception,14,3,8,0,3,0.21428571428571427,0.5714285714285714,0.0,0.21428571428571427,8,3,0.5714285714285714,0.21428571428571427,False,True
2,17,1,20.0,2.0,乙,normal,69,63,5,0,1,0.9130434782608695,0.07246376811594203,0.0,0.014492753623188406,5,63,0.07246376811594203,0.9130434782608695,False,True
2,17,1,20.0,2.0,甲,exception,14,8,4,0,2,0.5714285714285714,0.2857142857142857,0.0,0.14285714285714285,8,4,0.5714285714285714,0.2857142857142857,False,True
2,17,1,20.0,2.0,甲,normal,64,57,4,0,3,0.890625,0.0625,0.0,0.046875,57,4,0.890625,0.0625,False,True
2,17,1,20.0,5.0,乙,exception,14,3,8,0,3,0.21428571428571427,0.5714285714285714,0.0,0.21428571428571427,8,3,0.5714285714285714,0.21428571428571427,False,True
2,17,1,20.0,5.0,乙,normal,69,65,4,0,0,0.9420289855072463,0.057971014492753624,0.0,0.0,4,65,0.057971014492753624,0.9420289855072463,False,True
2,17,1,20.0,5.0,甲,exception,14,8,4,0,2,0.5714285714285714,0.2857142857142857,0.0,0.14285714285714285,8,4,0.5714285714285714,0.2857142857142857,False,True
2,17,1,20.0,5.0,甲,normal,64,59,4,0,1,0.921875,0.0625,0.0,0.015625,59,4,0.921875,0.0625,False,True
2,17,2,5.0,0.5,乙,exception,14,3,8,0,3,0.21428571428571427,0.5714285714285714,0.0,0.21428571428571427,8,3,0.5714285714285714,0.21428571428571427,False,True
2,17,2,5.0,0.5,乙,normal,69,63,5,0,1,0.9130434782608695,0.07246376811594203,0.0,0.014492753623188406,5,63,0.07246376811594203,0.9130434782608695,False,True
2,17,2,5.0,0.5,甲,exception,14,8,3,0,3,0.5714285714285714,0.21428571428571427,0.0,0.21428571428571427,8,3,0.5714285714285714,0.21428571428571427,False,True
2,17,2,5.0,0.5,甲,normal,64,50,4,0,10,0.78125,0.0625,0.0,0.15625,50,4,0.78125,0.0625,False,True
2,17,2,5.0,1.0,乙,exception,14,3,8,0,3,0.21428571428571427,0.5714285714285714,0.0,0.21428571428571427,8,3,0.5714285714285714,0.21428571428571427,False,True
2,17,2,5.0,1.0,乙,normal,69,63,5,0,1,0.9130434782608695,0.07246376811594203,0.0,0.014492753623188406,5,63,0.07246376811594203,0.9130434782608695,False,True
2,17,2,5.0,1.0,甲,exception,14,8,3,0,3,0.5714285714285714,0.21428571428571427,0.0,0.21428571428571427,8,3,0.5714285714285714,0.21428571428571427,False,True
2,17,2,5.0,1.0,甲,normal,64,50,4,0,10,0.78125,0.0625,0.0,0.15625,50,4,0.78125,0.0625,False,True
2,17,2,5.0,2.0,乙,exception,14,3,8,0,3,0.21428571428571427,0.5714285714285714,0.0,0.21428571428571427,8,3,0.5714285714285714,0.21428571428571427,False,True
2,17,2,5.0,2.0,乙,normal,69,63,5,0,1,0.9130434782608695,0.07246376811594203,0.0,0.014492753623188406,5,63,0.07246376811594203,0.9130434782608695,False,True
2,17,2,5.0,2.0,甲,exception,14,8,3,0,3,0.5714285714285714,0.21428571428571427,0.0,0.21428571428571427,8,3,0.5714285714285714,0.21428571428571427,False,True
2,17,2,5.0,2.0,甲,normal,64,50,4,0,10,0.78125,0.0625,0.0,0.15625,50,4,0.78125,0.0625,False,True
2,17,2,5.0,5.0,乙,exception,14,3,8,0,3,0.21428571428571427,0.5714285714285714,0.0,0.21428571428571427,8,3,0.5714285714285714,0.21428571428571427,False,True
2,17,2,5.0,5.0,乙,normal,69,63,5,0,1,0.9130434782608695,0.07246376811594203,0.0,0.014492753623188406,5,63,0.07246376811594203,0.9130434782608695,False,True
2,17,2,5.0,5.0,甲,exception,14,8,4,0,2,0.5714285714285714,0.2857142857142857,0.0,0.14285714285714285,8,4,0.5714285714285714,0.2857142857142857,False,True
2,17,2,5.0,5.0,甲,normal,64,51,4,0,9,0.796875,0.0625,0.0,0.140625,51,4,0.796875,0.0625,False,True
2,17,2,20.0,0.5,乙,exception,14,3,8,0,3,0.21428571428571427,0.5714285714285714,0.0,0.21428571428571427,8,3,0.5714285714285714,0.21428571428571427,False,True
2,17,2,20.0,0.5,乙,normal,69,63,5,0,1,0.9130434782608695,0.07246376811594203,0.0,0.014492753623188406,5,63,0.07246376811594203,0.9130434782608695,False,True
2,17,2,20.0,0.5,甲,exception,14,8,3,0,3,0.5714285714285714,0.21428571428571427,0.0,0.21428571428571427,8,3,0.5714285714285714,0.21428571428571427,False,True
2,17,2,20.0,0.5,甲,normal,64,53,4,0,7,0.828125,0.0625,0.0,0.109375,53,4,0.828125,0.0625,False,True
2,17,2,20.0,1.0,乙,exception,14,3,8,0,3,0.21428571428571427,0.5714285714285714,0.0,0.21428571428571427,8,3,0.5714285714285714,0.21428571428571427,False,True
2,17,2,20.0,1.0,乙,normal,69,63,5,0,1,0.9130434782608695,0.07246376811594203,0.0,0.014492753623188406,5,63,0.07246376811594203,0.9130434782608695,False,True
2,17,2,20.0,1.0,甲,exception,14,8,4,0,2,0.5714285714285714,0.2857142857142857,0.0,0.14285714285714285,8,4,0.5714285714285714,0.2857142857142857,False,True
2,17,2,20.0,1.0,甲,normal,64,54,4,0,6,0.84375,0.0625,0.0,0.09375,54,4,0.84375,0.0625,False,True
2,17,2,20.0,2.0,乙,exception,14,3,8,0,3,0.21428571428571427,0.5714285714285714,0.0,0.21428571428571427,8,3,0.5714285714285714,0.21428571428571427,False,True
2,17,2,20.0,2.0,乙,normal,69,63,5,0,1,0.9130434782608695,0.07246376811594203,0.0,0.014492753623188406,5,63,0.07246376811594203,0.9130434782608695,False,True
2,17,2,20.0,2.0,甲,exception,14,8,4,0,2,0.5714285714285714,0.2857142857142857,0.0,0.14285714285714285,8,4,0.5714285714285714,0.2857142857142857,False,True
2,17,2,20.0,2.0,甲,normal,64,56,4,0,4,0.875,0.0625,0.0,0.0625,56,4,0.875,0.0625,False,True
2,17,2,20.0,5.0,乙,exception,14,3,8,0,3,0.21428571428571427,0.5714285714285714,0.0,0.21428571428571427,8,3,0.5714285714285714,0.21428571428571427,False,True
2,17,2,20.0,5.0,乙,normal,69,65,4,0,0,0.9420289855072463,0.057971014492753624,0.0,0.0,4,65,0.057971014492753624,0.9420289855072463,False,True
2,17,2,20.0,5.0,甲,exception,14,8,4,0,2,0.5714285714285714,0.2857142857142857,0.0,0.14285714285714285,8,4,0.5714285714285714,0.2857142857142857,False,True
2,17,2,20.0,5.0,甲,normal,64,59,4,0,1,0.921875,0.0625,0.0,0.015625,59,4,0.921875,0.0625,False,True
2,18,0,5.0,0.05,乙,exception,18,2,12,0,4,0.1111111111111111,0.6666666666666666,0.0,0.2222222222222222,12,2,0.6666666666666666,0.1111111111111111,False,True
2,18,0,5.0,0.05,乙,normal,55,45,0,0,10,0.8181818181818182,0.0,0.0,0.18181818181818182,0,45,0.0,0.8181818181818182,False,True
2,18,0,5.0,0.05,甲,exception,16,4,9,0,3,0.25,0.5625,0.0,0.1875,4,9,0.25,0.5625,False,True
2,18,0,5.0,0.05,甲,normal,64,53,0,0,11,0.828125,0.0,0.0,0.171875,53,0,0.828125,0.0,False,True
2,18,1,5.0,0.5,乙,exception,18,2,12,0,4,0.1111111111111111,0.6666666666666666,0.0,0.2222222222222222,12,2,0.6666666666666666,0.1111111111111111,False,True
2,18,1,5.0,0.5,乙,normal,55,45,0,0,10,0.8181818181818182,0.0,0.0,0.18181818181818182,0,45,0.0,0.8181818181818182,False,True
2,18,1,5.0,0.5,甲,exception,16,4,9,0,3,0.25,0.5625,0.0,0.1875,4,9,0.25,0.5625,False,True
2,18,1,5.0,0.5,甲,normal,64,53,0,0,11,0.828125,0.0,0.0,0.171875,53,0,0.828125,0.0,False,True
2,18,1,5.0,1.0,乙,exception,18,2,12,0,4,0.1111111111111111,0.6666666666666666,0.0,0.2222222222222222,12,2,0.6666666666666666,0.1111111111111111,False,True
2,18,1,5.0,1.0,乙,normal,55,45,0,0,10,0.8181818181818182,0.0,0.0,0.18181818181818182,0,45,0.0,0.8181818181818182,False,True
2,18,1,5.0,1.0,甲,exception,16,4,9,0,3,0.25,0.5625,0.0,0.1875,4,9,0.25,0.5625,False,True
2,18,1,5.0,1.0,甲,normal,64,53,0,0,11,0.828125,0.0,0.0,0.171875,53,0,0.828125,0.0,False,True
2,18,1,5.0,2.0,乙,exception,18,2,13,0,3,0.1111111111111111,0.7222222222222222,0.0,0.16666666666666666,13,2,0.7222222222222222,0.1111111111111111,False,True
2,18,1,5.0,2.0,乙,normal,55,45,0,0,10,0.8181818181818182,0.0,0.0,0.18181818181818182,0,45,0.0,0.8181818181818182,False,True
2,18,1,5.0,2.0,甲,exception,16,4,9,0,3,0.25,0.5625,0.0,0.1875,4,9,0.25,0.5625,False,True
2,18,1,5.0,2.0,甲,normal,64,54,0,0,10,0.84375,0.0,0.0,0.15625,54,0,0.84375,0.0,False,True
2,18,1,5.0,5.0,乙,exception,18,2,14,0,2,0.1111111111111111,0.7777777777777778,0.0,0.1111111111111111,14,2,0.7777777777777778,0.1111111111111111,False,True
2,18,1,5.0,5.0,乙,normal,55,46,0,0,9,0.8363636363636363,0.0,0.0,0.16363636363636364,0,46,0.0,0.8363636363636363,False,True
2,18,1,5.0,5.0,甲,exception,16,4,10,0,2,0.25,0.625,0.0,0.125,4,10,0.25,0.625,False,True
2,18,1,5.0,5.0,甲,normal,64,54,0,0,10,0.84375,0.0,0.0,0.15625,54,0,0.84375,0.0,False,True
2,18,1,20.0,0.5,乙,exception,18,2,13,0,3,0.1111111111111111,0.7222222222222222,0.0,0.16666666666666666,13,2,0.7222222222222222,0.1111111111111111,False,True
2,18,1,20.0,0.5,乙,normal,55,45,0,0,10,0.8181818181818182,0.0,0.0,0.18181818181818182,0,45,0.0,0.8181818181818182,False,True
2,18,1,20.0,0.5,甲,exception,16,4,9,0,3,0.25,0.5625,0.0,0.1875,4,9,0.25,0.5625,False,True
2,18,1,20.0,0.5,甲,normal,64,53,0,0,11,0.828125,0.0,0.0,0.171875,53,0,0.828125,0.0,False,True
2,18,1,20.0,1.0,乙,exception,18,2,14,0,2,0.1111111111111111,0.7777777777777778,0.0,0.1111111111111111,14,2,0.7777777777777778,0.1111111111111111,False,True
2,18,1,20.0,1.0,乙,normal,55,46,0,0,9,0.8363636363636363,0.0,0.0,0.16363636363636364,0,46,0.0,0.8363636363636363,False,True
2,18,1,20.0,1.0,甲,exception,16,4,9,0,3,0.25,0.5625,0.0,0.1875,4,9,0.25,0.5625,False,True
2,18,1,20.0,1.0,甲,normal,64,55,0,0,9,0.859375,0.0,0.0,0.140625,55,0,0.859375,0.0,False,True
2,18,1,20.0,2.0,乙,exception,18,2,14,0,2,0.1111111111111111,0.7777777777777778,0.0,0.1111111111111111,14,2,0.7777777777777778,0.1111111111111111,False,True
2,18,1,20.0,2.0,乙,normal,55,46,0,0,9,0.8363636363636363,0.0,0.0,0.16363636363636364,0,46,0.0,0.8363636363636363,False,True
2,18,1,20.0,2.0,甲,exception,16,4,10,0,2,0.25,0.625,0.0,0.125,4,10,0.25,0.625,False,True
2,18,1,20.0,2.0,甲,normal,64,56,0,0,8,0.875,0.0,0.0,0.125,56,0,0.875,0.0,False,True
2,18,1,20.0,5.0,乙,exception,18,2,14,0,2,0.1111111111111111,0.7777777777777778,0.0,0.1111111111111111,14,2,0.7777777777777778,0.1111111111111111,False,True
2,18,1,20.0,5.0,乙,normal,55,50,0,0,5,0.9090909090909091,0.0,0.0,0.09090909090909091,0,50,0.0,0.9090909090909091,False,True
2,18,1,20.0,5.0,甲,exception,16,3,11,0,2,0.1875,0.6875,0.0,0.125,3,11,0.1875,0.6875,False,True
2,18,1,20.0,5.0,甲,normal,64,56,0,0,8,0.875,0.0,0.0,0.125,56,0,0.875,0.0,False,True
2,18,2,5.0,0.5,乙,exception,18,2,12,0,4,0.1111111111111111,0.6666666666666666,0.0,0.2222222222222222,12,2,0.6666666666666666,0.1111111111111111,False,True
2,18,2,5.0,0.5,乙,normal,55,45,0,0,10,0.8181818181818182,0.0,0.0,0.18181818181818182,0,45,0.0,0.8181818181818182,False,True
2,18,2,5.0,0.5,甲,exception,16,4,9,0,3,0.25,0.5625,0.0,0.1875,4,9,0.25,0.5625,False,True
2,18,2,5.0,0.5,甲,normal,64,53,0,0,11,0.828125,0.0,0.0,0.171875,53,0,0.828125,0.0,False,True
2,18,2,5.0,1.0,乙,exception,18,2,12,0,4,0.1111111111111111,0.6666666666666666,0.0,0.2222222222222222,12,2,0.6666666666666666,0.1111111111111111,False,True
2,18,2,5.0,1.0,乙,normal,55,45,0,0,10,0.8181818181818182,0.0,0.0,0.18181818181818182,0,45,0.0,0.8181818181818182,False,True
2,18,2,5.0,1.0,甲,exception,16,4,9,0,3,0.25,0.5625,0.0,0.1875,4,9,0.25,0.5625,False,True
2,18,2,5.0,1.0,甲,normal,64,53,0,0,11,0.828125,0.0,0.0,0.171875,53,0,0.828125,0.0,False,True
2,18,2,5.0,2.0,乙,exception,18,2,12,0,4,0.1111111111111111,0.6666666666666666,0.0,0.2222222222222222,12,2,0.6666666666666666,0.1111111111111111,False,True
2,18,2,5.0,2.0,乙,normal,55,45,0,0,10,0.8181818181818182,0.0,0.0,0.18181818181818182,0,45,0.0,0.8181818181818182,False,True
2,18,2,5.0,2.0,甲,exception,16,4,9,0,3,0.25,0.5625,0.0,0.1875,4,9,0.25,0.5625,False,True
2,18,2,5.0,2.0,甲,normal,64,53,0,0,11,0.828125,0.0,0.0,0.171875,53,0,0.828125,0.0,False,True
2,18,2,5.0,5.0,乙,exception,18,2,12,0,4,0.1111111111111111,0.6666666666666666,0.0,0.2222222222222222,12,2,0.6666666666666666,0.1111111111111111,False,True
2,18,2,5.0,5.0,乙,normal,55,45,0,0,10,0.8181818181818182,0.0,0.0,0.18181818181818182,0,45,0.0,0.8181818181818182,False,True
2,18,2,5.0,5.0,甲,exception,16,4,10,0,2,0.25,0.625,0.0,0.125,4,10,0.25,0.625,False,True
2,18,2,5.0,5.0,甲,normal,64,54,0,0,10,0.84375,0.0,0.0,0.15625,54,0,0.84375,0.0,False,True
2,18,2,20.0,0.5,乙,exception,18,2,13,0,3,0.1111111111111111,0.7222222222222222,0.0,0.16666666666666666,13,2,0.7222222222222222,0.1111111111111111,False,True
2,18,2,20.0,0.5,乙,normal,55,45,0,0,10,0.8181818181818182,0.0,0.0,0.18181818181818182,0,45,0.0,0.8181818181818182,False,True
2,18,2,20.0,0.5,甲,exception,16,4,9,0,3,0.25,0.5625,0.0,0.1875,4,9,0.25,0.5625,False,True
2,18,2,20.0,0.5,甲,normal,64,53,0,0,11,0.828125,0.0,0.0,0.171875,53,0,0.828125,0.0,False,True
2,18,2,20.0,1.0,乙,exception,18,2,14,0,2,0.1111111111111111,0.7777777777777778,0.0,0.1111111111111111,14,2,0.7777777777777778,0.1111111111111111,False,True
2,18,2,20.0,1.0,乙,normal,55,45,0,0,10,0.8181818181818182,0.0,0.0,0.18181818181818182,0,45,0.0,0.8181818181818182,False,True
2,18,2,20.0,1.0,甲,exception,16,4,9,0,3,0.25,0.5625,0.0,0.1875,4,9,0.25,0.5625,False,True
2,18,2,20.0,1.0,甲,normal,64,55,0,0,9,0.859375,0.0,0.0,0.140625,55,0,0.859375,0.0,False,True
2,18,2,20.0,2.0,乙,exception,18,2,14,0,2,0.1111111111111111,0.7777777777777778,0.0,0.1111111111111111,14,2,0.7777777777777778,0.1111111111111111,False,True
2,18,2,20.0,2.0,乙,normal,55,46,0,0,9,0.8363636363636363,0.0,0.0,0.16363636363636364,0,46,0.0,0.8363636363636363,False,True
2,18,2,20.0,2.0,甲,exception,16,4,10,0,2,0.25,0.625,0.0,0.125,4,10,0.25,0.625,False,True
2,18,2,20.0,2.0,甲,normal,64,55,0,0,9,0.859375,0.0,0.0,0.140625,55,0,0.859375,0.0,False,True
2,18,2,20.0,5.0,乙,exception,18,2,14,0,2,0.1111111111111111,0.7777777777777778,0.0,0.1111111111111111,14,2,0.7777777777777778,0.1111111111111111,False,True
2,18,2,20.0,5.0,乙,normal,55,50,0,0,5,0.9090909090909091,0.0,0.0,0.09090909090909091,0,50,0.0,0.9090909090909091,False,True
2,18,2,20.0,5.0,甲,exception,16,3,11,0,2,0.1875,0.6875,0.0,0.125,3,11,0.1875,0.6875,False,True
2,18,2,20.0,5.0,甲,normal,64,56,0,0,8,0.875,0.0,0.0,0.125,56,0,0.875,0.0,False,True
2,19,0,5.0,0.05,乙,exception,10,0,6,0,4,0.0,0.6,0.0,0.4,6,0,0.6,0.0,False,True
2,19,0,5.0,0.05,乙,normal,58,49,3,0,6,0.8448275862068966,0.05172413793103448,0.0,0.10344827586206896,3,49,0.05172413793103448,0.8448275862068966,False,True
2,19,0,5.0,0.05,甲,exception,18,2,12,0,4,0.1111111111111111,0.6666666666666666,0.0,0.2222222222222222,2,12,0.1111111111111111,0.6666666666666666,False,True
2,19,0,5.0,0.05,甲,normal,58,49,4,0,5,0.8448275862068966,0.06896551724137931,0.0,0.08620689655172414,49,4,0.8448275862068966,0.06896551724137931,False,True
2,19,1,5.0,0.5,乙,exception,10,0,6,0,4,0.0,0.6,0.0,0.4,6,0,0.6,0.0,False,True
2,19,1,5.0,0.5,乙,normal,58,49,3,0,6,0.8448275862068966,0.05172413793103448,0.0,0.10344827586206896,3,49,0.05172413793103448,0.8448275862068966,False,True
2,19,1,5.0,0.5,甲,exception,18,2,13,0,3,0.1111111111111111,0.7222222222222222,0.0,0.16666666666666666,2,13,0.1111111111111111,0.7222222222222222,False,True
2,19,1,5.0,0.5,甲,normal,58,49,4,0,5,0.8448275862068966,0.06896551724137931,0.0,0.08620689655172414,49,4,0.8448275862068966,0.06896551724137931,False,True
2,19,1,5.0,1.0,乙,exception,10,0,6,0,4,0.0,0.6,0.0,0.4,6,0,0.6,0.0,False,True
2,19,1,5.0,1.0,乙,normal,58,49,3,0,6,0.8448275862068966,0.05172413793103448,0.0,0.10344827586206896,3,49,0.05172413793103448,0.8448275862068966,False,True
2,19,1,5.0,1.0,甲,exception,18,2,13,0,3,0.1111111111111111,0.7222222222222222,0.0,0.16666666666666666,2,13,0.1111111111111111,0.7222222222222222,False,True
2,19,1,5.0,1.0,甲,normal,58,49,4,0,5,0.8448275862068966,0.06896551724137931,0.0,0.08620689655172414,49,4,0.8448275862068966,0.06896551724137931,False,True
2,19,1,5.0,2.0,乙,exception,10,0,6,0,4,0.0,0.6,0.0,0.4,6,0,0.6,0.0,False,True
2,19,1,5.0,2.0,乙,normal,58,49,3,0,6,0.8448275862068966,0.05172413793103448,0.0,0.10344827586206896,3,49,0.05172413793103448,0.8448275862068966,False,True
2,19,1,5.0,2.0,甲,exception,18,2,13,0,3,0.1111111111111111,0.7222222222222222,0.0,0.16666666666666666,2,13,0.1111111111111111,0.7222222222222222,False,True
2,19,1,5.0,2.0,甲,normal,58,49,4,0,5,0.8448275862068966,0.06896551724137931,0.0,0.08620689655172414,49,4,0.8448275862068966,0.06896551724137931,False,True
2,19,1,5.0,5.0,乙,exception,10,0,6,0,4,0.0,0.6,0.0,0.4,6,0,0.6,0.0,False,True
2,19,1,5.0,5.0,乙,normal,58,49,3,0,6,0.8448275862068966,0.05172413793103448,0.0,0.10344827586206896,3,49,0.05172413793103448,0.8448275862068966,False,True
2,19,1,5.0,5.0,甲,exception,18,2,13,0,3,0.1111111111111111,0.7222222222222222,0.0,0.16666666666666666,2,13,0.1111111111111111,0.7222222222222222,False,True
2,19,1,5.0,5.0,甲,normal,58,49,4,0,5,0.8448275862068966,0.06896551724137931,0.0,0.08620689655172414,49,4,0.8448275862068966,0.06896551724137931,False,True
2,19,1,20.0,0.5,乙,exception,10,0,6,0,4,0.0,0.6,0.0,0.4,6,0,0.6,0.0,False,True
2,19,1,20.0,0.5,乙,normal,58,49,3,0,6,0.8448275862068966,0.05172413793103448,0.0,0.10344827586206896,3,49,0.05172413793103448,0.8448275862068966,False,True
2,19,1,20.0,0.5,甲,exception,18,2,13,0,3,0.1111111111111111,0.7222222222222222,0.0,0.16666666666666666,2,13,0.1111111111111111,0.7222222222222222,False,True
2,19,1,20.0,0.5,甲,normal,58,49,4,0,5,0.8448275862068966,0.06896551724137931,0.0,0.08620689655172414,49,4,0.8448275862068966,0.06896551724137931,False,True
2,19,1,20.0,1.0,乙,exception,10,0,6,0,4,0.0,0.6,0.0,0.4,6,0,0.6,0.0,False,True
2,19,1,20.0,1.0,乙,normal,58,49,3,0,6,0.8448275862068966,0.05172413793103448,0.0,0.10344827586206896,3,49,0.05172413793103448,0.8448275862068966,False,True
2,19,1,20.0,1.0,甲,exception,18,2,13,0,3,0.1111111111111111,0.7222222222222222,0.0,0.16666666666666666,2,13,0.1111111111111111,0.7222222222222222,False,True
2,19,1,20.0,1.0,甲,normal,58,49,4,0,5,0.8448275862068966,0.06896551724137931,0.0,0.08620689655172414,49,4,0.8448275862068966,0.06896551724137931,False,True
2,19,1,20.0,2.0,乙,exception,10,0,6,0,4,0.0,0.6,0.0,0.4,6,0,0.6,0.0,False,True
2,19,1,20.0,2.0,乙,normal,58,50,3,0,5,0.8620689655172413,0.05172413793103448,0.0,0.08620689655172414,3,50,0.05172413793103448,0.8620689655172413,False,True
2,19,1,20.0,2.0,甲,exception,18,2,13,0,3,0.1111111111111111,0.7222222222222222,0.0,0.16666666666666666,2,13,0.1111111111111111,0.7222222222222222,False,True
2,19,1,20.0,2.0,甲,normal,58,49,4,0,5,0.8448275862068966,0.06896551724137931,0.0,0.08620689655172414,49,4,0.8448275862068966,0.06896551724137931,False,True
2,19,1,20.0,5.0,乙,exception,10,0,6,0,4,0.0,0.6,0.0,0.4,6,0,0.6,0.0,False,True
2,19,1,20.0,5.0,乙,normal,58,56,2,0,0,0.9655172413793104,0.034482758620689655,0.0,0.0,2,56,0.034482758620689655,0.9655172413793104,False,True
2,19,1,20.0,5.0,甲,exception,18,3,13,0,2,0.16666666666666666,0.7222222222222222,0.0,0.1111111111111111,3,13,0.16666666666666666,0.7222222222222222,False,True
2,19,1,20.0,5.0,甲,normal,58,53,3,0,2,0.9137931034482759,0.05172413793103448,0.0,0.034482758620689655,53,3,0.9137931034482759,0.05172413793103448,False,True
2,19,2,5.0,0.5,乙,exception,10,0,6,0,4,0.0,0.6,0.0,0.4,6,0,0.6,0.0,False,True
2,19,2,5.0,0.5,乙,normal,58,49,3,0,6,0.8448275862068966,0.05172413793103448,0.0,0.10344827586206896,3,49,0.05172413793103448,0.8448275862068966,False,True
2,19,2,5.0,0.5,甲,exception,18,2,13,0,3,0.1111111111111111,0.7222222222222222,0.0,0.16666666666666666,2,13,0.1111111111111111,0.7222222222222222,False,True
2,19,2,5.0,0.5,甲,normal,58,49,4,0,5,0.8448275862068966,0.06896551724137931,0.0,0.08620689655172414,49,4,0.8448275862068966,0.06896551724137931,False,True
2,19,2,5.0,1.0,乙,exception,10,0,6,0,4,0.0,0.6,0.0,0.4,6,0,0.6,0.0,False,True
2,19,2,5.0,1.0,乙,normal,58,49,3,0,6,0.8448275862068966,0.05172413793103448,0.0,0.10344827586206896,3,49,0.05172413793103448,0.8448275862068966,False,True
2,19,2,5.0,1.0,甲,exception,18,2,13,0,3,0.1111111111111111,0.7222222222222222,0.0,0.16666666666666666,2,13,0.1111111111111111,0.7222222222222222,False,True
2,19,2,5.0,1.0,甲,normal,58,49,4,0,5,0.8448275862068966,0.06896551724137931,0.0,0.08620689655172414,49,4,0.8448275862068966,0.06896551724137931,False,True
2,19,2,5.0,2.0,乙,exception,10,0,6,0,4,0.0,0.6,0.0,0.4,6,0,0.6,0.0,False,True
2,19,2,5.0,2.0,乙,normal,58,49,3,0,6,0.8448275862068966,0.05172413793103448,0.0,0.10344827586206896,3,49,0.05172413793103448,0.8448275862068966,False,True
2,19,2,5.0,2.0,甲,exception,18,2,13,0,3,0.1111111111111111,0.7222222222222222,0.0,0.16666666666666666,2,13,0.1111111111111111,0.7222222222222222,False,True
2,19,2,5.0,2.0,甲,normal,58,49,4,0,5,0.8448275862068966,0.06896551724137931,0.0,0.08620689655172414,49,4,0.8448275862068966,0.06896551724137931,False,True
2,19,2,5.0,5.0,乙,exception,10,0,6,0,4,0.0,0.6,0.0,0.4,6,0,0.6,0.0,False,True
2,19,2,5.0,5.0,乙,normal,58,49,3,0,6,0.8448275862068966,0.05172413793103448,0.0,0.10344827586206896,3,49,0.05172413793103448,0.8448275862068966,False,True
2,19,2,5.0,5.0,甲,exception,18,2,13,0,3,0.1111111111111111,0.7222222222222222,0.0,0.16666666666666666,2,13,0.1111111111111111,0.7222222222222222,False,True
2,19,2,5.0,5.0,甲,normal,58,49,4,0,5,0.8448275862068966,0.06896551724137931,0.0,0.08620689655172414,49,4,0.8448275862068966,0.06896551724137931,False,True
2,19,2,20.0,0.5,乙,exception,10,0,6,0,4,0.0,0.6,0.0,0.4,6,0,0.6,0.0,False,True
2,19,2,20.0,0.5,乙,normal,58,49,3,0,6,0.8448275862068966,0.05172413793103448,0.0,0.10344827586206896,3,49,0.05172413793103448,0.8448275862068966,False,True
2,19,2,20.0,0.5,甲,exception,18,2,13,0,3,0.1111111111111111,0.7222222222222222,0.0,0.16666666666666666,2,13,0.1111111111111111,0.7222222222222222,False,True
2,19,2,20.0,0.5,甲,normal,58,49,4,0,5,0.8448275862068966,0.06896551724137931,0.0,0.08620689655172414,49,4,0.8448275862068966,0.06896551724137931,False,True
2,19,2,20.0,1.0,乙,exception,10,0,6,0,4,0.0,0.6,0.0,0.4,6,0,0.6,0.0,False,True
2,19,2,20.0,1.0,乙,normal,58,49,3,0,6,0.8448275862068966,0.05172413793103448,0.0,0.10344827586206896,3,49,0.05172413793103448,0.8448275862068966,False,True
2,19,2,20.0,1.0,甲,exception,18,2,13,0,3,0.1111111111111111,0.7222222222222222,0.0,0.16666666666666666,2,13,0.1111111111111111,0.7222222222222222,False,True
2,19,2,20.0,1.0,甲,normal,58,49,4,0,5,0.8448275862068966,0.06896551724137931,0.0,0.08620689655172414,49,4,0.8448275862068966,0.06896551724137931,False,True
2,19,2,20.0,2.0,乙,exception,10,0,6,0,4,0.0,0.6,0.0,0.4,6,0,0.6,0.0,False,True
2,19,2,20.0,2.0,乙,normal,58,49,3,0,6,0.8448275862068966,0.05172413793103448,0.0,0.10344827586206896,3,49,0.05172413793103448,0.8448275862068966,False,True
2,19,2,20.0,2.0,甲,exception,18,2,13,0,3,0.1111111111111111,0.7222222222222222,0.0,0.16666666666666666,2,13,0.1111111111111111,0.7222222222222222,False,True
2,19,2,20.0,2.0,甲,normal,58,49,4,0,5,0.8448275862068966,0.06896551724137931,0.0,0.08620689655172414,49,4,0.8448275862068966,0.06896551724137931,False,True
2,19,2,20.0,5.0,乙,exception,10,0,6,0,4,0.0,0.6,0.0,0.4,6,0,0.6,0.0,False,True
2,19,2,20.0,5.0,乙,normal,58,54,2,0,2,0.9310344827586207,0.034482758620689655,0.0,0.034482758620689655,2,54,0.034482758620689655,0.9310344827586207,False,True
2,19,2,20.0,5.0,甲,exception,18,2,13,0,3,0.1111111111111111,0.7222222222222222,0.0,0.16666666666666666,2,13,0.1111111111111111,0.7222222222222222,False,True
2,19,2,20.0,5.0,甲,normal,58,53,3,0,2,0.9137931034482759,0.05172413793103448,0.0,0.034482758620689655,53,3,0.9137931034482759,0.05172413793103448,False,True
2,20,0,5.0,0.05,乙,exception,16,6,9,0,1,0.375,0.5625,0.0,0.0625,9,6,0.5625,0.375,False,True
2,20,0,5.0,0.05,乙,normal,59,54,3,0,2,0.9152542372881356,0.05084745762711865,0.0,0.03389830508474576,3,54,0.05084745762711865,0.9152542372881356,False,True
2,20,0,5.0,0.05,甲,exception,15,7,8,0,0,0.4666666666666667,0.5333333333333333,0.0,0.0,7,8,0.4666666666666667,0.5333333333333333,False,True
2,20,0,5.0,0.05,甲,normal,66,64,2,0,0,0.9696969696969697,0.030303030303030304,0.0,0.0,64,2,0.9696969696969697,0.030303030303030304,False,True
2,20,1,5.0,0.5,乙,exception,16,6,9,0,1,0.375,0.5625,0.0,0.0625,9,6,0.5625,0.375,False,True
2,20,1,5.0,0.5,乙,normal,59,54,3,0,2,0.9152542372881356,0.05084745762711865,0.0,0.03389830508474576,3,54,0.05084745762711865,0.9152542372881356,False,True
2,20,1,5.0,0.5,甲,exception,15,7,8,0,0,0.4666666666666667,0.5333333333333333,0.0,0.0,7,8,0.4666666666666667,0.5333333333333333,False,True
2,20,1,5.0,0.5,甲,normal,66,64,2,0,0,0.9696969696969697,0.030303030303030304,0.0,0.0,64,2,0.9696969696969697,0.030303030303030304,False,True
2,20,1,5.0,1.0,乙,exception,16,6,9,0,1,0.375,0.5625,0.0,0.0625,9,6,0.5625,0.375,False,True
2,20,1,5.0,1.0,乙,normal,59,54,3,0,2,0.9152542372881356,0.05084745762711865,0.0,0.03389830508474576,3,54,0.05084745762711865,0.9152542372881356,False,True
2,20,1,5.0,1.0,甲,exception,15,7,8,0,0,0.4666666666666667,0.5333333333333333,0.0,0.0,7,8,0.4666666666666667,0.5333333333333333,False,True
2,20,1,5.0,1.0,甲,normal,66,64,2,0,0,0.9696969696969697,0.030303030303030304,0.0,0.0,64,2,0.9696969696969697,0.030303030303030304,False,True
2,20,1,5.0,2.0,乙,exception,16,6,9,0,1,0.375,0.5625,0.0,0.0625,9,6,0.5625,0.375,False,True
2,20,1,5.0,2.0,乙,normal,59,54,3,0,2,0.9152542372881356,0.05084745762711865,0.0,0.03389830508474576,3,54,0.05084745762711865,0.9152542372881356,False,True
2,20,1,5.0,2.0,甲,exception,15,7,8,0,0,0.4666666666666667,0.5333333333333333,0.0,0.0,7,8,0.4666666666666667,0.5333333333333333,False,True
2,20,1,5.0,2.0,甲,normal,66,64,2,0,0,0.9696969696969697,0.030303030303030304,0.0,0.0,64,2,0.9696969696969697,0.030303030303030304,False,True
2,20,1,5.0,5.0,乙,exception,16,6,9,0,1,0.375,0.5625,0.0,0.0625,9,6,0.5625,0.375,False,True
2,20,1,5.0,5.0,乙,normal,59,54,3,0,2,0.9152542372881356,0.05084745762711865,0.0,0.03389830508474576,3,54,0.05084745762711865,0.9152542372881356,False,True
2,20,1,5.0,5.0,甲,exception,15,7,8,0,0,0.4666666666666667,0.5333333333333333,0.0,0.0,7,8,0.4666666666666667,0.5333333333333333,False,True
2,20,1,5.0,5.0,甲,normal,66,64,2,0,0,0.9696969696969697,0.030303030303030304,0.0,0.0,64,2,0.9696969696969697,0.030303030303030304,False,True
2,20,1,20.0,0.5,乙,exception,16,6,9,0,1,0.375,0.5625,0.0,0.0625,9,6,0.5625,0.375,False,True
2,20,1,20.0,0.5,乙,normal,59,54,3,0,2,0.9152542372881356,0.05084745762711865,0.0,0.03389830508474576,3,54,0.05084745762711865,0.9152542372881356,False,True
2,20,1,20.0,0.5,甲,exception,15,7,8,0,0,0.4666666666666667,0.5333333333333333,0.0,0.0,7,8,0.4666666666666667,0.5333333333333333,False,True
2,20,1,20.0,0.5,甲,normal,66,64,2,0,0,0.9696969696969697,0.030303030303030304,0.0,0.0,64,2,0.9696969696969697,0.030303030303030304,False,True
2,20,1,20.0,1.0,乙,exception,16,6,9,0,1,0.375,0.5625,0.0,0.0625,9,6,0.5625,0.375,False,True
2,20,1,20.0,1.0,乙,normal,59,54,3,0,2,0.9152542372881356,0.05084745762711865,0.0,0.03389830508474576,3,54,0.05084745762711865,0.9152542372881356,False,True
2,20,1,20.0,1.0,甲,exception,15,7,8,0,0,0.4666666666666667,0.5333333333333333,0.0,0.0,7,8,0.4666666666666667,0.5333333333333333,False,True
2,20,1,20.0,1.0,甲,normal,66,64,2,0,0,0.9696969696969697,0.030303030303030304,0.0,0.0,64,2,0.9696969696969697,0.030303030303030304,False,True
2,20,1,20.0,2.0,乙,exception,16,6,9,0,1,0.375,0.5625,0.0,0.0625,9,6,0.5625,0.375,False,True
2,20,1,20.0,2.0,乙,normal,59,54,3,0,2,0.9152542372881356,0.05084745762711865,0.0,0.03389830508474576,3,54,0.05084745762711865,0.9152542372881356,False,True
2,20,1,20.0,2.0,甲,exception,15,7,8,0,0,0.4666666666666667,0.5333333333333333,0.0,0.0,7,8,0.4666666666666667,0.5333333333333333,False,True
2,20,1,20.0,2.0,甲,normal,66,64,2,0,0,0.9696969696969697,0.030303030303030304,0.0,0.0,64,2,0.9696969696969697,0.030303030303030304,False,True
2,20,1,20.0,5.0,乙,exception,16,6,9,0,1,0.375,0.5625,0.0,0.0625,9,6,0.5625,0.375,False,True
2,20,1,20.0,5.0,乙,normal,59,54,3,0,2,0.9152542372881356,0.05084745762711865,0.0,0.03389830508474576,3,54,0.05084745762711865,0.9152542372881356,False,True
2,20,1,20.0,5.0,甲,exception,15,7,8,0,0,0.4666666666666667,0.5333333333333333,0.0,0.0,7,8,0.4666666666666667,0.5333333333333333,False,True
2,20,1,20.0,5.0,甲,normal,66,64,2,0,0,0.9696969696969697,0.030303030303030304,0.0,0.0,64,2,0.9696969696969697,0.030303030303030304,False,True
2,20,2,5.0,0.5,乙,exception,16,6,9,0,1,0.375,0.5625,0.0,0.0625,9,6,0.5625,0.375,False,True
2,20,2,5.0,0.5,乙,normal,59,54,3,0,2,0.9152542372881356,0.05084745762711865,0.0,0.03389830508474576,3,54,0.05084745762711865,0.9152542372881356,False,True
2,20,2,5.0,0.5,甲,exception,15,7,8,0,0,0.4666666666666667,0.5333333333333333,0.0,0.0,7,8,0.4666666666666667,0.5333333333333333,False,True
2,20,2,5.0,0.5,甲,normal,66,64,2,0,0,0.9696969696969697,0.030303030303030304,0.0,0.0,64,2,0.9696969696969697,0.030303030303030304,False,True
2,20,2,5.0,1.0,乙,exception,16,6,9,0,1,0.375,0.5625,0.0,0.0625,9,6,0.5625,0.375,False,True
2,20,2,5.0,1.0,乙,normal,59,54,3,0,2,0.9152542372881356,0.05084745762711865,0.0,0.03389830508474576,3,54,0.05084745762711865,0.9152542372881356,False,True
2,20,2,5.0,1.0,甲,exception,15,7,8,0,0,0.4666666666666667,0.5333333333333333,0.0,0.0,7,8,0.4666666666666667,0.5333333333333333,False,True
2,20,2,5.0,1.0,甲,normal,66,64,2,0,0,0.9696969696969697,0.030303030303030304,0.0,0.0,64,2,0.9696969696969697,0.030303030303030304,False,True
2,20,2,5.0,2.0,乙,exception,16,6,9,0,1,0.375,0.5625,0.0,0.0625,9,6,0.5625,0.375,False,True
2,20,2,5.0,2.0,乙,normal,59,54,3,0,2,0.9152542372881356,0.05084745762711865,0.0,0.03389830508474576,3,54,0.05084745762711865,0.9152542372881356,False,True
2,20,2,5.0,2.0,甲,exception,15,7,8,0,0,0.4666666666666667,0.5333333333333333,0.0,0.0,7,8,0.4666666666666667,0.5333333333333333,False,True
2,20,2,5.0,2.0,甲,normal,66,64,2,0,0,0.9696969696969697,0.030303030303030304,0.0,0.0,64,2,0.9696969696969697,0.030303030303030304,False,True
2,20,2,5.0,5.0,乙,exception,16,6,9,0,1,0.375,0.5625,0.0,0.0625,9,6,0.5625,0.375,False,True
2,20,2,5.0,5.0,乙,normal,59,54,3,0,2,0.9152542372881356,0.05084745762711865,0.0,0.03389830508474576,3,54,0.05084745762711865,0.9152542372881356,False,True
2,20,2,5.0,5.0,甲,exception,15,7,8,0,0,0.4666666666666667,0.5333333333333333,0.0,0.0,7,8,0.4666666666666667,0.5333333333333333,False,True
2,20,2,5.0,5.0,甲,normal,66,64,2,0,0,0.9696969696969697,0.030303030303030304,0.0,0.0,64,2,0.9696969696969697,0.030303030303030304,False,True
2,20,2,20.0,0.5,乙,exception,16,6,9,0,1,0.375,0.5625,0.0,0.0625,9,6,0.5625,0.375,False,True
2,20,2,20.0,0.5,乙,normal,59,54,3,0,2,0.9152542372881356,0.05084745762711865,0.0,0.03389830508474576,3,54,0.05084745762711865,0.9152542372881356,False,True
2,20,2,20.0,0.5,甲,exception,15,7,8,0,0,0.4666666666666667,0.5333333333333333,0.0,0.0,7,8,0.4666666666666667,0.5333333333333333,False,True
2,20,2,20.0,0.5,甲,normal,66,64,2,0,0,0.9696969696969697,0.030303030303030304,0.0,0.0,64,2,0.9696969696969697,0.030303030303030304,False,True
2,20,2,20.0,1.0,乙,exception,16,6,9,0,1,0.375,0.5625,0.0,0.0625,9,6,0.5625,0.375,False,True
2,20,2,20.0,1.0,乙,normal,59,54,3,0,2,0.9152542372881356,0.05084745762711865,0.0,0.03389830508474576,3,54,0.05084745762711865,0.9152542372881356,False,True
2,20,2,20.0,1.0,甲,exception,15,7,8,0,0,0.4666666666666667,0.5333333333333333,0.0,0.0,7,8,0.4666666666666667,0.5333333333333333,False,True
2,20,2,20.0,1.0,甲,normal,66,64,2,0,0,0.9696969696969697,0.030303030303030304,0.0,0.0,64,2,0.9696969696969697,0.030303030303030304,False,True
2,20,2,20.0,2.0,乙,exception,16,6,9,0,1,0.375,0.5625,0.0,0.0625,9,6,0.5625,0.375,False,True
2,20,2,20.0,2.0,乙,normal,59,54,3,0,2,0.9152542372881356,0.05084745762711865,0.0,0.03389830508474576,3,54,0.05084745762711865,0.9152542372881356,False,True
2,20,2,20.0,2.0,甲,exception,15,7,8,0,0,0.4666666666666667,0.5333333333333333,0.0,0.0,7,8,0.4666666666666667,0.5333333333333333,False,True
2,20,2,20.0,2.0,甲,normal,66,64,2,0,0,0.9696969696969697,0.030303030303030304,0.0,0.0,64,2,0.9696969696969697,0.030303030303030304,False,True
2,20,2,20.0,5.0,乙,exception,16,6,9,0,1,0.375,0.5625,0.0,0.0625,9,6,0.5625,0.375,False,True
2,20,2,20.0,5.0,乙,normal,59,56,2,0,1,0.9491525423728814,0.03389830508474576,0.0,0.01694915254237288,2,56,0.03389830508474576,0.9491525423728814,False,True
2,20,2,20.0,5.0,甲,exception,15,7,8,0,0,0.4666666666666667,0.5333333333333333,0.0,0.0,7,8,0.4666666666666667,0.5333333333333333,False,True
2,20,2,20.0,5.0,甲,normal,66,64,2,0,0,0.9696969696969697,0.030303030303030304,0.0,0.0,64,2,0.9696969696969697,0.030303030303030304,False,True
