world,seed,arm,beta,eta,shop,day,error_type,total,correct,wrong,silent,correct_rate,wrong_rate,silent_rate
2,1,0,5.0,0.05,乙,exception,distinction_loss,1,0,1,0,0.0,1.0,0.0
2,1,0,5.0,0.05,乙,exception,selection_error,2,0,2,0,0.0,1.0,0.0
2,1,0,5.0,0.05,乙,normal,selection_error,3,0,3,0,0.0,1.0,0.0
2,1,0,5.0,0.05,甲,exception,distinction_loss,3,0,3,0,0.0,1.0,0.0
2,1,0,5.0,0.05,甲,exception,selection_error,6,0,6,0,0.0,1.0,0.0
2,1,0,5.0,0.05,甲,normal,selection_error,1,0,1,0,0.0,1.0,0.0
2,1,1,5.0,0.5,乙,exception,distinction_loss,1,0,1,0,0.0,1.0,0.0
2,1,1,5.0,0.5,乙,exception,selection_error,2,0,2,0,0.0,1.0,0.0
2,1,1,5.0,0.5,乙,normal,selection_error,3,0,3,0,0.0,1.0,0.0
2,1,1,5.0,0.5,甲,exception,distinction_loss,3,0,3,0,0.0,1.0,0.0
2,1,1,5.0,0.5,甲,exception,selection_error,6,0,6,0,0.0,1.0,0.0
2,1,1,5.0,0.5,甲,normal,selection_error,1,0,1,0,0.0,1.0,0.0
2,1,1,5.0,1.0,乙,exception,distinction_loss,1,0,1,0,0.0,1.0,0.0
2,1,1,5.0,1.0,乙,exception,selection_error,2,0,2,0,0.0,1.0,0.0
2,1,1,5.0,1.0,乙,normal,selection_error,3,0,3,0,0.0,1.0,0.0
2,1,1,5.0,1.0,甲,exception,distinction_loss,3,0,3,0,0.0,1.0,0.0
2,1,1,5.0,1.0,甲,exception,selection_error,6,0,6,0,0.0,1.0,0.0
2,1,1,5.0,1.0,甲,normal,selection_error,1,0,1,0,0.0,1.0,0.0
2,1,1,5.0,2.0,乙,exception,distinction_loss,1,0,1,0,0.0,1.0,0.0
2,1,1,5.0,2.0,乙,exception,selection_error,2,0,2,0,0.0,1.0,0.0
2,1,1,5.0,2.0,乙,normal,selection_error,3,0,3,0,0.0,1.0,0.0
2,1,1,5.0,2.0,甲,exception,distinction_loss,3,0,3,0,0.0,1.0,0.0
2,1,1,5.0,2.0,甲,exception,selection_error,6,0,6,0,0.0,1.0,0.0
2,1,1,5.0,2.0,甲,normal,selection_error,1,0,1,0,0.0,1.0,0.0
2,1,1,5.0,5.0,乙,exception,distinction_loss,1,0,1,0,0.0,1.0,0.0
2,1,1,5.0,5.0,乙,exception,selection_error,2,0,2,0,0.0,1.0,0.0
2,1,1,5.0,5.0,乙,normal,selection_error,3,0,3,0,0.0,1.0,0.0
2,1,1,5.0,5.0,甲,exception,distinction_loss,3,0,3,0,0.0,1.0,0.0
2,1,1,5.0,5.0,甲,exception,selection_error,6,0,6,0,0.0,1.0,0.0
2,1,1,5.0,5.0,甲,normal,selection_error,1,0,1,0,0.0,1.0,0.0
2,1,1,20.0,0.5,乙,exception,distinction_loss,1,0,1,0,0.0,1.0,0.0
2,1,1,20.0,0.5,乙,exception,selection_error,2,0,2,0,0.0,1.0,0.0
2,1,1,20.0,0.5,乙,normal,selection_error,3,0,3,0,0.0,1.0,0.0
2,1,1,20.0,0.5,甲,exception,distinction_loss,3,0,3,0,0.0,1.0,0.0
2,1,1,20.0,0.5,甲,exception,selection_error,6,0,6,0,0.0,1.0,0.0
2,1,1,20.0,0.5,甲,normal,selection_error,1,0,1,0,0.0,1.0,0.0
2,1,1,20.0,1.0,乙,exception,distinction_loss,1,0,1,0,0.0,1.0,0.0
2,1,1,20.0,1.0,乙,exception,selection_error,2,0,2,0,0.0,1.0,0.0
2,1,1,20.0,1.0,乙,normal,selection_error,3,0,3,0,0.0,1.0,0.0
2,1,1,20.0,1.0,甲,exception,distinction_loss,3,0,3,0,0.0,1.0,0.0
2,1,1,20.0,1.0,甲,exception,selection_error,6,0,6,0,0.0,1.0,0.0
2,1,1,20.0,1.0,甲,normal,selection_error,1,0,1,0,0.0,1.0,0.0
2,1,1,20.0,2.0,乙,exception,distinction_loss,1,0,1,0,0.0,1.0,0.0
2,1,1,20.0,2.0,乙,exception,selection_error,2,0,2,0,0.0,1.0,0.0
2,1,1,20.0,2.0,乙,normal,selection_error,3,0,3,0,0.0,1.0,0.0
2,1,1,20.0,2.0,甲,exception,distinction_loss,3,0,3,0,0.0,1.0,0.0
2,1,1,20.0,2.0,甲,exception,selection_error,6,0,6,0,0.0,1.0,0.0
2,1,1,20.0,2.0,甲,normal,selection_error,1,0,1,0,0.0,1.0,0.0
2,1,1,20.0,5.0,乙,exception,distinction_loss,1,0,1,0,0.0,1.0,0.0
2,1,1,20.0,5.0,乙,exception,selection_error,2,0,2,0,0.0,1.0,0.0
2,1,1,20.0,5.0,乙,normal,selection_error,3,0,3,0,0.0,1.0,0.0
2,1,1,20.0,5.0,甲,exception,distinction_loss,3,0,3,0,0.0,1.0,0.0
2,1,1,20.0,5.0,甲,exception,selection_error,6,1,5,0,0.16666666666666666,0.8333333333333334,0.0
2,1,1,20.0,5.0,甲,normal,selection_error,1,0,1,0,0.0,1.0,0.0
2,1,2,5.0,0.5,乙,exception,distinction_loss,1,0,1,0,0.0,1.0,0.0
2,1,2,5.0,0.5,乙,exception,selection_error,2,0,2,0,0.0,1.0,0.0
2,1,2,5.0,0.5,乙,normal,selection_error,3,0,3,0,0.0,1.0,0.0
2,1,2,5.0,0.5,甲,exception,distinction_loss,3,0,3,0,0.0,1.0,0.0
2,1,2,5.0,0.5,甲,exception,selection_error,6,0,6,0,0.0,1.0,0.0
2,1,2,5.0,0.5,甲,normal,selection_error,1,0,1,0,0.0,1.0,0.0
2,1,2,5.0,1.0,乙,exception,distinction_loss,1,0,1,0,0.0,1.0,0.0
2,1,2,5.0,1.0,乙,exception,selection_error,2,0,2,0,0.0,1.0,0.0
2,1,2,5.0,1.0,乙,normal,selection_error,3,0,3,0,0.0,1.0,0.0
2,1,2,5.0,1.0,甲,exception,distinction_loss,3,0,3,0,0.0,1.0,0.0
2,1,2,5.0,1.0,甲,exception,selection_error,6,0,6,0,0.0,1.0,0.0
2,1,2,5.0,1.0,甲,normal,selection_error,1,0,1,0,0.0,1.0,0.0
2,1,2,5.0,2.0,乙,exception,distinction_loss,1,0,1,0,0.0,1.0,0.0
2,1,2,5.0,2.0,乙,exception,selection_error,2,0,2,0,0.0,1.0,0.0
2,1,2,5.0,2.0,乙,normal,selection_error,3,0,3,0,0.0,1.0,0.0
2,1,2,5.0,2.0,甲,exception,distinction_loss,3,0,3,0,0.0,1.0,0.0
2,1,2,5.0,2.0,甲,exception,selection_error,6,0,6,0,0.0,1.0,0.0
2,1,2,5.0,2.0,甲,normal,selection_error,1,0,1,0,0.0,1.0,0.0
2,1,2,5.0,5.0,乙,exception,distinction_loss,1,0,1,0,0.0,1.0,0.0
2,1,2,5.0,5.0,乙,exception,selection_error,2,0,2,0,0.0,1.0,0.0
2,1,2,5.0,5.0,乙,normal,selection_error,3,0,3,0,0.0,1.0,0.0
2,1,2,5.0,5.0,甲,exception,distinction_loss,3,0,3,0,0.0,1.0,0.0
2,1,2,5.0,5.0,甲,exception,selection_error,6,0,6,0,0.0,1.0,0.0
2,1,2,5.0,5.0,甲,normal,selection_error,1,0,1,0,0.0,1.0,0.0
2,1,2,20.0,0.5,乙,exception,distinction_loss,1,0,1,0,0.0,1.0,0.0
2,1,2,20.0,0.5,乙,exception,selection_error,2,0,2,0,0.0,1.0,0.0
2,1,2,20.0,0.5,乙,normal,selection_error,3,0,3,0,0.0,1.0,0.0
2,1,2,20.0,0.5,甲,exception,distinction_loss,3,0,3,0,0.0,1.0,0.0
2,1,2,20.0,0.5,甲,exception,selection_error,6,0,6,0,0.0,1.0,0.0
2,1,2,20.0,0.5,甲,normal,selection_error,1,0,1,0,0.0,1.0,0.0
2,1,2,20.0,1.0,乙,exception,distinction_loss,1,0,1,0,0.0,1.0,0.0
2,1,2,20.0,1.0,乙,exception,selection_error,2,0,2,0,0.0,1.0,0.0
2,1,2,20.0,1.0,乙,normal,selection_error,3,0,3,0,0.0,1.0,0.0
2,1,2,20.0,1.0,甲,exception,distinction_loss,3,0,3,0,0.0,1.0,0.0
2,1,2,20.0,1.0,甲,exception,selection_error,6,0,6,0,0.0,1.0,0.0
2,1,2,20.0,1.0,甲,normal,selection_error,1,0,1,0,0.0,1.0,0.0
2,1,2,20.0,2.0,乙,exception,distinction_loss,1,0,1,0,0.0,1.0,0.0
2,1,2,20.0,2.0,乙,exception,selection_error,2,0,2,0,0.0,1.0,0.0
2,1,2,20.0,2.0,乙,normal,selection_error,3,0,3,0,0.0,1.0,0.0
2,1,2,20.0,2.0,甲,exception,distinction_loss,3,0,3,0,0.0,1.0,0.0
2,1,2,20.0,2.0,甲,exception,selection_error,6,0,6,0,0.0,1.0,0.0
2,1,2,20.0,2.0,甲,normal,selection_error,1,0,1,0,0.0,1.0,0.0
2,1,2,20.0,5.0,乙,exception,distinction_loss,1,0,1,0,0.0,1.0,0.0
2,1,2,20.0,5.0,乙,exception,selection_error,2,0,2,0,0.0,1.0,0.0
2,1,2,20.0,5.0,乙,normal,selection_error,3,0,3,0,0.0,1.0,0.0
2,1,2,20.0,5.0,甲,exception,distinction_loss,3,0,3,0,0.0,1.0,0.0
2,1,2,20.0,5.0,甲,exception,selection_error,6,1,5,0,0.16666666666666666,0.8333333333333334,0.0
2,1,2,20.0,5.0,甲,normal,selection_error,1,0,1,0,0.0,1.0,0.0
2,2,0,5.0,0.05,乙,exception,selection_error,4,0,4,0,0.0,1.0,0.0
2,2,0,5.0,0.05,乙,normal,distinction_loss,1,0,1,0,0.0,1.0,0.0
2,2,0,5.0,0.05,甲,exception,distinction_loss,3,0,3,0,0.0,1.0,0.0
2,2,0,5.0,0.05,甲,exception,selection_error,1,0,1,0,0.0,1.0,0.0
2,2,0,5.0,0.05,甲,normal,selection_error,1,0,1,0,0.0,1.0,0.0
2,2,1,5.0,0.5,乙,exception,selection_error,4,1,3,0,0.25,0.75,0.0
2,2,1,5.0,0.5,乙,normal,distinction_loss,1,0,1,0,0.0,1.0,0.0
2,2,1,5.0,0.5,甲,exception,distinction_loss,3,0,3,0,0.0,1.0,0.0
2,2,1,5.0,0.5,甲,exception,selection_error,1,0,1,0,0.0,1.0,0.0
2,2,1,5.0,0.5,甲,normal,selection_error,1,0,1,0,0.0,1.0,0.0
2,2,1,5.0,1.0,乙,exception,selection_error,4,1,3,0,0.25,0.75,0.0
2,2,1,5.0,1.0,乙,normal,distinction_loss,1,0,1,0,0.0,1.0,0.0
2,2,1,5.0,1.0,甲,exception,distinction_loss,3,0,3,0,0.0,1.0,0.0
2,2,1,5.0,1.0,甲,exception,selection_error,1,0,1,0,0.0,1.0,0.0
2,2,1,5.0,1.0,甲,normal,selection_error,1,0,1,0,0.0,1.0,0.0
2,2,1,5.0,2.0,乙,exception,selection_error,4,1,3,0,0.25,0.75,0.0
2,2,1,5.0,2.0,乙,normal,distinction_loss,1,0,1,0,0.0,1.0,0.0
2,2,1,5.0,2.0,甲,exception,distinction_loss,3,0,3,0,0.0,1.0,0.0
2,2,1,5.0,2.0,甲,exception,selection_error,1,0,1,0,0.0,1.0,0.0
2,2,1,5.0,2.0,甲,normal,selection_error,1,0,1,0,0.0,1.0,0.0
2,2,1,5.0,5.0,乙,exception,selection_error,4,2,2,0,0.5,0.5,0.0
2,2,1,5.0,5.0,乙,normal,distinction_loss,1,0,1,0,0.0,1.0,0.0
2,2,1,5.0,5.0,甲,exception,distinction_loss,3,0,3,0,0.0,1.0,0.0
2,2,1,5.0,5.0,甲,exception,selection_error,1,0,1,0,0.0,1.0,0.0
2,2,1,5.0,5.0,甲,normal,selection_error,1,0,1,0,0.0,1.0,0.0
2,2,1,20.0,0.5,乙,exception,selection_error,4,1,3,0,0.25,0.75,0.0
2,2,1,20.0,0.5,乙,normal,distinction_loss,1,0,1,0,0.0,1.0,0.0
2,2,1,20.0,0.5,甲,exception,distinction_loss,3,0,3,0,0.0,1.0,0.0
2,2,1,20.0,0.5,甲,exception,selection_error,1,0,1,0,0.0,1.0,0.0
2,2,1,20.0,0.5,甲,normal,selection_error,1,0,1,0,0.0,1.0,0.0
2,2,1,20.0,1.0,乙,exception,selection_error,4,1,3,0,0.25,0.75,0.0
2,2,1,20.0,1.0,乙,normal,distinction_loss,1,0,1,0,0.0,1.0,0.0
2,2,1,20.0,1.0,甲,exception,distinction_loss,3,0,3,0,0.0,1.0,0.0
2,2,1,20.0,1.0,甲,exception,selection_error,1,0,1,0,0.0,1.0,0.0
2,2,1,20.0,1.0,甲,normal,selection_error,1,0,1,0,0.0,1.0,0.0
2,2,1,20.0,2.0,乙,exception,selection_error,4,2,2,0,0.5,0.5,0.0
2,2,1,20.0,2.0,乙,normal,distinction_loss,1,0,1,0,0.0,1.0,0.0
2,2,1,20.0,2.0,甲,exception,distinction_loss,3,0,3,0,0.0,1.0,0.0
2,2,1,20.0,2.0,甲,exception,selection_error,1,0,1,0,0.0,1.0,0.0
2,2,1,20.0,2.0,甲,normal,selection_error,1,0,1,0,0.0,1.0,0.0
2,2,1,20.0,5.0,乙,exception,selection_error,4,2,2,0,0.5,0.5,0.0
2,2,1,20.0,5.0,乙,normal,distinction_loss,1,0,1,0,0.0,1.0,0.0
2,2,1,20.0,5.0,甲,exception,distinction_loss,3,0,3,0,0.0,1.0,0.0
2,2,1,20.0,5.0,甲,exception,selection_error,1,0,1,0,0.0,1.0,0.0
2,2,1,20.0,5.0,甲,normal,selection_error,1,0,1,0,0.0,1.0,0.0
2,2,2,5.0,0.5,乙,exception,selection_error,4,1,3,0,0.25,0.75,0.0
2,2,2,5.0,0.5,乙,normal,distinction_loss,1,0,1,0,0.0,1.0,0.0
2,2,2,5.0,0.5,甲,exception,distinction_loss,3,0,3,0,0.0,1.0,0.0
2,2,2,5.0,0.5,甲,exception,selection_error,1,0,1,0,0.0,1.0,0.0
2,2,2,5.0,0.5,甲,normal,selection_error,1,0,1,0,0.0,1.0,0.0
2,2,2,5.0,1.0,乙,exception,selection_error,4,1,3,0,0.25,0.75,0.0
2,2,2,5.0,1.0,乙,normal,distinction_loss,1,0,1,0,0.0,1.0,0.0
2,2,2,5.0,1.0,甲,exception,distinction_loss,3,0,3,0,0.0,1.0,0.0
2,2,2,5.0,1.0,甲,exception,selection_error,1,0,1,0,0.0,1.0,0.0
2,2,2,5.0,1.0,甲,normal,selection_error,1,0,1,0,0.0,1.0,0.0
2,2,2,5.0,2.0,乙,exception,selection_error,4,1,3,0,0.25,0.75,0.0
2,2,2,5.0,2.0,乙,normal,distinction_loss,1,0,1,0,0.0,1.0,0.0
2,2,2,5.0,2.0,甲,exception,distinction_loss,3,0,3,0,0.0,1.0,0.0
2,2,2,5.0,2.0,甲,exception,selection_error,1,0,1,0,0.0,1.0,0.0
2,2,2,5.0,2.0,甲,normal,selection_error,1,0,1,0,0.0,1.0,0.0
2,2,2,5.0,5.0,乙,exception,selection_error,4,2,2,0,0.5,0.5,0.0
2,2,2,5.0,5.0,乙,normal,distinction_loss,1,0,1,0,0.0,1.0,0.0
2,2,2,5.0,5.0,甲,exception,distinction_loss,3,0,3,0,0.0,1.0,0.0
2,2,2,5.0,5.0,甲,exception,selection_error,1,0,1,0,0.0,1.0,0.0
2,2,2,5.0,5.0,甲,normal,selection_error,1,0,1,0,0.0,1.0,0.0
2,2,2,20.0,0.5,乙,exception,selection_error,4,1,3,0,0.25,0.75,0.0
2,2,2,20.0,0.5,乙,normal,distinction_loss,1,0,1,0,0.0,1.0,0.0
2,2,2,20.0,0.5,甲,exception,distinction_loss,3,0,3,0,0.0,1.0,0.0
2,2,2,20.0,0.5,甲,exception,selection_error,1,0,1,0,0.0,1.0,0.0
2,2,2,20.0,0.5,甲,normal,selection_error,1,0,1,0,0.0,1.0,0.0
2,2,2,20.0,1.0,乙,exception,selection_error,4,1,3,0,0.25,0.75,0.0
2,2,2,20.0,1.0,乙,normal,distinction_loss,1,0,1,0,0.0,1.0,0.0
2,2,2,20.0,1.0,甲,exception,distinction_loss,3,0,3,0,0.0,1.0,0.0
2,2,2,20.0,1.0,甲,exception,selection_error,1,0,1,0,0.0,1.0,0.0
2,2,2,20.0,1.0,甲,normal,selection_error,1,0,1,0,0.0,1.0,0.0
2,2,2,20.0,2.0,乙,exception,selection_error,4,2,2,0,0.5,0.5,0.0
2,2,2,20.0,2.0,乙,normal,distinction_loss,1,0,1,0,0.0,1.0,0.0
2,2,2,20.0,2.0,甲,exception,distinction_loss,3,0,3,0,0.0,1.0,0.0
2,2,2,20.0,2.0,甲,exception,selection_error,1,0,1,0,0.0,1.0,0.0
2,2,2,20.0,2.0,甲,normal,selection_error,1,0,1,0,0.0,1.0,0.0
2,2,2,20.0,5.0,乙,exception,selection_error,4,2,2,0,0.5,0.5,0.0
2,2,2,20.0,5.0,乙,normal,distinction_loss,1,0,1,0,0.0,1.0,0.0
2,2,2,20.0,5.0,甲,exception,distinction_loss,3,0,3,0,0.0,1.0,0.0
2,2,2,20.0,5.0,甲,exception,selection_error,1,0,1,0,0.0,1.0,0.0
2,2,2,20.0,5.0,甲,normal,selection_error,1,0,1,0,0.0,1.0,0.0
2,3,0,5.0,0.05,乙,exception,selection_error,2,0,2,0,0.0,1.0,0.0
2,3,0,5.0,0.05,甲,exception,distinction_loss,5,0,5,0,0.0,1.0,0.0
2,3,0,5.0,0.05,甲,normal,selection_error,3,0,3,0,0.0,1.0,0.0
2,3,1,5.0,0.5,乙,exception,selection_error,2,0,2,0,0.0,1.0,0.0
2,3,1,5.0,0.5,甲,exception,distinction_loss,5,0,5,0,0.0,1.0,0.0
2,3,1,5.0,0.5,甲,normal,selection_error,3,0,3,0,0.0,1.0,0.0
2,3,1,5.0,1.0,乙,exception,selection_error,2,0,2,0,0.0,1.0,0.0
2,3,1,5.0,1.0,甲,exception,distinction_loss,5,0,5,0,0.0,1.0,0.0
2,3,1,5.0,1.0,甲,normal,selection_error,3,0,3,0,0.0,1.0,0.0
2,3,1,5.0,2.0,乙,exception,selection_error,2,0,2,0,0.0,1.0,0.0
2,3,1,5.0,2.0,甲,exception,distinction_loss,5,0,5,0,0.0,1.0,0.0
2,3,1,5.0,2.0,甲,normal,selection_error,3,0,3,0,0.0,1.0,0.0
2,3,1,5.0,5.0,乙,exception,selection_error,2,0,2,0,0.0,1.0,0.0
2,3,1,5.0,5.0,甲,exception,distinction_loss,5,0,5,0,0.0,1.0,0.0
2,3,1,5.0,5.0,甲,normal,selection_error,3,0,3,0,0.0,1.0,0.0
2,3,1,20.0,0.5,乙,exception,selection_error,2,0,2,0,0.0,1.0,0.0
2,3,1,20.0,0.5,甲,exception,distinction_loss,5,0,5,0,0.0,1.0,0.0
2,3,1,20.0,0.5,甲,normal,selection_error,3,0,3,0,0.0,1.0,0.0
2,3,1,20.0,1.0,乙,exception,selection_error,2,0,2,0,0.0,1.0,0.0
2,3,1,20.0,1.0,甲,exception,distinction_loss,5,0,5,0,0.0,1.0,0.0
2,3,1,20.0,1.0,甲,normal,selection_error,3,0,3,0,0.0,1.0,0.0
2,3,1,20.0,2.0,乙,exception,selection_error,2,0,2,0,0.0,1.0,0.0
2,3,1,20.0,2.0,甲,exception,distinction_loss,5,0,5,0,0.0,1.0,0.0
2,3,1,20.0,2.0,甲,normal,selection_error,3,0,3,0,0.0,1.0,0.0
2,3,1,20.0,5.0,乙,exception,selection_error,2,0,2,0,0.0,1.0,0.0
2,3,1,20.0,5.0,甲,exception,distinction_loss,5,0,5,0,0.0,1.0,0.0
2,3,1,20.0,5.0,甲,normal,selection_error,3,0,3,0,0.0,1.0,0.0
2,3,2,5.0,0.5,乙,exception,selection_error,2,0,2,0,0.0,1.0,0.0
2,3,2,5.0,0.5,甲,exception,distinction_loss,5,0,5,0,0.0,1.0,0.0
2,3,2,5.0,0.5,甲,normal,selection_error,3,0,3,0,0.0,1.0,0.0
2,3,2,5.0,1.0,乙,exception,selection_error,2,0,2,0,0.0,1.0,0.0
2,3,2,5.0,1.0,甲,exception,distinction_loss,5,0,5,0,0.0,1.0,0.0
2,3,2,5.0,1.0,甲,normal,selection_error,3,0,3,0,0.0,1.0,0.0
2,3,2,5.0,2.0,乙,exception,selection_error,2,0,2,0,0.0,1.0,0.0
2,3,2,5.0,2.0,甲,exception,distinction_loss,5,0,5,0,0.0,1.0,0.0
2,3,2,5.0,2.0,甲,normal,selection_error,3,0,3,0,0.0,1.0,0.0
2,3,2,5.0,5.0,乙,exception,selection_error,2,0,2,0,0.0,1.0,0.0
2,3,2,5.0,5.0,甲,exception,distinction_loss,5,0,5,0,0.0,1.0,0.0
2,3,2,5.0,5.0,甲,normal,selection_error,3,0,3,0,0.0,1.0,0.0
2,3,2,20.0,0.5,乙,exception,selection_error,2,0,2,0,0.0,1.0,0.0
2,3,2,20.0,0.5,甲,exception,distinction_loss,5,0,5,0,0.0,1.0,0.0
2,3,2,20.0,0.5,甲,normal,selection_error,3,0,3,0,0.0,1.0,0.0
2,3,2,20.0,1.0,乙,exception,selection_error,2,0,2,0,0.0,1.0,0.0
2,3,2,20.0,1.0,甲,exception,distinction_loss,5,0,5,0,0.0,1.0,0.0
2,3,2,20.0,1.0,甲,normal,selection_error,3,0,3,0,0.0,1.0,0.0
2,3,2,20.0,2.0,乙,exception,selection_error,2,0,2,0,0.0,1.0,0.0
2,3,2,20.0,2.0,甲,exception,distinction_loss,5,0,5,0,0.0,1.0,0.0
2,3,2,20.0,2.0,甲,normal,selection_error,3,0,3,0,0.0,1.0,0.0
2,3,2,20.0,5.0,乙,exception,selection_error,2,0,2,0,0.0,1.0,0.0
2,3,2,20.0,5.0,甲,exception,distinction_loss,5,0,5,0,0.0,1.0,0.0
2,3,2,20.0,5.0,甲,normal,selection_error,3,0,3,0,0.0,1.0,0.0
2,4,0,5.0,0.05,乙,exception,distinction_loss,1,0,1,0,0.0,1.0,0.0
2,4,0,5.0,0.05,乙,normal,distinction_loss,1,0,1,0,0.0,1.0,0.0
2,4,0,5.0,0.05,乙,normal,selection_error,4,0,4,0,0.0,1.0,0.0
2,4,0,5.0,0.05,甲,exception,distinction_loss,3,0,3,0,0.0,1.0,0.0
2,4,0,5.0,0.05,甲,exception,selection_error,3,0,3,0,0.0,1.0,0.0
2,4,0,5.0,0.05,甲,normal,distinction_loss,1,0,1,0,0.0,1.0,0.0
2,4,0,5.0,0.05,甲,normal,selection_error,2,0,2,0,0.0,1.0,0.0
2,4,1,5.0,0.5,乙,exception,distinction_loss,1,0,1,0,0.0,1.0,0.0
2,4,1,5.0,0.5,乙,normal,distinction_loss,1,0,1,0,0.0,1.0,0.0
2,4,1,5.0,0.5,乙,normal,selection_error,4,0,4,0,0.0,1.0,0.0
2,4,1,5.0,0.5,甲,exception,distinction_loss,3,0,3,0,0.0,1.0,0.0
2,4,1,5.0,0.5,甲,exception,selection_error,3,0,3,0,0.0,1.0,0.0
2,4,1,5.0,0.5,甲,normal,distinction_loss,1,0,1,0,0.0,1.0,0.0
2,4,1,5.0,0.5,甲,normal,selection_error,2,0,2,0,0.0,1.0,0.0
2,4,1,5.0,1.0,乙,exception,distinction_loss,1,0,1,0,0.0,1.0,0.0
2,4,1,5.0,1.0,乙,normal,distinction_loss,1,0,1,0,0.0,1.0,0.0
2,4,1,5.0,1.0,乙,normal,selection_error,4,0,4,0,0.0,1.0,0.0
2,4,1,5.0,1.0,甲,exception,distinction_loss,3,0,3,0,0.0,1.0,0.0
2,4,1,5.0,1.0,甲,exception,selection_error,3,0,3,0,0.0,1.0,0.0
2,4,1,5.0,1.0,甲,normal,distinction_loss,1,0,1,0,0.0,1.0,0.0
2,4,1,5.0,1.0,甲,normal,selection_error,2,0,2,0,0.0,1.0,0.0
2,4,1,5.0,2.0,乙,exception,distinction_loss,1,0,1,0,0.0,1.0,0.0
2,4,1,5.0,2.0,乙,normal,distinction_loss,1,0,1,0,0.0,1.0,0.0
2,4,1,5.0,2.0,乙,normal,selection_error,4,0,4,0,0.0,1.0,0.0
2,4,1,5.0,2.0,甲,exception,distinction_loss,3,0,3,0,0.0,1.0,0.0
2,4,1,5.0,2.0,甲,exception,selection_error,3,0,3,0,0.0,1.0,0.0
2,4,1,5.0,2.0,甲,normal,distinction_loss,1,0,1,0,0.0,1.0,0.0
2,4,1,5.0,2.0,甲,normal,selection_error,2,0,2,0,0.0,1.0,0.0
2,4,1,5.0,5.0,乙,exception,distinction_loss,1,0,1,0,0.0,1.0,0.0
2,4,1,5.0,5.0,乙,normal,distinction_loss,1,0,1,0,0.0,1.0,0.0
2,4,1,5.0,5.0,乙,normal,selection_error,4,0,4,0,0.0,1.0,0.0
2,4,1,5.0,5.0,甲,exception,distinction_loss,3,0,3,0,0.0,1.0,0.0
2,4,1,5.0,5.0,甲,exception,selection_error,3,1,2,0,0.3333333333333333,0.6666666666666666,0.0
2,4,1,5.0,5.0,甲,normal,distinction_loss,1,0,1,0,0.0,1.0,0.0
2,4,1,5.0,5.0,甲,normal,selection_error,2,0,2,0,0.0,1.0,0.0
2,4,1,20.0,0.5,乙,exception,distinction_loss,1,0,1,0,0.0,1.0,0.0
2,4,1,20.0,0.5,乙,normal,distinction_loss,1,0,1,0,0.0,1.0,0.0
2,4,1,20.0,0.5,乙,normal,selection_error,4,0,4,0,0.0,1.0,0.0
2,4,1,20.0,0.5,甲,exception,distinction_loss,3,0,3,0,0.0,1.0,0.0
2,4,1,20.0,0.5,甲,exception,selection_error,3,0,3,0,0.0,1.0,0.0
2,4,1,20.0,0.5,甲,normal,distinction_loss,1,0,1,0,0.0,1.0,0.0
2,4,1,20.0,0.5,甲,normal,selection_error,2,0,2,0,0.0,1.0,0.0
2,4,1,20.0,1.0,乙,exception,distinction_loss,1,0,1,0,0.0,1.0,0.0
2,4,1,20.0,1.0,乙,normal,distinction_loss,1,0,1,0,0.0,1.0,0.0
2,4,1,20.0,1.0,乙,normal,selection_error,4,0,4,0,0.0,1.0,0.0
2,4,1,20.0,1.0,甲,exception,distinction_loss,3,0,3,0,0.0,1.0,0.0
2,4,1,20.0,1.0,甲,exception,selection_error,3,0,3,0,0.0,1.0,0.0
2,4,1,20.0,1.0,甲,normal,distinction_loss,1,0,1,0,0.0,1.0,0.0
2,4,1,20.0,1.0,甲,normal,selection_error,2,0,2,0,0.0,1.0,0.0
2,4,1,20.0,2.0,乙,exception,distinction_loss,1,0,1,0,0.0,1.0,0.0
2,4,1,20.0,2.0,乙,normal,distinction_loss,1,0,1,0,0.0,1.0,0.0
2,4,1,20.0,2.0,乙,normal,selection_error,4,0,4,0,0.0,1.0,0.0
2,4,1,20.0,2.0,甲,exception,distinction_loss,3,0,3,0,0.0,1.0,0.0
2,4,1,20.0,2.0,甲,exception,selection_error,3,0,3,0,0.0,1.0,0.0
2,4,1,20.0,2.0,甲,normal,distinction_loss,1,0,1,0,0.0,1.0,0.0
2,4,1,20.0,2.0,甲,normal,selection_error,2,0,2,0,0.0,1.0,0.0
2,4,1,20.0,5.0,乙,exception,distinction_loss,1,0,1,0,0.0,1.0,0.0
2,4,1,20.0,5.0,乙,normal,distinction_loss,1,0,1,0,0.0,1.0,0.0
2,4,1,20.0,5.0,乙,normal,selection_error,4,0,4,0,0.0,1.0,0.0
2,4,1,20.0,5.0,甲,exception,distinction_loss,3,0,3,0,0.0,1.0,0.0
2,4,1,20.0,5.0,甲,exception,selection_error,3,1,2,0,0.3333333333333333,0.6666666666666666,0.0
2,4,1,20.0,5.0,甲,normal,distinction_loss,1,0,1,0,0.0,1.0,0.0
2,4,1,20.0,5.0,甲,normal,selection_error,2,0,2,0,0.0,1.0,0.0
2,4,2,5.0,0.5,乙,exception,distinction_loss,1,0,1,0,0.0,1.0,0.0
2,4,2,5.0,0.5,乙,normal,distinction_loss,1,0,1,0,0.0,1.0,0.0
2,4,2,5.0,0.5,乙,normal,selection_error,4,0,4,0,0.0,1.0,0.0
2,4,2,5.0,0.5,甲,exception,distinction_loss,3,0,3,0,0.0,1.0,0.0
2,4,2,5.0,0.5,甲,exception,selection_error,3,0,3,0,0.0,1.0,0.0
2,4,2,5.0,0.5,甲,normal,distinction_loss,1,0,1,0,0.0,1.0,0.0
2,4,2,5.0,0.5,甲,normal,selection_error,2,0,2,0,0.0,1.0,0.0
2,4,2,5.0,1.0,乙,exception,distinction_loss,1,0,1,0,0.0,1.0,0.0
2,4,2,5.0,1.0,乙,normal,distinction_loss,1,0,1,0,0.0,1.0,0.0
2,4,2,5.0,1.0,乙,normal,selection_error,4,0,4,0,0.0,1.0,0.0
2,4,2,5.0,1.0,甲,exception,distinction_loss,3,0,3,0,0.0,1.0,0.0
2,4,2,5.0,1.0,甲,exception,selection_error,3,0,3,0,0.0,1.0,0.0
2,4,2,5.0,1.0,甲,normal,distinction_loss,1,0,1,0,0.0,1.0,0.0
2,4,2,5.0,1.0,甲,normal,selection_error,2,0,2,0,0.0,1.0,0.0
2,4,2,5.0,2.0,乙,exception,distinction_loss,1,0,1,0,0.0,1.0,0.0
2,4,2,5.0,2.0,乙,normal,distinction_loss,1,0,1,0,0.0,1.0,0.0
2,4,2,5.0,2.0,乙,normal,selection_error,4,0,4,0,0.0,1.0,0.0
2,4,2,5.0,2.0,甲,exception,distinction_loss,3,0,3,0,0.0,1.0,0.0
2,4,2,5.0,2.0,甲,exception,selection_error,3,0,3,0,0.0,1.0,0.0
2,4,2,5.0,2.0,甲,normal,distinction_loss,1,0,1,0,0.0,1.0,0.0
2,4,2,5.0,2.0,甲,normal,selection_error,2,0,2,0,0.0,1.0,0.0
2,4,2,5.0,5.0,乙,exception,distinction_loss,1,0,1,0,0.0,1.0,0.0
2,4,2,5.0,5.0,乙,normal,distinction_loss,1,0,1,0,0.0,1.0,0.0
2,4,2,5.0,5.0,乙,normal,selection_error,4,0,4,0,0.0,1.0,0.0
2,4,2,5.0,5.0,甲,exception,distinction_loss,3,0,3,0,0.0,1.0,0.0
2,4,2,5.0,5.0,甲,exception,selection_error,3,0,3,0,0.0,1.0,0.0
2,4,2,5.0,5.0,甲,normal,distinction_loss,1,0,1,0,0.0,1.0,0.0
2,4,2,5.0,5.0,甲,normal,selection_error,2,0,2,0,0.0,1.0,0.0
2,4,2,20.0,0.5,乙,exception,distinction_loss,1,0,1,0,0.0,1.0,0.0
2,4,2,20.0,0.5,乙,normal,distinction_loss,1,0,1,0,0.0,1.0,0.0
2,4,2,20.0,0.5,乙,normal,selection_error,4,0,4,0,0.0,1.0,0.0
2,4,2,20.0,0.5,甲,exception,distinction_loss,3,0,3,0,0.0,1.0,0.0
2,4,2,20.0,0.5,甲,exception,selection_error,3,0,3,0,0.0,1.0,0.0
2,4,2,20.0,0.5,甲,normal,distinction_loss,1,0,1,0,0.0,1.0,0.0
2,4,2,20.0,0.5,甲,normal,selection_error,2,0,2,0,0.0,1.0,0.0
2,4,2,20.0,1.0,乙,exception,distinction_loss,1,0,1,0,0.0,1.0,0.0
2,4,2,20.0,1.0,乙,normal,distinction_loss,1,0,1,0,0.0,1.0,0.0
2,4,2,20.0,1.0,乙,normal,selection_error,4,0,4,0,0.0,1.0,0.0
2,4,2,20.0,1.0,甲,exception,distinction_loss,3,0,3,0,0.0,1.0,0.0
2,4,2,20.0,1.0,甲,exception,selection_error,3,0,3,0,0.0,1.0,0.0
2,4,2,20.0,1.0,甲,normal,distinction_loss,1,0,1,0,0.0,1.0,0.0
2,4,2,20.0,1.0,甲,normal,selection_error,2,0,2,0,0.0,1.0,0.0
2,4,2,20.0,2.0,乙,exception,distinction_loss,1,0,1,0,0.0,1.0,0.0
2,4,2,20.0,2.0,乙,normal,distinction_loss,1,0,1,0,0.0,1.0,0.0
2,4,2,20.0,2.0,乙,normal,selection_error,4,0,4,0,0.0,1.0,0.0
2,4,2,20.0,2.0,甲,exception,distinction_loss,3,0,3,0,0.0,1.0,0.0
2,4,2,20.0,2.0,甲,exception,selection_error,3,0,3,0,0.0,1.0,0.0
2,4,2,20.0,2.0,甲,normal,distinction_loss,1,0,1,0,0.0,1.0,0.0
2,4,2,20.0,2.0,甲,normal,selection_error,2,0,2,0,0.0,1.0,0.0
2,4,2,20.0,5.0,乙,exception,distinction_loss,1,0,1,0,0.0,1.0,0.0
2,4,2,20.0,5.0,乙,normal,distinction_loss,1,0,1,0,0.0,1.0,0.0
2,4,2,20.0,5.0,乙,normal,selection_error,4,0,4,0,0.0,1.0,0.0
2,4,2,20.0,5.0,甲,exception,distinction_loss,3,0,3,0,0.0,1.0,0.0
2,4,2,20.0,5.0,甲,exception,selection_error,3,1,2,0,0.3333333333333333,0.6666666666666666,0.0
2,4,2,20.0,5.0,甲,normal,distinction_loss,1,0,1,0,0.0,1.0,0.0
2,4,2,20.0,5.0,甲,normal,selection_error,2,0,2,0,0.0,1.0,0.0
2,5,0,5.0,0.05,乙,exception,distinction_loss,1,0,1,0,0.0,1.0,0.0
2,5,0,5.0,0.05,乙,normal,distinction_loss,1,0,1,0,0.0,1.0,0.0
2,5,0,5.0,0.05,乙,normal,selection_error,2,0,2,0,0.0,1.0,0.0
2,5,0,5.0,0.05,甲,exception,selection_error,3,0,3,0,0.0,1.0,0.0
2,5,0,5.0,0.05,甲,normal,selection_error,2,0,2,0,0.0,1.0,0.0
2,5,1,5.0,0.5,乙,exception,distinction_loss,1,0,1,0,0.0,1.0,0.0
2,5,1,5.0,0.5,乙,normal,distinction_loss,1,0,1,0,0.0,1.0,0.0
2,5,1,5.0,0.5,乙,normal,selection_error,2,0,2,0,0.0,1.0,0.0
2,5,1,5.0,0.5,甲,exception,selection_error,3,0,3,0,0.0,1.0,0.0
2,5,1,5.0,0.5,甲,normal,selection_error,2,0,2,0,0.0,1.0,0.0
2,5,1,5.0,1.0,乙,exception,distinction_loss,1,0,1,0,0.0,1.0,0.0
2,5,1,5.0,1.0,乙,normal,distinction_loss,1,0,1,0,0.0,1.0,0.0
2,5,1,5.0,1.0,乙,normal,selection_error,2,0,2,0,0.0,1.0,0.0
2,5,1,5.0,1.0,甲,exception,selection_error,3,0,3,0,0.0,1.0,0.0
2,5,1,5.0,1.0,甲,normal,selection_error,2,0,2,0,0.0,1.0,0.0
2,5,1,5.0,2.0,乙,exception,distinction_loss,1,0,1,0,0.0,1.0,0.0
2,5,1,5.0,2.0,乙,normal,distinction_loss,1,0,1,0,0.0,1.0,0.0
2,5,1,5.0,2.0,乙,normal,selection_error,2,0,2,0,0.0,1.0,0.0
2,5,1,5.0,2.0,甲,exception,selection_error,3,0,3,0,0.0,1.0,0.0
2,5,1,5.0,2.0,甲,normal,selection_error,2,0,2,0,0.0,1.0,0.0
2,5,1,5.0,5.0,乙,exception,distinction_loss,1,0,1,0,0.0,1.0,0.0
2,5,1,5.0,5.0,乙,normal,distinction_loss,1,0,1,0,0.0,1.0,0.0
2,5,1,5.0,5.0,乙,normal,selection_error,2,0,2,0,0.0,1.0,0.0
2,5,1,5.0,5.0,甲,exception,selection_error,3,1,2,0,0.3333333333333333,0.6666666666666666,0.0
2,5,1,5.0,5.0,甲,normal,selection_error,2,0,1,1,0.0,0.5,0.5
2,5,1,20.0,0.5,乙,exception,distinction_loss,1,0,1,0,0.0,1.0,0.0
2,5,1,20.0,0.5,乙,normal,distinction_loss,1,0,1,0,0.0,1.0,0.0
2,5,1,20.0,0.5,乙,normal,selection_error,2,0,2,0,0.0,1.0,0.0
2,5,1,20.0,0.5,甲,exception,selection_error,3,0,3,0,0.0,1.0,0.0
2,5,1,20.0,0.5,甲,normal,selection_error,2,0,2,0,0.0,1.0,0.0
2,5,1,20.0,1.0,乙,exception,distinction_loss,1,0,1,0,0.0,1.0,0.0
2,5,1,20.0,1.0,乙,normal,distinction_loss,1,0,1,0,0.0,1.0,0.0
2,5,1,20.0,1.0,乙,normal,selection_error,2,0,2,0,0.0,1.0,0.0
2,5,1,20.0,1.0,甲,exception,selection_error,3,0,3,0,0.0,1.0,0.0
2,5,1,20.0,1.0,甲,normal,selection_error,2,0,2,0,0.0,1.0,0.0
2,5,1,20.0,2.0,乙,exception,distinction_loss,1,0,1,0,0.0,1.0,0.0
2,5,1,20.0,2.0,乙,normal,distinction_loss,1,0,1,0,0.0,1.0,0.0
2,5,1,20.0,2.0,乙,normal,selection_error,2,0,2,0,0.0,1.0,0.0
2,5,1,20.0,2.0,甲,exception,selection_error,3,0,3,0,0.0,1.0,0.0
2,5,1,20.0,2.0,甲,normal,selection_error,2,0,2,0,0.0,1.0,0.0
2,5,1,20.0,5.0,乙,exception,distinction_loss,1,0,1,0,0.0,1.0,0.0
2,5,1,20.0,5.0,乙,normal,distinction_loss,1,0,1,0,0.0,1.0,0.0
2,5,1,20.0,5.0,乙,normal,selection_error,2,1,1,0,0.5,0.5,0.0
2,5,1,20.0,5.0,甲,exception,selection_error,3,1,2,0,0.3333333333333333,0.6666666666666666,0.0
2,5,1,20.0,5.0,甲,normal,selection_error,2,0,1,1,0.0,0.5,0.5
2,5,2,5.0,0.5,乙,exception,distinction_loss,1,0,1,0,0.0,1.0,0.0
2,5,2,5.0,0.5,乙,normal,distinction_loss,1,0,1,0,0.0,1.0,0.0
2,5,2,5.0,0.5,乙,normal,selection_error,2,0,2,0,0.0,1.0,0.0
2,5,2,5.0,0.5,甲,exception,selection_error,3,0,3,0,0.0,1.0,0.0
2,5,2,5.0,0.5,甲,normal,selection_error,2,0,2,0,0.0,1.0,0.0
2,5,2,5.0,1.0,乙,exception,distinction_loss,1,0,1,0,0.0,1.0,0.0
2,5,2,5.0,1.0,乙,normal,distinction_loss,1,0,1,0,0.0,1.0,0.0
2,5,2,5.0,1.0,乙,normal,selection_error,2,0,2,0,0.0,1.0,0.0
2,5,2,5.0,1.0,甲,exception,selection_error,3,0,3,0,0.0,1.0,0.0
2,5,2,5.0,1.0,甲,normal,selection_error,2,0,2,0,0.0,1.0,0.0
2,5,2,5.0,2.0,乙,exception,distinction_loss,1,0,1,0,0.0,1.0,0.0
2,5,2,5.0,2.0,乙,normal,distinction_loss,1,0,1,0,0.0,1.0,0.0
2,5,2,5.0,2.0,乙,normal,selection_error,2,0,2,0,0.0,1.0,0.0
2,5,2,5.0,2.0,甲,exception,selection_error,3,0,3,0,0.0,1.0,0.0
2,5,2,5.0,2.0,甲,normal,selection_error,2,0,2,0,0.0,1.0,0.0
2,5,2,5.0,5.0,乙,exception,distinction_loss,1,0,1,0,0.0,1.0,0.0
2,5,2,5.0,5.0,乙,normal,distinction_loss,1,0,1,0,0.0,1.0,0.0
2,5,2,5.0,5.0,乙,normal,selection_error,2,0,2,0,0.0,1.0,0.0
2,5,2,5.0,5.0,甲,exception,selection_error,3,1,2,0,0.3333333333333333,0.6666666666666666,0.0
2,5,2,5.0,5.0,甲,normal,selection_error,2,0,1,1,0.0,0.5,0.5
2,5,2,20.0,0.5,乙,exception,distinction_loss,1,0,1,0,0.0,1.0,0.0
2,5,2,20.0,0.5,乙,normal,distinction_loss,1,0,1,0,0.0,1.0,0.0
2,5,2,20.0,0.5,乙,normal,selection_error,2,0,2,0,0.0,1.0,0.0
2,5,2,20.0,0.5,甲,exception,selection_error,3,0,3,0,0.0,1.0,0.0
2,5,2,20.0,0.5,甲,normal,selection_error,2,0,2,0,0.0,1.0,0.0
2,5,2,20.0,1.0,乙,exception,distinction_loss,1,0,1,0,0.0,1.0,0.0
2,5,2,20.0,1.0,乙,normal,distinction_loss,1,0,1,0,0.0,1.0,0.0
2,5,2,20.0,1.0,乙,normal,selection_error,2,0,2,0,0.0,1.0,0.0
2,5,2,20.0,1.0,甲,exception,selection_error,3,0,3,0,0.0,1.0,0.0
2,5,2,20.0,1.0,甲,normal,selection_error,2,0,2,0,0.0,1.0,0.0
2,5,2,20.0,2.0,乙,exception,distinction_loss,1,0,1,0,0.0,1.0,0.0
2,5,2,20.0,2.0,乙,normal,distinction_loss,1,0,1,0,0.0,1.0,0.0
2,5,2,20.0,2.0,乙,normal,selection_error,2,0,2,0,0.0,1.0,0.0
2,5,2,20.0,2.0,甲,exception,selection_error,3,0,3,0,0.0,1.0,0.0
2,5,2,20.0,2.0,甲,normal,selection_error,2,0,2,0,0.0,1.0,0.0
2,5,2,20.0,5.0,乙,exception,distinction_loss,1,0,1,0,0.0,1.0,0.0
2,5,2,20.0,5.0,乙,normal,distinction_loss,1,0,1,0,0.0,1.0,0.0
2,5,2,20.0,5.0,乙,normal,selection_error,2,1,1,0,0.5,0.5,0.0
2,5,2,20.0,5.0,甲,exception,selection_error,3,1,2,0,0.3333333333333333,0.6666666666666666,0.0
2,5,2,20.0,5.0,甲,normal,selection_error,2,0,1,1,0.0,0.5,0.5
2,6,0,5.0,0.05,乙,exception,selection_error,9,0,9,0,0.0,1.0,0.0
2,6,0,5.0,0.05,乙,normal,selection_error,5,0,5,0,0.0,1.0,0.0
2,6,0,5.0,0.05,甲,exception,selection_error,3,0,3,0,0.0,1.0,0.0
2,6,0,5.0,0.05,甲,normal,selection_error,1,0,1,0,0.0,1.0,0.0
2,6,1,5.0,0.5,乙,exception,selection_error,9,1,8,0,0.1111111111111111,0.8888888888888888,0.0
2,6,1,5.0,0.5,乙,normal,selection_error,5,3,2,0,0.6,0.4,0.0
2,6,1,5.0,0.5,甲,exception,selection_error,3,1,2,0,0.3333333333333333,0.6666666666666666,0.0
2,6,1,5.0,0.5,甲,normal,selection_error,1,0,1,0,0.0,1.0,0.0
2,6,1,5.0,1.0,乙,exception,selection_error,9,1,8,0,0.1111111111111111,0.8888888888888888,0.0
2,6,1,5.0,1.0,乙,normal,selection_error,5,3,2,0,0.6,0.4,0.0
2,6,1,5.0,1.0,甲,exception,selection_error,3,1,2,0,0.3333333333333333,0.6666666666666666,0.0
2,6,1,5.0,1.0,甲,normal,selection_error,1,0,1,0,0.0,1.0,0.0
2,6,1,5.0,2.0,乙,exception,selection_error,9,1,8,0,0.1111111111111111,0.8888888888888888,0.0
2,6,1,5.0,2.0,乙,normal,selection_error,5,3,2,0,0.6,0.4,0.0
2,6,1,5.0,2.0,甲,exception,selection_error,3,1,2,0,0.3333333333333333,0.6666666666666666,0.0
2,6,1,5.0,2.0,甲,normal,selection_error,1,0,1,0,0.0,1.0,0.0
2,6,1,5.0,5.0,乙,exception,selection_error,9,1,8,0,0.1111111111111111,0.8888888888888888,0.0
2,6,1,5.0,5.0,乙,normal,selection_error,5,3,2,0,0.6,0.4,0.0
2,6,1,5.0,5.0,甲,exception,selection_error,3,1,2,0,0.3333333333333333,0.6666666666666666,0.0
2,6,1,5.0,5.0,甲,normal,selection_error,1,0,1,0,0.0,1.0,0.0
2,6,1,20.0,0.5,乙,exception,selection_error,9,1,8,0,0.1111111111111111,0.8888888888888888,0.0
2,6,1,20.0,0.5,乙,normal,selection_error,5,3,2,0,0.6,0.4,0.0
2,6,1,20.0,0.5,甲,exception,selection_error,3,1,2,0,0.3333333333333333,0.6666666666666666,0.0
2,6,1,20.0,0.5,甲,normal,selection_error,1,0,1,0,0.0,1.0,0.0
2,6,1,20.0,1.0,乙,exception,selection_error,9,1,8,0,0.1111111111111111,0.8888888888888888,0.0
2,6,1,20.0,1.0,乙,normal,selection_error,5,3,2,0,0.6,0.4,0.0
2,6,1,20.0,1.0,甲,exception,selection_error,3,1,2,0,0.3333333333333333,0.6666666666666666,0.0
2,6,1,20.0,1.0,甲,normal,selection_error,1,0,1,0,0.0,1.0,0.0
2,6,1,20.0,2.0,乙,exception,selection_error,9,1,8,0,0.1111111111111111,0.8888888888888888,0.0
2,6,1,20.0,2.0,乙,normal,selection_error,5,3,2,0,0.6,0.4,0.0
2,6,1,20.0,2.0,甲,exception,selection_error,3,1,2,0,0.3333333333333333,0.6666666666666666,0.0
2,6,1,20.0,2.0,甲,normal,selection_error,1,0,1,0,0.0,1.0,0.0
2,6,1,20.0,5.0,乙,exception,selection_error,9,1,8,0,0.1111111111111111,0.8888888888888888,0.0
2,6,1,20.0,5.0,乙,normal,selection_error,5,4,1,0,0.8,0.2,0.0
2,6,1,20.0,5.0,甲,exception,selection_error,3,2,1,0,0.6666666666666666,0.3333333333333333,0.0
2,6,1,20.0,5.0,甲,normal,selection_error,1,0,1,0,0.0,1.0,0.0
2,6,2,5.0,0.5,乙,exception,selection_error,9,1,8,0,0.1111111111111111,0.8888888888888888,0.0
2,6,2,5.0,0.5,乙,normal,selection_error,5,0,5,0,0.0,1.0,0.0
2,6,2,5.0,0.5,甲,exception,selection_error,3,0,3,0,0.0,1.0,0.0
2,6,2,5.0,0.5,甲,normal,selection_error,1,0,1,0,0.0,1.0,0.0
2,6,2,5.0,1.0,乙,exception,selection_error,9,1,8,0,0.1111111111111111,0.8888888888888888,0.0
2,6,2,5.0,1.0,乙,normal,selection_error,5,0,5,0,0.0,1.0,0.0
2,6,2,5.0,1.0,甲,exception,selection_error,3,0,3,0,0.0,1.0,0.0
2,6,2,5.0,1.0,甲,normal,selection_error,1,0,1,0,0.0,1.0,0.0
2,6,2,5.0,2.0,乙,exception,selection_error,9,1,8,0,0.1111111111111111,0.8888888888888888,0.0
2,6,2,5.0,2.0,乙,normal,selection_error,5,0,5,0,0.0,1.0,0.0
2,6,2,5.0,2.0,甲,exception,selection_error,3,0,3,0,0.0,1.0,0.0
2,6,2,5.0,2.0,甲,normal,selection_error,1,0,1,0,0.0,1.0,0.0
2,6,2,5.0,5.0,乙,exception,selection_error,9,1,8,0,0.1111111111111111,0.8888888888888888,0.0
2,6,2,5.0,5.0,乙,normal,selection_error,5,0,5,0,0.0,1.0,0.0
2,6,2,5.0,5.0,甲,exception,selection_error,3,0,3,0,0.0,1.0,0.0
2,6,2,5.0,5.0,甲,normal,selection_error,1,0,1,0,0.0,1.0,0.0
2,6,2,20.0,0.5,乙,exception,selection_error,9,1,8,0,0.1111111111111111,0.8888888888888888,0.0
2,6,2,20.0,0.5,乙,normal,selection_error,5,0,5,0,0.0,1.0,0.0
2,6,2,20.0,0.5,甲,exception,selection_error,3,0,3,0,0.0,1.0,0.0
2,6,2,20.0,0.5,甲,normal,selection_error,1,0,1,0,0.0,1.0,0.0
2,6,2,20.0,1.0,乙,exception,selection_error,9,1,8,0,0.1111111111111111,0.8888888888888888,0.0
2,6,2,20.0,1.0,乙,normal,selection_error,5,0,5,0,0.0,1.0,0.0
2,6,2,20.0,1.0,甲,exception,selection_error,3,0,3,0,0.0,1.0,0.0
2,6,2,20.0,1.0,甲,normal,selection_error,1,0,1,0,0.0,1.0,0.0
2,6,2,20.0,2.0,乙,exception,selection_error,9,1,8,0,0.1111111111111111,0.8888888888888888,0.0
2,6,2,20.0,2.0,乙,normal,selection_error,5,0,5,0,0.0,1.0,0.0
2,6,2,20.0,2.0,甲,exception,selection_error,3,0,3,0,0.0,1.0,0.0
2,6,2,20.0,2.0,甲,normal,selection_error,1,0,1,0,0.0,1.0,0.0
2,6,2,20.0,5.0,乙,exception,selection_error,9,2,7,0,0.2222222222222222,0.7777777777777778,0.0
2,6,2,20.0,5.0,乙,normal,selection_error,5,0,5,0,0.0,1.0,0.0
2,6,2,20.0,5.0,甲,exception,selection_error,3,0,3,0,0.0,1.0,0.0
2,6,2,20.0,5.0,甲,normal,selection_error,1,0,1,0,0.0,1.0,0.0
2,7,0,5.0,0.05,乙,exception,selection_error,3,0,3,0,0.0,1.0,0.0
2,7,0,5.0,0.05,乙,normal,distinction_loss,2,0,2,0,0.0,1.0,0.0
2,7,0,5.0,0.05,乙,normal,selection_error,5,0,5,0,0.0,1.0,0.0
2,7,0,5.0,0.05,甲,exception,selection_error,6,0,6,0,0.0,1.0,0.0
2,7,0,5.0,0.05,甲,normal,selection_error,6,0,6,0,0.0,1.0,0.0
2,7,1,5.0,0.5,乙,exception,selection_error,3,0,3,0,0.0,1.0,0.0
2,7,1,5.0,0.5,乙,normal,distinction_loss,2,0,2,0,0.0,1.0,0.0
2,7,1,5.0,0.5,乙,normal,selection_error,5,0,5,0,0.0,1.0,0.0
2,7,1,5.0,0.5,甲,exception,selection_error,6,0,6,0,0.0,1.0,0.0
2,7,1,5.0,0.5,甲,normal,selection_error,6,0,6,0,0.0,1.0,0.0
2,7,1,5.0,1.0,乙,exception,selection_error,3,0,3,0,0.0,1.0,0.0
2,7,1,5.0,1.0,乙,normal,distinction_loss,2,0,2,0,0.0,1.0,0.0
2,7,1,5.0,1.0,乙,normal,selection_error,5,0,5,0,0.0,1.0,0.0
2,7,1,5.0,1.0,甲,exception,selection_error,6,0,6,0,0.0,1.0,0.0
2,7,1,5.0,1.0,甲,normal,selection_error,6,0,6,0,0.0,1.0,0.0
2,7,1,5.0,2.0,乙,exception,selection_error,3,0,3,0,0.0,1.0,0.0
2,7,1,5.0,2.0,乙,normal,distinction_loss,2,0,2,0,0.0,1.0,0.0
2,7,1,5.0,2.0,乙,normal,selection_error,5,0,5,0,0.0,1.0,0.0
2,7,1,5.0,2.0,甲,exception,selection_error,6,0,6,0,0.0,1.0,0.0
2,7,1,5.0,2.0,甲,normal,selection_error,6,0,6,0,0.0,1.0,0.0
2,7,1,5.0,5.0,乙,exception,selection_error,3,0,3,0,0.0,1.0,0.0
2,7,1,5.0,5.0,乙,normal,distinction_loss,2,0,2,0,0.0,1.0,0.0
2,7,1,5.0,5.0,乙,normal,selection_error,5,0,5,0,0.0,1.0,0.0
2,7,1,5.0,5.0,甲,exception,selection_error,6,0,6,0,0.0,1.0,0.0
2,7,1,5.0,5.0,甲,normal,selection_error,6,0,6,0,0.0,1.0,0.0
2,7,1,20.0,0.5,乙,exception,selection_error,3,0,3,0,0.0,1.0,0.0
2,7,1,20.0,0.5,乙,normal,distinction_loss,2,0,2,0,0.0,1.0,0.0
2,7,1,20.0,0.5,乙,normal,selection_error,5,0,5,0,0.0,1.0,0.0
2,7,1,20.0,0.5,甲,exception,selection_error,6,0,6,0,0.0,1.0,0.0
2,7,1,20.0,0.5,甲,normal,selection_error,6,0,6,0,0.0,1.0,0.0
2,7,1,20.0,1.0,乙,exception,selection_error,3,0,3,0,0.0,1.0,0.0
2,7,1,20.0,1.0,乙,normal,distinction_loss,2,0,2,0,0.0,1.0,0.0
2,7,1,20.0,1.0,乙,normal,selection_error,5,0,5,0,0.0,1.0,0.0
2,7,1,20.0,1.0,甲,exception,selection_error,6,0,6,0,0.0,1.0,0.0
2,7,1,20.0,1.0,甲,normal,selection_error,6,0,6,0,0.0,1.0,0.0
2,7,1,20.0,2.0,乙,exception,selection_error,3,0,3,0,0.0,1.0,0.0
2,7,1,20.0,2.0,乙,normal,distinction_loss,2,0,2,0,0.0,1.0,0.0
2,7,1,20.0,2.0,乙,normal,selection_error,5,0,5,0,0.0,1.0,0.0
2,7,1,20.0,2.0,甲,exception,selection_error,6,0,6,0,0.0,1.0,0.0
2,7,1,20.0,2.0,甲,normal,selection_error,6,0,6,0,0.0,1.0,0.0
2,7,1,20.0,5.0,乙,exception,selection_error,3,0,3,0,0.0,1.0,0.0
2,7,1,20.0,5.0,乙,normal,distinction_loss,2,0,2,0,0.0,1.0,0.0
2,7,1,20.0,5.0,乙,normal,selection_error,5,0,5,0,0.0,1.0,0.0
2,7,1,20.0,5.0,甲,exception,selection_error,6,0,6,0,0.0,1.0,0.0
2,7,1,20.0,5.0,甲,normal,selection_error,6,2,4,0,0.3333333333333333,0.6666666666666666,0.0
2,7,2,5.0,0.5,乙,exception,selection_error,3,0,3,0,0.0,1.0,0.0
2,7,2,5.0,0.5,乙,normal,distinction_loss,2,0,2,0,0.0,1.0,0.0
2,7,2,5.0,0.5,乙,normal,selection_error,5,0,5,0,0.0,1.0,0.0
2,7,2,5.0,0.5,甲,exception,selection_error,6,0,6,0,0.0,1.0,0.0
2,7,2,5.0,0.5,甲,normal,selection_error,6,0,6,0,0.0,1.0,0.0
2,7,2,5.0,1.0,乙,exception,selection_error,3,0,3,0,0.0,1.0,0.0
2,7,2,5.0,1.0,乙,normal,distinction_loss,2,0,2,0,0.0,1.0,0.0
2,7,2,5.0,1.0,乙,normal,selection_error,5,0,5,0,0.0,1.0,0.0
2,7,2,5.0,1.0,甲,exception,selection_error,6,0,6,0,0.0,1.0,0.0
2,7,2,5.0,1.0,甲,normal,selection_error,6,0,6,0,0.0,1.0,0.0
2,7,2,5.0,2.0,乙,exception,selection_error,3,0,3,0,0.0,1.0,0.0
2,7,2,5.0,2.0,乙,normal,distinction_loss,2,0,2,0,0.0,1.0,0.0
2,7,2,5.0,2.0,乙,normal,selection_error,5,0,5,0,0.0,1.0,0.0
2,7,2,5.0,2.0,甲,exception,selection_error,6,0,6,0,0.0,1.0,0.0
2,7,2,5.0,2.0,甲,normal,selection_error,6,0,6,0,0.0,1.0,0.0
2,7,2,5.0,5.0,乙,exception,selection_error,3,0,3,0,0.0,1.0,0.0
2,7,2,5.0,5.0,乙,normal,distinction_loss,2,0,2,0,0.0,1.0,0.0
2,7,2,5.0,5.0,乙,normal,selection_error,5,0,5,0,0.0,1.0,0.0
2,7,2,5.0,5.0,甲,exception,selection_error,6,0,6,0,0.0,1.0,0.0
2,7,2,5.0,5.0,甲,normal,selection_error,6,0,6,0,0.0,1.0,0.0
2,7,2,20.0,0.5,乙,exception,selection_error,3,0,3,0,0.0,1.0,0.0
2,7,2,20.0,0.5,乙,normal,distinction_loss,2,0,2,0,0.0,1.0,0.0
2,7,2,20.0,0.5,乙,normal,selection_error,5,0,5,0,0.0,1.0,0.0
2,7,2,20.0,0.5,甲,exception,selection_error,6,0,6,0,0.0,1.0,0.0
2,7,2,20.0,0.5,甲,normal,selection_error,6,0,6,0,0.0,1.0,0.0
2,7,2,20.0,1.0,乙,exception,selection_error,3,0,3,0,0.0,1.0,0.0
2,7,2,20.0,1.0,乙,normal,distinction_loss,2,0,2,0,0.0,1.0,0.0
2,7,2,20.0,1.0,乙,normal,selection_error,5,0,5,0,0.0,1.0,0.0
2,7,2,20.0,1.0,甲,exception,selection_error,6,0,6,0,0.0,1.0,0.0
2,7,2,20.0,1.0,甲,normal,selection_error,6,0,6,0,0.0,1.0,0.0
2,7,2,20.0,2.0,乙,exception,selection_error,3,0,3,0,0.0,1.0,0.0
2,7,2,20.0,2.0,乙,normal,distinction_loss,2,0,2,0,0.0,1.0,0.0
2,7,2,20.0,2.0,乙,normal,selection_error,5,0,5,0,0.0,1.0,0.0
2,7,2,20.0,2.0,甲,exception,selection_error,6,0,6,0,0.0,1.0,0.0
2,7,2,20.0,2.0,甲,normal,selection_error,6,0,6,0,0.0,1.0,0.0
2,7,2,20.0,5.0,乙,exception,selection_error,3,0,3,0,0.0,1.0,0.0
2,7,2,20.0,5.0,乙,normal,distinction_loss,2,0,2,0,0.0,1.0,0.0
2,7,2,20.0,5.0,乙,normal,selection_error,5,0,5,0,0.0,1.0,0.0
2,7,2,20.0,5.0,甲,exception,selection_error,6,0,6,0,0.0,1.0,0.0
2,7,2,20.0,5.0,甲,normal,selection_error,6,3,3,0,0.5,0.5,0.0
2,8,0,5.0,0.05,乙,exception,distinction_loss,1,0,1,0,0.0,1.0,0.0
2,8,0,5.0,0.05,乙,exception,selection_error,8,0,8,0,0.0,1.0,0.0
2,8,0,5.0,0.05,甲,exception,distinction_loss,1,0,1,0,0.0,1.0,0.0
2,8,0,5.0,0.05,甲,exception,selection_error,2,0,2,0,0.0,1.0,0.0
2,8,0,5.0,0.05,甲,normal,distinction_loss,2,0,2,0,0.0,1.0,0.0
2,8,1,5.0,0.5,乙,exception,distinction_loss,1,0,1,0,0.0,1.0,0.0
2,8,1,5.0,0.5,乙,exception,selection_error,8,0,8,0,0.0,1.0,0.0
2,8,1,5.0,0.5,甲,exception,distinction_loss,1,0,1,0,0.0,1.0,0.0
2,8,1,5.0,0.5,甲,exception,selection_error,2,0,2,0,0.0,1.0,0.0
2,8,1,5.0,0.5,甲,normal,distinction_loss,2,0,2,0,0.0,1.0,0.0
2,8,1,5.0,1.0,乙,exception,distinction_loss,1,0,1,0,0.0,1.0,0.0
2,8,1,5.0,1.0,乙,exception,selection_error,8,0,8,0,0.0,1.0,0.0
2,8,1,5.0,1.0,甲,exception,distinction_loss,1,0,1,0,0.0,1.0,0.0
2,8,1,5.0,1.0,甲,exception,selection_error,2,0,2,0,0.0,1.0,0.0
2,8,1,5.0,1.0,甲,normal,distinction_loss,2,0,2,0,0.0,1.0,0.0
2,8,1,5.0,2.0,乙,exception,distinction_loss,1,0,1,0,0.0,1.0,0.0
2,8,1,5.0,2.0,乙,exception,selection_error,8,0,8,0,0.0,1.0,0.0
2,8,1,5.0,2.0,甲,exception,distinction_loss,1,0,1,0,0.0,1.0,0.0
2,8,1,5.0,2.0,甲,exception,selection_error,2,0,2,0,0.0,1.0,0.0
2,8,1,5.0,2.0,甲,normal,distinction_loss,2,0,2,0,0.0,1.0,0.0
2,8,1,5.0,5.0,乙,exception,distinction_loss,1,0,1,0,0.0,1.0,0.0
2,8,1,5.0,5.0,乙,exception,selection_error,8,1,7,0,0.125,0.875,0.0
2,8,1,5.0,5.0,甲,exception,distinction_loss,1,0,1,0,0.0,1.0,0.0
2,8,1,5.0,5.0,甲,exception,selection_error,2,0,2,0,0.0,1.0,0.0
2,8,1,5.0,5.0,甲,normal,distinction_loss,2,0,2,0,0.0,1.0,0.0
2,8,1,20.0,0.5,乙,exception,distinction_loss,1,0,1,0,0.0,1.0,0.0
2,8,1,20.0,0.5,乙,exception,selection_error,8,0,8,0,0.0,1.0,0.0
2,8,1,20.0,0.5,甲,exception,distinction_loss,1,0,1,0,0.0,1.0,0.0
2,8,1,20.0,0.5,甲,exception,selection_error,2,0,2,0,0.0,1.0,0.0
2,8,1,20.0,0.5,甲,normal,distinction_loss,2,0,2,0,0.0,1.0,0.0
2,8,1,20.0,1.0,乙,exception,distinction_loss,1,0,1,0,0.0,1.0,0.0
2,8,1,20.0,1.0,乙,exception,selection_error,8,0,8,0,0.0,1.0,0.0
2,8,1,20.0,1.0,甲,exception,distinction_loss,1,0,1,0,0.0,1.0,0.0
2,8,1,20.0,1.0,甲,exception,selection_error,2,0,2,0,0.0,1.0,0.0
2,8,1,20.0,1.0,甲,normal,distinction_loss,2,0,2,0,0.0,1.0,0.0
2,8,1,20.0,2.0,乙,exception,distinction_loss,1,0,1,0,0.0,1.0,0.0
2,8,1,20.0,2.0,乙,exception,selection_error,8,1,7,0,0.125,0.875,0.0
2,8,1,20.0,2.0,甲,exception,distinction_loss,1,0,1,0,0.0,1.0,0.0
2,8,1,20.0,2.0,甲,exception,selection_error,2,0,2,0,0.0,1.0,0.0
2,8,1,20.0,2.0,甲,normal,distinction_loss,2,0,2,0,0.0,1.0,0.0
2,8,1,20.0,5.0,乙,exception,distinction_loss,1,0,1,0,0.0,1.0,0.0
2,8,1,20.0,5.0,乙,exception,selection_error,8,1,7,0,0.125,0.875,0.0
2,8,1,20.0,5.0,甲,exception,distinction_loss,1,0,1,0,0.0,1.0,0.0
2,8,1,20.0,5.0,甲,exception,selection_error,2,1,1,0,0.5,0.5,0.0
2,8,1,20.0,5.0,甲,normal,distinction_loss,2,0,2,0,0.0,1.0,0.0
2,8,2,5.0,0.5,乙,exception,distinction_loss,1,0,1,0,0.0,1.0,0.0
2,8,2,5.0,0.5,乙,exception,selection_error,8,0,8,0,0.0,1.0,0.0
2,8,2,5.0,0.5,甲,exception,distinction_loss,1,0,1,0,0.0,1.0,0.0
2,8,2,5.0,0.5,甲,exception,selection_error,2,0,2,0,0.0,1.0,0.0
2,8,2,5.0,0.5,甲,normal,distinction_loss,2,0,2,0,0.0,1.0,0.0
2,8,2,5.0,1.0,乙,exception,distinction_loss,1,0,1,0,0.0,1.0,0.0
2,8,2,5.0,1.0,乙,exception,selection_error,8,0,8,0,0.0,1.0,0.0
2,8,2,5.0,1.0,甲,exception,distinction_loss,1,0,1,0,0.0,1.0,0.0
2,8,2,5.0,1.0,甲,exception,selection_error,2,0,2,0,0.0,1.0,0.0
2,8,2,5.0,1.0,甲,normal,distinction_loss,2,0,2,0,0.0,1.0,0.0
2,8,2,5.0,2.0,乙,exception,distinction_loss,1,0,1,0,0.0,1.0,0.0
2,8,2,5.0,2.0,乙,exception,selection_error,8,0,8,0,0.0,1.0,0.0
2,8,2,5.0,2.0,甲,exception,distinction_loss,1,0,1,0,0.0,1.0,0.0
2,8,2,5.0,2.0,甲,exception,selection_error,2,0,2,0,0.0,1.0,0.0
2,8,2,5.0,2.0,甲,normal,distinction_loss,2,0,2,0,0.0,1.0,0.0
2,8,2,5.0,5.0,乙,exception,distinction_loss,1,0,1,0,0.0,1.0,0.0
2,8,2,5.0,5.0,乙,exception,selection_error,8,1,7,0,0.125,0.875,0.0
2,8,2,5.0,5.0,甲,exception,distinction_loss,1,0,1,0,0.0,1.0,0.0
2,8,2,5.0,5.0,甲,exception,selection_error,2,0,2,0,0.0,1.0,0.0
2,8,2,5.0,5.0,甲,normal,distinction_loss,2,0,2,0,0.0,1.0,0.0
2,8,2,20.0,0.5,乙,exception,distinction_loss,1,0,1,0,0.0,1.0,0.0
2,8,2,20.0,0.5,乙,exception,selection_error,8,0,8,0,0.0,1.0,0.0
2,8,2,20.0,0.5,甲,exception,distinction_loss,1,0,1,0,0.0,1.0,0.0
2,8,2,20.0,0.5,甲,exception,selection_error,2,0,2,0,0.0,1.0,0.0
2,8,2,20.0,0.5,甲,normal,distinction_loss,2,0,2,0,0.0,1.0,0.0
2,8,2,20.0,1.0,乙,exception,distinction_loss,1,0,1,0,0.0,1.0,0.0
2,8,2,20.0,1.0,乙,exception,selection_error,8,0,8,0,0.0,1.0,0.0
2,8,2,20.0,1.0,甲,exception,distinction_loss,1,0,1,0,0.0,1.0,0.0
2,8,2,20.0,1.0,甲,exception,selection_error,2,0,2,0,0.0,1.0,0.0
2,8,2,20.0,1.0,甲,normal,distinction_loss,2,0,2,0,0.0,1.0,0.0
2,8,2,20.0,2.0,乙,exception,distinction_loss,1,0,1,0,0.0,1.0,0.0
2,8,2,20.0,2.0,乙,exception,selection_error,8,1,7,0,0.125,0.875,0.0
2,8,2,20.0,2.0,甲,exception,distinction_loss,1,0,1,0,0.0,1.0,0.0
2,8,2,20.0,2.0,甲,exception,selection_error,2,0,2,0,0.0,1.0,0.0
2,8,2,20.0,2.0,甲,normal,distinction_loss,2,0,2,0,0.0,1.0,0.0
2,8,2,20.0,5.0,乙,exception,distinction_loss,1,0,1,0,0.0,1.0,0.0
2,8,2,20.0,5.0,乙,exception,selection_error,8,1,7,0,0.125,0.875,0.0
2,8,2,20.0,5.0,甲,exception,distinction_loss,1,0,1,0,0.0,1.0,0.0
2,8,2,20.0,5.0,甲,exception,selection_error,2,1,1,0,0.5,0.5,0.0
2,8,2,20.0,5.0,甲,normal,distinction_loss,2,0,2,0,0.0,1.0,0.0
2,9,0,5.0,0.05,乙,exception,distinction_loss,1,0,1,0,0.0,1.0,0.0
2,9,0,5.0,0.05,乙,exception,selection_error,2,0,2,0,0.0,1.0,0.0
2,9,0,5.0,0.05,乙,normal,selection_error,1,0,1,0,0.0,1.0,0.0
2,9,0,5.0,0.05,甲,exception,selection_error,3,0,3,0,0.0,1.0,0.0
2,9,1,5.0,0.5,乙,exception,distinction_loss,1,0,1,0,0.0,1.0,0.0
2,9,1,5.0,0.5,乙,exception,selection_error,2,0,2,0,0.0,1.0,0.0
2,9,1,5.0,0.5,乙,normal,selection_error,1,0,1,0,0.0,1.0,0.0
2,9,1,5.0,0.5,甲,exception,selection_error,3,0,3,0,0.0,1.0,0.0
2,9,1,5.0,1.0,乙,exception,distinction_loss,1,0,1,0,0.0,1.0,0.0
2,9,1,5.0,1.0,乙,exception,selection_error,2,0,2,0,0.0,1.0,0.0
2,9,1,5.0,1.0,乙,normal,selection_error,1,0,1,0,0.0,1.0,0.0
2,9,1,5.0,1.0,甲,exception,selection_error,3,0,3,0,0.0,1.0,0.0
2,9,1,5.0,2.0,乙,exception,distinction_loss,1,0,1,0,0.0,1.0,0.0
2,9,1,5.0,2.0,乙,exception,selection_error,2,0,2,0,0.0,1.0,0.0
2,9,1,5.0,2.0,乙,normal,selection_error,1,0,1,0,0.0,1.0,0.0
2,9,1,5.0,2.0,甲,exception,selection_error,3,0,3,0,0.0,1.0,0.0
2,9,1,5.0,5.0,乙,exception,distinction_loss,1,0,1,0,0.0,1.0,0.0
2,9,1,5.0,5.0,乙,exception,selection_error,2,0,2,0,0.0,1.0,0.0
2,9,1,5.0,5.0,乙,normal,selection_error,1,0,1,0,0.0,1.0,0.0
2,9,1,5.0,5.0,甲,exception,selection_error,3,0,3,0,0.0,1.0,0.0
2,9,1,20.0,0.5,乙,exception,distinction_loss,1,0,1,0,0.0,1.0,0.0
2,9,1,20.0,0.5,乙,exception,selection_error,2,0,2,0,0.0,1.0,0.0
2,9,1,20.0,0.5,乙,normal,selection_error,1,0,1,0,0.0,1.0,0.0
2,9,1,20.0,0.5,甲,exception,selection_error,3,0,3,0,0.0,1.0,0.0
2,9,1,20.0,1.0,乙,exception,distinction_loss,1,0,1,0,0.0,1.0,0.0
2,9,1,20.0,1.0,乙,exception,selection_error,2,0,2,0,0.0,1.0,0.0
2,9,1,20.0,1.0,乙,normal,selection_error,1,0,1,0,0.0,1.0,0.0
2,9,1,20.0,1.0,甲,exception,selection_error,3,0,3,0,0.0,1.0,0.0
2,9,1,20.0,2.0,乙,exception,distinction_loss,1,0,1,0,0.0,1.0,0.0
2,9,1,20.0,2.0,乙,exception,selection_error,2,0,2,0,0.0,1.0,0.0
2,9,1,20.0,2.0,乙,normal,selection_error,1,0,1,0,0.0,1.0,0.0
2,9,1,20.0,2.0,甲,exception,selection_error,3,0,3,0,0.0,1.0,0.0
2,9,1,20.0,5.0,乙,exception,distinction_loss,1,0,1,0,0.0,1.0,0.0
2,9,1,20.0,5.0,乙,exception,selection_error,2,0,2,0,0.0,1.0,0.0
2,9,1,20.0,5.0,乙,normal,selection_error,1,0,1,0,0.0,1.0,0.0
2,9,1,20.0,5.0,甲,exception,selection_error,3,0,3,0,0.0,1.0,0.0
2,9,2,5.0,0.5,乙,exception,distinction_loss,1,0,1,0,0.0,1.0,0.0
2,9,2,5.0,0.5,乙,exception,selection_error,2,0,2,0,0.0,1.0,0.0
2,9,2,5.0,0.5,乙,normal,selection_error,1,0,1,0,0.0,1.0,0.0
2,9,2,5.0,0.5,甲,exception,selection_error,3,0,3,0,0.0,1.0,0.0
2,9,2,5.0,1.0,乙,exception,distinction_loss,1,0,1,0,0.0,1.0,0.0
2,9,2,5.0,1.0,乙,exception,selection_error,2,0,2,0,0.0,1.0,0.0
2,9,2,5.0,1.0,乙,normal,selection_error,1,0,1,0,0.0,1.0,0.0
2,9,2,5.0,1.0,甲,exception,selection_error,3,0,3,0,0.0,1.0,0.0
2,9,2,5.0,2.0,乙,exception,distinction_loss,1,0,1,0,0.0,1.0,0.0
2,9,2,5.0,2.0,乙,exception,selection_error,2,0,2,0,0.0,1.0,0.0
2,9,2,5.0,2.0,乙,normal,selection_error,1,0,1,0,0.0,1.0,0.0
2,9,2,5.0,2.0,甲,exception,selection_error,3,0,3,0,0.0,1.0,0.0
2,9,2,5.0,5.0,乙,exception,distinction_loss,1,0,1,0,0.0,1.0,0.0
2,9,2,5.0,5.0,乙,exception,selection_error,2,0,2,0,0.0,1.0,0.0
2,9,2,5.0,5.0,乙,normal,selection_error,1,0,1,0,0.0,1.0,0.0
2,9,2,5.0,5.0,甲,exception,selection_error,3,0,3,0,0.0,1.0,0.0
2,9,2,20.0,0.5,乙,exception,distinction_loss,1,0,1,0,0.0,1.0,0.0
2,9,2,20.0,0.5,乙,exception,selection_error,2,0,2,0,0.0,1.0,0.0
2,9,2,20.0,0.5,乙,normal,selection_error,1,0,1,0,0.0,1.0,0.0
2,9,2,20.0,0.5,甲,exception,selection_error,3,0,3,0,0.0,1.0,0.0
2,9,2,20.0,1.0,乙,exception,distinction_loss,1,0,1,0,0.0,1.0,0.0
2,9,2,20.0,1.0,乙,exception,selection_error,2,0,2,0,0.0,1.0,0.0
2,9,2,20.0,1.0,乙,normal,selection_error,1,0,1,0,0.0,1.0,0.0
2,9,2,20.0,1.0,甲,exception,selection_error,3,0,3,0,0.0,1.0,0.0
2,9,2,20.0,2.0,乙,exception,distinction_loss,1,0,1,0,0.0,1.0,0.0
2,9,2,20.0,2.0,乙,exception,selection_error,2,0,2,0,0.0,1.0,0.0
2,9,2,20.0,2.0,乙,normal,selection_error,1,0,1,0,0.0,1.0,0.0
2,9,2,20.0,2.0,甲,exception,selection_error,3,0,3,0,0.0,1.0,0.0
2,9,2,20.0,5.0,乙,exception,distinction_loss,1,0,1,0,0.0,1.0,0.0
2,9,2,20.0,5.0,乙,exception,selection_error,2,0,2,0,0.0,1.0,0.0
2,9,2,20.0,5.0,乙,normal,selection_error,1,0,1,0,0.0,1.0,0.0
2,9,2,20.0,5.0,甲,exception,selection_error,3,0,3,0,0.0,1.0,0.0
2,10,0,5.0,0.05,乙,exception,distinction_loss,1,0,1,0,0.0,1.0,0.0
2,10,0,5.0,0.05,乙,exception,selection_error,5,0,5,0,0.0,1.0,0.0
2,10,0,5.0,0.05,乙,normal,distinction_loss,1,0,1,0,0.0,1.0,0.0
2,10,0,5.0,0.05,乙,normal,selection_error,1,0,1,0,0.0,1.0,0.0
2,10,0,5.0,0.05,甲,exception,distinction_loss,2,0,2,0,0.0,1.0,0.0
2,10,0,5.0,0.05,甲,exception,selection_error,3,0,3,0,0.0,1.0,0.0
2,10,0,5.0,0.05,甲,normal,selection_error,2,0,2,0,0.0,1.0,0.0
2,10,1,5.0,0.5,乙,exception,distinction_loss,1,0,1,0,0.0,1.0,0.0
2,10,1,5.0,0.5,乙,exception,selection_error,5,1,4,0,0.2,0.8,0.0
2,10,1,5.0,0.5,乙,normal,distinction_loss,1,0,1,0,0.0,1.0,0.0
2,10,1,5.0,0.5,乙,normal,selection_error,1,0,1,0,0.0,1.0,0.0
2,10,1,5.0,0.5,甲,exception,distinction_loss,2,0,2,0,0.0,1.0,0.0
2,10,1,5.0,0.5,甲,exception,selection_error,3,0,3,0,0.0,1.0,0.0
2,10,1,5.0,0.5,甲,normal,selection_error,2,0,2,0,0.0,1.0,0.0
2,10,1,5.0,1.0,乙,exception,distinction_loss,1,0,1,0,0.0,1.0,0.0
2,10,1,5.0,1.0,乙,exception,selection_error,5,1,4,0,0.2,0.8,0.0
2,10,1,5.0,1.0,乙,normal,distinction_loss,1,0,1,0,0.0,1.0,0.0
2,10,1,5.0,1.0,乙,normal,selection_error,1,0,1,0,0.0,1.0,0.0
2,10,1,5.0,1.0,甲,exception,distinction_loss,2,0,2,0,0.0,1.0,0.0
2,10,1,5.0,1.0,甲,exception,selection_error,3,0,3,0,0.0,1.0,0.0
2,10,1,5.0,1.0,甲,normal,selection_error,2,0,2,0,0.0,1.0,0.0
2,10,1,5.0,2.0,乙,exception,distinction_loss,1,0,1,0,0.0,1.0,0.0
2,10,1,5.0,2.0,乙,exception,selection_error,5,1,4,0,0.2,0.8,0.0
2,10,1,5.0,2.0,乙,normal,distinction_loss,1,0,1,0,0.0,1.0,0.0
2,10,1,5.0,2.0,乙,normal,selection_error,1,0,1,0,0.0,1.0,0.0
2,10,1,5.0,2.0,甲,exception,distinction_loss,2,0,2,0,0.0,1.0,0.0
2,10,1,5.0,2.0,甲,exception,selection_error,3,0,3,0,0.0,1.0,0.0
2,10,1,5.0,2.0,甲,normal,selection_error,2,0,2,0,0.0,1.0,0.0
2,10,1,5.0,5.0,乙,exception,distinction_loss,1,0,1,0,0.0,1.0,0.0
2,10,1,5.0,5.0,乙,exception,selection_error,5,1,4,0,0.2,0.8,0.0
2,10,1,5.0,5.0,乙,normal,distinction_loss,1,0,1,0,0.0,1.0,0.0
2,10,1,5.0,5.0,乙,normal,selection_error,1,0,1,0,0.0,1.0,0.0
2,10,1,5.0,5.0,甲,exception,distinction_loss,2,0,2,0,0.0,1.0,0.0
2,10,1,5.0,5.0,甲,exception,selection_error,3,0,3,0,0.0,1.0,0.0
2,10,1,5.0,5.0,甲,normal,selection_error,2,0,2,0,0.0,1.0,0.0
2,10,1,20.0,0.5,乙,exception,distinction_loss,1,0,1,0,0.0,1.0,0.0
2,10,1,20.0,0.5,乙,exception,selection_error,5,1,4,0,0.2,0.8,0.0
2,10,1,20.0,0.5,乙,normal,distinction_loss,1,0,1,0,0.0,1.0,0.0
2,10,1,20.0,0.5,乙,normal,selection_error,1,0,1,0,0.0,1.0,0.0
2,10,1,20.0,0.5,甲,exception,distinction_loss,2,0,2,0,0.0,1.0,0.0
2,10,1,20.0,0.5,甲,exception,selection_error,3,0,3,0,0.0,1.0,0.0
2,10,1,20.0,0.5,甲,normal,selection_error,2,0,2,0,0.0,1.0,0.0
2,10,1,20.0,1.0,乙,exception,distinction_loss,1,0,1,0,0.0,1.0,0.0
2,10,1,20.0,1.0,乙,exception,selection_error,5,1,4,0,0.2,0.8,0.0
2,10,1,20.0,1.0,乙,normal,distinction_loss,1,0,1,0,0.0,1.0,0.0
2,10,1,20.0,1.0,乙,normal,selection_error,1,0,1,0,0.0,1.0,0.0
2,10,1,20.0,1.0,甲,exception,distinction_loss,2,0,2,0,0.0,1.0,0.0
2,10,1,20.0,1.0,甲,exception,selection_error,3,0,3,0,0.0,1.0,0.0
2,10,1,20.0,1.0,甲,normal,selection_error,2,0,2,0,0.0,1.0,0.0
2,10,1,20.0,2.0,乙,exception,distinction_loss,1,0,1,0,0.0,1.0,0.0
2,10,1,20.0,2.0,乙,exception,selection_error,5,1,4,0,0.2,0.8,0.0
2,10,1,20.0,2.0,乙,normal,distinction_loss,1,0,1,0,0.0,1.0,0.0
2,10,1,20.0,2.0,乙,normal,selection_error,1,0,1,0,0.0,1.0,0.0
2,10,1,20.0,2.0,甲,exception,distinction_loss,2,0,2,0,0.0,1.0,0.0
2,10,1,20.0,2.0,甲,exception,selection_error,3,0,3,0,0.0,1.0,0.0
2,10,1,20.0,2.0,甲,normal,selection_error,2,0,2,0,0.0,1.0,0.0
2,10,1,20.0,5.0,乙,exception,distinction_loss,1,0,1,0,0.0,1.0,0.0
2,10,1,20.0,5.0,乙,exception,selection_error,5,1,4,0,0.2,0.8,0.0
2,10,1,20.0,5.0,乙,normal,distinction_loss,1,0,1,0,0.0,1.0,0.0
2,10,1,20.0,5.0,乙,normal,selection_error,1,0,1,0,0.0,1.0,0.0
2,10,1,20.0,5.0,甲,exception,distinction_loss,2,0,2,0,0.0,1.0,0.0
2,10,1,20.0,5.0,甲,exception,selection_error,3,0,3,0,0.0,1.0,0.0
2,10,1,20.0,5.0,甲,normal,selection_error,2,0,2,0,0.0,1.0,0.0
2,10,2,5.0,0.5,乙,exception,distinction_loss,1,0,1,0,0.0,1.0,0.0
2,10,2,5.0,0.5,乙,exception,selection_error,5,1,4,0,0.2,0.8,0.0
2,10,2,5.0,0.5,乙,normal,distinction_loss,1,0,1,0,0.0,1.0,0.0
2,10,2,5.0,0.5,乙,normal,selection_error,1,0,1,0,0.0,1.0,0.0
2,10,2,5.0,0.5,甲,exception,distinction_loss,2,0,2,0,0.0,1.0,0.0
2,10,2,5.0,0.5,甲,exception,selection_error,3,0,3,0,0.0,1.0,0.0
2,10,2,5.0,0.5,甲,normal,selection_error,2,0,2,0,0.0,1.0,0.0
2,10,2,5.0,1.0,乙,exception,distinction_loss,1,0,1,0,0.0,1.0,0.0
2,10,2,5.0,1.0,乙,exception,selection_error,5,1,4,0,0.2,0.8,0.0
2,10,2,5.0,1.0,乙,normal,distinction_loss,1,0,1,0,0.0,1.0,0.0
2,10,2,5.0,1.0,乙,normal,selection_error,1,0,1,0,0.0,1.0,0.0
2,10,2,5.0,1.0,甲,exception,distinction_loss,2,0,2,0,0.0,1.0,0.0
2,10,2,5.0,1.0,甲,exception,selection_error,3,0,3,0,0.0,1.0,0.0
2,10,2,5.0,1.0,甲,normal,selection_error,2,0,2,0,0.0,1.0,0.0
2,10,2,5.0,2.0,乙,exception,distinction_loss,1,0,1,0,0.0,1.0,0.0
2,10,2,5.0,2.0,乙,exception,selection_error,5,1,4,0,0.2,0.8,0.0
2,10,2,5.0,2.0,乙,normal,distinction_loss,1,0,1,0,0.0,1.0,0.0
2,10,2,5.0,2.0,乙,normal,selection_error,1,0,1,0,0.0,1.0,0.0
2,10,2,5.0,2.0,甲,exception,distinction_loss,2,0,2,0,0.0,1.0,0.0
2,10,2,5.0,2.0,甲,exception,selection_error,3,0,3,0,0.0,1.0,0.0
2,10,2,5.0,2.0,甲,normal,selection_error,2,0,2,0,0.0,1.0,0.0
2,10,2,5.0,5.0,乙,exception,distinction_loss,1,0,1,0,0.0,1.0,0.0
2,10,2,5.0,5.0,乙,exception,selection_error,5,1,4,0,0.2,0.8,0.0
2,10,2,5.0,5.0,乙,normal,distinction_loss,1,0,1,0,0.0,1.0,0.0
2,10,2,5.0,5.0,乙,normal,selection_error,1,0,1,0,0.0,1.0,0.0
2,10,2,5.0,5.0,甲,exception,distinction_loss,2,0,2,0,0.0,1.0,0.0
2,10,2,5.0,5.0,甲,exception,selection_error,3,0,3,0,0.0,1.0,0.0
2,10,2,5.0,5.0,甲,normal,selection_error,2,0,2,0,0.0,1.0,0.0
2,10,2,20.0,0.5,乙,exception,distinction_loss,1,0,1,0,0.0,1.0,0.0
2,10,2,20.0,0.5,乙,exception,selection_error,5,1,4,0,0.2,0.8,0.0
2,10,2,20.0,0.5,乙,normal,distinction_loss,1,0,1,0,0.0,1.0,0.0
2,10,2,20.0,0.5,乙,normal,selection_error,1,0,1,0,0.0,1.0,0.0
2,10,2,20.0,0.5,甲,exception,distinction_loss,2,0,2,0,0.0,1.0,0.0
2,10,2,20.0,0.5,甲,exception,selection_error,3,0,3,0,0.0,1.0,0.0
2,10,2,20.0,0.5,甲,normal,selection_error,2,0,2,0,0.0,1.0,0.0
2,10,2,20.0,1.0,乙,exception,distinction_loss,1,0,1,0,0.0,1.0,0.0
2,10,2,20.0,1.0,乙,exception,selection_error,5,1,4,0,0.2,0.8,0.0
2,10,2,20.0,1.0,乙,normal,distinction_loss,1,0,1,0,0.0,1.0,0.0
2,10,2,20.0,1.0,乙,normal,selection_error,1,0,1,0,0.0,1.0,0.0
2,10,2,20.0,1.0,甲,exception,distinction_loss,2,0,2,0,0.0,1.0,0.0
2,10,2,20.0,1.0,甲,exception,selection_error,3,0,3,0,0.0,1.0,0.0
2,10,2,20.0,1.0,甲,normal,selection_error,2,0,2,0,0.0,1.0,0.0
2,10,2,20.0,2.0,乙,exception,distinction_loss,1,0,1,0,0.0,1.0,0.0
2,10,2,20.0,2.0,乙,exception,selection_error,5,1,4,0,0.2,0.8,0.0
2,10,2,20.0,2.0,乙,normal,distinction_loss,1,0,1,0,0.0,1.0,0.0
2,10,2,20.0,2.0,乙,normal,selection_error,1,0,1,0,0.0,1.0,0.0
2,10,2,20.0,2.0,甲,exception,distinction_loss,2,0,2,0,0.0,1.0,0.0
2,10,2,20.0,2.0,甲,exception,selection_error,3,0,3,0,0.0,1.0,0.0
2,10,2,20.0,2.0,甲,normal,selection_error,2,0,2,0,0.0,1.0,0.0
2,10,2,20.0,5.0,乙,exception,distinction_loss,1,0,1,0,0.0,1.0,0.0
2,10,2,20.0,5.0,乙,exception,selection_error,5,1,4,0,0.2,0.8,0.0
2,10,2,20.0,5.0,乙,normal,distinction_loss,1,0,1,0,0.0,1.0,0.0
2,10,2,20.0,5.0,乙,normal,selection_error,1,0,1,0,0.0,1.0,0.0
2,10,2,20.0,5.0,甲,exception,distinction_loss,2,0,2,0,0.0,1.0,0.0
2,10,2,20.0,5.0,甲,exception,selection_error,3,0,3,0,0.0,1.0,0.0
2,10,2,20.0,5.0,甲,normal,selection_error,2,0,2,0,0.0,1.0,0.0
2,11,0,5.0,0.05,乙,exception,distinction_loss,2,0,2,0,0.0,1.0,0.0
2,11,0,5.0,0.05,乙,exception,selection_error,3,0,3,0,0.0,1.0,0.0
2,11,0,5.0,0.05,乙,normal,distinction_loss,1,0,1,0,0.0,1.0,0.0
2,11,0,5.0,0.05,乙,normal,selection_error,2,0,2,0,0.0,1.0,0.0
2,11,0,5.0,0.05,甲,exception,selection_error,5,0,5,0,0.0,1.0,0.0
2,11,0,5.0,0.05,甲,normal,distinction_loss,2,0,2,0,0.0,1.0,0.0
2,11,1,5.0,0.5,乙,exception,distinction_loss,2,0,2,0,0.0,1.0,0.0
2,11,1,5.0,0.5,乙,exception,selection_error,3,0,3,0,0.0,1.0,0.0
2,11,1,5.0,0.5,乙,normal,distinction_loss,1,0,1,0,0.0,1.0,0.0
2,11,1,5.0,0.5,乙,normal,selection_error,2,1,1,0,0.5,0.5,0.0
2,11,1,5.0,0.5,甲,exception,selection_error,5,0,5,0,0.0,1.0,0.0
2,11,1,5.0,0.5,甲,normal,distinction_loss,2,0,2,0,0.0,1.0,0.0
2,11,1,5.0,1.0,乙,exception,distinction_loss,2,0,2,0,0.0,1.0,0.0
2,11,1,5.0,1.0,乙,exception,selection_error,3,0,3,0,0.0,1.0,0.0
2,11,1,5.0,1.0,乙,normal,distinction_loss,1,0,1,0,0.0,1.0,0.0
2,11,1,5.0,1.0,乙,normal,selection_error,2,1,1,0,0.5,0.5,0.0
2,11,1,5.0,1.0,甲,exception,selection_error,5,0,5,0,0.0,1.0,0.0
2,11,1,5.0,1.0,甲,normal,distinction_loss,2,0,2,0,0.0,1.0,0.0
2,11,1,5.0,2.0,乙,exception,distinction_loss,2,0,2,0,0.0,1.0,0.0
2,11,1,5.0,2.0,乙,exception,selection_error,3,0,3,0,0.0,1.0,0.0
2,11,1,5.0,2.0,乙,normal,distinction_loss,1,0,1,0,0.0,1.0,0.0
2,11,1,5.0,2.0,乙,normal,selection_error,2,1,1,0,0.5,0.5,0.0
2,11,1,5.0,2.0,甲,exception,selection_error,5,0,5,0,0.0,1.0,0.0
2,11,1,5.0,2.0,甲,normal,distinction_loss,2,0,2,0,0.0,1.0,0.0
2,11,1,5.0,5.0,乙,exception,distinction_loss,2,0,2,0,0.0,1.0,0.0
2,11,1,5.0,5.0,乙,exception,selection_error,3,0,3,0,0.0,1.0,0.0
2,11,1,5.0,5.0,乙,normal,distinction_loss,1,0,1,0,0.0,1.0,0.0
2,11,1,5.0,5.0,乙,normal,selection_error,2,0,2,0,0.0,1.0,0.0
2,11,1,5.0,5.0,甲,exception,selection_error,5,1,4,0,0.2,0.8,0.0
2,11,1,5.0,5.0,甲,normal,distinction_loss,2,0,2,0,0.0,1.0,0.0
2,11,1,20.0,0.5,乙,exception,distinction_loss,2,0,2,0,0.0,1.0,0.0
2,11,1,20.0,0.5,乙,exception,selection_error,3,0,3,0,0.0,1.0,0.0
2,11,1,20.0,0.5,乙,normal,distinction_loss,1,0,1,0,0.0,1.0,0.0
2,11,1,20.0,0.5,乙,normal,selection_error,2,1,1,0,0.5,0.5,0.0
2,11,1,20.0,0.5,甲,exception,selection_error,5,0,5,0,0.0,1.0,0.0
2,11,1,20.0,0.5,甲,normal,distinction_loss,2,0,2,0,0.0,1.0,0.0
2,11,1,20.0,1.0,乙,exception,distinction_loss,2,0,2,0,0.0,1.0,0.0
2,11,1,20.0,1.0,乙,exception,selection_error,3,0,3,0,0.0,1.0,0.0
2,11,1,20.0,1.0,乙,normal,distinction_loss,1,0,1,0,0.0,1.0,0.0
2,11,1,20.0,1.0,乙,normal,selection_error,2,1,1,0,0.5,0.5,0.0
2,11,1,20.0,1.0,甲,exception,selection_error,5,0,5,0,0.0,1.0,0.0
2,11,1,20.0,1.0,甲,normal,distinction_loss,2,0,2,0,0.0,1.0,0.0
2,11,1,20.0,2.0,乙,exception,distinction_loss,2,0,2,0,0.0,1.0,0.0
2,11,1,20.0,2.0,乙,exception,selection_error,3,0,3,0,0.0,1.0,0.0
2,11,1,20.0,2.0,乙,normal,distinction_loss,1,0,1,0,0.0,1.0,0.0
2,11,1,20.0,2.0,乙,normal,selection_error,2,1,1,0,0.5,0.5,0.0
2,11,1,20.0,2.0,甲,exception,selection_error,5,0,5,0,0.0,1.0,0.0
2,11,1,20.0,2.0,甲,normal,distinction_loss,2,0,2,0,0.0,1.0,0.0
2,11,1,20.0,5.0,乙,exception,distinction_loss,2,0,2,0,0.0,1.0,0.0
2,11,1,20.0,5.0,乙,exception,selection_error,3,0,3,0,0.0,1.0,0.0
2,11,1,20.0,5.0,乙,normal,distinction_loss,1,0,1,0,0.0,1.0,0.0
2,11,1,20.0,5.0,乙,normal,selection_error,2,0,2,0,0.0,1.0,0.0
2,11,1,20.0,5.0,甲,exception,selection_error,5,1,4,0,0.2,0.8,0.0
2,11,1,20.0,5.0,甲,normal,distinction_loss,2,0,2,0,0.0,1.0,0.0
2,11,2,5.0,0.5,乙,exception,distinction_loss,2,0,2,0,0.0,1.0,0.0
2,11,2,5.0,0.5,乙,exception,selection_error,3,0,3,0,0.0,1.0,0.0
2,11,2,5.0,0.5,乙,normal,distinction_loss,1,0,1,0,0.0,1.0,0.0
2,11,2,5.0,0.5,乙,normal,selection_error,2,0,2,0,0.0,1.0,0.0
2,11,2,5.0,0.5,甲,exception,selection_error,5,0,5,0,0.0,1.0,0.0
2,11,2,5.0,0.5,甲,normal,distinction_loss,2,0,2,0,0.0,1.0,0.0
2,11,2,5.0,1.0,乙,exception,distinction_loss,2,0,2,0,0.0,1.0,0.0
2,11,2,5.0,1.0,乙,exception,selection_error,3,0,3,0,0.0,1.0,0.0
2,11,2,5.0,1.0,乙,normal,distinction_loss,1,0,1,0,0.0,1.0,0.0
2,11,2,5.0,1.0,乙,normal,selection_error,2,0,2,0,0.0,1.0,0.0
2,11,2,5.0,1.0,甲,exception,selection_error,5,0,5,0,0.0,1.0,0.0
2,11,2,5.0,1.0,甲,normal,distinction_loss,2,0,2,0,0.0,1.0,0.0
2,11,2,5.0,2.0,乙,exception,distinction_loss,2,0,2,0,0.0,1.0,0.0
2,11,2,5.0,2.0,乙,exception,selection_error,3,0,3,0,0.0,1.0,0.0
2,11,2,5.0,2.0,乙,normal,distinction_loss,1,0,1,0,0.0,1.0,0.0
2,11,2,5.0,2.0,乙,normal,selection_error,2,0,2,0,0.0,1.0,0.0
2,11,2,5.0,2.0,甲,exception,selection_error,5,0,5,0,0.0,1.0,0.0
2,11,2,5.0,2.0,甲,normal,distinction_loss,2,0,2,0,0.0,1.0,0.0
2,11,2,5.0,5.0,乙,exception,distinction_loss,2,0,2,0,0.0,1.0,0.0
2,11,2,5.0,5.0,乙,exception,selection_error,3,0,3,0,0.0,1.0,0.0
2,11,2,5.0,5.0,乙,normal,distinction_loss,1,0,1,0,0.0,1.0,0.0
2,11,2,5.0,5.0,乙,normal,selection_error,2,0,2,0,0.0,1.0,0.0
2,11,2,5.0,5.0,甲,exception,selection_error,5,0,5,0,0.0,1.0,0.0
2,11,2,5.0,5.0,甲,normal,distinction_loss,2,0,2,0,0.0,1.0,0.0
2,11,2,20.0,0.5,乙,exception,distinction_loss,2,0,2,0,0.0,1.0,0.0
2,11,2,20.0,0.5,乙,exception,selection_error,3,0,3,0,0.0,1.0,0.0
2,11,2,20.0,0.5,乙,normal,distinction_loss,1,0,1,0,0.0,1.0,0.0
2,11,2,20.0,0.5,乙,normal,selection_error,2,0,2,0,0.0,1.0,0.0
2,11,2,20.0,0.5,甲,exception,selection_error,5,0,5,0,0.0,1.0,0.0
2,11,2,20.0,0.5,甲,normal,distinction_loss,2,0,2,0,0.0,1.0,0.0
2,11,2,20.0,1.0,乙,exception,distinction_loss,2,0,2,0,0.0,1.0,0.0
2,11,2,20.0,1.0,乙,exception,selection_error,3,0,3,0,0.0,1.0,0.0
2,11,2,20.0,1.0,乙,normal,distinction_loss,1,0,1,0,0.0,1.0,0.0
2,11,2,20.0,1.0,乙,normal,selection_error,2,0,2,0,0.0,1.0,0.0
2,11,2,20.0,1.0,甲,exception,selection_error,5,0,5,0,0.0,1.0,0.0
2,11,2,20.0,1.0,甲,normal,distinction_loss,2,0,2,0,0.0,1.0,0.0
2,11,2,20.0,2.0,乙,exception,distinction_loss,2,0,2,0,0.0,1.0,0.0
2,11,2,20.0,2.0,乙,exception,selection_error,3,0,3,0,0.0,1.0,0.0
2,11,2,20.0,2.0,乙,normal,distinction_loss,1,0,1,0,0.0,1.0,0.0
2,11,2,20.0,2.0,乙,normal,selection_error,2,0,2,0,0.0,1.0,0.0
2,11,2,20.0,2.0,甲,exception,selection_error,5,0,5,0,0.0,1.0,0.0
2,11,2,20.0,2.0,甲,normal,distinction_loss,2,0,2,0,0.0,1.0,0.0
2,11,2,20.0,5.0,乙,exception,distinction_loss,2,0,2,0,0.0,1.0,0.0
2,11,2,20.0,5.0,乙,exception,selection_error,3,0,3,0,0.0,1.0,0.0
2,11,2,20.0,5.0,乙,normal,distinction_loss,1,0,1,0,0.0,1.0,0.0
2,11,2,20.0,5.0,乙,normal,selection_error,2,0,2,0,0.0,1.0,0.0
2,11,2,20.0,5.0,甲,exception,selection_error,5,1,4,0,0.2,0.8,0.0
2,11,2,20.0,5.0,甲,normal,distinction_loss,2,0,2,0,0.0,1.0,0.0
2,12,0,5.0,0.05,乙,exception,distinction_loss,2,0,2,0,0.0,1.0,0.0
2,12,0,5.0,0.05,乙,exception,selection_error,1,0,1,0,0.0,1.0,0.0
2,12,0,5.0,0.05,乙,normal,selection_error,4,0,4,0,0.0,1.0,0.0
2,12,0,5.0,0.05,甲,exception,distinction_loss,2,0,2,0,0.0,1.0,0.0
2,12,0,5.0,0.05,甲,exception,selection_error,1,0,1,0,0.0,1.0,0.0
2,12,0,5.0,0.05,甲,normal,selection_error,2,0,2,0,0.0,1.0,0.0
2,12,1,5.0,0.5,乙,exception,distinction_loss,2,0,2,0,0.0,1.0,0.0
2,12,1,5.0,0.5,乙,exception,selection_error,1,0,1,0,0.0,1.0,0.0
2,12,1,5.0,0.5,乙,normal,selection_error,4,0,4,0,0.0,1.0,0.0
2,12,1,5.0,0.5,甲,exception,distinction_loss,2,0,2,0,0.0,1.0,0.0
2,12,1,5.0,0.5,甲,exception,selection_error,1,0,1,0,0.0,1.0,0.0
2,12,1,5.0,0.5,甲,normal,selection_error,2,0,2,0,0.0,1.0,0.0
2,12,1,5.0,1.0,乙,exception,distinction_loss,2,0,2,0,0.0,1.0,0.0
2,12,1,5.0,1.0,乙,exception,selection_error,1,0,1,0,0.0,1.0,0.0
2,12,1,5.0,1.0,乙,normal,selection_error,4,0,4,0,0.0,1.0,0.0
2,12,1,5.0,1.0,甲,exception,distinction_loss,2,0,2,0,0.0,1.0,0.0
2,12,1,5.0,1.0,甲,exception,selection_error,1,0,1,0,0.0,1.0,0.0
2,12,1,5.0,1.0,甲,normal,selection_error,2,0,2,0,0.0,1.0,0.0
2,12,1,5.0,2.0,乙,exception,distinction_loss,2,0,2,0,0.0,1.0,0.0
2,12,1,5.0,2.0,乙,exception,selection_error,1,0,1,0,0.0,1.0,0.0
2,12,1,5.0,2.0,乙,normal,selection_error,4,0,4,0,0.0,1.0,0.0
2,12,1,5.0,2.0,甲,exception,distinction_loss,2,0,2,0,0.0,1.0,0.0
2,12,1,5.0,2.0,甲,exception,selection_error,1,0,1,0,0.0,1.0,0.0
2,12,1,5.0,2.0,甲,normal,selection_error,2,0,2,0,0.0,1.0,0.0
2,12,1,5.0,5.0,乙,exception,distinction_loss,2,0,2,0,0.0,1.0,0.0
2,12,1,5.0,5.0,乙,exception,selection_error,1,0,1,0,0.0,1.0,0.0
2,12,1,5.0,5.0,乙,normal,selection_error,4,0,4,0,0.0,1.0,0.0
2,12,1,5.0,5.0,甲,exception,distinction_loss,2,0,2,0,0.0,1.0,0.0
2,12,1,5.0,5.0,甲,exception,selection_error,1,0,1,0,0.0,1.0,0.0
2,12,1,5.0,5.0,甲,normal,selection_error,2,0,2,0,0.0,1.0,0.0
2,12,1,20.0,0.5,乙,exception,distinction_loss,2,0,2,0,0.0,1.0,0.0
2,12,1,20.0,0.5,乙,exception,selection_error,1,0,1,0,0.0,1.0,0.0
2,12,1,20.0,0.5,乙,normal,selection_error,4,0,4,0,0.0,1.0,0.0
2,12,1,20.0,0.5,甲,exception,distinction_loss,2,0,2,0,0.0,1.0,0.0
2,12,1,20.0,0.5,甲,exception,selection_error,1,0,1,0,0.0,1.0,0.0
2,12,1,20.0,0.5,甲,normal,selection_error,2,0,2,0,0.0,1.0,0.0
2,12,1,20.0,1.0,乙,exception,distinction_loss,2,0,2,0,0.0,1.0,0.0
2,12,1,20.0,1.0,乙,exception,selection_error,1,0,1,0,0.0,1.0,0.0
2,12,1,20.0,1.0,乙,normal,selection_error,4,0,4,0,0.0,1.0,0.0
2,12,1,20.0,1.0,甲,exception,distinction_loss,2,0,2,0,0.0,1.0,0.0
2,12,1,20.0,1.0,甲,exception,selection_error,1,0,1,0,0.0,1.0,0.0
2,12,1,20.0,1.0,甲,normal,selection_error,2,0,2,0,0.0,1.0,0.0
2,12,1,20.0,2.0,乙,exception,distinction_loss,2,0,2,0,0.0,1.0,0.0
2,12,1,20.0,2.0,乙,exception,selection_error,1,0,1,0,0.0,1.0,0.0
2,12,1,20.0,2.0,乙,normal,selection_error,4,0,4,0,0.0,1.0,0.0
2,12,1,20.0,2.0,甲,exception,distinction_loss,2,0,2,0,0.0,1.0,0.0
2,12,1,20.0,2.0,甲,exception,selection_error,1,0,1,0,0.0,1.0,0.0
2,12,1,20.0,2.0,甲,normal,selection_error,2,0,2,0,0.0,1.0,0.0
2,12,1,20.0,5.0,乙,exception,distinction_loss,2,0,2,0,0.0,1.0,0.0
2,12,1,20.0,5.0,乙,exception,selection_error,1,0,1,0,0.0,1.0,0.0
2,12,1,20.0,5.0,乙,normal,selection_error,4,0,4,0,0.0,1.0,0.0
2,12,1,20.0,5.0,甲,exception,distinction_loss,2,0,2,0,0.0,1.0,0.0
2,12,1,20.0,5.0,甲,exception,selection_error,1,0,1,0,0.0,1.0,0.0
2,12,1,20.0,5.0,甲,normal,selection_error,2,0,2,0,0.0,1.0,0.0
2,12,2,5.0,0.5,乙,exception,distinction_loss,2,0,2,0,0.0,1.0,0.0
2,12,2,5.0,0.5,乙,exception,selection_error,1,0,1,0,0.0,1.0,0.0
2,12,2,5.0,0.5,乙,normal,selection_error,4,0,4,0,0.0,1.0,0.0
2,12,2,5.0,0.5,甲,exception,distinction_loss,2,0,2,0,0.0,1.0,0.0
2,12,2,5.0,0.5,甲,exception,selection_error,1,0,1,0,0.0,1.0,0.0
2,12,2,5.0,0.5,甲,normal,selection_error,2,0,2,0,0.0,1.0,0.0
2,12,2,5.0,1.0,乙,exception,distinction_loss,2,0,2,0,0.0,1.0,0.0
2,12,2,5.0,1.0,乙,exception,selection_error,1,0,1,0,0.0,1.0,0.0
2,12,2,5.0,1.0,乙,normal,selection_error,4,0,4,0,0.0,1.0,0.0
2,12,2,5.0,1.0,甲,exception,distinction_loss,2,0,2,0,0.0,1.0,0.0
2,12,2,5.0,1.0,甲,exception,selection_error,1,0,1,0,0.0,1.0,0.0
2,12,2,5.0,1.0,甲,normal,selection_error,2,0,2,0,0.0,1.0,0.0
2,12,2,5.0,2.0,乙,exception,distinction_loss,2,0,2,0,0.0,1.0,0.0
2,12,2,5.0,2.0,乙,exception,selection_error,1,0,1,0,0.0,1.0,0.0
2,12,2,5.0,2.0,乙,normal,selection_error,4,0,4,0,0.0,1.0,0.0
2,12,2,5.0,2.0,甲,exception,distinction_loss,2,0,2,0,0.0,1.0,0.0
2,12,2,5.0,2.0,甲,exception,selection_error,1,0,1,0,0.0,1.0,0.0
2,12,2,5.0,2.0,甲,normal,selection_error,2,0,2,0,0.0,1.0,0.0
2,12,2,5.0,5.0,乙,exception,distinction_loss,2,0,2,0,0.0,1.0,0.0
2,12,2,5.0,5.0,乙,exception,selection_error,1,0,1,0,0.0,1.0,0.0
2,12,2,5.0,5.0,乙,normal,selection_error,4,0,4,0,0.0,1.0,0.0
2,12,2,5.0,5.0,甲,exception,distinction_loss,2,0,2,0,0.0,1.0,0.0
2,12,2,5.0,5.0,甲,exception,selection_error,1,0,1,0,0.0,1.0,0.0
2,12,2,5.0,5.0,甲,normal,selection_error,2,0,2,0,0.0,1.0,0.0
2,12,2,20.0,0.5,乙,exception,distinction_loss,2,0,2,0,0.0,1.0,0.0
2,12,2,20.0,0.5,乙,exception,selection_error,1,0,1,0,0.0,1.0,0.0
2,12,2,20.0,0.5,乙,normal,selection_error,4,0,4,0,0.0,1.0,0.0
2,12,2,20.0,0.5,甲,exception,distinction_loss,2,0,2,0,0.0,1.0,0.0
2,12,2,20.0,0.5,甲,exception,selection_error,1,0,1,0,0.0,1.0,0.0
2,12,2,20.0,0.5,甲,normal,selection_error,2,0,2,0,0.0,1.0,0.0
2,12,2,20.0,1.0,乙,exception,distinction_loss,2,0,2,0,0.0,1.0,0.0
2,12,2,20.0,1.0,乙,exception,selection_error,1,0,1,0,0.0,1.0,0.0
2,12,2,20.0,1.0,乙,normal,selection_error,4,0,4,0,0.0,1.0,0.0
2,12,2,20.0,1.0,甲,exception,distinction_loss,2,0,2,0,0.0,1.0,0.0
2,12,2,20.0,1.0,甲,exception,selection_error,1,0,1,0,0.0,1.0,0.0
2,12,2,20.0,1.0,甲,normal,selection_error,2,0,2,0,0.0,1.0,0.0
2,12,2,20.0,2.0,乙,exception,distinction_loss,2,0,2,0,0.0,1.0,0.0
2,12,2,20.0,2.0,乙,exception,selection_error,1,0,1,0,0.0,1.0,0.0
2,12,2,20.0,2.0,乙,normal,selection_error,4,0,4,0,0.0,1.0,0.0
2,12,2,20.0,2.0,甲,exception,distinction_loss,2,0,2,0,0.0,1.0,0.0
2,12,2,20.0,2.0,甲,exception,selection_error,1,0,1,0,0.0,1.0,0.0
2,12,2,20.0,2.0,甲,normal,selection_error,2,0,2,0,0.0,1.0,0.0
2,12,2,20.0,5.0,乙,exception,distinction_loss,2,0,2,0,0.0,1.0,0.0
2,12,2,20.0,5.0,乙,exception,selection_error,1,0,1,0,0.0,1.0,0.0
2,12,2,20.0,5.0,乙,normal,selection_error,4,0,4,0,0.0,1.0,0.0
2,12,2,20.0,5.0,甲,exception,distinction_loss,2,0,2,0,0.0,1.0,0.0
2,12,2,20.0,5.0,甲,exception,selection_error,1,0,1,0,0.0,1.0,0.0
2,12,2,20.0,5.0,甲,normal,selection_error,2,0,2,0,0.0,1.0,0.0
2,13,0,5.0,0.05,乙,exception,distinction_loss,3,0,3,0,0.0,1.0,0.0
2,13,0,5.0,0.05,乙,exception,selection_error,5,0,5,0,0.0,1.0,0.0
2,13,0,5.0,0.05,乙,normal,distinction_loss,1,0,1,0,0.0,1.0,0.0
2,13,0,5.0,0.05,甲,exception,distinction_loss,1,0,1,0,0.0,1.0,0.0
2,13,0,5.0,0.05,甲,exception,selection_error,4,0,4,0,0.0,1.0,0.0
2,13,0,5.0,0.05,甲,normal,selection_error,2,0,2,0,0.0,1.0,0.0
2,13,1,5.0,0.5,乙,exception,distinction_loss,3,0,3,0,0.0,1.0,0.0
2,13,1,5.0,0.5,乙,exception,selection_error,5,0,5,0,0.0,1.0,0.0
2,13,1,5.0,0.5,乙,normal,distinction_loss,1,0,1,0,0.0,1.0,0.0
2,13,1,5.0,0.5,甲,exception,distinction_loss,1,0,1,0,0.0,1.0,0.0
2,13,1,5.0,0.5,甲,exception,selection_error,4,0,4,0,0.0,1.0,0.0
2,13,1,5.0,0.5,甲,normal,selection_error,2,0,2,0,0.0,1.0,0.0
2,13,1,5.0,1.0,乙,exception,distinction_loss,3,0,3,0,0.0,1.0,0.0
2,13,1,5.0,1.0,乙,exception,selection_error,5,0,5,0,0.0,1.0,0.0
2,13,1,5.0,1.0,乙,normal,distinction_loss,1,0,1,0,0.0,1.0,0.0
2,13,1,5.0,1.0,甲,exception,distinction_loss,1,0,1,0,0.0,1.0,0.0
2,13,1,5.0,1.0,甲,exception,selection_error,4,0,4,0,0.0,1.0,0.0
2,13,1,5.0,1.0,甲,normal,selection_error,2,0,2,0,0.0,1.0,0.0
2,13,1,5.0,2.0,乙,exception,distinction_loss,3,0,3,0,0.0,1.0,0.0
2,13,1,5.0,2.0,乙,exception,selection_error,5,0,5,0,0.0,1.0,0.0
2,13,1,5.0,2.0,乙,normal,distinction_loss,1,0,1,0,0.0,1.0,0.0
2,13,1,5.0,2.0,甲,exception,distinction_loss,1,0,1,0,0.0,1.0,0.0
2,13,1,5.0,2.0,甲,exception,selection_error,4,0,4,0,0.0,1.0,0.0
2,13,1,5.0,2.0,甲,normal,selection_error,2,0,2,0,0.0,1.0,0.0
2,13,1,5.0,5.0,乙,exception,distinction_loss,3,0,3,0,0.0,1.0,0.0
2,13,1,5.0,5.0,乙,exception,selection_error,5,0,5,0,0.0,1.0,0.0
2,13,1,5.0,5.0,乙,normal,distinction_loss,1,0,1,0,0.0,1.0,0.0
2,13,1,5.0,5.0,甲,exception,distinction_loss,1,0,1,0,0.0,1.0,0.0
2,13,1,5.0,5.0,甲,exception,selection_error,4,0,4,0,0.0,1.0,0.0
2,13,1,5.0,5.0,甲,normal,selection_error,2,0,2,0,0.0,1.0,0.0
2,13,1,20.0,0.5,乙,exception,distinction_loss,3,0,3,0,0.0,1.0,0.0
2,13,1,20.0,0.5,乙,exception,selection_error,5,0,5,0,0.0,1.0,0.0
2,13,1,20.0,0.5,乙,normal,distinction_loss,1,0,1,0,0.0,1.0,0.0
2,13,1,20.0,0.5,甲,exception,distinction_loss,1,0,1,0,0.0,1.0,0.0
2,13,1,20.0,0.5,甲,exception,selection_error,4,0,4,0,0.0,1.0,0.0
2,13,1,20.0,0.5,甲,normal,selection_error,2,0,2,0,0.0,1.0,0.0
2,13,1,20.0,1.0,乙,exception,distinction_loss,3,0,3,0,0.0,1.0,0.0
2,13,1,20.0,1.0,乙,exception,selection_error,5,0,5,0,0.0,1.0,0.0
2,13,1,20.0,1.0,乙,normal,distinction_loss,1,0,1,0,0.0,1.0,0.0
2,13,1,20.0,1.0,甲,exception,distinction_loss,1,0,1,0,0.0,1.0,0.0
2,13,1,20.0,1.0,甲,exception,selection_error,4,0,4,0,0.0,1.0,0.0
2,13,1,20.0,1.0,甲,normal,selection_error,2,0,2,0,0.0,1.0,0.0
2,13,1,20.0,2.0,乙,exception,distinction_loss,3,0,3,0,0.0,1.0,0.0
2,13,1,20.0,2.0,乙,exception,selection_error,5,0,5,0,0.0,1.0,0.0
2,13,1,20.0,2.0,乙,normal,distinction_loss,1,0,1,0,0.0,1.0,0.0
2,13,1,20.0,2.0,甲,exception,distinction_loss,1,0,1,0,0.0,1.0,0.0
2,13,1,20.0,2.0,甲,exception,selection_error,4,0,4,0,0.0,1.0,0.0
2,13,1,20.0,2.0,甲,normal,selection_error,2,0,2,0,0.0,1.0,0.0
2,13,1,20.0,5.0,乙,exception,distinction_loss,3,0,3,0,0.0,1.0,0.0
2,13,1,20.0,5.0,乙,exception,selection_error,5,0,5,0,0.0,1.0,0.0
2,13,1,20.0,5.0,乙,normal,distinction_loss,1,0,1,0,0.0,1.0,0.0
2,13,1,20.0,5.0,甲,exception,distinction_loss,1,0,1,0,0.0,1.0,0.0
2,13,1,20.0,5.0,甲,exception,selection_error,4,0,4,0,0.0,1.0,0.0
2,13,1,20.0,5.0,甲,normal,selection_error,2,1,1,0,0.5,0.5,0.0
2,13,2,5.0,0.5,乙,exception,distinction_loss,3,0,3,0,0.0,1.0,0.0
2,13,2,5.0,0.5,乙,exception,selection_error,5,0,5,0,0.0,1.0,0.0
2,13,2,5.0,0.5,乙,normal,distinction_loss,1,0,1,0,0.0,1.0,0.0
2,13,2,5.0,0.5,甲,exception,distinction_loss,1,0,1,0,0.0,1.0,0.0
2,13,2,5.0,0.5,甲,exception,selection_error,4,0,4,0,0.0,1.0,0.0
2,13,2,5.0,0.5,甲,normal,selection_error,2,0,2,0,0.0,1.0,0.0
2,13,2,5.0,1.0,乙,exception,distinction_loss,3,0,3,0,0.0,1.0,0.0
2,13,2,5.0,1.0,乙,exception,selection_error,5,0,5,0,0.0,1.0,0.0
2,13,2,5.0,1.0,乙,normal,distinction_loss,1,0,1,0,0.0,1.0,0.0
2,13,2,5.0,1.0,甲,exception,distinction_loss,1,0,1,0,0.0,1.0,0.0
2,13,2,5.0,1.0,甲,exception,selection_error,4,0,4,0,0.0,1.0,0.0
2,13,2,5.0,1.0,甲,normal,selection_error,2,0,2,0,0.0,1.0,0.0
2,13,2,5.0,2.0,乙,exception,distinction_loss,3,0,3,0,0.0,1.0,0.0
2,13,2,5.0,2.0,乙,exception,selection_error,5,0,5,0,0.0,1.0,0.0
2,13,2,5.0,2.0,乙,normal,distinction_loss,1,0,1,0,0.0,1.0,0.0
2,13,2,5.0,2.0,甲,exception,distinction_loss,1,0,1,0,0.0,1.0,0.0
2,13,2,5.0,2.0,甲,exception,selection_error,4,0,4,0,0.0,1.0,0.0
2,13,2,5.0,2.0,甲,normal,selection_error,2,0,2,0,0.0,1.0,0.0
2,13,2,5.0,5.0,乙,exception,distinction_loss,3,0,3,0,0.0,1.0,0.0
2,13,2,5.0,5.0,乙,exception,selection_error,5,0,5,0,0.0,1.0,0.0
2,13,2,5.0,5.0,乙,normal,distinction_loss,1,0,1,0,0.0,1.0,0.0
2,13,2,5.0,5.0,甲,exception,distinction_loss,1,0,1,0,0.0,1.0,0.0
2,13,2,5.0,5.0,甲,exception,selection_error,4,0,4,0,0.0,1.0,0.0
2,13,2,5.0,5.0,甲,normal,selection_error,2,0,2,0,0.0,1.0,0.0
2,13,2,20.0,0.5,乙,exception,distinction_loss,3,0,3,0,0.0,1.0,0.0
2,13,2,20.0,0.5,乙,exception,selection_error,5,0,5,0,0.0,1.0,0.0
2,13,2,20.0,0.5,乙,normal,distinction_loss,1,0,1,0,0.0,1.0,0.0
2,13,2,20.0,0.5,甲,exception,distinction_loss,1,0,1,0,0.0,1.0,0.0
2,13,2,20.0,0.5,甲,exception,selection_error,4,0,4,0,0.0,1.0,0.0
2,13,2,20.0,0.5,甲,normal,selection_error,2,0,2,0,0.0,1.0,0.0
2,13,2,20.0,1.0,乙,exception,distinction_loss,3,0,3,0,0.0,1.0,0.0
2,13,2,20.0,1.0,乙,exception,selection_error,5,0,5,0,0.0,1.0,0.0
2,13,2,20.0,1.0,乙,normal,distinction_loss,1,0,1,0,0.0,1.0,0.0
2,13,2,20.0,1.0,甲,exception,distinction_loss,1,0,1,0,0.0,1.0,0.0
2,13,2,20.0,1.0,甲,exception,selection_error,4,0,4,0,0.0,1.0,0.0
2,13,2,20.0,1.0,甲,normal,selection_error,2,0,2,0,0.0,1.0,0.0
2,13,2,20.0,2.0,乙,exception,distinction_loss,3,0,3,0,0.0,1.0,0.0
2,13,2,20.0,2.0,乙,exception,selection_error,5,0,5,0,0.0,1.0,0.0
2,13,2,20.0,2.0,乙,normal,distinction_loss,1,0,1,0,0.0,1.0,0.0
2,13,2,20.0,2.0,甲,exception,distinction_loss,1,0,1,0,0.0,1.0,0.0
2,13,2,20.0,2.0,甲,exception,selection_error,4,0,4,0,0.0,1.0,0.0
2,13,2,20.0,2.0,甲,normal,selection_error,2,0,2,0,0.0,1.0,0.0
2,13,2,20.0,5.0,乙,exception,distinction_loss,3,0,3,0,0.0,1.0,0.0
2,13,2,20.0,5.0,乙,exception,selection_error,5,0,5,0,0.0,1.0,0.0
2,13,2,20.0,5.0,乙,normal,distinction_loss,1,0,1,0,0.0,1.0,0.0
2,13,2,20.0,5.0,甲,exception,distinction_loss,1,0,1,0,0.0,1.0,0.0
2,13,2,20.0,5.0,甲,exception,selection_error,4,0,4,0,0.0,1.0,0.0
2,13,2,20.0,5.0,甲,normal,selection_error,2,1,1,0,0.5,0.5,0.0
2,14,0,5.0,0.05,乙,exception,selection_error,5,0,5,0,0.0,1.0,0.0
2,14,0,5.0,0.05,乙,normal,selection_error,5,0,5,0,0.0,1.0,0.0
2,14,0,5.0,0.05,甲,exception,selection_error,6,0,6,0,0.0,1.0,0.0
2,14,0,5.0,0.05,甲,normal,distinction_loss,1,0,1,0,0.0,1.0,0.0
2,14,0,5.0,0.05,甲,normal,selection_error,2,0,2,0,0.0,1.0,0.0
2,14,1,5.0,0.5,乙,exception,selection_error,5,0,5,0,0.0,1.0,0.0
2,14,1,5.0,0.5,乙,normal,selection_error,5,0,5,0,0.0,1.0,0.0
2,14,1,5.0,0.5,甲,exception,selection_error,6,0,6,0,0.0,1.0,0.0
2,14,1,5.0,0.5,甲,normal,distinction_loss,1,0,1,0,0.0,1.0,0.0
2,14,1,5.0,0.5,甲,normal,selection_error,2,0,2,0,0.0,1.0,0.0
2,14,1,5.0,1.0,乙,exception,selection_error,5,0,5,0,0.0,1.0,0.0
2,14,1,5.0,1.0,乙,normal,selection_error,5,0,5,0,0.0,1.0,0.0
2,14,1,5.0,1.0,甲,exception,selection_error,6,0,6,0,0.0,1.0,0.0
2,14,1,5.0,1.0,甲,normal,distinction_loss,1,0,1,0,0.0,1.0,0.0
2,14,1,5.0,1.0,甲,normal,selection_error,2,0,2,0,0.0,1.0,0.0
2,14,1,5.0,2.0,乙,exception,selection_error,5,0,5,0,0.0,1.0,0.0
2,14,1,5.0,2.0,乙,normal,selection_error,5,0,5,0,0.0,1.0,0.0
2,14,1,5.0,2.0,甲,exception,selection_error,6,0,6,0,0.0,1.0,0.0
2,14,1,5.0,2.0,甲,normal,distinction_loss,1,0,1,0,0.0,1.0,0.0
2,14,1,5.0,2.0,甲,normal,selection_error,2,0,2,0,0.0,1.0,0.0
2,14,1,5.0,5.0,乙,exception,selection_error,5,0,5,0,0.0,1.0,0.0
2,14,1,5.0,5.0,乙,normal,selection_error,5,0,5,0,0.0,1.0,0.0
2,14,1,5.0,5.0,甲,exception,selection_error,6,0,6,0,0.0,1.0,0.0
2,14,1,5.0,5.0,甲,normal,distinction_loss,1,0,1,0,0.0,1.0,0.0
2,14,1,5.0,5.0,甲,normal,selection_error,2,0,2,0,0.0,1.0,0.0
2,14,1,20.0,0.5,乙,exception,selection_error,5,0,5,0,0.0,1.0,0.0
2,14,1,20.0,0.5,乙,normal,selection_error,5,0,5,0,0.0,1.0,0.0
2,14,1,20.0,0.5,甲,exception,selection_error,6,0,6,0,0.0,1.0,0.0
2,14,1,20.0,0.5,甲,normal,distinction_loss,1,0,1,0,0.0,1.0,0.0
2,14,1,20.0,0.5,甲,normal,selection_error,2,1,1,0,0.5,0.5,0.0
2,14,1,20.0,1.0,乙,exception,selection_error,5,0,5,0,0.0,1.0,0.0
2,14,1,20.0,1.0,乙,normal,selection_error,5,0,5,0,0.0,1.0,0.0
2,14,1,20.0,1.0,甲,exception,selection_error,6,0,6,0,0.0,1.0,0.0
2,14,1,20.0,1.0,甲,normal,distinction_loss,1,0,1,0,0.0,1.0,0.0
2,14,1,20.0,1.0,甲,normal,selection_error,2,1,1,0,0.5,0.5,0.0
2,14,1,20.0,2.0,乙,exception,selection_error,5,0,5,0,0.0,1.0,0.0
2,14,1,20.0,2.0,乙,normal,selection_error,5,0,5,0,0.0,1.0,0.0
2,14,1,20.0,2.0,甲,exception,selection_error,6,0,6,0,0.0,1.0,0.0
2,14,1,20.0,2.0,甲,normal,distinction_loss,1,0,1,0,0.0,1.0,0.0
2,14,1,20.0,2.0,甲,normal,selection_error,2,1,1,0,0.5,0.5,0.0
2,14,1,20.0,5.0,乙,exception,selection_error,5,1,4,0,0.2,0.8,0.0
2,14,1,20.0,5.0,乙,normal,selection_error,5,2,3,0,0.4,0.6,0.0
2,14,1,20.0,5.0,甲,exception,selection_error,6,0,6,0,0.0,1.0,0.0
2,14,1,20.0,5.0,甲,normal,distinction_loss,1,0,1,0,0.0,1.0,0.0
2,14,1,20.0,5.0,甲,normal,selection_error,2,1,1,0,0.5,0.5,0.0
2,14,2,5.0,0.5,乙,exception,selection_error,5,0,5,0,0.0,1.0,0.0
2,14,2,5.0,0.5,乙,normal,selection_error,5,0,5,0,0.0,1.0,0.0
2,14,2,5.0,0.5,甲,exception,selection_error,6,0,6,0,0.0,1.0,0.0
2,14,2,5.0,0.5,甲,normal,distinction_loss,1,0,1,0,0.0,1.0,0.0
2,14,2,5.0,0.5,甲,normal,selection_error,2,0,2,0,0.0,1.0,0.0
2,14,2,5.0,1.0,乙,exception,selection_error,5,0,5,0,0.0,1.0,0.0
2,14,2,5.0,1.0,乙,normal,selection_error,5,0,5,0,0.0,1.0,0.0
2,14,2,5.0,1.0,甲,exception,selection_error,6,0,6,0,0.0,1.0,0.0
2,14,2,5.0,1.0,甲,normal,distinction_loss,1,0,1,0,0.0,1.0,0.0
2,14,2,5.0,1.0,甲,normal,selection_error,2,0,2,0,0.0,1.0,0.0
2,14,2,5.0,2.0,乙,exception,selection_error,5,0,5,0,0.0,1.0,0.0
2,14,2,5.0,2.0,乙,normal,selection_error,5,0,5,0,0.0,1.0,0.0
2,14,2,5.0,2.0,甲,exception,selection_error,6,0,6,0,0.0,1.0,0.0
2,14,2,5.0,2.0,甲,normal,distinction_loss,1,0,1,0,0.0,1.0,0.0
2,14,2,5.0,2.0,甲,normal,selection_error,2,0,2,0,0.0,1.0,0.0
2,14,2,5.0,5.0,乙,exception,selection_error,5,0,5,0,0.0,1.0,0.0
2,14,2,5.0,5.0,乙,normal,selection_error,5,0,5,0,0.0,1.0,0.0
2,14,2,5.0,5.0,甲,exception,selection_error,6,0,6,0,0.0,1.0,0.0
2,14,2,5.0,5.0,甲,normal,distinction_loss,1,0,1,0,0.0,1.0,0.0
2,14,2,5.0,5.0,甲,normal,selection_error,2,0,2,0,0.0,1.0,0.0
2,14,2,20.0,0.5,乙,exception,selection_error,5,0,5,0,0.0,1.0,0.0
2,14,2,20.0,0.5,乙,normal,selection_error,5,0,5,0,0.0,1.0,0.0
2,14,2,20.0,0.5,甲,exception,selection_error,6,0,6,0,0.0,1.0,0.0
2,14,2,20.0,0.5,甲,normal,distinction_loss,1,0,1,0,0.0,1.0,0.0
2,14,2,20.0,0.5,甲,normal,selection_error,2,0,2,0,0.0,1.0,0.0
2,14,2,20.0,1.0,乙,exception,selection_error,5,0,5,0,0.0,1.0,0.0
2,14,2,20.0,1.0,乙,normal,selection_error,5,0,5,0,0.0,1.0,0.0
2,14,2,20.0,1.0,甲,exception,selection_error,6,0,6,0,0.0,1.0,0.0
2,14,2,20.0,1.0,甲,normal,distinction_loss,1,0,1,0,0.0,1.0,0.0
2,14,2,20.0,1.0,甲,normal,selection_error,2,0,2,0,0.0,1.0,0.0
2,14,2,20.0,2.0,乙,exception,selection_error,5,0,5,0,0.0,1.0,0.0
2,14,2,20.0,2.0,乙,normal,selection_error,5,0,5,0,0.0,1.0,0.0
2,14,2,20.0,2.0,甲,exception,selection_error,6,0,6,0,0.0,1.0,0.0
2,14,2,20.0,2.0,甲,normal,distinction_loss,1,0,1,0,0.0,1.0,0.0
2,14,2,20.0,2.0,甲,normal,selection_error,2,0,2,0,0.0,1.0,0.0
2,14,2,20.0,5.0,乙,exception,selection_error,5,1,4,0,0.2,0.8,0.0
2,14,2,20.0,5.0,乙,normal,selection_error,5,2,3,0,0.4,0.6,0.0
2,14,2,20.0,5.0,甲,exception,selection_error,6,0,6,0,0.0,1.0,0.0
2,14,2,20.0,5.0,甲,normal,distinction_loss,1,0,1,0,0.0,1.0,0.0
2,14,2,20.0,5.0,甲,normal,selection_error,2,0,2,0,0.0,1.0,0.0
2,15,0,5.0,0.05,乙,exception,distinction_loss,1,0,1,0,0.0,1.0,0.0
2,15,0,5.0,0.05,乙,exception,selection_error,2,0,2,0,0.0,1.0,0.0
2,15,0,5.0,0.05,乙,normal,selection_error,3,0,3,0,0.0,1.0,0.0
2,15,0,5.0,0.05,甲,exception,selection_error,3,0,3,0,0.0,1.0,0.0
2,15,0,5.0,0.05,甲,normal,distinction_loss,1,0,1,0,0.0,1.0,0.0
2,15,1,5.0,0.5,乙,exception,distinction_loss,1,0,1,0,0.0,1.0,0.0
2,15,1,5.0,0.5,乙,exception,selection_error,2,0,2,0,0.0,1.0,0.0
2,15,1,5.0,0.5,乙,normal,selection_error,3,2,1,0,0.6666666666666666,0.3333333333333333,0.0
2,15,1,5.0,0.5,甲,exception,selection_error,3,0,3,0,0.0,1.0,0.0
2,15,1,5.0,0.5,甲,normal,distinction_loss,1,0,1,0,0.0,1.0,0.0
2,15,1,5.0,1.0,乙,exception,distinction_loss,1,0,1,0,0.0,1.0,0.0
2,15,1,5.0,1.0,乙,exception,selection_error,2,0,2,0,0.0,1.0,0.0
2,15,1,5.0,1.0,乙,normal,selection_error,3,2,1,0,0.6666666666666666,0.3333333333333333,0.0
2,15,1,5.0,1.0,甲,exception,selection_error,3,0,3,0,0.0,1.0,0.0
2,15,1,5.0,1.0,甲,normal,distinction_loss,1,0,1,0,0.0,1.0,0.0
2,15,1,5.0,2.0,乙,exception,distinction_loss,1,0,1,0,0.0,1.0,0.0
2,15,1,5.0,2.0,乙,exception,selection_error,2,0,2,0,0.0,1.0,0.0
2,15,1,5.0,2.0,乙,normal,selection_error,3,2,1,0,0.6666666666666666,0.3333333333333333,0.0
2,15,1,5.0,2.0,甲,exception,selection_error,3,0,3,0,0.0,1.0,0.0
2,15,1,5.0,2.0,甲,normal,distinction_loss,1,0,1,0,0.0,1.0,0.0
2,15,1,5.0,5.0,乙,exception,distinction_loss,1,0,1,0,0.0,1.0,0.0
2,15,1,5.0,5.0,乙,exception,selection_error,2,0,2,0,0.0,1.0,0.0
2,15,1,5.0,5.0,乙,normal,selection_error,3,2,1,0,0.6666666666666666,0.3333333333333333,0.0
2,15,1,5.0,5.0,甲,exception,selection_error,3,0,3,0,0.0,1.0,0.0
2,15,1,5.0,5.0,甲,normal,distinction_loss,1,0,1,0,0.0,1.0,0.0
2,15,1,20.0,0.5,乙,exception,distinction_loss,1,0,1,0,0.0,1.0,0.0
2,15,1,20.0,0.5,乙,exception,selection_error,2,0,2,0,0.0,1.0,0.0
2,15,1,20.0,0.5,乙,normal,selection_error,3,2,1,0,0.6666666666666666,0.3333333333333333,0.0
2,15,1,20.0,0.5,甲,exception,selection_error,3,1,2,0,0.3333333333333333,0.6666666666666666,0.0
2,15,1,20.0,0.5,甲,normal,distinction_loss,1,0,1,0,0.0,1.0,0.0
2,15,1,20.0,1.0,乙,exception,distinction_loss,1,0,1,0,0.0,1.0,0.0
2,15,1,20.0,1.0,乙,exception,selection_error,2,0,2,0,0.0,1.0,0.0
2,15,1,20.0,1.0,乙,normal,selection_error,3,2,1,0,0.6666666666666666,0.3333333333333333,0.0
2,15,1,20.0,1.0,甲,exception,selection_error,3,1,2,0,0.3333333333333333,0.6666666666666666,0.0
2,15,1,20.0,1.0,甲,normal,distinction_loss,1,0,1,0,0.0,1.0,0.0
2,15,1,20.0,2.0,乙,exception,distinction_loss,1,0,1,0,0.0,1.0,0.0
2,15,1,20.0,2.0,乙,exception,selection_error,2,0,2,0,0.0,1.0,0.0
2,15,1,20.0,2.0,乙,normal,selection_error,3,2,1,0,0.6666666666666666,0.3333333333333333,0.0
2,15,1,20.0,2.0,甲,exception,selection_error,3,1,2,0,0.3333333333333333,0.6666666666666666,0.0
2,15,1,20.0,2.0,甲,normal,distinction_loss,1,0,1,0,0.0,1.0,0.0
2,15,1,20.0,5.0,乙,exception,distinction_loss,1,0,1,0,0.0,1.0,0.0
2,15,1,20.0,5.0,乙,exception,selection_error,2,0,2,0,0.0,1.0,0.0
2,15,1,20.0,5.0,乙,normal,selection_error,3,2,1,0,0.6666666666666666,0.3333333333333333,0.0
2,15,1,20.0,5.0,甲,exception,selection_error,3,1,2,0,0.3333333333333333,0.6666666666666666,0.0
2,15,1,20.0,5.0,甲,normal,distinction_loss,1,0,1,0,0.0,1.0,0.0
2,15,2,5.0,0.5,乙,exception,distinction_loss,1,0,1,0,0.0,1.0,0.0
2,15,2,5.0,0.5,乙,exception,selection_error,2,0,2,0,0.0,1.0,0.0
2,15,2,5.0,0.5,乙,normal,selection_error,3,0,3,0,0.0,1.0,0.0
2,15,2,5.0,0.5,甲,exception,selection_error,3,0,3,0,0.0,1.0,0.0
2,15,2,5.0,0.5,甲,normal,distinction_loss,1,0,1,0,0.0,1.0,0.0
2,15,2,5.0,1.0,乙,exception,distinction_loss,1,0,1,0,0.0,1.0,0.0
2,15,2,5.0,1.0,乙,exception,selection_error,2,0,2,0,0.0,1.0,0.0
2,15,2,5.0,1.0,乙,normal,selection_error,3,0,3,0,0.0,1.0,0.0
2,15,2,5.0,1.0,甲,exception,selection_error,3,0,3,0,0.0,1.0,0.0
2,15,2,5.0,1.0,甲,normal,distinction_loss,1,0,1,0,0.0,1.0,0.0
2,15,2,5.0,2.0,乙,exception,distinction_loss,1,0,1,0,0.0,1.0,0.0
2,15,2,5.0,2.0,乙,exception,selection_error,2,0,2,0,0.0,1.0,0.0
2,15,2,5.0,2.0,乙,normal,selection_error,3,0,3,0,0.0,1.0,0.0
2,15,2,5.0,2.0,甲,exception,selection_error,3,0,3,0,0.0,1.0,0.0
2,15,2,5.0,2.0,甲,normal,distinction_loss,1,0,1,0,0.0,1.0,0.0
2,15,2,5.0,5.0,乙,exception,distinction_loss,1,0,1,0,0.0,1.0,0.0
2,15,2,5.0,5.0,乙,exception,selection_error,2,0,2,0,0.0,1.0,0.0
2,15,2,5.0,5.0,乙,normal,selection_error,3,0,3,0,0.0,1.0,0.0
2,15,2,5.0,5.0,甲,exception,selection_error,3,0,3,0,0.0,1.0,0.0
2,15,2,5.0,5.0,甲,normal,distinction_loss,1,0,1,0,0.0,1.0,0.0
2,15,2,20.0,0.5,乙,exception,distinction_loss,1,0,1,0,0.0,1.0,0.0
2,15,2,20.0,0.5,乙,exception,selection_error,2,0,2,0,0.0,1.0,0.0
2,15,2,20.0,0.5,乙,normal,selection_error,3,0,3,0,0.0,1.0,0.0
2,15,2,20.0,0.5,甲,exception,selection_error,3,0,3,0,0.0,1.0,0.0
2,15,2,20.0,0.5,甲,normal,distinction_loss,1,0,1,0,0.0,1.0,0.0
2,15,2,20.0,1.0,乙,exception,distinction_loss,1,0,1,0,0.0,1.0,0.0
2,15,2,20.0,1.0,乙,exception,selection_error,2,0,2,0,0.0,1.0,0.0
2,15,2,20.0,1.0,乙,normal,selection_error,3,0,3,0,0.0,1.0,0.0
2,15,2,20.0,1.0,甲,exception,selection_error,3,0,3,0,0.0,1.0,0.0
2,15,2,20.0,1.0,甲,normal,distinction_loss,1,0,1,0,0.0,1.0,0.0
2,15,2,20.0,2.0,乙,exception,distinction_loss,1,0,1,0,0.0,1.0,0.0
2,15,2,20.0,2.0,乙,exception,selection_error,2,0,2,0,0.0,1.0,0.0
2,15,2,20.0,2.0,乙,normal,selection_error,3,0,3,0,0.0,1.0,0.0
2,15,2,20.0,2.0,甲,exception,selection_error,3,0,3,0,0.0,1.0,0.0
2,15,2,20.0,2.0,甲,normal,distinction_loss,1,0,1,0,0.0,1.0,0.0
2,15,2,20.0,5.0,乙,exception,distinction_loss,1,0,1,0,0.0,1.0,0.0
2,15,2,20.0,5.0,乙,exception,selection_error,2,0,2,0,0.0,1.0,0.0
2,15,2,20.0,5.0,乙,normal,selection_error,3,0,3,0,0.0,1.0,0.0
2,15,2,20.0,5.0,甲,exception,selection_error,3,0,3,0,0.0,1.0,0.0
2,15,2,20.0,5.0,甲,normal,distinction_loss,1,0,1,0,0.0,1.0,0.0
2,16,0,5.0,0.05,乙,exception,selection_error,8,0,8,0,0.0,1.0,0.0
2,16,0,5.0,0.05,乙,normal,selection_error,2,0,2,0,0.0,1.0,0.0
2,16,0,5.0,0.05,甲,exception,distinction_loss,1,0,1,0,0.0,1.0,0.0
2,16,0,5.0,0.05,甲,exception,selection_error,4,0,4,0,0.0,1.0,0.0
2,16,0,5.0,0.05,甲,normal,distinction_loss,1,0,1,0,0.0,1.0,0.0
2,16,0,5.0,0.05,甲,normal,selection_error,1,0,1,0,0.0,1.0,0.0
2,16,1,5.0,0.5,乙,exception,selection_error,8,0,8,0,0.0,1.0,0.0
2,16,1,5.0,0.5,乙,normal,selection_error,2,0,2,0,0.0,1.0,0.0
2,16,1,5.0,0.5,甲,exception,distinction_loss,1,0,1,0,0.0,1.0,0.0
2,16,1,5.0,0.5,甲,exception,selection_error,4,0,4,0,0.0,1.0,0.0
2,16,1,5.0,0.5,甲,normal,distinction_loss,1,0,1,0,0.0,1.0,0.0
2,16,1,5.0,0.5,甲,normal,selection_error,1,0,1,0,0.0,1.0,0.0
2,16,1,5.0,1.0,乙,exception,selection_error,8,0,8,0,0.0,1.0,0.0
2,16,1,5.0,1.0,乙,normal,selection_error,2,0,2,0,0.0,1.0,0.0
2,16,1,5.0,1.0,甲,exception,distinction_loss,1,0,1,0,0.0,1.0,0.0
2,16,1,5.0,1.0,甲,exception,selection_error,4,0,4,0,0.0,1.0,0.0
2,16,1,5.0,1.0,甲,normal,distinction_loss,1,0,1,0,0.0,1.0,0.0
2,16,1,5.0,1.0,甲,normal,selection_error,1,0,1,0,0.0,1.0,0.0
2,16,1,5.0,2.0,乙,exception,selection_error,8,0,8,0,0.0,1.0,0.0
2,16,1,5.0,2.0,乙,normal,selection_error,2,0,2,0,0.0,1.0,0.0
2,16,1,5.0,2.0,甲,exception,distinction_loss,1,0,1,0,0.0,1.0,0.0
2,16,1,5.0,2.0,甲,exception,selection_error,4,0,4,0,0.0,1.0,0.0
2,16,1,5.0,2.0,甲,normal,distinction_loss,1,0,1,0,0.0,1.0,0.0
2,16,1,5.0,2.0,甲,normal,selection_error,1,0,1,0,0.0,1.0,0.0
2,16,1,5.0,5.0,乙,exception,selection_error,8,0,8,0,0.0,1.0,0.0
2,16,1,5.0,5.0,乙,normal,selection_error,2,0,2,0,0.0,1.0,0.0
2,16,1,5.0,5.0,甲,exception,distinction_loss,1,0,1,0,0.0,1.0,0.0
2,16,1,5.0,5.0,甲,exception,selection_error,4,0,4,0,0.0,1.0,0.0
2,16,1,5.0,5.0,甲,normal,distinction_loss,1,0,1,0,0.0,1.0,0.0
2,16,1,5.0,5.0,甲,normal,selection_error,1,0,1,0,0.0,1.0,0.0
2,16,1,20.0,0.5,乙,exception,selection_error,8,0,8,0,0.0,1.0,0.0
2,16,1,20.0,0.5,乙,normal,selection_error,2,0,2,0,0.0,1.0,0.0
2,16,1,20.0,0.5,甲,exception,distinction_loss,1,0,1,0,0.0,1.0,0.0
2,16,1,20.0,0.5,甲,exception,selection_error,4,0,4,0,0.0,1.0,0.0
2,16,1,20.0,0.5,甲,normal,distinction_loss,1,0,1,0,0.0,1.0,0.0
2,16,1,20.0,0.5,甲,normal,selection_error,1,0,1,0,0.0,1.0,0.0
2,16,1,20.0,1.0,乙,exception,selection_error,8,0,8,0,0.0,1.0,0.0
2,16,1,20.0,1.0,乙,normal,selection_error,2,0,2,0,0.0,1.0,0.0
2,16,1,20.0,1.0,甲,exception,distinction_loss,1,0,1,0,0.0,1.0,0.0
2,16,1,20.0,1.0,甲,exception,selection_error,4,0,4,0,0.0,1.0,0.0
2,16,1,20.0,1.0,甲,normal,distinction_loss,1,0,1,0,0.0,1.0,0.0
2,16,1,20.0,1.0,甲,normal,selection_error,1,0,1,0,0.0,1.0,0.0
2,16,1,20.0,2.0,乙,exception,selection_error,8,0,8,0,0.0,1.0,0.0
2,16,1,20.0,2.0,乙,normal,selection_error,2,0,2,0,0.0,1.0,0.0
2,16,1,20.0,2.0,甲,exception,distinction_loss,1,0,1,0,0.0,1.0,0.0
2,16,1,20.0,2.0,甲,exception,selection_error,4,0,4,0,0.0,1.0,0.0
2,16,1,20.0,2.0,甲,normal,distinction_loss,1,0,1,0,0.0,1.0,0.0
2,16,1,20.0,2.0,甲,normal,selection_error,1,0,1,0,0.0,1.0,0.0
2,16,1,20.0,5.0,乙,exception,selection_error,8,0,8,0,0.0,1.0,0.0
2,16,1,20.0,5.0,乙,normal,selection_error,2,2,0,0,1.0,0.0,0.0
2,16,1,20.0,5.0,甲,exception,distinction_loss,1,0,1,0,0.0,1.0,0.0
2,16,1,20.0,5.0,甲,exception,selection_error,4,0,4,0,0.0,1.0,0.0
2,16,1,20.0,5.0,甲,normal,distinction_loss,1,0,1,0,0.0,1.0,0.0
2,16,1,20.0,5.0,甲,normal,selection_error,1,0,1,0,0.0,1.0,0.0
2,16,2,5.0,0.5,乙,exception,selection_error,8,0,8,0,0.0,1.0,0.0
2,16,2,5.0,0.5,乙,normal,selection_error,2,0,2,0,0.0,1.0,0.0
2,16,2,5.0,0.5,甲,exception,distinction_loss,1,0,1,0,0.0,1.0,0.0
2,16,2,5.0,0.5,甲,exception,selection_error,4,0,4,0,0.0,1.0,0.0
2,16,2,5.0,0.5,甲,normal,distinction_loss,1,0,1,0,0.0,1.0,0.0
2,16,2,5.0,0.5,甲,normal,selection_error,1,0,1,0,0.0,1.0,0.0
2,16,2,5.0,1.0,乙,exception,selection_error,8,0,8,0,0.0,1.0,0.0
2,16,2,5.0,1.0,乙,normal,selection_error,2,0,2,0,0.0,1.0,0.0
2,16,2,5.0,1.0,甲,exception,distinction_loss,1,0,1,0,0.0,1.0,0.0
2,16,2,5.0,1.0,甲,exception,selection_error,4,0,4,0,0.0,1.0,0.0
2,16,2,5.0,1.0,甲,normal,distinction_loss,1,0,1,0,0.0,1.0,0.0
2,16,2,5.0,1.0,甲,normal,selection_error,1,0,1,0,0.0,1.0,0.0
2,16,2,5.0,2.0,乙,exception,selection_error,8,0,8,0,0.0,1.0,0.0
2,16,2,5.0,2.0,乙,normal,selection_error,2,0,2,0,0.0,1.0,0.0
2,16,2,5.0,2.0,甲,exception,distinction_loss,1,0,1,0,0.0,1.0,0.0
2,16,2,5.0,2.0,甲,exception,selection_error,4,0,4,0,0.0,1.0,0.0
2,16,2,5.0,2.0,甲,normal,distinction_loss,1,0,1,0,0.0,1.0,0.0
2,16,2,5.0,2.0,甲,normal,selection_error,1,0,1,0,0.0,1.0,0.0
2,16,2,5.0,5.0,乙,exception,selection_error,8,0,8,0,0.0,1.0,0.0
2,16,2,5.0,5.0,乙,normal,selection_error,2,0,2,0,0.0,1.0,0.0
2,16,2,5.0,5.0,甲,exception,distinction_loss,1,0,1,0,0.0,1.0,0.0
2,16,2,5.0,5.0,甲,exception,selection_error,4,0,4,0,0.0,1.0,0.0
2,16,2,5.0,5.0,甲,normal,distinction_loss,1,0,1,0,0.0,1.0,0.0
2,16,2,5.0,5.0,甲,normal,selection_error,1,0,1,0,0.0,1.0,0.0
2,16,2,20.0,0.5,乙,exception,selection_error,8,0,8,0,0.0,1.0,0.0
2,16,2,20.0,0.5,乙,normal,selection_error,2,0,2,0,0.0,1.0,0.0
2,16,2,20.0,0.5,甲,exception,distinction_loss,1,0,1,0,0.0,1.0,0.0
2,16,2,20.0,0.5,甲,exception,selection_error,4,0,4,0,0.0,1.0,0.0
2,16,2,20.0,0.5,甲,normal,distinction_loss,1,0,1,0,0.0,1.0,0.0
2,16,2,20.0,0.5,甲,normal,selection_error,1,0,1,0,0.0,1.0,0.0
2,16,2,20.0,1.0,乙,exception,selection_error,8,0,8,0,0.0,1.0,0.0
2,16,2,20.0,1.0,乙,normal,selection_error,2,0,2,0,0.0,1.0,0.0
2,16,2,20.0,1.0,甲,exception,distinction_loss,1,0,1,0,0.0,1.0,0.0
2,16,2,20.0,1.0,甲,exception,selection_error,4,0,4,0,0.0,1.0,0.0
2,16,2,20.0,1.0,甲,normal,distinction_loss,1,0,1,0,0.0,1.0,0.0
2,16,2,20.0,1.0,甲,normal,selection_error,1,0,1,0,0.0,1.0,0.0
2,16,2,20.0,2.0,乙,exception,selection_error,8,0,8,0,0.0,1.0,0.0
2,16,2,20.0,2.0,乙,normal,selection_error,2,0,2,0,0.0,1.0,0.0
2,16,2,20.0,2.0,甲,exception,distinction_loss,1,0,1,0,0.0,1.0,0.0
2,16,2,20.0,2.0,甲,exception,selection_error,4,0,4,0,0.0,1.0,0.0
2,16,2,20.0,2.0,甲,normal,distinction_loss,1,0,1,0,0.0,1.0,0.0
2,16,2,20.0,2.0,甲,normal,selection_error,1,0,1,0,0.0,1.0,0.0
2,16,2,20.0,5.0,乙,exception,selection_error,8,0,8,0,0.0,1.0,0.0
2,16,2,20.0,5.0,乙,normal,selection_error,2,2,0,0,1.0,0.0,0.0
2,16,2,20.0,5.0,甲,exception,distinction_loss,1,0,1,0,0.0,1.0,0.0
2,16,2,20.0,5.0,甲,exception,selection_error,4,0,4,0,0.0,1.0,0.0
2,16,2,20.0,5.0,甲,normal,distinction_loss,1,0,1,0,0.0,1.0,0.0
2,16,2,20.0,5.0,甲,normal,selection_error,1,0,1,0,0.0,1.0,0.0
2,17,0,5.0,0.05,乙,exception,distinction_loss,2,0,2,0,0.0,1.0,0.0
2,17,0,5.0,0.05,乙,exception,selection_error,1,0,1,0,0.0,1.0,0.0
2,17,0,5.0,0.05,乙,normal,selection_error,5,0,5,0,0.0,1.0,0.0
2,17,0,5.0,0.05,甲,exception,distinction_loss,2,0,2,0,0.0,1.0,0.0
2,17,0,5.0,0.05,甲,exception,selection_error,6,0,6,0,0.0,1.0,0.0
2,17,0,5.0,0.05,甲,normal,selection_error,4,0,4,0,0.0,1.0,0.0
2,17,1,5.0,0.5,乙,exception,distinction_loss,2,0,2,0,0.0,1.0,0.0
2,17,1,5.0,0.5,乙,exception,selection_error,1,0,1,0,0.0,1.0,0.0
2,17,1,5.0,0.5,乙,normal,selection_error,5,0,5,0,0.0,1.0,0.0
2,17,1,5.0,0.5,甲,exception,distinction_loss,2,0,2,0,0.0,1.0,0.0
2,17,1,5.0,0.5,甲,exception,selection_error,6,0,6,0,0.0,1.0,0.0
2,17,1,5.0,0.5,甲,normal,selection_error,4,0,4,0,0.0,1.0,0.0
2,17,1,5.0,1.0,乙,exception,distinction_loss,2,0,2,0,0.0,1.0,0.0
2,17,1,5.0,1.0,乙,exception,selection_error,1,0,1,0,0.0,1.0,0.0
2,17,1,5.0,1.0,乙,normal,selection_error,5,0,5,0,0.0,1.0,0.0
2,17,1,5.0,1.0,甲,exception,distinction_loss,2,0,2,0,0.0,1.0,0.0
2,17,1,5.0,1.0,甲,exception,selection_error,6,0,6,0,0.0,1.0,0.0
2,17,1,5.0,1.0,甲,normal,selection_error,4,0,4,0,0.0,1.0,0.0
2,17,1,5.0,2.0,乙,exception,distinction_loss,2,0,2,0,0.0,1.0,0.0
2,17,1,5.0,2.0,乙,exception,selection_error,1,0,1,0,0.0,1.0,0.0
2,17,1,5.0,2.0,乙,normal,selection_error,5,0,5,0,0.0,1.0,0.0
2,17,1,5.0,2.0,甲,exception,distinction_loss,2,0,2,0,0.0,1.0,0.0
2,17,1,5.0,2.0,甲,exception,selection_error,6,0,6,0,0.0,1.0,0.0
2,17,1,5.0,2.0,甲,normal,selection_error,4,0,4,0,0.0,1.0,0.0
2,17,1,5.0,5.0,乙,exception,distinction_loss,2,0,2,0,0.0,1.0,0.0
2,17,1,5.0,5.0,乙,exception,selection_error,1,0,1,0,0.0,1.0,0.0
2,17,1,5.0,5.0,乙,normal,selection_error,5,0,5,0,0.0,1.0,0.0
2,17,1,5.0,5.0,甲,exception,distinction_loss,2,0,2,0,0.0,1.0,0.0
2,17,1,5.0,5.0,甲,exception,selection_error,6,0,6,0,0.0,1.0,0.0
2,17,1,5.0,5.0,甲,normal,selection_error,4,0,4,0,0.0,1.0,0.0
2,17,1,20.0,0.5,乙,exception,distinction_loss,2,0,2,0,0.0,1.0,0.0
2,17,1,20.0,0.5,乙,exception,selection_error,1,0,1,0,0.0,1.0,0.0
2,17,1,20.0,0.5,乙,normal,selection_error,5,0,5,0,0.0,1.0,0.0
2,17,1,20.0,0.5,甲,exception,distinction_loss,2,0,2,0,0.0,1.0,0.0
2,17,1,20.0,0.5,甲,exception,selection_error,6,0,6,0,0.0,1.0,0.0
2,17,1,20.0,0.5,甲,normal,selection_error,4,0,4,0,0.0,1.0,0.0
2,17,1,20.0,1.0,乙,exception,distinction_loss,2,0,2,0,0.0,1.0,0.0
2,17,1,20.0,1.0,乙,exception,selection_error,1,0,1,0,0.0,1.0,0.0
2,17,1,20.0,1.0,乙,normal,selection_error,5,0,5,0,0.0,1.0,0.0
2,17,1,20.0,1.0,甲,exception,distinction_loss,2,0,2,0,0.0,1.0,0.0
2,17,1,20.0,1.0,甲,exception,selection_error,6,0,6,0,0.0,1.0,0.0
2,17,1,20.0,1.0,甲,normal,selection_error,4,0,4,0,0.0,1.0,0.0
2,17,1,20.0,2.0,乙,exception,distinction_loss,2,0,2,0,0.0,1.0,0.0
2,17,1,20.0,2.0,乙,exception,selection_error,1,0,1,0,0.0,1.0,0.0
2,17,1,20.0,2.0,乙,normal,selection_error,5,0,5,0,0.0,1.0,0.0
2,17,1,20.0,2.0,甲,exception,distinction_loss,2,0,2,0,0.0,1.0,0.0
2,17,1,20.0,2.0,甲,exception,selection_error,6,0,6,0,0.0,1.0,0.0
2,17,1,20.0,2.0,甲,normal,selection_error,4,0,4,0,0.0,1.0,0.0
2,17,1,20.0,5.0,乙,exception,distinction_loss,2,0,2,0,0.0,1.0,0.0
2,17,1,20.0,5.0,乙,exception,selection_error,1,0,1,0,0.0,1.0,0.0
2,17,1,20.0,5.0,乙,normal,selection_error,5,1,4,0,0.2,0.8,0.0
2,17,1,20.0,5.0,甲,exception,distinction_loss,2,0,2,0,0.0,1.0,0.0
2,17,1,20.0,5.0,甲,exception,selection_error,6,0,6,0,0.0,1.0,0.0
2,17,1,20.0,5.0,甲,normal,selection_error,4,0,4,0,0.0,1.0,0.0
2,17,2,5.0,0.5,乙,exception,distinction_loss,2,0,2,0,0.0,1.0,0.0
2,17,2,5.0,0.5,乙,exception,selection_error,1,0,1,0,0.0,1.0,0.0
2,17,2,5.0,0.5,乙,normal,selection_error,5,0,5,0,0.0,1.0,0.0
2,17,2,5.0,0.5,甲,exception,distinction_loss,2,0,2,0,0.0,1.0,0.0
2,17,2,5.0,0.5,甲,exception,selection_error,6,0,6,0,0.0,1.0,0.0
2,17,2,5.0,0.5,甲,normal,selection_error,4,0,4,0,0.0,1.0,0.0
2,17,2,5.0,1.0,乙,exception,distinction_loss,2,0,2,0,0.0,1.0,0.0
2,17,2,5.0,1.0,乙,exception,selection_error,1,0,1,0,0.0,1.0,0.0
2,17,2,5.0,1.0,乙,normal,selection_error,5,0,5,0,0.0,1.0,0.0
2,17,2,5.0,1.0,甲,exception,distinction_loss,2,0,2,0,0.0,1.0,0.0
2,17,2,5.0,1.0,甲,exception,selection_error,6,0,6,0,0.0,1.0,0.0
2,17,2,5.0,1.0,甲,normal,selection_error,4,0,4,0,0.0,1.0,0.0
2,17,2,5.0,2.0,乙,exception,distinction_loss,2,0,2,0,0.0,1.0,0.0
2,17,2,5.0,2.0,乙,exception,selection_error,1,0,1,0,0.0,1.0,0.0
2,17,2,5.0,2.0,乙,normal,selection_error,5,0,5,0,0.0,1.0,0.0
2,17,2,5.0,2.0,甲,exception,distinction_loss,2,0,2,0,0.0,1.0,0.0
2,17,2,5.0,2.0,甲,exception,selection_error,6,0,6,0,0.0,1.0,0.0
2,17,2,5.0,2.0,甲,normal,selection_error,4,0,4,0,0.0,1.0,0.0
2,17,2,5.0,5.0,乙,exception,distinction_loss,2,0,2,0,0.0,1.0,0.0
2,17,2,5.0,5.0,乙,exception,selection_error,1,0,1,0,0.0,1.0,0.0
2,17,2,5.0,5.0,乙,normal,selection_error,5,0,5,0,0.0,1.0,0.0
2,17,2,5.0,5.0,甲,exception,distinction_loss,2,0,2,0,0.0,1.0,0.0
2,17,2,5.0,5.0,甲,exception,selection_error,6,0,6,0,0.0,1.0,0.0
2,17,2,5.0,5.0,甲,normal,selection_error,4,0,4,0,0.0,1.0,0.0
2,17,2,20.0,0.5,乙,exception,distinction_loss,2,0,2,0,0.0,1.0,0.0
2,17,2,20.0,0.5,乙,exception,selection_error,1,0,1,0,0.0,1.0,0.0
2,17,2,20.0,0.5,乙,normal,selection_error,5,0,5,0,0.0,1.0,0.0
2,17,2,20.0,0.5,甲,exception,distinction_loss,2,0,2,0,0.0,1.0,0.0
2,17,2,20.0,0.5,甲,exception,selection_error,6,0,6,0,0.0,1.0,0.0
2,17,2,20.0,0.5,甲,normal,selection_error,4,0,4,0,0.0,1.0,0.0
2,17,2,20.0,1.0,乙,exception,distinction_loss,2,0,2,0,0.0,1.0,0.0
2,17,2,20.0,1.0,乙,exception,selection_error,1,0,1,0,0.0,1.0,0.0
2,17,2,20.0,1.0,乙,normal,selection_error,5,0,5,0,0.0,1.0,0.0
2,17,2,20.0,1.0,甲,exception,distinction_loss,2,0,2,0,0.0,1.0,0.0
2,17,2,20.0,1.0,甲,exception,selection_error,6,0,6,0,0.0,1.0,0.0
2,17,2,20.0,1.0,甲,normal,selection_error,4,0,4,0,0.0,1.0,0.0
2,17,2,20.0,2.0,乙,exception,distinction_loss,2,0,2,0,0.0,1.0,0.0
2,17,2,20.0,2.0,乙,exception,selection_error,1,0,1,0,0.0,1.0,0.0
2,17,2,20.0,2.0,乙,normal,selection_error,5,0,5,0,0.0,1.0,0.0
2,17,2,20.0,2.0,甲,exception,distinction_loss,2,0,2,0,0.0,1.0,0.0
2,17,2,20.0,2.0,甲,exception,selection_error,6,0,6,0,0.0,1.0,0.0
2,17,2,20.0,2.0,甲,normal,selection_error,4,0,4,0,0.0,1.0,0.0
2,17,2,20.0,5.0,乙,exception,distinction_loss,2,0,2,0,0.0,1.0,0.0
2,17,2,20.0,5.0,乙,exception,selection_error,1,0,1,0,0.0,1.0,0.0
2,17,2,20.0,5.0,乙,normal,selection_error,5,1,4,0,0.2,0.8,0.0
2,17,2,20.0,5.0,甲,exception,distinction_loss,2,0,2,0,0.0,1.0,0.0
2,17,2,20.0,5.0,甲,exception,selection_error,6,0,6,0,0.0,1.0,0.0
2,17,2,20.0,5.0,甲,normal,selection_error,4,0,4,0,0.0,1.0,0.0
2,18,0,5.0,0.05,乙,exception,selection_error,2,0,2,0,0.0,1.0,0.0
2,18,0,5.0,0.05,甲,exception,selection_error,4,0,4,0,0.0,1.0,0.0
2,18,1,5.0,0.5,乙,exception,selection_error,2,0,2,0,0.0,1.0,0.0
2,18,1,5.0,0.5,甲,exception,selection_error,4,0,4,0,0.0,1.0,0.0
2,18,1,5.0,1.0,乙,exception,selection_error,2,0,2,0,0.0,1.0,0.0
2,18,1,5.0,1.0,甲,exception,selection_error,4,0,4,0,0.0,1.0,0.0
2,18,1,5.0,2.0,乙,exception,selection_error,2,0,2,0,0.0,1.0,0.0
2,18,1,5.0,2.0,甲,exception,selection_error,4,0,4,0,0.0,1.0,0.0
2,18,1,5.0,5.0,乙,exception,selection_error,2,0,2,0,0.0,1.0,0.0
2,18,1,5.0,5.0,甲,exception,selection_error,4,0,4,0,0.0,1.0,0.0
2,18,1,20.0,0.5,乙,exception,selection_error,2,0,2,0,0.0,1.0,0.0
2,18,1,20.0,0.5,甲,exception,selection_error,4,0,4,0,0.0,1.0,0.0
2,18,1,20.0,1.0,乙,exception,selection_error,2,0,2,0,0.0,1.0,0.0
2,18,1,20.0,1.0,甲,exception,selection_error,4,0,4,0,0.0,1.0,0.0
2,18,1,20.0,2.0,乙,exception,selection_error,2,0,2,0,0.0,1.0,0.0
2,18,1,20.0,2.0,甲,exception,selection_error,4,0,4,0,0.0,1.0,0.0
2,18,1,20.0,5.0,乙,exception,selection_error,2,0,2,0,0.0,1.0,0.0
2,18,1,20.0,5.0,甲,exception,selection_error,4,1,3,0,0.25,0.75,0.0
2,18,2,5.0,0.5,乙,exception,selection_error,2,0,2,0,0.0,1.0,0.0
2,18,2,5.0,0.5,甲,exception,selection_error,4,0,4,0,0.0,1.0,0.0
2,18,2,5.0,1.0,乙,exception,selection_error,2,0,2,0,0.0,1.0,0.0
2,18,2,5.0,1.0,甲,exception,selection_error,4,0,4,0,0.0,1.0,0.0
2,18,2,5.0,2.0,乙,exception,selection_error,2,0,2,0,0.0,1.0,0.0
2,18,2,5.0,2.0,甲,exception,selection_error,4,0,4,0,0.0,1.0,0.0
2,18,2,5.0,5.0,乙,exception,selection_error,2,0,2,0,0.0,1.0,0.0
2,18,2,5.0,5.0,甲,exception,selection_error,4,0,4,0,0.0,1.0,0.0
2,18,2,20.0,0.5,乙,exception,selection_error,2,0,2,0,0.0,1.0,0.0
2,18,2,20.0,0.5,甲,exception,selection_error,4,0,4,0,0.0,1.0,0.0
2,18,2,20.0,1.0,乙,exception,selection_error,2,0,2,0,0.0,1.0,0.0
2,18,2,20.0,1.0,甲,exception,selection_error,4,0,4,0,0.0,1.0,0.0
2,18,2,20.0,2.0,乙,exception,selection_error,2,0,2,0,0.0,1.0,0.0
2,18,2,20.0,2.0,甲,exception,selection_error,4,0,4,0,0.0,1.0,0.0
2,18,2,20.0,5.0,乙,exception,selection_error,2,0,2,0,0.0,1.0,0.0
2,18,2,20.0,5.0,甲,exception,selection_error,4,1,3,0,0.25,0.75,0.0
2,19,0,5.0,0.05,乙,normal,selection_error,3,0,3,0,0.0,1.0,0.0
2,19,0,5.0,0.05,甲,exception,selection_error,2,0,2,0,0.0,1.0,0.0
2,19,0,5.0,0.05,甲,normal,distinction_loss,1,0,1,0,0.0,1.0,0.0
2,19,0,5.0,0.05,甲,normal,selection_error,3,0,3,0,0.0,1.0,0.0
2,19,1,5.0,0.5,乙,normal,selection_error,3,0,3,0,0.0,1.0,0.0
2,19,1,5.0,0.5,甲,exception,selection_error,2,0,2,0,0.0,1.0,0.0
2,19,1,5.0,0.5,甲,normal,distinction_loss,1,0,1,0,0.0,1.0,0.0
2,19,1,5.0,0.5,甲,normal,selection_error,3,0,3,0,0.0,1.0,0.0
2,19,1,5.0,1.0,乙,normal,selection_error,3,0,3,0,0.0,1.0,0.0
2,19,1,5.0,1.0,甲,exception,selection_error,2,0,2,0,0.0,1.0,0.0
2,19,1,5.0,1.0,甲,normal,distinction_loss,1,0,1,0,0.0,1.0,0.0
2,19,1,5.0,1.0,甲,normal,selection_error,3,0,3,0,0.0,1.0,0.0
2,19,1,5.0,2.0,乙,normal,selection_error,3,0,3,0,0.0,1.0,0.0
2,19,1,5.0,2.0,甲,exception,selection_error,2,0,2,0,0.0,1.0,0.0
2,19,1,5.0,2.0,甲,normal,distinction_loss,1,0,1,0,0.0,1.0,0.0
2,19,1,5.0,2.0,甲,normal,selection_error,3,0,3,0,0.0,1.0,0.0
2,19,1,5.0,5.0,乙,normal,selection_error,3,0,3,0,0.0,1.0,0.0
2,19,1,5.0,5.0,甲,exception,selection_error,2,0,2,0,0.0,1.0,0.0
2,19,1,5.0,5.0,甲,normal,distinction_loss,1,0,1,0,0.0,1.0,0.0
2,19,1,5.0,5.0,甲,normal,selection_error,3,0,3,0,0.0,1.0,0.0
2,19,1,20.0,0.5,乙,normal,selection_error,3,0,3,0,0.0,1.0,0.0
2,19,1,20.0,0.5,甲,exception,selection_error,2,0,2,0,0.0,1.0,0.0
2,19,1,20.0,0.5,甲,normal,distinction_loss,1,0,1,0,0.0,1.0,0.0
2,19,1,20.0,0.5,甲,normal,selection_error,3,0,3,0,0.0,1.0,0.0
2,19,1,20.0,1.0,乙,normal,selection_error,3,0,3,0,0.0,1.0,0.0
2,19,1,20.0,1.0,甲,exception,selection_error,2,0,2,0,0.0,1.0,0.0
2,19,1,20.0,1.0,甲,normal,distinction_loss,1,0,1,0,0.0,1.0,0.0
2,19,1,20.0,1.0,甲,normal,selection_error,3,0,3,0,0.0,1.0,0.0
2,19,1,20.0,2.0,乙,normal,selection_error,3,0,3,0,0.0,1.0,0.0
2,19,1,20.0,2.0,甲,exception,selection_error,2,0,2,0,0.0,1.0,0.0
2,19,1,20.0,2.0,甲,normal,distinction_loss,1,0,1,0,0.0,1.0,0.0
2,19,1,20.0,2.0,甲,normal,selection_error,3,0,3,0,0.0,1.0,0.0
2,19,1,20.0,5.0,乙,normal,selection_error,3,1,2,0,0.3333333333333333,0.6666666666666666,0.0
2,19,1,20.0,5.0,甲,exception,selection_error,2,0,2,0,0.0,1.0,0.0
2,19,1,20.0,5.0,甲,normal,distinction_loss,1,0,1,0,0.0,1.0,0.0
2,19,1,20.0,5.0,甲,normal,selection_error,3,1,2,0,0.3333333333333333,0.6666666666666666,0.0
2,19,2,5.0,0.5,乙,normal,selection_error,3,0,3,0,0.0,1.0,0.0
2,19,2,5.0,0.5,甲,exception,selection_error,2,0,2,0,0.0,1.0,0.0
2,19,2,5.0,0.5,甲,normal,distinction_loss,1,0,1,0,0.0,1.0,0.0
2,19,2,5.0,0.5,甲,normal,selection_error,3,0,3,0,0.0,1.0,0.0
2,19,2,5.0,1.0,乙,normal,selection_error,3,0,3,0,0.0,1.0,0.0
2,19,2,5.0,1.0,甲,exception,selection_error,2,0,2,0,0.0,1.0,0.0
2,19,2,5.0,1.0,甲,normal,distinction_loss,1,0,1,0,0.0,1.0,0.0
2,19,2,5.0,1.0,甲,normal,selection_error,3,0,3,0,0.0,1.0,0.0
2,19,2,5.0,2.0,乙,normal,selection_error,3,0,3,0,0.0,1.0,0.0
2,19,2,5.0,2.0,甲,exception,selection_error,2,0,2,0,0.0,1.0,0.0
2,19,2,5.0,2.0,甲,normal,distinction_loss,1,0,1,0,0.0,1.0,0.0
2,19,2,5.0,2.0,甲,normal,selection_error,3,0,3,0,0.0,1.0,0.0
2,19,2,5.0,5.0,乙,normal,selection_error,3,0,3,0,0.0,1.0,0.0
2,19,2,5.0,5.0,甲,exception,selection_error,2,0,2,0,0.0,1.0,0.0
2,19,2,5.0,5.0,甲,normal,distinction_loss,1,0,1,0,0.0,1.0,0.0
2,19,2,5.0,5.0,甲,normal,selection_error,3,0,3,0,0.0,1.0,0.0
2,19,2,20.0,0.5,乙,normal,selection_error,3,0,3,0,0.0,1.0,0.0
2,19,2,20.0,0.5,甲,exception,selection_error,2,0,2,0,0.0,1.0,0.0
2,19,2,20.0,0.5,甲,normal,distinction_loss,1,0,1,0,0.0,1.0,0.0
2,19,2,20.0,0.5,甲,normal,selection_error,3,0,3,0,0.0,1.0,0.0
2,19,2,20.0,1.0,乙,normal,selection_error,3,0,3,0,0.0,1.0,0.0
2,19,2,20.0,1.0,甲,exception,selection_error,2,0,2,0,0.0,1.0,0.0
2,19,2,20.0,1.0,甲,normal,distinction_loss,1,0,1,0,0.0,1.0,0.0
2,19,2,20.0,1.0,甲,normal,selection_error,3,0,3,0,0.0,1.0,0.0
2,19,2,20.0,2.0,乙,normal,selection_error,3,0,3,0,0.0,1.0,0.0
2,19,2,20.0,2.0,甲,exception,selection_error,2,0,2,0,0.0,1.0,0.0
2,19,2,20.0,2.0,甲,normal,distinction_loss,1,0,1,0,0.0,1.0,0.0
2,19,2,20.0,2.0,甲,normal,selection_error,3,0,3,0,0.0,1.0,0.0
2,19,2,20.0,5.0,乙,normal,selection_error,3,1,2,0,0.3333333333333333,0.6666666666666666,0.0
2,19,2,20.0,5.0,甲,exception,selection_error,2,0,2,0,0.0,1.0,0.0
2,19,2,20.0,5.0,甲,normal,distinction_loss,1,0,1,0,0.0,1.0,0.0
2,19,2,20.0,5.0,甲,normal,selection_error,3,1,2,0,0.3333333333333333,0.6666666666666666,0.0
2,20,0,5.0,0.05,乙,exception,distinction_loss,1,0,1,0,0.0,1.0,0.0
2,20,0,5.0,0.05,乙,exception,selection_error,5,0,5,0,0.0,1.0,0.0
2,20,0,5.0,0.05,乙,normal,selection_error,3,0,3,0,0.0,1.0,0.0
2,20,0,5.0,0.05,甲,exception,distinction_loss,3,0,3,0,0.0,1.0,0.0
2,20,0,5.0,0.05,甲,exception,selection_error,4,0,4,0,0.0,1.0,0.0
2,20,0,5.0,0.05,甲,normal,distinction_loss,1,0,1,0,0.0,1.0,0.0
2,20,0,5.0,0.05,甲,normal,selection_error,1,0,1,0,0.0,1.0,0.0
2,20,1,5.0,0.5,乙,exception,distinction_loss,1,0,1,0,0.0,1.0,0.0
2,20,1,5.0,0.5,乙,exception,selection_error,5,0,5,0,0.0,1.0,0.0
2,20,1,5.0,0.5,乙,normal,selection_error,3,0,3,0,0.0,1.0,0.0
2,20,1,5.0,0.5,甲,exception,distinction_loss,3,0,3,0,0.0,1.0,0.0
2,20,1,5.0,0.5,甲,exception,selection_error,4,0,4,0,0.0,1.0,0.0
2,20,1,5.0,0.5,甲,normal,distinction_loss,1,0,1,0,0.0,1.0,0.0
2,20,1,5.0,0.5,甲,normal,selection_error,1,0,1,0,0.0,1.0,0.0
2,20,1,5.0,1.0,乙,exception,distinction_loss,1,0,1,0,0.0,1.0,0.0
2,20,1,5.0,1.0,乙,exception,selection_error,5,0,5,0,0.0,1.0,0.0
2,20,1,5.0,1.0,乙,normal,selection_error,3,0,3,0,0.0,1.0,0.0
2,20,1,5.0,1.0,甲,exception,distinction_loss,3,0,3,0,0.0,1.0,0.0
2,20,1,5.0,1.0,甲,exception,selection_error,4,0,4,0,0.0,1.0,0.0
2,20,1,5.0,1.0,甲,normal,distinction_loss,1,0,1,0,0.0,1.0,0.0
2,20,1,5.0,1.0,甲,normal,selection_error,1,0,1,0,0.0,1.0,0.0
2,20,1,5.0,2.0,乙,exception,distinction_loss,1,0,1,0,0.0,1.0,0.0
2,20,1,5.0,2.0,乙,exception,selection_error,5,0,5,0,0.0,1.0,0.0
2,20,1,5.0,2.0,乙,normal,selection_error,3,0,3,0,0.0,1.0,0.0
2,20,1,5.0,2.0,甲,exception,distinction_loss,3,0,3,0,0.0,1.0,0.0
2,20,1,5.0,2.0,甲,exception,selection_error,4,0,4,0,0.0,1.0,0.0
2,20,1,5.0,2.0,甲,normal,distinction_loss,1,0,1,0,0.0,1.0,0.0
2,20,1,5.0,2.0,甲,normal,selection_error,1,0,1,0,0.0,1.0,0.0
2,20,1,5.0,5.0,乙,exception,distinction_loss,1,0,1,0,0.0,1.0,0.0
2,20,1,5.0,5.0,乙,exception,selection_error,5,0,5,0,0.0,1.0,0.0
2,20,1,5.0,5.0,乙,normal,selection_error,3,0,3,0,0.0,1.0,0.0
2,20,1,5.0,5.0,甲,exception,distinction_loss,3,0,3,0,0.0,1.0,0.0
2,20,1,5.0,5.0,甲,exception,selection_error,4,0,4,0,0.0,1.0,0.0
2,20,1,5.0,5.0,甲,normal,distinction_loss,1,0,1,0,0.0,1.0,0.0
2,20,1,5.0,5.0,甲,normal,selection_error,1,0,1,0,0.0,1.0,0.0
2,20,1,20.0,0.5,乙,exception,distinction_loss,1,0,1,0,0.0,1.0,0.0
2,20,1,20.0,0.5,乙,exception,selection_error,5,0,5,0,0.0,1.0,0.0
2,20,1,20.0,0.5,乙,normal,selection_error,3,0,3,0,0.0,1.0,0.0
2,20,1,20.0,0.5,甲,exception,distinction_loss,3,0,3,0,0.0,1.0,0.0
2,20,1,20.0,0.5,甲,exception,selection_error,4,0,4,0,0.0,1.0,0.0
2,20,1,20.0,0.5,甲,normal,distinction_loss,1,0,1,0,0.0,1.0,0.0
2,20,1,20.0,0.5,甲,normal,selection_error,1,0,1,0,0.0,1.0,0.0
2,20,1,20.0,1.0,乙,exception,distinction_loss,1,0,1,0,0.0,1.0,0.0
2,20,1,20.0,1.0,乙,exception,selection_error,5,0,5,0,0.0,1.0,0.0
2,20,1,20.0,1.0,乙,normal,selection_error,3,0,3,0,0.0,1.0,0.0
2,20,1,20.0,1.0,甲,exception,distinction_loss,3,0,3,0,0.0,1.0,0.0
2,20,1,20.0,1.0,甲,exception,selection_error,4,0,4,0,0.0,1.0,0.0
2,20,1,20.0,1.0,甲,normal,distinction_loss,1,0,1,0,0.0,1.0,0.0
2,20,1,20.0,1.0,甲,normal,selection_error,1,0,1,0,0.0,1.0,0.0
2,20,1,20.0,2.0,乙,exception,distinction_loss,1,0,1,0,0.0,1.0,0.0
2,20,1,20.0,2.0,乙,exception,selection_error,5,0,5,0,0.0,1.0,0.0
2,20,1,20.0,2.0,乙,normal,selection_error,3,0,3,0,0.0,1.0,0.0
2,20,1,20.0,2.0,甲,exception,distinction_loss,3,0,3,0,0.0,1.0,0.0
2,20,1,20.0,2.0,甲,exception,selection_error,4,0,4,0,0.0,1.0,0.0
2,20,1,20.0,2.0,甲,normal,distinction_loss,1,0,1,0,0.0,1.0,0.0
2,20,1,20.0,2.0,甲,normal,selection_error,1,0,1,0,0.0,1.0,0.0
2,20,1,20.0,5.0,乙,exception,distinction_loss,1,0,1,0,0.0,1.0,0.0
2,20,1,20.0,5.0,乙,exception,selection_error,5,0,5,0,0.0,1.0,0.0
2,20,1,20.0,5.0,乙,normal,selection_error,3,0,3,0,0.0,1.0,0.0
2,20,1,20.0,5.0,甲,exception,distinction_loss,3,0,3,0,0.0,1.0,0.0
2,20,1,20.0,5.0,甲,exception,selection_error,4,0,4,0,0.0,1.0,0.0
2,20,1,20.0,5.0,甲,normal,distinction_loss,1,0,1,0,0.0,1.0,0.0
2,20,1,20.0,5.0,甲,normal,selection_error,1,0,1,0,0.0,1.0,0.0
2,20,2,5.0,0.5,乙,exception,distinction_loss,1,0,1,0,0.0,1.0,0.0
2,20,2,5.0,0.5,乙,exception,selection_error,5,0,5,0,0.0,1.0,0.0
2,20,2,5.0,0.5,乙,normal,selection_error,3,0,3,0,0.0,1.0,0.0
2,20,2,5.0,0.5,甲,exception,distinction_loss,3,0,3,0,0.0,1.0,0.0
2,20,2,5.0,0.5,甲,exception,selection_error,4,0,4,0,0.0,1.0,0.0
2,20,2,5.0,0.5,甲,normal,distinction_loss,1,0,1,0,0.0,1.0,0.0
2,20,2,5.0,0.5,甲,normal,selection_error,1,0,1,0,0.0,1.0,0.0
2,20,2,5.0,1.0,乙,exception,distinction_loss,1,0,1,0,0.0,1.0,0.0
2,20,2,5.0,1.0,乙,exception,selection_error,5,0,5,0,0.0,1.0,0.0
2,20,2,5.0,1.0,乙,normal,selection_error,3,0,3,0,0.0,1.0,0.0
2,20,2,5.0,1.0,甲,exception,distinction_loss,3,0,3,0,0.0,1.0,0.0
2,20,2,5.0,1.0,甲,exception,selection_error,4,0,4,0,0.0,1.0,0.0
2,20,2,5.0,1.0,甲,normal,distinction_loss,1,0,1,0,0.0,1.0,0.0
2,20,2,5.0,1.0,甲,normal,selection_error,1,0,1,0,0.0,1.0,0.0
2,20,2,5.0,2.0,乙,exception,distinction_loss,1,0,1,0,0.0,1.0,0.0
2,20,2,5.0,2.0,乙,exception,selection_error,5,0,5,0,0.0,1.0,0.0
2,20,2,5.0,2.0,乙,normal,selection_error,3,0,3,0,0.0,1.0,0.0
2,20,2,5.0,2.0,甲,exception,distinction_loss,3,0,3,0,0.0,1.0,0.0
2,20,2,5.0,2.0,甲,exception,selection_error,4,0,4,0,0.0,1.0,0.0
2,20,2,5.0,2.0,甲,normal,distinction_loss,1,0,1,0,0.0,1.0,0.0
2,20,2,5.0,2.0,甲,normal,selection_error,1,0,1,0,0.0,1.0,0.0
2,20,2,5.0,5.0,乙,exception,distinction_loss,1,0,1,0,0.0,1.0,0.0
2,20,2,5.0,5.0,乙,exception,selection_error,5,0,5,0,0.0,1.0,0.0
2,20,2,5.0,5.0,乙,normal,selection_error,3,0,3,0,0.0,1.0,0.0
2,20,2,5.0,5.0,甲,exception,distinction_loss,3,0,3,0,0.0,1.0,0.0
2,20,2,5.0,5.0,甲,exception,selection_error,4,0,4,0,0.0,1.0,0.0
2,20,2,5.0,5.0,甲,normal,distinction_loss,1,0,1,0,0.0,1.0,0.0
2,20,2,5.0,5.0,甲,normal,selection_error,1,0,1,0,0.0,1.0,0.0
2,20,2,20.0,0.5,乙,exception,distinction_loss,1,0,1,0,0.0,1.0,0.0
2,20,2,20.0,0.5,乙,exception,selection_error,5,0,5,0,0.0,1.0,0.0
2,20,2,20.0,0.5,乙,normal,selection_error,3,0,3,0,0.0,1.0,0.0
2,20,2,20.0,0.5,甲,exception,distinction_loss,3,0,3,0,0.0,1.0,0.0
2,20,2,20.0,0.5,甲,exception,selection_error,4,0,4,0,0.0,1.0,0.0
2,20,2,20.0,0.5,甲,normal,distinction_loss,1,0,1,0,0.0,1.0,0.0
2,20,2,20.0,0.5,甲,normal,selection_error,1,0,1,0,0.0,1.0,0.0
2,20,2,20.0,1.0,乙,exception,distinction_loss,1,0,1,0,0.0,1.0,0.0
2,20,2,20.0,1.0,乙,exception,selection_error,5,0,5,0,0.0,1.0,0.0
2,20,2,20.0,1.0,乙,normal,selection_error,3,0,3,0,0.0,1.0,0.0
2,20,2,20.0,1.0,甲,exception,distinction_loss,3,0,3,0,0.0,1.0,0.0
2,20,2,20.0,1.0,甲,exception,selection_error,4,0,4,0,0.0,1.0,0.0
2,20,2,20.0,1.0,甲,normal,distinction_loss,1,0,1,0,0.0,1.0,0.0
2,20,2,20.0,1.0,甲,normal,selection_error,1,0,1,0,0.0,1.0,0.0
2,20,2,20.0,2.0,乙,exception,distinction_loss,1,0,1,0,0.0,1.0,0.0
2,20,2,20.0,2.0,乙,exception,selection_error,5,0,5,0,0.0,1.0,0.0
2,20,2,20.0,2.0,乙,normal,selection_error,3,0,3,0,0.0,1.0,0.0
2,20,2,20.0,2.0,甲,exception,distinction_loss,3,0,3,0,0.0,1.0,0.0
2,20,2,20.0,2.0,甲,exception,selection_error,4,0,4,0,0.0,1.0,0.0
2,20,2,20.0,2.0,甲,normal,distinction_loss,1,0,1,0,0.0,1.0,0.0
2,20,2,20.0,2.0,甲,normal,selection_error,1,0,1,0,0.0,1.0,0.0
2,20,2,20.0,5.0,乙,exception,distinction_loss,1,0,1,0,0.0,1.0,0.0
2,20,2,20.0,5.0,乙,exception,selection_error,5,0,5,0,0.0,1.0,0.0
2,20,2,20.0,5.0,乙,normal,selection_error,3,1,2,0,0.3333333333333333,0.6666666666666666,0.0
2,20,2,20.0,5.0,甲,exception,distinction_loss,3,0,3,0,0.0,1.0,0.0
2,20,2,20.0,5.0,甲,exception,selection_error,4,0,4,0,0.0,1.0,0.0
2,20,2,20.0,5.0,甲,normal,distinction_loss,1,0,1,0,0.0,1.0,0.0
2,20,2,20.0,5.0,甲,normal,selection_error,1,0,1,0,0.0,1.0,0.0
