row,world,seed,run,version,trial,trial_count,half,truth_predicate,predicted_predicate,ledger_R_used,selected_R,attention_door_task,attention_shop_cue,n_candidates,n_correct,all_penalties_zero,a_before_nonzero_keys,chosen_gate_passed,chosen_hit,chosen_seal_slots,chosen_seal_state,chosen_seal_name,chosen_seal_history,chosen_seal_history_total,chosen_seal_state_side,chosen_q,chosen_q_exact,chosen_penalty,chosen_z,correct_R,correct_seal_slots,correct_seal_state,correct_seal_name,correct_seal_history,correct_seal_history_total,correct_seal_state_side,correct_q,correct_penalty,correct_z,correct_best_z,correct_best_q,z_chosen_minus_best_correct,q_chosen_minus_best_correct
1a,2,1,wave1_1a_w2_s1_c792,c7921598,113,1740,前半,hold_b,hold,R_7b6b1008b48c1115,R_7b6b1008b48c1115,True,e,13,2,False,15,True,False,6,F,sig_n,,,F,0.11529989215961675,610312823761609/5293264480392708,-0.008610279747472237,-2.1516085072626323,R_9075d2f1da15b9b3;R_5ccd1331eec89856,9;5,U;F,;sig_e,;,;,U;F,0.013474448097162384;0.007086777487225721,-0.004052473781269893;-0.031123727659652194,-4.3029076467835585;-4.918400829302677,-4.3029076467835585,0.013474448097162384,2.151299139520926,0.10182544406245436
1a,2,1,wave1_1a_w2_s1_c792,c7921598,121,1740,前半,hold_b,hold,R_7b6b1008b48c1115,R_7b6b1008b48c1115,True,e,13,2,False,15,True,False,6,F,sig_n,,,F,0.11541047662885602,2443627221902663/21173356988733588,-0.008600539962545116,-2.15065960372096,R_9075d2f1da15b9b3;R_5ccd1331eec89856,9;5,U;F,;sig_e,;,;,U;F,0.013474265601984921;0.007173995472349446,-0.004065728608109938;-0.03100631128841204,-4.3029079358445275;-4.9062862197032295,-4.3029079358445275,0.013474265601984921,2.1522483321235675,0.1019362110268711
1a,2,1,wave1_1a_w2_s1_c792,c7921598,130,1740,前半,hold_b,hold,R_7b6b1008b48c1115,R_7b6b1008b48c1115,True,e,13,2,False,16,True,False,6,F,sig_n,,,F,0.11557356008986709,4894022235456395/42345517708816156,-0.0239392711181334,-2.13390879673168,R_9075d2f1da15b9b3;R_5ccd1331eec89856,9;5,U;F,;sig_e,;,;,U;F,0.013475294598427666;0.007174288062886374,-0.019500633692322644;-0.06786568209601766,-4.287396666141702;-4.869386064848356,-4.287396666141702,0.013475294598427666,2.153487869410022,0.10209826549143942
1a,2,1,wave1_1a_w2_s1_c792,c7921598,230,1740,前半,hold,hold_b,R_9d6e4b5f291af53c,R_9d6e4b5f291af53c,True,e,14,1,False,16,True,False,7,U,,,,U,0.01621184072740206,5150218259510603/317682510339831264,-0.08032884025113868,-4.041684554377737,R_9bc40d505af93c42,11,U,,,,U,0.013477074641609342,-0.019129349647761012,-4.287635862118724,-4.287635862118724,0.013477074641609342,0.24595130774098717,0.0027347660857927197
1a,2,1,wave1_1a_w2_s1_c792,c7921598,241,1740,前半,hold,hold_b,R_9d6e4b5f291af53c,R_9d6e4b5f291af53c,True,e,14,1,False,16,True,False,7,U,,,,U,0.013878104582373046,4408831102486985/317682510339831264,-0.08009785025750366,-4.197345040436713,R_9bc40d505af93c42,11,U,,,,U,0.013399533514982877,-0.012594788771498333,-4.299940596174446,-4.299940596174446,0.013399533514982877,0.10259555573773316,0.00047857106739016903
1a,2,1,wave1_1a_w2_s1_c792,c7921598,254,1740,前半,hold,hold_b,R_9d6e4b5f291af53c,R_9d6e4b5f291af53c,True,e,14,1,False,16,True,False,7,U,,,,U,0.013452907851233415,8547635821435933/635374590828870656,-0.0658798254941693,-4.242680173689622,R_9bc40d505af93c42,11,U,,,,U,0.013399258848609154,-0.012640755600520092,-4.299915127759682,-4.299915127759682,0.013399258848609154,0.05723495407006052,5.364900262426195e-05
1a,2,1,wave1_1a_w2_s1_c792,c7921598,427,1740,前半,hold_b,push,R_7b6b1008b48c1115,R_7b6b1008b48c1115,True,e,15,1,False,13,True,False,6,F,sig_n,,,F,0.1136362871849154,802009230186157/7057685973856944,-0.11161186787096618,-2.0631405263861655,R_5ccd1331eec89856,5,U,,,,U,0.0004579278833652596,-0.041739510825184956,-7.6470593353241965,-7.6470593353241965,0.0004579278833652596,5.583918808938031,0.11317835930155014
1a,2,1,wave1_1a_w2_s1_c792,c7921598,432,1740,前半,hold_b,push,R_7b6b1008b48c1115,R_7b6b1008b48c1115,True,e,15,1,False,14,True,False,6,F,sig_n,,,F,0.11367085742049278,1203396821689765/10586678494366794,-0.10300580064423434,-2.071442421600144,R_5ccd1331eec89856,5,U,,,,U,0.0004579779774776852,-0.041740101967938203,-7.646949357148086,-7.646949357148086,0.0004579779774776852,5.575506935547942,0.1132128794430151
1a,2,1,wave1_1a_w2_s1_c792,c7921598,651,1740,前半,hold_b,push,R_7b6b1008b48c1115,R_7b6b1008b48c1115,True,e,17,1,False,9,True,False,6,F,sig_n,,,F,0.11490135651576434,4865626153550677/42346115843141664,-0.21010329221948845,-1.9535779959222392,R_5ccd1331eec89856,5,U,,,,U,0.0004578433218317282,-0.18168311760935363,-7.507300406838038,-7.507300406838038,0.0004578433218317282,5.553722410915799,0.11444351319393262
1a,2,1,wave1_1a_w2_s1_c792,c7921598,657,1740,前半,hold_b,push,R_7b6b1008b48c1115,R_7b6b1008b48c1115,True,e,17,1,False,9,True,False,6,F,sig_n,,,F,0.11492193918608329,811094414741491/7057785662911196,-0.21006986413569376,-1.9534323066514496,R_5ccd1331eec89856,5,U,,,,U,0.000457855604128151,-0.181650579326774,-7.507306119062236,-7.507306119062236,0.000457855604128151,5.553873812410787,0.11446408358195514
1a,2,1,wave1_1a_w2_s1_c792,c7921598,849,1740,前半,hold_b,lift,R_7b6b1008b48c1115,R_7b6b1008b48c1115,True,e,19,1,False,16,True,False,6,F,sig_n,,,F,0.11545172015998124,4888862860547773/42345517708816156,-0.20739455275906896,-1.9515082909235035,R_5ccd1331eec89856,5,U,,,,U,0.000457763742505782,-0.17868535847422298,-7.51047199452746,-7.51047199452746,0.000457763742505782,5.558963703603957,0.11499395641747547
1a,2,1,wave1_1a_w2_s1_c792,c7921598,884,1740,後半,hold_b,push,R_7b6b1008b48c1115,R_7b6b1008b48c1115,True,e,18,1,False,16,True,False,6,F,sig_n,,,F,0.11551788634576647,2445832350969833/21172758854408078,-0.20667538982904807,-1.9516545110443275,R_5ccd1331eec89856,5,U,,,,U,0.0004577922110713703,-0.17963526028761206,-7.509459904126938,-7.509459904126938,0.0004577922110713703,5.557805393082611,0.1150600941346951
1a,2,1,wave1_1a_w2_s1_c792,c7921598,930,1740,後半,hold_b,push,R_7b6b1008b48c1115,R_7b6b1008b48c1115,True,e,17,1,False,16,True,False,6,F,sig_n,,,F,0.11559566521068579,4895027429976721/42346115843141664,-0.2079931502015249,-1.949663671422868,R_5ccd1331eec89856,5,U,,,,U,0.00045782225812306495,-0.18062862409324157,-7.508400907781159,-7.508400907781159,0.00045782225812306495,5.558737236358291,0.11513784295256271
1a,2,1,wave1_1a_w2_s1_c792,c7921598,1527,1740,後半,hold_b,lift,R_7b6b1008b48c1115,R_7b6b1008b48c1115,True,e,18,1,False,16,True,False,6,F,sig_n,,,F,0.11620880633051849,2460495787432675/21173057921570832,-0.21962628429421582,-1.9327403671647991,R_8b0d2a6b7293001d_t1254,4,H,,sig_e:18,18,H,0.01942597145716454,-0.3928027663680899,-3.5483416069459865,-3.5483416069459865,0.01942597145716454,1.6156012397811874,0.09678283487335394
1a,2,2,wave1_1a_w2_s2_c792,c7921598,27,1740,前半,hold_b,hold,R_7b6b1008b48c1115,R_7b6b1008b48c1115,True,e,11,2,False,16,True,False,6,F,sig_n,,,F,0.10838152086644025,4589471611158273/42345517708816156,-0.029364412585296377,-2.1927332636350547,R_48939b4afa3d5c42;R_48939b4afa3d5c42_t10,2;6,U;U,;,;,;,U;U,0.013395826225310414;0.013394731083143646,-0.017394478403671743;-0.01693674882396477,-4.295417617863341;-4.295957103276252,-4.295417617863341,0.013395826225310414,2.1026843542282867,0.09498569464112983
1a,2,2,wave1_1a_w2_s2_c792,c7921598,71,1740,前半,hold_b,hold,R_7b6b1008b48c1115,R_7b6b1008b48c1115,True,e,12,3,False,16,True,False,6,F,sig_n,,,F,0.1139145263597197,4823837729445305/42346115843141664,-0.03080633007449371,-2.141500550504718,R_2327f056ad0db4ad;R_48939b4afa3d5c42;R_48939b4afa3d5c42_t10,1;2;6,F;U;U,sig_n;;,;;,;;,F;U;U,0.006965090883468389;0.013396055037336933;0.013394855724170719,-0.02502618451497538;-0.019016937459288914;-0.01858007375927388,-4.94181843872492;-4.293778078108965;-4.2943044731562106,-4.293778078108965,0.013396055037336933,2.152277527604247,0.10051847132238277
1a,2,2,wave1_1a_w2_s2_c792,c7921598,214,1740,前半,hold,hold_b,R_cb63a1ebfc31098d,R_cb63a1ebfc31098d,True,e,14,1,False,16,True,False,1,F,sig_n,,,F,0.117168480997303,206737506331962/1764446415727799,-0.07773252049156228,-2.066409850986864,R_0e5d236bf5b42b15,6,F,sig_e,,,F,0.0784313223671663,-0.13020571438019451,-2.415326197043075,-2.415326197043075,0.0784313223671663,0.34891634605621125,0.0387371586301367
1a,2,2,wave1_1a_w2_s2_c792,c7921598,369,1740,前半,hold_b,hold,R_7b6b1008b48c1115_t157,R_7b6b1008b48c1115_t157,True,e,15,3,False,16,True,False,16,H,,sig_n:80,80,H,0.11402901295777985,2414308793761247/21172758854408078,-0.04138563060858563,-2.129916732728945,R_48939b4afa3d5c42;R_48939b4afa3d5c42_t10;R_8b0d2a6b7293001d,2;6;11,U;U;U,;;,;;,;;,U;U;U,0.01339884211631786;0.01339634953124566;0.0010786335580720854,-0.0473832045825;-0.043308356001590824;-0.10304790316847956,-4.265203780406274;-4.269464676178947;-6.7290123597565135,-4.265203780406274,0.01339884211631786,2.135287047677329,0.100630170841462
1a,2,2,wave1_1a_w2_s2_c792,c7921598,463,1740,前半,hold_b,hold,R_7b6b1008b48c1115_t157,R_7b6b1008b48c1115_t157,True,e,15,3,False,16,True,False,16,H,,"sig_e:1,sig_n:115",116,H,0.12180115878806795,2578902989934209/21173057921570832,-0.1283461040939344,-1.9770193057983199,R_48939b4afa3d5c42;R_48939b4afa3d5c42_t10;R_8b0d2a6b7293001d,2;6;11,U;U;U,;;,;;,;;,U;U;U,0.013398446401708354;0.013395910641515468;0.000521211624903245,-0.04900154625073106;-0.041919093045428915;-0.08375857626661726,-4.263614972667139;-4.270886701561824;-7.475595832583565,-4.263614972667139,0.013398446401708354,2.2865956668688194,0.10840271238635961
1a,2,2,wave1_1a_w2_s2_c792,c7921598,494,1740,前半,hold_b,hold,R_7b6b1008b48c1115_t157,R_7b6b1008b48c1115_t157,True,e,15,3,False,16,True,False,16,H,,"sig_e:2,sig_n:130",132,H,0.12728096559918897,1347444595693919/10586379427204039,-0.1478424753785308,-1.9135158331855908,R_48939b4afa3d5c42;R_48939b4afa3d5c42_t10;R_8b0d2a6b7293001d,2;6;11,U;U;U,;;,;;,;;,U;U;U,0.013398796498130278;0.013396266057114109;0.0005211689878781758,-0.051345815532188616;-0.044393455938152734;-0.0849618917329943,-4.261244574098931;-4.268385807372098;-7.474474324135795,-4.261244574098931,0.013398796498130278,2.3477287409133396,0.11388216910105868
1a,2,2,wave1_1a_w2_s2_c792,c7921598,623,1740,前半,hold,hold_b,R_cb63a1ebfc31098d,R_cb63a1ebfc31098d,True,e,15,2,False,12,True,False,1,F,sig_n,,,F,0.11717013598947777,34456251055327/294070248910706,-0.44493261875228335,-1.6991956279336007,R_0e5d236bf5b42b15;R_0e5d236bf5b42b15_t359,6;5,U;U,;,;,;,U;U,0.006923071587222838;0.011480388108368168,-0.4409195096905056;-0.4465958430703164,-4.531976227157679;-4.020519238242713,-4.020519238242713,0.011480388108368168,2.321323610309112,0.1056897478811096
1a,2,2,wave1_1a_w2_s2_c792,c7921598,666,1740,前半,hold,hold_b,R_cb63a1ebfc31098d,R_cb63a1ebfc31098d,True,e,15,2,False,16,True,False,1,F,sig_n,,,F,0.117168480997303,206737506331962/1764446415727799,-0.4571647469640731,-1.686977624514353,R_0e5d236bf5b42b15;R_0e5d236bf5b42b15_t359,6;5,U;U,;,;,;,U;U,0.0069232254613981;0.007947932243879761,-0.452566678923225;-0.46708215326000363,-4.520306831885069;-4.367761325995956,-4.367761325995956,0.007947932243879761,2.6807837014816034,0.10922054875342324
1a,2,2,wave1_1a_w2_s2_c792,c7921598,672,1740,前半,hold,hold_b,R_cb63a1ebfc31098d,R_cb63a1ebfc31098d,True,e,15,2,False,12,True,False,1,F,sig_n,,,F,0.117168480997303,206737506331962/1764446415727799,-0.46935412242102986,-1.6747882490573964,R_0e5d236bf5b42b15;R_0e5d236bf5b42b15_t359,6;5,U;U,;,;,;,U;U,0.006923359856931568;0.008269715357188899,-0.4652227037602026;-0.4851448797374169,-4.50763139496484;-4.310010309521059,-4.310010309521059,0.008269715357188899,2.6352220604636623,0.1088987656401141
1a,2,2,wave1_1a_w2_s2_c792,c7921598,704,1740,前半,hold,hold_b,R_cb63a1ebfc31098d,R_cb63a1ebfc31098d,True,e,14,2,False,12,True,False,1,F,sig_n,,,F,0.117168480997303,206737506331962/1764446415727799,-0.48235472063293006,-1.661787650845496,R_0e5d236bf5b42b15;R_0e5d236bf5b42b15_t359,6;5,U;U,;,;,;,U;U,0.006923119587148449;0.006795537019794215,-0.47798959343549446;-0.5035119215151403,-4.494899210108794;-4.487977281376096,-4.487977281376096,0.006923119587148449,2.8261896305305996,0.11024536141015455
1a,2,2,wave1_1a_w2_s2_c792,c7921598,763,1740,前半,hold,hold_b,R_cb63a1ebfc31098d,R_cb63a1ebfc31098d,True,e,13,2,False,15,True,False,1,F,sig_n,,,F,0.117168480997303,206737506331962/1764446415727799,-0.4455716165369907,-1.6985707549414355,R_0e5d236bf5b42b15;R_0e5d236bf5b42b15_t359,6;5,U;U,;,;,;,U;U,0.007121371731259666;0.006762661463928259,-0.43283776115934536;-0.43218554181704816,-4.511817152070463;-4.564153216911054,-4.511817152070463,0.007121371731259666,2.813246397129027,0.11004710926604333
1a,2,2,wave1_1a_w2_s2_c792,c7921598,841,1740,前半,hold,hold_b,R_cb63a1ebfc31098d,R_cb63a1ebfc31098d,True,e,15,3,False,12,True,False,1,F,sig_n,,,F,0.117168480997303,206737506331962/1764446415727799,-0.6083174337786295,-1.5358249376997968,R_0e5d236bf5b42b15;R_0e5d236bf5b42b15_t359;R_3ad0209336a6e37e,6;5;3,U;U;F,;;sig_e,;;,;;,U;U;F,0.0073039461884332945;0.006762751672687607;0.09191596614171531,-0.60342582530237;-0.6016567995014431;-0.7536331234931206,-4.315914677824796;-4.394668620076359;-1.6332474073575576,-1.6332474073575576,0.09191596614171531,0.0974224696577608,0.02525251485558768
1a,2,2,wave1_1a_w2_s2_c792,c7921598,883,1740,後半,hold,hold_b,R_cb63a1ebfc31098d,R_cb63a1ebfc31098d,True,e,16,3,False,12,True,False,1,F,sig_n,,,F,0.117168480997303,206737506331962/1764446415727799,-0.6083624954827457,-1.5357798759956807,R_0e5d236bf5b42b15;R_0e5d236bf5b42b15_t359;R_3ad0209336a6e37e,6;5;3,U;U;F,;;sig_e,;;,;;,U;U;F,0.007383006270921592;0.006762699410844284;0.09191839670736278,-0.6037160214279969;-0.6016249533252314;-0.7540274570182205,-4.304858348104373;-4.394708194178686;-1.6328266308366008,-1.6328266308366008,0.09191839670736278,0.09704675484092018,0.02525008428994022
1a,2,2,wave1_1a_w2_s2_c792,c7921598,906,1740,後半,hold,hold_b,R_cb63a1ebfc31098d,R_cb63a1ebfc31098d,True,e,17,3,False,12,True,False,1,F,sig_n,,,F,0.11717179102840637,1240425037991772/10586379427204039,-0.6082380336530757,-1.5358760880407532,R_0e5d236bf5b42b15;R_0e5d236bf5b42b15_t359;R_3ad0209336a6e37e,6;5;3,U;U;F,;;sig_e,;;,;;,U;U;F,0.007383022721888297;0.0067628522545895;0.09192571376789435,-0.6035292413813854;-0.6014387797293523;-0.7549322974487481,-4.305042899932862;-4.394871767033537;-1.6318421896996211,-1.6318421896996211,0.09192571376789435,0.09596610165886799,0.025246077260512017
1a,2,2,wave1_1a_w2_s2_c792,c7921598,920,1740,後半,hold,hold_b,R_cb63a1ebfc31098d,R_cb63a1ebfc31098d,True,e,17,3,False,11,True,False,1,U,,,,U,0.13889263522205095,490130301739349/3528842986928472,-0.6477694331058751,-1.3262846196811489,R_0e5d236bf5b42b15;R_0e5d236bf5b42b15_t359;R_3ad0209336a6e37e,6;5;3,U;U;F,;;sig_e,;;,;;,U;U;F,0.0074554215629172174;0.006762749672648326;0.09192394229771875,-0.6120749031112057;-0.6096950608930866;-0.7903844375859518,-4.286738881577977;-4.386630654428176;-1.596409320418981,-1.596409320418981,0.09192394229771875,0.27012470073783224,0.04696869292433221
1a,2,2,wave1_1a_w2_s2_c792,c7921598,976,1740,後半,hold,hold_b,R_cb63a1ebfc31098d,R_cb63a1ebfc31098d,True,e,18,3,False,11,True,False,1,U,,,,U,0.13865534214792133,2935716123173383/21172758854408078,-0.6479016243537905,-1.3278623535726308,R_0e5d236bf5b42b15;R_0e5d236bf5b42b15_t359;R_3ad0209336a6e37e,6;5;3,U;U;F,;;sig_e,;;,;;,U;U;F,0.007455456866164294;0.006762359009831078;0.09191616457366714,-0.6122043557277416;-0.6072156072643988;-0.7909811319161201,-4.286604693727733;-4.3891678765859785;-1.5958972400959368,-1.5958972400959368,0.09191616457366714,0.268034886523306,0.046739177574254206
1a,2,2,wave1_1a_w2_s2_c792,c7921598,1060,1740,後半,hold,hold_b,R_cb63a1ebfc31098d,R_cb63a1ebfc31098d,True,e,20,2,False,16,True,False,1,U,,,,U,0.1388599184844413,5880261250995043/42346713977467176,-0.5464548398758845,-1.4278347948154235,R_0e5d236bf5b42b15_t359;R_3ad0209336a6e37e,5;3,U;U,;,;,;,U;U,0.0006347201175359654;0.004348639187175782,-0.36889588536098195;-0.5011307075802315,-6.993430530659627;-4.936761605777295,-4.936761605777295,0.004348639187175782,3.508926810961871,0.13451127929726553
1a,2,2,wave1_1a_w2_s2_c792,c7921598,1231,1740,後半,hold,hold_b,R_cb63a1ebfc31098d,R_cb63a1ebfc31098d,True,e,19,2,False,16,True,False,1,U,,,,U,0.13876587378512156,652910640708837/4705123982571296,-0.6087162727493634,-1.3662508544915242,R_0e5d236bf5b42b15_t359;R_3ad0209336a6e37e,5;3,U;U,;,;,;,U;U,0.0006346711390958118;0.005302956984742361,-0.4112015961380282;-0.5729750133980365,-6.951201988273213;-4.666515678956941,-4.666515678956941,0.005302956984742361,3.3002648244654167,0.13346291680037922
1a,2,2,wave1_1a_w2_s2_c792,c7921598,1310,1740,後半,hold,hold_b,R_cb63a1ebfc31098d,R_cb63a1ebfc31098d,True,e,20,2,False,16,True,False,1,U,,,,U,0.13849572755856096,5864673283926421/42345517708816156,-0.6531340879344121,-1.3237817138487682,R_0e5d236bf5b42b15_t359;R_3ad0209336a6e37e,5;3,U;U,;,;,;,U;U,0.0006347331020190262;0.004401940775862791,-0.44047525628295847;-0.582990873825743,-6.9218307029254404;-4.842718876058396,-4.842718876058396,0.004401940775862791,3.518937162209628,0.13409378678269818
1a,2,2,wave1_1a_w2_s2_c792,c7921598,1433,1740,後半,hold,hold_b,R_cb63a1ebfc31098d,R_cb63a1ebfc31098d,True,e,15,1,False,16,True,False,1,U,,,,U,0.1392251386882707,5895727126505399/42346713977467176,-0.4721563517025691,-1.4995066016594534,R_3ad0209336a6e37e,3,U,,,,U,0.0044010627045686255,-0.3712276619740493,-5.054681581480445,-5.054681581480445,0.0044010627045686255,3.5551749798209915,0.13482407598370208
1a,2,3,wave1_1a_w2_s3_c792,c7921598,351,1740,前半,hold_b,hold,R_7b6b1008b48c1115_t158,R_7b6b1008b48c1115_t158,True,e,10,1,False,16,True,False,13,F,sig_n,,,F,0.11607136773943441,2457585792182993/21173057921570832,-0.003235362232025648,-2.150314675692696,R_2616bfa67113bd38,14,F,sig_e,,,F,0.0071745665503938965,-0.03046994103011709,-4.906742989226086,-4.906742989226086,0.0071745665503938965,2.7564283135333905,0.10889680118904052
1a,2,3,wave1_1a_w2_s3_c792,c7921598,716,1740,前半,hold,hold_b,R_cb63a1ebfc31098d,R_cb63a1ebfc31098d,True,e,12,2,False,16,True,False,3,U,,,,U,0.13936937337650696,1967250543329209/14115371947713888,-0.11113986342374739,-1.859487644551688,R_0e5d236bf5b42b15;R_0e5d236bf5b42b15_t342,0;9,U;U,;,;,;,U;U,0.008417064405729173;0.011213224007442964,-0.04101846885009861;-0.10447021792498548,-4.736475688069077;-4.386191264301547,-4.386191264301547,0.011213224007442964,2.526703619749859,0.128156149369064
1a,2,3,wave1_1a_w2_s3_c792,c7921598,739,1740,前半,hold,hold_b,R_cb63a1ebfc31098d,R_cb63a1ebfc31098d,True,e,12,2,False,16,True,False,3,U,,,,U,0.14019570762611308,742103441463953/5293339247183397,-0.11118539889518159,-1.8535305220313736,R_0e5d236bf5b42b15;R_0e5d236bf5b42b15_t342,0;9,U;U,;,;,;,U;U,0.008414074343582644;0.011335500310541837,-0.041091726814235716;-0.10464076742335042,-4.736757731338268;-4.375175090016527,-4.375175090016527,0.011335500310541837,2.5216445679851534,0.12886020731557124
1a,2,4,wave1_1a_w2_s4_c792,c7921598,15,1740,前半,hold_b,hold,R_7b6b1008b48c1115,R_7b6b1008b48c1115,True,e,8,1,True,0,True,False,14,F,sig_n,,,F,0.0732204402185757,775139361980753/10586379427204039,0.0,-2.6142806590358494,R_2616bfa67113bd38,14,F,sig_e,,,F,0.007090200661425604,0.0,-4.949041636803955,-4.949041636803955,0.007090200661425604,2.3347609777681053,0.0661302395571501
1a,2,4,wave1_1a_w2_s4_c792,c7921598,280,1740,前半,hold_b,hold,R_7b6b1008b48c1115_t172,R_7b6b1008b48c1115_t172,True,e,12,1,False,16,True,False,8,F,sig_n,,,F,0.029269089408745015,2478829487757871/84691035417632312,-0.10996426026046696,-3.4212590285549287,R_8b0d2a6b7293001d,14,F,sig_e,,,F,0.02430262555377949,-0.2593904674662053,-3.4577804195255,-3.4577804195255,0.02430262555377949,0.0365213909705715,0.004966463854965528
1a,2,4,wave1_1a_w2_s4_c792,c7921598,291,1740,前半,hold_b,hold,R_7b6b1008b48c1115_t172,R_7b6b1008b48c1115_t172,True,e,12,1,False,16,True,False,8,U,,,,U,0.03271395125382669,923552224545735/28231142651644784,-0.18023863132322812,-3.2397150168943987,R_8b0d2a6b7293001d,14,F,sig_e,,,F,0.02451126288048967,-0.34029501965406744,-3.3683275380036437,-3.3683275380036437,0.02451126288048967,0.12861252110924504,0.008202688373337019
1a,2,4,wave1_1a_w2_s4_c792,c7921598,440,1740,前半,hold_b,hold,R_1d4532c404ae777e_t11,R_1d4532c404ae777e_t11,True,e,18,2,False,16,True,False,10,U,,,,U,0.013673413346356555,8769778804633172/641374511432435037,-0.09746813639443644,-4.194833826871758,R_0d2029ba5ef8463b;R_0d2029ba5ef8463b_t399,6;9,U;U,;,;,;,U;U,0.01069305430293131;0.0035713252363408815,-0.03587807539560291;-0.03554624120520444,-4.502282803462307;-5.5992722962071895,-4.502282803462307,0.01069305430293131,0.3074489765905488,0.0029803590434252436
1a,2,4,wave1_1a_w2_s4_c792,c7921598,478,1740,前半,hold,hold_b,R_cb63a1ebfc31098d_t431,R_cb63a1ebfc31098d_t431,True,e,19,2,False,11,True,False,1,F,sig_n,,,F,0.02926867598600947,2478829487757871/84692231686283328,-0.10865778363076284,-3.4225796301766875,R_0e5d236bf5b42b15;R_1d4532c404ae777e,5;8,U;U,;,;,;,U;U,0.0011308567277700048;0.0007041232490910881,-0.07974100585224064;-0.06500404555176247,-6.705038761500284;-7.193553101845727,-6.705038761500284,0.0011308567277700048,3.2824591313235967,0.028137819258239462
1a,2,4,wave1_1a_w2_s4_c792,c7921598,568,1740,前半,hold_b,hold,R_7515a685c55fba68,R_7515a685c55fba68,True,e,28,4,False,16,True,False,13,F,sig_n,,,F,0.10835594846673381,8605956675439951/79423020122259856,-0.14633412428320836,-2.0759995277460677,R_0d2029ba5ef8463b;R_0d2029ba5ef8463b_t399;R_9166e2f96690a9eb;R_fad8f670be5b8f88,6;9;3;5,U;U;U;U,;;;,;;;,;;;,U;U;U;U,0.010692356153838064;0.0035710521240453668;0.00045587438392930154;0.013475837635377337,-0.04927142905556569;-0.047245824587127574;-0.0374207894239622;-0.09825741756725317,-4.488954741894344;-5.587649189404945;-7.655872470815065;-4.208599584371675,-4.208599584371675,0.013475837635377337,2.1326000566256074,0.09488011083135647
1a,2,4,wave1_1a_w2_s4_c792,c7921598,627,1740,前半,hold_b,hold,R_7b6b1008b48c1115_t591,R_7b6b1008b48c1115_t591,True,e,30,4,False,14,True,False,2,F,sig_n,,,F,0.11717013598947777,34456251055327/294070248910706,-0.1278225046842605,-2.0163057420016233,R_0d2029ba5ef8463b;R_0d2029ba5ef8463b_t399;R_9166e2f96690a9eb;R_fad8f670be5b8f88,6;9;3;5,U;U;U;U,;;;,;;;,;;;,U;U;U;U,0.010691763556829076;0.0004116319784077015;0.00019230537597535437;0.013476286022396332,-0.06623889525714133;-0.059830209299052695;-0.048480986142895414;-0.11493411223017548,-4.472042699719303;-7.735550654798821;-8.507944963427322;-4.19188961685614,-4.19188961685614,0.013476286022396332,2.175583874854517,0.10369384996708145
1a,2,4,wave1_1a_w2_s4_c792,c7921598,632,1740,前半,hold_b,hold,R_7b6b1008b48c1115_t591,R_7b6b1008b48c1115_t591,True,e,30,4,False,14,True,False,2,F,sig_n,,,F,0.11717013598947777,34456251055327/294070248910706,-0.12782350335222484,-2.016304743333659,R_0d2029ba5ef8463b;R_0d2029ba5ef8463b_t399;R_9166e2f96690a9eb;R_fad8f670be5b8f88,6;9;3;5,U;U;U;U,;;;,;;;,;;;,U;U;U;U,0.010692653097579443;4.059112790152995e-05;0.0001924012486343896;0.013476362184669586,-0.06625990107109198;-0.0042809693691441605;-0.048504381097858;-0.11496319420070324,-4.4719384986734925;-10.10768007046028;-8.507423148872139;-4.191854883324202,-4.191854883324202,0.013476362184669586,2.1755501399905435,0.10369377380480818
1a,2,5,wave1_1a_w2_s5_c792,c7921598,27,1740,前半,hold_b,hold,R_7b6b1008b48c1115,R_7b6b1008b48c1115,True,e,11,2,False,14,True,False,8,F,sig_n,,,F,0.08786840818985296,7441876698542075/84693427954934352,-0.012606237003755518,-2.419308708147942,R_f01430941315e565;R_4767122da6895de8,7;8,U;U,;,;,;,U;U,0.00938754059650499;0.013750120226685156,-0.0030624534075869487;-0.0047465347771671485,-4.665309483965819;-4.281961176371696,-4.281961176371696,0.013750120226685156,1.8626524682237537,0.0741182879631678
1a,2,6,wave1_1a_w2_s6_c792,c7921598,57,1740,前半,hold_b,hold,R_7b6b1008b48c1115,R_7b6b1008b48c1115,True,e,9,2,False,16,True,False,14,F,sig_n,,,F,0.10891292204342054,2305987034554289/21172758854408078,-0.010295849256272771,-2.20691074710726,R_c9218d4e01f32519;R_a944abbc1a89c9ec,;4,なし;U,;,;,;,;U,0.008362327721143996;0.0033307376001242574,-0.0013420002917430753;-0.0010826653346429859,-4.782676454806226;-5.70347883264417,-4.782676454806226,0.008362327721143996,2.5757657076989657,0.10055059432227655
1a,2,6,wave1_1a_w2_s6_c792,c7921598,85,1740,前半,hold,hold_b,R_cb63a1ebfc31098d,R_cb63a1ebfc31098d,True,e,9,1,False,15,True,False,5,F,sig_n,,,F,0.1145831804554692,4852221169376261/42346713977467176,-0.006271771674169917,-2.1601824812030004,R_9bc40d505af93c42,0,U,,,,U,0.013750679050561357,-0.0026082263009121827,-4.284058844292696,-4.284058844292696,0.013750679050561357,2.1238763630896957,0.10083250140490783
1a,2,6,wave1_1a_w2_s6_c792,c7921598,95,1740,前半,hold,hold_b,R_cb63a1ebfc31098d,R_cb63a1ebfc31098d,True,e,9,1,False,15,True,False,5,F,sig_n,,,F,0.1148585620384153,2431872636403437/21172758854408078,-0.006265822317240153,-2.1577879805617246,R_9bc40d505af93c42,0,U,,,,U,0.013751564601589576,-0.0026075893403685706,-4.283995082796174,-4.283995082796174,0.013751564601589576,2.1262071022344498,0.10110699743682572
1a,2,6,wave1_1a_w2_s6_c792,c7921598,134,1740,前半,hold,push,R_cb63a1ebfc31098d,R_cb63a1ebfc31098d,True,e,9,1,False,16,True,False,5,F,sig_n,,,F,0.1156529599900211,4897522817344879/42346713977467176,-0.02620559583031581,-2.1309557004221276,R_9bc40d505af93c42,0,U,,,,U,0.013750831554348692,-0.01779299369952849,-4.268862986318764,-4.268862986318764,0.013750831554348692,2.1379072858966364,0.10190212843567242
1a,2,6,wave1_1a_w2_s6_c792,c7921598,296,1740,前半,hold,hold_b,R_cb63a1ebfc31098d_t152,R_cb63a1ebfc31098d_t152,True,e,13,2,False,8,True,False,11,F,sig_n,,,F,0.1156529599900211,4897522817344879/42346713977467176,-0.012528928445312731,-2.1446323678071306,R_9bc40d505af93c42;R_318bd7a438f80cc5,0;1,U;U,;,;,;,U;U,0.01364603255803537;0.01781347171872426,-0.01257027538403589;-0.0044915135313132026,-4.2817361793044935;-4.023308756279761,-4.023308756279761,0.01781347171872426,1.87867638847263,0.09783948827129685
1a,2,6,wave1_1a_w2_s6_c792,c7921598,417,1740,前半,hold_b,hold,R_7b6b1008b48c1115_t295,R_7b6b1008b48c1115_t295,True,e,14,1,False,15,True,False,4,F,sig_n,,,F,0.0242366754780395,4105374256932925/169386855909868704,-0.05823424131836021,-3.6616540361145136,R_8b0d2a6b7293001d,10,F,sig_e,,,F,0.019083809163036543,-0.12220417691484001,-3.8367108143043205,-3.8367108143043205,0.019083809163036543,0.17505677818980692,0.005152866315002957
1a,2,6,wave1_1a_w2_s6_c792,c7921598,566,1740,前半,hold,hold_b,R_cb63a1ebfc31098d_t152,R_cb63a1ebfc31098d_t152,True,e,15,2,False,15,True,False,11,U,,,,U,0.10940037219551924,144771276071071/1323316120098177,-0.10847558694645382,-2.104265399900763,R_318bd7a438f80cc5;R_0e5d236bf5b42b15,1;12,U;U,;,;,;,U;U,0.017814164380312112;0.07673933543550404,-0.04200661353917753;-0.17846902323016195,-3.9857547728845173;-2.3888718309197925,-2.3888718309197925,0.07673933543550404,0.2846064310190295,0.0326610367600152
1a,2,6,wave1_1a_w2_s6_c792,c7921598,691,1740,前半,hold_b,lift,R_8b0d2a6b7293001d_t603,R_8b0d2a6b7293001d_t603,True,e,17,1,False,12,True,False,2,F,sig_e,,,F,0.8498055690770737,2249122817017793/2646632240196354,-0.46249167260357404,0.2997439746780315,R_8b0d2a6b7293001d,10,U,,,,U,0.009319173707362571,-0.03752732912994738,-4.638153983093352,-4.638153983093352,0.009319173707362571,4.9378979577713835,0.8404863953697111
1a,2,6,wave1_1a_w2_s6_c792,c7921598,806,1740,前半,hold_b,hold,R_7b6b1008b48c1115_t732,R_7b6b1008b48c1115_t732,True,e,22,1,False,16,True,False,13,F,sig_n,,,F,0.11717013598947777,34456251055327/294070248910706,-0.04113690311976198,-2.102991343566122,R_8b0d2a6b7293001d,10,U,,,,U,0.00944661139236062,-0.04024070132325369,-4.621858483278406,-4.621858483278406,0.00944661139236062,2.518867139712284,0.10772352459711715
1a,2,6,wave1_1a_w2_s6_c792,c7921598,1188,1740,後半,hold_b,push,R_7b6b1008b48c1115_t732,R_7b6b1008b48c1115_t732,True,e,26,2,False,15,True,False,13,F,sig_n,,,F,0.11717179102840637,1240425037991772/10586379427204039,-0.05474207865293182,-2.089372043040897,R_8b0d2a6b7293001d;R_8b0d2a6b7293001d_t888,10;0,U;U,;,;,;,U;U,0.009521305086486399;0.009477175036895947,-0.050362254269905135;-0.17633023686148014,-4.603861096388146;-4.482538762150745,-4.482538762150745,0.009521305086486399,2.393166719109848,0.10765048594191998
1a,2,6,wave1_1a_w2_s6_c792,c7921598,1383,1740,後半,hold_b,push,R_7b6b1008b48c1115_t732,R_7b6b1008b48c1115_t732,True,e,29,2,False,15,True,False,13,F,sig_n,,,F,0.11717013598947777,34456251055327/294070248910706,-0.07189574011356344,-2.0722325065723206,R_8b0d2a6b7293001d;R_8b0d2a6b7293001d_t888,10;0,U;U,;,;,;,U;U,0.009520872465213293;0.007569285998814159,-0.06372755359466103;-0.18905974639757547,-4.590541235277797;-4.694596789423209,-4.590541235277797,0.009520872465213293,2.5183087287054766,0.10764926352426447
1a,2,6,wave1_1a_w2_s6_c792,c7921598,1393,1740,後半,hold_b,push,R_7b6b1008b48c1115_t732,R_7b6b1008b48c1115_t732,True,e,29,2,False,13,True,False,13,F,sig_n,,,F,0.117168480997303,206737506331962/1764446415727799,-0.05624938069773411,-2.0878929907806922,R_8b0d2a6b7293001d;R_8b0d2a6b7293001d_t888,10;0,U;U,;,;,;,U;U,0.009522420764566887;0.0075692783940456065,-0.0557637256134335;-0.19598432458584122,-4.598342454897296;-4.68767321592315,-4.598342454897296,0.009522420764566887,2.510449464116604,0.10764606023273611
1a,2,6,wave1_1a_w2_s6_c792,c7921598,1660,1740,後半,hold_b,push,R_7b6b1008b48c1115_t732,R_7b6b1008b48c1115_t732,True,e,30,2,False,15,True,False,13,F,sig_n,,,F,0.117168480997303,206737506331962/1764446415727799,-0.11830266928520253,-2.0258397021932235,R_8b0d2a6b7293001d;R_8b0d2a6b7293001d_t1487,10;14,U;F,;sig_e,;,;,U;F,0.009554896481545783;0.02207068987767106,-0.1126763666231851;-0.6750043558272413,-4.538025168681889;-3.1385004447580687,-3.1385004447580687,0.02207068987767106,1.1126607425648452,0.09509779111963194
1a,2,7,wave1_1a_w2_s7_c792,c7921598,40,1740,前半,hold_b,hold,R_7b6b1008b48c1115,R_7b6b1008b48c1115,True,e,25,9,False,16,True,False,15,F,sig_n,,,F,0.11040848521998023,4675370505191077/42346115843141664,-0.048657959507825393,-2.154910329708176,R_48939b4afa3d5c42;R_f10dc019491698d2;R_48939b4afa3d5c42_t8;R_9e4d965d6b6585c5;R_9075d2f1da15b9b3;R_48939b4afa3d5c42_t21;R_5ccd1331eec89856;R_9e4d965d6b6585c5_t23;R_7a706aa5b47448d5,10;10;4;4;7;1;5;5;5,U;U;U;U;U;U;F;U;U,;;;;;;sig_e;;,;;;;;;;;,;;;;;;;;,U;U;U;U;U;U;F;U;U,0.00836323443647195;0.008363229780248907;0.002028114100869026;0.013395034148699692;0.013476046359347611;0.013395029456521258;0.007087336866864703;0.013395034148699692;0.01339187753991451,-0.013412913875228909;-0.013405435949177936;-0.009126037206470292;-0.013268065435609024;-0.023450666903860034;-0.01326055869281615;-0.038525200502219706;-0.013254352981631717;-0.014511505304211123,-4.770497118519779;-4.77050515319506;-6.19152289487349;-4.299603161191526;-4.283390846398332;-4.299611018226764;-4.910920426711796;-4.299616873645504;-4.298595404244232,-4.283390846398332,0.013476046359347611,2.1284805166901557,0.09693243886063262
1a,2,7,wave1_1a_w2_s7_c792,c7921598,386,1740,前半,hold_b,hold,R_7b6b1008b48c1115,R_7b6b1008b48c1115,True,e,29,7,False,15,True,False,15,U,,,,U,0.02754848434385742,1166554831633859/42345517708816156,-0.35045290267214213,-3.2413548569664554,R_f10dc019491698d2;R_9e4d965d6b6585c5;R_9075d2f1da15b9b3;R_48939b4afa3d5c42_t21;R_5ccd1331eec89856;R_9e4d965d6b6585c5_t23;R_7a706aa5b47448d5,10;4;7;1;5;5;5,U;U;U;U;U;U;U,;;;;;;,;;;;;;,;;;;;;,U;U;U;U;U;U;U,0.002906894483495901;0.013397534342700244;0.013398889417844683;0.013396348456047518;0.00026558138047559355;0.01339629638603828;0.013391999040260259,-0.030442925910922337;-0.02478166361836694;-0.044945452743404016;-0.014148417633241091;-0.1732944775187618;-0.014148417633241091;-0.04880291881339723,-5.810227029540274;-4.287902929613869;-4.267638001981866;-4.298624694807831;-8.060294768931655;-4.298628581696158;-4.264294918086777,-4.264294918086777,0.013398889417844683,1.0229400611203214,0.014149594926012737
1a,2,7,wave1_1a_w2_s7_c792,c7921598,411,1740,前半,hold_b,hold,R_7b6b1008b48c1115_t389,R_7b6b1008b48c1115_t389,True,e,30,7,False,16,True,False,3,F,sig_n,,,F,0.10984501432252207,4651509701293075/42346115843141664,-0.264832717098302,-1.9438521503142254,R_f10dc019491698d2;R_9e4d965d6b6585c5;R_9075d2f1da15b9b3;R_48939b4afa3d5c42_t21;R_5ccd1331eec89856;R_9e4d965d6b6585c5_t23;R_7a706aa5b47448d5,10;4;7;1;5;5;5,U;U;U;U;U;U;U,;;;;;;,;;;;;;,;;;;;;,U;U;U;U;U;U;U,0.002906765621083502;0.013398394625254497;0.013398431218428607;0.013395905028298058;0.00026551452015492744;0.013395868435123946;0.013391590334066368,-0.06828494890920422;-0.08181691640337499;-0.08181691640337499;-0.06615559558423709;-0.13755692297744482;-0.06615559558423709;-0.08616545254615753,-5.772429337448891;-4.230803466884464;-4.230800735727101;-4.246650618047802;-8.096284105951202;-4.246653349720206;-4.226962903504248,-4.226962903504248,0.013398431218428607,2.283110753190022,0.09644658310409347
1a,2,7,wave1_1a_w2_s7_c792,c7921598,458,1740,前半,hold_b,hold,R_7b6b1008b48c1115_t389,R_7b6b1008b48c1115_t389,True,e,32,7,False,12,True,False,3,F,sig_n,,,F,0.11442483160279197,2422689366482167/21172758854408078,-0.10210927363662835,-2.0657278904888434,R_f10dc019491698d2;R_9e4d965d6b6585c5;R_9075d2f1da15b9b3;R_48939b4afa3d5c42_t21;R_5ccd1331eec89856;R_9e4d965d6b6585c5_t23;R_7a706aa5b47448d5,10;4;7;1;5;5;5,U;U;U;U;U;U;U,;;;;;;,;;;;;;,;;;;;;,U;U;U;U;U;U;U,0.002906952470894591;0.013398838089454624;0.01339888187104134;0.013396346785281133;0.0002655669872417568;0.01339630300369442;0.013392019885752802,-0.0826954152168432;-0.09249681088283992;-0.09249681088283992;-0.09249681088283992;-0.06003639603410784;-0.09249681088283992;-0.0967418290807546,-5.757954592203677;-4.220090474644131;-4.220087207083549;-4.2202764262762855;-8.173607047076661;-4.220279694455212;-4.216354451257455,-4.216354451257455,0.01339888187104134,2.150626560768612,0.10102594973175064
1a,2,7,wave1_1a_w2_s7_c792,c7921598,463,1740,前半,hold_b,hold,R_7b6b1008b48c1115_t389,R_7b6b1008b48c1115_t389,True,e,32,7,False,8,True,False,3,F,sig_n,,,F,0.11458479893055226,4852221169376261/42346115843141664,-0.10072842610830271,-2.065711701976325,R_f10dc019491698d2;R_9e4d965d6b6585c5;R_9075d2f1da15b9b3;R_48939b4afa3d5c42_t21;R_5ccd1331eec89856;R_9e4d965d6b6585c5_t23;R_7a706aa5b47448d5,10;4;7;1;5;5;5,U;U;U;U;U;U;U,;;;;;;,;;;;;;,;;;;;;,U;U;U;U;U;U;U,0.0029068605605772407;0.013398433083082851;0.013398476394742486;0.013395946371413824;0.00026555213029512843;0.013395903059754188;0.013391629810135258,-0.09186416931802802;-0.10284835367474104;-0.10284835367474104;-0.10284835367474104;-0.05617288199069402;-0.10284835367474104;-0.10712591097836499,-5.748817456015508;-4.20976915928615;-4.209765926699969;-4.209954773711772;-8.177526506937657;-4.209958006908475;-4.205999497251078,-4.205999497251078,0.013398476394742486,2.140287795274753,0.10118632253580977
1a,2,7,wave1_1a_w2_s7_c792,c7921598,591,1740,前半,hold_b,hold,R_7b6b1008b48c1115_t389,R_7b6b1008b48c1115_t389,True,e,32,5,False,8,True,False,3,F,sig_n,,,F,0.11003429037824382,4659458991788943/42345517708816156,-0.17866454176820717,-2.028298689288129,R_f10dc019491698d2;R_9e4d965d6b6585c5;R_9075d2f1da15b9b3;R_5ccd1331eec89856;R_9e4d965d6b6585c5_t23,10;4;7;5;5,U;U;U;U;U,;;;;,;;;;,;;;;,U;U;U;U;U,0.0029068406553050697;0.013398726273865102;0.01339873474226012;0.0004579373110784779;0.013396228725750024,-0.15793065218190802;-0.1748966860742693;-0.1748966860742693;-0.11556845664240492;-0.1748966860742693,-5.682757820862383;-4.137698944658109;-4.137698312628455;-7.573209801950475;-4.137885363939079,-4.137698312628455,0.01339873474226012,2.109399623340326,0.09663555563598371
1a,2,7,wave1_1a_w2_s7_c792,c7921598,600,1740,前半,hold_b,hold,R_7b6b1008b48c1115_t389,R_7b6b1008b48c1115_t389,True,e,32,5,False,8,True,False,3,F,sig_n,,,F,0.11031402521725144,4671502456183115/42347312111792684,-0.18892219683730527,-2.0155020087807745,R_f10dc019491698d2;R_9e4d965d6b6585c5;R_9075d2f1da15b9b3;R_5ccd1331eec89856;R_9e4d965d6b6585c5_t23,10;4;7;5;5,U;U;U;U;U,;;;;,;;;;,;;;;,U;U;U;U;U,0.002906613299960082;0.013397559686413475;0.01339757636842747;0.0004579466656471669;0.01339505592304337,-0.16808989143952938;-0.18657088497770996;-0.18657088497770996;-0.12245391687321486;-0.18657088497770996,-5.672676798563854;-4.126111816586357;-4.126110571433956;-7.566303914309803;-4.126298716097319,-4.126110571433956,0.01339757636842747,2.1106085626531814,0.09691644884882396
1a,2,7,wave1_1a_w2_s7_c792,c7921598,659,1740,前半,hold,push,R_0e5d236bf5b42b15_t455,R_0e5d236bf5b42b15_t455,True,e,31,3,False,8,True,False,1,F,sig_e,,,F,0.5217623477318815,2761865112951719/5293339247183397,-0.4249231446912327,-0.22561992262056485,R_6332bf3339978357;R_a980cbcce2d6b26e;R_39849c23dc9b5427_t446,5;11;11,U;U;U,;;,;;,;;,U;U;U,0.009666689696201032;0.013593949552750206;0.01375070275216781,-0.15267707236544392;-0.1964053265518989;-0.1964053265518989,-4.486392282935543;-4.101725144506483;-4.090260020375123,-4.090260020375123,0.01375070275216781,3.864640097754558,0.5080116449797136
1a,2,7,wave1_1a_w2_s7_c792,c7921598,662,1740,前半,hold_b,hold,R_7b6b1008b48c1115_t389,R_7b6b1008b48c1115_t389,True,e,31,5,False,8,True,False,3,F,sig_n,,,F,0.11176976280142048,1183237117504433/10586379427204039,-0.19306394197175547,-1.9982502708176677,R_f10dc019491698d2;R_9e4d965d6b6585c5;R_9075d2f1da15b9b3;R_5ccd1331eec89856;R_9e4d965d6b6585c5_t23,10;4;7;5;5,U;U;U;U;U,;;;;,;;;;,;;;;,U;U;U;U;U,0.002906897720354717;0.01339878333891475;0.013398806041557612;0.00045800496667860845;0.013395861766601909,-0.17755357673409858;-0.1968633056468162;-0.1968633056468162;-0.1291737716676595;-0.1968633056468162,-5.663115265206774;-4.115728066104003;-4.1157263717245165;-7.559456757964791;-4.115946137462135,-4.1157263717245165,0.013398806041557612,2.117476100906849,0.09837095675986286
1a,2,7,wave1_1a_w2_s7_c792,c7921598,723,1740,前半,hold,push,R_0e5d236bf5b42b15_t455,R_0e5d236bf5b42b15_t455,True,e,33,3,False,16,True,False,1,F,sig_e,,,F,0.621625122026485,822606544635644/1323316120098177,-0.4509856255505973,-0.024432440094247387,R_6332bf3339978357;R_a980cbcce2d6b26e;R_39849c23dc9b5427_t446,5;11;11,U;U;U,;;,;;,;;,U;U;U,0.00966690868921662;0.013594327192380807;0.013594273875071379,-0.15327734679656793;-0.19862929603326315;-0.20026103792861022,-4.485769354365108;-4.09947339543216;-4.097845575570852,-4.097845575570852,0.013594327192380807,4.0734131354766046,0.6080307948341043
1a,2,7,wave1_1a_w2_s7_c792,c7921598,747,1740,前半,hold,push,R_0e5d236bf5b42b15_t455,R_0e5d236bf5b42b15_t455,True,e,33,3,False,16,True,False,1,F,sig_e,,,F,0.6460309826729637,2279741902543997/3528842986928472,-0.47506924427768166,0.038161428722125745,R_6332bf3339978357;R_a980cbcce2d6b26e;R_39849c23dc9b5427_t446,5;11;11,U;U;U,;;,;;,;;,U;U;U,0.009666902468366427;0.013594288320627805;0.01359427349396204,-0.1541151199826487;-0.20088878173569358;-0.203897204639257,-4.4849322246993495;-4.097216769143661;-4.0942094368947535,-4.0942094368947535,0.013594288320627805,4.132370865616879,0.6324366943523358
1a,2,7,wave1_1a_w2_s7_c792,c7921598,1066,1740,後半,hold_b,hold,R_39849c23dc9b5427_t898,R_39849c23dc9b5427_t898,True,e,43,6,False,11,True,False,8,U,,,,U,0.013394816557048243,8591350305790041/641393651730851293,-0.3753309993815017,-3.937556471580389,R_f10dc019491698d2;R_9e4d965d6b6585c5;R_9075d2f1da15b9b3;R_9e4d965d6b6585c5_t23;R_2616bfa67113bd38;R_28b90e6a8809edd4,10;4;7;5;0;2,U;U;U;U;U;H,;;;;;,;;;;;sig_e:1,;;;;;1,U;U;U;U;U;H,0.002906864424591711;0.013398436947097322;0.013398469892785267;0.013394996357215682;0.000287856477094917;0.0005337746997609759,-0.3282226734304916;-0.368533383679274;-0.368533383679274;-0.36684724956062714;-0.29891417315003904;-0.5119984995194481,-5.512457622629823;-3.9440838408886463;-3.944081381971418;-3.9460267983760247;-7.8541343723130685;-7.023538219073904,-3.944081381971418,0.013398469892785267,0.006524910391029426,-3.6533357370245544e-06
1a,2,7,wave1_1a_w2_s7_c792,c7921598,1373,1740,後半,hold_b,hold,R_14b19811f0dd5b58,R_14b19811f0dd5b58,True,e,44,5,False,9,True,False,8,F,sig_n,,,F,0.10835758054741407,8605956675439951/79421823853608832,-0.5288819848936421,-1.6934366050332563,R_f10dc019491698d2;R_9e4d965d6b6585c5;R_9075d2f1da15b9b3;R_9e4d965d6b6585c5_t23;R_28b90e6a8809edd4,10;4;7;5;2,U;U;U;U;U,;;;;,;;;;,;;;;,U;U;U;U;U,0.0029068202591452197;0.013398392781650831;0.013398403739447706;0.013394824919434237;0.0012562268255970237,-0.44838565420133697;-0.5022834981497382;-0.5022834981497382;-0.5022834981497382;-0.22535123019218314,-5.3923098354750385;-3.810337022736959;-3.8103362048931637;-3.810603348512197;-6.454291403420809,-3.8103362048931637,0.013398403739447706,2.1168995998599076,0.09495917680796637
1a,2,7,wave1_1a_w2_s7_c792,c7921598,1399,1740,後半,hold_b,hold,R_14b19811f0dd5b58,R_14b19811f0dd5b58,True,e,44,5,False,16,True,False,8,F,sig_n,,,F,0.10835594846673381,8605956675439951/79423020122259856,-0.5458513442746679,-1.676482307754608,R_f10dc019491698d2;R_9e4d965d6b6585c5;R_9075d2f1da15b9b3;R_9e4d965d6b6585c5_t23;R_28b90e6a8809edd4,10;4;7;5;2,U;U;U;U;U,;;;;,;;;;,;;;;,U;U;U;U;U,0.002906764501777531;0.013398023946914818;0.01339802753010922;0.013394458458097188;0.001288900004814952,-0.4495061482047191;-0.5035188843871645;-0.5035188843871645;-0.5022152335725503;-0.2351866927663459,-5.391208523222669;-3.8091291651605297;-3.80912889771856;-3.8106989718904325;-6.418779441051488,-3.80912889771856,0.01339802753010922,2.1326465899639517,0.09495792093662458
1a,2,7,wave1_1a_w2_s7_c792,c7921598,1463,1740,後半,hold_b,hold,R_14b19811f0dd5b58,R_14b19811f0dd5b58,True,e,46,5,False,16,True,False,8,F,sig_n,,,F,0.10835594846673381,8605956675439951/79423020122259856,-0.5683122285789137,-1.654021423450362,R_f10dc019491698d2;R_9e4d965d6b6585c5;R_9075d2f1da15b9b3;R_9e4d965d6b6585c5_t23;R_28b90e6a8809edd4,10;4;7;5;2,U;U;U;U;U,;;;;,;;;;,;;;;,U;U;U;U;U,0.00290678726931917;0.013398046714456456;0.013398053570086341;0.013394466537784576;0.001318165316212435,-0.46816991455548895;-0.5242008362159712;-0.5242008362159712;-0.5226372726368497;-0.24642769074356544,-5.372536924296382;-3.788445514012303;-3.7884450023236753;-3.7902763296151134;-6.385086730424168,-3.7884450023236753,0.013398053570086341,2.1344235788733132,0.09495789489664747
1a,2,7,wave1_1a_w2_s7_c792,c7921598,1495,1740,後半,hold_b,hold,R_14b19811f0dd5b58,R_14b19811f0dd5b58,True,e,47,5,False,16,True,False,8,F,sig_n,,,F,0.10114303687956817,4016421732411919/39710313792478908,-0.5511562388730836,-1.7400633184143484,R_f10dc019491698d2;R_9e4d965d6b6585c5;R_9075d2f1da15b9b3;R_9e4d965d6b6585c5_t23;R_28b90e6a8809edd4,10;4;7;5;2,U;U;U;U;U,;;;;,;;;;,;;;;,U;U;U;U;U,0.002906928337761996;0.01339881395632203;0.013398817312253886;0.013395246392212555;0.0013502048686115265,-0.46798108535925104;-0.5237406798382594;-0.5237406798382594;-0.5222879576863071;-0.24195048956433424,-5.372677223962664;-3.7888484068265535;-3.78884815636174;-3.7905674241263223;-6.365548453953962,-3.78884815636174,0.013398817312253886,2.048784837947392,0.08774421956731429
1a,2,8,wave1_1a_w2_s8_c792,c7921598,18,1740,前半,hold,hold_b,R_cb63a1ebfc31098d,R_cb63a1ebfc31098d,True,e,9,2,False,8,True,False,4,F,sig_n,,,F,0.1046127845604109,984432243037507/9410247965142592,-0.05419103205538974,-2.203298479433699,R_05b42460bcd9d45b;R_a980cbcce2d6b26e,9;1,U;U,;,;,;,U;U,0.00931116647935201;0.013477550248856756,-6.466321437481768e-06;-0.019841896711128487,-4.676534436056776;-4.286888025582815,-4.286888025582815,0.013477550248856756,2.083589546149116,0.09113523431155414
1a,2,8,wave1_1a_w2_s8_c792,c7921598,49,1740,前半,hold_b,hold,R_7b6b1008b48c1115,R_7b6b1008b48c1115,True,e,11,2,False,15,True,False,3,F,sig_n,,,F,0.11089146027494434,4695822622817935/42346115843141664,-0.029635670659584584,-2.1695677207639616,R_c9218d4e01f32519;R_bb11e7f622c3f823,;6,なし;U,;,;,;,;U,0.00836207802883193;0.01356030681561618,-0.004415637701782973;-0.009931714239223422,-4.779632677029564;-4.290676655966273,-4.290676655966273,0.01356030681561618,2.121108935202311,0.09733115345932816
1a,2,8,wave1_1a_w2_s8_c792,c7921598,90,1740,前半,hold,hold_b,R_cb63a1ebfc31098d,R_cb63a1ebfc31098d,True,e,12,2,False,16,True,False,4,F,sig_n,,,F,0.11512754215353053,2437567687517403/21172758854408078,-0.05751162576694816,-2.1042030772024676,R_05b42460bcd9d45b;R_a980cbcce2d6b26e,9;1,U;U,;,;,;,U;U,0.009311140977040215;0.01347666283850931,-0.011045124303879314;-0.021604070840143413,-4.665498516973566;-4.28519169721564,-4.28519169721564,0.01347666283850931,2.1809886200131725,0.10165087931502123
1a,2,8,wave1_1a_w2_s8_c792,c7921598,105,1740,前半,hold,hold_b,R_cb63a1ebfc31098d,R_cb63a1ebfc31098d,True,e,13,2,False,16,True,False,4,F,sig_n,,,F,0.11537622864246823,4885735143638759/42346115843141664,-0.05752086162835429,-2.1020360754653167,R_05b42460bcd9d45b;R_a980cbcce2d6b26e,9;1,U;U,;,;,;,U;U,0.009310999815868698;0.013476390261656049,-0.011055230760195371;-0.0215892167490739,-4.665503571091223;-4.285226777353255,-4.285226777353255,0.013476390261656049,2.1831907018879386,0.10189983838081218
1a,2,8,wave1_1a_w2_s8_c792,c7921598,588,1740,前半,hold,hold_b,R_6e911c42fd2a3700,R_6e911c42fd2a3700,True,e,31,2,False,7,True,False,15,F,sig_n,,,F,0.10835758054741407,8605956675439951/79421823853608832,-0.07430648303673885,-2.1480121068901594,R_05b42460bcd9d45b;R_ad9c6c2c137d6a9d,9;15,U;U,;,;,;,U;U,0.0006883963397757049;0.0005434558166446344,-0.03434470044436987;-0.052701539766747116,-7.246801110198827;-7.464860609062917,-7.246801110198827,0.0006883963397757049,5.098789003308667,0.10766918420763837
1a,2,8,wave1_1a_w2_s8_c792,c7921598,614,1740,前半,hold,hold_b,R_6e911c42fd2a3700,R_6e911c42fd2a3700,True,e,32,1,False,7,True,False,15,F,sig_n,,,F,0.10835758054741407,8605956675439951/79421823853608832,-0.07428831137204688,-2.1480302785548515,R_05b42460bcd9d45b,9,U,,,,U,0.0006882915788636614,-0.03434241364576219,-7.246955589677892,-7.246955589677892,0.0006882915788636614,5.098925311123041,0.10766928896855041
1a,2,8,wave1_1a_w2_s8_c792,c7921598,778,1740,前半,hold,hold_b,R_ad9c6c2c137d6a9d_t701,R_ad9c6c2c137d6a9d_t701,True,e,38,2,False,14,True,False,9,F,sig_n,,,F,0.10835758054741407,8605956675439951/79421823853608832,-0.09244522469734386,-2.1298733652295545,R_05b42460bcd9d45b;R_b6c15eaf75ec247c,9;0,U;F,;sig_e,;,;,U;F,0.0006883139656073901;0.007174430711469839,-0.042840578237646657;-0.12307078791710951,-7.238424900527581;-4.814161075916344,-4.814161075916344,0.007174430711469839,2.6842877106867893,0.10118314983594423
1a,2,8,wave1_1a_w2_s8_c792,c7921598,794,1740,前半,hold,hold_b,R_ad9c6c2c137d6a9d_t701,R_ad9c6c2c137d6a9d_t701,True,e,39,2,False,14,True,False,9,F,sig_n,,,F,0.10835758054741407,8605956675439951/79421823853608832,-0.0924613128474229,-2.1298572770794757,R_05b42460bcd9d45b;R_b6c15eaf75ec247c,9;0,U;F,;sig_e,;,;,U;F,0.0006883152677349929;0.0071744375961583185,-0.04284724598803845;-0.1231245501853142,-7.238416341014948;-4.814106354033997,-4.814106354033997,0.0071744375961583185,2.684249076954521,0.10118314295125574
1a,2,8,wave1_1a_w2_s8_c792,c7921598,1374,1740,後半,hold,hold_b,R_7c67e41822d94b32,R_7c67e41822d94b32,True,e,39,3,False,15,True,False,15,F,sig_n,,,F,0.10835758054741407,8605956675439951/79421823853608832,-0.2633617353236918,-1.9589568546032066,R_05b42460bcd9d45b;R_b6c15eaf75ec247c;R_0e5d236bf5b42b15_t890,9;0;13,U;U;H,;;,";;sig_e:21,sig_n:8",;;29,U;U;H,0.0006881372722591501;0.0013180407348826783;0.04469615815767989,-0.07542954529521781;-0.21861748181801482;-0.5025973692200091,-7.20609267100542;-6.412991454973637;-2.605270359091765,-2.605270359091765,0.04469615815767989,0.6463135044885586,0.06366142238973417
1a,2,8,wave1_1a_w2_s8_c792,c7921598,1453,1740,後半,hold,hold_b,R_1865396d22048d20_t1042,R_1865396d22048d20_t1042,True,e,40,3,False,14,True,False,12,F,sig_n,,,F,0.10835758054741407,8605956675439951/79421823853608832,-0.2826298095492519,-1.9396887803776466,R_05b42460bcd9d45b;R_b6c15eaf75ec247c;R_0e5d236bf5b42b15_t890,9;0;13,U;U;H,;;,";;sig_e:28,sig_n:11",;;39,U;U;H,0.0006880367132684163;0.0013179564390572566;0.047356753918526395,-0.07623843929648161;-0.23397723211945787;-0.530863213734548,-7.205429919849421;-6.397695662119709;-2.5191826175925067,-2.5191826175925067,0.047356753918526395,0.5794938372148601,0.06100082662888767
1a,2,8,wave1_1a_w2_s8_c792,c7921598,1488,1740,後半,hold,hold_b,R_7c67e41822d94b32,R_7c67e41822d94b32,True,e,40,3,False,16,True,False,15,F,sig_n,,,F,0.10835594846673381,8605956675439951/79423020122259856,-0.2938493977019979,-1.928484254327278,R_05b42460bcd9d45b;R_b6c15eaf75ec247c;R_0e5d236bf5b42b15_t890,9;0;13,U;U;H,;;,";;sig_e:32,sig_n:11",;;43,U;U;H,0.0006880799515655948;0.0013179949675300162;0.04944778043545225,-0.08020427588143476;-0.24297658664094196;-0.5602859907324746,-7.201401242230277;-6.388667074530676;-2.446552116214548,-2.446552116214548,0.04944778043545225,0.5180678618872698,0.058908168031281564
1a,2,8,wave1_1a_w2_s8_c792,c7921598,1494,1740,後半,hold,hold_b,R_7c67e41822d94b32,R_7c67e41822d94b32,True,e,40,3,False,15,True,False,15,F,sig_n,,,F,0.10835758054741407,8605956675439951/79421823853608832,-0.31254266942795456,-1.909775920498944,R_05b42460bcd9d45b;R_b6c15eaf75ec247c;R_0e5d236bf5b42b15_t890,9;0;13,U;U;H,;;,";;sig_e:34,sig_n:11",;;45,U;U;H,0.0006881203387719341;0.0013180153616934023;0.05036291848287879,-0.08190877567971429;-0.26300625105448067;-0.6486087721564193,-7.199638048640645;-6.368621936609191;-2.339891346928453,-2.339891346928453,0.05036291848287879,0.43011542642950884,0.057994662064535275
1a,2,8,wave1_1a_w2_s8_c792,c7921598,1561,1740,後半,hold,hold_b,R_1865396d22048d20_t1042,R_1865396d22048d20_t1042,True,e,41,3,False,14,True,False,12,F,sig_n,,,F,0.10835594846673381,8605956675439951/79423020122259856,-0.3255909904576004,-1.8967426615716754,R_05b42460bcd9d45b;R_b6c15eaf75ec247c;R_0e5d236bf5b42b15_t890,9;0;13,U;U;H,;;,";;sig_e:39,sig_n:15",;;54,U;U;H,0.0006881033340007233;0.0013179392628579522;0.05005636662436192,-0.0895341468691892;-0.27054729456179016;-0.6707539684611412,-7.192037389671353;-6.361138632210714;-2.3238516075677156,-2.3238516075677156,0.05005636662436192,0.4271089459960402,0.058299581842371884
1a,2,8,wave1_1a_w2_s8_c792,c7921598,1649,1740,後半,hold,hold_b,R_1865396d22048d20_t1042,R_1865396d22048d20_t1042,True,e,40,3,False,15,True,False,12,F,sig_n,,,F,0.10835921267726056,8605956675439951/79420627584957816,-0.3543291940442875,-1.8679743335533632,R_05b42460bcd9d45b;R_b6c15eaf75ec247c;R_0e5d236bf5b42b15_t890,9;0;13,U;U;H,;;,";;sig_e:49,sig_n:18",;;67,U;U;H,0.0006880841166902322;0.0007804642036797803;0.0517943306447329,-0.09318131395214803;-0.2756131814537808;-0.7148486839546426,-7.188418150921097;-6.8800085009254275;-2.245625898764697,-2.245625898764697,0.0517943306447329,0.3776515652113337,0.056564882032527665
1a,2,9,wave1_1a_w2_s9_c792,c7921598,167,1740,前半,hold,lift,R_cb63a1ebfc31098d,R_cb63a1ebfc31098d,True,e,16,3,False,15,True,False,13,U,,,,U,0.11804574995869689,4998708395326483/42345517708816156,-0.029967411054057785,-2.106715607088722,R_3bc7cf2f0ad201db;R_94a5a2e983982a1d;R_b6c15eaf75ec247c,3;0;3,U;U;F,;;sig_e,;;,;;,U;U;F,0.002904398589860515;0.002904183438412894;0.04881671225169832,-0.006466403660279343;-0.006865059346316071;-0.050505327593120326,-5.835062532316368;-5.834737957170701;-2.9691772329832395,-2.9691772329832395,0.04881671225169832,0.8624616258945177,0.06922903770699856
1a,2,9,wave1_1a_w2_s9_c792,c7921598,243,1740,前半,hold,hold_b,R_cb63a1ebfc31098d_t140,R_cb63a1ebfc31098d_t140,True,e,16,4,False,14,True,False,5,F,sig_n,,,F,0.11507724408463331,541452700990819/4705123982571296,-0.013009333059960415,-2.1491423553476783,R_3bc7cf2f0ad201db;R_94a5a2e983982a1d;R_b6c15eaf75ec247c;R_8307fbbf05ba494f,3;0;3;1,U;U;F;F,;;sig_e;sig_e,;;;,;;;,U;U;F;F,0.0007009729972706077;0.0029066203095350026;0.04883047985635803;0.05363962636081147,-0.008770722981412368;-0.011893741460225132;-0.10681511789225834;-0.10215997926553293,-7.254270468988902;-5.8288705369507845;-2.9125854559837427;-2.8233072070094996,-2.8233072070094996,0.05363962636081147,0.6741648516618213,0.06143761772382184
1a,2,10,wave1_1a_w2_s10_c792,c7921598,369,1740,前半,hold_b,push,R_8b0d2a6b7293001d,R_8b0d2a6b7293001d,True,e,26,2,False,9,True,False,14,F,sig_e,,,F,0.5557061774962817,2941541319243331/5293339247183397,-0.14668290543335138,-0.4408326767217088,R_c9218d4e01f32519;R_9166e2f96690a9eb,;5,なし;U,;,;,;,;U,0.0033614460651727727;0.010401660105449035,-0.0992353305693672;-0.020176063846871706,-5.5961486904835605;-4.545613796202791,-4.545613796202791,0.010401660105449035,4.104781119481082,0.5453045173908326
1a,2,10,wave1_1a_w2_s10_c792,c7921598,373,1740,前半,hold_b,push,R_8b0d2a6b7293001d,R_8b0d2a6b7293001d,True,e,26,2,False,9,True,False,14,F,sig_e,,,F,0.5557218762978382,5883082638486662/10586379427204039,-0.14667246897852418,-0.44081486339193876,R_c9218d4e01f32519;R_9166e2f96690a9eb,;5,なし;U,;,;,;,;U,0.00336171020010403;0.010402269210000582,-0.09922582969444828;-0.020175269572017422,-5.596079616676896;-4.545556033794195,-4.545556033794195,0.010402269210000582,4.1047411704022565,0.5453196070878376
1a,2,10,wave1_1a_w2_s10_c792,c7921598,382,1740,前半,hold,hold_b,R_cb63a1ebfc31098d_t336,R_cb63a1ebfc31098d_t336,True,e,26,1,False,9,True,False,7,F,sig_n,,,F,0.11254215371191617,23361717615915/207581931262094,-0.13103348783515276,-2.05339394002342,R_3ad0209336a6e37e,5,F,sig_e,,,F,0.009163005274354126,-0.12319711821478226,-4.5693839491701125,-4.5693839491701125,0.009163005274354126,2.5159900091466927,0.10337914843756205
1a,2,10,wave1_1a_w2_s10_c792,c7921598,499,1740,前半,hold_b,push,R_8b0d2a6b7293001d,R_8b0d2a6b7293001d,True,e,26,3,False,16,True,False,14,F,sig_e,,,F,0.8304039027073064,258565268777344/311372896893141,-0.19270985429445514,0.006866787504933886,R_c9218d4e01f32519;R_9166e2f96690a9eb;R_533f0b68a9c93324,;5;5,なし;U;U,;;,;;,;;,;U;U,0.003362062793197359;0.0036535626724524184;4.073037803191936e-05,-0.11361125521177347;-0.019070777248283814;-0.0018353521137468003,-5.581589311624225;-5.592981735546061;-10.106701002821067,-5.581589311624225,0.0036535626724524184,5.588456099129159,0.8267503400348539
1a,2,10,wave1_1a_w2_s10_c792,c7921598,597,1740,前半,hold_b,push,R_8b0d2a6b7293001d,R_8b0d2a6b7293001d,True,e,26,4,False,4,True,False,14,F,sig_e,,,F,0.8725417758662495,2309297194925797/2646632240196354,-0.11985564904414385,-0.016489096358656127,R_c9218d4e01f32519;R_9166e2f96690a9eb;R_fe7b42b67bef503d;R_533f0b68a9c93324,;5;8;5,なし;U;U;U,;;;,;;;,;;;,;U;U;U,0.003363270775400792;0.0036539667152692998;0.00032970370456288285;4.080121820743505e-05,-0.06330240756609919;-0.0009709917798410345;-0.06967654157840854;-0.0009709917798410345,-5.6315389258715545;-5.610970938409672;-7.947639630208483;-10.10582762719469,-5.610970938409672,0.0036539667152692998,5.594481842051016,0.8688878091509802
1a,2,10,wave1_1a_w2_s10_c792,c7921598,712,1740,前半,hold,lift,R_0e5d236bf5b42b15_t551,R_0e5d236bf5b42b15_t551,True,e,29,1,False,13,True,False,11,F,sig_e,,,F,0.9377067813480939,4963600108059886/5293339247183397,-0.1390437663399453,0.07472578765240027,R_3ad0209336a6e37e,5,U,,,,U,0.004389127638929036,-0.003498585178561852,-5.4251262019689515,-5.4251262019689515,0.004389127638929036,5.499851989621352,0.933317653709165
1a,2,10,wave1_1a_w2_s10_c792,c7921598,770,1740,前半,hold,lift,R_0e5d236bf5b42b15_t551,R_0e5d236bf5b42b15_t551,True,e,30,1,False,16,True,False,11,F,sig_e,,,F,0.9377332717368546,9927200216119772/10586379427204039,-0.14645743534214345,0.08216770643919576,R_3ad0209336a6e37e,5,U,,,,U,0.00037919560028915115,-0.003856459200311104,-7.873601931063405,-7.873601931063405,0.00037919560028915115,7.955769637502601,0.9373540761365654
1a,2,10,wave1_1a_w2_s10_c792,c7921598,779,1740,前半,hold,lift,R_0e5d236bf5b42b15_t551,R_0e5d236bf5b42b15_t551,True,e,30,1,False,16,True,False,11,F,sig_e,,,F,0.9377200263553874,2481800054029943/2646632240196354,-0.146296089372143,0.08199223547714045,R_3ad0209336a6e37e,5,U,,,,U,2.6720550845663904e-05,-0.0035560723420078807,-10.526521521684884,-10.526521521684884,2.6720550845663904e-05,10.608513757162024,0.9376933058045417
1a,2,10,wave1_1a_w2_s10_c792,c7921598,996,1740,後半,hold_b,lift,R_8b0d2a6b7293001d,R_8b0d2a6b7293001d,True,e,32,5,False,7,True,False,14,F,sig_e,,,F,0.22869603099359315,2421097155330353/10586528960785416,-0.15941007822414782,-1.3159514545208917,R_c9218d4e01f32519;R_9166e2f96690a9eb;R_fe7b42b67bef503d;R_533f0b68a9c93324;R_8b0d2a6b7293001d_t704,;5;8;5;15,なし;U;U;U;H,;;;;,;;;;sig_e:19,;;;;19,;U;U;U;H,0.003362660430288514;0.0036545788724485634;0.0003296991410283086;4.0514118712361236e-05;0.16749675592056176,-0.07945770272938903;-0.002348444939571119;-0.07447395339013306;-0.002348444939571119;-0.15797322292382754,-5.615565120852986;-5.609425967055426;-7.9428560598128355;-10.111511589480862;-1.6288180726191808,-1.6288180726191808,0.16749675592056176,0.3128666180982891,0.061199275073031384
1b,2,11,wave1_1b_w2_s11_c792,c7921598,312,1740,前半,hold,hold_b,R_cb63a1ebfc31098d,R_cb63a1ebfc31098d,True,e,24,1,False,16,True,False,0,F,sig_n,,,F,0.11717179102840637,1240425037991772/10586379427204039,-0.1285121135657261,-2.015602008128103,R_94a5a2e983982a1d,0,U,,,,U,0.013396186436046422,-0.03434586215283228,-4.278439344701983,-4.278439344701983,0.013396186436046422,2.26283733657388,0.10377560459235995
1b,2,11,wave1_1b_w2_s11_c792,c7921598,473,1740,前半,hold,push,R_cb63a1ebfc31098d,R_cb63a1ebfc31098d,True,e,25,3,False,8,True,False,0,F,sig_n,,,F,0.11717013598947777,34456251055327/294070248910706,-0.05494603757950237,-2.0891822091063816,R_9812658bc7a3bb5d;R_94a5a2e983982a1d;R_03823437075e45e8,6;0;4,U;U;U,;;,;;,;;,U;U;U,0.009313261974499113;0.013395786195151818;0.00931327252605041,-0.04639799425022321;-0.056055949631978;-0.04639799425022321,-4.62991788160853;-4.256759134895537;-4.629916748649386,-4.256759134895537,0.013395786195151818,2.1675769257891555,0.10377434979432595
1b,2,11,wave1_1b_w2_s11_c792,c7921598,509,1740,前半,hold,push,R_cb63a1ebfc31098d,R_cb63a1ebfc31098d,True,e,25,3,False,8,True,False,0,F,sig_n,,,F,0.11717013598947777,34456251055327/294070248910706,-0.047517207467125684,-2.0966110392187582,R_9812658bc7a3bb5d;R_94a5a2e983982a1d;R_03823437075e45e8,6;0;4,U;U;U,;;,;;,;;,U;U;U,0.009313258665360043;0.013395782281037;0.009313258665360043,-0.047969402334073825;-0.048498087328378306;-0.047969402334073825,-4.6283468288394625;-4.264317289389183;-4.6283468288394625,-4.264317289389183,0.013395782281037,2.1677062501704247,0.10377435370844078
1b,2,11,wave1_1b_w2_s11_c792,c7921598,543,1740,前半,hold,push,R_cb63a1ebfc31098d,R_cb63a1ebfc31098d,True,e,24,3,False,8,True,False,0,F,sig_n,,,F,0.11717179102840637,1240425037991772/10586379427204039,-0.07441982989549425,-2.0696942917983345,R_9812658bc7a3bb5d;R_94a5a2e983982a1d;R_03823437075e45e8,6;0;4,U;U;U,;;,;;,;;,U;U;U,0.009313551073056587;0.013396188648163226;0.009313560275700256,-0.06892316216449897;-0.07611369133693494;-0.06892316216449897,-4.6073616725755455;-4.236671350387556;-4.607360684484209,-4.236671350387556,0.013396188648163226,2.166977058589221,0.10377560238024315
1b,2,11,wave1_1b_w2_s11_c792,c7921598,559,1740,前半,hold,push,R_cb63a1ebfc31098d,R_cb63a1ebfc31098d,True,e,24,3,False,7,True,False,0,F,sig_n,,,F,0.11717179102840637,1240425037991772/10586379427204039,-0.06831703837137854,-2.0757970833224504,R_9812658bc7a3bb5d;R_94a5a2e983982a1d;R_03823437075e45e8,6;0;4,U;U;U,;;,;;,;;,U;U;U,0.009313557522538556;0.013396196196437046;0.009313566463782568,-0.07000374710993712;-0.07001041508462465;-0.07000374710993712,-4.606280395146682;-4.242774063175743;-4.606279435122578,-4.242774063175743,0.013396196196437046,2.1669769798532923,0.10377559483196933
1b,2,11,wave1_1b_w2_s11_c792,c7921598,592,1740,前半,hold,push,R_cb63a1ebfc31098d,R_cb63a1ebfc31098d,True,e,24,3,False,7,True,False,0,F,sig_n,,,F,0.117168480997303,206737506331962/1764446415727799,-0.0683449749707716,-2.075797396507655,R_9812658bc7a3bb5d;R_94a5a2e983982a1d;R_03823437075e45e8,6;0;4,U;U;U,;;,;;,;;,U;U;U,0.009313069710077686;0.013395461411662446;0.009313078160608198,-0.07009164726020173;-0.07009831523488926;-0.07009164726020173,-4.606244872966395;-4.242741014784598;-4.6062439655828,-4.242741014784598,0.013395461411662446,2.1669436182769433,0.10377301958564054
1b,2,11,wave1_1b_w2_s11_c792,c7921598,608,1740,前半,hold_b,hold,R_7b6b1008b48c1115,R_7b6b1008b48c1115,True,e,24,4,False,7,True,False,10,H,,sig_n:226,226,H,0.11483719860091528,1215710156746474/10586379427204039,0.020886987108558026,-2.1851268050667927,R_fad8f670be5b8f88;R_0d2029ba5ef8463b;R_8b0d2a6b7293001d;R_8b0d2a6b7293001d_t449,4;2;7;6,U;U;U;F,;;;sig_e,;;;,;;;,U;U;U;F,0.013594689432920977;0.017670202984029874;0.022282615553978553;0.010885813679511178,-0.06998884003519856;-0.018316116305767356;-0.06911127412653459;-0.15342998353213225,-4.22808720533668;-4.017559388916129;-3.73483720198393;-4.366864851190646,-3.73483720198393,0.022282615553978553,1.5497103969171375,0.09255458304693673
1b,2,11,wave1_1b_w2_s11_c792,c7921598,626,1740,前半,hold_b,hold,R_7b6b1008b48c1115,R_7b6b1008b48c1115,True,e,23,4,False,7,True,False,10,H,,"sig_e:1,sig_n:232",233,H,0.11833067462354549,835152538840669/7057785662911196,-0.041783063137157225,-2.0924891832601205,R_fad8f670be5b8f88;R_0d2029ba5ef8463b;R_8b0d2a6b7293001d;R_8b0d2a6b7293001d_t449,4;2;7;6,U;U;U;F,;;;sig_e,;;;,;;;,U;U;U;F,0.013593899876954028;0.01766917574737698;0.02229519911421343;0.010246899153645054,-0.07006963044994699;-0.018311722797648415;-0.06919206454128302;-0.15090457170722776,-4.228064494872911;-4.017621917948418;-3.7341918455103578;-4.429875569054985,-3.7341918455103578,0.02229519911421343,1.6417026622502373,0.09603547550933206
1b,2,11,wave1_1b_w2_s11_c792,c7921598,637,1740,前半,hold,push,R_cb63a1ebfc31098d,R_cb63a1ebfc31098d,True,e,23,4,False,8,True,False,0,F,sig_n,,,F,0.11717013598947777,34456251055327/294070248910706,-0.07814887214675928,-2.0659793745391246,R_9812658bc7a3bb5d;R_94a5a2e983982a1d;R_d13632637df56212;R_03823437075e45e8,6;0;4;4,U;U;U;U,;;;,;;;,;;;,U;U;U;U,0.00931329837908811;0.013395826063877157;0.0003295783813508594;0.009313290528445846,-0.07542522200630873;-0.08009128863437226;-0.03063660969335028;-0.07542522200630873,-4.600886744962311;-4.232720819683653;-7.9870597429484755;-4.6008875879123865,-4.232720819683653,0.013395826063877157,2.1667414451445284,0.10377430992560062
1b,2,11,wave1_1b_w2_s11_c792,c7921598,770,1740,前半,hold,push,R_cb63a1ebfc31098d,R_cb63a1ebfc31098d,True,e,21,3,False,16,True,False,0,F,sig_n,,,F,0.11717179102840637,1240425037991772/10586379427204039,-0.2970938395453117,-1.847020282148517,R_9812658bc7a3bb5d;R_d13632637df56212;R_03823437075e45e8,6;4;4,U;U;U,;;,;;,;;,U;U;U,0.009313554514259813;0.0003295529402661408;0.009313528567196385,-0.19617292568217207;-0.07995877052175154;-0.19617292568217207,-4.480111539574463;-7.9378147779197485;-4.480114325524718,-4.480111539574463,0.009313554514259813,2.633091257425946,0.10785823651414655
1b,2,11,wave1_1b_w2_s11_c792,c7921598,860,1740,前半,hold,push,R_cb63a1ebfc31098d,R_cb63a1ebfc31098d,True,e,21,4,False,16,True,False,0,F,sig_n,,,F,0.117168480997303,206737506331962/1764446415727799,-0.30940431327468304,-1.8347380582037431,R_9812658bc7a3bb5d;R_d13632637df56212;R_03823437075e45e8;R_14b19811f0dd5b58,6;4;4;11,U;U;U;U,;;;,;;;,;;;,U;U;U;U,0.009313000490934446;0.0003295341684981865;0.009312983068792939;0.0027607352796961684,-0.2873131116370271;-0.11452398776110931;-0.2873131116370271;-0.26084603867308814,-4.389030841090628;-7.90330652361506;-4.389032711825824;-5.631412190372667,-4.389030841090628,0.009313000490934446,2.5542927828868853,0.10785548050636855
1b,2,11,wave1_1b_w2_s11_c792,c7921598,913,1740,後半,hold,push,R_cb63a1ebfc31098d,R_cb63a1ebfc31098d,True,e,21,4,False,8,True,False,0,F,sig_n,,,F,0.117168480997303,206737506331962/1764446415727799,-0.3253757202795463,-1.8187666511988798,R_9812658bc7a3bb5d;R_d13632637df56212;R_03823437075e45e8;R_14b19811f0dd5b58,6;4;4;11,U;U;U;U,;;;,;;;,;;;,U;U;U;U,0.009313014524683992;0.00032956771737606335;0.009313009049594327;0.0027610085354097644,-0.3164805672948029;-0.12572911879388735;-0.3164805672948029;-0.28914152311822944,-4.359861878535158;-7.891999590786157;-4.35986246643194;-5.603017731500978,-4.359861878535158,0.009313014524683992,2.541095227336278,0.10785546647261901
1b,2,11,wave1_1b_w2_s11_c792,c7921598,1089,1740,後半,hold,carry,R_cb63a1ebfc31098d,R_cb63a1ebfc31098d,True,e,24,4,False,16,True,False,0,F,sig_n,,,F,0.11716682605188009,1240425037991772/10586828027948171,-0.5820252327984422,-1.5621312632730193,R_9812658bc7a3bb5d;R_d13632637df56212;R_03823437075e45e8;R_14b19811f0dd5b58,6;4;4;11,U;U;U;U,;;;,;;;,;;;,U;U;U;U,0.009312803259933977;0.00032964577966305216;0.009312789477353617;0.0037629587483013023,-0.33000860704524115;-0.15069430723619626;-0.33000860704524115;-0.29788416601060663,-4.346356523936316;-7.866797567728949;-4.346358003897845;-5.284665563870145,-4.346356523936316,0.009312803259933977,2.7842252606632965,0.1078540227919461
1b,2,11,wave1_1b_w2_s11_c792,c7921598,1197,1740,後半,hold_b,hold,R_94a5a2e983982a1d_t1164,R_94a5a2e983982a1d_t1164,True,e,31,1,False,16,True,False,8,U,,,,U,0.013750689462250677,8819868120309636/641412792029267677,-0.487213453879328,-3.799452859538192,R_8b0d2a6b7293001d_t449,6,U,,,,U,0.008641098435104461,-0.4632872323499407,-4.287938338204389,-4.287938338204389,0.008641098435104461,0.4884854786661976,0.005109591027146216
1b,2,11,wave1_1b_w2_s11_c792,c7921598,1211,1740,後半,hold,push,R_cb63a1ebfc31098d,R_cb63a1ebfc31098d,True,e,30,9,False,16,True,False,0,F,sig_n,,,F,0.117168480997303,206737506331962/1764446415727799,-0.6680754137206318,-1.4760669577577943,R_9812658bc7a3bb5d;R_d13632637df56212;R_03823437075e45e8;R_14b19811f0dd5b58;R_94a5a2e983982a1d_t1094;R_94a5a2e983982a1d_t1099;R_94a5a2e983982a1d_t1145;R_94a5a2e983982a1d_t1154;R_94a5a2e983982a1d_t1164,6;4;4;11;8;9;1;6;8,U;U;U;U;U;U;U;U;U,;;;;;;;;,;;;;;;;;,;;;;;;;;,U;U;U;U;U;U;U;U;U,0.009313096387538005;0.0003296710125051192;0.009313088116980072;0.004376077428118933;0.013395498642904425;0.013395498642904425;0.013395498642904425;0.013394390500368607;0.013394390500368607,-0.37220230534997545;-0.1730506069011934;-0.37220230534997545;-0.3729054277645695;-0.38686469771196746;-0.38686469771196746;-0.38686469771196746;-0.40696334570969694;-0.40696334570969694,-4.304131350362241;-7.844364725672256;-4.304132238419366;-5.058697092442965;-3.9259718529191066;-3.9259718529191066;-3.9259718529191066;-3.9059559333366027;-3.9059559333366027,-3.9059559333366027,0.013395498642904425,2.4298889755788085,0.10377298235439857
1b,2,11,wave1_1b_w2_s11_c792,c7921598,1215,1740,後半,hold_b,hold,R_94a5a2e983982a1d_t1164,R_94a5a2e983982a1d_t1164,True,e,30,1,False,16,True,False,8,U,,,,U,0.013751482325059242,8819850257706637/641374511432435037,-0.5138238580823431,-3.77278479713895,R_8b0d2a6b7293001d_t449,6,U,,,,U,0.008660230143794957,-0.6424362447425329,-4.106577736522429,-4.106577736522429,0.008660230143794957,0.3337929393834793,0.005091252181264285
1b,2,11,wave1_1b_w2_s11_c792,c7921598,1240,1740,後半,hold,push,R_cb63a1ebfc31098d,R_cb63a1ebfc31098d,True,e,30,9,False,16,True,False,0,F,sig_n,,,F,0.117168480997303,206737506331962/1764446415727799,-0.6377589319315033,-1.5063834395469229,R_9812658bc7a3bb5d;R_d13632637df56212;R_03823437075e45e8;R_14b19811f0dd5b58;R_94a5a2e983982a1d_t1094;R_94a5a2e983982a1d_t1099;R_94a5a2e983982a1d_t1145;R_94a5a2e983982a1d_t1154;R_94a5a2e983982a1d_t1164,6;4;4;11;8;9;1;6;8,U;U;U;U;U;U;U;U;U,;;;;;;;;,;;;;;;;;,;;;;;;;;,U;U;U;U;U;U;U;U;U,0.009313083901579948;0.00032966542077568907;0.00931307986292487;0.004663931045827354;0.013395483181093498;0.013395483181093498;0.013395483181093498;0.01339437471724832;0.01339437471724832,-0.3992843564932142;-0.18055552048894088;-0.3992843564932142;-0.40795306329401715;-0.4208179753376512;-0.4208179753376512;-0.4208179753376512;-0.44179121161967805;-0.44179121161967805,-4.277050639908061;-7.836876773772495;-4.277051073562046;-4.959943551091552;-3.8920197295483163;-3.8920197295483163;-3.8920197295483163;-3.8711292457653887;-3.8711292457653887,-3.8711292457653887,0.013395483181093498,2.364745806218466,0.1037729978162095
1b,2,11,wave1_1b_w2_s11_c792,c7921598,1272,1740,後半,hold_b,hold,R_94a5a2e983982a1d_t1164,R_94a5a2e983982a1d_t1164,True,e,33,1,False,16,True,False,8,U,,,,U,0.01375150825244704,8819866886872319/641374511432435037,-0.584387028397634,-3.7022197414004925,R_8b0d2a6b7293001d_t449,6,U,,,,U,0.008701223509762377,-0.616149587419192,-4.128142042484322,-4.128142042484322,0.008701223509762377,0.4259223010838298,0.005050284742684663
1b,2,11,wave1_1b_w2_s11_c792,c7921598,1518,1740,後半,hold_b,hold,R_94a5a2e983982a1d_t1154,R_94a5a2e983982a1d_t1154,True,e,39,1,False,16,True,False,6,U,,,,U,0.013594043606772405,8719393464787505/641412792029267677,-0.6597311714133419,-3.6383923808539658,R_8b0d2a6b7293001d_t449,6,U,,,,U,0.00881025096852914,-0.6670314130102144,-4.064807939649877,-4.064807939649877,0.00881025096852914,0.4264155587959113,0.004783792638243267
1b,2,11,wave1_1b_w2_s11_c792,c7921598,1559,1740,後半,hold,carry,R_cb63a1ebfc31098d,R_cb63a1ebfc31098d,True,e,42,13,False,16,True,False,0,F,sig_n,,,F,0.11717013598947777,34456251055327/294070248910706,-0.8432450950419759,-1.300883151643908,R_9812658bc7a3bb5d;R_d13632637df56212;R_03823437075e45e8;R_7515a685c55fba68;R_94a5a2e983982a1d_t1094;R_94a5a2e983982a1d_t1099;R_94a5a2e983982a1d_t1145;R_94a5a2e983982a1d_t1154;R_94a5a2e983982a1d_t1424;R_94a5a2e983982a1d_t1446;R_94a5a2e983982a1d_t1474;R_94a5a2e983982a1d_t1533;R_94a5a2e983982a1d_t1556,6;4;4;0;8;9;1;6;7;2;2;10;0,U;U;U;U;U;U;U;U;U;U;U;U;U,;;;;;;;;;;;;,;;;;;;;;;;;;,;;;;;;;;;;;;,U;U;U;U;U;U;U;U;U;U;U;U;U,0.009313339721812785;0.00032966660672161555;0.009313342931849431;0.0003050246248791373;0.013395858511881038;0.013395858511881038;0.013395858511881038;0.013395858511881038;0.013394740116523167;0.013394740116523167;0.013394740116523167;0.013394740116523167;0.013394740116523167,-0.5052989864181793;-0.21981433901698855;-0.5052989864181793;-0.355070777523277;-0.5442785243465499;-0.5442785243465499;-0.5442785243465499;-0.5442785243465499;-0.5796000721336272;-0.5796000721336272;-0.5796000721336272;-0.5796000721336272;-0.5796000721336272,-4.171008541453654;-7.797614357828042;-4.1710081967828705;-7.74004726978402;-3.7685311617270814;-3.7685311617270814;-3.7685311617270814;-3.7685311617270814;-3.7332931055688423;-3.7332931055688423;-3.7332931055688423;-3.7332931055688423;-3.7332931055688423,-3.7332931055688423,0.013395858511881038,2.4324099539249344,0.10377427747759674
1b,2,11,wave1_1b_w2_s11_c792,c7921598,1620,1740,後半,hold,carry,R_cb63a1ebfc31098d,R_cb63a1ebfc31098d,True,e,43,13,False,16,True,False,0,F,sig_n,,,F,0.11717013598947777,34456251055327/294070248910706,-0.8706290210203593,-1.2734992256655246,R_9812658bc7a3bb5d;R_d13632637df56212;R_03823437075e45e8;R_7515a685c55fba68;R_94a5a2e983982a1d_t1094;R_94a5a2e983982a1d_t1099;R_94a5a2e983982a1d_t1145;R_94a5a2e983982a1d_t1154;R_94a5a2e983982a1d_t1424;R_94a5a2e983982a1d_t1446;R_94a5a2e983982a1d_t1474;R_94a5a2e983982a1d_t1533;R_94a5a2e983982a1d_t1556,6;4;4;0;8;9;1;6;7;2;2;10;0,U;U;U;U;U;U;U;U;U;U;U;U;U,;;;;;;;;;;;;,;;;;;;;;;;;;,;;;;;;;;;;;;,U;U;U;U;U;U;U;U;U;U;U;U;U,0.009313346845428805;0.00032967781047453813;0.009313346845428805;0.0003050231830480311;0.013395867192180638;0.013395867192180638;0.013395867192180638;0.013395867192180638;0.013394749588987584;0.013394749588987584;0.013394749588987584;0.013394749588987584;0.013394749588987584,-0.5054554697494994;-0.21990633570388204;-0.5054554697494994;-0.35520999235415507;-0.5421393140668016;-0.5421393140668016;-0.5421393140668016;-0.5421393140668016;-0.5792678728161691;-0.5792678728161691;-0.5792678728161691;-0.5792678728161691;-0.5792678728161691,-4.17085129323954;-7.797488376617638;-4.17085129323954;-7.739912781897777;-3.770669724023217;-3.770669724023217;-3.770669724023217;-3.770669724023217;-3.7336245977086326;-3.7336245977086326;-3.7336245977086326;-3.7336245977086326;-3.7336245977086326,-3.7336245977086326,0.013395867192180638,2.460125372043108,0.10377426879729713
1b,2,11,wave1_1b_w2_s11_c792,c7921598,1684,1740,後半,hold_b,hold,R_94a5a2e983982a1d_t1556,R_94a5a2e983982a1d_t1556,True,e,47,1,False,16,True,False,0,U,,,,U,0.013750288623441447,8819874201797417/641431932327683933,-0.717917004734822,-3.5687784595592964,R_8b0d2a6b7293001d_t449,6,U,,,,U,0.008847412330452544,-0.7259160461607174,-4.001714208595728,-4.001714208595728,0.008847412330452544,0.4329357490364316,0.004902876292988903
1b,2,12,wave1_1b_w2_s12_c792,c7921598,217,1740,前半,hold,hold_b,R_cb63a1ebfc31098d_t191,R_cb63a1ebfc31098d_t191,True,e,17,2,False,16,True,False,11,F,sig_n,,,F,0.11040692573404531,4675370505191077/42346713977467176,-0.17813913727229047,-2.0254432767362536,R_318bd7a438f80cc5;R_0e5d236bf5b42b15,3;13,U;U,;,;,;,U;U,0.01068994924915846;0.002354915191661264,-0.13045429466752514;-0.1698316806632202,-4.407997006795152;-5.881418883532418,-4.407997006795152,0.01068994924915846,2.3825537300588984,0.09971697648488685
1b,2,12,wave1_1b_w2_s12_c792,c7921598,227,1740,前半,hold,hold_b,R_cb63a1ebfc31098d_t191,R_cb63a1ebfc31098d_t191,True,e,17,2,False,11,True,False,11,F,sig_n,,,F,0.11200104387430868,4742742186785433/42345517708816156,-0.15902678469643122,-2.0302203027277175,R_318bd7a438f80cc5;R_0e5d236bf5b42b15,3;13,U;U,;,;,;,U;U,0.010690674185929037;0.0023730185924082364,-0.15741990527161762;-0.16251133662705794,-4.380963583690357;-5.881081129951852,-4.380963583690357,0.010690674185929037,2.3507432809626394,0.10131036968837963
1b,2,12,wave1_1b_w2_s12_c792,c7921598,467,1740,前半,hold_b,carry,R_8b0d2a6b7293001d,R_8b0d2a6b7293001d,True,e,20,3,False,15,True,False,7,H,,"sig_e:16,sig_n:22",38,H,0.3797394155329332,4020065536296330/10586379427204039,-0.3448977652750561,-0.6233722448173098,R_9e4d965d6b6585c5;R_2f1a2f2059f4659c;R_0aa7a1980d3349e7,2;3;8,U;U;H,;;,;;sig_e:3,;;3,U;U;H,0.013398675814639051;0.013398675814639051;0.0027359287512911516,-0.024931982551529674;-0.024931982551529674;-0.2180529166449027,-4.287667414159796;-4.287667414159796;-5.683231404110763,-4.287667414159796,0.013398675814639051,3.6642951693424863,0.3663407397182942
1b,2,12,wave1_1b_w2_s12_c792,c7921598,594,1740,前半,hold,hold_b,R_2f1a2f2059f4659c,R_2f1a2f2059f4659c,True,e,20,1,False,9,True,False,3,U,,,,U,0.013398387645759294,8593640779419077/641393651730851293,-0.052763640177677304,-4.259857264030557,R_22604ec5e16d756f,2,U,,,,U,0.0006906948046663149,-0.06262294720945888,-7.215189556526436,-7.215189556526436,0.0006906948046663149,2.9553322924958794,0.01270769284109298
1b,2,12,wave1_1b_w2_s12_c792,c7921598,776,1740,前半,hold,hold_b,R_ad9c6c2c137d6a9d,R_ad9c6c2c137d6a9d,True,e,28,1,False,16,True,False,13,F,sig_n,,,F,0.10835758054741407,8605956675439951/79421823853608832,-0.16849962662542445,-2.053818963301474,R_22604ec5e16d756f,2,U,,,,U,0.0007705378126903584,-0.14295603202394974,-7.025465796861465,-7.025465796861465,0.0007705378126903584,4.9716468335599915,0.1075870427347237
1b,2,12,wave1_1b_w2_s12_c792,c7921598,824,1740,前半,hold,carry,R_ad9c6c2c137d6a9d,R_ad9c6c2c137d6a9d,True,e,30,1,False,16,True,False,13,F,sig_n,,,F,0.10257176576254555,4073218356373259/39710911926804416,-0.20786705020511098,-2.0693255214109407,R_22604ec5e16d756f,2,U,,,,U,0.0008135093458288376,-0.26151437159757507,-6.852638771354621,-6.852638771354621,0.0008135093458288376,4.78331324994368,0.10175825641671671
1b,2,13,wave1_1b_w2_s13_c792,c7921598,19,1740,前半,hold,hold_b,R_cb63a1ebfc31098d,R_cb63a1ebfc31098d,True,e,7,1,False,5,True,False,10,F,sig_n,,,F,0.10618095369450924,8992828951912139/84693427954934352,-0.004076997194637378,-2.238533532806524,R_cdc312882b1e18e7,4,U,,,,U,0.008363777042095896,-0.004076906911864664,-4.779768247710465,-4.779768247710465,0.008363777042095896,2.541234714903941,0.09781717665241335
1b,2,13,wave1_1b_w2_s13_c792,c7921598,37,1740,前半,hold,hold_b,R_cb63a1ebfc31098d,R_cb63a1ebfc31098d,True,e,8,1,False,5,True,False,10,F,sig_n,,,F,0.1116747173459061,2364528656980789/21173356988733588,-0.00411009231766602,-2.1880548504712993,R_cdc312882b1e18e7,4,U,,,,U,0.008364264777124,-0.004110008780941171,-4.779676832377863,-4.779676832377863,0.008364264777124,2.5916219819065636,0.1033104525687821
1b,2,13,wave1_1b_w2_s13_c792,c7921598,45,1740,前半,hold,hold_b,R_cb63a1ebfc31098d,R_cb63a1ebfc31098d,True,e,8,1,False,4,True,False,10,F,sig_n,,,F,0.11277665594742332,4775585881562681/42345517708816156,-0.004253118773140458,-2.1780927933830294,R_cdc312882b1e18e7,4,U,,,,U,0.008364784249270665,-0.004265110463887016,-4.779459626489709,-4.779459626489709,0.008364784249270665,2.6013668331066797,0.10441187169815265
1b,2,13,wave1_1b_w2_s13_c792,c7921598,193,1740,前半,hold_b,hold,R_7b6b1008b48c1115,R_7b6b1008b48c1115,True,e,10,2,False,16,True,False,11,F,sig_n,,,F,0.117168480997303,206737506331962/1764446415727799,-0.02180279110151207,-2.1223395803769143,R_a3e2181b14bbde85;R_8b0d2a6b7293001d,7;0,U;H,;,;sig_e:4,;4,U;H,0.00290409046611116;0.09240995798884793,-0.011172561578726361;-0.06733914692090782,-5.8304624686839475;-2.3141813887783305,-2.3141813887783305,0.09240995798884793,0.19184180840141618,0.024758523008455057
1b,2,13,wave1_1b_w2_s13_c792,c7921598,313,1740,前半,hold,carry,R_cb63a1ebfc31098d,R_cb63a1ebfc31098d,True,e,9,1,False,16,True,False,10,F,sig_n,,,F,0.1155116178762048,2445734175907241/21173057921570832,-0.036938811830919,-2.1214453545752017,R_0e5d236bf5b42b15,14,U,,,,U,0.008134235542365654,-0.06502194529478594,-4.746651568868248,-4.746651568868248,0.008134235542365654,2.625206214293046,0.10737738233383914
1b,2,13,wave1_1b_w2_s13_c792,c7921598,315,1740,前半,hold,carry,R_cb63a1ebfc31098d,R_cb63a1ebfc31098d,True,e,9,1,False,16,True,False,10,F,sig_n,,,F,0.11550998631008885,2445734175907241/21173356988733588,-0.03693124273253947,-2.1214670484661236,R_0e5d236bf5b42b15,14,U,,,,U,0.008345808051588407,-0.06515720661454108,-4.720838689313851,-4.720838689313851,0.008345808051588407,2.5993716408477274,0.10716417825850046
1b,2,13,wave1_1b_w2_s13_c792,c7921598,494,1740,前半,hold,carry,R_cb63a1ebfc31098d,R_cb63a1ebfc31098d,True,e,11,2,False,16,True,False,10,F,sig_n,,,F,0.11554396322063488,4892768940706197/42345517708816156,-0.04048519990458326,-2.1176189875935374,R_0e5d236bf5b42b15;R_b6c15eaf75ec247c,14;12,U;F,;sig_e,;,;,U;F,0.007436084136958372;0.07929994145308498,-0.03635692100731992;-0.13303421911359656,-4.865053973365434;-2.401483669524543,-2.401483669524543,0.07929994145308498,0.2838646819310058,0.0362440217675499
1b,2,13,wave1_1b_w2_s13_c792,c7921598,499,1740,前半,hold,carry,R_cb63a1ebfc31098d,R_cb63a1ebfc31098d,True,e,11,2,False,16,True,False,10,F,sig_n,,,F,0.11554233117459875,1630922980235399/14115371947713888,-0.04049271436980607,-2.11762559812037,R_0e5d236bf5b42b15;R_b6c15eaf75ec247c,14;12,U;F,;sig_e,;,;,U;F,0.007436064784370351;0.07929413742860243,-0.03639041799129409;-0.13245189691381762,-4.8650230789089255;-2.402139185181809,-2.402139185181809,0.07929413742860243,0.28451358706143903,0.03624819374599631
1b,2,13,wave1_1b_w2_s13_c792,c7921598,632,1740,前半,hold_b,hold,R_7b6b1008b48c1115,R_7b6b1008b48c1115,True,e,13,1,False,16,True,False,11,F,sig_n,,,F,0.11717013598947777,34456251055327/294070248910706,-0.03666465662295514,-2.107463590062929,R_8b0d2a6b7293001d,0,U,,,,U,0.09991178835418373,-0.09772656618784628,-2.205741032558037,-2.205741032558037,0.09991178835418373,0.09827744249510806,0.017258347635294043
1b,2,13,wave1_1b_w2_s13_c792,c7921598,717,1740,前半,hold_b,carry,R_7b6b1008b48c1115,R_7b6b1008b48c1115,True,e,13,1,False,16,True,False,11,F,sig_n,,,F,0.11717013598947777,34456251055327/294070248910706,-0.052250759000199584,-2.0918774876856845,R_8b0d2a6b7293001d,0,U,,,,U,0.10296815289302728,-0.13218172401035094,-2.1411538097661733,-2.1411538097661733,0.10296815289302728,0.04927632208048882,0.014201983096450486
1b,2,13,wave1_1b_w2_s13_c792,c7921598,757,1740,前半,hold_b,carry,R_7b6b1008b48c1115,R_7b6b1008b48c1115,True,e,13,1,False,16,True,False,11,U,,,,U,0.1388781876480529,1960344963347037/14115571325822392,-0.1552891128421769,-1.8188689650822734,R_8b0d2a6b7293001d,0,U,,,,U,0.10451330269320641,-0.15555683100090106,-2.1028840861785536,-2.1028840861785536,0.10451330269320641,0.28401512109628024,0.034364884954846485
1b,2,13,wave1_1b_w2_s13_c792,c7921598,811,1740,前半,hold_b,carry,R_7b6b1008b48c1115,R_7b6b1008b48c1115,True,e,13,1,False,16,True,False,11,U,,,,U,0.13844062168191415,325690144618827/2352561991285648,-0.17401994689791656,-1.803293822703683,R_8b0d2a6b7293001d,0,U,,,,U,0.10416148711259206,-0.17419440030738315,-2.0876184231217887,-2.0876184231217887,0.10416148711259206,0.2843246004181057,0.0342791345693221
1b,2,13,wave1_1b_w2_s13_c792,c7921598,950,1740,後半,hold_b,carry,R_7b6b1008b48c1115,R_7b6b1008b48c1115,True,e,13,1,False,16,True,False,11,U,,,,U,0.13806779806725789,2923276194037161/21172758854408078,-0.19856204588927262,-1.7814483782367994,R_8b0d2a6b7293001d,0,U,,,,U,0.10403562504233911,-0.19851169683513653,-2.0645101931779353,-2.0645101931779353,0.10403562504233911,0.2830618149411359,0.034032173024918774
1b,2,13,wave1_1b_w2_s13_c792,c7921598,1304,1740,後半,hold_b,push,R_7b6b1008b48c1115,R_7b6b1008b48c1115,True,e,12,1,False,16,True,False,11,U,,,,U,0.13822499307574254,182915361537589/1323316120098177,-0.24416966625974942,-1.7347028705924956,R_8b0d2a6b7293001d,0,U,,,,U,0.10474371820417215,-0.2440814494498491,-2.012157241939522,-2.012157241939522,0.10474371820417215,0.27745437134702633,0.033481274871570384
1b,2,13,wave1_1b_w2_s13_c792,c7921598,1449,1740,後半,hold_b,push,R_7b6b1008b48c1115,R_7b6b1008b48c1115,True,e,12,1,False,16,True,False,11,U,,,,U,0.1380565852877339,1948720051167649/14115371947713888,-0.28792338582453936,-1.6921682537262184,R_8b0d2a6b7293001d,0,U,,,,U,0.1047856657750944,-0.28812063305314956,-1.9677176603520725,-1.9677176603520725,0.1047856657750944,0.27554940662585414,0.033270919512639496
1b,2,13,wave1_1b_w2_s13_c792,c7921598,1497,1740,後半,hold_b,push,R_7b6b1008b48c1115,R_7b6b1008b48c1115,True,e,12,1,False,16,True,False,11,U,,,,U,0.13869275738868908,734147815985633/5293339247183397,-0.2925695568569584,-1.682924613985461,R_8b0d2a6b7293001d,0,U,,,,U,0.10537705411970955,-0.2928496948961804,-1.9573606745284553,-1.9573606745284553,0.10537705411970955,0.2744360605429943,0.033315703268979535
1b,2,13,wave1_1b_w2_s13_c792,c7921598,1638,1740,後半,hold_b,push,R_7b6b1008b48c1115,R_7b6b1008b48c1115,True,e,12,1,False,16,True,False,11,U,,,,U,0.13772522760505046,1458011516125100/10586379427204039,-0.3265050071680804,-1.6559896758514472,R_8b0d2a6b7293001d,0,U,,,,U,0.1048359047197695,-0.32648451390547883,-1.9288744495766021,-1.9288744495766021,0.1048359047197695,0.27288477372515496,0.032889322885280965
1b,2,13,wave1_1b_w2_s13_c792,c7921598,1733,1740,後半,hold_b,push,R_7b6b1008b48c1115,R_7b6b1008b48c1115,True,e,12,1,False,16,True,False,11,U,,,,U,0.1387396310573817,1958389157908755/14115571325822392,-0.34421366281026067,-1.6309425974558112,R_8b0d2a6b7293001d,0,U,,,,U,0.10574837590058143,-0.34444458610350215,-1.9022482329843051,-1.9022482329843051,0.10574837590058143,0.27130563552849396,0.03299125515680027
1b,2,14,wave1_1b_w2_s14_c792,c7921598,54,1740,前半,hold_b,hold,R_7b6b1008b48c1115,R_7b6b1008b48c1115,True,e,10,2,False,16,True,False,1,F,sig_n,,,F,0.02047971915610999,1156331745923527/56462285303289568,-0.1579146570379287,-3.730405534947493,R_2f1a2f2059f4659c;R_f10dc019491698d2,0;5,U;U,;,;,;,U;U,0.01347594119901145;0.013395480202827346,-0.028766898742370605;-0.005348481718803108,-4.278082418090892;-4.3074894455008,-4.278082418090892,0.01347594119901145,0.5476768831433989,0.007003777957098542
1b,2,14,wave1_1b_w2_s14_c792,c7921598,97,1740,前半,hold_b,hold,R_7b6b1008b48c1115,R_7b6b1008b48c1115,True,e,12,3,False,16,True,False,1,F,sig_n,,,F,0.021905265153774566,7420823166211777/338768926745133312,-0.046670813654758454,-3.774357439420121,R_2f1a2f2059f4659c;R_9166e2f96690a9eb;R_0d2029ba5ef8463b,0;10;4,U;U;U,;;,;;,;;,U;U;U,0.013476455437187833;0.01766977022241486;0.017814088203715463,-0.03607521964446157;-0.027482121128904493;-0.031008311535092783,-4.270735938194379;-4.0084178754310305;-3.9967573510790473,-3.9967573510790473,0.017814088203715463,0.22239991165892636,0.004091176950059102
1b,2,14,wave1_1b_w2_s14_c792,c7921598,306,1740,前半,hold,hold_b,R_cb63a1ebfc31098d,R_cb63a1ebfc31098d,True,e,15,1,False,16,True,False,5,F,sig_n,,,F,0.11641562806420479,4929819304142081/42346713977467176,-0.09535474633824267,-2.0552337446388824,R_0e5d236bf5b42b15,8,U,,,,U,0.031924228763864373,-0.10908650448266467,-3.335303530621635,-3.335303530621635,0.031924228763864373,1.2800697859827528,0.08449139930034041
1b,2,14,wave1_1b_w2_s14_c792,c7921598,399,1740,前半,hold_b,hold,R_7b6b1008b48c1115_t164,R_7b6b1008b48c1115_t164,True,e,16,5,False,15,True,False,7,F,sig_n,,,F,0.1140065825169708,4827667758893997/42345517708816156,-0.18704018398338174,-1.9844589068942924,R_2f1a2f2059f4659c;R_9166e2f96690a9eb;R_0d2029ba5ef8463b;R_76143f573e09af68;R_8b0d2a6b7293001d,0;10;4;6;4,U;U;U;U;H,;;;;,;;;;sig_e:20,;;;;20,U;U;U;U;H,0.013398737802194279;0.01767031513752404;0.017670340374415408;0.0003757572737792312;0.03045161571727247,-0.06496883923480472;-0.12809421345357924;-0.12809421345357924;-0.06262931777572131;-0.3436685828185053,-4.247625931093086;-3.907774944747949;-3.907773516540634;-7.823937853714273;-3.147947642092851,-3.147947642092851,0.03045161571727247,1.1634887351985588,0.08355496679969832
1b,2,14,wave1_1b_w2_s14_c792,c7921598,846,1740,前半,hold_b,hold,R_5a211b92885d1ebf,R_5a211b92885d1ebf,True,e,39,4,False,15,True,False,14,F,sig_n,,,F,0.09855877405544691,652299974123971/6618385632079818,-0.37810805876830433,-1.938994159066789,R_2f1a2f2059f4659c;R_0d2029ba5ef8463b;R_76143f573e09af68;R_8b0d2a6b7293001d,0;4;6;4,U;U;U;H,;;;,;;;sig_e:43,;;;43,U;U;U;H,0.013398725739481612;0.01771837859569828;2.958664741411497e-05;0.008674116690516305,-0.11332005170638106;-0.3449058034861129;-0.015830791595718728;-0.7766256739334981,-4.199275618909154;-3.6882470358770236;-10.412356607689643;-3.97078610681884,-3.6882470358770236,0.01771837859569828,1.7492528768102347,0.08084039545974864
1b,2,15,wave1_1b_w2_s15_c792,c7921598,268,1740,前半,hold_b,hold,R_7b6b1008b48c1115,R_7b6b1008b48c1115,True,e,11,1,False,16,True,False,3,U,,,,U,0.01146605988791587,1294781600741561/112922975581711104,-0.07908302289314131,-4.3892808985294165,R_c9218d4e01f32519,,なし,,,,,0.00836207802883193,-0.003837045547970064,-4.780211269183377,-4.780211269183377,0.00836207802883193,0.39093037065396086,0.0031039818590839394
1b,2,15,wave1_1b_w2_s15_c792,c7921598,571,1740,前半,hold_b,hold,R_d13632637df56212,R_d13632637df56212,True,e,17,1,False,15,True,False,9,U,,,,U,0.0106913589745633,6857574410461814/641412792029267677,-0.1380790871585389,-4.4002403490887705,R_28b90e6a8809edd4,12,F,sig_e,,,F,0.009135270040724784,-0.21692753053746935,-4.478684997943268,-4.478684997943268,0.009135270040724784,0.07844464885449742,0.0015560889338385154
1b,2,15,wave1_1b_w2_s15_c792,c7921598,923,1740,後半,hold,hold_b,R_7c67e41822d94b32,R_7c67e41822d94b32,True,e,24,1,False,15,True,False,2,F,sig_n,,,F,0.10835758054741407,8605956675439951/79421823853608832,-0.20848317263530328,-2.0138354172915953,R_e10c53c730c7a91a,7,H,,sig_e:3,3,H,0.0005683835534850525,-0.28070944590031294,-7.1920046510149955,-7.1920046510149955,0.0005683835534850525,5.1781692337234,0.10778919699392901
1b,2,15,wave1_1b_w2_s15_c792,c7921598,1110,1740,後半,hold,hold_b,R_572f65c1e0a7565d,R_572f65c1e0a7565d,True,e,26,1,False,15,True,False,8,H,,sig_n:15,15,H,0.1045996541847479,8307370180522237/79420627584957816,-0.14720927346831297,-2.1104057599616226,R_e10c53c730c7a91a,7,U,,,,U,0.0005568180754845533,-0.1961559016551574,-7.297116084661094,-7.297116084661094,0.0005568180754845533,5.1867103246994715,0.10404283610926335
1b,2,15,wave1_1b_w2_s15_c792,c7921598,1156,1740,後半,hold,hold_b,R_7c67e41822d94b32_t1117,R_7c67e41822d94b32_t1117,True,e,26,1,False,11,True,False,3,F,sig_n,,,F,0.10835594846673381,8605956675439951/79423020122259856,-0.27709264196542227,-1.9452410100638535,R_e10c53c730c7a91a,7,U,,,,U,0.000556813928352758,-0.23400680646494582,-7.259272627790628,-7.259272627790628,0.000556813928352758,5.314031617726775,0.10779913453838105
1b,2,16,wave1_1b_w2_s16_c792,c7921598,40,1740,前半,hold,hold_b,R_cb63a1ebfc31098d,R_cb63a1ebfc31098d,True,e,7,1,True,0,True,False,14,F,sig_n,,,F,0.117168480997303,206737506331962/1764446415727799,0.0,-2.1441423714784262,R_beb6d0d0aa09b5d2,,なし,,,,,0.007267860530142827,0.0,-4.924293318210922,-4.924293318210922,0.007267860530142827,2.780150946732496,0.10990062046716018
1b,2,16,wave1_1b_w2_s16_c792,c7921598,45,1740,前半,hold,hold_b,R_cb63a1ebfc31098d,R_cb63a1ebfc31098d,True,e,7,1,False,4,True,False,14,F,sig_n,,,F,0.11716682605188009,1240425037991772/10586828027948171,-0.00012900672584177886,-2.1440274893456195,R_beb6d0d0aa09b5d2,,なし,,,,,0.007267643530690778,-0.00012900604876795143,-4.924194170012443,-4.924194170012443,0.007267643530690778,2.7801666806668237,0.10989918252118931
1b,2,16,wave1_1b_w2_s16_c792,c7921598,64,1740,前半,hold,carry,R_cb63a1ebfc31098d,R_cb63a1ebfc31098d,True,e,7,1,False,15,True,False,14,F,sig_n,,,F,0.11717179102840637,1240425037991772/10586379427204039,-0.0055754855959244225,-2.1385386360979046,R_beb6d0d0aa09b5d2,,なし,,,,,0.007268294567924653,-0.00029872670666701936,-4.923934873129069,-4.923934873129069,0.007268294567924653,2.785396237031164,0.10990349646048171
1b,2,16,wave1_1b_w2_s16_c792,c7921598,84,1740,前半,hold,carry,R_cb63a1ebfc31098d,R_cb63a1ebfc31098d,True,e,7,1,False,16,True,False,14,F,sig_n,,,F,0.117168480997303,206737506331962/1764446415727799,-0.005695625001653105,-2.138446746476773,R_beb6d0d0aa09b5d2,,なし,,,,,0.007267860530142827,-0.0005011906160695062,-4.923792127594853,-4.923792127594853,0.007267860530142827,2.7853453811180797,0.10990062046716018
1b,2,16,wave1_1b_w2_s16_c792,c7921598,98,1740,前半,hold,carry,R_cb63a1ebfc31098d,R_cb63a1ebfc31098d,True,e,7,1,False,6,True,False,14,F,sig_n,,,F,0.117168480997303,206737506331962/1764446415727799,-0.0006636724481544921,-2.143478699030272,R_beb6d0d0aa09b5d2,,なし,,,,,0.007267860530142827,-0.0006636690947657031,-4.923629649116156,-4.923629649116156,0.007267860530142827,2.7801509500858845,0.10990062046716018
1b,2,16,wave1_1b_w2_s16_c792,c7921598,321,1740,前半,hold_b,lift,R_7b6b1008b48c1115,R_7b6b1008b48c1115,True,e,8,1,False,5,True,False,11,F,sig_n,,,F,0.11077077837783511,275928145236917/2490983175145128,-0.0010720511968006368,-2.19922022130786,R_8b0d2a6b7293001d,2,U,,,,U,0.006915790388709667,-0.007708226301727765,-4.966239793486731,-4.966239793486731,0.006915790388709667,2.7670195721788713,0.10385498798912544
1b,2,16,wave1_1b_w2_s16_c792,c7921598,869,1740,前半,hold,hold_b,R_cb63a1ebfc31098d_t631,R_cb63a1ebfc31098d_t631,True,e,13,3,False,14,True,False,6,U,,,,U,0.032577521619982626,919687669601491/28230743895427776,-0.06240885457453724,-3.3617238947232058,R_beb6d0d0aa09b5d2;R_22604ec5e16d756f;R_0e5d236bf5b42b15,;0;13,なし;U;U,;;,;;,;;,;U;U,0.001518307816773327;0.0011730236053042672;0.0006532893595735812,-0.007274245748507147;-0.010555130908254832;-0.01149838457454239,-6.482884596968799;-6.73761545473097;-7.321992018873612,-6.482884596968799,0.001518307816773327,3.1211607022455934,0.031059213803209303
1b,2,16,wave1_1b_w2_s16_c792,c7921598,888,1740,後半,hold,hold_b,R_cb63a1ebfc31098d_t631,R_cb63a1ebfc31098d_t631,True,e,13,3,False,16,True,False,6,U,,,,U,0.032532180863028066,459203833151941/14115371947713888,-0.08407409974521252,-3.3414513994056128,R_beb6d0d0aa09b5d2;R_22604ec5e16d756f;R_0e5d236bf5b42b15,;0;13,なし;U;U,;;,;;,;;,;U;U,0.0015183804132402935;0.0011731719276968308;0.0006533648111655638,-0.014794951921563708;-0.021354384518254232;-0.022899573489548287,-6.4753160778749015;-6.726689764606474;-7.310475341723454,-6.4753160778749015,0.0015183804132402935,3.1338646784692887,0.031013800449787778
1b,2,16,wave1_1b_w2_s16_c792,c7921598,1036,1740,後半,hold,hold_b,R_cb63a1ebfc31098d_t944,R_cb63a1ebfc31098d_t944,True,e,16,5,False,16,True,False,15,F,sig_n,,,F,0.11717179102840637,1240425037991772/10586379427204039,-0.030828547514157353,-2.1132855741796717,R_beb6d0d0aa09b5d2;R_22604ec5e16d756f;R_0e5d236bf5b42b15;R_22604ec5e16d756f_t896;R_8307fbbf05ba494f,;0;13;15;2,なし;U;U;F;F,;;;sig_e;sig_e,;;;;,;;;;,;U;U;F;F,0.0015182366197374548;0.000644715127136416;0.0006533755985639491;0.0004191485647981277;0.009017418348784539,-0.01790665642403401;-0.017259584623638163;-0.019673651346686083;-0.15985482683868144;-0.15348048652177132,-6.472299079752185;-7.329442417461244;-7.313684753474037;-7.617430304124583;-4.555116713456616,-4.555116713456616,0.009017418348784539,2.4418311392769447,0.10815437267962183
1b,2,16,wave1_1b_w2_s16_c792,c7921598,1067,1740,後半,hold,hold_b,R_cb63a1ebfc31098d_t944,R_cb63a1ebfc31098d_t944,True,e,16,5,False,12,True,False,15,F,sig_n,,,F,0.11717013598947777,34456251055327/294070248910706,-0.022687326641115405,-2.1214409200447686,R_beb6d0d0aa09b5d2;R_22604ec5e16d756f;R_0e5d236bf5b42b15;R_22604ec5e16d756f_t896;R_8307fbbf05ba494f,;0;13;15;2,なし;U;U;F;F,;;;sig_e;sig_e,;;;;,;;;;,;U;U;F;F,0.0015180772726646511;0.0006445904836192076;0.0006533109287465114;8.765090827389136e-05;0.009017290207980389,-0.01766524572655023;-0.012799028768912889;-0.014488627618305614;-0.15509566802156735;-0.1518958645737717,-6.472645451319063;-7.334096323157244;-7.318968760112456;-9.18705291612041;-4.556715545870369,-4.556715545870369,0.009017290207980389,2.4352746258256004,0.10815284578149739
1b,2,16,wave1_1b_w2_s16_c792,c7921598,1070,1740,後半,hold,hold_b,R_cb63a1ebfc31098d_t944,R_cb63a1ebfc31098d_t944,True,e,16,5,False,12,True,False,15,F,sig_n,,,F,0.117168480997303,206737506331962/1764446415727799,-0.022688217114921302,-2.121454154363505,R_beb6d0d0aa09b5d2;R_22604ec5e16d756f;R_0e5d236bf5b42b15;R_22604ec5e16d756f_t896;R_8307fbbf05ba494f,;0;13;15;2,なし;U;U;F;F,;;;sig_e;sig_e,;;;;,;;;;,;U;U;F;F,0.0015180071021012522;0.0006447220858431192;0.0006533744676476594;8.768180474585973e-05;0.009017158718551042,-0.017666610468473346;-0.012810562221670142;-0.014499977622413007;-0.15456378718977035;-0.15136315870022626,-6.472690310960095;-7.3338806464618225;-7.318860158082155;-9.187232364462501;-4.557262833772995,-4.557262833772995,0.009017158718551042,2.43580867940949,0.10815132227875196
1b,2,17,wave1_1b_w2_s17_c792,c7921598,183,1740,前半,hold,hold_b,R_cb63a1ebfc31098d,R_cb63a1ebfc31098d,True,e,20,5,False,16,True,False,9,F,sig_n,,,F,0.1114246130024339,4718399569978295/42346115843141664,-0.14595736293736455,-2.048449670384584,R_beb6d0d0aa09b5d2;R_bfecf95ccc797855;R_94a5a2e983982a1d;R_0e5d236bf5b42b15;R_defaa042c18e3fea,;10;0;15;9,なし;U;U;F;U,;;;sig_e;,;;;;,;;;;,;U;U;F;U,0.002900284185624353;0.005203197188905658;0.013394687331904307;0.1041962252513042;0.013398040572606964,-0.03793926780055773;-0.04127664253488148;-0.04167087832334455;-0.1983819410521841;-0.03873184404952233,-5.805007283947472;-5.217205355778699;-4.2712262400843874;-2.0630974352620246;-4.273914964592656,-2.0630974352620246,0.1041962252513042,0.014647764877440572,0.007228387751129699
1b,2,17,wave1_1b_w2_s17_c792,c7921598,224,1740,前半,hold,hold_b,R_cb63a1ebfc31098d_t159,R_cb63a1ebfc31098d_t159,True,e,20,3,False,16,True,False,9,F,sig_n,,,F,0.029268262574952856,2478829487757871/84693427954934352,-0.18759923922434618,-3.343652299375647,R_bfecf95ccc797855;R_94a5a2e983982a1d;R_defaa042c18e3fea,10;0;9,U;U;U,;;,;;,;;,U;U;U,0.005203083687935585;0.01339545290418747;0.013397674266097706,-0.05185254153129242;-0.03639648616200478;-0.05071559844220977,-5.206651270717818;-4.276443478958986;-4.261958550878243,-4.261958550878243,0.013397674266097706,0.9183062515025964,0.015870588308855148
1b,2,17,wave1_1b_w2_s17_c792,c7921598,355,1740,前半,hold,hold_b,R_cb63a1ebfc31098d_t286,R_cb63a1ebfc31098d_t286,True,e,22,3,False,16,True,False,10,F,sig_n,,,F,0.11317301652355981,2396252680345177/21173356988733588,-0.3062084102913419,-1.8726291012695582,R_bfecf95ccc797855;R_94a5a2e983982a1d;R_defaa042c18e3fea,10;0;9,U;U;U,;;,;;,;;,U;U;U,0.005205591441088486;0.013395577121060348;0.013397776513031522,-0.05895084408562662;-0.044727167589076036;-0.06573680190713159,-5.199071109873098;-4.268103524512344;-4.246929715749674,-4.246929715749674,0.013397776513031522,2.3743006144801164,0.09977524001052829
1b,2,17,wave1_1b_w2_s17_c792,c7921598,363,1740,前半,hold_b,hold,R_7b6b1008b48c1115,R_7b6b1008b48c1115,True,e,23,1,False,10,True,False,3,F,sig_n,,,F,0.117168480997303,206737506331962/1764446415727799,-0.0876508425724723,-2.056491528905954,R_8b0d2a6b7293001d,8,U,,,,U,0.022048430197653936,-0.11893905796093812,-3.695574814512837,-3.695574814512837,0.022048430197653936,1.6390832856068829,0.09512005079964907
1b,2,17,wave1_1b_w2_s17_c792,c7921598,638,1740,前半,hold_b,hold,R_7b6b1008b48c1115,R_7b6b1008b48c1115,True,e,25,2,False,16,True,False,3,F,sig_n,,,F,0.11717179102840637,1240425037991772/10586379427204039,-0.32408029868206184,-1.820033823011767,R_8b0d2a6b7293001d;R_8b0d2a6b7293001d_t438,8;2,U;U,;,;,;,U;U,0.007779093054883897;0.06274192193989389,-0.2854839070933187;-0.3658162700493021,-4.570831614416164;-2.402909173233473,-2.402909173233473,0.06274192193989389,0.5828753502217061,0.05442986908851249
1b,2,17,wave1_1b_w2_s17_c792,c7921598,718,1740,前半,hold_b,hold,R_7b6b1008b48c1115,R_7b6b1008b48c1115,True,e,26,2,False,16,True,False,3,F,sig_n,,,F,0.11717013598947777,34456251055327/294070248910706,-0.338619204000668,-1.805509042685216,R_8b0d2a6b7293001d;R_8b0d2a6b7293001d_t438,8;2,U;U,;,;,;,U;U,0.007778999602037335;0.019279830685173024,-0.29365319948375845;-0.36315815015661257,-4.562674335432332;-3.585537621571052,-3.585537621571052,0.019279830685173024,1.7800285788858359,0.09789030530430474
1b,2,17,wave1_1b_w2_s17_c792,c7921598,720,1740,前半,hold_b,lift,R_7b6b1008b48c1115,R_7b6b1008b48c1115,True,e,26,2,False,16,True,False,3,F,sig_n,,,F,0.117168480997303,206737506331962/1764446415727799,-0.36270129035767357,-1.7814410811207526,R_8b0d2a6b7293001d;R_8b0d2a6b7293001d_t438,8;2,U;U,;,;,;,U;U,0.007779103964075901;0.020145397627891647,-0.3285661993422292;-0.40604122542310067,-4.5277479197949875;-3.498738196818558,-3.498738196818558,0.020145397627891647,1.7172971156978052,0.09702308336941134
1b,2,17,wave1_1b_w2_s17_c792,c7921598,832,1740,前半,hold_b,lift,R_7b6b1008b48c1115,R_7b6b1008b48c1115,True,e,29,2,False,16,True,False,3,F,sig_n,,,F,0.11717013598947777,34456251055327/294070248910706,-0.3982026553580881,-1.7459255913277958,R_8b0d2a6b7293001d;R_8b0d2a6b7293001d_t438,8;2,U;U,;,;,;,U;U,0.007778898649585964;0.02417772354655926,-0.3722217155616789;-0.45503732105941164,-4.4841187970008445;-3.2672862632988213,-3.2672862632988213,0.02417772354655926,1.5213606719710255,0.09299241244291852
1b,2,17,wave1_1b_w2_s17_c792,c7921598,971,1740,後半,hold,hold_b,R_ad9c6c2c137d6a9d,R_ad9c6c2c137d6a9d,True,e,32,4,False,13,True,False,9,F,sig_n,,,F,0.10835594846673381,8605956675439951/79423020122259856,-0.17904846207163552,-2.0432851899576403,R_94a5a2e983982a1d;R_defaa042c18e3fea;R_3ad0209336a6e37e;R_0e5d236bf5b42b15_t746,0;9;9;5,U;U;F;U,;;sig_e;,;;;,;;;,U;U;F;U,0.013395614591256017;0.013397824904249418;0.00010970884568413611;0.009112722952253693,-0.12877171646800473;-0.12881804159379515;-0.14294874515580536;-0.2253473684787623,-4.184056178430807;-4.183844864185289;-8.974731813553552;-4.472736346828264,-4.183844864185289,0.013397824904249418,2.140559674227649,0.09495812356248438
1b,2,17,wave1_1b_w2_s17_c792,c7921598,1142,1740,後半,hold_b,push,R_7b6b1008b48c1115,R_7b6b1008b48c1115,True,e,30,2,False,15,True,False,3,F,sig_n,,,F,0.11717179102840637,1240425037991772/10586379427204039,-0.15941733305072703,-1.984696788643102,R_8b0d2a6b7293001d;R_8b0d2a6b7293001d_t438,8;2,U;U,;,;,;,U;U,0.0077787197832423546;0.027703223481987324,-0.1260560285399057;-0.18829543137284063,-4.730307478074617;-3.397911069995727,-3.397911069995727,0.027703223481987324,1.4132142813526252,0.08946856754641905
1b,2,17,wave1_1b_w2_s17_c792,c7921598,1150,1740,後半,hold_b,push,R_7b6b1008b48c1115,R_7b6b1008b48c1115,True,e,30,2,False,15,True,False,3,F,sig_n,,,F,0.11717179102840637,1240425037991772/10586379427204039,-0.159393688384386,-1.9847204333094428,R_8b0d2a6b7293001d;R_8b0d2a6b7293001d_t438,8;2,U;U,;,;,;,U;U,0.007778724149514071;0.027825462376143837,-0.12603651805944394;-0.1883191358694609,-4.730326427245427;-3.393484628797351,-3.393484628797351,0.027825462376143837,1.4087641954879082,0.08934632865226254
1b,2,17,wave1_1b_w2_s17_c792,c7921598,1197,1740,後半,hold,hold_b,R_ad9c6c2c137d6a9d,R_ad9c6c2c137d6a9d,True,e,30,5,False,15,True,False,9,F,sig_n,,,F,0.10835594846673381,8605956675439951/79423020122259856,-0.20331994118199512,-2.0190137108472808,R_94a5a2e983982a1d;R_defaa042c18e3fea;R_3ad0209336a6e37e;R_0e5d236bf5b42b15_t746;R_0e5d236bf5b42b15_t1018,0;9;9;5;10,U;U;F;U;F,;;sig_e;;sig_e,;;;;,;;;;,U;U;F;U;F,0.01339558522740631;0.013397793803902063;0.00010974208903329457;0.009068186601431938;0.07969591903289197,-0.16758123511482495;-0.17148733891235515;-0.11590799122677703;-0.16840346182939028;-0.30191075899692255,-4.145248851835847;-4.141177888167662;-9.001469599081416;-4.53457950670508;-2.2276261396042614,-2.2276261396042614,0.07969591903289197,0.2086124287569806,0.028660029433841827
1b,2,17,wave1_1b_w2_s17_c792,c7921598,1252,1740,後半,hold,push,R_ad9c6c2c137d6a9d,R_ad9c6c2c137d6a9d,True,e,30,5,False,16,True,False,9,F,sig_n,,,F,0.10835758054741407,8605956675439951/79421823853608832,-0.18493428581751037,-2.037384304109388,R_94a5a2e983982a1d;R_defaa042c18e3fea;R_3ad0209336a6e37e;R_0e5d236bf5b42b15_t746;R_0e5d236bf5b42b15_t1018,0;9;9;5;10,U;U;F;U;F,;;sig_e;;sig_e,;;;;,;;;;,U;U;F;U;F,0.013395960471621903;0.013398171199074441;0.00010975948375252846;0.009068058965417802;0.012961779579547488,-0.1702670361038244;-0.17162659778863193;-0.13143061662802943;-0.1538885324735255;-0.31032160380729357,-4.142535038710494;-4.141010461231578;-8.985788480790573;-4.5491085113020056;-4.035428680440626,-4.035428680440626,0.013398171199074441,1.9980443763312379,0.09495940934833963
1b,2,17,wave1_1b_w2_s17_c792,c7921598,1312,1740,後半,hold_b,push,R_7b6b1008b48c1115,R_7b6b1008b48c1115,True,e,31,1,False,15,True,False,3,F,sig_n,,,F,0.11717013598947777,34456251055327/294070248910706,-0.1834308115697464,-1.9606974351161375,R_8b0d2a6b7293001d_t438,2,U,,,,U,0.028831388247020584,-0.21951307813264553,-3.3267775374961763,-3.3267775374961763,0.028831388247020584,1.3660801023800389,0.08833874774245719
1b,2,17,wave1_1b_w2_s17_c792,c7921598,1356,1740,後半,hold,hold_b,R_7c67e41822d94b32,R_7c67e41822d94b32,True,e,30,5,False,15,True,False,0,F,sig_n,,,F,0.10835594846673381,8605956675439951/79423020122259856,-0.2331261380875792,-1.9892075139416967,R_94a5a2e983982a1d;R_defaa042c18e3fea;R_3ad0209336a6e37e;R_0e5d236bf5b42b15_t746;R_0e5d236bf5b42b15_t1018,0;9;9;5;10,U;U;F;U;U,;;sig_e;;,;;;;,;;;;,U;U;F;U;U,0.013395593370054552;0.013397797909333844;0.00010975348557599538;0.009068267855806264;0.005992986856963289,-0.1759620494820822;-0.1672502155997978;-0.1272150300784303;-0.20192640418933705;-0.23489154950467403,-4.136867429608191;-4.14541470505431;-8.990058717200295;-4.501047604007872;-4.882273801068513,-4.136867429608191,0.013397797909333844,2.1476599156664946,0.09495815055739996
1b,2,17,wave1_1b_w2_s17_c792,c7921598,1422,1740,後半,hold,hold_b,R_572f65c1e0a7565d_t1384,R_572f65c1e0a7565d_t1384,True,e,31,3,False,15,True,False,15,F,sig_n,,,F,0.10835921267726056,8605956675439951/79420627584957816,-0.25318676812180735,-1.9691167594758432,R_94a5a2e983982a1d;R_defaa042c18e3fea;R_0e5d236bf5b42b15_t1018,0;9;10,U;U;U,;;,;;,;;,U;U;U,0.013396338037085438;0.013398544022525233;0.0059633310350951825,-0.17326121436683756;-0.15779194921073336;-0.22267839491471184,-4.13951267582096;-4.154817283753354;-4.899447660609864,-4.13951267582096,0.013398544022525233,2.1703959163451167,0.09496066865473533
1b,2,17,wave1_1b_w2_s17_c792,c7921598,1458,1740,後半,hold,hold_b,R_572f65c1e0a7565d_t1384,R_572f65c1e0a7565d_t1384,True,e,31,3,False,15,True,False,15,F,sig_n,,,F,0.10835758054741407,8605956675439951/79421823853608832,-0.25322202120157805,-1.9690965687253204,R_94a5a2e983982a1d;R_defaa042c18e3fea;R_0e5d236bf5b42b15_t1018,0;9;10,U;U;U,;;,;;,;;,U;U;U,0.01339594333354425;0.01339815282870733;0.00596324832407199,-0.17328688961304264;-0.15781762445693842;-0.2227508025436078,-4.139516464548781;-4.154820805674256;-4.899389123013725,-4.139516464548781,0.01339815282870733,2.1704198958234606,0.09495942771870673
1b,2,17,wave1_1b_w2_s17_c792,c7921598,1491,1740,後半,hold,hold_b,R_572f65c1e0a7565d_t1384,R_572f65c1e0a7565d_t1384,True,e,31,3,False,15,True,False,15,F,sig_n,,,F,0.10835594846673381,8605956675439951/79423020122259856,-0.2532264283627185,-1.9691072236665572,R_94a5a2e983982a1d;R_defaa042c18e3fea;R_0e5d236bf5b42b15_t1018,0;9;10,U;U;U,;;,;;,;;,U;U;U,0.013395558564503142;0.013397770254737987;0.005963188345276113,-0.17331385371219038;-0.15784458855608616;-0.22280045751145197,-4.139518223665123;-4.1548223962151685;-4.899349526170958,-4.139518223665123,0.013397770254737987,2.1704109999985652,0.09495817821199581
1b,2,17,wave1_1b_w2_s17_c792,c7921598,1540,1740,後半,hold_b,push,R_7b6b1008b48c1115,R_7b6b1008b48c1115,True,e,31,1,False,15,True,False,3,F,sig_n,,,F,0.11716682605188009,1240425037991772/10586828027948171,-0.2534340141350038,-1.8907224819364576,R_8b0d2a6b7293001d_t438,2,U,,,,U,0.029204870139931224,-0.29267555247386057,-3.240744245527132,-3.240744245527132,0.029204870139931224,1.3500217635906742,0.08796195591194886
1b,2,17,wave1_1b_w2_s17_c792,c7921598,1592,1740,後半,hold_b,push,R_7b6b1008b48c1115,R_7b6b1008b48c1115,True,e,31,1,False,15,True,False,3,F,sig_n,,,F,0.11717013598947777,34456251055327/294070248910706,-0.30852474078849124,-1.8356035058973927,R_8b0d2a6b7293001d_t438,2,U,,,,U,0.029184085259657704,-0.35053072252195944,-3.1836010211204373,-3.1836010211204373,0.029184085259657704,1.3479975152230446,0.08798605072982006
1b,2,18,wave1_1b_w2_s18_c792,c7921598,182,1740,前半,hold,hold_b,R_cb63a1ebfc31098d,R_cb63a1ebfc31098d,True,e,16,3,False,9,True,False,16,U,,,,U,0.12668450746428675,5364596828614031/42346115843141664,-0.06506290727665716,-2.0009925691690995,R_beb6d0d0aa09b5d2;R_627ae67a7f637bdb;R_0e5d236bf5b42b15,;2;8,なし;U;U,;;,;;,;;,;U;U,0.013397993111309781;0.013398196844688447;0.01397767891547065,-0.012096297300573017;-0.012788877433765009;-0.05975368740288736,-4.30055405375372;-4.2998462674752504;-4.210539897494207,-4.210539897494207,0.01397767891547065,2.2095473283251073,0.11270682854881608
1b,2,18,wave1_1b_w2_s18_c792,c7921598,297,1740,前半,hold,push,R_627ae67a7f637bdb,R_627ae67a7f637bdb,True,e,16,1,False,9,True,False,2,U,,,,U,0.013397743402707949,8593484002822607/641412792029267677,-0.014211911058811323,-4.29845707793079,R_beb6d0d0aa09b5d2,,なし,,,,,0.013397593070065123,-0.014211911058811323,-4.29846829873729,-4.29846829873729,0.013397593070065123,1.1220806499956382e-05,1.5033264282563398e-07
1b,2,18,wave1_1b_w2_s18_c792,c7921598,371,1740,前半,hold_b,hold,R_beb6d0d0aa09b5d2,R_beb6d0d0aa09b5d2,True,e,16,1,False,9,True,False,,なし,,,,,0.013397593070065123,2862788163131845/213679289120096361,-0.05786047488318591,-4.254819734912915,R_2616bfa67113bd38,9,F,sig_e,,,F,0.007857701240362712,-0.0673994038822833,-4.7788617744925785,-4.7788617744925785,0.007857701240362712,0.5240420395796637,0.005539891829702412
1b,2,18,wave1_1b_w2_s18_c792,c7921598,558,1740,前半,hold,hold_b,R_cb63a1ebfc31098d_t454,R_cb63a1ebfc31098d_t454,True,e,18,2,False,16,True,False,1,F,sig_n,,,F,0.02926867598600947,2478829487757871/84692231686283328,-0.14570404318185032,-3.3855333706256,R_beb6d0d0aa09b5d2;R_0e5d236bf5b42b15_t302,;10,なし;U,;,;,;,;U,0.013397993111309781;0.0074880420207203416,-0.10613010595049133;-0.1296044921239755,-4.2065202451038015;-4.7648434359571175,-4.2065202451038015,0.013397993111309781,0.8209868744782014,0.015870682874699688
1b,2,18,wave1_1b_w2_s18_c792,c7921598,662,1740,前半,hold,hold_b,R_cb63a1ebfc31098d_t576,R_cb63a1ebfc31098d_t576,True,e,21,2,False,10,True,False,5,F,sig_n,,,F,0.11491787560226123,4866256936375085/42345517708816156,-0.09908118995219371,-2.0644563409732815,R_beb6d0d0aa09b5d2;R_0e5d236bf5b42b15_t302,;10,なし;U,;,;,;,;U,0.013398393176444963;0.007536051171743091,-0.09837929460624577;-0.06851576776730262,-4.214241196814669;-4.819541183658215,-4.214241196814669,0.013398393176444963,2.1497848558413875,0.10151948242581627
1b,2,18,wave1_1b_w2_s18_c792,c7921598,964,1740,後半,hold,hold_b,R_7c67e41822d94b32,R_7c67e41822d94b32,True,e,30,4,False,15,True,False,3,F,sig_n,,,F,0.10835921267726056,8605956675439951/79420627584957816,-0.15718437413957406,-2.0651191534580766,R_beb6d0d0aa09b5d2;R_0e5d236bf5b42b15_t302;R_0e5d236bf5b42b15_t714;R_14b19811f0dd5b58,;10;6;14,なし;U;U;U,;;;,;;;,;;;,;U;U;U,0.0006962815385103831;0.007918072172590742;0.007625803581348159;0.0002391907579258292,-0.07735179226529146;-0.13972417936820142;-0.19808359958287197;-0.066508102069713,-7.192404677802417;-4.698883335968919;-4.678133974740894;-8.271741071998353,-4.678133974740894,0.007918072172590742,2.6130148212828175,0.10044114050466982
1b,2,18,wave1_1b_w2_s18_c792,c7921598,986,1740,後半,hold,hold_b,R_7c67e41822d94b32,R_7c67e41822d94b32,True,e,30,2,False,15,True,False,3,F,sig_n,,,F,0.10835758054741407,8605956675439951/79421823853608832,-0.1571859519295766,-2.065132637997322,R_beb6d0d0aa09b5d2;R_0e5d236bf5b42b15_t302,;10,なし;U,;,;,;,;U,0.0006963203957689395;0.007998665135099652,-0.07734007686139031;-0.13991461865793026,-7.192360587943363;-4.688565990679278,-4.688565990679278,0.007998665135099652,2.623433352681956,0.10035891541231441
1b,2,18,wave1_1b_w2_s18_c792,c7921598,1012,1740,後半,hold,hold_b,R_7c67e41822d94b32,R_7c67e41822d94b32,True,e,30,3,False,15,True,False,3,F,sig_n,,,F,0.10835594846673381,8605956675439951/79423020122259856,-0.15719034650341682,-2.065143305525859,R_beb6d0d0aa09b5d2;R_0e5d236bf5b42b15_t302;R_2327f056ad0db4ad_t921,;10;2,なし;U;U,;;,;;,;;,;U;U,0.0006961949941432095;0.007998793285870663;0.0006743225643492515,-0.077355005545184;-0.13996258935787442;-0.07324847658118178,-7.192525767324411;-4.68850199858798;-7.2285535028341315,-4.68850199858798,0.007998793285870663,2.623358693062121,0.10035715518086315
1b,2,19,wave1_1b_w2_s19_c792,c7921598,74,1740,前半,hold_b,hold,R_7b6b1008b48c1115,R_7b6b1008b48c1115,True,e,18,1,False,6,True,False,1,F,sig_n,,,F,0.11717013598947777,34456251055327/294070248910706,-0.013227746331986001,-2.130900500353898,R_9e4d965d6b6585c5,9,U,,,,U,0.013395515495535871,-0.013227526020199427,-4.299607766529985,-4.299607766529985,0.013395515495535871,2.1687072661760873,0.1037746204939419
1b,2,19,wave1_1b_w2_s19_c792,c7921598,100,1740,前半,hold_b,hold,R_7b6b1008b48c1115,R_7b6b1008b48c1115,True,e,18,1,False,11,True,False,1,F,sig_n,,,F,0.11717013598947777,34456251055327/294070248910706,-0.024020758536942764,-2.1201074881489412,R_9e4d965d6b6585c5,9,U,,,,U,0.013395648004826538,-0.022763525141497265,-4.290061875394056,-4.290061875394056,0.013395648004826538,2.1699543872451144,0.10377448798465123
1b,2,19,wave1_1b_w2_s19_c792,c7921598,311,1740,前半,hold,hold_b,R_cb63a1ebfc31098d_t159,R_cb63a1ebfc31098d_t159,True,e,18,3,False,16,True,False,13,F,sig_n,,,F,0.029268675986009473,550850997279527/18820495930285184,-0.13585325261136239,-3.395384161196088,R_bfecf95ccc797855;R_627ae67a7f637bdb;R_bfecf95ccc797855_t9,4;5;11,U;U;U,;;,;;,;;,U;U;U,0.0029067335489703053;0.008365334717533897;0.013398306071475916,-0.03463651959825288;-0.03979266903491935;-0.04218701201050916,-5.806088800428983;-4.7438662622582966;-4.270439980581929,-4.270439980581929,0.013398306071475916,0.8750558193858411,0.01587036991453356
1b,2,19,wave1_1b_w2_s19_c792,c7921598,378,1740,前半,hold_b,hold,R_7b6b1008b48c1115,R_7b6b1008b48c1115,True,e,21,2,False,16,True,False,1,F,sig_n,,,F,0.11593392230176491,818225217323387/7057685973856944,-0.06645037809879284,-2.0882845074104357,R_9e4d965d6b6585c5;R_8b0d2a6b7293001d,9;14,U;U,;,;,;,U;U,0.013398328964213658;0.08955906277421892,-0.0485604133448901;-0.08713509982133631,-4.264064870619752;-2.3257218522659437,-2.3257218522659437,0.08955906277421892,0.23743734485550805,0.026374859527546
1b,2,19,wave1_1b_w2_s19_c792,c7921598,389,1740,前半,hold_b,hold,R_7b6b1008b48c1115,R_7b6b1008b48c1115,True,e,21,2,False,16,True,False,1,F,sig_n,,,F,0.1159723697282933,4910910036062819/42345517708816156,-0.07377329474191271,-2.0806300135035505,R_9e4d965d6b6585c5;R_8b0d2a6b7293001d,9;14,U;U,;,;,;,U;U,0.013398717843183883;0.089690839240851,-0.048779201174249706;-0.09624232059289861,-4.263817058773451;-2.315144321174651,-2.315144321174651,0.089690839240851,0.23451430767110049,0.02628153048744231
1b,2,19,wave1_1b_w2_s19_c792,c7921598,402,1740,前半,hold_b,hold,R_7b6b1008b48c1115,R_7b6b1008b48c1115,True,e,21,2,False,16,True,False,1,F,sig_n,,,F,0.11601374780484572,2456331106068113/21172758854408078,-0.07372485247578978,-2.0803217268633816,R_9e4d965d6b6585c5;R_8b0d2a6b7293001d,9;14,U;U,;,;,;,U;U,0.013398811067716843;0.09445700397415355,-0.04940219214466907;-0.09635827863466637,-4.2631871101068;-2.263252253785074,-2.263252253785074,0.09445700397415355,0.18293052692169232,0.021556743830692178
1b,2,19,wave1_1b_w2_s19_c792,c7921598,554,1740,前半,hold,hold_b,R_cb63a1ebfc31098d_t327,R_cb63a1ebfc31098d_t327,True,e,22,4,False,9,True,False,3,H,,sig_n:93,93,H,0.014226667650527164,803270167799145/56462285303289568,-0.06237028785791905,-4.190266784202698,R_bfecf95ccc797855;R_627ae67a7f637bdb;R_bfecf95ccc797855_t9;R_0e5d236bf5b42b15_t321,4;5;11;15,U;U;U;U,;;;,;;;,;;;,U;U;U;U,0.0014687676188689664;0.003332333636862099;0.01339797596853028;0.01084629253734227,-0.07883802678344093;-0.09097774943436167;-0.1084515664071913;-0.09379446329518895,-6.444493557534635;-5.61310467914489;-4.204200064151452;-4.430137495721223,-4.204200064151452,0.01339797596853028,0.013933279948754596,0.0008286916819968846
1b,2,19,wave1_1b_w2_s19_c792,c7921598,648,1740,前半,hold_b,carry,R_8b0d2a6b7293001d_t506,R_8b0d2a6b7293001d_t506,True,e,24,1,False,15,True,False,7,F,sig_e,,,F,0.9377067813480939,4963600108059886/5293339247183397,-0.26402395334191037,0.19970597465436535,R_9e4d965d6b6585c5,9,U,,,,U,0.013397999591687691,-0.1411599236555862,-4.171489943716092,-4.171489943716092,0.013397999591687691,4.371195918370457,0.9243087817564063
1b,2,19,wave1_1b_w2_s19_c792,c7921598,755,1740,前半,hold,hold_b,R_cb63a1ebfc31098d_t327,R_cb63a1ebfc31098d_t327,True,e,23,3,False,15,True,False,3,U,,,,U,0.01600770654547058,602545951784457/37640991860570368,-0.18565073632126164,-3.949034277289689,R_627ae67a7f637bdb;R_bfecf95ccc797855_t9;R_0e5d236bf5b42b15_t321,5;11;15,U;U;U,;;,;;,;;,U;U;U,0.0033323575556600256;0.01339830026354406;0.011109147910310911,-0.11900575404578285;-0.14382805950811225;-0.1293845678457316,-5.585069496767168;-4.168799366566969;-4.370601806167728,-4.168799366566969,0.01339830026354406,0.21976508927727956,0.002609406281926517
1b,2,19,wave1_1b_w2_s19_c792,c7921598,789,1740,前半,hold_b,carry,R_8b0d2a6b7293001d_t506,R_8b0d2a6b7293001d_t506,True,e,22,1,False,15,True,False,7,F,sig_e,,,F,0.9377067813480939,4963600108059886/5293339247183397,-0.25129405889836365,0.18697608021081863,R_9e4d965d6b6585c5,9,U,,,,U,0.01339796758034999,-0.1438357791753259,-4.168816477461684,-4.168816477461684,0.01339796758034999,4.355792557672503,0.924308813767744
1b,2,19,wave1_1b_w2_s19_c792,c7921598,881,1740,後半,hold,hold_b,R_cb63a1ebfc31098d_t327,R_cb63a1ebfc31098d_t327,True,e,22,3,False,15,True,False,3,U,,,,U,0.016206070529975577,5490190667452285/338773711819737408,-0.3264443168616274,-3.795925066001135,R_627ae67a7f637bdb;R_0e5d236bf5b42b15_t321;R_4c7fb8909af1774e,5;15;9,U;U;U,;;,;;,;;,U;U;U,0.0033323504458254304;0.011180366277847386;0.017524858033314498,-0.21499058803474663;-0.22180205284521914;-0.01978500798628395,-5.489086796355426;-4.271793997064031;-4.024349938917455,-4.024349938917455,0.017524858033314498,0.22842487291631963,-0.0013187875033389231
1b,2,19,wave1_1b_w2_s19_c792,c7921598,896,1740,後半,hold_b,carry,R_8b0d2a6b7293001d_t506,R_8b0d2a6b7293001d_t506,True,e,22,1,False,15,True,False,7,F,sig_e,,,F,0.9377200263553874,2481800054029943/2646632240196354,-0.3982660075001698,0.3339621536051673,R_9e4d965d6b6585c5,9,U,,,,U,0.000704975311038903,-0.18952030969223824,-7.06782746587595,-7.06782746587595,0.000704975311038903,7.401789619481117,0.9370150510443485
1b,2,19,wave1_1b_w2_s19_c792,c7921598,1054,1740,後半,hold_b,carry,R_8b0d2a6b7293001d_t506,R_8b0d2a6b7293001d_t506,True,e,21,1,False,15,True,False,7,F,sig_e,,,F,0.9377332717368546,9927200216119772/10586379427204039,-0.5292681285538399,0.46497839965089216,R_9e4d965d6b6585c5,9,U,,,,U,0.0007047809157995042,-0.22906435317952625,-7.028559207998868,-7.028559207998868,0.0007047809157995042,7.493537607649761,0.9370284908210551
1b,2,19,wave1_1b_w2_s19_c792,c7921598,1071,1740,後半,hold,hold_b,R_cb63a1ebfc31098d_t327,R_cb63a1ebfc31098d_t327,True,e,21,3,False,16,True,False,3,U,,,,U,0.01621911191224131,1373632783817299/84692231686283328,-0.4482546660320415,-3.67331031839798,R_627ae67a7f637bdb;R_0e5d236bf5b42b15_t321;R_4c7fb8909af1774e,5;15;9,U;U;U,;;,;;,;;,U;U;U,0.003332396326673344;0.01118692929551329;4.082010571366504e-05,-0.2486024891719027;-0.30266873340118206;-0.00455001037532457,-5.455461126998867;-4.1903404759727225;-10.10178580045889,-4.1903404759727225,0.01118692929551329,0.5170301575747427,0.005032182616728023
1b,2,19,wave1_1b_w2_s19_c792,c7921598,1231,1740,後半,hold,hold_b,R_cb63a1ebfc31098d_t327,R_cb63a1ebfc31098d_t327,True,e,23,4,False,16,True,False,3,U,,,,U,0.016254010088754184,344147097066989/21173057921570832,-0.5489633236267215,-3.5704523023309696,R_627ae67a7f637bdb;R_0e5d236bf5b42b15_t321;R_4c7fb8909af1774e;R_4c7fb8909af1774e_t1227,5;15;9;6,U;U;U;U,;;;,;;;,;;;,U;U;U;U,0.003332407982314124;0.011215552402817242;4.0872552991642445e-05;0.01752537148077474,-0.25599020125336597;-0.36414329778884513;-0.005590374344172018;-0.0922699278802698,-5.448069917248084;-4.126310558721504;-10.099461421842596;-3.95183572121473,-3.95183572121473,0.01752537148077474,0.3813834188837606,-0.0012713613920205572
1b,2,19,wave1_1b_w2_s19_c792,c7921598,1250,1740,後半,hold,hold_b,R_1865396d22048d20_t1228,R_1865396d22048d20_t1228,True,e,23,4,False,15,True,False,5,F,sig_n,,,F,0.030049800818239873,1193322967528483/39711510061129928,-0.4014414124378794,-3.1034578339297716,R_627ae67a7f637bdb;R_0e5d236bf5b42b15_t321;R_4c7fb8909af1774e;R_4c7fb8909af1774e_t1227,5;15;9;6,U;U;U;U,;;;,;;;,;;;,U;U;U;U,0.0033323404669013553;0.011224738939009606;4.095075762457318e-05;0.01752490859930347,-0.2251208029609928;-0.34808810446053207;-0.005516886486001836;-0.1029923006521609,-5.478959575993882;-4.141546998267558;-10.097623360139762;-3.94113976086923,-3.94113976086923,0.01752490859930347,0.8376819269394584,0.012524892218936401
1b,2,19,wave1_1b_w2_s19_c792,c7921598,1300,1740,後半,hold_b,carry,R_8b0d2a6b7293001d_t506,R_8b0d2a6b7293001d_t506,True,e,23,1,False,15,True,False,7,F,sig_e,,,F,0.9377332717368546,9927200216119772/10586379427204039,-0.6458890643608027,0.581599335457855,R_9e4d965d6b6585c5,9,U,,,,U,0.0007051311132589958,-0.1974158115235819,-7.059710984665968,-7.059710984665968,0.0007051311132589958,7.641310320123823,0.9370281406235956
1b,2,19,wave1_1b_w2_s19_c792,c7921598,1413,1740,後半,hold_b,carry,R_8b0d2a6b7293001d_t506,R_8b0d2a6b7293001d_t506,True,e,21,1,False,15,True,False,7,F,sig_e,,,F,0.9377332717368546,9927200216119772/10586379427204039,-0.6415546494981741,0.5772649205952264,R_9e4d965d6b6585c5,9,U,,,,U,0.000704886095205616,-0.2025160522965066,-7.054958282993098,-7.054958282993098,0.000704886095205616,7.632223203588325,0.9370283856416489
1b,2,19,wave1_1b_w2_s19_c792,c7921598,1503,1740,後半,hold_b,carry,R_8b0d2a6b7293001d_t506,R_8b0d2a6b7293001d_t506,True,e,22,1,False,12,True,False,7,F,sig_e,,,F,0.9377332717368546,9927200216119772/10586379427204039,-0.590305861088192,0.5260161321852443,R_9e4d965d6b6585c5,9,U,,,,U,0.0007046029811943601,-0.19803088578647143,-7.059845175234541,-7.059845175234541,0.0007046029811943601,7.585861307419785,0.9370286687556603
1b,2,19,wave1_1b_w2_s19_c792,c7921598,1561,1740,後半,hold_b,carry,R_8b0d2a6b7293001d_t506,R_8b0d2a6b7293001d_t506,True,e,22,1,False,12,True,False,7,F,sig_e,,,F,0.9377332717368546,9927200216119772/10586379427204039,-0.5735073295160994,0.5092176006131517,R_9e4d965d6b6585c5,9,U,,,,U,0.0007046268731336364,-0.19652351640365853,-7.061318636821254,-7.061318636821254,0.0007046268731336364,7.570536237434406,0.937028644863721
1b,2,19,wave1_1b_w2_s19_c792,c7921598,1580,1740,後半,hold,carry,R_cb63a1ebfc31098d_t327,R_cb63a1ebfc31098d_t327,True,e,22,2,False,11,True,False,3,U,,,,U,0.016249179545585333,5504794868683297/338773711819737408,-0.41263675950592793,-3.7070761014775413,R_627ae67a7f637bdb;R_4c7fb8909af1774e_t1227,5;6,U;U,;,;,;,U;U,0.0033323267947197215;4.075623914771377e-05,-0.19293944493214527;-0.005823978623888195,-5.511145036907719;-10.102077643453978,-5.511145036907719,0.0033323267947197215,1.8040689354301773,0.01291685275086561
1b,2,19,wave1_1b_w2_s19_c792,c7921598,1711,1740,後半,hold_b,hold,R_8b0d2a6b7293001d_t432,R_8b0d2a6b7293001d_t432,True,e,22,1,False,10,True,False,12,U,,,,U,0.08621452618798843,7301700626636257/84692231686283328,-0.3128743892866348,-2.138042208961247,R_9e4d965d6b6585c5,9,U,,,,U,0.0007045727456859213,-0.20837820622102038,-7.049540767132168,-7.049540767132168,0.0007045727456859213,4.911498558170921,0.0855099534423025
1b,2,19,wave1_1b_w2_s19_c792,c7921598,1713,1740,後半,hold_b,hold,R_8b0d2a6b7293001d_t432,R_8b0d2a6b7293001d_t432,True,e,22,1,False,16,True,False,12,U,,,,U,0.08625968857197003,608793794143661/7057685973856944,-0.34075916355310687,-2.1096337345570277,R_9e4d965d6b6585c5,9,U,,,,U,0.0007046064645387764,-0.22012329898432562,-7.0377478183508115,-7.0377478183508115,0.0007046064645387764,4.928114083793783,0.08555508210743125
7a,2,2,wave1_7a_w2_s2,4ceadf63,71,1740,前半,hold_b,hold,R_7b6b1008b48c1115,R_7b6b1008b48c1115,True,e,11,2,False,13,True,False,6,F,sig_n,,,F,0.11717013598947777,34456251055327/294070248910706,-0.00119289146341175,-2.1429353552224724,R_fad8f670be5b8f88;R_9166e2f96690a9eb,0;0,F;F,sig_e;sig_e,;,;,F;F,0.014559255150332122;0.018154306337682034,-0.003103547275033698;-0.002825946329078078,-4.22642484750455;-4.006021536300666,-4.006021536300666,0.018154306337682034,1.8630861810781933,0.09901582965179574
7a,2,5,wave1_7a_w2_s5_c792,c7921598,27,1740,前半,hold_b,hold,R_7b6b1008b48c1115,R_7b6b1008b48c1115,True,e,11,2,False,12,True,False,8,F,sig_n,,,F,0.117168480997303,206737506331962/1764446415727799,-0.0032204539913158075,-2.1409219174871104,R_f01430941315e565;R_4767122da6895de8,7;8,F;F,sig_e;sig_e,;,;,F;F,0.01047632449166256;0.014558820689885182,-0.002116405144787774;-0.0015749455526922916,-4.556520972904261;-4.227983290515125,-4.227983290515125,0.014558820689885182,2.0870613730280145,0.10260966030741782
7a,2,6,wave1_7a_w2_s6_c792,c7921598,57,1740,前半,hold_b,hold,R_7b6b1008b48c1115,R_7b6b1008b48c1115,True,e,10,3,False,13,True,False,14,F,sig_n,,,F,0.11717179102840637,1240425037991772/10586379427204039,-0.008614678052164693,-2.135499443641664,R_c9218d4e01f32519;R_a944abbc1a89c9ec;R_fad8f670be5b8f88,;4;5,なし;F;F,;sig_e;sig_e,;;,;;,;F;F,0.013398393176444963;0.01405418693262629;0.014559689636709937,-0.0014796479525479933;-0.004500256066312945;-0.007326310945100668,-4.311140843468366;-4.2603346692077855;-4.222172241655721,-4.222172241655721,0.014559689636709937,2.0866727980140567,0.10261210139169644
7a,2,6,wave1_7a_w2_s6_c792,c7921598,85,1740,前半,hold,hold_b,R_cb63a1ebfc31098d,R_cb63a1ebfc31098d,True,e,10,1,False,10,True,False,5,F,sig_n,,,F,0.117168480997303,206737506331962/1764446415727799,-0.006778586254943889,-2.1373637852234824,R_9bc40d505af93c42,0,F,sig_e,,,F,0.014558820689885182,-0.04421180210484626,-4.1853464339629705,-4.1853464339629705,0.014558820689885182,2.047982648739488,0.10260966030741782
7a,2,6,wave1_7a_w2_s6_c792,c7921598,95,1740,前半,hold,hold_b,R_cb63a1ebfc31098d,R_cb63a1ebfc31098d,True,e,10,1,False,10,True,False,5,F,sig_n,,,F,0.11717179102840637,1240425037991772/10586379427204039,-0.00676975236713929,-2.1373443693266894,R_9bc40d505af93c42,0,F,sig_e,,,F,0.014559689636709937,-0.043509775400994315,-4.185988777199827,-4.185988777199827,0.014559689636709937,2.048644407873138,0.10261210139169644
7a,2,6,wave1_7a_w2_s6_c792,c7921598,134,1740,前半,hold,hold_b,R_cb63a1ebfc31098d,R_cb63a1ebfc31098d,True,e,11,2,False,14,True,False,5,F,sig_n,,,F,0.117168480997303,206737506331962/1764446415727799,-0.05387800732663895,-2.0902643641517873,R_9bc40d505af93c42;R_4c7fb8909af1774e,0;7,F;F,sig_e;sig_e,;,;,F;F,0.014558820689885182;0.018153764597877084,-0.13670531155157978;-0.14088560408308853,-4.092852924516237;-3.8679917198348885,-3.8679917198348885,0.018153764597877084,1.7777273556831013,0.09901471639942591
7a,2,6,wave1_7a_w2_s6_c792,c7921598,296,1740,前半,hold,hold_b,R_cb63a1ebfc31098d,R_cb63a1ebfc31098d,True,e,15,5,False,16,True,False,5,F,sig_n,,,F,0.117168480997303,206737506331962/1764446415727799,-0.07675098663782086,-2.0673913848406054,R_9bc40d505af93c42;R_4c7fb8909af1774e;R_993495cd1f226238;R_6e8a065cec942906;R_318bd7a438f80cc5,0;7;5;2;1,F;F;F;F;F,sig_e;sig_e;sig_e;sig_e;sig_e,;;;;,;;;;,F;F;F;F;F,0.014558820689885182;0.018153764597877084;0.014078660381341025;0.014558820689885182;0.018153764597877084,-0.16828848581380076;-0.17599568221278797;-0.16518283407443174;-0.1546164602245227;-0.17661659729195353,-4.061269750254016;-3.832881641705189;-4.097912242074893;-4.074941775843294;-3.8322607266260236,-3.8322607266260236,0.018153764597877084,1.7648693417854182,0.09901471639942591
7a,2,8,wave1_7a_w2_s8_c792,c7921598,18,1740,前半,hold,hold_b,R_cb63a1ebfc31098d,R_cb63a1ebfc31098d,True,e,9,1,False,10,True,False,4,F,sig_n,,,F,0.11717013598947777,34456251055327/294070248910706,-0.06111668322645716,-2.0830115634594266,R_a980cbcce2d6b26e,1,F,sig_e,,,F,0.014559255150332122,-0.04966599775564163,-4.179862397023942,-4.179862397023942,0.014559255150332122,2.096850833564515,0.10261088083914566
7a,2,8,wave1_7a_w2_s8_c792,c7921598,49,1740,前半,hold_b,hold,R_7b6b1008b48c1115,R_7b6b1008b48c1115,True,e,12,2,False,14,True,False,3,F,sig_n,,,F,0.11717013598947777,34456251055327/294070248910706,-0.08011633205414224,-2.0640119146317417,R_c9218d4e01f32519;R_bb11e7f622c3f823,;6,なし;F,;sig_e,;,;,;F,0.013397993111309781;0.014053767424547036,-0.0025593440061510366;-0.08716419606662675,-4.3100910070481415;-4.177700578984084,-4.177700578984084,0.014053767424547036,2.1136886643523427,0.10311636856493074
7a,2,8,wave1_7a_w2_s8_c792,c7921598,90,1740,前半,hold,hold_b,R_cb63a1ebfc31098d,R_cb63a1ebfc31098d,True,e,13,2,False,15,True,False,4,F,sig_n,,,F,0.11717179102840637,1240425037991772/10586379427204039,-0.10651756242648297,-2.037596559267346,R_a980cbcce2d6b26e;R_39849c23dc9b5427,1;9,F;F,sig_e;sig_e,;,;,F;F,0.014559689636709937;0.014559689636709937,-0.15547434843352176;-0.12736681439378322,-4.0740242041673;-4.102131738207039,-4.0740242041673,0.014559689636709937,2.0364276448999536,0.10261210139169644
7a,2,8,wave1_7a_w2_s8_c792,c7921598,105,1740,前半,hold,hold_b,R_cb63a1ebfc31098d,R_cb63a1ebfc31098d,True,e,14,2,False,15,True,False,4,F,sig_n,,,F,0.11717013598947777,34456251055327/294070248910706,-0.10652367743011099,-2.037604569255773,R_a980cbcce2d6b26e;R_39849c23dc9b5427,1;9,F;F,sig_e;sig_e,;,;,F;F,0.014559255150332122;0.014559255150332122,-0.1528711339186859;-0.12477952375240552,-4.076657260860897;-4.104748871027178,-4.076657260860897,0.014559255150332122,2.039052691605124,0.10261088083914566
7a,2,10,wave1_7a_w2_s10_c792,c7921598,225,1740,前半,hold_b,hold,R_7b6b1008b48c1115,R_7b6b1008b48c1115,True,e,10,3,False,15,True,False,11,F,sig_n,,,F,0.117168480997303,206737506331962/1764446415727799,-0.07843046345265701,-2.065711908025769,R_9166e2f96690a9eb;R_9075d2f1da15b9b3;R_2f1a2f2059f4659c,5;8;5,F;F;F,sig_e;sig_e;sig_e,;;,;;,F;F;F,0.018153764597877084;0.014558820689885182;0.014558820689885182,-0.0911003952774956;-0.08721452716990417;-0.08847562808615363,-3.9177769286404813;-4.142343708897912;-4.141082607981663,-3.9177769286404813,0.018153764597877084,1.8520650206147122,0.09901471639942591
7b,2,14,wave1_7b_w2_s14_c792,c7921598,54,1740,前半,hold_b,hold,R_7b6b1008b48c1115,R_7b6b1008b48c1115,True,e,10,1,False,12,True,False,1,F,sig_n,,,F,0.117168480997303,206737506331962/1764446415727799,-0.0618445104161599,-2.0822978610622664,R_2f1a2f2059f4659c,0,F,sig_e,,,F,0.014558820689885182,-0.019726074504433477,-4.209832161563384,-4.209832161563384,0.014558820689885182,2.127534300501117,0.10260966030741782
7b,2,14,wave1_7b_w2_s14_c792,c7921598,97,1740,前半,hold_b,hold,R_7b6b1008b48c1115,R_7b6b1008b48c1115,True,e,12,3,False,11,True,False,1,F,sig_n,,,F,0.11717013598947777,34456251055327/294070248910706,-0.03156959617946113,-2.112558650506423,R_2f1a2f2059f4659c;R_9166e2f96690a9eb;R_0d2029ba5ef8463b,0;10;4,F;F;F,sig_e;sig_e;sig_e,;;,;;,F;F;F,0.014559255150332122;0.018154306337682034;0.018154306337682034,-0.09079948436072455;-0.08765874374557553;-0.08765874374557553,-4.138728910418859;-3.921188738884168;-3.921188738884168,-3.921188738884168,0.018154306337682034,1.808630088377745,0.09901582965179574
7b,2,15,wave1_7b_w2_s15_c792,c7921598,268,1740,前半,hold_b,hold,R_7b6b1008b48c1115,R_7b6b1008b48c1115,True,e,16,6,False,15,True,False,3,F,sig_n,,,F,0.11717013598947777,34456251055327/294070248910706,-0.057135162682398065,-2.086993084003486,R_c9218d4e01f32519;R_9166e2f96690a9eb;R_64c5bd6b2f629184;R_fad8f670be5b8f88;R_2f1a2f2059f4659c;R_9075d2f1da15b9b3,;11;3;1;1;11,なし;F;F;F;F;F,;sig_e;sig_e;sig_e;sig_e;sig_e,;;;;;,;;;;;,;F;F;F;F;F,0.013397993111309781;0.018154306337682034;0.014079081376879276;0.014559255150332122;0.014559255150332122;0.014559255150332122,-0.0170273059298731;-0.10267923722505658;-0.0762037014040932;-0.07487379153462002;-0.09917281159330835;-0.10017819792299881,-4.29562304512442;-3.906168245404687;-4.186861472095941;-4.154654603244963;-4.130355583186275;-4.129350196856585,-3.906168245404687,0.018154306337682034,1.8191751614012008,0.09901582965179574
7b,2,16,wave1_7b_w2_s16_c792,c7921598,40,1740,前半,hold,hold_b,R_cb63a1ebfc31098d,R_cb63a1ebfc31098d,True,e,7,2,True,0,True,False,14,F,sig_n,,,F,0.117168480997303,206737506331962/1764446415727799,0.0,-2.1441423714784262,R_beb6d0d0aa09b5d2;R_8c9d7f042963d384,;4,なし;F,;sig_e,;,;,;F,0.013397593070065123;0.014053347941511102,0.0;0.0,-4.312680209796101;-4.26489462393634,-4.26489462393634,0.014053347941511102,2.1207522524579137,0.1031151330557919
7b,2,16,wave1_7b_w2_s16_c792,c7921598,45,1740,前半,hold,hold_b,R_cb63a1ebfc31098d,R_cb63a1ebfc31098d,True,e,7,2,False,5,True,False,14,F,sig_n,,,F,0.11716682605188009,1240425037991772/10586828027948171,-0.00034092456855161447,-2.14381557150291,R_beb6d0d0aa09b5d2;R_8c9d7f042963d384,;4,なし;F,;sig_e,;,;,;F,0.013397193052708856;0.014052928483516252,-0.00034092000101522977;-0.029416217519819075,-4.3123691476453745;-4.23550825441122,-4.23550825441122,0.014052928483516252,2.0916926829083105,0.10311389756836382
7b,2,16,wave1_7b_w2_s16_c792,c7921598,64,1740,前半,hold,hold_b,R_cb63a1ebfc31098d,R_cb63a1ebfc31098d,True,e,9,3,False,14,True,False,14,F,sig_n,,,F,0.11717179102840637,1240425037991772/10586379427204039,-0.018317349504943063,-2.125796772188886,R_beb6d0d0aa09b5d2;R_8c9d7f042963d384;R_9bc40d505af93c42,;4;7,なし;F;F,;sig_e;sig_e,;;,;;,;F;F,0.013398393176444963;0.01405418693262629;0.014559689636709937,-0.0007882385464305264;-0.06478062918865686;-0.0673480415909694,-4.311832252874484;-4.200054296085442;-4.162150511009852,-4.162150511009852,0.014559689636709937,2.036353738820966,0.10261210139169644
7b,2,16,wave1_7b_w2_s16_c792,c7921598,84,1740,前半,hold,hold_b,R_cb63a1ebfc31098d,R_cb63a1ebfc31098d,True,e,9,3,False,14,True,False,14,F,sig_n,,,F,0.117168480997303,206737506331962/1764446415727799,-0.018267277709277892,-2.125875093769148,R_beb6d0d0aa09b5d2;R_8c9d7f042963d384;R_9bc40d505af93c42,;4;7,なし;F;F,;sig_e;sig_e,;;,;;,;F;F,0.013397593070065123;0.014053347941511102;0.014558820689885182,-0.001218851192519551;-0.10264371123681118;-0.10513329045014454,-4.311461358603581;-4.162250912699529;-4.1244249456176725,-4.1244249456176725,0.014558820689885182,1.9985498518485243,0.10260966030741782
7b,2,16,wave1_7b_w2_s16_c792,c7921598,98,1740,前半,hold,hold_b,R_cb63a1ebfc31098d,R_cb63a1ebfc31098d,True,e,11,3,False,5,True,False,14,F,sig_n,,,F,0.117168480997303,206737506331962/1764446415727799,-0.0015296130198763358,-2.14261275845855,R_beb6d0d0aa09b5d2;R_8c9d7f042963d384;R_9bc40d505af93c42,;4;7,なし;F;F,;sig_e;sig_e,;;,;;,;F;F,0.013397593070065123;0.014053347941511102;0.014558820689885182,-0.0015295933937935122;-0.1255073935330809;-0.1255073935330809,-4.3111506164023075;-4.139387230403259;-4.104050842534736,-4.104050842534736,0.014558820689885182,1.9614380840761863,0.10260966030741782
7b,2,16,wave1_7b_w2_s16_c792,c7921598,166,1740,前半,hold,hold_b,R_cb63a1ebfc31098d,R_cb63a1ebfc31098d,True,e,12,3,False,15,True,False,14,F,sig_n,,,F,0.11717179102840637,1240425037991772/10586379427204039,-0.035053231111162694,-2.109060890582666,R_beb6d0d0aa09b5d2;R_8c9d7f042963d384;R_9bc40d505af93c42,;4;7,なし;F;F,;sig_e;sig_e,;;,;;,;F;F,0.013398393176444963;0.01405418693262629;0.014559689636709937,-0.01736504154193481;-0.15731551597773252;-0.15966552895643027,-4.2952554498789794;-4.1075194092963665;-4.069833023644391,-4.069833023644391,0.014559689636709937,1.9607721330617252,0.10261210139169644
5a,2,1,wave1_5a_w2_s1,e9ed84a,113,1740,前半,hold_b,hold,R_7b6b1008b48c1115_t96,R_7b6b1008b48c1115_t96,True,e,30,1,False,14,True,False,15,F,sig_n,,,F,0.0306339027494598,2476135370123641/80829902424603901,-0.07018802513861554,-3.4154599252010995,R_5ccd1331eec89856,5,F,sig_e,,,F,0.026090750436300172,-0.06499285975664543,-3.5811815571213987,-3.5811815571213987,0.026090750436300172,0.1657216319202992,0.004543152313159631
5a,2,1,wave1_5a_w2_s1,e9ed84a,121,1740,前半,hold_b,hold,R_7b6b1008b48c1115_t96,R_7b6b1008b48c1115_t96,True,e,30,1,False,14,True,False,15,F,sig_n,,,F,0.03063299602331687,2476135370123641/80832294961905949,-0.07012489639615961,-3.4155526531614413,R_5ccd1331eec89856,5,F,sig_e,,,F,0.026089976388135077,-0.06532009441604178,-3.580883990433771,-3.580883990433771,0.026089976388135077,0.16533133727232974,0.004543019635181791
5a,2,1,wave1_5a_w2_s1,e9ed84a,130,1740,前半,hold_b,hold,R_7b6b1008b48c1115_t127,R_7b6b1008b48c1115_t127,True,e,31,1,False,14,True,False,9,F,sig_n,,,F,0.030634809529281885,2476135370123641/80827509887301869,-0.0769265039600844,-3.4086918462856044,R_5ccd1331eec89856,5,F,sig_e,,,F,0.026091524530396183,-0.15721022259563827,-3.4889345254304227,-3.4889345254304227,0.026091524530396183,0.08024267914481831,0.004543284998885701
5a,2,1,wave1_5a_w2_s1,e9ed84a,425,1740,前半,hold,hold_b,R_cb63a1ebfc31098d_t77,R_cb63a1ebfc31098d_t77,True,e,44,11,False,15,True,False,9,U,,,,U,0.8789709958578223,299610700641134/340865286855947,-0.14596357612899705,0.01696019753885225,R_beb6d0d0aa09b5d2;R_7515a685c55fba68;R_0e5d236bf5b42b15;R_5a211b92885d1ebf;R_7b6b1008b48c1115_t147;R_7b6b1008b48c1115_t154;R_7b6b1008b48c1115_t156;R_7b6b1008b48c1115_t161;R_7b6b1008b48c1115_t164;R_7b6b1008b48c1115_t186;R_7b6b1008b48c1115_t213,;2;10;2;13;2;0;2;14;9;13,なし;U;U;U;U;U;U;U;U;U;U,;;;;;;;;;;,;;;;;;;;;;,;;;;;;;;;;,;U;U;U;U;U;U;U;U;U;U,0.0001807152070074979;0.00018070976417375773;0.8789540375942794;0.00018070976417375773;6.024203121954676e-05;6.024203121954676e-05;6.024203121954676e-05;6.024203121954676e-05;0.00012047680467166525;6.024203121954676e-05;6.024203121954676e-05,-0.019633938688388815;-0.019633938688388815;-0.11893031022185042;-0.019633938688388815;0.005937685901447585;0.005937685901447585;0.005937685901447585;0.005937685901447585;-0.01835552500655442;0.005937685901447585;0.005937685901447585,-8.598954269117367;-8.598984387864961;-0.010092361868552682;-8.598984387864961;-9.723077942158572;-9.723077942158572;-9.723077942158572;-9.723077942158572;-9.005697790907366;-9.723077942158572;-9.723077942158572,-0.010092361868552682,0.8789540375942794,0.027052559407404933,1.6958263542912424e-05
5a,2,1,wave1_5a_w2_s1,e9ed84a,651,1740,前半,hold_b,hold,R_7b6b1008b48c1115_t371,R_7b6b1008b48c1115_t371,True,e,35,6,False,15,True,False,8,U,,,,U,0.8789709958578223,299610700641134/340865286855947,-0.14231185342075864,0.013308474830613842,R_cb63a1ebfc31098d;R_7c67e41822d94b32;R_8b0d2a6b7293001d;R_8b0d2a6b7293001d_t209;R_8b0d2a6b7293001d_t210;R_8b0d2a6b7293001d_t326,2;4;3;10;10;0,U;U;U;U;U;U,;;;;;,;;;;;,;;;;;,U;U;U;U;U;U,0.00012047680467166525;0.00018070976417375773;0.00012048043344607702;6.024203121954676e-05;0.00024094635223167698;0.00036139775897958275,0.01096142625465876;0.02756396955443844;0.07839541297690475;0.09565459563164458;0.015132709179986029;-0.10559354393100807,-9.03501474216858;-8.646182296107789;-9.102418609236064;-9.81279485188877;-8.346068963281555;-7.819937836836304,-7.819937836836304,0.00036139775897958275,7.833246311666918,0.8786095980988428
5a,2,1,wave1_5a_w2_s1,e9ed84a,657,1740,前半,hold_b,hold,R_7b6b1008b48c1115_t371,R_7b6b1008b48c1115_t371,True,e,35,6,False,15,True,False,8,U,,,,U,0.8789576997068931,8688710318592886/9885242852403841,-0.14244481472650422,0.013426309071236653,R_cb63a1ebfc31098d;R_7c67e41822d94b32;R_8b0d2a6b7293001d;R_8b0d2a6b7293001d_t209;R_8b0d2a6b7293001d_t210;R_8b0d2a6b7293001d_t326,2;4;3;10;10;0,U;U;U;U;U;U,;;;;;,;;;;;,;;;;;,U;U;U;U;U;U,0.00012047317611583848;0.00018070432166786542;0.00012047680467166524;6.02402167230385e-05;0.0002409390955571539;0.00036138687527901187,0.010969973571388361;0.027573407415829455;0.07824411868499584;0.09551093939637136;0.014993009413740996;-0.10570044288245505,-9.035053408232903;-8.646221851809662;-9.102297434598917;-9.812681316215476;-8.345959381355792;-7.81986105391128,-7.81986105391128,0.00036138687527901187,7.833287362982517,0.878596312831614
5a,2,1,wave1_5a_w2_s1,e9ed84a,849,1740,前半,hold_b,hold,R_7b6b1008b48c1115_t371,R_7b6b1008b48c1115_t371,True,e,25,2,False,15,True,False,8,U,,,,U,0.878984292411024,4344355159296443/4942471892620543,-0.25514343809806844,0.12615518680187782,R_cb63a1ebfc31098d;R_8b0d2a6b7293001d_t326,2;0,U;U,;,;,;,U;U,0.000120480433446077;0.00036140864333573084,-0.042250307084271785;-0.20102194747823784,-8.981772889174888;-7.724479316355649,-7.724479316355649,0.00036140864333573084,7.850634503157527,0.8786228837676884
5a,2,1,wave1_5a_w2_s1,e9ed84a,884,1740,後半,hold_b,push,R_7b6b1008b48c1115_t96,R_7b6b1008b48c1115_t96,True,e,26,2,False,15,True,False,15,U,,,,U,0.02709691377842297,8742612776632976/322642380904449735,-0.018503618965921377,-3.5898318213307086,R_cb63a1ebfc31098d;R_8b0d2a6b7293001d_t326,2;0,U;U,;,;,;,U;U,0.00012048043344607703;0.0003614086433357309,0.004631565931196785;-0.07795473090357982,-9.028654762190357;-7.847546532930307,-7.847546532930307,0.0003614086433357309,4.257714711599599,0.02673550513508724
5a,2,1,wave1_5a_w2_s1,e9ed84a,1196,1740,後半,hold_b,hold,R_7b6b1008b48c1115,R_7b6b1008b48c1115,True,e,28,4,False,16,True,False,2,U,,,,U,0.8789407414987476,8688411251430131/9885093318822463,-0.09048611099510416,-0.038551688389253255,R_cb63a1ebfc31098d;R_8b0d2a6b7293001d_t326;R_5ccd1331eec89856;R_2616bfa67113bd38,2;0;7;3,U;U;U;F,;;;sig_e,;;;,;;;,U;U;U;F,0.00012047317611583848;0.00036138687527901187;0.00030116479914965225;0.026089976388135077,-0.022002677585946966;-0.097847712850034;0.013791115434747328;-0.8218413359948195,-9.002080757075568;-7.827713783943701;-8.121644052996015;-2.8243627488549934,-2.8243627488549934,0.026089976388135077,2.7858110604657402,0.8528507651106125
5a,2,1,wave1_5a_w2_s1,e9ed84a,1233,1740,後半,hold,hold_b,R_cb63a1ebfc31098d_t426,R_cb63a1ebfc31098d_t426,True,e,29,2,False,16,True,False,15,U,,,,U,0.8789709958578223,299610700641134/340865286855947,-0.10357837597163776,-0.02542500261850704,R_0e5d236bf5b42b15;R_14b19811f0dd5b58,10;14,U;U,;,;,;,U;U,0.8789540375942794;6.024203121954676e-05,0.04324341562388611;0.19925981601173515,-0.17226608771428922;-9.91640007226886,-0.17226608771428922,0.8789540375942794,0.1468410850957822,1.6958263542912424e-05
5a,2,1,wave1_5a_w2_s1,e9ed84a,1319,1740,後半,hold,hold_b,R_cb63a1ebfc31098d_t426,R_cb63a1ebfc31098d_t426,True,e,30,2,False,16,True,False,15,U,,,,U,0.878984292411024,4344355159296443/4942471892620543,-0.11859823436918054,-0.010390016927010082,R_0e5d236bf5b42b15;R_14b19811f0dd5b58,10;14,U;U,;,;,;,U;U,0.8789673340920882;6.024384582536725e-05,0.030319045143213458;0.20127161277207933,-0.15932658971082378;-9.918381747559947,-0.15932658971082378,0.8789673340920882,0.1489365727838137,1.6958318935938046e-05
5a,2,1,wave1_5a_w2_s1,e9ed84a,1344,1740,後半,hold,hold_b,R_cb63a1ebfc31098d_t426,R_cb63a1ebfc31098d_t426,True,e,30,2,False,16,True,False,15,U,,,,U,0.8789842924110242,8688710318592886/9884943785241085,-0.13237975704499721,0.003391505748806728,R_0e5d236bf5b42b15;R_14b19811f0dd5b58,10;14,U;U,;,;,;,U;U,0.8789673340920883;6.0243845825367265e-05,0.03020849130878133;0.2013505199646201,-0.15921603587639155;-9.918460654752488,-0.15921603587639155,0.8789673340920883,0.16260754162519828,1.6958318935938046e-05
5a,2,1,wave1_5a_w2_s1,e9ed84a,1521,1740,後半,hold,hold_b,R_cb63a1ebfc31098d_t426,R_cb63a1ebfc31098d_t426,True,e,31,1,False,16,True,False,15,U,,,,U,0.8789576997068931,8688710318592886/9885242852403841,-0.20639789435317196,0.0773793886979044,R_0e5d236bf5b42b15,10,U,,,,U,0.8789407414987476,-0.010135242034179365,-0.11890255735017805,-0.11890255735017805,0.8789407414987476,0.19628194604808244,1.6958208145477433e-05
5a,2,2,wave1_5a_w2_s2,e9ed84a,463,1740,前半,hold_b,hold,R_7b6b1008b48c1115_t63,R_7b6b1008b48c1115_t63,True,e,14,2,False,14,True,False,14,U,,,,U,0.8789540375942794,457284802706849/520260199223215,-0.1349028693720867,0.005880197281683597,R_8b0d2a6b7293001d;R_76143f573e09af68,11;11,U;F,;sig_e,;,;,U;F,0.0001807152070074979;0.014022851794115679,0.008827952339679163;-0.26651022778721795,-8.627416160145435;-4.000556781277868,-4.000556781277868,0.014022851794115679,4.0064369785595515,0.8649311858001637
5a,2,2,wave1_5a_w2_s2,e9ed84a,494,1740,前半,hold_b,hold,R_7b6b1008b48c1115_t63,R_7b6b1008b48c1115_t63,True,e,14,2,False,15,True,False,14,U,,,,U,0.8789673340920882,8688411251430131/9884794251659708,-0.22506071789646354,0.09605317332885321,R_8b0d2a6b7293001d;R_76143f573e09af68,11;11,U;F,;sig_e,;,;,U;F,0.0001807206501691155;0.014023271240329305,-0.018759592320804402;-0.38014808857386645,-8.599798495830191;-3.886889009318602,-3.886889009318602,0.014023271240329305,3.982942182647455,0.8649440628517588
5a,2,2,wave1_5a_w2_s2,e9ed84a,515,1740,前半,hold,hold_b,R_cb63a1ebfc31098d_t167,R_cb63a1ebfc31098d_t167,True,e,14,2,False,14,True,False,15,U,,,,U,0.878984292411024,4344355159296443/4942471892620543,-0.2359478936613698,0.10695964236517919,R_0e5d236bf5b42b15;R_c819a8b386ed2d96,6;13,U;U,;,;,;,U;U,0.8789334159149337;6.024384582536725e-05,-0.03364720271544391;0.032805516326231285,-0.09539893126304022;-9.7499156511141,-0.09539893126304022,0.8789334159149337,0.2023585736282194,5.087649609035541e-05
5a,2,2,wave1_5a_w2_s2,e9ed84a,623,1740,前半,hold,hold_b,R_cb63a1ebfc31098d_t167,R_cb63a1ebfc31098d_t167,True,e,14,2,False,15,True,False,15,U,,,,U,0.8789709958578223,299610700641134/340865286855947,-0.3403951762796862,0.2113917976895414,R_0e5d236bf5b42b15;R_c819a8b386ed2d96,6;13,U;U,;,;,;,U;U,0.8789201195279394;6.024203121954676e-05,-0.06112051974901067;0.01744151283204088,-0.06794074220996385;-9.734581769089166,-0.06794074220996385,0.8789201195279394,0.27933253989950524,5.087632988296461e-05
5a,2,2,wave1_5a_w2_s2,e9ed84a,727,1740,前半,hold_b,lift,R_7b6b1008b48c1115_t63,R_7b6b1008b48c1115_t63,True,e,15,1,False,15,True,False,14,U,,,,U,0.8789806309921923,8688411251430131/9884644718078330,-0.25399027156400356,0.12499785474803143,R_76143f573e09af68,11,U,,,,U,6.0243845825367265e-05,0.02043610331429923,-9.737546238102167,-9.737546238102167,6.0243845825367265e-05,9.862544092850198,0.8789203871463669
5a,2,2,wave1_5a_w2_s2,e9ed84a,760,1740,前半,hold_b,lift,R_7b6b1008b48c1115_t63,R_7b6b1008b48c1115_t63,True,e,15,1,False,15,True,False,14,U,,,,U,0.8789407414987476,8688411251430131/9885093318822463,-0.26886721979859507,0.13982942041423765,R_76143f573e09af68,11,U,,,,U,6.023840233583263e-05,0.014715894709651942,-9.731916391183518,-9.731916391183518,6.023840233583263e-05,9.871745811597755,0.8788805030964117
5a,2,2,wave1_5a_w2_s2,e9ed84a,841,1740,前半,hold,hold_b,R_cb63a1ebfc31098d_t638,R_cb63a1ebfc31098d_t638,True,e,14,1,False,15,True,False,5,U,,,,U,0.8789576997068931,8688710318592886/9885242852403841,-0.4656236986724043,0.3366051930171367,R_0e5d236bf5b42b15,6,U,,,,U,0.8789068235432307,-0.0579126431188014,-0.0711637465918114,-0.0711637465918114,0.8789068235432307,0.4077689396089481,5.087616366234616e-05
5a,2,2,wave1_5a_w2_s2,e9ed84a,883,1740,後半,hold,hold_b,R_cb63a1ebfc31098d_t638,R_cb63a1ebfc31098d_t638,True,e,14,1,False,15,True,False,5,U,,,,U,0.8789576997068931,8688710318592886/9885242852403841,-0.46584416989099015,0.3368256642357226,R_0e5d236bf5b42b15,6,U,,,,U,0.8789068235432307,-0.057763568010198135,-0.07131282170041467,-0.07131282170041467,0.8789068235432307,0.4081384859361372,5.087616366234616e-05
5a,2,2,wave1_5a_w2_s2,e9ed84a,906,1740,後半,hold,hold_b,R_cb63a1ebfc31098d_t638,R_cb63a1ebfc31098d_t638,True,e,14,1,False,15,True,False,5,U,,,,U,0.8789842924110242,8688710318592886/9884943785241085,-0.4658988459279498,0.3369105946317593,R_0e5d236bf5b42b15,6,U,,,,U,0.8789334159149338,-0.05764134519507022,-0.07140478878341378,-0.07140478878341378,0.8789334159149338,0.4083153834151731,5.087649609035541e-05
5a,2,2,wave1_5a_w2_s2,e9ed84a,1060,1740,後半,hold,hold_b,R_cb63a1ebfc31098d_t908,R_cb63a1ebfc31098d_t908,True,e,15,1,False,15,True,False,2,U,,,,U,0.8838391937182886,8775175913001190/9928475649607993,-0.7496931979456956,0.6262130574955181,R_0e5d236bf5b42b15,6,U,,,,U,0.8789068235432307,-0.06415488801358012,-0.06492150169703269,-0.06492150169703269,0.8789068235432307,0.6911345591925508,0.004932370175057896
5a,2,2,wave1_5a_w2_s2,e9ed84a,1310,1740,後半,hold,hold_b,R_cb63a1ebfc31098d_t1100,R_cb63a1ebfc31098d_t1100,True,e,16,1,False,14,True,False,8,U,,,,U,0.8789503752600658,2896037394755792/3294881572692777,-0.4117929514681424,0.2827661126731258,R_0e5d236bf5b42b15,6,U,,,,U,0.8789334159149337,-0.04434024406233099,-0.08470588991615315,-0.08470588991615315,0.8789334159149337,0.3674720025892789,1.6959345132035355e-05
5a,2,2,wave1_5a_w2_s2,e9ed84a,1347,1740,後半,hold_b,lift,R_7b6b1008b48c1115_t63,R_7b6b1008b48c1115_t63,True,e,16,1,False,14,True,False,14,U,,,,U,0.8789540375942793,8688411251430131/9884943785241086,-0.5117944099188794,0.3827717378284762,R_1865396d22048d20,3,U,,,,U,0.00012047317611583848,-0.09636667377897543,-8.92771676088254,-8.92771676088254,0.00012047317611583848,9.310488498711015,0.8788335644181634
5a,2,2,wave1_5a_w2_s2,e9ed84a,1403,1740,後半,hold_b,carry,R_7b6b1008b48c1115_t63,R_7b6b1008b48c1115_t63,True,e,16,1,False,15,True,False,14,U,,,,U,0.8789540375942793,8688411251430131/9884943785241086,-0.5679657553241706,0.4389430832337674,R_1865396d22048d20,3,U,,,,U,0.00012047317611583848,-0.11812083698016593,-8.905962597681349,-8.905962597681349,0.00012047317611583848,9.344905680915115,0.8788335644181634
5a,2,2,wave1_5a_w2_s2,e9ed84a,1433,1740,後半,hold,hold_b,R_cb63a1ebfc31098d_t1100,R_cb63a1ebfc31098d_t1100,True,e,16,1,False,14,True,False,8,U,,,,U,0.8789237827775345,4344056092133688/4942471892620543,-0.5828636786030806,0.453806584533633,R_0e5d236bf5b42b15,6,U,,,,U,0.8789068235432307,-0.07799127678061459,-0.05108511292999822,-0.05108511292999822,0.8789068235432307,0.5048916974636312,1.695923430382262e-05
5a,2,2,wave1_5a_w2_s2,e9ed84a,1439,1740,後半,hold_b,carry,R_7b6b1008b48c1115_t63,R_7b6b1008b48c1115_t63,True,e,16,1,False,14,True,False,14,U,,,,U,0.8789540375942793,8688411251430131/9884943785241086,-0.5971546508637914,0.4681319787733882,R_1865396d22048d20,3,U,,,,U,0.00012047317611583848,-0.13261811796400397,-8.891465316697511,-8.891465316697511,0.00012047317611583848,9.359597295470898,0.8788335644181634
5a,2,2,wave1_5a_w2_s2,e9ed84a,1668,1740,後半,hold,hold_b,R_cb63a1ebfc31098d_t1100,R_cb63a1ebfc31098d_t1100,True,e,15,1,False,14,True,False,8,U,,,,U,0.8789370788176595,2172028046066844/2471198562914927,-0.8331746610932151,0.7041326945465604,R_0e5d236bf5b42b15,6,U,,,,U,0.8789201195279394,-0.11766641422006434,-0.011394847738910183,-0.011394847738910183,0.8789201195279394,0.7155275422854706,1.695928972013352e-05
5a,2,2,wave1_5a_w2_s2,e9ed84a,1721,1740,後半,hold_b,carry,R_7b6b1008b48c1115_t63,R_7b6b1008b48c1115_t63,True,e,16,1,False,14,True,False,14,U,,,,U,0.8789540375942793,8688411251430131/9884943785241086,-0.8198730390856771,0.6908503669952739,R_1865396d22048d20,3,U,,,,U,6.02402167230385e-05,-0.15797780748313528,-9.55919256933597,-9.55919256933597,6.02402167230385e-05,10.250042936331244,0.8788937973775562
5a,2,3,wave1_5a_w2_s3_c574,c57467ea,351,1740,前半,hold_b,hold,R_7b6b1008b48c1115_t59,R_7b6b1008b48c1115_t59,True,e,29,9,False,11,True,False,15,U,,,,U,0.8789709958578223,299610700641134/340865286855947,-0.02750900013965764,-0.10149437845048716,R_8b0d2a6b7293001d;R_cb63a1ebfc31098d_t41;R_cb63a1ebfc31098d_t50;R_cb63a1ebfc31098d_t60;R_cb63a1ebfc31098d_t62;R_cb63a1ebfc31098d_t73;R_cb63a1ebfc31098d_t100;R_572f65c1e0a7565d;R_8b0d2a6b7293001d_t117,2;13;1;9;9;3;6;15;10,U;U;U;U;U;U;U;U;F,;;;;;;;;sig_e,;;;;;;;;,;;;;;;;;,U;U;U;U;U;U;U;U;F,0.0004216180211588472;0.00012047680467166525;6.024203121954676e-05;6.024203121954676e-05;6.024203121954676e-05;6.024203121954676e-05;6.024203121954676e-05;0.00012047680467166525;0.0003932795260804557,-0.016415054134541574;-0.004195377797516575;-0.0015375879317831998;-0.0015375879317831998;-0.0015375879317831998;-0.0015375879317831998;-0.0015375879317831998;-0.0007634084785250574;-0.08766539707667388,-7.7549957628319355;-9.019857938116404;-9.71560266832534;-9.71560266832534;-9.71560266832534;-9.71560266832534;-9.71560266832534;-9.023289907435396;-7.753324539554249,-7.753324539554249,0.0004216180211588472,7.651830161103762,0.8785493778366634
5a,2,3,wave1_5a_w2_s3_c574,c57467ea,422,1740,前半,hold_b,hold,R_7b6b1008b48c1115_t371,R_7b6b1008b48c1115_t371,True,e,37,10,False,15,True,False,3,F,sig_n,,,F,0.030634809529281885,2476135370123641/80827509887301869,-0.06940178154538149,-3.4162165687003077,R_8b0d2a6b7293001d;R_cb63a1ebfc31098d_t41;R_cb63a1ebfc31098d_t50;R_cb63a1ebfc31098d_t60;R_cb63a1ebfc31098d_t62;R_cb63a1ebfc31098d_t73;R_cb63a1ebfc31098d_t100;R_572f65c1e0a7565d;R_8b0d2a6b7293001d_t117;R_0aa7a1980d3349e7,2;13;1;9;9;3;6;15;10;7,U;U;U;U;U;U;U;U;U;F,;;;;;;;;;sig_e,;;;;;;;;;,;;;;;;;;;,U;U;U;U;U;U;U;U;U;F,0.00042163071880951315;0.000120480433446077;6.024384582536725e-05;6.024384582536725e-05;6.024384582536725e-05;6.024384582536725e-05;6.024384582536725e-05;0.000120480433446077;0.00036140864333573084;0.026091524530396183,0.013882692009211517;0.017779991695149693;0.015981899949261833;0.015981899949261833;0.015981899949261833;0.015981899949261833;0.015981899949261833;0.0172699687548342;0.014086490439386905;-0.15486151855504715,-7.785263392949266;-9.04180318795431;-9.73309203473713;-9.73309203473713;-9.73309203473713;-9.73309203473713;-9.73309203473713;-9.041293165013993;-7.939587754273274;-3.491283229471014,-3.491283229471014,0.026091524530396183,0.07506666077070623,0.004543284998885701
5a,2,3,wave1_5a_w2_s3_c574,c57467ea,716,1740,前半,hold,hold_b,R_cb63a1ebfc31098d_t124,R_cb63a1ebfc31098d_t124,True,e,36,5,False,14,True,False,9,U,,,,U,0.8789709958578223,299610700641134/340865286855947,-0.05447941442125233,-0.07452396416889247,R_0e5d236bf5b42b15;R_0e5d236bf5b42b15_t76;R_e10c53c730c7a91a;R_0e5d236bf5b42b15_t200;R_0e5d236bf5b42b15_t342,0;9;8;1;9,U;U;U;U;U,;;;;,;;;;,;;;;,U;U;U;U;U,0.0001807152070074979;0.0001807152070074979;0.00012048043344607702;0.00024094635223167698;0.8789540375942794,0.02163677867490161;0.01886684070623545;0.02574003318648353;0.02145817284600809;0.018440150884906196,-8.640224986480657;-8.637455048511992;-9.049763229445643;-8.352394426947578;-0.1474628229753093,-0.1474628229753093,0.8789540375942794,0.07293885880641683,1.6958263542912424e-05
5a,2,3,wave1_5a_w2_s3_c574,c57467ea,739,1740,前半,hold,hold_b,R_cb63a1ebfc31098d_t124,R_cb63a1ebfc31098d_t124,True,e,35,4,False,14,True,False,9,U,,,,U,0.8789576997068931,8688710318592886/9885242852403841,-0.05445926421953092,-0.07455924143573664,R_0e5d236bf5b42b15;R_e10c53c730c7a91a;R_0e5d236bf5b42b15_t200;R_0e5d236bf5b42b15_t342,0;8;1;9,U;U;U;U,;;;,;;;,;;;,U;U;U;U,0.00018070976417375773;0.00012047680467166524;0.00018070976417375773;0.8789407414987476,0.021551095247395666;0.0256551764585181;0.021382836951371643;0.018354472615368413,-8.640169421800746;-9.049708492372439;-8.64000116350472;-0.14739227199972582,-0.14739227199972582,0.8789407414987476,0.07283303056398918,1.6958208145477433e-05
5a,2,3,wave1_5a_w2_s3_c574,c57467ea,947,1740,後半,hold_b,lift,R_7b6b1008b48c1115_t664,R_7b6b1008b48c1115_t664,True,e,30,2,False,15,True,False,8,U,,,,U,0.8789975893665168,4344355159296443/4942397125829854,-0.08898034525011811,-0.03999277852327962,R_0aa7a1980d3349e7;R_8b0d2a6b7293001d_t429,7;14,U;U,;,;,;,U;U,0.00012048406243909351;0.00024095360934333048,0.06017965074347475;0.03289363531096541,-9.084172726440654;-8.363799770664942,-8.363799770664942,0.00024095360934333048,8.323806992141662,0.8787566357571734
5a,2,3,wave1_5a_w2_s3_c574,c57467ea,979,1740,後半,hold_b,lift,R_7b6b1008b48c1115_t664,R_7b6b1008b48c1115_t664,True,e,30,2,False,15,True,False,8,U,,,,U,0.8789709958578223,299610700641134/340865286855947,-0.10430640675640812,-0.024696971833736675,R_0aa7a1980d3349e7;R_8b0d2a6b7293001d_t429,7;14,U;U,;,;,;,U;U,0.00012047680467166524;0.0002409390955571539,0.06709230444412179;0.030245405835640296,-9.091145620358043;-8.36121177777769,-8.36121177777769,0.0002409390955571539,8.336514805943953,0.8787300567622651
5a,2,3,wave1_5a_w2_s3_c574,c57467ea,1028,1740,後半,hold,hold_b,R_cb63a1ebfc31098d_t754,R_cb63a1ebfc31098d_t754,True,e,29,2,False,15,True,False,6,U,,,,U,0.8789709958578223,299610700641134/340865286855947,-0.15351172551460246,0.024508346924457663,R_0e5d236bf5b42b15;R_0e5d236bf5b42b15_t342,0;9,U;U,;,;,;,U;U,0.0001807152070074979;0.8789540375942794,-0.003894466044489772;-0.014173301772950196,-8.614693741761267;-0.1148493703174529,-0.1148493703174529,0.8789540375942794,0.13935771724191057,1.6958263542912424e-05
5a,2,3,wave1_5a_w2_s3_c574,c57467ea,1037,1740,後半,hold,hold_b,R_cb63a1ebfc31098d_t754,R_cb63a1ebfc31098d_t754,True,e,29,2,False,15,True,False,6,U,,,,U,0.8789576997068931,8688710318592886/9885242852403841,-0.15361244753506675,0.024593941879799186,R_0e5d236bf5b42b15;R_0e5d236bf5b42b15_t342,0;9,U;U,;,;,;,U;U,0.00018070976417375773;0.8789407414987476,-0.004031867551180686;-0.0143119873372607,-8.614586459002169;-0.11472581204709671,-0.11472581204709671,0.8789407414987476,0.13931975392689588,1.6958208145477433e-05
5a,2,3,wave1_5a_w2_s3_c574,c57467ea,1056,1740,後半,hold_b,carry,R_7b6b1008b48c1115_t664,R_7b6b1008b48c1115_t664,True,e,29,2,False,15,True,False,8,U,,,,U,0.8789842924110242,8688710318592886/9884943785241085,-0.13473307050171798,0.005744819205527496,R_0aa7a1980d3349e7;R_8b0d2a6b7293001d_t429,7;14,U;U,;,;,;,U;U,0.00012048043344607702;0.00024094635223167698,0.06456305965837122;0.02442976666617966,-9.08858625591753;-8.355366020767748,-8.355366020767748,0.00024094635223167698,8.361110839973277,0.8787433460587925
5a,2,3,wave1_5a_w2_s3_c574,c57467ea,1153,1740,後半,hold_b,carry,R_7b6b1008b48c1115_t664,R_7b6b1008b48c1115_t664,True,e,28,2,False,15,True,False,8,U,,,,U,0.8789842924110242,8688710318592886/9884943785241085,-0.12538938920435877,-0.003598862091831717,R_0aa7a1980d3349e7;R_8b0d2a6b7293001d_t429,7;14,U;U,;,;,;,U;U,0.00012048043344607702;0.00024094635223167698,0.10607159536569195;0.05272533040349848,-9.130094791624852;-8.383661584505068,-8.383661584505068,0.00024094635223167698,8.380062722413237,0.8787433460587925
5a,2,3,wave1_5a_w2_s3_c574,c57467ea,1173,1740,後半,hold_b,carry,R_7b6b1008b48c1115_t664,R_7b6b1008b48c1115_t664,True,e,28,2,False,15,True,False,8,U,,,,U,0.8789975893665168,4344355159296443/4942397125829854,-0.1252761335660229,-0.003696990207374823,R_0aa7a1980d3349e7;R_8b0d2a6b7293001d_t429,7;14,U;U,;,;,;,U;U,0.00012048406243909351;0.00024095360934333048,0.1061322149482161;0.05299432608486894,-9.130125290645395;-8.383900461438845,-8.383900461438845,0.00024095360934333048,8.38020347123147,0.8787566357571734
5a,2,3,wave1_5a_w2_s3_c574,c57467ea,1261,1740,後半,hold,hold_b,R_cb63a1ebfc31098d_t1046,R_cb63a1ebfc31098d_t1046,True,e,28,2,False,16,True,False,11,U,,,,U,0.8832990158581303,8765570579420939/9923672982817868,-0.25616878271415877,0.13207728331757226,R_0e5d236bf5b42b15;R_0e5d236bf5b42b15_t342,0;9,U;U,;,;,;,U;U,0.00018070976417375773;0.8789407414987476,0.0492888855170868;0.03953633169512636,-8.667907212070435;-0.16857413107948377,-0.16857413107948377,0.8789407414987476,0.300651414397056,0.004358274359382725
5a,2,3,wave1_5a_w2_s3_c574,c57467ea,1370,1740,後半,hold_b,carry,R_7b6b1008b48c1115_t664,R_7b6b1008b48c1115_t664,True,e,29,1,False,16,True,False,8,U,,,,U,0.8789709958578223,299610700641134/340865286855947,-0.10122520901852575,-0.02777816957161905,R_8b0d2a6b7293001d_t429,14,U,,,,U,0.0002409390955571539,0.10277249645242878,-8.43373886839448,-8.43373886839448,0.0002409390955571539,8.405960698822861,0.8787300567622651
5a,2,3,wave1_5a_w2_s3_c574,c57467ea,1390,1740,後半,hold_b,carry,R_7b6b1008b48c1115_t664,R_7b6b1008b48c1115_t664,True,e,29,1,False,16,True,False,8,U,,,,U,0.878997589366517,8688710318592886/9884794251659707,-0.10246983306389644,-0.02650329070950115,R_8b0d2a6b7293001d_t429,14,U,,,,U,0.00024095360934333054,0.10125552253331833,-8.432161657887294,-8.432161657887294,0.00024095360934333054,8.405658367177793,0.8787566357571736
5a,2,3,wave1_5a_w2_s3_c574,c57467ea,1546,1740,後半,hold_b,carry,R_7b6b1008b48c1115_t664,R_7b6b1008b48c1115_t664,True,e,30,1,False,16,True,False,8,U,,,,U,0.8789975893665168,4344355159296443/4942397125829854,-0.09575407264326487,-0.03321905113013286,R_8b0d2a6b7293001d_t429,14,U,,,,U,0.00024095360934333048,0.12301488006754856,-8.453921015421525,-8.453921015421525,0.00024095360934333048,8.420701964291393,0.8787566357571734
5a,2,3,wave1_5a_w2_s3_c574,c57467ea,1548,1740,後半,hold_b,carry,R_7b6b1008b48c1115_t664,R_7b6b1008b48c1115_t664,True,e,30,1,False,15,True,False,8,U,,,,U,0.8789709958578223,299610700641134/340865286855947,-0.09518066215109441,-0.03382271643905038,R_8b0d2a6b7293001d_t429,14,U,,,,U,0.0002409390955571539,0.1228192317032418,-8.453785603645292,-8.453785603645292,0.0002409390955571539,8.41996288720624,0.8787300567622651
5a,2,4,wave1_5a_w2_s4_c574,c57467ea,15,1740,前半,hold_b,hold,R_7b6b1008b48c1115,R_7b6b1008b48c1115,True,e,11,1,True,0,True,False,14,F,sig_n,,,F,0.030634809529281885,2476135370123641/80827509887301869,0.0,-3.485618350245689,R_2616bfa67113bd38,14,F,sig_e,,,F,0.026091524530396183,0.0,-3.646144748026061,-3.646144748026061,0.026091524530396183,0.16052639778037214,0.004543284998885701
5a,2,4,wave1_5a_w2_s4_c574,c57467ea,568,1740,前半,hold_b,hold,R_7b6b1008b48c1115_t190,R_7b6b1008b48c1115_t190,True,e,36,4,False,14,True,False,12,U,,,,U,0.8789576997068931,8688710318592886/9885242852403841,-0.3400186072098756,0.21100010155460802,R_8b0d2a6b7293001d_t116;R_2616bfa67113bd38_t188;R_8b0d2a6b7293001d_t193;R_8b0d2a6b7293001d_t341,12;12;7;3,U;U;U;U,;;;,;;;,;;;,U;U;U;U,0.0002409390955571539;0.00012047680467166524;0.0002409390955571539;0.8789068235432307,-0.21774433860138065;-0.06851082023866456;-0.12981356905000213;-0.20213586631441363,-8.11322203334067;-8.955542495675257;-8.201152802892048;0.07305947660380083,0.07305947660380083,0.8789068235432307,0.1379406249508072,5.087616366234616e-05
5a,2,4,wave1_5a_w2_s4_c574,c57467ea,748,1740,前半,hold_b,hold,R_7b6b1008b48c1115_t570,R_7b6b1008b48c1115_t570,True,e,32,1,False,16,True,False,4,U,,,,U,0.8838658176685983,4387587956500595/4964088291222619,-0.7377739619328956,0.6143239440994899,R_8b0d2a6b7293001d_t341,3,U,,,,U,0.8789334159149337,-0.27343568339452806,0.14438954941604393,0.14438954941604393,0.8789334159149337,0.46993439468344594,0.004932401753664557
5a,2,4,wave1_5a_w2_s4_c574,c57467ea,1212,1740,後半,hold,hold_b,R_cb63a1ebfc31098d_t63,R_cb63a1ebfc31098d_t63,True,e,36,6,False,16,True,False,5,U,,,,U,0.8789709958578223,299610700641134/340865286855947,-0.7532363945699332,0.6242330159797884,R_0e5d236bf5b42b15;R_7b6b1008b48c1115_t73;R_0e5d236bf5b42b15_t106;R_3ad0209336a6e37e;R_7515a685c55fba68;R_7b6b1008b48c1115_t786,5;3;1;2;4;11,U;U;U;U;U;U,;;;;;,;;;;;,;;;;;,U;U;U;U;U;U,0.00024094635223167698;0.00012047680467166525;6.024203121954676e-05;6.024203121954676e-05;6.024203121954676e-05;0.00012047680467166525,-0.4375050514091825;-0.07528552077197548;-0.07721752275576785;-0.15684975623082018;0.03356212552169806;-0.08201283380756408,-7.893431202692387;-8.948767795141945;-9.639922733501356;-9.560290500026305;-9.750702381778822;-8.942040482106357,-7.893431202692387,0.00024094635223167698,8.517664218672175,0.8787300495055906
5a,2,4,wave1_5a_w2_s4_c574,c57467ea,1262,1740,後半,hold_b,hold,R_7b6b1008b48c1115_t821,R_7b6b1008b48c1115_t821,True,e,35,2,False,16,True,False,12,U,,,,U,0.8789444039582182,4344355159296443/4942696192992609,-0.7575629508024847,0.628529318310919,R_8b0d2a6b7293001d;R_8b0d2a6b7293001d_t1030,15;9,U;U,;,;,;,U;U,0.0003011557293991766;0.8789104871396728,-0.5409269995070909;-0.5986959236527066,-7.566956054080599;0.4696237022893047,0.4696237022893047,0.8789104871396728,0.15890561602161424,3.391681854539836e-05
5a,2,4,wave1_5a_w2_s4_c574,c57467ea,1566,1740,後半,hold_b,hold,R_7b6b1008b48c1115_t1265,R_7b6b1008b48c1115_t1265,True,e,35,1,False,16,True,False,5,U,,,,U,0.8789576997068931,8688710318592886/9885242852403841,-1.2224466227245516,1.0934281170692841,R_8b0d2a6b7293001d,15,U,,,,U,0.00030116479914965225,-0.926043161093749,-7.181809776467518,-7.181809776467518,0.00030116479914965225,8.275237893536803,0.8786565349077434
5a,2,4,wave1_5a_w2_s4_c574,c57467ea,1583,1740,後半,hold_b,hold,R_7b6b1008b48c1115_t1265,R_7b6b1008b48c1115_t1265,True,e,35,1,False,16,True,False,5,U,,,,U,0.8789576997068931,8688710318592886/9885242852403841,-1.2225862878402094,1.0935677821849419,R_8b0d2a6b7293001d,15,U,,,,U,0.00030116479914965225,-0.926106902101462,-7.181746035459805,-7.181746035459805,0.00030116479914965225,8.275313817644747,0.8786565349077434
5a,2,4,wave1_5a_w2_s4_c574,c57467ea,1640,1740,後半,hold,hold_b,R_cb63a1ebfc31098d_t63,R_cb63a1ebfc31098d_t63,True,e,35,3,False,16,True,False,5,U,,,,U,0.878984292411024,4344355159296443/4942471892620543,-1.2179342874685462,1.0889460361723555,R_0e5d236bf5b42b15;R_0e5d236bf5b42b15_t106;R_7b6b1008b48c1115_t786,5;1;11,U;U;U,;;,;;,;;,U;U;U,0.00012048406243909351;6.024384582536725e-05;0.000120480433446077,-0.3241496224189879;-0.1212359928025459;-0.12663630037408335,-8.699843453278191;-9.595874141985322;-8.897386895885077,-8.699843453278191,0.00012048406243909351,9.788789489450547,0.878863808348585
5a,2,7,wave1_5a_w2_s7_c574,c57467ea,40,1740,前半,hold_b,hold,R_7b6b1008b48c1115_t15,R_7b6b1008b48c1115_t15,True,e,23,7,False,14,True,False,12,F,sig_n,,,F,0.0306339027494598,2476135370123641/80829902424603901,-0.2140766077550816,-3.2715713425846333,R_48939b4afa3d5c42;R_f10dc019491698d2;R_48939b4afa3d5c42_t8;R_48939b4afa3d5c42_t21;R_5ccd1331eec89856;R_9e4d965d6b6585c5_t23;R_7a706aa5b47448d5,10;10;4;1;5;5;5,U;U;U;U;F;U;U,;;;;sig_e;;,;;;;;;,;;;;;;,U;U;U;U;F;U;U,0.0016602151907920003;0.0016602151907920003;0.0016602151907920003;0.0016602151907920003;0.026090750436300172;0.013397593070065125;0.011941075224202827,-0.08028255040388178;-0.08028255040388178;-0.07387892997046436;-0.06947423893109642;-0.15031407961597482;-0.07145277379543427;-0.03587254123135462,-6.320525501604206;-6.320525501604206;-6.326929122037623;-6.331333813076991;-3.4958603372620694;-4.241227436000666;-4.391898581562496,-3.4958603372620694,0.026090750436300172,0.22428899467743602,0.004543152313159631
5a,2,7,wave1_5a_w2_s7_c574,c57467ea,386,1740,前半,hold_b,hold,R_7b6b1008b48c1115_t133,R_7b6b1008b48c1115_t133,True,e,49,12,False,15,True,False,1,U,,,,U,0.9311821168124639,1630288404953083/1750772889124777,-0.4334988542225917,0.36219844757925096,R_48939b4afa3d5c42;R_f10dc019491698d2;R_48939b4afa3d5c42_t21;R_5ccd1331eec89856;R_9e4d965d6b6585c5_t23;R_7a706aa5b47448d5;R_8b0d2a6b7293001d;R_78a9d503e9d6b05d;R_cb63a1ebfc31098d_t96;R_cb63a1ebfc31098d_t106;R_76143f573e09af68;R_8b0d2a6b7293001d_t174,10;10;1;5;5;5;2;15;6;7;3;11,U;U;U;U;U;U;U;U;U;U;F;F,;;;;;;;;;;sig_e;sig_e,;;;;;;;;;;;,;;;;;;;;;;;,U;U;U;U;U;U;U;U;U;U;F;F,0.0001807206501691155;0.0001807206501691155;0.0014799027087884266;0.00024095360934333048;0.013220416989447906;0.011763154424370299;0.00042163071880951315;0.00024095360934333048;6.024384582536725e-05;6.024384582536725e-05;0.0002126091393582038;0.8838747173769748,-0.06829012447394506;-0.08024641348962432;-0.017680876321414418;-0.11157551406740646;-0.017680876321414418;0.049292276192907776;-0.26393144590914414;-0.07185539088131097;0.03216876131389422;0.03216876131389422;-0.10246712664476068;-0.4140465457645126,-8.55026796367705;-8.538311674661372;-6.498098054350608;-8.21933062128657;-4.308312026416333;-4.49207541530788;-7.50744925503091;-8.259050744472665;-9.749278896101762;-9.749278896101762;-8.353587977821046;0.2906065969522106,0.2906065969522106,0.8838747173769748,0.07159185062704038,0.04730739943548916
5a,2,7,wave1_5a_w2_s7_c574,c57467ea,591,1740,前半,hold_b,hold,R_7b6b1008b48c1115_t389,R_7b6b1008b48c1115_t389,True,e,45,8,False,16,True,False,3,U,,,,U,0.8789842924110242,8688710318592886/9884943785241085,-0.5927476919448292,0.4637594406486387,R_5ccd1331eec89856;R_7a706aa5b47448d5;R_8b0d2a6b7293001d;R_78a9d503e9d6b05d;R_7c67e41822d94b32;R_7c67e41822d94b32_t73;R_cb63a1ebfc31098d_t106;R_8b0d2a6b7293001d_t174,5;5;2;15;15;4;7;11,U;U;U;U;U;U;U;U,;;;;;;;,;;;;;;;,;;;;;;;,U;U;U;U;U;U;U;U,0.00012048406243909353;0.0117631544243703;0.00030118294028959623;0.00024095360934333054;6.0243845825367265e-05;6.0243845825367265e-05;6.0243845825367265e-05;0.8789842924110242,-0.12369636994473474;0.008257460797371736;-0.3651162459423328;-0.2624386057981447;0.045647137986255686;0.045647137986255686;-0.014412304773576558;-0.589858678348555,-8.900296705752444;-4.451040599912344;-7.742676456845026;-8.06846752955583;-9.762757272774124;-9.762757272774124;-9.70269783001429;0.4608704270523645,0.4608704270523645,0.8789842924110242,0.002889013596274248,0.0
5a,2,7,wave1_5a_w2_s7_c574,c57467ea,600,1740,前半,hold_b,hold,R_7b6b1008b48c1115_t389,R_7b6b1008b48c1115_t389,True,e,44,7,False,16,True,False,3,U,,,,U,0.8789444039582182,4344355159296443/4942696192992609,-0.5956750939613472,0.46664146146978147,R_5ccd1331eec89856;R_7a706aa5b47448d5;R_8b0d2a6b7293001d;R_78a9d503e9d6b05d;R_7c67e41822d94b32;R_7c67e41822d94b32_t73;R_8b0d2a6b7293001d_t174,5;5;2;15;15;4;11,U;U;U;U;U;U;U,;;;;;;,;;;;;;,;;;;;;,U;U;U;U;U;U;U,0.00012047317611583849;0.0117620996666526;0.0003011557293991766;0.00024093183931972185;6.023840233583263e-05;6.023840233583263e-05;0.8789444039582182,-0.125298143097141;0.007601866711053487;-0.3667504232425525;-0.26488488575433944;0.04401941743326538;0.04401941743326538;-0.5929099095608953,-8.898785291564375;-4.450474676076925;-7.741132630345137;-8.066111603121136;-9.761219913907132;-9.761219913907132;0.46387627706932955,0.46387627706932955,0.8789444039582182,0.0027651844004519255,0.0
5a,2,7,wave1_5a_w2_s7_c574,c57467ea,723,1740,前半,hold,hold_b,R_cb63a1ebfc31098d_t274,R_cb63a1ebfc31098d_t274,True,e,45,6,False,16,True,False,9,U,,,,U,0.8789709958578223,299610700641134/340865286855947,-0.6094888071719702,0.4804854285818254,R_7b6b1008b48c1115;R_7b6b1008b48c1115_t43;R_7b6b1008b48c1115_t77;R_0e5d236bf5b42b15_t231;R_d889d8ee2748b4a6;R_0e5d236bf5b42b15_t455,15;5;6;2;1;1,U;U;U;U;U;U,;;;;;,;;;;;,;;;;;,U;U;U;U;U;U,0.00012047680467166525;0.00012047680467166525;0.00012047680467166525;0.00024094635223167698;0.00012048043344607702;0.8789540375942794,-0.13222433555548227;-0.13222433555548227;-0.10269618584950099;-0.3533127979067272;-0.12695681897979116;-0.5176877258965447,-8.891828980358438;-8.891828980358438;-8.92135713006442;-7.977623456194842;-8.89706637727937;0.3886650538061416,0.3886650538061416,0.8789540375942794,0.09182037477568383,1.6958263542912424e-05
5a,2,7,wave1_5a_w2_s7_c574,c57467ea,747,1740,前半,hold,hold_b,R_cb63a1ebfc31098d_t274,R_cb63a1ebfc31098d_t274,True,e,45,5,False,16,True,False,9,U,,,,U,0.8789709958578223,299610700641134/340865286855947,-0.6235825386129243,0.4945791600227796,R_7b6b1008b48c1115;R_7b6b1008b48c1115_t43;R_0e5d236bf5b42b15_t231;R_d889d8ee2748b4a6;R_0e5d236bf5b42b15_t455,15;5;2;1;1,U;U;U;U;U,;;;;,;;;;,;;;;,U;U;U;U;U,0.00012047680467166525;0.00012047680467166525;0.00024094635223167698;0.00012048043344607702;0.8789540375942794,-0.13229901662368926;-0.13229901662368926;-0.3673522342471634;-0.12711383582401337;-0.5179605490781839,-8.891754299290232;-8.891754299290232;-7.963584019854406;-8.896909360435146;0.3889378769877808,0.3889378769877808,0.8789540375942794,0.10564128303499876,1.6958263542912424e-05
5a,2,7,wave1_5a_w2_s7_c574,c57467ea,840,1740,前半,hold,hold_b,R_cb63a1ebfc31098d_t274,R_cb63a1ebfc31098d_t274,True,e,40,4,False,16,True,False,9,U,,,,U,0.8789709958578223,299610700641134/340865286855947,-0.6426180784559367,0.5136146998657919,R_7b6b1008b48c1115;R_7b6b1008b48c1115_t15;R_d889d8ee2748b4a6;R_0e5d236bf5b42b15_t455,15;12;1;1,U;U;U;U,;;;,;;;,;;;,U;U;U;U,0.00012047680467166525;0.00018070976417375773;6.024203121954676e-05;0.8789540375942794,-0.11253522691625562;-0.23116149456353247;-0.035798286152670375;-0.5232072541886452,-8.911518088997665;-8.387456831989818;-9.681341970104453;0.39418458209824214,0.39418458209824214,0.8789540375942794,0.11943011776754975,1.6958263542912424e-05
5a,2,7,wave1_5a_w2_s7_c574,c57467ea,1006,1740,後半,hold_b,hold,R_7b6b1008b48c1115_t610,R_7b6b1008b48c1115_t610,True,e,39,3,False,15,True,False,16,U,,,,U,0.8789407414987476,8688411251430131/9885093318822463,-0.6374186910937666,0.5083808917094091,R_5ccd1331eec89856;R_78a9d503e9d6b05d;R_8b0d2a6b7293001d_t174,5;15;11,U;U;U,;;,;;,;;,U;U;U,0.00012047680467166524;6.02402167230385e-05;0.8789407414987476,-0.10486071189647053;0.07216591609730609;-0.4058641601334434,-8.91919260401745;-9.789336292916412;0.27682636074908595,0.27682636074908595,0.8789407414987476,0.2315545309603232,0.0
5a,2,7,wave1_5a_w2_s7_c574,c57467ea,1301,1740,後半,hold,push,R_cb63a1ebfc31098d_t274,R_cb63a1ebfc31098d_t274,True,e,43,2,False,15,True,False,9,U,,,,U,0.8789975893665168,4344355159296443/4942397125829854,-0.543775524080214,0.41480240030681625,R_7b6b1008b48c1115;R_7b6b1008b48c1115_t15,15;12,U;U,;,;,;,U;U,0.000120480433446077;0.00018071520700749786,-0.10280105938228211;-0.19650096889686197,-8.921222136876878;-8.422087238908894,-8.422087238908894,0.00018071520700749786,8.83688963921571,0.8788168741595094
5a,2,7,wave1_5a_w2_s7_c574,c57467ea,1302,1740,後半,hold,push,R_cb63a1ebfc31098d_t274,R_cb63a1ebfc31098d_t274,True,e,43,2,False,15,True,False,9,U,,,,U,0.8789842924110242,8688710318592886/9884943785241085,-0.5436425952787722,0.4146543439825817,R_7b6b1008b48c1115;R_7b6b1008b48c1115_t15,15;12,U;U,;,;,;,U;U,0.00012047680467166525;0.00018070976417375773,-0.10278372257062511;-0.196475260765347,-8.921269593343297;-8.422143065788003,-8.422143065788003,0.00018070976417375773,8.836797409770584,0.8788035826468504
5a,2,7,wave1_5a_w2_s7_c574,c57467ea,1463,1740,後半,hold_b,hold,R_7b6b1008b48c1115_t1221,R_7b6b1008b48c1115_t1221,True,e,43,2,False,16,True,False,10,U,,,,U,0.8789576997068931,8688710318592886/9885242852403841,-0.6649387755041511,0.5359202698488836,R_5ccd1331eec89856_t1045;R_8b0d2a6b7293001d_t1063,9;8,F;U,sig_e;,;,;,F;U,9.213062705522166e-05;0.8788898637958129,-0.16231400317272354;-0.18913424295846296,-9.129989125493703;0.06003855665053551,0.06003855665053551,0.8788898637958129,0.47588171319834816,6.783591108011778e-05
5a,2,7,wave1_5a_w2_s7_c574,c57467ea,1606,1740,後半,hold,push,R_cb63a1ebfc31098d_t274,R_cb63a1ebfc31098d_t274,True,e,43,1,False,16,True,False,9,U,,,,U,0.8789842924110242,8688710318592886/9884943785241085,-0.6395873045920819,0.5105990532958914,R_7b6b1008b48c1115_t15,12,U,,,,U,0.00018070976417375773,-0.11444470607390711,-8.504173620479442,-8.504173620479442,0.00018070976417375773,9.014772673775333,0.8788035826468504
5a,2,8,wave1_5a_w2_s8_c574,c57467ea,49,1740,前半,hold_b,hold,R_7b6b1008b48c1115_t41,R_7b6b1008b48c1115_t41,True,e,22,1,False,14,True,False,3,F,sig_n,,,F,0.0306339027494598,2476135370123641/80829902424603901,-0.24106646328128706,-3.244581487058428,R_c9218d4e01f32519,,なし,,,,,0.001660265146821955,-0.08717656806548565,-6.3136013943020215,-6.3136013943020215,0.001660265146821955,3.0690199072435935,0.028973637602637846
5a,2,8,wave1_5a_w2_s8_c574,c57467ea,588,1740,前半,hold,hold_b,R_cb63a1ebfc31098d_t121,R_cb63a1ebfc31098d_t121,True,e,53,8,False,16,True,False,16,U,,,,U,0.8789709958578223,299610700641134/340865286855947,-0.40081518839422886,0.27181180980408404,R_0e5d236bf5b42b15;R_0e5d236bf5b42b15_t117;R_0e5d236bf5b42b15_t123;R_7515a685c55fba68;R_7515a685c55fba68_t137;R_0e5d236bf5b42b15_t156;R_0e5d236bf5b42b15_t236;R_0e5d236bf5b42b15_t395,3;15;13;7;12;9;1;6,U;U;U;U;U;U;U;U,;;;;;;;,;;;;;;;,;;;;;;;,U;U;U;U;U;U;U;U,0.0004216180211588472;0.00024094635223167698;6.024203121954676e-05;0.00018070976417375773;0.00018070976417375773;0.0001807152070074979;0.00024094635223167698;0.8789201195279395,-0.2929004109022654;-0.2028484103157634;-0.029378389768573182;-0.11673791218946472;-0.11673791218946472;-0.15661650312614592;-0.19909052300965266;-0.22800610937920882,-7.478510406064212;-8.128087843785806;-9.687761866488552;-8.501880414363885;-8.501880414363885;-8.461971704679609;-8.131845731091916;0.09894484742023443,0.09894484742023443,0.8789201195279395,0.1728669623838496,5.087632988286344e-05
5a,2,8,wave1_5a_w2_s8_c574,c57467ea,614,1740,前半,hold,hold_b,R_cb63a1ebfc31098d_t121,R_cb63a1ebfc31098d_t121,True,e,52,8,False,16,True,False,16,U,,,,U,0.8789709958578223,299610700641134/340865286855947,-0.40075895271379747,0.2717555741236527,R_0e5d236bf5b42b15;R_0e5d236bf5b42b15_t117;R_0e5d236bf5b42b15_t123;R_7515a685c55fba68;R_7515a685c55fba68_t137;R_0e5d236bf5b42b15_t156;R_0e5d236bf5b42b15_t236;R_0e5d236bf5b42b15_t395,3;15;13;7;12;9;1;6,U;U;U;U;U;U;U;U,;;;;;;;,;;;;;;;,;;;;;;;,U;U;U;U;U;U;U;U,0.00030117386944644237;6.024203121954676e-05;6.024203121954676e-05;0.00018070976417375773;0.00018070976417375773;0.0001807152070074979;0.00024094635223167698;0.8789201195279395,-0.22753807263835174;-0.05365619298966938;-0.02937490744972396;-0.11679101620719368;-0.11679101620719368;-0.1565718442600502;-0.19902947794804704;-0.2279098862790245,-7.88028474798949;-9.663484063267456;-9.687765348807401;-8.501827310346156;-8.501827310346156;-8.462016363545706;-8.131906776153523;0.09884862432005012,0.09884862432005012,0.8789201195279395,0.17290694980360258,5.087632988286344e-05
5a,2,8,wave1_5a_w2_s8_c574,c57467ea,794,1740,前半,hold,hold_b,R_cb63a1ebfc31098d_t620,R_cb63a1ebfc31098d_t620,True,e,53,5,False,15,True,False,12,U,,,,U,0.8794984408547638,8698016585010382/9889746452031211,-0.6462448990106229,0.5178414114413253,R_7b6b1008b48c1115_t60;R_0e5d236bf5b42b15_t117;R_0e5d236bf5b42b15_t156;R_0e5d236bf5b42b15_t236;R_0e5d236bf5b42b15_t395,4;15;9;1;6,U;U;U;U;U,;;;;,;;;;,;;;;,U;U;U;U;U,6.024203121954676e-05;6.024203121954676e-05;0.00012048043344607702;0.00024094635223167698;0.8789201195279395,-4.128980014883599e-05;-0.03724182439193205;-0.1391465866234548;-0.22268735716811452;-0.281594117315238,-9.717098966456975;-9.679898431865192;-8.884876609635706;-8.108248896933455;0.1525328553562636,0.1525328553562636,0.8789201195279395,0.36530855608506174,0.0005783213268243486
5a,2,8,wave1_5a_w2_s8_c574,c57467ea,1374,1740,後半,hold,hold_b,R_cb63a1ebfc31098d_t802,R_cb63a1ebfc31098d_t802,True,e,47,3,False,16,True,False,9,U,,,,U,0.8789709958578223,299610700641134/340865286855947,-0.9765683890220125,0.8475650104318677,R_7b6b1008b48c1115_t60;R_7b6b1008b48c1115_t109;R_0e5d236bf5b42b15_t395,4;7;6,U;U;U,;;,;;,;;,U;U;U,6.024203121954676e-05;0.00012048043344607702;0.8789201195279395,0.024360208662039348;-0.24693092391322374;-0.3783268539616022,-9.741500464919163;-8.777092272345936;0.24926559200262782,0.24926559200262782,0.8789201195279395,0.5982994184292398,5.087632988286344e-05
5a,2,8,wave1_5a_w2_s8_c574,c57467ea,1453,1740,後半,hold,hold_b,R_cb63a1ebfc31098d_t802,R_cb63a1ebfc31098d_t802,True,e,43,3,False,16,True,False,9,U,,,,U,0.8789709958578223,299610700641134/340865286855947,-1.0612630476708338,0.932259669080689,R_7b6b1008b48c1115_t60;R_7b6b1008b48c1115_t109;R_0e5d236bf5b42b15_t395,4;7;6,U;U;U,;;,;;,;;,U;U;U,6.024203121954676e-05;0.00012048043344607702;0.8789201195279395,0.023173055413263338;-0.29216125273956106;-0.38392441836954205,-9.740313311670388;-8.731861943519599;0.25486315641056767,0.25486315641056767,0.8789201195279395,0.6773965126701214,5.087632988286344e-05
5a,2,8,wave1_5a_w2_s8_c574,c57467ea,1488,1740,後半,hold,hold_b,R_cb63a1ebfc31098d_t802,R_cb63a1ebfc31098d_t802,True,e,42,3,False,16,True,False,9,U,,,,U,0.8789576997068931,8688710318592886/9885242852403841,-1.0480872820888139,0.9190687764335463,R_7b6b1008b48c1115_t60;R_7b6b1008b48c1115_t109;R_0e5d236bf5b42b15_t395,4;7;6,U;U;U,;;,;;,;;,U;U;U,6.02402167230385e-05;0.00012047680467166524;0.8789068235432308,0.022698699346389004;-0.2734393792778729;-0.3841493498956001,-9.739869076165494;-8.750613936636048;0.2550729601849875,0.2550729601849875,0.8789068235432308,0.6639958162485589,5.0876163662244996e-05
5a,2,8,wave1_5a_w2_s8_c574,c57467ea,1649,1740,後半,hold,hold_b,R_cb63a1ebfc31098d_t1491,R_cb63a1ebfc31098d_t1491,True,e,38,3,False,16,True,False,8,U,,,,U,0.8838658176685983,4387587956500595/4964088291222619,-1.3801346456114345,1.2566846277780288,R_7b6b1008b48c1115_t60;R_7b6b1008b48c1115_t109;R_0e5d236bf5b42b15_t395,4;7;6,U;U;U,;;,;;,;;,U;U;U,6.024384582536725e-05;0.00012048406243909351;0.8789334159149338,0.039222079924992895;-0.2648186125222093;-0.37591084233258665,-9.756332214712861;-8.75917446317497;0.24686470835410265,0.24686470835410265,0.8789334159149338,1.0098199194239261,0.004932401753664457
5a,2,10,wave1_5a_w2_s10_c574,c57467ea,597,1740,前半,hold_b,hold,R_7b6b1008b48c1115_t233,R_7b6b1008b48c1115_t233,True,e,16,1,False,9,True,False,14,U,,,,U,0.8789709958578223,299610700641134/340865286855947,-0.17577919388768304,0.04677581529753824,R_8b0d2a6b7293001d,14,U,,,,U,0.8789540375942794,-0.1483601287043346,0.019337456613931492,0.019337456613931492,0.8789540375942794,0.02743835868360675,1.6958263542912424e-05
5a,2,10,wave1_5a_w2_s10_c574,c57467ea,712,1740,前半,hold,hold_b,R_cb63a1ebfc31098d_t15,R_cb63a1ebfc31098d_t15,True,e,15,5,False,10,True,False,4,U,,,,U,0.8789237827775344,8688112184267375/9884943785241086,-0.2898331879839442,0.16077609391449638,R_0e5d236bf5b42b15;R_8307fbbf05ba494f;R_3ad0209336a6e37e;R_22604ec5e16d756f;R_0e5d236bf5b42b15_t551,16;7;5;10;11,U;U;U;U;F,;;;;sig_e,;;;;,;;;;,U;U;U;U;F,0.00012047680467166524;0.00012047680467166524;0.00018070976417375773;0.860482554963203;0.879221981928445,-0.012135617737346241;-0.05140766172410431;-0.1959733370827304;-0.14162161510000804;-0.272212046498372,-9.011917698176575;-8.972645654189817;-8.42264498947062;-0.008640321575836718;0.14349417248650573,0.14349417248650573,0.879221981928445,0.01728192142799065,-0.00029819915091056683
5a,2,10,wave1_5a_w2_s10_c574,c57467ea,770,1740,前半,hold,hold_b,R_cb63a1ebfc31098d_t15,R_cb63a1ebfc31098d_t15,True,e,14,5,False,10,True,False,4,U,,,,U,0.8789503752600657,1737622436853475/1976928943615666,-0.37031996960836655,0.24129313081334983,R_0e5d236bf5b42b15;R_8307fbbf05ba494f;R_3ad0209336a6e37e;R_22604ec5e16d756f;R_0e5d236bf5b42b15_t551,16;7;5;10;11,U;U;U;U;U,;;;;,;;;;,;;;;,U;U;U;U;U,0.00012048406243909353;0.00012048406243909353;0.00018072065016911556;0.8605086727907372;0.8789334159149339,-0.015134983360183056;-0.09677741825234129;-0.25699071206649543;-0.14197259968556925;-0.20802605796909257,-9.008858092336997;-8.927215657444838;-8.361567376084501;-0.008258984915128387;0.07897992399060871,0.07897992399060871,0.8789334159149339,0.1623132068227411,1.695934513183302e-05
5a,2,10,wave1_5a_w2_s10_c574,c57467ea,779,1740,前半,hold,hold_b,R_cb63a1ebfc31098d_t15,R_cb63a1ebfc31098d_t15,True,e,14,5,False,10,True,False,4,U,,,,U,0.8789370788176594,8688112184267375/9884794251659708,-0.37036782250414113,0.24132585595748623,R_0e5d236bf5b42b15;R_8307fbbf05ba494f;R_3ad0209336a6e37e;R_22604ec5e16d756f;R_0e5d236bf5b42b15_t551,16;7;5;10;11,U;U;U;U;U,;;;;,;;;;,;;;;,U;U;U;U;U,0.00012048043344607702;0.00012048043344607702;0.0001807152070074979;0.8604956136787876;0.8789201195279395,-0.015139672889814455;-0.09678896237132684;-0.2570298016800975;-0.1419992574052286;-0.20822221589468148,-9.008883523369345;-8.927234233887832;-8.361558406125658;-0.008247503348198598;0.0791609539357071,0.0791609539357071,0.8789201195279395,0.16216490202177913,1.6959289719931187e-05
5a,2,10,wave1_5a_w2_s10_c574,c57467ea,886,1740,後半,hold,hold_b,R_cb63a1ebfc31098d_t15,R_cb63a1ebfc31098d_t15,True,e,14,5,False,10,True,False,4,U,,,,U,0.8789370788176594,8688112184267375/9884794251659708,-0.6546921715595783,0.5256502050129234,R_0e5d236bf5b42b15;R_8307fbbf05ba494f;R_3ad0209336a6e37e;R_22604ec5e16d756f;R_0e5d236bf5b42b15_t551,16;7;5;10;11,U;U;U;U;U,;;;;,;;;;,;;;;,U;U;U;U;U,0.00012048043344607702;0.00012048043344607702;0.0001807152070074979;0.8604956136787876;0.8789201195279395,-0.020810873950913845;-0.18202672909048584;-0.5046964224668619;-0.1935034867476008;-0.2956464342006063,-9.003212322308245;-8.841996467168673;-8.113891785338893;0.0432567259941736;0.16658517224163194,0.16658517224163194,0.8789201195279395,0.3590650327712914,1.6959289719931187e-05
5a,2,10,wave1_5a_w2_s10_c574,c57467ea,891,1740,後半,hold,hold_b,R_cb63a1ebfc31098d_t15,R_cb63a1ebfc31098d_t15,True,e,14,5,False,10,True,False,4,U,,,,U,0.8789237827775344,8688112184267375/9884943785241086,-0.654830766181831,0.5257736721123831,R_0e5d236bf5b42b15;R_8307fbbf05ba494f;R_3ad0209336a6e37e;R_22604ec5e16d756f;R_0e5d236bf5b42b15_t551,16;7;5;10;11,U;U;U;U;U,;;;;,;;;;,;;;;,U;U;U;U;U,0.00012047680467166524;0.00012047680467166524;0.00018070976417375773;0.860482554963203;0.8789068235432308,-0.02082100230436908;-0.1820852223904692;-0.5048055526154859;-0.19351405208958566;-0.29567071109753895,-9.003232313609551;-8.841968093523452;-8.113812773937864;0.04325211541374091;0.1665943213869263,0.1665943213869263,0.8789068235432308,0.3591793507254568,1.695923430362029e-05
5a,2,10,wave1_5a_w2_s10_c574,c57467ea,907,1740,後半,hold,hold_b,R_cb63a1ebfc31098d_t15,R_cb63a1ebfc31098d_t15,True,e,14,5,False,10,True,False,4,U,,,,U,0.8789237827775344,8688112184267375/9884943785241086,-0.7263822813242246,0.5973251872547767,R_0e5d236bf5b42b15;R_8307fbbf05ba494f;R_3ad0209336a6e37e;R_22604ec5e16d756f;R_0e5d236bf5b42b15_t551,16;7;5;10;11,U;U;U;U;U,;;;;,;;;;,;;;;,U;U;U;U;U,0.00012047680467166524;0.00012047680467166524;0.00018070976417375773;0.860482554963203;0.8789068235432308,-0.02345763913014606;-0.22229056542430692;-0.5594412045378924;-0.19394461994353906;-0.3129183401499132,-9.000595676783774;-8.801762750489614;-8.059177122015457;0.04368268326769431;0.18384195043930054,0.18384195043930054,0.8789068235432308,0.41348323681547616,1.695923430362029e-05
5a,2,10,wave1_5a_w2_s10_c574,c57467ea,915,1740,後半,hold_b,hold,R_7b6b1008b48c1115_t233,R_7b6b1008b48c1115_t233,True,e,15,1,False,11,True,False,14,U,,,,U,0.878984292411024,4344355159296443/4942471892620543,-0.6673852605552775,0.5383970092590868,R_8b0d2a6b7293001d,14,U,,,,U,0.8789503752600658,-0.27299046314244835,0.14396362434743176,0.14396362434743176,0.8789503752600658,0.3944333849116551,3.391715095832006e-05
5a,2,10,wave1_5a_w2_s10_c574,c57467ea,1357,1740,後半,hold,hold_b,R_cb63a1ebfc31098d_t912,R_cb63a1ebfc31098d_t912,True,e,15,1,False,16,True,False,11,U,,,,U,0.8789842924110242,8688710318592886/9884943785241085,-1.2935850034794985,1.164596752183308,R_0e5d236bf5b42b15_t551,11,U,,,,U,0.8789334159149339,-0.3769316882286507,0.24788555425016684,0.24788555425016684,0.8789334159149339,0.9167111979331413,5.087649609025424e-05
5b,2,12,wave1_5b_w2_s12_c574,c57467ea,451,1740,前半,hold,hold_b,R_cb63a1ebfc31098d_t48,R_cb63a1ebfc31098d_t48,True,e,25,4,False,15,True,False,14,U,,,,U,0.8789842924110242,8688710318592886/9884943785241085,-0.16158339645156589,0.0325951451553754,R_d889d8ee2748b4a6_t100;R_0e5d236bf5b42b15_t136;R_0e5d236bf5b42b15_t162;R_0e5d236bf5b42b15_t218,14;10;15;6,U;U;U;U,;;;,;;;,;;;,U;U;U;U,0.00030118294028959623;6.0243845825367265e-05;0.00012048406243909353;0.8789334159149338,-0.032884373273589715;0.0145977488971515;-0.0012748736194156465;-0.05608603809115384,-8.07490832951377;-9.731707883685019;-9.022718202077764;-0.07296009588733016,-0.07296009588733016,0.8789334159149338,0.10555524104270556,5.087649609035541e-05
5b,2,12,wave1_5b_w2_s12_c574,c57467ea,470,1740,前半,hold,hold_b,R_cb63a1ebfc31098d_t48,R_cb63a1ebfc31098d_t48,True,e,24,4,False,15,True,False,14,U,,,,U,0.8789842924110242,8688710318592886/9884943785241085,-0.16380753312765764,0.03481928183146715,R_d889d8ee2748b4a6_t100;R_0e5d236bf5b42b15_t136;R_0e5d236bf5b42b15_t162;R_0e5d236bf5b42b15_t218,14;10;15;6,U;U;U;U,;;;,;;;,;;;,U;U;U;U,0.00030118294028959623;6.0243845825367265e-05;0.00012048406243909353;0.8789334159149338,-0.025836172469796477;0.01374788541203905;-0.0022869405413942535;-0.0575073329484969,-8.081956530317562;-9.730858020199907;-9.021706135155785;-0.0715388010299871,-0.0715388010299871,0.8789334159149338,0.10635808286145425,5.087649609035541e-05
5b,2,12,wave1_5b_w2_s12_c574,c57467ea,520,1740,前半,hold_b,hold,R_7b6b1008b48c1115_t16,R_7b6b1008b48c1115_t16,True,e,24,4,False,15,True,False,0,U,,,,U,0.8789576997068931,8688710318592886/9885242852403841,-0.4335654444523702,0.30454693879710265,R_0aa7a1980d3349e7;R_5ccd1331eec89856;R_8b0d2a6b7293001d;R_8b0d2a6b7293001d_t283,8;0;7;15,U;U;U;U,;;;,;;;,;;;,U;U;U;U,0.0002409390955571539;6.02402167230385e-05;0.0002409390955571539;0.8789576997068931,-0.1121913958542347;0.03854740750835157;-0.15873661074242607;-0.4288394068903274,-8.218774976087817;-9.755717784327457;-8.172229761199624;0.29982090123505983,0.29982090123505983,0.8789576997068931,0.0047260375620428174,0.0
5b,2,12,wave1_5b_w2_s12_c574,c57467ea,594,1740,前半,hold,hold_b,R_cb63a1ebfc31098d_t48,R_cb63a1ebfc31098d_t48,True,e,23,2,False,15,True,False,14,U,,,,U,0.8789709958578223,299610700641134/340865286855947,-0.55282756175032,0.4238241831601752,R_d889d8ee2748b4a6_t100;R_0e5d236bf5b42b15_t218,14;6,U;U,;,;,;,U;U,0.00024094635223167698;0.8789201195279394,-0.12292200969089015;-0.06755921713123479,-8.208014244410679;-0.06150204482773973,-0.06150204482773973,0.8789201195279394,0.48532622798791497,5.087632988296461e-05
5b,2,12,wave1_5b_w2_s12_c574,c57467ea,701,1740,前半,hold,carry,R_cb63a1ebfc31098d_t48,R_cb63a1ebfc31098d_t48,True,e,23,2,False,15,True,False,14,U,,,,U,0.8789842924110242,8688710318592886/9884943785241085,-0.5023828681017201,0.37339461680552954,R_d889d8ee2748b4a6_t100;R_0e5d236bf5b42b15_t218,14;6,U;U,;,;,;,U;U,0.00024094635223167698;0.8789201195279394,-0.08951008136436292;-0.05106656347253767,-8.241426172737206;-0.07799469848643685,-0.07799469848643685,0.8789201195279394,0.4513893152919664,6.417288308484018e-05
5b,2,12,wave1_5b_w2_s12_c574,c57467ea,776,1740,前半,hold,carry,R_cb63a1ebfc31098d_t48,R_cb63a1ebfc31098d_t48,True,e,22,2,False,15,True,False,14,U,,,,U,0.8789842924110242,8688710318592886/9884943785241085,-0.6416763023816625,0.512688051085472,R_d889d8ee2748b4a6_t100;R_0e5d236bf5b42b15_t218,14;6,U;U,;,;,;,U;U,6.024203121954676e-05;0.8789201195279394,-0.07280583311301161;-0.05114336075400484,-9.644334423144112;-0.07791790120496969,-0.07791790120496969,0.8789201195279394,0.5906059522904417,6.417288308484018e-05
5b,2,12,wave1_5b_w2_s12_c574,c57467ea,790,1740,前半,hold,carry,R_cb63a1ebfc31098d_t48,R_cb63a1ebfc31098d_t48,True,e,22,2,False,15,True,False,14,U,,,,U,0.8789842924110242,8688710318592886/9884943785241085,-0.5579167955572815,0.42892854426109095,R_d889d8ee2748b4a6_t100;R_0e5d236bf5b42b15_t218,14;6,U;U,;,;,;,U;U,6.024203121954676e-05;0.8789201195279394,-0.05064809225655298;-0.051064929847099524,-9.666492164000571;-0.077996332111875,-0.077996332111875,0.8789201195279394,0.5069248763729659,6.417288308484018e-05
5b,2,12,wave1_5b_w2_s12_c574,c57467ea,824,1740,前半,hold,carry,R_cb63a1ebfc31098d_t48,R_cb63a1ebfc31098d_t48,True,e,22,2,False,15,True,False,14,U,,,,U,0.8789842924110242,8688710318592886/9884943785241085,-0.5688014054027066,0.4398131541065161,R_d889d8ee2748b4a6_t100;R_0e5d236bf5b42b15_t218,14;6,U;U,;,;,;,U;U,6.024203121954676e-05;0.8789201195279394,-0.06138329721792676;-0.06548200359683196,-9.655756959039199;-0.06357925836214257,-0.06357925836214257,0.8789201195279394,0.5033924124686586,6.417288308484018e-05
5b,2,12,wave1_5b_w2_s12_c574,c57467ea,851,1740,前半,hold,carry,R_cb63a1ebfc31098d_t48,R_cb63a1ebfc31098d_t48,True,e,22,2,False,15,True,False,14,U,,,,U,0.8789709958578223,299610700641134/340865286855947,-0.4873459731381242,0.35834259454797945,R_d889d8ee2748b4a6_t100;R_0e5d236bf5b42b15_t218,14;6,U;U,;,;,;,U;U,6.02402167230385e-05;0.8789068235432307,-0.04013143403771856;-0.06539602353111178,-9.677038942781387;-0.06368036617950103,-0.06368036617950103,0.8789068235432307,0.42202296072748047,6.417231459161195e-05
5b,2,12,wave1_5b_w2_s12_c574,c57467ea,853,1740,前半,hold,carry,R_cb63a1ebfc31098d_t48,R_cb63a1ebfc31098d_t48,True,e,22,2,False,15,True,False,14,U,,,,U,0.8789709958578223,299610700641134/340865286855947,-0.48734524678477265,0.3583418681946279,R_d889d8ee2748b4a6_t100;R_0e5d236bf5b42b15_t218,14;6,U;U,;,;,;,U;U,6.02402167230385e-05;0.8789068235432307,-0.040131884589372335;-0.06539142156899316,-9.677038492229732;-0.06368496814161964,-0.06368496814161964,0.8789068235432307,0.4220268363362475,6.417231459161195e-05
5b,2,12,wave1_5b_w2_s12_c574,c57467ea,875,1740,後半,hold,carry,R_cb63a1ebfc31098d_t48,R_cb63a1ebfc31098d_t48,True,e,22,2,False,15,True,False,14,U,,,,U,0.878997589366517,8688710318592886/9884794251659707,-0.5036415443454924,0.37466842057209476,R_d889d8ee2748b4a6_t100;R_0e5d236bf5b42b15_t218,14;6,U;U,;,;,;,U;U,6.0243845825367265e-05;0.8789334159149338,-0.05237619974091813;-0.07955563190232906,-9.66473393504695;-0.049490502076154935,-0.049490502076154935,0.8789334159149338,0.4241589226482497,6.417345158309706e-05
5b,2,12,wave1_5b_w2_s12_c574,c57467ea,880,1740,後半,hold_b,hold,R_7b6b1008b48c1115_t522,R_7b6b1008b48c1115_t522,True,e,22,1,False,15,True,False,9,U,,,,U,0.8789576997068931,8688710318592886/9885242852403841,-0.5070956118246301,0.3780771061693626,R_8b0d2a6b7293001d_t283,15,U,,,,U,0.8789237827775345,-0.2889744282967518,0.15991733422730411,0.15991733422730411,0.8789237827775345,0.21815977194205846,3.391692935852354e-05
5b,2,12,wave1_5b_w2_s12_c574,c57467ea,1080,1740,後半,hold_b,hold,R_7b6b1008b48c1115_t882,R_7b6b1008b48c1115_t882,True,e,22,1,False,15,True,False,1,U,,,,U,0.8789407414987476,8688411251430131/9885093318822463,-0.5837970954670122,0.45475929608265475,R_8b0d2a6b7293001d_t283,15,U,,,,U,0.8789237827775345,-0.43358504237121276,0.3045279483017651,0.3045279483017651,0.8789237827775345,0.15023134778088965,1.6958721213046108e-05
5b,2,12,wave1_5b_w2_s12_c574,c57467ea,1471,1740,後半,hold_b,hold,R_7b6b1008b48c1115_t1098,R_7b6b1008b48c1115_t1098,True,e,24,1,False,15,True,False,3,U,,,,U,0.8789407414987476,8688411251430131/9885093318822463,-0.9530940210246927,0.8240562216403352,R_8b0d2a6b7293001d_t283,15,U,,,,U,0.8789237827775345,-0.47281344340947834,0.34375634934003063,0.34375634934003063,0.8789237827775345,0.4802998723003046,1.6958721213046108e-05
5b,2,12,wave1_5b_w2_s12_c574,c57467ea,1523,1740,後半,hold_b,hold,R_7b6b1008b48c1115_t1098,R_7b6b1008b48c1115_t1098,True,e,24,1,False,15,True,False,3,U,,,,U,0.8789407414987476,8688411251430131/9885093318822463,-0.983839420252139,0.8548016208677816,R_8b0d2a6b7293001d_t283,15,U,,,,U,0.8789237827775345,-0.4555202438774221,0.3264631498079744,0.3264631498079744,0.8789237827775345,0.5283384710598071,1.6958721213046108e-05
5b,2,12,wave1_5b_w2_s12_c574,c57467ea,1527,1740,後半,hold_b,hold,R_7b6b1008b48c1115_t1098,R_7b6b1008b48c1115_t1098,True,e,24,1,False,15,True,False,3,U,,,,U,0.8789673340920883,8688411251430131/9884794251659707,-0.9837076252044549,0.8547000806368447,R_8b0d2a6b7293001d_t283,15,U,,,,U,0.8789503752600658,-0.45540663233702816,0.3263797935420116,0.3263797935420116,0.8789503752600658,0.5283202870948331,1.695883202238201e-05
5b,2,12,wave1_5b_w2_s12_c574,c57467ea,1603,1740,後半,hold_b,push,R_7b6b1008b48c1115_t1098,R_7b6b1008b48c1115_t1098,True,e,24,1,False,15,True,False,3,U,,,,U,0.8789540375942793,8688411251430131/9884943785241086,-1.1185303597467857,0.9895076876563825,R_8b0d2a6b7293001d_t283,15,U,,,,U,0.8789237827775345,-0.4901589971393958,0.36110190306994816,0.36110190306994816,0.8789237827775345,0.6284057845864344,3.025481674478799e-05
5b,2,12,wave1_5b_w2_s12_c574,c57467ea,1623,1740,後半,hold,push,R_cb63a1ebfc31098d_t48,R_cb63a1ebfc31098d_t48,True,e,23,2,False,15,True,False,14,U,,,,U,0.8789842924110242,8688710318592886/9884943785241085,-1.2569597425698391,1.1279714912736487,R_0e5d236bf5b42b15_t218;R_7515a685c55fba68,6;4,U;U,;,;,;,U;U,0.8789031597250957;0.00012048043344607702,-0.1311845429340372;-0.041345656529148365,0.0021039846066002177;-8.98267753973001,0.0021039846066002177,0.8789031597250957,1.1258675066670485,8.113268592845074e-05
5b,2,12,wave1_5b_w2_s12_c574,c57467ea,1706,1740,後半,hold_b,push,R_7b6b1008b48c1115_t1098,R_7b6b1008b48c1115_t1098,True,e,23,1,False,15,True,False,3,U,,,,U,0.8789540375942793,8688411251430131/9884943785241086,-1.0864679549345313,0.9574452828441281,R_8b0d2a6b7293001d_t283,15,U,,,,U,0.8789237827775345,-0.37465363155232734,0.24559653748287966,0.24559653748287966,0.8789237827775345,0.7118487453612484,3.025481674478799e-05
5b,2,13,wave1_5b_w2_s13_c574,c57467ea,19,1740,前半,hold,hold_b,R_cb63a1ebfc31098d_t16,R_cb63a1ebfc31098d_t16,True,e,10,1,False,3,True,False,11,F,sig_n,,,F,0.03063299602331687,2476135370123641/80832294961905949,-0.022853509967140386,-3.4628240395904606,R_cdc312882b1e18e7,4,U,,,,U,0.001660215190792,-0.02285296712173249,-6.377955084886356,-6.377955084886356,0.001660215190792,2.915131045295895,0.02897278083252487
5b,2,13,wave1_5b_w2_s13_c574,c57467ea,37,1740,前半,hold,hold_b,R_cb63a1ebfc31098d_t28,R_cb63a1ebfc31098d_t28,True,e,15,1,False,3,True,False,2,F,sig_n,,,F,0.03063299602331687,2476135370123641/80832294961905949,-0.023072766655169462,-3.4626047829024316,R_cdc312882b1e18e7,4,U,,,,U,0.001660215190792,-0.02307226437188649,-6.377735787636202,-6.377735787636202,0.001660215190792,2.9151310047337704,0.02897278083252487
5b,2,13,wave1_5b_w2_s13_c574,c57467ea,45,1740,前半,hold,hold_b,R_cb63a1ebfc31098d_t40,R_cb63a1ebfc31098d_t40,True,e,18,1,False,3,True,False,14,F,sig_n,,,F,0.030634809529281885,2476135370123641/80827509887301869,-0.023071106354895368,-3.4625472438907936,R_cdc312882b1e18e7,4,U,,,,U,0.001660315105858363,-0.02307060669265925,-6.3776772651288525,-6.3776772651288525,0.001660315105858363,2.915130021238059,0.028974494423423522
5b,2,13,wave1_5b_w2_s13_c574,c57467ea,87,1740,前半,hold_b,hold,R_2327f056ad0db4ad,R_2327f056ad0db4ad,True,e,27,3,False,10,True,False,4,F,sig_n,,,F,0.1921667480661068,8583157202326390/44665152991888683,-0.09653404602322828,-1.5528577583302747,R_a3e2181b14bbde85;R_8b0d2a6b7293001d;R_78a9d503e9d6b05d,7;0;12,U;F;F,;sig_e;sig_e,;;,;;,U;F;F,0.0016601652377682278;0.030664335907846806;0.026089976388135077,-0.09571090627975665;-0.13369218742307054;-0.07182416518681158,-6.305127234463554;-3.350962809071506;-3.5743799196630013,-3.350962809071506,0.030664335907846806,1.798105050741231,0.16150241215826003
5b,2,13,wave1_5b_w2_s13_c574,c57467ea,193,1740,前半,hold_b,hold,R_7515a685c55fba68,R_7515a685c55fba68,True,e,44,2,False,16,True,False,6,F,sig_n,,,F,0.1921667480661068,8583157202326390/44665152991888683,-0.1395419827387489,-1.509849821614754,R_8b0d2a6b7293001d;R_78a9d503e9d6b05d,0;12,H;F,;sig_e,sig_e:6;,6;,H;F,0.000453484211309471;0.017593989452036267,-0.17450056640289477;-0.17892095519368015,-7.524049537806362;-3.8612769884786564,-3.8612769884786564,0.017593989452036267,2.3514271668639024,0.17457275861407057
5b,2,13,wave1_5b_w2_s13_c574,c57467ea,494,1740,前半,hold,hold_b,R_cb63a1ebfc31098d_t188,R_cb63a1ebfc31098d_t188,True,e,45,12,False,13,True,False,11,U,,,,U,0.878984292411024,4344355159296443/4942471892620543,-0.1336443071844214,0.004656055888230787,R_cdc312882b1e18e7;R_7b6b1008b48c1115;R_5a211b92885d1ebf;R_7b6b1008b48c1115_t65;R_7b6b1008b48c1115_t67;R_14b19811f0dd5b58;R_7515a685c55fba68;R_0e5d236bf5b42b15;R_5a211b92885d1ebf_t108;R_7b6b1008b48c1115_t113;R_0e5d236bf5b42b15_t148;R_b6c15eaf75ec247c,4;11;15;13;9;1;6;14;6;13;11;12,U;U;U;U;U;U;U;U;U;U;U;F,;;;;;;;;;;;sig_e,;;;;;;;;;;;,;;;;;;;;;;;,U;U;U;U;U;U;U;U;U;U;U;F,0.0001807206501691155;6.024384582536725e-05;0.00018071520700749786;6.024384582536725e-05;6.024384582536725e-05;6.024384582536725e-05;6.024384582536725e-05;0.00024095360934333048;0.011975782306890509;0.0001807206501691155;0.00024095360934333048;0.8138945013642551,-0.030902414449592658;-0.027782364950646368;-0.046741766896979384;0.019604112279334247;0.019604112279334247;0.028157777401720156;0.01910479429306489;-0.0753998277876175;-0.004722165096273509;-0.05025004289555199;-0.09284582617373549;-0.17397575389059533,-8.587655673701404;-9.689327769837222;-8.571846440908777;-9.736714247067201;-9.736714247067201;-9.745267912189588;-9.736214929080933;-8.255506307566359;-4.4201466443811;-8.568308045255444;-8.23806030918024;-0.031948772692099364,-0.031948772692099364,0.8138945013642551,0.03660482858033015,0.06508979104676896
5b,2,13,wave1_5b_w2_s13_c574,c57467ea,499,1740,前半,hold,hold_b,R_cb63a1ebfc31098d_t188,R_cb63a1ebfc31098d_t188,True,e,45,12,False,13,True,False,11,U,,,,U,0.8789709958578223,299610700641134/340865286855947,-0.13369752831329765,0.004694149723152852,R_cdc312882b1e18e7;R_7b6b1008b48c1115;R_5a211b92885d1ebf;R_7b6b1008b48c1115_t65;R_7b6b1008b48c1115_t67;R_14b19811f0dd5b58;R_7515a685c55fba68;R_0e5d236bf5b42b15;R_5a211b92885d1ebf_t108;R_7b6b1008b48c1115_t113;R_0e5d236bf5b42b15_t148;R_b6c15eaf75ec247c,4;11;15;13;9;1;6;14;6;13;11;12,U;U;U;U;U;U;U;U;U;U;U;F,;;;;;;;;;;;sig_e,;;;;;;;;;;;,;;;;;;;;;;;,U;U;U;U;U;U;U;U;U;U;U;F,0.0001807152070074979;6.024203121954676e-05;0.00018070976417375773;6.024203121954676e-05;6.024203121954676e-05;6.024203121954676e-05;6.024203121954676e-05;0.00024094635223167698;0.011975459811719158;0.0001807152070074979;0.00024094635223167698;0.8138814745771489,-0.03088971080791953;-0.027813061107354774;-0.0467269668184183;0.019546617222007803;0.019546617222007803;0.02808899235777744;0.01904722973509985;-0.07543951037940692;-0.004733867251359798;-0.05028122854486991;-0.09288798052001783;-0.17294067547994063,-8.587698496997836;-9.68932719514977;-8.57189135973493;-9.736686873479133;-9.736686873479133;-9.745229248614901;-9.736187485992224;-8.255496743722162;-4.420161871532626;-8.568306979260885;-8.238048273581551;-0.03299985672920275,-0.03299985672920275,0.8138814745771489,0.0376940064523556,0.06508952128067345
5b,2,13,wave1_5b_w2_s13_c574,c57467ea,632,1740,前半,hold_b,hold,R_7b6b1008b48c1115_t179,R_7b6b1008b48c1115_t179,True,e,45,6,False,16,True,False,10,U,,,,U,0.8789709958578223,299610700641134/340865286855947,-0.05497657491673445,-0.07402680367341034,R_a3e2181b14bbde85;R_1865396d22048d20;R_cb63a1ebfc31098d_t182;R_1865396d22048d20_t187;R_8b0d2a6b7293001d_t326;R_8b0d2a6b7293001d_t359,7;6;11;15;16;1,U;U;U;U;U;U,;;;;;,;;;;;,;;;;;,U;U;U;U;U;U,0.0001807152070074979;6.024203121954676e-05;6.024203121954676e-05;6.024203121954676e-05;0.00012048043344607702;0.8789370788176595,-0.020103134380731465;0.02828378479347059;0.024502877254265875;0.028404724197040526;0.018769280538879825;0.0091030763115111,-8.598485073425024;-9.745424041050596;-9.74164313351139;-9.745544980454165;-9.04279247679804;-0.1381450428581659,-0.1381450428581659,0.8789370788176595,0.06411823918475555,3.391704016283109e-05
5b,2,13,wave1_5b_w2_s13_c574,c57467ea,757,1740,前半,hold_b,hold,R_5a211b92885d1ebf_t108,R_5a211b92885d1ebf_t108,True,e,43,5,False,15,True,False,6,U,,,,U,0.17096548012068297,15064822228531020/88116163671735949,0.08601405148386648,-1.8523076649812447,R_1865396d22048d20;R_cb63a1ebfc31098d_t182;R_1865396d22048d20_t187;R_8b0d2a6b7293001d_t326;R_8b0d2a6b7293001d_t359,6;11;15;16;1,U;U;U;U;U,;;;;,;;;;,;;;;,U;U;U;U;U,6.02402167230385e-05;6.02402167230385e-05;6.02402167230385e-05;0.00012047680467166524;0.00030116479914965225,0.07755843150132077;0.043821856418608605;0.0796258051259191;0.02838978702170762;-0.029143344585420568,-9.794728808320427;-9.760992233237713;-9.796796181945025;-9.052443102935628;-8.078709592975846,-8.078709592975846,0.00030116479914965225,6.226401927994601,0.17066431532153334
5b,2,13,wave1_5b_w2_s13_c574,c57467ea,811,1740,前半,hold_b,hold,R_7b6b1008b48c1115_t644,R_7b6b1008b48c1115_t644,True,e,41,3,False,15,True,False,15,F,sig_n,,,F,0.015519863378626798,2476135370123641/159546209249087488,-0.5700360532347283,-3.5955985139546134,R_1865396d22048d20;R_8b0d2a6b7293001d_t326;R_8b0d2a6b7293001d_t359,6;16;1,U;U;U,;;,;;,;;,U;U;U,6.024203121954676e-05;0.00012048043344607702;0.00030117386944644237,0.05666802445411419;-0.016184346461385526;-0.12287893816379153,-9.773808280711238;-9.007838849797775;-7.984943882464051,-7.984943882464051,0.00030117386944644237,4.389345368509437,0.015218689509180355
5b,2,14,wave1_5b_w2_s14_c574,c57467ea,306,1740,前半,hold,hold_b,R_cb63a1ebfc31098d,R_cb63a1ebfc31098d,True,e,20,1,False,15,True,False,5,U,,,,U,0.8789576997068931,8688710318592886/9885242852403841,-0.13480409039856647,0.005785584743298905,R_0e5d236bf5b42b15,8,U,,,,U,0.8788729035352577,-0.08332937533155257,-0.04578560852991387,-0.04578560852991387,0.8788729035352577,0.05157119327321277,8.479617163531579e-05
5b,2,14,wave1_5b_w2_s14_c574,c57467ea,399,1740,前半,hold_b,hold,R_7b6b1008b48c1115_t52,R_7b6b1008b48c1115_t52,True,e,21,5,False,15,True,False,4,U,,,,U,0.8789842924110242,8688710318592886/9884943785241085,-0.6543633025871436,0.5253750512909531,R_2f1a2f2059f4659c;R_f10dc019491698d2;R_572f65c1e0a7565d;R_76143f573e09af68;R_8b0d2a6b7293001d,0;5;13;6;4,U;U;U;U;U,;;;;,;;;;,;;;;,U;U;U;U;U,0.00018072065016911556;0.00018072065016911556;0.00018071520700749792;0.00012048406243909353;0.8789503752600658,-0.12984448777359964;-0.12984448777359964;-0.12984448777359964;-0.06386614139946824;-0.5293802798637406,-8.488713600377396;-8.488713600377396;-8.488743720032156;-8.96012693429771;0.400353441068724,0.400353441068724,0.8789503752600658,0.12502161022222907,3.391715095832006e-05
5b,2,14,wave1_5b_w2_s14_c574,c57467ea,612,1740,前半,hold,hold_b,R_cb63a1ebfc31098d_t310,R_cb63a1ebfc31098d_t310,True,e,54,6,False,16,True,False,8,U,,,,U,0.8789709958578223,299610700641134/340865286855947,-0.5762093530948971,0.4472059745047523,R_7b6b1008b48c1115_t410;R_7b6b1008b48c1115_t414;R_7b6b1008b48c1115_t424;R_3ad0209336a6e37e;R_0e5d236bf5b42b15_t444;R_0e5d236bf5b42b15_t459,15;12;5;1;3;13,U;U;U;F;F;F,;;;sig_e;sig_e;sig_e,;;;;;,;;;;;,U;U;U;F;F;F,6.024203121954676e-05;6.024203121954676e-05;6.024203121954676e-05;0.017594514754593574;0.03066524356163954;0.03066524356163954,0.002316327326070469;0.002316327326070469;0.002316327326070469;-0.8760258904324751;-1.1747191336024534;-1.1747191336024534,-9.719456583583195;-9.719456583583195;-9.719456583583195;-3.1641421967529673;-2.309906263674237;-2.309906263674237,-2.309906263674237,0.03066524356163954,2.757112238178989,0.8483057522961828
5b,2,14,wave1_5b_w2_s14_c574,c57467ea,619,1740,前半,hold_b,hold,R_7b6b1008b48c1115_t571,R_7b6b1008b48c1115_t571,True,e,54,2,False,16,True,False,7,F,sig_n,,,F,0.030632089350848324,2476135370123641/80834687499207981,-0.9721913215312145,-2.5135158263681854,R_f10dc019491698d2;R_76143f573e09af68,5;6,U;U,;,;,;,U;U,0.00018070432166786545;6.023840233583263e-05,-0.10063195042611528;0.04575020765179862,-8.518016493967718;-9.762950704125664,-8.518016493967718,0.00018070432166786545,6.004500667599532,0.03045138502918046
5b,2,14,wave1_5b_w2_s14_c574,c57467ea,846,1740,前半,hold_b,lift,R_7b6b1008b48c1115_t52,R_7b6b1008b48c1115_t52,True,e,52,1,False,16,True,False,4,U,,,,U,0.0004216434172250193,5716569127008950/13557828471820246363,-0.49035847913392216,-7.280992104872706,R_8b0d2a6b7293001d_t643,14,U,,,,U,0.0003011829402895962,-0.3177948895825813,-7.789997813204778,-7.789997813204778,0.0003011829402895962,0.5090057083320714,0.00012046047693542312
5b,2,14,wave1_5b_w2_s14_c574,c57467ea,962,1740,後半,hold,hold_b,R_cb63a1ebfc31098d_t310,R_cb63a1ebfc31098d_t310,True,e,52,22,False,16,True,False,8,U,,,,U,0.878984292411024,4344355159296443/4942471892620543,-0.6508474861090918,0.5218592348129012,R_7b6b1008b48c1115_t406;R_7b6b1008b48c1115_t424;R_7b6b1008b48c1115_t426;R_7b6b1008b48c1115_t429;R_7b6b1008b48c1115_t433;R_0e5d236bf5b42b15_t444;R_7b6b1008b48c1115_t446;R_0e5d236bf5b42b15_t459;R_7b6b1008b48c1115_t460;R_7b6b1008b48c1115_t463;R_7b6b1008b48c1115_t498;R_14b19811f0dd5b58;R_7b6b1008b48c1115_t514;R_7b6b1008b48c1115_t521;R_14b19811f0dd5b58_t532;R_7b6b1008b48c1115_t549;R_7b6b1008b48c1115_t553;R_7b6b1008b48c1115_t559;R_7b6b1008b48c1115_t564;R_7b6b1008b48c1115_t569;R_3ad0209336a6e37e_t621;R_0e5d236bf5b42b15_t715,9;5;8;11;14;3;8;13;0;15;2;13;7;3;4;9;16;8;16;8;12;13,U;U;U;U;U;U;U;U;U;U;U;U;U;U;U;U;U;U;U;U;U;U,;;;;;;;;;;;;;;;;;;;;;,;;;;;;;;;;;;;;;;;;;;;,;;;;;;;;;;;;;;;;;;;;;,U;U;U;U;U;U;U;U;U;U;U;U;U;U;U;U;U;U;U;U;U;U,6.024384582536725e-05;6.024384582536725e-05;6.024384582536725e-05;6.024384582536725e-05;6.024384582536725e-05;6.024384582536725e-05;0.000120480433446077;0.0003011829402895962;6.024384582536725e-05;0.00018071520700749786;6.024384582536725e-05;6.024384582536725e-05;6.024384582536725e-05;6.024384582536725e-05;6.024384582536725e-05;6.024384582536725e-05;0.00012048406243909351;6.024384582536725e-05;6.024384582536725e-05;6.024384582536725e-05;0.8094849288970537;0.8789164560566688,0.012681131065603604;0.012681131065603604;0.012681131065603604;0.012681131065603604;0.012681131065603604;0.012681131065603604;-0.05504217856535874;-0.4202265851434791;0.012681131065603604;-0.1579271393779119;0.012681131065603604;0.08629534466094389;0.012681131065603604;0.012681131065603604;0.08629534466094389;-0.0031120985587148875;-0.09020382974694954;0.012681131065603604;0.012681131065603604;0.012681131065603604;-0.23862106581657982;-0.2547026240074929,-9.729791265853471;-9.729791265853471;-9.729791265853471;-9.729791265853471;-9.729791265853471;-9.729791265853471;-8.968981017693801;-7.68756611764388;-9.729791265853471;-8.460661068427843;-9.729791265853471;-9.803405479448811;-9.729791265853471;-9.729791265853471;-9.803405479448811;-9.713998036229153;-8.93378924595023;-9.729791265853471;-9.729791265853471;-9.729791265853471;0.02726394198642121;0.12563719388940567,0.12563719388940567,0.8789164560566688,0.39622204092349556,6.783635435530709e-05
5b,2,14,wave1_5b_w2_s14_c574,c57467ea,1417,1740,後半,hold,hold_b,R_cb63a1ebfc31098d_t966,R_cb63a1ebfc31098d_t966,True,e,37,3,False,15,True,False,10,U,,,,U,0.8789576997068931,8688710318592886/9885242852403841,-0.8594495854232653,0.7304310797679978,R_3ad0209336a6e37e_t621;R_0e5d236bf5b42b15_t715;R_0e5d236bf5b42b15_t1157,12;13;0,U;U;U,;;,;;,;;,U;U;U,0.00018070976417375773;0.00018070976417375773;0.9369019322795643,-0.3640714256943431;-0.3337167768838982;-0.4234250795787098,-8.254546900859006;-8.284901549669451;0.3582484159697381,0.3582484159697381,0.9369019322795643,0.3721826637982597,-0.057944232572671256
5b,2,16,wave1_5b_w2_s16_c574,c57467ea,321,1740,前半,hold_b,hold,R_7b6b1008b48c1115_t312,R_7b6b1008b48c1115_t312,True,e,39,1,False,16,True,False,14,F,sig_n,,,F,0.03063299602331687,2476135370123641/80832294961905949,-0.22935207093177973,-3.2563254786258216,R_8b0d2a6b7293001d,2,U,,,,U,0.00042160532427295216,-0.08093327361596996,-7.690507658469982,-7.690507658469982,0.00042160532427295216,4.434182179844161,0.030211390699043914
5b,2,16,wave1_5b_w2_s16_c574,c57467ea,705,1740,前半,hold_b,hold,R_7b6b1008b48c1115_t340,R_7b6b1008b48c1115_t340,True,e,38,2,False,15,True,False,5,U,,,,U,0.8789673340920882,8688411251430131/9884794251659708,-0.4607423901666011,0.3317348455989908,R_8b0d2a6b7293001d;R_8b0d2a6b7293001d_t392,2;10,U;U,;,;,;,U;U,0.0001807206501691155;0.8789164560566688,-0.16454475675149288;-0.20804262172496432,-8.454013331399503;0.0789771916068771,0.0789771916068771,0.8789164560566688,0.2527576539921137,5.087803541936904e-05
5b,2,16,wave1_5b_w2_s16_c574,c57467ea,773,1740,前半,hold,hold_b,R_cb63a1ebfc31098d_t50,R_cb63a1ebfc31098d_t50,True,e,40,11,False,16,True,False,7,U,,,,U,0.8789709958578223,299610700641134/340865286855947,-0.43564427685154206,0.3066408982613973,R_22604ec5e16d756f;R_7b6b1008b48c1115_t234;R_7b6b1008b48c1115_t236;R_7b6b1008b48c1115_t243;R_7b6b1008b48c1115_t245;R_7515a685c55fba68;R_7b6b1008b48c1115;R_7b6b1008b48c1115_t270;R_7b6b1008b48c1115_t280;R_7515a685c55fba68_t331;R_0e5d236bf5b42b15_t566,0;15;14;3;2;10;13;15;1;14;9,U;U;U;U;U;U;U;U;U;U;F,;;;;;;;;;;sig_e,;;;;;;;;;;,;;;;;;;;;;,U;U;U;U;U;U;U;U;U;U;F,0.8094527983791099;6.024203121954676e-05;6.024203121954676e-05;6.024203121954676e-05;6.024203121954676e-05;6.024203121954676e-05;6.024203121954676e-05;0.00012047680467166525;6.024203121954676e-05;6.024203121954676e-05;0.9368930746890313,-0.04056719811528065;0.014663502036720885;0.014663502036720885;0.014663502036720885;0.014663502036720885;0.037044101050014835;0.0009583980178458629;-0.03757143504838255;0.014663502036720885;0.037044101050014835;-0.28590876719831937,-0.17082961904885458;-9.731803758293845;-9.731803758293845;-9.731803758293845;-9.731803758293845;-9.754184357307139;-9.71809865427497;-8.986481880865538;-9.731803758293845;-9.754184357307139;0.22072264941693268,0.22072264941693268,0.9368930746890313,0.08591824884446461,-0.05792207883120903
5b,2,16,wave1_5b_w2_s16_c574,c57467ea,937,1740,後半,hold_b,hold,R_7b6b1008b48c1115_t710,R_7b6b1008b48c1115_t710,True,e,35,2,False,16,True,False,11,U,,,,U,0.8789370788176595,2172028046066844/2471198562914927,-0.4615943217738001,0.3325523552271453,R_8b0d2a6b7293001d;R_8b0d2a6b7293001d_t392,2;10,U;U,;,;,;,U;U,0.0001807152070074979;0.8789031597250957,-0.09912005922114245;-0.1181413308163535,-8.519468148584613;-0.010939227511083477,-0.010939227511083477,0.8789031597250957,0.3434915827382288,3.391909256374408e-05
5b,2,16,wave1_5b_w2_s16_c574,c57467ea,1036,1740,後半,hold,hold_b,R_cb63a1ebfc31098d_t783,R_cb63a1ebfc31098d_t783,True,e,33,3,False,16,True,False,16,U,,,,U,0.8833256364140806,8765570579420939/9923373915655113,-0.9401791797455855,0.8161178175441502,R_22604ec5e16d756f;R_7b6b1008b48c1115;R_0e5d236bf5b42b15_t566,0;13;9,U;U;U,;;,;;,;;,U;U;U,0.8094466758021074;6.024384582536725e-05;0.9368983636989684,0.034430897914110345;-0.02740747437928337;-0.2665088089214381,-0.2458352789537056;-9.689702660408585;0.20132833638938788,0.20132833638938788,0.9368983636989684,0.6147894811547624,-0.05357272728488781
5b,2,16,wave1_5b_w2_s16_c574,c57467ea,1067,1740,後半,hold,hold_b,R_cb63a1ebfc31098d_t783,R_cb63a1ebfc31098d_t783,True,e,28,4,False,16,True,False,16,U,,,,U,0.8833123259355382,8765570579420939/9923523449236490,-0.9647277609599186,0.8406513300473765,R_22604ec5e16d756f;R_7b6b1008b48c1115;R_0e5d236bf5b42b15_t566;R_14b19811f0dd5b58,0;13;9;0,U;U;U;U,;;;,;;;,;;;,U;U;U;U,0.8094336716227212;6.024203121954676e-05;0.9368851170569952;6.024203121954676e-05,0.04980384985045987;-0.0395223386935198;-0.29833211852624963;0.04338533077099066,-0.2612242965361755;-9.677617917563605;0.2331375070692815;-9.760525587028114,0.2331375070692815,0.9368851170569952,0.607513822978095,-0.05357279112145691
5b,2,16,wave1_5b_w2_s16_c574,c57467ea,1070,1740,後半,hold,hold_b,R_cb63a1ebfc31098d_t783,R_cb63a1ebfc31098d_t783,True,e,28,4,False,16,True,False,16,U,,,,U,0.8832990158581303,8765570579420939/9923672982817868,-0.9644801506383875,0.8403886512418011,R_22604ec5e16d756f;R_7b6b1008b48c1115;R_0e5d236bf5b42b15_t566;R_14b19811f0dd5b58,0;13;9;0,U;U;U;U,;;;,;;;,;;;,U;U;U;U,0.8094206678611658;6.02402167230385e-05;0.9368718707896004;6.02402167230385e-05,0.049889064292565885;-0.03954898362996645;-0.2982171203722527;0.04342972409769914,-0.26132557636630127;-9.677621393189138;0.23300837019027282;-9.760600100916804,0.23300837019027282,0.9368718707896004,0.6073802810515283,-0.053572854931470175
5b,2,16,wave1_5b_w2_s16_c574,c57467ea,1279,1740,後半,hold,hold_b,R_cb63a1ebfc31098d_t1078,R_cb63a1ebfc31098d_t1078,True,e,23,1,False,16,True,False,13,U,,,,U,0.9347931146443598,2462809289194996/2634603582988485,-1.3468497043127958,1.2794196623759804,R_0e5d236bf5b42b15_t566,9,U,,,,U,0.9368851170569952,-0.388826179178445,0.32363156772147683,0.32363156772147683,0.9368851170569952,0.9557880946545035,-0.0020920024126353234
5b,2,16,wave1_5b_w2_s16_c574,c57467ea,1304,1740,後半,hold_b,hold,R_7b6b1008b48c1115_t710,R_7b6b1008b48c1115_t710,True,e,23,2,False,16,True,False,11,U,,,,U,0.8789503752600658,4344056092133688/4942322359039165,-1.0196371419681378,0.8906103031731212,R_8b0d2a6b7293001d;R_8b0d2a6b7293001d_t392,2;10,U;U,;,;,;,U;U,0.00018072065016911556;0.8789164560566689,-0.251179015837258;-0.2731698161029896,-8.367379072313739;0.14410438598490255,0.14410438598490255,0.8789164560566689,0.7465059171882187,3.391920339698703e-05
5b,2,16,wave1_5b_w2_s16_c574,c57467ea,1373,1740,後半,hold,hold_b,R_cb63a1ebfc31098d_t1078,R_cb63a1ebfc31098d_t1078,True,e,23,1,False,16,True,False,13,U,,,,U,0.934806378968701,1407319593825712/1505466399767509,-1.3065257471087968,1.239109894654153,R_0e5d236bf5b42b15_t566,9,U,,,,U,0.21604178945715066,-0.27693282168998934,-1.2553505986118025,-1.2553505986118025,0.21604178945715066,2.4944604932659553,0.7187645895115504
5b,2,17,wave1_5b_w2_s17_c574,c57467ea,355,1740,前半,hold,hold_b,R_cb63a1ebfc31098d_t93,R_cb63a1ebfc31098d_t93,True,e,31,7,False,13,True,False,4,U,,,,U,0.8789576997068931,8688710318592886/9885242852403841,-0.2711836549799719,0.1421651493247043,R_beb6d0d0aa09b5d2;R_bfecf95ccc797855;R_7515a685c55fba68;R_2327f056ad0db4ad;R_3ad0209336a6e37e;R_e10c53c730c7a91a;R_8307fbbf05ba494f,;10;3;12;11;9;12,なし;U;U;U;H;F;F,;;;;;sig_e;sig_e,;;;;sig_e:1;;,;;;;1;;,;U;U;U;H;F;F,0.00018070976417375773;0.00018070976417375773;0.00018070432166786542;0.00018070432166786542;0.0002728237434606451;0.0001523652940207252;0.010359667674247567,-0.05260904376290087;-0.05260904376290087;-0.062030723846206844;-0.06740191192696611;-0.20397613161647357;-0.16031707329871098;-0.28398375557350486,-8.566009282790448;-8.566009282790448;-8.556617720547626;-8.551246532466866;-8.00270846801986;-8.628912596870123;-4.2858513648671295,-4.2858513648671295,0.010359667674247567,4.4280165141918335,0.8685980320326455
5b,2,17,wave1_5b_w2_s17_c574,c57467ea,638,1740,前半,hold_b,hold,R_7b6b1008b48c1115_t354,R_7b6b1008b48c1115_t354,True,e,36,2,False,14,True,False,1,U,,,,U,0.878984292411024,4344355159296443/4942471892620543,-0.30035162424639905,0.17136337295020843,R_ad9c6c2c137d6a9d;R_8b0d2a6b7293001d,1;8,U;U,;,;,;,U;U,0.00018071520700749786;0.8789503752600657,-0.07339484716637185;-0.1534337297799104,-8.545193360639384;0.02440689098489368,0.02440689098489368,0.8789503752600657,0.14695648196531474,3.3917150958421227e-05
5b,2,17,wave1_5b_w2_s17_c574,c57467ea,718,1740,前半,hold_b,hold,R_7b6b1008b48c1115_t354,R_7b6b1008b48c1115_t354,True,e,34,2,False,15,True,False,1,U,,,,U,0.8789709958578223,299610700641134/340865286855947,-0.3942902644843436,0.2652868858941988,R_8b0d2a6b7293001d;R_ad9c6c2c137d6a9d_t365,8;3,U;U,;,;,;,U;U,0.8789370788176594;6.024203121954676e-05,-0.18794069269054328;0.02132049209887154,0.058898726143888386;-9.738460748355996,0.058898726143888386,0.8789370788176594,0.2063881597503104,3.391704016293226e-05
5b,2,17,wave1_5b_w2_s17_c574,c57467ea,971,1740,後半,hold,hold_b,R_cb63a1ebfc31098d_t366,R_cb63a1ebfc31098d_t366,True,e,34,7,False,14,True,False,7,U,,,,U,0.8789237827775345,4344056092133688/4942471892620543,-0.4543768094365048,0.32531971536705717,R_3ad0209336a6e37e;R_0e5d236bf5b42b15_t359;R_8307fbbf05ba494f_t387;R_0e5d236bf5b42b15_t519;R_0e5d236bf5b42b15_t520;R_0e5d236bf5b42b15_t523;R_0e5d236bf5b42b15_t746,11;5;9;12;12;12;5,U;U;U;U;U;U;U,;;;;;;,;;;;;;,;;;;;;,U;U;U;U;U;U;U,0.00018070976417375773;0.00030116479914965225;0.0002409390955571539;0.00042160532427295216;0.00042160532427295216;0.00030116479914965225;0.8789068235432307,-0.13553421291910667;-0.3178335802028691;-0.14252948950843877;-0.35875310640548574;-0.35875310640548574;-0.22828920343693715;-0.27961800513710555,-8.483084113634243;-7.790019357358398;-8.188436882433612;-7.412687825680466;-7.412687825680466;-7.87956373412433;0.15054161542649275,0.15054161542649275,0.8789068235432307,0.17477809994056442,1.695923430382262e-05
5b,2,17,wave1_5b_w2_s17_c574,c57467ea,1051,1740,後半,hold,hold_b,R_cb63a1ebfc31098d_t366,R_cb63a1ebfc31098d_t366,True,e,33,7,False,14,True,False,7,U,,,,U,0.8789370788176595,2172028046066844/2471198562914927,-0.5722814184767958,0.443239451930141,R_3ad0209336a6e37e;R_0e5d236bf5b42b15_t359;R_8307fbbf05ba494f_t387;R_0e5d236bf5b42b15_t519;R_0e5d236bf5b42b15_t520;R_0e5d236bf5b42b15_t523;R_0e5d236bf5b42b15_t746,11;5;9;12;12;12;5,U;U;U;U;U;U;U,;;;;;;,;;;;;;,;;;;;;,U;U;U;U;U;U;U,0.0001807152070074979;0.00030117386944644237;0.00024094635223167698;0.0004216180211588472;0.0004216180211588472;0.00030117386944644237;0.8789201195279394,-0.16772077403895683;-0.391758995681983;-0.1710063684876636;-0.4499463472426486;-0.4499463472426486;-0.2923605265173912;-0.3763182374792283,-8.450867433766799;-7.716063824945858;-8.159929885613906;-7.3214644697238285;-7.3214644697238285;-7.815462294110451;0.2472569755202538,0.2472569755202538,0.8789201195279394,0.19598247640988722,1.695928972013352e-05
5b,2,17,wave1_5b_w2_s17_c574,c57467ea,1142,1740,後半,hold_b,hold,R_7b6b1008b48c1115_t726,R_7b6b1008b48c1115_t726,True,e,31,1,False,15,True,False,1,U,,,,U,0.8789673340920882,8688411251430131/9884794251659708,-0.7194752542716105,0.5904677097040002,R_8b0d2a6b7293001d,8,U,,,,U,0.8789503752600657,-0.3156014806066286,0.1865746418116119,0.1865746418116119,0.8789503752600657,0.4038930678923883,1.6958832022483177e-05
5b,2,17,wave1_5b_w2_s17_c574,c57467ea,1150,1740,後半,hold_b,hold,R_7b6b1008b48c1115_t726,R_7b6b1008b48c1115_t726,True,e,30,1,False,15,True,False,1,U,,,,U,0.8789673340920882,8688411251430131/9884794251659708,-0.7194049712443168,0.5903974266767065,R_8b0d2a6b7293001d,8,U,,,,U,0.8789503752600657,-0.3156156286943832,0.18658878989936648,0.18658878989936648,0.8789503752600657,0.40380863677734,1.6958832022483177e-05
5b,2,17,wave1_5b_w2_s17_c574,c57467ea,1252,1740,後半,hold,hold_b,R_cb63a1ebfc31098d,R_cb63a1ebfc31098d,True,e,32,4,False,16,True,False,14,U,,,,U,0.8795153826518587,2899438550724379/3296631995204196,-1.1291814470185129,1.0007972222848667,R_0e5d236bf5b42b15_t519;R_0e5d236bf5b42b15_t520;R_0e5d236bf5b42b15_t523;R_0e5d236bf5b42b15_t746,12;12;12;5,U;U;U;U,;;;,;;;,;;;,U;U;U;U,0.00024094635223167698;0.00024094635223167698;0.00030117386944644237;0.8789201195279394,-0.26588441470239543;-0.26588441470239543;-0.41072311445568743;-0.43280352431271046,-8.065051839399175;-8.065051839399175;-7.697099706172154;0.3037422623537359,0.3037422623537359,0.8789201195279394,0.6970549599311308,0.000595263123919409
5b,2,17,wave1_5b_w2_s17_c574,c57467ea,1458,1740,後半,hold,hold_b,R_cb63a1ebfc31098d_t1255,R_cb63a1ebfc31098d_t1255,True,e,29,3,False,16,True,False,2,U,,,,U,0.8838525054929477,5501677688402/6224655872117,-1.337244645861234,1.213779566606021,R_0e5d236bf5b42b15_t523;R_0e5d236bf5b42b15_t746;R_5a211b92885d1ebf,12;5;11,U;U;U,;;,;;,;;,U;U;U,0.00030117386944644237;0.8789201195279394;0.00012047680467166525,-0.38898912510446326;-0.41021241737720604;-0.23551269400148778,-7.7188336955233785;0.28115115541823155;-8.788540621912434,0.28115115541823155,0.8789201195279394,0.9326284111877894,0.004932385965008382
5b,2,17,wave1_5b_w2_s17_c574,c57467ea,1491,1740,後半,hold,hold_b,R_cb63a1ebfc31098d_t1255,R_cb63a1ebfc31098d_t1255,True,e,29,3,False,16,True,False,2,U,,,,U,0.8789576997068931,8688710318592886/9885242852403841,-0.8263806722646144,0.6973621666093468,R_0e5d236bf5b42b15_t523;R_0e5d236bf5b42b15_t746;R_5a211b92885d1ebf,12;5;11,U;U;U,;;,;;,;;,U;U;U,0.00030116479914965225;0.8789068235432307;0.00012047317611583848,-0.3890931705537579;-0.41035461365367903;-0.23544192119409363,-7.718759767007509;0.28127822394306623;-8.788641513467422,0.28127822394306623,0.8789068235432307,0.41608394266628057,5.087616366234616e-05
5b,2,17,wave1_5b_w2_s17_c574,c57467ea,1540,1740,後半,hold_b,hold,R_7b6b1008b48c1115_t1189,R_7b6b1008b48c1115_t1189,True,e,29,1,False,16,True,False,13,U,,,,U,0.8789274458054745,8688411251430131/9885242852403840,-0.7002539657137085,0.5712010392642283,R_8b0d2a6b7293001d,8,U,,,,U,0.8789104871396727,-0.4077578255175492,0.2786856041541471,0.2786856041541471,0.8789104871396727,0.29251543511008116,1.695866580186597e-05
5b,2,17,wave1_5b_w2_s17_c574,c57467ea,1624,1740,後半,hold,hold_b,R_cb63a1ebfc31098d_t1255,R_cb63a1ebfc31098d_t1255,True,e,30,4,False,16,True,False,2,U,,,,U,0.8789709958578223,299610700641134/340865286855947,-0.8304850200035888,0.701481641413444,R_0e5d236bf5b42b15_t523;R_0e5d236bf5b42b15_t746;R_5a211b92885d1ebf;R_2327f056ad0db4ad,12;5;11;6,U;U;U;U,;;;,;;;,;;;,U;U;U;U,0.00030117386944644237;0.8789201195279394;0.00012048043344607702;6.024203121954676e-05,-0.38115471304020965;-0.33358285792318176;-0.12330871151972043;0.0021971168374059907,-7.726668107587632;0.20452159596420724;-8.900714484739439;-9.71933737309453,0.20452159596420724,0.8789201195279394,0.4969600454492368,5.087632988296461e-05
5b,2,18,wave1_5b_w2_s18_c574,c57467ea,182,1740,前半,hold,hold_b,R_cb63a1ebfc31098d_t20,R_cb63a1ebfc31098d_t20,True,e,21,1,False,16,True,False,15,U,,,,U,0.01756317914618361,1608428438346606/91579572522672211,-0.05695884565403943,-3.984991816736478,R_beb6d0d0aa09b5d2,,なし,,,,,0.013397993111309781,-0.008628792927106032,-4.304021558127187,-4.304021558127187,0.013397993111309781,0.31902974139070883,0.004165186034873827
5b,2,18,wave1_5b_w2_s18_c574,c57467ea,193,1740,前半,hold,hold_b,R_cb63a1ebfc31098d_t39,R_cb63a1ebfc31098d_t39,True,e,20,1,False,9,True,False,7,U,,,,U,0.8838525054929477,5501677688402/6224655872117,-0.005874615566559953,-0.11759046368865303,R_beb6d0d0aa09b5d2,,なし,,,,,0.013397993111309781,-0.031488468677874776,-4.281161882376418,-4.281161882376418,0.013397993111309781,4.1635714186877655,0.870454512381638
5b,2,18,wave1_5b_w2_s18_c574,c57467ea,195,1740,前半,hold,hold_b,R_cb63a1ebfc31098d_t39,R_cb63a1ebfc31098d_t39,True,e,20,1,False,9,True,False,7,U,,,,U,0.8838391937182886,8775175913001190/9928475649607993,-0.005869490479940609,-0.11761064997023676,R_beb6d0d0aa09b5d2,,なし,,,,,0.013397593070065125,-0.03148539131672872,-4.281194818479372,-4.281194818479372,0.013397593070065125,4.163584168509136,0.8704416006482235
5b,2,18,wave1_5b_w2_s18_c574,c57467ea,307,1740,前半,hold_b,hold,R_7b6b1008b48c1115_t49,R_7b6b1008b48c1115_t49,True,e,20,3,False,16,True,False,13,U,,,,U,0.8789709958578223,299610700641134/340865286855947,0.024378475269276,-0.1533818538594208,R_28b90e6a8809edd4;R_2616bfa67113bd38;R_5ccd1331eec89856,13;9;15,U;U;F,;;sig_e,;;,;;,U;U;F,0.00030117386944644237;0.00012048043344607702;0.013068466866754093,0.05525294780190096;0.06148158017573898;-0.02515572616996002,-8.163075768429742;-9.085504776434899;-4.312397333758487,-4.312397333758487,0.013068466866754093,4.159015479899066,0.8659025289910682
5b,2,18,wave1_5b_w2_s18_c574,c57467ea,371,1740,前半,hold_b,hold,R_7b6b1008b48c1115_t49,R_7b6b1008b48c1115_t49,True,e,18,2,False,16,True,False,13,U,,,,U,0.8789576997068931,8688710318592886/9885242852403841,0.02788196216297505,-0.15690046781824263,R_2616bfa67113bd38;R_5ccd1331eec89856,9;15,U;U,;,;,;,U;U,6.02402167230385e-05;0.00012047680467166524,0.09185454679669883;0.0852044489040048,-9.809024923615803;-9.109257764817926,-9.109257764817926,0.00012047680467166524,8.952357296999683,0.8788372229022213
5b,2,18,wave1_5b_w2_s18_c574,c57467ea,695,1740,前半,hold_b,hold,R_7b6b1008b48c1115_t49,R_7b6b1008b48c1115_t49,True,e,16,1,False,16,True,False,13,U,,,,U,0.8789576997068931,8688710318592886/9885242852403841,0.03346055601355605,-0.16247906166882362,R_8b0d2a6b7293001d,15,U,,,,U,0.8789407414987476,0.05037566346422485,-0.17941346284858226,-0.17941346284858226,0.8789407414987476,0.01693440117975864,1.6958208145477433e-05
5b,2,18,wave1_5b_w2_s18_c574,c57467ea,830,1740,前半,hold,carry,R_cb63a1ebfc31098d_t39,R_cb63a1ebfc31098d_t39,True,e,18,1,False,16,True,False,7,U,,,,U,0.8789975893665168,4344355159296443/4942397125829854,0.048458117940831276,-0.177431241714229,R_0e5d236bf5b42b15_t489,13,U,,,,U,0.8789164560566688,0.1323853001048427,-0.2614507302229299,-0.2614507302229299,0.8789164560566688,0.08401948850870092,8.113330984804873e-05
5b,2,18,wave1_5b_w2_s18_c574,c57467ea,922,1740,後半,hold,carry,R_cb63a1ebfc31098d_t39,R_cb63a1ebfc31098d_t39,True,e,18,1,False,16,True,False,7,U,,,,U,0.8789842924110242,8688710318592886/9884943785241085,0.04058249767257417,-0.16957074896876467,R_0e5d236bf5b42b15_t489,13,U,,,,U,0.8789031597250957,0.12727477085823496,-0.25635532918567194,-0.25635532918567194,0.8789031597250957,0.08678458021690727,8.113268592845074e-05
5b,2,18,wave1_5b_w2_s18_c574,c57467ea,964,1740,後半,hold,carry,R_cb63a1ebfc31098d_t39,R_cb63a1ebfc31098d_t39,True,e,18,1,False,16,True,False,7,U,,,,U,0.878997589366517,8688710318592886/9884794251659707,0.04208019526545583,-0.17105331903885343,R_0e5d236bf5b42b15_t489,13,U,,,,U,0.8789164560566689,0.12741871935751362,-0.2564841494756007,-0.2564841494756007,0.8789164560566689,0.08543083043674729,8.113330984804873e-05
5b,2,18,wave1_5b_w2_s18_c574,c57467ea,986,1740,後半,hold,carry,R_cb63a1ebfc31098d_t39,R_cb63a1ebfc31098d_t39,True,e,18,1,False,16,True,False,7,U,,,,U,0.8789842924110242,8688710318592886/9884943785241085,0.04207190173241769,-0.17106015302860816,R_0e5d236bf5b42b15_t489,13,U,,,,U,0.8789031597250957,0.12735632036918407,-0.256436878696621,-0.256436878696621,0.8789031597250957,0.08537672566801285,8.113268592845074e-05
5b,2,18,wave1_5b_w2_s18_c574,c57467ea,1012,1740,後半,hold,carry,R_cb63a1ebfc31098d_t39,R_cb63a1ebfc31098d_t39,True,e,18,1,False,16,True,False,7,U,,,,U,0.8789709958578223,299610700641134/340865286855947,0.0420824305632594,-0.1710858091534042,R_0e5d236bf5b42b15_t489,13,U,,,,U,0.8788898637958128,0.12729895338726777,-0.2563946396951953,-0.2563946396951953,0.8788898637958128,0.08530883054179111,8.113206200947249e-05
5b,2,18,wave1_5b_w2_s18_c574,c57467ea,1034,1740,後半,hold_b,hold,R_7b6b1008b48c1115,R_7b6b1008b48c1115,True,e,18,1,False,16,True,False,3,U,,,,U,0.8789540375942794,457284802706849/520260199223215,0.12340929862109609,-0.2524319707114992,R_8b0d2a6b7293001d_t708,8,U,,,,U,0.8789370788176595,0.12452680090085347,-0.2535687674475082,-0.2535687674475082,0.8789370788176595,0.001136796736009027,1.695877661991867e-05
5b,2,18,wave1_5b_w2_s18_c574,c57467ea,1090,1740,後半,hold,carry,R_cb63a1ebfc31098d_t39,R_cb63a1ebfc31098d_t39,True,e,20,1,False,14,True,False,7,U,,,,U,0.8789975893665168,4344355159296443/4942397125829854,0.11077876088378777,-0.2397518846571855,R_0e5d236bf5b42b15_t489,13,U,,,,U,0.00012048406243909351,0.11811773595790269,-9.142110811655082,-9.142110811655082,0.00012048406243909351,8.902358926997897,0.8788771053040777
5b,2,18,wave1_5b_w2_s18_c574,c57467ea,1339,1740,後半,hold,carry,R_cb63a1ebfc31098d_t39,R_cb63a1ebfc31098d_t39,True,e,21,1,False,13,True,False,7,U,,,,U,0.8789709958578223,299610700641134/340865286855947,0.05471868181985309,-0.1837220604099979,R_0e5d236bf5b42b15_t489,13,U,,,,U,0.00012047680467166524,0.070112305340119,-9.09416562125404,-9.09416562125404,0.00012047680467166524,8.910443560844042,0.8788505190531506
5b,2,18,wave1_5b_w2_s18_c574,c57467ea,1511,1740,後半,hold,carry,R_cb63a1ebfc31098d_t39,R_cb63a1ebfc31098d_t39,True,e,24,1,False,15,True,False,7,U,,,,U,0.8789842924110242,8688710318592886/9884943785241085,0.04991140325926249,-0.17889965455545298,R_0e5d236bf5b42b15_t489,13,U,,,,U,0.00012048043344607702,0.057359302858993745,-9.081382499118153,-9.081382499118153,0.00012048043344607702,8.9024828445627,0.8788638119775781
5b,2,18,wave1_5b_w2_s18_c574,c57467ea,1578,1740,後半,hold,carry,R_cb63a1ebfc31098d_t39,R_cb63a1ebfc31098d_t39,True,e,24,1,False,15,True,False,7,U,,,,U,0.878997589366517,8688710318592886/9884794251659707,0.04428644550342542,-0.173259569276823,R_0e5d236bf5b42b15_t489,13,U,,,,U,0.00012048406243909353,0.0566553936051405,-9.08064846930232,-9.08064846930232,0.00012048406243909353,8.907388900025497,0.8788771053040778
5b,2,18,wave1_5b_w2_s18_c574,c57467ea,1609,1740,後半,hold,carry,R_cb63a1ebfc31098d_t39,R_cb63a1ebfc31098d_t39,True,e,24,1,False,15,True,False,7,U,,,,U,0.878997589366517,8688710318592886/9884794251659707,0.04132436398263767,-0.17029748775603526,R_0e5d236bf5b42b15_t489,13,U,,,,U,0.00012048406243909353,0.055494313604226506,-9.079487389301406,-9.079487389301406,0.00012048406243909353,8.909189901545371,0.8788771053040778
5b,2,18,wave1_5b_w2_s18_c574,c57467ea,1716,1740,後半,hold,carry,R_cb63a1ebfc31098d_t39,R_cb63a1ebfc31098d_t39,True,e,24,1,False,14,True,False,7,U,,,,U,0.8789709958578223,299610700641134/340865286855947,0.041984235722067664,-0.17098761431221246,R_0e5d236bf5b42b15_t489,13,U,,,,U,0.00012047680467166524,0.055033659817684495,-9.079086975731606,-9.079086975731606,0.00012047680467166524,8.908099361419394,0.8788505190531506
5b,2,20,wave1_5b_w2_s20_c574,c57467ea,170,1740,前半,hold,hold_b,R_572f65c1e0a7565d,R_572f65c1e0a7565d,True,e,21,5,False,16,True,False,6,F,sig_n,,,F,0.1921667480661068,8583157202326390/44665152991888683,-0.028416715304968518,-1.6209750890485344,R_0e5d236bf5b42b15;R_22604ec5e16d756f;R_e10c53c730c7a91a;R_e10c53c730c7a91a_t97;R_0e5d236bf5b42b15_t137,7;8;6;0;10,F;F;F;F;F,sig_e;sig_e;sig_e;sig_e;sig_e,;;;;,;;;;,F;F;F;F;F,0.030664335907846806;0.026089976388135077;0.026089976388135077;0.026089976388135077;0.030664335907846806,-0.06535586502685399;-0.044544462961942456;-0.05657593268048759;-0.05657593268048759;-0.06535586502685399,-3.4192991314677226;-3.6016596218878707;-3.5896281521693254;-3.5896281521693254;-3.4192991314677226,-3.4192991314677226,0.030664335907846806,1.7983240424191882,0.16150241215826003
5b,2,20,wave1_5b_w2_s20_c574,c57467ea,324,1740,前半,hold,hold_b,R_cb63a1ebfc31098d,R_cb63a1ebfc31098d,True,e,22,6,False,12,True,False,2,U,,,,U,0.8789709958578223,299610700641134/340865286855947,-0.054592551553783134,-0.07441082703636166,R_0e5d236bf5b42b15;R_22604ec5e16d756f;R_e10c53c730c7a91a;R_e10c53c730c7a91a_t97;R_0e5d236bf5b42b15_t137;R_0e5d236bf5b42b15_t172,7;8;6;0;10;16,U;U;U;F;F;F,;;;sig_e;sig_e;sig_e,;;;;;,;;;;;,U;U;U;F;F;F,0.0004216180211588472;0.00012048043344607702;0.00030117386944644237;0.00021260273584287236;0.01771288478019585;0.03066524356163954,-0.04116560279966048;-0.00535318652142602;0.010463455513816857;-0.1149052200502781;-0.18152421127089882;-0.21762826307004707,-7.730245214166817;-9.018670009737734;-8.118286276141658;-8.341180003590017;-3.8519387392778413;-3.266997134206643,-3.266997134206643,0.03066524356163954,3.1925863071702816,0.8483057522961828
5b,2,20,wave1_5b_w2_s20_c574,c57467ea,395,1740,前半,hold_b,hold,R_7b6b1008b48c1115_t30,R_7b6b1008b48c1115_t30,True,e,23,1,False,13,True,False,5,U,,,,U,0.8789576997068931,8688710318592886/9885242852403841,-0.08561102208387385,-0.04340748357139372,R_8b0d2a6b7293001d,13,U,,,,U,0.8789407414987476,-0.056057822707323304,-0.07297997667703411,-0.07297997667703411,0.8789407414987476,0.02957249310564039,1.6958208145477433e-05
5b,2,20,wave1_5b_w2_s20_c574,c57467ea,535,1740,前半,hold_b,hold,R_7b6b1008b48c1115_t30,R_7b6b1008b48c1115_t30,True,e,23,1,False,15,True,False,5,U,,,,U,0.878984292411024,4344355159296443/4942471892620543,-0.04962392357330743,-0.0793643277228832,R_8b0d2a6b7293001d,13,U,,,,U,0.8789673340920882,-0.02014610569544322,-0.1088614388721671,-0.1088614388721671,0.8789673340920882,0.029497111149283897,1.6958318935938046e-05
5b,2,20,wave1_5b_w2_s20_c574,c57467ea,673,1740,前半,hold,hold_b,R_cb63a1ebfc31098d,R_cb63a1ebfc31098d,True,e,19,4,False,16,True,False,2,U,,,,U,0.8789709958578223,299610700641134/340865286855947,-0.3213303452306051,0.1923269666404603,R_0e5d236bf5b42b15;R_e10c53c730c7a91a;R_0e5d236bf5b42b15_t172;R_0e5d236bf5b42b15_t336,7;6;16;1,U;U;U;U,;;;,;;;,;;;,U;U;U;U,0.00012048043344607702;6.024203121954676e-05;0.00024094635223167698;0.8789201195279395,-0.18296899038459918;0.10533246319960406;-0.10268185913658383;-0.00454988497208449,-8.84105420587456;-9.822472719456728;-8.228254394964985;-0.1245113769868899,-0.1245113769868899,0.8789201195279395,0.3168383436273502,5.087632988286344e-05
5b,2,20,wave1_5b_w2_s20_c574,c57467ea,789,1740,前半,hold_b,hold,R_7b6b1008b48c1115_t540,R_7b6b1008b48c1115_t540,True,e,17,1,False,16,True,False,16,U,,,,U,0.8833088091903486,153776693197512/174091655825855,-0.3366324869286392,0.21255207469251863,R_8b0d2a6b7293001d,13,U,,,,U,0.8789673340920882,-0.23453718144215085,0.10552963687454053,0.10552963687454053,0.8789673340920882,0.1070224378179781,0.004341475098260486
5b,2,20,wave1_5b_w2_s20_c574,c57467ea,1027,1740,後半,hold,hold_b,R_cb63a1ebfc31098d_t678,R_cb63a1ebfc31098d_t678,True,e,16,2,False,16,True,False,13,U,,,,U,0.8789540375942794,457284802706849/520260199223215,-0.2922937713875916,0.1632710992971885,R_0e5d236bf5b42b15;R_0e5d236bf5b42b15_t336,7;1,U;U,;,;,;,U;U,0.00012048043344607702;0.8789201195279395,-0.1433972345017674;0.027902665230160377,-8.880625961757392;-0.15696392718913477,-0.15696392718913477,0.8789201195279395,0.3202350264863233,3.391806633995102e-05
5b,2,20,wave1_5b_w2_s20_c574,c57467ea,1096,1740,後半,hold_b,hold,R_7b6b1008b48c1115_t800,R_7b6b1008b48c1115_t800,True,e,19,1,False,15,True,False,4,U,,,,U,0.8789709958578223,299610700641134/340865286855947,-0.21600139413903247,0.08699801554888767,R_8b0d2a6b7293001d,13,U,,,,U,0.8789540375942794,-0.14951269777865878,0.02049002568825567,0.02049002568825567,0.8789540375942794,0.066507989860632,1.6958263542912424e-05
5b,2,20,wave1_5b_w2_s20_c574,c57467ea,1346,1740,後半,hold_b,hold,R_7b6b1008b48c1115_t1100,R_7b6b1008b48c1115_t1100,True,e,20,1,False,15,True,False,15,U,,,,U,0.8833256364140806,8765570579420939/9923373915655112,-0.32984526186874585,0.2057838996673106,R_8b0d2a6b7293001d,13,U,,,,U,0.8789673340920883,-0.1579790368504188,0.028971492282808597,0.028971492282808597,0.8789673340920883,0.176812407384502,0.0043583023219923855
5b,2,20,wave1_5b_w2_s20_c574,c57467ea,1614,1740,後半,hold_b,hold,R_7b6b1008b48c1115_t1100,R_7b6b1008b48c1115_t1100,True,e,22,1,False,15,True,False,15,U,,,,U,0.8789576997068931,8688710318592886/9885242852403841,-0.45615120305678764,0.32713269740152007,R_8b0d2a6b7293001d,13,U,,,,U,0.8789407414987476,-0.3049397164047815,0.1759019170204241,0.1759019170204241,0.8789407414987476,0.15123078038109597,1.6958208145477433e-05
