path	kind	allocated_bytes_before	allocated_bytes_after	created_JST	updated_before_compression_JST	commits	metadata	seeds	github_summary	github_evidence	recent_mentions	active_process_check_JST	active	category	reasons
/Users/tatsu-admin/sfn/sfn-compression-abm/runs	loose	4096	4096	2026-08-29 16:08	2026-09-24 08:16			不明	対象外	[]	[]	2026-10-04T22:15:38.266490+09:00	False	残す	根の直下の設定・ログ等。走行群ではない
/Users/tatsu-admin/v310cprod	loose	233472	233472	2026-10-01 11:39	2026-10-03 15:03			不明	対象外	[]	[]	2026-10-04T22:15:38.266490+09:00	False	残す	根の直下の設定・ログ等。走行群ではない
/Users/tatsu-admin/v310gapprod	loose	40960	40960	2026-10-01 00:02	2026-10-01 01:07			不明	対象外	[]	[]	2026-10-04T22:15:38.266490+09:00	False	残す	根の直下の設定・ログ等。走行群ではない
/Users/tatsu-admin/v310hprod	loose	61440	61440	2026-09-29 23:25	2026-09-30 01:05			不明	対象外	[]	[]	2026-10-04T22:15:38.266490+09:00	False	残す	根の直下の設定・ログ等。走行群ではない
/Users/tatsu-admin/v310hsaprod	loose	28672	28672	2026-09-30 10:16	2026-09-30 10:29			不明	対象外	[]	[]	2026-10-04T22:15:38.266490+09:00	False	残す	根の直下の設定・ログ等。走行群ではない
/Users/tatsu-admin/v310prod	loose	319488	319488	2026-09-29 12:26	2026-10-01 00:01			不明	対象外	[]	[]	2026-10-04T22:15:38.266490+09:00	False	残す	根の直下の設定・ログ等。走行群ではない
/Users/tatsu-admin/v310spcprod	loose	32768	32768	2026-10-01 09:50	2026-10-01 11:00			不明	対象外	[]	[]	2026-10-04T22:15:38.266490+09:00	False	残す	根の直下の設定・ログ等。走行群ではない
/Users/tatsu-admin/v310urtaV4prod	loose	4096	4096	2026-09-30 22:55	2026-10-01 00:01			不明	対象外	[]	[]	2026-10-04T22:15:38.266490+09:00	False	残す	根の直下の設定・ログ等。走行群ではない
/Users/tatsu-admin/v310urtaprod	loose	53248	53248	2026-09-30 15:54	2026-09-30 20:46			不明	対象外	[]	[]	2026-10-04T22:15:38.266490+09:00	False	残す	根の直下の設定・ログ等。走行群ではない
/Users/tatsu-admin/v33prod	loose	442368	442368	2026-09-26 20:55	2026-10-04 11:42			不明	対象外	[]	[]	2026-10-04T22:15:38.266490+09:00	False	残す	根の直下の設定・ログ等。走行群ではない
/Users/tatsu-admin/v34prod	loose	110592	110592	2026-09-27 10:12	2026-10-01 00:01			不明	対象外	[]	[]	2026-10-04T22:15:38.266490+09:00	False	残す	根の直下の設定・ログ等。走行群ではない
/Users/tatsu-admin/v35prod	loose	647168	647168	2026-09-27 15:17	2026-10-01 00:01			不明	対象外	[]	[]	2026-10-04T22:15:38.266490+09:00	False	残す	根の直下の設定・ログ等。走行群ではない
/Users/tatsu-admin/v36prod	loose	53248	53248	2026-09-27 17:29	2026-10-01 00:01			不明	対象外	[]	[]	2026-10-04T22:15:38.266490+09:00	False	残す	根の直下の設定・ログ等。走行群ではない
/Users/tatsu-admin/v37prod	loose	200704	200704	2026-09-28 13:26	2026-10-01 00:01			不明	対象外	[]	[]	2026-10-04T22:15:38.266490+09:00	False	残す	根の直下の設定・ログ等。走行群ではない
/Users/tatsu-admin/v38prod	loose	368640	368640	2026-09-28 18:39	2026-10-01 00:01			不明	対象外	[]	[]	2026-10-04T22:15:38.266490+09:00	False	残す	根の直下の設定・ログ等。走行群ではない
/Users/tatsu-admin/v39prod	loose	196608	196608	2026-09-29 03:52	2026-10-01 00:01			不明	対象外	[]	[]	2026-10-04T22:15:38.266490+09:00	False	残す	根の直下の設定・ログ等。走行群ではない
/Users/tatsu-admin/sfn/sfn-compression-abm/runs/abst_live_2026-09-10/t067_w00	run	5205880832	5205880832	2026-09-11 00:06	2026-09-11 01:54	4392c7327bf4e7b3ad5e690af363899af7586483	/Users/tatsu-admin/sfn/sfn-compression-abm/runs/abst_live_2026-09-10/t067_w00/sweep_config.json;/Users/tatsu-admin/sfn/sfn-compression-abm/runs/abst_live_2026-09-10/t067_w00/manifest.jsonl	1〜20	R未確認 / F未確認 / S未確認 / T未確認	[]	[]	2026-10-04T22:15:38.266490+09:00	False	残す	同じ版のGitHub要約一式が未確認
/Users/tatsu-admin/sfn/sfn-compression-abm/runs/abst_spec_2026-09-11/t067_w00	run	2800332800	2800332800	2026-09-11 04:57	2026-09-11 06:40	4392c7327bf4e7b3ad5e690af363899af7586483	/Users/tatsu-admin/sfn/sfn-compression-abm/runs/abst_spec_2026-09-11/t067_w00/sweep_config.json;/Users/tatsu-admin/sfn/sfn-compression-abm/runs/abst_spec_2026-09-11/t067_w00/manifest.jsonl	1〜20	R未確認 / F未確認 / S未確認 / T未確認	[]	[]	2026-10-04T22:15:38.266490+09:00	False	残す	同じ版のGitHub要約一式が未確認
/Users/tatsu-admin/sfn/sfn-compression-abm/runs/abst_spec_sample_2026-09-11/t067_w00	run	2694299648	2694299648	2026-09-11 19:04	2026-09-11 20:45	4392c7327bf4e7b3ad5e690af363899af7586483	/Users/tatsu-admin/sfn/sfn-compression-abm/runs/abst_spec_sample_2026-09-11/t067_w00/sweep_config.json;/Users/tatsu-admin/sfn/sfn-compression-abm/runs/abst_spec_sample_2026-09-11/t067_w00/manifest.jsonl	1〜20	R未確認 / F未確認 / S未確認 / T未確認	[]	[]	2026-10-04T22:15:38.266490+09:00	False	残す	同じ版のGitHub要約一式が未確認
/Users/tatsu-admin/sfn/sfn-compression-abm/runs/abstainA1_2026-09-01	run	5264183296	5264183296	2026-09-01 21:38	2026-09-02 00:31	16d731f8f497da15303403c65ba419a55e470dd2	/Users/tatsu-admin/sfn/sfn-compression-abm/runs/abstainA1_2026-09-01/sweep_config.json;/Users/tatsu-admin/sfn/sfn-compression-abm/runs/abstainA1_2026-09-01/manifest.jsonl	1〜40	R未確認 / F未確認 / S未確認 / T未確認	[]	[]	2026-10-04T22:15:38.266490+09:00	False	残す	種21〜40を含む；同じ版のGitHub要約一式が未確認
/Users/tatsu-admin/sfn/sfn-compression-abm/runs/abstain_2026-08-31	run	5344935936	5344935936	2026-08-31 20:07	2026-08-31 22:42	16d731f8f497da15303403c65ba419a55e470dd2	/Users/tatsu-admin/sfn/sfn-compression-abm/runs/abstain_2026-08-31/sweep_config.json;/Users/tatsu-admin/sfn/sfn-compression-abm/runs/abstain_2026-08-31/manifest.jsonl	1〜40	R未確認 / F未確認 / S未確認 / T未確認	[]	[]	2026-10-04T22:15:38.266490+09:00	False	残す	種21〜40を含む；同じ版のGitHub要約一式が未確認
/Users/tatsu-admin/sfn/sfn-compression-abm/runs/abstain_v2a_2026-09-09/t067_w00	run	7924424704	7924424704	2026-09-09 14:13	2026-09-09 17:06	05607e70d78fccaa9163d2af85dc48be506ec433	/Users/tatsu-admin/sfn/sfn-compression-abm/runs/abstain_v2a_2026-09-09/t067_w00/sweep_config.json;/Users/tatsu-admin/sfn/sfn-compression-abm/runs/abstain_v2a_2026-09-09/t067_w00/manifest.jsonl	1〜20	R未確認 / F未確認 / S未確認 / T未確認	[]	[]	2026-10-04T22:15:38.266490+09:00	False	残す	同じ版のGitHub要約一式が未確認
/Users/tatsu-admin/sfn/sfn-compression-abm/runs/abstain_v2a_2026-09-09/t067_w10	run	7569235968	7569235968	2026-09-09 17:06	2026-09-09 19:51	a6a5403a463b5f78728fd6571a14725d64d4ab68	/Users/tatsu-admin/sfn/sfn-compression-abm/runs/abstain_v2a_2026-09-09/t067_w10/sweep_config.json;/Users/tatsu-admin/sfn/sfn-compression-abm/runs/abstain_v2a_2026-09-09/t067_w10/manifest.jsonl	1〜20	R未確認 / F未確認 / S未確認 / T未確認	[]	[]	2026-10-04T22:15:38.266490+09:00	False	残す	同じ版のGitHub要約一式が未確認
/Users/tatsu-admin/sfn/sfn-compression-abm/runs/abstain_v2a_2026-09-09/t200_w00	run	8064745472	8064745472	2026-09-09 19:51	2026-09-09 22:37	a6a5403a463b5f78728fd6571a14725d64d4ab68	/Users/tatsu-admin/sfn/sfn-compression-abm/runs/abstain_v2a_2026-09-09/t200_w00/sweep_config.json;/Users/tatsu-admin/sfn/sfn-compression-abm/runs/abstain_v2a_2026-09-09/t200_w00/manifest.jsonl	1〜20	R未確認 / F未確認 / S未確認 / T未確認	[]	[]	2026-10-04T22:15:38.266490+09:00	False	残す	同じ版のGitHub要約一式が未確認
/Users/tatsu-admin/sfn/sfn-compression-abm/runs/abstain_v2a_2026-09-09/t200_w10	run	7675215872	7675215872	2026-09-09 22:37	2026-09-10 01:20	a6a5403a463b5f78728fd6571a14725d64d4ab68	/Users/tatsu-admin/sfn/sfn-compression-abm/runs/abstain_v2a_2026-09-09/t200_w10/sweep_config.json;/Users/tatsu-admin/sfn/sfn-compression-abm/runs/abstain_v2a_2026-09-09/t200_w10/manifest.jsonl	1〜20	R未確認 / F未確認 / S未確認 / T未確認	[]	[]	2026-10-04T22:15:38.266490+09:00	False	残す	同じ版のGitHub要約一式が未確認
/Users/tatsu-admin/sfn/sfn-compression-abm/runs/alpha05_2026-08-31	run	2175574016	2175574016	2026-08-31 00:19	2026-08-31 01:26	16d731f8f497da15303403c65ba419a55e470dd2	/Users/tatsu-admin/sfn/sfn-compression-abm/runs/alpha05_2026-08-31/sweep_config.json;/Users/tatsu-admin/sfn/sfn-compression-abm/runs/alpha05_2026-08-31/manifest.jsonl	1〜40	R未確認 / F未確認 / S未確認 / T未確認	[]	[]	2026-10-04T22:15:38.266490+09:00	False	残す	種21〜40を含む；同じ版のGitHub要約一式が未確認
/Users/tatsu-admin/sfn/sfn-compression-abm/runs/alpha10_2026-08-31	run	2135228416	2135228416	2026-08-31 01:26	2026-08-31 02:34	16d731f8f497da15303403c65ba419a55e470dd2	/Users/tatsu-admin/sfn/sfn-compression-abm/runs/alpha10_2026-08-31/sweep_config.json;/Users/tatsu-admin/sfn/sfn-compression-abm/runs/alpha10_2026-08-31/manifest.jsonl	1〜40	R未確認 / F未確認 / S未確認 / T未確認	[]	[]	2026-10-04T22:15:38.266490+09:00	False	残す	種21〜40を含む；同じ版のGitHub要約一式が未確認
/Users/tatsu-admin/sfn/sfn-compression-abm/runs/alpha1_2026-09-13	run	5120249856	5120249856	2026-09-13 04:26	2026-09-13 07:20			1〜20	R未確認 / F未確認 / S未確認 / T未確認	[]	[]	2026-10-04T22:15:38.266490+09:00	False	残す	同じ版のGitHub要約一式が未確認；manifest・flagからコードの版を確定できない
/Users/tatsu-admin/sfn/sfn-compression-abm/runs/arm0_2026-08-31/_calibration	run	5120000	5120000	2026-08-31 11:10	2026-08-31 11:10	16d731f8f497da15303403c65ba419a55e470dd2	/Users/tatsu-admin/sfn/sfn-compression-abm/runs/arm0_2026-08-31/_calibration/sweep_config.json	1〜40	R未確認 / F未確認 / S未確認 / T未確認	[]	[]	2026-10-04T22:15:38.266490+09:00	False	残す	種21〜40を含む；同じ版のGitHub要約一式が未確認
/Users/tatsu-admin/sfn/sfn-compression-abm/runs/arm0ext_2026-08-31	run	6626336768	6626336768	2026-08-31 11:25	2026-08-31 15:17	16d731f8f497da15303403c65ba419a55e470dd2	/Users/tatsu-admin/sfn/sfn-compression-abm/runs/arm0ext_2026-08-31/sweep_config.json;/Users/tatsu-admin/sfn/sfn-compression-abm/runs/arm0ext_2026-08-31/manifest.jsonl	1〜40	R未確認 / F未確認 / S未確認 / T未確認	[]	[]	2026-10-04T22:15:38.266490+09:00	False	残す	種21〜40を含む；同じ版のGitHub要約一式が未確認
/Users/tatsu-admin/sfn/sfn-compression-abm/runs/b1_charge	run	1478656	1478656	2026-08-31 20:03	2026-08-31 20:04	16d731f8f497da15303403c65ba419a55e470dd2	/Users/tatsu-admin/sfn/sfn-compression-abm/runs/b1_charge/sweep_config.json;/Users/tatsu-admin/sfn/sfn-compression-abm/runs/b1_charge/manifest.jsonl	1〜2	R未確認 / F未確認 / S未確認 / T未確認	[]	[]	2026-10-04T22:15:38.266490+09:00	False	残す	同じ版のGitHub要約一式が未確認
/Users/tatsu-admin/sfn/sfn-compression-abm/runs/b1_compat	run	1286144	1286144	2026-08-31 20:01	2026-08-31 20:01	16d731f8f497da15303403c65ba419a55e470dd2	/Users/tatsu-admin/sfn/sfn-compression-abm/runs/b1_compat/sweep_config.json;/Users/tatsu-admin/sfn/sfn-compression-abm/runs/b1_compat/manifest.jsonl	1〜2	R未確認 / F未確認 / S未確認 / T未確認	[]	[]	2026-10-04T22:15:38.266490+09:00	False	残す	同じ版のGitHub要約一式が未確認
/Users/tatsu-admin/sfn/sfn-compression-abm/runs/b2_f00_s1_2026-09-22	run	7741956096	7741956096	2026-09-22 22:27	2026-09-23 03:04	bf7dd90a4625620356f4502348c8e810ab8c3874	/Users/tatsu-admin/sfn/sfn-compression-abm/runs/b2_f00_s1_2026-09-22/code_commit.txt;/Users/tatsu-admin/sfn/sfn-compression-abm/runs/b2_f00_s1_2026-09-22/sweep_config.json;/Users/tatsu-admin/sfn/sfn-compression-abm/runs/b2_f00_s1_2026-09-22/manifest.jsonl	1〜20	R未確認 / F未確認 / S未確認 / T未確認	[]	[]	2026-10-04T22:15:38.266490+09:00	False	残す	同じ版のGitHub要約一式が未確認
/Users/tatsu-admin/sfn/sfn-compression-abm/runs/b2_f00_s21_2026-09-22	run	7518105600	7518105600	2026-09-23 15:39	2026-09-23 20:04	bf7dd90a4625620356f4502348c8e810ab8c3874	/Users/tatsu-admin/sfn/sfn-compression-abm/runs/b2_f00_s21_2026-09-22/code_commit.txt;/Users/tatsu-admin/sfn/sfn-compression-abm/runs/b2_f00_s21_2026-09-22/sweep_config.json;/Users/tatsu-admin/sfn/sfn-compression-abm/runs/b2_f00_s21_2026-09-22/manifest.jsonl	21〜40	R未確認 / F未確認 / S未確認 / T未確認	[]	[]	2026-10-04T22:15:38.266490+09:00	False	残す	種21〜40を含む；同じ版のGitHub要約一式が未確認
/Users/tatsu-admin/sfn/sfn-compression-abm/runs/b2_f025_s1_2026-09-22	run	6961700864	6961700864	2026-09-23 07:04	2026-09-23 11:22	bf7dd90a4625620356f4502348c8e810ab8c3874	/Users/tatsu-admin/sfn/sfn-compression-abm/runs/b2_f025_s1_2026-09-22/code_commit.txt;/Users/tatsu-admin/sfn/sfn-compression-abm/runs/b2_f025_s1_2026-09-22/sweep_config.json;/Users/tatsu-admin/sfn/sfn-compression-abm/runs/b2_f025_s1_2026-09-22/manifest.jsonl	1〜20	R未確認 / F未確認 / S未確認 / T未確認	[]	[]	2026-10-04T22:15:38.266490+09:00	False	残す	同じ版のGitHub要約一式が未確認
/Users/tatsu-admin/sfn/sfn-compression-abm/runs/b2_f025_s21_2026-09-22	run	7183007744	7183007744	2026-09-24 01:24	2026-09-24 08:16	bf7dd90a4625620356f4502348c8e810ab8c3874	/Users/tatsu-admin/sfn/sfn-compression-abm/runs/b2_f025_s21_2026-09-22/code_commit.txt;/Users/tatsu-admin/sfn/sfn-compression-abm/runs/b2_f025_s21_2026-09-22/sweep_config.json;/Users/tatsu-admin/sfn/sfn-compression-abm/runs/b2_f025_s21_2026-09-22/manifest.jsonl	21〜40	R未確認 / F未確認 / S未確認 / T未確認	[]	[]	2026-10-04T22:15:38.266490+09:00	False	残す	種21〜40を含む；同じ版のGitHub要約一式が未確認
/Users/tatsu-admin/sfn/sfn-compression-abm/runs/b2_f10_s1_2026-09-22	run	6433628160	6433628160	2026-09-23 07:04	2026-09-23 11:20	bf7dd90a4625620356f4502348c8e810ab8c3874	/Users/tatsu-admin/sfn/sfn-compression-abm/runs/b2_f10_s1_2026-09-22/code_commit.txt;/Users/tatsu-admin/sfn/sfn-compression-abm/runs/b2_f10_s1_2026-09-22/sweep_config.json;/Users/tatsu-admin/sfn/sfn-compression-abm/runs/b2_f10_s1_2026-09-22/manifest.jsonl	1〜20	R未確認 / F未確認 / S未確認 / T未確認	[]	[]	2026-10-04T22:15:38.266490+09:00	False	残す	同じ版のGitHub要約一式が未確認
/Users/tatsu-admin/sfn/sfn-compression-abm/runs/b2_f10_s21_2026-09-22	run	6484455424	6484455424	2026-09-24 01:24	2026-09-24 08:03	bf7dd90a4625620356f4502348c8e810ab8c3874	/Users/tatsu-admin/sfn/sfn-compression-abm/runs/b2_f10_s21_2026-09-22/code_commit.txt;/Users/tatsu-admin/sfn/sfn-compression-abm/runs/b2_f10_s21_2026-09-22/sweep_config.json;/Users/tatsu-admin/sfn/sfn-compression-abm/runs/b2_f10_s21_2026-09-22/manifest.jsonl	21〜40	R未確認 / F未確認 / S未確認 / T未確認	[]	[]	2026-10-04T22:15:38.266490+09:00	False	残す	種21〜40を含む；同じ版のGitHub要約一式が未確認
/Users/tatsu-admin/sfn/sfn-compression-abm/runs/b2_hide_s1_2026-09-22	run	6843047936	6843047936	2026-09-22 22:27	2026-09-23 02:41	bf7dd90a4625620356f4502348c8e810ab8c3874	/Users/tatsu-admin/sfn/sfn-compression-abm/runs/b2_hide_s1_2026-09-22/code_commit.txt;/Users/tatsu-admin/sfn/sfn-compression-abm/runs/b2_hide_s1_2026-09-22/sweep_config.json;/Users/tatsu-admin/sfn/sfn-compression-abm/runs/b2_hide_s1_2026-09-22/manifest.jsonl	1〜20	R未確認 / F未確認 / S未確認 / T未確認	[]	[]	2026-10-04T22:15:38.266490+09:00	False	残す	同じ版のGitHub要約一式が未確認
/Users/tatsu-admin/sfn/sfn-compression-abm/runs/b2_hide_s21_2026-09-22	run	6900731904	6900731904	2026-09-23 15:39	2026-09-23 19:47	bf7dd90a4625620356f4502348c8e810ab8c3874	/Users/tatsu-admin/sfn/sfn-compression-abm/runs/b2_hide_s21_2026-09-22/code_commit.txt;/Users/tatsu-admin/sfn/sfn-compression-abm/runs/b2_hide_s21_2026-09-22/sweep_config.json;/Users/tatsu-admin/sfn/sfn-compression-abm/runs/b2_hide_s21_2026-09-22/manifest.jsonl	21〜40	R未確認 / F未確認 / S未確認 / T未確認	[]	[]	2026-10-04T22:15:38.266490+09:00	False	残す	種21〜40を含む；同じ版のGitHub要約一式が未確認
/Users/tatsu-admin/sfn/sfn-compression-abm/runs/b2a_after	run	1286144	1286144	2026-08-31 19:37	2026-08-31 19:37	16d731f8f497da15303403c65ba419a55e470dd2	/Users/tatsu-admin/sfn/sfn-compression-abm/runs/b2a_after/sweep_config.json;/Users/tatsu-admin/sfn/sfn-compression-abm/runs/b2a_after/manifest.jsonl	1〜2	R未確認 / F未確認 / S未確認 / T未確認	[]	[]	2026-10-04T22:15:38.266490+09:00	False	残す	同じ版のGitHub要約一式が未確認
/Users/tatsu-admin/sfn/sfn-compression-abm/runs/b2a_before	run	1286144	1286144	2026-08-31 19:23	2026-08-31 19:23	16d731f8f497da15303403c65ba419a55e470dd2	/Users/tatsu-admin/sfn/sfn-compression-abm/runs/b2a_before/sweep_config.json;/Users/tatsu-admin/sfn/sfn-compression-abm/runs/b2a_before/manifest.jsonl	1〜2	R未確認 / F未確認 / S未確認 / T未確認	[]	[]	2026-10-04T22:15:38.266490+09:00	False	残す	同じ版のGitHub要約一式が未確認
/Users/tatsu-admin/sfn/sfn-compression-abm/runs/bags_2026-09-12	run	270508032	270508032	2026-09-12 21:37	2026-09-12 21:52			1〜3	R未確認 / F未確認 / S未確認 / T未確認	[]	[]	2026-10-04T22:15:38.266490+09:00	False	残す	同じ版のGitHub要約一式が未確認；manifest・flagからコードの版を確定できない
/Users/tatsu-admin/sfn/sfn-compression-abm/runs/beta1_2026-09-13	run	9426817024	9426817024	2026-09-13 07:40	2026-09-13 10:53			1〜20	R未確認 / F未確認 / S未確認 / T未確認	[]	"[{""path"": ""docs/台帳/台帳追記_2026-09-18.md"", ""line"": 174, ""kind"": ""群名の言及"", ""use"": ""研究・運用報告（根拠との対応は要確認）"", ""snippet"": ""確定  ★ β=1・λ=0 の起点は runs/beta1_2026-09-13（120 本・種は区画4 と同一）""}]"	2026-10-04T22:15:38.266490+09:00	False	残す	同じ版のGitHub要約一式が未確認；10月1日以降の報告に名前あり（根拠との対応が不明なものも保留）；manifest・flagからコードの版を確定できない
/Users/tatsu-admin/sfn/sfn-compression-abm/runs/cliff_v3a2_2026-09-13	run	301379584	301379584	2026-09-13 23:42	2026-09-14 00:04			1〜3	R未確認 / F未確認 / S未確認 / T未確認	[]	[]	2026-10-04T22:15:38.266490+09:00	False	残す	同じ版のGitHub要約一式が未確認；manifest・flagからコードの版を確定できない
/Users/tatsu-admin/sfn/sfn-compression-abm/runs/cscopefix_2026-09-13	run	240943104	240943104	2026-09-13 00:36	2026-09-13 00:51			1〜3	R未確認 / F未確認 / S未確認 / T未確認	[]	[]	2026-10-04T22:15:38.266490+09:00	False	残す	同じ版のGitHub要約一式が未確認；manifest・flagからコードの版を確定できない
/Users/tatsu-admin/sfn/sfn-compression-abm/runs/e_g0	run	1294336	1294336	2026-09-02 01:45	2026-09-02 01:45	49fa7aa53c66d87ebbf6a22bf7e3f4444acd3f68	/Users/tatsu-admin/sfn/sfn-compression-abm/runs/e_g0/sweep_config.json;/Users/tatsu-admin/sfn/sfn-compression-abm/runs/e_g0/manifest.jsonl	1〜2	R未確認 / F未確認 / S未確認 / T未確認	[]	[]	2026-10-04T22:15:38.266490+09:00	False	残す	同じ版のGitHub要約一式が未確認
/Users/tatsu-admin/sfn/sfn-compression-abm/runs/e_g1	run	1294336	1294336	2026-09-02 01:45	2026-09-02 01:45	49fa7aa53c66d87ebbf6a22bf7e3f4444acd3f68	/Users/tatsu-admin/sfn/sfn-compression-abm/runs/e_g1/sweep_config.json;/Users/tatsu-admin/sfn/sfn-compression-abm/runs/e_g1/manifest.jsonl	1〜2	R未確認 / F未確認 / S未確認 / T未確認	[]	[]	2026-10-04T22:15:38.266490+09:00	False	残す	同じ版のGitHub要約一式が未確認
/Users/tatsu-admin/sfn/sfn-compression-abm/runs/e_off	run	1286144	1286144	2026-09-02 01:45	2026-09-02 01:45	49fa7aa53c66d87ebbf6a22bf7e3f4444acd3f68	/Users/tatsu-admin/sfn/sfn-compression-abm/runs/e_off/sweep_config.json;/Users/tatsu-admin/sfn/sfn-compression-abm/runs/e_off/manifest.jsonl	1〜2	R未確認 / F未確認 / S未確認 / T未確認	[]	[]	2026-10-04T22:15:38.266490+09:00	False	残す	同じ版のGitHub要約一式が未確認
/Users/tatsu-admin/sfn/sfn-compression-abm/runs/fdecay_2026-09-09/t067_w00	run	2738245632	2738245632	2026-09-10 07:58	2026-09-10 09:42	a6a5403a463b5f78728fd6571a14725d64d4ab68	/Users/tatsu-admin/sfn/sfn-compression-abm/runs/fdecay_2026-09-09/t067_w00/sweep_config.json;/Users/tatsu-admin/sfn/sfn-compression-abm/runs/fdecay_2026-09-09/t067_w00/manifest.jsonl	1〜20	R未確認 / F未確認 / S未確認 / T未確認	[]	[]	2026-10-04T22:15:38.266490+09:00	False	残す	同じ版のGitHub要約一式が未確認
/Users/tatsu-admin/sfn/sfn-compression-abm/runs/fdecay_2026-09-09/t067_w10	run	2706436096	2706436096	2026-09-10 09:43	2026-09-10 11:45	a6a5403a463b5f78728fd6571a14725d64d4ab68	/Users/tatsu-admin/sfn/sfn-compression-abm/runs/fdecay_2026-09-09/t067_w10/sweep_config.json;/Users/tatsu-admin/sfn/sfn-compression-abm/runs/fdecay_2026-09-09/t067_w10/manifest.jsonl	1〜20	R未確認 / F未確認 / S未確認 / T未確認	[]	[]	2026-10-04T22:15:38.266490+09:00	False	残す	同じ版のGitHub要約一式が未確認
/Users/tatsu-admin/sfn/sfn-compression-abm/runs/fdecay_2026-09-09/t200_w00	run	3050295296	3050295296	2026-09-10 11:45	2026-09-10 13:59	a6a5403a463b5f78728fd6571a14725d64d4ab68	/Users/tatsu-admin/sfn/sfn-compression-abm/runs/fdecay_2026-09-09/t200_w00/sweep_config.json;/Users/tatsu-admin/sfn/sfn-compression-abm/runs/fdecay_2026-09-09/t200_w00/manifest.jsonl	1〜20	R未確認 / F未確認 / S未確認 / T未確認	[]	[]	2026-10-04T22:15:38.266490+09:00	False	残す	同じ版のGitHub要約一式が未確認
/Users/tatsu-admin/sfn/sfn-compression-abm/runs/fdecay_2026-09-09/t200_w10	run	2958585856	2958585856	2026-09-10 13:59	2026-09-10 15:55	a6a5403a463b5f78728fd6571a14725d64d4ab68	/Users/tatsu-admin/sfn/sfn-compression-abm/runs/fdecay_2026-09-09/t200_w10/sweep_config.json;/Users/tatsu-admin/sfn/sfn-compression-abm/runs/fdecay_2026-09-09/t200_w10/manifest.jsonl	1〜20	R未確認 / F未確認 / S未確認 / T未確認	[]	[]	2026-10-04T22:15:38.266490+09:00	False	残す	同じ版のGitHub要約一式が未確認
/Users/tatsu-admin/sfn/sfn-compression-abm/runs/fext_2026-08-30	run	4511412224	4511412224	2026-08-30 13:31	2026-08-30 16:24	16d731f8f497da15303403c65ba419a55e470dd2	/Users/tatsu-admin/sfn/sfn-compression-abm/runs/fext_2026-08-30/sweep_config.json;/Users/tatsu-admin/sfn/sfn-compression-abm/runs/fext_2026-08-30/manifest.jsonl	1〜40	R未確認 / F未確認 / S未確認 / T未確認	[]	[]	2026-10-04T22:15:38.266490+09:00	False	残す	種21〜40を含む；同じ版のGitHub要約一式が未確認
/Users/tatsu-admin/sfn/sfn-compression-abm/runs/fext_2026-08-30/_calibration	run	5218304	5218304	2026-08-30 13:31	2026-08-30 13:31	16d731f8f497da15303403c65ba419a55e470dd2	/Users/tatsu-admin/sfn/sfn-compression-abm/runs/fext_2026-08-30/_calibration/sweep_config.json	1〜40	R未確認 / F未確認 / S未確認 / T未確認	[]	[]	2026-10-04T22:15:38.266490+09:00	False	残す	種21〜40を含む；同じ版のGitHub要約一式が未確認
/Users/tatsu-admin/sfn/sfn-compression-abm/runs/h2_2026-09-15	run	2812272640	2812272640	2026-09-15 13:58	2026-09-15 15:23	7175431fc9d1c123d787bd293f52ca4b4b95585f	/Users/tatsu-admin/sfn/sfn-compression-abm/runs/h2_2026-09-15/sweep_config.json;/Users/tatsu-admin/sfn/sfn-compression-abm/runs/h2_2026-09-15/manifest.jsonl	1〜20	R未確認 / F未確認 / S未確認 / T未確認	[]	[]	2026-10-04T22:15:38.266490+09:00	False	残す	同じ版のGitHub要約一式が未確認
/Users/tatsu-admin/sfn/sfn-compression-abm/runs/ident_2026-09-08/b_t067_w00	run	2809573376	2809573376	2026-09-08 22:54	2026-09-09 00:36	ac9dc037324ab38b7b4937d64a979ee654cc9b0c	/Users/tatsu-admin/sfn/sfn-compression-abm/runs/ident_2026-09-08/b_t067_w00/sweep_config.json;/Users/tatsu-admin/sfn/sfn-compression-abm/runs/ident_2026-09-08/b_t067_w00/manifest.jsonl	1〜20	R未確認 / F未確認 / S未確認 / T未確認	[]	[]	2026-10-04T22:15:38.266490+09:00	False	残す	同じ版のGitHub要約一式が未確認
/Users/tatsu-admin/sfn/sfn-compression-abm/runs/ident_2026-09-08/b_t067_w10	run	2738667520	2738667520	2026-09-09 00:36	2026-09-09 02:18	ac9dc037324ab38b7b4937d64a979ee654cc9b0c	/Users/tatsu-admin/sfn/sfn-compression-abm/runs/ident_2026-09-08/b_t067_w10/sweep_config.json;/Users/tatsu-admin/sfn/sfn-compression-abm/runs/ident_2026-09-08/b_t067_w10/manifest.jsonl	1〜20	R未確認 / F未確認 / S未確認 / T未確認	[]	[]	2026-10-04T22:15:38.266490+09:00	False	残す	同じ版のGitHub要約一式が未確認
/Users/tatsu-admin/sfn/sfn-compression-abm/runs/ident_2026-09-08/b_t200_w00	run	3085111296	3085111296	2026-09-09 02:18	2026-09-09 04:06	ac9dc037324ab38b7b4937d64a979ee654cc9b0c	/Users/tatsu-admin/sfn/sfn-compression-abm/runs/ident_2026-09-08/b_t200_w00/sweep_config.json;/Users/tatsu-admin/sfn/sfn-compression-abm/runs/ident_2026-09-08/b_t200_w00/manifest.jsonl	1〜20	R未確認 / F未確認 / S未確認 / T未確認	[]	[]	2026-10-04T22:15:38.266490+09:00	False	残す	同じ版のGitHub要約一式が未確認
/Users/tatsu-admin/sfn/sfn-compression-abm/runs/ident_2026-09-08/b_t200_w10	run	3017748480	3017748480	2026-09-09 04:06	2026-09-09 05:51	ac9dc037324ab38b7b4937d64a979ee654cc9b0c	/Users/tatsu-admin/sfn/sfn-compression-abm/runs/ident_2026-09-08/b_t200_w10/sweep_config.json;/Users/tatsu-admin/sfn/sfn-compression-abm/runs/ident_2026-09-08/b_t200_w10/manifest.jsonl	1〜20	R未確認 / F未確認 / S未確認 / T未確認	[]	[]	2026-10-04T22:15:38.266490+09:00	False	残す	同じ版のGitHub要約一式が未確認
/Users/tatsu-admin/sfn/sfn-compression-abm/runs/ident_2026-09-08/c_t067_w00	run	2769620992	2769620992	2026-09-09 05:51	2026-09-09 07:30	ac9dc037324ab38b7b4937d64a979ee654cc9b0c	/Users/tatsu-admin/sfn/sfn-compression-abm/runs/ident_2026-09-08/c_t067_w00/sweep_config.json;/Users/tatsu-admin/sfn/sfn-compression-abm/runs/ident_2026-09-08/c_t067_w00/manifest.jsonl	1〜20	R未確認 / F未確認 / S未確認 / T未確認	[]	[]	2026-10-04T22:15:38.266490+09:00	False	残す	同じ版のGitHub要約一式が未確認
/Users/tatsu-admin/sfn/sfn-compression-abm/runs/ident_2026-09-08/c_t067_w10	run	2784985088	2784985088	2026-09-09 07:30	2026-09-09 09:11	ac9dc037324ab38b7b4937d64a979ee654cc9b0c	/Users/tatsu-admin/sfn/sfn-compression-abm/runs/ident_2026-09-08/c_t067_w10/sweep_config.json;/Users/tatsu-admin/sfn/sfn-compression-abm/runs/ident_2026-09-08/c_t067_w10/manifest.jsonl	1〜20	R未確認 / F未確認 / S未確認 / T未確認	[]	[]	2026-10-04T22:15:38.266490+09:00	False	残す	同じ版のGitHub要約一式が未確認
/Users/tatsu-admin/sfn/sfn-compression-abm/runs/ident_2026-09-08/c_t200_w00	run	3284357120	3284357120	2026-09-09 09:11	2026-09-09 11:02	ac9dc037324ab38b7b4937d64a979ee654cc9b0c	/Users/tatsu-admin/sfn/sfn-compression-abm/runs/ident_2026-09-08/c_t200_w00/sweep_config.json;/Users/tatsu-admin/sfn/sfn-compression-abm/runs/ident_2026-09-08/c_t200_w00/manifest.jsonl	1〜20	R未確認 / F未確認 / S未確認 / T未確認	[]	[]	2026-10-04T22:15:38.266490+09:00	False	残す	同じ版のGitHub要約一式が未確認
/Users/tatsu-admin/sfn/sfn-compression-abm/runs/ident_2026-09-08/c_t200_w10	run	3284013056	3284013056	2026-09-09 11:02	2026-09-09 12:56	ac9dc037324ab38b7b4937d64a979ee654cc9b0c	/Users/tatsu-admin/sfn/sfn-compression-abm/runs/ident_2026-09-08/c_t200_w10/sweep_config.json;/Users/tatsu-admin/sfn/sfn-compression-abm/runs/ident_2026-09-08/c_t200_w10/manifest.jsonl	1〜20	R未確認 / F未確認 / S未確認 / T未確認	[]	[]	2026-10-04T22:15:38.266490+09:00	False	残す	同じ版のGitHub要約一式が未確認
/Users/tatsu-admin/sfn/sfn-compression-abm/runs/k0_2026-09-15	run	2807439360	2807439360	2026-09-15 16:18	2026-09-15 17:44	7175431fc9d1c123d787bd293f52ca4b4b95585f	/Users/tatsu-admin/sfn/sfn-compression-abm/runs/k0_2026-09-15/sweep_config.json;/Users/tatsu-admin/sfn/sfn-compression-abm/runs/k0_2026-09-15/manifest.jsonl	1〜20	R未確認 / F未確認 / S未確認 / T未確認	[]	[]	2026-10-04T22:15:38.266490+09:00	False	残す	同じ版のGitHub要約一式が未確認
/Users/tatsu-admin/sfn/sfn-compression-abm/runs/l0_v2c_base_2026-09-20	run	2672660480	2672660480	2026-09-20 21:09	2026-09-20 22:27	9f86adeb790bb46f702a23fb4a20230a543508ab	/Users/tatsu-admin/sfn/sfn-compression-abm/runs/l0_v2c_base_2026-09-20/sweep_config.json;/Users/tatsu-admin/sfn/sfn-compression-abm/runs/l0_v2c_base_2026-09-20/ARM_COMPLETE.json;/Users/tatsu-admin/sfn/sfn-compression-abm/runs/l0_v2c_base_2026-09-20/manifest.jsonl	1〜20	R未確認 / F未確認 / S未確認 / T未確認	[]	[]	2026-10-04T22:15:38.266490+09:00	False	残す	同じ版のGitHub要約一式が未確認
/Users/tatsu-admin/sfn/sfn-compression-abm/runs/l0_v2c_hide_2026-09-20	run	1468825600	1468825600	2026-09-20 22:27	2026-09-20 23:26	9f86adeb790bb46f702a23fb4a20230a543508ab	/Users/tatsu-admin/sfn/sfn-compression-abm/runs/l0_v2c_hide_2026-09-20/sweep_config.json;/Users/tatsu-admin/sfn/sfn-compression-abm/runs/l0_v2c_hide_2026-09-20/ARM_COMPLETE.json;/Users/tatsu-admin/sfn/sfn-compression-abm/runs/l0_v2c_hide_2026-09-20/manifest.jsonl	1〜20	R未確認 / F未確認 / S未確認 / T未確認	[]	[]	2026-10-04T22:15:38.266490+09:00	False	残す	同じ版のGitHub要約一式が未確認
/Users/tatsu-admin/sfn/sfn-compression-abm/runs/l0_v3a2_alpha_2026-09-20	run	7168557056	7168557056	2026-09-20 08:52	2026-09-20 11:37	9f86adeb790bb46f702a23fb4a20230a543508ab	/Users/tatsu-admin/sfn/sfn-compression-abm/runs/l0_v3a2_alpha_2026-09-20/sweep_config.json;/Users/tatsu-admin/sfn/sfn-compression-abm/runs/l0_v3a2_alpha_2026-09-20/ARM_COMPLETE.json;/Users/tatsu-admin/sfn/sfn-compression-abm/runs/l0_v3a2_alpha_2026-09-20/manifest.jsonl	1〜20	R未確認 / F未確認 / S未確認 / T未確認	[]	[]	2026-10-04T22:15:38.266490+09:00	False	残す	同じ版のGitHub要約一式が未確認
/Users/tatsu-admin/sfn/sfn-compression-abm/runs/l0_v3a2_base_2026-09-20	run	6826733568	6826733568	2026-09-19 16:18	2026-09-19 18:56	9f86adeb790bb46f702a23fb4a20230a543508ab	/Users/tatsu-admin/sfn/sfn-compression-abm/runs/l0_v3a2_base_2026-09-20/sweep_config.json;/Users/tatsu-admin/sfn/sfn-compression-abm/runs/l0_v3a2_base_2026-09-20/ARM_COMPLETE.json;/Users/tatsu-admin/sfn/sfn-compression-abm/runs/l0_v3a2_base_2026-09-20/manifest.jsonl	1〜20	R未確認 / F未確認 / S未確認 / T未確認	[]	[]	2026-10-04T22:15:38.266490+09:00	False	残す	同じ版のGitHub要約一式が未確認
/Users/tatsu-admin/sfn/sfn-compression-abm/runs/l0_v3a2_beta_2026-09-20	run	17992286208	17992286208	2026-09-20 11:37	2026-09-20 16:29	9f86adeb790bb46f702a23fb4a20230a543508ab	/Users/tatsu-admin/sfn/sfn-compression-abm/runs/l0_v3a2_beta_2026-09-20/sweep_config.json;/Users/tatsu-admin/sfn/sfn-compression-abm/runs/l0_v3a2_beta_2026-09-20/ARM_COMPLETE.json;/Users/tatsu-admin/sfn/sfn-compression-abm/runs/l0_v3a2_beta_2026-09-20/manifest.jsonl	1〜20	R未確認 / F未確認 / S未確認 / T未確認	[]	[]	2026-10-04T22:15:38.266490+09:00	False	残す	同じ版のGitHub要約一式が未確認
/Users/tatsu-admin/sfn/sfn-compression-abm/runs/l0_v3a2_charge_2026-09-20	run	3711963136	3711963136	2026-09-20 07:02	2026-09-20 08:52	9f86adeb790bb46f702a23fb4a20230a543508ab	/Users/tatsu-admin/sfn/sfn-compression-abm/runs/l0_v3a2_charge_2026-09-20/sweep_config.json;/Users/tatsu-admin/sfn/sfn-compression-abm/runs/l0_v3a2_charge_2026-09-20/ARM_COMPLETE.json;/Users/tatsu-admin/sfn/sfn-compression-abm/runs/l0_v3a2_charge_2026-09-20/manifest.jsonl	1〜20	R未確認 / F未確認 / S未確認 / T未確認	[]	[]	2026-10-04T22:15:38.266490+09:00	False	残す	同じ版のGitHub要約一式が未確認
/Users/tatsu-admin/sfn/sfn-compression-abm/runs/l0_v3a2_f00_2026-09-21	run	8229822464	8229822464	2026-09-21 19:42	2026-09-21 23:25	dfe0f1d80a0932a5163c6d45cebf2448fd748824	/Users/tatsu-admin/sfn/sfn-compression-abm/runs/l0_v3a2_f00_2026-09-21/sweep_config.json;/Users/tatsu-admin/sfn/sfn-compression-abm/runs/l0_v3a2_f00_2026-09-21/manifest.jsonl	1〜20	R未確認 / F未確認 / S未確認 / T未確認	[]	[]	2026-10-04T22:15:38.266490+09:00	False	残す	同じ版のGitHub要約一式が未確認
/Users/tatsu-admin/sfn/sfn-compression-abm/runs/l0_v3a2_f025_2026-09-21	run	7692541952	7692541952	2026-09-21 23:26	2026-09-22 04:39	dfe0f1d80a0932a5163c6d45cebf2448fd748824	/Users/tatsu-admin/sfn/sfn-compression-abm/runs/l0_v3a2_f025_2026-09-21/sweep_config.json;/Users/tatsu-admin/sfn/sfn-compression-abm/runs/l0_v3a2_f025_2026-09-21/manifest.jsonl	1〜20	R未確認 / F未確認 / S未確認 / T未確認	[]	[]	2026-10-04T22:15:38.266490+09:00	False	残す	同じ版のGitHub要約一式が未確認
/Users/tatsu-admin/sfn/sfn-compression-abm/runs/l0_v3a2_f10_2026-09-21	run	7104294912	7104294912	2026-09-22 05:53	2026-09-22 09:58	dfe0f1d80a0932a5163c6d45cebf2448fd748824	/Users/tatsu-admin/sfn/sfn-compression-abm/runs/l0_v3a2_f10_2026-09-21/sweep_config.json;/Users/tatsu-admin/sfn/sfn-compression-abm/runs/l0_v3a2_f10_2026-09-21/manifest.jsonl	1〜20	R未確認 / F未確認 / S未確認 / T未確認	[]	[]	2026-10-04T22:15:38.266490+09:00	False	残す	同じ版のGitHub要約一式が未確認
/Users/tatsu-admin/sfn/sfn-compression-abm/runs/l0_v3a2_flat2_2026-09-20	run	2678591488	2678591488	2026-09-20 19:50	2026-09-20 21:09	9f86adeb790bb46f702a23fb4a20230a543508ab	/Users/tatsu-admin/sfn/sfn-compression-abm/runs/l0_v3a2_flat2_2026-09-20/sweep_config.json;/Users/tatsu-admin/sfn/sfn-compression-abm/runs/l0_v3a2_flat2_2026-09-20/ARM_COMPLETE.json;/Users/tatsu-admin/sfn/sfn-compression-abm/runs/l0_v3a2_flat2_2026-09-20/manifest.jsonl	1〜20	R未確認 / F未確認 / S未確認 / T未確認	[]	[]	2026-10-04T22:15:38.266490+09:00	False	残す	同じ版のGitHub要約一式が未確認
/Users/tatsu-admin/sfn/sfn-compression-abm/runs/l0_v3a2_hide_2026-09-20	run	7400099840	7400099840	2026-09-19 18:56	2026-09-19 21:28	9f86adeb790bb46f702a23fb4a20230a543508ab	/Users/tatsu-admin/sfn/sfn-compression-abm/runs/l0_v3a2_hide_2026-09-20/sweep_config.json;/Users/tatsu-admin/sfn/sfn-compression-abm/runs/l0_v3a2_hide_2026-09-20/ARM_COMPLETE.json;/Users/tatsu-admin/sfn/sfn-compression-abm/runs/l0_v3a2_hide_2026-09-20/manifest.jsonl	1〜20	R未確認 / F未確認 / S未確認 / T未確認	[]	[]	2026-10-04T22:15:38.266490+09:00	False	残す	同じ版のGitHub要約一式が未確認
/Users/tatsu-admin/sfn/sfn-compression-abm/runs/l0_v3a2_tau0_2026-09-20	run	6466334720	6466334720	2026-09-20 03:32	2026-09-20 07:02	9f86adeb790bb46f702a23fb4a20230a543508ab	/Users/tatsu-admin/sfn/sfn-compression-abm/runs/l0_v3a2_tau0_2026-09-20/sweep_config.json;/Users/tatsu-admin/sfn/sfn-compression-abm/runs/l0_v3a2_tau0_2026-09-20/ARM_COMPLETE.json;/Users/tatsu-admin/sfn/sfn-compression-abm/runs/l0_v3a2_tau0_2026-09-20/manifest.jsonl	1〜20	R未確認 / F未確認 / S未確認 / T未確認	[]	[]	2026-10-04T22:15:38.266490+09:00	False	残す	同じ版のGitHub要約一式が未確認
/Users/tatsu-admin/sfn/sfn-compression-abm/runs/l0_v3a2_w_2026-09-20	run	6756560896	6756560896	2026-09-20 16:29	2026-09-20 19:50	9f86adeb790bb46f702a23fb4a20230a543508ab	/Users/tatsu-admin/sfn/sfn-compression-abm/runs/l0_v3a2_w_2026-09-20/sweep_config.json;/Users/tatsu-admin/sfn/sfn-compression-abm/runs/l0_v3a2_w_2026-09-20/ARM_COMPLETE.json;/Users/tatsu-admin/sfn/sfn-compression-abm/runs/l0_v3a2_w_2026-09-20/manifest.jsonl	1〜20	R未確認 / F未確認 / S未確認 / T未確認	[]	[]	2026-10-04T22:15:38.266490+09:00	False	残す	同じ版のGitHub要約一式が未確認
/Users/tatsu-admin/sfn/sfn-compression-abm/runs/l0_v3a2l0_base_2026-09-20	run	6815453184	6815453184	2026-09-19 21:28	2026-09-20 00:18	9f86adeb790bb46f702a23fb4a20230a543508ab	/Users/tatsu-admin/sfn/sfn-compression-abm/runs/l0_v3a2l0_base_2026-09-20/sweep_config.json;/Users/tatsu-admin/sfn/sfn-compression-abm/runs/l0_v3a2l0_base_2026-09-20/ARM_COMPLETE.json;/Users/tatsu-admin/sfn/sfn-compression-abm/runs/l0_v3a2l0_base_2026-09-20/manifest.jsonl	1〜20	R未確認 / F未確認 / S未確認 / T未確認	[]	[]	2026-10-04T22:15:38.266490+09:00	False	残す	同じ版のGitHub要約一式が未確認
/Users/tatsu-admin/sfn/sfn-compression-abm/runs/l0_v3a2l0_hide_2026-09-20	run	7452565504	7452565504	2026-09-20 00:18	2026-09-20 03:32	9f86adeb790bb46f702a23fb4a20230a543508ab	/Users/tatsu-admin/sfn/sfn-compression-abm/runs/l0_v3a2l0_hide_2026-09-20/sweep_config.json;/Users/tatsu-admin/sfn/sfn-compression-abm/runs/l0_v3a2l0_hide_2026-09-20/ARM_COMPLETE.json;/Users/tatsu-admin/sfn/sfn-compression-abm/runs/l0_v3a2l0_hide_2026-09-20/manifest.jsonl	1〜20	R未確認 / F未確認 / S未確認 / T未確認	[]	[]	2026-10-04T22:15:38.266490+09:00	False	残す	同じ版のGitHub要約一式が未確認
/Users/tatsu-admin/sfn/sfn-compression-abm/runs/lam_alpha1_2026-09-15	run	5129465856	5129465856	2026-09-16 02:18	2026-09-16 04:24	9f86adeb790bb46f702a23fb4a20230a543508ab	/Users/tatsu-admin/sfn/sfn-compression-abm/runs/lam_alpha1_2026-09-15/sweep_config.json;/Users/tatsu-admin/sfn/sfn-compression-abm/runs/lam_alpha1_2026-09-15/manifest.jsonl	1〜20	R未確認 / F未確認 / S未確認 / T未確認	[]	[]	2026-10-04T22:15:38.266490+09:00	False	残す	同じ版のGitHub要約一式が未確認
/Users/tatsu-admin/sfn/sfn-compression-abm/runs/lam_alpha_2026-09-15	run	5134725120	5134725120	2026-09-15 00:49	2026-09-15 02:51	7175431fc9d1c123d787bd293f52ca4b4b95585f	/Users/tatsu-admin/sfn/sfn-compression-abm/runs/lam_alpha_2026-09-15/sweep_config.json;/Users/tatsu-admin/sfn/sfn-compression-abm/runs/lam_alpha_2026-09-15/manifest.jsonl	1〜20	R未確認 / F未確認 / S未確認 / T未確認	[]	[]	2026-10-04T22:15:38.266490+09:00	False	残す	同じ版のGitHub要約一式が未確認
/Users/tatsu-admin/sfn/sfn-compression-abm/runs/lam_beta1_2026-09-15	run	9509888000	9509888000	2026-09-16 05:05	2026-09-16 07:31	9f86adeb790bb46f702a23fb4a20230a543508ab	/Users/tatsu-admin/sfn/sfn-compression-abm/runs/lam_beta1_2026-09-15/sweep_config.json;/Users/tatsu-admin/sfn/sfn-compression-abm/runs/lam_beta1_2026-09-15/manifest.jsonl	1〜20	R未確認 / F未確認 / S未確認 / T未確認	[]	[]	2026-10-04T22:15:38.266490+09:00	False	残す	同じ版のGitHub要約一式が未確認
/Users/tatsu-admin/sfn/sfn-compression-abm/runs/lam_beta_2026-09-15	run	5080018944	5080018944	2026-09-15 03:18	2026-09-15 05:25	7175431fc9d1c123d787bd293f52ca4b4b95585f	/Users/tatsu-admin/sfn/sfn-compression-abm/runs/lam_beta_2026-09-15/sweep_config.json;/Users/tatsu-admin/sfn/sfn-compression-abm/runs/lam_beta_2026-09-15/manifest.jsonl	1〜20	R未確認 / F未確認 / S未確認 / T未確認	[]	"[{""path"": ""docs/台帳/台帳追記_2026-09-21_外挿の割れ方と中心的過程の正体.md"", ""line"": 278, ""kind"": ""群名の言及"", ""use"": ""研究・運用報告（根拠との対応は要確認）"", ""snippet"": ""`runs/lam_beta_2026-09-15`（f=0）と `runs/lam_gamma_2026-09-15`（f=1）、★ **v2c（三階）の世界**（種 sha256 `73f17e28…`）、λ=1、各120台帳、種20。""}]"	2026-10-04T22:15:38.266490+09:00	False	残す	同じ版のGitHub要約一式が未確認；10月1日以降の報告に名前あり（根拠との対応が不明なものも保留）
/Users/tatsu-admin/sfn/sfn-compression-abm/runs/lam_charge_2026-09-15	run	5369962496	5369962496	2026-09-15 22:01	2026-09-16 00:59	80170b946fe6b061846d3078ea4c4ed894db2bfd;9f86adeb790bb46f702a23fb4a20230a543508ab	/Users/tatsu-admin/sfn/sfn-compression-abm/runs/lam_charge_2026-09-15/sweep_config.json;/Users/tatsu-admin/sfn/sfn-compression-abm/runs/lam_charge_2026-09-15/manifest.jsonl	1〜20	R未確認 / F未確認 / S未確認 / T未確認	[]	[]	2026-10-04T22:15:38.266490+09:00	False	残す	同じ版のGitHub要約一式が未確認
/Users/tatsu-admin/sfn/sfn-compression-abm/runs/lam_delta_2026-09-15	run	5138546688	5138546688	2026-09-15 09:59	2026-09-15 11:57	7175431fc9d1c123d787bd293f52ca4b4b95585f	/Users/tatsu-admin/sfn/sfn-compression-abm/runs/lam_delta_2026-09-15/sweep_config.json;/Users/tatsu-admin/sfn/sfn-compression-abm/runs/lam_delta_2026-09-15/manifest.jsonl	1〜20	R未確認 / F未確認 / S未確認 / T未確認	[]	[]	2026-10-04T22:15:38.266490+09:00	False	残す	同じ版のGitHub要約一式が未確認
/Users/tatsu-admin/sfn/sfn-compression-abm/runs/lam_flat2_2026-09-15	run	5157437440	5157437440	2026-09-16 11:23	2026-09-16 13:44	9f86adeb790bb46f702a23fb4a20230a543508ab	/Users/tatsu-admin/sfn/sfn-compression-abm/runs/lam_flat2_2026-09-15/sweep_config.json;/Users/tatsu-admin/sfn/sfn-compression-abm/runs/lam_flat2_2026-09-15/manifest.jsonl	1〜20	R未確認 / F未確認 / S未確認 / T未確認	[]	[]	2026-10-04T22:15:38.266490+09:00	False	残す	同じ版のGitHub要約一式が未確認
/Users/tatsu-admin/sfn/sfn-compression-abm/runs/lam_gamma_2026-09-15	run	4892831744	4892831744	2026-09-15 07:33	2026-09-15 09:33	7175431fc9d1c123d787bd293f52ca4b4b95585f	/Users/tatsu-admin/sfn/sfn-compression-abm/runs/lam_gamma_2026-09-15/sweep_config.json;/Users/tatsu-admin/sfn/sfn-compression-abm/runs/lam_gamma_2026-09-15/manifest.jsonl	1〜20	R未確認 / F未確認 / S未確認 / T未確認	[]	"[{""path"": ""docs/台帳/台帳追記_2026-09-19_第3_grepの環境欠陥とS_beの設計確定.md"", ""line"": 67, ""kind"": ""群名の言及"", ""use"": ""研究・運用報告（根拠との対応は要確認）"", ""snippet"": ""       ★★ 区画γ（runs/lam_gamma_2026-09-15 ／ λ=1.0 ／ f=1.0 一様 ／ 三階 ／""}, {""path"": ""docs/台帳/台帳追記_2026-09-21_外挿の割れ方と中心的過程の正体.md"", ""line"": 278, ""kind"": ""群名の言及"", ""use"": ""研究・運用報告（根拠との対応は要確認）"", ""snippet"": ""`runs/lam_beta_2026-09-15`（f=0）と `runs/lam_gamma_2026-09-15`（f=1）、★ **v2c（三階）の世界**（種 sha256 `73f17e28…`）、λ=1、各120台帳、種20。""}]"	2026-10-04T22:15:38.266490+09:00	False	残す	同じ版のGitHub要約一式が未確認；10月1日以降の報告に名前あり（根拠との対応が不明なものも保留）
/Users/tatsu-admin/sfn/sfn-compression-abm/runs/lam_n1_2026-09-15	run	5053050880	5053050880	2026-09-16 14:37	2026-09-16 16:47	9f86adeb790bb46f702a23fb4a20230a543508ab	/Users/tatsu-admin/sfn/sfn-compression-abm/runs/lam_n1_2026-09-15/sweep_config.json;/Users/tatsu-admin/sfn/sfn-compression-abm/runs/lam_n1_2026-09-15/manifest.jsonl	1〜20	R未確認 / F未確認 / S未確認 / T未確認	[]	[]	2026-10-04T22:15:38.266490+09:00	False	残す	同じ版のGitHub要約一式が未確認
/Users/tatsu-admin/sfn/sfn-compression-abm/runs/lam_n2_2026-09-15	run	5194424320	5194424320	2026-09-16 17:28	2026-09-16 19:31	9f86adeb790bb46f702a23fb4a20230a543508ab	/Users/tatsu-admin/sfn/sfn-compression-abm/runs/lam_n2_2026-09-15/sweep_config.json;/Users/tatsu-admin/sfn/sfn-compression-abm/runs/lam_n2_2026-09-15/manifest.jsonl	1〜20	R未確認 / F未確認 / S未確認 / T未確認	[]	[]	2026-10-04T22:15:38.266490+09:00	False	残す	同じ版のGitHub要約一式が未確認
/Users/tatsu-admin/sfn/sfn-compression-abm/runs/lam_v2a_2026-09-15	run	5210054656	5210054656	2026-09-15 18:34	2026-09-15 21:19	7175431fc9d1c123d787bd293f52ca4b4b95585f	/Users/tatsu-admin/sfn/sfn-compression-abm/runs/lam_v2a_2026-09-15/sweep_config.json;/Users/tatsu-admin/sfn/sfn-compression-abm/runs/lam_v2a_2026-09-15/manifest.jsonl	1〜20	R未確認 / F未確認 / S未確認 / T未確認	[]	[]	2026-10-04T22:15:38.266490+09:00	False	残す	同じ版のGitHub要約一式が未確認
/Users/tatsu-admin/sfn/sfn-compression-abm/runs/lam_v3a2_2026-09-15	run	10755047424	10755047424	2026-09-16 20:13	2026-09-17 02:30	9f86adeb790bb46f702a23fb4a20230a543508ab	/Users/tatsu-admin/sfn/sfn-compression-abm/runs/lam_v3a2_2026-09-15/sweep_config.json;/Users/tatsu-admin/sfn/sfn-compression-abm/runs/lam_v3a2_2026-09-15/manifest.jsonl	1〜20	R未確認 / F未確認 / S未確認 / T未確認	[]	"[{""path"": ""docs/台帳/台帳追記_2026-09-18.md"", ""line"": 23, ""kind"": ""群名の言及"", ""use"": ""研究・運用報告（根拠との対応は要確認）"", ""snippet"": ""  ★ runs/lam_v3a2_2026-09-15 ／ λ=1.0 ／ 種 5f3e5601 ／ 台帳 120""}]"	2026-10-04T22:15:38.266490+09:00	False	残す	同じ版のGitHub要約一式が未確認；10月1日以降の報告に名前あり（根拠との対応が不明なものも保留）
/Users/tatsu-admin/sfn/sfn-compression-abm/runs/lam_w2_2026-09-15	run	5200101376	5200101376	2026-09-16 08:34	2026-09-16 10:42	9f86adeb790bb46f702a23fb4a20230a543508ab	/Users/tatsu-admin/sfn/sfn-compression-abm/runs/lam_w2_2026-09-15/sweep_config.json;/Users/tatsu-admin/sfn/sfn-compression-abm/runs/lam_w2_2026-09-15/manifest.jsonl	1〜20	R未確認 / F未確認 / S未確認 / T未確認	[]	[]	2026-10-04T22:15:38.266490+09:00	False	残す	同じ版のGitHub要約一式が未確認
/Users/tatsu-admin/sfn/sfn-compression-abm/runs/layeronly_2026-09-12	run	67563520	67563520	2026-09-12 18:08	2026-09-12 18:09	0580058eb096d04a33250331dd9245adfb1cb4f9	/Users/tatsu-admin/sfn/sfn-compression-abm/runs/layeronly_2026-09-12/sweep_config.json;/Users/tatsu-admin/sfn/sfn-compression-abm/runs/layeronly_2026-09-12/manifest.jsonl	1〜3	R未確認 / F未確認 / S未確認 / T未確認	[]	[]	2026-10-04T22:15:38.266490+09:00	False	残す	同じ版のGitHub要約一式が未確認
/Users/tatsu-admin/sfn/sfn-compression-abm/runs/ldecouple_2026-08-31	run	8684040192	8684040192	2026-08-30 17:50	2026-08-30 22:28	16d731f8f497da15303403c65ba419a55e470dd2	/Users/tatsu-admin/sfn/sfn-compression-abm/runs/ldecouple_2026-08-31/sweep_config.json;/Users/tatsu-admin/sfn/sfn-compression-abm/runs/ldecouple_2026-08-31/manifest.jsonl	1〜40	R未確認 / F未確認 / S未確認 / T未確認	[]	[]	2026-10-04T22:15:38.266490+09:00	False	残す	種21〜40を含む；同じ版のGitHub要約一式が未確認
/Users/tatsu-admin/sfn/sfn-compression-abm/runs/ldecouple_2026-08-31/_calibration	run	4972544	4972544	2026-08-30 17:50	2026-08-30 17:51	16d731f8f497da15303403c65ba419a55e470dd2	/Users/tatsu-admin/sfn/sfn-compression-abm/runs/ldecouple_2026-08-31/_calibration/sweep_config.json	1〜40	R未確認 / F未確認 / S未確認 / T未確認	[]	[]	2026-10-04T22:15:38.266490+09:00	False	残す	種21〜40を含む；同じ版のGitHub要約一式が未確認
/Users/tatsu-admin/sfn/sfn-compression-abm/runs/live_2026-09-10/t067_w00	run	5185208320	5185208320	2026-09-10 20:45	2026-09-11 00:01	4392c7327bf4e7b3ad5e690af363899af7586483	/Users/tatsu-admin/sfn/sfn-compression-abm/runs/live_2026-09-10/t067_w00/sweep_config.json;/Users/tatsu-admin/sfn/sfn-compression-abm/runs/live_2026-09-10/t067_w00/manifest.jsonl	1〜20	R未確認 / F未確認 / S未確認 / T未確認	[]	[]	2026-10-04T22:15:38.266490+09:00	False	残す	同じ版のGitHub要約一式が未確認
/Users/tatsu-admin/sfn/sfn-compression-abm/runs/live_t200_2026-09-11/t200_w00	run	5329424384	5329424384	2026-09-11 20:45	2026-09-12 00:00	4392c7327bf4e7b3ad5e690af363899af7586483	/Users/tatsu-admin/sfn/sfn-compression-abm/runs/live_t200_2026-09-11/t200_w00/sweep_config.json;/Users/tatsu-admin/sfn/sfn-compression-abm/runs/live_t200_2026-09-11/t200_w00/manifest.jsonl	1〜20	R未確認 / F未確認 / S未確認 / T未確認	[]	[]	2026-10-04T22:15:38.266490+09:00	False	残す	同じ版のGitHub要約一式が未確認
/Users/tatsu-admin/sfn/sfn-compression-abm/runs/main_2026-08-31	run	35532869632	35532869632	2026-08-29 16:17	2026-08-30 07:07	16d731f8f497da15303403c65ba419a55e470dd2	/Users/tatsu-admin/sfn/sfn-compression-abm/runs/main_2026-08-31/sweep_config.json;/Users/tatsu-admin/sfn/sfn-compression-abm/runs/main_2026-08-31/manifest.jsonl	1〜40	R未確認 / F未確認 / S未確認 / T未確認	[]	[]	2026-10-04T22:15:38.266490+09:00	False	残す	種21〜40を含む；同じ版のGitHub要約一式が未確認
/Users/tatsu-admin/sfn/sfn-compression-abm/runs/main_2026-08-31/_calibration	run	4972544	4972544	2026-08-29 16:17	2026-08-29 16:17	16d731f8f497da15303403c65ba419a55e470dd2	/Users/tatsu-admin/sfn/sfn-compression-abm/runs/main_2026-08-31/_calibration/sweep_config.json	1〜40	R未確認 / F未確認 / S未確認 / T未確認	[]	[]	2026-10-04T22:15:38.266490+09:00	False	残す	種21〜40を含む；同じ版のGitHub要約一式が未確認
/Users/tatsu-admin/sfn/sfn-compression-abm/runs/mainfig_2026-09-11/t067_w00	run	4765515776	4765515776	2026-09-11 01:55	2026-09-11 04:52	4392c7327bf4e7b3ad5e690af363899af7586483	/Users/tatsu-admin/sfn/sfn-compression-abm/runs/mainfig_2026-09-11/t067_w00/sweep_config.json;/Users/tatsu-admin/sfn/sfn-compression-abm/runs/mainfig_2026-09-11/t067_w00/manifest.jsonl	1〜20	R未確認 / F未確認 / S未確認 / T未確認	[]	[]	2026-10-04T22:15:38.266490+09:00	False	残す	同じ版のGitHub要約一式が未確認
/Users/tatsu-admin/sfn/sfn-compression-abm/runs/mainfig_sample_2026-09-11/t067_w00	run	4909195264	4909195264	2026-09-11 16:07	2026-09-11 19:04	4392c7327bf4e7b3ad5e690af363899af7586483	/Users/tatsu-admin/sfn/sfn-compression-abm/runs/mainfig_sample_2026-09-11/t067_w00/sweep_config.json;/Users/tatsu-admin/sfn/sfn-compression-abm/runs/mainfig_sample_2026-09-11/t067_w00/manifest.jsonl	1〜20	R未確認 / F未確認 / S未確認 / T未確認	[]	[]	2026-10-04T22:15:38.266490+09:00	False	残す	同じ版のGitHub要約一式が未確認
/Users/tatsu-admin/sfn/sfn-compression-abm/runs/midf_sample_2026-09-12/t067_w00	run	5138608128	5138608128	2026-09-12 04:42	2026-09-12 07:58	4392c7327bf4e7b3ad5e690af363899af7586483	/Users/tatsu-admin/sfn/sfn-compression-abm/runs/midf_sample_2026-09-12/t067_w00/sweep_config.json;/Users/tatsu-admin/sfn/sfn-compression-abm/runs/midf_sample_2026-09-12/t067_w00/manifest.jsonl	1〜20	R未確認 / F未確認 / S未確認 / T未確認	[]	[]	2026-10-04T22:15:38.266490+09:00	False	残す	同じ版のGitHub要約一式が未確認
/Users/tatsu-admin/sfn/sfn-compression-abm/runs/orderonly_2026-09-12	run	67080192	67080192	2026-09-12 18:31	2026-09-12 18:32	6d50703f67f564211debdcbdb63a740995bbc7c9	/Users/tatsu-admin/sfn/sfn-compression-abm/runs/orderonly_2026-09-12/sweep_config.json;/Users/tatsu-admin/sfn/sfn-compression-abm/runs/orderonly_2026-09-12/manifest.jsonl	1〜3	R未確認 / F未確認 / S未確認 / T未確認	[]	[]	2026-10-04T22:15:38.266490+09:00	False	残す	同じ版のGitHub要約一式が未確認
/Users/tatsu-admin/sfn/sfn-compression-abm/runs/pending_g0_2026-09-02	run	2190663680	2190663680	2026-09-02 03:12	2026-09-02 04:23	49fa7aa53c66d87ebbf6a22bf7e3f4444acd3f68	/Users/tatsu-admin/sfn/sfn-compression-abm/runs/pending_g0_2026-09-02/sweep_config.json;/Users/tatsu-admin/sfn/sfn-compression-abm/runs/pending_g0_2026-09-02/manifest.jsonl	1〜40	R未確認 / F未確認 / S未確認 / T未確認	[]	[]	2026-10-04T22:15:38.266490+09:00	False	残す	種21〜40を含む；同じ版のGitHub要約一式が未確認
/Users/tatsu-admin/sfn/sfn-compression-abm/runs/pending_g1_2026-09-02	run	2192211968	2192211968	2026-09-02 04:23	2026-09-02 05:35	49fa7aa53c66d87ebbf6a22bf7e3f4444acd3f68	/Users/tatsu-admin/sfn/sfn-compression-abm/runs/pending_g1_2026-09-02/sweep_config.json;/Users/tatsu-admin/sfn/sfn-compression-abm/runs/pending_g1_2026-09-02/manifest.jsonl	1〜40	R未確認 / F未確認 / S未確認 / T未確認	[]	[]	2026-10-04T22:15:38.266490+09:00	False	残す	種21〜40を含む；同じ版のGitHub要約一式が未確認
/Users/tatsu-admin/sfn/sfn-compression-abm/runs/pending_off_2026-09-02	run	2185109504	2185109504	2026-09-02 01:58	2026-09-02 03:12	49fa7aa53c66d87ebbf6a22bf7e3f4444acd3f68	/Users/tatsu-admin/sfn/sfn-compression-abm/runs/pending_off_2026-09-02/sweep_config.json;/Users/tatsu-admin/sfn/sfn-compression-abm/runs/pending_off_2026-09-02/manifest.jsonl	1〜40	R未確認 / F未確認 / S未確認 / T未確認	[]	[]	2026-10-04T22:15:38.266490+09:00	False	残す	種21〜40を含む；同じ版のGitHub要約一式が未確認
/Users/tatsu-admin/sfn/sfn-compression-abm/runs/redo_base_2026-09-13	run	5134168064	5134168064	2026-09-13 14:29	2026-09-13 17:14			1〜20	R未確認 / F未確認 / S未確認 / T未確認	[]	[]	2026-10-04T22:15:38.266490+09:00	False	残す	同じ版のGitHub要約一式が未確認；manifest・flagからコードの版を確定できない
/Users/tatsu-admin/sfn/sfn-compression-abm/runs/redo_charge_2026-09-13	run	5357813760	5357813760	2026-09-13 23:37	2026-09-14 03:35			1〜20	R未確認 / F未確認 / S未確認 / T未確認	[]	[]	2026-10-04T22:15:38.266490+09:00	False	残す	同じ版のGitHub要約一式が未確認；manifest・flagからコードの版を確定できない
/Users/tatsu-admin/sfn/sfn-compression-abm/runs/redo_mainfig_2026-09-13	run	9871855616	9871855616	2026-09-13 17:27	2026-09-13 23:10			1〜20	R未確認 / F未確認 / S未確認 / T未確認	[]	[]	2026-10-04T22:15:38.266490+09:00	False	残す	同じ版のGitHub要約一式が未確認；manifest・flagからコードの版を確定できない
/Users/tatsu-admin/sfn/sfn-compression-abm/runs/reg_b2off_2026-09-22	run	186896384	186896384	2026-09-22 20:25	2026-09-22 20:35	dfe0f1d80a0932a5163c6d45cebf2448fd748824	/Users/tatsu-admin/sfn/sfn-compression-abm/runs/reg_b2off_2026-09-22/sweep_config.json;/Users/tatsu-admin/sfn/sfn-compression-abm/runs/reg_b2off_2026-09-22/manifest.jsonl	1〜2	R未確認 / F未確認 / S未確認 / T未確認	[]	[]	2026-10-04T22:15:38.266490+09:00	False	残す	同じ版のGitHub要約一式が未確認
/Users/tatsu-admin/sfn/sfn-compression-abm/runs/reg_b2on_2026-09-22	run	189587456	189587456	2026-09-22 20:35	2026-09-22 20:46	dfe0f1d80a0932a5163c6d45cebf2448fd748824	/Users/tatsu-admin/sfn/sfn-compression-abm/runs/reg_b2on_2026-09-22/sweep_config.json;/Users/tatsu-admin/sfn/sfn-compression-abm/runs/reg_b2on_2026-09-22/manifest.jsonl	1〜2	R未確認 / F未確認 / S未確認 / T未確認	[]	[]	2026-10-04T22:15:38.266490+09:00	False	残す	同じ版のGitHub要約一式が未確認
/Users/tatsu-admin/sfn/sfn-compression-abm/runs/reg_main_2026-09-21	run	186896384	186896384	2026-09-21 19:43	2026-09-21 19:56	dfe0f1d80a0932a5163c6d45cebf2448fd748824	/Users/tatsu-admin/sfn/sfn-compression-abm/runs/reg_main_2026-09-21/sweep_config.json;/Users/tatsu-admin/sfn/sfn-compression-abm/runs/reg_main_2026-09-21/manifest.jsonl	1〜2	R未確認 / F未確認 / S未確認 / T未確認	[]	[]	2026-10-04T22:15:38.266490+09:00	False	残す	同じ版のGitHub要約一式が未確認
/Users/tatsu-admin/sfn/sfn-compression-abm/runs/regress_after	run	1286144	1286144	2026-08-30 17:49	2026-08-30 17:49	16d731f8f497da15303403c65ba419a55e470dd2	/Users/tatsu-admin/sfn/sfn-compression-abm/runs/regress_after/sweep_config.json;/Users/tatsu-admin/sfn/sfn-compression-abm/runs/regress_after/manifest.jsonl	1〜2	R未確認 / F未確認 / S未確認 / T未確認	[]	[]	2026-10-04T22:15:38.266490+09:00	False	残す	同じ版のGitHub要約一式が未確認
/Users/tatsu-admin/sfn/sfn-compression-abm/runs/regress_before	run	1286144	1286144	2026-08-30 17:24	2026-08-30 17:24	16d731f8f497da15303403c65ba419a55e470dd2	/Users/tatsu-admin/sfn/sfn-compression-abm/runs/regress_before/sweep_config.json;/Users/tatsu-admin/sfn/sfn-compression-abm/runs/regress_before/manifest.jsonl	1〜2	R未確認 / F未確認 / S未確認 / T未確認	[]	[]	2026-10-04T22:15:38.266490+09:00	False	残す	同じ版のGitHub要約一式が未確認
/Users/tatsu-admin/sfn/sfn-compression-abm/runs/scan2_2026-09-10/t067_w00	run	440549376	440549376	2026-09-10 16:47	2026-09-10 16:59	55e51fbe1a520c6cf5c142938d94050ad66b3eb7	/Users/tatsu-admin/sfn/sfn-compression-abm/runs/scan2_2026-09-10/t067_w00/sweep_config.json;/Users/tatsu-admin/sfn/sfn-compression-abm/runs/scan2_2026-09-10/t067_w00/manifest.jsonl	1〜3	R未確認 / F未確認 / S未確認 / T未確認	[]	[]	2026-10-04T22:15:38.266490+09:00	False	残す	同じ版のGitHub要約一式が未確認
/Users/tatsu-admin/sfn/sfn-compression-abm/runs/scan3_2026-09-10/t067_w00	run	354091008	354091008	2026-09-10 17:03	2026-09-10 17:14	55e51fbe1a520c6cf5c142938d94050ad66b3eb7	/Users/tatsu-admin/sfn/sfn-compression-abm/runs/scan3_2026-09-10/t067_w00/sweep_config.json;/Users/tatsu-admin/sfn/sfn-compression-abm/runs/scan3_2026-09-10/t067_w00/manifest.jsonl	1〜3	R未確認 / F未確認 / S未確認 / T未確認	[]	[]	2026-10-04T22:15:38.266490+09:00	False	残す	同じ版のGitHub要約一式が未確認
/Users/tatsu-admin/sfn/sfn-compression-abm/runs/scan4_2026-09-10/t067_w10	run	527056896	527056896	2026-09-10 17:14	2026-09-10 17:30	55e51fbe1a520c6cf5c142938d94050ad66b3eb7	/Users/tatsu-admin/sfn/sfn-compression-abm/runs/scan4_2026-09-10/t067_w10/sweep_config.json;/Users/tatsu-admin/sfn/sfn-compression-abm/runs/scan4_2026-09-10/t067_w10/manifest.jsonl	1〜3	R未確認 / F未確認 / S未確認 / T未確認	[]	[]	2026-10-04T22:15:38.266490+09:00	False	残す	同じ版のGitHub要約一式が未確認
/Users/tatsu-admin/sfn/sfn-compression-abm/runs/scan5_2026-09-10/w050	run	147984384	147984384	2026-09-10 17:52	2026-09-10 17:57	55e51fbe1a520c6cf5c142938d94050ad66b3eb7	/Users/tatsu-admin/sfn/sfn-compression-abm/runs/scan5_2026-09-10/w050/sweep_config.json;/Users/tatsu-admin/sfn/sfn-compression-abm/runs/scan5_2026-09-10/w050/manifest.jsonl	1〜3	R未確認 / F未確認 / S未確認 / T未確認	[]	[]	2026-10-04T22:15:38.266490+09:00	False	残す	同じ版のGitHub要約一式が未確認
/Users/tatsu-admin/sfn/sfn-compression-abm/runs/scan5_2026-09-10/w100	run	144257024	144257024	2026-09-10 17:57	2026-09-10 18:02	55e51fbe1a520c6cf5c142938d94050ad66b3eb7	/Users/tatsu-admin/sfn/sfn-compression-abm/runs/scan5_2026-09-10/w100/sweep_config.json;/Users/tatsu-admin/sfn/sfn-compression-abm/runs/scan5_2026-09-10/w100/manifest.jsonl	1〜3	R未確認 / F未確認 / S未確認 / T未確認	[]	[]	2026-10-04T22:15:38.266490+09:00	False	残す	同じ版のGitHub要約一式が未確認
/Users/tatsu-admin/sfn/sfn-compression-abm/runs/scan5_2026-09-10/w150	run	146399232	146399232	2026-09-10 18:02	2026-09-10 18:08	55e51fbe1a520c6cf5c142938d94050ad66b3eb7	/Users/tatsu-admin/sfn/sfn-compression-abm/runs/scan5_2026-09-10/w150/sweep_config.json;/Users/tatsu-admin/sfn/sfn-compression-abm/runs/scan5_2026-09-10/w150/manifest.jsonl	1〜3	R未確認 / F未確認 / S未確認 / T未確認	[]	[]	2026-10-04T22:15:38.266490+09:00	False	残す	同じ版のGitHub要約一式が未確認
/Users/tatsu-admin/sfn/sfn-compression-abm/runs/scan5_2026-09-10/w200	run	147812352	147812352	2026-09-10 18:08	2026-09-10 18:14	55e51fbe1a520c6cf5c142938d94050ad66b3eb7	/Users/tatsu-admin/sfn/sfn-compression-abm/runs/scan5_2026-09-10/w200/sweep_config.json;/Users/tatsu-admin/sfn/sfn-compression-abm/runs/scan5_2026-09-10/w200/manifest.jsonl	1〜3	R未確認 / F未確認 / S未確認 / T未確認	[]	[]	2026-10-04T22:15:38.266490+09:00	False	残す	同じ版のGitHub要約一式が未確認
/Users/tatsu-admin/sfn/sfn-compression-abm/runs/scan_2026-09-10/t067_w00	run	1029595136	1029595136	2026-09-10 15:40	2026-09-10 16:37	55e51fbe1a520c6cf5c142938d94050ad66b3eb7	/Users/tatsu-admin/sfn/sfn-compression-abm/runs/scan_2026-09-10/t067_w00/sweep_config.json;/Users/tatsu-admin/sfn/sfn-compression-abm/runs/scan_2026-09-10/t067_w00/manifest.jsonl	1〜3	R未確認 / F未確認 / S未確認 / T未確認	[]	[]	2026-10-04T22:15:38.266490+09:00	False	残す	同じ版のGitHub要約一式が未確認
/Users/tatsu-admin/sfn/sfn-compression-abm/runs/seed_flat2_2026-09-13	run	5145722880	5145722880	2026-09-13 11:24	2026-09-13 14:15			1〜20	R未確認 / F未確認 / S未確認 / T未確認	[]	[]	2026-10-04T22:15:38.266490+09:00	False	残す	同じ版のGitHub要約一式が未確認；manifest・flagからコードの版を確定できない
/Users/tatsu-admin/sfn/sfn-compression-abm/runs/seed_v2a_2026-09-13	run	5189918720	5189918720	2026-09-13 01:20	2026-09-13 04:12			1〜20	R未確認 / F未確認 / S未確認 / T未確認	[]	[]	2026-10-04T22:15:38.266490+09:00	False	残す	同じ版のGitHub要約一式が未確認；manifest・flagからコードの版を確定できない
/Users/tatsu-admin/sfn/sfn-compression-abm/runs/seedcliff2_2026-09-12	run	291479552	291479552	2026-09-12 21:11	2026-09-12 21:21			1〜3	R未確認 / F未確認 / S未確認 / T未確認	[]	[]	2026-10-04T22:15:38.266490+09:00	False	残す	同じ版のGitHub要約一式が未確認；manifest・flagからコードの版を確定できない
/Users/tatsu-admin/sfn/sfn-compression-abm/runs/seedcliff_2026-09-12	run	644399104	644399104	2026-09-12 20:38	2026-09-12 20:58			1〜3	R未確認 / F未確認 / S未確認 / T未確認	[]	[]	2026-10-04T22:15:38.266490+09:00	False	残す	同じ版のGitHub要約一式が未確認；manifest・flagからコードの版を確定できない
/Users/tatsu-admin/sfn/sfn-compression-abm/runs/seedcliff_v2f_2026-09-12	run	200867840	200867840	2026-09-12 22:46	2026-09-12 22:55			1〜3	R未確認 / F未確認 / S未確認 / T未確認	[]	[]	2026-10-04T22:15:38.266490+09:00	False	残す	同じ版のGitHub要約一式が未確認；manifest・flagからコードの版を確定できない
/Users/tatsu-admin/sfn/sfn-compression-abm/runs/seedcliff_v2f_t1200_2026-09-12	run	198803456	198803456	2026-09-12 23:11	2026-09-12 23:22			1〜3	R未確認 / F未確認 / S未確認 / T未確認	[]	[]	2026-10-04T22:15:38.266490+09:00	False	残す	同じ版のGitHub要約一式が未確認；manifest・flagからコードの版を確定できない
/Users/tatsu-admin/sfn/sfn-compression-abm/runs/t200_f01_sample_2026-09-12/t200_w00	run	5202108416	5202108416	2026-09-12 07:58	2026-09-12 11:18	4392c7327bf4e7b3ad5e690af363899af7586483	/Users/tatsu-admin/sfn/sfn-compression-abm/runs/t200_f01_sample_2026-09-12/t200_w00/sweep_config.json;/Users/tatsu-admin/sfn/sfn-compression-abm/runs/t200_f01_sample_2026-09-12/t200_w00/manifest.jsonl	1〜20	R未確認 / F未確認 / S未確認 / T未確認	[]	[]	2026-10-04T22:15:38.266490+09:00	False	残す	同じ版のGitHub要約一式が未確認
/Users/tatsu-admin/sfn/sfn-compression-abm/runs/tauabs_2026-09-18	run	5394284544	5394284544	2026-09-18 12:43	2026-09-18 15:10	9f86adeb790bb46f702a23fb4a20230a543508ab	/Users/tatsu-admin/sfn/sfn-compression-abm/runs/tauabs_2026-09-18/sweep_config.json;/Users/tatsu-admin/sfn/sfn-compression-abm/runs/tauabs_2026-09-18/manifest.jsonl	1〜20	R未確認 / F未確認 / S未確認 / T未確認	[]	[]	2026-10-04T22:15:38.266490+09:00	False	残す	同じ版のGitHub要約一式が未確認
/Users/tatsu-admin/sfn/sfn-compression-abm/runs/th18_2026-09-16	run	1745068032	1745068032	2026-09-16 22:29	2026-09-17 00:40	9f86adeb790bb46f702a23fb4a20230a543508ab	/Users/tatsu-admin/sfn/sfn-compression-abm/runs/th18_2026-09-16/sweep_config.json;/Users/tatsu-admin/sfn/sfn-compression-abm/runs/th18_2026-09-16/manifest.jsonl	1〜20	R未確認 / F未確認 / S未確認 / T未確認	[]	[]	2026-10-04T22:15:38.266490+09:00	False	残す	同じ版のGitHub要約一式が未確認
/Users/tatsu-admin/sfn/sfn-compression-abm/runs/tombfix_2026-09-12/a_only	run	68206592	68206592	2026-09-12 16:46	2026-09-12 16:47	bb074710adbf29717b4c3dc654d21bbe342b5ac8	/Users/tatsu-admin/sfn/sfn-compression-abm/runs/tombfix_2026-09-12/a_only/sweep_config.json;/Users/tatsu-admin/sfn/sfn-compression-abm/runs/tombfix_2026-09-12/a_only/manifest.jsonl	1〜3	R未確認 / F未確認 / S未確認 / T未確認	[]	[]	2026-10-04T22:15:38.266490+09:00	False	残す	同じ版のGitHub要約一式が未確認
/Users/tatsu-admin/sfn/sfn-compression-abm/runs/tombfix_2026-09-12/ab	run	68202496	68202496	2026-09-12 16:50	2026-09-12 16:51	00b0a8a2306c62764ba1757fd9cd6a62bcfa2587	/Users/tatsu-admin/sfn/sfn-compression-abm/runs/tombfix_2026-09-12/ab/sweep_config.json;/Users/tatsu-admin/sfn/sfn-compression-abm/runs/tombfix_2026-09-12/ab/manifest.jsonl	1〜3	R未確認 / F未確認 / S未確認 / T未確認	[]	[]	2026-10-04T22:15:38.266490+09:00	False	残す	同じ版のGitHub要約一式が未確認
/Users/tatsu-admin/sfn/sfn-compression-abm/runs/tombfix_2026-09-12/after	run	68202496	68202496	2026-09-12 16:41	2026-09-12 16:42	4392c7327bf4e7b3ad5e690af363899af7586483	/Users/tatsu-admin/sfn/sfn-compression-abm/runs/tombfix_2026-09-12/after/sweep_config.json;/Users/tatsu-admin/sfn/sfn-compression-abm/runs/tombfix_2026-09-12/after/manifest.jsonl	1〜3	R未確認 / F未確認 / S未確認 / T未確認	[]	[]	2026-10-04T22:15:38.266490+09:00	False	残す	同じ版のGitHub要約一式が未確認
/Users/tatsu-admin/sfn/sfn-compression-abm/runs/tombfix_2026-09-12/before	run	66785280	66785280	2026-09-12 16:40	2026-09-12 16:40	4392c7327bf4e7b3ad5e690af363899af7586483	/Users/tatsu-admin/sfn/sfn-compression-abm/runs/tombfix_2026-09-12/before/sweep_config.json;/Users/tatsu-admin/sfn/sfn-compression-abm/runs/tombfix_2026-09-12/before/manifest.jsonl	1〜3	R未確認 / F未確認 / S未確認 / T未確認	[]	[]	2026-10-04T22:15:38.266490+09:00	False	残す	同じ版のGitHub要約一式が未確認
/Users/tatsu-admin/sfn/sfn-compression-abm/runs/v2a_t067_w00_2026-09-07	run	3167318016	3167318016	2026-09-08 04:55	2026-09-08 06:44	f88b3c1faa57d3b20b79956a3633bfc18c0cbb01	/Users/tatsu-admin/sfn/sfn-compression-abm/runs/v2a_t067_w00_2026-09-07/sweep_config.json;/Users/tatsu-admin/sfn/sfn-compression-abm/runs/v2a_t067_w00_2026-09-07/manifest.jsonl	1〜20	R未確認 / F未確認 / S未確認 / T未確認	[]	[]	2026-10-04T22:15:38.266490+09:00	False	残す	同じ版のGitHub要約一式が未確認
/Users/tatsu-admin/sfn/sfn-compression-abm/runs/v2a_t067_w00_2026-09-08	run	2789117952	2789117952	2026-09-08 10:04	2026-09-08 11:51	f88b3c1faa57d3b20b79956a3633bfc18c0cbb01	/Users/tatsu-admin/sfn/sfn-compression-abm/runs/v2a_t067_w00_2026-09-08/sweep_config.json;/Users/tatsu-admin/sfn/sfn-compression-abm/runs/v2a_t067_w00_2026-09-08/manifest.jsonl	1〜20	R未確認 / F未確認 / S未確認 / T未確認	[]	[]	2026-10-04T22:15:38.266490+09:00	False	残す	同じ版のGitHub要約一式が未確認
/Users/tatsu-admin/sfn/sfn-compression-abm/runs/v2a_t067_w10_2026-09-07	run	2796548096	2796548096	2026-09-08 01:26	2026-09-08 03:07	f88b3c1faa57d3b20b79956a3633bfc18c0cbb01	/Users/tatsu-admin/sfn/sfn-compression-abm/runs/v2a_t067_w10_2026-09-07/sweep_config.json;/Users/tatsu-admin/sfn/sfn-compression-abm/runs/v2a_t067_w10_2026-09-07/manifest.jsonl	1〜20	R未確認 / F未確認 / S未確認 / T未確認	[]	[]	2026-10-04T22:15:38.266490+09:00	False	残す	同じ版のGitHub要約一式が未確認
/Users/tatsu-admin/sfn/sfn-compression-abm/runs/v2a_t067_w10_2026-09-08	run	2736685056	2736685056	2026-09-08 13:44	2026-09-08 15:29	f88b3c1faa57d3b20b79956a3633bfc18c0cbb01	/Users/tatsu-admin/sfn/sfn-compression-abm/runs/v2a_t067_w10_2026-09-08/sweep_config.json;/Users/tatsu-admin/sfn/sfn-compression-abm/runs/v2a_t067_w10_2026-09-08/manifest.jsonl	1〜20	R未確認 / F未確認 / S未確認 / T未確認	[]	[]	2026-10-04T22:15:38.266490+09:00	False	残す	同じ版のGitHub要約一式が未確認
/Users/tatsu-admin/sfn/sfn-compression-abm/runs/v2a_t200_w00_2026-09-07	run	3244994560	3244994560	2026-09-08 03:07	2026-09-08 04:55	f88b3c1faa57d3b20b79956a3633bfc18c0cbb01	/Users/tatsu-admin/sfn/sfn-compression-abm/runs/v2a_t200_w00_2026-09-07/sweep_config.json;/Users/tatsu-admin/sfn/sfn-compression-abm/runs/v2a_t200_w00_2026-09-07/manifest.jsonl	1〜20	R未確認 / F未確認 / S未確認 / T未確認	[]	[]	2026-10-04T22:15:38.266490+09:00	False	残す	同じ版のGitHub要約一式が未確認
/Users/tatsu-admin/sfn/sfn-compression-abm/runs/v2a_t200_w00_2026-09-08	run	3128274944	3128274944	2026-09-08 08:16	2026-09-08 10:04	f88b3c1faa57d3b20b79956a3633bfc18c0cbb01	/Users/tatsu-admin/sfn/sfn-compression-abm/runs/v2a_t200_w00_2026-09-08/sweep_config.json;/Users/tatsu-admin/sfn/sfn-compression-abm/runs/v2a_t200_w00_2026-09-08/manifest.jsonl	1〜20	R未確認 / F未確認 / S未確認 / T未確認	[]	[]	2026-10-04T22:15:38.266490+09:00	False	残す	同じ版のGitHub要約一式が未確認
/Users/tatsu-admin/sfn/sfn-compression-abm/runs/v2a_t200_w10_2026-09-07	run	2869960704	2869960704	2026-09-07 23:41	2026-09-08 01:26	f88b3c1faa57d3b20b79956a3633bfc18c0cbb01	/Users/tatsu-admin/sfn/sfn-compression-abm/runs/v2a_t200_w10_2026-09-07/sweep_config.json;/Users/tatsu-admin/sfn/sfn-compression-abm/runs/v2a_t200_w10_2026-09-07/manifest.jsonl	1〜20	R未確認 / F未確認 / S未確認 / T未確認	[]	[]	2026-10-04T22:15:38.266490+09:00	False	残す	同じ版のGitHub要約一式が未確認
/Users/tatsu-admin/sfn/sfn-compression-abm/runs/v2a_t200_w10_2026-09-08	run	3054428160	3054428160	2026-09-08 11:51	2026-09-08 13:44	f88b3c1faa57d3b20b79956a3633bfc18c0cbb01	/Users/tatsu-admin/sfn/sfn-compression-abm/runs/v2a_t200_w10_2026-09-08/sweep_config.json;/Users/tatsu-admin/sfn/sfn-compression-abm/runs/v2a_t200_w10_2026-09-08/manifest.jsonl	1〜20	R未確認 / F未確認 / S未確認 / T未確認	[]	[]	2026-10-04T22:15:38.266490+09:00	False	残す	同じ版のGitHub要約一式が未確認
/Users/tatsu-admin/sfn/sfn-compression-abm/runs/v3a2_2026-09-13	run	10729762816	10729762816	2026-09-14 03:36	2026-09-14 10:56			1〜20	R未確認 / F未確認 / S未確認 / T未確認	[]	[]	2026-10-04T22:15:38.266490+09:00	False	残す	同じ版のGitHub要約一式が未確認；manifest・flagからコードの版を確定できない
/Users/tatsu-admin/sfn/sfn-compression-abm/runs/verify_order_2026-09-12	run	859234304	859234304	2026-09-12 19:51	2026-09-12 20:22	6d50703f67f564211debdcbdb63a740995bbc7c9	/Users/tatsu-admin/sfn/sfn-compression-abm/runs/verify_order_2026-09-12/sweep_config.json;/Users/tatsu-admin/sfn/sfn-compression-abm/runs/verify_order_2026-09-12/manifest.jsonl	1〜20	R未確認 / F未確認 / S未確認 / T未確認	[]	[]	2026-10-04T22:15:38.266490+09:00	False	残す	同じ版のGitHub要約一式が未確認
/Users/tatsu-admin/sfn/sfn-compression-abm/runs/w2_2026-09-14	run	5186023424	5186023424	2026-09-14 17:20	2026-09-14 20:34	7175431fc9d1c123d787bd293f52ca4b4b95585f	/Users/tatsu-admin/sfn/sfn-compression-abm/runs/w2_2026-09-14/sweep_config.json;/Users/tatsu-admin/sfn/sfn-compression-abm/runs/w2_2026-09-14/manifest.jsonl	1〜20	R未確認 / F未確認 / S未確認 / T未確認	[]	[]	2026-10-04T22:15:38.266490+09:00	False	残す	同じ版のGitHub要約一式が未確認
/Users/tatsu-admin/sfn/sfn-compression-abm/runs/w4_2026-09-14	run	5295222784	5295222784	2026-09-14 21:11	2026-09-14 23:20	7175431fc9d1c123d787bd293f52ca4b4b95585f	/Users/tatsu-admin/sfn/sfn-compression-abm/runs/w4_2026-09-14/sweep_config.json;/Users/tatsu-admin/sfn/sfn-compression-abm/runs/w4_2026-09-14/manifest.jsonl	1〜20	R未確認 / F未確認 / S未確認 / T未確認	[]	[]	2026-10-04T22:15:38.266490+09:00	False	残す	同じ版のGitHub要約一式が未確認
/Users/tatsu-admin/v310cprod/cw1_A_lam000	run	1425846272	783339520	2026-10-01 17:49	2026-10-01 18:13	88e0e38bbd4f8ebbdc3f087de36801ce64a673e2	/Users/tatsu-admin/v310cprod/cw1_A_lam000/manifest.jsonl;/Users/tatsu-admin/v310cprod/cw1_A_lam000/flag.json	1〜20	R有 / F有 / S有 / T未確認；版一致；mac/cw1_A_lam000	"[{""branch"": ""results-2026-09-27"", ""sha"": ""8364df62d0085006b9a1a7db236c5f1ac9de2d4b"", ""path"": ""mac/cw1_A_lam000"", ""flag_commit"": ""88e0e38bbd4f8ebbdc3f087de36801ce64a673e2"", ""R"": true, ""F"": true, ""S"": true, ""T"": false, ""tables"": []}]"	"[{""path"": ""control/2026-10-01_穴の直しとC_マック.md"", ""line"": 226, ""kind"": ""群名の言及"", ""use"": ""研究・運用報告（根拠との対応は要確認）"", ""snippet"": ""- 18:14 腕 cw1_A_lam000（λ＝0 --shop-world 1）：20 本のうち 20 本が走り終わった（rc＝0）。""}]"	2026-10-04T22:15:38.266490+09:00	False	残す	同じ版のGitHub要約一式が未確認；10月1日以降の報告に名前あり（根拠との対応が不明なものも保留）；今の主の系統：Cの格子・集団化・お店の世界
/Users/tatsu-admin/v310cprod/cw1_A_lam0187	run	1032142848	483500032	2026-10-01 18:14	2026-10-01 18:47	88e0e38bbd4f8ebbdc3f087de36801ce64a673e2	/Users/tatsu-admin/v310cprod/cw1_A_lam0187/manifest.jsonl;/Users/tatsu-admin/v310cprod/cw1_A_lam0187/flag.json	1〜20	R有 / F有 / S有 / T未確認；版一致；mac/cw1_A_lam0187	"[{""branch"": ""results-2026-09-27"", ""sha"": ""8364df62d0085006b9a1a7db236c5f1ac9de2d4b"", ""path"": ""mac/cw1_A_lam0187"", ""flag_commit"": ""88e0e38bbd4f8ebbdc3f087de36801ce64a673e2"", ""R"": true, ""F"": true, ""S"": true, ""T"": false, ""tables"": []}]"	"[{""path"": ""control/2026-10-01_穴の直しとC_マック.md"", ""line"": 227, ""kind"": ""群名の言及"", ""use"": ""研究・運用報告（根拠との対応は要確認）"", ""snippet"": ""- 18:47 腕 cw1_A_lam0187（λ＝0.01873710622997919 --shop-world 1）：20 本のうち 20 本が走り終わった（rc＝0）。""}, {""path"": ""control/2026-10-02_誤りの印と記憶の量_マック.md"", ""line"": 74, ""kind"": ""群名の言及"", ""use"": ""研究・運用報告（根拠との対応は要確認）"", ""snippet"": ""| cw1_A_lam0187 | 549 | 0 | 0 | 0・0・0・0 | 69 | 0.059・None |""}, {""path"": ""control/2026-10-03_既定の答えとの食い違い_マック.md"", ""line"": 9, ""kind"": ""群名の言及"", ""use"": ""研究・運用報告（根拠との対応は要確認）"", ""snippet"": ""  - 世界 1：cw1_A_lam0187・cw1_C_lam0187・cw1_A_lam0990・cw1_C_lam0990。""}]"	2026-10-04T22:15:38.266490+09:00	False	残す	同じ版のGitHub要約一式が未確認；10月1日以降の報告に名前あり（根拠との対応が不明なものも保留）；今の主の系統：Cの格子・集団化・お店の世界
/Users/tatsu-admin/v310cprod/cw1_A_lam020	run	974557184	482156544	2026-10-01 19:04	2026-10-01 19:15	88e0e38bbd4f8ebbdc3f087de36801ce64a673e2	/Users/tatsu-admin/v310cprod/cw1_A_lam020/manifest.jsonl;/Users/tatsu-admin/v310cprod/cw1_A_lam020/flag.json	1〜20	R有 / F有 / S有 / T未確認；版一致；mac/cw1_A_lam020	"[{""branch"": ""results-2026-09-27"", ""sha"": ""8364df62d0085006b9a1a7db236c5f1ac9de2d4b"", ""path"": ""mac/cw1_A_lam020"", ""flag_commit"": ""88e0e38bbd4f8ebbdc3f087de36801ce64a673e2"", ""R"": true, ""F"": true, ""S"": true, ""T"": false, ""tables"": []}]"	"[{""path"": ""control/2026-10-01_穴の直しとC_マック.md"", ""line"": 229, ""kind"": ""群名の言及"", ""use"": ""研究・運用報告（根拠との対応は要確認）"", ""snippet"": ""- 19:15 腕 cw1_A_lam020（λ＝0.2 --shop-world 1）：20 本のうち 20 本が走り終わった（rc＝0）。""}, {""path"": ""control/2026-10-02_誤りの印と記憶の量_マック.md"", ""line"": 76, ""kind"": ""群名の言及"", ""use"": ""研究・運用報告（根拠との対応は要確認）"", ""snippet"": ""| cw1_A_lam020 | 295 | 0 | 0 | 0・0・0・0 | 131 | 0.091・None |""}]"	2026-10-04T22:15:38.266490+09:00	False	残す	同じ版のGitHub要約一式が未確認；10月1日以降の報告に名前あり（根拠との対応が不明なものも保留）；今の主の系統：Cの格子・集団化・お店の世界
/Users/tatsu-admin/v310cprod/cw1_A_lam030	run	920330240	472506368	2026-10-01 19:15	2026-10-01 19:21	88e0e38bbd4f8ebbdc3f087de36801ce64a673e2	/Users/tatsu-admin/v310cprod/cw1_A_lam030/manifest.jsonl;/Users/tatsu-admin/v310cprod/cw1_A_lam030/flag.json	1〜20	R有 / F有 / S有 / T未確認；版一致；mac/cw1_A_lam030	"[{""branch"": ""results-2026-09-27"", ""sha"": ""8364df62d0085006b9a1a7db236c5f1ac9de2d4b"", ""path"": ""mac/cw1_A_lam030"", ""flag_commit"": ""88e0e38bbd4f8ebbdc3f087de36801ce64a673e2"", ""R"": true, ""F"": true, ""S"": true, ""T"": false, ""tables"": []}]"	"[{""path"": ""control/2026-10-01_穴の直しとC_マック.md"", ""line"": 230, ""kind"": ""群名の言及"", ""use"": ""研究・運用報告（根拠との対応は要確認）"", ""snippet"": ""- 19:22 腕 cw1_A_lam030（λ＝0.3 --shop-world 1）：20 本のうち 20 本が走り終わった（rc＝0）。""}]"	2026-10-04T22:15:38.266490+09:00	False	残す	同じ版のGitHub要約一式が未確認；10月1日以降の報告に名前あり（根拠との対応が不明なものも保留）；今の主の系統：Cの格子・集団化・お店の世界
/Users/tatsu-admin/v310cprod/cw1_A_lam0990	run	1050378240	521633792	2026-10-01 18:47	2026-10-01 19:04	88e0e38bbd4f8ebbdc3f087de36801ce64a673e2	/Users/tatsu-admin/v310cprod/cw1_A_lam0990/manifest.jsonl;/Users/tatsu-admin/v310cprod/cw1_A_lam0990/flag.json	1〜20	R有 / F有 / S有 / T未確認；版一致；mac/cw1_A_lam0990	"[{""branch"": ""results-2026-09-27"", ""sha"": ""8364df62d0085006b9a1a7db236c5f1ac9de2d4b"", ""path"": ""mac/cw1_A_lam0990"", ""flag_commit"": ""88e0e38bbd4f8ebbdc3f087de36801ce64a673e2"", ""R"": true, ""F"": true, ""S"": true, ""T"": false, ""tables"": []}]"	"[{""path"": ""control/2026-10-01_穴の直しとC_マック.md"", ""line"": 228, ""kind"": ""群名の言及"", ""use"": ""研究・運用報告（根拠との対応は要確認）"", ""snippet"": ""- 19:04 腕 cw1_A_lam0990（λ＝0.09900039055209096 --shop-world 1）：20 本のうち 20 本が走り終わった（rc＝0）。""}, {""path"": ""control/2026-10-02_誤りの印と記憶の量_マック.md"", ""line"": 75, ""kind"": ""群名の言及"", ""use"": ""研究・運用報告（根拠との対応は要確認）"", ""snippet"": ""| cw1_A_lam0990 | 398 | 0 | 0 | 0・0・0・0 | 217 | 0.091・None |""}, {""path"": ""control/2026-10-03_既定の答えとの食い違い_マック.md"", ""line"": 9, ""kind"": ""群名の言及"", ""use"": ""研究・運用報告（根拠との対応は要確認）"", ""snippet"": ""  - 世界 1：cw1_A_lam0187・cw1_C_lam0187・cw1_A_lam0990・cw1_C_lam0990。""}]"	2026-10-04T22:15:38.266490+09:00	False	残す	同じ版のGitHub要約一式が未確認；10月1日以降の報告に名前あり（根拠との対応が不明なものも保留）；今の主の系統：Cの格子・集団化・お店の世界
/Users/tatsu-admin/v310cprod/cw1_C_lam0187	run	1108619264	512593920	2026-10-01 19:22	2026-10-01 19:53	88e0e38bbd4f8ebbdc3f087de36801ce64a673e2	/Users/tatsu-admin/v310cprod/cw1_C_lam0187/manifest.jsonl;/Users/tatsu-admin/v310cprod/cw1_C_lam0187/flag.json	1〜20	R有 / F有 / S有 / T未確認；版一致；mac/cw1_C_lam0187	"[{""branch"": ""results-2026-09-27"", ""sha"": ""8364df62d0085006b9a1a7db236c5f1ac9de2d4b"", ""path"": ""mac/cw1_C_lam0187"", ""flag_commit"": ""88e0e38bbd4f8ebbdc3f087de36801ce64a673e2"", ""R"": true, ""F"": true, ""S"": true, ""T"": false, ""tables"": []}]"	"[{""path"": ""control/2026-10-01_穴の直しとC_マック.md"", ""line"": 231, ""kind"": ""群名の言及"", ""use"": ""研究・運用報告（根拠との対応は要確認）"", ""snippet"": ""- 19:53 腕 cw1_C_lam0187（λ＝0.01873710622997919 --shop-world 1 --cf-learn）：20 本のうち 20 本が走り終わった（rc＝0）。""}, {""path"": ""control/2026-10-02_誤りの印と記憶の量_マック.md"", ""line"": 77, ""kind"": ""群名の言及"", ""use"": ""研究・運用報告（根拠との対応は要確認）"", ""snippet"": ""| cw1_C_lam0187 | 541 | 0 | 0 | 0・0・0・0 | 60 | 0.059・None |""}, {""path"": ""control/2026-10-03_既定の答えとの食い違い_マック.md"", ""line"": 9, ""kind"": ""群名の言及"", ""use"": ""研究・運用報告（根拠との対応は要確認）"", ""snippet"": ""  - 世界 1：cw1_A_lam0187・cw1_C_lam0187・cw1_A_lam0990・cw1_C_lam0990。""}]"	2026-10-04T22:15:38.266490+09:00	False	残す	同じ版のGitHub要約一式が未確認；10月1日以降の報告に名前あり（根拠との対応が不明なものも保留）；今の主の系統：Cの格子・集団化・お店の世界
/Users/tatsu-admin/v310cprod/cw1_C_lam020	run	1039855616	513650688	2026-10-01 20:15	2026-10-01 20:30	88e0e38bbd4f8ebbdc3f087de36801ce64a673e2	/Users/tatsu-admin/v310cprod/cw1_C_lam020/manifest.jsonl;/Users/tatsu-admin/v310cprod/cw1_C_lam020/flag.json	1〜20	R有 / F有 / S有 / T未確認；版一致；mac/cw1_C_lam020	"[{""branch"": ""results-2026-09-27"", ""sha"": ""8364df62d0085006b9a1a7db236c5f1ac9de2d4b"", ""path"": ""mac/cw1_C_lam020"", ""flag_commit"": ""88e0e38bbd4f8ebbdc3f087de36801ce64a673e2"", ""R"": true, ""F"": true, ""S"": true, ""T"": false, ""tables"": []}]"	"[{""path"": ""control/2026-10-01_穴の直しとC_マック.md"", ""line"": 233, ""kind"": ""群名の言及"", ""use"": ""研究・運用報告（根拠との対応は要確認）"", ""snippet"": ""- 20:30 腕 cw1_C_lam020（λ＝0.2 --shop-world 1 --cf-learn）：20 本のうち 20 本が走り終わった（rc＝0）。""}, {""path"": ""control/2026-10-02_誤りの印と記憶の量_マック.md"", ""line"": 79, ""kind"": ""群名の言及"", ""use"": ""研究・運用報告（根拠との対応は要確認）"", ""snippet"": ""| cw1_C_lam020 | 287 | 1 | 0 | 0・0・1・0 | 132 | 0.091・0.667 |""}]"	2026-10-04T22:15:38.266490+09:00	False	残す	同じ版のGitHub要約一式が未確認；10月1日以降の報告に名前あり（根拠との対応が不明なものも保留）；今の主の系統：Cの格子・集団化・お店の世界
/Users/tatsu-admin/v310cprod/cw1_C_lam030	run	949121024	497090560	2026-10-01 20:30	2026-10-01 20:40	88e0e38bbd4f8ebbdc3f087de36801ce64a673e2	/Users/tatsu-admin/v310cprod/cw1_C_lam030/manifest.jsonl;/Users/tatsu-admin/v310cprod/cw1_C_lam030/flag.json	1〜20	R有 / F有 / S有 / T未確認；版一致；mac/cw1_C_lam030	"[{""branch"": ""results-2026-09-27"", ""sha"": ""8364df62d0085006b9a1a7db236c5f1ac9de2d4b"", ""path"": ""mac/cw1_C_lam030"", ""flag_commit"": ""88e0e38bbd4f8ebbdc3f087de36801ce64a673e2"", ""R"": true, ""F"": true, ""S"": true, ""T"": false, ""tables"": []}]"	"[{""path"": ""control/2026-10-01_穴の直しとC_マック.md"", ""line"": 234, ""kind"": ""群名の言及"", ""use"": ""研究・運用報告（根拠との対応は要確認）"", ""snippet"": ""- 20:40 腕 cw1_C_lam030（λ＝0.3 --shop-world 1 --cf-learn）：20 本のうち 20 本が走り終わった（rc＝0）。""}]"	2026-10-04T22:15:38.266490+09:00	False	残す	同じ版のGitHub要約一式が未確認；10月1日以降の報告に名前あり（根拠との対応が不明なものも保留）；今の主の系統：Cの格子・集団化・お店の世界
/Users/tatsu-admin/v310cprod/cw1_C_lam0990	run	1133137920	565223424	2026-10-01 19:53	2026-10-01 20:15	88e0e38bbd4f8ebbdc3f087de36801ce64a673e2	/Users/tatsu-admin/v310cprod/cw1_C_lam0990/manifest.jsonl;/Users/tatsu-admin/v310cprod/cw1_C_lam0990/flag.json	1〜20	R有 / F有 / S有 / T未確認；版一致；mac/cw1_C_lam0990	"[{""branch"": ""results-2026-09-27"", ""sha"": ""8364df62d0085006b9a1a7db236c5f1ac9de2d4b"", ""path"": ""mac/cw1_C_lam0990"", ""flag_commit"": ""88e0e38bbd4f8ebbdc3f087de36801ce64a673e2"", ""R"": true, ""F"": true, ""S"": true, ""T"": false, ""tables"": []}]"	"[{""path"": ""control/2026-10-01_穴の直しとC_マック.md"", ""line"": 232, ""kind"": ""群名の言及"", ""use"": ""研究・運用報告（根拠との対応は要確認）"", ""snippet"": ""- 20:15 腕 cw1_C_lam0990（λ＝0.09900039055209096 --shop-world 1 --cf-learn）：20 本のうち 20 本が走り終わった（rc＝0）。""}, {""path"": ""control/2026-10-02_誤りの印と記憶の量_マック.md"", ""line"": 78, ""kind"": ""群名の言及"", ""use"": ""研究・運用報告（根拠との対応は要確認）"", ""snippet"": ""| cw1_C_lam0990 | 397 | 1 | 1 | 0・0・0・1 | 219 | 0.118・0.727 |""}, {""path"": ""control/2026-10-03_既定の答えとの食い違い_マック.md"", ""line"": 9, ""kind"": ""群名の言及"", ""use"": ""研究・運用報告（根拠との対応は要確認）"", ""snippet"": ""  - 世界 1：cw1_A_lam0187・cw1_C_lam0187・cw1_A_lam0990・cw1_C_lam0990。""}]"	2026-10-04T22:15:38.266490+09:00	False	残す	同じ版のGitHub要約一式が未確認；10月1日以降の報告に名前あり（根拠との対応が不明なものも保留）；今の主の系統：Cの格子・集団化・お店の世界
/Users/tatsu-admin/v310cprod/cw1_F_lam0187	run	1162203136	605917184	2026-10-01 20:40	2026-10-01 20:57	88e0e38bbd4f8ebbdc3f087de36801ce64a673e2	/Users/tatsu-admin/v310cprod/cw1_F_lam0187/manifest.jsonl;/Users/tatsu-admin/v310cprod/cw1_F_lam0187/flag.json	1〜20	R有 / F有 / S有 / T未確認；版一致；mac/cw1_F_lam0187	"[{""branch"": ""results-2026-09-27"", ""sha"": ""8364df62d0085006b9a1a7db236c5f1ac9de2d4b"", ""path"": ""mac/cw1_F_lam0187"", ""flag_commit"": ""88e0e38bbd4f8ebbdc3f087de36801ce64a673e2"", ""R"": true, ""F"": true, ""S"": true, ""T"": false, ""tables"": []}]"	"[{""path"": ""control/2026-10-01_穴の直しとC_マック.md"", ""line"": 235, ""kind"": ""群名の言及"", ""use"": ""研究・運用報告（根拠との対応は要確認）"", ""snippet"": ""- 20:57 腕 cw1_F_lam0187（λ＝0.01873710622997919 --shop-world 1 --shop-keep-cue）：20 本のうち 20 本が走り終わった（rc＝0）。""}, {""path"": ""control/2026-10-02_誤りの印と記憶の量_マック.md"", ""line"": 256, ""kind"": ""群名の言及"", ""use"": ""研究・運用報告（根拠との対応は要確認）"", ""snippet"": ""| cw1_F_lam0187 | [506, 0, 0, 29, 20] | [34195, 0, 0, 30] | [13.924, None, None, 36.402] |""}]"	2026-10-04T22:15:38.266490+09:00	False	残す	同じ版のGitHub要約一式が未確認；10月1日以降の報告に名前あり（根拠との対応が不明なものも保留）；今の主の系統：Cの格子・集団化・お店の世界
/Users/tatsu-admin/v310cprod/cw1_F_lam0990	run	3011760128	3011760128	2026-10-01 20:57	2026-10-01 22:45	88e0e38bbd4f8ebbdc3f087de36801ce64a673e2	/Users/tatsu-admin/v310cprod/cw1_F_lam0990/manifest.jsonl;/Users/tatsu-admin/v310cprod/cw1_F_lam0990/flag.json	1〜20	R有 / F有 / S有 / T未確認；版一致；mac/cw1_F_lam0990	"[{""branch"": ""results-2026-09-27"", ""sha"": ""8364df62d0085006b9a1a7db236c5f1ac9de2d4b"", ""path"": ""mac/cw1_F_lam0990"", ""flag_commit"": ""88e0e38bbd4f8ebbdc3f087de36801ce64a673e2"", ""R"": true, ""F"": true, ""S"": true, ""T"": false, ""tables"": []}]"	"[{""path"": ""control/2026-10-01_穴の直しとC_マック.md"", ""line"": 236, ""kind"": ""群名の言及"", ""use"": ""研究・運用報告（根拠との対応は要確認）"", ""snippet"": ""- 22:46 腕 cw1_F_lam0990（λ＝0.09900039055209096 --shop-world 1 --shop-keep-cue）：20 本のうち 20 本が走り終わった（rc＝0）。""}]"	2026-10-04T22:15:38.266490+09:00	False	残す	同じ版のGitHub要約一式が未確認；10月1日以降の報告に名前あり（根拠との対応が不明なものも保留）；今の主の系統：Cの格子・集団化・お店の世界
/Users/tatsu-admin/v310cprod/cw2_A_lam000	run	1498198016	851763200	2026-10-01 11:39	2026-10-01 11:49	bc5cd130ed14533d3f8be891bd99f5ee316601c9	/Users/tatsu-admin/v310cprod/cw2_A_lam000/manifest.jsonl;/Users/tatsu-admin/v310cprod/cw2_A_lam000/flag.json	1〜20	R有 / F有 / S有 / T未確認；版一致；mac/cw2_A_lam000	"[{""branch"": ""results-2026-09-27"", ""sha"": ""8364df62d0085006b9a1a7db236c5f1ac9de2d4b"", ""path"": ""mac/cw2_A_lam000"", ""flag_commit"": ""bc5cd130ed14533d3f8be891bd99f5ee316601c9"", ""R"": true, ""F"": true, ""S"": true, ""T"": false, ""tables"": []}]"	"[{""path"": ""control/2026-10-01_穴の直しとC_マック.md"", ""line"": 198, ""kind"": ""群名の言及"", ""use"": ""研究・運用報告（根拠との対応は要確認）"", ""snippet"": ""- 11:49 腕 cw2_A_lam000（λ＝0 --shop-world 2）：20 本のうち 20 本が走り終わった（rc＝0）。""}]"	2026-10-04T22:15:38.266490+09:00	False	残す	同じ版のGitHub要約一式が未確認；10月1日以降の報告に名前あり（根拠との対応が不明なものも保留）；今の主の系統：Cの格子・集団化・お店の世界
/Users/tatsu-admin/v310cprod/cw2_A_lam0187	run	1184247808	638832640	2026-10-01 11:49	2026-10-01 12:03	bc5cd130ed14533d3f8be891bd99f5ee316601c9	/Users/tatsu-admin/v310cprod/cw2_A_lam0187/manifest.jsonl;/Users/tatsu-admin/v310cprod/cw2_A_lam0187/flag.json	1〜20	R有 / F有 / S有 / T未確認；版一致；mac/cw2_A_lam0187	"[{""branch"": ""results-2026-09-27"", ""sha"": ""8364df62d0085006b9a1a7db236c5f1ac9de2d4b"", ""path"": ""mac/cw2_A_lam0187"", ""flag_commit"": ""bc5cd130ed14533d3f8be891bd99f5ee316601c9"", ""R"": true, ""F"": true, ""S"": true, ""T"": false, ""tables"": []}]"	"[{""path"": ""control/2026-10-01_穴の直しとC_マック.md"", ""line"": 199, ""kind"": ""群名の言及"", ""use"": ""研究・運用報告（根拠との対応は要確認）"", ""snippet"": ""- 12:03 腕 cw2_A_lam0187（λ＝0.01873710622997919 --shop-world 2）：20 本のうち 20 本が走り終わった（rc＝0）。""}, {""path"": ""control/2026-10-02_シールを戻す確かめ_マック.md"", ""line"": 63, ""kind"": ""群名の言及"", ""use"": ""研究・運用報告（根拠との対応は要確認）"", ""snippet"": ""| cw2_A_lam0187 | シール | 35 | 23 | 7 | 5 | 5 | 34 | 0 |""}, {""path"": ""control/2026-10-02_種1の例外のドアの外れ_マック.md"", ""line"": 4, ""kind"": ""場所の一致"", ""use"": ""研究・運用報告（根拠との対応は要確認）"", ""snippet"": ""- 読んだもの：~/v310cprod/cw2_A_lam0187/ledgers/cells/f0.5000_th2.1000_vt0.3842_first_order/seed001.jsonl.gz（台帳の行だけ）。""}, {""path"": ""control/2026-10-02_誤りの印と記憶の量_マック.md"", ""line"": 31, ""kind"": ""群名の言及"", ""use"": ""研究・運用報告（根拠との対応は要確認）"", ""snippet"": ""- 答えた数は、まとめの表（mac/表_世界2/・mac/表_世界1/）の正解＋誤答と一致した。例：cw2_A_lam0187 は 24,193 件。""}, {""path"": ""control/2026-10-02_選び間違い_マック.md"", ""line"": 43, ""kind"": ""群名の言及"", ""use"": ""研究・運用報告（根拠との対応は要確認）"", ""snippet"": ""## 1. 試行 113 の候補の表（cw2_A_lam0187・種 1・試行 113。0 から数える）""}, {""path"": ""control/2026-10-03_λと選び間違い_走行の係.md"", ""line"": 21, ""kind"": ""群名の言及"", ""use"": ""研究・運用報告（根拠との対応は要確認）"", ""snippet"": ""| A | 0.0187（マック cw2_A_lam0187） | 90 | 66（0.73） | 24（0.27） | 64 | 2 |""}, {""path"": ""control/2026-10-03_偶然の決まりを外す_走行の係.md"", ""line"": 15, ""kind"": ""群名の言及"", ""use"": ""研究・運用報告（根拠との対応は要確認）"", ""snippet"": ""  - 選び間違いの分類：マックの cw2_A_lam0187・cw2_C_lam0187 の数。デスクトップの fg_f050_* は台帳が種 1・2 だけなので、分類できない。""}, {""path"": ""control/2026-10-03_既定の答えとの食い違い_マック.md"", ""line"": 8, ""kind"": ""群名の言及"", ""use"": ""研究・運用報告（根拠との対応は要確認）"", ""snippet"": ""  - 世界 2：cw2_A_lam0187・cw2_C_lam0187・cw2_A_lam0990・cw2_C_lam0990。""}, {""path"": ""control/2026-10-03_時間の幅_マック.md"", ""line"": 56, ""kind"": ""場所の一致"", ""use"": ""研究・運用報告（根拠との対応は要確認）"", ""snippet"": ""- 旗なしの台帳の本体（見出しを除く 1,740 行）は、本番の ~/v310cprod/cw2_A_lam0187 の種 1（コード bc5cd13）と同じ sha256（fdb7b024…）だった。""}, {""path"": ""control/2026-10-04_異常を数える仕組み_マック.md"", ""line"": 16, ""kind"": ""場所の一致"", ""use"": ""研究・運用報告（根拠との対応は要確認）"", ""snippet"": ""- 既存の記録で確かめた。~/v310cprod/cw2_A_lam0187/manifest.jsonl の 1 行目に、v39・v310be など 22 個のモジュールの dict がある（stats()・close() 経由のものを含む）。""}]"	2026-10-04T22:15:38.266490+09:00	False	残す	同じ版のGitHub要約一式が未確認；10月1日以降の報告に名前あり（根拠との対応が不明なものも保留）；今の主の系統：Cの格子・集団化・お店の世界
/Users/tatsu-admin/v310cprod/cw2_A_lam020	run	970743808	487473152	2026-10-01 12:11	2026-10-01 12:16	bc5cd130ed14533d3f8be891bd99f5ee316601c9	/Users/tatsu-admin/v310cprod/cw2_A_lam020/manifest.jsonl;/Users/tatsu-admin/v310cprod/cw2_A_lam020/flag.json	1〜20	R有 / F有 / S有 / T未確認；版一致；mac/cw2_A_lam020	"[{""branch"": ""results-2026-09-27"", ""sha"": ""8364df62d0085006b9a1a7db236c5f1ac9de2d4b"", ""path"": ""mac/cw2_A_lam020"", ""flag_commit"": ""bc5cd130ed14533d3f8be891bd99f5ee316601c9"", ""R"": true, ""F"": true, ""S"": true, ""T"": false, ""tables"": []}]"	"[{""path"": ""control/2026-10-01_穴の直しとC_マック.md"", ""line"": 201, ""kind"": ""群名の言及"", ""use"": ""研究・運用報告（根拠との対応は要確認）"", ""snippet"": ""- 12:16 腕 cw2_A_lam020（λ＝0.2 --shop-world 2）：20 本のうち 20 本が走り終わった（rc＝0）。""}, {""path"": ""control/2026-10-02_誤りの印と記憶の量_マック.md"", ""line"": 70, ""kind"": ""群名の言及"", ""use"": ""研究・運用報告（根拠との対応は要確認）"", ""snippet"": ""| cw2_A_lam020 | 41 | 215 | 135 | 135・0・80・0 | 0 | 0.083・0.118 |""}]"	2026-10-04T22:15:38.266490+09:00	False	残す	同じ版のGitHub要約一式が未確認；10月1日以降の報告に名前あり（根拠との対応が不明なものも保留）；今の主の系統：Cの格子・集団化・お店の世界
/Users/tatsu-admin/v310cprod/cw2_A_lam030	run	910385152	470417408	2026-10-01 12:16	2026-10-01 12:20	bc5cd130ed14533d3f8be891bd99f5ee316601c9	/Users/tatsu-admin/v310cprod/cw2_A_lam030/manifest.jsonl;/Users/tatsu-admin/v310cprod/cw2_A_lam030/flag.json	1〜20	R有 / F有 / S有 / T未確認；版一致；mac/cw2_A_lam030	"[{""branch"": ""results-2026-09-27"", ""sha"": ""8364df62d0085006b9a1a7db236c5f1ac9de2d4b"", ""path"": ""mac/cw2_A_lam030"", ""flag_commit"": ""bc5cd130ed14533d3f8be891bd99f5ee316601c9"", ""R"": true, ""F"": true, ""S"": true, ""T"": false, ""tables"": []}]"	"[{""path"": ""control/2026-10-01_穴の直しとC_マック.md"", ""line"": 202, ""kind"": ""群名の言及"", ""use"": ""研究・運用報告（根拠との対応は要確認）"", ""snippet"": ""- 12:20 腕 cw2_A_lam030（λ＝0.3 --shop-world 2）：20 本のうち 20 本が走り終わった（rc＝0）。""}]"	2026-10-04T22:15:38.266490+09:00	False	残す	同じ版のGitHub要約一式が未確認；10月1日以降の報告に名前あり（根拠との対応が不明なものも保留）；今の主の系統：Cの格子・集団化・お店の世界
/Users/tatsu-admin/v310cprod/cw2_A_lam0990	run	1084968960	559783936	2026-10-01 12:03	2026-10-01 12:11	bc5cd130ed14533d3f8be891bd99f5ee316601c9	/Users/tatsu-admin/v310cprod/cw2_A_lam0990/manifest.jsonl;/Users/tatsu-admin/v310cprod/cw2_A_lam0990/flag.json	1〜20	R有 / F有 / S有 / T未確認；版一致；mac/cw2_A_lam0990	"[{""branch"": ""results-2026-09-27"", ""sha"": ""8364df62d0085006b9a1a7db236c5f1ac9de2d4b"", ""path"": ""mac/cw2_A_lam0990"", ""flag_commit"": ""bc5cd130ed14533d3f8be891bd99f5ee316601c9"", ""R"": true, ""F"": true, ""S"": true, ""T"": false, ""tables"": []}]"	"[{""path"": ""control/2026-10-01_穴の直しとC_マック.md"", ""line"": 200, ""kind"": ""群名の言及"", ""use"": ""研究・運用報告（根拠との対応は要確認）"", ""snippet"": ""- 12:11 腕 cw2_A_lam0990（λ＝0.09900039055209096 --shop-world 2）：20 本のうち 20 本が走り終わった（rc＝0）。""}, {""path"": ""control/2026-10-02_シールを戻す確かめ_マック.md"", ""line"": 71, ""kind"": ""群名の言及"", ""use"": ""研究・運用報告（根拠との対応は要確認）"", ""snippet"": ""| cw2_A_lam0990 | シール | 23 | 4 | 15 | 4 | 4 | 22 | 1 |""}, {""path"": ""control/2026-10-02_誤りの印と記憶の量_マック.md"", ""line"": 69, ""kind"": ""群名の言及"", ""use"": ""研究・運用報告（根拠との対応は要確認）"", ""snippet"": ""| cw2_A_lam0990 | 114 | 264 | 242 | 236・6・22・0 | 0 | 0.059・0.118 |""}, {""path"": ""control/2026-10-02_選び間違い_マック.md"", ""line"": 92, ""kind"": ""群名の言及"", ""use"": ""研究・運用報告（根拠との対応は要確認）"", ""snippet"": ""| cw2_A_lam0990 | 264 | 42 | 222 | 42 | 42 | 0 | 114 | 31 |""}, {""path"": ""control/2026-10-03_λと選び間違い_走行の係.md"", ""line"": 25, ""kind"": ""群名の言及"", ""use"": ""研究・運用報告（根拠との対応は要確認）"", ""snippet"": ""| A | 0.099（マック cw2_A_lam0990） | 264 | 42（0.16） | 222（0.84） | 42 | 0 |""}, {""path"": ""control/2026-10-03_既定の答えとの食い違い_マック.md"", ""line"": 8, ""kind"": ""群名の言及"", ""use"": ""研究・運用報告（根拠との対応は要確認）"", ""snippet"": ""  - 世界 2：cw2_A_lam0187・cw2_C_lam0187・cw2_A_lam0990・cw2_C_lam0990。""}]"	2026-10-04T22:15:38.266490+09:00	False	残す	同じ版のGitHub要約一式が未確認；10月1日以降の報告に名前あり（根拠との対応が不明なものも保留）；今の主の系統：Cの格子・集団化・お店の世界
/Users/tatsu-admin/v310cprod/cw2_C_lam0187	run	1259118592	666275840	2026-10-01 12:20	2026-10-01 12:45	bc5cd130ed14533d3f8be891bd99f5ee316601c9	/Users/tatsu-admin/v310cprod/cw2_C_lam0187/manifest.jsonl;/Users/tatsu-admin/v310cprod/cw2_C_lam0187/flag.json	1〜20	R有 / F有 / S有 / T未確認；版一致；mac/cw2_C_lam0187	"[{""branch"": ""results-2026-09-27"", ""sha"": ""8364df62d0085006b9a1a7db236c5f1ac9de2d4b"", ""path"": ""mac/cw2_C_lam0187"", ""flag_commit"": ""bc5cd130ed14533d3f8be891bd99f5ee316601c9"", ""R"": true, ""F"": true, ""S"": true, ""T"": false, ""tables"": []}]"	"[{""path"": ""control/2026-10-01_穴の直しとC_マック.md"", ""line"": 203, ""kind"": ""群名の言及"", ""use"": ""研究・運用報告（根拠との対応は要確認）"", ""snippet"": ""- 12:46 腕 cw2_C_lam0187（λ＝0.01873710622997919 --shop-world 2 --cf-learn）：20 本のうち 20 本が走り終わった（rc＝0）。""}, {""path"": ""control/2026-10-02_シールを戻す確かめ_マック.md"", ""line"": 67, ""kind"": ""群名の言及"", ""use"": ""研究・運用報告（根拠との対応は要確認）"", ""snippet"": ""| cw2_C_lam0187 | シール | 40 | 23 | 11 | 6 | 6 | 40 | 0 |""}, {""path"": ""control/2026-10-02_誤りの印と記憶の量_マック.md"", ""line"": 71, ""kind"": ""群名の言及"", ""use"": ""研究・運用報告（根拠との対応は要確認）"", ""snippet"": ""| cw2_C_lam0187 | 473 | 103 | 99 | 68・28・4・3 | 2 | 0.059・0.062 |""}, {""path"": ""control/2026-10-02_選び間違い_マック.md"", ""line"": 91, ""kind"": ""群名の言及"", ""use"": ""研究・運用報告（根拠との対応は要確認）"", ""snippet"": ""| cw2_C_lam0187 | 103 | 79 | 24 | 76 | 76 | 3 | 473 | 305 |""}, {""path"": ""control/2026-10-03_λと選び間違い_走行の係.md"", ""line"": 27, ""kind"": ""群名の言及"", ""use"": ""研究・運用報告（根拠との対応は要確認）"", ""snippet"": ""| C | 0.0187（マック cw2_C_lam0187） | 103 | 79（0.77） | 24（0.23） | 76 | 3 |""}, {""path"": ""control/2026-10-03_偶然の決まりを外す_走行の係.md"", ""line"": 15, ""kind"": ""群名の言及"", ""use"": ""研究・運用報告（根拠との対応は要確認）"", ""snippet"": ""  - 選び間違いの分類：マックの cw2_A_lam0187・cw2_C_lam0187 の数。デスクトップの fg_f050_* は台帳が種 1・2 だけなので、分類できない。""}, {""path"": ""control/2026-10-03_既定の答えとの食い違い_マック.md"", ""line"": 8, ""kind"": ""群名の言及"", ""use"": ""研究・運用報告（根拠との対応は要確認）"", ""snippet"": ""  - 世界 2：cw2_A_lam0187・cw2_C_lam0187・cw2_A_lam0990・cw2_C_lam0990。""}]"	2026-10-04T22:15:38.266490+09:00	False	残す	同じ版のGitHub要約一式が未確認；10月1日以降の報告に名前あり（根拠との対応が不明なものも保留）；今の主の系統：Cの格子・集団化・お店の世界
/Users/tatsu-admin/v310cprod/cw2_C_lam020	run	1038213120	525631488	2026-10-01 13:01	2026-10-01 13:09	bc5cd130ed14533d3f8be891bd99f5ee316601c9	/Users/tatsu-admin/v310cprod/cw2_C_lam020/manifest.jsonl;/Users/tatsu-admin/v310cprod/cw2_C_lam020/flag.json	1〜20	R有 / F有 / S有 / T未確認；版一致；mac/cw2_C_lam020	"[{""branch"": ""results-2026-09-27"", ""sha"": ""8364df62d0085006b9a1a7db236c5f1ac9de2d4b"", ""path"": ""mac/cw2_C_lam020"", ""flag_commit"": ""bc5cd130ed14533d3f8be891bd99f5ee316601c9"", ""R"": true, ""F"": true, ""S"": true, ""T"": false, ""tables"": []}]"	"[{""path"": ""control/2026-10-01_穴の直しとC_マック.md"", ""line"": 205, ""kind"": ""群名の言及"", ""use"": ""研究・運用報告（根拠との対応は要確認）"", ""snippet"": ""- 13:09 腕 cw2_C_lam020（λ＝0.2 --shop-world 2 --cf-learn）：20 本のうち 20 本が走り終わった（rc＝0）。""}, {""path"": ""control/2026-10-02_誤りの印と記憶の量_マック.md"", ""line"": 73, ""kind"": ""群名の言及"", ""use"": ""研究・運用報告（根拠との対応は要確認）"", ""snippet"": ""| cw2_C_lam020 | 42 | 201 | 136 | 136・0・65・0 | 0 | 0.083・0.118 |""}]"	2026-10-04T22:15:38.266490+09:00	False	残す	同じ版のGitHub要約一式が未確認；10月1日以降の報告に名前あり（根拠との対応が不明なものも保留）；今の主の系統：Cの格子・集団化・お店の世界
/Users/tatsu-admin/v310cprod/cw2_C_lam030	run	938463232	494202880	2026-10-01 13:09	2026-10-01 13:15	bc5cd130ed14533d3f8be891bd99f5ee316601c9	/Users/tatsu-admin/v310cprod/cw2_C_lam030/manifest.jsonl;/Users/tatsu-admin/v310cprod/cw2_C_lam030/flag.json	1〜20	R有 / F有 / S有 / T未確認；版一致；mac/cw2_C_lam030	"[{""branch"": ""results-2026-09-27"", ""sha"": ""8364df62d0085006b9a1a7db236c5f1ac9de2d4b"", ""path"": ""mac/cw2_C_lam030"", ""flag_commit"": ""bc5cd130ed14533d3f8be891bd99f5ee316601c9"", ""R"": true, ""F"": true, ""S"": true, ""T"": false, ""tables"": []}]"	"[{""path"": ""control/2026-10-01_穴の直しとC_マック.md"", ""line"": 206, ""kind"": ""群名の言及"", ""use"": ""研究・運用報告（根拠との対応は要確認）"", ""snippet"": ""- 13:15 腕 cw2_C_lam030（λ＝0.3 --shop-world 2 --cf-learn）：20 本のうち 20 本が走り終わった（rc＝0）。""}]"	2026-10-04T22:15:38.266490+09:00	False	残す	同じ版のGitHub要約一式が未確認；10月1日以降の報告に名前あり（根拠との対応が不明なものも保留）；今の主の系統：Cの格子・集団化・お店の世界
/Users/tatsu-admin/v310cprod/cw2_C_lam0990	run	1167417344	606797824	2026-10-01 12:46	2026-10-01 13:00	bc5cd130ed14533d3f8be891bd99f5ee316601c9	/Users/tatsu-admin/v310cprod/cw2_C_lam0990/manifest.jsonl;/Users/tatsu-admin/v310cprod/cw2_C_lam0990/flag.json	1〜20	R有 / F有 / S有 / T未確認；版一致；mac/cw2_C_lam0990	"[{""branch"": ""results-2026-09-27"", ""sha"": ""8364df62d0085006b9a1a7db236c5f1ac9de2d4b"", ""path"": ""mac/cw2_C_lam0990"", ""flag_commit"": ""bc5cd130ed14533d3f8be891bd99f5ee316601c9"", ""R"": true, ""F"": true, ""S"": true, ""T"": false, ""tables"": []}]"	"[{""path"": ""control/2026-10-01_穴の直しとC_マック.md"", ""line"": 204, ""kind"": ""群名の言及"", ""use"": ""研究・運用報告（根拠との対応は要確認）"", ""snippet"": ""- 13:01 腕 cw2_C_lam0990（λ＝0.09900039055209096 --shop-world 2 --cf-learn）：20 本のうち 20 本が走り終わった（rc＝0）。""}, {""path"": ""control/2026-10-02_シールを戻す確かめ_マック.md"", ""line"": 75, ""kind"": ""群名の言及"", ""use"": ""研究・運用報告（根拠との対応は要確認）"", ""snippet"": ""| cw2_C_lam0990 | シール | 24 | 4 | 16 | 4 | 4 | 22 | 1 |""}, {""path"": ""control/2026-10-02_誤りの印と記憶の量_マック.md"", ""line"": 72, ""kind"": ""群名の言及"", ""use"": ""研究・運用報告（根拠との対応は要確認）"", ""snippet"": ""| cw2_C_lam0990 | 115 | 254 | 243 | 237・6・11・0 | 0 | 0.059・0.118 |""}, {""path"": ""control/2026-10-02_選び間違い_マック.md"", ""line"": 93, ""kind"": ""群名の言及"", ""use"": ""研究・運用報告（根拠との対応は要確認）"", ""snippet"": ""| cw2_C_lam0990 | 254 | 49 | 205 | 44 | 44 | 5 | 115 | 30 |""}, {""path"": ""control/2026-10-03_λと選び間違い_走行の係.md"", ""line"": 31, ""kind"": ""群名の言及"", ""use"": ""研究・運用報告（根拠との対応は要確認）"", ""snippet"": ""| C | 0.099（マック cw2_C_lam0990） | 254 | 49（0.19） | 205（0.81） | 44 | 5 |""}, {""path"": ""control/2026-10-03_既定の答えとの食い違い_マック.md"", ""line"": 8, ""kind"": ""群名の言及"", ""use"": ""研究・運用報告（根拠との対応は要確認）"", ""snippet"": ""  - 世界 2：cw2_A_lam0187・cw2_C_lam0187・cw2_A_lam0990・cw2_C_lam0990。""}]"	2026-10-04T22:15:38.266490+09:00	False	残す	同じ版のGitHub要約一式が未確認；10月1日以降の報告に名前あり（根拠との対応が不明なものも保留）；今の主の系統：Cの格子・集団化・お店の世界
/Users/tatsu-admin/v310cprod/cw2_F_lam0187	run	1195884544	639627264	2026-10-01 13:15	2026-10-01 13:25	bc5cd130ed14533d3f8be891bd99f5ee316601c9	/Users/tatsu-admin/v310cprod/cw2_F_lam0187/manifest.jsonl;/Users/tatsu-admin/v310cprod/cw2_F_lam0187/flag.json	1〜20	R有 / F有 / S有 / T未確認；版一致；mac/cw2_F_lam0187	"[{""branch"": ""results-2026-09-27"", ""sha"": ""8364df62d0085006b9a1a7db236c5f1ac9de2d4b"", ""path"": ""mac/cw2_F_lam0187"", ""flag_commit"": ""bc5cd130ed14533d3f8be891bd99f5ee316601c9"", ""R"": true, ""F"": true, ""S"": true, ""T"": false, ""tables"": []}]"	"[{""path"": ""control/2026-10-01_穴の直しとC_マック.md"", ""line"": 207, ""kind"": ""群名の言及"", ""use"": ""研究・運用報告（根拠との対応は要確認）"", ""snippet"": ""- 13:25 腕 cw2_F_lam0187（λ＝0.01873710622997919 --shop-world 2 --shop-keep-cue）：20 本のうち 20 本が走り終わった（rc＝0）。""}, {""path"": ""control/2026-10-02_誤りの印と記憶の量_マック.md"", ""line"": 253, ""kind"": ""群名の言及"", ""use"": ""研究・運用報告（根拠との対応は要確認）"", ""snippet"": ""| cw2_F_lam0187 | [562, 0, 0, 31, 20] | [34108, 0, 0, 59] | [8.708, None, None, 60.585] |""}]"	2026-10-04T22:15:38.266490+09:00	False	残す	同じ版のGitHub要約一式が未確認；10月1日以降の報告に名前あり（根拠との対応が不明なものも保留）；今の主の系統：Cの格子・集団化・お店の世界
/Users/tatsu-admin/v310cprod/cw2_F_lam020	run	4589592576	4212162560	2026-10-01 14:47	2026-10-01 17:47	bc5cd130ed14533d3f8be891bd99f5ee316601c9	/Users/tatsu-admin/v310cprod/cw2_F_lam020/manifest.jsonl;/Users/tatsu-admin/v310cprod/cw2_F_lam020/flag.json	1〜16	R有 / F有 / S有 / T未確認；版一致；mac/cw2_F_lam020	"[{""branch"": ""results-2026-09-27"", ""sha"": ""8364df62d0085006b9a1a7db236c5f1ac9de2d4b"", ""path"": ""mac/cw2_F_lam020"", ""flag_commit"": ""bc5cd130ed14533d3f8be891bd99f5ee316601c9"", ""R"": true, ""F"": true, ""S"": true, ""T"": false, ""tables"": []}]"	"[{""path"": ""control/2026-10-01_穴の直しとC_マック.md"", ""line"": 215, ""kind"": ""群名の言及"", ""use"": ""研究・運用報告（根拠との対応は要確認）"", ""snippet"": ""- cw2_F_lam020 は、走り終わった 8 本（種 1〜8）で止めた。""}]"	2026-10-04T22:15:38.266490+09:00	False	残す	同じ版のGitHub要約一式が未確認；10月1日以降の報告に名前あり（根拠との対応が不明なものも保留）；今の主の系統：Cの格子・集団化・お店の世界
/Users/tatsu-admin/v310cprod/cw2_F_lam0990	run	3479642112	2921496576	2026-10-01 13:25	2026-10-01 14:46	bc5cd130ed14533d3f8be891bd99f5ee316601c9	/Users/tatsu-admin/v310cprod/cw2_F_lam0990/manifest.jsonl;/Users/tatsu-admin/v310cprod/cw2_F_lam0990/flag.json	1〜20	R有 / F有 / S有 / T未確認；版一致；mac/cw2_F_lam0990	"[{""branch"": ""results-2026-09-27"", ""sha"": ""8364df62d0085006b9a1a7db236c5f1ac9de2d4b"", ""path"": ""mac/cw2_F_lam0990"", ""flag_commit"": ""bc5cd130ed14533d3f8be891bd99f5ee316601c9"", ""R"": true, ""F"": true, ""S"": true, ""T"": false, ""tables"": []}]"	"[{""path"": ""control/2026-10-01_穴の直しとC_マック.md"", ""line"": 208, ""kind"": ""群名の言及"", ""use"": ""研究・運用報告（根拠との対応は要確認）"", ""snippet"": ""- 14:47 腕 cw2_F_lam0990（λ＝0.09900039055209096 --shop-world 2 --shop-keep-cue）：20 本のうち 20 本が走り終わった（rc＝0）。""}]"	2026-10-04T22:15:38.266490+09:00	False	残す	同じ版のGitHub要約一式が未確認；10月1日以降の報告に名前あり（根拠との対応が不明なものも保留）；今の主の系統：Cの格子・集団化・お店の世界
/Users/tatsu-admin/v310cprod/roletarget	run	124198912	124198912	2026-10-01 17:59	2026-10-02 00:57			1〜20	R未確認 / F未確認 / S未確認 / T未確認	[]	"[{""path"": ""control/2026-10-02_誤りの印と記憶の量_マック.md"", ""line"": 29, ""kind"": ""場所の一致"", ""use"": ""研究・運用報告（根拠との対応は要確認）"", ""snippet"": ""- 答えた席の対応先は、前の照合の再計算（~/v310cprod/roletarget）と、答えた全試行で一致した（食い違い 0）。""}]"	2026-10-04T22:15:38.266490+09:00	False	残す	同じ版のGitHub要約一式が未確認；10月1日以降の報告に名前あり（根拠との対応が不明なものも保留）；今の主の系統：Cの格子・集団化・お店の世界；manifest・flagからコードの版を確定できない
/Users/tatsu-admin/v310cprod/シールを戻す確かめ	run	1814528	1814528	2026-10-02 11:23	2026-10-02 14:20			1〜20	R未確認 / F未確認 / S未確認 / T未確認	[]	"[{""path"": ""control/2026-10-01_LLMのメモの試し_マック.md"", ""line"": 467, ""kind"": ""群名の言及"", ""use"": ""研究・運用報告（根拠との対応は要確認）"", ""snippet"": ""  - シールを戻す確かめ（tools/sealrestore_all.sh、並列 2、12:49 から）。""}, {""path"": ""control/2026-10-02_シールを戻す確かめ_マック.md"", ""line"": 1, ""kind"": ""群名の言及"", ""use"": ""研究・運用報告（根拠との対応は要確認）"", ""snippet"": ""# シールを戻す確かめ（記録の解析だけ）— マック""}, {""path"": ""docs/台帳/台帳追記_2026-10-01夕_10-02昼.md"", ""line"": 3, ""kind"": ""群名の言及"", ""use"": ""研究・運用報告（根拠との対応は要確認）"", ""snippet"": ""記録：Claude　★ 番号は仮。数字は種 1〜20 の探索。走行中のもの（シールを戻す確かめ、LLM の例外 0.4・0.5、世界 v4 の D、C の格子）は含まない。""}]"	2026-10-04T22:15:38.266490+09:00	False	残す	同じ版のGitHub要約一式が未確認；10月1日以降の報告に名前あり（根拠との対応が不明なものも保留）；今の主の系統：Cの格子・集団化・お店の世界；manifest・flagからコードの版を確定できない
/Users/tatsu-admin/v310cprod/既定の答えとの食い違い	run	49651712	49651712	2026-10-03 13:55	2026-10-03 15:03			1〜20	R未確認 / F未確認 / S未確認 / T未確認	[]	"[{""path"": ""control/2026-10-03_既定の答えとの食い違い_マック.md"", ""line"": 1, ""kind"": ""群名の言及"", ""use"": ""研究・運用報告（根拠との対応は要確認）"", ""snippet"": ""# 既定の答えとの食い違い（マック、2026-10-03 15:1x に記す）""}, {""path"": ""control/2026-10-03_状況_マック.md"", ""line"": 14, ""kind"": ""群名の言及"", ""use"": ""研究・運用報告（根拠との対応は要確認）"", ""snippet"": ""3. 既定の答えとの食い違い""}, {""path"": ""docs/台帳/台帳追記_2026-10-02夕_10-03昼.md"", ""line"": 85, ""kind"": ""群名の言及"", ""use"": ""研究・運用報告（根拠との対応は要確認）"", ""snippet"": ""- U-03b **期待つきの U**：U の既定の答えとの食い違いを、まず観測できる情報として記録し、記憶を固定して選びに使った場合と、開示だけで学べるかを調べる（マック、走行中）。主の模型に入れるかは結果の後。決められない理由：既定の答えは定義の条件ではなく全体の知識とも読め、選びに使うと世界 1 の抽象を妨げうる。""}, {""path"": ""docs/台帳/台帳追記_2026-10-03昼_夕.md"", ""line"": 9, ""kind"": ""群名の言及"", ""use"": ""研究・運用報告（根拠との対応は要確認）"", ""snippet"": ""- C-03v **既定の答えとの食い違い**（マック、記憶を固定）：同じ支持の割合の候補の中で、U の席が既定の答えと合う割合（期待一致率）の高い方を選ぶと、A・λ＝0.0187 の例外の日のドアの外れ 90 件のうち 31 件が正解、5 件が黙りに変わり、正解→外れは 1 件。世界 1 では正解→黙り 7 件。シールの一致だけを印にしても選びは変わらなかった。開示だけから期待一致率の意味を学んだ AUC は 0.53（全部の記録では 0.85）。""}]"	2026-10-04T22:15:38.266490+09:00	False	残す	同じ版のGitHub要約一式が未確認；10月1日以降の報告に名前あり（根拠との対応が不明なものも保留）；今の主の系統：Cの格子・集団化・お店の世界；manifest・flagからコードの版を確定できない
/Users/tatsu-admin/v310cprod/既定の答えとの食い違い_試し	run	368640	368640	2026-10-03 13:29	2026-10-03 13:42			1	R未確認 / F未確認 / S未確認 / T未確認	[]	[]	2026-10-04T22:15:38.266490+09:00	False	残す	同じ版のGitHub要約一式が未確認；今の主の系統：Cの格子・集団化・お店の世界；manifest・flagからコードの版を確定できない
/Users/tatsu-admin/v310cprod/既定の答えとの食い違い_試し2	run	385024	385024	2026-10-03 13:53	2026-10-03 13:54			1	R未確認 / F未確認 / S未確認 / T未確認	[]	[]	2026-10-04T22:15:38.266490+09:00	False	残す	同じ版のGitHub要約一式が未確認；今の主の系統：Cの格子・集団化・お店の世界；manifest・flagからコードの版を確定できない
/Users/tatsu-admin/v310cprod/表_世界1	run	102400	102400	2026-10-01 23:34	2026-10-02 01:21			不明	R未確認 / F未確認 / S未確認 / T未確認	[]	"[{""path"": ""control/2026-10-01_穴の直しとC_マック.md"", ""line"": 336, ""kind"": ""場所の一致"", ""use"": ""研究・運用報告（根拠との対応は要確認）"", ""snippet"": ""- 世界 1 の 11 腕（22:46 にすべて走り終わった）の同じ解析は、23:34 に始めた（tools/c_post_w1.sh、並列 4、出力は ~/v310cprod/表_世界1）。終わったら同じ形で足す。""}]"	2026-10-04T22:15:38.266490+09:00	False	残す	同じ版のGitHub要約一式が未確認；10月1日以降の報告に名前あり（根拠との対応が不明なものも保留）；今の主の系統：Cの格子・集団化・お店の世界；manifest・flagからコードの版を確定できない；種の範囲を確定できない
/Users/tatsu-admin/v310cprod/表_世界2	run	118784	118784	2026-10-01 17:59	2026-10-01 23:33			不明	R未確認 / F未確認 / S未確認 / T未確認	[]	[]	2026-10-04T22:15:38.266490+09:00	False	残す	同じ版のGitHub要約一式が未確認；今の主の系統：Cの格子・集団化・お店の世界；manifest・flagからコードの版を確定できない；種の範囲を確定できない
/Users/tatsu-admin/v310cprod/誤りの印と記憶の量	run	4923392	4923392	2026-10-02 08:06	2026-10-02 08:07			1〜16	R未確認 / F未確認 / S未確認 / T未確認	[]	"[{""path"": ""control/2026-10-02_誤りの印と記憶の量_マック.md"", ""line"": 1, ""kind"": ""群名の言及"", ""use"": ""研究・運用報告（根拠との対応は要確認）"", ""snippet"": ""# 誤りの印と記憶の量（記録の解析だけ）— マック""}]"	2026-10-04T22:15:38.266490+09:00	False	残す	同じ版のGitHub要約一式が未確認；10月1日以降の報告に名前あり（根拠との対応が不明なものも保留）；今の主の系統：Cの格子・集団化・お店の世界；manifest・flagからコードの版を確定できない
/Users/tatsu-admin/v310cprod/誤りの印と記憶の量2	run	90943488	90943488	2026-10-02 08:08	2026-10-02 08:21			1〜20	R未確認 / F未確認 / S未確認 / T未確認	[]	"[{""path"": ""control/2026-10-02_誤りの印と記憶の量_マック.md"", ""line"": 20, ""kind"": ""場所の一致"", ""use"": ""研究・運用報告（根拠との対応は要確認）"", ""snippet"": ""  - ~/v310cprod/誤りの印と記憶の量2：下の「F の席の照合」を直す前の版。""}]"	2026-10-04T22:15:38.266490+09:00	False	残す	同じ版のGitHub要約一式が未確認；10月1日以降の報告に名前あり（根拠との対応が不明なものも保留）；今の主の系統：Cの格子・集団化・お店の世界；manifest・flagからコードの版を確定できない
/Users/tatsu-admin/v310cprod/誤りの印と記憶の量3	run	89788416	89788416	2026-10-02 08:24	2026-10-02 09:54			1〜20	R未確認 / F未確認 / S未確認 / T未確認	[]	"[{""path"": ""control/2026-10-02_誤りの印と記憶の量_マック.md"", ""line"": 21, ""kind"": ""場所の一致"", ""use"": ""研究・運用報告（根拠との対応は要確認）"", ""snippet"": ""  - 使ったのは ~/v310cprod/誤りの印と記憶の量3。問い 2 の表は、2 と 3 で同じ（ファイルの比べで一致）。""}]"	2026-10-04T22:15:38.266490+09:00	False	残す	同じ版のGitHub要約一式が未確認；10月1日以降の報告に名前あり（根拠との対応が不明なものも保留）；今の主の系統：Cの格子・集団化・お店の世界；manifest・flagからコードの版を確定できない
/Users/tatsu-admin/v310cprod/誤りの印と記憶の量_試し	run	303104	303104	2026-10-02 08:06	2026-10-02 08:06			1	R未確認 / F未確認 / S未確認 / T未確認	[]	[]	2026-10-04T22:15:38.266490+09:00	False	残す	同じ版のGitHub要約一式が未確認；今の主の系統：Cの格子・集団化・お店の世界；manifest・flagからコードの版を確定できない
/Users/tatsu-admin/v310cprod/選び間違い	run	5705728	5705728	2026-10-02 17:00	2026-10-02 17:24			1〜20	R未確認 / F未確認 / S未確認 / T未確認；別機械に同名あり（同一とは未確定）	[]	"[{""path"": ""control/2026-10-02_選び間違い_マック.md"", ""line"": 232, ""kind"": ""場所の一致"", ""use"": ""研究・運用報告（根拠との対応は要確認）"", ""snippet"": ""- 前の版（~/v310cprod/選び間違い）と比べて、N3 以外の欄は 44,125 候補すべてで同じだった。""}]"	2026-10-04T22:15:38.266490+09:00	False	残す	同じ版のGitHub要約一式が未確認；10月1日以降の報告に名前あり（根拠との対応が不明なものも保留）；今の主の系統：Cの格子・集団化・お店の世界；manifest・flagからコードの版を確定できない
/Users/tatsu-admin/v310cprod/選び間違い2	run	6668288	6668288	2026-10-02 17:49	2026-10-02 22:33			1〜20	R未確認 / F未確認 / S未確認 / T未確認	[]	"[{""path"": ""control/2026-10-02_選び間違い_マック.md"", ""line"": 118, ""kind"": ""場所の一致"", ""use"": ""研究・運用報告（根拠との対応は要確認）"", ""snippet"": ""- 道具：tools/selcands.py に N3 を足し、新しい置き場所 ~/v310cprod/選び間違い2 に走らせ直した。""}]"	2026-10-04T22:15:38.266490+09:00	False	残す	同じ版のGitHub要約一式が未確認；10月1日以降の報告に名前あり（根拠との対応が不明なものも保留）；今の主の系統：Cの格子・集団化・お店の世界；manifest・flagからコードの版を確定できない
/Users/tatsu-admin/v310cprod/選び間違い3_試し	run	491520	491520	2026-10-02 22:33	2026-10-02 22:34			1	R未確認 / F未確認 / S未確認 / T未確認	[]	[]	2026-10-04T22:15:38.266490+09:00	False	残す	同じ版のGitHub要約一式が未確認；今の主の系統：Cの格子・集団化・お店の世界；manifest・flagからコードの版を確定できない
/Users/tatsu-admin/v310cprod/選び間違い3_通常の日	run	27570176	27570176	2026-10-02 22:34	2026-10-02 23:56			1〜20	R未確認 / F未確認 / S未確認 / T未確認	[]	"[{""path"": ""control/2026-10-02_選び間違い_マック.md"", ""line"": 293, ""kind"": ""群名の言及"", ""use"": ""研究・運用報告（根拠との対応は要確認）"", ""snippet"": ""  - mac/選び間違い3_通常の日/<腕>/seed*.cands.jsonl.gz・cases.jsonl・check.json と、シール優先.md・.json（4 腕で約 26 MB）。""}]"	2026-10-04T22:15:38.266490+09:00	False	残す	同じ版のGitHub要約一式が未確認；10月1日以降の報告に名前あり（根拠との対応が不明なものも保留）；今の主の系統：Cの格子・集団化・お店の世界；manifest・flagからコードの版を確定できない
/Users/tatsu-admin/v310cprod/集団化で届いた定義	run	7229440	7229440	2026-10-03 13:03	2026-10-03 14:32			1〜20・1001〜1020	R未確認 / F未確認 / S未確認 / T未確認	[]	"[{""path"": ""control/2026-10-03_状況_マック.md"", ""line"": 7, ""kind"": ""群名の言及"", ""use"": ""研究・運用報告（根拠との対応は要確認）"", ""snippet"": ""2. 集団化で届いた定義の数え直しと、その追加""}, {""path"": ""control/2026-10-03_集団化で届いた定義_マック.md"", ""line"": 1, ""kind"": ""群名の言及"", ""use"": ""研究・運用報告（根拠との対応は要確認）"", ""snippet"": ""# 集団化で届いた定義（マック、2026-10-03 14:3x に記す）""}, {""path"": ""docs/台帳/台帳追記_2026-10-02夕_10-03昼.md"", ""line"": 90, ""kind"": ""群名の言及"", ""use"": ""研究・運用報告（根拠との対応は要確認）"", ""snippet"": ""- U-03g マックの数え直し（集団化で届いた定義で正しく答えられたか、束の答えが神話か）：走行中。""}]"	2026-10-04T22:15:38.266490+09:00	False	残す	同じ版のGitHub要約一式が未確認；10月1日以降の報告に名前あり（根拠との対応が不明なものも保留）；今の主の系統：Cの格子・集団化・お店の世界；manifest・flagからコードの版を確定できない
/Users/tatsu-admin/v310cprod/集団化で届いた定義_試し	run	327680	327680	2026-10-03 13:00	2026-10-03 13:17			1・1001	R未確認 / F未確認 / S未確認 / T未確認	[]	[]	2026-10-04T22:15:38.266490+09:00	False	残す	同じ版のGitHub要約一式が未確認；今の主の系統：Cの格子・集団化・お店の世界；manifest・flagからコードの版を確定できない
/Users/tatsu-admin/v310gapprod/roletarget	run	43909120	43909120	2026-10-01 00:34	2026-10-01 00:57			1〜20	R未確認 / F未確認 / S未確認 / T未確認	[]	[]	2026-10-04T22:15:38.266490+09:00	False	残す	同じ版のGitHub要約一式が未確認；今の主の系統：λ・選び方の比較（Dとの対応が未確定なので保留）；manifest・flagからコードの版を確定できない
/Users/tatsu-admin/v310gapprod/v310gap_L50	run	1196777472	745250816	2026-10-01 00:09	2026-10-01 00:17	23087e77d3d117a319b387edc805d17d82b1dc11	/Users/tatsu-admin/v310gapprod/v310gap_L50/manifest.jsonl;/Users/tatsu-admin/v310gapprod/v310gap_L50/flag.json	1〜20	R有 / F有 / S有 / T未確認；版一致；mac/v310gap_L50	"[{""branch"": ""results-2026-09-27"", ""sha"": ""8364df62d0085006b9a1a7db236c5f1ac9de2d4b"", ""path"": ""mac/v310gap_L50"", ""flag_commit"": ""23087e77d3d117a319b387edc805d17d82b1dc11"", ""R"": true, ""F"": true, ""S"": true, ""T"": false, ""tables"": []}]"	"[{""path"": ""control/2026-10-01_answer-gap_7腕の走行_マック.md"", ""line"": 6, ""kind"": ""群名の言及"", ""use"": ""研究・運用報告（根拠との対応は要確認）"", ""snippet"": ""- 00:18 腕 v310gap_L50（λ＝0.01873710622997919）：20 本のうち 20 本が走り終わった（rc＝0）。""}]"	2026-10-04T22:15:38.266490+09:00	False	残す	同じ版のGitHub要約一式が未確認；10月1日以降の報告に名前あり（根拠との対応が不明なものも保留）；今の主の系統：λ・選び方の比較（Dとの対応が未確定なので保留）
/Users/tatsu-admin/v310gapprod/v310gap_L90	run	998383616	557297664	2026-10-01 00:18	2026-10-01 00:22	23087e77d3d117a319b387edc805d17d82b1dc11	/Users/tatsu-admin/v310gapprod/v310gap_L90/manifest.jsonl;/Users/tatsu-admin/v310gapprod/v310gap_L90/flag.json	1〜20	R有 / F有 / S有 / T未確認；版一致；mac/v310gap_L90	"[{""branch"": ""results-2026-09-27"", ""sha"": ""8364df62d0085006b9a1a7db236c5f1ac9de2d4b"", ""path"": ""mac/v310gap_L90"", ""flag_commit"": ""23087e77d3d117a319b387edc805d17d82b1dc11"", ""R"": true, ""F"": true, ""S"": true, ""T"": false, ""tables"": []}]"	"[{""path"": ""control/2026-10-01_answer-gap_7腕の走行_マック.md"", ""line"": 7, ""kind"": ""群名の言及"", ""use"": ""研究・運用報告（根拠との対応は要確認）"", ""snippet"": ""- 00:22 腕 v310gap_L90（λ＝0.09900039055209096）：20 本のうち 20 本が走り終わった（rc＝0）。""}]"	2026-10-04T22:15:38.266490+09:00	False	残す	同じ版のGitHub要約一式が未確認；10月1日以降の報告に名前あり（根拠との対応が不明なものも保留）；今の主の系統：λ・選び方の比較（Dとの対応が未確定なので保留）
/Users/tatsu-admin/v310gapprod/v310gap_lam000	run	1477742592	931057664	2026-10-01 00:02	2026-10-01 00:09	eff56f3fcb0c0204817997cfd29a869cfb374c66	/Users/tatsu-admin/v310gapprod/v310gap_lam000/manifest.jsonl;/Users/tatsu-admin/v310gapprod/v310gap_lam000/flag.json	1〜20	R有 / F有 / S有 / T未確認；版一致；mac/v310gap_lam000	"[{""branch"": ""results-2026-09-27"", ""sha"": ""8364df62d0085006b9a1a7db236c5f1ac9de2d4b"", ""path"": ""mac/v310gap_lam000"", ""flag_commit"": ""eff56f3fcb0c0204817997cfd29a869cfb374c66"", ""R"": true, ""F"": true, ""S"": true, ""T"": false, ""tables"": []}]"	"[{""path"": ""control/2026-10-01_answer-gap_7腕の走行_マック.md"", ""line"": 5, ""kind"": ""群名の言及"", ""use"": ""研究・運用報告（根拠との対応は要確認）"", ""snippet"": ""- 00:09 腕 v310gap_lam000（λ＝0）：20 本のうち 20 本が走り終わった（rc＝0）。""}]"	2026-10-04T22:15:38.266490+09:00	False	残す	同じ版のGitHub要約一式が未確認；10月1日以降の報告に名前あり（根拠との対応が不明なものも保留）；今の主の系統：λ・選び方の比較（Dとの対応が未確定なので保留）
/Users/tatsu-admin/v310gapprod/v310gap_lam020	run	823328768	420864000	2026-10-01 00:22	2026-10-01 00:25	23087e77d3d117a319b387edc805d17d82b1dc11	/Users/tatsu-admin/v310gapprod/v310gap_lam020/manifest.jsonl;/Users/tatsu-admin/v310gapprod/v310gap_lam020/flag.json	1〜20	R有 / F有 / S有 / T未確認；版一致；mac/v310gap_lam020	"[{""branch"": ""results-2026-09-27"", ""sha"": ""8364df62d0085006b9a1a7db236c5f1ac9de2d4b"", ""path"": ""mac/v310gap_lam020"", ""flag_commit"": ""23087e77d3d117a319b387edc805d17d82b1dc11"", ""R"": true, ""F"": true, ""S"": true, ""T"": false, ""tables"": []}]"	"[{""path"": ""control/2026-10-01_answer-gap_7腕の走行_マック.md"", ""line"": 8, ""kind"": ""群名の言及"", ""use"": ""研究・運用報告（根拠との対応は要確認）"", ""snippet"": ""- 00:25 腕 v310gap_lam020（λ＝0.2）：20 本のうち 20 本が走り終わった（rc＝0）。""}]"	2026-10-04T22:15:38.266490+09:00	False	残す	同じ版のGitHub要約一式が未確認；10月1日以降の報告に名前あり（根拠との対応が不明なものも保留）；今の主の系統：λ・選び方の比較（Dとの対応が未確定なので保留）
/Users/tatsu-admin/v310gapprod/v310gap_lam020_Uabs	run	799215616	396402688	2026-10-01 00:27	2026-10-01 00:31	23087e77d3d117a319b387edc805d17d82b1dc11	/Users/tatsu-admin/v310gapprod/v310gap_lam020_Uabs/manifest.jsonl;/Users/tatsu-admin/v310gapprod/v310gap_lam020_Uabs/flag.json	1〜20	R有 / F有 / S有 / T未確認；版一致；mac/v310gap_lam020_Uabs	"[{""branch"": ""results-2026-09-27"", ""sha"": ""8364df62d0085006b9a1a7db236c5f1ac9de2d4b"", ""path"": ""mac/v310gap_lam020_Uabs"", ""flag_commit"": ""23087e77d3d117a319b387edc805d17d82b1dc11"", ""R"": true, ""F"": true, ""S"": true, ""T"": false, ""tables"": []}]"	"[{""path"": ""control/2026-10-01_answer-gap_7腕の走行_マック.md"", ""line"": 10, ""kind"": ""群名の言及"", ""use"": ""研究・運用報告（根拠との対応は要確認）"", ""snippet"": ""- 00:31 腕 v310gap_lam020_Uabs（λ＝0.2、U 常時棄権）：20 本のうち 20 本が走り終わった（rc＝0）。""}]"	2026-10-04T22:15:38.266490+09:00	False	残す	同じ版のGitHub要約一式が未確認；10月1日以降の報告に名前あり（根拠との対応が不明なものも保留）；今の主の系統：λ・選び方の比較（Dとの対応が未確定なので保留）
/Users/tatsu-admin/v310gapprod/v310gap_lam030	run	733106176	366997504	2026-10-01 00:25	2026-10-01 00:27	23087e77d3d117a319b387edc805d17d82b1dc11	/Users/tatsu-admin/v310gapprod/v310gap_lam030/manifest.jsonl;/Users/tatsu-admin/v310gapprod/v310gap_lam030/flag.json	1〜20	R有 / F有 / S有 / T未確認；版一致；mac/v310gap_lam030	"[{""branch"": ""results-2026-09-27"", ""sha"": ""8364df62d0085006b9a1a7db236c5f1ac9de2d4b"", ""path"": ""mac/v310gap_lam030"", ""flag_commit"": ""23087e77d3d117a319b387edc805d17d82b1dc11"", ""R"": true, ""F"": true, ""S"": true, ""T"": false, ""tables"": []}]"	"[{""path"": ""control/2026-10-01_answer-gap_7腕の走行_マック.md"", ""line"": 9, ""kind"": ""群名の言及"", ""use"": ""研究・運用報告（根拠との対応は要確認）"", ""snippet"": ""- 00:27 腕 v310gap_lam030（λ＝0.3）：20 本のうち 20 本が走り終わった（rc＝0）。""}]"	2026-10-04T22:15:38.266490+09:00	False	残す	同じ版のGitHub要約一式が未確認；10月1日以降の報告に名前あり（根拠との対応が不明なものも保留）；今の主の系統：λ・選び方の比較（Dとの対応が未確定なので保留）
/Users/tatsu-admin/v310gapprod/v310gap_lam030_Uabs	run	715018240	348033024	2026-10-01 00:31	2026-10-01 00:33	23087e77d3d117a319b387edc805d17d82b1dc11	/Users/tatsu-admin/v310gapprod/v310gap_lam030_Uabs/manifest.jsonl;/Users/tatsu-admin/v310gapprod/v310gap_lam030_Uabs/flag.json	1〜20	R有 / F有 / S有 / T未確認；版一致；mac/v310gap_lam030_Uabs	"[{""branch"": ""results-2026-09-27"", ""sha"": ""8364df62d0085006b9a1a7db236c5f1ac9de2d4b"", ""path"": ""mac/v310gap_lam030_Uabs"", ""flag_commit"": ""23087e77d3d117a319b387edc805d17d82b1dc11"", ""R"": true, ""F"": true, ""S"": true, ""T"": false, ""tables"": []}]"	"[{""path"": ""control/2026-10-01_answer-gap_7腕の走行_マック.md"", ""line"": 11, ""kind"": ""群名の言及"", ""use"": ""研究・運用報告（根拠との対応は要確認）"", ""snippet"": ""- 00:33 腕 v310gap_lam030_Uabs（λ＝0.3、U 常時棄権）：20 本のうち 20 本が走り終わった（rc＝0）。""}]"	2026-10-04T22:15:38.266490+09:00	False	残す	同じ版のGitHub要約一式が未確認；10月1日以降の報告に名前あり（根拠との対応が不明なものも保留）；今の主の系統：λ・選び方の比較（Dとの対応が未確定なので保留）
/Users/tatsu-admin/v310gapprod/表	run	36864	36864	2026-10-01 00:58	2026-10-01 01:07			不明	R未確認 / F未確認 / S未確認 / T未確認	[]	[]	2026-10-04T22:15:38.266490+09:00	False	残す	同じ版のGitHub要約一式が未確認；今の主の系統：λ・選び方の比較（Dとの対応が未確定なので保留）；manifest・flagからコードの版を確定できない；種の範囲を確定できない
/Users/tatsu-admin/v310hprod/v310BEhs_L0_s21	run	1149693952	1149693952	2026-09-30 00:23	2026-09-30 00:29	ecb355f32fb5fd15fe185359a3e0005cdedb73a6	/Users/tatsu-admin/v310hprod/v310BEhs_L0_s21/manifest.jsonl;/Users/tatsu-admin/v310hprod/v310BEhs_L0_s21/flag.json	21〜40	R有 / F有 / S有 / T未確認；版一致；mac/v310BEhs_L0_s21	"[{""branch"": ""results-2026-09-27"", ""sha"": ""8364df62d0085006b9a1a7db236c5f1ac9de2d4b"", ""path"": ""mac/v310BEhs_L0_s21"", ""flag_commit"": ""ecb355f32fb5fd15fe185359a3e0005cdedb73a6"", ""R"": true, ""F"": true, ""S"": true, ""T"": false, ""tables"": []}]"	[]	2026-10-04T22:15:38.266490+09:00	False	残す	種21〜40を含む；同じ版のGitHub要約一式が未確認；今の主の系統：λ・保持の比較
/Users/tatsu-admin/v310hprod/v310BEhs_L0p2_s21	run	546230272	546230272	2026-09-30 00:58	2026-09-30 01:00	ecb355f32fb5fd15fe185359a3e0005cdedb73a6	/Users/tatsu-admin/v310hprod/v310BEhs_L0p2_s21/manifest.jsonl;/Users/tatsu-admin/v310hprod/v310BEhs_L0p2_s21/flag.json	21〜40	R有 / F有 / S有 / T未確認；版一致；mac/v310BEhs_L0p2_s21	"[{""branch"": ""results-2026-09-27"", ""sha"": ""8364df62d0085006b9a1a7db236c5f1ac9de2d4b"", ""path"": ""mac/v310BEhs_L0p2_s21"", ""flag_commit"": ""ecb355f32fb5fd15fe185359a3e0005cdedb73a6"", ""R"": true, ""F"": true, ""S"": true, ""T"": false, ""tables"": []}]"	[]	2026-10-04T22:15:38.266490+09:00	False	残す	種21〜40を含む；同じ版のGitHub要約一式が未確認；今の主の系統：λ・保持の比較
/Users/tatsu-admin/v310hprod/v310BEhs_L0p3_s21	run	469676032	469676032	2026-09-30 01:00	2026-09-30 01:02	ecb355f32fb5fd15fe185359a3e0005cdedb73a6	/Users/tatsu-admin/v310hprod/v310BEhs_L0p3_s21/manifest.jsonl;/Users/tatsu-admin/v310hprod/v310BEhs_L0p3_s21/flag.json	21〜40	R有 / F有 / S有 / T未確認；版一致；mac/v310BEhs_L0p3_s21	"[{""branch"": ""results-2026-09-27"", ""sha"": ""8364df62d0085006b9a1a7db236c5f1ac9de2d4b"", ""path"": ""mac/v310BEhs_L0p3_s21"", ""flag_commit"": ""ecb355f32fb5fd15fe185359a3e0005cdedb73a6"", ""R"": true, ""F"": true, ""S"": true, ""T"": false, ""tables"": []}]"	[]	2026-10-04T22:15:38.266490+09:00	False	残す	種21〜40を含む；同じ版のGitHub要約一式が未確認；今の主の系統：λ・保持の比較
/Users/tatsu-admin/v310hprod/v310BEhs_L0p5_s21	run	370442240	370442240	2026-09-30 01:02	2026-09-30 01:03	ecb355f32fb5fd15fe185359a3e0005cdedb73a6	/Users/tatsu-admin/v310hprod/v310BEhs_L0p5_s21/manifest.jsonl;/Users/tatsu-admin/v310hprod/v310BEhs_L0p5_s21/flag.json	21〜40	R有 / F有 / S有 / T未確認；版一致；mac/v310BEhs_L0p5_s21	"[{""branch"": ""results-2026-09-27"", ""sha"": ""8364df62d0085006b9a1a7db236c5f1ac9de2d4b"", ""path"": ""mac/v310BEhs_L0p5_s21"", ""flag_commit"": ""ecb355f32fb5fd15fe185359a3e0005cdedb73a6"", ""R"": true, ""F"": true, ""S"": true, ""T"": false, ""tables"": []}]"	[]	2026-10-04T22:15:38.266490+09:00	False	残す	種21〜40を含む；同じ版のGitHub要約一式が未確認；今の主の系統：λ・保持の比較
/Users/tatsu-admin/v310hprod/v310BEhs_L0p7_s21	run	339345408	339345408	2026-09-30 01:03	2026-09-30 01:04	ecb355f32fb5fd15fe185359a3e0005cdedb73a6	/Users/tatsu-admin/v310hprod/v310BEhs_L0p7_s21/manifest.jsonl;/Users/tatsu-admin/v310hprod/v310BEhs_L0p7_s21/flag.json	21〜40	R有 / F有 / S有 / T未確認；版一致；mac/v310BEhs_L0p7_s21	"[{""branch"": ""results-2026-09-27"", ""sha"": ""8364df62d0085006b9a1a7db236c5f1ac9de2d4b"", ""path"": ""mac/v310BEhs_L0p7_s21"", ""flag_commit"": ""ecb355f32fb5fd15fe185359a3e0005cdedb73a6"", ""R"": true, ""F"": true, ""S"": true, ""T"": false, ""tables"": []}]"	[]	2026-10-04T22:15:38.266490+09:00	False	残す	種21〜40を含む；同じ版のGitHub要約一式が未確認；今の主の系統：λ・保持の比較
/Users/tatsu-admin/v310hprod/v310BEhs_L1_s21	run	344576000	344576000	2026-09-30 00:51	2026-09-30 00:52	ecb355f32fb5fd15fe185359a3e0005cdedb73a6	/Users/tatsu-admin/v310hprod/v310BEhs_L1_s21/manifest.jsonl;/Users/tatsu-admin/v310hprod/v310BEhs_L1_s21/flag.json	21〜40	R有 / F有 / S有 / T未確認；版一致；mac/v310BEhs_L1_s21	"[{""branch"": ""results-2026-09-27"", ""sha"": ""8364df62d0085006b9a1a7db236c5f1ac9de2d4b"", ""path"": ""mac/v310BEhs_L1_s21"", ""flag_commit"": ""ecb355f32fb5fd15fe185359a3e0005cdedb73a6"", ""R"": true, ""F"": true, ""S"": true, ""T"": false, ""tables"": []}]"	[]	2026-10-04T22:15:38.266490+09:00	False	残す	種21〜40を含む；同じ版のGitHub要約一式が未確認；今の主の系統：λ・保持の比較
/Users/tatsu-admin/v310hprod/v310BEhs_L25_s21	run	588648448	588648448	2026-09-30 00:29	2026-09-30 00:33	ecb355f32fb5fd15fe185359a3e0005cdedb73a6	/Users/tatsu-admin/v310hprod/v310BEhs_L25_s21/manifest.jsonl;/Users/tatsu-admin/v310hprod/v310BEhs_L25_s21/flag.json	21〜40	R有 / F有 / S有 / T未確認；版一致；mac/v310BEhs_L25_s21	"[{""branch"": ""results-2026-09-27"", ""sha"": ""8364df62d0085006b9a1a7db236c5f1ac9de2d4b"", ""path"": ""mac/v310BEhs_L25_s21"", ""flag_commit"": ""ecb355f32fb5fd15fe185359a3e0005cdedb73a6"", ""R"": true, ""F"": true, ""S"": true, ""T"": false, ""tables"": []}]"	[]	2026-10-04T22:15:38.266490+09:00	False	残す	種21〜40を含む；同じ版のGitHub要約一式が未確認；今の主の系統：λ・保持の比較
/Users/tatsu-admin/v310hprod/v310BEhs_L50_Uabs_s21	run	829964288	829964288	2026-09-30 00:52	2026-09-30 00:58	ecb355f32fb5fd15fe185359a3e0005cdedb73a6	/Users/tatsu-admin/v310hprod/v310BEhs_L50_Uabs_s21/manifest.jsonl;/Users/tatsu-admin/v310hprod/v310BEhs_L50_Uabs_s21/flag.json	21〜40	R有 / F有 / S有 / T未確認；版一致；mac/v310BEhs_L50_Uabs_s21	"[{""branch"": ""results-2026-09-27"", ""sha"": ""8364df62d0085006b9a1a7db236c5f1ac9de2d4b"", ""path"": ""mac/v310BEhs_L50_Uabs_s21"", ""flag_commit"": ""ecb355f32fb5fd15fe185359a3e0005cdedb73a6"", ""R"": true, ""F"": true, ""S"": true, ""T"": false, ""tables"": []}]"	[]	2026-10-04T22:15:38.266490+09:00	False	残す	種21〜40を含む；同じ版のGitHub要約一式が未確認；今の主の系統：λ・保持の比較
/Users/tatsu-admin/v310hprod/v310BEhs_L50_s21	run	871817216	871817216	2026-09-30 00:33	2026-09-30 00:40	ecb355f32fb5fd15fe185359a3e0005cdedb73a6	/Users/tatsu-admin/v310hprod/v310BEhs_L50_s21/manifest.jsonl;/Users/tatsu-admin/v310hprod/v310BEhs_L50_s21/flag.json	21〜40	R有 / F有 / S有 / T未確認；版一致；mac/v310BEhs_L50_s21	"[{""branch"": ""results-2026-09-27"", ""sha"": ""8364df62d0085006b9a1a7db236c5f1ac9de2d4b"", ""path"": ""mac/v310BEhs_L50_s21"", ""flag_commit"": ""ecb355f32fb5fd15fe185359a3e0005cdedb73a6"", ""R"": true, ""F"": true, ""S"": true, ""T"": false, ""tables"": []}]"	[]	2026-10-04T22:15:38.266490+09:00	False	残す	種21〜40を含む；同じ版のGitHub要約一式が未確認；今の主の系統：λ・保持の比較
/Users/tatsu-admin/v310hprod/v310BEhs_L75_s21	run	935813120	935813120	2026-09-30 00:40	2026-09-30 00:47	ecb355f32fb5fd15fe185359a3e0005cdedb73a6	/Users/tatsu-admin/v310hprod/v310BEhs_L75_s21/manifest.jsonl;/Users/tatsu-admin/v310hprod/v310BEhs_L75_s21/flag.json	21〜40	R有 / F有 / S有 / T未確認；版一致；mac/v310BEhs_L75_s21	"[{""branch"": ""results-2026-09-27"", ""sha"": ""8364df62d0085006b9a1a7db236c5f1ac9de2d4b"", ""path"": ""mac/v310BEhs_L75_s21"", ""flag_commit"": ""ecb355f32fb5fd15fe185359a3e0005cdedb73a6"", ""R"": true, ""F"": true, ""S"": true, ""T"": false, ""tables"": []}]"	[]	2026-10-04T22:15:38.266490+09:00	False	残す	種21〜40を含む；同じ版のGitHub要約一式が未確認；今の主の系統：λ・保持の比較
/Users/tatsu-admin/v310hprod/v310BEhs_L90_s21	run	699789312	699789312	2026-09-30 00:47	2026-09-30 00:51	ecb355f32fb5fd15fe185359a3e0005cdedb73a6	/Users/tatsu-admin/v310hprod/v310BEhs_L90_s21/manifest.jsonl;/Users/tatsu-admin/v310hprod/v310BEhs_L90_s21/flag.json	21〜40	R有 / F有 / S有 / T未確認；版一致；mac/v310BEhs_L90_s21	"[{""branch"": ""results-2026-09-27"", ""sha"": ""8364df62d0085006b9a1a7db236c5f1ac9de2d4b"", ""path"": ""mac/v310BEhs_L90_s21"", ""flag_commit"": ""ecb355f32fb5fd15fe185359a3e0005cdedb73a6"", ""R"": true, ""F"": true, ""S"": true, ""T"": false, ""tables"": []}]"	[]	2026-10-04T22:15:38.266490+09:00	False	残す	種21〜40を含む；同じ版のGitHub要約一式が未確認；今の主の系統：λ・保持の比較
/Users/tatsu-admin/v310hsaprod/v310BEhsa_L90_s21	run	703422464	703422464	2026-09-30 10:16	2026-09-30 10:19	f71439426057d2bc493fa7ceab1bd157c011da82	/Users/tatsu-admin/v310hsaprod/v310BEhsa_L90_s21/manifest.jsonl;/Users/tatsu-admin/v310hsaprod/v310BEhsa_L90_s21/flag.json	21〜40	R有 / F有 / S有 / T有；版一致；mac/v310BEhsa_L90_s21	"[{""branch"": ""results-2026-09-27"", ""sha"": ""8364df62d0085006b9a1a7db236c5f1ac9de2d4b"", ""path"": ""mac/v310BEhsa_L90_s21"", ""flag_commit"": ""f71439426057d2bc493fa7ceab1bd157c011da82"", ""R"": true, ""F"": true, ""S"": true, ""T"": true, ""tables"": [""mac/v310BEhsa_L90_s21/answers_v310BEhsa_L90_s21.csv.gz""]}]"	[]	2026-10-04T22:15:38.266490+09:00	False	残す	種21〜40を含む；今の主の系統：λ・保持の比較
/Users/tatsu-admin/v310hsaprod/v310BEhsa_lam015_s21	run	583127040	583127040	2026-09-30 10:21	2026-09-30 10:23	f71439426057d2bc493fa7ceab1bd157c011da82	/Users/tatsu-admin/v310hsaprod/v310BEhsa_lam015_s21/manifest.jsonl;/Users/tatsu-admin/v310hsaprod/v310BEhsa_lam015_s21/flag.json	21〜40	R有 / F有 / S有 / T有；版一致；mac/v310BEhsa_lam015_s21	"[{""branch"": ""results-2026-09-27"", ""sha"": ""8364df62d0085006b9a1a7db236c5f1ac9de2d4b"", ""path"": ""mac/v310BEhsa_lam015_s21"", ""flag_commit"": ""f71439426057d2bc493fa7ceab1bd157c011da82"", ""R"": true, ""F"": true, ""S"": true, ""T"": true, ""tables"": [""mac/v310BEhsa_lam015_s21/answers_v310BEhsa_lam015_s21.csv.gz""]}]"	[]	2026-10-04T22:15:38.266490+09:00	False	残す	種21〜40を含む；今の主の系統：λ・保持の比較
/Users/tatsu-admin/v310hsaprod/v310BEhsa_lam020_s21	run	547864576	547864576	2026-09-30 10:24	2026-09-30 10:25	f71439426057d2bc493fa7ceab1bd157c011da82	/Users/tatsu-admin/v310hsaprod/v310BEhsa_lam020_s21/manifest.jsonl;/Users/tatsu-admin/v310hsaprod/v310BEhsa_lam020_s21/flag.json	21〜40	R有 / F有 / S有 / T有；版一致；mac/v310BEhsa_lam020_s21	"[{""branch"": ""results-2026-09-27"", ""sha"": ""8364df62d0085006b9a1a7db236c5f1ac9de2d4b"", ""path"": ""mac/v310BEhsa_lam020_s21"", ""flag_commit"": ""f71439426057d2bc493fa7ceab1bd157c011da82"", ""R"": true, ""F"": true, ""S"": true, ""T"": true, ""tables"": [""mac/v310BEhsa_lam020_s21/answers_v310BEhsa_lam020_s21.csv.gz""]}]"	[]	2026-10-04T22:15:38.266490+09:00	False	残す	種21〜40を含む；今の主の系統：λ・保持の比較
/Users/tatsu-admin/v310hsaprod/v310BEhsa_lam030_s21	run	470274048	470274048	2026-09-30 10:26	2026-09-30 10:27	f71439426057d2bc493fa7ceab1bd157c011da82	/Users/tatsu-admin/v310hsaprod/v310BEhsa_lam030_s21/manifest.jsonl;/Users/tatsu-admin/v310hsaprod/v310BEhsa_lam030_s21/flag.json	21〜40	R有 / F有 / S有 / T有；版一致；mac/v310BEhsa_lam030_s21	"[{""branch"": ""results-2026-09-27"", ""sha"": ""8364df62d0085006b9a1a7db236c5f1ac9de2d4b"", ""path"": ""mac/v310BEhsa_lam030_s21"", ""flag_commit"": ""f71439426057d2bc493fa7ceab1bd157c011da82"", ""R"": true, ""F"": true, ""S"": true, ""T"": true, ""tables"": [""mac/v310BEhsa_lam030_s21/answers_v310BEhsa_lam030_s21.csv.gz""]}]"	[]	2026-10-04T22:15:38.266490+09:00	False	残す	種21〜40を含む；今の主の系統：λ・保持の比較
/Users/tatsu-admin/v310hsaprod/v310BEhsa_lam050_s21	run	370823168	370823168	2026-09-30 10:28	2026-09-30 10:28	f71439426057d2bc493fa7ceab1bd157c011da82	/Users/tatsu-admin/v310hsaprod/v310BEhsa_lam050_s21/manifest.jsonl;/Users/tatsu-admin/v310hsaprod/v310BEhsa_lam050_s21/flag.json	21〜40	R有 / F有 / S有 / T有；版一致；mac/v310BEhsa_lam050_s21	"[{""branch"": ""results-2026-09-27"", ""sha"": ""8364df62d0085006b9a1a7db236c5f1ac9de2d4b"", ""path"": ""mac/v310BEhsa_lam050_s21"", ""flag_commit"": ""f71439426057d2bc493fa7ceab1bd157c011da82"", ""R"": true, ""F"": true, ""S"": true, ""T"": true, ""tables"": [""mac/v310BEhsa_lam050_s21/answers_v310BEhsa_lam050_s21.csv.gz""]}]"	[]	2026-10-04T22:15:38.266490+09:00	False	残す	種21〜40を含む；今の主の系統：λ・保持の比較
/Users/tatsu-admin/v310prod/v310BE_cal	run	2012237824	1794002944	2026-09-29 15:10	2026-09-29 15:39	9e48b938659f1152843f9c5265b460db708c490a	/Users/tatsu-admin/v310prod/v310BE_cal/manifest.jsonl;/Users/tatsu-admin/v310prod/v310BE_cal/flag.json	41〜60	R未確認 / F未確認 / S未確認 / T未確認	[]	"[{""path"": ""control/2026-10-01_消したものの一覧_マック.md"", ""line"": 9, ""kind"": ""場所の一致"", ""use"": ""容量・保存場所の報告"", ""snippet"": ""  - ~/v310prod/be_calib.json、~/v310prod/v310BE_cal""}, {""path"": ""docs/台帳/台帳追記_2026-09-30夜_10-01.md"", ""line"": 94, ""kind"": ""群名の言及"", ""use"": ""研究・運用報告（根拠との対応は要確認）"", ""snippet"": ""- D-01m **古い走行を消した。** ~/v33prod〜v39prod と v310prod の BE の初期の腕（139.8GB）、sha256 の一覧の無い 9.7GB のうち較正（v310BE_cal）以外。analysis*/ と runs/ は残した。""}]"	2026-10-04T22:15:38.266490+09:00	False	残す	同じ版のGitHub要約一式が未確認；10月1日以降の報告に名前あり（根拠との対応が不明なものも保留）
/Users/tatsu-admin/v310spcprod/shop_w2_keep_lam0187	run	1193725952	641495040	2026-10-01 10:25	2026-10-01 10:33	b8d4baf09d50d472378fc2103da62a74df150475	/Users/tatsu-admin/v310spcprod/shop_w2_keep_lam0187/manifest.jsonl;/Users/tatsu-admin/v310spcprod/shop_w2_keep_lam0187/flag.json	1〜20	R有 / F有 / S有 / T未確認；版一致；mac/shop_w2_keep_lam0187	"[{""branch"": ""results-2026-09-27"", ""sha"": ""8364df62d0085006b9a1a7db236c5f1ac9de2d4b"", ""path"": ""mac/shop_w2_keep_lam0187"", ""flag_commit"": ""b8d4baf09d50d472378fc2103da62a74df150475"", ""R"": true, ""F"": true, ""S"": true, ""T"": false, ""tables"": []}]"	"[{""path"": ""control/2026-10-01_strict-pcの続き_マック.md"", ""line"": 122, ""kind"": ""群名の言及"", ""use"": ""研究・運用報告（根拠との対応は要確認）"", ""snippet"": ""- 10:33 腕 shop_w2_keep_lam0187（λ＝0.01873710622997919 --shop-world 2 --probe-world --shop-keep-cue）：20 本のうち 20 本が走り終わった（rc＝0）。""}, {""path"": ""control/2026-10-01_穴の直しとC_マック.md"", ""line"": 9, ""kind"": ""群名の言及"", ""use"": ""研究・運用報告（根拠との対応は要確認）"", ""snippet"": ""  - shop_w2_lam000・shop_w2_lam0187・shop_w2_lam0990・shop_w2_lam020・shop_w2_lam030・shop_w2_keep_lam0187。""}]"	2026-10-04T22:15:38.266490+09:00	False	残す	同じ版のGitHub要約一式が未確認；10月1日以降の報告に名前あり（根拠との対応が不明なものも保留）；今の主の系統：お店の世界
/Users/tatsu-admin/v310spcprod/shop_w2_keep_lam0990	run	1962414080	1564114944	2026-10-01 10:33	2026-10-01 11:00	b8d4baf09d50d472378fc2103da62a74df150475	/Users/tatsu-admin/v310spcprod/shop_w2_keep_lam0990/manifest.jsonl;/Users/tatsu-admin/v310spcprod/shop_w2_keep_lam0990/flag.json	1〜16	R未確認 / F未確認 / S未確認 / T未確認	[]	"[{""path"": ""control/2026-10-01_穴の直しとC_マック.md"", ""line"": 10, ""kind"": ""群名の言及"", ""use"": ""研究・運用報告（根拠との対応は要確認）"", ""snippet"": ""- 途中で止めた腕：shop_w2_keep_lam0990（20 本のうち 8 本が走り終わっていた。sha256 の一覧は上げていない）。""}]"	2026-10-04T22:15:38.266490+09:00	False	残す	同じ版のGitHub要約一式が未確認；10月1日以降の報告に名前あり（根拠との対応が不明なものも保留）；今の主の系統：お店の世界
/Users/tatsu-admin/v310spcprod/shop_w2_lam000	run	1584898048	939454464	2026-10-01 09:50	2026-10-01 10:00	b8d4baf09d50d472378fc2103da62a74df150475	/Users/tatsu-admin/v310spcprod/shop_w2_lam000/manifest.jsonl;/Users/tatsu-admin/v310spcprod/shop_w2_lam000/flag.json	1〜20	R有 / F有 / S有 / T未確認；版一致；mac/shop_w2_lam000	"[{""branch"": ""results-2026-09-27"", ""sha"": ""8364df62d0085006b9a1a7db236c5f1ac9de2d4b"", ""path"": ""mac/shop_w2_lam000"", ""flag_commit"": ""b8d4baf09d50d472378fc2103da62a74df150475"", ""R"": true, ""F"": true, ""S"": true, ""T"": false, ""tables"": []}]"	"[{""path"": ""control/2026-10-01_strict-pcの続き_マック.md"", ""line"": 117, ""kind"": ""群名の言及"", ""use"": ""研究・運用報告（根拠との対応は要確認）"", ""snippet"": ""- 10:00 腕 shop_w2_lam000（λ＝0 --shop-world 2 --probe-world）：20 本のうち 20 本が走り終わった（rc＝0）。""}, {""path"": ""control/2026-10-01_穴の直しとC_マック.md"", ""line"": 9, ""kind"": ""群名の言及"", ""use"": ""研究・運用報告（根拠との対応は要確認）"", ""snippet"": ""  - shop_w2_lam000・shop_w2_lam0187・shop_w2_lam0990・shop_w2_lam020・shop_w2_lam030・shop_w2_keep_lam0187。""}]"	2026-10-04T22:15:38.266490+09:00	False	残す	同じ版のGitHub要約一式が未確認；10月1日以降の報告に名前あり（根拠との対応が不明なものも保留）；今の主の系統：お店の世界
/Users/tatsu-admin/v310spcprod/shop_w2_lam0187	run	1250734080	714727424	2026-10-01 10:00	2026-10-01 10:13	b8d4baf09d50d472378fc2103da62a74df150475	/Users/tatsu-admin/v310spcprod/shop_w2_lam0187/manifest.jsonl;/Users/tatsu-admin/v310spcprod/shop_w2_lam0187/flag.json	1〜20	R有 / F有 / S有 / T未確認；版一致；mac/shop_w2_lam0187	"[{""branch"": ""results-2026-09-27"", ""sha"": ""8364df62d0085006b9a1a7db236c5f1ac9de2d4b"", ""path"": ""mac/shop_w2_lam0187"", ""flag_commit"": ""b8d4baf09d50d472378fc2103da62a74df150475"", ""R"": true, ""F"": true, ""S"": true, ""T"": false, ""tables"": []}]"	"[{""path"": ""control/2026-10-01_strict-pcの続き_マック.md"", ""line"": 118, ""kind"": ""群名の言及"", ""use"": ""研究・運用報告（根拠との対応は要確認）"", ""snippet"": ""- 10:13 腕 shop_w2_lam0187（λ＝0.01873710622997919 --shop-world 2 --probe-world）：20 本のうち 20 本が走り終わった（rc＝0）。""}, {""path"": ""control/2026-10-01_穴の直しとC_マック.md"", ""line"": 9, ""kind"": ""群名の言及"", ""use"": ""研究・運用報告（根拠との対応は要確認）"", ""snippet"": ""  - shop_w2_lam000・shop_w2_lam0187・shop_w2_lam0990・shop_w2_lam020・shop_w2_lam030・shop_w2_keep_lam0187。""}]"	2026-10-04T22:15:38.266490+09:00	False	残す	同じ版のGitHub要約一式が未確認；10月1日以降の報告に名前あり（根拠との対応が不明なものも保留）；今の主の系統：お店の世界
/Users/tatsu-admin/v310spcprod/shop_w2_lam020	run	858861568	447983616	2026-10-01 10:18	2026-10-01 10:22	b8d4baf09d50d472378fc2103da62a74df150475	/Users/tatsu-admin/v310spcprod/shop_w2_lam020/manifest.jsonl;/Users/tatsu-admin/v310spcprod/shop_w2_lam020/flag.json	1〜20	R有 / F有 / S有 / T未確認；版一致；mac/shop_w2_lam020	"[{""branch"": ""results-2026-09-27"", ""sha"": ""8364df62d0085006b9a1a7db236c5f1ac9de2d4b"", ""path"": ""mac/shop_w2_lam020"", ""flag_commit"": ""b8d4baf09d50d472378fc2103da62a74df150475"", ""R"": true, ""F"": true, ""S"": true, ""T"": false, ""tables"": []}]"	"[{""path"": ""control/2026-10-01_strict-pcの続き_マック.md"", ""line"": 120, ""kind"": ""群名の言及"", ""use"": ""研究・運用報告（根拠との対応は要確認）"", ""snippet"": ""- 10:22 腕 shop_w2_lam020（λ＝0.2 --shop-world 2 --probe-world）：20 本のうち 20 本が走り終わった（rc＝0）。""}, {""path"": ""control/2026-10-01_穴の直しとC_マック.md"", ""line"": 9, ""kind"": ""群名の言及"", ""use"": ""研究・運用報告（根拠との対応は要確認）"", ""snippet"": ""  - shop_w2_lam000・shop_w2_lam0187・shop_w2_lam0990・shop_w2_lam020・shop_w2_lam030・shop_w2_keep_lam0187。""}]"	2026-10-04T22:15:38.266490+09:00	False	残す	同じ版のGitHub要約一式が未確認；10月1日以降の報告に名前あり（根拠との対応が不明なものも保留）；今の主の系統：お店の世界
/Users/tatsu-admin/v310spcprod/shop_w2_lam030	run	820576256	426065920	2026-10-01 10:22	2026-10-01 10:24	b8d4baf09d50d472378fc2103da62a74df150475	/Users/tatsu-admin/v310spcprod/shop_w2_lam030/manifest.jsonl;/Users/tatsu-admin/v310spcprod/shop_w2_lam030/flag.json	1〜20	R有 / F有 / S有 / T未確認；版一致；mac/shop_w2_lam030	"[{""branch"": ""results-2026-09-27"", ""sha"": ""8364df62d0085006b9a1a7db236c5f1ac9de2d4b"", ""path"": ""mac/shop_w2_lam030"", ""flag_commit"": ""b8d4baf09d50d472378fc2103da62a74df150475"", ""R"": true, ""F"": true, ""S"": true, ""T"": false, ""tables"": []}]"	"[{""path"": ""control/2026-10-01_strict-pcの続き_マック.md"", ""line"": 121, ""kind"": ""群名の言及"", ""use"": ""研究・運用報告（根拠との対応は要確認）"", ""snippet"": ""- 10:25 腕 shop_w2_lam030（λ＝0.3 --shop-world 2 --probe-world）：20 本のうち 20 本が走り終わった（rc＝0）。""}, {""path"": ""control/2026-10-01_穴の直しとC_マック.md"", ""line"": 9, ""kind"": ""群名の言及"", ""use"": ""研究・運用報告（根拠との対応は要確認）"", ""snippet"": ""  - shop_w2_lam000・shop_w2_lam0187・shop_w2_lam0990・shop_w2_lam020・shop_w2_lam030・shop_w2_keep_lam0187。""}]"	2026-10-04T22:15:38.266490+09:00	False	残す	同じ版のGitHub要約一式が未確認；10月1日以降の報告に名前あり（根拠との対応が不明なものも保留）；今の主の系統：お店の世界
/Users/tatsu-admin/v310spcprod/shop_w2_lam0990	run	995311616	507588608	2026-10-01 10:13	2026-10-01 10:18	b8d4baf09d50d472378fc2103da62a74df150475	/Users/tatsu-admin/v310spcprod/shop_w2_lam0990/manifest.jsonl;/Users/tatsu-admin/v310spcprod/shop_w2_lam0990/flag.json	1〜20	R有 / F有 / S有 / T未確認；版一致；mac/shop_w2_lam0990	"[{""branch"": ""results-2026-09-27"", ""sha"": ""8364df62d0085006b9a1a7db236c5f1ac9de2d4b"", ""path"": ""mac/shop_w2_lam0990"", ""flag_commit"": ""b8d4baf09d50d472378fc2103da62a74df150475"", ""R"": true, ""F"": true, ""S"": true, ""T"": false, ""tables"": []}]"	"[{""path"": ""control/2026-10-01_strict-pcの続き_マック.md"", ""line"": 119, ""kind"": ""群名の言及"", ""use"": ""研究・運用報告（根拠との対応は要確認）"", ""snippet"": ""- 10:18 腕 shop_w2_lam0990（λ＝0.09900039055209096 --shop-world 2 --probe-world）：20 本のうち 20 本が走り終わった（rc＝0）。""}, {""path"": ""control/2026-10-01_穴の直しとC_マック.md"", ""line"": 9, ""kind"": ""群名の言及"", ""use"": ""研究・運用報告（根拠との対応は要確認）"", ""snippet"": ""  - shop_w2_lam000・shop_w2_lam0187・shop_w2_lam0990・shop_w2_lam020・shop_w2_lam030・shop_w2_keep_lam0187。""}]"	2026-10-04T22:15:38.266490+09:00	False	残す	同じ版のGitHub要約一式が未確認；10月1日以降の報告に名前あり（根拠との対応が不明なものも保留）；今の主の系統：お店の世界
/Users/tatsu-admin/v310urtaprod/answerseat	run	1003520	1003520	2026-09-30 18:13	2026-09-30 18:23			不明	R未確認 / F未確認 / S未確認 / T未確認	[]	"[{""path"": ""control/2026-09-30_欠けた位置にだけ答える_マック.md"", ""line"": 68, ""kind"": ""場所の一致"", ""use"": ""研究・運用報告（根拠との対応は要確認）"", ""snippet"": ""- **分かる課題**：今日の 3 の集計（~/v310urtaprod/answerseat/345.json の「ぶら下がり無しの試行」）の補集合。""}]"	2026-10-04T22:15:38.266490+09:00	False	残す	同じ版のGitHub要約一式が未確認；10月1日以降の報告に名前あり（根拠との対応が不明なものも保留）；今の主の系統：U・λ；manifest・flagからコードの版を確定できない；種の範囲を確定できない
/Users/tatsu-admin/v310urtaprod/extrap	run	192512	192512	2026-09-30 16:45	2026-09-30 17:16			不明	R未確認 / F未確認 / S未確認 / T未確認	[]	[]	2026-10-04T22:15:38.266490+09:00	False	残す	同じ版のGitHub要約一式が未確認；今の主の系統：U・λ；manifest・flagからコードの版を確定できない；種の範囲を確定できない
/Users/tatsu-admin/v310urtaprod/roletarget	run	70164480	70164480	2026-09-30 20:10	2026-09-30 20:46			1〜20	R未確認 / F未確認 / S未確認 / T未確認	[]	"[{""path"": ""control/2026-10-01_高階の席の状態_マック.md"", ""line"": 112, ""kind"": ""場所の一致"", ""use"": ""研究・運用報告（根拠との対応は要確認）"", ""snippet"": ""  - 対応先は roletarget の CSV（~/v310urtaprod/roletarget）。""}]"	2026-10-04T22:15:38.266490+09:00	False	残す	同じ版のGitHub要約一式が未確認；10月1日以降の報告に名前あり（根拠との対応が不明なものも保留）；今の主の系統：U・λ；manifest・flagからコードの版を確定できない
/Users/tatsu-admin/v310urtaprod/v310BEurta_L25	run	946176000	493420544	2026-09-30 16:03	2026-09-30 17:05	9d7db1f94321efe7d61c0b15caf7d8b780e10184	/Users/tatsu-admin/v310urtaprod/v310BEurta_L25/manifest.jsonl;/Users/tatsu-admin/v310urtaprod/v310BEurta_L25/flag.json	1〜20	R有 / F有 / S有 / T有；版一致；mac/v310BEurta_L25	"[{""branch"": ""results-2026-09-27"", ""sha"": ""8364df62d0085006b9a1a7db236c5f1ac9de2d4b"", ""path"": ""mac/v310BEurta_L25"", ""flag_commit"": ""9d7db1f94321efe7d61c0b15caf7d8b780e10184"", ""R"": true, ""F"": true, ""S"": true, ""T"": true, ""tables"": [""mac/共有の診断_urta_Codex/v310BEurta_L25/seed001.quantities.csv.gz"", ""mac/共有の診断_urta_Codex/v310BEurta_L25/seed002.quantities.csv.gz"", ""mac/共有の診断_urta_Codex/v310BEurta_L25/seed003.quantities.csv.gz"", ""mac/共有の診断_urta_Codex/v310BEurta_L25/seed004.quantities.csv.gz"", ""mac/共有の診断_urta_Codex/v310BEurta_L25/seed005.quantities.csv.gz"", ""mac/共有の診断_urta_Codex/v310BEurta_L25/seed006.quantities.csv.gz"", ""mac/共有の診断_urta_Codex/v310BEurta_L25/seed007.quantities.csv.gz"", ""mac/共有の診断_urta_Codex/v310BEurta_L25/seed008.quantities.csv.gz"", ""mac/共有の診断_urta_Codex/v310BEurta_L25/seed009.quantities.csv.gz"", ""mac/共有の診断_urta_Codex/v310BEurta_L25/seed010.quantities.csv.gz"", ""mac/共有の診断_urta_Codex/v310BEurta_L25/seed011.quantities.csv.gz"", ""mac/共有の診断_urta_Codex/v310BEurta_L25/seed012.quantities.csv.gz"", ""mac/共有の診断_urta_Codex/v310BEurta_L25/seed013.quantities.csv.gz"", ""mac/共有の診断_urta_Codex/v310BEurta_L25/seed014.quantities.csv.gz"", ""mac/共有の診断_urta_Codex/v310BEurta_L25/seed015.quantities.csv.gz"", ""mac/共有の診断_urta_Codex/v310BEurta_L25/seed016.quantities.csv.gz"", ""mac/共有の診断_urta_Codex/v310BEurta_L25/seed017.quantities.csv.gz"", ""mac/共有の診断_urta_Codex/v310BEurta_L25/seed018.quantities.csv.gz"", ""mac/共有の診断_urta_Codex/v310BEurta_L25/seed019.quantities.csv.gz"", ""mac/共有の診断_urta_Codex/v310BEurta_L25/seed020.quantities.csv.gz""]}]"	[]	2026-10-04T22:15:38.266490+09:00	False	残す	今の主の系統：U・λ
/Users/tatsu-admin/v310urtaprod/v310BEurta_L50	run	1203200000	751673344	2026-09-30 16:08	2026-09-30 17:08	9d7db1f94321efe7d61c0b15caf7d8b780e10184	/Users/tatsu-admin/v310urtaprod/v310BEurta_L50/manifest.jsonl;/Users/tatsu-admin/v310urtaprod/v310BEurta_L50/flag.json	1〜20	R有 / F有 / S有 / T有；版一致；mac/v310BEurta_L50	"[{""branch"": ""results-2026-09-27"", ""sha"": ""8364df62d0085006b9a1a7db236c5f1ac9de2d4b"", ""path"": ""mac/v310BEurta_L50"", ""flag_commit"": ""9d7db1f94321efe7d61c0b15caf7d8b780e10184"", ""R"": true, ""F"": true, ""S"": true, ""T"": true, ""tables"": [""mac/共有の診断_urta_Codex/v310BEurta_L50/seed001.quantities.csv.gz"", ""mac/共有の診断_urta_Codex/v310BEurta_L50/seed002.quantities.csv.gz"", ""mac/共有の診断_urta_Codex/v310BEurta_L50/seed003.quantities.csv.gz"", ""mac/共有の診断_urta_Codex/v310BEurta_L50/seed004.quantities.csv.gz"", ""mac/共有の診断_urta_Codex/v310BEurta_L50/seed005.quantities.csv.gz"", ""mac/共有の診断_urta_Codex/v310BEurta_L50/seed006.quantities.csv.gz"", ""mac/共有の診断_urta_Codex/v310BEurta_L50/seed007.quantities.csv.gz"", ""mac/共有の診断_urta_Codex/v310BEurta_L50/seed008.quantities.csv.gz"", ""mac/共有の診断_urta_Codex/v310BEurta_L50/seed009.quantities.csv.gz"", ""mac/共有の診断_urta_Codex/v310BEurta_L50/seed010.quantities.csv.gz"", ""mac/共有の診断_urta_Codex/v310BEurta_L50/seed011.quantities.csv.gz"", ""mac/共有の診断_urta_Codex/v310BEurta_L50/seed012.quantities.csv.gz"", ""mac/共有の診断_urta_Codex/v310BEurta_L50/seed013.quantities.csv.gz"", ""mac/共有の診断_urta_Codex/v310BEurta_L50/seed014.quantities.csv.gz"", ""mac/共有の診断_urta_Codex/v310BEurta_L50/seed015.quantities.csv.gz"", ""mac/共有の診断_urta_Codex/v310BEurta_L50/seed016.quantities.csv.gz"", ""mac/共有の診断_urta_Codex/v310BEurta_L50/seed017.quantities.csv.gz"", ""mac/共有の診断_urta_Codex/v310BEurta_L50/seed018.quantities.csv.gz"", ""mac/共有の診断_urta_Codex/v310BEurta_L50/seed019.quantities.csv.gz"", ""mac/共有の診断_urta_Codex/v310BEurta_L50/seed020.quantities.csv.gz""]}]"	[]	2026-10-04T22:15:38.266490+09:00	False	残す	今の主の系統：U・λ
/Users/tatsu-admin/v310urtaprod/v310BEurta_L75	run	1252818944	810164224	2026-09-30 16:18	2026-09-30 17:10	9d7db1f94321efe7d61c0b15caf7d8b780e10184	/Users/tatsu-admin/v310urtaprod/v310BEurta_L75/manifest.jsonl;/Users/tatsu-admin/v310urtaprod/v310BEurta_L75/flag.json	1〜20	R有 / F有 / S有 / T有；版一致；mac/v310BEurta_L75	"[{""branch"": ""results-2026-09-27"", ""sha"": ""8364df62d0085006b9a1a7db236c5f1ac9de2d4b"", ""path"": ""mac/v310BEurta_L75"", ""flag_commit"": ""9d7db1f94321efe7d61c0b15caf7d8b780e10184"", ""R"": true, ""F"": true, ""S"": true, ""T"": true, ""tables"": [""mac/共有の診断_urta_Codex/v310BEurta_L75/seed001.quantities.csv.gz"", ""mac/共有の診断_urta_Codex/v310BEurta_L75/seed002.quantities.csv.gz"", ""mac/共有の診断_urta_Codex/v310BEurta_L75/seed003.quantities.csv.gz"", ""mac/共有の診断_urta_Codex/v310BEurta_L75/seed004.quantities.csv.gz"", ""mac/共有の診断_urta_Codex/v310BEurta_L75/seed005.quantities.csv.gz"", ""mac/共有の診断_urta_Codex/v310BEurta_L75/seed006.quantities.csv.gz"", ""mac/共有の診断_urta_Codex/v310BEurta_L75/seed007.quantities.csv.gz"", ""mac/共有の診断_urta_Codex/v310BEurta_L75/seed008.quantities.csv.gz"", ""mac/共有の診断_urta_Codex/v310BEurta_L75/seed009.quantities.csv.gz"", ""mac/共有の診断_urta_Codex/v310BEurta_L75/seed010.quantities.csv.gz"", ""mac/共有の診断_urta_Codex/v310BEurta_L75/seed011.quantities.csv.gz"", ""mac/共有の診断_urta_Codex/v310BEurta_L75/seed012.quantities.csv.gz"", ""mac/共有の診断_urta_Codex/v310BEurta_L75/seed013.quantities.csv.gz"", ""mac/共有の診断_urta_Codex/v310BEurta_L75/seed014.quantities.csv.gz"", ""mac/共有の診断_urta_Codex/v310BEurta_L75/seed015.quantities.csv.gz"", ""mac/共有の診断_urta_Codex/v310BEurta_L75/seed016.quantities.csv.gz"", ""mac/共有の診断_urta_Codex/v310BEurta_L75/seed017.quantities.csv.gz"", ""mac/共有の診断_urta_Codex/v310BEurta_L75/seed018.quantities.csv.gz"", ""mac/共有の診断_urta_Codex/v310BEurta_L75/seed019.quantities.csv.gz"", ""mac/共有の診断_urta_Codex/v310BEurta_L75/seed020.quantities.csv.gz""]}]"	[]	2026-10-04T22:15:38.266490+09:00	False	残す	今の主の系統：U・λ
/Users/tatsu-admin/v310urtaprod/v310BEurta_L90	run	1006497792	565088256	2026-09-30 16:27	2026-09-30 17:12	9d7db1f94321efe7d61c0b15caf7d8b780e10184	/Users/tatsu-admin/v310urtaprod/v310BEurta_L90/manifest.jsonl;/Users/tatsu-admin/v310urtaprod/v310BEurta_L90/flag.json	1〜20	R有 / F有 / S有 / T有；版一致；mac/v310BEurta_L90	"[{""branch"": ""results-2026-09-27"", ""sha"": ""8364df62d0085006b9a1a7db236c5f1ac9de2d4b"", ""path"": ""mac/v310BEurta_L90"", ""flag_commit"": ""9d7db1f94321efe7d61c0b15caf7d8b780e10184"", ""R"": true, ""F"": true, ""S"": true, ""T"": true, ""tables"": [""mac/共有の診断_urta_Codex/v310BEurta_L90/seed001.quantities.csv.gz"", ""mac/共有の診断_urta_Codex/v310BEurta_L90/seed002.quantities.csv.gz"", ""mac/共有の診断_urta_Codex/v310BEurta_L90/seed003.quantities.csv.gz"", ""mac/共有の診断_urta_Codex/v310BEurta_L90/seed004.quantities.csv.gz"", ""mac/共有の診断_urta_Codex/v310BEurta_L90/seed005.quantities.csv.gz"", ""mac/共有の診断_urta_Codex/v310BEurta_L90/seed006.quantities.csv.gz"", ""mac/共有の診断_urta_Codex/v310BEurta_L90/seed007.quantities.csv.gz"", ""mac/共有の診断_urta_Codex/v310BEurta_L90/seed008.quantities.csv.gz"", ""mac/共有の診断_urta_Codex/v310BEurta_L90/seed009.quantities.csv.gz"", ""mac/共有の診断_urta_Codex/v310BEurta_L90/seed010.quantities.csv.gz"", ""mac/共有の診断_urta_Codex/v310BEurta_L90/seed011.quantities.csv.gz"", ""mac/共有の診断_urta_Codex/v310BEurta_L90/seed012.quantities.csv.gz"", ""mac/共有の診断_urta_Codex/v310BEurta_L90/seed013.quantities.csv.gz"", ""mac/共有の診断_urta_Codex/v310BEurta_L90/seed014.quantities.csv.gz"", ""mac/共有の診断_urta_Codex/v310BEurta_L90/seed015.quantities.csv.gz"", ""mac/共有の診断_urta_Codex/v310BEurta_L90/seed016.quantities.csv.gz"", ""mac/共有の診断_urta_Codex/v310BEurta_L90/seed017.quantities.csv.gz"", ""mac/共有の診断_urta_Codex/v310BEurta_L90/seed018.quantities.csv.gz"", ""mac/共有の診断_urta_Codex/v310BEurta_L90/seed019.quantities.csv.gz"", ""mac/共有の診断_urta_Codex/v310BEurta_L90/seed020.quantities.csv.gz""]}]"	[]	2026-10-04T22:15:38.266490+09:00	False	残す	今の主の系統：U・λ
/Users/tatsu-admin/v310urtaprod/v310BEurta_lam000	run	1484058624	937373696	2026-09-30 15:54	2026-09-30 17:03	9d7db1f94321efe7d61c0b15caf7d8b780e10184	/Users/tatsu-admin/v310urtaprod/v310BEurta_lam000/manifest.jsonl;/Users/tatsu-admin/v310urtaprod/v310BEurta_lam000/flag.json	1〜20	R有 / F有 / S有 / T有；版一致；mac/v310BEurta_lam000	"[{""branch"": ""results-2026-09-27"", ""sha"": ""8364df62d0085006b9a1a7db236c5f1ac9de2d4b"", ""path"": ""mac/v310BEurta_lam000"", ""flag_commit"": ""9d7db1f94321efe7d61c0b15caf7d8b780e10184"", ""R"": true, ""F"": true, ""S"": true, ""T"": true, ""tables"": [""mac/共有の診断_urta_Codex/v310BEurta_lam000/seed001.quantities.csv.gz"", ""mac/共有の診断_urta_Codex/v310BEurta_lam000/seed002.quantities.csv.gz"", ""mac/共有の診断_urta_Codex/v310BEurta_lam000/seed003.quantities.csv.gz"", ""mac/共有の診断_urta_Codex/v310BEurta_lam000/seed004.quantities.csv.gz"", ""mac/共有の診断_urta_Codex/v310BEurta_lam000/seed005.quantities.csv.gz"", ""mac/共有の診断_urta_Codex/v310BEurta_lam000/seed006.quantities.csv.gz"", ""mac/共有の診断_urta_Codex/v310BEurta_lam000/seed007.quantities.csv.gz"", ""mac/共有の診断_urta_Codex/v310BEurta_lam000/seed008.quantities.csv.gz"", ""mac/共有の診断_urta_Codex/v310BEurta_lam000/seed009.quantities.csv.gz"", ""mac/共有の診断_urta_Codex/v310BEurta_lam000/seed010.quantities.csv.gz"", ""mac/共有の診断_urta_Codex/v310BEurta_lam000/seed011.quantities.csv.gz"", ""mac/共有の診断_urta_Codex/v310BEurta_lam000/seed012.quantities.csv.gz"", ""mac/共有の診断_urta_Codex/v310BEurta_lam000/seed013.quantities.csv.gz"", ""mac/共有の診断_urta_Codex/v310BEurta_lam000/seed014.quantities.csv.gz"", ""mac/共有の診断_urta_Codex/v310BEurta_lam000/seed015.quantities.csv.gz"", ""mac/共有の診断_urta_Codex/v310BEurta_lam000/seed016.quantities.csv.gz"", ""mac/共有の診断_urta_Codex/v310BEurta_lam000/seed017.quantities.csv.gz"", ""mac/共有の診断_urta_Codex/v310BEurta_lam000/seed018.quantities.csv.gz"", ""mac/共有の診断_urta_Codex/v310BEurta_lam000/seed019.quantities.csv.gz"", ""mac/共有の診断_urta_Codex/v310BEurta_lam000/seed020.quantities.csv.gz""]}]"	[]	2026-10-04T22:15:38.266490+09:00	False	残す	今の主の系統：U・λ
/Users/tatsu-admin/v310urtaprod/v310BEurta_lam015	run	874864640	458731520	2026-09-30 16:31	2026-09-30 17:13	9d7db1f94321efe7d61c0b15caf7d8b780e10184	/Users/tatsu-admin/v310urtaprod/v310BEurta_lam015/manifest.jsonl;/Users/tatsu-admin/v310urtaprod/v310BEurta_lam015/flag.json	1〜20	R有 / F有 / S有 / T有；版一致；mac/v310BEurta_lam015	"[{""branch"": ""results-2026-09-27"", ""sha"": ""8364df62d0085006b9a1a7db236c5f1ac9de2d4b"", ""path"": ""mac/v310BEurta_lam015"", ""flag_commit"": ""9d7db1f94321efe7d61c0b15caf7d8b780e10184"", ""R"": true, ""F"": true, ""S"": true, ""T"": true, ""tables"": [""mac/共有の診断_urta_Codex/v310BEurta_lam015/seed001.quantities.csv.gz"", ""mac/共有の診断_urta_Codex/v310BEurta_lam015/seed002.quantities.csv.gz"", ""mac/共有の診断_urta_Codex/v310BEurta_lam015/seed003.quantities.csv.gz"", ""mac/共有の診断_urta_Codex/v310BEurta_lam015/seed004.quantities.csv.gz"", ""mac/共有の診断_urta_Codex/v310BEurta_lam015/seed005.quantities.csv.gz"", ""mac/共有の診断_urta_Codex/v310BEurta_lam015/seed006.quantities.csv.gz"", ""mac/共有の診断_urta_Codex/v310BEurta_lam015/seed007.quantities.csv.gz"", ""mac/共有の診断_urta_Codex/v310BEurta_lam015/seed008.quantities.csv.gz"", ""mac/共有の診断_urta_Codex/v310BEurta_lam015/seed009.quantities.csv.gz"", ""mac/共有の診断_urta_Codex/v310BEurta_lam015/seed010.quantities.csv.gz"", ""mac/共有の診断_urta_Codex/v310BEurta_lam015/seed011.quantities.csv.gz"", ""mac/共有の診断_urta_Codex/v310BEurta_lam015/seed012.quantities.csv.gz"", ""mac/共有の診断_urta_Codex/v310BEurta_lam015/seed013.quantities.csv.gz"", ""mac/共有の診断_urta_Codex/v310BEurta_lam015/seed014.quantities.csv.gz"", ""mac/共有の診断_urta_Codex/v310BEurta_lam015/seed015.quantities.csv.gz"", ""mac/共有の診断_urta_Codex/v310BEurta_lam015/seed016.quantities.csv.gz"", ""mac/共有の診断_urta_Codex/v310BEurta_lam015/seed017.quantities.csv.gz"", ""mac/共有の診断_urta_Codex/v310BEurta_lam015/seed018.quantities.csv.gz"", ""mac/共有の診断_urta_Codex/v310BEurta_lam015/seed019.quantities.csv.gz"", ""mac/共有の診断_urta_Codex/v310BEurta_lam015/seed020.quantities.csv.gz""]}]"	[]	2026-10-04T22:15:38.266490+09:00	False	残す	今の主の系統：U・λ
/Users/tatsu-admin/v310urtaprod/v310BEurta_lam020	run	833216512	430075904	2026-09-30 16:34	2026-09-30 17:13	9d7db1f94321efe7d61c0b15caf7d8b780e10184	/Users/tatsu-admin/v310urtaprod/v310BEurta_lam020/manifest.jsonl;/Users/tatsu-admin/v310urtaprod/v310BEurta_lam020/flag.json	1〜20	R有 / F有 / S有 / T有；版一致；mac/v310BEurta_lam020	"[{""branch"": ""results-2026-09-27"", ""sha"": ""8364df62d0085006b9a1a7db236c5f1ac9de2d4b"", ""path"": ""mac/v310BEurta_lam020"", ""flag_commit"": ""9d7db1f94321efe7d61c0b15caf7d8b780e10184"", ""R"": true, ""F"": true, ""S"": true, ""T"": true, ""tables"": [""mac/共有の診断_urta_Codex/v310BEurta_lam020/seed001.quantities.csv.gz"", ""mac/共有の診断_urta_Codex/v310BEurta_lam020/seed002.quantities.csv.gz"", ""mac/共有の診断_urta_Codex/v310BEurta_lam020/seed003.quantities.csv.gz"", ""mac/共有の診断_urta_Codex/v310BEurta_lam020/seed004.quantities.csv.gz"", ""mac/共有の診断_urta_Codex/v310BEurta_lam020/seed005.quantities.csv.gz"", ""mac/共有の診断_urta_Codex/v310BEurta_lam020/seed006.quantities.csv.gz"", ""mac/共有の診断_urta_Codex/v310BEurta_lam020/seed007.quantities.csv.gz"", ""mac/共有の診断_urta_Codex/v310BEurta_lam020/seed008.quantities.csv.gz"", ""mac/共有の診断_urta_Codex/v310BEurta_lam020/seed009.quantities.csv.gz"", ""mac/共有の診断_urta_Codex/v310BEurta_lam020/seed010.quantities.csv.gz"", ""mac/共有の診断_urta_Codex/v310BEurta_lam020/seed011.quantities.csv.gz"", ""mac/共有の診断_urta_Codex/v310BEurta_lam020/seed012.quantities.csv.gz"", ""mac/共有の診断_urta_Codex/v310BEurta_lam020/seed013.quantities.csv.gz"", ""mac/共有の診断_urta_Codex/v310BEurta_lam020/seed014.quantities.csv.gz"", ""mac/共有の診断_urta_Codex/v310BEurta_lam020/seed015.quantities.csv.gz"", ""mac/共有の診断_urta_Codex/v310BEurta_lam020/seed016.quantities.csv.gz"", ""mac/共有の診断_urta_Codex/v310BEurta_lam020/seed017.quantities.csv.gz"", ""mac/共有の診断_urta_Codex/v310BEurta_lam020/seed018.quantities.csv.gz"", ""mac/共有の診断_urta_Codex/v310BEurta_lam020/seed019.quantities.csv.gz"", ""mac/共有の診断_urta_Codex/v310BEurta_lam020/seed020.quantities.csv.gz""]}]"	[]	2026-10-04T22:15:38.266490+09:00	False	残す	今の主の系統：U・λ
/Users/tatsu-admin/v310urtaprod/v310BEurta_lam020_Uabs	run	804814848	401965056	2026-09-30 16:40	2026-09-30 17:15	9d7db1f94321efe7d61c0b15caf7d8b780e10184	/Users/tatsu-admin/v310urtaprod/v310BEurta_lam020_Uabs/manifest.jsonl;/Users/tatsu-admin/v310urtaprod/v310BEurta_lam020_Uabs/flag.json	1〜20	R有 / F有 / S有 / T有；版一致；mac/v310BEurta_lam020_Uabs	"[{""branch"": ""results-2026-09-27"", ""sha"": ""8364df62d0085006b9a1a7db236c5f1ac9de2d4b"", ""path"": ""mac/v310BEurta_lam020_Uabs"", ""flag_commit"": ""9d7db1f94321efe7d61c0b15caf7d8b780e10184"", ""R"": true, ""F"": true, ""S"": true, ""T"": true, ""tables"": [""mac/共有の診断_urta_Codex/v310BEurta_lam020_Uabs/seed001.quantities.csv.gz"", ""mac/共有の診断_urta_Codex/v310BEurta_lam020_Uabs/seed002.quantities.csv.gz"", ""mac/共有の診断_urta_Codex/v310BEurta_lam020_Uabs/seed003.quantities.csv.gz"", ""mac/共有の診断_urta_Codex/v310BEurta_lam020_Uabs/seed004.quantities.csv.gz"", ""mac/共有の診断_urta_Codex/v310BEurta_lam020_Uabs/seed005.quantities.csv.gz"", ""mac/共有の診断_urta_Codex/v310BEurta_lam020_Uabs/seed006.quantities.csv.gz"", ""mac/共有の診断_urta_Codex/v310BEurta_lam020_Uabs/seed007.quantities.csv.gz"", ""mac/共有の診断_urta_Codex/v310BEurta_lam020_Uabs/seed008.quantities.csv.gz"", ""mac/共有の診断_urta_Codex/v310BEurta_lam020_Uabs/seed009.quantities.csv.gz"", ""mac/共有の診断_urta_Codex/v310BEurta_lam020_Uabs/seed010.quantities.csv.gz"", ""mac/共有の診断_urta_Codex/v310BEurta_lam020_Uabs/seed011.quantities.csv.gz"", ""mac/共有の診断_urta_Codex/v310BEurta_lam020_Uabs/seed012.quantities.csv.gz"", ""mac/共有の診断_urta_Codex/v310BEurta_lam020_Uabs/seed013.quantities.csv.gz"", ""mac/共有の診断_urta_Codex/v310BEurta_lam020_Uabs/seed014.quantities.csv.gz"", ""mac/共有の診断_urta_Codex/v310BEurta_lam020_Uabs/seed015.quantities.csv.gz"", ""mac/共有の診断_urta_Codex/v310BEurta_lam020_Uabs/seed016.quantities.csv.gz"", ""mac/共有の診断_urta_Codex/v310BEurta_lam020_Uabs/seed017.quantities.csv.gz"", ""mac/共有の診断_urta_Codex/v310BEurta_lam020_Uabs/seed018.quantities.csv.gz"", ""mac/共有の診断_urta_Codex/v310BEurta_lam020_Uabs/seed019.quantities.csv.gz"", ""mac/共有の診断_urta_Codex/v310BEurta_lam020_Uabs/seed020.quantities.csv.gz""]}]"	[]	2026-10-04T22:15:38.266490+09:00	False	残す	今の主の系統：U・λ
/Users/tatsu-admin/v310urtaprod/v310BEurta_lam030	run	741183488	374636544	2026-09-30 16:36	2026-09-30 17:14	9d7db1f94321efe7d61c0b15caf7d8b780e10184	/Users/tatsu-admin/v310urtaprod/v310BEurta_lam030/manifest.jsonl;/Users/tatsu-admin/v310urtaprod/v310BEurta_lam030/flag.json	1〜20	R有 / F有 / S有 / T有；版一致；mac/v310BEurta_lam030	"[{""branch"": ""results-2026-09-27"", ""sha"": ""8364df62d0085006b9a1a7db236c5f1ac9de2d4b"", ""path"": ""mac/v310BEurta_lam030"", ""flag_commit"": ""9d7db1f94321efe7d61c0b15caf7d8b780e10184"", ""R"": true, ""F"": true, ""S"": true, ""T"": true, ""tables"": [""mac/共有の診断_urta_Codex/v310BEurta_lam030/seed001.quantities.csv.gz"", ""mac/共有の診断_urta_Codex/v310BEurta_lam030/seed002.quantities.csv.gz"", ""mac/共有の診断_urta_Codex/v310BEurta_lam030/seed003.quantities.csv.gz"", ""mac/共有の診断_urta_Codex/v310BEurta_lam030/seed004.quantities.csv.gz"", ""mac/共有の診断_urta_Codex/v310BEurta_lam030/seed005.quantities.csv.gz"", ""mac/共有の診断_urta_Codex/v310BEurta_lam030/seed006.quantities.csv.gz"", ""mac/共有の診断_urta_Codex/v310BEurta_lam030/seed007.quantities.csv.gz"", ""mac/共有の診断_urta_Codex/v310BEurta_lam030/seed008.quantities.csv.gz"", ""mac/共有の診断_urta_Codex/v310BEurta_lam030/seed009.quantities.csv.gz"", ""mac/共有の診断_urta_Codex/v310BEurta_lam030/seed010.quantities.csv.gz"", ""mac/共有の診断_urta_Codex/v310BEurta_lam030/seed011.quantities.csv.gz"", ""mac/共有の診断_urta_Codex/v310BEurta_lam030/seed012.quantities.csv.gz"", ""mac/共有の診断_urta_Codex/v310BEurta_lam030/seed013.quantities.csv.gz"", ""mac/共有の診断_urta_Codex/v310BEurta_lam030/seed014.quantities.csv.gz"", ""mac/共有の診断_urta_Codex/v310BEurta_lam030/seed015.quantities.csv.gz"", ""mac/共有の診断_urta_Codex/v310BEurta_lam030/seed016.quantities.csv.gz"", ""mac/共有の診断_urta_Codex/v310BEurta_lam030/seed017.quantities.csv.gz"", ""mac/共有の診断_urta_Codex/v310BEurta_lam030/seed018.quantities.csv.gz"", ""mac/共有の診断_urta_Codex/v310BEurta_lam030/seed019.quantities.csv.gz"", ""mac/共有の診断_urta_Codex/v310BEurta_lam030/seed020.quantities.csv.gz""]}]"	"[{""path"": ""control/2026-09-30_世界v4_urta_走行の係.md"", ""line"": 8, ""kind"": ""群名の言及"", ""use"": ""研究・運用報告（根拠との対応は要確認）"", ""snippet"": ""- 旗：マックの今日の 11 腕の flag.json（mac/v310BEurta_lam030/flag.json）と同じ一式に、--world-cue --world-cue-p 0.8 を足したもの。""}]"	2026-10-04T22:15:38.266490+09:00	False	残す	10月1日以降の報告に名前あり（根拠との対応が不明なものも保留）；今の主の系統：U・λ
/Users/tatsu-admin/v310urtaprod/v310BEurta_lam030_Uabs	run	720363520	353370112	2026-09-30 16:42	2026-09-30 17:15	9d7db1f94321efe7d61c0b15caf7d8b780e10184	/Users/tatsu-admin/v310urtaprod/v310BEurta_lam030_Uabs/manifest.jsonl;/Users/tatsu-admin/v310urtaprod/v310BEurta_lam030_Uabs/flag.json	1〜20	R有 / F有 / S有 / T有；版一致；mac/v310BEurta_lam030_Uabs	"[{""branch"": ""results-2026-09-27"", ""sha"": ""8364df62d0085006b9a1a7db236c5f1ac9de2d4b"", ""path"": ""mac/v310BEurta_lam030_Uabs"", ""flag_commit"": ""9d7db1f94321efe7d61c0b15caf7d8b780e10184"", ""R"": true, ""F"": true, ""S"": true, ""T"": true, ""tables"": [""mac/共有の診断_urta_Codex/v310BEurta_lam030_Uabs/seed001.quantities.csv.gz"", ""mac/共有の診断_urta_Codex/v310BEurta_lam030_Uabs/seed002.quantities.csv.gz"", ""mac/共有の診断_urta_Codex/v310BEurta_lam030_Uabs/seed003.quantities.csv.gz"", ""mac/共有の診断_urta_Codex/v310BEurta_lam030_Uabs/seed004.quantities.csv.gz"", ""mac/共有の診断_urta_Codex/v310BEurta_lam030_Uabs/seed005.quantities.csv.gz"", ""mac/共有の診断_urta_Codex/v310BEurta_lam030_Uabs/seed006.quantities.csv.gz"", ""mac/共有の診断_urta_Codex/v310BEurta_lam030_Uabs/seed007.quantities.csv.gz"", ""mac/共有の診断_urta_Codex/v310BEurta_lam030_Uabs/seed008.quantities.csv.gz"", ""mac/共有の診断_urta_Codex/v310BEurta_lam030_Uabs/seed009.quantities.csv.gz"", ""mac/共有の診断_urta_Codex/v310BEurta_lam030_Uabs/seed010.quantities.csv.gz"", ""mac/共有の診断_urta_Codex/v310BEurta_lam030_Uabs/seed011.quantities.csv.gz"", ""mac/共有の診断_urta_Codex/v310BEurta_lam030_Uabs/seed012.quantities.csv.gz"", ""mac/共有の診断_urta_Codex/v310BEurta_lam030_Uabs/seed013.quantities.csv.gz"", ""mac/共有の診断_urta_Codex/v310BEurta_lam030_Uabs/seed014.quantities.csv.gz"", ""mac/共有の診断_urta_Codex/v310BEurta_lam030_Uabs/seed015.quantities.csv.gz"", ""mac/共有の診断_urta_Codex/v310BEurta_lam030_Uabs/seed016.quantities.csv.gz"", ""mac/共有の診断_urta_Codex/v310BEurta_lam030_Uabs/seed017.quantities.csv.gz"", ""mac/共有の診断_urta_Codex/v310BEurta_lam030_Uabs/seed018.quantities.csv.gz"", ""mac/共有の診断_urta_Codex/v310BEurta_lam030_Uabs/seed019.quantities.csv.gz"", ""mac/共有の診断_urta_Codex/v310BEurta_lam030_Uabs/seed020.quantities.csv.gz""]}]"	[]	2026-10-04T22:15:38.266490+09:00	False	残す	今の主の系統：U・λ
/Users/tatsu-admin/v310urtaprod/v310BEurta_lam050	run	609406976	303673344	2026-09-30 16:39	2026-09-30 17:14	9d7db1f94321efe7d61c0b15caf7d8b780e10184	/Users/tatsu-admin/v310urtaprod/v310BEurta_lam050/manifest.jsonl;/Users/tatsu-admin/v310urtaprod/v310BEurta_lam050/flag.json	1〜20	R有 / F有 / S有 / T有；版一致；mac/v310BEurta_lam050	"[{""branch"": ""results-2026-09-27"", ""sha"": ""8364df62d0085006b9a1a7db236c5f1ac9de2d4b"", ""path"": ""mac/v310BEurta_lam050"", ""flag_commit"": ""9d7db1f94321efe7d61c0b15caf7d8b780e10184"", ""R"": true, ""F"": true, ""S"": true, ""T"": true, ""tables"": [""mac/共有の診断_urta_Codex/v310BEurta_lam050/seed001.quantities.csv.gz"", ""mac/共有の診断_urta_Codex/v310BEurta_lam050/seed002.quantities.csv.gz"", ""mac/共有の診断_urta_Codex/v310BEurta_lam050/seed003.quantities.csv.gz"", ""mac/共有の診断_urta_Codex/v310BEurta_lam050/seed004.quantities.csv.gz"", ""mac/共有の診断_urta_Codex/v310BEurta_lam050/seed005.quantities.csv.gz"", ""mac/共有の診断_urta_Codex/v310BEurta_lam050/seed006.quantities.csv.gz"", ""mac/共有の診断_urta_Codex/v310BEurta_lam050/seed007.quantities.csv.gz"", ""mac/共有の診断_urta_Codex/v310BEurta_lam050/seed008.quantities.csv.gz"", ""mac/共有の診断_urta_Codex/v310BEurta_lam050/seed009.quantities.csv.gz"", ""mac/共有の診断_urta_Codex/v310BEurta_lam050/seed010.quantities.csv.gz"", ""mac/共有の診断_urta_Codex/v310BEurta_lam050/seed011.quantities.csv.gz"", ""mac/共有の診断_urta_Codex/v310BEurta_lam050/seed012.quantities.csv.gz"", ""mac/共有の診断_urta_Codex/v310BEurta_lam050/seed013.quantities.csv.gz"", ""mac/共有の診断_urta_Codex/v310BEurta_lam050/seed014.quantities.csv.gz"", ""mac/共有の診断_urta_Codex/v310BEurta_lam050/seed015.quantities.csv.gz"", ""mac/共有の診断_urta_Codex/v310BEurta_lam050/seed016.quantities.csv.gz"", ""mac/共有の診断_urta_Codex/v310BEurta_lam050/seed017.quantities.csv.gz"", ""mac/共有の診断_urta_Codex/v310BEurta_lam050/seed018.quantities.csv.gz"", ""mac/共有の診断_urta_Codex/v310BEurta_lam050/seed019.quantities.csv.gz"", ""mac/共有の診断_urta_Codex/v310BEurta_lam050/seed020.quantities.csv.gz""]}]"	[]	2026-10-04T22:15:38.266490+09:00	False	残す	今の主の系統：U・λ
/Users/tatsu-admin/v33prod/results	report_copy	6613086208	6613086208	2026-09-26 20:55	2026-10-04 11:42			1〜20・1001〜1020・2001・3001・4001・5001・6001・7001	対象外	[]	[]	2026-10-04T22:15:38.266490+09:00	False	残す	報告用の作業場所で走行整理の対象外
/Users/tatsu-admin/v35prod/v35new_n70_hide_s21	run	1346379776	1346379776	2026-09-27 20:31	2026-09-27 20:42	8b77f5cc1a3c681aa328e68fd5db0631a273da30	/Users/tatsu-admin/v35prod/v35new_n70_hide_s21/manifest.jsonl;/Users/tatsu-admin/v35prod/v35new_n70_hide_s21/flag.json	21〜24	R未確認 / F未確認 / S未確認 / T未確認；別機械に同名あり（同一とは未確定）	[]	"[{""path"": ""control/2026-10-01_消したものの一覧_マック.md"", ""line"": 10, ""kind"": ""場所の一致"", ""use"": ""容量・保存場所の報告"", ""snippet"": ""  - ~/v310hprod、~/v310hsaprod、~/v35prod/v35new_n70_hide_s21""}]"	2026-10-04T22:15:38.266490+09:00	False	残す	種21〜40を含む；同じ版のGitHub要約一式が未確認；10月1日以降の報告に名前あり（根拠との対応が不明なものも保留）
