line	sha256
0	988c65a9bb1198e7639a2b919b7ec9a0182930f0dea57030816e7d60cf54fae0
1	c4f238457abd6e7a16a25a038b65e55769c62b6da77e4dd32d9c548bd2ae61d9
2	f1567da6ac1ea1c9c4ed77e559a5adbf83082f8a76d351b0986477968b23bf17
3	f52e998ceda2cd92a45ad9e56f04955104db1e2ceda714dbb26a125ea4092c93
4	1f48e16f10e1b67c9f22c7318cf123745b1dced1299947182ab475d054d1f6ba
5	6d4d7d523b2fd2d6b468f15d1b6c796503fc747694911dd0a2a3508186fcc68c
6	558b4915f7a68ee160cac90282653b872a04efa596806fd5648f19a573abfaaa
7	c0f8e3c7ef2fa20974162f6d27bbce2bb15fd04557d5f4fc74865069a623f284
8	f7383880fbf0a3b94219adc7158227918624ace979d52b241562a226fddf92d8
9	775b1daa44fbe7bcb666c9b6e92ea7229829b19b1373461b3f30e8cc93eddeae
10	0319b1ed867e83fd2ed1f227e91383d99879eccd081b5b9fd8d57053fa60a994
11	9b01fd885e9d2eb80d8979d414ae92458542c24edbb93962a7a811d3f67e493d
12	ba7429be0947dc96708899fe4cc5b31cfd9b03463cf3630d016edd808db72e00
13	73432982b94d263d21dc4a9d5d1a70138e44eddcbc396bc95eea672536970ea9
14	f238353012cfb2a6e7505af95e81c2e2bc53fbbf894a27f4980b8f689dc61a39
15	2a22f0b222b5d07efa61be2223202b9b76fedbc5a830e9f464d9cb7fc2210ec7
16	016dcffa406b183532a24784dbe3497821712171efb1241ac59778fb4bf3d236
17	c5c3c59dbe9f4dae81e2e9306f70452272c78892ef9661ae63ff7fb9b5d273a7
18	22f09155be63d77adb28ec002ae667d2bda9c54c327f94748071946fce1a98b5
19	0882c66e47ebdbe5a66b5041321604a888711cec7e36fabddee89ea92f1b87ad
20	7f9a7c69ec7314206a92d08ab405bca24c32727c97cfa8f5488c5fa2c8f6e1f2
21	baf9d59f4e27b116efa609491791b1feb009986180e123269fc6c162e14082ba
22	e0589b3b2bb91a39ad6d5346b4f527ff09f28cef684a2a59352fae3ca184f1c2
23	bb3333b41a1d95e4e5d621359cdcf4ebde739b9384c49f58c65d5124eb672c06
24	019fcf1dca097a0127339e8513ea0c3f122e40b944574d540915da4fdc195844
25	c7009582c9a5ce3deb5acd8813a6fa48e782c794189eb0c24d262f1cc917e6d7
26	e28c7799cad8fa0b1a75015ad63d75ba2205bb11b0589f120f19afe18718e2e5
27	7f6600fb3ccebdd5591fbe31f1d96b3d0834b53106d076917f092c322c3fb03f
28	667f24a82ac90bdd15c5a57d9a37057a8d2b678eacab8a724b64fe405222c8bb
29	c6e476b9cce2ee0a0a5cb776c9a291d99592b356172b1e7a9846e89f500e54c8
30	1acfec660233bd02fadfb46c073411299871ba087dbcd92dfb633ea622b4e5b7
31	5d79d57de4364e6f6f313a97947738c952076c806fcd2d6ab6e60331789010ec
32	984affcfc040d41b474e1a987bcbcb8dd9901819fd2566642ada3589fa73b66b
33	98b7f6f0f5265a52f25749a301a06daf817237a52132e161eb29d185e1068566
34	756c0c353d103806d00dfba14b547176a91731499b81e9a1b37a44c90bc68a81
35	3fea9d2654f8433ca9fecc6dbea05e05218a4f2a855618b234c4d0eee3095fa8
36	86ead1586dd2e10dd0580f5457e4403aff0ecd94a06b374e733ffb717a7bd0ab
37	33b4c1cb443c2a1d861c54522d42a41aed17c919d910bc012f45b01c9d98a309
38	011c15428284c576ccbe9fed9e45fa8448383b95dbb4c645e7ebe7f118137487
39	1d6e3a95e4a21c51d2dc13e8df531655ee8cf3b36512afafe50ab71aad7c8a00
40	f64ef35b3d445712c8e92efa0f037a04670b8d2f5a48d5fe8a878b95fc52dc86
41	4e0a76cee74c464570702dedfc687b6e07598f88d082a02a38e610f589c639e2
42	b6b32f0dd7d375b4a2668632a971dfe9f443a580bd5e634929b028c6a46f0e2d
43	7bf4b8392686906d4ceb78c2990691dba3fe780a4e13405f6f70699c2b398195
44	67c8ce5baf752dc248507cb6e4a98c130a036139fc60aea94ca08172ea9e2ec6
45	ce2d5b4c95b1a04ccb3b15f04df29c6db9a833d65c78d9977ed8c6d0e41683e4
46	706029a26c045c8d7caf3bb04800981069a2acdc35bac31a8eac36cdf6e822a2
47	d25aa2b1d37d31fd68dc844e2efa7605549756ec91c5b32034cd36da94295440
48	8059fa4b486bf92120c6fca0acb1cd53b9c14ff78b932b944fb71456266cc2ec
49	a2c15d9b663b6def0d9b9ab280a48849ef153e10dedee1e4aa3e306c132d851d
50	a732e88d51e11103b04d3f8e57df4581990959e7e5e1defa8b128a2771425f20
51	f876fa3be3f064c4ab9f6880720d40c9c26d46742efaf1b6a5f68c5c96eaf16b
52	b8ed283cf2c768bb6b1b9616ac1179463cd4f3f7eabf538cad1db999168ed529
53	9969d5123c8a6f9decd60425a0a568ac94dd88d1d99c49cc9b894b5315e605f4
54	e89bd3a1aba9095e41a4beaf221e526319d88dc89f4650813bd2b57ebfcd641b
55	138530095ecafcf26b03845cee38e7e809f99b01a8fdaa664ce40bb1c1980491
56	d9f3aa230aab066cec0bbed9e44a4932cfd71657e80e87c1350188b7d57aa49d
57	47707185f07fa3d409411fd59eeff120ad75e4af5ba0a585ea4eb727da3d4b41
58	b5152569e527bf891811374ec1aea4e7396f66a452010e7c0cdf4d50999fa094
59	4111f6cfaffbbd3e270796fdad0ccf96d3eefd5e82aced737fa100e3e8306e82
60	c218d2d0bb473f281859b3133c055e304bb591a22eefbd6dee20a6a56af9f1a6
61	fd7f45e038672c3b4d9217d78658bd00b2bfccfaf80734b379141eb1d874bd7c
62	76bdf8c6d69b0af9060496f45463cf0668250c7b51e1e08d0d8b86bbcea82ffb
63	c1062d55f4203847db2bf180e752fa88d27ce68208e68bc0493512d3fe8bc14d
64	8f89ab24e73264e4d42b9c9fa9b2bd1a53f5a35542d26c8d7b2650e75eb62f51
65	3cf8fc0dc7fed14598f70ae8da102479a59cfa1abc86570f2b60972aaa4df1a3
66	5b6bb54ba1ecc2c0333d4823298ba0e1bf8c451b948af8d40c92b918dd358cc6
67	2d22994bc15dacf57343c7899ae6c449642a9da4eeef3e44037d25bb8753edfc
68	abbea20126facdbe7633c9d4dee7852bd8905dbcd5d6b79789c3cea212986a6a
69	686eaf9cfcb3e67effcd0dd9588514826602d693d95a51a1bfc7b7b0bf7ad33c
70	878d6fb9aef203102ed163fdd94fff05c6eeb3ee0cbdd035c2d2cb416f90bc5c
71	35322e2843d2592778b96e2035cb99fe634bfaa17f0f31c4476abe4a651b3e47
72	959253e31e40a97a1aa3173bfc7d33ba054b3b2722bf4af34c4b879bb1b7dbe2
73	16a4f2c8f999eddbd03174aaf66cd94f6c7e463c3d3cf7001251c22f9bbfa7f5
74	42dca0dcd162c07aa8cbf7a25980b99f2c5c1736864bddfeebf836f3d3ac18a0
75	02e28306e2a5d7fb9c8ad273f5ae2feeb1cc2483f7f96d50ba5752678eac328a
76	efbfb9de86ad431c59fa873261286affdd086a879ccd64e2dfa7e577498d701a
77	55fde2088fa3d8c4b64ce97674688cd3b27e4bd0b345aa209408a02670f4a866
78	7a1fd3e9237f4de778bc121aa37ae4c76f5c7b4fac0d84bbda1647814caf2fc8
79	20297ef93fe2eaed0bb370e6ba90034f4823a95feef5cae114842d9412e05ee3
80	7218e160f41b17035459b11922806d116c45101c6e106fced1e7c278c73010c2
81	17c095bd37f69fd72c7d8b591a4df557f75e56c2a23fd50f806a8071b1beb6cb
82	b2b73d326e956bb64870f63121e2587dba9d3b60e97ac508a300253464943bc4
83	1da900d3104c25c4fe91cea6e2058c3e458b31e53ae013544956c33fb3cb66ce
84	69d506144bc6b53dcc3a827a59e477dcfbb8de9dd26210002488b8dd61c461e8
85	c8810713284ae04763923c9ef194b2b0433d183429b9f8b0b026527197766580
86	905a9e24be1e11ad28067f50abc3a255dd1ac4d001763b18c9b387ea24028a0c
87	36a827567a21d84582fdfd3f8281a103b73c094e88f6f7c1887d2d3cc2177734
88	8ed50a775b7f234ac32c8a4a9bcf884d054759cbb13636c10a2d198d56ebafc3
89	8826e5c3a20beb88d23358c90916c2f96a4a92bc576529d7914e6741355fe62a
90	c6cfdab20e74cb17baf0c8ba7e9e366444f90d79793cd4acdf1df1207543f83a
91	ebab9d5f5a5080847b0c3fa64fab69c4baac90db24822af3157ec70ffd3ddc2c
92	3dbdd4da010b25fdc492011be92c6e8dd757e432e4c8c983726ee1aa74df71f6
93	c2bbd68986a9f64f0db9537a37ca080c205db489f5af2a0b32639fc7cf1c924d
94	9e9f797545b81b12a020910c0f0da83e972770c397e60e72b15fb5b8b66d7390
95	b05124d04e4c8cb292aa2a815eb05527df25f06ac0be565d7d4c457f4558a404
96	51eebde7092d0b421400c435af847e89b312ef60d9d757b6c49274fdbb2b3679
97	d8117610fa6eeddb9d7d02187a5d9511221352a4d6ce5163d50e344209f50a26
98	a0e25e510529243aed8634f1a235b1cb92eab48198899b28b9c743a45750fd36
99	852a0b76e0360a92190e6f9bc32a793ccd97638399ff0389dcdf1971ae128489
100	0b8af2005d6cb2ba1bb1cac153d08624786fc205edfb1d6bd6ebfaf0912e5880
101	8eebf4999145cbb275e6dd4a13f50aa646dad2f934605bcb8cb7c49951ae10b5
102	c334a71c0cf9e65cb18767a1a6bff3793e68caf75c4d1337ce03f263559d917a
103	e11776100ed6cbf2a55365c7946b59bc581f963aad1dd17a6200b7b20fcf721b
104	6b1252d2caffe6815dfd25eda241b5e2a33863ae571fa9dfe6b1e031754d9185
105	47f5d2e41ce331cdda41e120802f5057cfa62395322843c187736a0bfaf80473
106	46e75f082410de619921a0cb9dce5d2e1804cb4fd4771d95c999167eddf32a30
107	04fa55193fcf5c77053a8ade14eab7eae2623722f5353b248cd33ca7e82f8377
108	431f0301ca5a286c88d8467a2454823ab3a5e1eebe31d6914f3fbdcbba025455
109	5482510fe011a5c419fc87f9df2f5c92dd3a6a9966f9aba68d7e93ac1c8e4a4a
110	f8176555960dac087b23f6933db3b0cda0b397b5db01692299692f910ac07380
111	59b84058fe7e7ce06867f0c8f6c8dd0b52d3221cabdb9b0a815a0c4e38b42e6b
112	b3ba384180127444f6d4c1ff08aa77338516246b915ae746d51df12d89e59451
113	3f2e473f80b1430b2bff55c1019486e75c86606a4e30d22100cee556b18f95de
114	a38caed10b5b268e60cef2c6f7d38db1ac8d769dca64610108d9de9db016208e
115	11e9771907fc6fabed6ae3fcccfea8405ad66140beb8cd406c3264c5ef5d589d
116	a0cb54c6cbabc95073c26b6285614dd8114818591a9e05b21b83c38f3a1acef0
117	d0fc383d1bb0f58d6079239f30abbb58f5be405c3e96addd0bec348198fc57d5
118	0ddad672370f6df8367d1c48a4b2f547d1040448ea1092825ea26f442d38cdd4
119	15956eb623f651b720f7ab1ad3571a06ff3cc3f364f6972c4c1ac99aeb7a692e
120	84e8328af62925e012590410ca91a92a19a75ce2c083ef603d85ad609c21402c
121	4b6dfa8470c167ffa0a9937c67220412d06c36843df650dfc284b6dc6a524bd6
122	60c7244aa96adfdd7f79021a2d2a7cbcc70749486a78d79ba7099d53116d6bf2
123	653e6aa9d032d333d52ed7f55230f6f6c22c653cac2183925789ef91fccd6c2f
124	56f19503bcc3a0582653d1e434995825ede0153b5ba303b99220c3e04e430e72
125	56c870ae3f3d1a8f6a4c7da0610a298e96ceb779a61a332a2f22f18eba75441c
126	1917c109e7bea9db263f4117e2b9bb0d9661b647c6d1ab10cde27aeee4043565
127	5d045b6e6fe25a07fedca7e4764526938b4ffd71af5e26e3db1828bbbdd7ae89
128	860fa9d20b2571afef55b963b747b4aaac788e00a12c6e1bda678dea93f115bd
129	ab92c15a37b3b9340aa1f98bbc6f1ec30412d6f33874f10fa7c24b3735168905
130	856ce0cd2f2e4c900f17a58bb7180b90ba45ad611779e266fc015d73ba0ed990
131	b884725c29716147f2710b339d901e02946580bc91515b9a3249b0e1b84493a0
132	27bf6bdde2fb80e2ababbdafd7aa37336fdd7c24f39846ee554fbd8eaffc7e2c
133	9c4f461444d4d73e551699ee2672ea5b8bb8124385b15c1094162ee83dc05dfb
134	4547cede4454d5ae29f6e709ee5fefb4db93beb2e62621c5544821dab13a639d
135	2401f91d91c6f9c5fa12aea020837786031f7462d050dba7acd193d048ed43b3
136	40b5d91b88db50668ef6e170c50698417e526cfc189e6297db5fa0c591017ff5
137	8b819783b524689f6d98b2a08044822395c2d447f2bfa42f513629b3183ceeb0
138	735acc4ecc80efa60e2a8df55fd68d7ae191b5a89cb197238a06cd6b64331dca
139	b81f83dc7f85fe1ad3fb0348b5f007fb4c7587ef58e3dc8d888df03609013ec6
140	43ca365b04babe95a62a59ab430d36814bac546bd9a5b822275fad26a1267daa
141	6da131181fe2060c305cd7a72e924055fdd211993b00ce8f132a975a3b7f4d01
142	8c84853cef070e8a5cb4af9c7212521c15982ea1ebe4e9a31f61053f734b678a
143	4102000adfc6d47ed4420d602fe982d31abb4770253f34139b9cfcbcd6a3d0fd
144	b7c624368f42148b7e7e564def758f23df12b38c8b4b9cc5d7a6bad4e225b45f
145	50ae0d220e0a8d0ee48acab71e50ce19b566d323353f7f50dc60dec99dc2caf1
146	36160f496c20c0958ab4e463cf9f772b21631d8292b11060cbe315f84644f8fa
147	e9f13041962214acb2e5e1549f0898e9d71c1d266477f7303192e46e381a959f
148	c1df24e13ee7c6f0116b7cfe15121d82b116edca8a69ebffe867b04263e2e202
149	25358217bba00e9963e29e21c9c87d71ae9e1c22daa25249b4e84aa533f6abe2
150	de9ec9e92b9ba13a26fed05832030a3a97cbdd378f284c3966a94076f891a641
151	eaa9f4a4651cef31ab2c463a674eb95f37c877b09b75faf48cb444c68b30f1c1
152	9bb1ec0d61519e0ee28398e62248b2b2b0b89189cf217ae9879cec2a4f6688e0
153	afb1bb0a27521eb1d262d6c87237c3f81e2e8a5a1af7bfa8430fc3e0285b2fd7
154	aa833121d19492fc3ac5fb3959594c094a68838787a953eb739955ceef1fa1f9
155	575676688aec76f802ad5e15a84a8c0ca051f97e5b1f06be6ab35aa3f828ce5b
156	1f86a76b7d21b6748930597a453183d18789d3213789c0414302a1d8d013679a
157	ff9e2c8db240fbc6c0d9054dd1d4cc8d85feb91835e93e0dc8bb01c52ae75025
158	ac3204963d908db84d237b2f769b7de0a91bb22865a58453051d50563b1641c8
159	4f6a0795bb3c44ae90d68fed149f89f4a5810c32e8800199c0a5f5ae216ddb26
160	1bba72113f058fb0f183babab202fda8f59b21ad8051e1670b305b45bc9d3a60
161	4b91a04b5e19eae2a3fbce9a0d2bbd2438ee75f29b83834b1b60f91dda991215
162	651fb5eaf325e4c3fd69681ac40306213a6771c5aec6defb6fd8c0f1e485cbda
163	6a9b65eb1a2b05dad3b3ae2eef9558d9a96c0b6993a34ccf981ddc0aca1630cd
164	50174b386a934e0d436fbaf8be8b3924b78c4369a21788479f65be8fa6b9d60d
165	9a00b75e4d8f5526186064fd6eb007a66aae562e5788ddb2f242545d472afcaf
166	63f6e2792c645f99183721da8d2c9fca724c359c12ede6f8b54a457cfdf116a7
167	0d1bdf93d478f1f453e32c7a1b7a5e25e6420f2d3b00718103c620621cb93950
168	b1553a056146949e76f42a313b62902944ffe45cceeb65b82c0915b3580db90c
169	eab9b938b21e78a8a861f824f69e28b28b375b8e9243a1731b8413d61a9b97ee
170	a5c31b2e95c145fba17524ea48b71d83b3754298133ab633b1d51ab6c6458759
171	5ef4e8fb6fdb132c600af6490c157d7701a6b4b89e2832408709e8650c8954ce
172	038cb61d8c0e67a298e9244f039c56a7b9348daef1e7e3452417cba7a2e905a8
173	01e4148beae99dfc3a36ed6e21c4c315df8b87e75b7f3da6d095ce6d159efdec
174	8d7d7ae9cd961cf2863a140de618fd7ed8f2e9f236897ed7f421f0bccf60fbab
175	cae29a0bb839d4d912b891fde5b30620e0d0b42604efa6174178ab5fd73e14c2
176	a92db7ff3f907adaeceb0228f3b34a66af0a90df7858415388162b6af1031e83
177	374b2de0d9b7f205dab07cbfd4b0535b008f1bbb5e3297e9c2cc5c1e376b1dfb
178	714a6d74fd617f4547a58c7e9e155ba481a79e36deec65610ef1c9245ae568c9
179	c9f5d5e90b738b81241199281f7874dbad83907758a8f731ce7f7c67c0d5cda7
180	98978b6d0b7e2709d4a75e4fab96b49873da03e22dce07bf9c9c0835b522a99d
181	f3ec55de6bc5c4ac77e267ef6bffac81a10c2514815b2ac66a1987a0712592bd
182	1df1b82326fd342a4f6d6cdb207db69da3d32c2ea98dd9126b63800569654154
183	0dbe381fc7f420fda4f5f74d83008b4cf04622d66b373e2fc499922ef6429080
184	c22f34e96bca95edb9d3b42e6f07269e3e0149e41167ea97dd29fb6627addbac
185	270b7c8fe60c889552583a7cd0b21296375d638c03a9e0aeee99225bb98c9d65
186	213f5bde1fd9a3d1226fb8497a54a33c2d90b359122b21f7db84d2582acd6faf
187	fcd1e636d63252fd444c7e7fa0d994825b8fef9529ca98d9cf482b56720a8d54
188	c823fa2a427cec1ec464c3aa4f5ec21b542c4919f4d57421d2576dccfa2a38f6
189	dea9f2fd2e9f5199346198ec2d3ca238fc58b9e1c3b5ac6ee407ab170761482b
190	e30b561748249df757696dfd8fc9d5b3a9638272d6f65776e7fd2908b1b5083e
191	199c690ef41506ede104c1d28038dd260c200c54a345e9624170a6085e8cb236
192	7610a423e0e5a0222a51a425bb3b78661a445a4ce833f96504632bdedf8b6709
193	0cfbc4d0f4c0d49455937237acc0d95227b259930962a4d5ae8753f873c84670
194	7292c8a2d28bbc4121ce175aeb4cdcdabfbc482a62a05ed211cca50b86b67d58
195	701bcf0ac86bff9f47d03489b83ab7f039be5a34cbd11c9505605719e30ced66
196	3d8030bc2a25203fcd614ca4add20446680bbed61b1353312446d6356fa5708a
197	ab49cd20ff6fb0f8fb77a7c88d49afb32b42105b0f6f7902019ef71ffb12c8eb
198	f39fed949bfe24e5d858d988ecdee5b212b6d2fc943c249279db63b2765b3906
199	c5111d09b6e452a7b7ed44dfd28263509e13e574ef088954ab5e787043dffcc2
200	25554e07961f0c3cb0e17f62268c29a5ece5117caa8e93799459559b7ca802d1
201	271c30229fb8b075f87f5a6b429def726e3549d85e886df2d6b80d8293e3466f
202	01d6a136043e35420c414d28771bfd47b8a25d20fa3173fb119967dd715d0e84
203	29a5865038d6f2b791f6e14aa2b70029a558f458f4f304ae2ac4c5d407fcb7db
204	159874b75bba429bb52025c03d8561ca03169c5818ada5952ef14a0e0db0fde0
205	e7fac15a5960df2ee5eaaac6b17c1ebf6e802e44514f5676c6ca8a4563af84d2
206	268b9742dc58ff2da3dd1777b1fd73c3853cdfe152a21c828defcb6178e98dad
207	07c3163f3948b94d03e92c1d7efdd60eaef7c04740811363790457fe09538565
208	ce22b703642b43cc93607b234885b2dbd8df972630d064d77556c0272ad6caac
209	0f92be09fb7f0dcdffec2defeb0df1c9794d6862a5c068e22402b1baad533cb8
210	c63a902891bbd92e6eaa9c3d931a01ba743a15fa18857f1aad69119a9eaccb00
211	d17e433b623ddb171042d7bc79c43ed842727bc94a8e643c825df4f48c4797fb
212	8890026769a2ef4559c544695818634c4d52ea7b754b0655d039a07b43149c3e
213	5a8261b46dc9f610fa79a676f55de7c8e191b4e59252475d6f10391e50c2cfcd
214	436c02922df8b26ccfbe5a201e924f5a5e5153c052eb7c7d59c1e1d07c7a3176
215	294b23d8352381fd2523fbed051a478b4836ea120a08b0fd243d857b81aead12
216	d6a06c55b4bce3950367995fab8045385420045e115e80dea4528abef2cc8fd2
217	430dbfabf6ad16be48278613e92dcead7b9fe3a60d13fa20c5a99a3aedfba65f
218	6333563dd87945d502ef9bb2fb1c7b74b715f5f6c88754197c140447c419b871
219	1823a09e3c3e55dc88aa29b58b869666a1624848f909bc4338fe6e021bc36835
220	3ee9be5d281608a052cacdb4340d80bf52cf9464a8a42f9a4423cc1e47c7aaf3
221	10d7855285583912c5e51dcc15a04ee433ca587ef58308596b69f008a8e6f366
222	9ccae8e2f033202e04e4507f8a5b21af6fb223049178ccac866135f1a229f480
223	627e61756efd682877588eade8627a3fe38c3092ba8ea45916f3d3010b30955d
224	5ac5154283d8264e1e2d729ad902312858b91b026a0366f1930d0bad5d7c7b47
225	97611327444ba10fdf8687f72e25370ebc5be5aeb3ce31480507f55064eddf8f
226	6df10abc1b2c792c94a90ab25f4785f240903047eb069ff50867951867da6c25
227	d3127c70828d6cff4f440f9b4e96e1c818af8b7b5d32a5a9d89f0ed42af627a1
228	d2b0804934de17d0ce028fbba2e1b03fa054fb65c38cd20171d371020d75082c
229	cfe87a54a50d4fe822ddb1e9b46fe2df5c92271858aad75c24705a6de530ef02
230	b540580b4a69df8d962b17c1d886cc03c11c43dfaba086a686c5822ee9b1942a
231	ed210c4950c360339bd960fde3d7304d88585bacf0f70b7ae41c7aff702fdfb7
232	619ef5a6b514749316ffd76594e0c55b12d51001118ab6de727a80a29810a401
233	37a0285909b2ae00ce2153282c6d18d0dbb36425ebd35082ae59dd6ba1c02a4a
234	6d3ef070511e532b79f54d607dbb88db53e011b3cfd0a9d649f8abecf8512028
235	3b3652283bd0018f87df58e34a4d32c32f19b58fcd7a9c766fc7cda7b6d05385
236	b42f2063dfb6d57000911afdcd9286c9441f8bfad77dd97ce4a65fdfa158f739
237	baaf2d48b6058a9e99ecb98aa83145fb1e572fb9036459fa17187980baa5f448
238	fc69dc2b53f6ce520f0a2589578683bf7a32db2095a6387c0c704f2179baae68
239	9c6f2e8a1b698a0eea6acc8b969df5461cc82a355ccfe48e5c09ec56a04f23a9
240	5c36eb6caebea4f891e22046d64b4559f4247d250c20b5539072605bd9eee635
241	c473736e722283e89b6c9f107e63f1d94e3149d5c895bac27ec93beb85df4c15
242	8ee7720c8ee926554f760609e8c20cf37e777d6d2dc5815f4607ab664182e772
243	8f8b0d886b018dad763953d7e54c492f6ba7d60c0a75019c7e2970d1a97e7548
244	01ccbab42e79e99bc7a6aefb69a1e2df7855ce949e7a9cd1e45c058291a27e59
245	17d5117ab92631b4339a6b3b4b0b6ead4a1592a361bb3687e95b2634f2f279dc
246	72ad47e2065a3b7bb328e9bcee4c2d50f8fa2dc7d20a0d0610f43bd11eed73a3
247	f837c35df2c1e81b9586648a620a51dff9c1ee2ca5a7b4471ec2ec08dd6f0bdc
248	b33229888272810fcd60b10c550f916810dc364ba7d068c583c6372db932c632
249	a60d2eaab637cb8901f6fc25b57976be1675494be989f5180bc37d23dccb14f1
250	3283d0783600da0c2dd5435d65cc3ad265f314ea8b694f34553ed3e914b16fc8
251	2451f695e0c51c1cff48c8796ef0aeb99e70b8826a203844dab6656648bd9e9a
252	bf175cc84094d46fd8c9fb79c16346efbb76ac47675f8f8417e9eb2f7b4c67b7
253	62eec6434dbca546874a04dd80cbfa32807ea6e96b822a931749a42bd825eb88
254	521469167f229d2f3a766575fcd09d8c1a9844effa58ec97912d0139c5eb6b56
255	4683210dc27507f693376001a1c656d017d34d4c038610d8b2b523cd575f10f7
256	2bb4417a83c95b44ef6c5f5330a5dac48c94cd883b52494902b04014ac98f237
257	23a21d6b59712fb8d63920e74153333b1fb29bf2683675d5424576a91872a493
258	6af1719c521c26bd850e72c6788c93f54a0f023e0c26011b3fc4461e5ac36928
259	22c06359b0cb10ae8cf4d8f0bdaa7f86a03baed66a857eb435b4ed568bdc76c7
260	b35366f3d6d97792159b28cd6d9c07bb61de048f3d1ffee1c42114bd5e33b920
261	f42d255b4fc1045a9f910d052be57119a039b848f814786de0eebbf753ce9532
262	6dda4eccca1793b29aa4c3cf73311ff89381a3a933ee2c33f4fd48a5496245b3
263	84526195d9ac899422218984496c202a5e004616c4e9d512ce01724728bbd379
264	06fd7275130987c1997efa720964d542b43dd7bfa584875e6dba5bf30055a25f
265	8eac24196fc13c432925ba8d4692dc601ff26cb2b789f7c6f0187f6b60dc4440
266	f02dc3562a9e5988bcba8e9f69e675acd64d75759901b72b3bbff2f7dd8a19e4
267	ce5bb9027ae72758abdb0d57e33edf685ef4a5671561b33090642dcf95d74428
268	72935875e179583a8b1e50945d6f9d2c50d7083968cc276c76789e308af95b28
269	c646ac9194912f1c769de8cfc76a8a28c4d29d893b3c338dbae84b7da68a0ab6
270	968dd07a011fb7c83da8bc7607e3393056165a129825b782c241abfae83b6047
271	d1fbdfb9eec1f80cf2c354ade05c90608b3381d41e6fd41ab729a5c890304260
272	fdb3651b15c8c6115232cabf16fae3bc870e9f095a0580eba50f081fd2bb5018
273	8c6e680c715901dbd5ca987ac90f5f6e833670fbd7d7483042e043729cb52109
274	f809d4086f69f8356e080adbae923e4c3639f0b1f60e2c552ca73589ed967f28
275	bd2e97d8e54405b329e4a5febd817776975874c2772f957ddff744e92bbcca02
276	cab6a9d5cf93d8134d484b491733a9d1d0c85fe4adf16a9ca541fd05f0c283ee
277	89fb6f773052c4c1f2f1189f92fae69114170a10db87681efd33d0cf251c03e9
278	ed09cd4ef32f1ec4a324ed2e04531ea42a8ed570a6a0808b45914eb28fa9d21c
279	7e6f55d66d72764d38b45eca85a3fa8006513992ab82ab5ed35df248b896187c
280	f8f9137bf8ef0c82e895a23337b93c3c462b87658cfeadbc61bc030b804a20ef
281	50e7176bf35d68ec96b762b4feb669236a536d9958be136cdf34e9aab104ce6f
282	4105fbf9770d2db562a5f929224eb042bf1dabc77b48c67cd53e0cfb34a6a6d9
283	b9071ef4094190133b95b233344bb62d5e270e36b62f72719ac67d8dc076291d
284	8f23e09a6131af8742c8322a686b28c50d2f4864fdc7440f3ddd63ff1e818747
285	8d6f9fb1c50758a7f8dd0a496a746691dc59834819244ea6856450cebcadee24
286	5ea9a87383509a91d28a4a99267989620d433bc7085be4160038ce3979177c98
287	e381813adf1c56d1c688b3718cb8abdb0193af1d2d5a79f621f94e6b59107142
288	ba2f3bcb3f373d062b6c4053300060115c3305f2bb4a233bfa6d79ff16e29c0c
289	feeb9e2267f76d5f3030948dd89952f45a9aa9f7908fab6f262808a699ad414d
290	2bc32ed34063000cd9cd387cab47da39d7a55484f6a94254fdc3b1c07b4dca14
291	b68640e0a493b7c813382b9e55173ba9184e14a0b2e02718898c5493e40f68cf
292	fd076d406db8c797563b6b02d853d248e60aef61f288a7ea3be6394029f12a9e
293	7d6a9aa847a51be4dfe8c78cdadc140d8fa7a6d2b8d01f1e5477a181e220f7ad
294	75793c065ca0fa0a71fdb9796867fa2ca7981f471eb42cbee9a66cd2226ee7ba
295	d5468a4c83eee77945dc2a7afa5f64866a157f7a221f914a6d5435b6d61c3439
296	59440abc28b37b3b509426f87bac53f5db01dbd4c83f593988cddfd7bef06b65
297	e31d29d503ef2400faf259ce2d30245403289d6cbd79f294f644a515c4aa9945
298	a895cce97497a8348e435a3159f54e17d024c86e12d95afa0f2bf43ecc7dfc46
299	2d72f5d37d73562a5683e2a5b64976d564c789484035201512e7747c17aa5706
300	5861c8a6ed0b9214e12f9d10f74a5581f03b138401e41a399236098f8e5456f9
301	add538e661c2e49798ee476231fee56055b3310015bcaca21274780a1678c310
302	095bebbc9967a4c46a9e5970ddc989b069231c38155104d392ec0249df8793e8
303	0c1204a88dde51d3423bf4033d71d06bb22e84cfe1b858761560b9a3e4cc886f
304	164c4d8a182fc88b04a09eecf8e8fb828575e3e8ea209edc86bb7a0814be7677
305	6fc19fbf59ce4eae257b5b847aa6b58a509b8c391da2455429ca3035a63e4259
306	0097de8d4987f5f11ef2f9d10290e09e6dd99c002e898f47317914fc38a26305
307	35428e2423a980d6766ee0b8b2686fcb7cd2d6b2a64077ab4c86b70c26379ffa
308	894e7961f947d5bb6f3383468b32a0eff7f60d7eaef7de2f31d8418e010b783f
309	8c0b2c76154adbb3b479337cb63dcd881aef61df317d8261539e92973f0c1d50
310	1bf80426b6668d05f39bab7add6d3f68c2898e6958872f4e8e3366b56034618a
311	85db25d57b379acc37705012e002ade6c625b912381051213b2af8ed04de3d63
312	b7b2d7cf965ffeab311358ef3de5def9520c3a159bcbac491232b829e68017a1
313	b6189f001f339269d260f85e3aa2d3470236297011a581ab46250321078ecf39
314	126a9fe460d5801c4d41c2bdf62fcb83ae3e001c5870ce13f638e35491b6803e
315	d4b10113770028b6e940072c7365d6c1b2b1de9a866993653f6420443c560f72
316	6d6a87f74882df78894745de3c61d197f90109a8c1328f1360440280114d04df
317	1f2843d135d56c94424cb71b68e87a91bbbedd13421d9c555673a866d16fed72
318	d0d8fc9449e1c1e949b20ee67aaf6ba81194c724e22f5b0301dac60d6f75a667
319	bf530e91dc7d0a9559e1ab026d67c84eb5742b28a0fc424519fed2ff946a90fd
320	50ceb5825e941e68484dbd178e4d1844f807a079918ad3d84d85b0f686eee896
321	9880582113731aba5e8b42260e4452e4b06f65d605ee5dcb1a0d9a1fe0a6cf89
322	adb8b551f4863c27fbfe5c0d5c2443aa729f03aad39c27e92f043d7cfdb37a0f
323	ea1909d87e46d6639019434a783b4296854a8a3a891d8a6617cdffb502767d32
324	501a04aea4d078d8abdbe66c90a0de0fa00fbab85949fd130c6b117bcb2e75f0
325	ed968b22595b2f487c95047e9506b644bb15a0290872dd907ff5ab172d33137e
326	1dcf429381c1c2e9e1a4521d8c5f2e38b2bcb9748b56d6c5a73a91c932c971fc
327	d8d47bdda03b4eb48db8fcbfc000630392af0d1fe8c07daab776aa9067794b0b
328	fecc5169a042939b9e8d4dc7453aa360de581f2d1886d372efbe7a09a76b4fbd
329	b5fd60e1ee665bb99a63fe8b4bd64c59b7b32b4c1e8be4c7f68d2ae5e12fd049
330	7b63372be15696ade20aa6423c9a7578cdd6f699ad5ef683c54211711ccfc297
331	0b24fe3ef099876d103833cbf6c47db03a3bb827761391644e7575b80ff4f083
332	667f09d9e3420254ae59f8ee5db05614d4e1743ce616efaf0684dd3468438241
333	cd2d5e38418677624bad5c3fa90ddc500f2c2029ae70fdde90fd1e2ab4d404e7
334	a30ca4f92deaea9bf1d8ba1d473032e30ab12cf0263747dcad5e1f961b340bd6
335	261db2eda4294b36f29ee9b0b79ac0bc59f0451b808f8db194ecb8f714106a84
336	8b8e5713504ef54dfad08d9bbf5e1360dad125d97cc3697df006a787ffd5efbf
337	2dd4a80185babd4fd8b7fc272021dcea6b51256a8645f1797c5dfabdfaba8409
338	f5e34928d5dda9765d638fa464d918f7798d23f746b1615500fcd1b08b3a8d40
339	8434cd7bc86ce7fd401fba854185d7a8e4df4993cdfb6ade36b4e0fa3983757f
340	6664520235d84b28b5eceb2157a2ad3b934051ace54187aac95009b3b05f466a
341	22c08e5deb6f39d10aef739474c0dc83ec8f233690e0c1b0d459bf9ac3bf7328
342	e0087c286c17cc9182107ae7fc55af716b943d08fc367956fe1f81bf2396a703
343	d99d4758df5978ad0aaa8023f5928221ed55cf697e84c1c58eca1a9bb0886f95
344	5cc1a02c6df2c995e081234a4865c9c27627983a3f8c573aac052a7459b19010
345	49afcc3d499f9552c9bdfd9c06d4c805bb16c8adb50b08a27721a9957f917191
346	6f4edb58d9251f368d906cab52dd2b720f06435a75afcc0d059dee91b2207a80
347	164a0360f4318437d78d15ea83a4de8da571740c471b9a63467fcfef834f835d
348	630924962f2c34485a41c9c9d23d156b172e36b334a57a360d6892daf9859993
349	a45a74db93db86554e4d870f6a6521b932b972a1431998fdfbd8fa0624804138
350	d754dfa581fdfc78b6ca245aed1870458473d789c4ebeda813366f83e993d3f2
351	fee328212e6f071eb4e7e3317df231746bb83f074ab3ea65a402a01473714f5f
352	07d62ef4b2ea14eae9866ed922eaf83de21334857a91fc5cb1f0c216a2e795ae
353	379f65a4e49643540dae64f771cc978b1e726d6ba86241ebe6ca3b7db57581b5
354	2a1d627fdf02c4f2f0e81bff6beae59eb1a47c49d974d3256057f9029e4808c7
355	366b1061da422b570905a85ba7ccbd1c74017030f0b4a0002836235343d7a18a
356	81d52c1b3c25049d397b71035181769266038c98eda865feba8f52643e45c303
357	8189da0d7fea0baf6bbd12c45e42a5f200bff93588d6d10745f8b7e43a812c7b
358	75299263913d5465e0b874628c0e1b384db30a3860402af63307024a24b89c2e
359	ae12c02715a3eafbcf6d11b9ce264d994f0c80fcfad714d40e59002a63f0242b
360	03a7bada38c6b4ae5e22ecbb2ed38216b4beacc13839f466d43a61140fa305da
361	b2f58f78b637a30f83ce7014d9c7b4e2571ec1ceb72edd2528f0a0f925cdb37a
362	dce3adbf175584f0e7e261e1b3aec475e45d710ffbc7eff6ac4d78bf269960a2
363	d20152d03dda7e4019bea3b8646ad806b30e4ee789ec7ea3639b1200459255ed
364	cac2575b480c54d4bd49a2ca44b981342b17400b4d4f5c2f144fc628cc2303d3
365	2808338a0f58afb4a173adbd0a98eeebc57bce1ee5b369f1eb03eb49fe34ff4c
366	1cf5c701b55270c719d014baa8f285fcb8ad860f28e30b305203fa9d15024201
367	ac581af523e7deb155df2cc25b43518edfc0ee3eae55271764fe262eaf0b4e47
368	dc798ad6ceb80d5b1405086a18b61c6be8ce0e07a5dc920dac13c7ea5642285c
369	c8e7a00005cee364a12bb0cf4e6308ee39f17121c86de9b88f0ac619e64f5366
370	7dc21264a0fc525244a45ef9faed8006a5e2001bdf134d237e30b08b736d7adc
371	bed29e54997bffc9c9375ec01faa562f1ca69e6345b4bb9f61f0b910d868009a
372	58d79b47941b9fa0103a670849f9793f73a911d767e4781f11a355d4fadd148d
373	85118efbd1299307eb574344f2756b7252f85138c9adfbf6fd51064275573642
374	549ab5541d721d52ac4cf01615b7212af57b42b42c2cd0ccbd13a694fa518fca
375	58be8229d7d5b2ab6334dd7a088249f5307c296b01d2f072adf56262315f090c
376	455659d685dbf56f6bd07d9a82befe72ad8639051a72bad893ef6c5c42e8f3f8
377	3c8bba2fd6a0ebeb714ff5e59affb37b094bec4cc3627e95dfa816ce63564caf
378	62d7df0da7ccf326a191d19f5df24c959b79174735010b1911d0002a4ca09dda
379	c6a917a3377fa8410bd9c03db9023b7a6665700d1b317de35330a374677bb6d9
380	c3269486bac46b6e26a35b6a01c3fce2d559953717b033429a8d9351b6a1174b
381	4544acb6df269f92df0ee173ddeaa4f6fd08945b995249e61c914001b840426b
382	fcde6f7ed6f233c54f7750dfdf5210ba7dee37668e976536ad8969d66307a57b
383	3d3960ef58b1a57b32849ca16a20f51dcd09cd8ec05ac3e5f90b6d8fda0f05bc
384	f25cfa3cb37be629ae2624bfa9df4f5e0fae086c42d62427fd07a3aebdc1d956
385	61eced30639ab91161927c5ee7dae0fd5702dfc1f90ed75a39540ac7e99003d3
386	b45137edd127f793d7fc3bef511cb3e261ed105e454406c40098d24c3e7e0ac2
387	e9319f971ae416d7bd2a7567fd3d826cd6a9631954b1b1ecdb3507790f17bbca
388	8654dc7b9e8471528992ac38590d0f6f59c2747a25db4cc0a9da57c0c349f15e
389	dcb617487619823df73b0fdfafc06a78b6c08d913feff07b3bbecd563a40e68a
390	71305c99d97e2271687234b1332a4c45fd9eb113c254a6ba912779fde5f95bd3
391	e8f19a3fe346fdfe44b8d39e5905bf7960e5420f5abb1c3dfc2c6aba68fec434
392	2adeacd6a580405cbb95da951f8765da39fc9a11ab8446e55fc8b0419a104778
393	d2bd4996b7800746efe891d50fc3e83d007bcae7beb6eee9928df970d920aae1
394	b07b7d36b2c0e09ee84df3d41a39f564543d498d84ddb2defd08b4139845716c
395	85904717425e24052be05709b16b07f7f2357f8691322d1c2c19b6d68241c545
396	2a2f18ada26f7a26741175a9267b3e1b6c2718499781ecbe9bb8c4240d071f22
397	4a4eb317f3eb1dcf1437e93861469c53461313624e5289f31e977b60ea8b8ff6
398	f4dcba22a7fef0667b142269e51f182a8137c1d1ee0d9b7054670b0224eb52c3
399	4dca6e67fb73b0cc5651e627ed477da4fa288c94abe89d08f43ac7caa2b088cc
400	a416f836006bf002739928b69a8254f212ee8b4992fbf3278a442bf8235226ad
401	1796fe6ddfc232aefb97e76232a9c3189b4df327f693a9e8b60a454617ead26c
402	c0354fd532416f316f95694db597403cdfae74c63ac64bfdb780bb5b73239365
403	f05b148048005bb68b689dc311033383cd69cbf538b5165d8528ea97e84a3445
404	65685af1f4d4b1a81e4a3390c1e24dcaa152dcdceb947a32ab4dde58d810dca0
405	3298013a732b1b40a92326dfe2e4908ad8aedd03ca8a84d04449d03daa83199a
406	c7d7ccc59a7fe5cb81e146d8c5dd50b90191ae96099604c06d2b286621d2fec9
407	404906c779a1762cfe44defd11d47c906f95d84bca3210e5c327c7712cd71781
408	46c6772af684f026c0b633c218f1f6fe17871e7991d617146a59d14f839a9643
409	05017a357cea07beb331df97b578cf9b2e90c818ff6bf0af02ae09ae1469785c
410	29cbbe3d001d14e6b364160602b91790e64d8e1129ad18ce45f4e05909805ec5
411	52ec77b82fae3b99f2ed72247e3255e5714af6ee653a41d721845c5766451a3e
412	5689a8baa4546d218b74d8c4ee0cba105aabc3d0a53cfc2d8a4b0e7a0c7ca9fb
413	515da45a47b5afbce08ee234ec7e86bd5bdee3537101a60794c3ae4afb5bf800
414	fed6d718661b19a2eb49491c930ad29b4e3161fd32c4544d17581cc3089684f6
415	7dc0212408f078b9b8b47771da7e36c903ac6ab48edaca71472c8223259d59ec
416	dd9e9593df4b8b9c1f61749e1bb5b77f9c9fe4cb3d1a0d77ea45515d70e3e2c2
417	10ab326f4662ebabe3ef42add5f1f9b4ee244e58539c10e3f253458aaa9a253a
418	e779cf3c3552c829daf4ceec33a1fc53eb4622219043a4d587a47218aca6d7ea
419	8859cf82f825872d3e343493ac9e2c39831597f4e71fa6bb06f2dac9d9df8b66
420	b590754a6caaddaf47dc93f2537c4cf8336fff12488aca32fb56cf31fdc3668c
421	9c5c9fbacfb82b5de90f5e20afb174209e9a54dc3e3a3f16ead2b16192b79475
422	b4c8f0a8950656c6ecee1e542c18e727c907930090739401bab46c9ed0e72c8c
423	11c608780b805bc211a5c4ea9d5f54171d6a37b9c8e19e2a3dfe70f13e2a6510
424	d0e6cbe8e38874cf1b8d8322605ad1efc8a12530724890ded45160bd79f54412
425	5b6a3098854fdca81df71b825215ae7ef2d455c6362401438e48f9c81b436fc7
426	45cb0b8d571966c2d5b6809d9067800a29d4aa882e7365d05ec543b82b5c7972
427	ba9fda539c3b59d0386503b7bbef6a7b7c2382512549fa95aa104a17b6c0ba21
428	893a6dc438f925681bed291d2c3a0b0be66a12357d935f487e25e951459c5b59
429	bf9715b4be995d288959d41088856c0498429c46f5a296b1846d885f794cca1d
430	de243b04505958d581c36b71b13ab3c2c502d26eb9c07558224e38d98cbfd879
431	e516005ff84898fbad8352f48b2abcce4f09ebd2b7a089433a6ba97e6021abba
432	645a4c1897a19375b6e672301183fe46c990475b60366f21732a94eebaa11e51
433	e38a8dec615268a9b13402b63c525c168a566097946f45aeeaf126b224c9e110
434	b80ef87eaee31fc8ecc029fbd90727cf83337d8c8b32de13f9919dcf4611af7b
435	b68ec64a416b5a57da3be892f7495111c1416f6bf71675e7fba26c6534c7cdf6
436	09155d7ec3d3dba22891082383e68cf0b24ad1cc83fd37471805f8e48351d1bc
437	46c4e1c589c7c73d749608505994b2d959f0b357d3909cbccf17ff3635f415e8
438	f8f40a0e0cc519d7f33bf3081a7bb0a2fc36e39c7c89a3df86c1ccfd90489225
439	22a537c716811eed4b4e3d60e1ca99719684fb97b342709d4c09a025b6b4262a
440	341b407bc18f1269e91501cd847570770b2bafe7cf80b7c7da66170450307cdd
441	78c484fd7643bc21f13085296692131a9c8c16672565f56828bbdd1859f0d098
442	68708859e86e514c06245279d97b0a13f398b4e1f666cab78bfa31e34803ad6a
443	c4a2918ddb40f7559b485441dc20b25451fdda27f36dd4c59d5f6d0db64e6291
444	bcbea82f03a59081cc23f6be3aab421e0d75d877d24db1c1fe94f08f9e33c3d0
445	b66aab523f473f79d677bbbfe32dee8499c1be18780055055980c0e2658147fb
446	17aa085de4a0bdfc60dc2e382812765bccd1c7a4c393d46e07117aca16723b74
447	3f206e1a8d80055682b00326a8e196ffccf3cb1c318caeab7b3c5459be07c9af
448	763b017d2c05a2f128cd22700336ac1e9d7d23af8fc813c0bedbf28df45f852c
449	7b1a39fea6e17509f89bd0cf98de956dc2623917e37e3a4567adbbd44599aa0f
450	7531bb603e1cfd1a890b59ecad338ef8c178d18da2ea6184a6ff07d8f3fd1bfb
451	4f042a678cd5a6762054a4598150681428b97e295a83a5fb67c09f01f1166bec
452	5e63d95d88d1aa14c4e912fe47066a11288ae417591b5778612ff4d62ab69390
453	b6dee8578e34dfc87db1774a02eb91c29d9fa1b4948ed9b4c16ca05a6d11490b
454	88341db52302e90ce1d59fa5ef68abf0ee8caff94e02dfac73eccc0682a0495c
455	18d2fcd32ae90a18e650d5ed4accd78b2f9b88bdf8f459bb79147c48a1be1f3f
456	e7437d52e5fade55a1787f6f6bd3bc8c427d3b738c4e8300becd1ac7ee271070
457	792b621343fb7f9d95afd00962c8081a2965e0e0412cb812b88f4d27f3723067
458	359145b569f6c925f8f18ffab7e8cd1ce2510b43be9cfa360036b2f50c0de640
459	5bf25a2123d6631d21e28d98d073336a9bb6655fb7f6f5a95b962991094e0a8d
460	9d7f7ee2a24044c08a4eb7021b353c08281d90c2f8aad1ed74c608ea5d2d95c0
461	d574f13bb8f5a78e819f6c7c56c1126fea834982b124c3e2e932a12c65c3de36
462	800b0b83b1365299c6bdc1988c8b46d2c8b05ae9d118a067d96fff9b9a53ab72
463	d7f2be241973a46fcbd2995b6cff74aac80ba3e516cc2727a755d48ae0edc54b
464	2832407b955df1284aacade5c15ad5c816bb6bed667cafa1dced0d723509fcef
465	f9fd1a2b0ef6e2f2faa207c61516421bec242c5e7fd1c8977ef1562aa9726808
466	e4d4e04fb69ff0e9ff21b51cb2fe9088535967fc3686f0cfc24b58eeb99d9e32
467	8e4d5baf9a966462409f933e95e771ef9b7b0a74ecc8d9a72e1799ae3aa84ab0
468	64d36b76b061a04bf62d082c52669bad861ec007aaad55daae93d94bfccfb3ba
469	bb98236331418f87c0200e082f4be0aec07f335f5f89ed64927e95ad9f583adc
470	5700c7bebc87cef44daec505a66eaa224ba027a1111c98ca4ea3c34df368faf4
471	661be0ced4d28a1d3d51b8e4edd1d8f9da9fee6bd4a346beedb32e41994230e8
472	4079db25bfb1d70761cea2d2f079a27672d2f2aca4d264e5e830a854fc383ae1
473	d63da98e338829e5fbb4255a0378fddea00f622a3001787076a1ad1e91fa9657
474	f6c59312bc25325ca94a25e4aa64bcef19699b0c5781588ada2e017d9a46c4db
475	bf8009e8af824a125739b384741b617e217c87a32ca1096be98780d86d6dccc5
476	eda97032c013d41d2e7e34c1e93a332ea82677e1f2f755fb480be933381215d6
477	dde62dbc5ebe99f382c41acb0eb86fca3c960d895d54e6b95af0866b33d60b70
478	3ecc8e9b2359cd951ca04416eb29212ec17d632c237bedfbc77b7e93f1fe9d9d
479	2217d6425dbf860406f2efc0448969ffc3fb63718b9897619c67b5c6f9a5059f
480	ca152e51867d2564f980ecc8d3d7cca34c9766b5110e612f00bcb4c1cbe0278c
481	3b8557d3797d76e61eeda611215c7393cffb5cafbaf7a602f03dd283ad523b1f
482	dfbb28b004d4d9020adfeb496f67d93cd2541da3035c058378709cdff1c84d07
483	e123ea30ad9c5a01e2e1479f0ab64effd8ddc8df061dc10bc43b3b3e60baedff
484	4d8258ae7f771bc4d6bae867bed1dd01a249b7d3f4f3da32e67eeecf6a6202f5
485	454567b950a362ccfe8a33f1719b78eb13974fed66b9981573789a99d5f86e70
486	0eb8019a0217985da37ad5a4963484ac9485e5078582b7c9d800f8b35d947bc1
487	9f17f73a6902c00e8c5134a0d68345b7bee360690a1dd2d23b9dea35e379c5af
488	9c5f88cf74bc8ec572e284467f92f3e41a61b910bf1b90b6663a1454088f7dae
489	69a6b47ae32d1bb72a2d762602db31242b57c6c161fab1a3f4a90e45808b0037
490	08934bc5e59e2a88a5eb0fc00b2adc610366729c94a26cd64cd84afa324157db
491	34e91ba6a1e816313132af095258dd4eb25b90fd2e5e16a5a49d435545f505fc
492	76fe08e4366722dd65469620e6790e16370c8d544c59a356246e8eb4a9657438
493	a03d089857f62d7812ab97421b48000e63a2a6fd14f4c1b9ab0370fb13249c08
494	418762e505b0011bc2ce9b4e47c146162319ac38de6aee2b2da3d3752b97a365
495	e77a2efbb60ac7e93833cca169625ab1c5148f30153eb4ddd2a2690a8a211b57
496	161e0f914e20f70a24b85a2dc215fb9e63fb8b1687833c2eb7272427b8e02cbb
497	c0fab87742d333904ff9d1de2b3ac19ccd36b3f6abb42dd01bd63abde9f137e5
498	be51c40888fc0847bb87d877e6c9910ad2634a8b9795ada3effd48b82be93dc5
499	8943a2f06b2460ca4b079a9cd3efbbb73d0927d472389a7d0cea4aa73e5e26bf
500	df11a1464775e43437fb94f8c55110ab7aa3fc4da0206ef294cd768183295ae4
501	5cc9d5c26fc2e41c19aa9459ebe0deba7be22410b6d96854e0d8d563f665a9f3
502	c8a3225e20e1a72ceba3d21e879b86ec773a1bc80208d27a0056e7fed561b456
503	c1b4d4273a9af4acef0cdb66b9228a92fcadf1e7cad1c0b980d6d37ecc399566
504	b181edd5067fa20f970b88299a2628b667e1729a453c4bf5b25e4f471d1fc2aa
505	fb582e9d8a691f133677d26ab3a224eeff1191fcd30c7c7c87e2d9d9abfb1171
506	5f6adfa927a32c937629fa543a14b2341e58921d54a2852e2bc4b6fe659f9c1a
507	c12f077df5fbbf61f78571e0bca499c5689b0d92540364259e813d53e00c3b0c
508	21e0af409d3a5182e9fff54b97174b34d031b30cee4dc73399990b149e876c56
509	ad61c861bca06f1f2e42ce2b7e5beb899d90a77e6437bea56554b7ab6244f9bd
510	4622fb9fc1fe2786fa7497957319e7385b713ad71894fc0a26f1972a0afae949
511	8517ff3018df7b2362cff859da43fcbb4cadeb88f77d18b11458cd9a4c8434e2
512	75a888be38b7fb540e9402cbc99644083763bf907983eec7d1f631508d28895e
513	d2acabecac604d25fde85aa3805d723934b31acdc536eec7d38afe46867e2da9
514	f7466362ab33334b0f57e0b363b6bad9b03aa5f8d6c43f85c432f4cc563f6e25
515	20ddf7cb22ca44a5ff26ae05b96ddcf1997802f1a0993cad8aeb0b5a3e95ef1e
516	ffb269e3a416cb1343dfb537622692c112be62d1de3f0f627c873cf04101184b
517	aa25d925a847f37a476fabb2c316f79095c112ba08661540b98ae2041fce17b2
518	8a7c30ab7707fc3e04b4dcd5dc774bd0be9ab7fff6ca5d3b7b0454721e9d53c9
519	c67303500ba8f9ca8595d98aa01e1b1f2ae56bcfb1fb777f557be25ef28b43d5
520	80d251c633822e194a250c27bfce4ff803a6a76d78f7ebd1fffe3739530f8507
521	2e4a681ef4707be6239c94693a04a81c9d043e4aaa2d3b62c9b44abe1c957323
522	27357ad2a94dee7283a080cafea19ce5aa4e97af5e39f2f8171f4c5e7567f9e4
523	7584a882c9897165916d18a05ecf23094a1f4ec462e6b1918c67ef0986ef788d
524	3be292cd55ecd54a438175c2505ea28f06d7bea424c88f14ed96dc3c8efde003
525	5e1ff4180ec4a6f9739654b6f867fb4eec38ed3805f899837813ba2dfbf0d98d
526	6c25a47e0d66dc4fc506503e0946656541205602146e56e546d6a793691e6fec
527	fb01ebfb1d7556271792ffb69036b102431619db32540976fc9906d463cdc4ab
528	694b6f0919549b58faa3ada988abc838403d1c9109a4d7d3528cd5f4c45c489e
529	4decec5f9199b8f684f7b99f76e5aea6b1466533a41748a132a8faaaec9ce49b
530	11eea6bde043138bc0df7410eeb9f388a811c0e66595f5d6fbc0ca286e13927a
531	3fc3603a522459a3093baf65af948a90e410156ca0a595047a753f8f90b2ce00
532	8e93b7850660c0d82016d056d19d2887cc2a0534cd59a4294edad262d426db23
533	0531d83eeae7a07848affdd0eefa6997a79cecccf0c9d6bc57234f4f73ecdfae
534	ccfc57674e3ffbfeddd7ea0b978d211277943319c4b0a70df82c05bbfab4ef22
535	a4862526b993937f6a7b555f5b8798b67620fc32bce03a52fa398a7418872e7b
536	1b3e198ad806957c147b1efc9f93c95e8b327cbe482e021e1316882f9a82a5fd
537	dcbff059f1f2c3c67f91b73b73a51ac121b19e52fc0ad680aa908f784d82232c
538	67d70b50856f978083fd89520b0f00cc38d209a2f415d75eb07d96b3efd17329
539	8c16ee641b9d3bf734a9abf79c6820e5cf062e5848755b04c55005af78f527c0
540	d7ab8bb7f7138cbc9d5011889994fc9f948efe2147a021b57066f1bab547ed1d
541	64c3542972c3eefcb11e7bada4c42f574165166d9e121ed33d444e728f3b082d
542	69dbd9dc6c6131d39dc648bdaa0d6ee9e2dcba2a89cfce46fff44c9a647a59e9
543	7484c6951e07b8bf2754b8e0d39c1cecf9f899511ea2a3fba667409894759871
544	bbd5b8effe2d0e2a940715c21efa8365618e6391741e7b6292236121b28fd417
545	cbc6fc05f6bd0d6b0d435b5c478b7aade1822f703c3ec702a716e65419870607
546	ccc61e17ab120bea3f921afba95471a13a7b7c1a34e514d21434117adc16fade
547	0463dc52242a5d26aa2349ea10609058b7e10c894101f1f6e0cd02b6d7d1764e
548	64aaa415d8e0981f0098919f2a76a6176e55666c3ec46b5a39fcd7532a101c22
549	1c62f763a2f3e167d3d4b347e16b8c97e930f4a049e7851a27e62ff03e7453cc
550	d47c7cae48f0f5a946b946537a56707a6b4187c71d70b073b67e8039e444491e
551	3a2e91fc33ed7ad4e9e4c4e0720935b6756f45959427e1af3e5529c3c00761a2
552	904178346410ea522ca513e2e7fa80fe7055b602f056a740cd949e616e56b25e
553	3c6d7ed5cfe8f67ff91037177be882b9ccd4e0bd2e68854193b9a0f49118a6c6
554	7eccfd850e3dc749b7279e3c018b92f08ef3b153b4bf7944c303c0807e5482e3
555	36509245ac7cd04fc4d8af388d0e333ce01d361533be12966ec17222b73798bb
556	94d1c88e46fcf6055979fedca172d66bd570c0c06c2443d15aeef36ea5cf799a
557	74275de6c9ca2bf632a8edf5e0dcc18d9225c90a223231febb0fefbf9f8a5778
558	af82c68f5072d6859b6a4ba2d83d2604e1df06dc388d90e21790563d8d0925d0
559	6958aefcbc4a79008f1ce6c551645e20c65f096393f9552b62d93412b248e981
560	03686642722987aaafe8e8e4c14f513dbd420d4204e32c936c5d32355191cfdf
561	e0c055ade9121b8c3b436075f6cf4d69d5ecb65e6755b09bb393a19bb7c4ac10
562	0a17236edb6948d9330d94aa169a101b5a90a6bebb4c23294027f7d8ebe16f59
563	d5c965563f56a84d9c859f21308a9e9fb7134fd752ac107046205751151756a9
564	2cbefeece0000252d5a8e350c999834351a2727c6d6e1d7dfad60adbb3678aae
565	1d33cb973a1cc56f09ae60e3b10fcf7b939611b8ca4764201fcc91c652bdda3e
566	0275e618fef7f4d73b035a01f7a6f483d54dd9904beb5784e8aa0369a1689cf9
567	e62b6c84e6c75778a33d408318d1c6c7f0cf3bbe89487149ada95a66f91e1384
568	4b40622af9c8c5ac782287136a30bdebf10283f675933eea677a4cf894e9f85f
569	79aa78e722fffec046c2a6a587c876230520f3361220083e570f4dda73b89abe
570	e5a6a00072d5832225fea08142c804d7ca7aae43783c65d42a73aee55632d3dc
571	116bfbdf28bab628aa154a1fb2e985fe88b04869772b1f6eccd8846b79ac9983
572	80e46451e0901096b21c732e74c937867202e25b6e5781a70fb350978295a892
573	1381a90be753f90c6eb3b6babcae2b7bde501ee3bb237b2ee6dbdf06106d9d24
574	5e002c0973f6c8a50bf1a8d6015d4b33a15a5bbcb48ea8e4bc5855f40cdfce03
575	937b700a740945a25aea96cfdfe4d1b3b547559df0e28874fa2d2bb5b40df548
576	7892d27a5b7a6cba1e7a69e337a17bc262012980d1ecbc7203389517ad55ceda
577	aea28d51bb93b88446a98264e097a8525b2f234cdadc9c72e9b1d0550be0bc1a
578	49c7b493f6dcec53fe1c8b94a1c4a1c1623d5ec2429a1fb5e7561acf8b23f42a
579	b6910ee299fcc2dd135f7edc4a5ba7ab2ca608a67c7cd0098ff79cf8a1c6f2b2
580	fcf76ef18583012cd28008ebcac9a501be214ace1dce1c522b8fba86a47b75d6
581	e2b50b272765dd5ac6832eb6642ce36f6788cc06a6532a7217511fe65cce0e6c
582	7b5d14854e894ece6920896e527e9f11e3db01dd2cbf2c5a36ec0416f1b01aac
583	8ed8f9cd602591991647a9e8d7b4b3908a4e342b761f36df979b438c86eb773d
584	94b54487b797618d3e1890827f1a975e3285a2c9b28c2026dac9ef8b545366be
585	78a53a4f0a5e61bd22551470c0dd996684c8f0c5ff395a6eb695605471c833d0
586	197ffe56c5e2c734509ca507db2dbc8e358a15755ea9ab5abda7e2eced48c983
587	88318f2922d600bd62a0a4e6b15ae9de206db179e2089a3ca3af5d7c6b1de42f
588	adcd262d450720234614473b8fd7368870e6f6ef518641462459f643f6192b03
589	e9575c2aa729e1d7c964d3ffbf62c552841dcb712581da91f43f42746187a2ed
590	666e8ca35ae2d7d94c9c4937c93be63073593477ec556060e4af7871add19547
591	2cad110181637a0e7d6631e77ab67d23940815bc0c6dcc29d81ff39383112c1b
592	00637e4423e7b4e281a06cf3dd37aa17ea7a1904ea576edfad633fcdaa6b0275
593	a8a93d11f3e4c9156a57a5e79b4251dd56468c8ee1d3156798f95f4666cd9816
594	8336d6a51e2984cada141992fbb242905237eb788e06431328ddb925cc132710
595	7bcc2611a722d16d84b044496630d189c1cf16a6827735a78b90090f02abd52a
596	d0aa8732549433b767af479b8b56291c0a6e1300d8a57cb559dc376e693ad086
597	13b4ffa39b40e72d1f14936519f7a83751b971df7b6e95c99652d139c6de1643
598	df6ba1b272053ff0f8ef6d6e969873cd0aad054ab761be9b30f9692f23cc4089
599	7bacdf2b4f208d0c700f4fa498c4d27c03f072150d60b8c87f454c66fd527f48
600	97836464f24498ff4c5dab7b6232b475a617dcd1d7b5090be7b52a65d694d621
601	cf2d34eb1a996644087169d7ba70222d2773882399a2c25a73546f10a6bc9006
602	060626867dda8d248edd88e907933a2ed7fcf5882b4fda03997ead67c658ddc7
603	a61d31f25265096ce01ef29367e3241ceedf058952fc2fbe7499015af99d6f09
604	6862d2a9178d0c041e562ba34a84b4e4db9ee752df718098b51a7b5ded0c4ae6
605	ac0b8043c7c685dc6178a7da549737bb7bb85f38e6d64fd4c30f79234af45d98
606	d1ad29ceb611c7a40875154521c666edb6016a074051a6944dbb2cc997fd09c7
607	9e39a79da970433c276a7ef4827e4766890ce3e80eaf8d7e8b3313dd696b2659
608	e2a7ac2b710040189a51aa63a15d009c6c3d1bccfa16909b92bfe290d36dd093
609	0e60ee36721a97f49fd5398b9103c586c473033a9c77d90d37d16415ba01e661
610	a5fd3296d89750db876c6afc9811bf5de67f2daf24f0d228046b31bdbb676087
611	e07462700938970c886dbfb6fabe92fe4630214ceb7d97b2026aca89a12c39e8
612	91ae5907458843fa6b74b7d92d63e84bc99d8e80dc43a6c74965f1038df98dec
613	5325cf2eca07ad552336720e1ec771bc52be65b0f361b1775fdf6ed1e65a08af
614	5b0e783eaf185d7a788d3be5874b04a997e56e854db15262427fa5a730e378f2
615	448e6ca251613a2ae6bcbfafb9a58f571a54711165ff127038dca640a8adb23a
616	c7f2863e39edbf965acb0ba8abbdbb17f24d799279d15cf6b8a7131751a992a7
617	b36d2380bcc76c4fea7b6d34090aa3c2635dc5e8153a1c1811466c808c5154b1
618	72e735e80e06c8bac55c4c2633173ab3bb2c218f6e522c725f90103d14050f44
619	61cb2b0dfaec5bdb4be9be891c5aee5d58ecc555204c648293b97076584917e7
620	f90c7973369710b9680094b4d58d828390ac16542682d62ba52c34917d3e438d
621	8fe3c2b70fd374e36832996112d8ca2af377dd1a05c76f2be2622f026c2e715b
622	ee166a985751b8d8f71fc1121a7cbe4fe2725c5400671f2dae31e1b40a0d8941
623	d8c7255342eb4d014dbad7d531f8cb416374dbde04055e5ba2381c7de8849d09
624	066c0da60cf7acbf22c3d3ffa9aeb69640154f1676c1a098a04db6e0c91e7b6e
625	cdd7cb11df47dbf59bb37e6f3875b7990ccc3335632ed2ec31b9a34810e757bf
626	2df512bfb8a1ae6e5bdb3b15f66e12678b42b99aad505d8c48b1143a28f5d7c8
627	52e259318b8fef845cd7b6865337d0e12e06ab2d14bf80f2d5f32a972eedaebd
628	93d3f56f94d9515347b7115bf68064b7c5ee34cf6bcda72187f6973cfa6fb550
629	0174912b2278ab859593593cca05c7449e44908b08e95cd73cee707053cdcfe8
630	bb2a9368aa87336367492f147b9fead0855cce65b577c0ddc4abbf4e4f0f30b7
631	71c98875f97202a172078627cdb9d8073ae36a4193b48e983c54e10cbe0a1796
632	2454cb8e02e7532cdcdf7ea646014ac0134a4b129d0e50a1f71bedfee2e34d2f
633	30ee458276bd0160fd65772ee132155f359ca5271b8aa4daeb88e55308991a2e
634	438ffc22ebe1b71e39719895bf4727eb099c3667a53e547cc0878fd99477d4c4
635	d1cf91b3018db8fab6edab79a1bddec05dd942951b863ea8d18fb1fb3458a331
636	935dc880d20bfd2dcb0895653c8cdfd0bb9c0d8520cf8017aa5fb7abc62b8924
637	cb6a5edfe9935865181793d09e5b81b99d4737668e917687bef7390716f915cc
638	9e91b40f5a342575c0562006aa170f2b818ab2730655570020c21a247a61276a
639	25a1e5a4274695401c5dff7f59e2c568f034f2b8b8aeef72ed38dad25b28f372
640	985b99845b92568c9b0a99a7ee04c88c7fd8c7a3f5c017f2ac87c3fa6d662a42
641	287a029a2ff4e45d2db8aa8abc69bb4ac05cd530682634a74c52165c3d75a5a0
642	1f2479e9fc4dd7a4b18b5386a05aa146fe4cf18353f8f1bae32ee1373297cc1f
643	766a36ee02a3fddee9ef42c63e0ee10dbf5b7bc00e998df98acd6225f2ea7a5e
644	afe620f42e2aa011cd5d9aa5f5ab6c68d1f6cf0b77d8522f715842c808f77edf
645	14fd81e214c571accb5efb1f3629b93e1a1de99e4cfcbf26c9346552a8cb701c
646	7e396823d817980686d9454d6bb69b3d769582e069a4220ee256396d8843b79b
647	2969e6498cdfcc415b5c97d83bf5eec62bd9d00a16f9d6990ea9ad60f6bc6f68
648	23384fc85fd89dcffcb127809469894d01ebe9f46e7da7eb30314f1ee73443aa
649	a6394556ebf6686c88241e95b37f880772bef7f323f721ccb65284b3b1207044
650	317e39d5d69b4d72b7822a4d299532fd4ec03ddeffc8e79f8827424f017ba1e4
651	152c918b9adca074fd5639a3333bcb78e47fc27af6da27003165cd3dfc757bf9
652	901e524df2b843e7d3e4bef0c154546b0ff23141929c58e0a59984ab42919497
653	81438b758dccc3ba5dc6ea55a1a265b910397364ebeff32d36db7e5f8c64e7d3
654	43ed2828e58d4cdaabdb376515da691e31248ef88e5045dcef645c6268522cf6
655	12ef41a3e737c154a405e63a30389d536fd30f52c9485f10f5a19727ad8ca656
656	645f6bd32c67163d3a43a8915424d5705ab61a5c549680e63020db729001873d
657	045254674e33a3cdf4df40aa385301ea2d383aa2d231900aaa9ac4187a9d96c1
658	7fe99f1ba56fdb3f47959a826f6b21cfbec7939554ba5ff8a669d4933ea4b07f
659	35811d301105d52d02e7ac40e99c7e7674f300b2656974b17771d644e1da67d7
660	1a31d62274c21f88e4fa3cd592642a364e0a6d9f158da9c69ca9449e6bd126f4
661	05aa3c07e18fcda79cf5207c37f763abb769d9fc548f2ab7f5b8e37c720c7583
662	6acf6007008fc2b10f96df8ff9dd811a8d168acc5e369b4d7b6ba1f9c6885f91
663	296c36206d6512cd8ea740eaeea8e1383096d2b56a86874336d649e1eb6c655c
664	2e5a41631618bf66f8ad70c8988f6d048d5bfc140b15672ea331e648a7fa587c
665	e5aa220742a160177ba06db900b8bcc20834e105e11040f0f7bf1231ac6cb181
666	b3999909900219e4f309154090fbcc5686b950d9aab742fac4081afb4d3939f2
667	6d38d626ddf907990f6cd6af2cfbdc1953772c176386ded32f9f77e2b491ebbb
668	f76776ce943c34c2d5efd2138e6cfec1fcb3396b448fb9e52a765e05ebaa4302
669	33b74686d384b0d33566702cb7a5659894a38c20c7d12c869f3aa349f445811a
670	3adc5957ce42fccb778282fcb75d4153fc9c63c2d95ebac3519c862221f71eac
671	d078d4da60db6b7d7a6c487aa52b7ddb68d9bd1f4a92f327890768771293c498
672	213cda1ef052f353d08647dfc089b4fc844786075bf47ad2b6ad8f0252e59f79
673	949461939934550fca83d6b3518be2b0d9bea0c77872a3dab3fdbd95e631e62b
674	13f3dad4a0f2b01ff0b4c5135c63257845cb8dbec01f008ddea0b545bb480186
675	6ebfac2c04a7f3409e3f0136a09a9f9c505722250191ab9dff369f03318f06b7
676	c75d09c5934ff9e1ace357b1e472018f6d6e130b0311702556804c646aa0c5ea
677	c5af4dbd342e58fe4f5204cc81ff5362142333bd8b3406dbd7b784ebcdd257d4
678	41c79b80eb6b8895be11b5f715661f091fa2549aecf3f233db10a744a4ef0a4b
679	ddae067e1970d6201752bb739be815002d48e39552ca1c541ffc2f5341c1f095
680	0e65ad8009f12b86c8fa8877e1acc60110fee465597dbbf494762c77a8984b75
681	b4854535757844e099efcf7e13e29e660c75f55f1517f36eb498d5a4ac63f80a
682	fab07b2c6f221f8f8f2a5a9cbe0ec2cf3e7e9d736e170a666b699f16e2862b79
683	5b8a045d86025a01c03043db6612bd49bd73515c0ee55937921a410a0260f1c8
684	dc5b26323454114262d422f4d4a64fcd2ab77ee1c72a4ec13c385a165ce5989e
685	22cd5aa1a1f1eb8cb32ca3c0e0f3224241ccb05e818b1402cd466477f3a720b5
686	80759180943bbc4b6aa07300fa1c39ddb5f65c0518f4e9bcace32c147018f0b2
687	b38f9bae87239edb082ab7b9e91a0f20228922904e0a0f2d41f81c9d59c25516
688	16b9a360a1a47edd22a29d3b109594ddd073d6b9f6a02d32e6d337040258c7de
689	a3dd8333f1b59511be8322380800f818ec618145bef4443d7295407545cd7357
690	be256980c55e1d827f99f7a1da8d7a4317298a99b512898ec806fdb5d645a7f4
691	c2ff00a1814959ef1936e960e85a505abf2e68ee147b287d6fe033a369f53ffb
692	ef0f51ab27ef11adb5943d9d1976e72987b3aee2f539ce139c9ff635a38ca98c
693	b14f50b6982372cbbf13c2db1db991b6f803981466820cadfa4c8cb350df7878
694	e70885166e8242639aaa4d9bf99c2044992c25ebab8e0d2f5d77bb200a65e653
695	fb2a3a7b909ade5a49f24399e528e8e6235f40f1900d43eedb61e0c0fb465562
696	25430cc2613fddbbe86f8d9defdb2428a57d7a0e134b257be7a1e19f86f4bf6a
697	8aa43a19665d2f9f8a377f25ac8214761714571ffe28f82accf68b6fab119671
698	825c642dbbb91d4ce12e7b35f2110056171749e170acd9338bd3d2266a60a852
699	9c6f27463aa76a3601ed3e23c2593924255719d782410e12570fd764e0f3e872
700	a51a9c846fb8442798d3be5fb55c2e894f839f7903904266f79177dfa85eb3ca
701	aa7137bddc6e9fb873ddc3eff7c7910adc73d44f9e6979b1a6feae65d162c782
702	076880e6e34e4c5b531112d7f53ca9cb1b160c5431859f8eb09d3b9879a5122e
703	7c6a05d4af1ce4b9e70af9385424dcd939ae6a9821c067c232ba6ed8c33d2a70
704	64bcb3c029a4a5b61a6907397213d30d93e8c7d3f54e03a4cd02d1bd0bdbe487
705	6b43cd9503eba7faff7034a6e682ef07d4d4d00deb6dd4a86b30c20a28e69c44
706	c2f21c940343b401d1e6040e726ef14e07b3c30524669dd6b407352da74dd547
707	7d8e7f372379a9db78cd388b7105c1f996a51d78d1f70a81c4d5946d13a3df44
708	f43776278a30491ac7a78ddd526acda120f87ad09d08d09e07103172334163a2
709	fa143e6740e79f787fb45296c2e3bb10912699529e7b6719d8d89c23bf72e679
710	3d9c2d255a2cf403a30583a78b19e00b2801ef4dec35e566a095f465e10941d3
711	548e264d64003fcd36d512d9e3329a94325f47542e5a9822bd11fbe6fcf9ee2a
712	936813360a0b2631edc4b12fa381824a0650b8d0ab65b82df88ab9b72c8ef9e7
713	9668696dea3a0bdb59ea036821d34db4d58ee633d14ffa52f3114eb510e88d24
714	db9aebcc3d49c1288e23280c676e46574681f90ca83ea1f38d04f549af7c61d9
715	b0c9ec8e66decde51f8142a9282b632df79b6899d4b5ae6092754d057a7d3f11
716	36145250df90f23f884300e9dfb464f5a10fa8786de6579cacdcf6f336b91b14
717	0eb9a8f7a910d35a6e909de47e3540892e4c2be7ac9314f79345d7000ff31d2a
718	334809a036a50f571af1d46f8e71e589e9ecbb7d6aef15ee90a1fd82c7409d4c
719	56350ab2cf31cdc34e2cd5d1f6e21e8e8f8e7848f56d9f4a1100d7b1a9e6ce0a
720	73217267aee7f29fc04378c1a5c8a177ccfefc34eafa3a18023e73734a5956d5
721	e3b6215d1e8556cdd77127ec92bb72b17e981e539df9a330882d7e4296da1973
722	3064dec5d0658129bf26a4c1d43bed9a44382b8284bb71158c76427fcee8ea97
723	7edf71483370651518a3d499ecab43daeb77f12f096d10e673ce28c4c9b4c592
724	2aa4e3fc977ab4303c51aaaabb8fc0c0d461a29e5fe00f87f7f9eaf40a764cf1
725	d921967200eb3e444da6fe3c7c2c5568deff63131eea1c2e2e4aa9928af17a49
726	0e0c411b13086e5bdc04b5094acdf30f0246336d0a06e33353649dbd7cdb236a
727	8669a2a45f425edca1e18f2f3bb3280d5c33434d3cf161dacfe26ed175e5c91f
728	89ca479b4830dd388c2abf19b4f270765d5814b63e33ffcf725c17a51daaa75f
729	e5b4a3110aa9cd109880bd7f52299153321e0c9679c444063735691361be8494
730	499ba9772966a831691ee83d450ba956208456b39cd3cf9a00992c029937307b
731	a78f2799c0f409306357d3b35000d5aa6b80a113e5408e7f06820ea52e80b7c3
732	ceadbed357c2a70bbe3af2e493e000a371885c6eaaa97d5df613d4081428466d
733	40c9958d07ed9a00964e34846e60674a236c23cdf27770eddfeb8bc361ab30a4
734	53d2d90a8f61fb01908978a6dff49997e56ebb158d8ae8b02430ec75c832370d
735	5a2133d7c1ecd9c96f3c6b9755360114c480524dcfd2eb1871cac10f740e8150
736	c810bc9843ded0a9f17dc81c996f02ed2b418d4561fd56b590d4866dde2879eb
737	bdd63a99562dc34c6b1c52c96b174e2897ccf11a5c9dc4ec2f00c22a941bf853
738	98310733c128b1a1782862fe811037ab6e68bc5d82ac4a24ba95f19cc251655a
739	35ac13bc37cebf87456ff733d3a084cc5dcfa6dbe738e3e6fa8a4c390528b75a
740	1023140d67832faf6f4b9d178ebe1b287146e82c39bb46c7026dd46f9e4fdb43
741	b83f33a67c7facb6168d52dd4e34af8d548a785b5a5819d6c4127920a43a3d89
742	919f9a155027db33ca278fab4e52dab866ec98aee87de239011aabb3a51bc865
743	aa242e8001a96dfef4570b4ba7f5763d5509260a5760dae057d2d3045f74e917
744	9b6d27e39f2262a7faf7201e65ed3bc56f330ea35c50b9595865573006441d82
745	b39d907573441cf73103dd91948665fd574c6765dfbf268c0f626fd7cdb4fb83
746	df822129a4be8f3b97d4e23e9804a297391413304ec8b14f15a98c6a2cd05daf
747	a04fc7cc8eee336223483c617473d08abb7fca6ec0f404a0e9da81782eb0117b
748	07a50a7e7c6604cb577900ec19d322b9016645eb6148a89039841ca73df6a2df
749	6e63c63efe2206976fa0ddccc985f1ee3e78f04c26423b76ecc141a6a84c464f
750	68f3c4f1e53252af5cf114d5bd6797452afcca7a88e90b91579800f9eb232b02
751	5d007f8a76d13884b215a88b4b64480efd8ffb39dd26076a725a07c39f41c27f
752	bf321fdc1fd4347fce40cdec1669914e8f93e35281baf120dab27028162323ac
753	936203023c3b9f5cf3ef3ec21573aee40a4dab0eb4f1b68cfe87bded1c70865a
754	60f6b35e10551371bf08586ccf379e98aa3b96e49da2831dd9f1a4cf767e6cc6
755	09c46a81c912e3b33e1ec8db34f9f5753e3c88b5ad93f8bbfb7533af869f2a10
756	63211e34189601cb4670660c4b68a73f3e43f7bd57afff18bdf6745d20fc4f5b
757	89e63c803f418f8f9b6e4be6c486f9655c36db272a88cfd2419d43e660ef15d5
758	4691bfd469e81bf40876922378c3bc027936a1acf45f74ef06cfc440b8d63ca2
759	948018a017e4fa64299f0ac4c95977884dab3d022cd78470fdabd35cab839f9f
760	50d85994a053d0dc94c4e336d374814ee73af1d7890cf09e97489b6f7abbde0b
761	188324d032e83806dbb9adde6b743e306ec79726b057a9c54b7aba70c9abde54
762	08e90feb3871ba1a6ee7840e652b4af15574a6911a0096f9e85859b1db7a527f
763	848233b16f4e9302af4b88e6b9c73967a004e7871518f59514d3c21a6e42fdfc
764	e71a833a7fb24480584639e8ce94879a77f2d9394fa993437975fe8b648b86df
765	036ceae93e256ee36d3ad8a14f5f5dade75158fca7369d04207a4eae927f62e3
766	20446758a712fc37647e10d377d342c533767d181f5dfeab7bee71b937fc4a61
767	5f6d7ae65b1e2cfb6b5f04ce09edd64365280daade683cf3c150a7544b814317
768	b8ac33e9eacb5ac6f381427b2639d9b11dd59f335886b17ec1d45a5d00a6b83f
769	77231121e39e8fb49667345d88ca15f7bac133b03eafa0e15c32885141db9b28
770	70493bfade0bdbddea25e680f28218fcc9e0fb596ab3b14f345a339cd32c52dc
771	84207c1b003b56ba1d89f26dc0294b8b8418bcd453b219311a48389c1452caf7
772	d3c04523809d02cd14d35a5274aaaf37f0c4ba381b39973f5092f036d6427a09
773	4de485ff0336077fbe7defa5563dc8cde90ee1f1312aed64a9057fd28144fadb
774	d798c2cdfe92bf9fd36cc542149261e14104f8230cdc18823c3f5eb8a7667778
775	fb7a367a56be80eda1208e93f454301623c6405be8898ea71e292178a8cf5ea7
776	502d1f32d6b5e2f565dcf798fc2609e44bc385157c49a3928ca58e5c7409a8d6
777	2d8ab804f8e211fc61483521b579e56973cb0c36332bc2efffa7968534de0da0
778	d347b41c701f7c44ab115a823138609b6e57a61fc59808ec997c518de551b209
779	c062d7704c672bd648bb68f60a4a3ec0997cc11cdace539f47024beaa6cf72db
780	d0ca95c2be680fd18ab27e9c0590aa88c35c95d4df32a034c1be9bf56d09887e
781	74f5f2e4251919ccad8bef338da23198b0b39aa6f492015948dfa8231e358d89
782	264c6f3fe1521f7cf36a4a3e20ed99b5184281e03151bf439266ea4d4bdeed88
783	091fd43ec1110e9c1c6d35fa56ab1d3eab475e6ab26054d98b635285a72f10e3
784	fcad3f55ed557d4f64c013b2156e9ef4ff44f3b3a6296f44e858f7dbe7e04508
785	36e9423ac6568f246b48354472c932d4e3226efcecda927c17fc6c680cd1f9a1
786	2338b8ef999828ba0d849e6024a897eb5b61e5415ab67aaacd1efcfbb97e8f31
787	0fca13f907fd1e081b335b4fa4bb6af975a87849b89c083fc8ad60608525866b
788	1fd61eabe22836fb08e5af8908938374bb16f9632f1f7dcfe81536e8391398f1
789	77bb56800b5e6cae726a823fa8c71e3c78ede47ef85f672d1374eb653988a954
790	6555bdb01bcb14ba4714175cbafa9855343ebf1447a0f0e0d623389ded164d3f
791	d90ac87c7f9286f26f0593fab230b9b6315f77d1bcb059b0ac69c3b6f958da6f
792	630d12a8a45218a9acc675f75a5f6c74dac39bfc405d170267b8d0ff6bfc9527
793	900d7de4a9070d5056dc544751f549ba995e71fa419c0537df108723062470c1
794	2761deeebcefa21ff5bdbd8c60129d32e361ed7c2f3d4ac2013cec004f79771f
795	6ec4874df2bdb64607dd2d616ea139e5ccc25f8e73b0d9b9ce25fd13baf698c8
796	c9d28ab0d7253d4521aa425ebc313d0380fc461fbda31c879a732f029bc2358e
797	46d03997a31fcf48585028d94aee8e6f4a0647e66797adc0d6370e6b85cb74a0
798	7db1eb217399a7fb30f21476b0c6e7506b12f5968175d7248733a07645f4d8f6
799	133eb4ef2a3667c4e4af9289e6a32e4fe3e7b18bb9870d2a4c078425ac8a5e56
800	39bd6cc47318ae2ffbf61d5ab91e120964fb75ea86a74b2338dc2f0b325f0116
801	92419ddd17148e8fb5129f52c8331c668564100a66f11355554eb55f5b3d7d55
802	eeb07887c24bcb3ebcc77d819ca58b0fcaf781f546c3bec04b073c354c164be2
803	3aeac2ac2b991125813dde2ca7f7ff266da0f46ad8e994b5dc1d0a348b50742c
804	9bb08f7a2353d4525f1fb28fc8810c923ccfcf8c7c67e89c876341b483c84732
805	3b293e0dce5adb33dc8dbdb7e64c18074ce9a2d90655c2ed8a2d93af29dc1d5d
806	1200e52f26018ed3fe88efe1719db79be4a12c63be9f06a470331bd0b5362a53
807	a8ba28205db77548decfb8255e65a1ec44fb277177449baf3156277ff0d4bfa2
808	36a6745840129d70de181d186943c4ba191d3eafc2320a75ea198f0c3db5a317
809	09ffcaf1d53a51bf02e8451dda8dec6c37207bea1a6aebf3f35ceb2d26ddd1d6
810	8048ce286c699cda05a79bb22533c4423dcb6bfd7535dc5e01333bec6d72cf64
811	27d075c2def771e2686fdff43ea6b814975128103df3676bf009d4c274da9f87
812	296897193b0b1a9848f78699bf99ccf222efcd7bc49295125798ea91884c0628
813	e2fe7732534b186f03dfac0969683964b9a7453f05ebf7732c015da21e4da9c3
814	38b3cca3835dc3e8724b2f6bad984bdf322ad9f08295733d0b1675ee05d1efc5
815	0d5eb3c47b13e05b8dcc134251de9015b44828d7e3bc70e9ce86fb47d86ffce2
816	aa0ad11c49b1ef4057659cd537a98dfcf931a780f4df5f219c2f093a3afcd7aa
817	74ed91e61341d7b7f4df83a2dffdcc48f660a7cf93408ca2aa0b69ef432cc447
818	33dec8c9dc6b15484b43feb7edeeb0e539b056997ee649b522bad797d038da75
819	abcebd52f4d71cd51113c57623f8c869c31d7cf1106950c4de1458189158ed19
820	7dabf964e2f09cd0b21ad54ff670055515349af105e1560f663b682adfb96c8f
821	502a2301690a8b95e5678aa86de650ed1d6b43e9de851b084947c5d8bccefd85
822	21e7aa408f5026acc1746f12004acd59a7f26ee43525ac9b866c41d730d639e1
823	fa1135b62f2b34b30b893bf8f2e86c390b8b7ae89a8fcedde455b2a853ea9dc9
824	3369731ca51633904290b57c1bb4c5b62d9b6190316b61676dba98e55eb1b751
825	3fc89ffd488fd4bcfb9211c626ee47c7cd3f3ba9632bbce9a12850629e3189e8
826	b8d7375d3cf848d5cbd76797c07499a6c298deebfe22e913e71ba6b020f82ec0
827	3df1f30490aafec05aa23ac52c9afbb27069e54b416870e755d69a35a8931ac5
828	63ca7f896a4060c5a3a86c41c15b21fd138f061412799f35954dce2115f71d7d
829	7bb3998ac27f726b0b911bfa02de403d3f059f7d25661ebfc4aa4cd4f6e91488
830	3b75600d23e35db2c66547701aacfd346be287082dae2c14aa4f4f1fb2f68a37
831	94b33ffb0bc8ab08151552db8f0ef8f9707e03e80e6fe347307ac64a1f0b15a6
832	49762a16b2bb791c407c5e3a7d4a8931884c87a622de73d8a4f7bfdb511ebcf3
833	1a5713ffbfb92039e4042492cfea7923b2066d7a7d65057f7c1e91a5761bf78b
834	daf5fef5a2aa1357a192e156bc7226682931834322b7bc5fb5c1ac3c682abdde
835	d5a8fe5f6895288799e9070e535dd08a1d8408c7ee13d7c6b3eff11ded0b3c79
836	d27daa3c933d22e5e48f30df381681c4024acdbbe3eb9c8e1dbfaca7130b0f45
837	a68d4a6ba724a235d656345f63e1f423e1f35268e737d6181872883b48ce56fd
838	31073a203ea015ecae902668ae5adc56dccdeec8a37c95b8e4ce79e06bac1210
839	897b7fed343ee5b3cdfd1704aae2dd327bafb7ec447b7a4e9e2343f1d383453c
840	c9f744c76567aff85f6ce0808ab3b63d61c3ca0bee6c3d9a6cb63d5cbbdb2459
841	3b605cb2afb198d16ee9bbdd1a736ccb08e22cbc065b1d22804d0b4f494d135a
842	dc30f41c50e5b61248e9f04805656bb846e28148f1e58dd99440a2c1b0ad5f3f
843	5a9f96508072137bf415c4548adc98ad61b8b5675b413521d70df996aac1af96
844	541fa8d51c60836d8f5a955ce86a03cc5fd9d02019a248004a9ab73f7486eeea
845	7a3d4423a51852a585f961cd886a837eee9270439dd1b929de12f20153252d5f
846	661e9f3d7ab88498d34b3bae4088db8b3da2cb563e6dbcd89f39a9cea6d2e26e
847	7d12d9a007db45b8efccfed0a5701a2993bb3d9152b73aa7affdda8a6bd8dc51
848	b89a9137db99ce1eb2fce9f196c37d2a4815fcfdd0a72fe1fea81c8016fb6533
849	19730552a704698393c08fe0992a9bdcf869770803eb85565202c372e4d119f1
850	2c02cfd77f6e7b0d46b9cee8cd61e3c6c004997f7ae89e562ba1f71b4b72745f
851	3b7ebcdf5fafb9469fedf9757d2e0b1a249b86180ec32c4c65ee2f907a919004
852	da39bbb3cb8e429036eac594636a564bdf1b6666a6e810259aa6bf4b16bdba97
853	510b4d51f1a00bd7355fd038b740d61acdd92d425a9da301b9405d61058cf4e4
854	404347ff24dd851cb98e3862a478d04709800fc9962dbba96e354765701b8813
855	36dc57126ca1aa3dc96214bf34b5ca23892f4c44657b7dda61f8270071f211c0
856	8b57d4ea1fae8c7727b584c5d6d167bfbaa3ae60c8a198aea59ef3d76c4b992d
857	326a4440eb1bf3d2d79c9cbdcfcde2b8cc86ef7ad5833694b456b80f46c5275d
858	844319372f34c4152e9fadd0256ffad188eb1cf8234112b9dbbc6106647b9b86
859	cc3f175bf6f231646ac8de38358bc1c44b741e7096253f02fb61f0acfa18b14c
860	8d002f735672dfa3bcc121225c199d8ca5475f8be82f9ecd66210d88ce074e26
861	d1275f1b3c784b4f4990a0fbd223d5ec282e0bf87117da7767b4997b7ae79c4e
862	2eff39915a03fcc31b62ac0eea9f466f5adb1323216a6b7242117e13f2f271cb
863	14949c365364c5544999e27a3e72d33438ec1cf6ac47a2552be4367c8c066aae
864	ce3895c7eafe6bb2d7c5e04e91cf41bcb941c04b1200cf8bc6d85c00102190d7
865	9db64500bb201494fb043d075cc1fd88e058a6e634387fe0f51d2ca93f93f6ca
866	b6058d0aba56dca44c87089a9e05f81345f0e3d131921072be010be82d7764e6
867	c28287c1c19b60c4061e23f3a10ad329298c4d48263395265e199c5d4a117135
868	1d1b39a5ccdd217c1f57fec7ae8cf333a7835a41c269cf800aca3851bc960c61
869	691b4cf9391bf3027e8a3f31ca56285e81d7ed74a532d32521c4198598fb7699
870	23535993d1330d398ff929ac9656abd011b8e70e3e5c2b094149e30f79cc7b32
871	b167e80499822bb5d29b04f209f7fb3b02b8c8383c5291190fac14b10e2c602b
872	35a6f59c8aa2e5d6e8c0e8eeda1cb041beab54e26b65249ba34d3e8647af74c8
873	71947d25734b7f9b10dc68f0b14395eeb5b3448554c8e0d878a9033d2b24ec37
874	7f1e7b21734bf85b0a85ef57c6a3009f45f27a1da401ebecaa90c08a5dca0a23
875	d9ebfcdb8989b27e53bb0cb1785f8f899c833d584c8867b55f078b4e2caba038
876	79f3a820628c50bdda10ac16ff4ffcf13ff6dc35a34f13cdb43d070d726567d8
877	c4bede40284786995f2e6e2a1369131d10feae97e14d4174bd9be891702e0ba2
878	3b6c4248c4368e1805bc9defd59c2600d8c492dab5a7ec9bc4e4744936bf40e5
879	a97c57b392ebde2df58dcc678f822bb0929309c579f4b4ca3e96f065370cbbe2
880	c9d32d77856666f7098c6fd6920637b970a7e2ccd29165e363965279cbe6d52a
881	46adb26becf597f1fe40b42384ed8ff62dea4fb25f50f32c4dd540479b847a85
882	db408f5dddc2e982faa1045b6c3d4dec604efee4c4ea0a5c119b68a27c5f8fb0
883	f8fafc9c5cf40afaae551dc2617758f7e629cc06540d48c903e19c3d7ab83922
884	a6c552c0893c03ba5c8a9ba5de905be2ab91876b11c536800a65859c1a44184e
885	b7aee702996d254a45f3db043848f19a64bd910b80d92df78e07fc88c8167e2c
886	07ccbcc9e43dc4220e3210f353ccc01ffaff3931ea56e0a9bf634271aaab803f
887	078562992437e9eb8b334cd82dc20da4752590997e7838b0ab8bf60148685666
888	50acf0aa4673cb63b6e359d2f0b905495d0d79165edc1f102e4cc9b0a847f4c0
889	5ddef4837c7e5474f58ae46db7f29d2a162852cbbb9825f794b30c6f6672b2c2
890	888c54a910ac9944806369cd5d7617412b71b8af3734839ff98edfc38d9f0476
891	0bdd0e99a9525e05d68fddec7e93be9f554530d7a5dc50c462ee7c99c3d6e8ef
892	d35047b0a234401ca303544fa4b3282d1f37da152658e025a73fdc75bad68502
893	bfffe6b2d451e45445b84a4f5b294e9bc6713f1f363612b4efbec385fb700d1d
894	b4a85160445a4115517052682e8d21541fc3107a822e6c9e711ab9f7aa985b3a
895	7fe91986c3750612e9e005a5e85a3769823c49027196a76e92bd01e3d44b8516
896	e6df0c2d7864cd5a8575bf972c756568018f4d4879804e3dd858d07e0a10805b
897	19404dc0f2d9e3d180100db940d063b6b118a7bc3e2b450e916193fbcb22f8c6
898	74bc3dc531a2663a0023d368cf3946c101cf7fc0b2ad4614301ff632c986fc3f
899	1e4df2326b2899491efade3fa3cd46f2a518f1a941ababb2c352da45b2ef5f2c
900	8444c4f707c32a76d144d272ef4c247c581d023009711b875da80bcc6cc5972d
901	e80bcf2c07888bf7b5b605ed97572686a9b4f2a41d7de02b33b665c82467f57a
902	428aa67e38298f77af28224b04e93c507d672bb3f6ec465e75b22c0ecef79441
903	867a495a9402f8dc8f54d67d23121ab291843b713ccb198acd342a86d91e359b
904	993ae8cc24681ad6ca0a109ea55bb85aef4a4656526f806f53c1550c8a4ca5fc
905	eb9cdf168d9c7cb8ce36b60a03de9caa3b2e6f608652b7dfb01f0aa493884f8f
906	c928e27aa0f5ca8f6000556c52a895d57c870dd016102c87221a0b43819007cc
907	f716cbabd059dc168fb6d4ac42b977ae8cbcad59a4c5c5d5e7cbd0db8abc95b9
908	6babcddcf6ca97f64db8532ecf9cee57046066bb4fd01634136ac233dcc50d1e
909	d1c2ded61c8c48451371cd9581a3c7c9b4f31482f18d71a4e734859af441dce8
910	721f08d49a266caad231ec74586cf1d64d06290daec7ac127f8c33af8069fd83
911	b0e5824679c7bd6a11a590445cd84a8c170e4fe1f27bda1d3d6208c59be5798a
912	0ef449a09016f51c188e529740827b6c199d8f3cdb53062b3233ba30fa07e37f
913	a343636e0bb2db5eaa8dd4044e8ec65909582246b2d28d44456105a15cb608f8
914	408ce8030fc535206f040bc7e8e812778189e1192f363c82e9314aa722024587
915	1a5eb730859547340d3f5f3bb09701451e849981f21819f6eaa3e79f1b38d09a
916	e3bd1d21f330b2c342667b019975641827628162b86fd3012f555d3704dbc69c
917	a09afcf93577be15ec03de4964ff445680141904045894d53546bac5419611d9
918	2d6f1882bfa977d53a9313436ade277e79dfd3b522d53a1914abb20abe639d8b
919	6fb21d45584919f1cf9db45b90b7e935fc347d0dd9d97cdb1bed25323bf19e22
920	75372e6119dc7746164aa0ecc05924f54ee8c5e3ab1c9eca0853bbdbccd800de
921	602e862f650f22b6036961a68d7193f6e5c0b0d09a9c772f3f41514189616cce
922	f7fcf2535197679e981315ab495f8c5cb473391fadc0ded9f595610ce1f90491
923	24f351a50fc5d34d9c5a8519ea6697b7a12f18fbd361cbd5b8bc313ad2ac5992
924	c3309ddff0e3d2c23ebabf3fa03071a6680205e91ebb6cff0836579ccd566189
925	f27a47c7615c31dce7ed351e0eb4deb650c336e9cda9edf7f3defdf24473ac5f
926	f1a7ca8e740ab5ba9f9d6144c563092d540a390c78c62cb5cdcc76c3469b3bcf
927	a81361dcdc83b900958e32a2344398bbaa73fc0b97c69455b91be1cc0d627414
928	bc71f5a51ec659d72b57c33c057b5c7cdf915c77e3f68c713df1c5b58d59af7c
929	b55cdfd0da633f539833e7775441411b36769875461f41eab8eed507b17ade18
930	15d9614019025de045a67a025c1dc33ba313cca8de1271701937a70e0a82c0db
931	5c1a8c7dea1e8a1b4a84303604a049382fdff7bfe9b13c5e8cccb4c19e4a983e
932	06c28c12069048d27e11acf8f2f8f36e8d9e36471937d12bbcfedd909a7cabaa
933	4f2bf9a7e04df379ff85ee841cdba403ef481555f9e5cbef1c6c79a71219cac2
934	269d38fd8375d64457f6a4bc2ae941c31205741265e5b7e05f1143f8bf296e78
935	9c8fc67617ddfbbfd67c20ed520e045abe01d1a5875c4cdbf2bf383733400f8d
936	4ba0d81ea1221270da27963bd0c5f81920fb420296f59ab80371b231c3cdef5b
937	8f399d0b3b02e39cf8d9f9495f619e9a1a59227566fb8af62d2ee7aa8dd888cf
938	cb8f5bc4de58928ad6c76f50a0627187597c7062279b69c6b339f2a73a20fa6d
939	5061661ac92797e97ff4efe8cb82500cd594c8afc9036d18ecc1d1425f5ce136
940	9e8e06c54a8dc1b7ab84b03c59cf3672b3704e5ff757a63c7d442a96d83ef7ff
941	3489ea4d1bc400ec614743e1c68d003f2ae8bdfe7a70d9474088247c3fc19891
942	67d7a3731277ecd5b8465ef662810b394eb0b344e332dbc912b7c50063fbd1ed
943	ea7e0bc92711fc8de1e8df8f36e1804e124f4997a03c1310e1ad2bb5e2dab35f
944	143b7bca94a13c1c483461406fb1a6011eaee2fb79edccdd9d6fce36d31838a4
945	833ff3b4a1a298297fcf979d0f5a7fa351fa9a123f5f883321eab5dd1610b396
946	e71e6ea930271afa12c4745c17ea84f9b714d1425780312141f0bf5661069e01
947	81294d91ed27e8fc0de9525e8d990a14bb65548cb079f8d743e451f8b38ab9ad
948	771806c192e32b07e3f488c6bcfc4958f4f299dbe55a729923f0597cb9ff6750
949	9c78115a41610759f1fd2d865a56afe3ddc6cf4c96d3ac3ff7180b1069fddc98
950	aa3addfa4eb07cbd34ec557d6450680f3ec463ca256c9109b24032189ce5120e
951	29e12cf52f9a46e927d76c5abc396e06584dbc35878edbe5a7f146cfbd9d70f5
952	854c8e4e26db15f7551b6a4f031572976b37cbba6e0fc887b9107c08f8d6097f
953	3e81c2626c20b4d3897630770d09b005beba6208214fb2a503748531c058a203
954	769b2eee294cd622a093bbb0021683e6fc80cd1c34d81242abb707ae986d03fb
955	301f665b831d71e2d964ee029f199c32f9214a67a2bc763f4cbaf3cf749d7125
956	3a45187184139fbe10c10e9f4c049fd98475d1f2725d6cb9512f482e8e770cc9
957	2da4aefeb68ec4b27eb37c075f9b2b1749fae939bd7c47d75d4283de41090c9f
958	7a810d2402ed8e449df1d792960b2b006fa75b31b073681a5b5325f9e5d8ced4
959	0db9c0d3721ec766468ab6997659eb0b040fd4bae6d89c0f6328841ea3899c46
960	e07aef42eac2f25db2ac892101be8ac7b39228387d90ff14de351a1ef85f61b3
961	611d15e4e06954d5bd588d60fab6746ef5e724c03837da2d5c44d2d2670b320f
962	10c4ba92f0be16fb5202ac706822536a3e792f5cb1481f9b0b93881e701e02f8
963	13f36a4b97c1e5344b114801d628eb343d762d79f867281e1ccf798f5f97cc5f
964	3dd74efeb51ea7971fcdd264cf3449f90bf48a2f8aa29683936bcfe5ab813d7e
965	54f5a2f24b40a776aceb0521334832ad2c4f61f60cee3da997683cf3755de492
966	e84a42f6684a7e7b025bd7f5eb060995f147db3fa248d0e83e852dfa011c6e94
967	03dd63285b4a474c12502cd1fa7bb4e64a5fbb5b16b4cdf0a686925c06ee0327
968	715dc10300fb39457e2ddd1728faa5079765040a2edb47e1705be1f1b1e8f41f
969	5dc96bca0f7fe40250eb76424d4b7ee3e75f8267b10f7e04aeb3f28f3f86e683
970	3cc131e069ed947f28a456713125c21d3b92ce42ae9bca0b59a04761dce88155
971	0ffc8d85af773cfd40d1abe99f8e1919ffeab7f8ea54d7c760f329596a65ff5d
972	5d23f305d248d3cd40af0b748aac6b6665c0251d8d92cda8f973f3b9ea6470be
973	dbab37d1b7f5dbe5d4e79ed7b936fd75b356517b93840e8fc1c402e33a5f9cd5
974	07ecac7820e7bf13728e48ec2255bd91e15bc8297b8e7fb976a8b83beda1a582
975	199068db5f6a4ac668669ae0effa3bd06976a106105489a971ba2ba606aee4b5
976	a3e63a32accddaa22d6495125bf43c9d26d6392810e7a897218bc500756eaa63
977	43c036f3a4831e4fb101fc0f8aa2b7525e63d2bf7391a16cdc3dacbda27c5571
978	aac8bba74007e7b3f3d86e836442b8e650803acb82ee1dbb0b84842d494a6491
979	9b2b9b745c46e8619252a98e4a56fbddfaaa7acc923dae615ed342530dca4302
980	d364ba4acfc0bde3f8e93fab3c9b358873b9184e41f2761fb0a1b15be3bb13c9
981	08c04ac047abb7ae89c323e53fdc0555ad18082adab9e1205186ba6f86e44e58
982	6103433959ce87add81b334a2456dbc6fab32dbd4f0ca8228d7374046e6e7a6d
983	a5b19769d35628344f6c187e893313e838dc00854d6c80f7fc15d7c95d1d3d4e
984	0760348abdc5d11c34067bdf1ca0ea9f5e3f0caf8544d3e19f87133899bb1a8e
985	4628ab4e2eee8c87c2d5546801e22dbb6f782e2ae39d406bea0097fbe2efaa81
986	41fb5c035a2dcaa760cd8f5ca276777a6ca8293a285b3e201855c05077c514bd
987	7d32e3f0996a8d8f61bd62d83068b54530252b9779e4e2a444d1d93ee8b90165
988	2e15e5a2142d3694614404b8f8d8f1a6a1a6767912be2166fb49da0f9fa3f22d
989	4a2ba2b7ecf1d2f4bbfc59ae5eddec68bdc7d5c9f6602a071cc7492e87acea8c
990	2a5e542e51fcd6cd3f14486ac3e628d6e2f0946a26e8abeb6b964aae3ccd1d0f
991	c212f537389261036e2feb43962f5c1a54079d908ec9b7bd7116bdfbcda1c46f
992	e0f126b549bbd6c0a2a2b56b07eccad91978798f0f9c4d02c89da3f322a565cc
993	abe7991f30fd50f627c7b5f5a637af0c9309095a1b656792ee72f168c269d698
994	a1c6e9c8432f070bcaa1f8cbf4d736c30b439c94f3292f892538a02473ac65da
995	c0b620a449a1ab4ba457103a8f2c0ca8ebb9e137445c79fb14643ad33e1d04be
996	cca1f9061da8194f8074c68620b69bd5a6bfcdbc3451ac9caa4abbe735aeada8
997	303edd295a1bb2624c4a7a67eee07910921d099ca2e3f38baab32f64edbb6273
998	912ef294e63ec7f2771273b9a4b09c3f75624924ae96e069501bf13c7c474a4b
999	c2dce814a532bc4ccf107328d98a8494a507e8d11a42b61215d7952157d628bf
1000	d3c813e60d4f07562e309b4541217e69e4f9e66e373097faf77d451244fef084
1001	c4bc28068638e5e3fb28a59cc66c350a951d56aa0e2ae0ba60e374a2db78dab5
1002	83d4f659a4c7c1d12c6891635819a5c4d7f92d974e46ac93364ea16c1fe73013
1003	b0f11093001cf83102819e70f3631d6bfc600691d8ef99c4730485328165a6ad
1004	7afc900ebe9cbdc87a175966d0bd6c902a87cc506e9321806ff8fcfabfb63e67
1005	be8940e277d4740cab9e78a204d6d06d56e11f76843fb79da31cdc993803844a
1006	c57720e5511adba04b7a4b91f741a3dfc4c036c47fd62ba6202e1c4992caeb04
1007	fa6e188879482d81631f0a2d483a571334d9c9c0c55ff10734ced566fe7f1bfd
1008	ca575b24bce1bc047a77ee7bb4040b4822a227a0c5bc008392bde6404ec4b5d5
1009	97d69d4ba9e44cdcbf47bb0eca5f30b16a55f25e6e0587a70328978e05b91d80
1010	f2752b89541d00fc36c4d8207e183fdd28e46431ae7c71117180def5fffbff7e
1011	b1512deff896c36e7bb8bb3dae66385f0179964a85550d1252e145c9a54334de
1012	c42d7591884448de65289ef256e734bb4e8874a10f22c579ab5ca702e0f013db
1013	fc215b4a6d0708d49aaaa64a22d06cf1522e15925b786194772180b85107a43c
1014	f8a576526cc57141af7670f6e3cefa5ab4067574550c43f98874108c146a4110
1015	d7d228f0b82db0ac0fa7bcc36d5fb4d922950a2d3d421d5f9c1b84afd483ce62
1016	dc4f9abb89bee147d73b5cb3313931cbbf365c905d91210f562c218c9f825dc9
1017	7f990ee3ed86d8a858d9a60c112547f42d099f79e1c22feda5d98007e69839c9
1018	f60c56e77972d4970b60a550be8a690d69362360a33dba49775259b9f5673506
1019	75628401a59a9231df75e4fb96efd4bd4ff1050652920898a7533f1382e98ca9
1020	01da18484f5bc64f0f7052d9f3a00f291474ede8977607170e5a8e62c0da3660
1021	2771ef15e4362d63ec5c3483c18d3cb5935d8ba8b40fc665ca67b027c7da0266
1022	8c8bc6b2191e79208ae77c4bb7d959d158f7dd7eb099d67adc0e51170b3e6383
1023	8a75f082dc0da5a4f8e23c109976156d60735597a0b8a67d819d6b8c7862dbe4
1024	26c5bd86cacf71d980354ebae472859f105e27936a66b2834018bcf3f59fdd87
1025	4bb2684f02a35d3326f3b0d0cfea695f5b18b28b685eef8438b5f358363e00a2
1026	c70d90da3d1af42accd4a8208db9195c4aa3ad81472479aae857ac8c61da60b8
1027	63a89c2236f3dcfa9764ab7100c86894031c0f93229734d2a53170cf54121f9e
1028	e7a6ebfdb1a359d09c22a8b6b4d2615152036e1a986a5eb33bfa3e7f45974922
1029	ccacd37bdc5ae128f46be323cba46c41055b76ab95059671697f42c84656323c
1030	b50b574772d7079bbe9e1d6c1c70879d8d89ed841c0c3757410de61d04636d8d
1031	32c8e14fa42ce702e64faed4a127d4afb8e13137a3c0b1c8118e0441c18793c1
1032	6417f92a6db0f98a71da8ef319974fe7aed807654a80cc977d42aa77a944ce9d
1033	3679396a0991ebda4cbeac6401d1bcc11088dbd63bd0f28796648bbb937bf178
1034	d8b360499abb72790628cdd1cef96d956e2183e398eed21013e177a8b91b6dab
1035	1a3ef0eaaafaebf93695140bbdc6a90317a9c509a0e11bc3a4988d4d5ce13cb6
1036	e119500d4ab76435a906503363d0503b4d462d0cd029d9793c4a7a60056673b8
1037	176c33a9441a9e915f4322f6baf8c7992075719ca03de6a87b5b945ee16bff4c
1038	4a1713335fbf06a546cf9cc0ae52739e0001e366de202ad23596011ad0bf5693
1039	e534fa0fa9a2a3b2246c2fea83c6846f01dbc87bf6e6bb1811595a8a7365d783
1040	abf85bc29cdac7f666b0d5216a7bc96d4fa5a8cbd3e7040eeeb54097ffc514a1
1041	541ed95f3dbbc3953ee2fce59b0b876fe3ccb9596bf16906c867b7d0e1c3e954
1042	1fe1ce903a8d751c6c1db9f9ad573b95dc25d1ecc1a88fa7f7750c274d215b43
1043	f742da1af8878af97a5e26d281e567a2b4b4e18e7a3d039caa5c1ae65bd0489f
1044	511481268e39350b16a0ae45c3b7f9f8560c359173ee70000347b84ce3147878
1045	3000b7318e1ad16ace154e02bb17e502883e2fc37fdf91576436efcd0cf3c503
1046	40f6e59e55cdf68e35ba6908527dfd1933c9902e9eb3471b21083dd96a81417d
1047	8fead9b0e12fda7d6eab4f096b120acd95e830edd34195531dcaf7c4185469e4
1048	a1ee3c5be207bec7f54c3195baabf4c3a7d505ecce2fbe320bf86a226c9f7865
1049	d54765c8b178efa600e40e07eff6a74cbd277416d0547c6f3eda185a9e64f49f
1050	a1ec0315d3f3827373b65b983e6ec32b8d9d70927343f5406f1dbce80c0eb425
1051	d3366a38d2ad08476f3cbf9a7cb9e9e7555dbde6be8821a4bb1c3c216ca7780b
1052	e96effbd09e3a1ff6bdac12b6aad71e46e0ce22438b91bc842016adeb9aeee4a
1053	ab59afee11903d9ba63226bbd27cd04ac0db9ae798403d55b22ec99c79c4788a
1054	e80ecef021e28b3b19358371229c9c2cb174b7a0e2dd1c24431d170e0cf43b56
1055	ff4c0ac2da01f564844f82bc68544aca4a84245f72c9bd288a208d4ea594e6eb
1056	0c1c481976e75607b231222809d4e782d735d195c279ee4f38c70a0e46d6d4fc
1057	37834627ea1fd1082888ba9e9f0762b296de9d01000f07635e63cf058f33545b
1058	01f243e331d45919a599d215dca226d43c29c9878c27afe368f94636766fa172
1059	be3d76b8f93c601a289bcd61156da190bd44f2adc40ab7ee62d26405539c1030
1060	b9cdc33690a5f53a75dfeb0ac604b78086ead530708caffeecbef85866bef77f
1061	6fc0008a36c01f1933c0fa014cd508780d91fc48f15b7a551886274484475806
1062	892a526da44e45145f8461228a1ee8ac263a6babd1d7310089b9640d3da294e4
1063	e3de566ef8f13b87de1e64efb0bb99657b2cb4c057e5e2aa8094bb336ab37e92
1064	9908a79b233b491b3d3314f63381c7ad6ddf79180683c1d40f3b5794ba312123
1065	5b22fb1b3866546e1348969eae8bff5bb819ec8dfc8aa2be267343c9891c8ad9
1066	bd6d0c0cb4fb1f6f81bd6a468c9136e4958659b5b941f41c9d62dcb416dfd272
1067	96786a3f2e08877958da02eccac26841da54aa20476fb37c7c0392253cc4b4bb
1068	c8f083fbd6898dfe30b956b1574a91bf615097bebe0c914e3620bf9b5ccbf489
1069	66e78b5b9d1aca7aaf4d872b0f1f86f9fc367556d92370c66fea42e5b048cd4e
1070	f90fcf9ea424843543d11362643ea1b4455c306c04ea71b87fb04dcae245c4eb
1071	b169bb972a1017c2cf8c4214e8269c66224af645c514f409d8718bccf633945a
1072	9593598d13f2240d91b82c445cfc02b58f89510b12b76eceb99396dd17bfcf5a
1073	b45d8d1c29434c360099b3dd03443beaafac1a14e4b6cd6ad1860e34bfa1a9e6
1074	b64e5c434289932d98cf77c227cfff4cb912b5ba011122606140ba30210d9268
1075	020d881b29135a1dce6e199206bf9098046fb0e2b4120dfb1336c93cc5a8dcd4
1076	4bdd3f03cd61a6806615ff9ea53de926b2a9417710448409fe46b59cbae11d6f
1077	679ed42a0db9fc209b50db7bf652fc300b53198ec8f3dbb30994f44da7073f89
1078	d1d2f151342c27f957d17888548a1bfc6917699d2b29bfc16abcb51a07b569e5
1079	34151b934848a4e1931f768f33316d21bde3bd93e5a349ade1cde9c140350031
1080	712afb1f21bcac7194455aa1bac6a38805cb6f83f5b8b06205fbfe74c481a0e0
1081	1d2574d4cf3387f91fb5eaf8bb7de4b2ead32d98e58c74f79e61a7b3130a28ea
1082	0e9236458a246210a941d275ea28e84c7abe08ba3137242e7fb3c0cd83e0521a
1083	601f988a1adf7d196931fa7ee88f3d4979ac83878fa7f82df38337512308fca0
1084	83bb9f787c835a968d9a2c5ca66a3461de9b2f311121bad474ef2fcf17f9e801
1085	6ebe002074b10cacac2ab40f6826c16acbd49ecefb08336ea033c8f21c1e6fdb
1086	57c56c155ee9fb3b84a9ac990bdabb4186d3618e8b4d3a2e34b32fd5261772c6
1087	914c66fa1798bc943a74647b4d411e7191f2d050ea1a093125980a9d770b95dc
1088	48be32b8020452f1b09696f3654ea25a7037562ea2f3cf96241e9035cc12d458
1089	a6aa783e1c55d0781102f4c0ddb5b43305d3ecded9ffb986b1619c30e27a71a4
1090	c18b90868b9ab8264982f554deda9897bccd2528508494a1cfcc7832174d6ae4
1091	52133c889267a71a48a54126a5cf702fb989090c59c4aa45a6ce2178fefde421
1092	609c92ba0383cee39ee3b77ba3508a4912027d7e8a82dafa973dfeda67db2493
1093	e445c54963a5b919f36ca02f83a3c1f846b42283f604b630795d60324d3382eb
1094	8aaa4841a6efc7b8b4743425d935f8941e95b96f8de393c531357ad0d916b383
1095	0ee8f8bca2f8f02daefb81728233b995d90c63d243d987a3dbd61413432b45e6
1096	f26b30e812c4402095152616cda17e11fba1a7b9cdd5a1f03fdb2e55502c3793
1097	d4ce8d773079633324ef6d6e84653c3c4026a88da0b703771946f1e726ff53aa
1098	f3d08eb52ac05aca0487fed3187482fb911cca9ed2c42113cdf7f6f84e64ad9c
1099	27cde6c2f3e7b49a662ed7db3542512069d1470c572e63bd26981b0515786849
1100	0f75907f03bf8c8c23a238789594f1bc5a7ebe338d3623bde33ee8505f21d118
1101	284ebbda988d7d139b356131fc2ec53527180b4cb257952be9e4500c517af682
1102	b7b8142add4aab57753f6406d05b7c6eed4bf6fb115ef258d63bb0cb479b308c
1103	9ddbe5c8d86555aac12598eb9f147f1fda5d97358f3e875ccf76841a6f0aeee7
1104	c4adde26e4067ed45aa8fc8d8acc4ef62aded5357afd42a8115a94793e4d7dba
1105	3403124d97e40ab6574e0f698e10303ef7a21e4f04466b4e3a2f7b3d4289e0fe
1106	dd180cf958884bd7deb363adeff977e00e85cf6553b81c9b619a93a8f648e94d
1107	b675308d2e856c2715b530ee74425eb3fdb6bf7718c91908163a9dfe240737a9
1108	a255fadc5c2f8fe029e8f4936a4f3cf7d4c6f27affe55084a271823286131923
1109	fb553cf83ac792443c5b25769154d7c28309a2222fb54ee1f985fe34f911fbe7
1110	9962b8fe3d45acc75b9ea92bb3a960d195068bccc2d59d97ce009bc270169915
1111	d8a05862ac2c15a6a71b115fcacd589fd4e247898549ebdd96fd394f3abcef18
1112	70998e6814924951495e2da5b1059fcf31bbdd48caa82c4b5b761d12527afd77
1113	df36dfa54deaf573646e84f5576c6ec5ad1a4cd5be1563d44207f09ec4528c3d
1114	64d3e6b825e8f675bfca45e19aec99ace213d87e1df00802c1400b6ac5ab9419
1115	34d725be16056c8ecd3441fdb430772afa6c8d053655ee3d114ab038e4e5b26c
1116	3a15cb8c055e0e7103633f5b9cefb93fe00490658721405c6be3627b44310509
1117	ca32234426e06e45ba8de0980a88917da67a8b4856a0ed6a38c45813afc4f2af
1118	c2635e64ee721f7e15e1c761fece3405fa827407483e5c5f303737d4dc09c6d2
1119	208f1fd375264e46d7cca34416678b5284f48abb22f7b50e92a75ef809005430
1120	b8f40f9fda3a6feddd7f0f85bdaca499fffd569ae9a5e90c97281313f64951d2
1121	05e40ff65608d6b00b312fa0bcd9a54d7533e01ab72ec896033ca03fd7fc9c98
1122	b1317ae6ad8b69ad97efd47dbb40214b8b7b7fa9bf4f01ad7a4735d07ab798e4
1123	6891420a6e01383d6f246e4857b18351d1e8e40248447f8097f55d9c3660b3bb
1124	db51946cde393de0f9b6c32f399b16a18a5f9fbb463cfd06b772f86a10028954
1125	49808b4c9306a35ba2fb7171fc0c2aab55f902e8317d4224b9601cf1e364091f
1126	8914d3d233d82d87caa6afb10e5e87985d03c3839055deea84bd203c4e579e3b
1127	956ff53cd1293e2bc329057e20badacb1a54d3360d673d00201d9d5f153ac10d
1128	fc3a08f90621145b367c62f538c721940733fdd72a6cbef1befa66e96f709750
1129	9ae75a584f3f4f30bd7138bc5b233ffd9741916c41c0722b26ae6d31db1580f5
1130	5a5a9b248e3d39241db82b480b1337c6eecde09eaac50bfc1e96d9076cea2e70
1131	b98daa562143902493166f064e58370f08eb4054424e0c7dfd3d34ce9edc0a13
1132	d8f5c0ba8bbeab1cbf24d5eee52f7e0e853a9961b83fe3852c808aa0a1da36c7
1133	390753a572a7ab7d8f182b008650c9399036e51f58a27fb6d0d70d7f15b9ede6
1134	3bbc75dc5d352ec01dce5152d596b5ca502a9ce7bb6d1a6061f6cd1837726449
1135	b38510c615591f8f7893a141eba6ffa3643f0cdd20dcaebbb94df5b65c7c2353
1136	503828afbc6e9c46061e2bcf40367d83a722216271d54a6854edef6489c1d98b
1137	90dab58005ddbcad4e308d5e1362672e85cf3a3732442f6e8517b55cc25f4e65
1138	41503af935a7687089cfcd5731068aa9cdba0e45098cdfb3135f0331b0af5439
1139	785331245010d86742a390911ebda7502009518edc5754638729b0ebd228ff8e
1140	9d05b683a2e99793969bc488b0df21205e881feae37c1e3b528fc061984bc076
1141	dc8e5b46a9d819f602f88941bbdf929a2ea1debf129f6888788998b41dd8fce7
1142	4c681af4b2e1f94d2575f4fa69eb708ba5098ea965414ea7cd09e9fb435eca62
1143	ff1b5c4d6924bff2097df7051a8e5d819cd5d0902f33c59b6d8cbb708c1f652a
1144	736fc48f183f40e993e5d30b5e88baeb69f554053ec2558c8060bd02ba533ccf
1145	b0437fcc6f052018c446bd62bacfbbc09c713f4a98de08b140fac545ba99f12c
1146	e6231a783be67c8f8054e675883cd4daed1f992e11a78596af0fd788a7dccf6c
1147	66efb0afb62456ce40033a3f7fafce22e8a00469cc32ecc1dc94f93ea4ee4e5a
1148	be476bf8c77dbc69006ab68c78efa75c2747f8ee64d7b4310092b5d960cc387b
1149	f51fadd7b340f58b488cd9bf0ed8db6af26b3b76084e454ae6d94210491e5f73
1150	e7e5eb55a263e7096220283632a22b067341098773bb0acdd310d0e536951aca
1151	62ffc5c00d29b9ec50d055064e3a4d7bac0cfedc9d97bd8813c236e248bfc546
1152	bdffa0839eb88ca8924cf7b8aac91036e827fb606c232b75264a19a67ff03ba3
1153	556416a33213524c7fbbf2b92e0ae33d713bd35cf96e082c6cef0beb0025b088
1154	3b97bfe93c083cd32b164440af7eb0bf29ce273fe6ac8f8f00079801f6875080
1155	7b6fd110c7b844748266f48bb80b939a4e8e8f727c4f1ef6dd7ea2329ee331bd
1156	20e26b5e16d9346d3f812876dd27c909a552a8eb03a5d24faa7f48b5db83584b
1157	176649e5243ee6998ab5444d05efca7f102bfd178e35a736fad4cca118dfedf6
1158	364b43fc5b885291a693948ae986da933492e6d8e18afbda8f5b7f43789409f3
1159	01194c9a1edee4382aa4c48d4524fa7dc3cfb8ceab3a4322a42b6504200c1bc7
1160	996db3e1b647e8d8251ba7b88cbf1baa9e5b828da21de9de6ac051359b483c25
1161	39d5b7c015f0e8220e5ab18c6cb0cbe1a2cdaadad491d96ca33eaabd2473e080
1162	2b970a6ea774fd8f4aba34f8d71b79bc4b0ce49401f4f7f277870097f0531240
1163	189af816fd06a83babac8e17cf7a66f12ba513c30c0ddd644592b15dadf715d6
1164	1880f80d888d2ba87fb44c6860d1386d4a143c95e37c033084d433a7a86067cd
1165	ae6b3160db3e4b0b9133e938722606f2363f14ffcbac6fa7d84107c54f1993d9
1166	792b2729b1ff764b91dbec4fa6c87efd81a2ec43e3b4157de337c5c11c9c89ad
1167	8a5e185c3c597e7764839e3d473198179bd00ff34a3de209cbf87b276d9df658
1168	5c46c5188f3655d12afc4e0ea60dcc8ab2eead1ca6143bc360d18e99db7dedbe
1169	486a567c3aea1c3d356296b8b46d973a3a93b1c86600beac54272f39b4f4f0be
1170	1be0b450dbb1d08e7a5b61089485b223d39e033a4fb8499eb5f7b9f3184f99bf
1171	64423ac04638bc7eb9694f31eb83f8b49116b1c0e449be546ed375c7769c6670
1172	99641e35ab4af7696511e7bb312a3a9523388128baaca69c19dcf76c30539ba1
1173	03070ca1529672763c03bd1ebbb43ff375cccf4fd254316d2bd21c90acdf4549
1174	7515e78e68d80af5be07aa76f1d2db630e0b690da5df36e8ba8eb351c3c4143d
1175	4d5371cecc751483e7a3362611cbf15619774125e5bf5166d08ebad2abf542e4
1176	559b87f4630b47f5f9836c4d9bdf8c745708a16406761e07cc75baff12e2e965
1177	863a07395262db842256c2602d15c458dfc8e9c8636140e8362ed3577e418af2
1178	1bd055d9c76a17679ff609ab5420e05bcd29b4374519c56840c9c8cd7b6cbd2a
1179	d596d0d6eb4472e13640ff3906472d58bf1aa4d4b141b01d805d0e6e8e9bf7cb
1180	78c0649f37c99a4fd846586d603ab2e0a335749bc44b3bb0542dd2fe9637b86e
1181	555b728c5afb283aed3ad35e3af0f50181fc187c745c6c46dd1ca8971eb360bf
1182	dae824ff5651cadd2e3c414ec2cbd949b38745bc369a6e51f531cf5ef004bd1c
1183	ad7b236b67686afe73e9541b860a5c4c5674a82459edea33419d647778d27c93
1184	92d06558112cdbc30af7db4d084dea3dc6c5abf6bca590171b33a4b3e6474a19
1185	1ad1450b58eaae59d8ab48da8cf0f736cae951c11eca4c9f6b20c1df399204f1
1186	a09cd116546726633a799db9f3ed237f813bb6aeddd9f91f2538bf47b18b9e2f
1187	5fed38375a9d1c78609874bb2512928ddace1fb2b4aa61ad84230db09617b617
1188	aceb1a219478b6c541bb15fa88e09a3a75b908c281cd6a08c7b46cf82c959e8a
1189	5698e2f0f545e77164693b50ce9262513ee2c6bdaddbf6a4d68989d82523cfd1
1190	ec0b6fce9b205609e6d303e54471e402db5cf5cfaf052f48a076ac6e47b0669d
1191	94724cf6cc2a7e3e6c6302a59d97b6692722a1117822148cf34284d3345ee844
1192	c0e327663f5b2d73cf1d485452a318c4e567704d7b8a018b8c9eaf2bb2b68845
1193	10abbdbbc11187e57c52ba370e08c5344d941c5fcebcb3759d59c69ed1ab7acc
1194	8636a6a30564453fbe4b958f325fb2a19ff4986d9e73a93a5b082df3b533950c
1195	bead7cd6a5bae38b615f06fe318211cc6c4dea97ff40d6124fa15684881f9f4a
1196	3da0007c5a4f3c0924a9d76bb72b779da3cf179cd9a256939999f8e7a57b9904
1197	4fcb6f20d226a845882a7cb1eedbdc92146304ee247de26c5d1b467e4a9c4961
1198	573b099400f77ddb5ae15dd2cf69a08b1beb4f0fab4e2cd0dd6ed59061ce63d0
1199	4dbab15b8776c8a22da4c113f6e11055212f12731ffe416bec063f327f8b91aa
1200	fc24df5f21753640646f75935fca751089c668b698b9030a2dcb6ddf19e50c1a
1201	bc641370e621196dbcc085024e030a5777bc9d342049d5f3c495884a18676ba3
1202	a26f23135efe55ce8e57f06d3874a9eb0d9c13738219db3a12c49d02dedd4a85
1203	7bd30c44ae9615969e4f0b6b9b9ffc85506fd000996c69f5dfa863b3ec3ba05b
1204	c498c4ba3dd2e9b8c9a72c3d4dd56f3fd94f875adfab2920991ad346e4e154b0
1205	6af0d416cc5a58f6d4743297b11b13ab14ac4810d918767d66453752225b88d1
1206	5e79631dbafc80d73ad38c8afc720bcffc09546d7606826bba622ef64ccbb73b
1207	bbe3109356009fa810ded435ba2f97e2f994048aa2073b0333709947a3f4f39c
1208	5bc7236b663e80ec3b8c09d4abf2b08bd0bf10634d990b86f5d916d835c29974
1209	967d1dec1bb7aac5634a1ffba8c0c95024a263179ccd736c7f61c663eda4b784
1210	7005ae516422a1e6866f588ce2edb5cfa6d58c036bec6e075c95c6e4e3b51463
1211	5548ab0db11e1f83d5fbaffe7a953d20445d53dedac2f85e92e6303fcde04b19
1212	3a4f017d2d6a146a12af49ad8c6f4af4f066345f20124bf6d4c37867d074e1ed
1213	1970d42ffd1cbeb99660beb50663195b1aa2ff7f3d55d58d31f4b69f01a0d6fe
1214	802310a9599956be9bc23794cdcc607f7c54246f3219333923dfd2be06f8ae44
1215	a154c17e08305c1b7d3e150d22af25e4afab8f5889a6da4c4e39d1c47cb178c6
1216	9d4cda9e27f5dc1b7e75ec651b7fc7033038b89b0f239bdb42dcc40e983d34e0
1217	407a362bff90450fb9253ed593ce6695f6064e63a0552ebdab54d6fd3e780c0c
1218	6c2bf9366c872114bc246d927ff3d85c232a1a94b47904829cba15d2c477cd17
1219	e44e4c03dfa0e5d8936a845f3de646f1f586133e3ef41877b417e05b98bad3a2
1220	cbb8841cd73110e567300aa8b5e701ced3fb43d51ec2765fa910445225096996
1221	9d0d63f1ba346123671b49aa9723e01296e7e4157d58653dc364d2ab7e95b0c1
1222	ac4e544307ace562deb0b25e6947c1f15f2f259900d7e86ccbf0f789dbbbb4d1
1223	5b40d3fc6f066342e1d99d140c79a61bfb50645ce256273cb6fdc1b76d94523d
1224	a4aca288fb24d5db100f4afdc1034e473f88cf43c33ec0313afc571370564ba1
1225	d69b098643deb6b9079c1144fa9b5caba08492074b903f12ae0a88f23833f146
1226	a844cb5407cdfb28d53a83159beacff8ff9cb7d85d5c2ce2a6902ec3a328d78b
1227	2ad50d3c26a5d289adbd98eb931e25f3078e6ce13beab75717bbf99ee3dfbaf4
1228	24d536d3b4f4f868e848b822761b882fda5328712975fb07da36d006a4876b35
1229	3385029b25d275d1713eeb20dbf09a8e61155f54c20ddf93fd5afbf22a13a4df
1230	8f8e3d85fef547aee696453caef1f3a56f957422c60ea3dd3e6189606abc9719
1231	8d2228f2ae85623456afca5254ca15db144f10b84d581d12568a7f7c9002411f
1232	a04cbc4489e042c98a563956a085e54bed4297d2f1071af6e14afe1d49cd5cef
1233	2a30e3b5b3a09d5cbf03eab29787e2edcb93f889d4d4f8b9b8766113ea4e6157
1234	039c3722532d00a29d2fe0a624d860cc724f66790942951e67296297a66757f2
1235	a34da18892c918976c4db5e6c348afdbc4f406a8824ecf69302eb496e6c2efc5
1236	925b62d9f68d45673ebfed223514cb458f6415b9a4bd394c0eaa6fd2e8da11d6
1237	4c64be41e8bab582f697166f5bf5ba306642009a1588be9a40fc203683f27039
1238	8fd67c06d076ce40f40ee0af32ee55b73316345f30240dd96880c6e5603e6f6c
1239	1ddfafb8e8080ff7999d9f1bc474ef3eb1730d566e6a40e99355cd62df24f52c
1240	5cb4bb01a8be27ba5a085d09d68a7b72ce1f0e59b403969d1c966fc1883facd4
1241	4eae95254923bb1c160a1e1ec3b8de0e8c0fc871b2fddf5dd44f8cac582a4ba3
1242	7fe309e7bab893269eeee7265a3e710ba5742a788570c178644b55201734768e
1243	52a4af191df43429a1bcc213b2c01b2f7c2f0eb5cae2d6fd4908850e3a167236
1244	dd5f2c9a0c77067cf4b82fafdd99562d2f984f97ef43586a2bcce00a4adec5f0
1245	fd773cce64a8e81c53517b22a0347b09d3a48fd81ad7c08d03bec3cf5b264980
1246	53bd08fb65e14a25ff73c6aa6f1a58d9465c1d46009481836a234c40ba5ea825
1247	a6208a1c1aceacae9e957428229af8d13222fb965dd6e6e4b6fc9fdb78cdfd43
1248	ed1e31d9b7c776aaafcd43dd0a568ecba47a1c72ed726e9d93cb9051c8aa6a44
1249	a275da07cc1a927fe9c0e8acf0d7ab5c2af08f4dea75065b84a309a26feb6f6e
1250	ec3c189e8ccb26c105a3b5bcba3419e30af30bf81f48711056d0efcce1253142
1251	cc676dcf0504ef82d0364c98da1e6c9d43043ddc9531977ee6d6f0685f0e722a
1252	c1bfb0353f715f532d87993e3c460fd57b9fcd85832502b0613f6646386dd8cb
1253	0cf8165bda8893e05a0740fe2c9bfe2b52b85af4b2691df69795a54d50b7a948
1254	3f485d0291f1e5c2bba84099040fbd010e7096ab81a60384530b255719cd6b8f
1255	31b2b192624734219e0b296335edda17bf14c7a36227eb9ea455f42f24a81a0e
1256	caf9cdd14de20259fc0b37a2bab7402da3742da72e02c0780dc708ea94b4fb66
1257	6daa34fb257a7c9e442facb67f1deafc61b722ccfe3c0cdd1de901b4c069f52c
1258	bd962cb47db453164adbdccda7858b9be9118eacd6e6857c540c2c445eae67c0
1259	ffcdfe8b96a210b1c796fe59588784b70bb7de67e628fda09a8eba01f29a2e87
1260	fa05bd626545db925b9be54776dbd1206e1323447e6c306e977619f85e06869f
1261	9316beb8f6f1e9c66fad3b6079fb82fd49635f88b394dddef81c06abb8da926e
1262	244c90f4129d73e33134a575381a87502ecb18d7f5c091e5cf3b9d330e04a476
1263	17a3a7fd9a690ed3f02a21dca7df1818cfb2b40777cdcf963c2180a5f5d6fb2a
1264	b6dbb492e772e5914ffbd085519c726b2e07930b2bfcd58d092118c424e125e3
1265	68fce0a379d84aa1b11b8200fcb645baa6325cf2d7622001b9de294579a366b4
1266	57b90fb80df4ca57fb47a76f7ec4c80380cd55d4c05f624ad6229368f1baf467
1267	d26f206ef99c3252bc172e61d41ca85581ce7768b6727e651918629fedf01836
1268	445a8537adeefc2c455d74c2e34b912fb066ed98654dfb6ecc23c1841dc25e31
1269	63d26dce2ce54eb44a9c5756f4efefea2ef797904416dc314feb2d9927ceba8a
1270	c3723f33f2a09d15ecc7b5d0ef46c1955b6f95fbaabd988a977c98dd1a00a16b
1271	4b5a238f8c161de44010cea59c37254fbd7297b5dfc857a627e65247e937dc4a
1272	03f8c7f42b75a81d143690beab878286066a2ba162da3a3116f56b62af1b82a1
1273	cdb75bd6132223d364e2d025db03cbcaed0b2c3bdc9a1d24d4b64af5f6718a90
1274	f7c8d5d1567bb13839d91eec81218dfd107f2daea5174279c8a9c404ecb0a6d6
1275	d78c7818e05e3ea30f46c85d7748c912c8d82ee531e0bed4ad6f1b01c81bd8d2
1276	3ed0d8166bdd93dfc73b1c9838c4d1bdfae0a4c3a7f9d2b58ef5323504ff596a
1277	f9fb4afffc0929ef45738a002088ffb67828bc087c5120a8a025c99df6609167
1278	7e7d9865b4c6b919735be376b85e82fa8057f691d6d10d6f0c8bd8892391c353
1279	fa6fd97cac21f52f86017dfa2a834c2aaba0e5194ccbb47cf6d48b8fbb8f44ba
1280	a1268d3f7b8cc442bcf22a919a3353caa98ae62cf5d964b59314a2cee1b7aacd
1281	42d3b7061929cd8b25e677a87cee5aa7cfa0d3c1d75d280def15636e7153440f
1282	94e0e6002cf9a37501c750e665cecf07aa082e82b764ddb65affad8549d90a53
1283	15172a0e25fa37679852c23f051b14b3f455e2b46cc96db8c9feb19e04ff0b0a
1284	e7043a64b1d74db9e8fe87ce37dd725b0e1e0444d219f4c330391b0192d7a9b6
1285	d175c85402988c75ed5af5786a2f909408350f6e688a0caedadabdf9d5e2d88b
1286	0a08d60de46ced23c6d16d546f18b510f8cac0672664b75c5ad48376f3c24892
1287	cbbedc3c7ba4610cccf10e5edf65a893ded1e154d2e3b919c368b287e9da0b1f
1288	a09997205dad55fbf5f6f09b2a24623e067f5ae5732f51056a36c27ab55b96f3
1289	ec016708466c1334d748ee67103b4e4d906db0c5cbb654cc374af8355eb44264
1290	65b883760e1bab1ec514b2ec1a8f92feb038e934284a29a63e7a2ba22af6e55f
1291	ae9e9afadb5f93fbf591d01c66dc72812f72e5274a7f7a243e9da512746a1723
1292	d83ec9a8c897570fb8820d8e50fed644a087610a38857b10cfd3f45682f3acf9
1293	8e84606a03d00d687519488fb323fc71c8b3de146927e4d6e570bbd8ea55dff1
1294	4d0a44e4c490417833ed269cbb78a68761da160fc49abf5b33f21a93bd8ece1e
1295	9306de829ae5a31d507dba9c452de701f31f3e1682c7cd6f9019027ca5299b9c
1296	fcdad1223ae6365a8affef875ab77072ebf9b64cecccb08d5f98d320876351fc
1297	aee85ed2767337f88eb8e0adfcbbe1a2b49a3a4a3edf880c8068fa9b9224988f
1298	ed02cd2d35893c35c488617710b0e5cbca2f980d1f312af9693042addd980655
1299	0ff847c2dee7cdcc508f90b1baed811d70e8557e5f9e5e0aff9c74e3ecaa5b8d
1300	8d160f710e4adc3684a242ca0df9937a90a9bf13d262d50cb49c14ddc6f202cd
1301	a575537af36840f940da1982d9f1be77e2c95fef2bc6b1c4d69a48df292c6404
1302	9de9b42693a616939056ba65e518edc1485f2df6c3ed9596b43b77f885bcce85
1303	91a81a0545128592ceab587043eb1aa71dc99ebc728e72cc68193691719025e2
1304	d67d11209d2f4fcbaa71cbf16c7918a40821aa4de7f84744196aa486bea3a432
1305	58c83b406cca9290e8e3373cd794212c9e89b5b0d4fc859b76ef1b10724b574e
1306	564d856a459a36170efec9210ef3171fdf422662b83a916500ff0afc478d8066
1307	b7eeedb6d7b83efe8ed2785bafa230e054dbd7dabdf6a46317973785868deb3d
1308	3feb14947ee0afe37eea205ac0affe0c250dcbdf7301b9cefb905951fc949d6b
1309	921f01610b6bec33a14ae52a7ec299fd7a6e18e0862a6bdc5359916b845d741a
1310	435423bd8aa1e8043efe94aa06a45105a72e6e657f8e46b88153bb9d87a36f3f
1311	509d3ec170fd52c66f0845e3aab56f6f1b220f4cc0d48a4b7864e891c477769e
1312	c961e47477e01a76cb9c498f1c5b0f0f726f976080dcae8e738a75e5ee1bc60b
1313	7ca118e3e942cfc7e2060de51555a74978423012707f3face5c1ccf7c7cfc038
1314	e1c97bed51552a72e713f084ee18e70a0221fceae3a27365321b56e678d6ca32
1315	e716cab1dfd0258c963e3cde98faf307110a96ed068c1d1a37f36b31f1b414d7
1316	aa3588f40e4a32641aec152141c87f48f7d974f23ab839254ca29dbbe7cc41a7
1317	ee13b54ebffcbe8fbc1343e6ec66ee70fa27e574a5898c48b275d7fc057115f3
1318	40b5fe6f264226c45cf39c2d49694f71b80fec2c30a6ef64d0b5ec2348ffe48f
1319	5af420dee82f89b1118ade7711e79780c23160b280c3e15c922017cff7430bb8
1320	86862aed0b339ed59534c64565a1834184d59079d26860f58c09c7fc4fcc35c9
1321	1c275593e9fc43e9cb10e2c18561e519a14612eef4ee6e61002376fae0b52948
1322	c266ce63d78ae0743c7b8db16421e9acf05212d5a582c3b6bca176e37230b283
1323	ebe302f2258239cee5454eed2e0f4768002881e9278e703c90904b65c272114c
1324	cb982a6e227dc071c33efe16ff14acd2864b0715505262b162040644dac7def6
1325	7130621a54f27f84884058099a5b8602cf26e69edfad277e68e641bb360939bc
1326	790c1428d07c82743d2bd522fd48a531aaca756db9677c8cc2ea03de372368df
1327	ab2bdbe53d549233db43a61a0c0f8feb6c559cc4a15714fbd914d86a1db5defb
1328	0e3eb04c0881063b8b0dba2aa7a208d2bea634ec2a608f18b408f0d84a421a6b
1329	d1e7aae24378698891202c5789f406bc8aa055fd2832698f4c1fe8ccb20791d2
1330	fa895746783d3bd6d7f5c0c650a875f0a5631c08d709277013e069d0b653e9a7
1331	5c3f664d1c309860f293d73bc3d1f7d8f7421812857a7ccf389b5f0d874f7ee2
1332	904f5d936f85395b7ded801ae7e5b554e67daa6384f015877e33d2b7faa24765
1333	93c514010026bc4ce45f99319d22b3af368e0d9d664ff5f812f128ccdec58a5c
1334	6e538313098a4d273cf44713dab92089a22bd1f0be185aae8205583974a08c52
1335	744f0c9c5e70bb4d26e91a39024c563b6bfe48d630a568c517d0a5800d7da50b
1336	9f4e295f1efe8c3456a3e06b84a2006084dd14250ebf65ecf25de94367d0b53b
1337	64b708d161f0ef27195ef3604cc897cb7ba77ce08c8ff94c6ed3c1c8751c2b19
1338	eacec9edff1b35acd1a4ef400914d90a30bdf5967b86513f87934556f2663f5f
1339	e831721d8ce153fc621d6c2835e8996f3fcb0821697822459887b9f685728250
1340	e41b01c6c8183afb7e4b30baac085ea07458bb9588be7cd2be1032e29c82ed5c
1341	99b5cc6d189a9112879c581e84403d7fead5960d2f90892cbbeb74c6d89c7abd
1342	7cdb93b74b91b33c5d341c507a4de042e11f57bb3f16d2b272d0280b8743782c
1343	d82c2162ca22fe0f835457599d199ef4cdc5d667f09de9bc7b5112505b2d22cb
1344	a9bcf913e2f09f8961b7d9cd0a8b1b8aa3ae5ed56f49e6060619be6d55f5f382
1345	e3838cb7b76c158a255b6ac6c5c2953c5b7cd18b3df80d4f43e65802457fbe80
1346	aa068acf0dc88166a515f816519b153d1c03520e7c7381bb1b72dc3c1bd195c1
1347	d22c31c0b4604bfd4955a4bb5f2870d3ed70aa22ef52600fe2eed1c52a38f757
1348	ffc5c4c544f803007a610e69ab39627eb9a01c628890879e9718bc95fc01c4d8
1349	8f7f01000c703660dbe635ecae9b8807d76a823833049d8be03e2d4c93b2e013
1350	41acc8f059b27e4a98537afde3e8741a57ddc7ce80a0e341a51db6d02ebc3f4d
1351	37acdab0c9103f8139793c7c995fa4c63706082df020ccb5a989599807737189
1352	0c0b72c39a21578c917b549d2b5de783d2efca5eb075dce799d22b336f64838a
1353	2b176d4729955717b4b4957cd2af4b2d3feb57c21aa66b746c4d559459e0e088
1354	460e71ff3a81e96fcbd3e6acdf7693eaa799eeba782a01a394c770b1bacf79cf
1355	c16209eafff8bd144a66a3dc6a3dc993e96d121635268c3eb3fd8c47b7b8fc8c
1356	973ccd918a568fa282f48f1afe88af071718309a774a35808640e36e12bed84b
1357	e083ee6e669bb81311cdbe15c81d5205c34354135a14176f5dda821ec094b42c
1358	a4d1554297b8362730d51f4118f08757c6a5997bca3f53001deade5bd1cc354d
1359	2d2162cc3bf29ff2f4bdea59210e167e991d590342a5067677e96b0ee21c4d57
1360	c81d87a7274f0395e088f067f32c6f7d9d35d267541f25293c3fbed97df11f79
1361	47382ac6d303b3f902eec0697ce9ad0190ee891da50b07f2ecd5de198bce2ad9
1362	c8130558806db62107c52839acc7538f9e270298e210b8f2dbb56ba6275f4e8b
1363	93cfcf24ad39424e863a5cbedeabb9cc0451a8da3473208d04ea4da0027ef50c
1364	6026f8c18dd4caec0b8b64b9c356628118695db3e7ecb808869cd89dd4f97b94
1365	3c87a987c81c9e4e6a87e91f9e644c468bbc3bfe1b6277806aad49c1643b0aa8
1366	d0a973109e35a728ff93e0c90e2ad61c44d33f7763dbdbbc02f6c37304d52a6f
1367	425b374282925668d9b0ecf1b48a3d7a38a52d8ccb67aef6f311473da21ceebf
1368	c8cb0e378256066dc2b88751ef520706761d54479f9f1549ec04470cb27b5459
1369	59c7bd1426043fb8623816a351b60c4b5c54fb0f4a0351e50fa43b0aba48a7a8
1370	43edf35695a48024e65df69b27203c61439bbf53f7bfabed4bde70e00af95e9d
1371	9c4cee8452c10d0c5ad0b2fa1346d3a1b46473182406f483668462cae5694412
1372	1bdd2a402b62fe6710abcd290633cb330f9789f5ab8740acdf63da336a00eee5
1373	2bf9565a1c8039df28de56fa15694942a1cdf5c570d6696723054e15f325db88
1374	b6b5b4ee6b5c2a8285b80509a9d5a29af4890937e8e465b446fba9a0869a46c6
1375	1a6fcf86ac3d9e4561d507e41ac9e657d95078eac2db32a3b28d0d0fd1d9515a
1376	c1c3e2c52d11c30874b688089237fbe34c125185215569ceacc83edcb5d1d30a
1377	9b654acde0cbf00feabcc6f56e39fd625dde338dc9fab2f78fa1d3bb5fc8cb84
1378	96c7780dd4af8d0e64fda6735a248edcf1f42837f39b995c35a78168b17e2477
1379	2e793500a9804266001c6e7b9ed74f9cec331b25b50a84bf2e42987f7e0b289d
1380	454a33723acdcee1b0c5bc6290c99cc17e54ea8b201afa887bcaca6ab5445427
1381	9cdceb2c7a96a108b27d0dc1bc215c9f2256ab2e03b22aef6f9abad922503f03
1382	f4c2aacfdf4b76d88f8afd4506453f171ef59b3e66919a51230e6d218ceccbcc
1383	50280be8a0b2985d6c92f17b78af7c15621727cac124877d4cfd616aaed21bfa
1384	f0f78b8aff81748cb2e5251966dc84983c36970b09c1284049edfc3df13a2ea9
1385	e550210c76ac0ef377eb74e96b87afe5c79aa9c0e33dc84ba91c60258bb4a959
1386	75d756da98e45ebf317c0fb6d17d076b4e3be2e66e0a80fcc5423cf0997e2ede
1387	92139e1efee5534e4c14286877b301c01d343cad93b0031588b53f8604232487
1388	e9bd3918b30754ef29ef8e70fd99a0b085b337c27077983bb41371f58ea7fbe3
1389	7c96dce47d8c8628fb20c851a4c25b59632f15d43d137f490ad8d74315c28aa8
1390	0a5769449cd0e55d9221ed6f077dac16a1e7c9898377eec5f3b6314ce5a78a91
1391	289f5fb009ed46ea21da6ea0c91a519db5fb38407d74d04fd5d8f8d5c30199a1
1392	af4db3c71976d19369284898f060738bff1fbff99b221f7d5d0447a02bd046fd
1393	e71d9e47bb891f5f5341686be2a3657fe11e6b874a0e84dc282728a2c82a586b
1394	fbf87dadb6f3db26377b344413fb70a76bb98bbec553e6770e27065b512650a8
1395	1378c1b60424f404ecb028b54fef791ef39d1c3f7220ea0f86fca2908645f449
1396	572d6b83184ab62eaa4b50c99b761baba3379bb4340f0cbd9cd3b20664cba0b0
1397	0fd576c8b8c98aadd6156086b432fca5d4f5c13532dc1b3c7a0273c5d136c178
1398	0dd23a67d5c2e2f045d361505ce8f4fc2802ad1d69b585c071727fe3ea17b2f2
1399	7959c042fcc249917bce072770191ad8a481f993783470e5c75f068e47c87a5f
1400	26219d992b3574007fff973ee5b733d31136d4dd2acf746b098f6fb3663e0b06
1401	6b8de2b07ab91de6ee6d5a7547c960b48ea1f8b4b9dbe8e03c0de81f824eee15
1402	d141e35d1011ae7ccf327e3ee55bd5fc14485cd4747c43c32d43ff6e1479d5bb
1403	dc449c4f0650fcc8fbe95f7fd83353fac008ed0959f862d66094e6ad758072ed
1404	8bf070216b772f001b75c8ad29e6cff1f2768e86e08f7255d3b0100b45c1551d
1405	aac80dd3aeab8d481b79fd6493209886b59954ec67f10143b2ced53a14d1d4b3
1406	f8b7b10295e5baf979dd499f8f5d5156ff53c403175762a7b84ce487b7f7cfa5
1407	bd5c2504755d226da81bc73a9ab0346df922a19c4b94cb8d3a7bf2efe89166f2
1408	8b387d34d5e7ee6777acd3e7c1ba66bee3139f1c39d04610d0faf0673eb6279b
1409	b8405866f19d742c0220e98ccb7c2dc47d734f941439e62ae880865be8a0607e
1410	a4cfe75970fb6562358a0f014fd8aa06d1b48b994552e679068bc78ec92ed534
1411	17626eeef85cfb86f014c2c616c7f0eb6f726a850245b3542eaef9d5501c3906
1412	1ac3f3b70340dfb3f7f9450dd4f63da9676258e7de7a52d7ec929d315f9175aa
1413	8cc8c2527b89fa392be942cd3db575fc5243893c5fd4d8652ebe82abdfb24738
1414	916092f8248989414cf6c9167f5868cc8c7c2342927a7f24e4687a5840237415
1415	20fb24fc2a41ee7a10bfd9dcd0b40ec35c234a34da100202c93fd6deff0dd8f8
1416	bd5c2362f53884ff78e8ea373ea5e0df72738d7c471952514d0d68d9cb93799f
1417	1086f8d78c18a4edbe8c00414baee60e586bb944476a30ef679b9c21e563c6b2
1418	5d8f047fb9061040cf71c2395c330ffba98c0fd97d19d5ec6fed1d875f53a212
1419	0b03bf037378a662a3c055abc809ffd88e018f7146fe56912b9f9a87d8312bbf
1420	8559b8c56b930d7a586f60c3455b36ce8a6be4a4be7a753ebea6b97e6aaa075f
1421	5777d8efad91a7e2fef6c8901b6200617ef1fad3deb9255ebfdacee39436e17a
1422	922c29a53f25ff4a5b77a6e87caab55e233caa19f39c842c6c67580a762b5e95
1423	222c66c7f545904fd2a7ce489bd3bf05f28646f1cef3f2bdf4ed2df1038d3c29
1424	f77967202e4464712740163a34e2a50508ca5add4881bf6d8870a62fe520c49b
1425	c3f59051f22524a73cb60f7d809799a3052bde46f6765f34b7f6657869263283
1426	98d11fec20992050abd81e4d8d44f0d6ad84e3efefbb33dd5d6b8e32cd012217
1427	610d353d888d12a2e7e4c57bcc5a113c034129d32c6eb385747d4a1f9a7b33ac
1428	2e56829595691db7c8ee733553445debbe8c38c577024e8e387aa6e3e0330090
1429	6789a9334213c508c30657659532718db2eefba33e85542e42618d0d71aff13c
1430	3c966239cb74446c07b95a431c21619d2941c2cd833732e815cec2066031e469
1431	8c0f7f428d6d5968c231f7d87e675ae8883296204ace55663f4bda0fa3efeb33
1432	c6eb0f50c4533c9fb16fc795faec24a99c3729fbd40e93e7089efc05c29e9404
1433	b0199ebfd37bf454a194fc7cf988e1bc4899448e4c45b9976e93c854ef2cd8a7
1434	8ab3a119b7da5e0d30997b89e6a076493e4e9c616f20f917c97fef2d9398c03e
1435	5860ca73ee6cd4d087f5963aa646d1f06dc944b6e295dc2e160b796fde06686a
1436	1445e50ee6ee45f8da1224e4d6078aa7ee9279390d581255781a230bc9332a85
1437	bee9f38817483bab449aefec05dc11c71722bbcf52753cb11ecc9f65c8116555
1438	ee4cb19d84d8061663db4265142d24ba271f5e0360ae98359c803448e26e3bf1
1439	cfa6f38df2a8aa87c905b8c9d339ad48dc1b3cb539dbe650ec1a82a4a5576890
1440	06cd70eeb9d92dbae2369d72615ad4bd5059ace2d045c995a3aa5c3fdaf493f3
1441	ca21c514bd07c7e69375442bccdc53844a997094562c2a9e43b71a84bd11d39a
1442	fc4acc5bed6fe1939e1dc63c20a26de4b5f1958752fa71b4aa2e82f35f900ce8
1443	89ceecaec2b601cc147ae784450bd324ee11c1cd67d01acc3183d264a08a140f
1444	91ceaa47423b5747910fd8e190c870047f634edea5648e5cd9ffcd194f69d00a
1445	04893928f113b95b12f75eaf66140c5782710b781f6bcf03a88722328511f47f
1446	9df9db454cd6a9e9e02669482056b672c6e7a4d531a6ac8889a223355c48a150
1447	0775a1522309ad7402f92941c80debd1aceedeb28f0b99b190965fbb985c6e23
1448	8097a5a5a16249aa435526283a235e6e4f2f8d2135bd653bb3acea0afe8643e3
1449	9ab5d537f0d04e0c205d5a065347477b9da1147a4e092a242190923c7eee3821
1450	c006ed53a3afbc85455507244bf663778f256b6e5476574fc3f65d0c5a97705e
1451	38e36406766043b95b63a2fd3549a127f14b689ad720d21f7f54a390720b5445
1452	931a3fcfd6507e4dd25f1f270906ba350e0d307a1ebbd99adff63817bb476037
1453	bd5471ba3e95006e4b40971f0a8f8442e39ba22d08c3d41098bbf782a31e5a38
1454	0a57ccf571c0b97061b72c681e695816d862222e8a030736899c835ad65779b0
1455	9e105aa6d5f55060b9fd404f33ef1ee925672a0c395d60f28ea11e49947f5863
1456	d4e89b1ced4d0d1f625af6aa84a66bd9182f9f97079e3e11f4596c9e1fe6cc15
1457	69814d9ed59f61175686f21733a54e604c75d3797f721329fe01bf14e24ce9eb
1458	895bad8096b7a50c99e8d50be9d8afc0c75feb40c6ec58fc772eef908f314ee7
1459	7168ec5e4cca81a31285343e26250dc74a01a465f100cf4a0837cd8d5f3209ac
1460	fdb093b4c57a870c5fcc27db63a27014ddbc4bb3ebc6ed95638ea7210e7bed90
1461	70fe26462c1180fb4e642140ab97acd699d3c3bc4152d5636a38f239a48ca8b7
1462	207bcbe5890c0f871020280436f7e02f5be1d67a698f59032fed18e7fa461db0
1463	4bd415f3552edf17255f71ba89bb0a98d5a057cadd8c7efd5c865c0907775b81
1464	2a23b4aef64b7a1fcadb319ae6a2223b3471d479dd7927d3b4d79dead209c022
1465	f2d430374449f7e5643e3eed5eea6a7832f89faae45a0cf98fc6866ba82cf199
1466	66befd4e9a6e80e315f9366678e2b755cc461d2e01ca75fe6680266544773e0f
1467	bb878e01debdb14c548b5db810107aebf905a5cdfe939b05c095f7c85c33530f
1468	214a7cfddb4a913c1e101a557013a1902ea8256ecc072c01fd37bcb7f3a2ec43
1469	a5e8e02dd25ca6d8c70bca3e4fb87d032d47e267aa90c029e248ecccc5bea813
1470	e608241ebe2fb6bd6d3a8aa32709ab5dd85dc2bdd3b87e9cfe5e584600a02213
1471	0cb24854dfde40dd7cf2e571f2aa8ee74f414660dbac706b37016e539ebdd5ae
1472	1df0e9343f9ff51752c7d0d8587c1ecac500a8cfc23c7a02145d658a53e9bea4
1473	39a2a4c9326f78c1221df665c0edbe62a76fe366f79b5b7fac7a1fe246839a45
1474	30a5b7f652ad9d201dc8febed401a143d95a7cc0d00d73937b46de70243ffb7f
1475	fe4657d16394502061eeabfb0fbb69a3832c6d5a2f7e6dc74295d03cc141b556
1476	b9fcf94c29521264294bbe72e7b3d1daa17674b7bbd688c4a61c842dd00c7677
1477	ac0fe433e76e2c0c3d0965cb48898bdd9dc1b2df0c6c2ff7b38d9410c8c606b9
1478	2d27114ab147bd0ed04f493bb93d3f8a27977f55a839b7395b32995ea4cffe62
1479	8229d7692a96ca5f6bde6253eb3812157faba21489da592c4d2ea758cf5b67e1
1480	ef103c859c8f9c50828b43a60157468af9f4502d0fe359cc152629044e26539c
1481	2d4ccbcbede1569f23dc92beb9a37d02236e6fe80fbe939a0d7bc1667c42486d
1482	cf64fff7b0914b017442dbb7be4ab4c320e0d8daa8d5c4abccd3690b70e8d5f0
1483	71a5b58893561fe22f46a6dc8122a4a0894c947f288d20190d0b2d6ad53e9d6e
1484	85ce1de156fc6373dedf2754daf992190a73dbd11724b3ab444c205a0bf969a0
1485	753f509e27c05b3290f9641f195d66a12810e0c6b7f878d2cedd7266a686cb05
1486	2700125e136cb9cb4a388a8b61dd3a36523b20545ceb40eb98beab3ebd2de7ae
1487	f91394b968be6ebd8e5eb13ad4eb115e2761be23ba281de90011a94fcc382784
1488	ee7324a618c65e42d4645fd55c341e0c607d0ff34b80c5a0d7b51767c06fe4ad
1489	ac9b282b638ed57ea44785f745979c5ab673b1084b86d8d134547b6034ad4865
1490	066ac50e356d6260f172cfa33f7141b799e3f0fe782fbb61d732a70c761d4097
1491	82a00555b5436e5b43040b40e902faa45eb60315a565df9e7c06a8cc93192676
1492	bbf2dc75c11ee79ba691672bc15bc82d882a30a66c1e78dc46e9e6902993f9fe
1493	a8488b9d0c7cd7118d967bd000c9c1f0669ce14917abab137a9ec4501dcc053f
1494	8a7ccd677fbbe429aaef36263f6141790cee695a07063334cc5f0903fc754fa6
1495	623271d242106dd6443ee4808f52e2997ad11a1d4fd62f4d13a473f5f69e0f94
1496	940829fb0bbceefdb4ca2ec791b73b22ac2887239e98dfa5b757853da29ff04c
1497	a683e865f2b43987dc7fb212a1b3856b805c0aa9df0927dfe60f15ccab52d6ec
1498	452dfa56d8c6dc57ce3d7ec56c520ccb3f0167c38319c5d8c32ac38238a6035c
1499	4ba3f633411f04e695e7b15369ef8c1dffd7da40f5732bbadbb993cb313265d9
1500	b719c326c752048a0d9be9ab5ce5f4cce0500670b02f4123b06042365edd5943
1501	d2fb10e6084471fdacfe74a7c4d12caa3e6cd75c79e64ea7f3ffd2b05a1c1274
1502	5166aa30313111251a21b876e9c28b5cfd2c582f55cc0527ff42359b4cacedf0
1503	70ca80fd8e3e83bcc5028989f679ec980f708b05096dcc86ea71d5b335a961a7
1504	e55be93bb0222c0fcc407b9f65c356b0db8ae1eae7503bb55c872e2fcb9c8651
1505	f6f1c649b8a6f79dd8dd2287a060923f7d7ef562289fa410e47f55edb1b09a0c
1506	713a8f90b4b79f9a2241e9a4a51c15f58c35a67bac84d4f884384e53686da75c
1507	72b1d32130d565a1ddda16e22c1c8a006f4ae5ebd8716fd8a5c1a736795c5c3c
1508	c877525a37047a9b2eb2cc17801b6b6f9ea7548644ced764acada2aa69064d99
1509	ad3e6d86b4154a36d2add3ee2fbb47fd37a15cf6d8bf71d06e7310d7de7660aa
1510	57b8332631d14207f5fbd4cb150899cc19434820d74bcc49bd72f4ccfa3d56df
1511	a5c891ba62f7b0ff78c5d8a4968e3c8970fb205db12f33fa1bb60b288b55bb24
1512	ea502075cf545706124dbe0a29084e4557ddfa9018ce043a4e0c52cad406775f
1513	63bf6b928d6e17e51fc3bcd41cd161692b8a596a2db024968ecb078a6e44e75b
1514	31927e548eb09631451c059a38e117b21cb70776a9e17282be54e7513d01405a
1515	a2d8b14842020f72392596a999b55bc7836657f9e302a2a792695ccf98eb0064
1516	2cf006c9786c1398adae342f2d0d9710d11ae0cf251d433ee1876ccce0741768
1517	6b8d15d5f0f85c916533322f024e9c93146ef01b6c30531d67443396dfad02c2
1518	73420b023bf38906bfb6eec0e33f04d3ca0523046ef1338a3d9cfa9a09ab3df5
1519	1e759ae906f7f995b122fb440a7a053724bd637f9fa7ddb1361ecde14fffd07b
1520	3ef65a9ec45971b0016565ec5dc97064a734200df6c53dd576b794e2eba5e722
1521	0e6c9235672aa2a4c6c1e4d05b01d915059c0096b24d91e77af52fde31c27f9a
1522	7e2f2fa6b7125b1477fdf0b16c6ecbaef7e2ea7d98ee6162cd7579d7d7c91774
1523	428fe5ce80413e9b6140a93a669c4886cf8bcd616b3de2c497a22d5e70a4bff6
1524	d2bdc52135c4f39a8937331231577126970a9f067c176a3d64eee5e064edc3c0
1525	5b03c40093efe51fff8540faa6c759081a5d362865d64b4ff7661d31149608f1
1526	2876e05ccef491eb0873a14ab2e2f2f7aa24b4903417059a41b1f7ecb7ee6d75
1527	43574d4bc9ce037f0f0924571256a0a481e1a76d8c97baafdcc7d9f713e415a8
1528	9f5e3dc619a88b7bd8129dc8d2eaa5af66640776e0818c1f62e960219fd8fa38
1529	a562cdf75f48740c85db59de16663dcdcb1282c89a7b5f9eff5d0df810eb8c15
1530	6a346f30845291784d43132b852308ea030f14be020ce726fbf69ccda868e7ca
1531	65dfe83a142fc76a1318b7ac08d5e4036e06f49aca3de8c8ec61d4f167791755
1532	28ebefc83842016a024430bea500e6ad08cc283baa459441eb72baac578154f0
1533	41c0428281e7116679c7c68a4cb66d0be91b6b74d5d4ce0498240ca30a40aa33
1534	0d80f86683bfc381be1985b95abf241a0608dccbdbb44d30103c51fd4cb67578
1535	4b53d615922ba8ca14f8ac685088f09756788fbb242fcb47aafa392fe5e9c9b9
1536	1777a37e32778f3a4a7e04d0c55da225d3dcc14a07e92f00c977a0001fe38ce1
1537	55f4a819af24b5944d3e411a28a6d21a44c22ded66f9eca2fedc433e93fef384
1538	71c1d814b0f6e7d886ac89b3fa959722f8dfb412c950fb827413bcdd494a9699
1539	3fe64d11e4d5ffc13b8015bcf6121b556cfe5a3f3ad7eb3e5876ca78712d3dee
1540	1900dedde2107c9250704eecacd6e118c376493ced71da4e8f6477e7bb03e702
1541	7708e5baa7823697af72d4d727dd50cdc92cc522d3d33de0b350c068993c4a61
1542	3abcb52793b921b3dd32542c9021bd572e859fec77cfb5a569179d59a711e6f5
1543	03cd7cc7c813c07f73e2b551d5a27d2c0ce395fb31a87426ebc29947be0965c3
1544	ff045a4f62833c925ba7e5fe3bbbc2a91d42e4f8b465dc8291b7a1490d99f9d2
1545	22582cc367fadbac824e70164779631eadb0853a73c5e5000ad7cda6f02946b9
1546	3b63440917ea6569a4a6eb87d2004d60ecf8c0afaa94dcc8e98b44584617a74c
1547	6ad5908762ea0023993a9f4157b81b004c7bec022ea707644b41135fb54a99b9
1548	d43fdd21afb830b62891c962e21f911ce919df5912209c83dbff35df09287859
1549	af7c0a3b4635d8218aa80c3748a593db4e7737328ac58a48014552501649789d
1550	9de71b5c144ae356eb098a40a229d2aaf237710956f76fe12d1673bdd5201f48
1551	382281c672d9f554bae8d1eb0cd9067029b8e90c7e39006720d8e178c0c5e8b4
1552	bbd0fc5c43cc1bfe2127e24eae66933b651e35b540054e35dd211c6ec08c10a7
1553	016580020a08c2ecaa46522600e5847e6ff73eda463f7425c7f448ff4078fcab
1554	8fa983ddb2c1c37065b0b09edc0046324ef56d878c596ade7a5f34fa6c268ddc
1555	5067fd8c44e08189a046f4403d0aeb2495b90fdf86837db85d74b277acaeaa60
1556	500af78335eea536ccb528ed1a7526ed316493c29514ba1bc0bd25f4cc93482c
1557	db82f5dcf692adeb2b63dfffee69841862a339835979a407ee454acf01053984
1558	2b0c83a4b14bd4679209bfe4dc9ce7f47253ac666d87aa78e595ef4e84cb17bc
1559	5d63b118546623833d202c7e7f48efb50f5e97db86064144748804741e67c379
1560	fddb8774a4a564a3a97b9e1e03f12cd16b7ef3a649483e7e7815401d11a824ec
1561	6389e7d04627ee46621d985466ca3b08b2df44c72341f57dbdef802942bb2cc8
1562	884ba0982747d53fb0395648b3927de5dbe2a5887225f71506b7320dd3dec40f
1563	d73a81aff9033bb59b0d43b358a2b782913b44164b388c8f1813b78b82e96143
1564	2ace8433835d90831a2a1af841f83105b9094f30c38d895c5458e95421f38f81
1565	f309f731589a1de253975c5f55dc610c7d9a118b4592f71a4e9d6b786f305853
1566	c659c509e2376ccc6490b18a900beae0655b4957aedd6d0b37e9cefb08effbc4
1567	6006de7fbe2bd13d3c34d46463323b92a5aff91869afea155ca91b467d2d0f97
1568	7f1f11f7ed10ce02d1255b1569c558f4a4907979ceafd000baa90c7650161ca9
1569	a6e7b90075438314273c8d90cececeb964aff5e2f8ec71c7418f7af0f0ab767f
1570	418370ed4896a18b594e44c833b7af5f1b453311c9b739030d052e99e271c5a3
1571	d66f48c9031dac04af7dbf7d125591c5b837928a753b00822d7bc7c4c12c6f3d
1572	dc15220204b9ba974c191973b4e29418bd7e43e7cfee05bb06c92dd191e7a75b
1573	785690b2d1653082839fbb533e90745b887ac3c08980c2cbda2488ef6bacb0b9
1574	feba9d99f2365a94d63e4a9b040c5186bd05f7b463efa84a4165a39da57c0905
1575	1b1bc328394d2b92af0d75a94f96ca2ebd0f734b093e7235c9d27f8a538a0566
1576	7335e29278301e4ffb6ffcf7b4f1d9890b3e88e49b80715852de4cb083646884
1577	1c4723b461825c0fa6c25e04353e59ee33455036270c9774446aaa1031afa85c
1578	71fad89e7459ef07031dc96620080c4fbe4b8794dd310cef074708b28ef0495e
1579	c80d2d3cc2f5064ad7a076c75ec9ae74b95964ad34bb45db738ba64e3c0799f0
1580	2bcf8b18034f65a893c06077cd2e26a59173a45df02a9d9f0e9b2f4278d8c035
1581	df4e2e293f184c3e9c0e1b8cbbad4a7df21bcb6792d81f2660294466a812bbad
1582	dcbc5a9c36419ddaff90a84b48dc0d006226d6c1b8fc2cc115969fb0e3b76cfa
1583	758924f5dee3dec5caf7ebb984e1be081dfb5a456d7c809cb78a606eafc52d7c
1584	09dbb958c95f9e41e8667eed4b789f07d4e6930473fe4f07d0df6a3f22eceb88
1585	622fadf300689b2546d8ae92510842293c620ccccc4fa60d467d7bdf3608619c
1586	916d757cfc67a168cf370ab356436c3fdfe20dd1baa6d5fb4cbdd09c9cb6fe24
1587	6b759e97d0ae155c54b4e23831ca501d4222b08bf2ab3102998e5c07dc523a3e
1588	de680bc90d5ebd98969b7e2b8af3c74d6312dd3af6d09922295aaea45489a13b
1589	08bd61c30ea5c3aa61f015d932f2d8de7bf10f21252710b1718148bb1d3f80aa
1590	4ca1db5e7098f01cd892a8b9143532b0bbc411b5f898c5af92bb77037b835218
1591	2ca76306b480fc58b5cfda16ed1fa2111b0405aef3e20192cba2cdd1a4f1500f
1592	c7420958ff838ffb2bedcf05276fb2b3ef0aaa182e698b722f2706372b93741c
1593	9807adee64c7cdd59045ac426c3cfa8b58f49646bf4b04c55d05002aa3713f20
1594	d526e04d4b3b9344f7e06f3132a0cd5d5a47172160189ea058f08df44781d25f
1595	f5f7f49e2c42435985eac176e8f8419dfdf10309a30c5c6fd65f8f95759a8280
1596	8a6bd5fb419a9dfbc377995c1acd816fc45b6ee023627103bba32e200dfadc2c
1597	315ef9b239a3b036aeb6db3712e5327529c3692de3125df1e00a4d8d2b7a0462
1598	d3af8c589f3cd80113ae365f1c9cee62d8aac57e35d5988f6b573e3ca827087a
1599	8922e41f4106c4c5a78f80b2f72551185ec736a6c563955bfafee6557d6c5d85
1600	97c2a4dc01380d3c3a7ce50163677b1b06a1cfa0d4ad91bc68a08ce541670b96
1601	a91836174a3486e14974e5612abe9626f2cac07e2e09249ba9c515b20d3cbe50
1602	bc1fd440bc7262f67943ed6f2f3242ea15b4476add1b32bf718913210a149119
1603	c1b7210aeab98e855dafd743ecc94d058deccbe01dee3d8e3c7d1496207dfa70
1604	93dd0edda3ce38e852a2b16146dd64c0c374f618b15b4064dd1d77590c9bd65a
1605	0bb2e2747578530ba16ad761c9bfdf35218523945114a6ef468ae4e9d32e96b4
1606	f96e3ef02103108577b4aa32eb794a626d2de26f4f1a68d47e3fb6ee2716db6b
1607	0a89b074a620154aab32fa56c1b78e2892b2dc021d6f065d400ab204f1392ae1
1608	f7a8e11001b0d6bd1ae3ff3b68e77d102c80416d32f6768c722b57bf03b43f2c
1609	e08411ab82cf0a4be55083af8420d0f0c0b33722dc56bc8e1f490d828270da7e
1610	e7a632d9a104208a7e26cf21635bd78f1b73e485402ff7875ce7536424226575
1611	718fc7ab231e1de0fc9fedd670ce54ef733874710b1a432628f5cdec1da70095
1612	e52391702512f5b5cd8098b442af3163c227cb291bfbebed867366de44792453
1613	c98f84b2ea03cdea3ae662db3485946c22430b88cfbaabe6bcfcc80cf1dac4ae
1614	bd4ddb0d2f4518030f34b171f77a204e6ee6f8e88c1fc7e22f139890fd27821c
1615	f514d9db0fb1add865e09a7d49db55d9574dff7c1a7adb9a8e49ed03eb1bfdd3
1616	a3fd6dbdd11115e6d679ccaf9be16836cd42f0902570a190d9c712b634383420
1617	dc59214d9ee0fbd595fb9274c2814c6d68e9661ffa9f4e7d9afd388b72f7e493
1618	6a23eb2ef9ea41edb9792430587b3fcde348104c1f12b914597b745831d423b5
1619	8afe9f0f675500244d3820975fbbf47f46cca30d19e2680bfad49b48b362efb8
1620	104a74c5a02aff16cafadebfa9ee45ab83bf3f4945d06db4127e1f2e45910c10
1621	1efb341301885751998994b784d765ba5212873c11bfb32914058704e7b75e63
1622	6617b78deee8e3b3acde9680ab534d152ff83f4a9eee78411404bb9b042c46fd
1623	c093488c66b94c0d9b66dc55822f8f30058122c4a89e204ca8adec03aa08f748
1624	0fb11bc1762434b1889b47ac71b466d86b450c455580123f7df3c8179fb62965
1625	d76219223f02ebc65f7964811affaa82ce910093f80e9f55a5c39b7f443f5ed1
1626	e7bafd1578a11f73805d531e7547508c9fe856c2f6a59fd37b86dc2870fcb9df
1627	da2b567ed6c56433dc61d10d28d5a1b56c96274c8bf33d9fb6e305a29cc64686
1628	28558cb5ef258665c5cc4c6080d3bf4e1f28af22a3bb88855683f83f7578ba94
1629	13c53260db9801064af2982f384efd6a02f38cf9dcf16e83498e0604f599e830
1630	0a7a4c7a82a5f228b177a708b748147e1d4bb5eb08b657b934e92a761b18cc01
1631	5dd9bea536599a459e3b5943a471ef25322873a259b87f5a7a888db1b4cae2d8
1632	925c145004bff098f4bda532b95d623981944d0ea0cec145a5c3ffd9382d0f5b
1633	e77947039a2fda110b8fb540611f6322005ba7cb01871aba3cb255cc4495e18e
1634	04bf5630de5e1e29d12a2ad5777544f356c6ae84e112397e63f9e18c07d7cf73
1635	0fcfebff2a20927c9a9eb8af4f03acf829f1612e4781c8455923a8e3537a4906
1636	11ac5829b8220872b39fae6bb10f713b346a09afdb25b95f4194f0fa31aa8d15
1637	f18ac9e7d7431d272713ac8d6e4b3a6527e92b507b106bad1323274a6669edb4
1638	a41958a10892f156400d6553bad15750ab2572902551f95078fad463b12071b8
1639	b5b846169e0f28bbf204ac62ac47f483f7462aa29638359e6b7376ebc566c268
1640	c3fa9240e99956fffaa6c70d22b65977f801e21c832965a292400591048ed2a7
1641	b8e82054415975502ec1ecb6dc8e76e4a905d60f4cea232baf59efe98e7281ff
1642	3ce5da1c02fdaa10c42a8e695b3aa5b4d58fbdc57c836f765ca5e07254e40a8d
1643	be330f27808b20bfbee1ebf777cf64a9383ad638be840e9c778c31a57895d7b9
1644	5c657515effb79e517109899ca3607ae2025fdaea841b54727f2d5884a71f822
1645	47dc350f09b0c0dbd277eec79b1e7fd2660cd49547f029ea488d05de060c102c
1646	cab3177c9817fe7f099276d97add2fc3d7aab7cd3548cfaa7ae482109ab5ff7c
1647	54ac758427441b2d81295eafd67b8ade405b4ef06d1dfcba61fb416673d56292
1648	16a6e7fd4986249e768d955edca62352b8989cd85cd75a226a6a5e7f390b49b0
1649	98eb45c31fd39503c41416e08f3ae16e31ed207b6d095ad2dae251bfffee9032
1650	21117c69ad37a5dcf0269fe01729ef08e2259e0c89d55e1f7932620e52f8ae3e
1651	ce09d2c0ba58474b8de1cb4c5c09050828bb38f5e0656d93e1def3dd7462c53b
1652	c1b1e3c662875195636854fb5b0793de36d311bea04a2a09f5e9b7208d0e5af0
1653	36be1aafc249b594b8049f59b51eeb4b0098df22df75e31e6dcdef79e8b7ff74
1654	18c3b684baac1aa9b655f5d4dbe2ffdc9b28ba0494735ae042fcb4d037489d7e
1655	4b5556456ec98d800c820f41664c61f6ec7040d9a90b97b4b98bc98aeb17cccd
1656	f8479acd09a42236fc1fa3659a62e574f1bd8707ab58ea101fcd8e3a3fa4a6b4
1657	2a5e28bcab8b8659db011eca25f1db6325cd53cc4eb17e42dac85369420297ae
1658	4fd82ae2bbc8695fa9421c4e22716aee19cf810fba4999af397aa3c20f7d302e
1659	7aadfa1c991f04a88c5e5890b1fe62aeaffb29ca7b89eda4a607d489df520029
1660	3bbf3f9201c4991682b2f1f6c78363581297f498bfa1156f948b7bec667021b4
1661	608b327a4fbd89e2517860f3b5f284d419834e7fb1cc1bcb1ca50fcc5d0c7f31
1662	f4f0b1ce3adc612c78e72d9c0927674b6f79185103a9c48c88e9b51661aade0f
1663	7599e71a538a544258c9ea61ea76a45658f55b080ce18137e53cd789e7b60c20
1664	880249301e9ce789ea420df06f4f596eefe5c3b3e97d4639098543171f197b54
1665	c900a988d61f2ddad0ebec1d32e11e048d9866fca2761c01a0034bce81b530e2
1666	781ee4d317a0ba8eac5b397f5efdc500f120b87d111365d46fc4e15fb21e8025
1667	0854d3a10de3dd11da8939679ce170e440d055b5646aebf392e1c46662fd2e36
1668	7f24500e2ce0d436014c2a0185238cef1c0bb4e8c2d2db085f3a0f5fb35ea54a
1669	40781b57d45bde85e751ad1a8dcdde2e9243b4cdd520690a3c19dc8edf2eb2dd
1670	82575e6a95cd83eedd37f3cb6fa9090bcabe535427941ab818811fa683b900fa
1671	06e5fdb355507ae6fac1c0a38e63491a7ba74a27ebc3d4ce5186666c3b123d8e
1672	b1ee98e4e6912d05a47d21e7aaae87607a1d5ed9c6a2b28ebd0f0766543b8ee7
1673	168d88c4180e942fa71a5ebfb9e0f62b22132662c4b213e0df4234eae633fa61
1674	cb3cd5f7c9d8a015ceda5f7cb2098b484671ab52225fd84a1cc96a4a94e645fe
1675	17010d33b0e12dcab7e19e62dfe106d1a5d8a3c44542e689361f9d66e04ca166
1676	b75336781a84101e8cc37f7901191c5169d7f18d06a68372d714fe62a100d31e
1677	625278e56cfc3fa19f28799b690e7581491934775f72c81971e69670abebd341
1678	55564204c241b2cb0dc7ef7fdb0fddd41a0e8e13c20e6ed3638bd997dceafc17
1679	d521b4397c78a340672b799274055576d186211f3832290e124858cf97b5ceba
1680	3b1e1f511ab16cccf5074343b67dcd71516ba0bcb2ffc2ddcdcf2aa1077f5ef1
1681	effd29f0ec7d460eae2e58de83e461ad47ac23446319b3e0e83945ba510ce869
1682	a9d8d9b1f40a0b63b7d152e7d3eb7243ed255846f7bba65b6131324b16e70ad0
1683	f5da93f39bc12c1b390b0044310f637458e6b686f9c49efcf8f7a8bbc5962929
1684	6b078a6a8f14cfe108e9d0148b96002537e33c4bf3580be3504485db1c382055
1685	2a57d29799ed3edfd7898faa03ee3aedc933dcd4a2f11055216f1d7560e5bb44
1686	bab6cc16edfd6d4c6ec6e5decc56f6cca9d40c1e965c5cf4aa59357f472445e9
1687	95029f179f35a9463e3f61458fcfc92248e2b16f5f964452bc8fda1bba4cb50b
1688	8a60148137ab585516ec4ddcfec5c889151cfb0a644efa4bf309e019c5c95538
1689	992779de94e0fefbe37d7761a20fec0694f7f990368a565e5883745eaaf174c4
1690	f999745fc847da696a3d467fd4acf7e2e8db405bc1083df080fc071ca39d6437
1691	8ee04ceb290f3335523e6b451ff14543320b1ef0d98c03f09f6527ab5c0b0d27
1692	e47438bacc3e5b34508a19dd31981b541e98ea01a8bab10e96331cc614aa184f
1693	b80e3da092f6c13c2c5bf376d034377e64abc63cf1d6dbd271cbbaf59bd4a009
1694	a17e1bf87eee4964a40600789c8f5b18aeb77f0bf551b7cb52d8e176a1a8759a
1695	659ccba4f776378a27ae610f05c0fa9f4d2da0f07b986b233c7c3640256aa4a6
1696	d9a351bafb45aa94dec336cf7d112c529eeb62b3678c1235f7ca70394eb2cffd
1697	f1a2a4fa04e1e79ffb9943a23d528f0e03892ad020a0c5659e90f3c06f9cdca3
1698	3983fe4d0221b3a616ec9ddbe8ffe2e8910d7e79e497101809be49dcaf136d5c
1699	4d4d3248044c5e705852629adbf4d631dcf7624b4f17b74adb272d82f7142b51
1700	b9bb352fcc54c1d08a73ea37c247cfbf17b97a953abf10e3af1e585a4e505f5a
1701	f7032a112aeece61c011de1b3089ac7257fa4d85888839dabcad2dd01e6dcd03
1702	d5ce20db4a059b000763a4b426dd33e7f891a90a15aa7e7f0c9b5de71f4f4c96
1703	58f35aae20e927c0039429d3a7d731be4bb6a46058097bc4d789cd7a059bdace
1704	37c094340249f2af8e6584b81e37f804b1e96766ef65cf09d98dae134226b312
1705	0522df2026a268a52346f3c6c7baf258c8f144c227334e2c0490abe9282b0529
1706	a0bf7d262818c870a6acb2d7e30e14abbb4d8d00df7e6d9ea7af37a1c7d87efe
1707	d35cecfbaa26f37405ea50cd9f668bea0441e3b5633273d1e0809c339e76b432
1708	69c6b2ba12781e7393550db1a9009385fec421bb249566ecda4b913c321b0218
1709	4cbbe13b9efe7a1520f7030c81af1420ed530cec5a0f48b517ac0ea41a73872b
1710	36da1ca79991d3531c9360ee44bab54bde5913d3543a83d1726143760eef14a1
1711	79ff97b425af59ae559a4a5a0575bddd0f1f6201e0d9840e0cfe61702692ecc4
1712	446a8893e4f23a411da27aa32e7f73dc9b60709edb1051783f724d0aae3c7423
1713	a6b2d8c2a2591e17a276d79a7b549aa6c75679d38a400d219dd121605491c2ca
1714	7a0d41ce60e0c71e8d93e18102117951450f1a497b19f09832f5528c092adcb8
1715	a76e3412e0ad9a4c0b0c280e0d65d12670f728096c7003ae271b8feeb8205842
1716	06ad7f6ea8dceed0256d6ab0537a0a3c1c3b401f4de8d2f093ce57051706cf1b
1717	dc0ef8934b6cef2f405178a20b9ce29ef8057b970d81a63cad4e5227aeaaa105
1718	997cf099093ce0329e887ac1b4aa0ad4fe01ff9ed26d26bd47931c6dd496d366
1719	cdb3a827b3a69c0e3ea490fac91f5bf2751d1dbedeb210ed4179590857ab4d19
1720	149e16b0cc6c0482dd30f58e84032f45aaafd83ca37350f9d4eb12ec717ab6c1
1721	d99d15fe93e0b942d8c31be008a6ae26ceab7be88a126f0d98ade9edac3cea95
1722	38d29cf6e4d23853a566f525b6bf534dce6c767eb1f624cbedd73a70c1f6cf46
1723	99f5efcbea49f0a5f697ab2052d8d450183bc97d6f5aa6f9d69192716e8a0188
1724	5bbfa79983ddbf5e3a16172f71488c0ef3d1d41d5cf3b0bcc0180de8a49c1098
1725	1afa6ba8daff038cf5a7166b025f8478abed69e7e234e3b9d5657c595b10fd94
1726	ac1039848f1219201f70f669cd1b630e84546fa027d5e9d294ec536b40a6c41a
1727	734e27c9bc28bd1adb3944a34b16adde04c2eb3550b5e39baebd8de4b86318e1
1728	7bc42fcdcc701d73e9a33ee7763c7f9f8e7810c56046d60d6f5c8d388885d5c3
1729	cf89f2eeed1f42a73c9e04373e84368b213ff30e3939cc2c0022ae982d805196
1730	b064c04627b78473841839a4bff722caf103e47ad3fed708a840201a680efc14
1731	d25fc1ffc12f590c4cde52ec16dbfb5ba0b5fe1073761f9b8694744fb80e392f
1732	f04bc640084eb1d4e40a2e19e55028e9a95dd0721802a5a24f515c97a858ae95
1733	291b98cb4bb7d42fd7d6bdebb8920f379c1cbc2d2504c91d57d5ec463894a896
1734	b636053ea86ed3df9f63e0fb6230e3173cd8978a76f324e4f57a09eceab00577
1735	f7a1a09d48c479831fb338bf5b0b4c58f720d6e787c70e5f31bf2d38d214588a
1736	7bce0d6c18f8997765a1288088cad8d1c0409217cdadaeac38a696bf276d4ed6
1737	f41fbf0f421b20f11c0830dbe16d61e23559cee301ae3715adb8e4622ddda6ff
1738	c2125630ea0dec9044319b520ba3053b71c4f14bf55ed45f3cb007fd0532a480
1739	5ea83238fe702a1107722b616155aa7f28e472429554fa57422cd2266360fd2e
1740	9308b428f5cd20bd3697e04381d762fd68fe792adcaf193e93102ddcb7755ca9
