world,seed,trial,shop,day,baseline_class,availability,selected_R,selected_seal_state,selected_seal_names,selected_seal_seats,selected_seal_class,selected_Q0_recorded,correct_candidates_above_gate,arm1_online_outcome,arm2_online_outcome,correct_R,rank_among_correct,correct_seal_state,correct_seal_names,correct_seal_seats,correct_seal_class,correct_Q0_recorded,gap0_correct_minus_selected,correct_Q1_final,selected_Q1_final,gap1_final,gap_change_arm1,correct_Q2_final,selected_Q2_final,gap2_final,gap_change_arm2,final_score_status
2,1,113,甲,exception,selection_error,above,R_c819a8b386ed2d96,U,[[]],"[{""slot"":6,""relation_id"":""6dd30d74a837974a"",""state"":""U"",""names"":[],""history"":null}]",U,0.8507462686567164,2,wrong,wrong,R_5ccd1331eec89856,1,H,"[[""sig_e""]]","[{""slot"":5,""relation_id"":""3d46d79b8a96c6c8"",""state"":""H"",""names"":[""sig_e""],""history"":{""sig_e"":1}}]",H[sig_e],0.8421052631578947,-0.00864100549882168,0.8424922545849813,0.8509571549198092,-0.008464900334827902,0.00017610516399377914,0.842460072458766,0.8508227557561485,-0.008362683297382528,0.00027832220143915313,posthoc_arithmetic_from_saved_coefficients
2,1,113,甲,exception,selection_error,above,R_c819a8b386ed2d96,U,[[]],"[{""slot"":6,""relation_id"":""6dd30d74a837974a"",""state"":""U"",""names"":[],""history"":null}]",U,0.8507462686567164,2,wrong,wrong,R_78cc438d85d180b8,2,F,"[[""sig_e""]]","[{""slot"":5,""relation_id"":""8c2a472fe0b60aa2"",""state"":""F"",""names"":[""sig_e""],""history"":null}]",F[sig_e],0.625,-0.22574626865671643,0.6248066648326562,0.8509571549198092,-0.22615049008715293,-0.0004042214304365286,0.6247675547305583,0.8508227557561485,-0.22605520102559018,-0.00030893236887374973,posthoc_arithmetic_from_saved_coefficients
2,1,121,甲,exception,selection_error,above,R_c819a8b386ed2d96,H,"[[""sig_e""]]","[{""slot"":6,""relation_id"":""6dd30d74a837974a"",""state"":""H"",""names"":[""sig_e""],""history"":{""sig_e"":1}}]",H[sig_e],0.8405797101449275,2,wrong,wrong,R_5ccd1331eec89856,1,H,"[[""sig_e""]]","[{""slot"":5,""relation_id"":""3d46d79b8a96c6c8"",""state"":""H"",""names"":[""sig_e""],""history"":{""sig_e"":2}}]",H[sig_e],0.8321167883211679,-0.008462921823759652,0.8325806682608528,0.8410709968532626,-0.008490328592409826,-2.7406768650172464e-05,0.8325476059994171,0.8409397704882888,-0.008392164488871666,7.075733488798728e-05,posthoc_arithmetic_from_saved_coefficients
2,1,121,甲,exception,selection_error,above,R_c819a8b386ed2d96,H,"[[""sig_e""]]","[{""slot"":6,""relation_id"":""6dd30d74a837974a"",""state"":""H"",""names"":[""sig_e""],""history"":{""sig_e"":1}}]",H[sig_e],0.8405797101449275,2,wrong,wrong,R_78cc438d85d180b8,2,F,"[[""sig_e""]]","[{""slot"":5,""relation_id"":""8c2a472fe0b60aa2"",""state"":""F"",""names"":[""sig_e""],""history"":null}]",F[sig_e],0.6086956521739131,-0.2318840579710145,0.6085291067629156,0.8410709968532626,-0.23254189009034693,-0.0006578321193324247,0.6084923757680861,0.8409397704882888,-0.23244739472020276,-0.0005633367491882558,posthoc_arithmetic_from_saved_coefficients
2,1,130,甲,exception,selection_error,above,R_7b6b1008b48c1115_t127,U,[[]],"[{""slot"":9,""relation_id"":""7aad2902e5f4c376"",""state"":""U"",""names"":[],""history"":null}]",U,0.8955223880597015,2,wrong,wrong,R_5ccd1331eec89856,1,H,"[[""sig_e""]]","[{""slot"":5,""relation_id"":""3d46d79b8a96c6c8"",""state"":""H"",""names"":[""sig_e""],""history"":{""sig_e"":2}}]",H[sig_e],0.8702290076335878,-0.025293380426113708,0.8706663701225422,0.8957714113920615,-0.025105041269519224,0.00018833915659448335,0.8706285586864886,0.8956319436849451,-0.025003384998456592,0.00028999542765711337,posthoc_arithmetic_from_saved_coefficients
2,1,130,甲,exception,selection_error,above,R_7b6b1008b48c1115_t127,U,[[]],"[{""slot"":9,""relation_id"":""7aad2902e5f4c376"",""state"":""U"",""names"":[],""history"":null}]",U,0.8955223880597015,2,wrong,wrong,R_78cc438d85d180b8,2,F,"[[""sig_e""]]","[{""slot"":5,""relation_id"":""8c2a472fe0b60aa2"",""state"":""F"",""names"":[""sig_e""],""history"":null}]",F[sig_e],0.6422018348623854,-0.25332055319731617,0.6420020461564747,0.8957714113920615,-0.25376936523558674,-0.0004488120382705716,0.6419603569268282,0.8956319436849451,-0.253671586758117,-0.00035103356080085156,posthoc_arithmetic_from_saved_coefficients
2,1,230,乙,exception,selection_error,above,R_6e911c42fd2a3700,U,[[]],"[{""slot"":1,""relation_id"":""1555bfbf9aeca37c"",""state"":""U"",""names"":[],""history"":null}]",U,0.8527131782945736,1,wrong,wrong,R_6e8a065cec942906,1,F,"[[""sig_e""]]","[{""slot"":7,""relation_id"":""5d804d14f8d34085"",""state"":""F"",""names"":[""sig_e""],""history"":null}]",F[sig_e],0.6902654867256637,-0.16244769156890992,0.6897700741642903,0.8532030678463192,-0.16343299368202888,-0.0009853021131189625,0.6896323450588308,0.8531717394396937,-0.16353939438086296,-0.0010917028119530171,posthoc_arithmetic_from_saved_coefficients
2,1,441,甲,normal,selection_error,above,R_8b0d2a6b7293001d_t326,H,"[[""sig_e""]]","[{""slot"":0,""relation_id"":""0377d3f53e6d3d8e"",""state"":""H"",""names"":[""sig_e""],""history"":{""sig_e"":12}}]",H[sig_e],0.782608695652174,2,wrong,wrong,R_627ae67a7f637bdb,1,F,"[[""sig_n""]]","[{""slot"":1,""relation_id"":""148d24e1b86422ab"",""state"":""F"",""names"":[""sig_n""],""history"":null}]",F[sig_n],0.6608695652173913,-0.12173913043478261,0.660606678460565,0.7820494634005224,-0.1214427849399574,0.00029634549482520213,0.6604813581025758,0.7820198605225075,-0.12153850241993171,0.00020062801485089547,posthoc_arithmetic_from_saved_coefficients
2,1,441,甲,normal,selection_error,above,R_8b0d2a6b7293001d_t326,H,"[[""sig_e""]]","[{""slot"":0,""relation_id"":""0377d3f53e6d3d8e"",""state"":""H"",""names"":[""sig_e""],""history"":{""sig_e"":12}}]",H[sig_e],0.782608695652174,2,wrong,wrong,R_bfecf95ccc797855,2,F,"[[""sig_n""]]","[{""slot"":4,""relation_id"":""89c4b9bc305d860e"",""state"":""F"",""names"":[""sig_n""],""history"":null}]",F[sig_n],0.6608695652173913,-0.12173913043478261,0.6606954703397768,0.7820494634005224,-0.12135399306074564,0.00038513737403697427,0.6605701696777713,0.7820198605225075,-0.12144969084473624,0.0002894395900463727,posthoc_arithmetic_from_saved_coefficients
2,1,884,甲,exception,selection_error,above,R_7b6b1008b48c1115_t794,H,"[[""sig_e""]]","[{""slot"":10,""relation_id"":""91fe582ffa28bec3"",""state"":""H"",""names"":[""sig_e""],""history"":{""sig_e"":1}}]",H[sig_e],0.9117647058823529,2,wrong,wrong,R_fad8f670be5b8f88,1,F,"[[""sig_e""]]","[{""slot"":11,""relation_id"":""f54b813f53e1a947"",""state"":""F"",""names"":[""sig_e""],""history"":null}]",F[sig_e],0.6785714285714286,-0.23319327731092437,0.6783899847049425,0.9120418267724838,-0.23365184206754133,-0.0004585647566169559,0.6783518712938564,0.9118961345756963,-0.23354426328183991,-0.00035098597091553417,posthoc_arithmetic_from_saved_coefficients
2,1,884,甲,exception,selection_error,above,R_7b6b1008b48c1115_t794,H,"[[""sig_e""]]","[{""slot"":10,""relation_id"":""91fe582ffa28bec3"",""state"":""H"",""names"":[""sig_e""],""history"":{""sig_e"":1}}]",H[sig_e],0.9117647058823529,2,wrong,wrong,R_cba6e738d8760069,2,F,"[[""sig_e""]]","[{""slot"":9,""relation_id"":""f95ae74183d0e094"",""state"":""F"",""names"":[""sig_e""],""history"":null}]",F[sig_e],0.6422018348623854,-0.2695628710199676,0.6420724587619003,0.9120418267724838,-0.2699693680105834,-0.0004064969906157772,0.6420308025183923,0.9118961345756963,-0.269865332057304,-0.00030246103733638677,posthoc_arithmetic_from_saved_coefficients
2,1,967,乙,normal,selection_error,above,R_0e5d236bf5b42b15_t839,H,"[[""sig_e""]]","[{""slot"":6,""relation_id"":""5170d2dbdf2478f2"",""state"":""H"",""names"":[""sig_e""],""history"":{""sig_e"":10}}]",H[sig_e],0.7746478873239436,5,wrong,wrong,R_f10dc019491698d2,1,F,"[[""sig_n""]]","[{""slot"":9,""relation_id"":""b581fe35a4e07667"",""state"":""F"",""names"":[""sig_n""],""history"":null}]",F[sig_n],0.6554621848739496,-0.11918570244999409,0.6548496135034734,0.7739197612330454,-0.11907014772957204,0.00011555472042204048,0.6548121926645157,0.7738038513580634,-0.11899165869354765,0.0001940437564464282,posthoc_arithmetic_from_saved_coefficients
2,1,967,乙,normal,selection_error,above,R_0e5d236bf5b42b15_t839,H,"[[""sig_e""]]","[{""slot"":6,""relation_id"":""5170d2dbdf2478f2"",""state"":""H"",""names"":[""sig_e""],""history"":{""sig_e"":10}}]",H[sig_e],0.7746478873239436,5,wrong,wrong,R_9e4d965d6b6585c5,2,F,"[[""sig_n""]]","[{""slot"":1,""relation_id"":""466bd5873fd72a6f"",""state"":""F"",""names"":[""sig_n""],""history"":null}]",F[sig_n],0.6440677966101694,-0.13058009071377416,0.6437257124183767,0.7739197612330454,-0.1301940488146687,0.0003860418991054637,0.6436924850735025,0.7738038513580634,-0.13011136628456094,0.0004687244292132257,posthoc_arithmetic_from_saved_coefficients
2,1,967,乙,normal,selection_error,above,R_0e5d236bf5b42b15_t839,H,"[[""sig_e""]]","[{""slot"":6,""relation_id"":""5170d2dbdf2478f2"",""state"":""H"",""names"":[""sig_e""],""history"":{""sig_e"":10}}]",H[sig_e],0.7746478873239436,5,wrong,wrong,R_fe7b42b67bef503d,3,F,"[[""sig_n""]]","[{""slot"":1,""relation_id"":""466bd5873fd72a6f"",""state"":""F"",""names"":[""sig_n""],""history"":null}]",F[sig_n],0.6440677966101694,-0.13058009071377416,0.6442609810715352,0.7739197612330454,-0.12965878016151025,0.0009213105522639097,0.6442275966775857,0.7738038513580634,-0.1295762546804778,0.0010038360332963914,posthoc_arithmetic_from_saved_coefficients
2,1,967,乙,normal,selection_error,above,R_0e5d236bf5b42b15_t839,H,"[[""sig_e""]]","[{""slot"":6,""relation_id"":""5170d2dbdf2478f2"",""state"":""H"",""names"":[""sig_e""],""history"":{""sig_e"":10}}]",H[sig_e],0.7746478873239436,5,wrong,wrong,R_a3e2181b14bbde85,4,F,"[[""sig_n""]]","[{""slot"":10,""relation_id"":""b581fe35a4e07667"",""state"":""F"",""names"":[""sig_n""],""history"":null}]",F[sig_n],0.6440677966101694,-0.13058009071377416,0.643802946735531,0.7739197612330454,-0.13011681449751453,0.00046327621625964175,0.6437697352393162,0.7738038513580634,-0.13003411611874724,0.0005459745950269351,posthoc_arithmetic_from_saved_coefficients
2,1,967,乙,normal,selection_error,above,R_0e5d236bf5b42b15_t839,H,"[[""sig_e""]]","[{""slot"":6,""relation_id"":""5170d2dbdf2478f2"",""state"":""H"",""names"":[""sig_e""],""history"":{""sig_e"":10}}]",H[sig_e],0.7746478873239436,5,wrong,wrong,R_442da8a01aca35ec,5,F,"[[""sig_n""]]","[{""slot"":9,""relation_id"":""ec45f2642ad90960"",""state"":""F"",""names"":[""sig_n""],""history"":null}]",F[sig_n],0.584070796460177,-0.19057709086376667,0.5842119408491699,0.7739197612330454,-0.18970782038387554,0.0008692704798911325,0.584184458384493,0.7738038513580634,-0.1896193929735705,0.0009576978901961849,posthoc_arithmetic_from_saved_coefficients
2,1,1176,甲,exception,selection_error,above,R_7b6b1008b48c1115_t1173,U,[[]],"[{""slot"":10,""relation_id"":""7a91b61bd8c1b3ff"",""state"":""U"",""names"":[],""history"":null}]",U,0.8571428571428571,3,wrong,wrong,R_2616bfa67113bd38,1,H,"[[""sig_e""]]","[{""slot"":3,""relation_id"":""65a3c403513725c8"",""state"":""H"",""names"":[""sig_e""],""history"":{""sig_e"":2}}]",H[sig_e],0.8405797101449275,-0.016563146997929608,0.840751981236926,0.85739966576163,-0.01664768452470406,-8.453752677445498e-05,0.8407158865243812,0.8572736512754243,-0.01655776475104313,5.3822468864775054e-06,posthoc_arithmetic_from_saved_coefficients
2,1,1176,甲,exception,selection_error,above,R_7b6b1008b48c1115_t1173,U,[[]],"[{""slot"":10,""relation_id"":""7a91b61bd8c1b3ff"",""state"":""U"",""names"":[],""history"":null}]",U,0.8571428571428571,3,wrong,wrong,R_4767122da6895de8,2,F,"[[""sig_e""]]","[{""slot"":11,""relation_id"":""f696b48637a73e47"",""state"":""F"",""names"":[""sig_e""],""history"":null}]",F[sig_e],0.6554621848739496,-0.20168067226890757,0.6549137866723195,0.85739966576163,-0.20248587908931054,-0.0008052068204029742,0.6548763423768803,0.8572736512754243,-0.20239730889854401,-0.0007166366296364655,posthoc_arithmetic_from_saved_coefficients
2,1,1176,甲,exception,selection_error,above,R_7b6b1008b48c1115_t1173,U,[[]],"[{""slot"":10,""relation_id"":""7a91b61bd8c1b3ff"",""state"":""U"",""names"":[],""history"":null}]",U,0.8571428571428571,3,wrong,wrong,R_7fee673cb73ad3c7,3,F,"[[""sig_e""]]","[{""slot"":3,""relation_id"":""4d0dfbd717706d99"",""state"":""F"",""names"":[""sig_e""],""history"":null}]",F[sig_e],0.6206896551724138,-0.23645320197044334,0.6211166322586821,0.85739966576163,-0.23628303350294785,0.00017016846749548801,0.6210810987643922,0.8572736512754243,-0.23619255251103208,0.00026064945941126354,posthoc_arithmetic_from_saved_coefficients
2,1,1196,甲,exception,selection_error,above,R_7b6b1008b48c1115_t1173,H,"[[""sig_e""]]","[{""slot"":10,""relation_id"":""7a91b61bd8c1b3ff"",""state"":""H"",""names"":[""sig_e""],""history"":{""sig_e"":1}}]",H[sig_e],0.8652482269503546,3,wrong,wrong,R_2616bfa67113bd38,1,H,"[[""sig_e""]]","[{""slot"":3,""relation_id"":""65a3c403513725c8"",""state"":""H"",""names"":[""sig_e""],""history"":{""sig_e"":3}}]",H[sig_e],0.8405797101449275,-0.024668516805427074,0.840757021211282,0.8657564536896206,-0.02499943247833862,-0.00033091567291154684,0.8407209283363863,0.8656271918164952,-0.02490626348010887,-0.00023774667468179532,posthoc_arithmetic_from_saved_coefficients
2,1,1196,甲,exception,selection_error,above,R_7b6b1008b48c1115_t1173,H,"[[""sig_e""]]","[{""slot"":10,""relation_id"":""7a91b61bd8c1b3ff"",""state"":""H"",""names"":[""sig_e""],""history"":{""sig_e"":1}}]",H[sig_e],0.8652482269503546,3,wrong,wrong,R_4767122da6895de8,2,F,"[[""sig_e""]]","[{""slot"":11,""relation_id"":""f696b48637a73e47"",""state"":""F"",""names"":[""sig_e""],""history"":null}]",F[sig_e],0.6554621848739496,-0.20978604207640503,0.6549183419907052,0.8657564536896206,-0.2108381116989155,-0.0010520696225104747,0.654880899276266,0.8656271918164952,-0.2107462925402291,-0.0009602504638240895,posthoc_arithmetic_from_saved_coefficients
2,1,1196,甲,exception,selection_error,above,R_7b6b1008b48c1115_t1173,H,"[[""sig_e""]]","[{""slot"":10,""relation_id"":""7a91b61bd8c1b3ff"",""state"":""H"",""names"":[""sig_e""],""history"":{""sig_e"":1}}]",H[sig_e],0.8652482269503546,3,wrong,wrong,R_7fee673cb73ad3c7,3,F,"[[""sig_e""]]","[{""slot"":3,""relation_id"":""4d0dfbd717706d99"",""state"":""F"",""names"":[""sig_e""],""history"":null}]",F[sig_e],0.6206896551724138,-0.24455857177794083,0.6211210610503389,0.8657564536896206,-0.24463539263928175,-7.682086134093182e-05,0.6210855290838205,0.8656271918164952,-0.2445416627326747,1.6909045266132304e-05,posthoc_arithmetic_from_saved_coefficients
2,1,1197,乙,normal,selection_error,above,R_0e5d236bf5b42b15,H,"[[""sig_e""]]","[{""slot"":9,""relation_id"":""94aa3b23abf01c83"",""state"":""H"",""names"":[""sig_e""],""history"":{""sig_e"":9}}]",H[sig_e],0.7746478873239436,4,wrong,wrong,R_a3e2181b14bbde85_t1192,1,F,"[[""sig_n""]]","[{""slot"":1,""relation_id"":""0755a1be02304d47"",""state"":""F"",""names"":[""sig_n""],""history"":null}]",F[sig_n],0.6440677966101694,-0.13058009071377416,0.6437283892274785,0.7739149012912975,-0.13018651206381893,0.0003935786499552502,0.643695158839579,0.773798998937697,-0.130103840098118,0.0004762506156561612,posthoc_arithmetic_from_saved_coefficients
2,1,1197,乙,normal,selection_error,above,R_0e5d236bf5b42b15,H,"[[""sig_e""]]","[{""slot"":9,""relation_id"":""94aa3b23abf01c83"",""state"":""H"",""names"":[""sig_e""],""history"":{""sig_e"":9}}]",H[sig_e],0.7746478873239436,4,wrong,wrong,R_533f0b68a9c93324,2,F,"[[""sig_n""]]","[{""slot"":0,""relation_id"":""0f03b3a77aa3e32f"",""state"":""F"",""names"":[""sig_n""],""history"":null}]",F[sig_n],0.6440677966101694,-0.13058009071377416,0.6443851091262924,0.7739149012912975,-0.12952979216500507,0.0010502985487690977,0.6443517379481866,0.773798998937697,-0.12944726098951043,0.0011328297242637433,posthoc_arithmetic_from_saved_coefficients
2,1,1197,乙,normal,selection_error,above,R_0e5d236bf5b42b15,H,"[[""sig_e""]]","[{""slot"":9,""relation_id"":""94aa3b23abf01c83"",""state"":""H"",""names"":[""sig_e""],""history"":{""sig_e"":9}}]",H[sig_e],0.7746478873239436,4,wrong,wrong,R_48939b4afa3d5c42,3,F,"[[""sig_n""]]","[{""slot"":11,""relation_id"":""ff99aadf8b490dc1"",""state"":""F"",""names"":[""sig_n""],""history"":null}]",F[sig_n],0.6440677966101694,-0.13058009071377416,0.6437005737325641,0.7739149012912975,-0.1302143275587334,0.00036576315504076263,0.6436673453339395,0.773798998937697,-0.13013165360375736,0.0004484371100168054,posthoc_arithmetic_from_saved_coefficients
2,1,1197,乙,normal,selection_error,above,R_0e5d236bf5b42b15,H,"[[""sig_e""]]","[{""slot"":9,""relation_id"":""94aa3b23abf01c83"",""state"":""H"",""names"":[""sig_e""],""history"":{""sig_e"":9}}]",H[sig_e],0.7746478873239436,4,wrong,wrong,R_9e4d965d6b6585c5,4,F,"[[""sig_n""]]","[{""slot"":1,""relation_id"":""466bd5873fd72a6f"",""state"":""F"",""names"":[""sig_n""],""history"":null}]",F[sig_n],0.6440677966101694,-0.13058009071377416,0.6437208461497722,0.7739149012912975,-0.1301940551415253,0.0003860355722488651,0.6436876253627469,0.773798998937697,-0.13011137357495,0.0004687171388241529,posthoc_arithmetic_from_saved_coefficients
2,1,1217,乙,normal,selection_error,above,R_0e5d236bf5b42b15,H,"[[""sig_e""]]","[{""slot"":9,""relation_id"":""94aa3b23abf01c83"",""state"":""H"",""names"":[""sig_e""],""history"":{""sig_e"":11}}]",H[sig_e],0.782608695652174,5,wrong,wrong,R_fe7b42b67bef503d_t1202,1,F,"[[""sig_n""]]","[{""slot"":2,""relation_id"":""4ff43fc965971195"",""state"":""F"",""names"":[""sig_n""],""history"":null}]",F[sig_n],0.6608695652173913,-0.12173913043478261,0.6610556620559984,0.7820779758498961,-0.12102231379389768,0.0007168166408849357,0.6610199449603963,0.7819599012853266,-0.1209399563249303,0.0007991741098523058,posthoc_arithmetic_from_saved_coefficients
2,1,1217,乙,normal,selection_error,above,R_0e5d236bf5b42b15,H,"[[""sig_e""]]","[{""slot"":9,""relation_id"":""94aa3b23abf01c83"",""state"":""H"",""names"":[""sig_e""],""history"":{""sig_e"":11}}]",H[sig_e],0.782608695652174,5,wrong,wrong,R_f10dc019491698d2_t1198,2,F,"[[""sig_n""]]","[{""slot"":0,""relation_id"":""0755a1be02304d47"",""state"":""F"",""names"":[""sig_n""],""history"":null}]",F[sig_n],0.6608695652173913,-0.12173913043478261,0.6605308085575746,0.7820779758498961,-0.12154716729232151,0.00019196314246110137,0.660495233964249,0.7819599012853266,-0.12146466732107752,0.00027446311370508904,posthoc_arithmetic_from_saved_coefficients
2,1,1217,乙,normal,selection_error,above,R_0e5d236bf5b42b15,H,"[[""sig_e""]]","[{""slot"":9,""relation_id"":""94aa3b23abf01c83"",""state"":""H"",""names"":[""sig_e""],""history"":{""sig_e"":11}}]",H[sig_e],0.782608695652174,5,wrong,wrong,R_a3e2181b14bbde85_t1192,3,F,"[[""sig_n""]]","[{""slot"":1,""relation_id"":""0755a1be02304d47"",""state"":""F"",""names"":[""sig_n""],""history"":null}]",F[sig_n],0.6608695652173913,-0.12173913043478261,0.6605208820623714,0.7820779758498961,-0.12155709378752479,0.0001820366472578245,0.6604853144743261,0.7819599012853266,-0.12147458681100042,0.00026454362378219544,posthoc_arithmetic_from_saved_coefficients
2,1,1217,乙,normal,selection_error,above,R_0e5d236bf5b42b15,H,"[[""sig_e""]]","[{""slot"":9,""relation_id"":""94aa3b23abf01c83"",""state"":""H"",""names"":[""sig_e""],""history"":{""sig_e"":11}}]",H[sig_e],0.782608695652174,5,wrong,wrong,R_533f0b68a9c93324,4,F,"[[""sig_n""]]","[{""slot"":0,""relation_id"":""0f03b3a77aa3e32f"",""state"":""F"",""names"":[""sig_n""],""history"":null}]",F[sig_n],0.6608695652173913,-0.12173913043478261,0.6611863817500715,0.7820779758498961,-0.12089159409982467,0.0008475363349579467,0.6611506713764227,0.7819599012853266,-0.12080922990890387,0.0009299005258787338,posthoc_arithmetic_from_saved_coefficients
2,1,1217,乙,normal,selection_error,above,R_0e5d236bf5b42b15,H,"[[""sig_e""]]","[{""slot"":9,""relation_id"":""94aa3b23abf01c83"",""state"":""H"",""names"":[""sig_e""],""history"":{""sig_e"":11}}]",H[sig_e],0.782608695652174,5,wrong,wrong,R_48939b4afa3d5c42,5,F,"[[""sig_n""]]","[{""slot"":11,""relation_id"":""ff99aadf8b490dc1"",""state"":""F"",""names"":[""sig_n""],""history"":null}]",F[sig_n],0.6608695652173913,-0.12173913043478261,0.6604926943267244,0.7820779758498961,-0.12158528152317177,0.00015384891161084169,0.660457128759488,0.7819599012853266,-0.12150277252583852,0.00023635790894409024,posthoc_arithmetic_from_saved_coefficients
2,1,1233,乙,exception,selection_error,above,R_cb63a1ebfc31098d_t1224,U,[[]],"[{""slot"":5,""relation_id"":""57314aa530da09b9"",""state"":""U"",""names"":[],""history"":null}]",U,0.8759124087591241,2,wrong,wrong,R_39849c23dc9b5427_t1020,1,F,"[[""sig_e""]]","[{""slot"":11,""relation_id"":""f69782cef41d646a"",""state"":""F"",""names"":[""sig_e""],""history"":null}]",F[sig_e],0.6724137931034483,-0.2034986156556758,0.6719167907819391,0.8760046971339678,-0.20408790635202861,-0.0005892906963527982,0.6717865162640518,0.8759719823840278,-0.2041854661199761,-0.0006868504643002692,posthoc_arithmetic_from_saved_coefficients
2,1,1233,乙,exception,selection_error,above,R_cb63a1ebfc31098d_t1224,U,[[]],"[{""slot"":5,""relation_id"":""57314aa530da09b9"",""state"":""U"",""names"":[],""history"":null}]",U,0.8759124087591241,2,wrong,wrong,R_318bd7a438f80cc5,2,F,"[[""sig_e""]]","[{""slot"":3,""relation_id"":""37bd66917589b492"",""state"":""F"",""names"":[""sig_e""],""history"":null}]",F[sig_e],0.6608695652173913,-0.21504284354173278,0.6612292183817793,0.8760046971339678,-0.21477547875218844,0.0002673647895443503,0.6611037452673122,0.8759719823840278,-0.21486823711671568,0.00017460642501710726,posthoc_arithmetic_from_saved_coefficients
2,2,263,甲,normal,selection_error,above,R_8b0d2a6b7293001d,H,"[[""sig_e""]]","[{""slot"":11,""relation_id"":""de6c549c56410c2c"",""state"":""H"",""names"":[""sig_e""],""history"":{""sig_e"":8}}]",H[sig_e],0.7913669064748201,1,wrong,wrong,R_d13632637df56212,1,F,"[[""sig_n""]]","[{""slot"":9,""relation_id"":""bc98d2c66c47eaa9"",""state"":""F"",""names"":[""sig_n""],""history"":null}]",F[sig_n],0.6724137931034483,-0.11895311337137186,0.6724409527472729,0.7904679912725747,-0.1180270385253018,0.0009260748460700676,0.6723751161625604,0.7903944515651029,-0.11801933540254246,0.000933777968829403,posthoc_arithmetic_from_saved_coefficients
2,2,760,甲,exception,selection_error,above,R_7b6b1008b48c1115_t711,H,"[[""sig_n""]]","[{""slot"":0,""relation_id"":""1a8972a74c9bae05"",""state"":""H"",""names"":[""sig_n""],""history"":{""sig_n"":1}}]",H[sig_n],0.75,1,wrong,wrong,R_0d2029ba5ef8463b,1,F,"[[""sig_e""]]","[{""slot"":1,""relation_id"":""29138cb253d4d676"",""state"":""F"",""names"":[""sig_e""],""history"":null}]",F[sig_e],0.639344262295082,-0.11065573770491803,0.6395327094639283,0.7493268748969609,-0.1097941654330327,0.0008615722718853222,0.6394604936479018,0.7492764334831626,-0.10981593983526089,0.000839797869657148,posthoc_arithmetic_from_saved_coefficients
2,2,763,乙,exception,selection_error,above,R_9d6e4b5f291af53c,U,[[]],"[{""slot"":10,""relation_id"":""a9a4cd4969662b7c"",""state"":""U"",""names"":[],""history"":null}]",U,0.8148148148148148,1,wrong,wrong,R_087c496985522e2e,1,F,"[[""sig_e""]]","[{""slot"":7,""relation_id"":""b10db6b0930a4593"",""state"":""F"",""names"":[""sig_e""],""history"":null}]",F[sig_e],0.5964912280701754,-0.21832358674463936,0.596377784875801,0.8152802358635438,-0.21890245098774283,-0.0005788642431034412,0.5963216784163411,0.8152092531760043,-0.21888757475966322,-0.0005639880150238581,posthoc_arithmetic_from_saved_coefficients
2,2,906,乙,exception,selection_error,above,R_572f65c1e0a7565d,U,[[]],"[{""slot"":0,""relation_id"":""10c4f30c0f0a32f3"",""state"":""U"",""names"":[],""history"":null}]",U,0.8615384615384616,4,correct,correct,R_3ad0209336a6e37e,1,H,"[[""sig_e""]]","[{""slot"":3,""relation_id"":""1d243f4bce174632"",""state"":""H"",""names"":[""sig_e""],""history"":{""sig_e"":3}}]",H[sig_e],0.8615384615384616,0.0,0.8623069118924666,0.8616043985010794,0.00070251339138715,0.00070251339138715,0.86224119474507,0.8615219209895733,0.0007192737554967472,0.0007192737554967472,posthoc_arithmetic_from_saved_coefficients
2,2,906,乙,exception,selection_error,above,R_572f65c1e0a7565d,U,[[]],"[{""slot"":0,""relation_id"":""10c4f30c0f0a32f3"",""state"":""U"",""names"":[],""history"":null}]",U,0.8615384615384616,4,correct,correct,R_4c7fb8909af1774e,2,F,"[[""sig_e""]]","[{""slot"":6,""relation_id"":""885084732b9aed2e"",""state"":""F"",""names"":[""sig_e""],""history"":null}]",F[sig_e],0.6902654867256637,-0.17127297481279782,0.6904418139068803,0.8616043985010794,-0.1711625845941991,0.00011039021859872223,0.6903721513341359,0.8615219209895733,-0.17114976965543735,0.00012320515736047058,posthoc_arithmetic_from_saved_coefficients
2,2,906,乙,exception,selection_error,above,R_572f65c1e0a7565d,U,[[]],"[{""slot"":0,""relation_id"":""10c4f30c0f0a32f3"",""state"":""U"",""names"":[],""history"":null}]",U,0.8615384615384616,4,correct,correct,R_9bc40d505af93c42,3,F,"[[""sig_e""]]","[{""slot"":6,""relation_id"":""b494bbe19167eda4"",""state"":""F"",""names"":[""sig_e""],""history"":null}]",F[sig_e],0.6785714285714286,-0.18296703296703296,0.6784765665624675,0.8616043985010794,-0.18312783193861198,-0.00016079897157900882,0.6784109339411976,0.8615219209895733,-0.18311098704837572,-0.00014395408134275364,posthoc_arithmetic_from_saved_coefficients
2,2,906,乙,exception,selection_error,above,R_572f65c1e0a7565d,U,[[]],"[{""slot"":0,""relation_id"":""10c4f30c0f0a32f3"",""state"":""U"",""names"":[],""history"":null}]",U,0.8615384615384616,4,correct,correct,R_087c496985522e2e,4,F,"[[""sig_e""]]","[{""slot"":7,""relation_id"":""b10db6b0930a4593"",""state"":""F"",""names"":[""sig_e""],""history"":null}]",F[sig_e],0.6296296296296297,-0.2319088319088319,0.6294938085670954,0.8616043985010794,-0.2321105899339841,-0.00020175802515219555,0.629430367811708,0.8615219209895733,-0.2320915531778653,-0.00018272126903339655,posthoc_arithmetic_from_saved_coefficients
2,2,1060,乙,exception,selection_error,above,R_ad9c6c2c137d6a9d,U,[[]],"[{""slot"":0,""relation_id"":""009895f29d8f4856"",""state"":""U"",""names"":[],""history"":null}]",U,0.8235294117647058,3,wrong,wrong,R_318bd7a438f80cc5,1,F,"[[""sig_e""]]","[{""slot"":7,""relation_id"":""d5bb0080d7653067"",""state"":""F"",""names"":[""sig_e""],""history"":null}]",F[sig_e],0.6554621848739496,-0.16806722689075632,0.6556823846247377,0.8236457870818316,-0.16796340245709385,0.00010382443366245524,0.6556202315171445,0.8235719012799567,-0.16795166976281217,0.0001155571279441377,posthoc_arithmetic_from_saved_coefficients
2,2,1060,乙,exception,selection_error,above,R_ad9c6c2c137d6a9d,U,[[]],"[{""slot"":0,""relation_id"":""009895f29d8f4856"",""state"":""U"",""names"":[],""history"":null}]",U,0.8235294117647058,3,wrong,wrong,R_4c7fb8909af1774e,2,F,"[[""sig_e""]]","[{""slot"":6,""relation_id"":""885084732b9aed2e"",""state"":""F"",""names"":[""sig_e""],""history"":null}]",F[sig_e],0.6554621848739496,-0.16806722689075632,0.655653017451349,0.8236457870818316,-0.16799276963048268,7.445726027361749e-05,0.6555908718183856,0.8235719012799567,-0.16798102946157115,8.619742918516743e-05,posthoc_arithmetic_from_saved_coefficients
2,2,1060,乙,exception,selection_error,above,R_ad9c6c2c137d6a9d,U,[[]],"[{""slot"":0,""relation_id"":""009895f29d8f4856"",""state"":""U"",""names"":[],""history"":null}]",U,0.8235294117647058,3,wrong,wrong,R_615a9d05e33fa310,3,F,"[[""sig_e""]]","[{""slot"":6,""relation_id"":""a29d0ba0e2d67534"",""state"":""F"",""names"":[""sig_e""],""history"":null}]",F[sig_e],0.6086956521739131,-0.21483375959079284,0.6086248660418729,0.8236457870818316,-0.21502092103995868,-0.00018716144916584138,0.6085694450266524,0.8235719012799567,-0.21500245625330422,-0.0001686966625113811,posthoc_arithmetic_from_saved_coefficients
2,2,1340,乙,normal,distinction_loss,below,R_0e5d236bf5b42b15,H,"[[""sig_e""]]","[{""slot"":14,""relation_id"":""d58732bd8767a0d6"",""state"":""H"",""names"":[""sig_e""],""history"":{""sig_e"":1}}]",H[sig_e],0.7659574468085106,0,wrong,wrong,,,,,,門上候補なし,,,,0.7652966926368008,,,,0.7652435503724307,,,not_applicable_no_correct_above_gate
2,2,1668,乙,exception,selection_error,above,R_cb63a1ebfc31098d_t1576,U,[[]],"[{""slot"":8,""relation_id"":""65c2a91ecf9d043d"",""state"":""U"",""names"":[],""history"":null}]",U,0.8759124087591241,4,wrong,wrong,R_22604ec5e16d756f,1,H,"[[""sig_e""]]","[{""slot"":2,""relation_id"":""15a2feec09fa3ed6"",""state"":""H"",""names"":[""sig_e""],""history"":{""sig_e"":1}}]",H[sig_e],0.8507462686567164,-0.02516614010240767,0.8512060392939074,0.8760425211812392,-0.02483648188733174,0.0003296582150759293,0.8511411688170346,0.8759634448372221,-0.024822276020187564,0.000343864082220106,posthoc_arithmetic_from_saved_coefficients
2,2,1668,乙,exception,selection_error,above,R_cb63a1ebfc31098d_t1576,U,[[]],"[{""slot"":8,""relation_id"":""65c2a91ecf9d043d"",""state"":""U"",""names"":[],""history"":null}]",U,0.8759124087591241,4,wrong,wrong,R_8307fbbf05ba494f,2,H,"[[""sig_e""]]","[{""slot"":10,""relation_id"":""b7bd9c97dce99734"",""state"":""H"",""names"":[""sig_e""],""history"":{""sig_e"":1}}]",H[sig_e],0.8507462686567164,-0.02516614010240767,0.8513906389214948,0.8760425211812392,-0.024651882259744393,0.0005142578426632774,0.851325757586731,0.8759634448372221,-0.02463768725049111,0.0005284528519165615,posthoc_arithmetic_from_saved_coefficients
2,2,1668,乙,exception,selection_error,above,R_cb63a1ebfc31098d_t1576,U,[[]],"[{""slot"":8,""relation_id"":""65c2a91ecf9d043d"",""state"":""U"",""names"":[],""history"":null}]",U,0.8759124087591241,4,wrong,wrong,R_3ad0209336a6e37e,3,H,"[[""sig_e""]]","[{""slot"":9,""relation_id"":""6c0194359fb4f599"",""state"":""H"",""names"":[""sig_e""],""history"":{""sig_e"":3}}]",H[sig_e],0.8507462686567164,-0.02516614010240767,0.8513317152963186,0.8760425211812392,-0.024710805884920604,0.00045533421748706525,0.8512668362430681,0.8759634448372221,-0.024696608594154068,0.00046953150825360134,posthoc_arithmetic_from_saved_coefficients
2,2,1668,乙,exception,selection_error,above,R_cb63a1ebfc31098d_t1576,U,[[]],"[{""slot"":8,""relation_id"":""65c2a91ecf9d043d"",""state"":""U"",""names"":[],""history"":null}]",U,0.8759124087591241,4,wrong,wrong,R_318bd7a438f80cc5_t1593,4,F,"[[""sig_e""]]","[{""slot"":10,""relation_id"":""eb43031dd371b24f"",""state"":""F"",""names"":[""sig_e""],""history"":null}]",F[sig_e],0.6724137931034483,-0.2034986156556758,0.6726350263896917,0.8760425211812392,-0.20340749479154746,9.112086412836195e-05,0.6725692268719188,0.8759634448372221,-0.20339421796530338,0.00010439769037243174,posthoc_arithmetic_from_saved_coefficients
2,3,107,甲,normal,selection_error,above,R_8b0d2a6b7293001d,H,"[[""sig_e""]]","[{""slot"":2,""relation_id"":""0f1c6dac509a1a18"",""state"":""H"",""names"":[""sig_e""],""history"":{""sig_e"":1}}]",H[sig_e],0.8088235294117647,1,wrong,wrong,R_beb6d0d0aa09b5d2,1,none,[],[],席が無い,0.4742268041237113,-0.33459672528805334,0.4729576573535128,0.807746601382313,-0.3347889440288002,-0.00019221874074683325,0.4729219246471358,0.807628465667942,-0.33470654102080616,-0.00010981573275280538,posthoc_arithmetic_from_saved_coefficients
2,3,339,甲,normal,selection_error,above,R_8b0d2a6b7293001d,H,"[[""sig_e""]]","[{""slot"":9,""relation_id"":""9ae8547c6ae0d604"",""state"":""H"",""names"":[""sig_e""],""history"":{""sig_e"":8}}]",H[sig_e],0.782608695652174,1,wrong,wrong,R_bfecf95ccc797855,1,F,"[[""sig_n""]]","[{""slot"":5,""relation_id"":""bf4459204d2bc1c3"",""state"":""F"",""names"":[""sig_n""],""history"":null}]",F[sig_n],0.6608695652173913,-0.12173913043478261,0.6602111904715354,0.781715801954638,-0.1215046114831025,0.00023451895168011332,0.6601690166151336,0.7816068013351144,-0.12143778471998078,0.0003013457148018377,posthoc_arithmetic_from_saved_coefficients
2,3,491,乙,exception,selection_error,above,R_cb63a1ebfc31098d_t397,U,[[]],"[{""slot"":10,""relation_id"":""b8debe6b3858eca1"",""state"":""U"",""names"":[],""history"":null}]",U,0.8840579710144928,1,wrong,wrong,R_22604ec5e16d756f,1,H,"[[""sig_e""]]","[{""slot"":1,""relation_id"":""1345e75f34f73e3b"",""state"":""H"",""names"":[""sig_e""],""history"":{""sig_e"":11}}]",H[sig_e],0.8592592592592593,-0.024798711755233495,0.8595412102452965,0.8840774822118116,-0.024536271966515023,0.00026243978871847004,0.8594953578156397,0.8839519571293657,-0.02445659931372601,0.00034211244150748427,posthoc_arithmetic_from_saved_coefficients
2,3,938,乙,exception,selection_error,above,R_cb63a1ebfc31098d_t857,H,"[[""sig_n""]]","[{""slot"":14,""relation_id"":""e018c697c8451ccd"",""state"":""H"",""names"":[""sig_n""],""history"":{""sig_n"":12}}]",H[sig_n],0.7659574468085106,5,wrong,wrong,R_318bd7a438f80cc5,1,F,"[[""sig_e""]]","[{""slot"":8,""relation_id"":""bc0d6a54c75083f8"",""state"":""F"",""names"":[""sig_e""],""history"":null}]",F[sig_e],0.6554621848739496,-0.11049526193456106,0.655252552867303,0.7650792058171149,-0.10982665294981186,0.0006686089847491986,0.6552087049611539,0.7649755453520757,-0.1097668403909218,0.0007284215436392626,posthoc_arithmetic_from_saved_coefficients
2,3,938,乙,exception,selection_error,above,R_cb63a1ebfc31098d_t857,H,"[[""sig_n""]]","[{""slot"":14,""relation_id"":""e018c697c8451ccd"",""state"":""H"",""names"":[""sig_n""],""history"":{""sig_n"":12}}]",H[sig_n],0.7659574468085106,5,wrong,wrong,R_4c7fb8909af1774e,2,F,"[[""sig_e""]]","[{""slot"":5,""relation_id"":""c0515ea3a3e6addd"",""state"":""F"",""names"":[""sig_e""],""history"":null}]",F[sig_e],0.6554621848739496,-0.11049526193456106,0.6551148806146135,0.7650792058171149,-0.10996432520250134,0.0005309367320597267,0.6550710504087269,0.7649755453520757,-0.10990449494334875,0.0005907669912123102,posthoc_arithmetic_from_saved_coefficients
2,3,938,乙,exception,selection_error,above,R_cb63a1ebfc31098d_t857,H,"[[""sig_n""]]","[{""slot"":14,""relation_id"":""e018c697c8451ccd"",""state"":""H"",""names"":[""sig_n""],""history"":{""sig_n"":12}}]",H[sig_n],0.7659574468085106,5,wrong,wrong,R_39849c23dc9b5427,3,F,"[[""sig_e""]]","[{""slot"":5,""relation_id"":""c0515ea3a3e6addd"",""state"":""F"",""names"":[""sig_e""],""history"":null}]",F[sig_e],0.6440677966101694,-0.12188965019834115,0.6435349892934144,0.7650792058171149,-0.12154421652370045,0.00034543367464069273,0.6434954406465366,0.7649755453520757,-0.12148010470553913,0.0004095454928020133,posthoc_arithmetic_from_saved_coefficients
2,3,938,乙,exception,selection_error,above,R_cb63a1ebfc31098d_t857,H,"[[""sig_n""]]","[{""slot"":14,""relation_id"":""e018c697c8451ccd"",""state"":""H"",""names"":[""sig_n""],""history"":{""sig_n"":12}}]",H[sig_n],0.7659574468085106,5,wrong,wrong,R_a980cbcce2d6b26e,4,F,"[[""sig_e""]]","[{""slot"":2,""relation_id"":""3c2df3f5a3a8606a"",""state"":""F"",""names"":[""sig_e""],""history"":null}]",F[sig_e],0.6440677966101694,-0.12188965019834115,0.6435758474027241,0.7650792058171149,-0.1215033584143907,0.00038629178395045607,0.6435362916968258,0.7649755453520757,-0.12143925365524995,0.0004503965430912,posthoc_arithmetic_from_saved_coefficients
2,3,938,乙,exception,selection_error,above,R_cb63a1ebfc31098d_t857,H,"[[""sig_n""]]","[{""slot"":14,""relation_id"":""e018c697c8451ccd"",""state"":""H"",""names"":[""sig_n""],""history"":{""sig_n"":12}}]",H[sig_n],0.7659574468085106,5,wrong,wrong,R_6e8a065cec942906_t699,5,F,"[[""sig_e""]]","[{""slot"":8,""relation_id"":""dbe0db27ab7cadf7"",""state"":""F"",""names"":[""sig_e""],""history"":null}]",F[sig_e],0.6440677966101694,-0.12188965019834115,0.6435047057550771,0.7650792058171149,-0.12157450006203771,0.00031515013630343104,0.6434651599391465,0.7649755453520757,-0.12151038541292912,0.0003792647854120267,posthoc_arithmetic_from_saved_coefficients
2,3,1291,甲,normal,selection_error,above,R_8b0d2a6b7293001d_t1122,H,"[[""sig_e""]]","[{""slot"":2,""relation_id"":""2401fb2bcd7631d2"",""state"":""H"",""names"":[""sig_e""],""history"":{""sig_e"":4}}]",H[sig_e],0.7659574468085106,1,wrong,wrong,R_627ae67a7f637bdb_t1116,1,F,"[[""sig_n""]]","[{""slot"":1,""relation_id"":""17f3ca05239f8cbc"",""state"":""F"",""names"":[""sig_n""],""history"":null}]",F[sig_n],0.6440677966101694,-0.12188965019834115,0.643746433399738,0.7652113817676414,-0.12146494836790338,0.0004247018304377677,0.6437068670900796,0.7651076543765428,-0.1214007872864632,0.0004888629118779552,posthoc_arithmetic_from_saved_coefficients
2,4,15,甲,exception,selection_error,above,R_7b6b1008b48c1115,U,[[]],"[{""slot"":14,""relation_id"":""e2ed0290228aafaf"",""state"":""U"",""names"":[],""history"":null}]",U,0.9037037037037037,1,wrong,wrong,R_2616bfa67113bd38,1,H,"[[""sig_e""]]","[{""slot"":14,""relation_id"":""caa79fcce4cd3bf9"",""state"":""H"",""names"":[""sig_e""],""history"":{""sig_e"":1}}]",H[sig_e],0.8787878787878788,-0.024915824915824916,0.8790797638257342,0.903671617628265,-0.02459185380253082,0.0003239711132940972,0.8789750933240738,0.9036385263761837,-0.02466343305210986,0.000252391863715055,posthoc_arithmetic_from_saved_coefficients
2,4,22,乙,normal,selection_error,above,R_0e5d236bf5b42b15,H,"[[""sig_e""]]","[{""slot"":5,""relation_id"":""26b7a58ae38ab137"",""state"":""H"",""names"":[""sig_e""],""history"":{""sig_e"":2}}]",H[sig_e],0.8088235294117647,4,wrong,wrong,R_9e4d965d6b6585c5,1,F,"[[""sig_n""]]","[{""slot"":0,""relation_id"":""02b164c51e2f261a"",""state"":""F"",""names"":[""sig_n""],""history"":null}]",F[sig_n],0.6902654867256637,-0.11855804268610098,0.6897617325587113,0.8078516089510156,-0.11808987639230428,0.00046816629379670984,0.6896619466220217,0.8078213797868317,-0.11815943316480984,0.0003986095212911497,posthoc_arithmetic_from_saved_coefficients
2,4,22,乙,normal,selection_error,above,R_0e5d236bf5b42b15,H,"[[""sig_e""]]","[{""slot"":5,""relation_id"":""26b7a58ae38ab137"",""state"":""H"",""names"":[""sig_e""],""history"":{""sig_e"":2}}]",H[sig_e],0.8088235294117647,4,wrong,wrong,R_a3e2181b14bbde85,2,F,"[[""sig_n""]]","[{""slot"":0,""relation_id"":""02b164c51e2f261a"",""state"":""F"",""names"":[""sig_n""],""history"":null}]",F[sig_n],0.6902654867256637,-0.11855804268610098,0.6897176260066545,0.8078516089510156,-0.11813398294436114,0.00042405974173985217,0.6896178428694961,0.8078213797868317,-0.11820353691733552,0.0003545057687654704,posthoc_arithmetic_from_saved_coefficients
2,4,22,乙,normal,selection_error,above,R_0e5d236bf5b42b15,H,"[[""sig_e""]]","[{""slot"":5,""relation_id"":""26b7a58ae38ab137"",""state"":""H"",""names"":[""sig_e""],""history"":{""sig_e"":2}}]",H[sig_e],0.8088235294117647,4,wrong,wrong,R_f10dc019491698d2,3,F,"[[""sig_n""]]","[{""slot"":0,""relation_id"":""02b164c51e2f261a"",""state"":""F"",""names"":[""sig_n""],""history"":null}]",F[sig_n],0.6902654867256637,-0.11855804268610098,0.6897354295268939,0.8078516089510156,-0.11811617942412171,0.00044186326197927803,0.6896356472884955,0.8078213797868317,-0.11818573249833614,0.000372310187764855,posthoc_arithmetic_from_saved_coefficients
2,4,22,乙,normal,selection_error,above,R_0e5d236bf5b42b15,H,"[[""sig_e""]]","[{""slot"":5,""relation_id"":""26b7a58ae38ab137"",""state"":""H"",""names"":[""sig_e""],""history"":{""sig_e"":2}}]",H[sig_e],0.8088235294117647,4,wrong,wrong,R_533f0b68a9c93324,4,F,"[[""sig_n""]]","[{""slot"":2,""relation_id"":""6e3a6daf2be4adc3"",""state"":""F"",""names"":[""sig_n""],""history"":null}]",F[sig_n],0.6902654867256637,-0.11855804268610098,0.6901367182683832,0.8078516089510156,-0.11771489068263241,0.0008431520034685745,0.6900368664299863,0.8078213797868317,-0.1177845133568453,0.0007735293292556942,posthoc_arithmetic_from_saved_coefficients
2,4,132,乙,normal,selection_error,above,R_0e5d236bf5b42b15,H,"[[""sig_e""]]","[{""slot"":5,""relation_id"":""26b7a58ae38ab137"",""state"":""H"",""names"":[""sig_e""],""history"":{""sig_e"":3}}]",H[sig_e],0.8088235294117647,5,wrong,wrong,R_fe7b42b67bef503d,1,F,"[[""sig_n""]]","[{""slot"":1,""relation_id"":""307dd1a0aab2d7d3"",""state"":""F"",""names"":[""sig_n""],""history"":null}]",F[sig_n],0.6902654867256637,-0.11855804268610098,0.6900960065312342,0.8078554743344776,-0.11775946780324338,0.0007985748828576104,0.6899962110536606,0.8078252839517588,-0.11782907289809824,0.0007289697880027481,posthoc_arithmetic_from_saved_coefficients
2,4,132,乙,normal,selection_error,above,R_0e5d236bf5b42b15,H,"[[""sig_e""]]","[{""slot"":5,""relation_id"":""26b7a58ae38ab137"",""state"":""H"",""names"":[""sig_e""],""history"":{""sig_e"":3}}]",H[sig_e],0.8088235294117647,5,wrong,wrong,R_9e4d965d6b6585c5,2,F,"[[""sig_n""]]","[{""slot"":0,""relation_id"":""02b164c51e2f261a"",""state"":""F"",""names"":[""sig_n""],""history"":null}]",F[sig_n],0.6902654867256637,-0.11855804268610098,0.6897657075241037,0.8078554743344776,-0.11808976681037385,0.0004682758757271377,0.6896659606465297,0.8078252839517588,-0.1181593233052291,0.0003987193808718927,posthoc_arithmetic_from_saved_coefficients
2,4,132,乙,normal,selection_error,above,R_0e5d236bf5b42b15,H,"[[""sig_e""]]","[{""slot"":5,""relation_id"":""26b7a58ae38ab137"",""state"":""H"",""names"":[""sig_e""],""history"":{""sig_e"":3}}]",H[sig_e],0.8088235294117647,5,wrong,wrong,R_a3e2181b14bbde85,3,F,"[[""sig_n""]]","[{""slot"":0,""relation_id"":""02b164c51e2f261a"",""state"":""F"",""names"":[""sig_n""],""history"":null}]",F[sig_n],0.6902654867256637,-0.11855804268610098,0.6897216008516707,0.8078554743344776,-0.11813387348280688,0.000424169203294106,0.6896218567724053,0.8078252839517588,-0.1182034271793535,0.0003546155067474879,posthoc_arithmetic_from_saved_coefficients
2,4,132,乙,normal,selection_error,above,R_0e5d236bf5b42b15,H,"[[""sig_e""]]","[{""slot"":5,""relation_id"":""26b7a58ae38ab137"",""state"":""H"",""names"":[""sig_e""],""history"":{""sig_e"":3}}]",H[sig_e],0.8088235294117647,5,wrong,wrong,R_f10dc019491698d2,4,F,"[[""sig_n""]]","[{""slot"":0,""relation_id"":""02b164c51e2f261a"",""state"":""F"",""names"":[""sig_n""],""history"":null}]",F[sig_n],0.6902654867256637,-0.11855804268610098,0.6897394044205017,0.8078554743344776,-0.1181160699139758,0.0004419727721251899,0.6896396612404955,0.8078252839517588,-0.11818562271126336,0.0003724199748376247,posthoc_arithmetic_from_saved_coefficients
2,4,132,乙,normal,selection_error,above,R_0e5d236bf5b42b15,H,"[[""sig_e""]]","[{""slot"":5,""relation_id"":""26b7a58ae38ab137"",""state"":""H"",""names"":[""sig_e""],""history"":{""sig_e"":3}}]",H[sig_e],0.8088235294117647,5,wrong,wrong,R_533f0b68a9c93324,5,F,"[[""sig_n""]]","[{""slot"":2,""relation_id"":""6e3a6daf2be4adc3"",""state"":""F"",""names"":[""sig_n""],""history"":null}]",F[sig_n],0.6902654867256637,-0.11855804268610098,0.6901406942565003,0.8078554743344776,-0.11771478007797734,0.0008432626081236563,0.6900408814874901,0.8078252839517588,-0.11778440246426868,0.0007736402218323178,posthoc_arithmetic_from_saved_coefficients
2,4,245,甲,normal,selection_error,above,R_8b0d2a6b7293001d,H,"[[""sig_e""]]","[{""slot"":14,""relation_id"":""e2d44da8475c6227"",""state"":""H"",""names"":[""sig_e""],""history"":{""sig_e"":9}}]",H[sig_e],0.7746478873239436,4,wrong,wrong,R_a446f7302597b869,1,F,"[[""sig_n""]]","[{""slot"":3,""relation_id"":""44b85958cdf81259"",""state"":""F"",""names"":[""sig_n""],""history"":null}]",F[sig_n],0.6554621848739496,-0.11918570244999409,0.6553874356991636,0.7738692222037616,-0.11848178650459804,0.0007039159453960447,0.655355461949176,0.7737855129288448,-0.11843005097966872,0.0007556514703253599,posthoc_arithmetic_from_saved_coefficients
2,4,245,甲,normal,selection_error,above,R_8b0d2a6b7293001d,H,"[[""sig_e""]]","[{""slot"":14,""relation_id"":""e2d44da8475c6227"",""state"":""H"",""names"":[""sig_e""],""history"":{""sig_e"":9}}]",H[sig_e],0.7746478873239436,4,wrong,wrong,R_d13632637df56212,2,F,"[[""sig_n""]]","[{""slot"":2,""relation_id"":""44b85958cdf81259"",""state"":""F"",""names"":[""sig_n""],""history"":null}]",F[sig_n],0.6554621848739496,-0.11918570244999409,0.6553438824098853,0.7738692222037616,-0.11852533979387642,0.0006603626561176623,0.6553119236110211,0.7737855129288448,-0.11847358931782367,0.0007121131321704143,posthoc_arithmetic_from_saved_coefficients
2,4,245,甲,normal,selection_error,above,R_8b0d2a6b7293001d,H,"[[""sig_e""]]","[{""slot"":14,""relation_id"":""e2d44da8475c6227"",""state"":""H"",""names"":[""sig_e""],""history"":{""sig_e"":9}}]",H[sig_e],0.7746478873239436,4,wrong,wrong,R_627ae67a7f637bdb,3,F,"[[""sig_n""]]","[{""slot"":8,""relation_id"":""a539fd3e0d753d0b"",""state"":""F"",""names"":[""sig_n""],""history"":null}]",F[sig_n],0.6554621848739496,-0.11918570244999409,0.6549198716157055,0.7738692222037616,-0.11894935058805613,0.00023635186193794838,0.6548879958977559,0.7737855129288448,-0.11889751703108889,0.0002881854189051903,posthoc_arithmetic_from_saved_coefficients
2,4,245,甲,normal,selection_error,above,R_8b0d2a6b7293001d,H,"[[""sig_e""]]","[{""slot"":14,""relation_id"":""e2d44da8475c6227"",""state"":""H"",""names"":[""sig_e""],""history"":{""sig_e"":9}}]",H[sig_e],0.7746478873239436,4,wrong,wrong,R_94a5a2e983982a1d,4,F,"[[""sig_n""]]","[{""slot"":4,""relation_id"":""455c51e2be2dd8ac"",""state"":""F"",""names"":[""sig_n""],""history"":null}]",F[sig_n],0.6440677966101694,-0.13058009071377416,0.6437909306594133,0.7738692222037616,-0.13007829154434838,0.0005017991694257953,0.6437622757001727,0.7737855129288448,-0.130023237228672,0.0005568534851021695,posthoc_arithmetic_from_saved_coefficients
2,4,355,甲,normal,selection_error,above,R_8b0d2a6b7293001d_t341,H,"[[""sig_e""]]","[{""slot"":3,""relation_id"":""3887a9c818d5bea5"",""state"":""H"",""names"":[""sig_e""],""history"":{""sig_e"":2}}]",H[sig_e],0.8,3,wrong,wrong,R_a446f7302597b869,1,F,"[[""sig_n""]]","[{""slot"":3,""relation_id"":""44b85958cdf81259"",""state"":""F"",""names"":[""sig_n""],""history"":null}]",F[sig_n],0.6902654867256637,-0.10973451327433628,0.6901490718662354,0.7993121685775187,-0.1091630967112833,0.0005714165630529803,0.6901129938983169,0.7992226371921202,-0.10910964329380318,0.000624869980533096,posthoc_arithmetic_from_saved_coefficients
2,4,355,甲,normal,selection_error,above,R_8b0d2a6b7293001d_t341,H,"[[""sig_e""]]","[{""slot"":3,""relation_id"":""3887a9c818d5bea5"",""state"":""H"",""names"":[""sig_e""],""history"":{""sig_e"":2}}]",H[sig_e],0.8,3,wrong,wrong,R_d13632637df56212,2,F,"[[""sig_n""]]","[{""slot"":2,""relation_id"":""44b85958cdf81259"",""state"":""F"",""names"":[""sig_n""],""history"":null}]",F[sig_n],0.6902654867256637,-0.10973451327433628,0.6901043941248429,0.7993121685775187,-0.10920777445267581,0.0005267388216604749,0.690068331481825,0.7992226371921202,-0.10915430571029515,0.0005802075640411279,posthoc_arithmetic_from_saved_coefficients
2,4,355,甲,normal,selection_error,above,R_8b0d2a6b7293001d_t341,H,"[[""sig_e""]]","[{""slot"":3,""relation_id"":""3887a9c818d5bea5"",""state"":""H"",""names"":[""sig_e""],""history"":{""sig_e"":2}}]",H[sig_e],0.8,3,wrong,wrong,R_94a5a2e983982a1d,3,F,"[[""sig_n""]]","[{""slot"":4,""relation_id"":""455c51e2be2dd8ac"",""state"":""F"",""names"":[""sig_n""],""history"":null}]",F[sig_n],0.6785714285714286,-0.12142857142857143,0.6782477463666372,0.7993121685775187,-0.12106442221088148,0.0003641492176899491,0.6782150732239792,0.7992226371921202,-0.12100756396814095,0.000421007460430467,posthoc_arithmetic_from_saved_coefficients
2,4,463,乙,normal,distinction_loss,below,R_0e5d236bf5b42b15,H,"[[""sig_e""]]","[{""slot"":6,""relation_id"":""4912a623ab8f067f"",""state"":""H"",""names"":[""sig_e""],""history"":{""sig_e"":2}}]",H[sig_e],0.7659574468085106,0,wrong,wrong,,,,,,門上候補なし,,,,0.7652242075490174,,,,0.7651998340524677,,,not_applicable_no_correct_above_gate
2,4,787,乙,normal,selection_error,above,R_0e5d236bf5b42b15,H,"[[""sig_e""]]","[{""slot"":5,""relation_id"":""35e7d19624404c8f"",""state"":""H"",""names"":[""sig_e""],""history"":{""sig_e"":2}}]",H[sig_e],0.8,3,wrong,wrong,R_fe7b42b67bef503d,1,F,"[[""sig_n""]]","[{""slot"":0,""relation_id"":""1634aa25ab03de24"",""state"":""F"",""names"":[""sig_n""],""history"":null}]",F[sig_n],0.6902654867256637,-0.10973451327433628,0.6900986481254927,0.7992039563143927,-0.10910530818889999,0.0006292050854362869,0.689998850836834,0.7991762236491529,-0.10917737281231887,0.0005571404620174115,posthoc_arithmetic_from_saved_coefficients
2,4,787,乙,normal,selection_error,above,R_0e5d236bf5b42b15,H,"[[""sig_e""]]","[{""slot"":5,""relation_id"":""35e7d19624404c8f"",""state"":""H"",""names"":[""sig_e""],""history"":{""sig_e"":2}}]",H[sig_e],0.8,3,wrong,wrong,R_f10dc019491698d2_t782,2,F,"[[""sig_n""]]","[{""slot"":5,""relation_id"":""469c66dfe4f98d3b"",""state"":""F"",""names"":[""sig_n""],""history"":null}]",F[sig_n],0.6785714285714286,-0.12142857142857143,0.6782690373085379,0.7992039563143927,-0.12093491900585476,0.0004936524227166722,0.6781731024245945,0.7991762236491529,-0.12100312122455838,0.00042545020401305234,posthoc_arithmetic_from_saved_coefficients
2,4,787,乙,normal,selection_error,above,R_0e5d236bf5b42b15,H,"[[""sig_e""]]","[{""slot"":5,""relation_id"":""35e7d19624404c8f"",""state"":""H"",""names"":[""sig_e""],""history"":{""sig_e"":2}}]",H[sig_e],0.8,3,wrong,wrong,R_9e4d965d6b6585c5,3,F,"[[""sig_n""]]","[{""slot"":3,""relation_id"":""339c2e88249711ac"",""state"":""F"",""names"":[""sig_n""],""history"":null}]",F[sig_n],0.6785714285714286,-0.12142857142857143,0.6782958031082834,0.7992039563143927,-0.12090815320610927,0.0005204182224621492,0.6781998642720714,0.7991762236491529,-0.12097635937708143,0.00045221205149000455,posthoc_arithmetic_from_saved_coefficients
2,4,829,甲,exception,selection_error,above,R_7b6b1008b48c1115_t786,U,[[]],"[{""slot"":11,""relation_id"":""a968d897b311ea15"",""state"":""U"",""names"":[],""history"":null}]",U,0.8759124087591241,1,wrong,wrong,R_78a9d503e9d6b05d,1,H,"[[""sig_e""]]","[{""slot"":4,""relation_id"":""6754e293ed30395d"",""state"":""H"",""names"":[""sig_e""],""history"":{""sig_e"":2}}]",H[sig_e],0.8507462686567164,-0.02516614010240767,0.8514008217835626,0.8760388145752184,-0.024637992791655867,0.0005281473107518016,0.8513036489714647,0.8760099122386291,-0.02470626326716445,0.00045987683524322166,posthoc_arithmetic_from_saved_coefficients
2,4,877,甲,exception,selection_error,above,R_7b6b1008b48c1115_t786,H,"[[""sig_e""]]","[{""slot"":11,""relation_id"":""a968d897b311ea15"",""state"":""H"",""names"":[""sig_e""],""history"":{""sig_e"":1}}]",H[sig_e],0.8652482269503546,1,wrong,wrong,R_78a9d503e9d6b05d,1,H,"[[""sig_e""]]","[{""slot"":4,""relation_id"":""6754e293ed30395d"",""state"":""H"",""names"":[""sig_e""],""history"":{""sig_e"":3}}]",H[sig_e],0.8235294117647058,-0.041718815185648725,0.82432052361255,0.8656315717812916,-0.04131104816874159,0.00040776701690713125,0.8242307257946295,0.8656023005482474,-0.04137157475361786,0.0003472404320308733,posthoc_arithmetic_from_saved_coefficients
2,4,915,乙,normal,selection_error,above,R_0e5d236bf5b42b15,H,"[[""sig_e""]]","[{""slot"":5,""relation_id"":""35e7d19624404c8f"",""state"":""H"",""names"":[""sig_e""],""history"":{""sig_e"":7}}]",H[sig_e],0.762589928057554,4,wrong,wrong,R_fe7b42b67bef503d,1,F,"[[""sig_n""]]","[{""slot"":0,""relation_id"":""1634aa25ab03de24"",""state"":""F"",""names"":[""sig_n""],""history"":null}]",F[sig_n],0.6554621848739496,-0.10712774318360438,0.6553292684624867,0.7622919034566352,-0.10696263499414845,0.0001651081894559324,0.6552398539702718,0.7622681675715032,-0.10702831360123134,9.942958237303958e-05,posthoc_arithmetic_from_saved_coefficients
2,4,915,乙,normal,selection_error,above,R_0e5d236bf5b42b15,H,"[[""sig_e""]]","[{""slot"":5,""relation_id"":""35e7d19624404c8f"",""state"":""H"",""names"":[""sig_e""],""history"":{""sig_e"":7}}]",H[sig_e],0.762589928057554,4,wrong,wrong,R_a3e2181b14bbde85_t789,2,F,"[[""sig_n""]]","[{""slot"":2,""relation_id"":""6196c443a5615bc1"",""state"":""F"",""names"":[""sig_n""],""history"":null}]",F[sig_n],0.6440677966101694,-0.11852213144738447,0.6437850923103907,0.7622919034566352,-0.11850681114624449,1.5320301139973295e-05,0.64369945509957,0.7622681675715032,-0.11856871247193311,-4.658102454863926e-05,posthoc_arithmetic_from_saved_coefficients
2,4,915,乙,normal,selection_error,above,R_0e5d236bf5b42b15,H,"[[""sig_e""]]","[{""slot"":5,""relation_id"":""35e7d19624404c8f"",""state"":""H"",""names"":[""sig_e""],""history"":{""sig_e"":7}}]",H[sig_e],0.762589928057554,4,wrong,wrong,R_f10dc019491698d2_t782,3,F,"[[""sig_n""]]","[{""slot"":5,""relation_id"":""469c66dfe4f98d3b"",""state"":""F"",""names"":[""sig_n""],""history"":null}]",F[sig_n],0.6440677966101694,-0.11852213144738447,0.6438027368669633,0.7622919034566352,-0.1184891665896719,3.296485771256858e-05,0.6437171004044577,0.7622681675715032,-0.1185510671670455,-2.8935719661035276e-05,posthoc_arithmetic_from_saved_coefficients
2,4,915,乙,normal,selection_error,above,R_0e5d236bf5b42b15,H,"[[""sig_e""]]","[{""slot"":5,""relation_id"":""35e7d19624404c8f"",""state"":""H"",""names"":[""sig_e""],""history"":{""sig_e"":7}}]",H[sig_e],0.762589928057554,4,wrong,wrong,R_9e4d965d6b6585c5,4,F,"[[""sig_n""]]","[{""slot"":3,""relation_id"":""339c2e88249711ac"",""state"":""F"",""names"":[""sig_n""],""history"":null}]",F[sig_n],0.6440677966101694,-0.11852213144738447,0.6438288050821578,0.7622919034566352,-0.11846309837447741,5.903307290705484e-05,0.6437431647439952,0.7622681675715032,-0.118525002827508,-2.87138012353749e-06,posthoc_arithmetic_from_saved_coefficients
2,4,1177,甲,normal,distinction_loss,below,R_8b0d2a6b7293001d_t1106,H,"[[""sig_e""]]","[{""slot"":5,""relation_id"":""4bb9e41cf60cc541"",""state"":""H"",""names"":[""sig_e""],""history"":{""sig_e"":7}}]",H[sig_e],0.8,0,wrong,wrong,,,,,,門上候補なし,,,,0.7993090348795426,,,,0.7992194621696954,,,not_applicable_no_correct_above_gate
2,5,27,甲,exception,selection_error,above,R_7b6b1008b48c1115,U,[[]],"[{""slot"":14,""relation_id"":""dfc0119a5c7653f7"",""state"":""U"",""names"":[],""history"":null}]",U,0.8652482269503546,3,wrong,wrong,R_4767122da6895de8,1,F,"[[""sig_e""]]","[{""slot"":8,""relation_id"":""aa0c66bac003ba8b"",""state"":""F"",""names"":[""sig_e""],""history"":null}]",F[sig_e],0.6554621848739496,-0.20978604207640503,0.6547737029697427,0.8650549636561434,-0.21028126068640068,-0.0004952186099956539,0.6546421931618699,0.8650549375507711,-0.21041274438890128,-0.0006267023124962472,posthoc_arithmetic_from_saved_coefficients
2,5,27,甲,exception,selection_error,above,R_7b6b1008b48c1115,U,[[]],"[{""slot"":14,""relation_id"":""dfc0119a5c7653f7"",""state"":""U"",""names"":[],""history"":null}]",U,0.8652482269503546,3,wrong,wrong,R_ba00b0b1c5a1dac7,2,F,"[[""sig_e""]]","[{""slot"":9,""relation_id"":""ca0287ef006c642d"",""state"":""F"",""names"":[""sig_e""],""history"":null}]",F[sig_e],0.6086956521739131,-0.25655257477644156,0.6090723433342692,0.8650549636561434,-0.25598262032187424,0.0005699544545673388,0.6089450926305544,0.8650549375507711,-0.2561098449202167,0.00044272985622486526,posthoc_arithmetic_from_saved_coefficients
2,5,27,甲,exception,selection_error,above,R_7b6b1008b48c1115,U,[[]],"[{""slot"":14,""relation_id"":""dfc0119a5c7653f7"",""state"":""U"",""names"":[],""history"":null}]",U,0.8652482269503546,3,wrong,wrong,R_f01430941315e565,3,F,"[[""sig_e""]]","[{""slot"":7,""relation_id"":""95f7e0af51d2819f"",""state"":""F"",""names"":[""sig_e""],""history"":null}]",F[sig_e],0.6086956521739131,-0.25655257477644156,0.6083866817415082,0.8650549636561434,-0.25666828191463514,-0.00011570713819359884,0.6082596144527939,0.8650549375507711,-0.25679532309797726,-0.0002427483215357122,posthoc_arithmetic_from_saved_coefficients
2,5,128,甲,exception,selection_error,above,R_7b6b1008b48c1115,H,"[[""sig_e""]]","[{""slot"":14,""relation_id"":""dfc0119a5c7653f7"",""state"":""H"",""names"":[""sig_e""],""history"":{""sig_e"":1}}]",H[sig_e],0.9117647058823529,6,wrong,wrong,R_8b0d2a6b7293001d,1,H,"[[""sig_e""]]","[{""slot"":2,""relation_id"":""2ccf596bad032861"",""state"":""H"",""names"":[""sig_e""],""history"":{""sig_e"":3}}]",H[sig_e],0.9037037037037037,-0.008061002178649237,0.9041981923464091,0.9118746630302847,-0.007676470683875749,0.00038453149477348853,0.9040446244785502,0.9118707060437794,-0.00782608156522925,0.0002349206134199887,posthoc_arithmetic_from_saved_coefficients
2,5,128,甲,exception,selection_error,above,R_7b6b1008b48c1115,H,"[[""sig_e""]]","[{""slot"":14,""relation_id"":""dfc0119a5c7653f7"",""state"":""H"",""names"":[""sig_e""],""history"":{""sig_e"":1}}]",H[sig_e],0.9117647058823529,6,wrong,wrong,R_0aa7a1980d3349e7,2,H,"[[""sig_e""]]","[{""slot"":4,""relation_id"":""2e41c84e7afd49d5"",""state"":""H"",""names"":[""sig_e""],""history"":{""sig_e"":5}}]",H[sig_e],0.8702290076335878,-0.04153569824876516,0.8707070158793854,0.9118746630302847,-0.04116764715089939,0.0003680510978657598,0.8705546897783748,0.9118707060437794,-0.0413160162654046,0.00021968198336055504,posthoc_arithmetic_from_saved_coefficients
2,5,128,甲,exception,selection_error,above,R_7b6b1008b48c1115,H,"[[""sig_e""]]","[{""slot"":14,""relation_id"":""dfc0119a5c7653f7"",""state"":""H"",""names"":[""sig_e""],""history"":{""sig_e"":1}}]",H[sig_e],0.9117647058823529,6,wrong,wrong,R_fad8f670be5b8f88,3,F,"[[""sig_e""]]","[{""slot"":2,""relation_id"":""32497a7cfd3d639b"",""state"":""F"",""names"":[""sig_e""],""history"":null}]",F[sig_e],0.6902654867256637,-0.22149921915668921,0.6895513099409607,0.9118746630302847,-0.2223233530893241,-0.0008241339326348757,0.6894046848430051,0.9118707060437794,-0.22246602120077427,-0.0009668020440850546,posthoc_arithmetic_from_saved_coefficients
2,5,128,甲,exception,selection_error,above,R_7b6b1008b48c1115,H,"[[""sig_e""]]","[{""slot"":14,""relation_id"":""dfc0119a5c7653f7"",""state"":""H"",""names"":[""sig_e""],""history"":{""sig_e"":1}}]",H[sig_e],0.9117647058823529,6,wrong,wrong,R_2f1a2f2059f4659c,4,F,"[[""sig_e""]]","[{""slot"":5,""relation_id"":""9dd993fe9597245f"",""state"":""F"",""names"":[""sig_e""],""history"":null}]",F[sig_e],0.6902654867256637,-0.22149921915668921,0.6895391573250635,0.9118746630302847,-0.22233550570522123,-0.0008362865485319941,0.6893925413679614,0.9118707060437794,-0.22247816467581807,-0.000978945519128853,posthoc_arithmetic_from_saved_coefficients
2,5,128,甲,exception,selection_error,above,R_7b6b1008b48c1115,H,"[[""sig_e""]]","[{""slot"":14,""relation_id"":""dfc0119a5c7653f7"",""state"":""H"",""names"":[""sig_e""],""history"":{""sig_e"":1}}]",H[sig_e],0.9117647058823529,6,wrong,wrong,R_4767122da6895de8,5,F,"[[""sig_e""]]","[{""slot"":8,""relation_id"":""aa0c66bac003ba8b"",""state"":""F"",""names"":[""sig_e""],""history"":null}]",F[sig_e],0.6902654867256637,-0.22149921915668921,0.6895491875702786,0.9118746630302847,-0.22232547546000622,-0.0008262563033169914,0.6894025612592317,0.9118707060437794,-0.22246814478454766,-0.000968925627858434,posthoc_arithmetic_from_saved_coefficients
2,5,128,甲,exception,selection_error,above,R_7b6b1008b48c1115,H,"[[""sig_e""]]","[{""slot"":14,""relation_id"":""dfc0119a5c7653f7"",""state"":""H"",""names"":[""sig_e""],""history"":{""sig_e"":1}}]",H[sig_e],0.9117647058823529,6,wrong,wrong,R_f01430941315e565,6,F,"[[""sig_e""]]","[{""slot"":7,""relation_id"":""95f7e0af51d2819f"",""state"":""F"",""names"":[""sig_e""],""history"":null}]",F[sig_e],0.6296296296296297,-0.2821350762527233,0.6295197075568549,0.9118746630302847,-0.2823549554734298,-0.00021987922070651998,0.6293826844572383,0.9118707060437794,-0.28248802158654107,-0.00035294533381774733,posthoc_arithmetic_from_saved_coefficients
2,5,613,乙,normal,distinction_loss,below,R_0e5d236bf5b42b15,H,"[[""sig_e""]]","[{""slot"":4,""relation_id"":""6bd573862c0c870c"",""state"":""H"",""names"":[""sig_e""],""history"":{""sig_e"":4}}]",H[sig_e],0.8,0,wrong,wrong,,,,,,門上候補なし,,,,0.7989800048519335,,,,0.7989804401436795,,,not_applicable_no_correct_above_gate
2,5,945,甲,normal,selection_error,above,R_8b0d2a6b7293001d_t797,H,"[[""sig_e""]]","[{""slot"":0,""relation_id"":""071cf11fd417cfb7"",""state"":""H"",""names"":[""sig_e""],""history"":{""sig_e"":9}}]",H[sig_e],0.7659574468085106,1,wrong,wrong,R_2e7ebfe155273d36,1,F,"[[""sig_n""]]","[{""slot"":6,""relation_id"":""a6c9b8612aca2c16"",""state"":""F"",""names"":[""sig_n""],""history"":null}]",F[sig_n],0.584070796460177,-0.18188665034833365,0.5839366553691097,0.7651188165873606,-0.18118216121825084,0.0007044891300828039,0.5839371772371122,0.7649972092866811,-0.18106003204956886,0.000826618298764791,posthoc_arithmetic_from_saved_coefficients
2,5,1161,乙,normal,selection_error,above,R_22604ec5e16d756f,H,"[[""sig_e""]]","[{""slot"":6,""relation_id"":""ac9327218d2bb56b"",""state"":""H"",""names"":[""sig_e""],""history"":{""sig_e"":1}}]",H[sig_e],0.7538461538461538,1,wrong,wrong,R_a3e2181b14bbde85,1,F,"[[""sig_n""]]","[{""slot"":6,""relation_id"":""9c3c06bfde669e69"",""state"":""F"",""names"":[""sig_n""],""history"":null}]",F[sig_n],0.6785714285714286,-0.07527472527472527,0.6780876169788586,0.7526619093323961,-0.0745742923535376,0.0007004329211876738,0.6779455486445187,0.7526653800816375,-0.07471983143711877,0.0005548938376065007,posthoc_arithmetic_from_saved_coefficients
2,5,1398,甲,normal,selection_error,above,R_8b0d2a6b7293001d,H,"[[""sig_e""]]","[{""slot"":0,""relation_id"":""04d0ed3ff366c1ac"",""state"":""H"",""names"":[""sig_e""],""history"":{""sig_e"":3}}]",H[sig_e],0.782608695652174,5,wrong,wrong,R_7b6b1008b48c1115_t1299,1,H,"[[""sig_e""]]","[{""slot"":1,""relation_id"":""2ec931e330883a2c"",""state"":""H"",""names"":[""sig_e""],""history"":{""sig_e"":1}}]",H[sig_e],0.782608695652174,0.0,0.7816008382685095,0.7817294548103451,-0.00012861654183554615,-0.00012861654183554615,0.7816018629994311,0.7816018629994311,0.0,0.0,posthoc_arithmetic_from_saved_coefficients
2,5,1398,甲,normal,selection_error,above,R_8b0d2a6b7293001d,H,"[[""sig_e""]]","[{""slot"":0,""relation_id"":""04d0ed3ff366c1ac"",""state"":""H"",""names"":[""sig_e""],""history"":{""sig_e"":3}}]",H[sig_e],0.782608695652174,5,wrong,wrong,R_d13632637df56212,2,F,"[[""sig_n""]]","[{""slot"":4,""relation_id"":""3ac1cda82e70fd47"",""state"":""F"",""names"":[""sig_n""],""history"":null}]",F[sig_n],0.6724137931034483,-0.11019490254872563,0.6722621471261154,0.7817294548103451,-0.10946730768422958,0.0007275948644960664,0.6722548316714279,0.7816018629994311,-0.10934703132800329,0.000847871220722351,posthoc_arithmetic_from_saved_coefficients
2,5,1398,甲,normal,selection_error,above,R_8b0d2a6b7293001d,H,"[[""sig_e""]]","[{""slot"":0,""relation_id"":""04d0ed3ff366c1ac"",""state"":""H"",""names"":[""sig_e""],""history"":{""sig_e"":3}}]",H[sig_e],0.782608695652174,5,wrong,wrong,R_a446f7302597b869,3,F,"[[""sig_n""]]","[{""slot"":6,""relation_id"":""a602e9b22521e948"",""state"":""F"",""names"":[""sig_n""],""history"":null}]",F[sig_n],0.6724137931034483,-0.11019490254872563,0.6722303487005123,0.7817294548103451,-0.10949910610983271,0.0006957964388929268,0.6722230562460311,0.7816018629994311,-0.10937880675340009,0.0008160957953255483,posthoc_arithmetic_from_saved_coefficients
2,5,1398,甲,normal,selection_error,above,R_8b0d2a6b7293001d,H,"[[""sig_e""]]","[{""slot"":0,""relation_id"":""04d0ed3ff366c1ac"",""state"":""H"",""names"":[""sig_e""],""history"":{""sig_e"":3}}]",H[sig_e],0.782608695652174,5,wrong,wrong,R_94a5a2e983982a1d,4,F,"[[""sig_n""]]","[{""slot"":5,""relation_id"":""3ac1cda82e70fd47"",""state"":""F"",""names"":[""sig_n""],""history"":null}]",F[sig_n],0.6608695652173913,-0.12173913043478261,0.6602653039937202,0.7817294548103451,-0.12146415081662487,0.0002749796181577329,0.6602615738569819,0.7816018629994311,-0.12134028914244921,0.000398841292333403,posthoc_arithmetic_from_saved_coefficients
2,5,1398,甲,normal,selection_error,above,R_8b0d2a6b7293001d,H,"[[""sig_e""]]","[{""slot"":0,""relation_id"":""04d0ed3ff366c1ac"",""state"":""H"",""names"":[""sig_e""],""history"":{""sig_e"":3}}]",H[sig_e],0.782608695652174,5,wrong,wrong,R_e1a8b7e64c3158ab,5,F,"[[""sig_n""]]","[{""slot"":6,""relation_id"":""8cb7b4c96b4857a8"",""state"":""F"",""names"":[""sig_n""],""history"":null}]",F[sig_n],0.6126126126126126,-0.1699960830395613,0.6123180468329584,0.7817294548103451,-0.16941140797738666,0.000584675062174651,0.6123141060683879,0.7816018629994311,-0.1692877569310433,0.00070832610851799,posthoc_arithmetic_from_saved_coefficients
2,5,1521,甲,exception,selection_error,above,R_7b6b1008b48c1115_t1514,U,[[]],"[{""slot"":1,""relation_id"":""10f7eb24a3a3d2ef"",""state"":""U"",""names"":[],""history"":null}]",U,0.8571428571428571,1,wrong,wrong,R_289b480627cdd4d5,1,H,"[[""sig_e""]]","[{""slot"":5,""relation_id"":""7751ad3fe1a6ee25"",""state"":""H"",""names"":[""sig_e""],""history"":{""sig_e"":1}}]",H[sig_e],0.8235294117647058,-0.03361344537815126,0.8243944975837304,0.8572025542950907,-0.0328080567113603,0.0008053886667909595,0.824259495060098,0.8572050069334454,-0.03294551187334727,0.0006679335048039862,posthoc_arithmetic_from_saved_coefficients
2,5,1628,乙,normal,selection_error,above,R_0e5d236bf5b42b15_t1474,H,"[[""sig_e""]]","[{""slot"":13,""relation_id"":""da0de8f13943faf5"",""state"":""H"",""names"":[""sig_e""],""history"":{""sig_e"":12}}]",H[sig_e],0.782608695652174,4,wrong,wrong,R_533f0b68a9c93324,1,F,"[[""sig_n""]]","[{""slot"":1,""relation_id"":""16b8b5a655026419"",""state"":""F"",""names"":[""sig_n""],""history"":null}]",F[sig_n],0.6724137931034483,-0.11019490254872563,0.6724001243835342,0.7816294106060679,-0.10922928622253376,0.0009656163261918708,0.67226120991703,0.7816304434764565,-0.1093692335594266,0.0008256689892990447,posthoc_arithmetic_from_saved_coefficients
2,5,1628,乙,normal,selection_error,above,R_0e5d236bf5b42b15_t1474,H,"[[""sig_e""]]","[{""slot"":13,""relation_id"":""da0de8f13943faf5"",""state"":""H"",""names"":[""sig_e""],""history"":{""sig_e"":12}}]",H[sig_e],0.782608695652174,4,wrong,wrong,R_f10dc019491698d2,2,F,"[[""sig_n""]]","[{""slot"":5,""relation_id"":""51ce1d7988255ac5"",""state"":""F"",""names"":[""sig_n""],""history"":null}]",F[sig_n],0.6608695652173913,-0.12173913043478261,0.6603322855582938,0.7816294106060679,-0.12129712504777417,0.00044200538700844274,0.6601980253345495,0.7816304434764565,-0.12143241814190704,0.0003067122928755721,posthoc_arithmetic_from_saved_coefficients
2,5,1628,乙,normal,selection_error,above,R_0e5d236bf5b42b15_t1474,H,"[[""sig_e""]]","[{""slot"":13,""relation_id"":""da0de8f13943faf5"",""state"":""H"",""names"":[""sig_e""],""history"":{""sig_e"":12}}]",H[sig_e],0.782608695652174,4,wrong,wrong,R_9e4d965d6b6585c5,3,F,"[[""sig_n""]]","[{""slot"":4,""relation_id"":""709867c3f4512e79"",""state"":""F"",""names"":[""sig_n""],""history"":null}]",F[sig_n],0.6608695652173913,-0.12173913043478261,0.6604793118590285,0.7816294106060679,-0.12115009874703947,0.0005890316877431436,0.6603450638587423,0.7816304434764565,-0.12128537961771428,0.0004537508170683247,posthoc_arithmetic_from_saved_coefficients
2,5,1628,乙,normal,selection_error,above,R_0e5d236bf5b42b15_t1474,H,"[[""sig_e""]]","[{""slot"":13,""relation_id"":""da0de8f13943faf5"",""state"":""H"",""names"":[""sig_e""],""history"":{""sig_e"":12}}]",H[sig_e],0.782608695652174,4,wrong,wrong,R_a3e2181b14bbde85_t1609,4,F,"[[""sig_n""]]","[{""slot"":7,""relation_id"":""929edf87ac82c141"",""state"":""F"",""names"":[""sig_n""],""history"":null}]",F[sig_n],0.6608695652173913,-0.12173913043478261,0.660398093271241,0.7816294106060679,-0.12123131733482706,0.0005078130999555552,0.6602638424006341,0.7816304434764565,-0.12136660107582249,0.0003725293589601101,posthoc_arithmetic_from_saved_coefficients
2,6,57,甲,exception,selection_error,above,R_2327f056ad0db4ad,U,[[]],"[{""slot"":2,""relation_id"":""37a57d590f565690"",""state"":""U"",""names"":[],""history"":null}]",U,0.8615384615384616,3,wrong,wrong,R_fad8f670be5b8f88,1,F,"[[""sig_e""]]","[{""slot"":5,""relation_id"":""b13a3287263efce9"",""state"":""F"",""names"":[""sig_e""],""history"":null}]",F[sig_e],0.6785714285714286,-0.18296703296703296,0.6784630710250212,0.8612898602942072,-0.18282678926918589,0.00014024369784708342,0.6783071741616513,0.8612931506723891,-0.18298597651073772,-1.8943543704746222e-05,posthoc_arithmetic_from_saved_coefficients
2,6,57,甲,exception,selection_error,above,R_2327f056ad0db4ad,U,[[]],"[{""slot"":2,""relation_id"":""37a57d590f565690"",""state"":""U"",""names"":[],""history"":null}]",U,0.8615384615384616,3,wrong,wrong,R_a944abbc1a89c9ec,2,F,"[[""sig_e""]]","[{""slot"":4,""relation_id"":""3af6d0617270a253"",""state"":""F"",""names"":[""sig_e""],""history"":null}]",F[sig_e],0.6422018348623854,-0.21933662667607623,0.641648492782484,0.8612898602942072,-0.21964136751172317,-0.00030474083564693756,0.6414927344306947,0.8612931506723891,-0.21980041624169439,-0.0004637895656181738,posthoc_arithmetic_from_saved_coefficients
2,6,57,甲,exception,selection_error,above,R_2327f056ad0db4ad,U,[[]],"[{""slot"":2,""relation_id"":""37a57d590f565690"",""state"":""U"",""names"":[],""history"":null}]",U,0.8615384615384616,3,wrong,wrong,R_c9218d4e01f32519,3,none,[],[],席が無い,0.4742268041237113,-0.3873116574147502,0.47274658521922996,0.8612898602942072,-0.3885432750749772,-0.0012316176602270167,0.47262171764842537,0.8612931506723891,-0.38867143302396373,-0.0013597756092135177,posthoc_arithmetic_from_saved_coefficients
2,6,85,乙,exception,selection_error,above,R_cb63a1ebfc31098d,H,"[[""sig_n""]]","[{""slot"":5,""relation_id"":""6caa2e6cc7653f8a"",""state"":""H"",""names"":[""sig_n""],""history"":{""sig_n"":11}}]",H[sig_n],0.7746478873239436,1,wrong,wrong,R_9bc40d505af93c42,1,F,"[[""sig_e""]]","[{""slot"":0,""relation_id"":""21769c5fe46c7bb0"",""state"":""F"",""names"":[""sig_e""],""history"":null}]",F[sig_e],0.6554621848739496,-0.11918570244999409,0.6549675004514438,0.7736069570111715,-0.11863945655972764,0.0005462458902664387,0.6549620759011723,0.7734700232146624,-0.11850794731349011,0.0006777551365039742,posthoc_arithmetic_from_saved_coefficients
2,6,95,乙,exception,selection_error,above,R_cb63a1ebfc31098d,H,"[[""sig_n""]]","[{""slot"":5,""relation_id"":""6caa2e6cc7653f8a"",""state"":""H"",""names"":[""sig_n""],""history"":{""sig_n"":14}}]",H[sig_n],0.8088235294117647,1,wrong,wrong,R_9bc40d505af93c42,1,F,"[[""sig_e""]]","[{""slot"":0,""relation_id"":""21769c5fe46c7bb0"",""state"":""F"",""names"":[""sig_e""],""history"":null}]",F[sig_e],0.6902654867256637,-0.11855804268610098,0.6897387824934357,0.8077224657166019,-0.11798368322316616,0.00057435946293483,0.6897319333412808,0.8075719447346881,-0.11784001139340727,0.0007180312926937185,posthoc_arithmetic_from_saved_coefficients
2,6,134,乙,exception,selection_error,above,R_cb63a1ebfc31098d_t110,H,"[[""sig_n""]]","[{""slot"":6,""relation_id"":""82a0fd0c0282f7c8"",""state"":""H"",""names"":[""sig_n""],""history"":{""sig_n"":9}}]",H[sig_n],0.7746478873239436,2,wrong,wrong,R_4c7fb8909af1774e,1,F,"[[""sig_e""]]","[{""slot"":7,""relation_id"":""9db76e515d1c19e8"",""state"":""F"",""names"":[""sig_e""],""history"":null}]",F[sig_e],0.6554621848739496,-0.11918570244999409,0.6553426919888924,0.7736214874631245,-0.11827879547423226,0.000906906975761829,0.6553372567182528,0.7734845669590431,-0.11814731024079023,0.001038392209203855,posthoc_arithmetic_from_saved_coefficients
2,6,134,乙,exception,selection_error,above,R_cb63a1ebfc31098d_t110,H,"[[""sig_n""]]","[{""slot"":6,""relation_id"":""82a0fd0c0282f7c8"",""state"":""H"",""names"":[""sig_n""],""history"":{""sig_n"":9}}]",H[sig_n],0.7746478873239436,2,wrong,wrong,R_9bc40d505af93c42,2,F,"[[""sig_e""]]","[{""slot"":0,""relation_id"":""21769c5fe46c7bb0"",""state"":""F"",""names"":[""sig_e""],""history"":null}]",F[sig_e],0.6554621848739496,-0.11918570244999409,0.6549821838455075,0.7736214874631245,-0.11863930361761708,0.0005463988323769965,0.6549767778677584,0.7734845669590431,-0.11850778909128462,0.0006779133587094571,posthoc_arithmetic_from_saved_coefficients
2,6,296,乙,exception,selection_error,above,R_cb63a1ebfc31098d_t216,H,"[[""sig_n""]]","[{""slot"":12,""relation_id"":""9fa46ed7b94767c6"",""state"":""H"",""names"":[""sig_n""],""history"":{""sig_n"":11}}]",H[sig_n],0.7746478873239436,4,wrong,wrong,R_318bd7a438f80cc5,1,F,"[[""sig_e""]]","[{""slot"":1,""relation_id"":""1f184b0ed6440abc"",""state"":""F"",""names"":[""sig_e""],""history"":null}]",F[sig_e],0.6554621848739496,-0.11918570244999409,0.655331158240457,0.7736108652670418,-0.11827970702658482,0.0009059954234092632,0.6553257448132482,0.7734739518868805,-0.11814820707363234,0.0010374953763617374,posthoc_arithmetic_from_saved_coefficients
2,6,296,乙,exception,selection_error,above,R_cb63a1ebfc31098d_t216,H,"[[""sig_n""]]","[{""slot"":12,""relation_id"":""9fa46ed7b94767c6"",""state"":""H"",""names"":[""sig_n""],""history"":{""sig_n"":11}}]",H[sig_n],0.7746478873239436,4,wrong,wrong,R_6e8a065cec942906,2,F,"[[""sig_e""]]","[{""slot"":2,""relation_id"":""5534b615e7921aa5"",""state"":""F"",""names"":[""sig_e""],""history"":null}]",F[sig_e],0.6554621848739496,-0.11918570244999409,0.6549008217802068,0.7736108652670418,-0.118710043486835,0.00047565896315907355,0.6548954275877461,0.7734739518868805,-0.11857852429913443,0.0006071781508596484,posthoc_arithmetic_from_saved_coefficients
2,6,296,乙,exception,selection_error,above,R_cb63a1ebfc31098d_t216,H,"[[""sig_n""]]","[{""slot"":12,""relation_id"":""9fa46ed7b94767c6"",""state"":""H"",""names"":[""sig_n""],""history"":{""sig_n"":11}}]",H[sig_n],0.7746478873239436,4,wrong,wrong,R_4c7fb8909af1774e,3,F,"[[""sig_e""]]","[{""slot"":7,""relation_id"":""9db76e515d1c19e8"",""state"":""F"",""names"":[""sig_e""],""history"":null}]",F[sig_e],0.6554621848739496,-0.11918570244999409,0.655331954947544,0.7736108652670418,-0.11827891031949779,0.0009067921304962871,0.6553265231252257,0.7734739518868805,-0.1181474287616549,0.001038273688339173,posthoc_arithmetic_from_saved_coefficients
2,6,296,乙,exception,selection_error,above,R_cb63a1ebfc31098d_t216,H,"[[""sig_n""]]","[{""slot"":12,""relation_id"":""9fa46ed7b94767c6"",""state"":""H"",""names"":[""sig_n""],""history"":{""sig_n"":11}}]",H[sig_n],0.7746478873239436,4,wrong,wrong,R_993495cd1f226238,4,F,"[[""sig_e""]]","[{""slot"":5,""relation_id"":""4c8cb9e010651861"",""state"":""F"",""names"":[""sig_e""],""history"":null}]",F[sig_e],0.5964912280701754,-0.17815665925376822,0.596703507368483,0.7736108652670418,-0.17690735789855883,0.0012493013552093855,0.5967015499042624,0.7734739518868805,-0.17677240198261815,0.0013842572711500866,posthoc_arithmetic_from_saved_coefficients
2,6,321,乙,normal,selection_error,above,R_0e5d236bf5b42b15,H,"[[""sig_e""]]","[{""slot"":12,""relation_id"":""a9fc0ea3fbbc48d1"",""state"":""H"",""names"":[""sig_e""],""history"":{""sig_e"":3}}]",H[sig_e],0.8088235294117647,2,wrong,wrong,R_f10dc019491698d2,1,F,"[[""sig_n""]]","[{""slot"":5,""relation_id"":""82a0fd0c0282f7c8"",""state"":""F"",""names"":[""sig_n""],""history"":null}]",F[sig_n],0.6902654867256637,-0.11855804268610098,0.6898950560967211,0.8075769166540454,-0.11768186055732426,0.0008761821287767288,0.6897341168248337,0.8075762014134445,-0.11784208458861092,0.000715958097490065,posthoc_arithmetic_from_saved_coefficients
2,6,321,乙,normal,selection_error,above,R_0e5d236bf5b42b15,H,"[[""sig_e""]]","[{""slot"":12,""relation_id"":""a9fc0ea3fbbc48d1"",""state"":""H"",""names"":[""sig_e""],""history"":{""sig_e"":3}}]",H[sig_e],0.8088235294117647,2,wrong,wrong,R_48939b4afa3d5c42,2,F,"[[""sig_n""]]","[{""slot"":7,""relation_id"":""9f4bbd7c40998c92"",""state"":""F"",""names"":[""sig_n""],""history"":null}]",F[sig_n],0.6785714285714286,-0.13025210084033614,0.6784365575861985,0.8075769166540454,-0.12914035906784688,0.001111741772489246,0.6782806322555363,0.8075762014134445,-0.1292955691579083,0.000956531682427841,posthoc_arithmetic_from_saved_coefficients
2,6,499,乙,exception,selection_error,above,R_cb63a1ebfc31098d_t431,H,"[[""sig_n""]]","[{""slot"":16,""relation_id"":""fab3e67eabda0467"",""state"":""H"",""names"":[""sig_n""],""history"":{""sig_n"":7}}]",H[sig_n],0.8088235294117647,4,wrong,wrong,R_4c7fb8909af1774e_t489,1,F,"[[""sig_e""]]","[{""slot"":0,""relation_id"":""10abfe922e78804e"",""state"":""F"",""names"":[""sig_e""],""history"":null}]",F[sig_e],0.6902654867256637,-0.11855804268610098,0.690110459417068,0.8077242686959646,-0.11761380927889664,0.0009442334072043427,0.6901035617365305,0.8075737292595314,-0.11747016752300082,0.0010878751631001626,posthoc_arithmetic_from_saved_coefficients
2,6,499,乙,exception,selection_error,above,R_cb63a1ebfc31098d_t431,H,"[[""sig_n""]]","[{""slot"":16,""relation_id"":""fab3e67eabda0467"",""state"":""H"",""names"":[""sig_n""],""history"":{""sig_n"":7}}]",H[sig_n],0.8088235294117647,4,wrong,wrong,R_318bd7a438f80cc5,2,F,"[[""sig_e""]]","[{""slot"":1,""relation_id"":""1f184b0ed6440abc"",""state"":""F"",""names"":[""sig_e""],""history"":null}]",F[sig_e],0.6902654867256637,-0.11855804268610098,0.6901096421282662,0.8077242686959646,-0.11761462656769847,0.0009434161184025152,0.6901027633184318,0.8075737292595314,-0.11747096594109953,0.0010870767450014624,posthoc_arithmetic_from_saved_coefficients
2,6,499,乙,exception,selection_error,above,R_cb63a1ebfc31098d_t431,H,"[[""sig_n""]]","[{""slot"":16,""relation_id"":""fab3e67eabda0467"",""state"":""H"",""names"":[""sig_n""],""history"":{""sig_n"":7}}]",H[sig_n],0.8088235294117647,4,wrong,wrong,R_6e8a065cec942906,3,F,"[[""sig_e""]]","[{""slot"":2,""relation_id"":""5534b615e7921aa5"",""state"":""F"",""names"":[""sig_e""],""history"":null}]",F[sig_e],0.6785714285714286,-0.13025210084033614,0.6783065927319925,0.8077242686959646,-0.12941767596397216,0.0008344248763639626,0.6783035187475466,0.8075737292595314,-0.12927021051198484,0.000981890328351307,posthoc_arithmetic_from_saved_coefficients
2,6,499,乙,exception,selection_error,above,R_cb63a1ebfc31098d_t431,H,"[[""sig_n""]]","[{""slot"":16,""relation_id"":""fab3e67eabda0467"",""state"":""H"",""names"":[""sig_n""],""history"":{""sig_n"":7}}]",H[sig_n],0.8088235294117647,4,wrong,wrong,R_ee0d8a88d1f306c8,4,F,"[[""sig_e""]]","[{""slot"":4,""relation_id"":""65b381c7e3b375c6"",""state"":""F"",""names"":[""sig_e""],""history"":null}]",F[sig_e],0.6422018348623854,-0.1666216945493794,0.6423957700577777,0.8077242686959646,-0.16532849863818697,0.0012931959111924106,0.6423884458541789,0.8075737292595314,-0.16518528340535255,0.001436411144026852,posthoc_arithmetic_from_saved_coefficients
2,6,566,乙,exception,selection_error,above,R_cb63a1ebfc31098d_t537,H,"[[""sig_n""]]","[{""slot"":3,""relation_id"":""75ddf17c6124f4e9"",""state"":""H"",""names"":[""sig_n""],""history"":{""sig_n"":12}}]",H[sig_n],0.782608695652174,1,wrong,wrong,R_4c7fb8909af1774e_t489,1,F,"[[""sig_e""]]","[{""slot"":0,""relation_id"":""10abfe922e78804e"",""state"":""F"",""names"":[""sig_e""],""history"":null}]",F[sig_e],0.6724137931034483,-0.11019490254872563,0.672275962737909,0.7817896207220142,-0.10951365798410517,0.0006812445646204628,0.6722698394285872,0.7816495200654292,-0.10937968063684199,0.0008152219118836471,posthoc_arithmetic_from_saved_coefficients
2,6,827,乙,exception,selection_error,above,R_cb63a1ebfc31098d_t741,U,[[]],"[{""slot"":15,""relation_id"":""e45caf2c5311be7d"",""state"":""U"",""names"":[],""history"":null}]",U,0.8652482269503546,1,wrong,wrong,R_a980cbcce2d6b26e,1,F,"[[""sig_e""]]","[{""slot"":3,""relation_id"":""944510aaeb6ccd14"",""state"":""F"",""names"":[""sig_e""],""history"":null}]",F[sig_e],0.6440677966101694,-0.2211804303401851,0.6439388646979972,0.865184522598087,-0.22124565790008968,-6.522755990456873e-05,0.6439370777257449,0.8650314491976926,-0.22109437147194766,8.605886823745305e-05,posthoc_arithmetic_from_saved_coefficients
2,6,880,乙,normal,selection_error,above,R_0e5d236bf5b42b15,H,"[[""sig_e""]]","[{""slot"":16,""relation_id"":""ca31240f42581b50"",""state"":""H"",""names"":[""sig_e""],""history"":{""sig_e"":2}}]",H[sig_e],0.8,2,correct,wrong,R_cb63a1ebfc31098d_t829,1,H,"[[""sig_e""]]","[{""slot"":5,""relation_id"":""67800de2a3373101"",""state"":""H"",""names"":[""sig_e""],""history"":{""sig_e"":1}}]",H[sig_e],0.8,0.0,0.7991500101755702,0.7990007028249692,0.00014930735060099217,0.00014930735060099217,0.7990028775404789,0.7990028775404789,0.0,0.0,posthoc_arithmetic_from_saved_coefficients
2,6,880,乙,normal,selection_error,above,R_0e5d236bf5b42b15,H,"[[""sig_e""]]","[{""slot"":16,""relation_id"":""ca31240f42581b50"",""state"":""H"",""names"":[""sig_e""],""history"":{""sig_e"":2}}]",H[sig_e],0.8,2,correct,wrong,R_9e4d965d6b6585c5,2,F,"[[""sig_n""]]","[{""slot"":10,""relation_id"":""d1c327cff28b4c7c"",""state"":""F"",""names"":[""sig_n""],""history"":null}]",F[sig_n],0.6785714285714286,-0.12142857142857143,0.6784128925161816,0.7990007028249692,-0.12058781030878758,0.0008407611197838436,0.6782569457524781,0.7990028775404789,-0.1207459317880008,0.0006826396405706305,posthoc_arithmetic_from_saved_coefficients
2,6,907,乙,normal,selection_error,above,R_0e5d236bf5b42b15,H,"[[""sig_e""]]","[{""slot"":16,""relation_id"":""ca31240f42581b50"",""state"":""H"",""names"":[""sig_e""],""history"":{""sig_e"":2}}]",H[sig_e],0.782608695652174,1,correct,wrong,R_cb63a1ebfc31098d_t829,1,H,"[[""sig_e""]]","[{""slot"":5,""relation_id"":""67800de2a3373101"",""state"":""H"",""names"":[""sig_e""],""history"":{""sig_e"":2}}]",H[sig_e],0.782608695652174,0.0,0.7817972589130462,0.7816543647071778,0.00014289420586842034,0.00014289420586842034,0.7816570850591248,0.7816570850591248,0.0,0.0,posthoc_arithmetic_from_saved_coefficients
2,6,941,甲,exception,selection_error,above,R_7b6b1008b48c1115_t925,H,"[[""sig_e""]]","[{""slot"":8,""relation_id"":""7b51cc8877d99249"",""state"":""H"",""names"":[""sig_e""],""history"":{""sig_e"":1}}]",H[sig_e],0.8840579710144928,3,correct,wrong,R_8b0d2a6b7293001d_t920,1,H,"[[""sig_e""]]","[{""slot"":0,""relation_id"":""20a0da1958b6bb21"",""state"":""H"",""names"":[""sig_e""],""history"":{""sig_e"":2}}]",H[sig_e],0.8840579710144928,0.0,0.8846335151737951,0.8844719458074571,0.00016156936633784295,0.00016156936633784295,0.884472913101663,0.884472913101663,0.0,0.0,posthoc_arithmetic_from_saved_coefficients
2,6,941,甲,exception,selection_error,above,R_7b6b1008b48c1115_t925,H,"[[""sig_e""]]","[{""slot"":8,""relation_id"":""7b51cc8877d99249"",""state"":""H"",""names"":[""sig_e""],""history"":{""sig_e"":1}}]",H[sig_e],0.8840579710144928,3,correct,wrong,R_fad8f670be5b8f88,2,F,"[[""sig_e""]]","[{""slot"":0,""relation_id"":""09c5f29ee9e9389d"",""state"":""F"",""names"":[""sig_e""],""history"":null}]",F[sig_e],0.6608695652173913,-0.22318840579710145,0.660782867933578,0.8844719458074571,-0.22368907787387915,-0.0005006720767776943,0.6606355526749581,0.884472913101663,-0.22383736042670485,-0.0006489546296034119,posthoc_arithmetic_from_saved_coefficients
2,6,941,甲,exception,selection_error,above,R_7b6b1008b48c1115_t925,H,"[[""sig_e""]]","[{""slot"":8,""relation_id"":""7b51cc8877d99249"",""state"":""H"",""names"":[""sig_e""],""history"":{""sig_e"":1}}]",H[sig_e],0.8840579710144928,3,correct,wrong,R_9075d2f1da15b9b3,3,F,"[[""sig_e""]]","[{""slot"":0,""relation_id"":""09c5f29ee9e9389d"",""state"":""F"",""names"":[""sig_e""],""history"":null}]",F[sig_e],0.6608695652173913,-0.22318840579710145,0.6607460443196712,0.8844719458074571,-0.223725901487786,-0.0005374956906845546,0.6605987481238453,0.884472913101663,-0.2238741649778177,-0.0006857591807162517,posthoc_arithmetic_from_saved_coefficients
2,6,969,乙,exception,selection_error,above,R_cb63a1ebfc31098d_t912,U,[[]],"[{""slot"":12,""relation_id"":""dcb4a43f4a388f05"",""state"":""U"",""names"":[],""history"":null}]",U,0.9037037037037037,3,correct,correct,R_0e5d236bf5b42b15,1,H,"[[""sig_e""]]","[{""slot"":16,""relation_id"":""ca31240f42581b50"",""state"":""H"",""names"":[""sig_e""],""history"":{""sig_e"":2}}]",H[sig_e],0.9037037037037037,0.0,0.9040493564217245,0.9036390149276402,0.0004103414940842296,0.0004103414940842296,0.9040516301216892,0.9034703709621372,0.0005812591595519359,0.0005812591595519359,posthoc_arithmetic_from_saved_coefficients
2,6,969,乙,exception,selection_error,above,R_cb63a1ebfc31098d_t912,U,[[]],"[{""slot"":12,""relation_id"":""dcb4a43f4a388f05"",""state"":""U"",""names"":[],""history"":null}]",U,0.9037037037037037,3,correct,correct,R_b6c15eaf75ec247c,2,H,"[[""sig_e""]]","[{""slot"":5,""relation_id"":""6a2ea856fa6081af"",""state"":""H"",""names"":[""sig_e""],""history"":{""sig_e"":1}}]",H[sig_e],0.8615384615384616,-0.042165242165242166,0.8619017820944094,0.9036390149276402,-0.041737232833230796,0.0004280093320113723,0.8619048686418014,0.9034703709621372,-0.04156550232033586,0.0005997398449063048,posthoc_arithmetic_from_saved_coefficients
2,6,969,乙,exception,selection_error,above,R_cb63a1ebfc31098d_t912,U,[[]],"[{""slot"":12,""relation_id"":""dcb4a43f4a388f05"",""state"":""U"",""names"":[],""history"":null}]",U,0.9037037037037037,3,correct,correct,R_a980cbcce2d6b26e,3,F,"[[""sig_e""]]","[{""slot"":3,""relation_id"":""944510aaeb6ccd14"",""state"":""F"",""names"":[""sig_e""],""history"":null}]",F[sig_e],0.6785714285714286,-0.22513227513227513,0.6784272134835907,0.9036390149276402,-0.22521180144404948,-7.952631177436212e-05,0.6784240051175694,0.9034703709621372,-0.2250463658445678,8.590928770732825e-05,posthoc_arithmetic_from_saved_coefficients
2,6,1321,乙,normal,selection_error,above,R_0e5d236bf5b42b15,H,"[[""sig_e""]]","[{""slot"":11,""relation_id"":""dcd25d6315dd2564"",""state"":""H"",""names"":[""sig_e""],""history"":{""sig_e"":2}}]",H[sig_e],0.782608695652174,4,correct,wrong,R_cb63a1ebfc31098d_t1228,1,H,"[[""sig_e""]]","[{""slot"":16,""relation_id"":""fbf1d90d08e867c0"",""state"":""H"",""names"":[""sig_e""],""history"":{""sig_e"":1}}]",H[sig_e],0.782608695652174,0.0,0.781788862005663,0.7816459718996439,0.00014289010601907162,0.00014289010601907162,0.7816488093738866,0.7816488093738866,0.0,0.0,posthoc_arithmetic_from_saved_coefficients
2,6,1321,乙,normal,selection_error,above,R_0e5d236bf5b42b15,H,"[[""sig_e""]]","[{""slot"":11,""relation_id"":""dcd25d6315dd2564"",""state"":""H"",""names"":[""sig_e""],""history"":{""sig_e"":2}}]",H[sig_e],0.782608695652174,4,correct,wrong,R_f10dc019491698d2,2,F,"[[""sig_n""]]","[{""slot"":6,""relation_id"":""665616d5be9fa4b2"",""state"":""F"",""names"":[""sig_n""],""history"":null}]",F[sig_n],0.6608695652173913,-0.12173913043478261,0.6608315003648658,0.7816459718996439,-0.12081447153477803,0.0009246589000045758,0.6606841718337634,0.7816488093738866,-0.12096463754012322,0.0007744928946593788,posthoc_arithmetic_from_saved_coefficients
2,6,1321,乙,normal,selection_error,above,R_0e5d236bf5b42b15,H,"[[""sig_e""]]","[{""slot"":11,""relation_id"":""dcd25d6315dd2564"",""state"":""H"",""names"":[""sig_e""],""history"":{""sig_e"":2}}]",H[sig_e],0.782608695652174,4,correct,wrong,R_fe7b42b67bef503d_t1120,3,F,"[[""sig_n""]]","[{""slot"":9,""relation_id"":""d3a2f3c23b3b8a92"",""state"":""F"",""names"":[""sig_n""],""history"":null}]",F[sig_n],0.6608695652173913,-0.12173913043478261,0.6611605504082801,0.7816459718996439,-0.12048542149136375,0.0012537089434188527,0.6610131758343727,0.7816488093738866,-0.12063563353951397,0.0011034968952686416,posthoc_arithmetic_from_saved_coefficients
2,6,1321,乙,normal,selection_error,above,R_0e5d236bf5b42b15,H,"[[""sig_e""]]","[{""slot"":11,""relation_id"":""dcd25d6315dd2564"",""state"":""H"",""names"":[""sig_e""],""history"":{""sig_e"":2}}]",H[sig_e],0.782608695652174,4,correct,wrong,R_48939b4afa3d5c42,4,F,"[[""sig_n""]]","[{""slot"":9,""relation_id"":""d3a2f3c23b3b8a92"",""state"":""F"",""names"":[""sig_n""],""history"":null}]",F[sig_n],0.6608695652173913,-0.12173913043478261,0.6607370895447967,0.7816459718996439,-0.12090888235484723,0.0008302480799353796,0.6605897643021884,0.7816488093738866,-0.1210590450716982,0.000680085363084409,posthoc_arithmetic_from_saved_coefficients
2,6,1422,甲,normal,selection_error,above,R_8b0d2a6b7293001d_t1310,H,"[[""sig_e""]]","[{""slot"":13,""relation_id"":""dc603d6472192188"",""state"":""H"",""names"":[""sig_e""],""history"":{""sig_e"":7}}]",H[sig_e],0.8,1,wrong,wrong,R_94a5a2e983982a1d,1,F,"[[""sig_n""]]","[{""slot"":0,""relation_id"":""0ab68b4c950e8b6f"",""state"":""F"",""names"":[""sig_n""],""history"":null}]",F[sig_n],0.6785714285714286,-0.12142857142857143,0.678270103796129,0.7992727084903108,-0.12100260469418182,0.00042596673438960773,0.678267101472689,0.7991256398039253,-0.12085853833123639,0.0005700330973350423,posthoc_arithmetic_from_saved_coefficients
2,6,1525,乙,exception,selection_error,above,R_cb63a1ebfc31098d_t1447,H,"[[""sig_n""]]","[{""slot"":10,""relation_id"":""8885607bb4929573"",""state"":""H"",""names"":[""sig_n""],""history"":{""sig_n"":5}}]",H[sig_n],0.782608695652174,4,wrong,wrong,R_39849c23dc9b5427,1,F,"[[""sig_e""]]","[{""slot"":10,""relation_id"":""dd01519ffe18dbd3"",""state"":""F"",""names"":[""sig_e""],""history"":null}]",F[sig_e],0.6608695652173913,-0.12173913043478261,0.6606519016896268,0.7818015846446128,-0.12114968295498589,0.0005894474797967129,0.6606494560588814,0.7816614569682874,-0.121012000909406,0.0007271295253766056,posthoc_arithmetic_from_saved_coefficients
2,6,1525,乙,exception,selection_error,above,R_cb63a1ebfc31098d_t1447,H,"[[""sig_n""]]","[{""slot"":10,""relation_id"":""8885607bb4929573"",""state"":""H"",""names"":[""sig_n""],""history"":{""sig_n"":5}}]",H[sig_n],0.782608695652174,4,wrong,wrong,R_a980cbcce2d6b26e,2,F,"[[""sig_e""]]","[{""slot"":8,""relation_id"":""d5b5bf8fb893b989"",""state"":""F"",""names"":[""sig_e""],""history"":null}]",F[sig_e],0.6608695652173913,-0.12173913043478261,0.660746286594796,0.7818015846446128,-0.12105529804981686,0.0006838323849657378,0.6607438481842097,0.7816614569682874,-0.12091760878407765,0.0008215216507049652,posthoc_arithmetic_from_saved_coefficients
2,6,1525,乙,exception,selection_error,above,R_cb63a1ebfc31098d_t1447,H,"[[""sig_n""]]","[{""slot"":10,""relation_id"":""8885607bb4929573"",""state"":""H"",""names"":[""sig_n""],""history"":{""sig_n"":5}}]",H[sig_n],0.782608695652174,4,wrong,wrong,R_63806e7a73a771ed,3,F,"[[""sig_e""]]","[{""slot"":5,""relation_id"":""903ebeefbd33f288"",""state"":""F"",""names"":[""sig_e""],""history"":null}]",F[sig_e],0.625,-0.15760869565217392,0.625213351004946,0.7818015846446128,-0.15658823363966673,0.0010204620125071743,0.625206743592,0.7816614569682874,-0.15645471337628727,0.0011539822758866321,posthoc_arithmetic_from_saved_coefficients
2,6,1525,乙,exception,selection_error,above,R_cb63a1ebfc31098d_t1447,H,"[[""sig_n""]]","[{""slot"":10,""relation_id"":""8885607bb4929573"",""state"":""H"",""names"":[""sig_n""],""history"":{""sig_n"":5}}]",H[sig_n],0.782608695652174,4,wrong,wrong,R_9578303c3c3d2bcd,4,F,"[[""sig_e""]]","[{""slot"":8,""relation_id"":""bd428908edca4f53"",""state"":""F"",""names"":[""sig_e""],""history"":null}]",F[sig_e],0.625,-0.15760869565217392,0.6255657617517747,0.7818015846446128,-0.1562358228928381,0.0013728727593358158,0.6255644735632514,0.7816614569682874,-0.15609698340503592,0.001511712247137988,posthoc_arithmetic_from_saved_coefficients
2,6,1567,乙,normal,selection_error,above,R_0e5d236bf5b42b15,H,"[[""sig_e""]]","[{""slot"":9,""relation_id"":""b566238ab886a341"",""state"":""H"",""names"":[""sig_e""],""history"":{""sig_e"":1}}]",H[sig_e],0.782608695652174,5,wrong,wrong,R_fe7b42b67bef503d,1,F,"[[""sig_n""]]","[{""slot"":6,""relation_id"":""b54c463943b6d2bf"",""state"":""F"",""names"":[""sig_n""],""history"":null}]",F[sig_n],0.6608695652173913,-0.12173913043478261,0.6611651598258612,0.7816505109287989,-0.12048535110293773,0.001253779331844871,0.6610177599043332,0.7816533254442907,-0.12063556553995748,0.0011035648948251261,posthoc_arithmetic_from_saved_coefficients
2,6,1567,乙,normal,selection_error,above,R_0e5d236bf5b42b15,H,"[[""sig_e""]]","[{""slot"":9,""relation_id"":""b566238ab886a341"",""state"":""H"",""names"":[""sig_e""],""history"":{""sig_e"":1}}]",H[sig_e],0.782608695652174,5,wrong,wrong,R_a3e2181b14bbde85,2,F,"[[""sig_n""]]","[{""slot"":9,""relation_id"":""c27ade3b68a45507"",""state"":""F"",""names"":[""sig_n""],""history"":null}]",F[sig_n],0.6608695652173913,-0.12173913043478261,0.6607945141212098,0.7816505109287989,-0.12085599680758914,0.0008831336271934633,0.6606471688764667,0.7816533254442907,-0.12100615656782403,0.0007329738669585785,posthoc_arithmetic_from_saved_coefficients
2,6,1567,乙,normal,selection_error,above,R_0e5d236bf5b42b15,H,"[[""sig_e""]]","[{""slot"":9,""relation_id"":""b566238ab886a341"",""state"":""H"",""names"":[""sig_e""],""history"":{""sig_e"":1}}]",H[sig_e],0.782608695652174,5,wrong,wrong,R_48939b4afa3d5c42_t1438,3,F,"[[""sig_n""]]","[{""slot"":2,""relation_id"":""2c122925bb5fd8b5"",""state"":""F"",""names"":[""sig_n""],""history"":null}]",F[sig_n],0.6608695652173913,-0.12173913043478261,0.6607416974671195,0.7816505109287989,-0.12090881346167945,0.0008303169731031583,0.6605943468844724,0.7816533254442907,-0.12105897855981829,0.000680151874964324,posthoc_arithmetic_from_saved_coefficients
2,6,1567,乙,normal,selection_error,above,R_0e5d236bf5b42b15,H,"[[""sig_e""]]","[{""slot"":9,""relation_id"":""b566238ab886a341"",""state"":""H"",""names"":[""sig_e""],""history"":{""sig_e"":1}}]",H[sig_e],0.782608695652174,5,wrong,wrong,R_533f0b68a9c93324,4,F,"[[""sig_n""]]","[{""slot"":4,""relation_id"":""a71da8ae1e830f5b"",""state"":""F"",""names"":[""sig_n""],""history"":null}]",F[sig_n],0.6608695652173913,-0.12173913043478261,0.6611659807499547,0.7816505109287989,-0.12048453017884428,0.001254600255938332,0.6610185617802092,0.7816533254442907,-0.12063476366408148,0.0011043667707011282,posthoc_arithmetic_from_saved_coefficients
2,6,1567,乙,normal,selection_error,above,R_0e5d236bf5b42b15,H,"[[""sig_e""]]","[{""slot"":9,""relation_id"":""b566238ab886a341"",""state"":""H"",""names"":[""sig_e""],""history"":{""sig_e"":1}}]",H[sig_e],0.782608695652174,5,wrong,wrong,R_f10dc019491698d2_t1428,5,F,"[[""sig_n""]]","[{""slot"":4,""relation_id"":""a71da8ae1e830f5b"",""state"":""F"",""names"":[""sig_n""],""history"":null}]",F[sig_n],0.6608695652173913,-0.12173913043478261,0.6608361086207191,0.7816505109287989,-0.12081440230807988,0.0009247281267027271,0.6606887547479136,0.7816533254442907,-0.12096457069637709,0.0007745597384055188,posthoc_arithmetic_from_saved_coefficients
2,6,1660,甲,exception,selection_error,above,R_7b6b1008b48c1115_t1632,H,"[[""sig_n""]]","[{""slot"":5,""relation_id"":""5e1f75daeebde2f3"",""state"":""H"",""names"":[""sig_n""],""history"":{""sig_n"":9}}]",H[sig_n],0.7659574468085106,1,wrong,wrong,R_0d2029ba5ef8463b,1,F,"[[""sig_e""]]","[{""slot"":4,""relation_id"":""221ee5b364cced32"",""state"":""F"",""names"":[""sig_e""],""history"":null}]",F[sig_e],0.6440677966101694,-0.12188965019834115,0.6446717393306103,0.7651720531865516,-0.12050031385594129,0.0013893363423998545,0.6445321317191604,0.7651753699709342,-0.12064323825177381,0.0012464119465673375,posthoc_arithmetic_from_saved_coefficients
2,7,40,甲,exception,selection_error,above,R_7b6b1008b48c1115,H,"[[""sig_n""]]","[{""slot"":15,""relation_id"":""f130a7ae775528d4"",""state"":""H"",""names"":[""sig_n""],""history"":{""sig_n"":11}}]",H[sig_n],0.7913669064748201,2,wrong,wrong,R_9166e2f96690a9eb,1,F,"[[""sig_e""]]","[{""slot"":9,""relation_id"":""796099b177e82aa1"",""state"":""F"",""names"":[""sig_e""],""history"":null}]",F[sig_e],0.6724137931034483,-0.11895311337137186,0.6725391093203468,0.7905330745877752,-0.11799396526742839,0.0009591481039434791,0.6724618889759439,0.7904454031692527,-0.1179835141933087,0.0009695991780631651,posthoc_arithmetic_from_saved_coefficients
2,7,40,甲,exception,selection_error,above,R_7b6b1008b48c1115,H,"[[""sig_n""]]","[{""slot"":15,""relation_id"":""f130a7ae775528d4"",""state"":""H"",""names"":[""sig_n""],""history"":{""sig_n"":11}}]",H[sig_n],0.7913669064748201,2,wrong,wrong,R_9075d2f1da15b9b3,2,F,"[[""sig_e""]]","[{""slot"":7,""relation_id"":""796099b177e82aa1"",""state"":""F"",""names"":[""sig_e""],""history"":null}]",F[sig_e],0.6724137931034483,-0.11895311337137186,0.6720304097300968,0.7905330745877752,-0.11850266485767846,0.00045044851369340725,0.6719533354648425,0.7904454031692527,-0.11849206770441024,0.0004610456669616181,posthoc_arithmetic_from_saved_coefficients
2,7,183,甲,exception,selection_error,above,R_7b6b1008b48c1115_t114,H,"[[""sig_n""]]","[{""slot"":0,""relation_id"":""07f5f33388d1a5d8"",""state"":""H"",""names"":[""sig_n""],""history"":{""sig_n"":2}}]",H[sig_n],0.7913669064748201,2,wrong,wrong,R_9166e2f96690a9eb,1,F,"[[""sig_e""]]","[{""slot"":9,""relation_id"":""796099b177e82aa1"",""state"":""F"",""names"":[""sig_e""],""history"":null}]",F[sig_e],0.6724137931034483,-0.11895311337137186,0.6725237073562029,0.7905179660229483,-0.11799425866674547,0.0009588547046264015,0.6724463022631104,0.7904301134610004,-0.11798381119788998,0.0009693021734818975,posthoc_arithmetic_from_saved_coefficients
2,7,183,甲,exception,selection_error,above,R_7b6b1008b48c1115_t114,H,"[[""sig_n""]]","[{""slot"":0,""relation_id"":""07f5f33388d1a5d8"",""state"":""H"",""names"":[""sig_n""],""history"":{""sig_n"":2}}]",H[sig_n],0.7913669064748201,2,wrong,wrong,R_9075d2f1da15b9b3,2,F,"[[""sig_e""]]","[{""slot"":7,""relation_id"":""796099b177e82aa1"",""state"":""F"",""names"":[""sig_e""],""history"":null}]",F[sig_e],0.6724137931034483,-0.11895311337137186,0.6720150135181671,0.7905179660229483,-0.11850295250478131,0.00045016086659056603,0.6719377545732514,0.7904301134610004,-0.11849235888774892,0.00046075448362294314,posthoc_arithmetic_from_saved_coefficients
2,7,386,甲,exception,selection_error,above,R_7b6b1008b48c1115_t322,H,"[[""sig_n""]]","[{""slot"":4,""relation_id"":""2cba756af1faf60e"",""state"":""H"",""names"":[""sig_n""],""history"":{""sig_n"":5}}]",H[sig_n],0.8088235294117647,1,wrong,wrong,R_7fee673cb73ad3c7,1,F,"[[""sig_e""]]","[{""slot"":0,""relation_id"":""22578bac11d9c4c8"",""state"":""F"",""names"":[""sig_e""],""history"":null}]",F[sig_e],0.6422018348623854,-0.1666216945493794,0.6431534026154623,0.8079614582417987,-0.16480805562633644,0.0018136389230429528,0.6430795818203772,0.8078691925486695,-0.16478961072829235,0.0018320838210870293,posthoc_arithmetic_from_saved_coefficients
2,7,411,甲,exception,selection_error,above,R_7b6b1008b48c1115_t322,H,"[[""sig_n""]]","[{""slot"":4,""relation_id"":""2cba756af1faf60e"",""state"":""H"",""names"":[""sig_n""],""history"":{""sig_n"":16}}]",H[sig_n],0.7913669064748201,1,wrong,wrong,R_7fee673cb73ad3c7,1,F,"[[""sig_e""]]","[{""slot"":0,""relation_id"":""22578bac11d9c4c8"",""state"":""F"",""names"":[""sig_e""],""history"":null}]",F[sig_e],0.625,-0.16636690647482014,0.6259552894390172,0.790542730481228,-0.16458744104221076,0.0017794654326093852,0.6258859781953647,0.7904550542243446,-0.1645690760289798,0.0017978304458403432,posthoc_arithmetic_from_saved_coefficients
2,7,466,乙,normal,distinction_loss,below,R_0e5d236bf5b42b15_t455,H,"[[""sig_e""]]","[{""slot"":1,""relation_id"":""327e47a057f69977"",""state"":""H"",""names"":[""sig_e""],""history"":{""sig_e"":3}}]",H[sig_e],0.782608695652174,0,wrong,wrong,,,,,,門上候補なし,,,,0.7819739361574581,,,,0.7818897382155623,,,not_applicable_no_correct_above_gate
2,7,468,乙,normal,distinction_loss,below,R_0e5d236bf5b42b15_t455,H,"[[""sig_e""]]","[{""slot"":1,""relation_id"":""327e47a057f69977"",""state"":""H"",""names"":[""sig_e""],""history"":{""sig_e"":3}}]",H[sig_e],0.7659574468085106,0,wrong,wrong,,,,,,門上候補なし,,,,0.765344023811534,,,,0.7652640506092948,,,not_applicable_no_correct_above_gate
2,7,582,乙,normal,selection_error,above,R_0e5d236bf5b42b15_t455,H,"[[""sig_e""]]","[{""slot"":1,""relation_id"":""327e47a057f69977"",""state"":""H"",""names"":[""sig_e""],""history"":{""sig_e"":11}}]",H[sig_e],0.7913669064748201,3,wrong,wrong,R_9e4d965d6b6585c5_t578,1,F,"[[""sig_n""]]","[{""slot"":5,""relation_id"":""636c225d26245904"",""state"":""F"",""names"":[""sig_n""],""history"":null}]",F[sig_n],0.6724137931034483,-0.11895311337137186,0.6720353770223033,0.7904498601188243,-0.11841448309652107,0.0005386302748507958,0.6719582827970088,0.7903621757715978,-0.11840389297458917,0.0005492203967826932,posthoc_arithmetic_from_saved_coefficients
2,7,582,乙,normal,selection_error,above,R_0e5d236bf5b42b15_t455,H,"[[""sig_e""]]","[{""slot"":1,""relation_id"":""327e47a057f69977"",""state"":""H"",""names"":[""sig_e""],""history"":{""sig_e"":11}}]",H[sig_e],0.7913669064748201,3,wrong,wrong,R_f10dc019491698d2_t577,2,F,"[[""sig_n""]]","[{""slot"":4,""relation_id"":""636c225d26245904"",""state"":""F"",""names"":[""sig_n""],""history"":null}]",F[sig_n],0.6724137931034483,-0.11895311337137186,0.6718473320732203,0.7904498601188243,-0.11860252804560399,0.0003505853257678794,0.6717702360915677,0.7903621757715978,-0.11859193968003012,0.00036117369134174514,posthoc_arithmetic_from_saved_coefficients
2,7,582,乙,normal,selection_error,above,R_0e5d236bf5b42b15_t455,H,"[[""sig_e""]]","[{""slot"":1,""relation_id"":""327e47a057f69977"",""state"":""H"",""names"":[""sig_e""],""history"":{""sig_e"":11}}]",H[sig_e],0.7913669064748201,3,wrong,wrong,R_fe7b42b67bef503d,3,F,"[[""sig_n""]]","[{""slot"":6,""relation_id"":""83fb77a0eec5b5e9"",""state"":""F"",""names"":[""sig_n""],""history"":null}]",F[sig_n],0.6724137931034483,-0.11895311337137186,0.6724707793195452,0.7904498601188243,-0.11797908079927905,0.0009740325720928158,0.6723935661555744,0.7903621757715978,-0.1179686096160235,0.0009845037553483653,posthoc_arithmetic_from_saved_coefficients
2,7,591,甲,exception,selection_error,above,R_5a211b92885d1ebf,H,"[[""sig_n""]]","[{""slot"":13,""relation_id"":""ea1a4efcec844ff1"",""state"":""H"",""names"":[""sig_n""],""history"":{""sig_n"":1}}]",H[sig_n],0.7727272727272727,3,wrong,wrong,R_4767122da6895de8,1,F,"[[""sig_e""]]","[{""slot"":0,""relation_id"":""161cc90ff981c48a"",""state"":""F"",""names"":[""sig_e""],""history"":null}]",F[sig_e],0.6785714285714286,-0.09415584415584416,0.6784860309490318,0.7717897695121926,-0.09330373856316083,0.0008521055926833201,0.6784088779722118,0.7716987360370429,-0.09328985806483105,0.0008659860910131103,posthoc_arithmetic_from_saved_coefficients
2,7,591,甲,exception,selection_error,above,R_5a211b92885d1ebf,H,"[[""sig_n""]]","[{""slot"":13,""relation_id"":""ea1a4efcec844ff1"",""state"":""H"",""names"":[""sig_n""],""history"":{""sig_n"":1}}]",H[sig_n],0.7727272727272727,3,wrong,wrong,R_ef81f20714fc4429,2,F,"[[""sig_e""]]","[{""slot"":1,""relation_id"":""3204e92e4373acff"",""state"":""F"",""names"":[""sig_e""],""history"":null}]",F[sig_e],0.6545454545454545,-0.11818181818181818,0.6540924262107909,0.7717897695121926,-0.11769734330140176,0.0004844748804164203,0.6540136254861666,0.7716987360370429,-0.11768511055087626,0.0004967076309419278,posthoc_arithmetic_from_saved_coefficients
2,7,591,甲,exception,selection_error,above,R_5a211b92885d1ebf,H,"[[""sig_n""]]","[{""slot"":13,""relation_id"":""ea1a4efcec844ff1"",""state"":""H"",""names"":[""sig_n""],""history"":{""sig_n"":1}}]",H[sig_n],0.7727272727272727,3,wrong,wrong,R_7fee673cb73ad3c7,3,F,"[[""sig_e""]]","[{""slot"":0,""relation_id"":""22578bac11d9c4c8"",""state"":""F"",""names"":[""sig_e""],""history"":null}]",F[sig_e],0.6422018348623854,-0.1305254378648874,0.6431434781118515,0.7717897695121926,-0.12864629140034112,0.0018791464645462916,0.6430695096653977,0.7716987360370429,-0.12862922637164514,0.0018962114932422635,posthoc_arithmetic_from_saved_coefficients
2,7,593,乙,normal,selection_error,above,R_0e5d236bf5b42b15_t455,H,"[[""sig_e""]]","[{""slot"":1,""relation_id"":""327e47a057f69977"",""state"":""H"",""names"":[""sig_e""],""history"":{""sig_e"":11}}]",H[sig_e],0.7746478873239436,5,wrong,wrong,R_9e4d965d6b6585c5_t578,1,F,"[[""sig_n""]]","[{""slot"":5,""relation_id"":""636c225d26245904"",""state"":""F"",""names"":[""sig_n""],""history"":null}]",F[sig_n],0.6554621848739496,-0.11918570244999409,0.6550941481973637,0.7737593572051957,-0.11866520900783198,0.0005204934421621052,0.6550213071022183,0.7736759620761657,-0.11865465497394745,0.0005310474760466333,posthoc_arithmetic_from_saved_coefficients
2,7,593,乙,normal,selection_error,above,R_0e5d236bf5b42b15_t455,H,"[[""sig_e""]]","[{""slot"":1,""relation_id"":""327e47a057f69977"",""state"":""H"",""names"":[""sig_e""],""history"":{""sig_e"":11}}]",H[sig_e],0.7746478873239436,5,wrong,wrong,R_f10dc019491698d2_t577,2,F,"[[""sig_n""]]","[{""slot"":4,""relation_id"":""636c225d26245904"",""state"":""F"",""names"":[""sig_n""],""history"":null}]",F[sig_n],0.6554621848739496,-0.11918570244999409,0.6549085058357947,0.7737593572051957,-0.1188508513694009,0.00033485108059318235,0.6548356630748068,0.7736759620761657,-0.11884029900135896,0.00034540344863511277,posthoc_arithmetic_from_saved_coefficients
2,7,593,乙,normal,selection_error,above,R_0e5d236bf5b42b15_t455,H,"[[""sig_e""]]","[{""slot"":1,""relation_id"":""327e47a057f69977"",""state"":""H"",""names"":[""sig_e""],""history"":{""sig_e"":11}}]",H[sig_e],0.7746478873239436,5,wrong,wrong,R_fe7b42b67bef503d,3,F,"[[""sig_n""]]","[{""slot"":6,""relation_id"":""83fb77a0eec5b5e9"",""state"":""F"",""names"":[""sig_n""],""history"":null}]",F[sig_n],0.6554621848739496,-0.11918570244999409,0.6555239925920265,0.7737593572051957,-0.11823536461316918,0.0009503378368249084,0.6554510339169312,0.7736759620761657,-0.11822492815923466,0.000960774290759424,posthoc_arithmetic_from_saved_coefficients
2,7,593,乙,normal,selection_error,above,R_0e5d236bf5b42b15_t455,H,"[[""sig_e""]]","[{""slot"":1,""relation_id"":""327e47a057f69977"",""state"":""H"",""names"":[""sig_e""],""history"":{""sig_e"":11}}]",H[sig_e],0.7746478873239436,5,wrong,wrong,R_a3e2181b14bbde85,4,F,"[[""sig_n""]]","[{""slot"":8,""relation_id"":""cf9941632fef6e8e"",""state"":""F"",""names"":[""sig_n""],""history"":null}]",F[sig_n],0.6440677966101694,-0.13058009071377416,0.6438639056031934,0.7737593572051957,-0.1298954516020023,0.000684639111771863,0.643795667827091,0.7736759620761657,-0.12988029424907485,0.0006997964646993215,posthoc_arithmetic_from_saved_coefficients
2,7,593,乙,normal,selection_error,above,R_0e5d236bf5b42b15_t455,H,"[[""sig_e""]]","[{""slot"":1,""relation_id"":""327e47a057f69977"",""state"":""H"",""names"":[""sig_e""],""history"":{""sig_e"":11}}]",H[sig_e],0.7746478873239436,5,wrong,wrong,R_533f0b68a9c93324_t585,5,F,"[[""sig_n""]]","[{""slot"":7,""relation_id"":""cf9941632fef6e8e"",""state"":""F"",""names"":[""sig_n""],""history"":null}]",F[sig_n],0.6440677966101694,-0.13058009071377416,0.6443606332862727,0.7737593572051957,-0.129398723918923,0.0011813667948511906,0.6442922805868869,0.7736759620761657,-0.12938368148927887,0.0011964092244953148,posthoc_arithmetic_from_saved_coefficients
2,7,659,乙,exception,selection_error,above,R_cb63a1ebfc31098d_t594,U,[[]],"[{""slot"":14,""relation_id"":""e68462191f6ffc76"",""state"":""U"",""names"":[],""history"":null}]",U,0.8571428571428571,4,wrong,wrong,R_6e8a065cec942906,1,F,"[[""sig_e""]]","[{""slot"":0,""relation_id"":""0230ba46de405160"",""state"":""F"",""names"":[""sig_e""],""history"":null}]",F[sig_e],0.6440677966101694,-0.21307506053268765,0.6441622141159827,0.8573182901073205,-0.2131560759913377,-8.10154586500529e-05,0.644076219231561,0.8572487212018632,-0.21317250197030232,-9.744143761467893e-05,posthoc_arithmetic_from_saved_coefficients
2,7,659,乙,exception,selection_error,above,R_cb63a1ebfc31098d_t594,U,[[]],"[{""slot"":14,""relation_id"":""e68462191f6ffc76"",""state"":""U"",""names"":[],""history"":null}]",U,0.8571428571428571,4,wrong,wrong,R_318bd7a438f80cc5_t636,2,F,"[[""sig_e""]]","[{""slot"":0,""relation_id"":""0230ba46de405160"",""state"":""F"",""names"":[""sig_e""],""history"":null}]",F[sig_e],0.6440677966101694,-0.21307506053268765,0.6445990079318341,0.8573182901073205,-0.21271928217548638,0.000355778357201261,0.6445128839813292,0.8572487212018632,-0.21273583722053402,0.00033922331215362276,posthoc_arithmetic_from_saved_coefficients
2,7,659,乙,exception,selection_error,above,R_cb63a1ebfc31098d_t594,U,[[]],"[{""slot"":14,""relation_id"":""e68462191f6ffc76"",""state"":""U"",""names"":[],""history"":null}]",U,0.8571428571428571,4,wrong,wrong,R_39849c23dc9b5427,3,F,"[[""sig_e""]]","[{""slot"":11,""relation_id"":""de4d2fad33a9647d"",""state"":""F"",""names"":[""sig_e""],""history"":null}]",F[sig_e],0.6440677966101694,-0.21307506053268765,0.644060813636851,0.8573182901073205,-0.21325747647046947,-0.00018241593778181795,0.6439748284867814,0.8572487212018632,-0.21327389271508182,-0.00019883218239418048,posthoc_arithmetic_from_saved_coefficients
2,7,659,乙,exception,selection_error,above,R_cb63a1ebfc31098d_t594,U,[[]],"[{""slot"":14,""relation_id"":""e68462191f6ffc76"",""state"":""U"",""names"":[],""history"":null}]",U,0.8571428571428571,4,wrong,wrong,R_4c7fb8909af1774e,4,F,"[[""sig_e""]]","[{""slot"":1,""relation_id"":""430821c2e08e8934"",""state"":""F"",""names"":[""sig_e""],""history"":null}]",F[sig_e],0.6440677966101694,-0.21307506053268765,0.6444611826199456,0.8573182901073205,-0.21285710748737494,0.00021795304531271246,0.6443750703901291,0.8572487212018632,-0.21287365081173415,0.00020140972095349528,posthoc_arithmetic_from_saved_coefficients
2,7,723,乙,exception,selection_error,above,R_cb63a1ebfc31098d_t667,U,[[]],"[{""slot"":10,""relation_id"":""73a202069773d398"",""state"":""U"",""names"":[],""history"":null}]",U,0.8759124087591241,2,wrong,wrong,R_6e8a065cec942906,1,F,"[[""sig_e""]]","[{""slot"":0,""relation_id"":""0230ba46de405160"",""state"":""F"",""names"":[""sig_e""],""history"":null}]",F[sig_e],0.6608695652173913,-0.21504284354173278,0.6609575644693683,0.8760794147687628,-0.2151218502993945,-7.900675766171572e-05,0.6608663383250554,0.8760057277225255,-0.21513938939747013,-9.654585573733588e-05,posthoc_arithmetic_from_saved_coefficients
2,7,723,乙,exception,selection_error,above,R_cb63a1ebfc31098d_t667,U,[[]],"[{""slot"":10,""relation_id"":""73a202069773d398"",""state"":""U"",""names"":[],""history"":null}]",U,0.8759124087591241,2,wrong,wrong,R_318bd7a438f80cc5_t636,2,F,"[[""sig_e""]]","[{""slot"":0,""relation_id"":""0230ba46de405160"",""state"":""F"",""names"":[""sig_e""],""history"":null}]",F[sig_e],0.6608695652173913,-0.21504284354173278,0.6614001913364893,0.8760794147687628,-0.2146792234322735,0.0003636201094592784,0.6613088344836933,0.8760057277225255,-0.21469689323883215,0.00034595030290064226,posthoc_arithmetic_from_saved_coefficients
2,7,747,乙,exception,selection_error,above,R_cb63a1ebfc31098d_t667,H,"[[""sig_e""]]","[{""slot"":10,""relation_id"":""73a202069773d398"",""state"":""H"",""names"":[""sig_e""],""history"":{""sig_e"":1}}]",H[sig_e],0.8840579710144928,2,wrong,wrong,R_6e8a065cec942906,1,F,"[[""sig_e""]]","[{""slot"":0,""relation_id"":""0230ba46de405160"",""state"":""F"",""names"":[""sig_e""],""history"":null}]",F[sig_e],0.6608695652173913,-0.22318840579710145,0.660980792885925,0.8845228325427693,-0.22354203965684433,-0.0003536338597428683,0.6608896487299433,0.8844460525036728,-0.22355640377372954,-0.00036799797662808803,posthoc_arithmetic_from_saved_coefficients
2,7,747,乙,exception,selection_error,above,R_cb63a1ebfc31098d_t667,H,"[[""sig_e""]]","[{""slot"":10,""relation_id"":""73a202069773d398"",""state"":""H"",""names"":[""sig_e""],""history"":{""sig_e"":1}}]",H[sig_e],0.8840579710144928,2,wrong,wrong,R_318bd7a438f80cc5_t636,2,F,"[[""sig_e""]]","[{""slot"":0,""relation_id"":""0230ba46de405160"",""state"":""F"",""names"":[""sig_e""],""history"":null}]",F[sig_e],0.6608695652173913,-0.22318840579710145,0.661423427624864,0.8845228325427693,-0.22309940491790542,8.900087919603677e-05,0.6613321527885303,0.8844460525036728,-0.22311389971514242,7.450608195902225e-05,posthoc_arithmetic_from_saved_coefficients
2,7,1193,甲,normal,selection_error,above,R_8b0d2a6b7293001d,H,"[[""sig_e""]]","[{""slot"":8,""relation_id"":""886f3797213bd637"",""state"":""H"",""names"":[""sig_e""],""history"":{""sig_e"":5}}]",H[sig_e],0.8088235294117647,4,wrong,wrong,R_bfecf95ccc797855,1,F,"[[""sig_n""]]","[{""slot"":5,""relation_id"":""8e8c02144aca8759"",""state"":""F"",""names"":[""sig_n""],""history"":null}]",F[sig_n],0.6785714285714286,-0.13025210084033614,0.6784898802093506,0.8079460087569161,-0.12945612854756547,0.0007959722927706731,0.6783932438092098,0.807873040230397,-0.12947979642118715,0.0007723044191489898,posthoc_arithmetic_from_saved_coefficients
2,7,1193,甲,normal,selection_error,above,R_8b0d2a6b7293001d,H,"[[""sig_e""]]","[{""slot"":8,""relation_id"":""886f3797213bd637"",""state"":""H"",""names"":[""sig_e""],""history"":{""sig_e"":5}}]",H[sig_e],0.8088235294117647,4,wrong,wrong,R_d13632637df56212,2,F,"[[""sig_n""]]","[{""slot"":6,""relation_id"":""9c188a6467ee1ed2"",""state"":""F"",""names"":[""sig_n""],""history"":null}]",F[sig_n],0.6785714285714286,-0.13025210084033614,0.6791556890108488,0.8079460087569161,-0.12879031974606733,0.001461781094268788,0.679058878654064,0.807873040230397,-0.12881416157633296,0.001437939264003174,posthoc_arithmetic_from_saved_coefficients
2,7,1193,甲,normal,selection_error,above,R_8b0d2a6b7293001d,H,"[[""sig_e""]]","[{""slot"":8,""relation_id"":""886f3797213bd637"",""state"":""H"",""names"":[""sig_e""],""history"":{""sig_e"":5}}]",H[sig_e],0.8088235294117647,4,wrong,wrong,R_627ae67a7f637bdb_t1073,3,F,"[[""sig_n""]]","[{""slot"":11,""relation_id"":""e78d59e77774e291"",""state"":""F"",""names"":[""sig_n""],""history"":null}]",F[sig_n],0.6785714285714286,-0.13025210084033614,0.6784367055553083,0.8079460087569161,-0.12950930320160783,0.0007427976387282871,0.6783400400882137,0.807873040230397,-0.12953300014218333,0.000719100698152793,posthoc_arithmetic_from_saved_coefficients
2,7,1193,甲,normal,selection_error,above,R_8b0d2a6b7293001d,H,"[[""sig_e""]]","[{""slot"":8,""relation_id"":""886f3797213bd637"",""state"":""H"",""names"":[""sig_e""],""history"":{""sig_e"":5}}]",H[sig_e],0.8088235294117647,4,wrong,wrong,R_1d4532c404ae777e_t1070,4,F,"[[""sig_n""]]","[{""slot"":10,""relation_id"":""e78d59e77774e291"",""state"":""F"",""names"":[""sig_n""],""history"":null}]",F[sig_n],0.6785714285714286,-0.13025210084033614,0.6784430310270798,0.8079460087569161,-0.12950297772983635,0.0007491231104997721,0.6783463567496849,0.807873040230397,-0.1295266834807121,0.0007254173596240109,posthoc_arithmetic_from_saved_coefficients
2,7,1196,甲,normal,selection_error,above,R_8b0d2a6b7293001d,H,"[[""sig_e""]]","[{""slot"":8,""relation_id"":""886f3797213bd637"",""state"":""H"",""names"":[""sig_e""],""history"":{""sig_e"":5}}]",H[sig_e],0.8088235294117647,4,wrong,wrong,R_bfecf95ccc797855,1,F,"[[""sig_n""]]","[{""slot"":5,""relation_id"":""8e8c02144aca8759"",""state"":""F"",""names"":[""sig_n""],""history"":null}]",F[sig_n],0.6902654867256637,-0.11855804268610098,0.6898072120055121,0.8079402542227089,-0.11813304221719681,0.0004250004689041829,0.6897056097796015,0.807867193974919,-0.11816158419531751,0.00039645849078348257,posthoc_arithmetic_from_saved_coefficients
2,7,1196,甲,normal,selection_error,above,R_8b0d2a6b7293001d,H,"[[""sig_e""]]","[{""slot"":8,""relation_id"":""886f3797213bd637"",""state"":""H"",""names"":[""sig_e""],""history"":{""sig_e"":5}}]",H[sig_e],0.8088235294117647,4,wrong,wrong,R_d13632637df56212,2,F,"[[""sig_n""]]","[{""slot"":6,""relation_id"":""9c188a6467ee1ed2"",""state"":""F"",""names"":[""sig_n""],""history"":null}]",F[sig_n],0.6785714285714286,-0.13025210084033614,0.679149815741071,0.8079402542227089,-0.12879043848163788,0.001461662358698256,0.67905291236837,0.807867193974919,-0.128814281606549,0.00143781923378713,posthoc_arithmetic_from_saved_coefficients
2,7,1196,甲,normal,selection_error,above,R_8b0d2a6b7293001d,H,"[[""sig_e""]]","[{""slot"":8,""relation_id"":""886f3797213bd637"",""state"":""H"",""names"":[""sig_e""],""history"":{""sig_e"":5}}]",H[sig_e],0.8088235294117647,4,wrong,wrong,R_627ae67a7f637bdb_t1073,3,F,"[[""sig_n""]]","[{""slot"":11,""relation_id"":""e78d59e77774e291"",""state"":""F"",""names"":[""sig_n""],""history"":null}]",F[sig_n],0.6785714285714286,-0.13025210084033614,0.6784308353096052,0.8079402542227089,-0.12950941891310366,0.0007426819272324655,0.6783340768750062,0.807867193974919,-0.12953311709991275,0.0007189837404234002,posthoc_arithmetic_from_saved_coefficients
2,7,1196,甲,normal,selection_error,above,R_8b0d2a6b7293001d,H,"[[""sig_e""]]","[{""slot"":8,""relation_id"":""886f3797213bd637"",""state"":""H"",""names"":[""sig_e""],""history"":{""sig_e"":5}}]",H[sig_e],0.8088235294117647,4,wrong,wrong,R_1d4532c404ae777e_t1070,4,F,"[[""sig_n""]]","[{""slot"":10,""relation_id"":""e78d59e77774e291"",""state"":""F"",""names"":[""sig_n""],""history"":null}]",F[sig_n],0.6785714285714286,-0.13025210084033614,0.678437160754742,0.8079402542227089,-0.1295030934679669,0.0007490073723692355,0.6783403935094486,0.807867193974919,-0.12952680046547035,0.0007253003748657712,posthoc_arithmetic_from_saved_coefficients
2,7,1199,甲,normal,selection_error,above,R_8b0d2a6b7293001d,H,"[[""sig_e""]]","[{""slot"":8,""relation_id"":""886f3797213bd637"",""state"":""H"",""names"":[""sig_e""],""history"":{""sig_e"":5}}]",H[sig_e],0.7913669064748201,4,wrong,wrong,R_bfecf95ccc797855,1,F,"[[""sig_n""]]","[{""slot"":5,""relation_id"":""8e8c02144aca8759"",""state"":""F"",""names"":[""sig_n""],""history"":null}]",F[sig_n],0.6724137931034483,-0.11895311337137186,0.6719667162664612,0.7905139897133635,-0.11854727344690229,0.00040583992446958564,0.6718708323590641,0.7904447912335507,-0.11857395887448668,0.0003791544968851769,posthoc_arithmetic_from_saved_coefficients
2,7,1199,甲,normal,selection_error,above,R_8b0d2a6b7293001d,H,"[[""sig_e""]]","[{""slot"":8,""relation_id"":""886f3797213bd637"",""state"":""H"",""names"":[""sig_e""],""history"":{""sig_e"":5}}]",H[sig_e],0.7913669064748201,4,wrong,wrong,R_d13632637df56212,2,F,"[[""sig_n""]]","[{""slot"":6,""relation_id"":""9c188a6467ee1ed2"",""state"":""F"",""names"":[""sig_n""],""history"":null}]",F[sig_n],0.6608695652173913,-0.13049734125742884,0.6614458004537227,0.7905139897133635,-0.12906818925964084,0.0014291519977880096,0.6613545615536977,0.7904447912335507,-0.12909022967985312,0.001407111577575714,posthoc_arithmetic_from_saved_coefficients
2,7,1199,甲,normal,selection_error,above,R_8b0d2a6b7293001d,H,"[[""sig_e""]]","[{""slot"":8,""relation_id"":""886f3797213bd637"",""state"":""H"",""names"":[""sig_e""],""history"":{""sig_e"":5}}]",H[sig_e],0.7913669064748201,4,wrong,wrong,R_627ae67a7f637bdb_t1073,3,F,"[[""sig_n""]]","[{""slot"":11,""relation_id"":""e78d59e77774e291"",""state"":""F"",""names"":[""sig_n""],""history"":null}]",F[sig_n],0.6608695652173913,-0.13049734125742884,0.6607361867660207,0.7905139897133635,-0.1297778029473427,0.0007195383100861315,0.6606450912350644,0.7904447912335507,-0.12979969999848626,0.0006976412589425764,posthoc_arithmetic_from_saved_coefficients
2,7,1199,甲,normal,selection_error,above,R_8b0d2a6b7293001d,H,"[[""sig_e""]]","[{""slot"":8,""relation_id"":""886f3797213bd637"",""state"":""H"",""names"":[""sig_e""],""history"":{""sig_e"":5}}]",H[sig_e],0.7913669064748201,4,wrong,wrong,R_1d4532c404ae777e_t1070,4,F,"[[""sig_n""]]","[{""slot"":10,""relation_id"":""e78d59e77774e291"",""state"":""F"",""names"":[""sig_n""],""history"":null}]",F[sig_n],0.6608695652173913,-0.13049734125742884,0.6607424297166254,0.7905139897133635,-0.12977155999673798,0.0007257812606908546,0.6606513254871151,0.7904447912335507,-0.12979346574643563,0.0007038755109932053,posthoc_arithmetic_from_saved_coefficients
2,7,1276,乙,normal,selection_error,above,R_0e5d236bf5b42b15,H,"[[""sig_e""]]","[{""slot"":7,""relation_id"":""5626ab48f52918a6"",""state"":""H"",""names"":[""sig_e""],""history"":{""sig_e"":7}}]",H[sig_e],0.8088235294117647,2,wrong,wrong,R_9e4d965d6b6585c5_t1274,1,F,"[[""sig_n""]]","[{""slot"":5,""relation_id"":""6d10f5a29b0e59dc"",""state"":""F"",""names"":[""sig_n""],""history"":null}]",F[sig_n],0.6785714285714286,-0.13025210084033614,0.6785619653680527,0.8078847894469056,-0.12932282407885284,0.0009292767614833027,0.6784849743772587,0.807792511174758,-0.12930753679749935,0.0009445640428367888,posthoc_arithmetic_from_saved_coefficients
2,7,1276,乙,normal,selection_error,above,R_0e5d236bf5b42b15,H,"[[""sig_e""]]","[{""slot"":7,""relation_id"":""5626ab48f52918a6"",""state"":""H"",""names"":[""sig_e""],""history"":{""sig_e"":7}}]",H[sig_e],0.8088235294117647,2,wrong,wrong,R_48939b4afa3d5c42,2,F,"[[""sig_n""]]","[{""slot"":10,""relation_id"":""f0bc40ae27d08a0b"",""state"":""F"",""names"":[""sig_n""],""history"":null}]",F[sig_n],0.6785714285714286,-0.13025210084033614,0.6784578198555377,0.8078847894469056,-0.12942696959136793,0.0008251312489681973,0.6783808373297702,0.807792511174758,-0.1294116738449879,0.000840426995348255,posthoc_arithmetic_from_saved_coefficients
2,7,1280,乙,normal,selection_error,above,R_0e5d236bf5b42b15,H,"[[""sig_e""]]","[{""slot"":7,""relation_id"":""5626ab48f52918a6"",""state"":""H"",""names"":[""sig_e""],""history"":{""sig_e"":7}}]",H[sig_e],0.8088235294117647,2,wrong,wrong,R_9e4d965d6b6585c5_t1274,1,F,"[[""sig_n""]]","[{""slot"":5,""relation_id"":""6d10f5a29b0e59dc"",""state"":""F"",""names"":[""sig_n""],""history"":null}]",F[sig_n],0.6785714285714286,-0.13025210084033614,0.6785422241349831,0.8078654380616405,-0.12932321392665733,0.0009288869136788144,0.6784652353373584,0.8077731620473594,-0.12930792671000105,0.0009441741303350877,posthoc_arithmetic_from_saved_coefficients
2,7,1280,乙,normal,selection_error,above,R_0e5d236bf5b42b15,H,"[[""sig_e""]]","[{""slot"":7,""relation_id"":""5626ab48f52918a6"",""state"":""H"",""names"":[""sig_e""],""history"":{""sig_e"":7}}]",H[sig_e],0.8088235294117647,2,wrong,wrong,R_48939b4afa3d5c42,2,F,"[[""sig_n""]]","[{""slot"":10,""relation_id"":""f0bc40ae27d08a0b"",""state"":""F"",""names"":[""sig_n""],""history"":null}]",F[sig_n],0.6785714285714286,-0.13025210084033614,0.6784380800967802,0.8078654380616405,-0.1294273579648602,0.0008247428754759243,0.6783610997643328,0.8077731620473594,-0.1294120622830266,0.0008400385573095253,posthoc_arithmetic_from_saved_coefficients
2,7,1285,乙,normal,selection_error,above,R_0e5d236bf5b42b15,H,"[[""sig_e""]]","[{""slot"":7,""relation_id"":""5626ab48f52918a6"",""state"":""H"",""names"":[""sig_e""],""history"":{""sig_e"":8}}]",H[sig_e],0.7746478873239436,2,wrong,wrong,R_9e4d965d6b6585c5_t1274,1,F,"[[""sig_n""]]","[{""slot"":5,""relation_id"":""6d10f5a29b0e59dc"",""state"":""F"",""names"":[""sig_n""],""history"":null}]",F[sig_n],0.6440677966101694,-0.13058009071377416,0.6440632961895011,0.7737610747236283,-0.12969777853412723,0.0008823121796469502,0.6439949717836441,0.7736775949276344,-0.12968262314399032,0.0008974675697838465,posthoc_arithmetic_from_saved_coefficients
2,7,1285,乙,normal,selection_error,above,R_0e5d236bf5b42b15,H,"[[""sig_e""]]","[{""slot"":7,""relation_id"":""5626ab48f52918a6"",""state"":""H"",""names"":[""sig_e""],""history"":{""sig_e"":8}}]",H[sig_e],0.7746478873239436,2,wrong,wrong,R_48939b4afa3d5c42,2,F,"[[""sig_n""]]","[{""slot"":10,""relation_id"":""f0bc40ae27d08a0b"",""state"":""F"",""names"":[""sig_n""],""history"":null}]",F[sig_n],0.6440677966101694,-0.13058009071377416,0.6439618652442721,0.7737610747236283,-0.12979920947935622,0.0007808812344179495,0.6438935491327995,0.7736775949276344,-0.1297840457948349,0.0007960449189392739,posthoc_arithmetic_from_saved_coefficients
2,7,1463,甲,exception,selection_error,above,R_7b6b1008b48c1115_t1417,H,"[[""sig_n""]]","[{""slot"":7,""relation_id"":""3ac38e7014e2b46e"",""state"":""H"",""names"":[""sig_n""],""history"":{""sig_n"":1}}]",H[sig_n],0.7659574468085106,1,wrong,wrong,R_7fee673cb73ad3c7,1,F,"[[""sig_e""]]","[{""slot"":5,""relation_id"":""912458c580c71c87"",""state"":""F"",""names"":[""sig_e""],""history"":null}]",F[sig_e],0.6086956521739131,-0.1572617946345976,0.6096469863745889,0.7654405630401376,-0.15579357666554877,0.0014682179690488231,0.6095818291834847,0.7653606522592226,-0.15577882307573784,0.0014829715588597454,posthoc_arithmetic_from_saved_coefficients
2,7,1527,甲,normal,selection_error,above,R_8b0d2a6b7293001d,H,"[[""sig_e""]]","[{""slot"":6,""relation_id"":""4262c09bf6d8c7ba"",""state"":""H"",""names"":[""sig_e""],""history"":{""sig_e"":6}}]",H[sig_e],0.8,2,wrong,wrong,R_a446f7302597b869_t1520,1,F,"[[""sig_n""]]","[{""slot"":7,""relation_id"":""aa773cfb4aa822b6"",""state"":""F"",""names"":[""sig_n""],""history"":null}]",F[sig_n],0.6785714285714286,-0.12142857142857143,0.6790027453939711,0.7993933819724554,-0.12039063657848431,0.0010379348500871128,0.6789059532668379,0.7993238498547259,-0.12041789658788796,0.0010106748406834762,posthoc_arithmetic_from_saved_coefficients
2,7,1527,甲,normal,selection_error,above,R_8b0d2a6b7293001d,H,"[[""sig_e""]]","[{""slot"":6,""relation_id"":""4262c09bf6d8c7ba"",""state"":""H"",""names"":[""sig_e""],""history"":{""sig_e"":6}}]",H[sig_e],0.8,2,wrong,wrong,R_03823437075e45e8,2,F,"[[""sig_n""]]","[{""slot"":4,""relation_id"":""7b254b44ae1dc548"",""state"":""F"",""names"":[""sig_n""],""history"":null}]",F[sig_n],0.6296296296296297,-0.17037037037037037,0.6299495915727332,0.7993933819724554,-0.16944379039972213,0.0009265799706482386,0.6298562322034515,0.7993238498547259,-0.16946761765127438,0.0009027527190959932,posthoc_arithmetic_from_saved_coefficients
2,7,1633,甲,normal,selection_error,above,R_8b0d2a6b7293001d_t1595,H,"[[""sig_e""]]","[{""slot"":6,""relation_id"":""43d133381ac911eb"",""state"":""H"",""names"":[""sig_e""],""history"":{""sig_e"":6}}]",H[sig_e],0.7659574468085106,2,wrong,wrong,R_a446f7302597b869_t1520,1,F,"[[""sig_n""]]","[{""slot"":7,""relation_id"":""aa773cfb4aa822b6"",""state"":""F"",""names"":[""sig_n""],""history"":null}]",F[sig_n],0.6440677966101694,-0.12188965019834115,0.6445234576522774,0.7654310360224004,-0.120907578370123,0.000982071828218143,0.6444373674141808,0.765368756076321,-0.12093138866214025,0.0009582615362009064,posthoc_arithmetic_from_saved_coefficients
2,7,1633,甲,normal,selection_error,above,R_8b0d2a6b7293001d_t1595,H,"[[""sig_e""]]","[{""slot"":6,""relation_id"":""43d133381ac911eb"",""state"":""H"",""names"":[""sig_e""],""history"":{""sig_e"":6}}]",H[sig_e],0.7659574468085106,2,wrong,wrong,R_03823437075e45e8,2,F,"[[""sig_n""]]","[{""slot"":4,""relation_id"":""7b254b44ae1dc548"",""state"":""F"",""names"":[""sig_n""],""history"":null}]",F[sig_n],0.584070796460177,-0.18188665034833365,0.5846433201346705,0.7654310360224004,-0.18078771588772996,0.0010989344606036852,0.5845659453224843,0.765368756076321,-0.1808028107538368,0.0010838395944968479,posthoc_arithmetic_from_saved_coefficients
2,7,1637,甲,normal,selection_error,above,R_8b0d2a6b7293001d_t1595,H,"[[""sig_e""]]","[{""slot"":6,""relation_id"":""43d133381ac911eb"",""state"":""H"",""names"":[""sig_e""],""history"":{""sig_e"":6}}]",H[sig_e],0.7659574468085106,3,wrong,wrong,R_94a5a2e983982a1d_t1634,1,F,"[[""sig_n""]]","[{""slot"":0,""relation_id"":""11cdbc1b7fa46242"",""state"":""F"",""names"":[""sig_n""],""history"":null}]",F[sig_n],0.6440677966101694,-0.12188965019834115,0.6440182562775582,0.7654159685076584,-0.12139771223010021,0.0004919379682409377,0.6439323052433163,0.7653536835064806,-0.12142137826316429,0.00046827193517684875,posthoc_arithmetic_from_saved_coefficients
2,7,1637,甲,normal,selection_error,above,R_8b0d2a6b7293001d_t1595,H,"[[""sig_e""]]","[{""slot"":6,""relation_id"":""43d133381ac911eb"",""state"":""H"",""names"":[""sig_e""],""history"":{""sig_e"":6}}]",H[sig_e],0.7659574468085106,3,wrong,wrong,R_a446f7302597b869_t1520,2,F,"[[""sig_n""]]","[{""slot"":7,""relation_id"":""aa773cfb4aa822b6"",""state"":""F"",""names"":[""sig_n""],""history"":null}]",F[sig_n],0.6440677966101694,-0.12188965019834115,0.6445082933567613,0.7654159685076584,-0.12090767515089709,0.0009819750474440495,0.6444221994495553,0.7653536835064806,-0.1209314840569253,0.0009581661414158466,posthoc_arithmetic_from_saved_coefficients
2,7,1637,甲,normal,selection_error,above,R_8b0d2a6b7293001d_t1595,H,"[[""sig_e""]]","[{""slot"":6,""relation_id"":""43d133381ac911eb"",""state"":""H"",""names"":[""sig_e""],""history"":{""sig_e"":6}}]",H[sig_e],0.7659574468085106,3,wrong,wrong,R_03823437075e45e8,3,F,"[[""sig_n""]]","[{""slot"":4,""relation_id"":""7b254b44ae1dc548"",""state"":""F"",""names"":[""sig_n""],""history"":null}]",F[sig_n],0.584070796460177,-0.18188665034833365,0.5846289570426033,0.7654159685076584,-0.1807870114650551,0.001099638883278537,0.5845515788646046,0.7653536835064806,-0.18080210464187596,0.0010845457064576928,posthoc_arithmetic_from_saved_coefficients
2,8,18,乙,exception,selection_error,above,R_cb63a1ebfc31098d,U,[[]],"[{""slot"":4,""relation_id"":""4befafdc9c2a0bdf"",""state"":""U"",""names"":[],""history"":null}]",U,0.8840579710144928,1,wrong,wrong,R_a980cbcce2d6b26e,1,F,"[[""sig_e""]]","[{""slot"":1,""relation_id"":""7979c08ae97ac9c8"",""state"":""F"",""names"":[""sig_e""],""history"":null}]",F[sig_e],0.6724137931034483,-0.21164417791104448,0.6719477329399087,0.8839748751098527,-0.21202714216994395,-0.0003829642588994834,0.6718639052365292,0.8839145269292276,-0.21205062169269842,-0.0004064437816539404,posthoc_arithmetic_from_saved_coefficients
2,8,49,甲,exception,selection_error,above,R_7b6b1008b48c1115,H,"[[""sig_n""]]","[{""slot"":3,""relation_id"":""1e14d6afc270b58c"",""state"":""H"",""names"":[""sig_n""],""history"":{""sig_n"":12}}]",H[sig_n],0.7913669064748201,2,wrong,wrong,R_bb11e7f622c3f823,1,F,"[[""sig_e""]]","[{""slot"":6,""relation_id"":""93797c73388acefb"",""state"":""F"",""names"":[""sig_e""],""history"":null}]",F[sig_e],0.625,-0.16636690647482014,0.6243825840001883,0.7906321819086805,-0.1662495979084921,0.00011730856632802119,0.624323204193384,0.7905553462651149,-0.1662321420717309,0.00013476440308924482,posthoc_arithmetic_from_saved_coefficients
2,8,49,甲,exception,selection_error,above,R_7b6b1008b48c1115,H,"[[""sig_n""]]","[{""slot"":3,""relation_id"":""1e14d6afc270b58c"",""state"":""H"",""names"":[""sig_n""],""history"":{""sig_n"":12}}]",H[sig_n],0.7913669064748201,2,wrong,wrong,R_c9218d4e01f32519,2,none,[],[],席が無い,0.46,-0.33136690647482014,0.4586947032191203,0.7906321819086805,-0.3319374786895601,-0.0005705722147399344,0.4586494643579726,0.7905553462651149,-0.33190588190714226,-0.0005389754323221408,posthoc_arithmetic_from_saved_coefficients
2,8,90,乙,exception,selection_error,above,R_cb63a1ebfc31098d,H,"[[""sig_e""]]","[{""slot"":4,""relation_id"":""4befafdc9c2a0bdf"",""state"":""H"",""names"":[""sig_e""],""history"":{""sig_e"":1}}]",H[sig_e],0.9117647058823529,2,wrong,wrong,R_39849c23dc9b5427,1,F,"[[""sig_e""]]","[{""slot"":9,""relation_id"":""b7c713ee6c877ab5"",""state"":""F"",""names"":[""sig_e""],""history"":null}]",F[sig_e],0.6902654867256637,-0.22149921915668921,0.6897455932249665,0.9119365208251957,-0.2221909276002292,-0.000691708443539976,0.6896567727999028,0.9118700527454937,-0.22221327994559098,-0.0007140607889017599,posthoc_arithmetic_from_saved_coefficients
2,8,90,乙,exception,selection_error,above,R_cb63a1ebfc31098d,H,"[[""sig_e""]]","[{""slot"":4,""relation_id"":""4befafdc9c2a0bdf"",""state"":""H"",""names"":[""sig_e""],""history"":{""sig_e"":1}}]",H[sig_e],0.9117647058823529,2,wrong,wrong,R_a980cbcce2d6b26e,2,F,"[[""sig_e""]]","[{""slot"":1,""relation_id"":""7979c08ae97ac9c8"",""state"":""F"",""names"":[""sig_e""],""history"":null}]",F[sig_e],0.6902654867256637,-0.22149921915668921,0.6897937179423348,0.9119365208251957,-0.22214280288286095,-0.0006435837261717217,0.6897048806991818,0.9118700527454937,-0.22216517204631198,-0.00066595288962274,posthoc_arithmetic_from_saved_coefficients
2,8,105,乙,exception,selection_error,above,R_cb63a1ebfc31098d,H,"[[""sig_e""]]","[{""slot"":4,""relation_id"":""4befafdc9c2a0bdf"",""state"":""H"",""names"":[""sig_e""],""history"":{""sig_e"":1}}]",H[sig_e],0.8920863309352518,2,wrong,wrong,R_39849c23dc9b5427,1,F,"[[""sig_e""]]","[{""slot"":9,""relation_id"":""b7c713ee6c877ab5"",""state"":""F"",""names"":[""sig_e""],""history"":null}]",F[sig_e],0.6724137931034483,-0.21967253783180352,0.6719005612193816,0.8922586248701817,-0.22035806365080002,-0.0006855258189965025,0.671816643859494,0.892195584900153,-0.22037894104065908,-0.000706403208855561,posthoc_arithmetic_from_saved_coefficients
2,8,105,乙,exception,selection_error,above,R_cb63a1ebfc31098d,H,"[[""sig_e""]]","[{""slot"":4,""relation_id"":""4befafdc9c2a0bdf"",""state"":""H"",""names"":[""sig_e""],""history"":{""sig_e"":1}}]",H[sig_e],0.8920863309352518,2,wrong,wrong,R_a980cbcce2d6b26e,2,F,"[[""sig_e""]]","[{""slot"":1,""relation_id"":""7979c08ae97ac9c8"",""state"":""F"",""names"":[""sig_e""],""history"":null}]",F[sig_e],0.6724137931034483,-0.21967253783180352,0.6719480793818586,0.8922586248701817,-0.22031054548832296,-0.000638007656519451,0.6718641453814082,0.892195584900153,-0.2203314395187449,-0.0006589016869413834,posthoc_arithmetic_from_saved_coefficients
2,8,277,乙,exception,selection_error,above,R_cb63a1ebfc31098d_t257,H,"[[""sig_n""]]","[{""slot"":4,""relation_id"":""35e5a8738caff792"",""state"":""H"",""names"":[""sig_n""],""history"":{""sig_n"":5}}]",H[sig_n],0.7746478873239436,1,wrong,wrong,R_39849c23dc9b5427,1,F,"[[""sig_e""]]","[{""slot"":9,""relation_id"":""b7c713ee6c877ab5"",""state"":""F"",""names"":[""sig_e""],""history"":null}]",F[sig_e],0.6554621848739496,-0.11918570244999409,0.6549695348048609,0.7739011426895679,-0.11893160788470705,0.0002540945652870276,0.6548902215657234,0.7738493772394514,-0.11895915567372796,0.0002265467762661247,posthoc_arithmetic_from_saved_coefficients
2,8,456,甲,normal,distinction_loss,below,R_8b0d2a6b7293001d,H,"[[""sig_e""]]","[{""slot"":5,""relation_id"":""6a08cb35a1e52f0c"",""state"":""H"",""names"":[""sig_e""],""history"":{""sig_e"":4}}]",H[sig_e],0.7913669064748201,0,wrong,wrong,,,,,,門上候補なし,,,,0.7906018270515579,,,,0.79054731318255,,,not_applicable_no_correct_above_gate
2,8,614,乙,exception,selection_error,above,R_cb63a1ebfc31098d,H,"[[""sig_n""]]","[{""slot"":10,""relation_id"":""9ac73c03cdf13a43"",""state"":""H"",""names"":[""sig_n""],""history"":{""sig_n"":8}}]",H[sig_n],0.7913669064748201,2,wrong,wrong,R_6b588f89ba05e5fa,1,F,"[[""sig_e""]]","[{""slot"":8,""relation_id"":""9ec4178362ba3689"",""state"":""F"",""names"":[""sig_e""],""history"":null}]",F[sig_e],0.625,-0.16636690647482014,0.6248375890176604,0.7905952736231139,-0.16575768460545348,0.0006092218693666668,0.6247562611779455,0.79054075944791,-0.1657844982699646,0.0005824082048555337,posthoc_arithmetic_from_saved_coefficients
2,8,614,乙,exception,selection_error,above,R_cb63a1ebfc31098d,H,"[[""sig_n""]]","[{""slot"":10,""relation_id"":""9ac73c03cdf13a43"",""state"":""H"",""names"":[""sig_n""],""history"":{""sig_n"":8}}]",H[sig_n],0.7913669064748201,2,wrong,wrong,R_408f3b28962b0b3a,2,F,"[[""sig_e""]]","[{""slot"":4,""relation_id"":""80eb40ca54dc0735"",""state"":""F"",""names"":[""sig_e""],""history"":null}]",F[sig_e],0.625,-0.16636690647482014,0.6251328152101976,0.7905952736231139,-0.16546245841291624,0.000904448061903902,0.6250514123117369,0.79054075944791,-0.1654893471361731,0.0008775593386470315,posthoc_arithmetic_from_saved_coefficients
2,8,778,乙,exception,selection_error,above,R_cb63a1ebfc31098d_t706,H,"[[""sig_n""]]","[{""slot"":4,""relation_id"":""482d24054750e7b5"",""state"":""H"",""names"":[""sig_n""],""history"":{""sig_n"":10}}]",H[sig_n],0.782608695652174,2,wrong,wrong,R_6b588f89ba05e5fa,1,F,"[[""sig_e""]]","[{""slot"":8,""relation_id"":""9ec4178362ba3689"",""state"":""F"",""names"":[""sig_e""],""history"":null}]",F[sig_e],0.6126126126126126,-0.1699960830395613,0.6126731491779068,0.7821104505634514,-0.16943730138554458,0.0005587816540167186,0.6125962587581961,0.7820587815519001,-0.16946252279370397,0.0005335602458573457,posthoc_arithmetic_from_saved_coefficients
2,8,778,乙,exception,selection_error,above,R_cb63a1ebfc31098d_t706,H,"[[""sig_n""]]","[{""slot"":4,""relation_id"":""482d24054750e7b5"",""state"":""H"",""names"":[""sig_n""],""history"":{""sig_n"":10}}]",H[sig_n],0.782608695652174,2,wrong,wrong,R_408f3b28962b0b3a,2,F,"[[""sig_e""]]","[{""slot"":4,""relation_id"":""80eb40ca54dc0735"",""state"":""F"",""names"":[""sig_e""],""history"":null}]",F[sig_e],0.6126126126126126,-0.1699960830395613,0.6126944131899932,0.7821104505634514,-0.16941603737345828,0.000580045666103003,0.6126175041342529,0.7820587815519001,-0.16944127741764717,0.0005548056219141267,posthoc_arithmetic_from_saved_coefficients
2,8,794,乙,exception,selection_error,above,R_ad9c6c2c137d6a9d,U,[[]],"[{""slot"":9,""relation_id"":""6907f952ac290ee3"",""state"":""U"",""names"":[],""history"":null}]",U,0.8421052631578947,2,wrong,wrong,R_6b588f89ba05e5fa,1,F,"[[""sig_e""]]","[{""slot"":8,""relation_id"":""9ec4178362ba3689"",""state"":""F"",""names"":[""sig_e""],""history"":null}]",F[sig_e],0.6126126126126126,-0.22949265054528212,0.6126736881078259,0.8422884135229867,-0.2296147254151607,-0.0001220748698785851,0.6125967962816863,0.8422314973362073,-0.22963470105452105,-0.0001420505092389243,posthoc_arithmetic_from_saved_coefficients
2,8,794,乙,exception,selection_error,above,R_ad9c6c2c137d6a9d,U,[[]],"[{""slot"":9,""relation_id"":""6907f952ac290ee3"",""state"":""U"",""names"":[],""history"":null}]",U,0.8421052631578947,2,wrong,wrong,R_408f3b28962b0b3a,2,F,"[[""sig_e""]]","[{""slot"":4,""relation_id"":""80eb40ca54dc0735"",""state"":""F"",""names"":[""sig_e""],""history"":null}]",F[sig_e],0.6126126126126126,-0.22949265054528212,0.6126949521303562,0.8422884135229867,-0.22959346139263045,-0.00010081084734833963,0.6126180416681534,0.8422314973362073,-0.22961345566805388,-0.00012080512277177097,posthoc_arithmetic_from_saved_coefficients
2,8,1111,甲,normal,distinction_loss,below,R_8b0d2a6b7293001d,H,"[[""sig_e""]]","[{""slot"":7,""relation_id"":""7b91249b6f444c32"",""state"":""H"",""names"":[""sig_e""],""history"":{""sig_e"":5}}]",H[sig_e],0.782608695652174,0,wrong,wrong,,,,,,門上候補なし,,,,0.7821100398695132,,,,0.782058308845561,,,not_applicable_no_correct_above_gate
2,8,1649,乙,exception,selection_error,above,R_cb63a1ebfc31098d_t1609,U,[[]],"[{""slot"":11,""relation_id"":""c62c6af31dee005d"",""state"":""U"",""names"":[],""history"":null}]",U,0.8955223880597015,2,wrong,wrong,R_3ad0209336a6e37e,1,H,"[[""sig_e""]]","[{""slot"":2,""relation_id"":""2eba719bd8463981"",""state"":""H"",""names"":[""sig_e""],""history"":{""sig_e"":7}}]",H[sig_e],0.8702290076335878,-0.025293380426113708,0.8708526848168592,0.8956865414224844,-0.024833856605625204,0.000459523820488503,0.8707631736019547,0.89562523635454,-0.024862062752585484,0.0004313176735282226,posthoc_arithmetic_from_saved_coefficients
2,8,1649,乙,exception,selection_error,above,R_cb63a1ebfc31098d_t1609,U,[[]],"[{""slot"":11,""relation_id"":""c62c6af31dee005d"",""state"":""U"",""names"":[],""history"":null}]",U,0.8955223880597015,2,wrong,wrong,R_318bd7a438f80cc5,2,F,"[[""sig_e""]]","[{""slot"":2,""relation_id"":""22c2f785d7075148"",""state"":""F"",""names"":[""sig_e""],""history"":null}]",F[sig_e],0.6902654867256637,-0.2052569013340378,0.6904374416130624,0.8956865414224844,-0.20524909980942194,7.80152461583119e-06,0.6903484976357568,0.89562523635454,-0.20527673871878324,-1.9837384745475944e-05,posthoc_arithmetic_from_saved_coefficients
2,8,1711,甲,exception,selection_error,above,R_7b6b1008b48c1115_t1708,U,[[]],"[{""slot"":5,""relation_id"":""493d4154fdbb55a2"",""state"":""U"",""names"":[],""history"":null}]",U,0.8571428571428571,1,wrong,wrong,R_5ccd1331eec89856,1,H,"[[""sig_e""]]","[{""slot"":14,""relation_id"":""e84df2d06678e8d8"",""state"":""H"",""names"":[""sig_e""],""history"":{""sig_e"":1}}]",H[sig_e],0.8321167883211679,-0.02502606882168926,0.832557570627787,0.8573608766183901,-0.02480330599060312,0.00022276283108613662,0.8325010377336235,0.857282330014749,-0.024781292281125477,0.0002447765405637814,posthoc_arithmetic_from_saved_coefficients
2,9,1027,乙,exception,selection_error,above,R_cb63a1ebfc31098d_t939,H,"[[""sig_n""]]","[{""slot"":14,""relation_id"":""e5b2dba64acfce79"",""state"":""H"",""names"":[""sig_n""],""history"":{""sig_n"":16}}]",H[sig_n],0.8,1,wrong,wrong,R_39849c23dc9b5427,1,F,"[[""sig_e""]]","[{""slot"":9,""relation_id"":""ae36db8746912ea5"",""state"":""F"",""names"":[""sig_e""],""history"":null}]",F[sig_e],0.6785714285714286,-0.12142857142857143,0.6783437192870793,0.7994363727770339,-0.12109265348995467,0.000335917938616758,0.6782588685101151,0.7993671041405055,-0.1211082356303904,0.00032033579818102403,posthoc_arithmetic_from_saved_coefficients
2,9,1085,甲,exception,selection_error,above,R_c819a8b386ed2d96,U,[[]],"[{""slot"":8,""relation_id"":""a637fb9fa97017dd"",""state"":""U"",""names"":[],""history"":null}]",U,0.8148148148148148,2,wrong,wrong,R_9075d2f1da15b9b3,1,F,"[[""sig_e""]]","[{""slot"":9,""relation_id"":""cd91694b1c711e9d"",""state"":""F"",""names"":[""sig_e""],""history"":null}]",F[sig_e],0.6440677966101694,-0.17074701820464533,0.6438397447665475,0.8154201549235013,-0.17158041015695383,-0.0008333919523085003,0.6437720794865508,0.815346285704929,-0.1715742062183782,-0.0008271880137328922,posthoc_arithmetic_from_saved_coefficients
2,9,1085,甲,exception,selection_error,above,R_c819a8b386ed2d96,U,[[]],"[{""slot"":8,""relation_id"":""a637fb9fa97017dd"",""state"":""U"",""names"":[],""history"":null}]",U,0.8148148148148148,2,wrong,wrong,R_e78ccee71a36be7b,2,F,"[[""sig_e""]]","[{""slot"":1,""relation_id"":""19e2408791fb4818"",""state"":""F"",""names"":[""sig_e""],""history"":null}]",F[sig_e],0.5964912280701754,-0.21832358674463936,0.5963252550121761,0.8154201549235013,-0.2190948999113251,-0.0007713131666857448,0.5962600988449578,0.815346285704929,-0.21908618685997125,-0.0007626001153318684,posthoc_arithmetic_from_saved_coefficients
2,9,1201,甲,exception,selection_error,above,R_c819a8b386ed2d96_t1117,U,[[]],"[{""slot"":13,""relation_id"":""cf211fb7d4179f96"",""state"":""U"",""names"":[],""history"":null}]",U,0.8148148148148148,2,wrong,wrong,R_9075d2f1da15b9b3,1,F,"[[""sig_e""]]","[{""slot"":9,""relation_id"":""cd91694b1c711e9d"",""state"":""F"",""names"":[""sig_e""],""history"":null}]",F[sig_e],0.6440677966101694,-0.17074701820464533,0.643856668880837,0.8154388776558131,-0.17158220877497615,-0.0008351905703308177,0.6437889983333076,0.8153650027812915,-0.17157600444798402,-0.0008289862433386969,posthoc_arithmetic_from_saved_coefficients
2,9,1201,甲,exception,selection_error,above,R_c819a8b386ed2d96_t1117,U,[[]],"[{""slot"":13,""relation_id"":""cf211fb7d4179f96"",""state"":""U"",""names"":[],""history"":null}]",U,0.8148148148148148,2,wrong,wrong,R_e78ccee71a36be7b,2,F,"[[""sig_e""]]","[{""slot"":1,""relation_id"":""19e2408791fb4818"",""state"":""F"",""names"":[""sig_e""],""history"":null}]",F[sig_e],0.584070796460177,-0.23074401835463781,0.5838240054021074,0.8154388776558131,-0.23161487225370572,-0.000870853899067912,0.5837637214282375,0.8153650027812915,-0.23160128135305408,-0.0008572629984162595,posthoc_arithmetic_from_saved_coefficients
2,9,1243,甲,exception,selection_error,above,R_7b6b1008b48c1115_t1231,H,"[[""sig_n""]]","[{""slot"":10,""relation_id"":""8cd5eb0b4ee1f28e"",""state"":""H"",""names"":[""sig_n""],""history"":{""sig_n"":1}}]",H[sig_n],0.7659574468085106,2,wrong,wrong,R_9075d2f1da15b9b3,1,F,"[[""sig_e""]]","[{""slot"":9,""relation_id"":""cd91694b1c711e9d"",""state"":""F"",""names"":[""sig_e""],""history"":null}]",F[sig_e],0.6440677966101694,-0.12188965019834115,0.6438263439486287,0.7653993346553793,-0.12157299070675073,0.000316659491590419,0.6437586818524544,0.76532944649451,-0.12157076464205553,0.00031888555628561537,posthoc_arithmetic_from_saved_coefficients
2,9,1243,甲,exception,selection_error,above,R_7b6b1008b48c1115_t1231,H,"[[""sig_n""]]","[{""slot"":10,""relation_id"":""8cd5eb0b4ee1f28e"",""state"":""H"",""names"":[""sig_n""],""history"":{""sig_n"":1}}]",H[sig_n],0.7659574468085106,2,wrong,wrong,R_e78ccee71a36be7b,2,F,"[[""sig_e""]]","[{""slot"":1,""relation_id"":""19e2408791fb4818"",""state"":""F"",""names"":[""sig_e""],""history"":null}]",F[sig_e],0.584070796460177,-0.18188665034833365,0.5837952907658794,0.7653993346553793,-0.1816040438895,0.0002826064588336666,0.5837350149520439,0.76532944649451,-0.181594431542466,0.00029221880586765485,posthoc_arithmetic_from_saved_coefficients
2,9,1596,乙,normal,selection_error,above,R_0e5d236bf5b42b15_t1546,H,"[[""sig_e""]]","[{""slot"":12,""relation_id"":""e16467d5acb25571"",""state"":""H"",""names"":[""sig_e""],""history"":{""sig_e"":2}}]",H[sig_e],0.782608695652174,1,wrong,wrong,R_a3e2181b14bbde85,1,F,"[[""sig_n""]]","[{""slot"":0,""relation_id"":""02816dbbb1531e0f"",""state"":""F"",""names"":[""sig_n""],""history"":null}]",F[sig_n],0.6608695652173913,-0.12173913043478261,0.6606063059968812,0.7820848319376408,-0.12147852594075959,0.0002606044940230298,0.6605345236331338,0.7820111526967024,-0.12147662906356854,0.00026250137121407245,posthoc_arithmetic_from_saved_coefficients
2,9,1739,乙,exception,selection_error,above,R_ad9c6c2c137d6a9d,H,"[[""sig_n""]]","[{""slot"":11,""relation_id"":""a6f4e2d717e11672"",""state"":""H"",""names"":[""sig_n""],""history"":{""sig_n"":6}}]",H[sig_n],0.746268656716418,1,wrong,wrong,R_a980cbcce2d6b26e,1,F,"[[""sig_e""]]","[{""slot"":6,""relation_id"":""b305d6bff58b9c8e"",""state"":""F"",""names"":[""sig_e""],""history"":null}]",F[sig_e],0.6608695652173913,-0.08539909149902661,0.660633624589026,0.7457283968574622,-0.08509477226843624,0.0003043192305903587,0.6605537099535896,0.7456641909487768,-0.08511048099518707,0.0002886105038395255,posthoc_arithmetic_from_saved_coefficients
2,10,225,甲,exception,selection_error,above,R_7b6b1008b48c1115_t132,H,"[[""sig_n""]]","[{""slot"":9,""relation_id"":""ab419d85c5c1a1be"",""state"":""H"",""names"":[""sig_n""],""history"":{""sig_n"":1}}]",H[sig_n],0.7746478873239436,3,wrong,wrong,R_2f1a2f2059f4659c,1,F,"[[""sig_e""]]","[{""slot"":5,""relation_id"":""90aa411faa7f4869"",""state"":""F"",""names"":[""sig_e""],""history"":null}]",F[sig_e],0.6554621848739496,-0.11918570244999409,0.6547515652686421,0.7736082257115471,-0.11885666044290498,0.00032904200708910934,0.6546459914005339,0.7735485561597343,-0.11890256475920036,0.000283137690793726,posthoc_arithmetic_from_saved_coefficients
2,10,225,甲,exception,selection_error,above,R_7b6b1008b48c1115_t132,H,"[[""sig_n""]]","[{""slot"":9,""relation_id"":""ab419d85c5c1a1be"",""state"":""H"",""names"":[""sig_n""],""history"":{""sig_n"":1}}]",H[sig_n],0.7746478873239436,3,wrong,wrong,R_9075d2f1da15b9b3,2,F,"[[""sig_e""]]","[{""slot"":8,""relation_id"":""9adb4c3a08850843"",""state"":""F"",""names"":[""sig_e""],""history"":null}]",F[sig_e],0.6554621848739496,-0.11918570244999409,0.6547311127236055,0.7736082257115471,-0.11887711298794162,0.0003085894620524591,0.6546255414553764,0.7735485561597343,-0.11892301470435777,0.0002626877456363129,posthoc_arithmetic_from_saved_coefficients
2,10,225,甲,exception,selection_error,above,R_7b6b1008b48c1115_t132,H,"[[""sig_n""]]","[{""slot"":9,""relation_id"":""ab419d85c5c1a1be"",""state"":""H"",""names"":[""sig_n""],""history"":{""sig_n"":1}}]",H[sig_n],0.7746478873239436,3,wrong,wrong,R_9166e2f96690a9eb,3,F,"[[""sig_e""]]","[{""slot"":5,""relation_id"":""7af95a2a87c074cf"",""state"":""F"",""names"":[""sig_e""],""history"":null}]",F[sig_e],0.6554621848739496,-0.11918570244999409,0.6555239852479425,0.7736082257115471,-0.11808424046360454,0.001101461986389547,0.655418178300532,0.7735485561597343,-0.11813037785920225,0.0010553245907918322,posthoc_arithmetic_from_saved_coefficients
2,10,382,乙,exception,selection_error,above,R_cb63a1ebfc31098d_t322,U,[[]],"[{""slot"":10,""relation_id"":""5863d6a91edec327"",""state"":""U"",""names"":[],""history"":null}]",U,0.8571428571428571,5,wrong,wrong,R_3ad0209336a6e37e,1,H,"[[""sig_e""]]","[{""slot"":5,""relation_id"":""48b7b5ff5ec005f5"",""state"":""H"",""names"":[""sig_e""],""history"":{""sig_e"":3}}]",H[sig_e],0.8405797101449275,-0.016563146997929608,0.8411238090966693,0.857437042507245,-0.0163132334105757,0.0002499135873539093,0.8410551904440032,0.8573315757518244,-0.016276385307821103,0.0002867616901085036,posthoc_arithmetic_from_saved_coefficients
2,10,382,乙,exception,selection_error,above,R_cb63a1ebfc31098d_t322,U,[[]],"[{""slot"":10,""relation_id"":""5863d6a91edec327"",""state"":""U"",""names"":[],""history"":null}]",U,0.8571428571428571,5,wrong,wrong,R_39849c23dc9b5427,2,F,"[[""sig_e""]]","[{""slot"":2,""relation_id"":""2164c56c9e5d6b37"",""state"":""F"",""names"":[""sig_e""],""history"":null}]",F[sig_e],0.6440677966101694,-0.21307506053268765,0.6436061666595655,0.857437042507245,-0.21383087584767949,-0.000755815314991833,0.6435438488399247,0.8573315757518244,-0.2137877269118997,-0.0007126663792120584,posthoc_arithmetic_from_saved_coefficients
2,10,382,乙,exception,selection_error,above,R_cb63a1ebfc31098d_t322,U,[[]],"[{""slot"":10,""relation_id"":""5863d6a91edec327"",""state"":""U"",""names"":[],""history"":null}]",U,0.8571428571428571,5,wrong,wrong,R_9bc40d505af93c42,3,F,"[[""sig_e""]]","[{""slot"":2,""relation_id"":""1511bb859e718ba0"",""state"":""F"",""names"":[""sig_e""],""history"":null}]",F[sig_e],0.6440677966101694,-0.21307506053268765,0.6436641248755288,0.857437042507245,-0.21377291763171613,-0.0006978570990284856,0.6436018038256959,0.8573315757518244,-0.2137297719261284,-0.0006547113934407647,posthoc_arithmetic_from_saved_coefficients
2,10,382,乙,exception,selection_error,above,R_cb63a1ebfc31098d_t322,U,[[]],"[{""slot"":10,""relation_id"":""5863d6a91edec327"",""state"":""U"",""names"":[],""history"":null}]",U,0.8571428571428571,5,wrong,wrong,R_a980cbcce2d6b26e,4,F,"[[""sig_e""]]","[{""slot"":4,""relation_id"":""68c59f9edde676b2"",""state"":""F"",""names"":[""sig_e""],""history"":null}]",F[sig_e],0.6440677966101694,-0.21307506053268765,0.6437070739042996,0.857437042507245,-0.2137299686029454,-0.0006549080702577707,0.6436447437197567,0.8573315757518244,-0.21368683203206765,-0.0006117714993799874,posthoc_arithmetic_from_saved_coefficients
2,10,382,乙,exception,selection_error,above,R_cb63a1ebfc31098d_t322,U,[[]],"[{""slot"":10,""relation_id"":""5863d6a91edec327"",""state"":""U"",""names"":[],""history"":null}]",U,0.8571428571428571,5,wrong,wrong,R_083d8280813dd528,5,F,"[[""sig_e""]]","[{""slot"":6,""relation_id"":""b8e2c4ef6d2d0074"",""state"":""F"",""names"":[""sig_e""],""history"":null}]",F[sig_e],0.5964912280701754,-0.2606516290726817,0.596368542961658,0.857437042507245,-0.26106849954558703,-0.0004168704729053434,0.5963084149380117,0.8573315757518244,-0.26102316081381266,-0.0003715317411309801,posthoc_arithmetic_from_saved_coefficients
2,10,448,甲,normal,selection_error,above,R_8b0d2a6b7293001d,H,"[[""sig_e""]]","[{""slot"":14,""relation_id"":""badb7f8db36eadb1"",""state"":""H"",""names"":[""sig_e""],""history"":{""sig_e"":9}}]",H[sig_e],0.7659574468085106,2,wrong,wrong,R_d13632637df56212,1,F,"[[""sig_n""]]","[{""slot"":1,""relation_id"":""0ffd9da4b2e6d7b5"",""state"":""F"",""names"":[""sig_n""],""history"":null}]",F[sig_n],0.6440677966101694,-0.12188965019834115,0.6442514567748571,0.7651861662287902,-0.12093470945393318,0.0009549407444079668,0.6441889115344827,0.7650920558722899,-0.1209031443378072,0.000986505860533942,posthoc_arithmetic_from_saved_coefficients
2,10,448,甲,normal,selection_error,above,R_8b0d2a6b7293001d,H,"[[""sig_e""]]","[{""slot"":14,""relation_id"":""badb7f8db36eadb1"",""state"":""H"",""names"":[""sig_e""],""history"":{""sig_e"":9}}]",H[sig_e],0.7659574468085106,2,wrong,wrong,R_94a5a2e983982a1d,2,F,"[[""sig_n""]]","[{""slot"":1,""relation_id"":""3db35ca4252c024b"",""state"":""F"",""names"":[""sig_n""],""history"":null}]",F[sig_n],0.6440677966101694,-0.12188965019834115,0.6435290620369768,0.7651861662287902,-0.12165710419181343,0.00023254600652772026,0.6434667103083307,0.7650920558722899,-0.1216253455639592,0.0002643046343819479,posthoc_arithmetic_from_saved_coefficients
2,10,499,甲,exception,selection_error,above,R_7b6b1008b48c1115,H,"[[""sig_n""]]","[{""slot"":12,""relation_id"":""c96e246614929665"",""state"":""H"",""names"":[""sig_n""],""history"":{""sig_n"":14}}]",H[sig_n],0.7659574468085106,1,wrong,wrong,R_fad8f670be5b8f88,1,F,"[[""sig_e""]]","[{""slot"":8,""relation_id"":""a3a14443ffdf7cf2"",""state"":""F"",""names"":[""sig_e""],""history"":null}]",F[sig_e],0.6440677966101694,-0.12188965019834115,0.6436646039085837,0.7651514369271669,-0.12148683301858312,0.00040281717975802365,0.643564101644374,0.7650952662697638,-0.12153116462538971,0.00035848557295144374,posthoc_arithmetic_from_saved_coefficients
2,10,770,乙,exception,selection_error,above,R_cb63a1ebfc31098d_t717,H,"[[""sig_n""]]","[{""slot"":11,""relation_id"":""9bd8bd2088afb8f0"",""state"":""H"",""names"":[""sig_n""],""history"":{""sig_n"":4}}]",H[sig_n],0.8,2,wrong,wrong,R_6b588f89ba05e5fa,1,F,"[[""sig_e""]]","[{""slot"":0,""relation_id"":""0a4fe9950672aeac"",""state"":""F"",""names"":[""sig_e""],""history"":null}]",F[sig_e],0.6422018348623854,-0.1577981651376147,0.6417451444563228,0.7992302125795112,-0.15748506812318833,0.00031309701442635136,0.6416716292989714,0.7991259318891274,-0.15745430259015608,0.000343862547458585,posthoc_arithmetic_from_saved_coefficients
2,10,770,乙,exception,selection_error,above,R_cb63a1ebfc31098d_t717,H,"[[""sig_n""]]","[{""slot"":11,""relation_id"":""9bd8bd2088afb8f0"",""state"":""H"",""names"":[""sig_n""],""history"":{""sig_n"":4}}]",H[sig_n],0.8,2,wrong,wrong,R_75bfaa3cace8fb33,2,F,"[[""sig_e""]]","[{""slot"":0,""relation_id"":""0a4fe9950672aeac"",""state"":""F"",""names"":[""sig_e""],""history"":null}]",F[sig_e],0.6422018348623854,-0.1577981651376147,0.6416823202519292,0.7992302125795112,-0.15754789232758207,0.00025027281003261537,0.6416088084790463,0.7991259318891274,-0.15751712341008112,0.00028104172753355835,posthoc_arithmetic_from_saved_coefficients
2,10,914,乙,exception,selection_error,above,R_cb63a1ebfc31098d_t821,U,[[]],"[{""slot"":8,""relation_id"":""81adeed25872939d"",""state"":""U"",""names"":[],""history"":null}]",U,0.9037037037037037,3,correct,correct,R_0e5d236bf5b42b15_t772,1,H,"[[""sig_e""]]","[{""slot"":9,""relation_id"":""82c9e5a823b52952"",""state"":""H"",""names"":[""sig_e""],""history"":{""sig_e"":10}}]",H[sig_e],0.9037037037037037,0.0,0.9041824351640079,0.9037301962133282,0.00045223895067963505,0.00045223895067963505,0.9041086179282692,0.9036096959219286,0.0004989220063406448,0.0004989220063406448,posthoc_arithmetic_from_saved_coefficients
2,10,914,乙,exception,selection_error,above,R_cb63a1ebfc31098d_t821,U,[[]],"[{""slot"":8,""relation_id"":""81adeed25872939d"",""state"":""U"",""names"":[],""history"":null}]",U,0.9037037037037037,3,correct,correct,R_6b588f89ba05e5fa,2,F,"[[""sig_e""]]","[{""slot"":0,""relation_id"":""0a4fe9950672aeac"",""state"":""F"",""names"":[""sig_e""],""history"":null}]",F[sig_e],0.6296296296296297,-0.2740740740740741,0.6294891120592513,0.9037301962133282,-0.27424108415407694,-0.000167010080002856,0.6294208236921477,0.9036096959219286,-0.27418887222978094,-0.0001147981557068597,posthoc_arithmetic_from_saved_coefficients
2,10,914,乙,exception,selection_error,above,R_cb63a1ebfc31098d_t821,U,[[]],"[{""slot"":8,""relation_id"":""81adeed25872939d"",""state"":""U"",""names"":[],""history"":null}]",U,0.9037037037037037,3,correct,correct,R_75bfaa3cace8fb33,3,F,"[[""sig_e""]]","[{""slot"":0,""relation_id"":""0a4fe9950672aeac"",""state"":""F"",""names"":[""sig_e""],""history"":null}]",F[sig_e],0.6296296296296297,-0.2740740740740741,0.6294251468277182,0.9037301962133282,-0.27430504938561,-0.00023097531153594352,0.6293568624639915,0.9036096959219286,-0.27425283345793716,-0.00017875938386308722,posthoc_arithmetic_from_saved_coefficients
2,10,915,甲,exception,selection_error,above,R_b3d8edbd8d7ede57,H,"[[""sig_n""]]","[{""slot"":13,""relation_id"":""b74df70e1937ad5c"",""state"":""H"",""names"":[""sig_n""],""history"":{""sig_n"":4}}]",H[sig_n],0.7633587786259542,1,wrong,wrong,R_4767122da6895de8_t873,1,F,"[[""sig_e""]]","[{""slot"":9,""relation_id"":""b4f686230b3cd5ea"",""state"":""F"",""names"":[""sig_e""],""history"":null}]",F[sig_e],0.6785714285714286,-0.08478735005452563,0.6780902199286849,0.762682559458003,-0.08459233952931819,0.00019501052520744488,0.6779773077306878,0.762620753128704,-0.08464344539801627,0.0001439046565093628,posthoc_arithmetic_from_saved_coefficients
2,10,987,乙,exception,selection_error,above,R_cb63a1ebfc31098d_t922,H,"[[""sig_n""]]","[{""slot"":1,""relation_id"":""08bb32a572d27eff"",""state"":""H"",""names"":[""sig_n""],""history"":{""sig_n"":8}}]",H[sig_n],0.782608695652174,2,wrong,wrong,R_6b588f89ba05e5fa,1,F,"[[""sig_e""]]","[{""slot"":0,""relation_id"":""0a4fe9950672aeac"",""state"":""F"",""names"":[""sig_e""],""history"":null}]",F[sig_e],0.6126126126126126,-0.1699960830395613,0.6124893059237033,0.7818897413158252,-0.16940043539212193,0.0005956476474393677,0.6124252635160491,0.7817907190548888,-0.1693654555388398,0.0006306275007215038,posthoc_arithmetic_from_saved_coefficients
2,10,987,乙,exception,selection_error,above,R_cb63a1ebfc31098d_t922,H,"[[""sig_n""]]","[{""slot"":1,""relation_id"":""08bb32a572d27eff"",""state"":""H"",""names"":[""sig_n""],""history"":{""sig_n"":8}}]",H[sig_n],0.782608695652174,2,wrong,wrong,R_75bfaa3cace8fb33,2,F,"[[""sig_e""]]","[{""slot"":0,""relation_id"":""0a4fe9950672aeac"",""state"":""F"",""names"":[""sig_e""],""history"":null}]",F[sig_e],0.6126126126126126,-0.1699960830395613,0.6124262962014335,0.7818897413158252,-0.1694634451143918,0.0005326379251695046,0.6123622577214982,0.7817907190548888,-0.1694284613333906,0.0005676217061707035,posthoc_arithmetic_from_saved_coefficients
2,10,998,乙,exception,selection_error,above,R_cb63a1ebfc31098d_t922,H,"[[""sig_n""]]","[{""slot"":1,""relation_id"":""08bb32a572d27eff"",""state"":""H"",""names"":[""sig_n""],""history"":{""sig_n"":12}}]",H[sig_n],0.7659574468085106,2,wrong,wrong,R_6b588f89ba05e5fa,1,F,"[[""sig_e""]]","[{""slot"":0,""relation_id"":""0a4fe9950672aeac"",""state"":""F"",""names"":[""sig_e""],""history"":null}]",F[sig_e],0.5964912280701754,-0.1694662187383352,0.596419066581855,0.7653093221036823,-0.1688902555218274,0.0005759632165077918,0.5963589199022663,0.7652152536970932,-0.16885633379482698,0.000609884943508228,posthoc_arithmetic_from_saved_coefficients
2,10,998,乙,exception,selection_error,above,R_cb63a1ebfc31098d_t922,H,"[[""sig_n""]]","[{""slot"":1,""relation_id"":""08bb32a572d27eff"",""state"":""H"",""names"":[""sig_n""],""history"":{""sig_n"":12}}]",H[sig_n],0.7659574468085106,2,wrong,wrong,R_75bfaa3cace8fb33,2,F,"[[""sig_e""]]","[{""slot"":0,""relation_id"":""0a4fe9950672aeac"",""state"":""F"",""names"":[""sig_e""],""history"":null}]",F[sig_e],0.5964912280701754,-0.1694662187383352,0.5963569995214136,0.7653093221036823,-0.1689523225822687,0.000513896156066495,0.5962968566852557,0.7652152536970932,-0.16891839701183753,0.0005478217264976626,posthoc_arithmetic_from_saved_coefficients
2,10,1259,乙,normal,selection_error,above,R_8307fbbf05ba494f,H,"[[""sig_e""]]","[{""slot"":0,""relation_id"":""00c766ee6053e4d2"",""state"":""H"",""names"":[""sig_e""],""history"":{""sig_e"":1}}]",H[sig_e],0.746268656716418,6,wrong,wrong,R_533f0b68a9c93324,1,F,"[[""sig_n""]]","[{""slot"":8,""relation_id"":""caa20d48e60bb5ea"",""state"":""F"",""names"":[""sig_n""],""history"":null}]",F[sig_n],0.6724137931034483,-0.07385486361296964,0.6725192403266549,0.7457385992588977,-0.0732193589322429,0.0006355046807267346,0.6724074200174183,0.7456803189815872,-0.07327289896416882,0.0005819646488008201,posthoc_arithmetic_from_saved_coefficients
2,10,1259,乙,normal,selection_error,above,R_8307fbbf05ba494f,H,"[[""sig_e""]]","[{""slot"":0,""relation_id"":""00c766ee6053e4d2"",""state"":""H"",""names"":[""sig_e""],""history"":{""sig_e"":1}}]",H[sig_e],0.746268656716418,6,wrong,wrong,R_fe7b42b67bef503d,2,F,"[[""sig_n""]]","[{""slot"":1,""relation_id"":""23b31e01a54aaf86"",""state"":""F"",""names"":[""sig_n""],""history"":null}]",F[sig_n],0.6724137931034483,-0.07385486361296964,0.6724768455577099,0.7457385992588977,-0.07326175370118786,0.0005931099117817744,0.6723650431688217,0.7456803189815872,-0.07331527581276537,0.0005395878002042731,posthoc_arithmetic_from_saved_coefficients
2,10,1259,乙,normal,selection_error,above,R_8307fbbf05ba494f,H,"[[""sig_e""]]","[{""slot"":0,""relation_id"":""00c766ee6053e4d2"",""state"":""H"",""names"":[""sig_e""],""history"":{""sig_e"":1}}]",H[sig_e],0.746268656716418,6,wrong,wrong,R_9e4d965d6b6585c5,3,F,"[[""sig_n""]]","[{""slot"":2,""relation_id"":""37a364f703a15e64"",""state"":""F"",""names"":[""sig_n""],""history"":null}]",F[sig_n],0.6608695652173913,-0.08539909149902661,0.6604422164584841,0.7457385992588977,-0.08529638280041368,0.00010270869861292804,0.6603357445055446,0.7456803189815872,-0.08534457447604252,5.451702298408183e-05,posthoc_arithmetic_from_saved_coefficients
2,10,1259,乙,normal,selection_error,above,R_8307fbbf05ba494f,H,"[[""sig_e""]]","[{""slot"":0,""relation_id"":""00c766ee6053e4d2"",""state"":""H"",""names"":[""sig_e""],""history"":{""sig_e"":1}}]",H[sig_e],0.746268656716418,6,wrong,wrong,R_48939b4afa3d5c42_t1145,4,F,"[[""sig_n""]]","[{""slot"":4,""relation_id"":""5ecfce7ace79f2d0"",""state"":""F"",""names"":[""sig_n""],""history"":null}]",F[sig_n],0.6608695652173913,-0.08539909149902661,0.660338777434877,0.7457385992588977,-0.08539982182402076,-7.303249941513562e-07,0.6602323156378229,0.7456803189815872,-0.0854480033437642,-4.891184473760648e-05,posthoc_arithmetic_from_saved_coefficients
2,10,1259,乙,normal,selection_error,above,R_8307fbbf05ba494f,H,"[[""sig_e""]]","[{""slot"":0,""relation_id"":""00c766ee6053e4d2"",""state"":""H"",""names"":[""sig_e""],""history"":{""sig_e"":1}}]",H[sig_e],0.746268656716418,6,wrong,wrong,R_a3e2181b14bbde85,5,F,"[[""sig_n""]]","[{""slot"":5,""relation_id"":""5ecfce7ace79f2d0"",""state"":""F"",""names"":[""sig_n""],""history"":null}]",F[sig_n],0.6608695652173913,-0.08539909149902661,0.6603975290692818,0.7457385992588977,-0.08534107018961593,5.802130941067641e-05,0.6602910621771224,0.7456803189815872,-0.08538925680446471,9.83469456189084e-06,posthoc_arithmetic_from_saved_coefficients
2,10,1259,乙,normal,selection_error,above,R_8307fbbf05ba494f,H,"[[""sig_e""]]","[{""slot"":0,""relation_id"":""00c766ee6053e4d2"",""state"":""H"",""names"":[""sig_e""],""history"":{""sig_e"":1}}]",H[sig_e],0.746268656716418,6,wrong,wrong,R_f10dc019491698d2,6,F,"[[""sig_n""]]","[{""slot"":1,""relation_id"":""23b31e01a54aaf86"",""state"":""F"",""names"":[""sig_n""],""history"":null}]",F[sig_n],0.6608695652173913,-0.08539909149902661,0.6604410659630198,0.7457385992588977,-0.08529753329587801,0.00010155820314858867,0.6603345884623657,0.7456803189815872,-0.08534573051922142,5.336097980517549e-05,posthoc_arithmetic_from_saved_coefficients
2,10,1262,甲,normal,selection_error,above,R_8b0d2a6b7293001d_t1239,H,"[[""sig_e""]]","[{""slot"":2,""relation_id"":""2640411229a06077"",""state"":""H"",""names"":[""sig_e""],""history"":{""sig_e"":1}}]",H[sig_e],0.782608695652174,1,wrong,wrong,R_a446f7302597b869_t1258,1,F,"[[""sig_n""]]","[{""slot"":7,""relation_id"":""978a4e717be87fe0"",""state"":""F"",""names"":[""sig_n""],""history"":null}]",F[sig_n],0.6724137931034483,-0.11019490254872563,0.6723331797445747,0.7818109571933505,-0.10947777744877568,0.0007171250999499604,0.6722619319171469,0.7817119269897708,-0.10944999507262389,0.0007449074761017566,posthoc_arithmetic_from_saved_coefficients
2,10,1715,乙,normal,distinction_loss,below,R_0e5d236bf5b42b15_t1636,H,"[[""sig_e""]]","[{""slot"":3,""relation_id"":""2fe84de57fe86245"",""state"":""H"",""names"":[""sig_e""],""history"":{""sig_e"":10}}]",H[sig_e],0.782608695652174,0,wrong,wrong,,,,,,門上候補なし,,,,0.7818802890127724,,,,0.7818208817276845,,,not_applicable_no_correct_above_gate
2,11,209,乙,exception,selection_error,above,R_cb63a1ebfc31098d_t145,U,[[]],"[{""slot"":14,""relation_id"":""da7680d709cb71e7"",""state"":""U"",""names"":[],""history"":null}]",U,0.8955223880597015,1,wrong,wrong,R_3ad0209336a6e37e,1,H,"[[""sig_e""]]","[{""slot"":9,""relation_id"":""b681845519c7426d"",""state"":""H"",""names"":[""sig_e""],""history"":{""sig_e"":1}}]",H[sig_e],0.8615384615384616,-0.03398392652123995,0.8622745237825832,0.8957583956660107,-0.033483871883427545,0.0005000546378124077,0.8622117219480224,0.895636988441173,-0.03342526649315062,0.0005586600280893312,posthoc_arithmetic_from_saved_coefficients
2,11,211,甲,exception,selection_error,above,R_5a211b92885d1ebf,U,[[]],"[{""slot"":13,""relation_id"":""ce0cc3d8a32fb33a"",""state"":""U"",""names"":[],""history"":null}]",U,0.8615384615384616,2,wrong,wrong,R_0d2029ba5ef8463b,1,F,"[[""sig_e""]]","[{""slot"":2,""relation_id"":""217c523594e3f108"",""state"":""F"",""names"":[""sig_e""],""history"":null}]",F[sig_e],0.6785714285714286,-0.18296703296703296,0.6786917748005861,0.8614786593983922,-0.18278688459780615,0.00018014836922680902,0.678574850589984,0.8614159086141582,-0.18284105802417416,0.00012597494285881573,posthoc_arithmetic_from_saved_coefficients
2,11,211,甲,exception,selection_error,above,R_5a211b92885d1ebf,U,[[]],"[{""slot"":13,""relation_id"":""ce0cc3d8a32fb33a"",""state"":""U"",""names"":[],""history"":null}]",U,0.8615384615384616,2,wrong,wrong,R_fad8f670be5b8f88,2,F,"[[""sig_e""]]","[{""slot"":4,""relation_id"":""7cbabaae35ad58a1"",""state"":""F"",""names"":[""sig_e""],""history"":null}]",F[sig_e],0.6785714285714286,-0.18296703296703296,0.6782881971433341,0.8614786593983922,-0.18319046225505808,-0.00022342928802512134,0.6781714163323357,0.8614159086141582,-0.1832444922818225,-0.00027745931478951756,posthoc_arithmetic_from_saved_coefficients
2,11,418,乙,normal,selection_error,above,R_0e5d236bf5b42b15_t360,H,"[[""sig_e""]]","[{""slot"":16,""relation_id"":""cd1b5619ea4be76e"",""state"":""H"",""names"":[""sig_e""],""history"":{""sig_e"":8}}]",H[sig_e],0.782608695652174,1,wrong,wrong,R_9e4d965d6b6585c5,1,F,"[[""sig_n""]]","[{""slot"":2,""relation_id"":""7ecddb11cc0affb1"",""state"":""F"",""names"":[""sig_n""],""history"":null}]",F[sig_n],0.6608695652173913,-0.12173913043478261,0.6606021892959233,0.7819605755055729,-0.1213583862096496,0.0003807442251330037,0.6604920874501212,0.7819069416551985,-0.12141485420507726,0.00032427622970534705,posthoc_arithmetic_from_saved_coefficients
2,11,608,甲,exception,selection_error,above,R_7b6b1008b48c1115,H,"[[""sig_n""]]","[{""slot"":3,""relation_id"":""30b08059503fd9a7"",""state"":""H"",""names"":[""sig_n""],""history"":{""sig_n"":9}}]",H[sig_n],0.8,1,wrong,wrong,R_2f1a2f2059f4659c,1,F,"[[""sig_e""]]","[{""slot"":9,""relation_id"":""e47e1f23468c3c46"",""state"":""F"",""names"":[""sig_e""],""history"":null}]",F[sig_e],0.6785714285714286,-0.12142857142857143,0.6783677455683375,0.7992423457367163,-0.12087460016837888,0.0005539712601925472,0.6782510240972004,0.7991854504540974,-0.12093442635689695,0.0004941450716744679,posthoc_arithmetic_from_saved_coefficients
2,11,626,甲,exception,selection_error,above,R_7b6b1008b48c1115,U,[[]],"[{""slot"":3,""relation_id"":""30b08059503fd9a7"",""state"":""U"",""names"":[],""history"":null}]",U,0.8571428571428571,2,wrong,wrong,R_2f1a2f2059f4659c,1,F,"[[""sig_e""]]","[{""slot"":9,""relation_id"":""e47e1f23468c3c46"",""state"":""F"",""names"":[""sig_e""],""history"":null}]",F[sig_e],0.6440677966101694,-0.21307506053268765,0.6439212307757838,0.8573383062973333,-0.21341707552154945,-0.00034201498886181174,0.6438172168821193,0.8572819447451914,-0.213464727863072,-0.00038966733038435237,posthoc_arithmetic_from_saved_coefficients
2,11,626,甲,exception,selection_error,above,R_7b6b1008b48c1115,U,[[]],"[{""slot"":3,""relation_id"":""30b08059503fd9a7"",""state"":""U"",""names"":[],""history"":null}]",U,0.8571428571428571,2,wrong,wrong,R_cba6e738d8760069,2,F,"[[""sig_e""]]","[{""slot"":5,""relation_id"":""84b87d365011b877"",""state"":""F"",""names"":[""sig_e""],""history"":null}]",F[sig_e],0.5964912280701754,-0.2606516290726817,0.5965893477922268,0.8573383062973333,-0.2607489585051065,-9.732943242476257e-05,0.5964892811943046,0.8572819447451914,-0.2607926635508867,-0.0001410344782050214,posthoc_arithmetic_from_saved_coefficients
2,11,861,甲,normal,distinction_loss,absent,R_8b0d2a6b7293001d_t741,H,"[[""sig_e""]]","[{""slot"":12,""relation_id"":""abd6af765d7c2382"",""state"":""H"",""names"":[""sig_e""],""history"":{""sig_e"":9}}]",H[sig_e],0.782608695652174,0,wrong,wrong,,,,,,門上候補なし,,,,0.7819285584355827,,,,0.781825753304047,,,not_applicable_no_correct_above_gate
2,11,862,甲,normal,distinction_loss,absent,R_8b0d2a6b7293001d_t741,H,"[[""sig_e""]]","[{""slot"":12,""relation_id"":""abd6af765d7c2382"",""state"":""H"",""names"":[""sig_e""],""history"":{""sig_e"":9}}]",H[sig_e],0.8,0,wrong,wrong,,,,,,門上候補なし,,,,0.7993004972895537,,,,0.7991923283402436,,,not_applicable_no_correct_above_gate
2,11,1105,甲,exception,selection_error,above,R_7b6b1008b48c1115_t1087,U,[[]],"[{""slot"":14,""relation_id"":""f31e296aba550435"",""state"":""U"",""names"":[],""history"":null}]",U,0.8571428571428571,4,wrong,wrong,R_78a9d503e9d6b05d,1,H,"[[""sig_e""]]","[{""slot"":3,""relation_id"":""2e65859ec1e312b6"",""state"":""H"",""names"":[""sig_e""],""history"":{""sig_e"":1}}]",H[sig_e],0.8321167883211679,-0.02502606882168926,0.8327766662500707,0.8572544370513129,-0.024477770801242204,0.0005482980204470552,0.832665086225229,0.8571980961684292,-0.02453300994320022,0.0004930588784890392,posthoc_arithmetic_from_saved_coefficients
2,11,1105,甲,exception,selection_error,above,R_7b6b1008b48c1115_t1087,U,[[]],"[{""slot"":14,""relation_id"":""f31e296aba550435"",""state"":""U"",""names"":[],""history"":null}]",U,0.8571428571428571,4,wrong,wrong,R_9166e2f96690a9eb,2,F,"[[""sig_e""]]","[{""slot"":3,""relation_id"":""62f0c6e9bceeb1bb"",""state"":""F"",""names"":[""sig_e""],""history"":null}]",F[sig_e],0.6554621848739496,-0.20168067226890757,0.6553717942631712,0.8572544370513129,-0.20188264278814175,-0.00020197051923418055,0.6552626444478705,0.8571980961684292,-0.20193545172055868,-0.00025477945165111175,posthoc_arithmetic_from_saved_coefficients
2,11,1105,甲,exception,selection_error,above,R_7b6b1008b48c1115_t1087,U,[[]],"[{""slot"":14,""relation_id"":""f31e296aba550435"",""state"":""U"",""names"":[],""history"":null}]",U,0.8571428571428571,4,wrong,wrong,R_2f1a2f2059f4659c_t1039,3,F,"[[""sig_e""]]","[{""slot"":11,""relation_id"":""fe8771605f2ca354"",""state"":""F"",""names"":[""sig_e""],""history"":null}]",F[sig_e],0.6440677966101694,-0.21307506053268765,0.643814425091613,0.8572544370513129,-0.2134400119596999,-0.0003649514270122335,0.6437104428174941,0.8571980961684292,-0.21348765335093509,-0.00041259281824744087,posthoc_arithmetic_from_saved_coefficients
2,11,1105,甲,exception,selection_error,above,R_7b6b1008b48c1115_t1087,U,[[]],"[{""slot"":14,""relation_id"":""f31e296aba550435"",""state"":""U"",""names"":[],""history"":null}]",U,0.8571428571428571,4,wrong,wrong,R_fad8f670be5b8f88,4,F,"[[""sig_e""]]","[{""slot"":10,""relation_id"":""eca2210053d7e84c"",""state"":""F"",""names"":[""sig_e""],""history"":null}]",F[sig_e],0.6440677966101694,-0.21307506053268765,0.6437354168401902,0.8572544370513129,-0.21351902021112276,-0.0004439596784351177,0.6436314614814379,0.8571980961684292,-0.21356663468699125,-0.0004915741543036026,posthoc_arithmetic_from_saved_coefficients
2,11,1199,乙,normal,distinction_loss,below,R_0e5d236bf5b42b15,H,"[[""sig_e""]]","[{""slot"":1,""relation_id"":""13423daeece89e16"",""state"":""H"",""names"":[""sig_e""],""history"":{""sig_e"":6}}]",H[sig_e],0.8088235294117647,0,wrong,wrong,,,,,,門上候補なし,,,,0.8078933129589143,,,,0.8078329611027257,,,not_applicable_no_correct_above_gate
2,11,1559,乙,exception,selection_error,above,R_cb63a1ebfc31098d_t1491,U,[[]],"[{""slot"":3,""relation_id"":""3c72815f4ff4809e"",""state"":""U"",""names"":[],""history"":null}]",U,0.8759124087591241,1,wrong,wrong,R_a980cbcce2d6b26e,1,F,"[[""sig_e""]]","[{""slot"":2,""relation_id"":""276da68f78fd3202"",""state"":""F"",""names"":[""sig_e""],""history"":null}]",F[sig_e],0.6608695652173913,-0.21504284354173278,0.6605214943426118,0.8760989342453144,-0.21557743990270256,-0.0005345963609697649,0.6604611909184147,0.875983760848077,-0.21552256992966232,-0.0004797263879295335,posthoc_arithmetic_from_saved_coefficients
2,11,1620,乙,exception,selection_error,above,R_cb63a1ebfc31098d_t1560,U,[[]],"[{""slot"":12,""relation_id"":""9c3b032af82e0ffa"",""state"":""U"",""names"":[],""history"":null}]",U,0.8840579710144928,1,wrong,wrong,R_a980cbcce2d6b26e,1,F,"[[""sig_e""]]","[{""slot"":2,""relation_id"":""276da68f78fd3202"",""state"":""F"",""names"":[""sig_e""],""history"":null}]",F[sig_e],0.6608695652173913,-0.22318840579710145,0.6605357693657201,0.8841085537903506,-0.22357278442463038,-0.000384378627528933,0.660475471959181,0.8839900934417021,-0.22351462148252113,-0.00032621568541967423,posthoc_arithmetic_from_saved_coefficients
2,11,1633,乙,normal,selection_error,above,R_0e5d236bf5b42b15,H,"[[""sig_e""]]","[{""slot"":9,""relation_id"":""916a2f2f1118ac6a"",""state"":""H"",""names"":[""sig_e""],""history"":{""sig_e"":1}}]",H[sig_e],0.8088235294117647,1,correct,wrong,R_cb63a1ebfc31098d_t1560,1,H,"[[""sig_e""]]","[{""slot"":12,""relation_id"":""9c3b032af82e0ffa"",""state"":""H"",""names"":[""sig_e""],""history"":{""sig_e"":1}}]",H[sig_e],0.8088235294117647,0.0,0.8079452121238733,0.8078937583690037,5.1453754869591995e-05,5.1453754869591995e-05,0.8078334089811156,0.8078334089811156,0.0,0.0,posthoc_arithmetic_from_saved_coefficients
2,11,1684,甲,exception,selection_error,above,R_7b6b1008b48c1115_t1681,U,[[]],"[{""slot"":9,""relation_id"":""9a7299ba300a8b15"",""state"":""U"",""names"":[],""history"":null}]",U,0.8391608391608392,3,wrong,wrong,R_9166e2f96690a9eb_t1502,1,F,"[[""sig_e""]]","[{""slot"":5,""relation_id"":""591fd7ea84cf3607"",""state"":""F"",""names"":[""sig_e""],""history"":null}]",F[sig_e],0.639344262295082,-0.19981657686575718,0.6392627105515919,0.8393236435900786,-0.20006093303848677,-0.00024435617272956225,0.6391592673293309,0.8392705257094788,-0.20011125838014782,-0.0002946815143906348,posthoc_arithmetic_from_saved_coefficients
2,11,1684,甲,exception,selection_error,above,R_7b6b1008b48c1115_t1681,U,[[]],"[{""slot"":9,""relation_id"":""9a7299ba300a8b15"",""state"":""U"",""names"":[],""history"":null}]",U,0.8391608391608392,3,wrong,wrong,R_fad8f670be5b8f88_t1507,2,F,"[[""sig_e""]]","[{""slot"":2,""relation_id"":""211bccacb1bdf4b9"",""state"":""F"",""names"":[""sig_e""],""history"":null}]",F[sig_e],0.628099173553719,-0.21106166560712014,0.6277788179420141,0.8393236435900786,-0.21154482564806462,-0.00048316004094446093,0.6276805042239508,0.8392705257094788,-0.21159002148552797,-0.0005283558784078124,posthoc_arithmetic_from_saved_coefficients
2,11,1684,甲,exception,selection_error,above,R_7b6b1008b48c1115_t1681,U,[[]],"[{""slot"":9,""relation_id"":""9a7299ba300a8b15"",""state"":""U"",""names"":[],""history"":null}]",U,0.8391608391608392,3,wrong,wrong,R_2f1a2f2059f4659c,3,F,"[[""sig_e""]]","[{""slot"":5,""relation_id"":""591fd7ea84cf3607"",""state"":""F"",""names"":[""sig_e""],""history"":null}]",F[sig_e],0.628099173553719,-0.21106166560712014,0.6278567743876718,0.8393236435900786,-0.21146686920240676,-0.00040520359528661913,0.6277584341031811,0.8392705257094788,-0.21151209160629766,-0.00045042599917752,posthoc_arithmetic_from_saved_coefficients
2,12,115,甲,normal,selection_error,above,R_0aa7a1980d3349e7,H,"[[""sig_e""]]","[{""slot"":8,""relation_id"":""9be47c66947994d5"",""state"":""H"",""names"":[""sig_e""],""history"":{""sig_e"":2}}]",H[sig_e],0.7555555555555555,3,wrong,wrong,R_d13632637df56212,1,F,"[[""sig_n""]]","[{""slot"":9,""relation_id"":""dfefc7fc7af3c319"",""state"":""F"",""names"":[""sig_n""],""history"":null}]",F[sig_n],0.6724137931034483,-0.08314176245210728,0.6723057749887086,0.7543550563944371,-0.08204928140572847,0.0010924810463788068,0.6722041417065784,0.7542833950601893,-0.08207925335361098,0.0010625090984963074,posthoc_arithmetic_from_saved_coefficients
2,12,115,甲,normal,selection_error,above,R_0aa7a1980d3349e7,H,"[[""sig_e""]]","[{""slot"":8,""relation_id"":""9be47c66947994d5"",""state"":""H"",""names"":[""sig_e""],""history"":{""sig_e"":2}}]",H[sig_e],0.7555555555555555,3,wrong,wrong,R_1d4532c404ae777e,2,F,"[[""sig_n""]]","[{""slot"":5,""relation_id"":""51edc6141a63037b"",""state"":""F"",""names"":[""sig_n""],""history"":null}]",F[sig_n],0.6608695652173913,-0.09468599033816426,0.6605103897317456,0.7543550563944371,-0.09384466666269155,0.0008413236754727028,0.6604139917543838,0.7542833950601893,-0.09386940330580552,0.0008165870323587264,posthoc_arithmetic_from_saved_coefficients
2,12,115,甲,normal,selection_error,above,R_0aa7a1980d3349e7,H,"[[""sig_e""]]","[{""slot"":8,""relation_id"":""9be47c66947994d5"",""state"":""H"",""names"":[""sig_e""],""history"":{""sig_e"":2}}]",H[sig_e],0.7555555555555555,3,wrong,wrong,R_bfecf95ccc797855,3,F,"[[""sig_n""]]","[{""slot"":8,""relation_id"":""e7f6a52f5606193f"",""state"":""F"",""names"":[""sig_n""],""history"":null}]",F[sig_n],0.6608695652173913,-0.09468599033816426,0.660643565070411,0.7543550563944371,-0.09371149132402606,0.0009744990141381811,0.6605471491823591,0.7542833950601893,-0.09373624587783015,0.0009497444603340953,posthoc_arithmetic_from_saved_coefficients
2,12,594,乙,exception,selection_error,above,R_cb63a1ebfc31098d_t590,U,[[]],"[{""slot"":3,""relation_id"":""29726c11ad9337b3"",""state"":""U"",""names"":[],""history"":null}]",U,0.8759124087591241,1,wrong,wrong,R_b6c15eaf75ec247c,1,H,"[[""sig_e""]]","[{""slot"":5,""relation_id"":""84cfd8e8d91bb61a"",""state"":""H"",""names"":[""sig_e""],""history"":{""sig_e"":1}}]",H[sig_e],0.8507462686567164,-0.02516614010240767,0.8512732844209958,0.8761120413271545,-0.024838756906158707,0.0003273831962489635,0.8511709578267634,0.8760345160516594,-0.024863558224895953,0.00030258187751171727,posthoc_arithmetic_from_saved_coefficients
2,12,707,甲,exception,selection_error,above,R_7b6b1008b48c1115_t687,H,"[[""sig_n""]]","[{""slot"":12,""relation_id"":""e3fb47154c4fc91b"",""state"":""H"",""names"":[""sig_n""],""history"":{""sig_n"":7}}]",H[sig_n],0.7746478873239436,3,wrong,wrong,R_9166e2f96690a9eb,1,F,"[[""sig_e""]]","[{""slot"":0,""relation_id"":""0e8ccbfeaff8e3e4"",""state"":""F"",""names"":[""sig_e""],""history"":null}]",F[sig_e],0.6554621848739496,-0.11918570244999409,0.6554355083483958,0.7735418823339179,-0.11810637398552203,0.0010793284644720522,0.6553585852772376,0.7734536174379327,-0.11809503216069513,0.0010906702892989624,posthoc_arithmetic_from_saved_coefficients
2,12,707,甲,exception,selection_error,above,R_7b6b1008b48c1115_t687,H,"[[""sig_n""]]","[{""slot"":12,""relation_id"":""e3fb47154c4fc91b"",""state"":""H"",""names"":[""sig_n""],""history"":{""sig_n"":7}}]",H[sig_n],0.7746478873239436,3,wrong,wrong,R_2f1a2f2059f4659c_t570,2,F,"[[""sig_e""]]","[{""slot"":3,""relation_id"":""91eb8d7ba26e1f3a"",""state"":""F"",""names"":[""sig_e""],""history"":null}]",F[sig_e],0.6440677966101694,-0.13058009071377416,0.6437307850064903,0.7735418823339179,-0.12981109732742757,0.0007689933863466093,0.6436588392403871,0.7734536174379327,-0.12979477819754556,0.0007853125162286128,posthoc_arithmetic_from_saved_coefficients
2,12,707,甲,exception,selection_error,above,R_7b6b1008b48c1115_t687,H,"[[""sig_n""]]","[{""slot"":12,""relation_id"":""e3fb47154c4fc91b"",""state"":""H"",""names"":[""sig_n""],""history"":{""sig_n"":7}}]",H[sig_n],0.7746478873239436,3,wrong,wrong,R_bb11e7f622c3f823,3,F,"[[""sig_e""]]","[{""slot"":7,""relation_id"":""d5e3793c851416c9"",""state"":""F"",""names"":[""sig_e""],""history"":null}]",F[sig_e],0.5964912280701754,-0.17815665925376822,0.5962619273641312,0.7735418823339179,-0.17727995496978666,0.0008767042839815606,0.5961926408216579,0.7734536174379327,-0.17726097661627482,0.0008956826374934083,posthoc_arithmetic_from_saved_coefficients
2,12,801,甲,normal,selection_error,above,R_2616bfa67113bd38,H,"[[""sig_e""]]","[{""slot"":10,""relation_id"":""937994639cd8dceb"",""state"":""H"",""names"":[""sig_e""],""history"":{""sig_e"":6}}]",H[sig_e],0.746268656716418,3,wrong,wrong,R_a446f7302597b869_t789,1,F,"[[""sig_n""]]","[{""slot"":2,""relation_id"":""0d46e26cae043471"",""state"":""F"",""names"":[""sig_n""],""history"":null}]",F[sig_n],0.6724137931034483,-0.07385486361296964,0.6723494959816325,0.745308998435564,-0.07295950245393139,0.0008953611590382501,0.6722478652950131,0.745241175834641,-0.07299331053962788,0.0008615530733417535,posthoc_arithmetic_from_saved_coefficients
2,12,801,甲,normal,selection_error,above,R_2616bfa67113bd38,H,"[[""sig_e""]]","[{""slot"":10,""relation_id"":""937994639cd8dceb"",""state"":""H"",""names"":[""sig_e""],""history"":{""sig_e"":6}}]",H[sig_e],0.746268656716418,3,wrong,wrong,R_94a5a2e983982a1d_t793,2,F,"[[""sig_n""]]","[{""slot"":4,""relation_id"":""452e9a7e64fef974"",""state"":""F"",""names"":[""sig_n""],""history"":null}]",F[sig_n],0.6608695652173913,-0.08539909149902661,0.6605704415327677,0.745308998435564,-0.08473855690279629,0.000660534596230314,0.66047402026976,0.745241175834641,-0.08476715556488094,0.0006319359341456634,posthoc_arithmetic_from_saved_coefficients
2,12,801,甲,normal,selection_error,above,R_2616bfa67113bd38,H,"[[""sig_e""]]","[{""slot"":10,""relation_id"":""937994639cd8dceb"",""state"":""H"",""names"":[""sig_e""],""history"":{""sig_e"":6}}]",H[sig_e],0.746268656716418,3,wrong,wrong,R_bfecf95ccc797855_t568,3,F,"[[""sig_n""]]","[{""slot"":5,""relation_id"":""54566c8295802c08"",""state"":""F"",""names"":[""sig_n""],""history"":null}]",F[sig_n],0.6608695652173913,-0.08539909149902661,0.6606212182556215,0.745308998435564,-0.08468778017994251,0.0007113113190840903,0.660524791502499,0.745241175834641,-0.084716384332142,0.0006827071668846045,posthoc_arithmetic_from_saved_coefficients
2,12,1123,乙,normal,selection_error,above,R_0e5d236bf5b42b15_t1067,H,"[[""sig_e""]]","[{""slot"":11,""relation_id"":""a7a4e67d8fcdf7dd"",""state"":""H"",""names"":[""sig_e""],""history"":{""sig_e"":6}}]",H[sig_e],0.8,2,wrong,wrong,R_533f0b68a9c93324,1,F,"[[""sig_n""]]","[{""slot"":7,""relation_id"":""37d20a3d4e205445"",""state"":""F"",""names"":[""sig_n""],""history"":null}]",F[sig_n],0.6902654867256637,-0.10973451327433628,0.6901763073574886,0.799073076433403,-0.1088967690759144,0.0008377441984218827,0.6900901601400364,0.798979158676369,-0.10888899853633259,0.0008455147380036879,posthoc_arithmetic_from_saved_coefficients
2,12,1123,乙,normal,selection_error,above,R_0e5d236bf5b42b15_t1067,H,"[[""sig_e""]]","[{""slot"":11,""relation_id"":""a7a4e67d8fcdf7dd"",""state"":""H"",""names"":[""sig_e""],""history"":{""sig_e"":6}}]",H[sig_e],0.8,2,wrong,wrong,R_a3e2181b14bbde85,2,F,"[[""sig_n""]]","[{""slot"":10,""relation_id"":""c5af07ded10df9aa"",""state"":""F"",""names"":[""sig_n""],""history"":null}]",F[sig_n],0.6785714285714286,-0.12142857142857143,0.6782806009837861,0.799073076433403,-0.12079247544961691,0.0006360959789545234,0.6781995139438183,0.798979158676369,-0.12077964473255078,0.0006489266960206536,posthoc_arithmetic_from_saved_coefficients
2,12,1347,乙,normal,selection_error,above,R_0e5d236bf5b42b15_t1216,H,"[[""sig_e""]]","[{""slot"":2,""relation_id"":""3d22075db689c48e"",""state"":""H"",""names"":[""sig_e""],""history"":{""sig_e"":10}}]",H[sig_e],0.7659574468085106,3,wrong,wrong,R_533f0b68a9c93324,1,F,"[[""sig_n""]]","[{""slot"":7,""relation_id"":""37d20a3d4e205445"",""state"":""F"",""names"":[""sig_n""],""history"":null}]",F[sig_n],0.6554621848739496,-0.11049526193456106,0.6554171574959038,0.7650952802690681,-0.10967812277316433,0.0008171391613967343,0.655340411442667,0.7650108172035782,-0.10967040576091124,0.00082485617364983,posthoc_arithmetic_from_saved_coefficients
2,12,1347,乙,normal,selection_error,above,R_0e5d236bf5b42b15_t1216,H,"[[""sig_e""]]","[{""slot"":2,""relation_id"":""3d22075db689c48e"",""state"":""H"",""names"":[""sig_e""],""history"":{""sig_e"":10}}]",H[sig_e],0.7659574468085106,3,wrong,wrong,R_fe7b42b67bef503d,2,F,"[[""sig_n""]]","[{""slot"":8,""relation_id"":""b116db285966bab0"",""state"":""F"",""names"":[""sig_n""],""history"":null}]",F[sig_n],0.6440677966101694,-0.12188965019834115,0.6442683260907466,0.7650952802690681,-0.12082695417832154,0.0010626960200196098,0.6441964311980811,0.7650108172035782,-0.12081438600549707,0.0010752641928440773,posthoc_arithmetic_from_saved_coefficients
2,12,1347,乙,normal,selection_error,above,R_0e5d236bf5b42b15_t1216,H,"[[""sig_e""]]","[{""slot"":2,""relation_id"":""3d22075db689c48e"",""state"":""H"",""names"":[""sig_e""],""history"":{""sig_e"":10}}]",H[sig_e],0.7659574468085106,3,wrong,wrong,R_a3e2181b14bbde85,3,F,"[[""sig_n""]]","[{""slot"":10,""relation_id"":""c5af07ded10df9aa"",""state"":""F"",""names"":[""sig_n""],""history"":null}]",F[sig_n],0.6440677966101694,-0.12188965019834115,0.643826071653401,0.7650952802690681,-0.1212692086156672,0.000620441582673952,0.6437542640237564,0.7650108172035782,-0.12125655317982191,0.000633097018519241,posthoc_arithmetic_from_saved_coefficients
2,12,1360,乙,normal,selection_error,above,R_0e5d236bf5b42b15_t1216,H,"[[""sig_e""]]","[{""slot"":2,""relation_id"":""3d22075db689c48e"",""state"":""H"",""names"":[""sig_e""],""history"":{""sig_e"":12}}]",H[sig_e],0.8,5,wrong,wrong,R_533f0b68a9c93324,1,F,"[[""sig_n""]]","[{""slot"":7,""relation_id"":""37d20a3d4e205445"",""state"":""F"",""names"":[""sig_n""],""history"":null}]",F[sig_n],0.6902654867256637,-0.10973451327433628,0.6901802595711674,0.7990451638424209,-0.10886490427125342,0.0008696090030828611,0.6900941118914861,0.7989512797916806,-0.10885716790019452,0.0008773453741417681,posthoc_arithmetic_from_saved_coefficients
2,12,1360,乙,normal,selection_error,above,R_0e5d236bf5b42b15_t1216,H,"[[""sig_e""]]","[{""slot"":2,""relation_id"":""3d22075db689c48e"",""state"":""H"",""names"":[""sig_e""],""history"":{""sig_e"":12}}]",H[sig_e],0.8,5,wrong,wrong,R_48939b4afa3d5c42,2,F,"[[""sig_n""]]","[{""slot"":8,""relation_id"":""aa5394fcf8fc190c"",""state"":""F"",""names"":[""sig_n""],""history"":null}]",F[sig_n],0.6785714285714286,-0.12142857142857143,0.678176332078738,0.7990451638424209,-0.12086883176368288,0.0005597396648885496,0.6780953089966341,0.7989512797916806,-0.12085597079504651,0.0005726006335249159,posthoc_arithmetic_from_saved_coefficients
2,12,1360,乙,normal,selection_error,above,R_0e5d236bf5b42b15_t1216,H,"[[""sig_e""]]","[{""slot"":2,""relation_id"":""3d22075db689c48e"",""state"":""H"",""names"":[""sig_e""],""history"":{""sig_e"":12}}]",H[sig_e],0.8,5,wrong,wrong,R_f10dc019491698d2,3,F,"[[""sig_n""]]","[{""slot"":9,""relation_id"":""9157f8361fb898e8"",""state"":""F"",""names"":[""sig_n""],""history"":null}]",F[sig_n],0.6785714285714286,-0.12142857142857143,0.6782000931245021,0.7990451638424209,-0.1208450707179187,0.000583500710652737,0.6781190621830946,0.7989512797916806,-0.120832217608586,0.0005963538199854224,posthoc_arithmetic_from_saved_coefficients
2,12,1360,乙,normal,selection_error,above,R_0e5d236bf5b42b15_t1216,H,"[[""sig_e""]]","[{""slot"":2,""relation_id"":""3d22075db689c48e"",""state"":""H"",""names"":[""sig_e""],""history"":{""sig_e"":12}}]",H[sig_e],0.8,5,wrong,wrong,R_fe7b42b67bef503d,4,F,"[[""sig_n""]]","[{""slot"":8,""relation_id"":""b116db285966bab0"",""state"":""F"",""names"":[""sig_n""],""history"":null}]",F[sig_n],0.6785714285714286,-0.12142857142857143,0.6787385984473963,0.7990451638424209,-0.12030656539502459,0.0011220060335468411,0.6786574215343298,0.7989512797916806,-0.12029385825735078,0.0011347131712206397,posthoc_arithmetic_from_saved_coefficients
2,12,1360,乙,normal,selection_error,above,R_0e5d236bf5b42b15_t1216,H,"[[""sig_e""]]","[{""slot"":2,""relation_id"":""3d22075db689c48e"",""state"":""H"",""names"":[""sig_e""],""history"":{""sig_e"":12}}]",H[sig_e],0.8,5,wrong,wrong,R_a3e2181b14bbde85,5,F,"[[""sig_n""]]","[{""slot"":10,""relation_id"":""c5af07ded10df9aa"",""state"":""F"",""names"":[""sig_n""],""history"":null}]",F[sig_n],0.6785714285714286,-0.12142857142857143,0.6782845203533125,0.7990451638424209,-0.12076064348910827,0.0006679279394631593,0.6782034328582945,0.7989512797916806,-0.12074784693338604,0.0006807244951853844,posthoc_arithmetic_from_saved_coefficients
2,12,1470,乙,normal,selection_error,above,R_0e5d236bf5b42b15,H,"[[""sig_e""]]","[{""slot"":0,""relation_id"":""0012a30d2e418bb5"",""state"":""H"",""names"":[""sig_e""],""history"":{""sig_e"":6}}]",H[sig_e],0.8,4,wrong,wrong,R_533f0b68a9c93324_t1468,1,F,"[[""sig_n""]]","[{""slot"":9,""relation_id"":""e8f31c3cbba9d982"",""state"":""F"",""names"":[""sig_n""],""history"":null}]",F[sig_n],0.6785714285714286,-0.12142857142857143,0.6787683689832591,0.7990413358447401,-0.12027296686148112,0.0011556045670903109,0.6786871998024896,0.7989474522662966,-0.12026025246380705,0.0011683189647643756,posthoc_arithmetic_from_saved_coefficients
2,12,1470,乙,normal,selection_error,above,R_0e5d236bf5b42b15,H,"[[""sig_e""]]","[{""slot"":0,""relation_id"":""0012a30d2e418bb5"",""state"":""H"",""names"":[""sig_e""],""history"":{""sig_e"":6}}]",H[sig_e],0.8,4,wrong,wrong,R_48939b4afa3d5c42,2,F,"[[""sig_n""]]","[{""slot"":8,""relation_id"":""aa5394fcf8fc190c"",""state"":""F"",""names"":[""sig_n""],""history"":null}]",F[sig_n],0.6785714285714286,-0.12142857142857143,0.6781724130135971,0.7990413358447401,-0.12086892283114312,0.0005596485974283117,0.6780913903864212,0.7989474522662966,-0.1208560618798754,0.0005725095486960271,posthoc_arithmetic_from_saved_coefficients
2,12,1470,乙,normal,selection_error,above,R_0e5d236bf5b42b15,H,"[[""sig_e""]]","[{""slot"":0,""relation_id"":""0012a30d2e418bb5"",""state"":""H"",""names"":[""sig_e""],""history"":{""sig_e"":6}}]",H[sig_e],0.8,4,wrong,wrong,R_f10dc019491698d2,3,F,"[[""sig_n""]]","[{""slot"":9,""relation_id"":""9157f8361fb898e8"",""state"":""F"",""names"":[""sig_n""],""history"":null}]",F[sig_n],0.6785714285714286,-0.12142857142857143,0.6781961739925012,0.7990413358447401,-0.12084516185223894,0.0005834095763324845,0.6781151435060309,0.7989474522662966,-0.12083230876026575,0.0005962626683056763,posthoc_arithmetic_from_saved_coefficients
2,12,1470,乙,normal,selection_error,above,R_0e5d236bf5b42b15,H,"[[""sig_e""]]","[{""slot"":0,""relation_id"":""0012a30d2e418bb5"",""state"":""H"",""names"":[""sig_e""],""history"":{""sig_e"":6}}]",H[sig_e],0.8,4,wrong,wrong,R_fe7b42b67bef503d,4,F,"[[""sig_n""]]","[{""slot"":8,""relation_id"":""b116db285966bab0"",""state"":""F"",""names"":[""sig_n""],""history"":null}]",F[sig_n],0.6785714285714286,-0.12142857142857143,0.6787346778014459,0.7990413358447401,-0.12030665804329423,0.0011219133852771986,0.6786535013434329,0.7989474522662966,-0.12029395092286366,0.0011346205057077682,posthoc_arithmetic_from_saved_coefficients
2,13,494,乙,exception,selection_error,above,R_cb63a1ebfc31098d,U,[[]],"[{""slot"":4,""relation_id"":""674c0965a8b0e92b"",""state"":""U"",""names"":[],""history"":null}]",U,0.8955223880597015,1,wrong,wrong,R_b6c15eaf75ec247c,1,H,"[[""sig_e""]]","[{""slot"":12,""relation_id"":""cfb425284d5cbaca"",""state"":""H"",""names"":[""sig_e""],""history"":{""sig_e"":2}}]",H[sig_e],0.8702290076335878,-0.025293380426113708,0.8706790257346465,0.895627085690771,-0.024948059956124393,0.0003453204699893147,0.870576979378356,0.8955197289033027,-0.024942749524946736,0.00035063090116696955,posthoc_arithmetic_from_saved_coefficients
2,13,499,乙,exception,selection_error,above,R_cb63a1ebfc31098d,H,"[[""sig_e""]]","[{""slot"":4,""relation_id"":""674c0965a8b0e92b"",""state"":""H"",""names"":[""sig_e""],""history"":{""sig_e"":1}}]",H[sig_e],0.8840579710144928,1,wrong,wrong,R_b6c15eaf75ec247c,1,H,"[[""sig_e""]]","[{""slot"":12,""relation_id"":""cfb425284d5cbaca"",""state"":""H"",""names"":[""sig_e""],""history"":{""sig_e"":2}}]",H[sig_e],0.8507462686567164,-0.033311702357776335,0.8512039887962649,0.8844967025944607,-0.03329271379819574,1.8988559580593652e-05,0.85110723804015,0.8843913707721126,-0.033284132731962596,2.7569625813737342e-05,posthoc_arithmetic_from_saved_coefficients
2,13,717,甲,exception,selection_error,above,R_2327f056ad0db4ad,U,[[]],"[{""slot"":14,""relation_id"":""f3f8d046f6b5460f"",""state"":""U"",""names"":[],""history"":null}]",U,0.8421052631578947,1,wrong,wrong,R_a42b476c0ed33e82,1,F,"[[""sig_e""]]","[{""slot"":8,""relation_id"":""9fc9689030b29446"",""state"":""F"",""names"":[""sig_e""],""history"":null}]",F[sig_e],0.6126126126126126,-0.22949265054528212,0.6126802720632469,0.8422394955898698,-0.2295592235266228,-6.657298134067613e-05,0.6125851687389792,0.8421465644565862,-0.22956139571760706,-6.874517232492421e-05,posthoc_arithmetic_from_saved_coefficients
2,13,757,甲,exception,selection_error,above,R_2327f056ad0db4ad,H,"[[""sig_e""]]","[{""slot"":14,""relation_id"":""f3f8d046f6b5460f"",""state"":""H"",""names"":[""sig_e""],""history"":{""sig_e"":1}}]",H[sig_e],0.8321167883211679,3,wrong,wrong,R_9166e2f96690a9eb,1,F,"[[""sig_e""]]","[{""slot"":8,""relation_id"":""800a3ff6966c3081"",""state"":""F"",""names"":[""sig_e""],""history"":null}]",F[sig_e],0.6554621848739496,-0.1766546034472183,0.6557103496411817,0.8326052961530738,-0.17689494651189216,-0.00024034306467385385,0.6556117272447098,0.8325136739228415,-0.17690194667813158,-0.00024734323091327615,posthoc_arithmetic_from_saved_coefficients
2,13,757,甲,exception,selection_error,above,R_2327f056ad0db4ad,H,"[[""sig_e""]]","[{""slot"":14,""relation_id"":""f3f8d046f6b5460f"",""state"":""H"",""names"":[""sig_e""],""history"":{""sig_e"":1}}]",H[sig_e],0.8321167883211679,3,wrong,wrong,R_2f1a2f2059f4659c_t726,2,F,"[[""sig_e""]]","[{""slot"":4,""relation_id"":""6884ab169df1760e"",""state"":""F"",""names"":[""sig_e""],""history"":null}]",F[sig_e],0.6440677966101694,-0.1880489917109984,0.6437270090483146,0.8326052961530738,-0.1888782871047592,-0.0008292953937608173,0.6436340799820501,0.8325136739228415,-0.1888795939407913,-0.0008306022297928874,posthoc_arithmetic_from_saved_coefficients
2,13,757,甲,exception,selection_error,above,R_2327f056ad0db4ad,H,"[[""sig_e""]]","[{""slot"":14,""relation_id"":""f3f8d046f6b5460f"",""state"":""H"",""names"":[""sig_e""],""history"":{""sig_e"":1}}]",H[sig_e],0.8321167883211679,3,wrong,wrong,R_a944abbc1a89c9ec,3,F,"[[""sig_e""]]","[{""slot"":7,""relation_id"":""ce6728cb236dcca6"",""state"":""F"",""names"":[""sig_e""],""history"":null}]",F[sig_e],0.5964912280701754,-0.23562556025099243,0.5961643630485426,0.8326052961530738,-0.2364409331045312,-0.0008153728535387689,0.5960749562280248,0.8325136739228415,-0.2364387176948167,-0.0008131574438242625,posthoc_arithmetic_from_saved_coefficients
2,13,805,乙,exception,selection_error,above,R_cb63a1ebfc31098d_t756,U,[[]],"[{""slot"":10,""relation_id"":""af3350917577350f"",""state"":""U"",""names"":[],""history"":null}]",U,0.8759124087591241,3,wrong,wrong,R_6e8a065cec942906_t624,1,F,"[[""sig_e""]]","[{""slot"":4,""relation_id"":""6d1f8439c2ac8c12"",""state"":""F"",""names"":[""sig_e""],""history"":null}]",F[sig_e],0.6608695652173913,-0.21504284354173278,0.6605168917462716,0.8760354239353616,-0.21551853218908998,-0.00047568864735719274,0.6604251688653135,0.8759336236260788,-0.21550845476076533,-0.00046561121903255533,posthoc_arithmetic_from_saved_coefficients
2,13,805,乙,exception,selection_error,above,R_cb63a1ebfc31098d_t756,U,[[]],"[{""slot"":10,""relation_id"":""af3350917577350f"",""state"":""U"",""names"":[],""history"":null}]",U,0.8759124087591241,3,wrong,wrong,R_9bc40d505af93c42,2,F,"[[""sig_e""]]","[{""slot"":1,""relation_id"":""2409c337991e9d2c"",""state"":""F"",""names"":[""sig_e""],""history"":null}]",F[sig_e],0.6608695652173913,-0.21504284354173278,0.660565511148082,0.8760354239353616,-0.2154699127872795,-0.00042706924554671553,0.6604737305641603,0.8759336236260788,-0.2154598930619186,-0.00041704952018580655,posthoc_arithmetic_from_saved_coefficients
2,13,805,乙,exception,selection_error,above,R_cb63a1ebfc31098d_t756,U,[[]],"[{""slot"":10,""relation_id"":""af3350917577350f"",""state"":""U"",""names"":[],""history"":null}]",U,0.8759124087591241,3,wrong,wrong,R_1071b9c89465c7e0,3,F,"[[""sig_e""]]","[{""slot"":8,""relation_id"":""dcdef7fa1ff42186"",""state"":""F"",""names"":[""sig_e""],""history"":null}]",F[sig_e],0.6126126126126126,-0.2632997961465115,0.6126250140090551,0.8760354239353616,-0.26341040992630643,-0.00011061377979494966,0.6125364358897082,0.8759336236260788,-0.2633971877363707,-9.739158985921653e-05,posthoc_arithmetic_from_saved_coefficients
2,13,811,甲,exception,selection_error,above,R_7b6b1008b48c1115_t743,H,"[[""sig_n""]]","[{""slot"":15,""relation_id"":""f5606be8bd3082d3"",""state"":""H"",""names"":[""sig_n""],""history"":{""sig_n"":5}}]",H[sig_n],0.782608695652174,3,wrong,wrong,R_9166e2f96690a9eb,1,F,"[[""sig_e""]]","[{""slot"":8,""relation_id"":""800a3ff6966c3081"",""state"":""F"",""names"":[""sig_e""],""history"":null}]",F[sig_e],0.6724137931034483,-0.11019490254872563,0.6726537059942069,0.7817521992755377,-0.1090984932813308,0.0010964092673948348,0.6725495600254257,0.7816682344871524,-0.10911867446172682,0.0010762280869988194,posthoc_arithmetic_from_saved_coefficients
2,13,811,甲,exception,selection_error,above,R_7b6b1008b48c1115_t743,H,"[[""sig_n""]]","[{""slot"":15,""relation_id"":""f5606be8bd3082d3"",""state"":""H"",""names"":[""sig_n""],""history"":{""sig_n"":5}}]",H[sig_n],0.782608695652174,3,wrong,wrong,R_2f1a2f2059f4659c_t726,2,F,"[[""sig_e""]]","[{""slot"":4,""relation_id"":""6884ab169df1760e"",""state"":""F"",""names"":[""sig_e""],""history"":null}]",F[sig_e],0.6608695652173913,-0.12173913043478261,0.6605128631348114,0.7817521992755377,-0.1212393361407263,0.0004997942940563073,0.6604144791747807,0.7816682344871524,-0.12125375531237176,0.0004853751224108562,posthoc_arithmetic_from_saved_coefficients
2,13,811,甲,exception,selection_error,above,R_7b6b1008b48c1115_t743,H,"[[""sig_n""]]","[{""slot"":15,""relation_id"":""f5606be8bd3082d3"",""state"":""H"",""names"":[""sig_n""],""history"":{""sig_n"":5}}]",H[sig_n],0.782608695652174,3,wrong,wrong,R_a944abbc1a89c9ec,3,F,"[[""sig_e""]]","[{""slot"":7,""relation_id"":""ce6728cb236dcca6"",""state"":""F"",""names"":[""sig_e""],""history"":null}]",F[sig_e],0.6126126126126126,-0.1699960830395613,0.6122698624683734,0.7817521992755377,-0.16948233680716418,0.000513746232397112,0.6121750489998018,0.7816682344871524,-0.16949318548735062,0.0005028975522106648,posthoc_arithmetic_from_saved_coefficients
2,13,950,甲,exception,selection_error,above,R_7b6b1008b48c1115,U,[[]],"[{""slot"":14,""relation_id"":""f10f36fbe74c9cab"",""state"":""U"",""names"":[],""history"":null}]",U,0.8955223880597015,3,wrong,wrong,R_9166e2f96690a9eb,1,F,"[[""sig_e""]]","[{""slot"":8,""relation_id"":""800a3ff6966c3081"",""state"":""F"",""names"":[""sig_e""],""history"":null}]",F[sig_e],0.6902654867256637,-0.2052569013340378,0.6904860220329623,0.8956253522628227,-0.20513933022986047,0.00011757110417731626,0.6903755614536091,0.895525783200844,-0.20515022174723488,0.00010667958680289294,posthoc_arithmetic_from_saved_coefficients
2,13,950,甲,exception,selection_error,above,R_7b6b1008b48c1115,U,[[]],"[{""slot"":14,""relation_id"":""f10f36fbe74c9cab"",""state"":""U"",""names"":[],""history"":null}]",U,0.8955223880597015,3,wrong,wrong,R_2f1a2f2059f4659c_t726,2,F,"[[""sig_e""]]","[{""slot"":4,""relation_id"":""6884ab169df1760e"",""state"":""F"",""names"":[""sig_e""],""history"":null}]",F[sig_e],0.6785714285714286,-0.21695095948827292,0.6781877694435301,0.8956253522628227,-0.2174375828192926,-0.0004866233310196768,0.678083138692714,0.895525783200844,-0.21744264450813006,-0.0004916850198571359,posthoc_arithmetic_from_saved_coefficients
2,13,950,甲,exception,selection_error,above,R_7b6b1008b48c1115,U,[[]],"[{""slot"":14,""relation_id"":""f10f36fbe74c9cab"",""state"":""U"",""names"":[],""history"":null}]",U,0.8955223880597015,3,wrong,wrong,R_a944abbc1a89c9ec,3,F,"[[""sig_e""]]","[{""slot"":7,""relation_id"":""ce6728cb236dcca6"",""state"":""F"",""names"":[""sig_e""],""history"":null}]",F[sig_e],0.6296296296296297,-0.2658927584300719,0.6292602762689421,0.8956253522628227,-0.26636507599388065,-0.00047231756380880854,0.6291592647968692,0.895525783200844,-0.2663665184039748,-0.00047375997390295234,posthoc_arithmetic_from_saved_coefficients
2,13,999,乙,exception,selection_error,above,R_9d6e4b5f291af53c,U,[[]],"[{""slot"":7,""relation_id"":""77d01cf2fb673693"",""state"":""U"",""names"":[],""history"":null}]",U,0.8615384615384616,1,wrong,wrong,R_a980cbcce2d6b26e,1,F,"[[""sig_e""]]","[{""slot"":6,""relation_id"":""95c38d31d8e0ce28"",""state"":""F"",""names"":[""sig_e""],""history"":null}]",F[sig_e],0.6785714285714286,-0.18296703296703296,0.6782558003991864,0.8618553675986906,-0.1835995671995042,-0.0006325342324712542,0.6781583201685369,0.8617490152085522,-0.1835906950400152,-0.0006236620729822573,posthoc_arithmetic_from_saved_coefficients
2,13,1019,乙,normal,distinction_loss,absent,R_a980cbcce2d6b26e,F,"[[""sig_e""]]","[{""slot"":6,""relation_id"":""95c38d31d8e0ce28"",""state"":""F"",""names"":[""sig_e""],""history"":null}]",F[sig_e],0.6428571428571429,0,wrong,wrong,,,,,,門上候補なし,,,,0.6419282789428623,,,,0.6418407195683266,,,not_applicable_no_correct_above_gate
2,13,1060,乙,exception,selection_error,above,R_cb63a1ebfc31098d_t1031,H,"[[""sig_n""]]","[{""slot"":4,""relation_id"":""34aafaffc9a2cb97"",""state"":""H"",""names"":[""sig_n""],""history"":{""sig_n"":11}}]",H[sig_n],0.8,2,wrong,wrong,R_a980cbcce2d6b26e,1,F,"[[""sig_e""]]","[{""slot"":6,""relation_id"":""95c38d31d8e0ce28"",""state"":""F"",""names"":[""sig_e""],""history"":null}]",F[sig_e],0.6785714285714286,-0.12142857142857143,0.678258920153762,0.7990614397098587,-0.12080251955609658,0.0006260518724748486,0.6781616113663858,0.7989657095036791,-0.1208040981372933,0.000624473291278125,posthoc_arithmetic_from_saved_coefficients
2,13,1060,乙,exception,selection_error,above,R_cb63a1ebfc31098d_t1031,H,"[[""sig_n""]]","[{""slot"":4,""relation_id"":""34aafaffc9a2cb97"",""state"":""H"",""names"":[""sig_n""],""history"":{""sig_n"":11}}]",H[sig_n],0.8,2,wrong,wrong,R_3e7d2ebb6988e75e,2,F,"[[""sig_e""]]","[{""slot"":4,""relation_id"":""6251748e46d2e14c"",""state"":""F"",""names"":[""sig_e""],""history"":null}]",F[sig_e],0.6296296296296297,-0.17037037037037037,0.6292287046365367,0.7990614397098587,-0.16983273507332192,0.0005376352970484604,0.6291347745357586,0.7989657095036791,-0.16983093496792045,0.0005394354024499292,posthoc_arithmetic_from_saved_coefficients
2,13,1217,甲,normal,selection_error,above,R_5ccd1331eec89856,H,"[[""sig_e""]]","[{""slot"":15,""relation_id"":""fa1fdda690196f27"",""state"":""H"",""names"":[""sig_e""],""history"":{""sig_e"":5}}]",H[sig_e],0.7727272727272727,3,wrong,wrong,R_a446f7302597b869,1,F,"[[""sig_n""]]","[{""slot"":5,""relation_id"":""73ed4ba953602098"",""state"":""F"",""names"":[""sig_n""],""history"":null}]",F[sig_n],0.6785714285714286,-0.09415584415584416,0.67898473407361,0.7716173355851034,-0.09263260151149333,0.0015232426443508222,0.6788869990113803,0.7715188980806932,-0.09263189906931293,0.0015239450865312204,posthoc_arithmetic_from_saved_coefficients
2,13,1217,甲,normal,selection_error,above,R_5ccd1331eec89856,H,"[[""sig_e""]]","[{""slot"":15,""relation_id"":""fa1fdda690196f27"",""state"":""H"",""names"":[""sig_e""],""history"":{""sig_e"":5}}]",H[sig_e],0.7727272727272727,3,wrong,wrong,R_bfecf95ccc797855,2,F,"[[""sig_n""]]","[{""slot"":1,""relation_id"":""35c1e99a82666b4a"",""state"":""F"",""names"":[""sig_n""],""history"":null}]",F[sig_n],0.6785714285714286,-0.09415584415584416,0.6783062247622964,0.7716173355851034,-0.09331111082280699,0.0008447333330371578,0.6782086419039655,0.7715188980806932,-0.09331025617672771,0.000845587979116449,posthoc_arithmetic_from_saved_coefficients
2,13,1217,甲,normal,selection_error,above,R_5ccd1331eec89856,H,"[[""sig_e""]]","[{""slot"":15,""relation_id"":""fa1fdda690196f27"",""state"":""H"",""names"":[""sig_e""],""history"":{""sig_e"":5}}]",H[sig_e],0.7727272727272727,3,wrong,wrong,R_94a5a2e983982a1d,3,F,"[[""sig_n""]]","[{""slot"":5,""relation_id"":""49d7e0c3fc36eda7"",""state"":""F"",""names"":[""sig_n""],""history"":null}]",F[sig_n],0.6785714285714286,-0.09415584415584416,0.6783328098062952,0.7716173355851034,-0.09328452577880823,0.0008713183770359274,0.6782352126019885,0.7715188980806932,-0.09328368547870476,0.0008721586771393972,posthoc_arithmetic_from_saved_coefficients
2,13,1451,甲,normal,selection_error,above,R_78a9d503e9d6b05d,H,"[[""sig_e""]]","[{""slot"":0,""relation_id"":""0cc79b7d356ea470"",""state"":""H"",""names"":[""sig_e""],""history"":{""sig_e"":4}}]",H[sig_e],0.7299270072992701,4,wrong,wrong,R_627ae67a7f637bdb,1,F,"[[""sig_n""]]","[{""slot"":2,""relation_id"":""31d43620f39e29e1"",""state"":""F"",""names"":[""sig_n""],""history"":null}]",F[sig_n],0.6440677966101694,-0.08585921068910059,0.6437775728553808,0.7295066661536971,-0.08572909329831624,0.00013011739078434308,0.6436909856921537,0.7294223357640991,-0.08573135007194548,0.00012786061715511118,posthoc_arithmetic_from_saved_coefficients
2,13,1451,甲,normal,selection_error,above,R_78a9d503e9d6b05d,H,"[[""sig_e""]]","[{""slot"":0,""relation_id"":""0cc79b7d356ea470"",""state"":""H"",""names"":[""sig_e""],""history"":{""sig_e"":4}}]",H[sig_e],0.7299270072992701,4,wrong,wrong,R_1d4532c404ae777e,2,F,"[[""sig_n""]]","[{""slot"":1,""relation_id"":""26bdc5751e8ede1d"",""state"":""F"",""names"":[""sig_n""],""history"":null}]",F[sig_n],0.6440677966101694,-0.08585921068910059,0.6437165387890166,0.7295066661536971,-0.08579012736468056,6.908332442002645e-05,0.6436299676426814,0.7294223357640991,-0.08579236812141769,6.684256768288847e-05,posthoc_arithmetic_from_saved_coefficients
2,13,1451,甲,normal,selection_error,above,R_78a9d503e9d6b05d,H,"[[""sig_e""]]","[{""slot"":0,""relation_id"":""0cc79b7d356ea470"",""state"":""H"",""names"":[""sig_e""],""history"":{""sig_e"":4}}]",H[sig_e],0.7299270072992701,4,wrong,wrong,R_d13632637df56212,3,F,"[[""sig_n""]]","[{""slot"":2,""relation_id"":""26bdc5751e8ede1d"",""state"":""F"",""names"":[""sig_n""],""history"":null}]",F[sig_n],0.6440677966101694,-0.08585921068910059,0.6443650708963212,0.7295066661536971,-0.08514159525737588,0.000717615431724695,0.6442783476883271,0.7294223357640991,-0.08514398807577203,0.0007152226133285529,posthoc_arithmetic_from_saved_coefficients
2,13,1451,甲,normal,selection_error,above,R_78a9d503e9d6b05d,H,"[[""sig_e""]]","[{""slot"":0,""relation_id"":""0cc79b7d356ea470"",""state"":""H"",""names"":[""sig_e""],""history"":{""sig_e"":4}}]",H[sig_e],0.7299270072992701,4,wrong,wrong,R_51ffba0197ecf41f,4,F,"[[""sig_n""]]","[{""slot"":9,""relation_id"":""ec81617db9837a4c"",""state"":""F"",""names"":[""sig_n""],""history"":null}]",F[sig_n],0.6086956521739131,-0.12123135512535703,0.6084654608181704,0.7295066661536971,-0.1210412053355267,0.0001901497898303293,0.608382921195956,0.7294223357640991,-0.12103941456814313,0.00019194055721389862,posthoc_arithmetic_from_saved_coefficients
2,14,54,甲,exception,selection_error,above,R_7b6b1008b48c1115,H,"[[""sig_n""]]","[{""slot"":1,""relation_id"":""16a0cb7f8acad8d6"",""state"":""H"",""names"":[""sig_n""],""history"":{""sig_n"":13}}]",H[sig_n],0.7746478873239436,1,wrong,wrong,R_2f1a2f2059f4659c,1,F,"[[""sig_e""]]","[{""slot"":0,""relation_id"":""0155ad7eecc3c23e"",""state"":""F"",""names"":[""sig_e""],""history"":null}]",F[sig_e],0.6554621848739496,-0.11918570244999409,0.6551995509626227,0.7737387172654844,-0.11853916630286174,0.0006465361471323502,0.6550847239298866,0.7736759468022322,-0.11859122287234557,0.0005944795776485161,posthoc_arithmetic_from_saved_coefficients
2,14,97,甲,exception,selection_error,above,R_7b6b1008b48c1115,H,"[[""sig_n""]]","[{""slot"":1,""relation_id"":""16a0cb7f8acad8d6"",""state"":""H"",""names"":[""sig_n""],""history"":{""sig_n"":13}}]",H[sig_n],0.7913669064748201,3,wrong,wrong,R_9166e2f96690a9eb,1,F,"[[""sig_e""]]","[{""slot"":10,""relation_id"":""b4a61a37630885de"",""state"":""F"",""names"":[""sig_e""],""history"":null}]",F[sig_e],0.6724137931034483,-0.11895311337137186,0.6724545200841551,0.7904391913871521,-0.11798467130299703,0.0009684420683748404,0.6723331313604282,0.7903729418869602,-0.11803981052653197,0.0009133028448398986,posthoc_arithmetic_from_saved_coefficients
2,14,97,甲,exception,selection_error,above,R_7b6b1008b48c1115,H,"[[""sig_n""]]","[{""slot"":1,""relation_id"":""16a0cb7f8acad8d6"",""state"":""H"",""names"":[""sig_n""],""history"":{""sig_n"":13}}]",H[sig_n],0.7913669064748201,3,wrong,wrong,R_2f1a2f2059f4659c,2,F,"[[""sig_e""]]","[{""slot"":0,""relation_id"":""0155ad7eecc3c23e"",""state"":""F"",""names"":[""sig_e""],""history"":null}]",F[sig_e],0.6724137931034483,-0.11895311337137186,0.6721520384531998,0.7904391913871521,-0.11828715293395224,0.0006659604374196307,0.6720307022226463,0.7903729418869602,-0.1183422396643139,0.0006108737070579652,posthoc_arithmetic_from_saved_coefficients
2,14,97,甲,exception,selection_error,above,R_7b6b1008b48c1115,H,"[[""sig_n""]]","[{""slot"":1,""relation_id"":""16a0cb7f8acad8d6"",""state"":""H"",""names"":[""sig_n""],""history"":{""sig_n"":13}}]",H[sig_n],0.7913669064748201,3,wrong,wrong,R_0d2029ba5ef8463b,3,F,"[[""sig_e""]]","[{""slot"":4,""relation_id"":""8b2543a2aa725457"",""state"":""F"",""names"":[""sig_e""],""history"":null}]",F[sig_e],0.6608695652173913,-0.13049734125742884,0.6613129176928204,0.7904391913871521,-0.12912627369433172,0.001371067563097127,0.661197034539621,0.7903729418869602,-0.12917590734733925,0.0013214339100896032,posthoc_arithmetic_from_saved_coefficients
2,14,226,甲,normal,selection_error,above,R_8b0d2a6b7293001d,H,"[[""sig_e""]]","[{""slot"":4,""relation_id"":""453e2383d5ae64cb"",""state"":""H"",""names"":[""sig_e""],""history"":{""sig_e"":8}}]",H[sig_e],0.782608695652174,3,wrong,wrong,R_a446f7302597b869,1,F,"[[""sig_n""]]","[{""slot"":11,""relation_id"":""e047081c3f0e8e76"",""state"":""F"",""names"":[""sig_n""],""history"":null}]",F[sig_n],0.6724137931034483,-0.11019490254872563,0.6722610611314548,0.7818493666391227,-0.10958830550766804,0.0006065970410575969,0.6721859388929282,0.7817415945472683,-0.10955565565434013,0.0006392468943855079,posthoc_arithmetic_from_saved_coefficients
2,14,226,甲,normal,selection_error,above,R_8b0d2a6b7293001d,H,"[[""sig_e""]]","[{""slot"":4,""relation_id"":""453e2383d5ae64cb"",""state"":""H"",""names"":[""sig_e""],""history"":{""sig_e"":8}}]",H[sig_e],0.782608695652174,3,wrong,wrong,R_bfecf95ccc797855,2,F,"[[""sig_n""]]","[{""slot"":9,""relation_id"":""ab69cece34dcb823"",""state"":""F"",""names"":[""sig_n""],""history"":null}]",F[sig_n],0.6608695652173913,-0.12173913043478261,0.6605538796748813,0.7818493666391227,-0.1212954869642415,0.00044364347054111396,0.6604840055980096,0.7817415945472683,-0.1212575889492588,0.00048154148552380935,posthoc_arithmetic_from_saved_coefficients
2,14,226,甲,normal,selection_error,above,R_8b0d2a6b7293001d,H,"[[""sig_e""]]","[{""slot"":4,""relation_id"":""453e2383d5ae64cb"",""state"":""H"",""names"":[""sig_e""],""history"":{""sig_e"":8}}]",H[sig_e],0.782608695652174,3,wrong,wrong,R_627ae67a7f637bdb,3,F,"[[""sig_n""]]","[{""slot"":11,""relation_id"":""f171e4a172da2ea7"",""state"":""F"",""names"":[""sig_n""],""history"":null}]",F[sig_n],0.6608695652173913,-0.12173913043478261,0.6605905079929194,0.7818493666391227,-0.12125885864620331,0.00048027178857929203,0.6605206046458835,0.7817415945472683,-0.12122098990138493,0.0005181405333976866,posthoc_arithmetic_from_saved_coefficients
2,14,306,乙,exception,selection_error,above,R_cb63a1ebfc31098d_t225,H,"[[""sig_n""]]","[{""slot"":1,""relation_id"":""2b9eec9e9d71b373"",""state"":""H"",""names"":[""sig_n""],""history"":{""sig_n"":5}}]",H[sig_n],0.7746478873239436,2,wrong,wrong,R_a980cbcce2d6b26e,1,F,"[[""sig_e""]]","[{""slot"":3,""relation_id"":""367cc950422324b8"",""state"":""F"",""names"":[""sig_e""],""history"":null}]",F[sig_e],0.6440677966101694,-0.13058009071377416,0.6439928064184272,0.7738461120663166,-0.12985330564788944,0.0007267850658847289,0.6439270588191508,0.7737397802927896,-0.1298127214736388,0.0007673692401353783,posthoc_arithmetic_from_saved_coefficients
2,14,306,乙,exception,selection_error,above,R_cb63a1ebfc31098d_t225,H,"[[""sig_n""]]","[{""slot"":1,""relation_id"":""2b9eec9e9d71b373"",""state"":""H"",""names"":[""sig_n""],""history"":{""sig_n"":5}}]",H[sig_n],0.7746478873239436,2,wrong,wrong,R_9bc40d505af93c42,2,F,"[[""sig_e""]]","[{""slot"":6,""relation_id"":""4a5bfffddb6ea427"",""state"":""F"",""names"":[""sig_e""],""history"":null}]",F[sig_e],0.6440677966101694,-0.13058009071377416,0.6439442298962611,0.7738461120663166,-0.12990188217005552,0.0006782085437186396,0.6438784813882253,0.7737397802927896,-0.1298612989045642,0.0007187918092099854,posthoc_arithmetic_from_saved_coefficients
2,14,318,甲,exception,selection_error,above,R_7b6b1008b48c1115_t235,U,[[]],"[{""slot"":1,""relation_id"":""2bcc17d6c6f630d5"",""state"":""U"",""names"":[],""history"":null}]",U,0.8955223880597015,3,wrong,wrong,R_2616bfa67113bd38,1,H,"[[""sig_e""]]","[{""slot"":6,""relation_id"":""9450914b679b1fe0"",""state"":""H"",""names"":[""sig_e""],""history"":{""sig_e"":1}}]",H[sig_e],0.8702290076335878,-0.025293380426113708,0.8706519847064882,0.8955683593077244,-0.024916374601236184,0.00037700582487752346,0.8705219467294453,0.8954943103779933,-0.024972363648548122,0.0003210167775655825,posthoc_arithmetic_from_saved_coefficients
2,14,318,甲,exception,selection_error,above,R_7b6b1008b48c1115_t235,U,[[]],"[{""slot"":1,""relation_id"":""2bcc17d6c6f630d5"",""state"":""U"",""names"":[],""history"":null}]",U,0.8955223880597015,3,wrong,wrong,R_76143f573e09af68,2,H,"[[""sig_e""]]","[{""slot"":6,""relation_id"":""694a9d0de387b1bd"",""state"":""H"",""names"":[""sig_e""],""history"":{""sig_e"":1}}]",H[sig_e],0.8702290076335878,-0.025293380426113708,0.8707143064951598,0.8955683593077244,-0.024854052812564562,0.0004393276135491439,0.8705842541610792,0.8954943103779933,-0.024910056216914216,0.00038332420919949095,posthoc_arithmetic_from_saved_coefficients
2,14,318,甲,exception,selection_error,above,R_7b6b1008b48c1115_t235,U,[[]],"[{""slot"":1,""relation_id"":""2bcc17d6c6f630d5"",""state"":""U"",""names"":[],""history"":null}]",U,0.8955223880597015,3,wrong,wrong,R_0d2029ba5ef8463b,3,F,"[[""sig_e""]]","[{""slot"":4,""relation_id"":""8b2543a2aa725457"",""state"":""F"",""names"":[""sig_e""],""history"":null}]",F[sig_e],0.6785714285714286,-0.21695095948827292,0.6789855646640205,0.8955683593077244,-0.21658279464370386,0.0003681648445690691,0.6788626250601223,0.8954943103779933,-0.21663168531787108,0.000319274170401848,posthoc_arithmetic_from_saved_coefficients
2,14,334,甲,exception,selection_error,above,R_7b6b1008b48c1115_t323,U,[[]],"[{""slot"":8,""relation_id"":""799663d36681f52a"",""state"":""U"",""names"":[],""history"":null}]",U,0.9037037037037037,4,wrong,wrong,R_78a9d503e9d6b05d,1,H,"[[""sig_e""]]","[{""slot"":3,""relation_id"":""273070fdfd83272b"",""state"":""H"",""names"":[""sig_e""],""history"":{""sig_e"":1}}]",H[sig_e],0.8787878787878788,-0.024915824915824916,0.8792466729328242,0.9036089291619395,-0.02436225622911519,0.0005535686867097232,0.8791129563196871,0.9035314896696434,-0.02441853334995624,0.0004972915658686769,posthoc_arithmetic_from_saved_coefficients
2,14,334,甲,exception,selection_error,above,R_7b6b1008b48c1115_t323,U,[[]],"[{""slot"":8,""relation_id"":""799663d36681f52a"",""state"":""U"",""names"":[],""history"":null}]",U,0.9037037037037037,4,wrong,wrong,R_2616bfa67113bd38,2,H,"[[""sig_e""]]","[{""slot"":6,""relation_id"":""9450914b679b1fe0"",""state"":""H"",""names"":[""sig_e""],""history"":{""sig_e"":2}}]",H[sig_e],0.8702290076335878,-0.03347469607011592,0.8706578392632658,0.9036089291619395,-0.03295108989867368,0.0005236061714422363,0.870527889311469,0.9035314896696434,-0.033003600358174456,0.00047109571194146063,posthoc_arithmetic_from_saved_coefficients
2,14,334,甲,exception,selection_error,above,R_7b6b1008b48c1115_t323,U,[[]],"[{""slot"":8,""relation_id"":""799663d36681f52a"",""state"":""U"",""names"":[],""history"":null}]",U,0.9037037037037037,4,wrong,wrong,R_76143f573e09af68,3,H,"[[""sig_e""]]","[{""slot"":6,""relation_id"":""694a9d0de387b1bd"",""state"":""H"",""names"":[""sig_e""],""history"":{""sig_e"":1}}]",H[sig_e],0.8702290076335878,-0.03347469607011592,0.8707201611479076,0.9036089291619395,-0.03288876801403176,0.0005859280560841541,0.8705901968405949,0.9035314896696434,-0.0329412928290485,0.0005334032410674169,posthoc_arithmetic_from_saved_coefficients
2,14,334,甲,exception,selection_error,above,R_7b6b1008b48c1115_t323,U,[[]],"[{""slot"":8,""relation_id"":""799663d36681f52a"",""state"":""U"",""names"":[],""history"":null}]",U,0.9037037037037037,4,wrong,wrong,R_0d2029ba5ef8463b,4,F,"[[""sig_e""]]","[{""slot"":4,""relation_id"":""8b2543a2aa725457"",""state"":""F"",""names"":[""sig_e""],""history"":null}]",F[sig_e],0.6785714285714286,-0.22513227513227513,0.6789909052662785,0.9036089291619395,-0.224618023895661,0.0005142512366141357,0.6788680456686601,0.9035314896696434,-0.22466344400098326,0.00046883113129188135,posthoc_arithmetic_from_saved_coefficients
2,14,349,乙,exception,selection_error,above,R_cb63a1ebfc31098d_t330,H,"[[""sig_n""]]","[{""slot"":9,""relation_id"":""60b06efe7d74d51c"",""state"":""H"",""names"":[""sig_n""],""history"":{""sig_n"":6}}]",H[sig_n],0.7913669064748201,3,wrong,wrong,R_318bd7a438f80cc5,1,F,"[[""sig_e""]]","[{""slot"":4,""relation_id"":""66fe8bd4b50deec5"",""state"":""F"",""names"":[""sig_e""],""history"":null}]",F[sig_e],0.6724137931034483,-0.11895311337137186,0.6726142729760334,0.7905137372134401,-0.11789946423740671,0.0010536491339651472,0.6725392249500156,0.7904020724220436,-0.11786284747202803,0.0010902658993438333,posthoc_arithmetic_from_saved_coefficients
2,14,349,乙,exception,selection_error,above,R_cb63a1ebfc31098d_t330,H,"[[""sig_n""]]","[{""slot"":9,""relation_id"":""60b06efe7d74d51c"",""state"":""H"",""names"":[""sig_n""],""history"":{""sig_n"":6}}]",H[sig_n],0.7913669064748201,3,wrong,wrong,R_a980cbcce2d6b26e,2,F,"[[""sig_e""]]","[{""slot"":3,""relation_id"":""367cc950422324b8"",""state"":""F"",""names"":[""sig_e""],""history"":null}]",F[sig_e],0.6608695652173913,-0.13049734125742884,0.6607605207300561,0.7905137372134401,-0.12975321648338398,0.0007441247740448713,0.6606906785965916,0.7904020724220436,-0.12971139382545208,0.0007859474319767733,posthoc_arithmetic_from_saved_coefficients
2,14,349,乙,exception,selection_error,above,R_cb63a1ebfc31098d_t330,H,"[[""sig_n""]]","[{""slot"":9,""relation_id"":""60b06efe7d74d51c"",""state"":""H"",""names"":[""sig_n""],""history"":{""sig_n"":6}}]",H[sig_n],0.7913669064748201,3,wrong,wrong,R_9bc40d505af93c42,3,F,"[[""sig_e""]]","[{""slot"":6,""relation_id"":""4a5bfffddb6ea427"",""state"":""F"",""names"":[""sig_e""],""history"":null}]",F[sig_e],0.6608695652173913,-0.13049734125742884,0.6607112956825626,0.7905137372134401,-0.1298024415308775,0.0006948997265513487,0.6606414526253624,0.7904020724220436,-0.1297606197966812,0.0007367214607476559,posthoc_arithmetic_from_saved_coefficients
2,14,401,甲,normal,selection_error,above,R_8b0d2a6b7293001d_t346,H,"[[""sig_e""]]","[{""slot"":16,""relation_id"":""e03d421ac59eb8b2"",""state"":""H"",""names"":[""sig_e""],""history"":{""sig_e"":5}}]",H[sig_e],0.7746478873239436,4,wrong,wrong,R_7b6b1008b48c1115_t323,1,H,"[[""sig_e""]]","[{""slot"":8,""relation_id"":""799663d36681f52a"",""state"":""H"",""names"":[""sig_e""],""history"":{""sig_e"":1}}]",H[sig_e],0.7746478873239436,0.0,0.773750498491445,0.7737940370702263,-4.353857878137114e-05,-4.353857878137114e-05,0.7736877271724008,0.7736877271724008,0.0,0.0,posthoc_arithmetic_from_saved_coefficients
2,14,401,甲,normal,selection_error,above,R_8b0d2a6b7293001d_t346,H,"[[""sig_e""]]","[{""slot"":16,""relation_id"":""e03d421ac59eb8b2"",""state"":""H"",""names"":[""sig_e""],""history"":{""sig_e"":5}}]",H[sig_e],0.7746478873239436,4,wrong,wrong,R_a446f7302597b869,2,F,"[[""sig_n""]]","[{""slot"":11,""relation_id"":""e047081c3f0e8e76"",""state"":""F"",""names"":[""sig_n""],""history"":null}]",F[sig_n],0.6554621848739496,-0.11918570244999409,0.6553454920556001,0.7737940370702263,-0.11844854501462626,0.0007371574353678263,0.6552746455380712,0.7736877271724008,-0.11841308163432952,0.0007726208156645661,posthoc_arithmetic_from_saved_coefficients
2,14,401,甲,normal,selection_error,above,R_8b0d2a6b7293001d_t346,H,"[[""sig_e""]]","[{""slot"":16,""relation_id"":""e03d421ac59eb8b2"",""state"":""H"",""names"":[""sig_e""],""history"":{""sig_e"":5}}]",H[sig_e],0.7746478873239436,4,wrong,wrong,R_1d4532c404ae777e,3,F,"[[""sig_n""]]","[{""slot"":0,""relation_id"":""2bcc17d6c6f630d5"",""state"":""F"",""names"":[""sig_n""],""history"":null}]",F[sig_n],0.6440677966101694,-0.13058009071377416,0.6438478103427983,0.7737940370702263,-0.12994622672742803,0.0006338639863461429,0.6437820942485754,0.7736877271724008,-0.12990563292382537,0.0006744577899487862,posthoc_arithmetic_from_saved_coefficients
2,14,401,甲,normal,selection_error,above,R_8b0d2a6b7293001d_t346,H,"[[""sig_e""]]","[{""slot"":16,""relation_id"":""e03d421ac59eb8b2"",""state"":""H"",""names"":[""sig_e""],""history"":{""sig_e"":5}}]",H[sig_e],0.7746478873239436,4,wrong,wrong,R_bfecf95ccc797855,4,F,"[[""sig_n""]]","[{""slot"":9,""relation_id"":""ab69cece34dcb823"",""state"":""F"",""names"":[""sig_n""],""history"":null}]",F[sig_n],0.6440677966101694,-0.13058009071377416,0.6437900547497466,0.7737940370702263,-0.13000398232047972,0.0005761083932944623,0.6437243896125558,0.7736877271724008,-0.12996333755984496,0.0006167531539292151,posthoc_arithmetic_from_saved_coefficients
2,14,612,乙,exception,selection_error,above,R_572f65c1e0a7565d,U,[[]],"[{""slot"":9,""relation_id"":""8fc329732c30e02e"",""state"":""U"",""names"":[],""history"":null}]",U,0.8333333333333334,1,wrong,wrong,R_39849c23dc9b5427,1,F,"[[""sig_e""]]","[{""slot"":1,""relation_id"":""16a39fc0facf9b25"",""state"":""F"",""names"":[""sig_e""],""history"":null}]",F[sig_e],0.6608695652173913,-0.17246376811594202,0.660639485845127,0.833441386661423,-0.17280190081629593,-0.0003381327003538954,0.6605696505756821,0.8333261094422236,-0.17275645886654162,-0.00029269075059958267,posthoc_arithmetic_from_saved_coefficients
2,14,668,乙,normal,selection_error,above,R_3ad0209336a6e37e,H,"[[""sig_e""]]","[{""slot"":12,""relation_id"":""c8efac780be760e7"",""state"":""H"",""names"":[""sig_e""],""history"":{""sig_e"":4}}]",H[sig_e],0.7391304347826086,2,wrong,wrong,R_a3e2181b14bbde85,1,F,"[[""sig_n""]]","[{""slot"":1,""relation_id"":""436973c48053fc3a"",""state"":""F"",""names"":[""sig_n""],""history"":null}]",F[sig_n],0.6440677966101694,-0.0950626381724392,0.6438610833224611,0.7385652352120224,-0.09470415188956136,0.00035848628287785003,0.6437517773101141,0.7385035063214742,-0.09475172901136014,0.00031090916107906605,posthoc_arithmetic_from_saved_coefficients
2,14,668,乙,normal,selection_error,above,R_3ad0209336a6e37e,H,"[[""sig_e""]]","[{""slot"":12,""relation_id"":""c8efac780be760e7"",""state"":""H"",""names"":[""sig_e""],""history"":{""sig_e"":4}}]",H[sig_e],0.7391304347826086,2,wrong,wrong,R_48939b4afa3d5c42,2,F,"[[""sig_n""]]","[{""slot"":4,""relation_id"":""7eed2a161ca078b3"",""state"":""F"",""names"":[""sig_n""],""history"":null}]",F[sig_n],0.6440677966101694,-0.0950626381724392,0.6437977598575022,0.7385652352120224,-0.09476747535452021,0.00029516281791899834,0.6436884638365566,0.7385035063214742,-0.09481504248491765,0.00024759568752156103,posthoc_arithmetic_from_saved_coefficients
2,14,674,乙,exception,selection_error,above,R_cb63a1ebfc31098d,U,[[]],"[{""slot"":5,""relation_id"":""44cde11353338723"",""state"":""U"",""names"":[],""history"":null}]",U,0.8571428571428571,1,wrong,wrong,R_3ad0209336a6e37e,1,H,"[[""sig_e""]]","[{""slot"":12,""relation_id"":""c8efac780be760e7"",""state"":""H"",""names"":[""sig_e""],""history"":{""sig_e"":4}}]",H[sig_e],0.8405797101449275,-0.016563146997929608,0.8411822226852148,0.8573252225956499,-0.016142999910435125,0.00042014708749448215,0.8411100391348205,0.8572105564138706,-0.01610051727905007,0.00046262971887953857,posthoc_arithmetic_from_saved_coefficients
2,14,695,乙,exception,selection_error,above,R_cb63a1ebfc31098d,H,"[[""sig_e""]]","[{""slot"":5,""relation_id"":""44cde11353338723"",""state"":""H"",""names"":[""sig_e""],""history"":{""sig_e"":1}}]",H[sig_e],0.8840579710144928,1,wrong,wrong,R_3ad0209336a6e37e,1,H,"[[""sig_e""]]","[{""slot"":12,""relation_id"":""c8efac780be760e7"",""state"":""H"",""names"":[""sig_e""],""history"":{""sig_e"":4}}]",H[sig_e],0.8421052631578947,-0.041952707856598014,0.8430369772356852,0.8845597689273726,-0.041522791691687454,0.0004299161649105615,0.8429681035911267,0.884435282149269,-0.04146717855814237,0.0004855292984556431,posthoc_arithmetic_from_saved_coefficients
2,14,905,乙,normal,selection_error,above,R_0e5d236bf5b42b15_t878,H,"[[""sig_e""]]","[{""slot"":12,""relation_id"":""c94031b96fe8b768"",""state"":""H"",""names"":[""sig_e""],""history"":{""sig_e"":5}}]",H[sig_e],0.7659574468085106,4,wrong,wrong,R_fe7b42b67bef503d,1,F,"[[""sig_n""]]","[{""slot"":7,""relation_id"":""bbcc8871e3e4412b"",""state"":""F"",""names"":[""sig_n""],""history"":null}]",F[sig_n],0.6554621848739496,-0.11049526193456106,0.6556058699677721,0.7652766986020431,-0.10967082863427087,0.0008244333002901863,0.6554909756175223,0.7652176963961869,-0.10972672077866447,0.0007685411558965932,posthoc_arithmetic_from_saved_coefficients
2,14,905,乙,normal,selection_error,above,R_0e5d236bf5b42b15_t878,H,"[[""sig_e""]]","[{""slot"":12,""relation_id"":""c94031b96fe8b768"",""state"":""H"",""names"":[""sig_e""],""history"":{""sig_e"":5}}]",H[sig_e],0.7659574468085106,4,wrong,wrong,R_9e4d965d6b6585c5,2,F,"[[""sig_n""]]","[{""slot"":0,""relation_id"":""2a4001621ae6ebb6"",""state"":""F"",""names"":[""sig_n""],""history"":null}]",F[sig_n],0.6440677966101694,-0.12188965019834115,0.6438266080199481,0.7652766986020431,-0.12145009058209495,0.00043955961624619276,0.6437172821301369,0.7652176963961869,-0.1215004142660499,0.00038923593229123746,posthoc_arithmetic_from_saved_coefficients
2,14,905,乙,normal,selection_error,above,R_0e5d236bf5b42b15_t878,H,"[[""sig_e""]]","[{""slot"":12,""relation_id"":""c94031b96fe8b768"",""state"":""H"",""names"":[""sig_e""],""history"":{""sig_e"":5}}]",H[sig_e],0.7659574468085106,4,wrong,wrong,R_f10dc019491698d2,3,F,"[[""sig_n""]]","[{""slot"":8,""relation_id"":""bbcc8871e3e4412b"",""state"":""F"",""names"":[""sig_n""],""history"":null}]",F[sig_n],0.6440677966101694,-0.12188965019834115,0.6439001600317432,0.7652766986020431,-0.12137653857029979,0.0005131116280413661,0.6437908201032156,0.7652176963961869,-0.12142687629297125,0.0004627739053698937,posthoc_arithmetic_from_saved_coefficients
2,14,905,乙,normal,selection_error,above,R_0e5d236bf5b42b15_t878,H,"[[""sig_e""]]","[{""slot"":12,""relation_id"":""c94031b96fe8b768"",""state"":""H"",""names"":[""sig_e""],""history"":{""sig_e"":5}}]",H[sig_e],0.7659574468085106,4,wrong,wrong,R_a3e2181b14bbde85,4,F,"[[""sig_n""]]","[{""slot"":1,""relation_id"":""436973c48053fc3a"",""state"":""F"",""names"":[""sig_n""],""history"":null}]",F[sig_n],0.6440677966101694,-0.12188965019834115,0.6438515605526115,0.7652766986020431,-0.12142513804943152,0.0004645121489096322,0.6437422214515989,0.7652176963961869,-0.12147547494458796,0.0004141752537531852,posthoc_arithmetic_from_saved_coefficients
2,14,1453,甲,normal,distinction_loss,absent,R_8b0d2a6b7293001d_t1307,H,"[[""sig_e""]]","[{""slot"":11,""relation_id"":""da228b2a377d44ca"",""state"":""H"",""names"":[""sig_e""],""history"":{""sig_e"":8}}]",H[sig_e],0.8,0,wrong,wrong,,,,,,門上候補なし,,,,0.7992237796741962,,,,0.7991103379008848,,,not_applicable_no_correct_above_gate
2,14,1475,乙,normal,selection_error,above,R_0e5d236bf5b42b15,H,"[[""sig_e""]]","[{""slot"":3,""relation_id"":""2cee8803fcf77355"",""state"":""H"",""names"":[""sig_e""],""history"":{""sig_e"":1}}]",H[sig_e],0.782608695652174,1,wrong,wrong,R_f10dc019491698d2,1,F,"[[""sig_n""]]","[{""slot"":1,""relation_id"":""3e9734bf35ae5002"",""state"":""F"",""names"":[""sig_n""],""history"":null}]",F[sig_n],0.6608695652173913,-0.12173913043478261,0.660686337471594,0.7818656141113196,-0.12117927663972561,0.000559853795056996,0.6605705891716357,0.7818031893433691,-0.12123260017173351,0.0005065302630491021,posthoc_arithmetic_from_saved_coefficients
2,14,1522,甲,exception,selection_error,above,R_7b6b1008b48c1115,H,"[[""sig_n""]]","[{""slot"":7,""relation_id"":""63a2a775ae946c3e"",""state"":""H"",""names"":[""sig_n""],""history"":{""sig_n"":1}}]",H[sig_n],0.782608695652174,1,wrong,wrong,R_9075d2f1da15b9b3,1,F,"[[""sig_e""]]","[{""slot"":4,""relation_id"":""5e3959cf9e8c1acb"",""state"":""F"",""names"":[""sig_e""],""history"":null}]",F[sig_e],0.6608695652173913,-0.12173913043478261,0.6607343800348081,0.7818156392795106,-0.12108125924470248,0.0006578711900801298,0.6606186450609863,0.7817531987951895,-0.12113455373420316,0.0006045767005794434,posthoc_arithmetic_from_saved_coefficients
2,14,1708,乙,normal,selection_error,above,R_0e5d236bf5b42b15_t1644,H,"[[""sig_e""]]","[{""slot"":15,""relation_id"":""ea85cd3edc9e4c28"",""state"":""H"",""names"":[""sig_e""],""history"":{""sig_e"":7}}]",H[sig_e],0.782608695652174,3,wrong,wrong,R_533f0b68a9c93324,1,F,"[[""sig_n""]]","[{""slot"":5,""relation_id"":""4c33ebec14ee74ff"",""state"":""F"",""names"":[""sig_n""],""history"":null}]",F[sig_n],0.6724137931034483,-0.11019490254872563,0.6723979113988524,0.7818782963156236,-0.10948038491677121,0.0007145176319544261,0.6722765688083705,0.7818158695452914,-0.10953930073692081,0.0006556018118048304,posthoc_arithmetic_from_saved_coefficients
2,14,1708,乙,normal,selection_error,above,R_0e5d236bf5b42b15_t1644,H,"[[""sig_e""]]","[{""slot"":15,""relation_id"":""ea85cd3edc9e4c28"",""state"":""H"",""names"":[""sig_e""],""history"":{""sig_e"":7}}]",H[sig_e],0.782608695652174,3,wrong,wrong,R_9e4d965d6b6585c5,2,F,"[[""sig_n""]]","[{""slot"":6,""relation_id"":""ab4fc260b1657959"",""state"":""F"",""names"":[""sig_n""],""history"":null}]",F[sig_n],0.6608695652173913,-0.12173913043478261,0.6606246709885158,0.7818782963156236,-0.12125362532710776,0.0004855051076748461,0.6605089325559169,0.7818158695452914,-0.12130693698937449,0.0004321934454081181,posthoc_arithmetic_from_saved_coefficients
2,14,1708,乙,normal,selection_error,above,R_0e5d236bf5b42b15_t1644,H,"[[""sig_e""]]","[{""slot"":15,""relation_id"":""ea85cd3edc9e4c28"",""state"":""H"",""names"":[""sig_e""],""history"":{""sig_e"":7}}]",H[sig_e],0.782608695652174,3,wrong,wrong,R_f10dc019491698d2,3,F,"[[""sig_n""]]","[{""slot"":1,""relation_id"":""3e9734bf35ae5002"",""state"":""F"",""names"":[""sig_n""],""history"":null}]",F[sig_n],0.6608695652173913,-0.12173913043478261,0.6606992071261498,0.7818782963156236,-0.12117908918947383,0.0005600412453087859,0.6605834544974747,0.7818158695452914,-0.12123241504781661,0.0005067153869659973,posthoc_arithmetic_from_saved_coefficients
2,14,1710,乙,normal,selection_error,above,R_0e5d236bf5b42b15_t1644,H,"[[""sig_e""]]","[{""slot"":15,""relation_id"":""ea85cd3edc9e4c28"",""state"":""H"",""names"":[""sig_e""],""history"":{""sig_e"":7}}]",H[sig_e],0.782608695652174,3,wrong,wrong,R_533f0b68a9c93324,1,F,"[[""sig_n""]]","[{""slot"":5,""relation_id"":""4c33ebec14ee74ff"",""state"":""F"",""names"":[""sig_n""],""history"":null}]",F[sig_n],0.6724137931034483,-0.11019490254872563,0.6723929967349468,0.7818734955732554,-0.10948049883830852,0.0007144037104171236,0.6722715779257726,0.7818109934791144,-0.1095394155533418,0.0006554869953838284,posthoc_arithmetic_from_saved_coefficients
2,14,1710,乙,normal,selection_error,above,R_0e5d236bf5b42b15_t1644,H,"[[""sig_e""]]","[{""slot"":15,""relation_id"":""ea85cd3edc9e4c28"",""state"":""H"",""names"":[""sig_e""],""history"":{""sig_e"":7}}]",H[sig_e],0.782608695652174,3,wrong,wrong,R_9e4d965d6b6585c5,2,F,"[[""sig_n""]]","[{""slot"":6,""relation_id"":""ab4fc260b1657959"",""state"":""F"",""names"":[""sig_n""],""history"":null}]",F[sig_n],0.6608695652173913,-0.12173913043478261,0.660619799557061,0.7818734955732554,-0.12125369601619435,0.0004854344185882601,0.6605039855748523,0.7818109934791144,-0.12130700790426205,0.0004321225305205581,posthoc_arithmetic_from_saved_coefficients
2,14,1710,乙,normal,selection_error,above,R_0e5d236bf5b42b15_t1644,H,"[[""sig_e""]]","[{""slot"":15,""relation_id"":""ea85cd3edc9e4c28"",""state"":""H"",""names"":[""sig_e""],""history"":{""sig_e"":7}}]",H[sig_e],0.782608695652174,3,wrong,wrong,R_f10dc019491698d2,3,F,"[[""sig_n""]]","[{""slot"":1,""relation_id"":""3e9734bf35ae5002"",""state"":""F"",""names"":[""sig_n""],""history"":null}]",F[sig_n],0.6608695652173913,-0.12173913043478261,0.6606943354161905,0.7818734955732554,-0.12117916015706483,0.0005599702777177851,0.6605785072335189,0.7818109934791144,-0.12123248624559557,0.0005066441891870433,posthoc_arithmetic_from_saved_coefficients
2,14,1712,甲,exception,selection_error,above,R_7b6b1008b48c1115_t1673,U,[[]],"[{""slot"":10,""relation_id"":""71dfb7536a3e8bdf"",""state"":""U"",""names"":[],""history"":null}]",U,0.8759124087591241,1,wrong,wrong,R_9075d2f1da15b9b3,1,F,"[[""sig_e""]]","[{""slot"":4,""relation_id"":""5e3959cf9e8c1acb"",""state"":""F"",""names"":[""sig_e""],""history"":null}]",F[sig_e],0.6608695652173913,-0.21504284354173278,0.6607351389134054,0.875980032109926,-0.21524489319652054,-0.00020204965478774542,0.6606194005414504,0.8759103210315955,-0.21529092049014512,-0.00024807694841234466,posthoc_arithmetic_from_saved_coefficients
2,15,268,甲,exception,selection_error,above,R_7b6b1008b48c1115_t224,U,[[]],"[{""slot"":5,""relation_id"":""71c0225a82fb23c8"",""state"":""U"",""names"":[],""history"":null}]",U,0.8840579710144928,4,wrong,wrong,R_9075d2f1da15b9b3,1,F,"[[""sig_e""]]","[{""slot"":11,""relation_id"":""f80952b91a567f9a"",""state"":""F"",""names"":[""sig_e""],""history"":null}]",F[sig_e],0.6608695652173913,-0.22318840579710145,0.6606579471709895,0.8839546910071654,-0.22329674383617587,-0.00010833803907441542,0.6605055166642767,0.883946489778606,-0.22344097311432937,-0.0002525673172279199,posthoc_arithmetic_from_saved_coefficients
2,15,268,甲,exception,selection_error,above,R_7b6b1008b48c1115_t224,U,[[]],"[{""slot"":5,""relation_id"":""71c0225a82fb23c8"",""state"":""U"",""names"":[],""history"":null}]",U,0.8840579710144928,4,wrong,wrong,R_2f1a2f2059f4659c,2,F,"[[""sig_e""]]","[{""slot"":1,""relation_id"":""01b1afc376335273"",""state"":""F"",""names"":[""sig_e""],""history"":null}]",F[sig_e],0.6608695652173913,-0.22318840579710145,0.6606589153964952,0.8839546910071654,-0.2232957756106701,-0.0001073698135686598,0.6605064878087789,0.883946489778606,-0.22344000196982725,-0.00025159617272579887,posthoc_arithmetic_from_saved_coefficients
2,15,268,甲,exception,selection_error,above,R_7b6b1008b48c1115_t224,U,[[]],"[{""slot"":5,""relation_id"":""71c0225a82fb23c8"",""state"":""U"",""names"":[],""history"":null}]",U,0.8840579710144928,4,wrong,wrong,R_fad8f670be5b8f88,3,F,"[[""sig_e""]]","[{""slot"":1,""relation_id"":""25e4b2058b9f9ba7"",""state"":""F"",""names"":[""sig_e""],""history"":null}]",F[sig_e],0.6608695652173913,-0.22318840579710145,0.6606994409732989,0.8839546910071654,-0.2232552500338664,-6.684423676493918e-05,0.6605470231276951,0.883946489778606,-0.223399466650911,-0.00021106085380956914,posthoc_arithmetic_from_saved_coefficients
2,15,268,甲,exception,selection_error,above,R_7b6b1008b48c1115_t224,U,[[]],"[{""slot"":5,""relation_id"":""71c0225a82fb23c8"",""state"":""U"",""names"":[],""history"":null}]",U,0.8840579710144928,4,wrong,wrong,R_64c5bd6b2f629184,4,F,"[[""sig_e""]]","[{""slot"":3,""relation_id"":""538d77a28f5a5741"",""state"":""F"",""names"":[""sig_e""],""history"":null}]",F[sig_e],0.6126126126126126,-0.27144535840188017,0.6125780295326443,0.8839546910071654,-0.27137666147452105,6.869692735908535e-05,0.6124312055690648,0.883946489778606,-0.27151528420954124,-6.992580766107951e-05,posthoc_arithmetic_from_saved_coefficients
2,15,298,乙,exception,selection_error,above,R_cb63a1ebfc31098d_t221,H,"[[""sig_n""]]","[{""slot"":1,""relation_id"":""1e3b58d566e16248"",""state"":""H"",""names"":[""sig_n""],""history"":{""sig_n"":10}}]",H[sig_n],0.7913669064748201,1,wrong,wrong,R_6e8a065cec942906_t294,1,F,"[[""sig_e""]]","[{""slot"":5,""relation_id"":""267cf1dce1c0773b"",""state"":""F"",""names"":[""sig_e""],""history"":null}]",F[sig_e],0.6608695652173913,-0.13049734125742884,0.660707417977243,0.7903928725141006,-0.12968545453685773,0.0008118867205711205,0.6606964099965087,0.7902445235013557,-0.12954811350484702,0.0009492277525818108,posthoc_arithmetic_from_saved_coefficients
2,15,440,甲,exception,selection_error,above,R_5a211b92885d1ebf,U,[[]],"[{""slot"":13,""relation_id"":""e6f861ed182bfa75"",""state"":""U"",""names"":[],""history"":null}]",U,0.8321167883211679,3,wrong,wrong,R_2f1a2f2059f4659c_t439,1,F,"[[""sig_e""]]","[{""slot"":2,""relation_id"":""28228cc3fc6efbcd"",""state"":""F"",""names"":[""sig_e""],""history"":null}]",F[sig_e],0.6440677966101694,-0.1880489917109984,0.6439210760295955,0.832035190245759,-0.18811411421616347,-6.512250516507458e-05,0.6437768328064407,0.8320282639840484,-0.18825143117760773,-0.00020243946660934698,posthoc_arithmetic_from_saved_coefficients
2,15,440,甲,exception,selection_error,above,R_5a211b92885d1ebf,U,[[]],"[{""slot"":13,""relation_id"":""e6f861ed182bfa75"",""state"":""U"",""names"":[],""history"":null}]",U,0.8321167883211679,3,wrong,wrong,R_9166e2f96690a9eb_t437,2,F,"[[""sig_e""]]","[{""slot"":6,""relation_id"":""7c5f255cfb3e86b2"",""state"":""F"",""names"":[""sig_e""],""history"":null}]",F[sig_e],0.6440677966101694,-0.1880489917109984,0.644348657920217,0.832035190245759,-0.18768653232554197,0.00036245938545641725,0.6442041661529163,0.8320282639840484,-0.1878240978311321,0.00022489387986629749,posthoc_arithmetic_from_saved_coefficients
2,15,440,甲,exception,selection_error,above,R_5a211b92885d1ebf,U,[[]],"[{""slot"":13,""relation_id"":""e6f861ed182bfa75"",""state"":""U"",""names"":[],""history"":null}]",U,0.8321167883211679,3,wrong,wrong,R_9075d2f1da15b9b3,3,F,"[[""sig_e""]]","[{""slot"":11,""relation_id"":""f80952b91a567f9a"",""state"":""F"",""names"":[""sig_e""],""history"":null}]",F[sig_e],0.6440677966101694,-0.1880489917109984,0.6438650625214242,0.832035190245759,-0.18817012772433475,-0.00012113601333636576,0.6437208348782937,0.8320282639840484,-0.1883074291057548,-0.0002584373947563945,posthoc_arithmetic_from_saved_coefficients
2,15,571,甲,exception,selection_error,above,R_7b6b1008b48c1115_t513,H,"[[""sig_e""]]","[{""slot"":2,""relation_id"":""2863ae57f716610b"",""state"":""H"",""names"":[""sig_e""],""history"":{""sig_e"":1}}]",H[sig_e],0.8652482269503546,3,wrong,wrong,R_8b0d2a6b7293001d_t442,1,H,"[[""sig_e""]]","[{""slot"":7,""relation_id"":""860cd5729a6d7daa"",""state"":""H"",""names"":[""sig_e""],""history"":{""sig_e"":5}}]",H[sig_e],0.8652482269503546,0.0,0.8658019496305615,0.8656508717479883,0.00015107788257322986,0.00015107788257322986,0.8656437282756463,0.8656437282756463,0.0,0.0,posthoc_arithmetic_from_saved_coefficients
2,15,571,甲,exception,selection_error,above,R_7b6b1008b48c1115_t513,H,"[[""sig_e""]]","[{""slot"":2,""relation_id"":""2863ae57f716610b"",""state"":""H"",""names"":[""sig_e""],""history"":{""sig_e"":1}}]",H[sig_e],0.8652482269503546,3,wrong,wrong,R_2f1a2f2059f4659c_t439,2,F,"[[""sig_e""]]","[{""slot"":2,""relation_id"":""28228cc3fc6efbcd"",""state"":""F"",""names"":[""sig_e""],""history"":null}]",F[sig_e],0.6440677966101694,-0.2211804303401851,0.6439060418594761,0.8656508717479883,-0.2217448298885122,-0.0005643995483270865,0.6437618151913052,0.8656437282756463,-0.22188191308434116,-0.0007014827441560341,posthoc_arithmetic_from_saved_coefficients
2,15,571,甲,exception,selection_error,above,R_7b6b1008b48c1115_t513,H,"[[""sig_e""]]","[{""slot"":2,""relation_id"":""2863ae57f716610b"",""state"":""H"",""names"":[""sig_e""],""history"":{""sig_e"":1}}]",H[sig_e],0.8652482269503546,3,wrong,wrong,R_9166e2f96690a9eb_t437,3,F,"[[""sig_e""]]","[{""slot"":6,""relation_id"":""7c5f255cfb3e86b2"",""state"":""F"",""names"":[""sig_e""],""history"":null}]",F[sig_e],0.6440677966101694,-0.2211804303401851,0.6443336185104054,0.8656508717479883,-0.22131725323758283,-0.00013682289739770783,0.644189143304163,0.8656437282756463,-0.22145458497148324,-0.0002741546312981169,posthoc_arithmetic_from_saved_coefficients
2,15,768,乙,normal,selection_error,above,R_0e5d236bf5b42b15,H,"[[""sig_e""]]","[{""slot"":9,""relation_id"":""8d06a82a2fbcfe79"",""state"":""H"",""names"":[""sig_e""],""history"":{""sig_e"":5}}]",H[sig_e],0.782608695652174,2,wrong,wrong,R_48939b4afa3d5c42,1,F,"[[""sig_n""]]","[{""slot"":8,""relation_id"":""c253f94c1d84ca88"",""state"":""F"",""names"":[""sig_n""],""history"":null}]",F[sig_n],0.6608695652173913,-0.12173913043478261,0.6607710080727847,0.781736383466671,-0.12096537539388638,0.0007737550408962206,0.6606185022697842,0.781731093616141,-0.12111259134635677,0.0006265390884258448,posthoc_arithmetic_from_saved_coefficients
2,15,768,乙,normal,selection_error,above,R_0e5d236bf5b42b15,H,"[[""sig_e""]]","[{""slot"":9,""relation_id"":""8d06a82a2fbcfe79"",""state"":""H"",""names"":[""sig_e""],""history"":{""sig_e"":5}}]",H[sig_e],0.782608695652174,2,wrong,wrong,R_533f0b68a9c93324,2,F,"[[""sig_n""]]","[{""slot"":8,""relation_id"":""c253f94c1d84ca88"",""state"":""F"",""names"":[""sig_n""],""history"":null}]",F[sig_n],0.6608695652173913,-0.12173913043478261,0.661039360947671,0.781736383466671,-0.12069702251899996,0.0010421079157826585,0.6608867246336835,0.781731093616141,-0.12084436898245753,0.0008947614523250889,posthoc_arithmetic_from_saved_coefficients
2,15,925,乙,normal,selection_error,above,R_0e5d236bf5b42b15_t892,H,"[[""sig_e""]]","[{""slot"":12,""relation_id"":""9bde3cb642409504"",""state"":""H"",""names"":[""sig_e""],""history"":{""sig_e"":2}}]",H[sig_e],0.7746478873239436,4,correct,wrong,R_cb63a1ebfc31098d_t880,1,H,"[[""sig_e""]]","[{""slot"":0,""relation_id"":""1aebce7ee51e19db"",""state"":""H"",""names"":[""sig_e""],""history"":{""sig_e"":1}}]",H[sig_e],0.7746478873239436,0.0,0.7736980950745586,0.773563996238921,0.00013409883563754058,0.00013409883563754058,0.7735565546387344,0.7735565546387344,0.0,0.0,posthoc_arithmetic_from_saved_coefficients
2,15,925,乙,normal,selection_error,above,R_0e5d236bf5b42b15_t892,H,"[[""sig_e""]]","[{""slot"":12,""relation_id"":""9bde3cb642409504"",""state"":""H"",""names"":[""sig_e""],""history"":{""sig_e"":2}}]",H[sig_e],0.7746478873239436,4,correct,wrong,R_9e4d965d6b6585c5,2,F,"[[""sig_n""]]","[{""slot"":1,""relation_id"":""6a3e28426d9d8acf"",""state"":""F"",""names"":[""sig_n""],""history"":null}]",F[sig_n],0.6440677966101694,-0.13058009071377416,0.6439908677744187,0.773563996238921,-0.1295731284645023,0.0010069622492718663,0.6438466014187938,0.7735565546387344,-0.12970995321994064,0.000870137493833531,posthoc_arithmetic_from_saved_coefficients
2,15,925,乙,normal,selection_error,above,R_0e5d236bf5b42b15_t892,H,"[[""sig_e""]]","[{""slot"":12,""relation_id"":""9bde3cb642409504"",""state"":""H"",""names"":[""sig_e""],""history"":{""sig_e"":2}}]",H[sig_e],0.7746478873239436,4,correct,wrong,R_48939b4afa3d5c42,3,F,"[[""sig_n""]]","[{""slot"":8,""relation_id"":""c253f94c1d84ca88"",""state"":""F"",""names"":[""sig_n""],""history"":null}]",F[sig_n],0.6440677966101694,-0.13058009071377416,0.643974058220543,0.773563996238921,-0.1295899380183781,0.0009901526953960767,0.6438297750060241,0.7735565546387344,-0.1297267796327103,0.000853311081063879,posthoc_arithmetic_from_saved_coefficients
2,15,925,乙,normal,selection_error,above,R_0e5d236bf5b42b15_t892,H,"[[""sig_e""]]","[{""slot"":12,""relation_id"":""9bde3cb642409504"",""state"":""H"",""names"":[""sig_e""],""history"":{""sig_e"":2}}]",H[sig_e],0.7746478873239436,4,correct,wrong,R_533f0b68a9c93324,4,F,"[[""sig_n""]]","[{""slot"":8,""relation_id"":""c253f94c1d84ca88"",""state"":""F"",""names"":[""sig_n""],""history"":null}]",F[sig_n],0.6440677966101694,-0.13058009071377416,0.6442388710446881,0.773563996238921,-0.1293251251942329,0.0012549655195412766,0.6440944588482094,0.7735565546387344,-0.1294620957905251,0.001117994923249079,posthoc_arithmetic_from_saved_coefficients
2,15,939,乙,normal,selection_error,above,R_0e5d236bf5b42b15_t892,H,"[[""sig_e""]]","[{""slot"":12,""relation_id"":""9bde3cb642409504"",""state"":""H"",""names"":[""sig_e""],""history"":{""sig_e"":2}}]",H[sig_e],0.7913669064748201,4,correct,wrong,R_cb63a1ebfc31098d_t880,1,H,"[[""sig_e""]]","[{""slot"":0,""relation_id"":""1aebce7ee51e19db"",""state"":""H"",""names"":[""sig_e""],""history"":{""sig_e"":1}}]",H[sig_e],0.7913669064748201,0.0,0.7904125573257339,0.7902726024644181,0.00013995486131588748,0.00013995486131588748,0.7902642017577218,0.7902642017577218,0.0,0.0,posthoc_arithmetic_from_saved_coefficients
2,15,939,乙,normal,selection_error,above,R_0e5d236bf5b42b15_t892,H,"[[""sig_e""]]","[{""slot"":12,""relation_id"":""9bde3cb642409504"",""state"":""H"",""names"":[""sig_e""],""history"":{""sig_e"":2}}]",H[sig_e],0.7913669064748201,4,correct,wrong,R_9e4d965d6b6585c5,2,F,"[[""sig_n""]]","[{""slot"":1,""relation_id"":""6a3e28426d9d8acf"",""state"":""F"",""names"":[""sig_n""],""history"":null}]",F[sig_n],0.6608695652173913,-0.13049734125742884,0.6608132004469509,0.7902726024644181,-0.12945940201746714,0.001037939239961696,0.6606607304224658,0.7902642017577218,-0.129603471335256,0.0008938699221728481,posthoc_arithmetic_from_saved_coefficients
2,15,939,乙,normal,selection_error,above,R_0e5d236bf5b42b15_t892,H,"[[""sig_e""]]","[{""slot"":12,""relation_id"":""9bde3cb642409504"",""state"":""H"",""names"":[""sig_e""],""history"":{""sig_e"":2}}]",H[sig_e],0.7913669064748201,4,correct,wrong,R_48939b4afa3d5c42,3,F,"[[""sig_n""]]","[{""slot"":8,""relation_id"":""c253f94c1d84ca88"",""state"":""F"",""names"":[""sig_n""],""history"":null}]",F[sig_n],0.6608695652173913,-0.13049734125742884,0.6607961657710717,0.7902726024644181,-0.12947643669334635,0.001020904564082477,0.6606436786491465,0.7902642017577218,-0.12962052310857522,0.0008768181488536262,posthoc_arithmetic_from_saved_coefficients
2,15,939,乙,normal,selection_error,above,R_0e5d236bf5b42b15_t892,H,"[[""sig_e""]]","[{""slot"":12,""relation_id"":""9bde3cb642409504"",""state"":""H"",""names"":[""sig_e""],""history"":{""sig_e"":2}}]",H[sig_e],0.7913669064748201,4,correct,wrong,R_533f0b68a9c93324,4,F,"[[""sig_n""]]","[{""slot"":8,""relation_id"":""c253f94c1d84ca88"",""state"":""F"",""names"":[""sig_n""],""history"":null}]",F[sig_n],0.6608695652173913,-0.13049734125742884,0.6610645238197191,0.7902726024644181,-0.12920807864469888,0.001289262612729954,0.6609119061910645,0.7902642017577218,-0.12935229556665723,0.001145045690771625,posthoc_arithmetic_from_saved_coefficients
2,15,1213,乙,exception,selection_error,above,R_572f65c1e0a7565d_t1201,H,"[[""sig_n""]]","[{""slot"":10,""relation_id"":""b0d4438c9d9a8ff4"",""state"":""H"",""names"":[""sig_n""],""history"":{""sig_n"":1}}]",H[sig_n],0.746268656716418,1,wrong,wrong,R_318bd7a438f80cc5,1,F,"[[""sig_e""]]","[{""slot"":3,""relation_id"":""64ac8ebe3872ed7f"",""state"":""F"",""names"":[""sig_e""],""history"":null}]",F[sig_e],0.6724137931034483,-0.07385486361296964,0.672196910788126,0.7455597532054656,-0.0733628424173395,0.0004920211956301373,0.6721817079080169,0.7454178806549098,-0.07323617274689288,0.0006186908660767556,posthoc_arithmetic_from_saved_coefficients
2,15,1458,甲,normal,distinction_loss,below,R_5ccd1331eec89856,H,"[[""sig_e""]]","[{""slot"":4,""relation_id"":""45bb7204ec345eab"",""state"":""H"",""names"":[""sig_e""],""history"":{""sig_e"":2}}]",H[sig_e],0.7205882352941176,0,wrong,wrong,,,,,,門上候補なし,,,,0.7198531091338808,,,,0.7197222567510173,,,not_applicable_no_correct_above_gate
2,16,40,乙,exception,selection_error,above,R_cb63a1ebfc31098d,H,"[[""sig_n""]]","[{""slot"":14,""relation_id"":""ebfcfe3ceedfaf5a"",""state"":""H"",""names"":[""sig_n""],""history"":{""sig_n"":9}}]",H[sig_n],0.7746478873239436,1,wrong,wrong,R_8c9d7f042963d384,1,F,"[[""sig_e""]]","[{""slot"":4,""relation_id"":""91c28dbded831389"",""state"":""F"",""names"":[""sig_e""],""history"":null}]",F[sig_e],0.5964912280701754,-0.17815665925376822,0.5965004848850065,0.7735879682101036,-0.1770874833250971,0.0010691759286711303,0.596456797525051,0.7734811848423815,-0.17702438731733047,0.001132271936437764,posthoc_arithmetic_from_saved_coefficients
2,16,45,乙,exception,selection_error,above,R_cb63a1ebfc31098d,H,"[[""sig_n""]]","[{""slot"":14,""relation_id"":""ebfcfe3ceedfaf5a"",""state"":""H"",""names"":[""sig_n""],""history"":{""sig_n"":10}}]",H[sig_n],0.7586206896551724,1,wrong,wrong,R_8c9d7f042963d384,1,F,"[[""sig_e""]]","[{""slot"":4,""relation_id"":""91c28dbded831389"",""state"":""F"",""names"":[""sig_e""],""history"":null}]",F[sig_e],0.5811965811965812,-0.17742410845859122,0.5812156903822339,0.7575944440500448,-0.17637875366781103,0.0010453547907801877,0.5811747121644567,0.7574926372656894,-0.1763179251012327,0.0011061833573585125,posthoc_arithmetic_from_saved_coefficients
2,16,64,乙,exception,selection_error,above,R_cb63a1ebfc31098d,H,"[[""sig_n""]]","[{""slot"":14,""relation_id"":""ebfcfe3ceedfaf5a"",""state"":""H"",""names"":[""sig_n""],""history"":{""sig_n"":2}}]",H[sig_n],0.8088235294117647,2,wrong,wrong,R_9bc40d505af93c42,1,F,"[[""sig_e""]]","[{""slot"":7,""relation_id"":""732f6c07b8e87eb6"",""state"":""F"",""names"":[""sig_e""],""history"":null}]",F[sig_e],0.6785714285714286,-0.13025210084033614,0.6785325037992149,0.8076746799117692,-0.12914217611255438,0.0011099247277817584,0.6784810771423181,0.8075569081702103,-0.12907583102789216,0.0011762698124439602,posthoc_arithmetic_from_saved_coefficients
2,16,64,乙,exception,selection_error,above,R_cb63a1ebfc31098d,H,"[[""sig_n""]]","[{""slot"":14,""relation_id"":""ebfcfe3ceedfaf5a"",""state"":""H"",""names"":[""sig_n""],""history"":{""sig_n"":2}}]",H[sig_n],0.8088235294117647,2,wrong,wrong,R_8c9d7f042963d384,2,F,"[[""sig_e""]]","[{""slot"":4,""relation_id"":""91c28dbded831389"",""state"":""F"",""names"":[""sig_e""],""history"":null}]",F[sig_e],0.6296296296296297,-0.17919389978213507,0.6296005318539348,0.8076746799117692,-0.17807414805783445,0.001119751724300633,0.6295506991569112,0.8075569081702103,-0.17800620901329908,0.0011876907688359918,posthoc_arithmetic_from_saved_coefficients
2,16,84,乙,exception,selection_error,above,R_cb63a1ebfc31098d,H,"[[""sig_n""]]","[{""slot"":14,""relation_id"":""ebfcfe3ceedfaf5a"",""state"":""H"",""names"":[""sig_n""],""history"":{""sig_n"":11}}]",H[sig_n],0.7746478873239436,2,wrong,wrong,R_9bc40d505af93c42,1,F,"[[""sig_e""]]","[{""slot"":7,""relation_id"":""732f6c07b8e87eb6"",""state"":""F"",""names"":[""sig_e""],""history"":null}]",F[sig_e],0.6440677966101694,-0.13058009071377416,0.6440564218029841,0.7735754209998682,-0.1295189991968841,0.0010610915168900738,0.6440112066408569,0.7734686447230308,-0.12945743808217394,0.0011226526316002283,posthoc_arithmetic_from_saved_coefficients
2,16,84,乙,exception,selection_error,above,R_cb63a1ebfc31098d,H,"[[""sig_n""]]","[{""slot"":14,""relation_id"":""ebfcfe3ceedfaf5a"",""state"":""H"",""names"":[""sig_n""],""history"":{""sig_n"":11}}]",H[sig_n],0.7746478873239436,2,wrong,wrong,R_8c9d7f042963d384,2,F,"[[""sig_e""]]","[{""slot"":4,""relation_id"":""91c28dbded831389"",""state"":""F"",""names"":[""sig_e""],""history"":null}]",F[sig_e],0.5964912280701754,-0.17815665925376822,0.5964884328211701,0.7735754209998682,-0.17708698817869806,0.001069671075070162,0.5964447506476073,0.7734686447230308,-0.17702389407542352,0.0011327651783446982,posthoc_arithmetic_from_saved_coefficients
2,16,98,乙,exception,selection_error,above,R_cb63a1ebfc31098d,U,[[]],"[{""slot"":14,""relation_id"":""ebfcfe3ceedfaf5a"",""state"":""U"",""names"":[],""history"":null}]",U,0.8652482269503546,2,wrong,wrong,R_9bc40d505af93c42,1,F,"[[""sig_e""]]","[{""slot"":7,""relation_id"":""732f6c07b8e87eb6"",""state"":""F"",""names"":[""sig_e""],""history"":null}]",F[sig_e],0.6440677966101694,-0.2211804303401851,0.6440747657955006,0.865214866548856,-0.22114010075335538,4.032958682974586e-05,0.6440295455751753,0.8650958790774206,-0.22106633350224522,0.00011409683793988329,posthoc_arithmetic_from_saved_coefficients
2,16,98,乙,exception,selection_error,above,R_cb63a1ebfc31098d,U,[[]],"[{""slot"":14,""relation_id"":""ebfcfe3ceedfaf5a"",""state"":""U"",""names"":[],""history"":null}]",U,0.8652482269503546,2,wrong,wrong,R_8c9d7f042963d384,2,F,"[[""sig_e""]]","[{""slot"":4,""relation_id"":""91c28dbded831389"",""state"":""F"",""names"":[""sig_e""],""history"":null}]",F[sig_e],0.5964912280701754,-0.2687569988801792,0.5965060179999313,0.865214866548856,-0.26870884854892474,4.815033125442009e-05,0.5964623308850868,0.8650958790774206,-0.26863354819233365,0.00012345068784550085,posthoc_arithmetic_from_saved_coefficients
2,16,253,甲,exception,selection_error,above,R_7b6b1008b48c1115_t148,H,"[[""sig_e""]]","[{""slot"":9,""relation_id"":""95f5ffeee75f5418"",""state"":""H"",""names"":[""sig_e""],""history"":{""sig_e"":1}}]",H[sig_e],0.8920863309352518,3,wrong,wrong,R_8b0d2a6b7293001d,1,H,"[[""sig_e""]]","[{""slot"":2,""relation_id"":""2894dd169218484f"",""state"":""H"",""names"":[""sig_e""],""history"":{""sig_e"":9}}]",H[sig_e],0.8920863309352518,0.0,0.8923411923756531,0.8922655487138794,7.564366177370798e-05,7.564366177370798e-05,0.8922129816213746,0.8922129816213746,0.0,0.0,posthoc_arithmetic_from_saved_coefficients
2,16,253,甲,exception,selection_error,above,R_7b6b1008b48c1115_t148,H,"[[""sig_e""]]","[{""slot"":9,""relation_id"":""95f5ffeee75f5418"",""state"":""H"",""names"":[""sig_e""],""history"":{""sig_e"":1}}]",H[sig_e],0.8920863309352518,3,wrong,wrong,R_9166e2f96690a9eb,2,F,"[[""sig_e""]]","[{""slot"":5,""relation_id"":""94283d98c8c329ee"",""state"":""F"",""names"":[""sig_e""],""history"":null}]",F[sig_e],0.6724137931034483,-0.21967253783180352,0.6726159260082217,0.8922655487138794,-0.21964962270565766,2.29151261458572e-05,0.6724948632794872,0.8922129816213746,-0.2197181183418875,-4.5580510083988374e-05,posthoc_arithmetic_from_saved_coefficients
2,16,253,甲,exception,selection_error,above,R_7b6b1008b48c1115_t148,H,"[[""sig_e""]]","[{""slot"":9,""relation_id"":""95f5ffeee75f5418"",""state"":""H"",""names"":[""sig_e""],""history"":{""sig_e"":1}}]",H[sig_e],0.8920863309352518,3,wrong,wrong,R_bb11e7f622c3f823,3,F,"[[""sig_e""]]","[{""slot"":8,""relation_id"":""c6f730e625ce058c"",""state"":""F"",""names"":[""sig_e""],""history"":null}]",F[sig_e],0.6126126126126126,-0.2794737183226392,0.6125849577707561,0.8922655487138794,-0.2796805909431233,-0.00020687262048412668,0.6124733674053023,0.8922129816213746,-0.2797396142160723,-0.0002658958934331166,posthoc_arithmetic_from_saved_coefficients
2,16,665,甲,normal,selection_error,above,R_8b0d2a6b7293001d,H,"[[""sig_e""]]","[{""slot"":16,""relation_id"":""d405d618e0e62148"",""state"":""H"",""names"":[""sig_e""],""history"":{""sig_e"":5}}]",H[sig_e],0.7746478873239436,1,wrong,wrong,R_a446f7302597b869_t663,1,F,"[[""sig_n""]]","[{""slot"":8,""relation_id"":""bec5e36ba323fc01"",""state"":""F"",""names"":[""sig_n""],""history"":null}]",F[sig_n],0.6440677966101694,-0.13058009071377416,0.6443250175017549,0.7735704566219848,-0.1292454391202299,0.0013346515935442754,0.6442797749426125,0.7734636529813128,-0.12918387803870027,0.0013962126750739136,posthoc_arithmetic_from_saved_coefficients
2,16,850,甲,exception,selection_error,above,R_7b6b1008b48c1115_t790,H,"[[""sig_e""]]","[{""slot"":14,""relation_id"":""b713dc978b8016f4"",""state"":""H"",""names"":[""sig_e""],""history"":{""sig_e"":1}}]",H[sig_e],0.8652482269503546,1,wrong,wrong,R_8b0d2a6b7293001d_t774,1,H,"[[""sig_e""]]","[{""slot"":14,""relation_id"":""ce8168d0aace5a98"",""state"":""H"",""names"":[""sig_e""],""history"":{""sig_e"":7}}]",H[sig_e],0.8652482269503546,0.0,0.8658060872102322,0.8657337465184921,7.234069174010377e-05,7.234069174010377e-05,0.8656869832227063,0.8656869832227063,0.0,0.0,posthoc_arithmetic_from_saved_coefficients
2,16,937,甲,exception,selection_error,above,R_5a211b92885d1ebf,U,[[]],"[{""slot"":14,""relation_id"":""d1a41940a98445e6"",""state"":""U"",""names"":[],""history"":null}]",U,0.8421052631578947,1,wrong,wrong,R_9075d2f1da15b9b3,1,F,"[[""sig_e""]]","[{""slot"":6,""relation_id"":""64e79e5b1bdada12"",""state"":""F"",""names"":[""sig_e""],""history"":null}]",F[sig_e],0.6608695652173913,-0.18123569794050343,0.6608672164296902,0.8421889406022937,-0.1813217241726035,-8.602623210007963e-05,0.660751337167633,0.8421431963136011,-0.18139185914596817,-0.0001561612054647506,posthoc_arithmetic_from_saved_coefficients
2,16,1005,乙,normal,selection_error,above,R_68bd0d0960ca4e4d,H,"[[""sig_e""]]","[{""slot"":14,""relation_id"":""f8a717bb7f4e68a0"",""state"":""H"",""names"":[""sig_e""],""history"":{""sig_e"":1}}]",H[sig_e],0.7368421052631579,3,wrong,wrong,R_fe7b42b67bef503d,1,F,"[[""sig_n""]]","[{""slot"":9,""relation_id"":""be5711c29a854a5a"",""state"":""F"",""names"":[""sig_n""],""history"":null}]",F[sig_n],0.6724137931034483,-0.06442831215970962,0.6727169698111908,0.7359915261372202,-0.06327455632602935,0.0011537558336802674,0.6725959705999305,0.7359543482759955,-0.06335837767606492,0.0010699344836446968,posthoc_arithmetic_from_saved_coefficients
2,16,1005,乙,normal,selection_error,above,R_68bd0d0960ca4e4d,H,"[[""sig_e""]]","[{""slot"":14,""relation_id"":""f8a717bb7f4e68a0"",""state"":""H"",""names"":[""sig_e""],""history"":{""sig_e"":1}}]",H[sig_e],0.7368421052631579,3,wrong,wrong,R_48939b4afa3d5c42,2,F,"[[""sig_n""]]","[{""slot"":7,""relation_id"":""be5711c29a854a5a"",""state"":""F"",""names"":[""sig_n""],""history"":null}]",F[sig_n],0.6608695652173913,-0.07597254004576659,0.6608279495263973,0.7359915261372202,-0.07516357661082285,0.000808963434943738,0.6607121034022934,0.7359543482759955,-0.07524224487370204,0.0007302951720645523,posthoc_arithmetic_from_saved_coefficients
2,16,1005,乙,normal,selection_error,above,R_68bd0d0960ca4e4d,H,"[[""sig_e""]]","[{""slot"":14,""relation_id"":""f8a717bb7f4e68a0"",""state"":""H"",""names"":[""sig_e""],""history"":{""sig_e"":1}}]",H[sig_e],0.7368421052631579,3,wrong,wrong,R_9e4d965d6b6585c5,3,F,"[[""sig_n""]]","[{""slot"":7,""relation_id"":""be5711c29a854a5a"",""state"":""F"",""names"":[""sig_n""],""history"":null}]",F[sig_n],0.6608695652173913,-0.07597254004576659,0.6608696879809881,0.7359915261372202,-0.07512183815623204,0.0008507018895345491,0.660753818049716,0.7359543482759955,-0.07520053022627941,0.0007720098194871734,posthoc_arithmetic_from_saved_coefficients
2,16,1010,乙,normal,selection_error,above,R_68bd0d0960ca4e4d,H,"[[""sig_e""]]","[{""slot"":14,""relation_id"":""f8a717bb7f4e68a0"",""state"":""H"",""names"":[""sig_e""],""history"":{""sig_e"":1}}]",H[sig_e],0.746268656716418,3,wrong,wrong,R_fe7b42b67bef503d,1,F,"[[""sig_n""]]","[{""slot"":9,""relation_id"":""be5711c29a854a5a"",""state"":""F"",""names"":[""sig_n""],""history"":null}]",F[sig_n],0.6724137931034483,-0.07385486361296964,0.6727139405036722,0.7454209370398653,-0.07270699653619327,0.0011478670767763731,0.6725929384691428,0.7454260132331647,-0.07283307476402184,0.0010217888489477895,posthoc_arithmetic_from_saved_coefficients
2,16,1010,乙,normal,selection_error,above,R_68bd0d0960ca4e4d,H,"[[""sig_e""]]","[{""slot"":14,""relation_id"":""f8a717bb7f4e68a0"",""state"":""H"",""names"":[""sig_e""],""history"":{""sig_e"":1}}]",H[sig_e],0.746268656716418,3,wrong,wrong,R_48939b4afa3d5c42,2,F,"[[""sig_n""]]","[{""slot"":7,""relation_id"":""be5711c29a854a5a"",""state"":""F"",""names"":[""sig_n""],""history"":null}]",F[sig_n],0.6608695652173913,-0.08539909149902661,0.6608249471011738,0.7454209370398653,-0.0845959899386916,0.0008031015603350146,0.6607090981791378,0.7454260132331647,-0.0847169150540269,0.0006821764449997114,posthoc_arithmetic_from_saved_coefficients
2,16,1010,乙,normal,selection_error,above,R_68bd0d0960ca4e4d,H,"[[""sig_e""]]","[{""slot"":14,""relation_id"":""f8a717bb7f4e68a0"",""state"":""H"",""names"":[""sig_e""],""history"":{""sig_e"":1}}]",H[sig_e],0.746268656716418,3,wrong,wrong,R_9e4d965d6b6585c5,3,F,"[[""sig_n""]]","[{""slot"":7,""relation_id"":""be5711c29a854a5a"",""state"":""F"",""names"":[""sig_n""],""history"":null}]",F[sig_n],0.6608695652173913,-0.08539909149902661,0.660866685459712,0.7454209370398653,-0.08455425158015337,0.0008448399188732451,0.6607508127304318,0.7454260132331647,-0.08467520050273289,0.0007238909962937174,posthoc_arithmetic_from_saved_coefficients
2,16,1036,乙,exception,selection_error,above,R_cb63a1ebfc31098d_t1012,H,"[[""sig_n""]]","[{""slot"":4,""relation_id"":""3f0a4449b9df3fcf"",""state"":""H"",""names"":[""sig_n""],""history"":{""sig_n"":8}}]",H[sig_n],0.8,2,wrong,wrong,R_68bd0d0960ca4e4d,1,H,"[[""sig_e""]]","[{""slot"":14,""relation_id"":""f8a717bb7f4e68a0"",""state"":""H"",""names"":[""sig_e""],""history"":{""sig_e"":1}}]",H[sig_e],0.6771653543307087,-0.12283464566929134,0.6782833126871894,0.7991136697941145,-0.12083035710692502,0.00200428856236632,0.6782817134958976,0.7989993066046518,-0.12071759310875424,0.002117052560537092,posthoc_arithmetic_from_saved_coefficients
2,16,1036,乙,exception,selection_error,above,R_cb63a1ebfc31098d_t1012,H,"[[""sig_n""]]","[{""slot"":4,""relation_id"":""3f0a4449b9df3fcf"",""state"":""H"",""names"":[""sig_n""],""history"":{""sig_n"":8}}]",H[sig_n],0.8,2,wrong,wrong,R_14b19811f0dd5b58,2,H,"[[""sig_e""]]","[{""slot"":5,""relation_id"":""4ea998cf230de965"",""state"":""H"",""names"":[""sig_e""],""history"":{""sig_e"":1}}]",H[sig_e],0.5853658536585366,-0.2146341463414634,0.5863965180702471,0.7991136697941145,-0.2127171517238674,0.0019169946175960162,0.5863672153252367,0.7989993066046518,-0.21263209127941507,0.002002055062048355,posthoc_arithmetic_from_saved_coefficients
2,16,1067,乙,exception,selection_error,above,R_cb63a1ebfc31098d_t1012,H,"[[""sig_n""]]","[{""slot"":4,""relation_id"":""3f0a4449b9df3fcf"",""state"":""H"",""names"":[""sig_n""],""history"":{""sig_n"":3}}]",H[sig_n],0.782608695652174,1,wrong,wrong,R_9bc40d505af93c42,1,F,"[[""sig_e""]]","[{""slot"":7,""relation_id"":""7e9a77e50e2390fc"",""state"":""F"",""names"":[""sig_e""],""history"":null}]",F[sig_e],0.6608695652173913,-0.12173913043478261,0.6608508389405654,0.7817803256326277,-0.1209294866920623,0.000809643742720313,0.6608026473655225,0.781671795658694,-0.1208691482931715,0.0008699821416111082,posthoc_arithmetic_from_saved_coefficients
2,16,1070,乙,exception,selection_error,above,R_cb63a1ebfc31098d_t1012,H,"[[""sig_n""]]","[{""slot"":4,""relation_id"":""3f0a4449b9df3fcf"",""state"":""H"",""names"":[""sig_n""],""history"":{""sig_n"":4}}]",H[sig_n],0.7659574468085106,1,wrong,wrong,R_9bc40d505af93c42,1,F,"[[""sig_e""]]","[{""slot"":7,""relation_id"":""7e9a77e50e2390fc"",""state"":""F"",""names"":[""sig_e""],""history"":null}]",F[sig_e],0.6440677966101694,-0.12188965019834115,0.6440604671503763,0.7651625557497219,-0.1211020885993455,0.0007875615989956445,0.6440152129167062,0.7650592862951057,-0.12104407337839951,0.0008455768199416409,posthoc_arithmetic_from_saved_coefficients
2,16,1304,甲,exception,selection_error,above,R_7b6b1008b48c1115_t1283,H,"[[""sig_n""]]","[{""slot"":10,""relation_id"":""a04a4d4048aa5310"",""state"":""H"",""names"":[""sig_n""],""history"":{""sig_n"":8}}]",H[sig_n],0.8,2,wrong,wrong,R_a42b476c0ed33e82,1,F,"[[""sig_e""]]","[{""slot"":10,""relation_id"":""d8d2650a4a51d7f8"",""state"":""F"",""names"":[""sig_e""],""history"":null}]",F[sig_e],0.6296296296296297,-0.17037037037037037,0.6301215861203606,0.7988563775385533,-0.1687347914181927,0.0016355789521776596,0.6300029682839522,0.7988119417197012,-0.16880897343574894,0.0015613969346214337,posthoc_arithmetic_from_saved_coefficients
2,16,1304,甲,exception,selection_error,above,R_7b6b1008b48c1115_t1283,H,"[[""sig_n""]]","[{""slot"":10,""relation_id"":""a04a4d4048aa5310"",""state"":""H"",""names"":[""sig_n""],""history"":{""sig_n"":8}}]",H[sig_n],0.8,2,wrong,wrong,R_cba6e738d8760069,2,F,"[[""sig_e""]]","[{""slot"":4,""relation_id"":""70fdb4e8c37510b1"",""state"":""F"",""names"":[""sig_e""],""history"":null}]",F[sig_e],0.6296296296296297,-0.17037037037037037,0.629624855258005,0.7988563775385533,-0.16923152228054822,0.0011388480898221612,0.6295064279737358,0.7988119417197012,-0.16930551374596542,0.001064856624404946,posthoc_arithmetic_from_saved_coefficients
2,16,1387,甲,normal,distinction_loss,below,R_8b0d2a6b7293001d,H,"[[""sig_e""]]","[{""slot"":12,""relation_id"":""bbbcd5ae7365b2bd"",""state"":""H"",""names"":[""sig_e""],""history"":{""sig_e"":10}}]",H[sig_e],0.782608695652174,0,wrong,wrong,,,,,,門上候補なし,,,,0.7815763666196328,,,,0.7814678705164763,,,not_applicable_no_correct_above_gate
2,17,36,甲,exception,selection_error,above,R_7515a685c55fba68,H,"[[""sig_n""]]","[{""slot"":3,""relation_id"":""45cf499e14785b96"",""state"":""H"",""names"":[""sig_n""],""history"":{""sig_n"":5}}]",H[sig_n],0.7727272727272727,1,wrong,wrong,R_69a62e73d7621cd0,1,F,"[[""sig_e""]]","[{""slot"":9,""relation_id"":""f0413816fa8678c6"",""state"":""F"",""names"":[""sig_e""],""history"":null}]",F[sig_e],0.6422018348623854,-0.1305254378648874,0.6420236067593676,0.7717536878077667,-0.12973008104839906,0.0007953568164883367,0.6419384477082887,0.7716785521160958,-0.12974010440780717,0.0007853334570802278,posthoc_arithmetic_from_saved_coefficients
2,17,115,乙,normal,selection_error,above,R_0e5d236bf5b42b15,H,"[[""sig_e""]]","[{""slot"":15,""relation_id"":""dc5596fd6c831739"",""state"":""H"",""names"":[""sig_e""],""history"":{""sig_e"":6}}]",H[sig_e],0.7913669064748201,1,wrong,wrong,R_fe7b42b67bef503d,1,F,"[[""sig_n""]]","[{""slot"":8,""relation_id"":""e796c4c0a430634d"",""state"":""F"",""names"":[""sig_n""],""history"":null}]",F[sig_n],0.6724137931034483,-0.11895311337137186,0.6724700005058368,0.790525457887815,-0.11805545738197815,0.0008976559893937205,0.6723814976419105,0.7904530503720189,-0.11807155273010839,0.0008815606412634863,posthoc_arithmetic_from_saved_coefficients
2,17,282,甲,exception,selection_error,above,R_7b6b1008b48c1115_t251,H,"[[""sig_n""]]","[{""slot"":5,""relation_id"":""5e40bde16dedaecd"",""state"":""H"",""names"":[""sig_n""],""history"":{""sig_n"":12}}]",H[sig_n],0.7913669064748201,1,wrong,wrong,R_2f1a2f2059f4659c,1,F,"[[""sig_e""]]","[{""slot"":10,""relation_id"":""e6d26e90b9727d9a"",""state"":""F"",""names"":[""sig_e""],""history"":null}]",F[sig_e],0.6724137931034483,-0.11895311337137186,0.6720091167328184,0.790433921503482,-0.1184248047706637,0.0005283086007081778,0.6719207549059792,0.7903615485118438,-0.11844079360586461,0.0005123197655072549,posthoc_arithmetic_from_saved_coefficients
2,17,306,甲,exception,selection_error,above,R_7b6b1008b48c1115_t251,H,"[[""sig_n""]]","[{""slot"":5,""relation_id"":""5e40bde16dedaecd"",""state"":""H"",""names"":[""sig_n""],""history"":{""sig_n"":2}}]",H[sig_n],0.8088235294117647,2,wrong,wrong,R_2f1a2f2059f4659c,1,F,"[[""sig_e""]]","[{""slot"":10,""relation_id"":""e6d26e90b9727d9a"",""state"":""F"",""names"":[""sig_e""],""history"":null}]",F[sig_e],0.6902654867256637,-0.11855804268610098,0.6898613398495016,0.8078738585271518,-0.11801251867765017,0.000545524008450819,0.6897678260770409,0.8077976415368979,-0.11802981545985708,0.000528227226243907,posthoc_arithmetic_from_saved_coefficients
2,17,306,甲,exception,selection_error,above,R_7b6b1008b48c1115_t251,H,"[[""sig_n""]]","[{""slot"":5,""relation_id"":""5e40bde16dedaecd"",""state"":""H"",""names"":[""sig_n""],""history"":{""sig_n"":2}}]",H[sig_n],0.8088235294117647,2,wrong,wrong,R_0d2029ba5ef8463b,2,F,"[[""sig_e""]]","[{""slot"":7,""relation_id"":""b19456b8860c870e"",""state"":""F"",""names"":[""sig_e""],""history"":null}]",F[sig_e],0.6785714285714286,-0.13025210084033614,0.6787776467654504,0.8078738585271518,-0.1290962117617014,0.0011558890786347307,0.6786887194007716,0.8077976415368979,-0.12910892213612635,0.001143178704209788,posthoc_arithmetic_from_saved_coefficients
2,17,330,乙,normal,selection_error,above,R_8307fbbf05ba494f,H,"[[""sig_e""]]","[{""slot"":12,""relation_id"":""b765d2747a66c937"",""state"":""H"",""names"":[""sig_e""],""history"":{""sig_e"":2}}]",H[sig_e],0.723404255319149,3,wrong,wrong,R_fe7b42b67bef503d,1,F,"[[""sig_n""]]","[{""slot"":8,""relation_id"":""e796c4c0a430634d"",""state"":""F"",""names"":[""sig_n""],""history"":null}]",F[sig_n],0.639344262295082,-0.08405999302406697,0.6394292977339989,0.7227890081759039,-0.08335971044190496,0.0007002825821620125,0.6393500959062122,0.7227248674694736,-0.08337477156326145,0.0006852214608055107,posthoc_arithmetic_from_saved_coefficients
2,17,330,乙,normal,selection_error,above,R_8307fbbf05ba494f,H,"[[""sig_e""]]","[{""slot"":12,""relation_id"":""b765d2747a66c937"",""state"":""H"",""names"":[""sig_e""],""history"":{""sig_e"":2}}]",H[sig_e],0.723404255319149,3,wrong,wrong,R_48939b4afa3d5c42,2,F,"[[""sig_n""]]","[{""slot"":10,""relation_id"":""f28bdf17a58d73a0"",""state"":""F"",""names"":[""sig_n""],""history"":null}]",F[sig_n],0.628099173553719,-0.09530508176542993,0.6278655791396044,0.7227890081759039,-0.09492342903629947,0.0003816527291304596,0.6277910568771932,0.7227248674694736,-0.09493381059228045,0.00037127117314946916,posthoc_arithmetic_from_saved_coefficients
2,17,330,乙,normal,selection_error,above,R_8307fbbf05ba494f,H,"[[""sig_e""]]","[{""slot"":12,""relation_id"":""b765d2747a66c937"",""state"":""H"",""names"":[""sig_e""],""history"":{""sig_e"":2}}]",H[sig_e],0.723404255319149,3,wrong,wrong,R_f10dc019491698d2,3,F,"[[""sig_n""]]","[{""slot"":6,""relation_id"":""915d63281cea1627"",""state"":""F"",""names"":[""sig_n""],""history"":null}]",F[sig_n],0.628099173553719,-0.09530508176542993,0.6278964849174602,0.7227890081759039,-0.09489252325844369,0.000412558506986232,0.6278219436059761,0.7227248674694736,-0.0949029238634975,0.0004021579019324306,posthoc_arithmetic_from_saved_coefficients
2,17,363,甲,exception,selection_error,above,R_7b6b1008b48c1115_t354,H,"[[""sig_n""]]","[{""slot"":1,""relation_id"":""0566b8e23eca8d2d"",""state"":""H"",""names"":[""sig_n""],""history"":{""sig_n"":3}}]",H[sig_n],0.7746478873239436,2,wrong,wrong,R_fad8f670be5b8f88,1,F,"[[""sig_e""]]","[{""slot"":3,""relation_id"":""66962feba501c3ba"",""state"":""F"",""names"":[""sig_e""],""history"":null}]",F[sig_e],0.6440677966101694,-0.13058009071377416,0.6438950531839123,0.7737448946403128,-0.1298498414564006,0.000730249257373562,0.6438161057906249,0.7736761556053758,-0.12986004981475094,0.0007200408990232448,posthoc_arithmetic_from_saved_coefficients
2,17,363,甲,exception,selection_error,above,R_7b6b1008b48c1115_t354,H,"[[""sig_n""]]","[{""slot"":1,""relation_id"":""0566b8e23eca8d2d"",""state"":""H"",""names"":[""sig_n""],""history"":{""sig_n"":3}}]",H[sig_n],0.7746478873239436,2,wrong,wrong,R_0d2029ba5ef8463b,2,F,"[[""sig_e""]]","[{""slot"":7,""relation_id"":""b19456b8860c870e"",""state"":""F"",""names"":[""sig_e""],""history"":null}]",F[sig_e],0.6440677966101694,-0.13058009071377416,0.6442719365268432,0.7737448946403128,-0.1294729581134696,0.00110713260030458,0.6441928547425805,0.7736761556053758,-0.1294833008627953,0.0010967898509788578,posthoc_arithmetic_from_saved_coefficients
2,17,444,乙,normal,selection_error,above,R_0e5d236bf5b42b15_t359,H,"[[""sig_e""]]","[{""slot"":5,""relation_id"":""47a037d303c1863f"",""state"":""H"",""names"":[""sig_e""],""history"":{""sig_e"":4}}]",H[sig_e],0.782608695652174,4,wrong,wrong,R_533f0b68a9c93324,1,F,"[[""sig_n""]]","[{""slot"":10,""relation_id"":""ce61739afe1e56f5"",""state"":""F"",""names"":[""sig_n""],""history"":null}]",F[sig_n],0.6724137931034483,-0.11019490254872563,0.6723732630628689,0.7819418912793442,-0.10956862821647528,0.0006262743322503589,0.6722848397197637,0.7818728738067596,-0.10958803408699594,0.000606868461729701,posthoc_arithmetic_from_saved_coefficients
2,17,444,乙,normal,selection_error,above,R_0e5d236bf5b42b15_t359,H,"[[""sig_e""]]","[{""slot"":5,""relation_id"":""47a037d303c1863f"",""state"":""H"",""names"":[""sig_e""],""history"":{""sig_e"":4}}]",H[sig_e],0.782608695652174,4,wrong,wrong,R_a3e2181b14bbde85,2,F,"[[""sig_n""]]","[{""slot"":0,""relation_id"":""38628ce3776a582e"",""state"":""F"",""names"":[""sig_n""],""history"":null}]",F[sig_n],0.6608695652173913,-0.12173913043478261,0.6605949681544965,0.7819418912793442,-0.1213469231248477,0.0003922073099349128,0.6605112862208425,0.7818728738067596,-0.12136158758591713,0.00037754284886547766,posthoc_arithmetic_from_saved_coefficients
2,17,444,乙,normal,selection_error,above,R_0e5d236bf5b42b15_t359,H,"[[""sig_e""]]","[{""slot"":5,""relation_id"":""47a037d303c1863f"",""state"":""H"",""names"":[""sig_e""],""history"":{""sig_e"":4}}]",H[sig_e],0.782608695652174,4,wrong,wrong,R_f10dc019491698d2_t437,3,F,"[[""sig_n""]]","[{""slot"":0,""relation_id"":""38628ce3776a582e"",""state"":""F"",""names"":[""sig_n""],""history"":null}]",F[sig_n],0.6608695652173913,-0.12173913043478261,0.6606534848493609,0.7819418912793442,-0.12128840642998324,0.0004507240047993693,0.6605698055614075,0.7818728738067596,-0.12130306824535216,0.00043606218943045117,posthoc_arithmetic_from_saved_coefficients
2,17,444,乙,normal,selection_error,above,R_0e5d236bf5b42b15_t359,H,"[[""sig_e""]]","[{""slot"":5,""relation_id"":""47a037d303c1863f"",""state"":""H"",""names"":[""sig_e""],""history"":{""sig_e"":4}}]",H[sig_e],0.782608695652174,4,wrong,wrong,R_48939b4afa3d5c42,4,F,"[[""sig_n""]]","[{""slot"":10,""relation_id"":""f28bdf17a58d73a0"",""state"":""F"",""names"":[""sig_n""],""history"":null}]",F[sig_n],0.6608695652173913,-0.12173913043478261,0.6606217430207417,0.7819418912793442,-0.1213201482586025,0.00041898217618010065,0.6605380832907134,0.7818728738067596,-0.1213347905160463,0.0004043399187363113,posthoc_arithmetic_from_saved_coefficients
2,17,462,甲,normal,selection_error,above,R_8b0d2a6b7293001d_t392,H,"[[""sig_e""]]","[{""slot"":13,""relation_id"":""b325a2052e75338d"",""state"":""H"",""names"":[""sig_e""],""history"":{""sig_e"":5}}]",H[sig_e],0.8088235294117647,2,wrong,wrong,R_627ae67a7f637bdb,1,F,"[[""sig_n""]]","[{""slot"":4,""relation_id"":""793a56b4fb84ca0f"",""state"":""F"",""names"":[""sig_n""],""history"":null}]",F[sig_n],0.6902654867256637,-0.11855804268610098,0.6897894495877166,0.807869643095423,-0.11808019350770636,0.0004778491783946215,0.6897045199040794,0.8077849791094625,-0.11808045920538295,0.0004775834807180372,posthoc_arithmetic_from_saved_coefficients
2,17,462,甲,normal,selection_error,above,R_8b0d2a6b7293001d_t392,H,"[[""sig_e""]]","[{""slot"":13,""relation_id"":""b325a2052e75338d"",""state"":""H"",""names"":[""sig_e""],""history"":{""sig_e"":5}}]",H[sig_e],0.8088235294117647,2,wrong,wrong,R_94a5a2e983982a1d_t459,2,F,"[[""sig_n""]]","[{""slot"":1,""relation_id"":""236c866a5300b492"",""state"":""F"",""names"":[""sig_n""],""history"":null}]",F[sig_n],0.6785714285714286,-0.13025210084033614,0.6783907708962609,0.807869643095423,-0.12947887219916215,0.0007732286411739908,0.6783104543981356,0.8077849791094625,-0.12947452471132684,0.0007775761290093063,posthoc_arithmetic_from_saved_coefficients
2,17,469,甲,normal,selection_error,above,R_8b0d2a6b7293001d_t392,H,"[[""sig_e""]]","[{""slot"":13,""relation_id"":""b325a2052e75338d"",""state"":""H"",""names"":[""sig_e""],""history"":{""sig_e"":7}}]",H[sig_e],0.7913669064748201,2,wrong,wrong,R_627ae67a7f637bdb,1,F,"[[""sig_n""]]","[{""slot"":4,""relation_id"":""793a56b4fb84ca0f"",""state"":""F"",""names"":[""sig_n""],""history"":null}]",F[sig_n],0.6724137931034483,-0.11895311337137186,0.671937204760563,0.7904310382371198,-0.11849383347655683,0.0004592798948150335,0.6718570457401499,0.7903506328144668,-0.11849358707431694,0.0004595262970549349,posthoc_arithmetic_from_saved_coefficients
2,17,469,甲,normal,selection_error,above,R_8b0d2a6b7293001d_t392,H,"[[""sig_e""]]","[{""slot"":13,""relation_id"":""b325a2052e75338d"",""state"":""H"",""names"":[""sig_e""],""history"":{""sig_e"":7}}]",H[sig_e],0.7913669064748201,2,wrong,wrong,R_94a5a2e983982a1d_t459,2,F,"[[""sig_n""]]","[{""slot"":1,""relation_id"":""236c866a5300b492"",""state"":""F"",""names"":[""sig_n""],""history"":null}]",F[sig_n],0.6608695652173913,-0.13049734125742884,0.6606847727767212,0.7904310382371198,-0.12974626546039855,0.000751075797030301,0.6606091733331649,0.7903506328144668,-0.1297414594813019,0.0007558817761269353,posthoc_arithmetic_from_saved_coefficients
2,17,914,甲,normal,selection_error,above,R_8b0d2a6b7293001d,H,"[[""sig_e""]]","[{""slot"":4,""relation_id"":""69cb617e5fa9580c"",""state"":""H"",""names"":[""sig_e""],""history"":{""sig_e"":5}}]",H[sig_e],0.7659574468085106,2,wrong,wrong,R_94a5a2e983982a1d,1,F,"[[""sig_n""]]","[{""slot"":3,""relation_id"":""6b967f4f290d38f0"",""state"":""F"",""names"":[""sig_n""],""history"":null}]",F[sig_n],0.6440677966101694,-0.12188965019834115,0.6437823820624317,0.7652093917403985,-0.12142700967796684,0.0004626405203743109,0.6437111532087629,0.7651363132105338,-0.12142516000177085,0.0004644901965702957,posthoc_arithmetic_from_saved_coefficients
2,17,914,甲,normal,selection_error,above,R_8b0d2a6b7293001d,H,"[[""sig_e""]]","[{""slot"":4,""relation_id"":""69cb617e5fa9580c"",""state"":""H"",""names"":[""sig_e""],""history"":{""sig_e"":5}}]",H[sig_e],0.7659574468085106,2,wrong,wrong,R_1d4532c404ae777e,2,F,"[[""sig_n""]]","[{""slot"":2,""relation_id"":""3042c2dbfff5b6b8"",""state"":""F"",""names"":[""sig_n""],""history"":null}]",F[sig_n],0.6440677966101694,-0.12188965019834115,0.6437880399565387,0.7652093917403985,-0.12142135178385983,0.00046829841448130645,0.6437168093820653,0.7651363132105338,-0.12141950382846842,0.0004701463698727285,posthoc_arithmetic_from_saved_coefficients
2,17,917,甲,normal,selection_error,above,R_8b0d2a6b7293001d,H,"[[""sig_e""]]","[{""slot"":4,""relation_id"":""69cb617e5fa9580c"",""state"":""H"",""names"":[""sig_e""],""history"":{""sig_e"":5}}]",H[sig_e],0.7659574468085106,2,wrong,wrong,R_94a5a2e983982a1d,1,F,"[[""sig_n""]]","[{""slot"":3,""relation_id"":""6b967f4f290d38f0"",""state"":""F"",""names"":[""sig_n""],""history"":null}]",F[sig_n],0.6440677966101694,-0.12188965019834115,0.6437659992422201,0.7651931043899068,-0.12142710514768673,0.0004625450506544111,0.6436947750940043,0.76512003021536,-0.12142525512135566,0.00046439507698548286,posthoc_arithmetic_from_saved_coefficients
2,17,917,甲,normal,selection_error,above,R_8b0d2a6b7293001d,H,"[[""sig_e""]]","[{""slot"":4,""relation_id"":""69cb617e5fa9580c"",""state"":""H"",""names"":[""sig_e""],""history"":{""sig_e"":5}}]",H[sig_e],0.7659574468085106,2,wrong,wrong,R_1d4532c404ae777e,2,F,"[[""sig_n""]]","[{""slot"":2,""relation_id"":""3042c2dbfff5b6b8"",""state"":""F"",""names"":[""sig_n""],""history"":null}]",F[sig_n],0.6440677966101694,-0.12188965019834115,0.6437716570606914,0.7651931043899068,-0.12142144732921546,0.0004682028691256876,0.6437004311916962,0.76512003021536,-0.12141959902366374,0.0004700511746774086,posthoc_arithmetic_from_saved_coefficients
2,17,1142,甲,exception,selection_error,above,R_7b6b1008b48c1115,H,"[[""sig_n""]]","[{""slot"":4,""relation_id"":""4d128aee5fde507b"",""state"":""H"",""names"":[""sig_n""],""history"":{""sig_n"":10}}]",H[sig_n],0.8,3,wrong,wrong,R_9166e2f96690a9eb,1,F,"[[""sig_e""]]","[{""slot"":4,""relation_id"":""7c204026bf2e2f13"",""state"":""F"",""names"":[""sig_e""],""history"":null}]",F[sig_e],0.6785714285714286,-0.12142857142857143,0.6786481744937158,0.7992165147424118,-0.12056834024869605,0.0008602311798753835,0.6785592875934424,0.7991436764682563,-0.12058438887481386,0.000844182553757569,posthoc_arithmetic_from_saved_coefficients
2,17,1142,甲,exception,selection_error,above,R_7b6b1008b48c1115,H,"[[""sig_n""]]","[{""slot"":4,""relation_id"":""4d128aee5fde507b"",""state"":""H"",""names"":[""sig_n""],""history"":{""sig_n"":10}}]",H[sig_n],0.8,3,wrong,wrong,R_2f1a2f2059f4659c,2,F,"[[""sig_e""]]","[{""slot"":2,""relation_id"":""53c2b920ac6970b0"",""state"":""F"",""names"":[""sig_e""],""history"":null}]",F[sig_e],0.6785714285714286,-0.12142857142857143,0.6783905196412733,0.7992165147424118,-0.12082599510113856,0.0006025763274328725,0.678301731860852,0.7991436764682563,-0.12084194460740436,0.0005866268211670786,posthoc_arithmetic_from_saved_coefficients
2,17,1142,甲,exception,selection_error,above,R_7b6b1008b48c1115,H,"[[""sig_n""]]","[{""slot"":4,""relation_id"":""4d128aee5fde507b"",""state"":""H"",""names"":[""sig_n""],""history"":{""sig_n"":10}}]",H[sig_n],0.8,3,wrong,wrong,R_0801faaba2c77c68,3,F,"[[""sig_e""]]","[{""slot"":4,""relation_id"":""4f5a0fbbec0551de"",""state"":""F"",""names"":[""sig_e""],""history"":null}]",F[sig_e],0.6296296296296297,-0.17037037037037037,0.6293827403194031,0.7992165147424118,-0.16983377442300873,0.0005365959473616481,0.6292970200966435,0.7991436764682563,-0.1698466563716129,0.0005237139987574872,posthoc_arithmetic_from_saved_coefficients
2,17,1150,甲,exception,selection_error,above,R_7b6b1008b48c1115,H,"[[""sig_n""]]","[{""slot"":4,""relation_id"":""4d128aee5fde507b"",""state"":""H"",""names"":[""sig_n""],""history"":{""sig_n"":13}}]",H[sig_n],0.8,3,wrong,wrong,R_9166e2f96690a9eb,1,F,"[[""sig_e""]]","[{""slot"":4,""relation_id"":""7c204026bf2e2f13"",""state"":""F"",""names"":[""sig_e""],""history"":null}]",F[sig_e],0.6785714285714286,-0.12142857142857143,0.6786403721517982,0.7992088930821225,-0.12056852093032439,0.0008600504982470437,0.678551430395536,0.7991360006930804,-0.12058457029754446,0.0008440011310269646,posthoc_arithmetic_from_saved_coefficients
2,17,1150,甲,exception,selection_error,above,R_7b6b1008b48c1115,H,"[[""sig_n""]]","[{""slot"":4,""relation_id"":""4d128aee5fde507b"",""state"":""H"",""names"":[""sig_n""],""history"":{""sig_n"":13}}]",H[sig_n],0.8,3,wrong,wrong,R_2f1a2f2059f4659c,2,F,"[[""sig_e""]]","[{""slot"":2,""relation_id"":""53c2b920ac6970b0"",""state"":""F"",""names"":[""sig_e""],""history"":null}]",F[sig_e],0.6785714285714286,-0.12142857142857143,0.6783827187407747,0.7992088930821225,-0.12082617434134785,0.0006023970872235796,0.6782938761144339,0.7991360006930804,-0.12084212457864656,0.0005864468499248714,posthoc_arithmetic_from_saved_coefficients
2,17,1150,甲,exception,selection_error,above,R_7b6b1008b48c1115,H,"[[""sig_n""]]","[{""slot"":4,""relation_id"":""4d128aee5fde507b"",""state"":""H"",""names"":[""sig_n""],""history"":{""sig_n"":13}}]",H[sig_n],0.8,3,wrong,wrong,R_0801faaba2c77c68,3,F,"[[""sig_e""]]","[{""slot"":4,""relation_id"":""4f5a0fbbec0551de"",""state"":""F"",""names"":[""sig_e""],""history"":null}]",F[sig_e],0.6296296296296297,-0.17037037037037037,0.6293752345941462,0.7992088930821225,-0.16983365848797632,0.0005367118823940415,0.6292894616760494,0.7991360006930804,-0.16984653901703106,0.0005238313533392962,posthoc_arithmetic_from_saved_coefficients
2,17,1162,乙,normal,selection_error,above,R_b6c15eaf75ec247c,H,"[[""sig_e""]]","[{""slot"":12,""relation_id"":""bf1ec512ffe84dbd"",""state"":""H"",""names"":[""sig_e""],""history"":{""sig_e"":2}}]",H[sig_e],0.7538461538461538,2,wrong,wrong,R_fe7b42b67bef503d_t1160,1,F,"[[""sig_n""]]","[{""slot"":0,""relation_id"":""2f674b26f965bf0f"",""state"":""F"",""names"":[""sig_n""],""history"":null}]",F[sig_n],0.6785714285714286,-0.07527472527472527,0.6788672550330709,0.7530523170914692,-0.07418506205839831,0.0010896632163269662,0.6787781688988362,0.7529844386895959,-0.07420626979075962,0.001068455483965664,posthoc_arithmetic_from_saved_coefficients
2,17,1162,乙,normal,selection_error,above,R_b6c15eaf75ec247c,H,"[[""sig_e""]]","[{""slot"":12,""relation_id"":""bf1ec512ffe84dbd"",""state"":""H"",""names"":[""sig_e""],""history"":{""sig_e"":2}}]",H[sig_e],0.7538461538461538,2,wrong,wrong,R_48939b4afa3d5c42,2,F,"[[""sig_n""]]","[{""slot"":3,""relation_id"":""7f51d9b815eb65ba"",""state"":""F"",""names"":[""sig_n""],""history"":null}]",F[sig_n],0.6785714285714286,-0.07527472527472527,0.6782968172706841,0.7530523170914692,-0.07475549982078505,0.0005192254539402166,0.6782078672187356,0.7529844386895959,-0.07477657147086017,0.0004981538038651037,posthoc_arithmetic_from_saved_coefficients
2,17,1458,乙,exception,selection_error,above,R_1865396d22048d20,U,[[]],"[{""slot"":2,""relation_id"":""278a5180c3218b51"",""state"":""U"",""names"":[],""history"":null}]",U,0.8421052631578947,1,wrong,wrong,R_9bc40d505af93c42,1,F,"[[""sig_e""]]","[{""slot"":7,""relation_id"":""9700d246ae37c178"",""state"":""F"",""names"":[""sig_e""],""history"":null}]",F[sig_e],0.6608695652173913,-0.18123569794050343,0.6606872618317929,0.8423366909752572,-0.18164942914346435,-0.00041373120296092197,0.6606117038063855,0.8422515485702665,-0.18163984476388106,-0.0004041468233776346,posthoc_arithmetic_from_saved_coefficients
2,17,1712,乙,normal,selection_error,above,R_0e5d236bf5b42b15,H,"[[""sig_e""]]","[{""slot"":4,""relation_id"":""4ed338fc650a8173"",""state"":""H"",""names"":[""sig_e""],""history"":{""sig_e"":8}}]",H[sig_e],0.782608695652174,1,wrong,wrong,R_f10dc019491698d2,1,F,"[[""sig_n""]]","[{""slot"":8,""relation_id"":""7ea7ced0568790a4"",""state"":""F"",""names"":[""sig_n""],""history"":null}]",F[sig_n],0.6608695652173913,-0.12173913043478261,0.6606758471302645,0.7819570955047022,-0.12128124837443773,0.00045788206034488626,0.6605922459254641,0.7818881506093378,-0.12129590468387373,0.0004432257509088759,posthoc_arithmetic_from_saved_coefficients
2,18,297,乙,exception,selection_error,above,R_cb63a1ebfc31098d_t230,H,"[[""sig_n""]]","[{""slot"":6,""relation_id"":""8e4d3648e99018dc"",""state"":""H"",""names"":[""sig_n""],""history"":{""sig_n"":5}}]",H[sig_n],0.7746478873239436,1,wrong,wrong,R_9bc40d505af93c42,1,F,"[[""sig_e""]]","[{""slot"":0,""relation_id"":""09aa42c57e5b3f2a"",""state"":""F"",""names"":[""sig_e""],""history"":null}]",F[sig_e],0.6440677966101694,-0.13058009071377416,0.644011932957308,0.7738038019591272,-0.12979186900181938,0.0007882217119547968,0.6439000945294843,0.7737637239599241,-0.12986362943043978,0.0007164612833344072,posthoc_arithmetic_from_saved_coefficients
2,18,371,甲,exception,selection_error,above,R_7b6b1008b48c1115_t349,H,"[[""sig_n""]]","[{""slot"":12,""relation_id"":""b4fadd1f03da8aab"",""state"":""H"",""names"":[""sig_n""],""history"":{""sig_n"":9}}]",H[sig_n],0.7659574468085106,2,wrong,wrong,R_2f1a2f2059f4659c,1,F,"[[""sig_e""]]","[{""slot"":6,""relation_id"":""6574afe9ad76316b"",""state"":""F"",""names"":[""sig_e""],""history"":null}]",F[sig_e],0.6440677966101694,-0.12188965019834115,0.6438559107564982,0.7653088915096001,-0.12145298075310196,0.0004366694452391907,0.6438132830802651,0.7652032829448229,-0.12138999986455781,0.0004996503337833355,posthoc_arithmetic_from_saved_coefficients
2,18,371,甲,exception,selection_error,above,R_7b6b1008b48c1115_t349,H,"[[""sig_n""]]","[{""slot"":12,""relation_id"":""b4fadd1f03da8aab"",""state"":""H"",""names"":[""sig_n""],""history"":{""sig_n"":9}}]",H[sig_n],0.7659574468085106,2,wrong,wrong,R_fad8f670be5b8f88,2,F,"[[""sig_e""]]","[{""slot"":8,""relation_id"":""77f50256a319ce9d"",""state"":""F"",""names"":[""sig_e""],""history"":null}]",F[sig_e],0.6440677966101694,-0.12188965019834115,0.6439314110225703,0.7653088915096001,-0.12137748048702979,0.0005121697113113647,0.6438887732484191,0.7652032829448229,-0.12131450969640378,0.0005751405019373614,posthoc_arithmetic_from_saved_coefficients
2,18,695,甲,exception,selection_error,above,R_7b6b1008b48c1115,H,"[[""sig_n""]]","[{""slot"":15,""relation_id"":""fbbaf47b0b5087d9"",""state"":""H"",""names"":[""sig_n""],""history"":{""sig_n"":1}}]",H[sig_n],0.7659574468085106,1,wrong,wrong,R_9166e2f96690a9eb,1,F,"[[""sig_e""]]","[{""slot"":6,""relation_id"":""9f869b932834b333"",""state"":""F"",""names"":[""sig_e""],""history"":null}]",F[sig_e],0.6554621848739496,-0.11049526193456106,0.655394991432229,0.7653686982608275,-0.1099737068285986,0.0005215551059624571,0.6553478390247927,0.7652629918724797,-0.10991515284768703,0.0005801090868740217,posthoc_arithmetic_from_saved_coefficients
2,18,1034,甲,exception,selection_error,above,R_7b6b1008b48c1115_t972,H,"[[""sig_n""]]","[{""slot"":13,""relation_id"":""c75afa8b6bbe3252"",""state"":""H"",""names"":[""sig_n""],""history"":{""sig_n"":9}}]",H[sig_n],0.782608695652174,5,wrong,wrong,R_9166e2f96690a9eb_t944,1,F,"[[""sig_e""]]","[{""slot"":3,""relation_id"":""270cece9378b6e8c"",""state"":""F"",""names"":[""sig_e""],""history"":null}]",F[sig_e],0.6724137931034483,-0.11019490254872563,0.6723440419461736,0.7820032099099219,-0.10965916796374839,0.0005357345849772471,0.6722941094310702,0.7818922160145569,-0.1095981065834868,0.0005967959652388394,posthoc_arithmetic_from_saved_coefficients
2,18,1034,甲,exception,selection_error,above,R_7b6b1008b48c1115_t972,H,"[[""sig_n""]]","[{""slot"":13,""relation_id"":""c75afa8b6bbe3252"",""state"":""H"",""names"":[""sig_n""],""history"":{""sig_n"":9}}]",H[sig_n],0.782608695652174,5,wrong,wrong,R_4767122da6895de8,2,F,"[[""sig_e""]]","[{""slot"":2,""relation_id"":""0e2f0a6282a0197d"",""state"":""F"",""names"":[""sig_e""],""history"":null}]",F[sig_e],0.6608695652173913,-0.12173913043478261,0.6607566350839332,0.7820032099099219,-0.12124657482598866,0.0004925556087939512,0.6607111914687025,0.7818922160145569,-0.12118102454585439,0.0005581058889282224,posthoc_arithmetic_from_saved_coefficients
2,18,1034,甲,exception,selection_error,above,R_7b6b1008b48c1115_t972,H,"[[""sig_n""]]","[{""slot"":13,""relation_id"":""c75afa8b6bbe3252"",""state"":""H"",""names"":[""sig_n""],""history"":{""sig_n"":9}}]",H[sig_n],0.782608695652174,5,wrong,wrong,R_fad8f670be5b8f88_t951,3,F,"[[""sig_e""]]","[{""slot"":9,""relation_id"":""f575350f7f32cc80"",""state"":""F"",""names"":[""sig_e""],""history"":null}]",F[sig_e],0.6608695652173913,-0.12173913043478261,0.6608079998147015,0.7820032099099219,-0.1211952100952204,0.0005439203395622141,0.6607625499165362,0.7818922160145569,-0.12112966609802076,0.000609464336761854,posthoc_arithmetic_from_saved_coefficients
2,18,1034,甲,exception,selection_error,above,R_7b6b1008b48c1115_t972,H,"[[""sig_n""]]","[{""slot"":13,""relation_id"":""c75afa8b6bbe3252"",""state"":""H"",""names"":[""sig_n""],""history"":{""sig_n"":9}}]",H[sig_n],0.782608695652174,5,wrong,wrong,R_2f1a2f2059f4659c_t941,4,F,"[[""sig_e""]]","[{""slot"":2,""relation_id"":""270cece9378b6e8c"",""state"":""F"",""names"":[""sig_e""],""history"":null}]",F[sig_e],0.6608695652173913,-0.12173913043478261,0.660731497763565,0.7820032099099219,-0.12127171214635699,0.0004674182884256222,0.6606860581084137,0.7818922160145569,-0.12120615790614318,0.0005329725286394313,posthoc_arithmetic_from_saved_coefficients
2,18,1034,甲,exception,selection_error,above,R_7b6b1008b48c1115_t972,H,"[[""sig_n""]]","[{""slot"":13,""relation_id"":""c75afa8b6bbe3252"",""state"":""H"",""names"":[""sig_n""],""history"":{""sig_n"":9}}]",H[sig_n],0.782608695652174,5,wrong,wrong,R_cba6e738d8760069,5,F,"[[""sig_e""]]","[{""slot"":3,""relation_id"":""6c6979758512e6f6"",""state"":""F"",""names"":[""sig_e""],""history"":null}]",F[sig_e],0.6,-0.1826086956521739,0.6003143671664216,0.7820032099099219,-0.1816888427435003,0.0009198529086736062,0.6002753352443141,0.7818922160145569,-0.18161688077024288,0.0009918148819310232,posthoc_arithmetic_from_saved_coefficients
2,18,1090,乙,exception,selection_error,above,R_9d6e4b5f291af53c,U,[[]],"[{""slot"":5,""relation_id"":""56badf8cf7932394"",""state"":""U"",""names"":[],""history"":null}]",U,0.8702290076335878,1,wrong,wrong,R_9bc40d505af93c42_t1071,1,F,"[[""sig_e""]]","[{""slot"":9,""relation_id"":""b5c0545baba2e0b5"",""state"":""F"",""names"":[""sig_e""],""history"":null}]",F[sig_e],0.6785714285714286,-0.19165757906215922,0.6785709242550607,0.8703384676823988,-0.19176754342733807,-0.00010996436517886351,0.6784455758954916,0.8702893866797818,-0.19184381078429025,-0.00018623172213104295,posthoc_arithmetic_from_saved_coefficients
2,18,1646,甲,exception,selection_error,above,R_5a211b92885d1ebf,H,"[[""sig_n""]]","[{""slot"":10,""relation_id"":""8af2125d285c891b"",""state"":""H"",""names"":[""sig_n""],""history"":{""sig_n"":4}}]",H[sig_n],0.746268656716418,1,wrong,wrong,R_0d2029ba5ef8463b,1,F,"[[""sig_e""]]","[{""slot"":10,""relation_id"":""d68cd7d9953820af"",""state"":""F"",""names"":[""sig_e""],""history"":null}]",F[sig_e],0.6724137931034483,-0.07385486361296964,0.6723939636609242,0.7456404139810426,-0.07324645032011837,0.0006084132928512689,0.6723440755258165,0.7455316039080081,-0.07318752838219166,0.0006673352307779852,posthoc_arithmetic_from_saved_coefficients
2,19,229,乙,normal,selection_error,above,R_b6c15eaf75ec247c,H,"[[""sig_e""]]","[{""slot"":10,""relation_id"":""6e68c8ba1d8463e5"",""state"":""H"",""names"":[""sig_e""],""history"":{""sig_e"":1}}]",H[sig_e],0.7299270072992701,1,wrong,wrong,R_9e4d965d6b6585c5,1,F,"[[""sig_n""]]","[{""slot"":9,""relation_id"":""da039319e9547a28"",""state"":""F"",""names"":[""sig_n""],""history"":null}]",F[sig_n],0.6554621848739496,-0.07446482242532049,0.6550620333985497,0.7292121426232773,-0.07415010922472759,0.00031471320059291,0.6549637113805342,0.729155447800112,-0.07419173641957783,0.0002730860057426626,posthoc_arithmetic_from_saved_coefficients
2,19,231,乙,normal,selection_error,above,R_b6c15eaf75ec247c,H,"[[""sig_e""]]","[{""slot"":10,""relation_id"":""6e68c8ba1d8463e5"",""state"":""H"",""names"":[""sig_e""],""history"":{""sig_e"":1}}]",H[sig_e],0.7299270072992701,1,wrong,wrong,R_9e4d965d6b6585c5,1,F,"[[""sig_n""]]","[{""slot"":9,""relation_id"":""da039319e9547a28"",""state"":""F"",""names"":[""sig_n""],""history"":null}]",F[sig_n],0.6554621848739496,-0.07446482242532049,0.6551032819355502,0.729251996963311,-0.07414871502776081,0.00031610739755967663,0.6550049409560887,0.7291952887594306,-0.07419034780334186,0.00027447462197863963,posthoc_arithmetic_from_saved_coefficients
2,19,297,甲,normal,distinction_loss,below,R_8b0d2a6b7293001d_t290,H,"[[""sig_e""]]","[{""slot"":1,""relation_id"":""1a6d2648c94d7f31"",""state"":""H"",""names"":[""sig_e""],""history"":{""sig_e"":1}}]",H[sig_e],0.7659574468085106,0,wrong,wrong,,,,,,門上候補なし,,,,0.7652725365798668,,,,0.7651852023475892,,,not_applicable_no_correct_above_gate
2,19,405,甲,normal,selection_error,above,R_8b0d2a6b7293001d_t290,H,"[[""sig_e""]]","[{""slot"":1,""relation_id"":""1a6d2648c94d7f31"",""state"":""H"",""names"":[""sig_e""],""history"":{""sig_e"":10}}]",H[sig_e],0.7659574468085106,1,wrong,wrong,R_bfecf95ccc797855_t299,1,F,"[[""sig_n""]]","[{""slot"":7,""relation_id"":""980c94c5d339dbeb"",""state"":""F"",""names"":[""sig_n""],""history"":null}]",F[sig_n],0.6440677966101694,-0.12188965019834115,0.6438253940271021,0.7653238106823452,-0.12149841665524311,0.0003912335430980394,0.643761315023027,0.765236614375928,-0.121475299352901,0.00041435084544014645,posthoc_arithmetic_from_saved_coefficients
2,19,1054,甲,exception,selection_error,above,R_7b6b1008b48c1115_t952,U,[[]],"[{""slot"":6,""relation_id"":""30a80dfb7be3f3c2"",""state"":""U"",""names"":[],""history"":null}]",U,0.8955223880597015,1,wrong,wrong,R_289b480627cdd4d5,1,H,"[[""sig_e""]]","[{""slot"":6,""relation_id"":""3a07b8a0272dcc05"",""state"":""H"",""names"":[""sig_e""],""history"":{""sig_e"":1}}]",H[sig_e],0.8702290076335878,-0.025293380426113708,0.8707604866916508,0.8956765318468726,-0.024916045155221708,0.0003773352708919972,0.8706494714144649,0.8956038087581359,-0.024954337343671047,0.0003390430824426587,posthoc_arithmetic_from_saved_coefficients
2,19,1284,甲,normal,selection_error,above,R_8b0d2a6b7293001d,H,"[[""sig_e""]]","[{""slot"":15,""relation_id"":""ea6a50a9ee9e6966"",""state"":""H"",""names"":[""sig_e""],""history"":{""sig_e"":4}}]",H[sig_e],0.782608695652174,1,wrong,wrong,R_e1a8b7e64c3158ab,1,F,"[[""sig_n""]]","[{""slot"":5,""relation_id"":""54e478635c513b68"",""state"":""F"",""names"":[""sig_n""],""history"":null}]",F[sig_n],0.625,-0.15760869565217392,0.6250628741705274,0.7819394037078455,-0.15687652953731812,0.0007321661148557859,0.6249920103444566,0.7818476007633535,-0.15685559041889688,0.0007531052332770247,posthoc_arithmetic_from_saved_coefficients
2,19,1516,乙,normal,selection_error,above,R_0e5d236bf5b42b15_t1504,H,"[[""sig_e""]]","[{""slot"":9,""relation_id"":""7214ae4e5d7a784a"",""state"":""H"",""names"":[""sig_e""],""history"":{""sig_e"":1}}]",H[sig_e],0.8,3,wrong,wrong,R_9e4d965d6b6585c5_t1515,1,F,"[[""sig_n""]]","[{""slot"":8,""relation_id"":""9e1e3a6e7b9e4121"",""state"":""F"",""names"":[""sig_n""],""history"":null}]",F[sig_n],0.6785714285714286,-0.12142857142857143,0.6783458247854899,0.7992311879206843,-0.12088536313519438,0.0005432082933770526,0.6782408766988887,0.7991662951876518,-0.12092541848876313,0.0005031529398082978,posthoc_arithmetic_from_saved_coefficients
2,19,1516,乙,normal,selection_error,above,R_0e5d236bf5b42b15_t1504,H,"[[""sig_e""]]","[{""slot"":9,""relation_id"":""7214ae4e5d7a784a"",""state"":""H"",""names"":[""sig_e""],""history"":{""sig_e"":1}}]",H[sig_e],0.8,3,wrong,wrong,R_d4a930c69f291eac,2,F,"[[""sig_n""]]","[{""slot"":3,""relation_id"":""37109191dfab21f0"",""state"":""F"",""names"":[""sig_n""],""history"":null}]",F[sig_n],0.6422018348623854,-0.1577981651376147,0.6422843191847633,0.7992311879206843,-0.156946868735921,0.0008512964016936672,0.6421774479772094,0.7991662951876518,-0.15698884721044232,0.0008093179271723551,posthoc_arithmetic_from_saved_coefficients
2,19,1516,乙,normal,selection_error,above,R_0e5d236bf5b42b15_t1504,H,"[[""sig_e""]]","[{""slot"":9,""relation_id"":""7214ae4e5d7a784a"",""state"":""H"",""names"":[""sig_e""],""history"":{""sig_e"":1}}]",H[sig_e],0.8,3,wrong,wrong,R_7a706aa5b47448d5,3,F,"[[""sig_n""]]","[{""slot"":3,""relation_id"":""6d215ee9e7eec464"",""state"":""F"",""names"":[""sig_n""],""history"":null}]",F[sig_n],0.6422018348623854,-0.1577981651376147,0.641942437507861,0.7992311879206843,-0.15728875041282328,0.0005094147247913919,0.6418416810072983,0.7991662951876518,-0.15732461418035346,0.00047355095726120936,posthoc_arithmetic_from_saved_coefficients
2,19,1561,甲,exception,selection_error,above,R_7b6b1008b48c1115_t1517,H,"[[""sig_n""]]","[{""slot"":9,""relation_id"":""aed91b9a8ee42eda"",""state"":""H"",""names"":[""sig_n""],""history"":{""sig_n"":14}}]",H[sig_n],0.8,2,wrong,wrong,R_0d2029ba5ef8463b,1,F,"[[""sig_e""]]","[{""slot"":3,""relation_id"":""5fe958e2d97abdf9"",""state"":""F"",""names"":[""sig_e""],""history"":null}]",F[sig_e],0.6902654867256637,-0.10973451327433628,0.6903341484219404,0.7992422065849298,-0.10890805816298946,0.0008264551113468227,0.6902240156954811,0.7991772057461282,-0.10895319005064706,0.0007813232236892167,posthoc_arithmetic_from_saved_coefficients
2,19,1561,甲,exception,selection_error,above,R_7b6b1008b48c1115_t1517,H,"[[""sig_n""]]","[{""slot"":9,""relation_id"":""aed91b9a8ee42eda"",""state"":""H"",""names"":[""sig_n""],""history"":{""sig_n"":14}}]",H[sig_n],0.8,2,wrong,wrong,R_9075d2f1da15b9b3,2,F,"[[""sig_e""]]","[{""slot"":1,""relation_id"":""2c68ba7ecd0f234d"",""state"":""F"",""names"":[""sig_e""],""history"":null}]",F[sig_e],0.6785714285714286,-0.12142857142857143,0.6783515741468119,0.7992422065849298,-0.12089063243811794,0.0005379389904534863,0.6782465323490666,0.7991772057461282,-0.12093067339706154,0.0004978980315098954,posthoc_arithmetic_from_saved_coefficients
2,19,1622,甲,normal,selection_error,above,R_8b0d2a6b7293001d_t1610,H,"[[""sig_e""]]","[{""slot"":4,""relation_id"":""81f988a6ca7cc230"",""state"":""H"",""names"":[""sig_e""],""history"":{""sig_e"":3}}]",H[sig_e],0.7659574468085106,3,wrong,wrong,R_a446f7302597b869_t1619,1,F,"[[""sig_n""]]","[{""slot"":11,""relation_id"":""f87f996aa364688a"",""state"":""F"",""names"":[""sig_n""],""history"":null}]",F[sig_n],0.6554621848739496,-0.11049526193456106,0.6555538196605334,0.7653075613725356,-0.10975374171200221,0.0007415202225588505,0.6554850404797332,0.7652203696168363,-0.10973532913710309,0.0007599327974579738,posthoc_arithmetic_from_saved_coefficients
2,19,1622,甲,normal,selection_error,above,R_8b0d2a6b7293001d_t1610,H,"[[""sig_e""]]","[{""slot"":4,""relation_id"":""81f988a6ca7cc230"",""state"":""H"",""names"":[""sig_e""],""history"":{""sig_e"":3}}]",H[sig_e],0.7659574468085106,3,wrong,wrong,R_d13632637df56212,2,F,"[[""sig_n""]]","[{""slot"":9,""relation_id"":""d6f38c7eba462f9d"",""state"":""F"",""names"":[""sig_n""],""history"":null}]",F[sig_n],0.6554621848739496,-0.11049526193456106,0.6554866243283848,0.7653075613725356,-0.10982093704415077,0.0006743248904102883,0.6554178485873708,0.7652203696168363,-0.10980252102946546,0.0006927409050955967,posthoc_arithmetic_from_saved_coefficients
2,19,1622,甲,normal,selection_error,above,R_8b0d2a6b7293001d_t1610,H,"[[""sig_e""]]","[{""slot"":4,""relation_id"":""81f988a6ca7cc230"",""state"":""H"",""names"":[""sig_e""],""history"":{""sig_e"":3}}]",H[sig_e],0.7659574468085106,3,wrong,wrong,R_1d4532c404ae777e,3,F,"[[""sig_n""]]","[{""slot"":2,""relation_id"":""1d7a642a478f235c"",""state"":""F"",""names"":[""sig_n""],""history"":null}]",F[sig_n],0.6440677966101694,-0.12188965019834115,0.6438415465390823,0.7653075613725356,-0.12146601483345326,0.00042363536488788657,0.643777494467937,0.7652203696168363,-0.1214428751488993,0.00044677504944184266,posthoc_arithmetic_from_saved_coefficients
2,20,324,乙,exception,selection_error,above,R_cb63a1ebfc31098d_t283,H,"[[""sig_n""]]","[{""slot"":16,""relation_id"":""f8c29f7913e368ea"",""state"":""H"",""names"":[""sig_n""],""history"":{""sig_n"":8}}]",H[sig_n],0.782608695652174,1,wrong,wrong,R_615a9d05e33fa310,1,F,"[[""sig_e""]]","[{""slot"":9,""relation_id"":""f1c04eb15a79ff52"",""state"":""F"",""names"":[""sig_e""],""history"":null}]",F[sig_e],0.625,-0.15760869565217392,0.6250416403719316,0.7817276860319744,-0.1566860456600428,0.0009226499921311132,0.6249278519710757,0.7816773050826817,-0.156749453111606,0.0008592425405679078,posthoc_arithmetic_from_saved_coefficients
2,20,487,乙,exception,selection_error,above,R_cb63a1ebfc31098d,H,"[[""sig_n""]]","[{""slot"":7,""relation_id"":""6d9574057f715a10"",""state"":""H"",""names"":[""sig_n""],""history"":{""sig_n"":12}}]",H[sig_n],0.7659574468085106,2,wrong,wrong,R_9bc40d505af93c42,1,F,"[[""sig_e""]]","[{""slot"":8,""relation_id"":""a7b0bf2bec5dad61"",""state"":""F"",""names"":[""sig_e""],""history"":null}]",F[sig_e],0.6440677966101694,-0.12188965019834115,0.6440921653024516,0.7650958965206913,-0.12100373121823971,0.0008859189801014417,0.6439801098945794,0.765048358838699,-0.1210682489441196,0.0008214012542215466,posthoc_arithmetic_from_saved_coefficients
2,20,487,乙,exception,selection_error,above,R_cb63a1ebfc31098d,H,"[[""sig_n""]]","[{""slot"":7,""relation_id"":""6d9574057f715a10"",""state"":""H"",""names"":[""sig_n""],""history"":{""sig_n"":12}}]",H[sig_n],0.7659574468085106,2,wrong,wrong,R_615a9d05e33fa310,2,F,"[[""sig_e""]]","[{""slot"":9,""relation_id"":""f1c04eb15a79ff52"",""state"":""F"",""names"":[""sig_e""],""history"":null}]",F[sig_e],0.6086956521739131,-0.1572617946345976,0.6087302734317098,0.7650958965206913,-0.15636562308898144,0.0008961715456161406,0.6086229123502477,0.765048358838699,-0.15642544648845133,0.0008363481461462682,posthoc_arithmetic_from_saved_coefficients
2,20,524,乙,exception,selection_error,above,R_cb63a1ebfc31098d_t507,H,"[[""sig_n""]]","[{""slot"":15,""relation_id"":""ef6dbf4529bd73c7"",""state"":""H"",""names"":[""sig_n""],""history"":{""sig_n"":6}}]",H[sig_n],0.782608695652174,2,wrong,wrong,R_9bc40d505af93c42,1,F,"[[""sig_e""]]","[{""slot"":8,""relation_id"":""a7b0bf2bec5dad61"",""state"":""F"",""names"":[""sig_e""],""history"":null}]",F[sig_e],0.6608695652173913,-0.12173913043478261,0.6608883009176854,0.7817152114062631,-0.12082691048857783,0.0009122199462047784,0.6607696905750345,0.7816647600132123,-0.12089506943817764,0.0008440609966049673,posthoc_arithmetic_from_saved_coefficients
2,20,524,乙,exception,selection_error,above,R_cb63a1ebfc31098d_t507,H,"[[""sig_n""]]","[{""slot"":15,""relation_id"":""ef6dbf4529bd73c7"",""state"":""H"",""names"":[""sig_n""],""history"":{""sig_n"":6}}]",H[sig_n],0.782608695652174,2,wrong,wrong,R_615a9d05e33fa310,2,F,"[[""sig_e""]]","[{""slot"":9,""relation_id"":""f1c04eb15a79ff52"",""state"":""F"",""names"":[""sig_e""],""history"":null}]",F[sig_e],0.625,-0.15760869565217392,0.6250293455648407,0.7817152114062631,-0.1566858658414224,0.0009228298107515041,0.6249154905362541,0.7816647600132123,-0.15674926947695816,0.0008594261752157451,posthoc_arithmetic_from_saved_coefficients
2,20,535,甲,exception,selection_error,above,R_7b6b1008b48c1115,H,"[[""sig_n""]]","[{""slot"":11,""relation_id"":""8fec55eca8a0265e"",""state"":""H"",""names"":[""sig_n""],""history"":{""sig_n"":4}}]",H[sig_n],0.8,2,wrong,wrong,R_4767122da6895de8,1,F,"[[""sig_e""]]","[{""slot"":4,""relation_id"":""6bf6aeb15654afe4"",""state"":""F"",""names"":[""sig_e""],""history"":null}]",F[sig_e],0.6785714285714286,-0.12142857142857143,0.6783936129615765,0.7991401669036172,-0.12074655394204074,0.0006820174865306855,0.6783325367599231,0.7990236365468666,-0.12069109978694346,0.0007374716416279602,posthoc_arithmetic_from_saved_coefficients
2,20,535,甲,exception,selection_error,above,R_7b6b1008b48c1115,H,"[[""sig_n""]]","[{""slot"":11,""relation_id"":""8fec55eca8a0265e"",""state"":""H"",""names"":[""sig_n""],""history"":{""sig_n"":4}}]",H[sig_n],0.8,2,wrong,wrong,R_870a5c643ffd461d,2,F,"[[""sig_e""]]","[{""slot"":0,""relation_id"":""4c9fa524d26e62ab"",""state"":""F"",""names"":[""sig_e""],""history"":null}]",F[sig_e],0.6296296296296297,-0.17037037037037037,0.6299585526458538,0.7991401669036172,-0.16918161425776354,0.0011887561126068427,0.6298993966252331,0.7990236365468666,-0.1691242399216335,0.0012461304487368693,posthoc_arithmetic_from_saved_coefficients
2,20,563,乙,exception,selection_error,above,R_cb63a1ebfc31098d_t507,H,"[[""sig_n""]]","[{""slot"":15,""relation_id"":""ef6dbf4529bd73c7"",""state"":""H"",""names"":[""sig_n""],""history"":{""sig_n"":4}}]",H[sig_n],0.7659574468085106,1,wrong,wrong,R_9bc40d505af93c42,1,F,"[[""sig_e""]]","[{""slot"":8,""relation_id"":""a7b0bf2bec5dad61"",""state"":""F"",""names"":[""sig_e""],""history"":null}]",F[sig_e],0.6440677966101694,-0.12188965019834115,0.6441131885954126,0.7651167870539595,-0.12100359845854684,0.0008860517397943016,0.6440011917689795,0.7650693120229823,-0.12106812025400289,0.0008215299443382631,posthoc_arithmetic_from_saved_coefficients
2,20,673,乙,exception,selection_error,above,R_cb63a1ebfc31098d_t618,H,"[[""sig_n""]]","[{""slot"":8,""relation_id"":""7a0727a85826dd23"",""state"":""H"",""names"":[""sig_n""],""history"":{""sig_n"":14}}]",H[sig_n],0.782608695652174,3,wrong,wrong,R_318bd7a438f80cc5,1,F,"[[""sig_e""]]","[{""slot"":10,""relation_id"":""b6a2024ba05c9efe"",""state"":""F"",""names"":[""sig_e""],""history"":null}]",F[sig_e],0.6608695652173913,-0.12173913043478261,0.6611380173456576,0.7817166810770965,-0.12057866373143884,0.0011604667033437669,0.6610193555052225,0.7816662168198677,-0.1206468613146451,0.0010922691201375153,posthoc_arithmetic_from_saved_coefficients
2,20,673,乙,exception,selection_error,above,R_cb63a1ebfc31098d_t618,H,"[[""sig_n""]]","[{""slot"":8,""relation_id"":""7a0727a85826dd23"",""state"":""H"",""names"":[""sig_n""],""history"":{""sig_n"":14}}]",H[sig_n],0.782608695652174,3,wrong,wrong,R_4c7fb8909af1774e,2,F,"[[""sig_e""]]","[{""slot"":3,""relation_id"":""631bdd74ed6ada2a"",""state"":""F"",""names"":[""sig_e""],""history"":null}]",F[sig_e],0.6608695652173913,-0.12173913043478261,0.6612089019191177,0.7817166810770965,-0.12050777915797875,0.001231351276803865,0.6610902227861888,0.7816662168198677,-0.1205759940336788,0.0011631364011038053,posthoc_arithmetic_from_saved_coefficients
2,20,673,乙,exception,selection_error,above,R_cb63a1ebfc31098d_t618,H,"[[""sig_n""]]","[{""slot"":8,""relation_id"":""7a0727a85826dd23"",""state"":""H"",""names"":[""sig_n""],""history"":{""sig_n"":14}}]",H[sig_n],0.782608695652174,3,wrong,wrong,R_9bc40d505af93c42,3,F,"[[""sig_e""]]","[{""slot"":8,""relation_id"":""a7b0bf2bec5dad61"",""state"":""F"",""names"":[""sig_e""],""history"":null}]",F[sig_e],0.6608695652173913,-0.12173913043478261,0.6608897925571067,0.7817166810770965,-0.1208268885199898,0.00091224191479282,0.660771168835542,0.7816662168198677,-0.12089504798432568,0.0008440824504569206,posthoc_arithmetic_from_saved_coefficients
2,20,727,乙,normal,selection_error,above,R_22604ec5e16d756f,H,"[[""sig_e""]]","[{""slot"":0,""relation_id"":""0cf1df7ffb19b1f5"",""state"":""H"",""names"":[""sig_e""],""history"":{""sig_e"":2}}]",H[sig_e],0.7299270072992701,2,wrong,wrong,R_a3e2181b14bbde85_t722,1,F,"[[""sig_n""]]","[{""slot"":4,""relation_id"":""440c2348d065552c"",""state"":""F"",""names"":[""sig_n""],""history"":null}]",F[sig_n],0.6440677966101694,-0.08585921068910059,0.6439534297812537,0.7291634268678924,-0.0852099970866387,0.0006492136024618719,0.6438995671155215,0.7290603278434297,-0.08516076072790815,0.0006984499611924242,posthoc_arithmetic_from_saved_coefficients
2,20,727,乙,normal,selection_error,above,R_22604ec5e16d756f,H,"[[""sig_e""]]","[{""slot"":0,""relation_id"":""0cf1df7ffb19b1f5"",""state"":""H"",""names"":[""sig_e""],""history"":{""sig_e"":2}}]",H[sig_e],0.7299270072992701,2,wrong,wrong,R_f10dc019491698d2,2,F,"[[""sig_n""]]","[{""slot"":10,""relation_id"":""ef6dbf4529bd73c7"",""state"":""F"",""names"":[""sig_n""],""history"":null}]",F[sig_n],0.6440677966101694,-0.08585921068910059,0.6438970079491534,0.7291634268678924,-0.08526641891873898,0.0005927917703615947,0.6438431476411478,0.7290603278434297,-0.0852171802022818,0.000642030486818779,posthoc_arithmetic_from_saved_coefficients
2,20,793,甲,exception,selection_error,above,R_7b6b1008b48c1115_t749,H,"[[""sig_e""]]","[{""slot"":2,""relation_id"":""21c4ba4628e1c9cc"",""state"":""H"",""names"":[""sig_e""],""history"":{""sig_e"":1}}]",H[sig_e],0.8652482269503546,3,wrong,wrong,R_8b0d2a6b7293001d_t684,1,H,"[[""sig_e""]]","[{""slot"":5,""relation_id"":""729cd79f2e81ac4e"",""state"":""H"",""names"":[""sig_e""],""history"":{""sig_e"":13}}]",H[sig_e],0.8652482269503546,0.0,0.8657855619113853,0.8658509560018214,-6.539409043597055e-05,-6.539409043597055e-05,0.8657293584271221,0.8657293584271221,0.0,0.0,posthoc_arithmetic_from_saved_coefficients
2,20,793,甲,exception,selection_error,above,R_7b6b1008b48c1115_t749,H,"[[""sig_e""]]","[{""slot"":2,""relation_id"":""21c4ba4628e1c9cc"",""state"":""H"",""names"":[""sig_e""],""history"":{""sig_e"":1}}]",H[sig_e],0.8652482269503546,3,wrong,wrong,R_0d2029ba5ef8463b,2,F,"[[""sig_e""]]","[{""slot"":1,""relation_id"":""1093809ac498e9ad"",""state"":""F"",""names"":[""sig_e""],""history"":null}]",F[sig_e],0.6440677966101694,-0.2211804303401851,0.6442857637160945,0.8658509560018214,-0.2215651922857268,-0.0003847619455416843,0.6442318868271025,0.8657293584271221,-0.22149747160001945,-0.00031704125983432794,posthoc_arithmetic_from_saved_coefficients
2,20,793,甲,exception,selection_error,above,R_7b6b1008b48c1115_t749,H,"[[""sig_e""]]","[{""slot"":2,""relation_id"":""21c4ba4628e1c9cc"",""state"":""H"",""names"":[""sig_e""],""history"":{""sig_e"":1}}]",H[sig_e],0.8652482269503546,3,wrong,wrong,R_2f1a2f2059f4659c,3,F,"[[""sig_e""]]","[{""slot"":7,""relation_id"":""83c2dc104bbba9a0"",""state"":""F"",""names"":[""sig_e""],""history"":null}]",F[sig_e],0.6440677966101694,-0.2211804303401851,0.6439250136552775,0.8658509560018214,-0.2219259423465438,-0.0007455120063586769,0.6438711479191237,0.8657293584271221,-0.2218582105079983,-0.0006777801678131976,posthoc_arithmetic_from_saved_coefficients
2,20,907,甲,normal,selection_error,above,R_8b0d2a6b7293001d_t829,H,"[[""sig_e""]]","[{""slot"":12,""relation_id"":""cba12b24bc02428d"",""state"":""H"",""names"":[""sig_e""],""history"":{""sig_e"":11}}]",H[sig_e],0.8,2,wrong,wrong,R_1d4532c404ae777e_t742,1,F,"[[""sig_n""]]","[{""slot"":7,""relation_id"":""9cf1fc8f785aea52"",""state"":""F"",""names"":[""sig_n""],""history"":null}]",F[sig_n],0.6785714285714286,-0.12142857142857143,0.6783364306612197,0.7990760128330519,-0.12073958217183207,0.0006889892567393545,0.6782108122524302,0.7990225234754467,-0.12081171122301648,0.0006168602055549396,posthoc_arithmetic_from_saved_coefficients
2,20,907,甲,normal,selection_error,above,R_8b0d2a6b7293001d_t829,H,"[[""sig_e""]]","[{""slot"":12,""relation_id"":""cba12b24bc02428d"",""state"":""H"",""names"":[""sig_e""],""history"":{""sig_e"":11}}]",H[sig_e],0.8,2,wrong,wrong,R_627ae67a7f637bdb,2,F,"[[""sig_n""]]","[{""slot"":10,""relation_id"":""ea3753f5a096d475"",""state"":""F"",""names"":[""sig_n""],""history"":null}]",F[sig_n],0.6785714285714286,-0.12142857142857143,0.6783398817122971,0.7990760128330519,-0.12073613112075475,0.0006924403078166748,0.6782142663512838,0.7990225234754467,-0.12080825712416293,0.0006203143044084993,posthoc_arithmetic_from_saved_coefficients
2,20,1130,甲,normal,distinction_loss,absent,R_8b0d2a6b7293001d_t975,H,"[[""sig_e""]]","[{""slot"":14,""relation_id"":""e46022464c62ee8d"",""state"":""H"",""names"":[""sig_e""],""history"":{""sig_e"":6}}]",H[sig_e],0.782608695652174,0,wrong,wrong,,,,,,門上候補なし,,,,0.7817364308725517,,,,0.7816860617100796,,,not_applicable_no_correct_above_gate
2,20,1184,甲,exception,selection_error,above,R_7b6b1008b48c1115,H,"[[""sig_n""]]","[{""slot"":8,""relation_id"":""9542b4b77c750033"",""state"":""H"",""names"":[""sig_n""],""history"":{""sig_n"":2}}]",H[sig_n],0.8,1,wrong,wrong,R_ef81f20714fc4429,1,F,"[[""sig_e""]]","[{""slot"":10,""relation_id"":""fde00684f2e82823"",""state"":""F"",""names"":[""sig_e""],""history"":null}]",F[sig_e],0.6422018348623854,-0.1577981651376147,0.6419684516367598,0.799124194723877,-0.15715574308711722,0.0006424220504974698,0.6419103826438465,0.7990076350507265,-0.15709725240688,0.0007009127307346812,posthoc_arithmetic_from_saved_coefficients
2,20,1346,甲,exception,selection_error,above,R_7b6b1008b48c1115_t1337,H,"[[""sig_n""]]","[{""slot"":4,""relation_id"":""416f942d2bab88cf"",""state"":""H"",""names"":[""sig_n""],""history"":{""sig_n"":3}}]",H[sig_n],0.8,1,wrong,wrong,R_ef81f20714fc4429,1,F,"[[""sig_e""]]","[{""slot"":10,""relation_id"":""fde00684f2e82823"",""state"":""F"",""names"":[""sig_e""],""history"":null}]",F[sig_e],0.6422018348623854,-0.1577981651376147,0.6419731589252589,0.7991289240260977,-0.15715576510083876,0.0006424000367759124,0.6419150874301143,0.7990123612741725,-0.15709727384405822,0.0007008912935564537,posthoc_arithmetic_from_saved_coefficients
2,20,1493,乙,normal,selection_error,above,R_0e5d236bf5b42b15,H,"[[""sig_e""]]","[{""slot"":4,""relation_id"":""8350cfb18b2446ce"",""state"":""H"",""names"":[""sig_e""],""history"":{""sig_e"":10}}]",H[sig_e],0.8088235294117647,4,wrong,wrong,R_cb63a1ebfc31098d_t1397,1,H,"[[""sig_e""]]","[{""slot"":15,""relation_id"":""ec42e45df41c5076"",""state"":""H"",""names"":[""sig_e""],""history"":{""sig_e"":1}}]",H[sig_e],0.8,-0.008823529411764706,0.7990745257899223,0.8076730810205913,-0.008598555230669047,0.00022497418109565788,0.7990210264276446,0.8075527300675378,-0.008531703639893255,0.00029182577187145136,posthoc_arithmetic_from_saved_coefficients
2,20,1493,乙,normal,selection_error,above,R_0e5d236bf5b42b15,H,"[[""sig_e""]]","[{""slot"":4,""relation_id"":""8350cfb18b2446ce"",""state"":""H"",""names"":[""sig_e""],""history"":{""sig_e"":10}}]",H[sig_e],0.8088235294117647,4,wrong,wrong,R_48939b4afa3d5c42,2,F,"[[""sig_n""]]","[{""slot"":2,""relation_id"":""28c8ce2e57114258"",""state"":""F"",""names"":[""sig_n""],""history"":null}]",F[sig_n],0.6902654867256637,-0.11855804268610098,0.6894602796989678,0.8076730810205913,-0.11821280132162351,0.00034524136447747477,0.6893943849533288,0.8075527300675378,-0.11815834511420895,0.00039969757189204047,posthoc_arithmetic_from_saved_coefficients
2,20,1493,乙,normal,selection_error,above,R_0e5d236bf5b42b15,H,"[[""sig_e""]]","[{""slot"":4,""relation_id"":""8350cfb18b2446ce"",""state"":""H"",""names"":[""sig_e""],""history"":{""sig_e"":10}}]",H[sig_e],0.8088235294117647,4,wrong,wrong,R_fe7b42b67bef503d,3,F,"[[""sig_n""]]","[{""slot"":3,""relation_id"":""1a3c44962e4a19c6"",""state"":""F"",""names"":[""sig_n""],""history"":null}]",F[sig_n],0.6902654867256637,-0.11855804268610098,0.6899647590193653,0.8076730810205913,-0.11770832200122607,0.0008497206848749303,0.689898795230342,0.8075527300675378,-0.11765393483719577,0.0009041078489052129,posthoc_arithmetic_from_saved_coefficients
2,20,1493,乙,normal,selection_error,above,R_0e5d236bf5b42b15,H,"[[""sig_e""]]","[{""slot"":4,""relation_id"":""8350cfb18b2446ce"",""state"":""H"",""names"":[""sig_e""],""history"":{""sig_e"":10}}]",H[sig_e],0.8088235294117647,4,wrong,wrong,R_533f0b68a9c93324,4,F,"[[""sig_n""]]","[{""slot"":5,""relation_id"":""7d87d1a39151647c"",""state"":""F"",""names"":[""sig_n""],""history"":null}]",F[sig_n],0.6785714285714286,-0.13025210084033614,0.6787277289229867,0.8076730810205913,-0.1289453520976046,0.001306748742731532,0.6786666141085588,0.8075527300675378,-0.128886115958979,0.001365984881357137,posthoc_arithmetic_from_saved_coefficients
2,20,1595,乙,normal,selection_error,above,R_0e5d236bf5b42b15_t1558,H,"[[""sig_e""]]","[{""slot"":0,""relation_id"":""1acb40368a8f861c"",""state"":""H"",""names"":[""sig_e""],""history"":{""sig_e"":4}}]",H[sig_e],0.7659574468085106,2,wrong,wrong,R_48939b4afa3d5c42,1,F,"[[""sig_n""]]","[{""slot"":2,""relation_id"":""28c8ce2e57114258"",""state"":""F"",""names"":[""sig_n""],""history"":null}]",F[sig_n],0.6554621848739496,-0.11049526193456106,0.6547091186064855,0.7651791206006521,-0.11047000199416648,2.525994039457246e-05,0.6546505219475607,0.7650737799662891,-0.11042325801872852,7.200391583254288e-05,posthoc_arithmetic_from_saved_coefficients
2,20,1595,乙,normal,selection_error,above,R_0e5d236bf5b42b15_t1558,H,"[[""sig_e""]]","[{""slot"":0,""relation_id"":""1acb40368a8f861c"",""state"":""H"",""names"":[""sig_e""],""history"":{""sig_e"":4}}]",H[sig_e],0.7659574468085106,2,wrong,wrong,R_533f0b68a9c93324,2,F,"[[""sig_n""]]","[{""slot"":5,""relation_id"":""7d87d1a39151647c"",""state"":""F"",""names"":[""sig_n""],""history"":null}]",F[sig_n],0.6440677966101694,-0.12188965019834115,0.6442515945607371,0.7651791206006521,-0.12092752603991498,0.0009621241584261669,0.6441976594956382,0.7650737799662891,-0.12087612047065097,0.001013529727690174,posthoc_arithmetic_from_saved_coefficients
