world,seed,trial,shop,day,baseline_class,availability,selected_R,selected_seal_state,selected_seal_names,selected_seal_seats,selected_seal_class,selected_Q0_recorded,correct_candidates_above_gate,arm1_online_outcome,arm2_online_outcome,correct_R,rank_among_correct,correct_seal_state,correct_seal_names,correct_seal_seats,correct_seal_class,correct_Q0_recorded,gap0_correct_minus_selected,correct_Q1_final,selected_Q1_final,gap1_final,gap_change_arm1,correct_Q2_final,selected_Q2_final,gap2_final,gap_change_arm2,final_score_status,all_correct_seals
2,1,441,甲,normal,selection_error,above,R_8b0d2a6b7293001d_t326,H,"[[""sig_e""]]","[{""slot"":0,""relation_id"":""0377d3f53e6d3d8e"",""state"":""H"",""names"":[""sig_e""],""history"":{""sig_e"":12}}]",H[sig_e],0.782608695652174,2,wrong,wrong,R_627ae67a7f637bdb,1,F,"[[""sig_n""]]","[{""slot"":1,""relation_id"":""148d24e1b86422ab"",""state"":""F"",""names"":[""sig_n""],""history"":null}]",F[sig_n],0.6608695652173913,-0.12173913043478261,0.660606678460565,0.7820494634005224,-0.1214427849399574,0.00029634549482520213,0.6604813581025758,0.7820198605225075,-0.12153850241993171,0.00020062801485089547,posthoc_arithmetic_from_saved_coefficients,"[{""R"":""R_627ae67a7f637bdb"",""seal"":{""state"":""F"",""names"":[[""sig_n""]],""seats"":[{""slot"":1,""relation_id"":""148d24e1b86422ab"",""state"":""F"",""names"":[""sig_n""],""history"":null}],""registered_at"":422}},{""R"":""R_bfecf95ccc797855"",""seal"":{""state"":""F"",""names"":[[""sig_n""]],""seats"":[{""slot"":4,""relation_id"":""89c4b9bc305d860e"",""state"":""F"",""names"":[""sig_n""],""history"":null}],""registered_at"":419}}]"
2,1,967,乙,normal,selection_error,above,R_0e5d236bf5b42b15_t839,H,"[[""sig_e""]]","[{""slot"":6,""relation_id"":""5170d2dbdf2478f2"",""state"":""H"",""names"":[""sig_e""],""history"":{""sig_e"":10}}]",H[sig_e],0.7746478873239436,5,wrong,wrong,R_f10dc019491698d2,1,F,"[[""sig_n""]]","[{""slot"":9,""relation_id"":""b581fe35a4e07667"",""state"":""F"",""names"":[""sig_n""],""history"":null}]",F[sig_n],0.6554621848739496,-0.11918570244999409,0.6548496135034734,0.7739197612330454,-0.11907014772957204,0.00011555472042204048,0.6548121926645157,0.7738038513580634,-0.11899165869354765,0.0001940437564464282,posthoc_arithmetic_from_saved_coefficients,"[{""R"":""R_f10dc019491698d2"",""seal"":{""state"":""F"",""names"":[[""sig_n""]],""seats"":[{""slot"":9,""relation_id"":""b581fe35a4e07667"",""state"":""F"",""names"":[""sig_n""],""history"":null}],""registered_at"":853}},{""R"":""R_9e4d965d6b6585c5"",""seal"":{""state"":""F"",""names"":[[""sig_n""]],""seats"":[{""slot"":1,""relation_id"":""466bd5873fd72a6f"",""state"":""F"",""names"":[""sig_n""],""history"":null}],""registered_at"":962}},{""R"":""R_fe7b42b67bef503d"",""seal"":{""state"":""F"",""names"":[[""sig_n""]],""seats"":[{""slot"":1,""relation_id"":""466bd5873fd72a6f"",""state"":""F"",""names"":[""sig_n""],""history"":null}],""registered_at"":961}},{""R"":""R_a3e2181b14bbde85"",""seal"":{""state"":""F"",""names"":[[""sig_n""]],""seats"":[{""slot"":10,""relation_id"":""b581fe35a4e07667"",""state"":""F"",""names"":[""sig_n""],""history"":null}],""registered_at"":854}},{""R"":""R_442da8a01aca35ec"",""seal"":{""state"":""F"",""names"":[[""sig_n""]],""seats"":[{""slot"":9,""relation_id"":""ec45f2642ad90960"",""state"":""F"",""names"":[""sig_n""],""history"":null}],""registered_at"":850}}]"
2,1,1197,乙,normal,selection_error,above,R_0e5d236bf5b42b15,H,"[[""sig_e""]]","[{""slot"":9,""relation_id"":""94aa3b23abf01c83"",""state"":""H"",""names"":[""sig_e""],""history"":{""sig_e"":9}}]",H[sig_e],0.7746478873239436,4,wrong,wrong,R_a3e2181b14bbde85_t1192,1,F,"[[""sig_n""]]","[{""slot"":1,""relation_id"":""0755a1be02304d47"",""state"":""F"",""names"":[""sig_n""],""history"":null}]",F[sig_n],0.6440677966101694,-0.13058009071377416,0.6437283892274785,0.7739149012912975,-0.13018651206381893,0.0003935786499552502,0.643695158839579,0.773798998937697,-0.130103840098118,0.0004762506156561612,posthoc_arithmetic_from_saved_coefficients,"[{""R"":""R_a3e2181b14bbde85_t1192"",""seal"":{""state"":""F"",""names"":[[""sig_n""]],""seats"":[{""slot"":1,""relation_id"":""0755a1be02304d47"",""state"":""F"",""names"":[""sig_n""],""history"":null}],""registered_at"":1192}},{""R"":""R_533f0b68a9c93324"",""seal"":{""state"":""F"",""names"":[[""sig_n""]],""seats"":[{""slot"":0,""relation_id"":""0f03b3a77aa3e32f"",""state"":""F"",""names"":[""sig_n""],""history"":null}],""registered_at"":1188}},{""R"":""R_48939b4afa3d5c42"",""seal"":{""state"":""F"",""names"":[[""sig_n""]],""seats"":[{""slot"":11,""relation_id"":""ff99aadf8b490dc1"",""state"":""F"",""names"":[""sig_n""],""history"":null}],""registered_at"":977}},{""R"":""R_9e4d965d6b6585c5"",""seal"":{""state"":""F"",""names"":[[""sig_n""]],""seats"":[{""slot"":1,""relation_id"":""466bd5873fd72a6f"",""state"":""F"",""names"":[""sig_n""],""history"":null}],""registered_at"":962}}]"
2,1,1217,乙,normal,selection_error,above,R_0e5d236bf5b42b15,H,"[[""sig_e""]]","[{""slot"":9,""relation_id"":""94aa3b23abf01c83"",""state"":""H"",""names"":[""sig_e""],""history"":{""sig_e"":11}}]",H[sig_e],0.782608695652174,5,wrong,wrong,R_fe7b42b67bef503d_t1202,1,F,"[[""sig_n""]]","[{""slot"":2,""relation_id"":""4ff43fc965971195"",""state"":""F"",""names"":[""sig_n""],""history"":null}]",F[sig_n],0.6608695652173913,-0.12173913043478261,0.6610556620559984,0.7820779758498961,-0.12102231379389768,0.0007168166408849357,0.6610199449603963,0.7819599012853266,-0.1209399563249303,0.0007991741098523058,posthoc_arithmetic_from_saved_coefficients,"[{""R"":""R_fe7b42b67bef503d_t1202"",""seal"":{""state"":""F"",""names"":[[""sig_n""]],""seats"":[{""slot"":2,""relation_id"":""4ff43fc965971195"",""state"":""F"",""names"":[""sig_n""],""history"":null}],""registered_at"":1202}},{""R"":""R_f10dc019491698d2_t1198"",""seal"":{""state"":""F"",""names"":[[""sig_n""]],""seats"":[{""slot"":0,""relation_id"":""0755a1be02304d47"",""state"":""F"",""names"":[""sig_n""],""history"":null}],""registered_at"":1198}},{""R"":""R_a3e2181b14bbde85_t1192"",""seal"":{""state"":""F"",""names"":[[""sig_n""]],""seats"":[{""slot"":1,""relation_id"":""0755a1be02304d47"",""state"":""F"",""names"":[""sig_n""],""history"":null}],""registered_at"":1192}},{""R"":""R_533f0b68a9c93324"",""seal"":{""state"":""F"",""names"":[[""sig_n""]],""seats"":[{""slot"":0,""relation_id"":""0f03b3a77aa3e32f"",""state"":""F"",""names"":[""sig_n""],""history"":null}],""registered_at"":1188}},{""R"":""R_48939b4afa3d5c42"",""seal"":{""state"":""F"",""names"":[[""sig_n""]],""seats"":[{""slot"":11,""relation_id"":""ff99aadf8b490dc1"",""state"":""F"",""names"":[""sig_n""],""history"":null}],""registered_at"":977}}]"
2,2,263,甲,normal,selection_error,above,R_8b0d2a6b7293001d,H,"[[""sig_e""]]","[{""slot"":11,""relation_id"":""de6c549c56410c2c"",""state"":""H"",""names"":[""sig_e""],""history"":{""sig_e"":8}}]",H[sig_e],0.7913669064748201,1,wrong,wrong,R_d13632637df56212,1,F,"[[""sig_n""]]","[{""slot"":9,""relation_id"":""bc98d2c66c47eaa9"",""state"":""F"",""names"":[""sig_n""],""history"":null}]",F[sig_n],0.6724137931034483,-0.11895311337137186,0.6724409527472729,0.7904679912725747,-0.1180270385253018,0.0009260748460700676,0.6723751161625604,0.7903944515651029,-0.11801933540254246,0.000933777968829403,posthoc_arithmetic_from_saved_coefficients,"[{""R"":""R_d13632637df56212"",""seal"":{""state"":""F"",""names"":[[""sig_n""]],""seats"":[{""slot"":9,""relation_id"":""bc98d2c66c47eaa9"",""state"":""F"",""names"":[""sig_n""],""history"":null}],""registered_at"":260}}]"
2,2,1340,乙,normal,distinction_loss,below,R_0e5d236bf5b42b15,H,"[[""sig_e""]]","[{""slot"":14,""relation_id"":""d58732bd8767a0d6"",""state"":""H"",""names"":[""sig_e""],""history"":{""sig_e"":1}}]",H[sig_e],0.7659574468085106,0,wrong,wrong,,,,,,門上候補なし,,,,0.7652966926368008,,,,0.7652435503724307,,,not_applicable_no_correct_above_gate,[]
2,3,107,甲,normal,selection_error,above,R_8b0d2a6b7293001d,H,"[[""sig_e""]]","[{""slot"":2,""relation_id"":""0f1c6dac509a1a18"",""state"":""H"",""names"":[""sig_e""],""history"":{""sig_e"":1}}]",H[sig_e],0.8088235294117647,1,wrong,wrong,R_beb6d0d0aa09b5d2,1,none,[],[],席が無い,0.4742268041237113,-0.33459672528805334,0.4729576573535128,0.807746601382313,-0.3347889440288002,-0.00019221874074683325,0.4729219246471358,0.807628465667942,-0.33470654102080616,-0.00010981573275280538,posthoc_arithmetic_from_saved_coefficients,"[{""R"":""R_beb6d0d0aa09b5d2"",""seal"":{""state"":""none"",""names"":[],""seats"":[],""registered_at"":1}}]"
2,3,339,甲,normal,selection_error,above,R_8b0d2a6b7293001d,H,"[[""sig_e""]]","[{""slot"":9,""relation_id"":""9ae8547c6ae0d604"",""state"":""H"",""names"":[""sig_e""],""history"":{""sig_e"":8}}]",H[sig_e],0.782608695652174,1,wrong,wrong,R_bfecf95ccc797855,1,F,"[[""sig_n""]]","[{""slot"":5,""relation_id"":""bf4459204d2bc1c3"",""state"":""F"",""names"":[""sig_n""],""history"":null}]",F[sig_n],0.6608695652173913,-0.12173913043478261,0.6602111904715354,0.781715801954638,-0.1215046114831025,0.00023451895168011332,0.6601690166151336,0.7816068013351144,-0.12143778471998078,0.0003013457148018377,posthoc_arithmetic_from_saved_coefficients,"[{""R"":""R_bfecf95ccc797855"",""seal"":{""state"":""F"",""names"":[[""sig_n""]],""seats"":[{""slot"":5,""relation_id"":""bf4459204d2bc1c3"",""state"":""F"",""names"":[""sig_n""],""history"":null}],""registered_at"":108}}]"
2,3,1291,甲,normal,selection_error,above,R_8b0d2a6b7293001d_t1122,H,"[[""sig_e""]]","[{""slot"":2,""relation_id"":""2401fb2bcd7631d2"",""state"":""H"",""names"":[""sig_e""],""history"":{""sig_e"":4}}]",H[sig_e],0.7659574468085106,1,wrong,wrong,R_627ae67a7f637bdb_t1116,1,F,"[[""sig_n""]]","[{""slot"":1,""relation_id"":""17f3ca05239f8cbc"",""state"":""F"",""names"":[""sig_n""],""history"":null}]",F[sig_n],0.6440677966101694,-0.12188965019834115,0.643746433399738,0.7652113817676414,-0.12146494836790338,0.0004247018304377677,0.6437068670900796,0.7651076543765428,-0.1214007872864632,0.0004888629118779552,posthoc_arithmetic_from_saved_coefficients,"[{""R"":""R_627ae67a7f637bdb_t1116"",""seal"":{""state"":""F"",""names"":[[""sig_n""]],""seats"":[{""slot"":1,""relation_id"":""17f3ca05239f8cbc"",""state"":""F"",""names"":[""sig_n""],""history"":null}],""registered_at"":1116}}]"
2,4,22,乙,normal,selection_error,above,R_0e5d236bf5b42b15,H,"[[""sig_e""]]","[{""slot"":5,""relation_id"":""26b7a58ae38ab137"",""state"":""H"",""names"":[""sig_e""],""history"":{""sig_e"":2}}]",H[sig_e],0.8088235294117647,4,wrong,wrong,R_9e4d965d6b6585c5,1,F,"[[""sig_n""]]","[{""slot"":0,""relation_id"":""02b164c51e2f261a"",""state"":""F"",""names"":[""sig_n""],""history"":null}]",F[sig_n],0.6902654867256637,-0.11855804268610098,0.6897617325587113,0.8078516089510156,-0.11808987639230428,0.00046816629379670984,0.6896619466220217,0.8078213797868317,-0.11815943316480984,0.0003986095212911497,posthoc_arithmetic_from_saved_coefficients,"[{""R"":""R_9e4d965d6b6585c5"",""seal"":{""state"":""F"",""names"":[[""sig_n""]],""seats"":[{""slot"":0,""relation_id"":""02b164c51e2f261a"",""state"":""F"",""names"":[""sig_n""],""history"":null}],""registered_at"":14}},{""R"":""R_a3e2181b14bbde85"",""seal"":{""state"":""F"",""names"":[[""sig_n""]],""seats"":[{""slot"":0,""relation_id"":""02b164c51e2f261a"",""state"":""F"",""names"":[""sig_n""],""history"":null}],""registered_at"":12}},{""R"":""R_f10dc019491698d2"",""seal"":{""state"":""F"",""names"":[[""sig_n""]],""seats"":[{""slot"":0,""relation_id"":""02b164c51e2f261a"",""state"":""F"",""names"":[""sig_n""],""history"":null}],""registered_at"":10}},{""R"":""R_533f0b68a9c93324"",""seal"":{""state"":""F"",""names"":[[""sig_n""]],""seats"":[{""slot"":2,""relation_id"":""6e3a6daf2be4adc3"",""state"":""F"",""names"":[""sig_n""],""history"":null}],""registered_at"":7}}]"
2,4,132,乙,normal,selection_error,above,R_0e5d236bf5b42b15,H,"[[""sig_e""]]","[{""slot"":5,""relation_id"":""26b7a58ae38ab137"",""state"":""H"",""names"":[""sig_e""],""history"":{""sig_e"":3}}]",H[sig_e],0.8088235294117647,5,wrong,wrong,R_fe7b42b67bef503d,1,F,"[[""sig_n""]]","[{""slot"":1,""relation_id"":""307dd1a0aab2d7d3"",""state"":""F"",""names"":[""sig_n""],""history"":null}]",F[sig_n],0.6902654867256637,-0.11855804268610098,0.6900960065312342,0.8078554743344776,-0.11775946780324338,0.0007985748828576104,0.6899962110536606,0.8078252839517588,-0.11782907289809824,0.0007289697880027481,posthoc_arithmetic_from_saved_coefficients,"[{""R"":""R_fe7b42b67bef503d"",""seal"":{""state"":""F"",""names"":[[""sig_n""]],""seats"":[{""slot"":1,""relation_id"":""307dd1a0aab2d7d3"",""state"":""F"",""names"":[""sig_n""],""history"":null}],""registered_at"":129}},{""R"":""R_9e4d965d6b6585c5"",""seal"":{""state"":""F"",""names"":[[""sig_n""]],""seats"":[{""slot"":0,""relation_id"":""02b164c51e2f261a"",""state"":""F"",""names"":[""sig_n""],""history"":null}],""registered_at"":14}},{""R"":""R_a3e2181b14bbde85"",""seal"":{""state"":""F"",""names"":[[""sig_n""]],""seats"":[{""slot"":0,""relation_id"":""02b164c51e2f261a"",""state"":""F"",""names"":[""sig_n""],""history"":null}],""registered_at"":12}},{""R"":""R_f10dc019491698d2"",""seal"":{""state"":""F"",""names"":[[""sig_n""]],""seats"":[{""slot"":0,""relation_id"":""02b164c51e2f261a"",""state"":""F"",""names"":[""sig_n""],""history"":null}],""registered_at"":10}},{""R"":""R_533f0b68a9c93324"",""seal"":{""state"":""F"",""names"":[[""sig_n""]],""seats"":[{""slot"":2,""relation_id"":""6e3a6daf2be4adc3"",""state"":""F"",""names"":[""sig_n""],""history"":null}],""registered_at"":7}}]"
2,4,245,甲,normal,selection_error,above,R_8b0d2a6b7293001d,H,"[[""sig_e""]]","[{""slot"":14,""relation_id"":""e2d44da8475c6227"",""state"":""H"",""names"":[""sig_e""],""history"":{""sig_e"":9}}]",H[sig_e],0.7746478873239436,4,wrong,wrong,R_a446f7302597b869,1,F,"[[""sig_n""]]","[{""slot"":3,""relation_id"":""44b85958cdf81259"",""state"":""F"",""names"":[""sig_n""],""history"":null}]",F[sig_n],0.6554621848739496,-0.11918570244999409,0.6553874356991636,0.7738692222037616,-0.11848178650459804,0.0007039159453960447,0.655355461949176,0.7737855129288448,-0.11843005097966872,0.0007556514703253599,posthoc_arithmetic_from_saved_coefficients,"[{""R"":""R_a446f7302597b869"",""seal"":{""state"":""F"",""names"":[[""sig_n""]],""seats"":[{""slot"":3,""relation_id"":""44b85958cdf81259"",""state"":""F"",""names"":[""sig_n""],""history"":null}],""registered_at"":134}},{""R"":""R_d13632637df56212"",""seal"":{""state"":""F"",""names"":[[""sig_n""]],""seats"":[{""slot"":2,""relation_id"":""44b85958cdf81259"",""state"":""F"",""names"":[""sig_n""],""history"":null}],""registered_at"":133}},{""R"":""R_627ae67a7f637bdb"",""seal"":{""state"":""F"",""names"":[[""sig_n""]],""seats"":[{""slot"":8,""relation_id"":""a539fd3e0d753d0b"",""state"":""F"",""names"":[""sig_n""],""history"":null}],""registered_at"":16}},{""R"":""R_94a5a2e983982a1d"",""seal"":{""state"":""F"",""names"":[[""sig_n""]],""seats"":[{""slot"":4,""relation_id"":""455c51e2be2dd8ac"",""state"":""F"",""names"":[""sig_n""],""history"":null}],""registered_at"":137}}]"
2,4,355,甲,normal,selection_error,above,R_8b0d2a6b7293001d_t341,H,"[[""sig_e""]]","[{""slot"":3,""relation_id"":""3887a9c818d5bea5"",""state"":""H"",""names"":[""sig_e""],""history"":{""sig_e"":2}}]",H[sig_e],0.8,3,wrong,wrong,R_a446f7302597b869,1,F,"[[""sig_n""]]","[{""slot"":3,""relation_id"":""44b85958cdf81259"",""state"":""F"",""names"":[""sig_n""],""history"":null}]",F[sig_n],0.6902654867256637,-0.10973451327433628,0.6901490718662354,0.7993121685775187,-0.1091630967112833,0.0005714165630529803,0.6901129938983169,0.7992226371921202,-0.10910964329380318,0.000624869980533096,posthoc_arithmetic_from_saved_coefficients,"[{""R"":""R_a446f7302597b869"",""seal"":{""state"":""F"",""names"":[[""sig_n""]],""seats"":[{""slot"":3,""relation_id"":""44b85958cdf81259"",""state"":""F"",""names"":[""sig_n""],""history"":null}],""registered_at"":134}},{""R"":""R_d13632637df56212"",""seal"":{""state"":""F"",""names"":[[""sig_n""]],""seats"":[{""slot"":2,""relation_id"":""44b85958cdf81259"",""state"":""F"",""names"":[""sig_n""],""history"":null}],""registered_at"":133}},{""R"":""R_94a5a2e983982a1d"",""seal"":{""state"":""F"",""names"":[[""sig_n""]],""seats"":[{""slot"":4,""relation_id"":""455c51e2be2dd8ac"",""state"":""F"",""names"":[""sig_n""],""history"":null}],""registered_at"":137}}]"
2,4,463,乙,normal,distinction_loss,below,R_0e5d236bf5b42b15,H,"[[""sig_e""]]","[{""slot"":6,""relation_id"":""4912a623ab8f067f"",""state"":""H"",""names"":[""sig_e""],""history"":{""sig_e"":2}}]",H[sig_e],0.7659574468085106,0,wrong,wrong,,,,,,門上候補なし,,,,0.7652242075490174,,,,0.7651998340524677,,,not_applicable_no_correct_above_gate,[]
2,4,787,乙,normal,selection_error,above,R_0e5d236bf5b42b15,H,"[[""sig_e""]]","[{""slot"":5,""relation_id"":""35e7d19624404c8f"",""state"":""H"",""names"":[""sig_e""],""history"":{""sig_e"":2}}]",H[sig_e],0.8,3,wrong,wrong,R_fe7b42b67bef503d,1,F,"[[""sig_n""]]","[{""slot"":0,""relation_id"":""1634aa25ab03de24"",""state"":""F"",""names"":[""sig_n""],""history"":null}]",F[sig_n],0.6902654867256637,-0.10973451327433628,0.6900986481254927,0.7992039563143927,-0.10910530818889999,0.0006292050854362869,0.689998850836834,0.7991762236491529,-0.10917737281231887,0.0005571404620174115,posthoc_arithmetic_from_saved_coefficients,"[{""R"":""R_fe7b42b67bef503d"",""seal"":{""state"":""F"",""names"":[[""sig_n""]],""seats"":[{""slot"":0,""relation_id"":""1634aa25ab03de24"",""state"":""F"",""names"":[""sig_n""],""history"":null}],""registered_at"":784}},{""R"":""R_f10dc019491698d2_t782"",""seal"":{""state"":""F"",""names"":[[""sig_n""]],""seats"":[{""slot"":5,""relation_id"":""469c66dfe4f98d3b"",""state"":""F"",""names"":[""sig_n""],""history"":null}],""registered_at"":782}},{""R"":""R_9e4d965d6b6585c5"",""seal"":{""state"":""F"",""names"":[[""sig_n""]],""seats"":[{""slot"":3,""relation_id"":""339c2e88249711ac"",""state"":""F"",""names"":[""sig_n""],""history"":null}],""registered_at"":780}}]"
2,4,915,乙,normal,selection_error,above,R_0e5d236bf5b42b15,H,"[[""sig_e""]]","[{""slot"":5,""relation_id"":""35e7d19624404c8f"",""state"":""H"",""names"":[""sig_e""],""history"":{""sig_e"":7}}]",H[sig_e],0.762589928057554,4,wrong,wrong,R_fe7b42b67bef503d,1,F,"[[""sig_n""]]","[{""slot"":0,""relation_id"":""1634aa25ab03de24"",""state"":""F"",""names"":[""sig_n""],""history"":null}]",F[sig_n],0.6554621848739496,-0.10712774318360438,0.6553292684624867,0.7622919034566352,-0.10696263499414845,0.0001651081894559324,0.6552398539702718,0.7622681675715032,-0.10702831360123134,9.942958237303958e-05,posthoc_arithmetic_from_saved_coefficients,"[{""R"":""R_fe7b42b67bef503d"",""seal"":{""state"":""F"",""names"":[[""sig_n""]],""seats"":[{""slot"":0,""relation_id"":""1634aa25ab03de24"",""state"":""F"",""names"":[""sig_n""],""history"":null}],""registered_at"":784}},{""R"":""R_a3e2181b14bbde85_t789"",""seal"":{""state"":""F"",""names"":[[""sig_n""]],""seats"":[{""slot"":2,""relation_id"":""6196c443a5615bc1"",""state"":""F"",""names"":[""sig_n""],""history"":null}],""registered_at"":789}},{""R"":""R_f10dc019491698d2_t782"",""seal"":{""state"":""F"",""names"":[[""sig_n""]],""seats"":[{""slot"":5,""relation_id"":""469c66dfe4f98d3b"",""state"":""F"",""names"":[""sig_n""],""history"":null}],""registered_at"":782}},{""R"":""R_9e4d965d6b6585c5"",""seal"":{""state"":""F"",""names"":[[""sig_n""]],""seats"":[{""slot"":3,""relation_id"":""339c2e88249711ac"",""state"":""F"",""names"":[""sig_n""],""history"":null}],""registered_at"":780}}]"
2,4,1177,甲,normal,distinction_loss,below,R_8b0d2a6b7293001d_t1106,H,"[[""sig_e""]]","[{""slot"":5,""relation_id"":""4bb9e41cf60cc541"",""state"":""H"",""names"":[""sig_e""],""history"":{""sig_e"":7}}]",H[sig_e],0.8,0,wrong,wrong,,,,,,門上候補なし,,,,0.7993090348795426,,,,0.7992194621696954,,,not_applicable_no_correct_above_gate,[]
2,5,613,乙,normal,distinction_loss,below,R_0e5d236bf5b42b15,H,"[[""sig_e""]]","[{""slot"":4,""relation_id"":""6bd573862c0c870c"",""state"":""H"",""names"":[""sig_e""],""history"":{""sig_e"":4}}]",H[sig_e],0.8,0,wrong,wrong,,,,,,門上候補なし,,,,0.7989800048519335,,,,0.7989804401436795,,,not_applicable_no_correct_above_gate,[]
2,5,945,甲,normal,selection_error,above,R_8b0d2a6b7293001d_t797,H,"[[""sig_e""]]","[{""slot"":0,""relation_id"":""071cf11fd417cfb7"",""state"":""H"",""names"":[""sig_e""],""history"":{""sig_e"":9}}]",H[sig_e],0.7659574468085106,1,wrong,wrong,R_2e7ebfe155273d36,1,F,"[[""sig_n""]]","[{""slot"":6,""relation_id"":""a6c9b8612aca2c16"",""state"":""F"",""names"":[""sig_n""],""history"":null}]",F[sig_n],0.584070796460177,-0.18188665034833365,0.5839366553691097,0.7651188165873606,-0.18118216121825084,0.0007044891300828039,0.5839371772371122,0.7649972092866811,-0.18106003204956886,0.000826618298764791,posthoc_arithmetic_from_saved_coefficients,"[{""R"":""R_2e7ebfe155273d36"",""seal"":{""state"":""F"",""names"":[[""sig_n""]],""seats"":[{""slot"":6,""relation_id"":""a6c9b8612aca2c16"",""state"":""F"",""names"":[""sig_n""],""history"":null}],""registered_at"":724}}]"
2,5,1161,乙,normal,selection_error,above,R_22604ec5e16d756f,H,"[[""sig_e""]]","[{""slot"":6,""relation_id"":""ac9327218d2bb56b"",""state"":""H"",""names"":[""sig_e""],""history"":{""sig_e"":1}}]",H[sig_e],0.7538461538461538,1,wrong,wrong,R_a3e2181b14bbde85,1,F,"[[""sig_n""]]","[{""slot"":6,""relation_id"":""9c3c06bfde669e69"",""state"":""F"",""names"":[""sig_n""],""history"":null}]",F[sig_n],0.6785714285714286,-0.07527472527472527,0.6780876169788586,0.7526619093323961,-0.0745742923535376,0.0007004329211876738,0.6779455486445187,0.7526653800816375,-0.07471983143711877,0.0005548938376065007,posthoc_arithmetic_from_saved_coefficients,"[{""R"":""R_a3e2181b14bbde85"",""seal"":{""state"":""F"",""names"":[[""sig_n""]],""seats"":[{""slot"":6,""relation_id"":""9c3c06bfde669e69"",""state"":""F"",""names"":[""sig_n""],""history"":null}],""registered_at"":1159}}]"
2,5,1398,甲,normal,selection_error,above,R_8b0d2a6b7293001d,H,"[[""sig_e""]]","[{""slot"":0,""relation_id"":""04d0ed3ff366c1ac"",""state"":""H"",""names"":[""sig_e""],""history"":{""sig_e"":3}}]",H[sig_e],0.782608695652174,5,wrong,wrong,R_7b6b1008b48c1115_t1299,1,H,"[[""sig_e""]]","[{""slot"":1,""relation_id"":""2ec931e330883a2c"",""state"":""H"",""names"":[""sig_e""],""history"":{""sig_e"":1}}]",H[sig_e],0.782608695652174,0.0,0.7816008382685095,0.7817294548103451,-0.00012861654183554615,-0.00012861654183554615,0.7816018629994311,0.7816018629994311,0.0,0.0,posthoc_arithmetic_from_saved_coefficients,"[{""R"":""R_7b6b1008b48c1115_t1299"",""seal"":{""state"":""H"",""names"":[[""sig_e""]],""seats"":[{""slot"":1,""relation_id"":""2ec931e330883a2c"",""state"":""H"",""names"":[""sig_e""],""history"":{""sig_e"":1}}],""registered_at"":1299}},{""R"":""R_d13632637df56212"",""seal"":{""state"":""F"",""names"":[[""sig_n""]],""seats"":[{""slot"":4,""relation_id"":""3ac1cda82e70fd47"",""state"":""F"",""names"":[""sig_n""],""history"":null}],""registered_at"":1282}},{""R"":""R_a446f7302597b869"",""seal"":{""state"":""F"",""names"":[[""sig_n""]],""seats"":[{""slot"":6,""relation_id"":""a602e9b22521e948"",""state"":""F"",""names"":[""sig_n""],""history"":null}],""registered_at"":1173}},{""R"":""R_94a5a2e983982a1d"",""seal"":{""state"":""F"",""names"":[[""sig_n""]],""seats"":[{""slot"":5,""relation_id"":""3ac1cda82e70fd47"",""state"":""F"",""names"":[""sig_n""],""history"":null}],""registered_at"":1284}},{""R"":""R_e1a8b7e64c3158ab"",""seal"":{""state"":""F"",""names"":[[""sig_n""]],""seats"":[{""slot"":6,""relation_id"":""8cb7b4c96b4857a8"",""state"":""F"",""names"":[""sig_n""],""history"":null}],""registered_at"":1162}}]"
2,5,1628,乙,normal,selection_error,above,R_0e5d236bf5b42b15_t1474,H,"[[""sig_e""]]","[{""slot"":13,""relation_id"":""da0de8f13943faf5"",""state"":""H"",""names"":[""sig_e""],""history"":{""sig_e"":12}}]",H[sig_e],0.782608695652174,4,wrong,wrong,R_533f0b68a9c93324,1,F,"[[""sig_n""]]","[{""slot"":1,""relation_id"":""16b8b5a655026419"",""state"":""F"",""names"":[""sig_n""],""history"":null}]",F[sig_n],0.6724137931034483,-0.11019490254872563,0.6724001243835342,0.7816294106060679,-0.10922928622253376,0.0009656163261918708,0.67226120991703,0.7816304434764565,-0.1093692335594266,0.0008256689892990447,posthoc_arithmetic_from_saved_coefficients,"[{""R"":""R_533f0b68a9c93324"",""seal"":{""state"":""F"",""names"":[[""sig_n""]],""seats"":[{""slot"":1,""relation_id"":""16b8b5a655026419"",""state"":""F"",""names"":[""sig_n""],""history"":null}],""registered_at"":1625}},{""R"":""R_f10dc019491698d2"",""seal"":{""state"":""F"",""names"":[[""sig_n""]],""seats"":[{""slot"":5,""relation_id"":""51ce1d7988255ac5"",""state"":""F"",""names"":[""sig_n""],""history"":null}],""registered_at"":1627}},{""R"":""R_9e4d965d6b6585c5"",""seal"":{""state"":""F"",""names"":[[""sig_n""]],""seats"":[{""slot"":4,""relation_id"":""709867c3f4512e79"",""state"":""F"",""names"":[""sig_n""],""history"":null}],""registered_at"":1617}},{""R"":""R_a3e2181b14bbde85_t1609"",""seal"":{""state"":""F"",""names"":[[""sig_n""]],""seats"":[{""slot"":7,""relation_id"":""929edf87ac82c141"",""state"":""F"",""names"":[""sig_n""],""history"":null}],""registered_at"":1609}}]"
2,6,321,乙,normal,selection_error,above,R_0e5d236bf5b42b15,H,"[[""sig_e""]]","[{""slot"":12,""relation_id"":""a9fc0ea3fbbc48d1"",""state"":""H"",""names"":[""sig_e""],""history"":{""sig_e"":3}}]",H[sig_e],0.8088235294117647,2,wrong,wrong,R_f10dc019491698d2,1,F,"[[""sig_n""]]","[{""slot"":5,""relation_id"":""82a0fd0c0282f7c8"",""state"":""F"",""names"":[""sig_n""],""history"":null}]",F[sig_n],0.6902654867256637,-0.11855804268610098,0.6898950560967211,0.8075769166540454,-0.11768186055732426,0.0008761821287767288,0.6897341168248337,0.8075762014134445,-0.11784208458861092,0.000715958097490065,posthoc_arithmetic_from_saved_coefficients,"[{""R"":""R_f10dc019491698d2"",""seal"":{""state"":""F"",""names"":[[""sig_n""]],""seats"":[{""slot"":5,""relation_id"":""82a0fd0c0282f7c8"",""state"":""F"",""names"":[""sig_n""],""history"":null}],""registered_at"":109}},{""R"":""R_48939b4afa3d5c42"",""seal"":{""state"":""F"",""names"":[[""sig_n""]],""seats"":[{""slot"":7,""relation_id"":""9f4bbd7c40998c92"",""state"":""F"",""names"":[""sig_n""],""history"":null}],""registered_at"":213}}]"
2,6,880,乙,normal,selection_error,above,R_0e5d236bf5b42b15,H,"[[""sig_e""]]","[{""slot"":16,""relation_id"":""ca31240f42581b50"",""state"":""H"",""names"":[""sig_e""],""history"":{""sig_e"":2}}]",H[sig_e],0.8,2,correct,wrong,R_cb63a1ebfc31098d_t829,1,H,"[[""sig_e""]]","[{""slot"":5,""relation_id"":""67800de2a3373101"",""state"":""H"",""names"":[""sig_e""],""history"":{""sig_e"":1}}]",H[sig_e],0.8,0.0,0.7991500101755702,0.7990007028249692,0.00014930735060099217,0.00014930735060099217,0.7990028775404789,0.7990028775404789,0.0,0.0,posthoc_arithmetic_from_saved_coefficients,"[{""R"":""R_cb63a1ebfc31098d_t829"",""seal"":{""state"":""H"",""names"":[[""sig_e""]],""seats"":[{""slot"":5,""relation_id"":""67800de2a3373101"",""state"":""H"",""names"":[""sig_e""],""history"":{""sig_e"":1}}],""registered_at"":829}},{""R"":""R_9e4d965d6b6585c5"",""seal"":{""state"":""F"",""names"":[[""sig_n""]],""seats"":[{""slot"":10,""relation_id"":""d1c327cff28b4c7c"",""state"":""F"",""names"":[""sig_n""],""history"":null}],""registered_at"":639}}]"
2,6,907,乙,normal,selection_error,above,R_0e5d236bf5b42b15,H,"[[""sig_e""]]","[{""slot"":16,""relation_id"":""ca31240f42581b50"",""state"":""H"",""names"":[""sig_e""],""history"":{""sig_e"":2}}]",H[sig_e],0.782608695652174,1,correct,wrong,R_cb63a1ebfc31098d_t829,1,H,"[[""sig_e""]]","[{""slot"":5,""relation_id"":""67800de2a3373101"",""state"":""H"",""names"":[""sig_e""],""history"":{""sig_e"":2}}]",H[sig_e],0.782608695652174,0.0,0.7817972589130462,0.7816543647071778,0.00014289420586842034,0.00014289420586842034,0.7816570850591248,0.7816570850591248,0.0,0.0,posthoc_arithmetic_from_saved_coefficients,"[{""R"":""R_cb63a1ebfc31098d_t829"",""seal"":{""state"":""H"",""names"":[[""sig_e""]],""seats"":[{""slot"":5,""relation_id"":""67800de2a3373101"",""state"":""H"",""names"":[""sig_e""],""history"":{""sig_e"":2}}],""registered_at"":829}}]"
2,6,1321,乙,normal,selection_error,above,R_0e5d236bf5b42b15,H,"[[""sig_e""]]","[{""slot"":11,""relation_id"":""dcd25d6315dd2564"",""state"":""H"",""names"":[""sig_e""],""history"":{""sig_e"":2}}]",H[sig_e],0.782608695652174,4,correct,wrong,R_cb63a1ebfc31098d_t1228,1,H,"[[""sig_e""]]","[{""slot"":16,""relation_id"":""fbf1d90d08e867c0"",""state"":""H"",""names"":[""sig_e""],""history"":{""sig_e"":1}}]",H[sig_e],0.782608695652174,0.0,0.781788862005663,0.7816459718996439,0.00014289010601907162,0.00014289010601907162,0.7816488093738866,0.7816488093738866,0.0,0.0,posthoc_arithmetic_from_saved_coefficients,"[{""R"":""R_cb63a1ebfc31098d_t1228"",""seal"":{""state"":""H"",""names"":[[""sig_e""]],""seats"":[{""slot"":16,""relation_id"":""fbf1d90d08e867c0"",""state"":""H"",""names"":[""sig_e""],""history"":{""sig_e"":1}}],""registered_at"":1228}},{""R"":""R_f10dc019491698d2"",""seal"":{""state"":""F"",""names"":[[""sig_n""]],""seats"":[{""slot"":6,""relation_id"":""665616d5be9fa4b2"",""state"":""F"",""names"":[""sig_n""],""history"":null}],""registered_at"":1122}},{""R"":""R_fe7b42b67bef503d_t1120"",""seal"":{""state"":""F"",""names"":[[""sig_n""]],""seats"":[{""slot"":9,""relation_id"":""d3a2f3c23b3b8a92"",""state"":""F"",""names"":[""sig_n""],""history"":null}],""registered_at"":1120}},{""R"":""R_48939b4afa3d5c42"",""seal"":{""state"":""F"",""names"":[[""sig_n""]],""seats"":[{""slot"":9,""relation_id"":""d3a2f3c23b3b8a92"",""state"":""F"",""names"":[""sig_n""],""history"":null}],""registered_at"":1117}}]"
2,6,1422,甲,normal,selection_error,above,R_8b0d2a6b7293001d_t1310,H,"[[""sig_e""]]","[{""slot"":13,""relation_id"":""dc603d6472192188"",""state"":""H"",""names"":[""sig_e""],""history"":{""sig_e"":7}}]",H[sig_e],0.8,1,wrong,wrong,R_94a5a2e983982a1d,1,F,"[[""sig_n""]]","[{""slot"":0,""relation_id"":""0ab68b4c950e8b6f"",""state"":""F"",""names"":[""sig_n""],""history"":null}]",F[sig_n],0.6785714285714286,-0.12142857142857143,0.678270103796129,0.7992727084903108,-0.12100260469418182,0.00042596673438960773,0.678267101472689,0.7991256398039253,-0.12085853833123639,0.0005700330973350423,posthoc_arithmetic_from_saved_coefficients,"[{""R"":""R_94a5a2e983982a1d"",""seal"":{""state"":""F"",""names"":[[""sig_n""]],""seats"":[{""slot"":0,""relation_id"":""0ab68b4c950e8b6f"",""state"":""F"",""names"":[""sig_n""],""history"":null}],""registered_at"":1421}}]"
2,6,1567,乙,normal,selection_error,above,R_0e5d236bf5b42b15,H,"[[""sig_e""]]","[{""slot"":9,""relation_id"":""b566238ab886a341"",""state"":""H"",""names"":[""sig_e""],""history"":{""sig_e"":1}}]",H[sig_e],0.782608695652174,5,wrong,wrong,R_fe7b42b67bef503d,1,F,"[[""sig_n""]]","[{""slot"":6,""relation_id"":""b54c463943b6d2bf"",""state"":""F"",""names"":[""sig_n""],""history"":null}]",F[sig_n],0.6608695652173913,-0.12173913043478261,0.6611651598258612,0.7816505109287989,-0.12048535110293773,0.001253779331844871,0.6610177599043332,0.7816533254442907,-0.12063556553995748,0.0011035648948251261,posthoc_arithmetic_from_saved_coefficients,"[{""R"":""R_fe7b42b67bef503d"",""seal"":{""state"":""F"",""names"":[[""sig_n""]],""seats"":[{""slot"":6,""relation_id"":""b54c463943b6d2bf"",""state"":""F"",""names"":[""sig_n""],""history"":null}],""registered_at"":1548}},{""R"":""R_a3e2181b14bbde85"",""seal"":{""state"":""F"",""names"":[[""sig_n""]],""seats"":[{""slot"":9,""relation_id"":""c27ade3b68a45507"",""state"":""F"",""names"":[""sig_n""],""history"":null}],""registered_at"":1441}},{""R"":""R_48939b4afa3d5c42_t1438"",""seal"":{""state"":""F"",""names"":[[""sig_n""]],""seats"":[{""slot"":2,""relation_id"":""2c122925bb5fd8b5"",""state"":""F"",""names"":[""sig_n""],""history"":null}],""registered_at"":1438}},{""R"":""R_533f0b68a9c93324"",""seal"":{""state"":""F"",""names"":[[""sig_n""]],""seats"":[{""slot"":4,""relation_id"":""a71da8ae1e830f5b"",""state"":""F"",""names"":[""sig_n""],""history"":null}],""registered_at"":1430}},{""R"":""R_f10dc019491698d2_t1428"",""seal"":{""state"":""F"",""names"":[[""sig_n""]],""seats"":[{""slot"":4,""relation_id"":""a71da8ae1e830f5b"",""state"":""F"",""names"":[""sig_n""],""history"":null}],""registered_at"":1428}}]"
2,7,466,乙,normal,distinction_loss,below,R_0e5d236bf5b42b15_t455,H,"[[""sig_e""]]","[{""slot"":1,""relation_id"":""327e47a057f69977"",""state"":""H"",""names"":[""sig_e""],""history"":{""sig_e"":3}}]",H[sig_e],0.782608695652174,0,wrong,wrong,,,,,,門上候補なし,,,,0.7819739361574581,,,,0.7818897382155623,,,not_applicable_no_correct_above_gate,[]
2,7,468,乙,normal,distinction_loss,below,R_0e5d236bf5b42b15_t455,H,"[[""sig_e""]]","[{""slot"":1,""relation_id"":""327e47a057f69977"",""state"":""H"",""names"":[""sig_e""],""history"":{""sig_e"":3}}]",H[sig_e],0.7659574468085106,0,wrong,wrong,,,,,,門上候補なし,,,,0.765344023811534,,,,0.7652640506092948,,,not_applicable_no_correct_above_gate,[]
2,7,582,乙,normal,selection_error,above,R_0e5d236bf5b42b15_t455,H,"[[""sig_e""]]","[{""slot"":1,""relation_id"":""327e47a057f69977"",""state"":""H"",""names"":[""sig_e""],""history"":{""sig_e"":11}}]",H[sig_e],0.7913669064748201,3,wrong,wrong,R_9e4d965d6b6585c5_t578,1,F,"[[""sig_n""]]","[{""slot"":5,""relation_id"":""636c225d26245904"",""state"":""F"",""names"":[""sig_n""],""history"":null}]",F[sig_n],0.6724137931034483,-0.11895311337137186,0.6720353770223033,0.7904498601188243,-0.11841448309652107,0.0005386302748507958,0.6719582827970088,0.7903621757715978,-0.11840389297458917,0.0005492203967826932,posthoc_arithmetic_from_saved_coefficients,"[{""R"":""R_9e4d965d6b6585c5_t578"",""seal"":{""state"":""F"",""names"":[[""sig_n""]],""seats"":[{""slot"":5,""relation_id"":""636c225d26245904"",""state"":""F"",""names"":[""sig_n""],""history"":null}],""registered_at"":578}},{""R"":""R_f10dc019491698d2_t577"",""seal"":{""state"":""F"",""names"":[[""sig_n""]],""seats"":[{""slot"":4,""relation_id"":""636c225d26245904"",""state"":""F"",""names"":[""sig_n""],""history"":null}],""registered_at"":577}},{""R"":""R_fe7b42b67bef503d"",""seal"":{""state"":""F"",""names"":[[""sig_n""]],""seats"":[{""slot"":6,""relation_id"":""83fb77a0eec5b5e9"",""state"":""F"",""names"":[""sig_n""],""history"":null}],""registered_at"":471}}]"
2,7,593,乙,normal,selection_error,above,R_0e5d236bf5b42b15_t455,H,"[[""sig_e""]]","[{""slot"":1,""relation_id"":""327e47a057f69977"",""state"":""H"",""names"":[""sig_e""],""history"":{""sig_e"":11}}]",H[sig_e],0.7746478873239436,5,wrong,wrong,R_9e4d965d6b6585c5_t578,1,F,"[[""sig_n""]]","[{""slot"":5,""relation_id"":""636c225d26245904"",""state"":""F"",""names"":[""sig_n""],""history"":null}]",F[sig_n],0.6554621848739496,-0.11918570244999409,0.6550941481973637,0.7737593572051957,-0.11866520900783198,0.0005204934421621052,0.6550213071022183,0.7736759620761657,-0.11865465497394745,0.0005310474760466333,posthoc_arithmetic_from_saved_coefficients,"[{""R"":""R_9e4d965d6b6585c5_t578"",""seal"":{""state"":""F"",""names"":[[""sig_n""]],""seats"":[{""slot"":5,""relation_id"":""636c225d26245904"",""state"":""F"",""names"":[""sig_n""],""history"":null}],""registered_at"":578}},{""R"":""R_f10dc019491698d2_t577"",""seal"":{""state"":""F"",""names"":[[""sig_n""]],""seats"":[{""slot"":4,""relation_id"":""636c225d26245904"",""state"":""F"",""names"":[""sig_n""],""history"":null}],""registered_at"":577}},{""R"":""R_fe7b42b67bef503d"",""seal"":{""state"":""F"",""names"":[[""sig_n""]],""seats"":[{""slot"":6,""relation_id"":""83fb77a0eec5b5e9"",""state"":""F"",""names"":[""sig_n""],""history"":null}],""registered_at"":471}},{""R"":""R_a3e2181b14bbde85"",""seal"":{""state"":""F"",""names"":[[""sig_n""]],""seats"":[{""slot"":8,""relation_id"":""cf9941632fef6e8e"",""state"":""F"",""names"":[""sig_n""],""history"":null}],""registered_at"":589}},{""R"":""R_533f0b68a9c93324_t585"",""seal"":{""state"":""F"",""names"":[[""sig_n""]],""seats"":[{""slot"":7,""relation_id"":""cf9941632fef6e8e"",""state"":""F"",""names"":[""sig_n""],""history"":null}],""registered_at"":585}}]"
2,7,1193,甲,normal,selection_error,above,R_8b0d2a6b7293001d,H,"[[""sig_e""]]","[{""slot"":8,""relation_id"":""886f3797213bd637"",""state"":""H"",""names"":[""sig_e""],""history"":{""sig_e"":5}}]",H[sig_e],0.8088235294117647,4,wrong,wrong,R_bfecf95ccc797855,1,F,"[[""sig_n""]]","[{""slot"":5,""relation_id"":""8e8c02144aca8759"",""state"":""F"",""names"":[""sig_n""],""history"":null}]",F[sig_n],0.6785714285714286,-0.13025210084033614,0.6784898802093506,0.8079460087569161,-0.12945612854756547,0.0007959722927706731,0.6783932438092098,0.807873040230397,-0.12947979642118715,0.0007723044191489898,posthoc_arithmetic_from_saved_coefficients,"[{""R"":""R_bfecf95ccc797855"",""seal"":{""state"":""F"",""names"":[[""sig_n""]],""seats"":[{""slot"":5,""relation_id"":""8e8c02144aca8759"",""state"":""F"",""names"":[""sig_n""],""history"":null}],""registered_at"":1081}},{""R"":""R_d13632637df56212"",""seal"":{""state"":""F"",""names"":[[""sig_n""]],""seats"":[{""slot"":6,""relation_id"":""9c188a6467ee1ed2"",""state"":""F"",""names"":[""sig_n""],""history"":null}],""registered_at"":1077}},{""R"":""R_627ae67a7f637bdb_t1073"",""seal"":{""state"":""F"",""names"":[[""sig_n""]],""seats"":[{""slot"":11,""relation_id"":""e78d59e77774e291"",""state"":""F"",""names"":[""sig_n""],""history"":null}],""registered_at"":1073}},{""R"":""R_1d4532c404ae777e_t1070"",""seal"":{""state"":""F"",""names"":[[""sig_n""]],""seats"":[{""slot"":10,""relation_id"":""e78d59e77774e291"",""state"":""F"",""names"":[""sig_n""],""history"":null}],""registered_at"":1070}}]"
2,7,1196,甲,normal,selection_error,above,R_8b0d2a6b7293001d,H,"[[""sig_e""]]","[{""slot"":8,""relation_id"":""886f3797213bd637"",""state"":""H"",""names"":[""sig_e""],""history"":{""sig_e"":5}}]",H[sig_e],0.8088235294117647,4,wrong,wrong,R_bfecf95ccc797855,1,F,"[[""sig_n""]]","[{""slot"":5,""relation_id"":""8e8c02144aca8759"",""state"":""F"",""names"":[""sig_n""],""history"":null}]",F[sig_n],0.6902654867256637,-0.11855804268610098,0.6898072120055121,0.8079402542227089,-0.11813304221719681,0.0004250004689041829,0.6897056097796015,0.807867193974919,-0.11816158419531751,0.00039645849078348257,posthoc_arithmetic_from_saved_coefficients,"[{""R"":""R_bfecf95ccc797855"",""seal"":{""state"":""F"",""names"":[[""sig_n""]],""seats"":[{""slot"":5,""relation_id"":""8e8c02144aca8759"",""state"":""F"",""names"":[""sig_n""],""history"":null}],""registered_at"":1081}},{""R"":""R_d13632637df56212"",""seal"":{""state"":""F"",""names"":[[""sig_n""]],""seats"":[{""slot"":6,""relation_id"":""9c188a6467ee1ed2"",""state"":""F"",""names"":[""sig_n""],""history"":null}],""registered_at"":1077}},{""R"":""R_627ae67a7f637bdb_t1073"",""seal"":{""state"":""F"",""names"":[[""sig_n""]],""seats"":[{""slot"":11,""relation_id"":""e78d59e77774e291"",""state"":""F"",""names"":[""sig_n""],""history"":null}],""registered_at"":1073}},{""R"":""R_1d4532c404ae777e_t1070"",""seal"":{""state"":""F"",""names"":[[""sig_n""]],""seats"":[{""slot"":10,""relation_id"":""e78d59e77774e291"",""state"":""F"",""names"":[""sig_n""],""history"":null}],""registered_at"":1070}}]"
2,7,1199,甲,normal,selection_error,above,R_8b0d2a6b7293001d,H,"[[""sig_e""]]","[{""slot"":8,""relation_id"":""886f3797213bd637"",""state"":""H"",""names"":[""sig_e""],""history"":{""sig_e"":5}}]",H[sig_e],0.7913669064748201,4,wrong,wrong,R_bfecf95ccc797855,1,F,"[[""sig_n""]]","[{""slot"":5,""relation_id"":""8e8c02144aca8759"",""state"":""F"",""names"":[""sig_n""],""history"":null}]",F[sig_n],0.6724137931034483,-0.11895311337137186,0.6719667162664612,0.7905139897133635,-0.11854727344690229,0.00040583992446958564,0.6718708323590641,0.7904447912335507,-0.11857395887448668,0.0003791544968851769,posthoc_arithmetic_from_saved_coefficients,"[{""R"":""R_bfecf95ccc797855"",""seal"":{""state"":""F"",""names"":[[""sig_n""]],""seats"":[{""slot"":5,""relation_id"":""8e8c02144aca8759"",""state"":""F"",""names"":[""sig_n""],""history"":null}],""registered_at"":1081}},{""R"":""R_d13632637df56212"",""seal"":{""state"":""F"",""names"":[[""sig_n""]],""seats"":[{""slot"":6,""relation_id"":""9c188a6467ee1ed2"",""state"":""F"",""names"":[""sig_n""],""history"":null}],""registered_at"":1077}},{""R"":""R_627ae67a7f637bdb_t1073"",""seal"":{""state"":""F"",""names"":[[""sig_n""]],""seats"":[{""slot"":11,""relation_id"":""e78d59e77774e291"",""state"":""F"",""names"":[""sig_n""],""history"":null}],""registered_at"":1073}},{""R"":""R_1d4532c404ae777e_t1070"",""seal"":{""state"":""F"",""names"":[[""sig_n""]],""seats"":[{""slot"":10,""relation_id"":""e78d59e77774e291"",""state"":""F"",""names"":[""sig_n""],""history"":null}],""registered_at"":1070}}]"
2,7,1276,乙,normal,selection_error,above,R_0e5d236bf5b42b15,H,"[[""sig_e""]]","[{""slot"":7,""relation_id"":""5626ab48f52918a6"",""state"":""H"",""names"":[""sig_e""],""history"":{""sig_e"":7}}]",H[sig_e],0.8088235294117647,2,wrong,wrong,R_9e4d965d6b6585c5_t1274,1,F,"[[""sig_n""]]","[{""slot"":5,""relation_id"":""6d10f5a29b0e59dc"",""state"":""F"",""names"":[""sig_n""],""history"":null}]",F[sig_n],0.6785714285714286,-0.13025210084033614,0.6785619653680527,0.8078847894469056,-0.12932282407885284,0.0009292767614833027,0.6784849743772587,0.807792511174758,-0.12930753679749935,0.0009445640428367888,posthoc_arithmetic_from_saved_coefficients,"[{""R"":""R_9e4d965d6b6585c5_t1274"",""seal"":{""state"":""F"",""names"":[[""sig_n""]],""seats"":[{""slot"":5,""relation_id"":""6d10f5a29b0e59dc"",""state"":""F"",""names"":[""sig_n""],""history"":null}],""registered_at"":1274}},{""R"":""R_48939b4afa3d5c42"",""seal"":{""state"":""F"",""names"":[[""sig_n""]],""seats"":[{""slot"":10,""relation_id"":""f0bc40ae27d08a0b"",""state"":""F"",""names"":[""sig_n""],""history"":null}],""registered_at"":1047}}]"
2,7,1280,乙,normal,selection_error,above,R_0e5d236bf5b42b15,H,"[[""sig_e""]]","[{""slot"":7,""relation_id"":""5626ab48f52918a6"",""state"":""H"",""names"":[""sig_e""],""history"":{""sig_e"":7}}]",H[sig_e],0.8088235294117647,2,wrong,wrong,R_9e4d965d6b6585c5_t1274,1,F,"[[""sig_n""]]","[{""slot"":5,""relation_id"":""6d10f5a29b0e59dc"",""state"":""F"",""names"":[""sig_n""],""history"":null}]",F[sig_n],0.6785714285714286,-0.13025210084033614,0.6785422241349831,0.8078654380616405,-0.12932321392665733,0.0009288869136788144,0.6784652353373584,0.8077731620473594,-0.12930792671000105,0.0009441741303350877,posthoc_arithmetic_from_saved_coefficients,"[{""R"":""R_9e4d965d6b6585c5_t1274"",""seal"":{""state"":""F"",""names"":[[""sig_n""]],""seats"":[{""slot"":5,""relation_id"":""6d10f5a29b0e59dc"",""state"":""F"",""names"":[""sig_n""],""history"":null}],""registered_at"":1274}},{""R"":""R_48939b4afa3d5c42"",""seal"":{""state"":""F"",""names"":[[""sig_n""]],""seats"":[{""slot"":10,""relation_id"":""f0bc40ae27d08a0b"",""state"":""F"",""names"":[""sig_n""],""history"":null}],""registered_at"":1047}}]"
2,7,1285,乙,normal,selection_error,above,R_0e5d236bf5b42b15,H,"[[""sig_e""]]","[{""slot"":7,""relation_id"":""5626ab48f52918a6"",""state"":""H"",""names"":[""sig_e""],""history"":{""sig_e"":8}}]",H[sig_e],0.7746478873239436,2,wrong,wrong,R_9e4d965d6b6585c5_t1274,1,F,"[[""sig_n""]]","[{""slot"":5,""relation_id"":""6d10f5a29b0e59dc"",""state"":""F"",""names"":[""sig_n""],""history"":null}]",F[sig_n],0.6440677966101694,-0.13058009071377416,0.6440632961895011,0.7737610747236283,-0.12969777853412723,0.0008823121796469502,0.6439949717836441,0.7736775949276344,-0.12968262314399032,0.0008974675697838465,posthoc_arithmetic_from_saved_coefficients,"[{""R"":""R_9e4d965d6b6585c5_t1274"",""seal"":{""state"":""F"",""names"":[[""sig_n""]],""seats"":[{""slot"":5,""relation_id"":""6d10f5a29b0e59dc"",""state"":""F"",""names"":[""sig_n""],""history"":null}],""registered_at"":1274}},{""R"":""R_48939b4afa3d5c42"",""seal"":{""state"":""F"",""names"":[[""sig_n""]],""seats"":[{""slot"":10,""relation_id"":""f0bc40ae27d08a0b"",""state"":""F"",""names"":[""sig_n""],""history"":null}],""registered_at"":1047}}]"
2,7,1527,甲,normal,selection_error,above,R_8b0d2a6b7293001d,H,"[[""sig_e""]]","[{""slot"":6,""relation_id"":""4262c09bf6d8c7ba"",""state"":""H"",""names"":[""sig_e""],""history"":{""sig_e"":6}}]",H[sig_e],0.8,2,wrong,wrong,R_a446f7302597b869_t1520,1,F,"[[""sig_n""]]","[{""slot"":7,""relation_id"":""aa773cfb4aa822b6"",""state"":""F"",""names"":[""sig_n""],""history"":null}]",F[sig_n],0.6785714285714286,-0.12142857142857143,0.6790027453939711,0.7993933819724554,-0.12039063657848431,0.0010379348500871128,0.6789059532668379,0.7993238498547259,-0.12041789658788796,0.0010106748406834762,posthoc_arithmetic_from_saved_coefficients,"[{""R"":""R_a446f7302597b869_t1520"",""seal"":{""state"":""F"",""names"":[[""sig_n""]],""seats"":[{""slot"":7,""relation_id"":""aa773cfb4aa822b6"",""state"":""F"",""names"":[""sig_n""],""history"":null}],""registered_at"":1520}},{""R"":""R_03823437075e45e8"",""seal"":{""state"":""F"",""names"":[[""sig_n""]],""seats"":[{""slot"":4,""relation_id"":""7b254b44ae1dc548"",""state"":""F"",""names"":[""sig_n""],""history"":null}],""registered_at"":1523}}]"
2,7,1633,甲,normal,selection_error,above,R_8b0d2a6b7293001d_t1595,H,"[[""sig_e""]]","[{""slot"":6,""relation_id"":""43d133381ac911eb"",""state"":""H"",""names"":[""sig_e""],""history"":{""sig_e"":6}}]",H[sig_e],0.7659574468085106,2,wrong,wrong,R_a446f7302597b869_t1520,1,F,"[[""sig_n""]]","[{""slot"":7,""relation_id"":""aa773cfb4aa822b6"",""state"":""F"",""names"":[""sig_n""],""history"":null}]",F[sig_n],0.6440677966101694,-0.12188965019834115,0.6445234576522774,0.7654310360224004,-0.120907578370123,0.000982071828218143,0.6444373674141808,0.765368756076321,-0.12093138866214025,0.0009582615362009064,posthoc_arithmetic_from_saved_coefficients,"[{""R"":""R_a446f7302597b869_t1520"",""seal"":{""state"":""F"",""names"":[[""sig_n""]],""seats"":[{""slot"":7,""relation_id"":""aa773cfb4aa822b6"",""state"":""F"",""names"":[""sig_n""],""history"":null}],""registered_at"":1520}},{""R"":""R_03823437075e45e8"",""seal"":{""state"":""F"",""names"":[[""sig_n""]],""seats"":[{""slot"":4,""relation_id"":""7b254b44ae1dc548"",""state"":""F"",""names"":[""sig_n""],""history"":null}],""registered_at"":1523}}]"
2,7,1637,甲,normal,selection_error,above,R_8b0d2a6b7293001d_t1595,H,"[[""sig_e""]]","[{""slot"":6,""relation_id"":""43d133381ac911eb"",""state"":""H"",""names"":[""sig_e""],""history"":{""sig_e"":6}}]",H[sig_e],0.7659574468085106,3,wrong,wrong,R_94a5a2e983982a1d_t1634,1,F,"[[""sig_n""]]","[{""slot"":0,""relation_id"":""11cdbc1b7fa46242"",""state"":""F"",""names"":[""sig_n""],""history"":null}]",F[sig_n],0.6440677966101694,-0.12188965019834115,0.6440182562775582,0.7654159685076584,-0.12139771223010021,0.0004919379682409377,0.6439323052433163,0.7653536835064806,-0.12142137826316429,0.00046827193517684875,posthoc_arithmetic_from_saved_coefficients,"[{""R"":""R_94a5a2e983982a1d_t1634"",""seal"":{""state"":""F"",""names"":[[""sig_n""]],""seats"":[{""slot"":0,""relation_id"":""11cdbc1b7fa46242"",""state"":""F"",""names"":[""sig_n""],""history"":null}],""registered_at"":1634}},{""R"":""R_a446f7302597b869_t1520"",""seal"":{""state"":""F"",""names"":[[""sig_n""]],""seats"":[{""slot"":7,""relation_id"":""aa773cfb4aa822b6"",""state"":""F"",""names"":[""sig_n""],""history"":null}],""registered_at"":1520}},{""R"":""R_03823437075e45e8"",""seal"":{""state"":""F"",""names"":[[""sig_n""]],""seats"":[{""slot"":4,""relation_id"":""7b254b44ae1dc548"",""state"":""F"",""names"":[""sig_n""],""history"":null}],""registered_at"":1523}}]"
2,8,456,甲,normal,distinction_loss,below,R_8b0d2a6b7293001d,H,"[[""sig_e""]]","[{""slot"":5,""relation_id"":""6a08cb35a1e52f0c"",""state"":""H"",""names"":[""sig_e""],""history"":{""sig_e"":4}}]",H[sig_e],0.7913669064748201,0,wrong,wrong,,,,,,門上候補なし,,,,0.7906018270515579,,,,0.79054731318255,,,not_applicable_no_correct_above_gate,[]
2,8,1111,甲,normal,distinction_loss,below,R_8b0d2a6b7293001d,H,"[[""sig_e""]]","[{""slot"":7,""relation_id"":""7b91249b6f444c32"",""state"":""H"",""names"":[""sig_e""],""history"":{""sig_e"":5}}]",H[sig_e],0.782608695652174,0,wrong,wrong,,,,,,門上候補なし,,,,0.7821100398695132,,,,0.782058308845561,,,not_applicable_no_correct_above_gate,[]
2,9,1596,乙,normal,selection_error,above,R_0e5d236bf5b42b15_t1546,H,"[[""sig_e""]]","[{""slot"":12,""relation_id"":""e16467d5acb25571"",""state"":""H"",""names"":[""sig_e""],""history"":{""sig_e"":2}}]",H[sig_e],0.782608695652174,1,wrong,wrong,R_a3e2181b14bbde85,1,F,"[[""sig_n""]]","[{""slot"":0,""relation_id"":""02816dbbb1531e0f"",""state"":""F"",""names"":[""sig_n""],""history"":null}]",F[sig_n],0.6608695652173913,-0.12173913043478261,0.6606063059968812,0.7820848319376408,-0.12147852594075959,0.0002606044940230298,0.6605345236331338,0.7820111526967024,-0.12147662906356854,0.00026250137121407245,posthoc_arithmetic_from_saved_coefficients,"[{""R"":""R_a3e2181b14bbde85"",""seal"":{""state"":""F"",""names"":[[""sig_n""]],""seats"":[{""slot"":0,""relation_id"":""02816dbbb1531e0f"",""state"":""F"",""names"":[""sig_n""],""history"":null}],""registered_at"":1594}}]"
2,10,448,甲,normal,selection_error,above,R_8b0d2a6b7293001d,H,"[[""sig_e""]]","[{""slot"":14,""relation_id"":""badb7f8db36eadb1"",""state"":""H"",""names"":[""sig_e""],""history"":{""sig_e"":9}}]",H[sig_e],0.7659574468085106,2,wrong,wrong,R_d13632637df56212,1,F,"[[""sig_n""]]","[{""slot"":1,""relation_id"":""0ffd9da4b2e6d7b5"",""state"":""F"",""names"":[""sig_n""],""history"":null}]",F[sig_n],0.6440677966101694,-0.12188965019834115,0.6442514567748571,0.7651861662287902,-0.12093470945393318,0.0009549407444079668,0.6441889115344827,0.7650920558722899,-0.1209031443378072,0.000986505860533942,posthoc_arithmetic_from_saved_coefficients,"[{""R"":""R_d13632637df56212"",""seal"":{""state"":""F"",""names"":[[""sig_n""]],""seats"":[{""slot"":1,""relation_id"":""0ffd9da4b2e6d7b5"",""state"":""F"",""names"":[""sig_n""],""history"":null}],""registered_at"":445}},{""R"":""R_94a5a2e983982a1d"",""seal"":{""state"":""F"",""names"":[[""sig_n""]],""seats"":[{""slot"":1,""relation_id"":""3db35ca4252c024b"",""state"":""F"",""names"":[""sig_n""],""history"":null}],""registered_at"":443}}]"
2,10,1259,乙,normal,selection_error,above,R_8307fbbf05ba494f,H,"[[""sig_e""]]","[{""slot"":0,""relation_id"":""00c766ee6053e4d2"",""state"":""H"",""names"":[""sig_e""],""history"":{""sig_e"":1}}]",H[sig_e],0.746268656716418,6,wrong,wrong,R_533f0b68a9c93324,1,F,"[[""sig_n""]]","[{""slot"":8,""relation_id"":""caa20d48e60bb5ea"",""state"":""F"",""names"":[""sig_n""],""history"":null}]",F[sig_n],0.6724137931034483,-0.07385486361296964,0.6725192403266549,0.7457385992588977,-0.0732193589322429,0.0006355046807267346,0.6724074200174183,0.7456803189815872,-0.07327289896416882,0.0005819646488008201,posthoc_arithmetic_from_saved_coefficients,"[{""R"":""R_533f0b68a9c93324"",""seal"":{""state"":""F"",""names"":[[""sig_n""]],""seats"":[{""slot"":8,""relation_id"":""caa20d48e60bb5ea"",""state"":""F"",""names"":[""sig_n""],""history"":null}],""registered_at"":1147}},{""R"":""R_fe7b42b67bef503d"",""seal"":{""state"":""F"",""names"":[[""sig_n""]],""seats"":[{""slot"":1,""relation_id"":""23b31e01a54aaf86"",""state"":""F"",""names"":[""sig_n""],""history"":null}],""registered_at"":1027}},{""R"":""R_9e4d965d6b6585c5"",""seal"":{""state"":""F"",""names"":[[""sig_n""]],""seats"":[{""slot"":2,""relation_id"":""37a364f703a15e64"",""state"":""F"",""names"":[""sig_n""],""history"":null}],""registered_at"":1149}},{""R"":""R_48939b4afa3d5c42_t1145"",""seal"":{""state"":""F"",""names"":[[""sig_n""]],""seats"":[{""slot"":4,""relation_id"":""5ecfce7ace79f2d0"",""state"":""F"",""names"":[""sig_n""],""history"":null}],""registered_at"":1145}},{""R"":""R_a3e2181b14bbde85"",""seal"":{""state"":""F"",""names"":[[""sig_n""]],""seats"":[{""slot"":5,""relation_id"":""5ecfce7ace79f2d0"",""state"":""F"",""names"":[""sig_n""],""history"":null}],""registered_at"":1140}},{""R"":""R_f10dc019491698d2"",""seal"":{""state"":""F"",""names"":[[""sig_n""]],""seats"":[{""slot"":1,""relation_id"":""23b31e01a54aaf86"",""state"":""F"",""names"":[""sig_n""],""history"":null}],""registered_at"":1029}}]"
2,10,1262,甲,normal,selection_error,above,R_8b0d2a6b7293001d_t1239,H,"[[""sig_e""]]","[{""slot"":2,""relation_id"":""2640411229a06077"",""state"":""H"",""names"":[""sig_e""],""history"":{""sig_e"":1}}]",H[sig_e],0.782608695652174,1,wrong,wrong,R_a446f7302597b869_t1258,1,F,"[[""sig_n""]]","[{""slot"":7,""relation_id"":""978a4e717be87fe0"",""state"":""F"",""names"":[""sig_n""],""history"":null}]",F[sig_n],0.6724137931034483,-0.11019490254872563,0.6723331797445747,0.7818109571933505,-0.10947777744877568,0.0007171250999499604,0.6722619319171469,0.7817119269897708,-0.10944999507262389,0.0007449074761017566,posthoc_arithmetic_from_saved_coefficients,"[{""R"":""R_a446f7302597b869_t1258"",""seal"":{""state"":""F"",""names"":[[""sig_n""]],""seats"":[{""slot"":7,""relation_id"":""978a4e717be87fe0"",""state"":""F"",""names"":[""sig_n""],""history"":null}],""registered_at"":1258}}]"
2,10,1715,乙,normal,distinction_loss,below,R_0e5d236bf5b42b15_t1636,H,"[[""sig_e""]]","[{""slot"":3,""relation_id"":""2fe84de57fe86245"",""state"":""H"",""names"":[""sig_e""],""history"":{""sig_e"":10}}]",H[sig_e],0.782608695652174,0,wrong,wrong,,,,,,門上候補なし,,,,0.7818802890127724,,,,0.7818208817276845,,,not_applicable_no_correct_above_gate,[]
2,11,418,乙,normal,selection_error,above,R_0e5d236bf5b42b15_t360,H,"[[""sig_e""]]","[{""slot"":16,""relation_id"":""cd1b5619ea4be76e"",""state"":""H"",""names"":[""sig_e""],""history"":{""sig_e"":8}}]",H[sig_e],0.782608695652174,1,wrong,wrong,R_9e4d965d6b6585c5,1,F,"[[""sig_n""]]","[{""slot"":2,""relation_id"":""7ecddb11cc0affb1"",""state"":""F"",""names"":[""sig_n""],""history"":null}]",F[sig_n],0.6608695652173913,-0.12173913043478261,0.6606021892959233,0.7819605755055729,-0.1213583862096496,0.0003807442251330037,0.6604920874501212,0.7819069416551985,-0.12141485420507726,0.00032427622970534705,posthoc_arithmetic_from_saved_coefficients,"[{""R"":""R_9e4d965d6b6585c5"",""seal"":{""state"":""F"",""names"":[[""sig_n""]],""seats"":[{""slot"":2,""relation_id"":""7ecddb11cc0affb1"",""state"":""F"",""names"":[""sig_n""],""history"":null}],""registered_at"":416}}]"
2,11,861,甲,normal,distinction_loss,absent,R_8b0d2a6b7293001d_t741,H,"[[""sig_e""]]","[{""slot"":12,""relation_id"":""abd6af765d7c2382"",""state"":""H"",""names"":[""sig_e""],""history"":{""sig_e"":9}}]",H[sig_e],0.782608695652174,0,wrong,wrong,,,,,,門上候補なし,,,,0.7819285584355827,,,,0.781825753304047,,,not_applicable_no_correct_above_gate,[]
2,11,862,甲,normal,distinction_loss,absent,R_8b0d2a6b7293001d_t741,H,"[[""sig_e""]]","[{""slot"":12,""relation_id"":""abd6af765d7c2382"",""state"":""H"",""names"":[""sig_e""],""history"":{""sig_e"":9}}]",H[sig_e],0.8,0,wrong,wrong,,,,,,門上候補なし,,,,0.7993004972895537,,,,0.7991923283402436,,,not_applicable_no_correct_above_gate,[]
2,11,1199,乙,normal,distinction_loss,below,R_0e5d236bf5b42b15,H,"[[""sig_e""]]","[{""slot"":1,""relation_id"":""13423daeece89e16"",""state"":""H"",""names"":[""sig_e""],""history"":{""sig_e"":6}}]",H[sig_e],0.8088235294117647,0,wrong,wrong,,,,,,門上候補なし,,,,0.8078933129589143,,,,0.8078329611027257,,,not_applicable_no_correct_above_gate,[]
2,11,1633,乙,normal,selection_error,above,R_0e5d236bf5b42b15,H,"[[""sig_e""]]","[{""slot"":9,""relation_id"":""916a2f2f1118ac6a"",""state"":""H"",""names"":[""sig_e""],""history"":{""sig_e"":1}}]",H[sig_e],0.8088235294117647,1,correct,wrong,R_cb63a1ebfc31098d_t1560,1,H,"[[""sig_e""]]","[{""slot"":12,""relation_id"":""9c3b032af82e0ffa"",""state"":""H"",""names"":[""sig_e""],""history"":{""sig_e"":1}}]",H[sig_e],0.8088235294117647,0.0,0.8079452121238733,0.8078937583690037,5.1453754869591995e-05,5.1453754869591995e-05,0.8078334089811156,0.8078334089811156,0.0,0.0,posthoc_arithmetic_from_saved_coefficients,"[{""R"":""R_cb63a1ebfc31098d_t1560"",""seal"":{""state"":""H"",""names"":[[""sig_e""]],""seats"":[{""slot"":12,""relation_id"":""9c3b032af82e0ffa"",""state"":""H"",""names"":[""sig_e""],""history"":{""sig_e"":1}}],""registered_at"":1560}}]"
2,12,115,甲,normal,selection_error,above,R_0aa7a1980d3349e7,H,"[[""sig_e""]]","[{""slot"":8,""relation_id"":""9be47c66947994d5"",""state"":""H"",""names"":[""sig_e""],""history"":{""sig_e"":2}}]",H[sig_e],0.7555555555555555,3,wrong,wrong,R_d13632637df56212,1,F,"[[""sig_n""]]","[{""slot"":9,""relation_id"":""dfefc7fc7af3c319"",""state"":""F"",""names"":[""sig_n""],""history"":null}]",F[sig_n],0.6724137931034483,-0.08314176245210728,0.6723057749887086,0.7543550563944371,-0.08204928140572847,0.0010924810463788068,0.6722041417065784,0.7542833950601893,-0.08207925335361098,0.0010625090984963074,posthoc_arithmetic_from_saved_coefficients,"[{""R"":""R_d13632637df56212"",""seal"":{""state"":""F"",""names"":[[""sig_n""]],""seats"":[{""slot"":9,""relation_id"":""dfefc7fc7af3c319"",""state"":""F"",""names"":[""sig_n""],""history"":null}],""registered_at"":3}},{""R"":""R_1d4532c404ae777e"",""seal"":{""state"":""F"",""names"":[[""sig_n""]],""seats"":[{""slot"":5,""relation_id"":""51edc6141a63037b"",""state"":""F"",""names"":[""sig_n""],""history"":null}],""registered_at"":113}},{""R"":""R_bfecf95ccc797855"",""seal"":{""state"":""F"",""names"":[[""sig_n""]],""seats"":[{""slot"":8,""relation_id"":""e7f6a52f5606193f"",""state"":""F"",""names"":[""sig_n""],""history"":null}],""registered_at"":108}}]"
2,12,801,甲,normal,selection_error,above,R_2616bfa67113bd38,H,"[[""sig_e""]]","[{""slot"":10,""relation_id"":""937994639cd8dceb"",""state"":""H"",""names"":[""sig_e""],""history"":{""sig_e"":6}}]",H[sig_e],0.746268656716418,3,wrong,wrong,R_a446f7302597b869_t789,1,F,"[[""sig_n""]]","[{""slot"":2,""relation_id"":""0d46e26cae043471"",""state"":""F"",""names"":[""sig_n""],""history"":null}]",F[sig_n],0.6724137931034483,-0.07385486361296964,0.6723494959816325,0.745308998435564,-0.07295950245393139,0.0008953611590382501,0.6722478652950131,0.745241175834641,-0.07299331053962788,0.0008615530733417535,posthoc_arithmetic_from_saved_coefficients,"[{""R"":""R_a446f7302597b869_t789"",""seal"":{""state"":""F"",""names"":[[""sig_n""]],""seats"":[{""slot"":2,""relation_id"":""0d46e26cae043471"",""state"":""F"",""names"":[""sig_n""],""history"":null}],""registered_at"":789}},{""R"":""R_94a5a2e983982a1d_t793"",""seal"":{""state"":""F"",""names"":[[""sig_n""]],""seats"":[{""slot"":4,""relation_id"":""452e9a7e64fef974"",""state"":""F"",""names"":[""sig_n""],""history"":null}],""registered_at"":793}},{""R"":""R_bfecf95ccc797855_t568"",""seal"":{""state"":""F"",""names"":[[""sig_n""]],""seats"":[{""slot"":5,""relation_id"":""54566c8295802c08"",""state"":""F"",""names"":[""sig_n""],""history"":null}],""registered_at"":568}}]"
2,12,1123,乙,normal,selection_error,above,R_0e5d236bf5b42b15_t1067,H,"[[""sig_e""]]","[{""slot"":11,""relation_id"":""a7a4e67d8fcdf7dd"",""state"":""H"",""names"":[""sig_e""],""history"":{""sig_e"":6}}]",H[sig_e],0.8,2,wrong,wrong,R_533f0b68a9c93324,1,F,"[[""sig_n""]]","[{""slot"":7,""relation_id"":""37d20a3d4e205445"",""state"":""F"",""names"":[""sig_n""],""history"":null}]",F[sig_n],0.6902654867256637,-0.10973451327433628,0.6901763073574886,0.799073076433403,-0.1088967690759144,0.0008377441984218827,0.6900901601400364,0.798979158676369,-0.10888899853633259,0.0008455147380036879,posthoc_arithmetic_from_saved_coefficients,"[{""R"":""R_533f0b68a9c93324"",""seal"":{""state"":""F"",""names"":[[""sig_n""]],""seats"":[{""slot"":7,""relation_id"":""37d20a3d4e205445"",""state"":""F"",""names"":[""sig_n""],""history"":null}],""registered_at"":1121}},{""R"":""R_a3e2181b14bbde85"",""seal"":{""state"":""F"",""names"":[[""sig_n""]],""seats"":[{""slot"":10,""relation_id"":""c5af07ded10df9aa"",""state"":""F"",""names"":[""sig_n""],""history"":null}],""registered_at"":1118}}]"
2,12,1347,乙,normal,selection_error,above,R_0e5d236bf5b42b15_t1216,H,"[[""sig_e""]]","[{""slot"":2,""relation_id"":""3d22075db689c48e"",""state"":""H"",""names"":[""sig_e""],""history"":{""sig_e"":10}}]",H[sig_e],0.7659574468085106,3,wrong,wrong,R_533f0b68a9c93324,1,F,"[[""sig_n""]]","[{""slot"":7,""relation_id"":""37d20a3d4e205445"",""state"":""F"",""names"":[""sig_n""],""history"":null}]",F[sig_n],0.6554621848739496,-0.11049526193456106,0.6554171574959038,0.7650952802690681,-0.10967812277316433,0.0008171391613967343,0.655340411442667,0.7650108172035782,-0.10967040576091124,0.00082485617364983,posthoc_arithmetic_from_saved_coefficients,"[{""R"":""R_533f0b68a9c93324"",""seal"":{""state"":""F"",""names"":[[""sig_n""]],""seats"":[{""slot"":7,""relation_id"":""37d20a3d4e205445"",""state"":""F"",""names"":[""sig_n""],""history"":null}],""registered_at"":1121}},{""R"":""R_fe7b42b67bef503d"",""seal"":{""state"":""F"",""names"":[[""sig_n""]],""seats"":[{""slot"":8,""relation_id"":""b116db285966bab0"",""state"":""F"",""names"":[""sig_n""],""history"":null}],""registered_at"":1344}},{""R"":""R_a3e2181b14bbde85"",""seal"":{""state"":""F"",""names"":[[""sig_n""]],""seats"":[{""slot"":10,""relation_id"":""c5af07ded10df9aa"",""state"":""F"",""names"":[""sig_n""],""history"":null}],""registered_at"":1118}}]"
2,12,1360,乙,normal,selection_error,above,R_0e5d236bf5b42b15_t1216,H,"[[""sig_e""]]","[{""slot"":2,""relation_id"":""3d22075db689c48e"",""state"":""H"",""names"":[""sig_e""],""history"":{""sig_e"":12}}]",H[sig_e],0.8,5,wrong,wrong,R_533f0b68a9c93324,1,F,"[[""sig_n""]]","[{""slot"":7,""relation_id"":""37d20a3d4e205445"",""state"":""F"",""names"":[""sig_n""],""history"":null}]",F[sig_n],0.6902654867256637,-0.10973451327433628,0.6901802595711674,0.7990451638424209,-0.10886490427125342,0.0008696090030828611,0.6900941118914861,0.7989512797916806,-0.10885716790019452,0.0008773453741417681,posthoc_arithmetic_from_saved_coefficients,"[{""R"":""R_533f0b68a9c93324"",""seal"":{""state"":""F"",""names"":[[""sig_n""]],""seats"":[{""slot"":7,""relation_id"":""37d20a3d4e205445"",""state"":""F"",""names"":[""sig_n""],""history"":null}],""registered_at"":1121}},{""R"":""R_48939b4afa3d5c42"",""seal"":{""state"":""F"",""names"":[[""sig_n""]],""seats"":[{""slot"":8,""relation_id"":""aa5394fcf8fc190c"",""state"":""F"",""names"":[""sig_n""],""history"":null}],""registered_at"":1357}},{""R"":""R_f10dc019491698d2"",""seal"":{""state"":""F"",""names"":[[""sig_n""]],""seats"":[{""slot"":9,""relation_id"":""9157f8361fb898e8"",""state"":""F"",""names"":[""sig_n""],""history"":null}],""registered_at"":1354}},{""R"":""R_fe7b42b67bef503d"",""seal"":{""state"":""F"",""names"":[[""sig_n""]],""seats"":[{""slot"":8,""relation_id"":""b116db285966bab0"",""state"":""F"",""names"":[""sig_n""],""history"":null}],""registered_at"":1344}},{""R"":""R_a3e2181b14bbde85"",""seal"":{""state"":""F"",""names"":[[""sig_n""]],""seats"":[{""slot"":10,""relation_id"":""c5af07ded10df9aa"",""state"":""F"",""names"":[""sig_n""],""history"":null}],""registered_at"":1118}}]"
2,12,1470,乙,normal,selection_error,above,R_0e5d236bf5b42b15,H,"[[""sig_e""]]","[{""slot"":0,""relation_id"":""0012a30d2e418bb5"",""state"":""H"",""names"":[""sig_e""],""history"":{""sig_e"":6}}]",H[sig_e],0.8,4,wrong,wrong,R_533f0b68a9c93324_t1468,1,F,"[[""sig_n""]]","[{""slot"":9,""relation_id"":""e8f31c3cbba9d982"",""state"":""F"",""names"":[""sig_n""],""history"":null}]",F[sig_n],0.6785714285714286,-0.12142857142857143,0.6787683689832591,0.7990413358447401,-0.12027296686148112,0.0011556045670903109,0.6786871998024896,0.7989474522662966,-0.12026025246380705,0.0011683189647643756,posthoc_arithmetic_from_saved_coefficients,"[{""R"":""R_533f0b68a9c93324_t1468"",""seal"":{""state"":""F"",""names"":[[""sig_n""]],""seats"":[{""slot"":9,""relation_id"":""e8f31c3cbba9d982"",""state"":""F"",""names"":[""sig_n""],""history"":null}],""registered_at"":1468}},{""R"":""R_48939b4afa3d5c42"",""seal"":{""state"":""F"",""names"":[[""sig_n""]],""seats"":[{""slot"":8,""relation_id"":""aa5394fcf8fc190c"",""state"":""F"",""names"":[""sig_n""],""history"":null}],""registered_at"":1357}},{""R"":""R_f10dc019491698d2"",""seal"":{""state"":""F"",""names"":[[""sig_n""]],""seats"":[{""slot"":9,""relation_id"":""9157f8361fb898e8"",""state"":""F"",""names"":[""sig_n""],""history"":null}],""registered_at"":1354}},{""R"":""R_fe7b42b67bef503d"",""seal"":{""state"":""F"",""names"":[[""sig_n""]],""seats"":[{""slot"":8,""relation_id"":""b116db285966bab0"",""state"":""F"",""names"":[""sig_n""],""history"":null}],""registered_at"":1344}}]"
2,13,1019,乙,normal,distinction_loss,absent,R_a980cbcce2d6b26e,F,"[[""sig_e""]]","[{""slot"":6,""relation_id"":""95c38d31d8e0ce28"",""state"":""F"",""names"":[""sig_e""],""history"":null}]",F[sig_e],0.6428571428571429,0,wrong,wrong,,,,,,門上候補なし,,,,0.6419282789428623,,,,0.6418407195683266,,,not_applicable_no_correct_above_gate,[]
2,13,1217,甲,normal,selection_error,above,R_5ccd1331eec89856,H,"[[""sig_e""]]","[{""slot"":15,""relation_id"":""fa1fdda690196f27"",""state"":""H"",""names"":[""sig_e""],""history"":{""sig_e"":5}}]",H[sig_e],0.7727272727272727,3,wrong,wrong,R_a446f7302597b869,1,F,"[[""sig_n""]]","[{""slot"":5,""relation_id"":""73ed4ba953602098"",""state"":""F"",""names"":[""sig_n""],""history"":null}]",F[sig_n],0.6785714285714286,-0.09415584415584416,0.67898473407361,0.7716173355851034,-0.09263260151149333,0.0015232426443508222,0.6788869990113803,0.7715188980806932,-0.09263189906931293,0.0015239450865312204,posthoc_arithmetic_from_saved_coefficients,"[{""R"":""R_a446f7302597b869"",""seal"":{""state"":""F"",""names"":[[""sig_n""]],""seats"":[{""slot"":5,""relation_id"":""73ed4ba953602098"",""state"":""F"",""names"":[""sig_n""],""history"":null}],""registered_at"":1210}},{""R"":""R_bfecf95ccc797855"",""seal"":{""state"":""F"",""names"":[[""sig_n""]],""seats"":[{""slot"":1,""relation_id"":""35c1e99a82666b4a"",""state"":""F"",""names"":[""sig_n""],""history"":null}],""registered_at"":1208}},{""R"":""R_94a5a2e983982a1d"",""seal"":{""state"":""F"",""names"":[[""sig_n""]],""seats"":[{""slot"":5,""relation_id"":""49d7e0c3fc36eda7"",""state"":""F"",""names"":[""sig_n""],""history"":null}],""registered_at"":1203}}]"
2,13,1451,甲,normal,selection_error,above,R_78a9d503e9d6b05d,H,"[[""sig_e""]]","[{""slot"":0,""relation_id"":""0cc79b7d356ea470"",""state"":""H"",""names"":[""sig_e""],""history"":{""sig_e"":4}}]",H[sig_e],0.7299270072992701,4,wrong,wrong,R_627ae67a7f637bdb,1,F,"[[""sig_n""]]","[{""slot"":2,""relation_id"":""31d43620f39e29e1"",""state"":""F"",""names"":[""sig_n""],""history"":null}]",F[sig_n],0.6440677966101694,-0.08585921068910059,0.6437775728553808,0.7295066661536971,-0.08572909329831624,0.00013011739078434308,0.6436909856921537,0.7294223357640991,-0.08573135007194548,0.00012786061715511118,posthoc_arithmetic_from_saved_coefficients,"[{""R"":""R_627ae67a7f637bdb"",""seal"":{""state"":""F"",""names"":[[""sig_n""]],""seats"":[{""slot"":2,""relation_id"":""31d43620f39e29e1"",""state"":""F"",""names"":[""sig_n""],""history"":null}],""registered_at"":1447}},{""R"":""R_1d4532c404ae777e"",""seal"":{""state"":""F"",""names"":[[""sig_n""]],""seats"":[{""slot"":1,""relation_id"":""26bdc5751e8ede1d"",""state"":""F"",""names"":[""sig_n""],""history"":null}],""registered_at"":1443}},{""R"":""R_d13632637df56212"",""seal"":{""state"":""F"",""names"":[[""sig_n""]],""seats"":[{""slot"":2,""relation_id"":""26bdc5751e8ede1d"",""state"":""F"",""names"":[""sig_n""],""history"":null}],""registered_at"":1440}},{""R"":""R_51ffba0197ecf41f"",""seal"":{""state"":""F"",""names"":[[""sig_n""]],""seats"":[{""slot"":9,""relation_id"":""ec81617db9837a4c"",""state"":""F"",""names"":[""sig_n""],""history"":null}],""registered_at"":1439}}]"
2,14,226,甲,normal,selection_error,above,R_8b0d2a6b7293001d,H,"[[""sig_e""]]","[{""slot"":4,""relation_id"":""453e2383d5ae64cb"",""state"":""H"",""names"":[""sig_e""],""history"":{""sig_e"":8}}]",H[sig_e],0.782608695652174,3,wrong,wrong,R_a446f7302597b869,1,F,"[[""sig_n""]]","[{""slot"":11,""relation_id"":""e047081c3f0e8e76"",""state"":""F"",""names"":[""sig_n""],""history"":null}]",F[sig_n],0.6724137931034483,-0.11019490254872563,0.6722610611314548,0.7818493666391227,-0.10958830550766804,0.0006065970410575969,0.6721859388929282,0.7817415945472683,-0.10955565565434013,0.0006392468943855079,posthoc_arithmetic_from_saved_coefficients,"[{""R"":""R_a446f7302597b869"",""seal"":{""state"":""F"",""names"":[[""sig_n""]],""seats"":[{""slot"":11,""relation_id"":""e047081c3f0e8e76"",""state"":""F"",""names"":[""sig_n""],""history"":null}],""registered_at"":224}},{""R"":""R_bfecf95ccc797855"",""seal"":{""state"":""F"",""names"":[[""sig_n""]],""seats"":[{""slot"":9,""relation_id"":""ab69cece34dcb823"",""state"":""F"",""names"":[""sig_n""],""history"":null}],""registered_at"":221}},{""R"":""R_627ae67a7f637bdb"",""seal"":{""state"":""F"",""names"":[[""sig_n""]],""seats"":[{""slot"":11,""relation_id"":""f171e4a172da2ea7"",""state"":""F"",""names"":[""sig_n""],""history"":null}],""registered_at"":114}}]"
2,14,401,甲,normal,selection_error,above,R_8b0d2a6b7293001d_t346,H,"[[""sig_e""]]","[{""slot"":16,""relation_id"":""e03d421ac59eb8b2"",""state"":""H"",""names"":[""sig_e""],""history"":{""sig_e"":5}}]",H[sig_e],0.7746478873239436,4,wrong,wrong,R_7b6b1008b48c1115_t323,1,H,"[[""sig_e""]]","[{""slot"":8,""relation_id"":""799663d36681f52a"",""state"":""H"",""names"":[""sig_e""],""history"":{""sig_e"":1}}]",H[sig_e],0.7746478873239436,0.0,0.773750498491445,0.7737940370702263,-4.353857878137114e-05,-4.353857878137114e-05,0.7736877271724008,0.7736877271724008,0.0,0.0,posthoc_arithmetic_from_saved_coefficients,"[{""R"":""R_7b6b1008b48c1115_t323"",""seal"":{""state"":""H"",""names"":[[""sig_e""]],""seats"":[{""slot"":8,""relation_id"":""799663d36681f52a"",""state"":""H"",""names"":[""sig_e""],""history"":{""sig_e"":1}}],""registered_at"":323}},{""R"":""R_a446f7302597b869"",""seal"":{""state"":""F"",""names"":[[""sig_n""]],""seats"":[{""slot"":11,""relation_id"":""e047081c3f0e8e76"",""state"":""F"",""names"":[""sig_n""],""history"":null}],""registered_at"":224}},{""R"":""R_1d4532c404ae777e"",""seal"":{""state"":""F"",""names"":[[""sig_n""]],""seats"":[{""slot"":0,""relation_id"":""2bcc17d6c6f630d5"",""state"":""F"",""names"":[""sig_n""],""history"":null}],""registered_at"":232}},{""R"":""R_bfecf95ccc797855"",""seal"":{""state"":""F"",""names"":[[""sig_n""]],""seats"":[{""slot"":9,""relation_id"":""ab69cece34dcb823"",""state"":""F"",""names"":[""sig_n""],""history"":null}],""registered_at"":221}}]"
2,14,668,乙,normal,selection_error,above,R_3ad0209336a6e37e,H,"[[""sig_e""]]","[{""slot"":12,""relation_id"":""c8efac780be760e7"",""state"":""H"",""names"":[""sig_e""],""history"":{""sig_e"":4}}]",H[sig_e],0.7391304347826086,2,wrong,wrong,R_a3e2181b14bbde85,1,F,"[[""sig_n""]]","[{""slot"":1,""relation_id"":""436973c48053fc3a"",""state"":""F"",""names"":[""sig_n""],""history"":null}]",F[sig_n],0.6440677966101694,-0.0950626381724392,0.6438610833224611,0.7385652352120224,-0.09470415188956136,0.00035848628287785003,0.6437517773101141,0.7385035063214742,-0.09475172901136014,0.00031090916107906605,posthoc_arithmetic_from_saved_coefficients,"[{""R"":""R_a3e2181b14bbde85"",""seal"":{""state"":""F"",""names"":[[""sig_n""]],""seats"":[{""slot"":1,""relation_id"":""436973c48053fc3a"",""state"":""F"",""names"":[""sig_n""],""history"":null}],""registered_at"":666}},{""R"":""R_48939b4afa3d5c42"",""seal"":{""state"":""F"",""names"":[[""sig_n""]],""seats"":[{""slot"":4,""relation_id"":""7eed2a161ca078b3"",""state"":""F"",""names"":[""sig_n""],""history"":null}],""registered_at"":537}}]"
2,14,905,乙,normal,selection_error,above,R_0e5d236bf5b42b15_t878,H,"[[""sig_e""]]","[{""slot"":12,""relation_id"":""c94031b96fe8b768"",""state"":""H"",""names"":[""sig_e""],""history"":{""sig_e"":5}}]",H[sig_e],0.7659574468085106,4,wrong,wrong,R_fe7b42b67bef503d,1,F,"[[""sig_n""]]","[{""slot"":7,""relation_id"":""bbcc8871e3e4412b"",""state"":""F"",""names"":[""sig_n""],""history"":null}]",F[sig_n],0.6554621848739496,-0.11049526193456106,0.6556058699677721,0.7652766986020431,-0.10967082863427087,0.0008244333002901863,0.6554909756175223,0.7652176963961869,-0.10972672077866447,0.0007685411558965932,posthoc_arithmetic_from_saved_coefficients,"[{""R"":""R_fe7b42b67bef503d"",""seal"":{""state"":""F"",""names"":[[""sig_n""]],""seats"":[{""slot"":7,""relation_id"":""bbcc8871e3e4412b"",""state"":""F"",""names"":[""sig_n""],""history"":null}],""registered_at"":783}},{""R"":""R_9e4d965d6b6585c5"",""seal"":{""state"":""F"",""names"":[[""sig_n""]],""seats"":[{""slot"":0,""relation_id"":""2a4001621ae6ebb6"",""state"":""F"",""names"":[""sig_n""],""history"":null}],""registered_at"":785}},{""R"":""R_f10dc019491698d2"",""seal"":{""state"":""F"",""names"":[[""sig_n""]],""seats"":[{""slot"":8,""relation_id"":""bbcc8871e3e4412b"",""state"":""F"",""names"":[""sig_n""],""history"":null}],""registered_at"":778}},{""R"":""R_a3e2181b14bbde85"",""seal"":{""state"":""F"",""names"":[[""sig_n""]],""seats"":[{""slot"":1,""relation_id"":""436973c48053fc3a"",""state"":""F"",""names"":[""sig_n""],""history"":null}],""registered_at"":666}}]"
2,14,1453,甲,normal,distinction_loss,absent,R_8b0d2a6b7293001d_t1307,H,"[[""sig_e""]]","[{""slot"":11,""relation_id"":""da228b2a377d44ca"",""state"":""H"",""names"":[""sig_e""],""history"":{""sig_e"":8}}]",H[sig_e],0.8,0,wrong,wrong,,,,,,門上候補なし,,,,0.7992237796741962,,,,0.7991103379008848,,,not_applicable_no_correct_above_gate,[]
2,14,1475,乙,normal,selection_error,above,R_0e5d236bf5b42b15,H,"[[""sig_e""]]","[{""slot"":3,""relation_id"":""2cee8803fcf77355"",""state"":""H"",""names"":[""sig_e""],""history"":{""sig_e"":1}}]",H[sig_e],0.782608695652174,1,wrong,wrong,R_f10dc019491698d2,1,F,"[[""sig_n""]]","[{""slot"":1,""relation_id"":""3e9734bf35ae5002"",""state"":""F"",""names"":[""sig_n""],""history"":null}]",F[sig_n],0.6608695652173913,-0.12173913043478261,0.660686337471594,0.7818656141113196,-0.12117927663972561,0.000559853795056996,0.6605705891716357,0.7818031893433691,-0.12123260017173351,0.0005065302630491021,posthoc_arithmetic_from_saved_coefficients,"[{""R"":""R_f10dc019491698d2"",""seal"":{""state"":""F"",""names"":[[""sig_n""]],""seats"":[{""slot"":1,""relation_id"":""3e9734bf35ae5002"",""state"":""F"",""names"":[""sig_n""],""history"":null}],""registered_at"":1469}}]"
2,14,1708,乙,normal,selection_error,above,R_0e5d236bf5b42b15_t1644,H,"[[""sig_e""]]","[{""slot"":15,""relation_id"":""ea85cd3edc9e4c28"",""state"":""H"",""names"":[""sig_e""],""history"":{""sig_e"":7}}]",H[sig_e],0.782608695652174,3,wrong,wrong,R_533f0b68a9c93324,1,F,"[[""sig_n""]]","[{""slot"":5,""relation_id"":""4c33ebec14ee74ff"",""state"":""F"",""names"":[""sig_n""],""history"":null}]",F[sig_n],0.6724137931034483,-0.11019490254872563,0.6723979113988524,0.7818782963156236,-0.10948038491677121,0.0007145176319544261,0.6722765688083705,0.7818158695452914,-0.10953930073692081,0.0006556018118048304,posthoc_arithmetic_from_saved_coefficients,"[{""R"":""R_533f0b68a9c93324"",""seal"":{""state"":""F"",""names"":[[""sig_n""]],""seats"":[{""slot"":5,""relation_id"":""4c33ebec14ee74ff"",""state"":""F"",""names"":[""sig_n""],""history"":null}],""registered_at"":1699}},{""R"":""R_9e4d965d6b6585c5"",""seal"":{""state"":""F"",""names"":[[""sig_n""]],""seats"":[{""slot"":6,""relation_id"":""ab4fc260b1657959"",""state"":""F"",""names"":[""sig_n""],""history"":null}],""registered_at"":1704}},{""R"":""R_f10dc019491698d2"",""seal"":{""state"":""F"",""names"":[[""sig_n""]],""seats"":[{""slot"":1,""relation_id"":""3e9734bf35ae5002"",""state"":""F"",""names"":[""sig_n""],""history"":null}],""registered_at"":1469}}]"
2,14,1710,乙,normal,selection_error,above,R_0e5d236bf5b42b15_t1644,H,"[[""sig_e""]]","[{""slot"":15,""relation_id"":""ea85cd3edc9e4c28"",""state"":""H"",""names"":[""sig_e""],""history"":{""sig_e"":7}}]",H[sig_e],0.782608695652174,3,wrong,wrong,R_533f0b68a9c93324,1,F,"[[""sig_n""]]","[{""slot"":5,""relation_id"":""4c33ebec14ee74ff"",""state"":""F"",""names"":[""sig_n""],""history"":null}]",F[sig_n],0.6724137931034483,-0.11019490254872563,0.6723929967349468,0.7818734955732554,-0.10948049883830852,0.0007144037104171236,0.6722715779257726,0.7818109934791144,-0.1095394155533418,0.0006554869953838284,posthoc_arithmetic_from_saved_coefficients,"[{""R"":""R_533f0b68a9c93324"",""seal"":{""state"":""F"",""names"":[[""sig_n""]],""seats"":[{""slot"":5,""relation_id"":""4c33ebec14ee74ff"",""state"":""F"",""names"":[""sig_n""],""history"":null}],""registered_at"":1699}},{""R"":""R_9e4d965d6b6585c5"",""seal"":{""state"":""F"",""names"":[[""sig_n""]],""seats"":[{""slot"":6,""relation_id"":""ab4fc260b1657959"",""state"":""F"",""names"":[""sig_n""],""history"":null}],""registered_at"":1704}},{""R"":""R_f10dc019491698d2"",""seal"":{""state"":""F"",""names"":[[""sig_n""]],""seats"":[{""slot"":1,""relation_id"":""3e9734bf35ae5002"",""state"":""F"",""names"":[""sig_n""],""history"":null}],""registered_at"":1469}}]"
2,15,768,乙,normal,selection_error,above,R_0e5d236bf5b42b15,H,"[[""sig_e""]]","[{""slot"":9,""relation_id"":""8d06a82a2fbcfe79"",""state"":""H"",""names"":[""sig_e""],""history"":{""sig_e"":5}}]",H[sig_e],0.782608695652174,2,wrong,wrong,R_48939b4afa3d5c42,1,F,"[[""sig_n""]]","[{""slot"":8,""relation_id"":""c253f94c1d84ca88"",""state"":""F"",""names"":[""sig_n""],""history"":null}]",F[sig_n],0.6608695652173913,-0.12173913043478261,0.6607710080727847,0.781736383466671,-0.12096537539388638,0.0007737550408962206,0.6606185022697842,0.781731093616141,-0.12111259134635677,0.0006265390884258448,posthoc_arithmetic_from_saved_coefficients,"[{""R"":""R_48939b4afa3d5c42"",""seal"":{""state"":""F"",""names"":[[""sig_n""]],""seats"":[{""slot"":8,""relation_id"":""c253f94c1d84ca88"",""state"":""F"",""names"":[""sig_n""],""history"":null}],""registered_at"":765}},{""R"":""R_533f0b68a9c93324"",""seal"":{""state"":""F"",""names"":[[""sig_n""]],""seats"":[{""slot"":8,""relation_id"":""c253f94c1d84ca88"",""state"":""F"",""names"":[""sig_n""],""history"":null}],""registered_at"":763}}]"
2,15,925,乙,normal,selection_error,above,R_0e5d236bf5b42b15_t892,H,"[[""sig_e""]]","[{""slot"":12,""relation_id"":""9bde3cb642409504"",""state"":""H"",""names"":[""sig_e""],""history"":{""sig_e"":2}}]",H[sig_e],0.7746478873239436,4,correct,wrong,R_cb63a1ebfc31098d_t880,1,H,"[[""sig_e""]]","[{""slot"":0,""relation_id"":""1aebce7ee51e19db"",""state"":""H"",""names"":[""sig_e""],""history"":{""sig_e"":1}}]",H[sig_e],0.7746478873239436,0.0,0.7736980950745586,0.773563996238921,0.00013409883563754058,0.00013409883563754058,0.7735565546387344,0.7735565546387344,0.0,0.0,posthoc_arithmetic_from_saved_coefficients,"[{""R"":""R_cb63a1ebfc31098d_t880"",""seal"":{""state"":""H"",""names"":[[""sig_e""]],""seats"":[{""slot"":0,""relation_id"":""1aebce7ee51e19db"",""state"":""H"",""names"":[""sig_e""],""history"":{""sig_e"":1}}],""registered_at"":880}},{""R"":""R_9e4d965d6b6585c5"",""seal"":{""state"":""F"",""names"":[[""sig_n""]],""seats"":[{""slot"":1,""relation_id"":""6a3e28426d9d8acf"",""state"":""F"",""names"":[""sig_n""],""history"":null}],""registered_at"":771}},{""R"":""R_48939b4afa3d5c42"",""seal"":{""state"":""F"",""names"":[[""sig_n""]],""seats"":[{""slot"":8,""relation_id"":""c253f94c1d84ca88"",""state"":""F"",""names"":[""sig_n""],""history"":null}],""registered_at"":765}},{""R"":""R_533f0b68a9c93324"",""seal"":{""state"":""F"",""names"":[[""sig_n""]],""seats"":[{""slot"":8,""relation_id"":""c253f94c1d84ca88"",""state"":""F"",""names"":[""sig_n""],""history"":null}],""registered_at"":763}}]"
2,15,939,乙,normal,selection_error,above,R_0e5d236bf5b42b15_t892,H,"[[""sig_e""]]","[{""slot"":12,""relation_id"":""9bde3cb642409504"",""state"":""H"",""names"":[""sig_e""],""history"":{""sig_e"":2}}]",H[sig_e],0.7913669064748201,4,correct,wrong,R_cb63a1ebfc31098d_t880,1,H,"[[""sig_e""]]","[{""slot"":0,""relation_id"":""1aebce7ee51e19db"",""state"":""H"",""names"":[""sig_e""],""history"":{""sig_e"":1}}]",H[sig_e],0.7913669064748201,0.0,0.7904125573257339,0.7902726024644181,0.00013995486131588748,0.00013995486131588748,0.7902642017577218,0.7902642017577218,0.0,0.0,posthoc_arithmetic_from_saved_coefficients,"[{""R"":""R_cb63a1ebfc31098d_t880"",""seal"":{""state"":""H"",""names"":[[""sig_e""]],""seats"":[{""slot"":0,""relation_id"":""1aebce7ee51e19db"",""state"":""H"",""names"":[""sig_e""],""history"":{""sig_e"":1}}],""registered_at"":880}},{""R"":""R_9e4d965d6b6585c5"",""seal"":{""state"":""F"",""names"":[[""sig_n""]],""seats"":[{""slot"":1,""relation_id"":""6a3e28426d9d8acf"",""state"":""F"",""names"":[""sig_n""],""history"":null}],""registered_at"":771}},{""R"":""R_48939b4afa3d5c42"",""seal"":{""state"":""F"",""names"":[[""sig_n""]],""seats"":[{""slot"":8,""relation_id"":""c253f94c1d84ca88"",""state"":""F"",""names"":[""sig_n""],""history"":null}],""registered_at"":765}},{""R"":""R_533f0b68a9c93324"",""seal"":{""state"":""F"",""names"":[[""sig_n""]],""seats"":[{""slot"":8,""relation_id"":""c253f94c1d84ca88"",""state"":""F"",""names"":[""sig_n""],""history"":null}],""registered_at"":763}}]"
2,15,1458,甲,normal,distinction_loss,below,R_5ccd1331eec89856,H,"[[""sig_e""]]","[{""slot"":4,""relation_id"":""45bb7204ec345eab"",""state"":""H"",""names"":[""sig_e""],""history"":{""sig_e"":2}}]",H[sig_e],0.7205882352941176,0,wrong,wrong,,,,,,門上候補なし,,,,0.7198531091338808,,,,0.7197222567510173,,,not_applicable_no_correct_above_gate,[]
2,16,665,甲,normal,selection_error,above,R_8b0d2a6b7293001d,H,"[[""sig_e""]]","[{""slot"":16,""relation_id"":""d405d618e0e62148"",""state"":""H"",""names"":[""sig_e""],""history"":{""sig_e"":5}}]",H[sig_e],0.7746478873239436,1,wrong,wrong,R_a446f7302597b869_t663,1,F,"[[""sig_n""]]","[{""slot"":8,""relation_id"":""bec5e36ba323fc01"",""state"":""F"",""names"":[""sig_n""],""history"":null}]",F[sig_n],0.6440677966101694,-0.13058009071377416,0.6443250175017549,0.7735704566219848,-0.1292454391202299,0.0013346515935442754,0.6442797749426125,0.7734636529813128,-0.12918387803870027,0.0013962126750739136,posthoc_arithmetic_from_saved_coefficients,"[{""R"":""R_a446f7302597b869_t663"",""seal"":{""state"":""F"",""names"":[[""sig_n""]],""seats"":[{""slot"":8,""relation_id"":""bec5e36ba323fc01"",""state"":""F"",""names"":[""sig_n""],""history"":null}],""registered_at"":663}}]"
2,16,1005,乙,normal,selection_error,above,R_68bd0d0960ca4e4d,H,"[[""sig_e""]]","[{""slot"":14,""relation_id"":""f8a717bb7f4e68a0"",""state"":""H"",""names"":[""sig_e""],""history"":{""sig_e"":1}}]",H[sig_e],0.7368421052631579,3,wrong,wrong,R_fe7b42b67bef503d,1,F,"[[""sig_n""]]","[{""slot"":9,""relation_id"":""be5711c29a854a5a"",""state"":""F"",""names"":[""sig_n""],""history"":null}]",F[sig_n],0.6724137931034483,-0.06442831215970962,0.6727169698111908,0.7359915261372202,-0.06327455632602935,0.0011537558336802674,0.6725959705999305,0.7359543482759955,-0.06335837767606492,0.0010699344836446968,posthoc_arithmetic_from_saved_coefficients,"[{""R"":""R_fe7b42b67bef503d"",""seal"":{""state"":""F"",""names"":[[""sig_n""]],""seats"":[{""slot"":9,""relation_id"":""be5711c29a854a5a"",""state"":""F"",""names"":[""sig_n""],""history"":null}],""registered_at"":1001}},{""R"":""R_48939b4afa3d5c42"",""seal"":{""state"":""F"",""names"":[[""sig_n""]],""seats"":[{""slot"":7,""relation_id"":""be5711c29a854a5a"",""state"":""F"",""names"":[""sig_n""],""history"":null}],""registered_at"":1003}},{""R"":""R_9e4d965d6b6585c5"",""seal"":{""state"":""F"",""names"":[[""sig_n""]],""seats"":[{""slot"":7,""relation_id"":""be5711c29a854a5a"",""state"":""F"",""names"":[""sig_n""],""history"":null}],""registered_at"":999}}]"
2,16,1010,乙,normal,selection_error,above,R_68bd0d0960ca4e4d,H,"[[""sig_e""]]","[{""slot"":14,""relation_id"":""f8a717bb7f4e68a0"",""state"":""H"",""names"":[""sig_e""],""history"":{""sig_e"":1}}]",H[sig_e],0.746268656716418,3,wrong,wrong,R_fe7b42b67bef503d,1,F,"[[""sig_n""]]","[{""slot"":9,""relation_id"":""be5711c29a854a5a"",""state"":""F"",""names"":[""sig_n""],""history"":null}]",F[sig_n],0.6724137931034483,-0.07385486361296964,0.6727139405036722,0.7454209370398653,-0.07270699653619327,0.0011478670767763731,0.6725929384691428,0.7454260132331647,-0.07283307476402184,0.0010217888489477895,posthoc_arithmetic_from_saved_coefficients,"[{""R"":""R_fe7b42b67bef503d"",""seal"":{""state"":""F"",""names"":[[""sig_n""]],""seats"":[{""slot"":9,""relation_id"":""be5711c29a854a5a"",""state"":""F"",""names"":[""sig_n""],""history"":null}],""registered_at"":1001}},{""R"":""R_48939b4afa3d5c42"",""seal"":{""state"":""F"",""names"":[[""sig_n""]],""seats"":[{""slot"":7,""relation_id"":""be5711c29a854a5a"",""state"":""F"",""names"":[""sig_n""],""history"":null}],""registered_at"":1003}},{""R"":""R_9e4d965d6b6585c5"",""seal"":{""state"":""F"",""names"":[[""sig_n""]],""seats"":[{""slot"":7,""relation_id"":""be5711c29a854a5a"",""state"":""F"",""names"":[""sig_n""],""history"":null}],""registered_at"":999}}]"
2,16,1387,甲,normal,distinction_loss,below,R_8b0d2a6b7293001d,H,"[[""sig_e""]]","[{""slot"":12,""relation_id"":""bbbcd5ae7365b2bd"",""state"":""H"",""names"":[""sig_e""],""history"":{""sig_e"":10}}]",H[sig_e],0.782608695652174,0,wrong,wrong,,,,,,門上候補なし,,,,0.7815763666196328,,,,0.7814678705164763,,,not_applicable_no_correct_above_gate,[]
2,17,115,乙,normal,selection_error,above,R_0e5d236bf5b42b15,H,"[[""sig_e""]]","[{""slot"":15,""relation_id"":""dc5596fd6c831739"",""state"":""H"",""names"":[""sig_e""],""history"":{""sig_e"":6}}]",H[sig_e],0.7913669064748201,1,wrong,wrong,R_fe7b42b67bef503d,1,F,"[[""sig_n""]]","[{""slot"":8,""relation_id"":""e796c4c0a430634d"",""state"":""F"",""names"":[""sig_n""],""history"":null}]",F[sig_n],0.6724137931034483,-0.11895311337137186,0.6724700005058368,0.790525457887815,-0.11805545738197815,0.0008976559893937205,0.6723814976419105,0.7904530503720189,-0.11807155273010839,0.0008815606412634863,posthoc_arithmetic_from_saved_coefficients,"[{""R"":""R_fe7b42b67bef503d"",""seal"":{""state"":""F"",""names"":[[""sig_n""]],""seats"":[{""slot"":8,""relation_id"":""e796c4c0a430634d"",""state"":""F"",""names"":[""sig_n""],""history"":null}],""registered_at"":110}}]"
2,17,330,乙,normal,selection_error,above,R_8307fbbf05ba494f,H,"[[""sig_e""]]","[{""slot"":12,""relation_id"":""b765d2747a66c937"",""state"":""H"",""names"":[""sig_e""],""history"":{""sig_e"":2}}]",H[sig_e],0.723404255319149,3,wrong,wrong,R_fe7b42b67bef503d,1,F,"[[""sig_n""]]","[{""slot"":8,""relation_id"":""e796c4c0a430634d"",""state"":""F"",""names"":[""sig_n""],""history"":null}]",F[sig_n],0.639344262295082,-0.08405999302406697,0.6394292977339989,0.7227890081759039,-0.08335971044190496,0.0007002825821620125,0.6393500959062122,0.7227248674694736,-0.08337477156326145,0.0006852214608055107,posthoc_arithmetic_from_saved_coefficients,"[{""R"":""R_fe7b42b67bef503d"",""seal"":{""state"":""F"",""names"":[[""sig_n""]],""seats"":[{""slot"":8,""relation_id"":""e796c4c0a430634d"",""state"":""F"",""names"":[""sig_n""],""history"":null}],""registered_at"":110}},{""R"":""R_48939b4afa3d5c42"",""seal"":{""state"":""F"",""names"":[[""sig_n""]],""seats"":[{""slot"":10,""relation_id"":""f28bdf17a58d73a0"",""state"":""F"",""names"":[""sig_n""],""history"":null}],""registered_at"":328}},{""R"":""R_f10dc019491698d2"",""seal"":{""state"":""F"",""names"":[[""sig_n""]],""seats"":[{""slot"":6,""relation_id"":""915d63281cea1627"",""state"":""F"",""names"":[""sig_n""],""history"":null}],""registered_at"":116}}]"
2,17,444,乙,normal,selection_error,above,R_0e5d236bf5b42b15_t359,H,"[[""sig_e""]]","[{""slot"":5,""relation_id"":""47a037d303c1863f"",""state"":""H"",""names"":[""sig_e""],""history"":{""sig_e"":4}}]",H[sig_e],0.782608695652174,4,wrong,wrong,R_533f0b68a9c93324,1,F,"[[""sig_n""]]","[{""slot"":10,""relation_id"":""ce61739afe1e56f5"",""state"":""F"",""names"":[""sig_n""],""history"":null}]",F[sig_n],0.6724137931034483,-0.11019490254872563,0.6723732630628689,0.7819418912793442,-0.10956862821647528,0.0006262743322503589,0.6722848397197637,0.7818728738067596,-0.10958803408699594,0.000606868461729701,posthoc_arithmetic_from_saved_coefficients,"[{""R"":""R_533f0b68a9c93324"",""seal"":{""state"":""F"",""names"":[[""sig_n""]],""seats"":[{""slot"":10,""relation_id"":""ce61739afe1e56f5"",""state"":""F"",""names"":[""sig_n""],""history"":null}],""registered_at"":435}},{""R"":""R_a3e2181b14bbde85"",""seal"":{""state"":""F"",""names"":[[""sig_n""]],""seats"":[{""slot"":0,""relation_id"":""38628ce3776a582e"",""state"":""F"",""names"":[""sig_n""],""history"":null}],""registered_at"":441}},{""R"":""R_f10dc019491698d2_t437"",""seal"":{""state"":""F"",""names"":[[""sig_n""]],""seats"":[{""slot"":0,""relation_id"":""38628ce3776a582e"",""state"":""F"",""names"":[""sig_n""],""history"":null}],""registered_at"":437}},{""R"":""R_48939b4afa3d5c42"",""seal"":{""state"":""F"",""names"":[[""sig_n""]],""seats"":[{""slot"":10,""relation_id"":""f28bdf17a58d73a0"",""state"":""F"",""names"":[""sig_n""],""history"":null}],""registered_at"":328}}]"
2,17,462,甲,normal,selection_error,above,R_8b0d2a6b7293001d_t392,H,"[[""sig_e""]]","[{""slot"":13,""relation_id"":""b325a2052e75338d"",""state"":""H"",""names"":[""sig_e""],""history"":{""sig_e"":5}}]",H[sig_e],0.8088235294117647,2,wrong,wrong,R_627ae67a7f637bdb,1,F,"[[""sig_n""]]","[{""slot"":4,""relation_id"":""793a56b4fb84ca0f"",""state"":""F"",""names"":[""sig_n""],""history"":null}]",F[sig_n],0.6902654867256637,-0.11855804268610098,0.6897894495877166,0.807869643095423,-0.11808019350770636,0.0004778491783946215,0.6897045199040794,0.8077849791094625,-0.11808045920538295,0.0004775834807180372,posthoc_arithmetic_from_saved_coefficients,"[{""R"":""R_627ae67a7f637bdb"",""seal"":{""state"":""F"",""names"":[[""sig_n""]],""seats"":[{""slot"":4,""relation_id"":""793a56b4fb84ca0f"",""state"":""F"",""names"":[""sig_n""],""history"":null}],""registered_at"":352}},{""R"":""R_94a5a2e983982a1d_t459"",""seal"":{""state"":""F"",""names"":[[""sig_n""]],""seats"":[{""slot"":1,""relation_id"":""236c866a5300b492"",""state"":""F"",""names"":[""sig_n""],""history"":null}],""registered_at"":459}}]"
2,17,469,甲,normal,selection_error,above,R_8b0d2a6b7293001d_t392,H,"[[""sig_e""]]","[{""slot"":13,""relation_id"":""b325a2052e75338d"",""state"":""H"",""names"":[""sig_e""],""history"":{""sig_e"":7}}]",H[sig_e],0.7913669064748201,2,wrong,wrong,R_627ae67a7f637bdb,1,F,"[[""sig_n""]]","[{""slot"":4,""relation_id"":""793a56b4fb84ca0f"",""state"":""F"",""names"":[""sig_n""],""history"":null}]",F[sig_n],0.6724137931034483,-0.11895311337137186,0.671937204760563,0.7904310382371198,-0.11849383347655683,0.0004592798948150335,0.6718570457401499,0.7903506328144668,-0.11849358707431694,0.0004595262970549349,posthoc_arithmetic_from_saved_coefficients,"[{""R"":""R_627ae67a7f637bdb"",""seal"":{""state"":""F"",""names"":[[""sig_n""]],""seats"":[{""slot"":4,""relation_id"":""793a56b4fb84ca0f"",""state"":""F"",""names"":[""sig_n""],""history"":null}],""registered_at"":352}},{""R"":""R_94a5a2e983982a1d_t459"",""seal"":{""state"":""F"",""names"":[[""sig_n""]],""seats"":[{""slot"":1,""relation_id"":""236c866a5300b492"",""state"":""F"",""names"":[""sig_n""],""history"":null}],""registered_at"":459}}]"
2,17,914,甲,normal,selection_error,above,R_8b0d2a6b7293001d,H,"[[""sig_e""]]","[{""slot"":4,""relation_id"":""69cb617e5fa9580c"",""state"":""H"",""names"":[""sig_e""],""history"":{""sig_e"":5}}]",H[sig_e],0.7659574468085106,2,wrong,wrong,R_94a5a2e983982a1d,1,F,"[[""sig_n""]]","[{""slot"":3,""relation_id"":""6b967f4f290d38f0"",""state"":""F"",""names"":[""sig_n""],""history"":null}]",F[sig_n],0.6440677966101694,-0.12188965019834115,0.6437823820624317,0.7652093917403985,-0.12142700967796684,0.0004626405203743109,0.6437111532087629,0.7651363132105338,-0.12142516000177085,0.0004644901965702957,posthoc_arithmetic_from_saved_coefficients,"[{""R"":""R_94a5a2e983982a1d"",""seal"":{""state"":""F"",""names"":[[""sig_n""]],""seats"":[{""slot"":3,""relation_id"":""6b967f4f290d38f0"",""state"":""F"",""names"":[""sig_n""],""history"":null}],""registered_at"":803}},{""R"":""R_1d4532c404ae777e"",""seal"":{""state"":""F"",""names"":[[""sig_n""]],""seats"":[{""slot"":2,""relation_id"":""3042c2dbfff5b6b8"",""state"":""F"",""names"":[""sig_n""],""history"":null}],""registered_at"":801}}]"
2,17,917,甲,normal,selection_error,above,R_8b0d2a6b7293001d,H,"[[""sig_e""]]","[{""slot"":4,""relation_id"":""69cb617e5fa9580c"",""state"":""H"",""names"":[""sig_e""],""history"":{""sig_e"":5}}]",H[sig_e],0.7659574468085106,2,wrong,wrong,R_94a5a2e983982a1d,1,F,"[[""sig_n""]]","[{""slot"":3,""relation_id"":""6b967f4f290d38f0"",""state"":""F"",""names"":[""sig_n""],""history"":null}]",F[sig_n],0.6440677966101694,-0.12188965019834115,0.6437659992422201,0.7651931043899068,-0.12142710514768673,0.0004625450506544111,0.6436947750940043,0.76512003021536,-0.12142525512135566,0.00046439507698548286,posthoc_arithmetic_from_saved_coefficients,"[{""R"":""R_94a5a2e983982a1d"",""seal"":{""state"":""F"",""names"":[[""sig_n""]],""seats"":[{""slot"":3,""relation_id"":""6b967f4f290d38f0"",""state"":""F"",""names"":[""sig_n""],""history"":null}],""registered_at"":803}},{""R"":""R_1d4532c404ae777e"",""seal"":{""state"":""F"",""names"":[[""sig_n""]],""seats"":[{""slot"":2,""relation_id"":""3042c2dbfff5b6b8"",""state"":""F"",""names"":[""sig_n""],""history"":null}],""registered_at"":801}}]"
2,17,1162,乙,normal,selection_error,above,R_b6c15eaf75ec247c,H,"[[""sig_e""]]","[{""slot"":12,""relation_id"":""bf1ec512ffe84dbd"",""state"":""H"",""names"":[""sig_e""],""history"":{""sig_e"":2}}]",H[sig_e],0.7538461538461538,2,wrong,wrong,R_fe7b42b67bef503d_t1160,1,F,"[[""sig_n""]]","[{""slot"":0,""relation_id"":""2f674b26f965bf0f"",""state"":""F"",""names"":[""sig_n""],""history"":null}]",F[sig_n],0.6785714285714286,-0.07527472527472527,0.6788672550330709,0.7530523170914692,-0.07418506205839831,0.0010896632163269662,0.6787781688988362,0.7529844386895959,-0.07420626979075962,0.001068455483965664,posthoc_arithmetic_from_saved_coefficients,"[{""R"":""R_fe7b42b67bef503d_t1160"",""seal"":{""state"":""F"",""names"":[[""sig_n""]],""seats"":[{""slot"":0,""relation_id"":""2f674b26f965bf0f"",""state"":""F"",""names"":[""sig_n""],""history"":null}],""registered_at"":1160}},{""R"":""R_48939b4afa3d5c42"",""seal"":{""state"":""F"",""names"":[[""sig_n""]],""seats"":[{""slot"":3,""relation_id"":""7f51d9b815eb65ba"",""state"":""F"",""names"":[""sig_n""],""history"":null}],""registered_at"":999}}]"
2,17,1712,乙,normal,selection_error,above,R_0e5d236bf5b42b15,H,"[[""sig_e""]]","[{""slot"":4,""relation_id"":""4ed338fc650a8173"",""state"":""H"",""names"":[""sig_e""],""history"":{""sig_e"":8}}]",H[sig_e],0.782608695652174,1,wrong,wrong,R_f10dc019491698d2,1,F,"[[""sig_n""]]","[{""slot"":8,""relation_id"":""7ea7ced0568790a4"",""state"":""F"",""names"":[""sig_n""],""history"":null}]",F[sig_n],0.6608695652173913,-0.12173913043478261,0.6606758471302645,0.7819570955047022,-0.12128124837443773,0.00045788206034488626,0.6605922459254641,0.7818881506093378,-0.12129590468387373,0.0004432257509088759,posthoc_arithmetic_from_saved_coefficients,"[{""R"":""R_f10dc019491698d2"",""seal"":{""state"":""F"",""names"":[[""sig_n""]],""seats"":[{""slot"":8,""relation_id"":""7ea7ced0568790a4"",""state"":""F"",""names"":[""sig_n""],""history"":null}],""registered_at"":1711}}]"
2,19,229,乙,normal,selection_error,above,R_b6c15eaf75ec247c,H,"[[""sig_e""]]","[{""slot"":10,""relation_id"":""6e68c8ba1d8463e5"",""state"":""H"",""names"":[""sig_e""],""history"":{""sig_e"":1}}]",H[sig_e],0.7299270072992701,1,wrong,wrong,R_9e4d965d6b6585c5,1,F,"[[""sig_n""]]","[{""slot"":9,""relation_id"":""da039319e9547a28"",""state"":""F"",""names"":[""sig_n""],""history"":null}]",F[sig_n],0.6554621848739496,-0.07446482242532049,0.6550620333985497,0.7292121426232773,-0.07415010922472759,0.00031471320059291,0.6549637113805342,0.729155447800112,-0.07419173641957783,0.0002730860057426626,posthoc_arithmetic_from_saved_coefficients,"[{""R"":""R_9e4d965d6b6585c5"",""seal"":{""state"":""F"",""names"":[[""sig_n""]],""seats"":[{""slot"":9,""relation_id"":""da039319e9547a28"",""state"":""F"",""names"":[""sig_n""],""history"":null}],""registered_at"":7}}]"
2,19,231,乙,normal,selection_error,above,R_b6c15eaf75ec247c,H,"[[""sig_e""]]","[{""slot"":10,""relation_id"":""6e68c8ba1d8463e5"",""state"":""H"",""names"":[""sig_e""],""history"":{""sig_e"":1}}]",H[sig_e],0.7299270072992701,1,wrong,wrong,R_9e4d965d6b6585c5,1,F,"[[""sig_n""]]","[{""slot"":9,""relation_id"":""da039319e9547a28"",""state"":""F"",""names"":[""sig_n""],""history"":null}]",F[sig_n],0.6554621848739496,-0.07446482242532049,0.6551032819355502,0.729251996963311,-0.07414871502776081,0.00031610739755967663,0.6550049409560887,0.7291952887594306,-0.07419034780334186,0.00027447462197863963,posthoc_arithmetic_from_saved_coefficients,"[{""R"":""R_9e4d965d6b6585c5"",""seal"":{""state"":""F"",""names"":[[""sig_n""]],""seats"":[{""slot"":9,""relation_id"":""da039319e9547a28"",""state"":""F"",""names"":[""sig_n""],""history"":null}],""registered_at"":7}}]"
2,19,297,甲,normal,distinction_loss,below,R_8b0d2a6b7293001d_t290,H,"[[""sig_e""]]","[{""slot"":1,""relation_id"":""1a6d2648c94d7f31"",""state"":""H"",""names"":[""sig_e""],""history"":{""sig_e"":1}}]",H[sig_e],0.7659574468085106,0,wrong,wrong,,,,,,門上候補なし,,,,0.7652725365798668,,,,0.7651852023475892,,,not_applicable_no_correct_above_gate,[]
2,19,405,甲,normal,selection_error,above,R_8b0d2a6b7293001d_t290,H,"[[""sig_e""]]","[{""slot"":1,""relation_id"":""1a6d2648c94d7f31"",""state"":""H"",""names"":[""sig_e""],""history"":{""sig_e"":10}}]",H[sig_e],0.7659574468085106,1,wrong,wrong,R_bfecf95ccc797855_t299,1,F,"[[""sig_n""]]","[{""slot"":7,""relation_id"":""980c94c5d339dbeb"",""state"":""F"",""names"":[""sig_n""],""history"":null}]",F[sig_n],0.6440677966101694,-0.12188965019834115,0.6438253940271021,0.7653238106823452,-0.12149841665524311,0.0003912335430980394,0.643761315023027,0.765236614375928,-0.121475299352901,0.00041435084544014645,posthoc_arithmetic_from_saved_coefficients,"[{""R"":""R_bfecf95ccc797855_t299"",""seal"":{""state"":""F"",""names"":[[""sig_n""]],""seats"":[{""slot"":7,""relation_id"":""980c94c5d339dbeb"",""state"":""F"",""names"":[""sig_n""],""history"":null}],""registered_at"":299}}]"
2,19,1284,甲,normal,selection_error,above,R_8b0d2a6b7293001d,H,"[[""sig_e""]]","[{""slot"":15,""relation_id"":""ea6a50a9ee9e6966"",""state"":""H"",""names"":[""sig_e""],""history"":{""sig_e"":4}}]",H[sig_e],0.782608695652174,1,wrong,wrong,R_e1a8b7e64c3158ab,1,F,"[[""sig_n""]]","[{""slot"":5,""relation_id"":""54e478635c513b68"",""state"":""F"",""names"":[""sig_n""],""history"":null}]",F[sig_n],0.625,-0.15760869565217392,0.6250628741705274,0.7819394037078455,-0.15687652953731812,0.0007321661148557859,0.6249920103444566,0.7818476007633535,-0.15685559041889688,0.0007531052332770247,posthoc_arithmetic_from_saved_coefficients,"[{""R"":""R_e1a8b7e64c3158ab"",""seal"":{""state"":""F"",""names"":[[""sig_n""]],""seats"":[{""slot"":5,""relation_id"":""54e478635c513b68"",""state"":""F"",""names"":[""sig_n""],""history"":null}],""registered_at"":1280}}]"
2,19,1516,乙,normal,selection_error,above,R_0e5d236bf5b42b15_t1504,H,"[[""sig_e""]]","[{""slot"":9,""relation_id"":""7214ae4e5d7a784a"",""state"":""H"",""names"":[""sig_e""],""history"":{""sig_e"":1}}]",H[sig_e],0.8,3,wrong,wrong,R_9e4d965d6b6585c5_t1515,1,F,"[[""sig_n""]]","[{""slot"":8,""relation_id"":""9e1e3a6e7b9e4121"",""state"":""F"",""names"":[""sig_n""],""history"":null}]",F[sig_n],0.6785714285714286,-0.12142857142857143,0.6783458247854899,0.7992311879206843,-0.12088536313519438,0.0005432082933770526,0.6782408766988887,0.7991662951876518,-0.12092541848876313,0.0005031529398082978,posthoc_arithmetic_from_saved_coefficients,"[{""R"":""R_9e4d965d6b6585c5_t1515"",""seal"":{""state"":""F"",""names"":[[""sig_n""]],""seats"":[{""slot"":8,""relation_id"":""9e1e3a6e7b9e4121"",""state"":""F"",""names"":[""sig_n""],""history"":null}],""registered_at"":1515}},{""R"":""R_d4a930c69f291eac"",""seal"":{""state"":""F"",""names"":[[""sig_n""]],""seats"":[{""slot"":3,""relation_id"":""37109191dfab21f0"",""state"":""F"",""names"":[""sig_n""],""history"":null}],""registered_at"":1361}},{""R"":""R_7a706aa5b47448d5"",""seal"":{""state"":""F"",""names"":[[""sig_n""]],""seats"":[{""slot"":3,""relation_id"":""6d215ee9e7eec464"",""state"":""F"",""names"":[""sig_n""],""history"":null}],""registered_at"":1511}}]"
2,19,1622,甲,normal,selection_error,above,R_8b0d2a6b7293001d_t1610,H,"[[""sig_e""]]","[{""slot"":4,""relation_id"":""81f988a6ca7cc230"",""state"":""H"",""names"":[""sig_e""],""history"":{""sig_e"":3}}]",H[sig_e],0.7659574468085106,3,wrong,wrong,R_a446f7302597b869_t1619,1,F,"[[""sig_n""]]","[{""slot"":11,""relation_id"":""f87f996aa364688a"",""state"":""F"",""names"":[""sig_n""],""history"":null}]",F[sig_n],0.6554621848739496,-0.11049526193456106,0.6555538196605334,0.7653075613725356,-0.10975374171200221,0.0007415202225588505,0.6554850404797332,0.7652203696168363,-0.10973532913710309,0.0007599327974579738,posthoc_arithmetic_from_saved_coefficients,"[{""R"":""R_a446f7302597b869_t1619"",""seal"":{""state"":""F"",""names"":[[""sig_n""]],""seats"":[{""slot"":11,""relation_id"":""f87f996aa364688a"",""state"":""F"",""names"":[""sig_n""],""history"":null}],""registered_at"":1619}},{""R"":""R_d13632637df56212"",""seal"":{""state"":""F"",""names"":[[""sig_n""]],""seats"":[{""slot"":9,""relation_id"":""d6f38c7eba462f9d"",""state"":""F"",""names"":[""sig_n""],""history"":null}],""registered_at"":1395}},{""R"":""R_1d4532c404ae777e"",""seal"":{""state"":""F"",""names"":[[""sig_n""]],""seats"":[{""slot"":2,""relation_id"":""1d7a642a478f235c"",""state"":""F"",""names"":[""sig_n""],""history"":null}],""registered_at"":1508}}]"
2,20,727,乙,normal,selection_error,above,R_22604ec5e16d756f,H,"[[""sig_e""]]","[{""slot"":0,""relation_id"":""0cf1df7ffb19b1f5"",""state"":""H"",""names"":[""sig_e""],""history"":{""sig_e"":2}}]",H[sig_e],0.7299270072992701,2,wrong,wrong,R_a3e2181b14bbde85_t722,1,F,"[[""sig_n""]]","[{""slot"":4,""relation_id"":""440c2348d065552c"",""state"":""F"",""names"":[""sig_n""],""history"":null}]",F[sig_n],0.6440677966101694,-0.08585921068910059,0.6439534297812537,0.7291634268678924,-0.0852099970866387,0.0006492136024618719,0.6438995671155215,0.7290603278434297,-0.08516076072790815,0.0006984499611924242,posthoc_arithmetic_from_saved_coefficients,"[{""R"":""R_a3e2181b14bbde85_t722"",""seal"":{""state"":""F"",""names"":[[""sig_n""]],""seats"":[{""slot"":4,""relation_id"":""440c2348d065552c"",""state"":""F"",""names"":[""sig_n""],""history"":null}],""registered_at"":722}},{""R"":""R_f10dc019491698d2"",""seal"":{""state"":""F"",""names"":[[""sig_n""]],""seats"":[{""slot"":10,""relation_id"":""ef6dbf4529bd73c7"",""state"":""F"",""names"":[""sig_n""],""history"":null}],""registered_at"":505}}]"
2,20,907,甲,normal,selection_error,above,R_8b0d2a6b7293001d_t829,H,"[[""sig_e""]]","[{""slot"":12,""relation_id"":""cba12b24bc02428d"",""state"":""H"",""names"":[""sig_e""],""history"":{""sig_e"":11}}]",H[sig_e],0.8,2,wrong,wrong,R_1d4532c404ae777e_t742,1,F,"[[""sig_n""]]","[{""slot"":7,""relation_id"":""9cf1fc8f785aea52"",""state"":""F"",""names"":[""sig_n""],""history"":null}]",F[sig_n],0.6785714285714286,-0.12142857142857143,0.6783364306612197,0.7990760128330519,-0.12073958217183207,0.0006889892567393545,0.6782108122524302,0.7990225234754467,-0.12081171122301648,0.0006168602055549396,posthoc_arithmetic_from_saved_coefficients,"[{""R"":""R_1d4532c404ae777e_t742"",""seal"":{""state"":""F"",""names"":[[""sig_n""]],""seats"":[{""slot"":7,""relation_id"":""9cf1fc8f785aea52"",""state"":""F"",""names"":[""sig_n""],""history"":null}],""registered_at"":742}},{""R"":""R_627ae67a7f637bdb"",""seal"":{""state"":""F"",""names"":[[""sig_n""]],""seats"":[{""slot"":10,""relation_id"":""ea3753f5a096d475"",""state"":""F"",""names"":[""sig_n""],""history"":null}],""registered_at"":737}}]"
2,20,1130,甲,normal,distinction_loss,absent,R_8b0d2a6b7293001d_t975,H,"[[""sig_e""]]","[{""slot"":14,""relation_id"":""e46022464c62ee8d"",""state"":""H"",""names"":[""sig_e""],""history"":{""sig_e"":6}}]",H[sig_e],0.782608695652174,0,wrong,wrong,,,,,,門上候補なし,,,,0.7817364308725517,,,,0.7816860617100796,,,not_applicable_no_correct_above_gate,[]
2,20,1493,乙,normal,selection_error,above,R_0e5d236bf5b42b15,H,"[[""sig_e""]]","[{""slot"":4,""relation_id"":""8350cfb18b2446ce"",""state"":""H"",""names"":[""sig_e""],""history"":{""sig_e"":10}}]",H[sig_e],0.8088235294117647,4,wrong,wrong,R_cb63a1ebfc31098d_t1397,1,H,"[[""sig_e""]]","[{""slot"":15,""relation_id"":""ec42e45df41c5076"",""state"":""H"",""names"":[""sig_e""],""history"":{""sig_e"":1}}]",H[sig_e],0.8,-0.008823529411764706,0.7990745257899223,0.8076730810205913,-0.008598555230669047,0.00022497418109565788,0.7990210264276446,0.8075527300675378,-0.008531703639893255,0.00029182577187145136,posthoc_arithmetic_from_saved_coefficients,"[{""R"":""R_cb63a1ebfc31098d_t1397"",""seal"":{""state"":""H"",""names"":[[""sig_e""]],""seats"":[{""slot"":15,""relation_id"":""ec42e45df41c5076"",""state"":""H"",""names"":[""sig_e""],""history"":{""sig_e"":1}}],""registered_at"":1397}},{""R"":""R_48939b4afa3d5c42"",""seal"":{""state"":""F"",""names"":[[""sig_n""]],""seats"":[{""slot"":2,""relation_id"":""28c8ce2e57114258"",""state"":""F"",""names"":[""sig_n""],""history"":null}],""registered_at"":1383}},{""R"":""R_fe7b42b67bef503d"",""seal"":{""state"":""F"",""names"":[[""sig_n""]],""seats"":[{""slot"":3,""relation_id"":""1a3c44962e4a19c6"",""state"":""F"",""names"":[""sig_n""],""history"":null}],""registered_at"":1272}},{""R"":""R_533f0b68a9c93324"",""seal"":{""state"":""F"",""names"":[[""sig_n""]],""seats"":[{""slot"":5,""relation_id"":""7d87d1a39151647c"",""state"":""F"",""names"":[""sig_n""],""history"":null}],""registered_at"":1384}}]"
2,20,1595,乙,normal,selection_error,above,R_0e5d236bf5b42b15_t1558,H,"[[""sig_e""]]","[{""slot"":0,""relation_id"":""1acb40368a8f861c"",""state"":""H"",""names"":[""sig_e""],""history"":{""sig_e"":4}}]",H[sig_e],0.7659574468085106,2,wrong,wrong,R_48939b4afa3d5c42,1,F,"[[""sig_n""]]","[{""slot"":2,""relation_id"":""28c8ce2e57114258"",""state"":""F"",""names"":[""sig_n""],""history"":null}]",F[sig_n],0.6554621848739496,-0.11049526193456106,0.6547091186064855,0.7651791206006521,-0.11047000199416648,2.525994039457246e-05,0.6546505219475607,0.7650737799662891,-0.11042325801872852,7.200391583254288e-05,posthoc_arithmetic_from_saved_coefficients,"[{""R"":""R_48939b4afa3d5c42"",""seal"":{""state"":""F"",""names"":[[""sig_n""]],""seats"":[{""slot"":2,""relation_id"":""28c8ce2e57114258"",""state"":""F"",""names"":[""sig_n""],""history"":null}],""registered_at"":1383}},{""R"":""R_533f0b68a9c93324"",""seal"":{""state"":""F"",""names"":[[""sig_n""]],""seats"":[{""slot"":5,""relation_id"":""7d87d1a39151647c"",""state"":""F"",""names"":[""sig_n""],""history"":null}],""registered_at"":1384}}]"
