trial,seconds,key_cache_hits,key_cache_misses,key_cache_size,key_cache_limit,peak_rss_bytes,match_requests,engine_computations
0,0.0017976250092033297,0,0,0,128,70598656,0,0
1,0.012075542006641626,0,4,4,128,70598656,3,3
2,0.07432829198660329,0,60,60,128,70598656,13,11
3,0.0807427919935435,1,136,128,128,70598656,27,22
4,0.12165558399283327,1,243,128,128,70598656,45,36
5,0.23754358300357126,1,400,128,128,70598656,67,53
6,0.25379345801775344,1,600,128,128,71467008,93,73
7,0.33185316700837575,1,797,128,128,74268672,123,96
8,0.5212299170088954,1,1059,128,128,76201984,156,121
9,0.2799870829912834,1,1211,128,128,77168640,188,145
10,0.2641869999933988,1,1403,128,128,77316096,220,169
11,0.28279749999637716,1,1640,128,128,78135296,252,193
12,0.48807716599549167,1,1860,128,128,78790656,284,217
13,0.23262554200482555,1,2032,128,128,79642624,316,241
14,0.3018131249991711,1,2279,128,128,80461824,348,265
15,0.24543183299829252,1,2466,128,128,81199104,380,289
16,0.36456141600501724,1,2656,128,128,82427904,416,316
17,0.2910013750079088,1,2879,128,128,83771392,451,342
18,0.4123595419805497,1,3121,128,128,84377600,486,368
19,0.39759529201546684,1,3332,128,128,84754432,521,394
20,0.3987143330159597,1,3630,128,128,86884352,560,423
21,0.4553666249848902,1,3900,128,128,88965120,602,454
22,0.3100526250200346,1,4107,128,128,89374720,643,484
23,0.4902843750023749,1,4370,128,128,90112000,685,515
24,0.36227725000935607,1,4645,128,128,91324416,726,545
25,0.3135477500036359,1,4864,128,128,91570176,767,575
26,0.3078867500007618,1,5083,128,128,92143616,808,605
27,0.30982445800327696,1,5304,128,128,93110272,849,635
28,0.40919516698340885,1,5562,128,128,93765632,890,665
29,0.3722315000195522,1,5859,128,128,94306304,932,696
30,0.3755471249751281,1,6150,128,128,95043584,973,726
31,0.3028572909825016,1,6385,128,128,95617024,1014,756
32,0.5125443750002887,1,6635,128,128,96206848,1055,786
33,0.3262224580103066,1,6861,128,128,97648640,1096,816
34,0.25989095799741335,1,7051,128,128,97910784,1137,846
35,0.43544858301174827,1,7294,128,128,98467840,1179,877
36,0.33570208301534876,1,7517,128,128,99352576,1220,907
37,0.3982521660218481,1,7711,128,128,99729408,1261,937
38,0.4633013750135433,1,7919,128,128,100237312,1302,967
39,0.34572566699353047,1,8166,128,128,101056512,1343,997
40,0.35702100000344217,1,8426,128,128,102547456,1388,1030
41,0.3298041659872979,1,8646,128,128,103596032,1432,1062
42,0.36652858299203217,1,8934,128,128,104054784,1476,1094
43,0.3421856249915436,1,9170,128,128,104677376,1520,1126
44,0.4521564999886323,1,9413,128,128,106889216,1564,1158
45,0.4229277090053074,1,9658,128,128,107757568,1608,1190
46,0.5222191659850068,1,9948,128,128,108249088,1652,1222
47,0.4036509580037091,1,10257,128,128,109330432,1696,1254
48,0.4259088340040762,1,10486,128,128,109690880,1740,1286
49,0.5114661660045385,1,10759,128,128,109985792,1784,1318
50,0.39327133298502304,1,11033,128,128,110739456,1828,1350
51,0.40817775001050904,1,11343,128,128,111919104,1873,1383
52,0.45183679199544713,1,11694,128,128,113508352,1921,1418
53,0.5511114170076326,1,11984,128,128,114147328,1968,1452
54,0.49299025000073016,1,12242,128,128,115195904,2015,1486
55,0.4326417920237873,1,12574,128,128,116408320,2063,1521
56,0.46160704200156033,1,12910,128,128,117456896,2110,1555
57,0.3174612500006333,1,13158,128,128,117833728,2157,1589
58,0.540328834002139,1,13463,128,128,118390784,2204,1623
59,0.3608785840042401,1,13736,128,128,119455744,2251,1657
60,0.4498919589968864,1,14078,128,128,119980032,2298,1691
61,0.5149666659999639,1,14371,128,128,121159680,2345,1725
62,0.7664173340017442,1,14745,128,128,121815040,2392,1759
63,0.6314032499794848,1,15113,128,128,123289600,2439,1793
64,0.8201753330067731,1,15404,128,128,123568128,2486,1827
65,0.4162674999970477,1,15681,128,128,123977728,2533,1861
66,0.48462666699197143,1,16049,128,128,124944384,2580,1895
67,0.4597883750102483,1,16340,128,128,125566976,2627,1929
68,0.4874091249948833,1,16679,128,128,126091264,2674,1963
69,0.3854116669972427,1,16964,128,128,127107072,2721,1997
70,0.4467417080013547,1,17262,128,128,127729664,2768,2031
71,0.5090541669924278,1,17553,128,128,129024000,2815,2065
72,0.4549845000146888,1,17817,128,128,129138688,2863,2100
73,0.5911581660038792,1,18130,128,128,130351104,2910,2134
74,0.49497908298508264,1,18402,128,128,130678784,2957,2168
75,0.40165295801125467,1,18667,128,128,131072000,3004,2202
76,0.4429445000132546,1,19018,128,128,132169728,3051,2236
77,0.46446712501347065,1,19355,128,128,132546560,3098,2270
78,0.3443264579982497,1,19631,128,128,133562368,3145,2304
79,0.39029737500823103,1,19891,128,128,134053888,3192,2338
80,0.37175495899282396,1,20177,128,128,135348224,3239,2372
81,0.5052054580010008,1,20452,128,128,135626752,3286,2406
82,0.35371162500814535,1,20728,128,128,136675328,3334,2441
83,0.46512779200566,1,21079,128,128,137019392,3381,2475
84,0.3306552090216428,1,21341,128,128,138362880,3428,2509
85,0.4754623330081813,1,21590,128,128,138461184,3475,2543
86,0.39845487498678267,1,21915,128,128,139526144,3523,2578
87,0.34235816600266844,1,22230,128,128,139853824,3570,2612
88,0.3727525419963058,1,22532,128,128,140820480,3617,2646
89,0.4000909999886062,1,22899,128,128,141246464,3664,2680
90,0.33422929199878126,1,23137,128,128,142327808,3711,2714
91,0.34409295799559914,1,23457,128,128,143327232,3762,2751
92,0.6043174999940675,1,23848,128,128,144719872,3812,2787
93,0.31399379097274505,1,24123,128,128,145670144,3862,2823
94,0.3770490839960985,1,24434,128,128,146227200,3912,2859
95,0.375438666989794,1,24787,128,128,146833408,3962,2895
96,0.42311275002430193,1,25145,128,128,147292160,4012,2931
97,0.38565679101157,1,25523,128,128,148373504,4062,2967
98,0.5476750420057215,1,25847,128,128,149225472,4112,3003
99,0.31309916600002907,1,26120,128,128,149946368,4162,3039
100,0.5752719169831835,1,26471,128,128,151093248,4212,3075
101,0.5377112920104992,1,26803,128,128,151437312,4263,3112
102,0.4109196249919478,1,27119,128,128,152567808,4313,3148
103,0.5956377910042647,1,27510,128,128,153026560,4364,3185
104,0.5756211249972694,1,27847,128,128,154320896,4414,3221
105,0.5255877090094145,1,28186,128,128,154681344,4464,3257
106,0.5205152079870459,1,28474,128,128,155238400,4515,3294
107,0.47933195799123496,1,28773,128,128,156336128,4565,3330
108,0.4351466249790974,1,29103,128,128,156844032,4615,3366
109,0.4726012090104632,1,29389,128,128,158040064,4665,3402
110,0.4602164589741733,1,29741,128,128,158449664,4716,3439
111,0.5215967500116676,1,30104,128,128,161792000,4770,3478
112,0.4536076250078622,1,30464,128,128,162004992,4823,3516
113,0.433024874975672,1,30794,128,128,163348480,4876,3554
114,0.40385579198482446,1,31160,128,128,164397056,4931,3594
115,0.445336667005904,1,31506,128,128,165412864,4984,3632
116,0.3973303329839837,1,31871,128,128,165478400,5038,3671
117,0.341292415978387,1,32174,128,128,166805504,5091,3709
118,0.4543754160113167,1,32525,128,128,167641088,5144,3747
119,0.40351212499081157,1,32868,128,128,168607744,5197,3785
120,0.6935434589977376,1,33275,128,128,168869888,5250,3823
121,0.5647464159992523,1,33631,128,128,170196992,5303,3861
122,1.078913500008639,1,33984,128,128,170459136,5356,3899
123,0.601989249989856,1,34402,128,128,171917312,5409,3937
124,0.6396756249887403,1,34753,128,128,172244992,5462,3975
125,0.5345828339923173,1,35105,128,128,173752320,5515,4013
126,0.47078987502027303,1,35451,128,128,173785088,5568,4051
127,0.7308414159924723,1,35866,128,128,175341568,5621,4089
128,0.49059029199997894,1,36268,128,128,176701440,5679,4131
129,0.7412979159853421,1,36672,128,128,178241536,5735,4171
130,0.40679679199820384,1,37031,128,128,179027968,5791,4211
131,0.5667517499823589,1,37435,128,128,180420608,5847,4251
132,0.4780063749931287,1,37816,128,128,180797440,5903,4291
133,0.5319993330049329,1,38254,128,128,182337536,5959,4331
134,0.41623162498581223,1,38625,128,128,183156736,6015,4371
135,0.5432562920032069,1,39072,128,128,184254464,6071,4411
136,0.4861213339900132,1,39547,128,128,184418304,6128,4452
137,0.5752797080203891,1,39932,128,128,185892864,6184,4492
138,0.3929583750141319,1,40289,128,128,185925632,6241,4533
139,0.38515920800273307,1,40651,128,128,187564032,6297,4573
140,0.5525950830196962,1,41108,128,128,187744256,6353,4613
141,0.7076217909925617,1,41628,128,128,190332928,6413,4656
142,0.7204659580020234,1,42053,128,128,191053824,6472,4698
143,0.42357574999914505,1,42425,128,128,191938560,6531,4740
144,0.577279457997065,1,42900,128,128,192446464,6590,4782
145,0.5905107920116279,1,43302,128,128,193855488,6649,4824
146,0.5532505830051377,1,43763,128,128,194215936,6708,4866
147,0.5286128750012722,1,44287,128,128,195379200,6767,4908
148,0.5197211249906104,1,44648,128,128,195756032,6826,4950
149,0.5055725839920342,1,45075,128,128,197050368,6885,4992
150,0.5470389589900151,1,45420,128,128,197509120,6944,5034
151,0.5122902499861084,1,45848,128,128,198377472,7003,5076
152,0.6355605830030981,1,46358,128,128,200032256,7063,5119
153,0.5654084170237184,1,46856,128,128,200769536,7123,5162
154,1.0125289999996312,1,47488,128,128,202014720,7184,5206
155,0.8521485829842277,1,48001,128,128,202981376,7243,5248
156,0.7889096250000875,1,48566,128,128,203489280,7302,5290
157,4.043957499990938,1,48991,128,128,207257600,7361,5332
158,0.6393293339933734,1,49446,128,128,208814080,7422,5376
159,0.7813372499949764,1,50039,128,128,209403904,7482,5419
160,0.6259567500092089,1,50547,128,128,210927616,7541,5461
161,0.9383150840003509,1,51208,128,128,211566592,7600,5503
162,0.9788327499991283,1,51825,128,128,212779008,7659,5545
163,0.8695467499783263,1,52423,128,128,212828160,7718,5587
164,0.830991124996217,1,53107,128,128,213925888,7777,5629
165,1.1265326669963542,1,53718,128,128,214368256,7836,5671
166,0.6446610419952776,1,54285,128,128,215875584,7896,5714
167,0.6978472910122946,1,54820,128,128,216023040,7955,5756
168,0.6118849170161411,1,55343,128,128,217595904,8014,5798
169,0.9805543749826029,1,55925,128,128,218365952,8074,5841
170,0.9107625000178814,1,56472,128,128,220364800,8133,5883
171,0.7705755839997437,1,57073,128,128,221937664,8193,5926
172,0.6154521249991376,1,57595,128,128,221937664,8252,5968
173,0.8527871249825694,1,58264,128,128,223608832,8312,6011
174,0.6573973750055302,1,58848,128,128,224542720,8375,6056
175,0.7070128330087755,1,59390,128,128,226148352,8437,6100
176,0.9599457920121495,1,59963,128,128,226820096,8500,6145
177,1.6296723750128876,1,60590,128,128,228851712,8562,6189
178,0.8404127079993486,1,61438,128,128,228917248,8626,6235
179,0.6386019170167856,1,62028,128,128,230588416,8688,6279
180,0.8165931249968708,1,62657,128,128,231178240,8751,6324
181,0.7502459580136929,1,63315,128,128,232488960,8813,6368
182,0.9839190419879742,1,64091,128,128,233340928,8875,6412
183,1.0557027079921681,1,64738,128,128,234569728,8937,6456
184,0.7691401659976691,1,65302,128,128,235683840,8999,6500
185,1.0504701659956481,1,66056,128,128,235896832,9061,6544
186,0.9778850830043666,1,66881,128,128,237469696,9123,6588
187,0.8511428749770857,1,67396,128,128,237617152,9185,6632
188,1.1091402499878313,1,68332,128,128,239419392,9248,6677
189,0.7155962499964517,1,68955,128,128,239992832,9310,6721
190,0.9789820419973694,1,69564,128,128,241582080,9372,6765
191,0.9452497499878518,1,70397,128,128,242171904,9435,6810
192,1.2401221659965813,1,71331,128,128,244072448,9498,6855
193,0.947022874985123,1,72099,128,128,245366784,9561,6900
194,0.822531291982159,1,72852,128,128,245415936,9623,6944
195,1.2092589999956544,1,73700,128,128,247037952,9685,6988
196,0.9134988329897169,1,74473,128,128,247709696,9747,7032
197,0.7747962499852292,1,75205,128,128,248725504,9809,7076
198,1.0710087500046939,1,76118,128,128,248872960,9871,7120
199,1.0723420410067774,1,76823,128,128,250740736,9933,7164
200,0.8643193330208305,1,77535,128,128,252461056,9995,7208
201,0.7920352080254816,1,78318,128,128,253083648,10057,7252
202,0.8742717080167495,1,79132,128,128,253968384,10119,7296
203,1.2279813749773894,1,79973,128,128,254541824,10181,7340
204,0.980714707984589,1,80673,128,128,256294912,10244,7385
205,0.9256442920013797,1,81546,128,128,256704512,10306,7429
206,1.1575984579976648,1,82438,128,128,258113536,10369,7474
207,0.8255744999914896,1,83175,128,128,260030464,10431,7518
208,0.6281984579982236,1,83817,128,128,260030464,10493,7562
209,0.8293757089995779,1,84716,128,128,261160960,10555,7606
210,1.3061978750047274,1,85653,128,128,262193152,10617,7650
211,0.6489733339985833,1,86327,128,128,263389184,10679,7694
212,1.0537333749816753,1,87019,128,128,265289728,10741,7738
213,1.2678748329926748,1,88047,128,128,265371648,10804,7783
214,0.7595510829996783,1,88756,128,128,266321920,10866,7827
215,0.9002370829985011,1,89468,128,128,266371072,10928,7871
216,0.9687776660139207,1,90434,128,128,268091392,10991,7916
217,0.8213651249825489,1,91212,128,128,269828096,11053,7960
218,1.033992583019426,1,92131,128,128,271794176,11117,8006
219,0.7775057079852559,1,92851,128,128,273301504,11179,8050
220,1.2150598329899367,1,93574,128,128,274202624,11241,8094
221,2.3189800409891177,1,94429,128,128,274825216,11303,8138
222,0.7297111249936279,1,95119,128,128,276824064,11366,8183
223,1.664907291997224,1,96119,128,128,277397504,11428,8227
224,1.3443109579966404,1,96943,128,128,278872064,11490,8271
225,1.3262514999951236,1,97772,128,128,280887296,11553,8316
226,0.8828937500074971,1,98634,128,128,281444352,11616,8361
227,0.9319358750071842,1,99537,128,128,281870336,11678,8405
228,1.45394791700528,1,100392,128,128,282083328,11740,8449
229,1.4069220829987898,1,101493,128,128,284295168,11804,8495
230,1.037849666987313,1,102377,128,128,286392320,11867,8540
231,0.9366651250165887,1,103317,128,128,286425088,11929,8584
232,1.0723485829948913,1,104371,128,128,287653888,11992,8629
233,1.1396239580062684,1,105337,128,128,288751616,12054,8673
234,1.210536124999635,1,106285,128,128,289685504,12116,8717
235,0.828387624991592,1,107072,128,128,290832384,12178,8761
236,1.5089957090094686,1,108016,128,128,290947072,12242,8807
237,1.2273495419940446,1,108902,128,128,292765696,12305,8852
238,1.366164667007979,1,109887,128,128,294862848,12369,8898
239,1.6708259590086527,1,110880,128,128,294944768,12431,8942
240,0.9664692080114037,1,111769,128,128,296353792,12493,8986
241,1.0542756660142913,1,112606,128,128,298188800,12555,9030
242,1.531813334004255,1,113551,128,128,298696704,12617,9074
243,1.0026711670216173,1,114439,128,128,300564480,12683,9121
244,1.1464711250155233,1,115319,128,128,301236224,12748,9167
245,0.9093710409943014,1,116120,128,128,302399488,12813,9213
246,1.7463846250029746,1,117102,128,128,306954240,12878,9259
247,0.9230117079860065,1,117943,128,128,309215232,12943,9305
248,1.6064883330254816,1,118813,128,128,312786944,13008,9351
249,1.2216197910020128,1,119741,128,128,317341696,13075,9399
250,0.8450745419831946,1,120438,128,128,322093056,13140,9445
251,0.9464234999904875,1,121268,128,128,324714496,13206,9492
252,1.5654700839950237,1,122190,128,128,328073216,13273,9540
253,1.0798711249954067,1,123105,128,128,328925184,13338,9586
254,1.4581965419929475,1,123990,128,128,333021184,13403,9632
255,0.942406124988338,1,124674,128,128,335233024,13468,9678
256,2.4969364999851678,1,125687,128,128,339197952,13535,9726
257,0.8650515839981381,1,126590,128,128,343621632,13600,9772
258,0.9207146250118967,1,127416,128,128,346226688,13666,9819
259,0.8208317920216359,1,128351,128,128,346783744,13729,9864
260,0.8848626250110101,1,129300,128,128,348749824,13791,9908
261,0.9867806669790298,1,130229,128,128,356155392,13857,9955
262,1.2982463749940507,1,131292,128,128,360841216,13923,10002
263,1.97942604200216,1,132236,128,128,366133248,13988,10048
264,1.5496047089982312,1,133322,128,128,369639424,14053,10094
265,1.206558292004047,1,134243,128,128,381321216,14122,10143
266,1.2810686250159051,1,135116,128,128,384466944,14191,10192
267,1.2473674159846269,1,136159,128,128,384876544,14259,10240
268,1.168185166985495,1,137146,128,128,389283840,14327,10288
269,1.4879533339990303,1,138231,128,128,389873664,14395,10336
270,1.2247346250223927,1,139244,128,128,390922240,14463,10384
271,1.6789743750123307,1,140353,128,128,395608064,14532,10433
272,2.010119542013854,1,141466,128,128,397918208,14601,10482
273,1.2304063749907073,1,142508,128,128,401506304,14669,10530
274,1.9649213329830673,1,143555,128,128,408207360,14737,10578
275,1.7061025839939248,1,144583,128,128,413024256,14805,10626
276,1.297745666000992,1,145665,128,128,418365440,14874,10675
277,1.4365425409923773,1,146729,128,128,421117952,14943,10724
278,1.2363304169848561,1,147799,128,128,425377792,15012,10773
279,1.8639212080161087,1,148903,128,128,430211072,15084,10824
280,2.071739000006346,1,149983,128,128,430587904,15155,10874
281,1.7559024170041084,1,151017,128,128,432455680,15226,10924
282,2.019165708014043,1,152030,128,128,434208768,15294,10972
283,1.966458542010514,1,153229,128,128,436731904,15363,11021
284,1.599143333005486,1,154132,128,128,441843712,15431,11069
285,1.7475063749880064,1,155372,128,128,446529536,15500,11118
286,1.2006139580043964,1,156334,128,128,449085440,15568,11166
287,1.3812603749975096,1,157445,128,128,454311936,15636,11214
288,2.3416671250015497,1,158633,128,128,458866688,15704,11262
289,1.9047661669901572,1,159748,128,128,463994880,15776,11313
290,2.0689697500201873,1,160935,128,128,467288064,15847,11363
291,2.4687467500043567,1,162217,128,128,467877888,15918,11413
292,1.4329638329800218,1,163386,128,128,470777856,15989,11463
293,1.3018843750178348,1,164493,128,128,473448448,16060,11513
294,1.4426866249996237,1,165505,128,128,474071040,16132,11564
295,1.6802286249876488,1,166532,128,128,474972160,16204,11615
296,1.7702445420145523,1,167611,128,128,475054080,16276,11666
297,1.6074251670215745,1,168702,128,128,475054080,16351,11719
298,1.412328125006752,1,169874,128,128,475054080,16425,11771
299,1.1851571669976693,1,170886,128,128,475054080,16499,11823
300,1.2375012080010492,1,172255,128,128,475054080,16573,11875
301,1.0521562920184806,1,173369,128,128,475054080,16647,11927
302,1.7482736250094604,1,174797,128,128,475054080,16722,11980
303,2.1569872919935733,1,176142,128,128,475054080,16796,12032
304,2.4768515420146286,1,177722,128,128,475054080,16876,12089
305,2.072308167000301,1,178825,128,128,475054080,16950,12141
306,1.465574458008632,1,180063,128,128,475054080,17025,12194
307,1.2834094580030069,1,181116,128,128,475054080,17100,12247
308,2.183640708011808,1,182280,128,128,475054080,17174,12299
309,1.4650200000032783,1,183526,128,128,475054080,17249,12352
310,2.015115624992177,1,184673,128,128,475054080,17323,12404
311,1.613895999995293,1,185836,128,128,475054080,17398,12457
312,1.468053000018699,1,187044,128,128,475054080,17472,12509
313,2.277223374985624,1,188357,128,128,476119040,17547,12562
314,1.6000457500049379,1,189752,128,128,476119040,17621,12614
315,1.2731547089933883,1,190857,128,128,476119040,17696,12667
316,1.8491266670171171,1,192142,128,128,476119040,17771,12720
317,1.400426999985939,1,193331,128,128,476119040,17847,12774
318,1.2846846249885857,1,194409,128,128,476119040,17921,12826
319,1.8839220840018243,1,195775,128,128,476119040,17996,12879
320,1.4718816249805968,1,197014,128,128,476119040,18070,12931
321,2.5755096249922644,1,198643,128,128,476119040,18145,12984
322,1.9568805830203928,1,200095,128,128,476119040,18219,13036
323,1.4958374169946183,1,201491,128,128,476119040,18294,13089
324,1.6204110409889836,1,202889,128,128,476119040,18368,13141
325,1.9674835839832667,1,204349,128,128,476119040,18442,13193
326,2.3575672919978388,1,205891,128,128,476119040,18516,13245
327,2.212134832981974,1,207202,128,128,476119040,18594,13300
328,4.825410040997667,1,208667,128,128,476119040,18672,13355
329,1.6030828329967335,1,210098,128,128,476119040,18750,13410
330,1.875989041000139,1,211715,128,128,476119040,18827,13464
331,1.8441409170045517,1,213109,128,128,476119040,18905,13519
332,1.5037381669972092,1,214466,128,128,476119040,18982,13573
333,1.6130890829954296,1,215708,128,128,476119040,19056,13625
334,1.867752082995139,1,217208,128,128,476119040,19130,13677
335,1.5159134999848902,1,218397,128,128,476119040,19204,13729
336,1.3926907909917645,1,219585,128,128,476119040,19278,13781
337,1.5945021249935962,1,220761,128,128,476119040,19352,13833
338,1.4488150410179514,1,222089,128,128,476119040,19426,13885
339,2.3166972499748226,1,223484,128,128,476119040,19501,13938
340,1.5378422499925364,1,224822,128,128,476119040,19575,13990
341,1.8845200419891626,1,226218,128,128,476119040,19649,14042
342,1.4433537499862723,1,227522,128,128,476119040,19724,14095
343,2.286422749981284,1,228899,128,128,476119040,19799,14148
344,2.5545892090012785,1,230322,128,128,476119040,19873,14200
345,1.4985306250164285,1,231616,128,128,476119040,19948,14253
346,2.5003799159894697,1,233059,128,128,476119040,20022,14305
347,1.8965563340170775,1,234489,128,128,476119040,20096,14357
348,1.6348810420022346,1,235938,128,128,476119040,20170,14409
349,2.4723380420182366,1,237401,128,128,476119040,20244,14461
350,2.6564934170164634,1,238809,128,128,476119040,20318,14513
351,2.3679936660046224,1,240225,128,128,476119040,20392,14565
352,1.8750337920209859,1,241826,128,128,476119040,20466,14617
353,2.3032412919856142,1,243537,128,128,476119040,20540,14669
354,2.011468540993519,1,244847,128,128,476119040,20619,14725
355,3.9307619579776656,1,246352,128,128,476119040,20696,14779
356,1.5930728329985868,1,247719,128,128,476119040,20775,14835
357,4.229793332982808,1,249308,128,128,476119040,20852,14889
358,2.47737291600788,1,250840,128,128,476119040,20929,14943
359,2.0129359170095995,1,252620,128,128,476119040,21007,14998
360,1.995985291985562,1,254026,128,128,476119040,21084,15052
361,2.6721863340062555,1,255617,128,128,476119040,21162,15107
362,1.7264772500202525,1,257128,128,128,476119040,21241,15163
363,1.8875832920020912,1,258453,128,128,476119040,21318,15217
364,2.661584124987712,1,260008,128,128,476119040,21395,15271
365,1.3514774159993976,1,261175,128,128,476282880,21469,15323
366,1.2360888750117738,1,262318,128,128,478625792,21544,15376
367,1.5898224999837112,1,263593,128,128,478904320,21619,15429
368,1.295312375004869,1,265065,128,128,479068160,21694,15482
369,1.5598915000155102,1,266412,128,128,481492992,21769,15535
370,1.8712582500011194,1,267718,128,128,484196352,21843,15587
371,2.2700986670097336,1,269303,128,128,484524032,21917,15639
372,2.371778083004756,1,270742,128,128,485965824,21995,15694
373,2.729731541010551,1,272261,128,128,489324544,22073,15749
374,1.9400072080024984,1,273695,128,128,489340928,22152,15805
375,2.6888560420193244,1,275344,128,128,490684416,22229,15859
376,1.5600908750202507,1,276688,128,128,493518848,22306,15913
377,2.101769750006497,1,278247,128,128,494419968,22383,15967
378,1.558089166006539,1,279618,128,128,494747648,22460,16021
379,1.6544439170102123,1,281081,128,128,495927296,22537,16075
380,1.425712416996248,1,282396,128,128,498122752,22614,16129
381,2.480652291997103,1,283756,128,128,498204672,22691,16183
382,2.8635757919983007,1,285617,128,128,500088832,22770,16239
383,1.7057875000173226,1,287124,128,128,503119872,22847,16293
384,1.8945233339909464,1,288606,128,128,504086528,22925,16348
385,2.6419808749924414,1,290234,128,128,505004032,23003,16403
386,1.840592042019125,1,291874,128,128,506183680,23081,16458
387,3.0707280420174357,1,293714,128,128,509607936,23158,16512
388,1.9010640000051353,1,295227,128,128,509788160,23236,16567
389,1.7362528330122586,1,296760,128,128,510509056,23313,16621
390,1.9268538749893196,1,298484,128,128,512409600,23390,16675
391,1.948066665994702,1,299952,128,128,515047424,23467,16729
392,2.337144167016959,1,301689,128,128,515358720,23546,16785
393,3.2706654999929015,1,303741,128,128,516947968,23624,16840
394,1.8029831250023562,1,305379,128,128,519782400,23701,16894
395,2.797607959015295,1,306972,128,128,520159232,23779,16949
396,1.7337696659960784,1,308532,128,128,520552448,23856,17003
397,2.329542332998244,1,310063,128,128,522944512,23933,17057
398,1.7281061249959748,1,311809,128,128,525959168,24010,17111
399,1.4149096669862047,1,313425,128,128,526008320,24087,17165
400,1.7701193329994567,1,314921,128,128,526270464,24164,17219
401,1.9070006659894716,1,316667,128,128,528596992,24242,17274
402,2.3434742919926066,1,318534,128,128,529301504,24319,17328
403,1.886015750002116,1,320239,128,128,529678336,24396,17382
404,2.9204312080109958,1,322145,128,128,532578304,24473,17436
405,3.4134031669818796,1,323905,128,128,536330240,24550,17490
406,1.596537083009025,1,325369,128,128,536461312,24628,17545
407,1.7381739160045981,1,327029,128,128,537067520,24705,17599
408,2.5731740829942282,1,328646,128,128,538279936,24783,17654
409,5.261979665985564,1,330286,128,128,541294592,24860,17708
410,1.8681954159983434,1,331978,128,128,541442048,24938,17763
411,2.265211707999697,1,333521,128,128,541736960,25015,17817
412,1.8278797089878935,1,335133,128,128,543686656,25092,17871
413,1.9546209159889258,1,336561,128,128,546471936,25169,17925
414,1.9459634580125567,1,338306,128,128,546471936,25246,17979
415,2.88756858301349,1,340143,128,128,550027264,25327,18036
416,1.8051610410038847,1,341776,128,128,552878080,25407,18092
417,1.7506063330220059,1,343090,128,128,554352640,25487,18148
418,2.586647208983777,1,344719,128,128,554565632,25567,18204
419,1.6026376250083558,1,346099,128,128,555827200,25647,18260
420,2.018483833002392,1,347906,128,128,558678016,25727,18316
421,2.043031791021349,1,349461,128,128,563658752,25812,18376
422,1.6285713340039365,1,350915,128,128,563953664,25895,18434
423,1.8701068340160418,1,352635,128,128,565379072,25978,18492
424,2.2816204999980982,1,354100,128,128,568786944,26061,18550
425,2.0792370419949293,1,355590,128,128,568786944,26144,18608
426,1.9828214999870397,1,357381,128,128,570310656,26227,18666
427,2.158368458010955,1,358925,128,128,573898752,26311,18725
428,1.6631074999750126,1,360512,128,128,577126400,26396,18785
429,1.3845881250163075,1,362161,128,128,577191936,26479,18843
430,1.0636733330029529,1,363456,128,128,577601536,26563,18902
431,1.71047170899692,1,365335,128,128,579125248,26646,18960
432,2.5544440840021707,1,367092,128,128,582598656,26730,19019
433,1.455669167015003,1,368823,128,128,582664192,26814,19078
434,1.9440437500015832,1,370477,128,128,583270400,26897,19136
435,2.0238874579954427,1,371997,128,128,585465856,26980,19194
436,3.136458082997706,1,373721,128,128,588857344,27063,19252
437,1.7536418340168893,1,375309,128,128,588857344,27146,19310
438,1.9549945409817155,1,377139,128,128,589152256,27230,19369
439,2.4993100419815164,1,378752,128,128,592494592,27313,19427
440,2.136826250003651,1,380371,128,128,593428480,27397,19486
441,1.8381465419952292,1,382046,128,128,593838080,27480,19544
442,1.883486125007039,1,383735,128,128,599392256,27564,19603
443,1.7152735829877201,1,385353,128,128,605487104,27652,19665
444,2.081973874999676,1,386845,128,128,607617024,27738,19725
445,1.9335334579809569,1,388665,128,128,608026624,27825,19786
446,1.6805350409995299,1,390174,128,128,610615296,27911,19846
447,2.1695880419865716,1,392145,128,128,614006784,27998,19907
448,2.3320202080067247,1,393979,128,128,614137856,28084,19967
449,2.0100572500086855,1,395863,128,128,614678528,28172,20029
450,2.071048540994525,1,397727,128,128,618119168,28258,20089
451,1.7429724579851609,1,399304,128,128,620904448,28345,20150
452,2.980499041004805,1,401016,128,128,621002752,28431,20210
453,1.7812565409985837,1,402684,128,128,621363200,28518,20271
454,2.0384296249831095,1,404532,128,128,623886336,28604,20331
455,2.6562347500002943,1,406222,128,128,627294208,28690,20391
456,1.7994009169924539,1,407855,128,128,627621888,28776,20451
457,2.1188775000046007,1,409758,128,128,627687424,28862,20511
458,1.7883953749842476,1,411393,128,128,630013952,28948,20571
459,2.422676499991212,1,413192,128,128,633454592,29034,20631
460,2.1927971660043113,1,415206,128,128,633602048,29120,20691
461,1.7959738749777898,1,416840,128,128,634142720,29207,20752
462,1.8769740409916267,1,418571,128,128,636731392,29294,20813
463,1.9887554580054712,1,420041,128,128,639516672,29380,20873
464,2.355807082989486,1,421556,128,128,639647744,29466,20933
465,2.5387917920015752,1,423184,128,128,640843776,29552,20993
466,1.9359572500106879,1,424922,128,128,642367488,29638,21053
467,3.0191024169907905,1,426608,128,128,645742592,29724,21113
468,2.034115041984478,1,428424,128,128,645988352,29810,21173
469,1.8774132499820553,1,430091,128,128,649936896,29900,21236
470,1.901740332978079,1,431780,128,128,652967936,29989,21298
471,2.3855864999932237,1,433488,128,128,656261120,30078,21360
472,3.127787708013784,1,435403,128,128,656818176,30167,21422
473,3.084463333012536,1,437380,128,128,660029440,30257,21485
474,1.745643125002971,1,439010,128,128,663437312,30347,21548
475,2.4067597499815747,1,440865,128,128,666632192,30436,21610
476,1.8564013750001322,1,442564,128,128,667385856,30526,21673
477,3.177424334018724,1,444487,128,128,667631616,30615,21735
478,2.117239833023632,1,446313,128,128,671383552,30704,21797
479,2.2988792920077685,1,447988,128,128,674152448,30793,21859
480,2.7661943749990314,1,449826,128,128,675004416,30883,21922
481,2.584685499983607,1,451432,128,128,675151872,30972,21984
482,2.1835622920189053,1,453380,128,128,677543936,31061,22046
483,2.162810707988683,1,455002,128,128,680984576,31151,22109
484,2.1745405420078896,1,456911,128,128,680984576,31240,22171
485,6.271429958986118,1,458959,128,128,681426944,31330,22234
486,2.0220482500153594,1,460754,128,128,684670976,31419,22296
487,2.5459712910233065,1,462618,128,128,687816704,31508,22358
488,3.4663398749835324,1,464804,128,128,687996928,31597,22420
489,1.9958045829844195,1,466549,128,128,688472064,31686,22482
490,2.2010179590142798,1,468751,128,128,693125120,31775,22544
491,2.885765499988338,1,470828,128,128,697221120,31864,22606
492,2.434243541007163,1,472976,128,128,698040320,31955,22670
493,1.7376614589884412,1,474987,128,128,698089472,32045,22733
494,1.5550515840004664,1,476728,128,128,698925056,32134,22795
495,3.6199680830177385,1,478701,128,128,702660608,32224,22858
496,2.9886095419933554,1,480650,128,128,702808064,32314,22921
497,3.074156167014735,1,482631,128,128,704151552,32403,22983
498,2.337249750009505,1,484752,128,128,706445312,32492,23045
499,2.010396416997537,1,486697,128,128,709672960,32582,23108
500,3.5351968340110034,1,488660,128,128,711294976,32671,23170
501,2.2855794159986544,1,490747,128,128,713015296,32760,23232
502,2.016183750005439,1,492555,128,128,714571776,32849,23294
503,3.8602320829813834,1,494840,128,128,718684160,32939,23357
504,3.094783374981489,1,497310,128,128,719962112,33030,23421
505,2.151723624992883,1,499281,128,128,722763776,33124,23487
506,2.035358124994673,1,501153,128,128,724189184,33217,23552
507,3.086261749995174,1,503176,128,128,726712320,33309,23616
508,3.0040820830035955,1,505456,128,128,728219648,33401,23680
509,2.210027084016474,1,507466,128,128,728629248,33494,23745
510,2.1161271250166465,1,509373,128,128,730103808,33587,23810
511,2.935994917002972,1,511534,128,128,733298688,33680,23875
512,2.2610684579994995,1,513175,128,128,736247808,33769,23937
513,3.011972832988249,1,515545,128,128,736411648,33860,24001
514,5.444794834009372,1,517813,128,128,737558528,33950,24064
515,1.6979582500061952,1,519804,128,128,740114432,34039,24126
516,1.9658506250125356,1,522011,128,128,743440384,34130,24190
517,6.630322167009581,1,524112,128,128,743636992,34220,24253
518,2.260114667005837,1,526120,128,128,744210432,34309,24315
519,2.3221090830047615,1,528138,128,128,746274816,34398,24377
520,3.309211582993157,1,530577,128,128,750469120,34488,24440
521,3.942986750014825,1,532832,128,128,751058944,34579,24504
522,2.8302608339872677,1,534643,128,128,751517696,34669,24567
523,3.2405227089766413,1,536701,128,128,753483776,34758,24629
524,2.2417890829965472,1,538754,128,128,756711424,34847,24691
525,3.9514529170119204,1,540942,128,128,760889344,34937,24754
526,2.177471625007456,1,542910,128,128,760889344,35024,24815
527,3.1261775419989135,1,544902,128,128,761413632,35114,24878
528,2.306598249997478,1,547008,128,128,762855424,35204,24941
529,2.0893448749848176,1,548876,128,128,765657088,35290,25001
530,2.556285625003511,1,550821,128,128,765722624,35376,25061
531,1.970845667005051,1,552601,128,128,765739008,35462,25121
532,2.150730209017638,1,554512,128,128,767377408,35548,25181
533,2.269685417006258,1,556640,128,128,770080768,35635,25242
534,2.1764892089995556,1,558694,128,128,773390336,35722,25303
535,2.768874000001233,1,560769,128,128,774258688,35810,25365
536,2.5678412500128616,1,562930,128,128,774373376,35896,25425
537,2.18345058299019,1,565009,128,128,775733248,35982,25485
538,2.0687635419890285,1,566923,128,128,778698752,36069,25546
539,2.9234330000181217,1,568934,128,128,782680064,36156,25607
540,1.593259291985305,1,570808,128,128,782712832,36243,25668
541,1.5336096670071129,1,572568,128,128,783089664,36329,25728
542,1.655479084001854,1,574526,128,128,783777792,36415,25788
543,1.5536007080227137,1,576371,128,128,786006016,36502,25849
544,2.8641022499941755,1,578377,128,128,789463040,36590,25911
545,1.641682374989614,1,580291,128,128,789512192,36676,25971
546,6.213871124986326,1,582258,128,128,789905408,36762,26031
547,2.3359956670028623,1,584418,128,128,791855104,36850,26093
548,2.3501613330154214,1,586547,128,128,795639808,36936,26153
549,3.423798167001223,1,588426,128,128,798195712,37022,26213
550,3.219687167002121,1,590421,128,128,798785536,37108,26273
551,3.466433416993823,1,592693,128,128,799031296,37196,26335
552,3.6996484999835957,1,594946,128,128,799031296,37282,26395
553,2.887029750010697,1,596692,128,128,799031296,37368,26455
554,2.895474832999753,1,598774,128,128,799031296,37454,26515
555,3.047195416991599,1,600689,128,128,799031296,37540,26575
556,1.9731224169954658,1,602440,128,128,799031296,37626,26635
557,3.2486350830004085,1,604505,128,128,799031296,37713,26696
558,2.1939081659947988,1,606451,128,128,799031296,37796,26754
559,2.9401462090027053,1,608584,128,128,799031296,37879,26812
560,2.128059749986278,1,610564,128,128,799031296,37965,26873
561,2.1025937079975847,1,612491,128,128,799031296,38048,26931
562,3.0768801249796525,1,614459,128,128,799031296,38131,26989
563,1.968590292002773,1,616219,128,128,799031296,38215,27048
564,1.8276127919962164,1,617898,128,128,799031296,38299,27107
565,2.7841301670123357,1,620017,128,128,799031296,38382,27165
566,1.5341002079949249,1,621792,128,128,799031296,38465,27223
567,2.4808077499910723,1,623504,128,128,799031296,38548,27281
568,2.0876483749889303,1,625378,128,128,799031296,38633,27341
569,1.8149237920006271,1,627029,128,128,800374784,38717,27400
570,4.057584374997532,1,629440,128,128,805126144,38806,27463
571,1.9249834169750102,1,631157,128,128,805240832,38892,27523
572,2.1249803749960847,1,633075,128,128,805306368,38979,27584
573,1.9364297919964883,1,634773,128,128,806076416,39065,27644
574,2.8935343330085743,1,636583,128,128,807436288,39148,27702
575,2.098430791986175,1,638429,128,128,810221568,39231,27760
576,2.1686039159831125,1,639901,128,128,810237952,39315,27819
577,2.2077027080231346,1,641873,128,128,810729472,39398,27877
578,2.389624457980972,1,643960,128,128,811548672,39481,27935
579,3.5662407919880934,1,646293,128,128,817758208,39569,27997
580,1.9262995829922147,1,648006,128,128,820756480,39655,28057
581,2.7069900830101687,1,649881,128,128,825606144,39741,28117
582,2.07466829099576,1,651736,128,128,825606144,39827,28177
583,2.184887957992032,1,653721,128,128,825606144,39914,28238
584,3.1323338330257684,1,655746,128,128,826343424,40000,28298
585,2.0853967080183793,1,657680,128,128,828047360,40084,28357
586,2.1544818340044003,1,659635,128,128,830947328,40167,28415
587,3.6234880420088302,1,661544,128,128,831258624,40250,28473
588,1.9397543329978362,1,663197,128,128,831700992,40333,28531
589,5.075008915999206,1,665336,128,128,832831488,40416,28589
590,2.194935167004587,1,667245,128,128,835780608,40499,28647
591,2.8195257920015138,1,669122,128,128,839254016,40582,28705
592,3.1417511249892414,1,671274,128,128,843710464,40666,28764
593,2.2608768329955637,1,673096,128,128,843841536,40749,28822
594,2.1922198749962263,1,674896,128,128,844300288,40832,28880
595,1.928664832987124,1,677146,128,128,844824576,40916,28939
596,1.559249500016449,1,678970,128,128,846135296,40999,28997
597,1.8441564160166308,1,681007,128,128,848887808,41082,29055
598,3.2381079999904614,1,683402,128,128,852279296,41166,29114
599,1.9566046670079231,1,685140,128,128,852279296,41249,29172
600,2.173694416997023,1,687115,128,128,852279296,41332,29230
601,2.031950374977896,1,688953,128,128,853344256,41415,29288
602,3.14721075000125,1,690972,128,128,855261184,41498,29346
603,2.8062803339853417,1,692810,128,128,858849280,41581,29404
604,3.133019125001738,1,695093,128,128,862339072,41664,29462
605,3.2191068330139387,1,697058,128,128,862339072,41747,29520
606,2.821678542008158,1,698886,128,128,862339072,41828,29577
607,1.8782416250032838,1,700565,128,128,862781440,41910,29635
608,2.140793375001522,1,702450,128,128,864731136,41990,29691
609,1.7569082909903955,1,703981,128,128,866975744,42067,29745
610,2.491897041996708,1,705702,128,128,869810176,42146,29801
611,2.125495084008435,1,707604,128,128,869810176,42223,29855
612,2.956250666989945,1,709510,128,128,870170624,42300,29909
613,2.718977417011047,1,711320,128,128,871481344,42378,29964
614,2.6445256669830997,1,712953,128,128,873267200,42455,30018
615,3.2866060830128845,1,714972,128,128,876871680,42533,30073
616,2.4767876250261907,1,716586,128,128,879820800,42610,30127
617,2.6523617499915417,1,718418,128,128,879853568,42687,30181
618,3.049157000001287,1,720218,128,128,880640000,42765,30236
619,2.1426038749923464,1,722173,128,128,880820224,42842,30290
620,1.8798175420088228,1,723840,128,128,881999872,42919,30344
621,14.832148082990898,1,725889,128,128,893108224,42998,30400
622,1.8692102500062902,1,727919,128,128,896565248,43077,30456
623,2.5528748340148013,1,729678,128,128,897204224,43154,30510
624,3.3347652080119587,1,731592,128,128,897564672,43231,30564
625,2.1394487080106046,1,733445,128,128,897826816,43309,30619
626,2.621603125007823,1,735573,128,128,899416064,43387,30674
627,3.368985957989935,1,737509,128,128,901136384,43464,30728
628,1.8298328749951907,1,739011,128,128,904151040,43545,30785
629,2.5663878330087755,1,740679,128,128,907444224,43625,30841
630,2.484136832994409,1,742352,128,128,907509760,43705,30897
631,2.5841268749791197,1,743965,128,128,907722752,43785,30953
632,2.704395416978514,1,745661,128,128,908279808,43863,31008
633,1.8982153749966528,1,747286,128,128,909213696,43937,31060
634,2.803621083992766,1,749047,128,128,911343616,44011,31112
635,1.886828584014438,1,750694,128,128,914014208,44085,31164
636,2.445458125002915,1,752273,128,128,916865024,44159,31216
637,1.6810092910018284,1,753794,128,128,916865024,44234,31269
638,2.097167375002755,1,755662,128,128,917127168,44309,31322
639,2.4574069590016734,1,757289,128,128,917733376,44383,31374
640,2.798815083981026,1,759112,128,128,918814720,44458,31427
641,3.0269143750192598,1,760993,128,128,920944640,44532,31479
642,2.1693465000134893,1,762907,128,128,924172288,44606,31531
643,2.414591582986759,1,764439,128,128,926695424,44680,31583
644,2.1311439169803634,1,766396,128,128,926711808,44755,31636
645,1.4955485830141697,1,768036,128,128,926728192,44829,31688
646,2.005491374991834,1,769676,128,128,927252480,44903,31740
647,1.3688807079743128,1,771343,128,128,928497664,44977,31792
648,1.7947737910144497,1,772700,128,128,929824768,45048,31842
649,1.8344902920071036,1,774222,128,128,931676160,45119,31892
650,2.4255013749934733,1,775758,128,128,934592512,45190,31942
651,2.4438155419775285,1,777359,128,128,934707200,45261,31992
652,2.007470957993064,1,779116,128,128,935100416,45332,32042
653,1.8762010420032311,1,780743,128,128,935362560,45403,32092
654,1.7180774580047,1,782290,128,128,936656896,45474,32142
655,2.9459279160073493,1,783940,128,128,939147264,45545,32192
656,1.8277889589953702,1,785556,128,128,941981696,45616,32242
657,2.7206197920022532,1,787238,128,128,945487872,45687,32292
658,2.428378792013973,1,788736,128,128,946962432,45758,32342
659,1.6468107500113547,1,790185,128,128,947273728,45829,32392
660,1.7527745419938583,1,791766,128,128,947404800,45900,32442
661,2.207764416001737,1,793797,128,128,947879936,45973,32494
662,1.6941154999949504,1,795286,128,128,948928512,46044,32544
663,2.3221172920020763,1,796866,128,128,950517760,46115,32594
664,2.6722249999875203,1,798555,128,128,952500224,46187,32645
665,1.8125189169950318,1,800118,128,128,955416576,46258,32695
666,3.7079963750147726,1,801983,128,128,956055552,46329,32745
667,2.5972453750146087,1,803721,128,128,956743680,46404,32798
668,4.431408790987916,1,805492,128,128,957349888,46478,32850
669,1.9092186670168303,1,807242,128,128,958693376,46553,32903
670,2.2045049159787595,1,809191,128,128,961593344,46628,32956
671,2.6485382910177577,1,810859,128,128,964542464,46702,33008
672,2.976369000010891,1,812843,128,128,968753152,46777,33061
673,2.376217416021973,1,814847,128,128,969457664,46852,33114
674,1.5750628749956377,1,816505,128,128,970227712,46926,33166
675,2.057568625023123,1,818133,128,128,970244096,47000,33218
676,2.0242430419893935,1,819918,128,128,970850304,47075,33271
677,2.0867405829776544,1,821863,128,128,972308480,47150,33324
678,2.0903343749814667,1,823676,128,128,973815808,47224,33376
679,1.8893402499961667,1,825343,128,128,976125952,47298,33428
680,2.9608327920141164,1,827238,128,128,978665472,47370,33479
681,1.888172958017094,1,828820,128,128,978665472,47441,33529
682,2.7704642500029877,1,830475,128,128,978976768,47513,33580
683,2.112641583022196,1,832374,128,128,979124224,47585,33631
684,2.1572105000086594,1,834235,128,128,980369408,47656,33681
685,4.626469832990551,1,836093,128,128,983121920,47732,33735
686,2.051775208004983,1,837949,128,128,986103808,47810,33791
687,2.070163833006518,1,839730,128,128,988872704,47885,33844
688,2.554991874989355,1,841332,128,128,989052928,47960,33897
689,1.8356083749968093,1,842852,128,128,989052928,48031,33947
690,1.8130630840023514,1,844397,128,128,989052928,48102,33997
691,1.903086541016819,1,845980,128,128,990117888,48173,34047
692,2.1943595000193454,1,847798,128,128,991428608,48244,34097
693,2.096970832993975,1,849615,128,128,993361920,48316,34148
694,2.6841636250028387,1,851180,128,128,996671488,48387,34198
695,1.9127563330112025,1,852870,128,128,999440384,48460,34250
696,2.5764217499818187,1,854444,128,128,999751680,48531,34300
697,2.0108411670080386,1,856131,128,128,999817216,48602,34350
698,1.9794132499955595,1,858002,128,128,999899136,48675,34402
699,1.6909295410150662,1,859470,128,128,1000505344,48743,34450
700,1.6419907909876201,1,860875,128,128,1001111552,48808,34496
701,2.400940666993847,1,862509,128,128,1002438656,48873,34542
702,2.7529782909841742,1,864037,128,128,1004863488,48938,34588
703,2.450435375008965,1,865617,128,128,1006649344,49004,34635
704,2.2537221249949653,1,866913,128,128,1009713152,49069,34681
705,1.8642004590074066,1,868451,128,128,1009713152,49134,34727
706,4.952664959011599,1,870078,128,128,1011646464,49201,34775
707,2.3159451660176273,1,871448,128,128,1014497280,49266,34821
708,1.6155848750204314,1,872792,128,128,1017184256,49331,34867
709,2.782959749980364,1,874430,128,128,1018740736,49396,34913
710,1.9892874999786727,1,876151,128,128,1020379136,49462,34960
711,2.090159582992783,1,877418,128,128,1025490944,49527,35006
712,2.455871875019511,1,878816,128,128,1031225344,49592,35052
713,2.4505039590003435,1,880257,128,128,1035501568,49657,35098
714,1.7346440840046853,1,881728,128,128,1035796480,49723,35145
715,1.7953045409813058,1,883151,128,128,1041498112,49788,35191
716,2.0244127080077305,1,884605,128,128,1041940480,49853,35237
717,1.7073136660037562,1,886097,128,128,1041956864,49919,35284
718,1.6495676670165267,1,887509,128,128,1042923520,49984,35330
719,1.677235874987673,1,888940,128,128,1043988480,50049,35376
720,4.377848709002137,1,890260,128,128,1047625728,50111,35420
721,2.2999578330200166,1,891630,128,128,1049460736,50173,35464
722,1.346143957984168,1,892717,128,128,1053589504,50232,35506
723,2.408410375006497,1,893828,128,128,1055850496,50291,35548
724,1.5476164169958793,1,894973,128,128,1058209792,50350,35590
725,1.42301425000187,1,896130,128,128,1058455552,50409,35632
726,1.408660624991171,1,897285,128,128,1058652160,50468,35674
727,1.1807810830068775,1,898399,128,128,1061224448,50528,35717
728,1.180313541990472,1,899655,128,128,1062174720,50587,35759
729,1.6926861660031136,1,900942,128,128,1063272448,50646,35801
730,1.2831985419907141,1,902168,128,128,1064271872,50705,35843
731,1.533245916973101,1,903341,128,128,1068548096,50764,35885
732,1.487794540997129,1,904578,128,128,1070923776,50823,35927
733,2.19673395800055,1,905799,128,128,1075658752,50882,35969
734,2.061566666001454,1,907008,128,128,1077936128,50941,36011
735,1.360967749991687,1,908076,128,128,1080131584,51001,36054
736,1.7926217089989223,1,909206,128,128,1082327040,51062,36098
737,1.6075832089991309,1,910566,128,128,1082834944,51122,36141
738,1.5547836670011748,1,911844,128,128,1083916288,51181,36183
739,1.4982230000023264,1,913098,128,128,1087029248,51240,36225
740,1.2851688750088215,1,914116,128,128,1090142208,51299,36267
741,2.090451291005593,1,915353,128,128,1094221824,51358,36309
742,1.3493320829875302,1,916489,128,128,1098432512,51419,36353
743,2.5609938749985304,1,917521,128,128,1102823424,51478,36395
744,1.414559917000588,1,918787,128,128,1105018880,51539,36439
745,1.3872663750080392,1,919907,128,128,1107247104,51598,36481
746,1.6485331659787335,1,921292,128,128,1107329024,51657,36523
747,1.4992230829957407,1,922518,128,128,1108099072,51716,36565
748,1.578106500004651,1,923834,128,128,1111146496,51775,36607
749,1.5076398749952205,1,925066,128,128,1112162304,51834,36649
750,1.4073099580127746,1,926240,128,128,1115340800,51893,36691
751,1.3096167499898002,1,927312,128,128,1119469568,51952,36733
752,1.4052848329884,1,928502,128,128,1123893248,52012,36776
753,1.6635229579987936,1,929514,128,128,1128202240,52071,36818
754,2.321531749999849,1,930828,128,128,1130790912,52131,36861
755,1.4841719160031062,1,932022,128,128,1130889216,52190,36903
756,2.0722660000028554,1,933306,128,128,1132134400,52249,36945
757,1.5147385419986676,1,934520,128,128,1133740032,52308,36987
758,3.145878542010905,1,935669,128,128,1135001600,52367,37029
759,2.0676797080086544,1,936861,128,128,1138130944,52426,37071
760,1.520691749989055,1,938109,128,128,1141276672,52485,37113
761,1.3688981249870267,1,939223,128,128,1145651200,52544,37155
762,1.4279365420225076,1,940377,128,128,1150091264,52604,37198
763,1.3097982080071233,1,941404,128,128,1153187840,52660,37238
764,1.086575499997707,1,942420,128,128,1154957312,52716,37278
765,2.1230334579886403,1,943476,128,128,1157464064,52774,37320
766,1.046297583001433,1,944553,128,128,1157496832,52830,37360
767,1.2408086249779444,1,945592,128,128,1157529600,52886,37400
768,1.4205055420170538,1,946686,128,128,1157578752,52942,37440
769,1.3861300839926116,1,947782,128,128,1157611520,52999,37481
770,1.4076990000030492,1,948952,128,128,1158414336,53056,37522
771,1.6701994169852696,1,950293,128,128,1159479296,53112,37562
772,1.5185016249888577,1,951519,128,128,1161920512,53173,37606
773,1.596170125005301,1,952835,128,128,1163313152,53232,37648
774,1.722346791997552,1,953844,128,128,1167589376,53292,37691
775,2.108353125018766,1,954954,128,128,1172160512,53352,37734
776,1.527175458992133,1,956210,128,128,1174274048,53411,37776
777,2.253740916989045,1,957378,128,128,1174323200,53471,37819
778,1.9477670000051148,1,958532,128,128,1176584192,53530,37861
779,1.2660044580115937,1,959529,128,128,1178828800,53589,37903
780,3.4315844580123667,1,960758,128,128,1181564928,53648,37945
781,1.4954123749921564,1,961960,128,128,1184825344,53707,37987
782,1.4436188339896034,1,963107,128,128,1185923072,53766,38029
783,1.5729552079865243,1,964477,128,128,1189216256,53827,38073
784,1.6199142500117887,1,965811,128,128,1191411712,53887,38116
785,1.5007207499875221,1,967036,128,128,1195737088,53946,38158
786,2.165638875012519,1,968299,128,128,1200734208,54006,38201
787,2.4598941250005737,1,969604,128,128,1205649408,54066,38244
788,1.5161237500142306,1,970815,128,128,1208057856,54126,38287
789,1.8820299170038197,1,972433,128,128,1209483264,54190,38333
790,4.318388624989893,1,973779,128,128,1210564608,54252,38377
791,2.359877459006384,1,975076,128,128,1212792832,54314,38421
792,2.299428333004471,1,976233,128,128,1215840256,54376,38465
793,1.8733237080159597,1,977823,128,128,1219100672,54439,38510
794,1.5580673329823185,1,979048,128,128,1223524352,54501,38554
795,13.492430875019636,1,980531,128,128,1231634432,54568,38602
796,1.235217791981995,1,981742,128,128,1234468864,54634,38649
797,2.3734107080090325,1,983333,128,128,1237647360,54699,38695
798,1.8694477500102948,1,984660,128,128,1237712896,54764,38741
799,1.2766607500088867,1,986017,128,128,1237712896,54830,38788
800,1.1894179170194548,1,987235,128,128,1237712896,54895,38834
801,1.7907715830078814,1,988564,128,128,1237712896,54961,38881
802,3.3279606249998324,1,990026,128,128,1237712896,55026,38927
803,2.148433708003722,1,991266,128,128,1237712896,55091,38973
804,1.6413729580235668,1,992673,128,128,1237712896,55156,39019
805,1.5231227919866797,1,993929,128,128,1237712896,55221,39065
806,2.154238124989206,1,995119,128,128,1237712896,55286,39111
807,3.0105183749983553,1,996464,128,128,1237712896,55351,39157
808,2.5537672079808544,1,997828,128,128,1237712896,55417,39204
809,2.3653208339819685,1,999211,128,128,1237712896,55482,39250
810,1.564425124990521,1,1000442,128,128,1237712896,55547,39296
811,3.465816750016529,1,1001754,128,128,1237712896,55612,39342
812,1.7670777500024997,1,1003171,128,128,1237712896,55678,39389
813,1.6359907499863766,1,1004452,128,128,1237712896,55743,39435
814,1.6755209579714574,1,1005826,128,128,1237712896,55810,39483
815,4.921945042005973,1,1007451,128,128,1237712896,55877,39531
816,1.7619561250030529,1,1008916,128,128,1237712896,55942,39577
817,2.775692874973174,1,1010458,128,128,1237712896,56007,39623
818,2.333281041996088,1,1011861,128,128,1237712896,56072,39669
819,1.541675916989334,1,1013119,128,128,1237712896,56137,39715
820,1.5594217919860967,1,1014376,128,128,1237712896,56202,39761
821,1.7627051250019576,1,1015803,128,128,1237712896,56267,39807
822,1.8585395840054844,1,1017391,128,128,1237712896,56334,39855
823,1.5993727919994853,1,1018739,128,128,1237712896,56400,39902
824,2.893855041009374,1,1020587,128,128,1237712896,56467,39950
825,1.814392875006888,1,1022108,128,128,1237712896,56532,39996
826,2.060836084012408,1,1023920,128,128,1237712896,56598,40043
827,2.237607000017306,1,1025425,128,128,1237712896,56663,40089
828,2.4834608329983894,1,1026788,128,128,1237712896,56728,40135
829,3.027497166971443,1,1028656,128,128,1237712896,56794,40182
830,2.9085525830159895,1,1030332,128,128,1237712896,56859,40228
831,1.9544862920010928,1,1031951,128,128,1237712896,56924,40274
832,1.8483258339983877,1,1033514,128,128,1237712896,56989,40320
833,1.7619651669810992,1,1035043,128,128,1237712896,57054,40366
834,1.77366004200303,1,1036532,128,128,1237712896,57120,40413
835,2.7959055000101216,1,1038206,128,128,1243398144,57185,40459
836,2.9239426249987446,1,1039936,128,128,1249427456,57251,40506
837,1.9121232499892358,1,1041599,128,128,1254293504,57316,40552
838,3.4601062920119148,1,1043121,128,128,1256914944,57381,40598
839,1.9146290839998983,1,1044748,128,128,1257291776,57446,40644
840,2.952896792005049,1,1046649,128,128,1261961216,57515,40693
841,1.7815082910237834,1,1048210,128,128,1263517696,57583,40741
842,1.9490494999918155,1,1049803,128,128,1264484352,57651,40789
843,2.9396154589776415,1,1051572,128,128,1266155520,57720,40838
844,6.043868915992789,1,1053298,128,128,1268793344,57789,40887
845,2.590354459010996,1,1055084,128,128,1272053760,57857,40935
846,2.1200814170006197,1,1056887,128,128,1275346944,57926,40984
847,2.567762833001325,1,1058305,128,128,1276067840,57992,41031
848,1.9315095829952043,1,1059919,128,128,1276067840,58058,41078
849,1.8258775410067756,1,1061491,128,128,1276067840,58125,41126
850,2.2914147500123363,1,1062836,128,128,1276067840,58191,41173
851,1.7048545829893555,1,1064220,128,128,1276624896,58256,41219
852,1.8088184999942314,1,1065661,128,128,1277788160,58322,41266
853,1.844839375000447,1,1067153,128,128,1280245760,58388,41313
854,2.133351708005648,1,1068422,128,128,1282441216,58453,41359
855,1.715036333014723,1,1069792,128,128,1283620864,58518,41405
856,1.8469547079876065,1,1071306,128,128,1289748480,58587,41454
857,3.2232251660025213,1,1072662,128,128,1296564224,58659,41505
858,3.893317667010706,1,1074070,128,128,1296990208,58730,41555
859,2.047168374992907,1,1075704,128,128,1297514496,58802,41606
860,1.7368385829904582,1,1077110,128,128,1298284544,58873,41656
861,1.6800624169991352,1,1078434,128,128,1298694144,58944,41706
862,2.3539684579882305,1,1079809,128,128,1300332544,59015,41756
863,1.611390667007072,1,1081049,128,128,1301921792,59086,41806
864,2.2858380420075264,1,1082392,128,128,1303674880,59157,41856
865,1.7579213329881895,1,1083846,128,128,1306001408,59226,41905
866,1.5126882919867057,1,1085031,128,128,1308557312,59294,41953
867,2.632180624990724,1,1086512,128,128,1308688384,59363,42002
868,1.7479568750131875,1,1087972,128,128,1308835840,59431,42050
869,2.503478083992377,1,1089458,128,128,1309163520,59500,42099
870,4.013091708999127,1,1090920,128,128,1310654464,59568,42147
871,3.370216374984011,1,1092738,128,128,1312440320,59637,42196
872,4.586694624973461,1,1094125,128,128,1314848768,59706,42245
873,4.9060440409812145,1,1095549,128,128,1318207488,59774,42293
874,1.611599916999694,1,1096839,128,128,1320845312,59843,42342
875,2.4050608329998795,1,1098124,128,128,1323630592,59911,42390
876,2.40866033299244,1,1099320,128,128,1326120960,59980,42439
877,1.9251641659939196,1,1100844,128,128,1326186496,60049,42488
878,1.6346116670174524,1,1102034,128,128,1329168384,60117,42536
879,1.9762102079985198,1,1103449,128,128,1329594368,60185,42584
880,2.261618416989222,1,1105044,128,128,1330364416,60253,42632
881,1.3919057500024792,1,1106473,128,128,1331068928,60321,42680
882,1.838972541008843,1,1107735,128,128,1332346880,60389,42728
883,2.1531020409893245,1,1109308,128,128,1333723136,60458,42777
884,1.922261041996535,1,1110649,128,128,1335869440,60527,42826
885,1.4022204169887118,1,1112048,128,128,1338671104,60596,42875
886,1.7980609590013046,1,1113477,128,128,1341243392,60664,42923
887,3.1891353749961127,1,1114744,128,128,1341390848,60732,42971
888,2.569928584009176,1,1116183,128,128,1341538304,60801,43020
889,5.4033079170039855,1,1117772,128,128,1341652992,60870,43069
890,1.7762963339919224,1,1119148,128,128,1342210048,60938,43117
891,1.8137598329922184,1,1120525,128,128,1343438848,61006,43165
892,1.8006700830010232,1,1121889,128,128,1344847872,61076,43215
893,1.763029291993007,1,1123224,128,128,1345994752,61144,43263
894,2.3195448339974973,1,1124648,128,128,1348239360,61213,43312
895,1.7557709999964572,1,1125964,128,128,1350762496,61281,43360
896,2.533964250003919,1,1127394,128,128,1353646080,61349,43408
897,1.559073874988826,1,1128632,128,128,1355972608,61418,43457
898,3.6809386250097305,1,1130074,128,128,1356300288,61486,43505
899,6.351176291995216,1,1131860,128,128,1357316096,61559,43557
900,2.655666750011733,1,1133320,128,128,1361182720,61635,43611
901,1.7617560409998987,1,1134619,128,128,1363132416,61709,43663
902,1.9231034579861443,1,1136038,128,128,1365082112,61783,43715
903,2.6074763750075363,1,1137385,128,128,1366949888,61854,43765
904,1.7568927090032957,1,1138676,128,128,1369817088,61925,43815
905,2.817549582978245,1,1140130,128,128,1372995584,61997,43866
906,1.6375693749869242,1,1141331,128,128,1375502336,62068,43916
907,2.083731041988358,1,1142949,128,128,1378467840,62141,43968
908,2.908842666016426,1,1144412,128,128,1378664448,62212,44018
909,2.6928895409801044,1,1145867,128,128,1379074048,62283,44068
910,3.0116915830003563,1,1147460,128,128,1379483648,62355,44119
911,1.984021667012712,1,1148986,128,128,1379827712,62426,44169
912,1.7382486250135116,1,1150274,128,128,1381105664,62497,44219
913,1.6740314170019701,1,1151570,128,128,1382350848,62568,44269
914,2.720274249993963,1,1153084,128,128,1383907328,62639,44319
915,1.8115195830177981,1,1154433,128,128,1386184704,62711,44370
916,1.8450984579976648,1,1155760,128,128,1388904448,62782,44420
917,1.7502231249818578,1,1157076,128,128,1391460352,62853,44470
918,2.6676211250014603,1,1158379,128,128,1392443392,62924,44520
919,1.4403414580156095,1,1159775,128,128,1392574464,62996,44571
920,1.2118825830111746,1,1160971,128,128,1392787456,63068,44622
921,1.4585044999839738,1,1162416,128,128,1393573888,63139,44672
922,1.412204666994512,1,1163827,128,128,1394851840,63211,44723
923,1.3068244580063038,1,1165120,128,128,1396162560,63282,44773
924,1.42544566700235,1,1166586,128,128,1397424128,63355,44825
925,1.4447020840016194,1,1168020,128,128,1398669312,63427,44876
926,1.5779750829969998,1,1169374,128,128,1401028608,63498,44926
927,1.9707197080133483,1,1170924,128,128,1403502592,63569,44976
928,2.485322249995079,1,1172411,128,128,1406533632,63640,45026
929,3.2142559160129167,1,1173890,128,128,1406713856,63711,45076
930,2.5157542919914704,1,1175338,128,128,1406959616,63783,45127
931,1.6579414590087254,1,1176630,128,128,1406992384,63854,45177
932,1.9307411659974605,1,1178204,128,128,1407926272,63926,45228
933,2.224357291997876,1,1179411,128,128,1409155072,63997,45278
934,1.991671249998035,1,1180982,128,128,1410318336,64068,45328
935,2.612538958026562,1,1182362,128,128,1412956160,64139,45378
936,2.231808624987025,1,1184258,128,128,1415872512,64212,45430
937,1.733345083979657,1,1185620,128,128,1418428416,64283,45480
938,2.1120435830089264,1,1187364,128,128,1421656064,64355,45531
939,2.9323198339843657,1,1188878,128,128,1424343040,64427,45582
940,2.071537250012625,1,1190504,128,128,1424408576,64498,45632
941,2.165859708999051,1,1192032,128,128,1424474112,64569,45682
942,2.599662124994211,1,1193581,128,128,1424474112,64637,45730
943,1.8520754580094945,1,1195041,128,128,1424523264,64705,45778
944,2.434335291996831,1,1196387,128,128,1424850944,64773,45826
945,2.512076832994353,1,1197830,128,128,1426128896,64841,45874
946,1.6480529170075897,1,1199121,128,128,1427259392,64909,45922
947,1.3982116669940297,1,1200197,128,128,1428865024,64977,45970
948,2.1325946249999106,1,1201469,128,128,1431142400,65046,46019
949,1.815698041988071,1,1202927,128,128,1433796608,65114,46067
950,2.570183709001867,1,1204398,128,128,1433796608,65182,46115
951,3.475646707986016,1,1205811,128,128,1433796608,65251,46164
952,2.146902209002292,1,1207411,128,128,1433796608,65319,46212
953,2.4908657079795375,1,1208821,128,128,1433796608,65387,46260
954,1.8579584170074668,1,1210278,128,128,1433796608,65455,46308
955,2.4036792919796426,1,1211635,128,128,1433796608,65523,46356
956,2.9888719170121476,1,1213055,128,128,1433796608,65591,46404
957,1.9523182080010884,1,1214375,128,128,1433796608,65660,46453
958,1.869897166005103,1,1215717,128,128,1433796608,65728,46501
959,3.009476042003371,1,1217386,128,128,1433796608,65796,46549
960,2.13183920897427,1,1218843,128,128,1433796608,65865,46598
961,2.9513221669767518,1,1220487,128,128,1433796608,65937,46649
962,3.1258289169927593,1,1221987,128,128,1433796608,66008,46699
963,1.9797912500216626,1,1223469,128,128,1433796608,66080,46750
964,1.943291958014015,1,1224912,128,128,1433796608,66152,46801
965,1.9576578749984037,1,1226379,128,128,1433796608,66224,46852
966,1.7295762499852572,1,1227677,128,128,1433796608,66295,46902
967,1.7483598749968223,1,1229213,128,128,1433796608,66366,46952
968,1.6371033750183415,1,1230806,128,128,1433796608,66437,47002
969,1.6510817919916008,1,1232397,128,128,1433796608,66508,47052
970,1.370715958008077,1,1233705,128,128,1433796608,66579,47102
971,1.460887166991597,1,1235030,128,128,1433796608,66650,47152
972,1.606301916996017,1,1236580,128,128,1433796608,66721,47202
973,2.315593125007581,1,1237957,128,128,1433796608,66792,47252
974,1.904727916000411,1,1239314,128,128,1433796608,66863,47302
975,2.125499374989886,1,1240514,128,128,1433796608,66934,47352
976,1.9509744160168339,1,1241956,128,128,1433796608,67003,47401
977,1.6787346670171246,1,1243282,128,128,1433796608,67072,47450
978,1.4815979999839328,1,1244423,128,128,1433796608,67140,47498
979,2.738585792016238,1,1245924,128,128,1433796608,67208,47546
980,1.751066916011041,1,1247280,128,128,1433796608,67276,47594
981,2.8272529159730766,1,1248839,128,128,1433796608,67344,47642
982,1.9112446660001297,1,1250240,128,128,1433796608,67412,47690
983,1.97316958301235,1,1251704,128,128,1433796608,67480,47738
984,2.6236084999982268,1,1253159,128,128,1433796608,67548,47786
985,2.9874092919926625,1,1254602,128,128,1433796608,67616,47834
986,3.2500447909987997,1,1256350,128,128,1433796608,67685,47883
987,4.2098722079826985,1,1257879,128,128,1433796608,67753,47931
988,2.7120094999845605,1,1259329,128,128,1433796608,67821,47979
989,1.768565917009255,1,1260692,128,128,1433796608,67890,48028
990,1.8774611249973532,1,1262126,128,128,1433796608,67959,48077
991,2.029642082983628,1,1263708,128,128,1433796608,68027,48125
992,1.769391416979488,1,1265111,128,128,1433796608,68096,48174
993,2.7633710420050193,1,1266691,128,128,1433796608,68164,48222
994,2.171889666991774,1,1268358,128,128,1433796608,68233,48271
995,1.9912953750172164,1,1269973,128,128,1433796608,68301,48319
996,2.993968208989827,1,1271575,128,128,1433796608,68371,48369
997,2.327428916003555,1,1272973,128,128,1433796608,68439,48417
998,2.771527708013309,1,1274561,128,128,1433796608,68508,48466
999,2.019266583985882,1,1276215,128,128,1433796608,68576,48514
1000,2.0396378329896834,1,1277896,128,128,1433796608,68646,48564
1001,2.2019079999881797,1,1279657,128,128,1433796608,68714,48612
1002,2.755469791009091,1,1281308,128,128,1433796608,68787,48664
1003,2.188811792002525,1,1283128,128,128,1433796608,68858,48714
1004,4.611382624978432,1,1284884,128,128,1433796608,68929,48764
1005,6.020583334000548,1,1286723,128,128,1433796608,69000,48814
1006,1.9714930420159362,1,1288288,128,128,1433796608,69072,48865
1007,2.692546834005043,1,1289987,128,128,1433796608,69143,48915
1008,3.0963557090144604,1,1291680,128,128,1433796608,69212,48964
1009,4.0784458340203855,1,1293078,128,128,1433796608,69280,49012
1010,2.841887124988716,1,1294644,128,128,1433796608,69349,49061
1011,2.3700234160060063,1,1296183,128,128,1433796608,69417,49109
1012,1.5569371249875985,1,1297743,128,128,1434075136,69485,49157
1013,1.3922110830026213,1,1299081,128,128,1435320320,69553,49205
1014,1.5710501249996014,1,1300651,128,128,1436663808,69622,49254
1015,1.3078692920098547,1,1301828,128,128,1437777920,69690,49302
1016,1.3421853329928126,1,1303163,128,128,1439465472,69759,49351
1017,1.2938012499944307,1,1304422,128,128,1441710080,69827,49399
1018,1.2287098329979926,1,1305633,128,128,1444151296,69895,49447
1019,2.5438189579872414,1,1307107,128,128,1447018496,69963,49495
1020,2.7075661669950932,1,1308549,128,128,1447084032,70032,49544
1021,2.5197952080052346,1,1310025,128,128,1447247872,70101,49593
1022,2.61341145800543,1,1311540,128,128,1447493632,70169,49641
1023,1.7346210000105202,1,1312886,128,128,1447559168,70237,49689
1024,1.5911576249927748,1,1314126,128,128,1448591360,70305,49737
1025,4.667239875008818,1,1315604,128,128,1450033152,70374,49786
1026,2.176553875004174,1,1317375,128,128,1451425792,70443,49835
1027,1.6940967089904007,1,1318684,128,128,1452621824,70511,49883
1028,1.9299621250247583,1,1320317,128,128,1454686208,70580,49932
1029,1.8266813340014778,1,1321782,128,128,1457324032,70648,49980
1030,1.7407421670213807,1,1323140,128,128,1460305920,70716,50028
1031,2.9266952500038315,1,1324740,128,128,1460535296,70786,50078
1032,2.039302499993937,1,1326361,128,128,1460830208,70854,50126
1033,1.6605706249829382,1,1327706,128,128,1461141504,70920,50173
1034,1.6273967919987626,1,1328966,128,128,1461616640,70983,50218
1035,3.8757937499904074,1,1330142,128,128,1463435264,71045,50262
1036,1.6213466250046622,1,1331445,128,128,1464221696,71107,50306
1037,1.6252007920120377,1,1332664,128,128,1466056704,71169,50350
1038,2.245553540997207,1,1334043,128,128,1468006400,71231,50394
1039,2.4830467910214793,1,1335384,128,128,1471119360,71293,50438
1040,2.518583958997624,1,1336713,128,128,1477099520,71355,50482
1041,1.9553538339969236,1,1337963,128,128,1481572352,71417,50526
1042,1.8675630000070669,1,1339504,128,128,1488420864,71482,50573
1043,2.123529292002786,1,1340641,128,128,1495302144,71544,50617
1044,2.4739289169956464,1,1341852,128,128,1502625792,71607,50662
1045,2.72100204101298,1,1342977,128,128,1506967552,71670,50707
1046,2.0805857079976704,1,1344232,128,128,1511407616,71732,50751
1047,1.654793374997098,1,1345475,128,128,1515880448,71794,50795
1048,1.7546430839865934,1,1346797,128,128,1518174208,71856,50839
1049,1.955322417023126,1,1348150,128,128,1520386048,71918,50883
1050,2.9265874169941526,1,1349711,128,128,1523236864,71981,50928
1051,3.302507207990857,1,1350936,128,128,1528561664,72043,50972
1052,2.4683970829937607,1,1352408,128,128,1531838464,72105,51016
1053,1.7215709169977345,1,1353593,128,128,1537245184,72167,51060
1054,1.8230266250029672,1,1354804,128,128,1542668288,72229,51104
1055,2.230116334016202,1,1356134,128,128,1548910592,72291,51148
1056,1.7248824589769356,1,1357506,128,128,1555382272,72354,51193
1057,2.3413168330152985,1,1358801,128,128,1560281088,72416,51237
1058,1.7127788749930914,1,1360121,128,128,1567227904,72478,51281
1059,2.836156666977331,1,1361404,128,128,1571831808,72541,51326
1060,2.11835666699335,1,1362730,128,128,1574158336,72603,51370
1061,2.7455197499948554,1,1364214,128,128,1578811392,72666,51415
1062,1.8100547500071116,1,1365622,128,128,1583251456,72728,51459
1063,2.0816827499947976,1,1367051,128,128,1587953664,72791,51504
1064,1.531441500002984,1,1368522,128,128,1593524224,72853,51548
1065,1.4247318340057973,1,1369922,128,128,1598996480,72915,51592
1066,1.5694397909974214,1,1371392,128,128,1602306048,72977,51636
1067,1.6066128340025898,1,1372684,128,128,1608695808,73043,51683
1068,1.6635232089902274,1,1373823,128,128,1613348864,73108,51729
1069,1.7219421250047162,1,1375156,128,128,1615724544,73173,51775
1070,1.867314333008835,1,1376593,128,128,1620721664,73239,51822
1071,1.7582370410091244,1,1377937,128,128,1625358336,73305,51869
1072,2.87235579098342,1,1379291,128,128,1630208000,73370,51915
1073,2.1286159160081297,1,1380920,128,128,1630208000,73436,51962
1074,3.307775541994488,1,1382507,128,128,1630208000,73505,52011
1075,3.2627912080206443,1,1384242,128,128,1630208000,73573,52059
1076,1.940802333992906,1,1385580,128,128,1630208000,73641,52107
1077,1.7745622499787714,1,1386926,128,128,1630273536,73707,52154
1078,1.7517337499884889,1,1388311,128,128,1631207424,73773,52201
1079,1.7715859590098262,1,1389566,128,128,1632092160,73838,52247
1080,1.67201358298189,1,1390787,128,128,1633468416,73904,52294
1081,1.8384077500086278,1,1392169,128,128,1637007360,73970,52341
1082,2.974358083010884,1,1393868,128,128,1637416960,74036,52388
1083,1.6340162919950671,1,1395063,128,128,1640022016,74101,52434
1084,1.6061389170063194,1,1396241,128,128,1644806144,74166,52480
1085,1.817290792008862,1,1397680,128,128,1647460352,74232,52527
1086,3.5354099159885664,1,1399048,128,128,1647460352,74294,52571
1087,1.6151595420087688,1,1400306,128,128,1647460352,74357,52616
1088,1.866097207996063,1,1401736,128,128,1648082944,74420,52661
1089,2.590259666001657,1,1403141,128,128,1648082944,74483,52706
1090,2.3221245419990737,1,1404410,128,128,1648082944,74542,52748
1091,1.6023235000029672,1,1405626,128,128,1648394240,74602,52791
1092,1.321721250016708,1,1406584,128,128,1649328128,74661,52833
1093,2.1098447910044342,1,1407719,128,128,1650327552,74721,52876
1094,1.5532532919896767,1,1408875,128,128,1650327552,74781,52919
1095,2.384251082985429,1,1410192,128,128,1652457472,74840,52961
1096,2.8180890000076033,1,1411578,128,128,1652457472,74899,53003
1097,1.6498744169948623,1,1412768,128,128,1656406016,74959,53046
1098,1.483378500008257,1,1413854,128,128,1658535936,75018,53088
1099,1.7689350000000559,1,1415134,128,128,1660878848,75077,53130
1100,1.6884190420096274,1,1416460,128,128,1663107072,75137,53173
1101,2.7172734579944517,1,1417522,128,128,1663254528,75196,53215
1102,2.029803749988787,1,1418590,128,128,1663434752,75255,53257
1103,2.2886572910065297,1,1419784,128,128,1663434752,75315,53300
1104,2.782080250006402,1,1421271,128,128,1663434752,75375,53343
1105,1.5440571250219364,1,1422327,128,128,1664696320,75436,53387
1106,2.3476177920238115,1,1423524,128,128,1664696320,75495,53429
1107,2.8017643339990173,1,1424477,128,128,1666138112,75554,53471
1108,2.312421832990367,1,1425639,128,128,1666940928,75613,53513
1109,2.4044526669895276,1,1426787,128,128,1668235264,75673,53556
1110,2.492170540994266,1,1428093,128,128,1669431296,75733,53599
1111,1.682421165984124,1,1429231,128,128,1669431296,75792,53641
1112,1.566704083001241,1,1430257,128,128,1673543680,75855,53686
1113,2.3189808749884833,1,1431439,128,128,1676132352,75917,53730
1114,2.6291175840015057,1,1432790,128,128,1676705792,75979,53774
1115,1.874035457993159,1,1434118,128,128,1679507456,76042,53819
1116,3.1549726250232197,1,1435486,128,128,1681637376,76105,53864
1117,1.5792212909727823,1,1436673,128,128,1683275776,76167,53908
1118,2.3877544999995735,1,1437746,128,128,1683619840,76229,53952
1119,1.6556559999880847,1,1438880,128,128,1683619840,76291,53996
1120,1.860298415995203,1,1440114,128,128,1683783680,76354,54041
1121,2.0752759579918347,1,1441122,128,128,1684930560,76416,54085
1122,2.3909247500123456,1,1442307,128,128,1685929984,76478,54129
1123,1.4998350829991978,1,1443344,128,128,1686700032,76541,54174
1124,2.412180957995588,1,1444501,128,128,1687715840,76604,54219
1125,1.6046313330007251,1,1445508,128,128,1687715840,76666,54263
1126,1.706170249992283,1,1446623,128,128,1688469504,76728,54307
1127,2.684575582999969,1,1447929,128,128,1689436160,76790,54351
1128,2.001310374995228,1,1448896,128,128,1691664384,76852,54395
1129,1.7521513749961741,1,1450046,128,128,1693646848,76914,54439
1130,1.9310018340183888,1,1451442,128,128,1693712384,76977,54484
1131,3.974618958978681,1,1452802,128,128,1697349632,77041,54530
1132,2.74833812500583,1,1454223,128,128,1697349632,77103,54574
1133,1.7163951249967795,1,1455444,128,128,1698447360,77166,54619
1134,1.8813415839977097,1,1456775,128,128,1698480128,77228,54663
1135,1.534952665999299,1,1457803,128,128,1698496512,77290,54707
1136,1.8060353329929058,1,1459099,128,128,1698496512,77352,54751
1137,1.5668775000085589,1,1460170,128,128,1700347904,77414,54795
1138,5.073970749974251,1,1461362,128,128,1701527552,77476,54839
1139,1.820586749992799,1,1462679,128,128,1702756352,77539,54884
1140,1.6677767079963814,1,1463793,128,128,1703837696,77601,54928
1141,2.103620583016891,1,1464831,128,128,1705754624,77663,54972
1142,1.7349003749841359,1,1465997,128,128,1707687936,77725,55016
1143,1.5767995420028456,1,1467134,128,128,1710014464,77788,55061
1144,1.7637606670032255,1,1468328,128,128,1710424064,77850,55105
1145,1.990942874981556,1,1469760,128,128,1715355648,77913,55150
1146,1.682038333005039,1,1470982,128,128,1717288960,77975,55194
1147,2.9742076659749728,1,1472176,128,128,1717288960,78037,55238
1148,1.6169839589856565,1,1473317,128,128,1717288960,78099,55282
1149,2.5223540409933776,1,1474663,128,128,1717321728,78163,55328
1150,2.3076519580208696,1,1475888,128,128,1717338112,78225,55372
1151,2.2271358750003856,1,1477040,128,128,1717714944,78287,55416
1152,1.5251864159945399,1,1478085,128,128,1718452224,78346,55458
1153,1.6637480420176871,1,1479181,128,128,1719402496,78405,55500
1154,2.398299499996938,1,1480377,128,128,1720647680,78464,55542
1155,2.1107364160125144,1,1481545,128,128,1721565184,78524,55585
1156,2.476313791004941,1,1482859,128,128,1722728448,78583,55627
1157,1.5642032919859048,1,1483926,128,128,1724055552,78642,55669
1158,1.6492834170057904,1,1485075,128,128,1726185472,78701,55711
1159,1.6376140000065789,1,1486203,128,128,1728446464,78760,55753
1160,2.296088541013887,1,1487375,128,128,1730969600,78819,55795
1161,3.9984862499986775,1,1488465,128,128,1733525504,78878,55837
1162,3.021427583997138,1,1489605,128,128,1736114176,78937,55879
1163,1.7095710420107935,1,1490757,128,128,1736196096,78996,55921
1164,1.2897370840073563,1,1491947,128,128,1736245248,79055,55963
1165,1.9322845420101658,1,1493155,128,128,1736261632,79114,56005
1166,1.5541381660150364,1,1494452,128,128,1736261632,79174,56048
1167,1.796501916978741,1,1495906,128,128,1736261632,79234,56091
1168,2.0717502500046976,1,1497337,128,128,1736261632,79295,56135
1169,1.6938217919960152,1,1498522,128,128,1738473472,79354,56177
1170,1.664784332999261,1,1499755,128,128,1739505664,79414,56220
1171,1.8097235419845674,1,1501154,128,128,1740685312,79474,56263
1172,2.575941583025269,1,1502492,128,128,1741864960,79533,56305
1173,1.8934191660082433,1,1503880,128,128,1741864960,79593,56348
1174,1.9087678330251947,1,1505289,128,128,1744027648,79656,56393
1175,1.755926083016675,1,1506544,128,128,1748484096,79718,56437
1176,2.734473082993645,1,1507964,128,128,1751629824,79780,56481
1177,1.9552715420140885,1,1509418,128,128,1751810048,79843,56526
1178,3.72351145799621,1,1510887,128,128,1754349568,79905,56570
1179,1.976275708002504,1,1512298,128,128,1754349568,79968,56615
1180,1.946201040991582,1,1513659,128,128,1754955776,80030,56659
1181,4.996440707996953,1,1514948,128,128,1755217920,80092,56703
1182,1.8027167080144864,1,1516205,128,128,1755480064,80154,56747
1183,2.651357166992966,1,1517556,128,128,1756397568,80217,56792
1184,2.8937234170152806,1,1518941,128,128,1757659136,80279,56836
1185,2.146369333000621,1,1520433,128,128,1757659136,80341,56880
1186,1.9894047909765504,1,1521799,128,128,1760591872,80407,56927
1187,1.7561647499969695,1,1522972,128,128,1760591872,80469,56971
1188,2.6002497499866877,1,1524400,128,128,1762328576,80532,57016
1189,1.5958150420046877,1,1525544,128,128,1762508800,80594,57060
1190,1.9299086249957327,1,1526910,128,128,1766539264,80653,57102
1191,2.1318390409869608,1,1528023,128,128,1768456192,80712,57144
1192,1.7232920419774018,1,1529171,128,128,1770864640,80772,57187
1193,1.8775141249934677,1,1530466,128,128,1771012096,80831,57229
1194,3.083270208007889,1,1531647,128,128,1773289472,80891,57272
1195,2.1995611249876674,1,1532838,128,128,1773453312,80951,57315
1196,2.6911690830020234,1,1534287,128,128,1773568000,81012,57359
1197,2.2907544169866014,1,1535611,128,128,1773568000,81072,57402
1198,1.8053407499974128,1,1536857,128,128,1773568000,81131,57444
1199,5.086985457979608,1,1538344,128,128,1774125056,81191,57487
1200,2.457034166989615,1,1539541,128,128,1775190016,81250,57529
1201,2.0530972499982454,1,1540990,128,128,1776238592,81309,57571
1202,1.9055785000091419,1,1542319,128,128,1777221632,81368,57613
1203,1.9455565419921186,1,1543703,128,128,1778335744,81428,57656
1204,3.0121095410140697,1,1545374,128,128,1779859456,81489,57700
1205,2.7166187920083757,1,1546822,128,128,1780334592,81549,57743
1206,2.8698250419984106,1,1548287,128,128,1782857728,81609,57786
1207,2.0519404159858823,1,1549648,128,128,1787478016,81668,57828
1208,1.8429623749980237,1,1550870,128,128,1790033920,81727,57870
1209,1.619572124996921,1,1552410,128,128,1792851968,81788,57914
1210,2.6006444999948144,1,1553760,128,128,1793146880,81847,57956
1211,1.5643652919970918,1,1555285,128,128,1793212416,81906,57998
1212,1.6896761659882031,1,1556888,128,128,1793212416,81965,58040
1213,1.4973672089981847,1,1558144,128,128,1793294336,82024,58082
1214,2.0420947920065373,1,1559570,128,128,1793343488,82083,58124
1215,1.8281451250077225,1,1560834,128,128,1793343488,82140,58165
1216,2.4243006669858005,1,1562088,128,128,1793343488,82193,58203
1217,2.13791320801829,1,1563103,128,128,1793343488,82246,58241
1218,2.327318458992522,1,1564222,128,128,1794146304,82299,58279
1219,1.675252167013241,1,1565353,128,128,1795096576,82352,58317
1220,2.321010290994309,1,1566431,128,128,1796276224,82405,58355
1221,4.511815917008789,1,1567640,128,128,1797324800,82458,58393
1222,1.725560624996433,1,1568773,128,128,1798488064,82511,58431
1223,2.476085249974858,1,1569971,128,128,1803321344,82568,58472
1224,1.883551917009754,1,1571188,128,128,1803517952,82624,58512
1225,1.99331862499821,1,1572557,128,128,1805598720,82680,58552
1226,1.5785002920019906,1,1573610,128,128,1809842176,82738,58594
1227,1.8371826669899747,1,1574858,128,128,1809842176,82794,58634
1228,3.4060525000095367,1,1575974,128,128,1811677184,82850,58674
1229,2.484945250005694,1,1577096,128,128,1811677184,82906,58714
1230,1.4396447920007631,1,1578075,128,128,1811677184,82963,58755
1231,2.3216441669792403,1,1579238,128,128,1811677184,83019,58795
1232,1.7369530420110095,1,1580467,128,128,1811677184,83077,58837
1233,1.716534291015705,1,1581580,128,128,1811677184,83133,58877
1234,2.057873208017554,1,1582979,128,128,1811677184,83190,58918
1235,1.8675360830093268,1,1584255,128,128,1811677184,83248,58960
1236,2.649289499997394,1,1585527,128,128,1815281664,83308,59003
1237,2.0970716669980902,1,1586681,128,128,1816166400,83367,59045
1238,1.9160615830041934,1,1588039,128,128,1817296896,83427,59088
1239,1.987422834004974,1,1589411,128,128,1818492928,83487,59131
1240,1.8457990839960985,1,1590680,128,128,1819426816,83546,59173
1241,1.8767267079965677,1,1591950,128,128,1821048832,83605,59215
1242,2.2928518330154475,1,1593053,128,128,1823129600,83664,59257
1243,1.7235902499814983,1,1594268,128,128,1825390592,83723,59299
1244,1.716554290993372,1,1595348,128,128,1827569664,83782,59341
1245,3.3258452499867417,1,1596665,128,128,1827569664,83841,59383
1246,1.7874490829999559,1,1597837,128,128,1827799040,83900,59425
1247,1.788482167001348,1,1599023,128,128,1827962880,83959,59467
1248,2.63168275001226,1,1600357,128,128,1828208640,84018,59509
1249,2.0701640410115942,1,1601730,128,128,1828208640,84078,59552
1250,1.471530333015835,1,1602708,128,128,1829126144,84138,59595
1251,1.8575720420049038,1,1603981,128,128,1829765120,84198,59638
1252,1.7131429160072003,1,1605150,128,128,1829797888,84257,59680
1253,1.7876292079745326,1,1606360,128,128,1831829504,84316,59722
1254,1.9117643749923445,1,1607645,128,128,1831829504,84376,59765
1255,2.1166134999948554,1,1609107,128,128,1835188224,84439,59810
1256,1.6875361670099664,1,1610194,128,128,1835630592,84501,59854
1257,2.551555999991251,1,1611441,128,128,1837301760,84563,59898
1258,2.681273708003573,1,1612771,128,128,1840480256,84625,59942
1259,2.477475250023417,1,1613997,128,128,1843249152,84689,59988
1260,2.6643354170082603,1,1615228,128,128,1846001664,84751,60032
1261,2.5606210000114515,1,1616503,128,128,1846329344,84814,60077
1262,3.6681512909999583,1,1617694,128,128,1848786944,84876,60121
1263,1.6938552920182701,1,1618703,128,128,1848999936,84938,60165
1264,2.0056162090040743,1,1619952,128,128,1849360384,85000,60209
1265,1.425181833008537,1,1621106,128,128,1849671680,85062,60253
1266,1.3897087919758633,1,1622255,128,128,1849671680,85124,60297
1267,1.9256974589952733,1,1623399,128,128,1850949632,85186,60341
1268,1.5663925840053707,1,1624413,128,128,1850949632,85245,60383
1269,2.0087744999909773,1,1625352,128,128,1852047360,85304,60425
1270,1.572242333990289,1,1626329,128,128,1853014016,85363,60467
1271,2.0136690410145093,1,1627302,128,128,1854111744,85422,60509
1272,3.0046868329809513,1,1628232,128,128,1855176704,85481,60551
1273,3.0552226250001695,1,1629379,128,128,1856274432,85541,60594
1274,2.3846877919859253,1,1630233,128,128,1857011712,85597,60634
1275,2.6198674170009326,1,1631193,128,128,1858813952,85654,60675
1276,3.677883458993165,1,1632018,128,128,1861206016,85710,60715
1277,3.95610412498354,1,1632792,128,128,1863335936,85766,60755
1278,1.9445682500081602,1,1633770,128,128,1863335936,85822,60795
1279,1.9759907079860568,1,1634682,128,128,1864744960,85878,60835
1280,3.995869500009576,1,1635473,128,128,1865170944,85934,60875
1281,1.8103350840101484,1,1636274,128,128,1865170944,85991,60916
1282,2.201205957971979,1,1636993,128,128,1867251712,86047,60956
1283,1.675617582979612,1,1637682,128,128,1867251712,86103,60996
1284,2.412859333009692,1,1638528,128,128,1867382784,86159,61036
1285,1.7325817080272827,1,1639359,128,128,1867382784,86215,61076
1286,1.4987330410222057,1,1640018,128,128,1868038144,86271,61116
1287,1.96085812500678,1,1640662,128,128,1868726272,86328,61157
1288,2.462330208014464,1,1641432,128,128,1869512704,86385,61198
1289,1.5871768750075717,1,1642133,128,128,1870266368,86441,61238
1290,1.571746792003978,1,1642850,128,128,1871118336,86498,61279
1291,2.3873059589823242,1,1643654,128,128,1871118336,86554,61319
1292,2.1318293749936856,1,1644380,128,128,1872986112,86610,61359
1293,1.9542205830221064,1,1645084,128,128,1873756160,86666,61399
1294,1.5413977080024779,1,1645808,128,128,1874722816,86722,61439
1295,2.300203708000481,1,1646516,128,128,1875804160,86778,61479
1296,2.5144627499976195,1,1647337,128,128,1877786624,86835,61520
1297,1.5995381670072675,1,1648076,128,128,1879408640,86892,61561
1298,2.3525939579994883,1,1648904,128,128,1879408640,86949,61602
1299,3.630593667010544,1,1649588,128,128,1880489984,87005,61642
1300,1.5361387500015553,1,1650278,128,128,1882685440,87061,61682
1301,1.5127951669855975,1,1650977,128,128,1882832896,87117,61722
1302,1.7629888330120593,1,1651702,128,128,1883013120,87174,61763
1303,1.7859844159975182,1,1652467,128,128,1883258880,87230,61803
1304,1.7491138339973986,1,1653251,128,128,1883340800,87286,61843
1305,1.2812608749954961,1,1653932,128,128,1883357184,87342,61883
1306,2.035138167004334,1,1654703,128,128,1883357184,87398,61923
1307,1.353551417007111,1,1655480,128,128,1884897280,87454,61963
1308,1.256921541003976,1,1656115,128,128,1885601792,87510,62003
1309,1.9270729160052724,1,1656785,128,128,1886502912,87567,62044
1310,1.4888308749941643,1,1657546,128,128,1887371264,87625,62086
1311,1.7226177919947077,1,1658259,128,128,1888157696,87681,62126
1312,1.3175765000050887,1,1658976,128,128,1889173504,87737,62166
1313,1.3564852910058107,1,1659732,128,128,1889173504,87793,62206
1314,1.4800785000261385,1,1660623,128,128,1892384768,87852,62249
1315,1.7897154999955092,1,1661295,128,128,1894072320,87908,62289
1316,1.5599048330041114,1,1661936,128,128,1895677952,87965,62330
1317,1.3439722080074716,1,1662672,128,128,1897398272,88021,62370
1318,1.2963916250155307,1,1663377,128,128,1898823680,88077,62410
1319,1.2601099589955993,1,1664075,128,128,1898823680,88134,62451
1320,2.928912624978693,1,1664696,128,128,1900445696,88190,62491
1321,1.8464831669989508,1,1665462,128,128,1900445696,88247,62532
1322,1.7995773750008084,1,1666206,128,128,1900445696,88304,62573
1323,1.9262273329950403,1,1666963,128,128,1900445696,88364,62616
1324,2.119925416976912,1,1667821,128,128,1900445696,88423,62658
1325,1.1318524160014931,1,1668445,128,128,1903230976,88486,62703
1326,1.378351332998136,1,1669142,128,128,1903476736,88548,62747
1327,1.3662732079974376,1,1669880,128,128,1904541696,88611,62792
1328,1.4752635420009028,1,1670621,128,128,1905836032,88674,62837
1329,1.638771917001577,1,1671432,128,128,1905836032,88736,62881
1330,1.152726583997719,1,1672190,128,128,1908113408,88799,62926
1331,1.4394345420005266,1,1672922,128,128,1910095872,88862,62971
1332,1.537339582981076,1,1673706,128,128,1912176640,88924,63015
1333,1.170687125006225,1,1674481,128,128,1914421248,88987,63060
1334,2.405575749988202,1,1675562,128,128,1914667008,89051,63106
1335,2.0040205409750342,1,1676423,128,128,1919287296,89113,63150
1336,1.43340879198513,1,1677213,128,128,1921351680,89175,63194
1337,1.5569987920171116,1,1678157,128,128,1923727360,89238,63239
1338,3.132667042023968,1,1679037,128,128,1923743744,89300,63283
1339,2.1913902499945834,1,1679943,128,128,1925775360,89362,63327
1340,1.6512530420150142,1,1680895,128,128,1926152192,89424,63371
1341,4.166483209002763,1,1681928,128,128,1926397952,89487,63416
1342,2.1531280830095056,1,1682903,128,128,1926397952,89549,63460
1343,1.8127556249964982,1,1684059,128,128,1926610944,89611,63504
1344,1.4038320000108797,1,1684909,128,128,1927282688,89673,63548
1345,1.8003095829917584,1,1686068,128,128,1928298496,89736,63593
1346,2.058217000012519,1,1687192,128,128,1930723328,89799,63638
1347,1.595870459015714,1,1688165,128,128,1932099584,89862,63683
1348,1.5754725420265459,1,1689123,128,128,1933262848,89925,63728
1349,1.792511999985436,1,1689932,128,128,1935376384,89988,63773
1350,3.642523958988022,1,1690806,128,128,1937915904,90050,63817
1351,1.5015001250139903,1,1691736,128,128,1938243584,90113,63862
1352,1.7785057080036495,1,1692477,128,128,1942601728,90176,63907
1353,1.8359342500043567,1,1693758,128,128,1945108480,90241,63954
1354,1.5699892079865094,1,1694740,128,128,1947353088,90303,63998
1355,1.590894708991982,1,1695733,128,128,1949925376,90365,64042
1356,3.1264937089872546,1,1696826,128,128,1949958144,90428,64087
1357,2.196285167010501,1,1697808,128,128,1951498240,90490,64131
1358,2.3044095000077505,1,1698902,128,128,1951498240,90552,64175
1359,3.1248150409955997,1,1699948,128,128,1952169984,90614,64219
1360,2.330929791991366,1,1701109,128,128,1952514048,90677,64264
1361,1.4128421249915846,1,1702026,128,128,1952514048,90739,64308
1362,2.0512495419825427,1,1702987,128,128,1953153024,90802,64353
1363,1.7342084999836516,1,1704098,128,128,1953153024,90864,64397
1364,2.339458625006955,1,1705218,128,128,1953906688,90926,64441
1365,1.6835551249969285,1,1706391,128,128,1956085760,90989,64486
1366,1.5266254589951131,1,1707364,128,128,1957019648,91053,64532
1367,1.5215249999891967,1,1708331,128,128,1957019648,91115,64576
1368,2.1830042079964187,1,1709359,128,128,1960280064,91177,64620
1369,1.3942248329985887,1,1710278,128,128,1962065920,91239,64664
1370,1.535722333996091,1,1711299,128,128,1963835392,91301,64708
1371,1.5232579160074238,1,1712335,128,128,1965965312,91364,64753
1372,1.5151059580093715,1,1713332,128,128,1967833088,91426,64797
1373,3.9758367500035092,1,1714388,128,128,1970388992,91489,64842
1374,2.976796667004237,1,1715448,128,128,1971404800,91552,64887
1375,2.288372916984372,1,1716553,128,128,1971437568,91615,64932
1376,2.3596641249896493,1,1717778,128,128,1971437568,91678,64977
1377,1.7526050840097014,1,1718898,128,128,1971437568,91740,65021
1378,1.8542302080022637,1,1719956,128,128,1971978240,91807,65069
1379,1.8393777909805067,1,1721083,128,128,1973108736,91872,65115
1380,3.213628208002774,1,1722247,128,128,1974747136,91938,65162
1381,1.4829230000032112,1,1723482,128,128,1974747136,92003,65208
1382,1.4444197920092847,1,1724749,128,128,1977499648,92069,65255
1383,1.4547325419844128,1,1725977,128,128,1978892288,92134,65301
1384,1.4587394590198528,1,1727211,128,128,1978892288,92199,65347
1385,2.0910344170115422,1,1728492,128,128,1983479808,92265,65394
1386,1.9007003749720752,1,1729786,128,128,1984315392,92330,65440
1387,1.6835127500235103,1,1730922,128,128,1986756608,92395,65486
1388,1.5606907909968868,1,1731978,128,128,1991557120,92460,65532
1389,1.7101539169962052,1,1733204,128,128,1994162176,92526,65579
1390,1.4515174580155872,1,1734225,128,128,1994162176,92589,65624
1391,3.0013066249957774,1,1735177,128,128,1996816384,92651,65668
1392,1.5274265829939395,1,1736192,128,128,1996816384,92713,65712
1393,2.2851122919819318,1,1737352,128,128,1996816384,92775,65756
1394,2.381204958015587,1,1738592,128,128,1996816384,92838,65801
1395,1.5814319170021918,1,1739666,128,128,1996816384,92900,65845
1396,1.7098921670112759,1,1740847,128,128,1996816384,92962,65889
1397,1.344746374990791,1,1741687,128,128,1996816384,93024,65933
1398,2.0902874169987626,1,1742689,128,128,1996816384,93086,65977
1399,1.6492819580016658,1,1743821,128,128,1997258752,93149,66022
1400,1.385903916991083,1,1744705,128,128,1997766656,93208,66064
1401,1.9190914169885218,1,1745600,128,128,1998700544,93268,66107
1402,1.5528430420090444,1,1746650,128,128,1999667200,93329,66151
1403,1.4227972920052707,1,1747552,128,128,2000568320,93388,66193
1404,1.6048820840078406,1,1748676,128,128,2001567744,93448,66236
1405,1.4449567919946276,1,1749627,128,128,2003189760,93507,66278
1406,2.108282415982103,1,1750643,128,128,2005450752,93566,66320
1407,1.5458314999996219,1,1751744,128,128,2005450752,93627,66364
1408,1.8203655420220457,1,1753067,128,128,2007842816,93688,66408
1409,1.6694583329954185,1,1754228,128,128,2010087424,93747,66450
1410,3.7343854999926407,1,1755395,128,128,2014707712,93807,66493
1411,1.492510542011587,1,1756428,128,128,2014707712,93866,66535
1412,2.111952167004347,1,1757498,128,128,2014707712,93925,66577
1413,2.1875390830100514,1,1758575,128,128,2014789632,93985,66620
1414,2.2161586660076864,1,1759703,128,128,2014789632,94044,66662
1415,1.7567010000057053,1,1760881,128,128,2017116160,94107,66707
1416,2.1743677920021582,1,1761901,128,128,2017116160,94170,66752
1417,2.0343166250095237,1,1762889,128,128,2017116160,94232,66796
1418,1.7495535830094013,1,1764061,128,128,2017116160,94295,66841
1419,1.7583476250001695,1,1765252,128,128,2017525760,94357,66885
1420,1.7150547500059474,1,1766402,128,128,2018574336,94419,66929
1421,2.8713238750060555,1,1767588,128,128,2019491840,94481,66973
1422,1.7489035830076318,1,1768803,128,128,2021670912,94543,67017
1423,1.6388539169856813,1,1769899,128,128,2023391232,94605,67061
1424,2.2894062499981374,1,1771112,128,128,2025865216,94667,67105
1425,1.4259592919843271,1,1772096,128,128,2026012672,94730,67150
1426,1.49685216601938,1,1773070,128,128,2030174208,94792,67194
1427,1.5556123330025002,1,1774152,128,128,2032173056,94854,67238
1428,1.8916437080188189,1,1775475,128,128,2032599040,94918,67284
1429,3.543098166992422,1,1776639,128,128,2035171328,94985,67332
1430,1.7936626250157133,1,1777802,128,128,2035449856,95050,67378
1431,1.7799290419789031,1,1778945,128,128,2035810304,95115,67424
1432,1.811393833020702,1,1780166,128,128,2035810304,95180,67470
1433,1.8024442919995636,1,1781384,128,128,2035810304,95245,67516
1434,1.5908722919994034,1,1782447,128,128,2038202368,95311,67563
1435,1.4401273749826942,1,1783392,128,128,2039496704,95376,67609
1436,1.5620323329931125,1,1784797,128,128,2039496704,95443,67657
1437,1.939810582989594,1,1786023,128,128,2040135680,95508,67703
1438,1.8187669170147274,1,1787187,128,128,2043772928,95573,67749
1439,1.582047917007003,1,1788562,128,128,2043772928,95638,67795
1440,1.5298485420062207,1,1789898,128,128,2044280832,95703,67841
1441,1.4128078329958953,1,1791015,128,128,2048884736,95769,67888
1442,1.9333761660091113,1,1792511,128,128,2051702784,95836,67936
1443,2.1180792920058593,1,1794064,128,128,2052538368,95902,67983
1444,2.5570356250100303,1,1795431,128,128,2057846784,95967,68029
1445,2.603136249992531,1,1796795,128,128,2058846208,96032,68075
1446,4.041048874991247,1,1798101,128,128,2061860864,96097,68121
1447,2.065448750014184,1,1799583,128,128,2062123008,96163,68168
1448,2.6027377910213545,1,1800939,128,128,2064580608,96228,68214
1449,1.624592832988128,1,1802004,128,128,2065121280,96293,68260
1450,2.63554237500648,1,1803298,128,128,2065727488,96358,68306
1451,2.1831969160120934,1,1804845,128,128,2065727488,96424,68353
1452,1.6740232080046553,1,1805944,128,128,2066726912,96489,68399
1453,2.0173659170104656,1,1807394,128,128,2066726912,96554,68445
1454,1.884189584001433,1,1808753,128,128,2067202048,96620,68492
1455,3.750669792003464,1,1810123,128,128,2071035904,96685,68538
1456,2.6213792499911506,1,1811641,128,128,2071035904,96751,68585
1457,2.4336572080210317,1,1812867,128,128,2074132480,96816,68631
1458,2.6706667079997715,1,1814149,128,128,2076508160,96881,68677
1459,3.39707341598114,1,1815567,128,128,2077179904,96948,68725
1460,3.1125128330022562,1,1817087,128,128,2080243712,97013,68771
1461,2.769503249990521,1,1818362,128,128,2085322752,97078,68817
1462,2.151792209013365,1,1819665,128,128,2088140800,97143,68863
1463,2.651629250001861,1,1820931,128,128,2091335680,97208,68909
1464,4.099467042018659,1,1822484,128,128,2091335680,97274,68956
1465,2.009745749994181,1,1823703,128,128,2091335680,97343,69005
1466,2.081350874999771,1,1824967,128,128,2091335680,97413,69055
1467,1.9963947079959325,1,1826192,128,128,2091335680,97481,69103
1468,3.174915540992515,1,1827696,128,128,2093563904,97550,69152
1469,3.211725583008956,1,1829144,128,128,2093563904,97618,69200
1470,1.9505072080064565,1,1830267,128,128,2093711360,97687,69249
1471,2.3374821659817826,1,1831814,128,128,2095087616,97756,69298
1472,2.238558666984318,1,1833223,128,128,2096250880,97824,69346
1473,2.259447040996747,1,1834560,128,128,2100019200,97893,69395
1474,2.4651800419960637,1,1836146,128,128,2100019200,97961,69443
1475,2.843567667005118,1,1837374,128,128,2101100544,98029,69491
1476,1.8922042080084793,1,1838518,128,128,2103427072,98097,69539
1477,2.1007460420078132,1,1839847,128,128,2106589184,98165,69587
1478,2.135970917006489,1,1841189,128,128,2109308928,98233,69635
1479,2.7946217079879716,1,1842437,128,128,2111963136,98298,69681
1480,2.124596790992655,1,1843743,128,128,2114732032,98364,69728
1481,3.749054417014122,1,1844945,128,128,2114846720,98430,69775
1482,1.9622816250193864,1,1846253,128,128,2115158016,98495,69821
1483,1.429726208007196,1,1847265,128,128,2115272704,98561,69868
1484,2.103464832995087,1,1848568,128,128,2115420160,98627,69915
1485,2.0278848329908215,1,1849645,128,128,2115436544,98692,69961
1486,1.9214385409723036,1,1850748,128,128,2115502080,98757,70007
1487,1.8547232919954695,1,1851884,128,128,2118696960,98822,70053
1488,1.9512765840045176,1,1853109,128,128,2120122368,98888,70100
1489,2.1073432080156635,1,1854447,128,128,2120122368,98953,70146
1490,1.9996426250145305,1,1855719,128,128,2120581120,99018,70192
1491,2.988532916002441,1,1856998,128,128,2124333056,99083,70238
1492,1.799578999984078,1,1858070,128,128,2125594624,99148,70284
1493,1.9602101670170669,1,1859248,128,128,2126856192,99213,70330
1494,1.8024361249990761,1,1860270,128,128,2129231872,99282,70379
1495,2.4048833750130143,1,1861291,128,128,2129231872,99347,70425
1496,1.7287321250187233,1,1862311,128,128,2133442560,99413,70472
1497,1.9590738330152817,1,1863490,128,128,2134376448,99478,70518
1498,1.5914163329871371,1,1864411,128,128,2137489408,99547,70567
1499,3.25439987500431,1,1865357,128,128,2139226112,99615,70615
1500,2.005883707985049,1,1866563,128,128,2139226112,99684,70664
1501,2.604979291994823,1,1867717,128,128,2139226112,99753,70713
1502,1.7602252080105245,1,1868723,128,128,2139226112,99821,70761
1503,1.7745128340029623,1,1869733,128,128,2139226112,99889,70809
1504,3.3572084170009475,1,1871049,128,128,2140012544,99957,70857
1505,3.0711884170013946,1,1872093,128,128,2141274112,100025,70905
1506,4.0902727089996915,1,1873179,128,128,2142519296,100094,70954
1507,3.937549374997616,1,1874189,128,128,2143911936,100162,71002
1508,4.881963082996663,1,1875440,128,128,2145484800,100230,71050
1509,3.3539004170161206,1,1876614,128,128,2146729984,100298,71098
1510,2.9824010409938637,1,1877669,128,128,2147778560,100367,71147
1511,4.343462750024628,1,1878727,128,128,2149826560,100435,71195
1512,3.1214755830005743,1,1879763,128,128,2152185856,100503,71243
1513,3.836153457988985,1,1880856,128,128,2154954752,100571,71291
1514,4.518697916995734,1,1882035,128,128,2157838336,100639,71339
1515,2.9194080000161193,1,1883015,128,128,2160164864,100707,71387
1516,3.9731526669929735,1,1884020,128,128,2162933760,100776,71436
1517,5.585719624999911,1,1885126,128,128,2163113984,100845,71485
1518,3.4442597500164993,1,1886300,128,128,2163621888,100914,71534
1519,3.1208800000022165,1,1887328,128,128,2163654656,100982,71582
1520,4.402704457985237,1,1888447,128,128,2163802112,101050,71630
1521,3.2493812500033528,1,1889517,128,128,2163802112,101115,71676
1522,3.4422386669903062,1,1890724,128,128,2164539392,101181,71723
1523,3.213288458005991,1,1891818,128,128,2165587968,101248,71771
1524,3.5216537499800324,1,1893032,128,128,2166554624,101314,71818
1525,3.639635500003351,1,1894291,128,128,2167635968,101379,71864
1526,3.1896691670117434,1,1895368,128,128,2168487936,101445,71911
1527,3.2591100840072613,1,1896446,128,128,2169634816,101510,71957
1528,4.607819083001232,1,1897581,128,128,2170830848,101575,72003
1529,3.6122509160195477,1,1898830,128,128,2173272064,101640,72049
1530,3.579076708003413,1,1900116,128,128,2175516672,101707,72097
1531,3.3799929170054384,1,1901377,128,128,2177695744,101775,72146
1532,5.3117559580132365,1,1902778,128,128,2181201920,101841,72193
1533,4.3853315000014845,1,1903896,128,128,2183495680,101906,72239
1534,3.087913750001462,1,1904939,128,128,2185560064,101971,72285
1535,5.698379166977247,1,1906067,128,128,2187821056,102036,72331
1536,5.128872875007801,1,1907445,128,128,2187821056,102101,72377
1537,4.117379958013771,1,1908513,128,128,2187821056,102166,72423
1538,4.956121875002282,1,1909820,128,128,2187821056,102235,72472
1539,3.541012125002453,1,1911046,128,128,2187821056,102303,72520
1540,3.746314791991608,1,1912373,128,128,2188312576,102372,72569
1541,3.327991749974899,1,1913548,128,128,2189344768,102442,72619
1542,3.445072500006063,1,1914760,128,128,2190524416,102510,72667
1543,3.7716557089879643,1,1916125,128,128,2191818752,102578,72715
1544,3.57130949999555,1,1917414,128,128,2192998400,102647,72764
1545,2.855967541981954,1,1918384,128,128,2194030592,102715,72812
1546,5.141253250010777,1,1919782,128,128,2195488768,102783,72860
1547,4.046216457994888,1,1921227,128,128,2199322624,102855,72911
1548,3.801441750023514,1,1922557,128,128,2201862144,102930,72964
1549,5.543920458003413,1,1924060,128,128,2204008448,103005,73017
1550,4.268696541024838,1,1925676,128,128,2207956992,103080,73070
1551,3.882672125007957,1,1927033,128,128,2211512320,103155,73123
1552,6.9383454589988105,1,1928636,128,128,2215723008,103229,73175
1553,5.51630220800871,1,1930015,128,128,2216525824,103304,73228
1554,7.150618833024055,1,1931856,128,128,2217328640,103381,73283
1555,6.4738910000014585,1,1933391,128,128,2218409984,103455,73335
1556,5.375348583009327,1,1935320,128,128,2219704320,103531,73389
1557,7.197815917024855,1,1936828,128,128,2220670976,103605,73441
1558,4.357871583983069,1,1938286,128,128,2222243840,103679,73493
1559,4.684244459000183,1,1940068,128,128,2224160768,103754,73546
1560,6.709465791005641,1,1941791,128,128,2226487296,103828,73598
1561,4.164356916007819,1,1943378,128,128,2228486144,103902,73650
1562,4.352270832983777,1,1945056,128,128,2230566912,103976,73702
1563,3.8288054580043536,1,1946609,128,128,2232795136,104050,73754
1564,5.48530604201369,1,1948144,128,128,2236694528,104124,73806
1565,4.301326999993762,1,1949942,128,128,2240102400,104199,73859
1566,6.163101167010609,1,1951758,128,128,2244214784,104273,73911
1567,3.6780253339966293,1,1953200,128,128,2247229440,104347,73963
1568,4.854181667004013,1,1954703,128,128,2250620928,104421,74015
1569,6.362958666984923,1,1956352,128,128,2251227136,104495,74067
1570,3.571290208987193,1,1957769,128,128,2251440128,104569,74119
1571,6.180886333982926,1,1959740,128,128,2251767808,104644,74172
1572,4.204710582998814,1,1961424,128,128,2251980800,104718,74224
1573,3.639958417013986,1,1962839,128,128,2252177408,104792,74276
1574,3.7988610830216203,1,1964305,128,128,2252537856,104866,74328
1575,4.304294375004247,1,1966093,128,128,2254012416,104941,74381
1576,4.638856041012332,1,1967979,128,128,2255568896,105015,74433
1577,6.434269666991895,1,1969673,128,128,2257125376,105089,74485
1578,3.7583263749838807,1,1971245,128,128,2258419712,105163,74537
1579,3.801309707982,1,1972779,128,128,2259927040,105237,74589
1580,4.6890915420081,1,1974687,128,128,2262466560,105311,74641
1581,5.668012582988013,1,1976389,128,128,2266120192,105386,74694
1582,4.959706791996723,1,1978506,128,128,2269626368,105462,74748
1583,4.035798124998109,1,1980122,128,128,2272575488,105536,74800
1584,4.636197166983038,1,1982066,128,128,2276130816,105610,74852
1585,8.072271333978279,1,1983758,128,128,2276818944,105684,74904
1586,4.582656332990155,1,1985596,128,128,2276966400,105758,74956
1587,6.559355667006457,1,1987510,128,128,2277244928,105832,75008
1588,3.771478290989762,1,1988968,128,128,2277277696,105903,75058
1589,3.6516070000070613,1,1990399,128,128,2277310464,105975,75109
1590,4.253456625010585,1,1992102,128,128,2277376000,106046,75159
1591,3.1483019159932155,1,1993304,128,128,2278408192,106117,75209
1592,4.184290249977494,1,1995027,128,128,2279587840,106189,75260
1593,4.077669999998761,1,1996660,128,128,2280833024,106260,75310
1594,3.8401200830121525,1,1998243,128,128,2282110976,106332,75361
1595,3.515817707986571,1,1999591,128,128,2282799104,106400,75409
1596,4.933619374991395,1,2000948,128,128,2284011520,106468,75457
1597,3.2682322089967784,1,2002177,128,128,2285158400,106536,75505
1598,3.6096749999851454,1,2003559,128,128,2287583232,106605,75554
1599,3.1062682089977898,1,2004782,128,128,2289958912,106673,75602
1600,3.906582958996296,1,2006338,128,128,2292711424,106742,75651
1601,3.8763922499783803,1,2007890,128,128,2295676928,106811,75700
1602,5.868985084001906,1,2009268,128,128,2298052608,106880,75749
1603,3.6716172079904936,1,2010724,128,128,2298167296,106948,75797
1604,3.3556862919940613,1,2012028,128,128,2298167296,107016,75845
1605,4.23421558298287,1,2013687,128,128,2298740736,107084,75893
1606,5.781278875016142,1,2015500,128,128,2299068416,107158,75946
1607,3.6816255830053706,1,2016952,128,128,2299101184,107229,75996
1608,5.009298958990257,1,2018426,128,128,2299641856,107300,76046
1609,4.698204125015764,1,2019766,128,128,2300952576,107372,76097
1610,3.9089239579916466,1,2021298,128,128,2302230528,107443,76147
1611,3.783226500003366,1,2022801,128,128,2303442944,107515,76198
1612,3.8851139579783194,1,2024344,128,128,2304720896,107586,76248
1613,3.748795624997001,1,2025921,128,128,2306048000,107658,76299
1614,3.8770472499891184,1,2027396,128,128,2307293184,107729,76349
1615,5.103945708979154,1,2028901,128,128,2309046272,107801,76400
1616,6.630441624991363,1,2030889,128,128,2312716288,107873,76451
1617,4.360791749990312,1,2032640,128,128,2315862016,107944,76501
1618,3.7581037919735536,1,2034089,128,128,2318598144,108015,76551
1619,3.8171748330059927,1,2035603,128,128,2321694720,108086,76601
1620,7.031290332990466,1,2037466,128,128,2322153472,108157,76651
1621,3.8884321250079665,1,2039007,128,128,2322350080,108228,76701
1622,4.257560124999145,1,2040697,128,128,2322399232,108299,76751
1623,6.032342416991014,1,2042448,128,128,2322546688,108370,76801
1624,5.222316333005438,1,2043971,128,128,2322677760,108441,76851
1625,4.162800916994456,1,2045664,128,128,2323316736,108512,76901
1626,6.161601707979571,1,2047501,128,128,2324676608,108584,76952
1627,5.0757360410061665,1,2048949,128,128,2326003712,108655,77002
1628,5.701092750008684,1,2050632,128,128,2327396352,108726,77052
1629,5.708131124993088,1,2052284,128,128,2328838144,108797,77102
1630,10.849831875006203,1,2053874,128,128,2330460160,108868,77152
1631,6.646009042015066,1,2055371,128,128,2332704768,108939,77202
1632,3.759435250016395,1,2056685,128,128,2335326208,109010,77252
1633,4.271630332979839,1,2058134,128,128,2337734656,109081,77302
1634,4.500221207999857,1,2059565,128,128,2340421632,109152,77352
1635,5.00661220800248,1,2061389,128,128,2343616512,109223,77402
1636,4.701931083021918,1,2063138,128,128,2346713088,109295,77453
1637,6.806077291024849,1,2064566,128,128,2348335104,109366,77503
1638,4.637751166999806,1,2066279,128,128,2348335104,109438,77554
1639,11.088871208019555,1,2067880,128,128,2348335104,109509,77604
1640,4.632210292009404,1,2069556,128,128,2348367872,109580,77654
1641,4.506766375008738,1,2071201,128,128,2348384256,109651,77704
1642,4.704790167015744,1,2072920,128,128,2348843008,109722,77754
1643,6.741261957999086,1,2074712,128,128,2349809664,109793,77804
1644,4.485284916998353,1,2076337,128,128,2350874624,109864,77854
1645,4.475046833977103,1,2077952,128,128,2352349184,109935,77904
1646,5.804303500015521,1,2079435,128,128,2353790976,110006,77954
1647,6.257969832979143,1,2081158,128,128,2355068928,110078,78005
1648,4.842883042001631,1,2082897,128,128,2356477952,110150,78056
1649,6.330218874994898,1,2084558,128,128,2357886976,110221,78106
1650,12.936575791012729,1,2086306,128,128,2360246272,110292,78156
1651,7.692755958007183,1,2088308,128,128,2364506112,110363,78206
1652,7.108198334026383,1,2090187,128,128,2369175552,110438,78259
1653,5.397570750006707,1,2092081,128,128,2372763648,110513,78312
1654,14.134223834000295,1,2093769,128,128,2373861376,110587,78364
1655,4.651625541999238,1,2095396,128,128,2374778880,110659,78415
1656,4.634111374994973,1,2097063,128,128,2374778880,110731,78466
1657,5.899592500005383,1,2098849,128,128,2374926336,110802,78516
1658,7.213222208985826,1,2100748,128,128,2375122944,110874,78567
1659,4.2355340409849305,1,2102307,128,128,2375237632,110947,78619
1660,4.426448791986331,1,2103908,128,128,2376122368,111018,78669
1661,6.733830415992998,1,2105756,128,128,2377269248,111090,78720
1662,4.085541666980134,1,2107259,128,128,2378465280,111161,78770
1663,6.590101249981672,1,2109059,128,128,2379956224,111232,78820
1664,4.895107749995077,1,2110857,128,128,2381316096,111303,78870
1665,6.749904583994066,1,2112659,128,128,2382594048,111374,78920
1666,10.994869040994672,1,2114362,128,128,2384166912,111445,78970
1667,6.387933125020936,1,2116048,128,128,2386903040,111517,79021
1668,4.2866383340151515,1,2117647,128,128,2389655552,111589,79072
1669,4.397982458001934,1,2119297,128,128,2392621056,111661,79123
1670,5.139350042009028,1,2121241,128,128,2396094464,111733,79174
1671,7.303386332991067,1,2122947,128,128,2396880896,111804,79224
1672,6.5409067920118105,1,2124689,128,128,2397372416,111875,79274
1673,6.791932833992178,1,2126581,128,128,2397487104,111947,79325
1674,7.221769791998668,1,2128427,128,128,2397618176,112019,79376
1675,4.4416206250025425,1,2130087,128,128,2397618176,112087,79424
1676,2102.8061255420034,1,2131633,128,128,2397634560,112155,79472
1677,3.2291342499956954,1,2133129,128,128,2398420992,112224,79521
1678,3.7046942089800723,1,2134896,128,128,2399715328,112292,79569
1679,3.848422874987591,1,2136669,128,128,2401058816,112360,79617
1680,3.448878750001313,1,2138271,128,128,2402369536,112428,79665
1681,4.930903375003254,1,2140097,128,128,2403713024,112497,79714
1682,3.308361083996715,1,2141638,128,128,2404958208,112565,79762
1683,5.44517116699717,1,2143373,128,128,2406236160,112633,79810
1684,3.4377327080001123,1,2144960,128,128,2408005632,112701,79858
1685,5.663984332990367,1,2146912,128,128,2411888640,112769,79906
1686,3.605117875005817,1,2148540,128,128,2414837760,112837,79954
1687,3.7801070409768727,1,2150233,128,128,2417934336,112905,80002
1688,3.7854079579992685,1,2152043,128,128,2421276672,112974,80051
1689,4.30945616599638,1,2153688,128,128,2424750080,113042,80099
1690,8.163239292014623,1,2155607,128,128,2425061376,113111,80148
1691,5.261999958020169,1,2157303,128,128,2425061376,113179,80196
1692,3.9634433750179596,1,2159135,128,128,2425208832,113247,80244
1693,4.405163209012244,1,2160887,128,128,2425241600,113315,80292
1694,5.207307125005173,1,2162529,128,128,2425274368,113383,80340
1695,3.5481755420041736,1,2164188,128,128,2425520128,113452,80389
1696,3.666683291987283,1,2165895,128,128,2426470400,113520,80437
1697,4.285038125002757,1,2167881,128,128,2427994112,113588,80485
1698,4.0977700000221375,1,2169873,128,128,2429140992,113657,80534
1699,4.811741374986013,1,2171495,128,128,2430582784,113725,80582
1700,3.853956165985437,1,2173342,128,128,2432008192,113795,80632
1701,4.953863332979381,1,2175041,128,128,2433466368,113864,80681
1702,4.81810891701025,1,2177042,128,128,2435104768,113933,80730
1703,8.216130707995035,1,2178928,128,128,2438414336,114001,80778
1704,10.63282500000787,1,2180700,128,128,2442330112,114069,80826
1705,4.563000624999404,1,2182226,128,128,2445312000,114138,80875
1706,8.316037124983268,1,2184084,128,128,2448982016,114207,80924
1707,4.174197249987628,1,2185914,128,128,2451767296,114275,80972
1708,8.002100332989357,1,2187763,128,128,2452013056,114346,81023
1709,4.476336749998154,1,2189752,128,128,2452127744,114416,81073
1710,10.194416792015545,1,2191437,128,128,2452226048,114484,81121
1711,4.581828958995175,1,2193421,128,128,2452373504,114553,81170
1712,4.80429341699346,1,2195427,128,128,2452422656,114621,81218
1713,4.985490583989304,1,2197639,128,128,2453143552,114693,81269
1714,4.435469250020105,1,2199500,128,128,2454831104,114768,81322
1715,7.358239375025732,1,2201735,128,128,2456633344,114843,81375
1716,4.765291874995455,1,2203809,128,128,2458238976,114917,81427
1717,4.666682791983476,1,2205947,128,128,2459795456,114994,81482
1718,6.0233129170082975,1,2207888,128,128,2461515776,115068,81534
1719,4.410154875018634,1,2209800,128,128,2462973952,115142,81586
1720,5.6411019999941345,1,2211575,128,128,2464628736,115216,81638
1721,4.368573749990901,1,2213518,128,128,2467938304,115290,81690
1722,11.625993416993879,1,2215495,128,128,2472017920,115364,81742
1723,4.7215807090105955,1,2217643,128,128,2475556864,115438,81794
1724,4.077842208003858,1,2219419,128,128,2478850048,115512,81846
1725,8.515957166004227,1,2221388,128,128,2479620096,115586,81898
1726,4.336629917001119,1,2223307,128,128,2479702016,115660,81950
1727,4.786608166003134,1,2225419,128,128,2479833088,115734,82002
1728,4.25277841600473,1,2227338,128,128,2479833088,115806,82053
1729,4.483672125003068,1,2229296,128,128,2479833088,115878,82104
1730,4.338396542007104,1,2231182,128,128,2480111616,115949,82154
1731,3.86904291601968,1,2232880,128,128,2481192960,116020,82204
1732,4.098038374999305,1,2234647,128,128,2482454528,116091,82254
1733,5.5717200840008445,1,2236508,128,128,2483945472,116163,82305
1734,6.132526041008532,1,2238438,128,128,2485567488,116235,82356
1735,5.81840279197786,1,2240336,128,128,2487091200,116306,82406
1736,4.407148917001905,1,2242266,128,128,2488549376,116377,82456
1737,4.551263500005007,1,2244276,128,128,2489630720,116448,82506
1738,4.195611208007904,1,2246114,128,128,2491400192,116519,82556
1739,6.106340291007655,1,2248100,128,128,2494808064,116590,82606
