run,row,arm,tau,world,seed,trial,rank,key,a,is_seal_key,key_roles_seen
wave2_10_w1_s1_cdaf,10,D,0.4,1,1,500,1,"[[[[[2,[""relation"",""relation""]],1],[[2,[""relation"",""relation""]],0],[[2,[""relation"",""relation""]],1],[[2,[""relation"",""relation""]],0]]],[2,[""entity"",""entity""]]]",5.13167389216178e-08,0,other
wave2_10_w1_s1_cdaf,10,D,0.4,1,1,500,2,"[[[[[2,[""relation"",""relation""]],1],[[2,[""relation"",""relation""]],0]]],[2,[""relation"",""relation""]]]",3.7947765529847515e-08,0,other
wave2_10_w1_s1_cdaf,10,D,0.4,1,1,500,3,"[[[[[2,[""relation"",""relation""]],1]]],[2,[""relation"",""relation""]]]",3.7947765529847515e-08,0,root
wave2_10_w1_s1_cdaf,10,D,0.4,1,1,500,4,"[[[[[2,[""relation"",""relation""]],1],[[2,[""relation"",""relation""]],0],[[2,[""relation"",""relation""]],1]]],[2,[""relation"",""relation""]]]",3.774535062801022e-08,0,other
wave2_10_w1_s1_cdaf,10,D,0.4,1,1,500,5,"[[[[[2,[""relation"",""relation""]],1],[[2,[""relation"",""relation""]],0],[[2,[""relation"",""relation""]],0],[[2,[""relation"",""relation""]],1]]],[2,[""entity"",""entity""]]]",4.202154762791232e-11,0,other
wave2_10_w1_s1_cdaf,10,D,0.4,1,1,500,15,"[[[[[2,[""relation"",""relation""]],0]]],[1,[""entity""]]]",0.0,1,sig
wave2_10_w1_s1_cdaf,10,D,0.4,1,1,1000,1,"[[[[[2,[""relation"",""relation""]],1],[[2,[""relation"",""relation""]],0],[[2,[""relation"",""relation""]],1],[[2,[""relation"",""relation""]],0]]],[2,[""entity"",""entity""]]]",5.133168985781568e-08,0,other
wave2_10_w1_s1_cdaf,10,D,0.4,1,1,1000,2,"[[[[[2,[""relation"",""relation""]],1],[[2,[""relation"",""relation""]],0]]],[2,[""relation"",""relation""]]]",3.794776550357607e-08,0,other
wave2_10_w1_s1_cdaf,10,D,0.4,1,1,1000,3,"[[[[[2,[""relation"",""relation""]],1]]],[2,[""relation"",""relation""]]]",3.794776550357607e-08,0,root
wave2_10_w1_s1_cdaf,10,D,0.4,1,1,1000,4,"[[[[[2,[""relation"",""relation""]],1],[[2,[""relation"",""relation""]],0],[[2,[""relation"",""relation""]],1]]],[2,[""relation"",""relation""]]]",3.7745350601738774e-08,0,other
wave2_10_w1_s1_cdaf,10,D,0.4,1,1,1000,5,"[[[[[2,[""relation"",""relation""]],1],[[2,[""relation"",""relation""]],0],[[2,[""relation"",""relation""]],0],[[2,[""relation"",""relation""]],1]]],[2,[""entity"",""entity""]]]",5.7070312355008343e-11,0,other
wave2_10_w1_s1_cdaf,10,D,0.4,1,1,1000,11,"[[[[[2,[""relation"",""relation""]],0]]],[1,[""entity""]]]",0.0,1,sig
wave2_10_w1_s1_cdaf,10,D,0.4,1,1,1500,1,"[[[[[2,[""relation"",""relation""]],1],[[2,[""relation"",""relation""]],0],[[2,[""relation"",""relation""]],1],[[2,[""relation"",""relation""]],0]]],[2,[""entity"",""entity""]]]",5.134906305266114e-08,0,other
wave2_10_w1_s1_cdaf,10,D,0.4,1,1,1500,2,"[[[[[2,[""relation"",""relation""]],1],[[2,[""relation"",""relation""]],0]]],[2,[""relation"",""relation""]]]",3.794776550065701e-08,0,other
wave2_10_w1_s1_cdaf,10,D,0.4,1,1,1500,3,"[[[[[2,[""relation"",""relation""]],1]]],[2,[""relation"",""relation""]]]",3.794776550065701e-08,0,root
wave2_10_w1_s1_cdaf,10,D,0.4,1,1,1500,4,"[[[[[2,[""relation"",""relation""]],1],[[2,[""relation"",""relation""]],0],[[2,[""relation"",""relation""]],1]]],[2,[""relation"",""relation""]]]",3.774535059881972e-08,0,other
wave2_10_w1_s1_cdaf,10,D,0.4,1,1,1500,5,"[[[[[2,[""relation"",""relation""]],1],[[2,[""relation"",""relation""]],0],[[2,[""relation"",""relation""]],0],[[2,[""relation"",""relation""]],1]]],[2,[""entity"",""entity""]]]",7.458722765467851e-11,0,other
wave2_10_w1_s1_cdaf,10,D,0.4,1,1,1500,15,"[[[[[2,[""relation"",""relation""]],0]]],[1,[""entity""]]]",0.0,1,sig
wave2_10_w1_s1_cdaf,10,D,0.4,1,1,1739,1,"[[[[[2,[""relation"",""relation""]],1],[[2,[""relation"",""relation""]],0],[[2,[""relation"",""relation""]],1],[[2,[""relation"",""relation""]],0]]],[2,[""entity"",""entity""]]]",5.1364144801264894e-08,0,other
wave2_10_w1_s1_cdaf,10,D,0.4,1,1,1739,2,"[[[[[2,[""relation"",""relation""]],1],[[2,[""relation"",""relation""]],0]]],[2,[""relation"",""relation""]]]",3.794776547672081e-08,0,other
wave2_10_w1_s1_cdaf,10,D,0.4,1,1,1739,3,"[[[[[2,[""relation"",""relation""]],1]]],[2,[""relation"",""relation""]]]",3.794776547672081e-08,0,root
wave2_10_w1_s1_cdaf,10,D,0.4,1,1,1739,4,"[[[[[2,[""relation"",""relation""]],1],[[2,[""relation"",""relation""]],0],[[2,[""relation"",""relation""]],1]]],[2,[""relation"",""relation""]]]",3.7745350574883515e-08,0,other
wave2_10_w1_s1_cdaf,10,D,0.4,1,1,1739,5,"[[[[[2,[""relation"",""relation""]],1],[[2,[""relation"",""relation""]],0],[[2,[""relation"",""relation""]],0],[[2,[""relation"",""relation""]],1]]],[2,[""entity"",""entity""]]]",8.975204848926129e-11,0,other
wave2_10_w1_s1_cdaf,10,D,0.4,1,1,1739,15,"[[[[[2,[""relation"",""relation""]],0]]],[1,[""entity""]]]",0.0,1,sig
wave2_11_w1_s1_cdaf,11,D,0.15,1,1,500,1,"[[[[[2,[""relation"",""relation""]],0]]],[1,[""entity""]]]",0.04926314157916868,1,sig
wave2_11_w1_s1_cdaf,11,D,0.15,1,1,500,2,"[[[[[2,[""relation"",""relation""]],1],[[2,[""relation"",""relation""]],0],[[2,[""relation"",""relation""]],1],[[2,[""relation"",""relation""]],0]]],[2,[""entity"",""entity""]]]",0.0381318804555931,0,other
wave2_11_w1_s1_cdaf,11,D,0.15,1,1,500,3,"[[[]],[2,[""relation"",""relation""]]]",0.0260599470140733,0,link
wave2_11_w1_s1_cdaf,11,D,0.15,1,1,500,4,"[[[[[2,[""relation"",""relation""]],1],[[2,[""relation"",""relation""]],1],[[2,[""relation"",""relation""]],0],[[2,[""relation"",""relation""]],1]]],[2,[""entity"",""entity""]]]",0.0006516010617891078,0,other
wave2_11_w1_s1_cdaf,11,D,0.15,1,1,500,5,"[[[[[2,[""relation"",""relation""]],1],[[2,[""relation"",""relation""]],1],[[2,[""relation"",""relation""]],0]]],[2,[""relation"",""relation""]]]",0.0005434697172305044,0,other
wave2_11_w1_s1_cdaf,11,D,0.15,1,1,1000,1,"[[[[[2,[""relation"",""relation""]],0]]],[1,[""entity""]]]",0.06025498831778158,1,sig
wave2_11_w1_s1_cdaf,11,D,0.15,1,1,1000,2,"[[[[[2,[""relation"",""relation""]],1],[[2,[""relation"",""relation""]],0],[[2,[""relation"",""relation""]],1],[[2,[""relation"",""relation""]],0]]],[2,[""entity"",""entity""]]]",0.04609535416858534,0,other
wave2_11_w1_s1_cdaf,11,D,0.15,1,1,1000,3,"[[[]],[2,[""relation"",""relation""]]]",0.03183091412169567,0,link
wave2_11_w1_s1_cdaf,11,D,0.15,1,1,1000,4,"[[[[[2,[""relation"",""relation""]],1],[[2,[""relation"",""relation""]],1],[[2,[""relation"",""relation""]],0],[[2,[""relation"",""relation""]],1]]],[2,[""entity"",""entity""]]]",0.0006515136837200579,0,other
wave2_11_w1_s1_cdaf,11,D,0.15,1,1,1000,5,"[[[[[2,[""relation"",""relation""]],1],[[2,[""relation"",""relation""]],1],[[2,[""relation"",""relation""]],0]]],[2,[""relation"",""relation""]]]",0.0005434697172304779,0,other
wave2_11_w1_s1_cdaf,11,D,0.15,1,1,1500,1,"[[[[[2,[""relation"",""relation""]],0]]],[1,[""entity""]]]",0.07464863960664747,1,sig
wave2_11_w1_s1_cdaf,11,D,0.15,1,1,1500,2,"[[[[[2,[""relation"",""relation""]],1],[[2,[""relation"",""relation""]],0],[[2,[""relation"",""relation""]],1],[[2,[""relation"",""relation""]],0]]],[2,[""entity"",""entity""]]]",0.05654981825501624,0,other
wave2_11_w1_s1_cdaf,11,D,0.15,1,1,1500,3,"[[[]],[2,[""relation"",""relation""]]]",0.03940749144380629,0,link
wave2_11_w1_s1_cdaf,11,D,0.15,1,1,1500,4,"[[[[[2,[""relation"",""relation""]],1],[[2,[""relation"",""relation""]],1],[[2,[""relation"",""relation""]],0],[[2,[""relation"",""relation""]],1]]],[2,[""entity"",""entity""]]]",0.0006513981517269021,0,other
wave2_11_w1_s1_cdaf,11,D,0.15,1,1,1500,5,"[[[[[2,[""relation"",""relation""]],1],[[2,[""relation"",""relation""]],1],[[2,[""relation"",""relation""]],0]]],[2,[""relation"",""relation""]]]",0.0005434697172304912,0,other
wave2_11_w1_s1_cdaf,11,D,0.15,1,1,1739,1,"[[[[[2,[""relation"",""relation""]],0]]],[1,[""entity""]]]",0.08399991804304675,1,sig
wave2_11_w1_s1_cdaf,11,D,0.15,1,1,1739,2,"[[[[[2,[""relation"",""relation""]],1],[[2,[""relation"",""relation""]],0],[[2,[""relation"",""relation""]],1],[[2,[""relation"",""relation""]],0]]],[2,[""entity"",""entity""]]]",0.06366351282412162,0,other
wave2_11_w1_s1_cdaf,11,D,0.15,1,1,1739,3,"[[[]],[2,[""relation"",""relation""]]]",0.04439739032091677,0,link
wave2_11_w1_s1_cdaf,11,D,0.15,1,1,1739,4,"[[[[[2,[""relation"",""relation""]],1],[[2,[""relation"",""relation""]],1],[[2,[""relation"",""relation""]],0],[[2,[""relation"",""relation""]],1]]],[2,[""entity"",""entity""]]]",0.0006513222272459741,0,other
wave2_11_w1_s1_cdaf,11,D,0.15,1,1,1739,5,"[[[[[2,[""relation"",""relation""]],1],[[2,[""relation"",""relation""]],1],[[2,[""relation"",""relation""]],0]]],[2,[""relation"",""relation""]]]",0.0005434697172305278,0,other
wave2_12_w1_s1_cdaf,12,D+注意,0.4,1,1,500,1,"[[[[[2,[""relation"",""relation""]],1],[[2,[""relation"",""relation""]],0],[[2,[""relation"",""relation""]],1],[[2,[""relation"",""relation""]],0]]],[2,[""entity"",""entity""]]]",5.13167389216178e-08,0,other
wave2_12_w1_s1_cdaf,12,D+注意,0.4,1,1,500,2,"[[[[[2,[""relation"",""relation""]],1],[[2,[""relation"",""relation""]],0]]],[2,[""relation"",""relation""]]]",3.7947765529847515e-08,0,other
wave2_12_w1_s1_cdaf,12,D+注意,0.4,1,1,500,3,"[[[[[2,[""relation"",""relation""]],1]]],[2,[""relation"",""relation""]]]",3.7947765529847515e-08,0,root
wave2_12_w1_s1_cdaf,12,D+注意,0.4,1,1,500,4,"[[[[[2,[""relation"",""relation""]],1],[[2,[""relation"",""relation""]],0],[[2,[""relation"",""relation""]],1]]],[2,[""relation"",""relation""]]]",3.774535062801022e-08,0,other
wave2_12_w1_s1_cdaf,12,D+注意,0.4,1,1,500,5,"[[[[[2,[""relation"",""relation""]],1],[[2,[""relation"",""relation""]],0],[[2,[""relation"",""relation""]],0],[[2,[""relation"",""relation""]],1]]],[2,[""entity"",""entity""]]]",4.202154762791232e-11,0,other
wave2_12_w1_s1_cdaf,12,D+注意,0.4,1,1,500,15,"[[[[[2,[""relation"",""relation""]],0]]],[1,[""entity""]]]",0.0,1,sig
wave2_12_w1_s1_cdaf,12,D+注意,0.4,1,1,1000,1,"[[[[[2,[""relation"",""relation""]],1],[[2,[""relation"",""relation""]],0],[[2,[""relation"",""relation""]],1],[[2,[""relation"",""relation""]],0]]],[2,[""entity"",""entity""]]]",5.133168985781568e-08,0,other
wave2_12_w1_s1_cdaf,12,D+注意,0.4,1,1,1000,2,"[[[[[2,[""relation"",""relation""]],1],[[2,[""relation"",""relation""]],0]]],[2,[""relation"",""relation""]]]",3.794776550357607e-08,0,other
wave2_12_w1_s1_cdaf,12,D+注意,0.4,1,1,1000,3,"[[[[[2,[""relation"",""relation""]],1]]],[2,[""relation"",""relation""]]]",3.794776550357607e-08,0,root
wave2_12_w1_s1_cdaf,12,D+注意,0.4,1,1,1000,4,"[[[[[2,[""relation"",""relation""]],1],[[2,[""relation"",""relation""]],0],[[2,[""relation"",""relation""]],1]]],[2,[""relation"",""relation""]]]",3.7745350601738774e-08,0,other
wave2_12_w1_s1_cdaf,12,D+注意,0.4,1,1,1000,5,"[[[[[2,[""relation"",""relation""]],1],[[2,[""relation"",""relation""]],0],[[2,[""relation"",""relation""]],0],[[2,[""relation"",""relation""]],1]]],[2,[""entity"",""entity""]]]",5.7070312355008343e-11,0,other
wave2_12_w1_s1_cdaf,12,D+注意,0.4,1,1,1000,11,"[[[[[2,[""relation"",""relation""]],0]]],[1,[""entity""]]]",0.0,1,sig
wave2_12_w1_s1_cdaf,12,D+注意,0.4,1,1,1500,1,"[[[[[2,[""relation"",""relation""]],1],[[2,[""relation"",""relation""]],0],[[2,[""relation"",""relation""]],1],[[2,[""relation"",""relation""]],0]]],[2,[""entity"",""entity""]]]",5.134906305266114e-08,0,other
wave2_12_w1_s1_cdaf,12,D+注意,0.4,1,1,1500,2,"[[[[[2,[""relation"",""relation""]],1],[[2,[""relation"",""relation""]],0]]],[2,[""relation"",""relation""]]]",3.794776550065701e-08,0,other
wave2_12_w1_s1_cdaf,12,D+注意,0.4,1,1,1500,3,"[[[[[2,[""relation"",""relation""]],1]]],[2,[""relation"",""relation""]]]",3.794776550065701e-08,0,root
wave2_12_w1_s1_cdaf,12,D+注意,0.4,1,1,1500,4,"[[[[[2,[""relation"",""relation""]],1],[[2,[""relation"",""relation""]],0],[[2,[""relation"",""relation""]],1]]],[2,[""relation"",""relation""]]]",3.774535059881972e-08,0,other
wave2_12_w1_s1_cdaf,12,D+注意,0.4,1,1,1500,5,"[[[[[2,[""relation"",""relation""]],1],[[2,[""relation"",""relation""]],0],[[2,[""relation"",""relation""]],0],[[2,[""relation"",""relation""]],1]]],[2,[""entity"",""entity""]]]",7.458722765467851e-11,0,other
wave2_12_w1_s1_cdaf,12,D+注意,0.4,1,1,1500,15,"[[[[[2,[""relation"",""relation""]],0]]],[1,[""entity""]]]",0.0,1,sig
wave2_12_w1_s1_cdaf,12,D+注意,0.4,1,1,1739,1,"[[[[[2,[""relation"",""relation""]],1],[[2,[""relation"",""relation""]],0],[[2,[""relation"",""relation""]],1],[[2,[""relation"",""relation""]],0]]],[2,[""entity"",""entity""]]]",5.1364144801264894e-08,0,other
wave2_12_w1_s1_cdaf,12,D+注意,0.4,1,1,1739,2,"[[[[[2,[""relation"",""relation""]],1],[[2,[""relation"",""relation""]],0]]],[2,[""relation"",""relation""]]]",3.794776547672081e-08,0,other
wave2_12_w1_s1_cdaf,12,D+注意,0.4,1,1,1739,3,"[[[[[2,[""relation"",""relation""]],1]]],[2,[""relation"",""relation""]]]",3.794776547672081e-08,0,root
wave2_12_w1_s1_cdaf,12,D+注意,0.4,1,1,1739,4,"[[[[[2,[""relation"",""relation""]],1],[[2,[""relation"",""relation""]],0],[[2,[""relation"",""relation""]],1]]],[2,[""relation"",""relation""]]]",3.7745350574883515e-08,0,other
wave2_12_w1_s1_cdaf,12,D+注意,0.4,1,1,1739,5,"[[[[[2,[""relation"",""relation""]],1],[[2,[""relation"",""relation""]],0],[[2,[""relation"",""relation""]],0],[[2,[""relation"",""relation""]],1]]],[2,[""entity"",""entity""]]]",8.975204848926129e-11,0,other
wave2_12_w1_s1_cdaf,12,D+注意,0.4,1,1,1739,15,"[[[[[2,[""relation"",""relation""]],0]]],[1,[""entity""]]]",0.0,1,sig
wave2_13_w1_s1_cdaf,13,D+注意,0.15,1,1,500,1,"[[[[[2,[""relation"",""relation""]],0]]],[1,[""entity""]]]",0.04926314157916868,1,sig
wave2_13_w1_s1_cdaf,13,D+注意,0.15,1,1,500,2,"[[[[[2,[""relation"",""relation""]],1],[[2,[""relation"",""relation""]],0],[[2,[""relation"",""relation""]],1],[[2,[""relation"",""relation""]],0]]],[2,[""entity"",""entity""]]]",0.0381318804555931,0,other
wave2_13_w1_s1_cdaf,13,D+注意,0.15,1,1,500,3,"[[[]],[2,[""relation"",""relation""]]]",0.0260599470140733,0,link
wave2_13_w1_s1_cdaf,13,D+注意,0.15,1,1,500,4,"[[[[[2,[""relation"",""relation""]],1],[[2,[""relation"",""relation""]],1],[[2,[""relation"",""relation""]],0],[[2,[""relation"",""relation""]],1]]],[2,[""entity"",""entity""]]]",0.0006516010617891078,0,other
wave2_13_w1_s1_cdaf,13,D+注意,0.15,1,1,500,5,"[[[[[2,[""relation"",""relation""]],1],[[2,[""relation"",""relation""]],1],[[2,[""relation"",""relation""]],0]]],[2,[""relation"",""relation""]]]",0.0005434697172305044,0,other
wave2_13_w1_s1_cdaf,13,D+注意,0.15,1,1,1000,1,"[[[[[2,[""relation"",""relation""]],0]]],[1,[""entity""]]]",0.06025498831778158,1,sig
wave2_13_w1_s1_cdaf,13,D+注意,0.15,1,1,1000,2,"[[[[[2,[""relation"",""relation""]],1],[[2,[""relation"",""relation""]],0],[[2,[""relation"",""relation""]],1],[[2,[""relation"",""relation""]],0]]],[2,[""entity"",""entity""]]]",0.04609535416858534,0,other
wave2_13_w1_s1_cdaf,13,D+注意,0.15,1,1,1000,3,"[[[]],[2,[""relation"",""relation""]]]",0.03183091412169567,0,link
wave2_13_w1_s1_cdaf,13,D+注意,0.15,1,1,1000,4,"[[[[[2,[""relation"",""relation""]],1],[[2,[""relation"",""relation""]],1],[[2,[""relation"",""relation""]],0],[[2,[""relation"",""relation""]],1]]],[2,[""entity"",""entity""]]]",0.0006515136837200579,0,other
wave2_13_w1_s1_cdaf,13,D+注意,0.15,1,1,1000,5,"[[[[[2,[""relation"",""relation""]],1],[[2,[""relation"",""relation""]],1],[[2,[""relation"",""relation""]],0]]],[2,[""relation"",""relation""]]]",0.0005434697172304779,0,other
wave2_13_w1_s1_cdaf,13,D+注意,0.15,1,1,1500,1,"[[[[[2,[""relation"",""relation""]],0]]],[1,[""entity""]]]",0.07464863960664747,1,sig
wave2_13_w1_s1_cdaf,13,D+注意,0.15,1,1,1500,2,"[[[[[2,[""relation"",""relation""]],1],[[2,[""relation"",""relation""]],0],[[2,[""relation"",""relation""]],1],[[2,[""relation"",""relation""]],0]]],[2,[""entity"",""entity""]]]",0.05654981825501624,0,other
wave2_13_w1_s1_cdaf,13,D+注意,0.15,1,1,1500,3,"[[[]],[2,[""relation"",""relation""]]]",0.03940749144380629,0,link
wave2_13_w1_s1_cdaf,13,D+注意,0.15,1,1,1500,4,"[[[[[2,[""relation"",""relation""]],1],[[2,[""relation"",""relation""]],1],[[2,[""relation"",""relation""]],0],[[2,[""relation"",""relation""]],1]]],[2,[""entity"",""entity""]]]",0.0006513981517269021,0,other
wave2_13_w1_s1_cdaf,13,D+注意,0.15,1,1,1500,5,"[[[[[2,[""relation"",""relation""]],1],[[2,[""relation"",""relation""]],1],[[2,[""relation"",""relation""]],0]]],[2,[""relation"",""relation""]]]",0.0005434697172304912,0,other
wave2_13_w1_s1_cdaf,13,D+注意,0.15,1,1,1739,1,"[[[[[2,[""relation"",""relation""]],0]]],[1,[""entity""]]]",0.08399991804304675,1,sig
wave2_13_w1_s1_cdaf,13,D+注意,0.15,1,1,1739,2,"[[[[[2,[""relation"",""relation""]],1],[[2,[""relation"",""relation""]],0],[[2,[""relation"",""relation""]],1],[[2,[""relation"",""relation""]],0]]],[2,[""entity"",""entity""]]]",0.06366351282412162,0,other
wave2_13_w1_s1_cdaf,13,D+注意,0.15,1,1,1739,3,"[[[]],[2,[""relation"",""relation""]]]",0.04439739032091677,0,link
wave2_13_w1_s1_cdaf,13,D+注意,0.15,1,1,1739,4,"[[[[[2,[""relation"",""relation""]],1],[[2,[""relation"",""relation""]],1],[[2,[""relation"",""relation""]],0],[[2,[""relation"",""relation""]],1]]],[2,[""entity"",""entity""]]]",0.0006513222272459741,0,other
wave2_13_w1_s1_cdaf,13,D+注意,0.15,1,1,1739,5,"[[[[[2,[""relation"",""relation""]],1],[[2,[""relation"",""relation""]],1],[[2,[""relation"",""relation""]],0]]],[2,[""relation"",""relation""]]]",0.0005434697172305278,0,other
wave2_10_w1_s2_cdaf,10,D,0.4,1,2,500,1,"[[[[[2,[""relation"",""relation""]],1],[[2,[""relation"",""relation""]],1],[[2,[""relation"",""relation""]],1],[[2,[""relation"",""relation""]],1]]],[2,[""entity"",""entity""]]]",2.3058378448771645e-06,0,other
wave2_10_w1_s2_cdaf,10,D,0.4,1,2,500,2,"[[[[[2,[""relation"",""relation""]],1],[[2,[""relation"",""relation""]],1],[[2,[""relation"",""relation""]],1],[[2,[""relation"",""relation""]],0]]],[2,[""entity"",""entity""]]]",2.2692940682313756e-06,0,other
wave2_10_w1_s2_cdaf,10,D,0.4,1,2,500,3,"[[[[[2,[""relation"",""relation""]],1],[[2,[""relation"",""relation""]],1],[[2,[""relation"",""relation""]],0],[[2,[""relation"",""relation""]],1]]],[2,[""entity"",""entity""]]]",2.2345343685715203e-06,0,other
wave2_10_w1_s2_cdaf,10,D,0.4,1,2,500,4,"[[[[[2,[""relation"",""relation""]],1],[[2,[""relation"",""relation""]],1],[[2,[""relation"",""relation""]],0],[[2,[""relation"",""relation""]],0]]],[2,[""entity"",""entity""]]]",2.2177707309344066e-06,0,other
wave2_10_w1_s2_cdaf,10,D,0.4,1,2,500,5,"[[[[[2,[""relation"",""relation""]],1],[[2,[""relation"",""relation""]],1],[[2,[""relation"",""relation""]],0]]],[2,[""relation"",""relation""]]]",1.8743003881762505e-06,0,other
wave2_10_w1_s2_cdaf,10,D,0.4,1,2,500,11,"[[[[[2,[""relation"",""relation""]],0]]],[1,[""entity""]]]",1.5859963184175033e-06,1,sig
wave2_10_w1_s2_cdaf,10,D,0.4,1,2,1000,1,"[[[[[2,[""relation"",""relation""]],1],[[2,[""relation"",""relation""]],1],[[2,[""relation"",""relation""]],0],[[2,[""relation"",""relation""]],1]]],[2,[""entity"",""entity""]]]",2.449090845963053e-06,0,other
wave2_10_w1_s2_cdaf,10,D,0.4,1,2,1000,2,"[[[[[2,[""relation"",""relation""]],1],[[2,[""relation"",""relation""]],1],[[2,[""relation"",""relation""]],1],[[2,[""relation"",""relation""]],1]]],[2,[""entity"",""entity""]]]",2.3058398018175772e-06,0,other
wave2_10_w1_s2_cdaf,10,D,0.4,1,2,1000,3,"[[[[[2,[""relation"",""relation""]],1],[[2,[""relation"",""relation""]],1],[[2,[""relation"",""relation""]],1],[[2,[""relation"",""relation""]],0]]],[2,[""entity"",""entity""]]]",2.2692960251717883e-06,0,other
wave2_10_w1_s2_cdaf,10,D,0.4,1,2,1000,4,"[[[[[2,[""relation"",""relation""]],1],[[2,[""relation"",""relation""]],1],[[2,[""relation"",""relation""]],0],[[2,[""relation"",""relation""]],0]]],[2,[""entity"",""entity""]]]",2.2177726817040877e-06,0,other
wave2_10_w1_s2_cdaf,10,D,0.4,1,2,1000,5,"[[[[[2,[""relation"",""relation""]],1],[[2,[""relation"",""relation""]],1],[[2,[""relation"",""relation""]],0]]],[2,[""relation"",""relation""]]]",1.8743489114241025e-06,0,other
wave2_10_w1_s2_cdaf,10,D,0.4,1,2,1000,13,"[[[[[2,[""relation"",""relation""]],0]]],[1,[""entity""]]]",1.3443960249124205e-06,1,sig
wave2_10_w1_s2_cdaf,10,D,0.4,1,2,1500,1,"[[[[[2,[""relation"",""relation""]],1],[[2,[""relation"",""relation""]],1],[[2,[""relation"",""relation""]],0],[[2,[""relation"",""relation""]],1]]],[2,[""entity"",""entity""]]]",2.44909096390427e-06,0,other
wave2_10_w1_s2_cdaf,10,D,0.4,1,2,1500,2,"[[[[[2,[""relation"",""relation""]],1],[[2,[""relation"",""relation""]],1],[[2,[""relation"",""relation""]],1],[[2,[""relation"",""relation""]],1]]],[2,[""entity"",""entity""]]]",2.3058399195408844e-06,0,other
wave2_10_w1_s2_cdaf,10,D,0.4,1,2,1500,3,"[[[[[2,[""relation"",""relation""]],1],[[2,[""relation"",""relation""]],1],[[2,[""relation"",""relation""]],1],[[2,[""relation"",""relation""]],0]]],[2,[""entity"",""entity""]]]",2.2692961442025485e-06,0,other
wave2_10_w1_s2_cdaf,10,D,0.4,1,2,1500,4,"[[[[[2,[""relation"",""relation""]],1],[[2,[""relation"",""relation""]],1],[[2,[""relation"",""relation""]],0],[[2,[""relation"",""relation""]],0]]],[2,[""entity"",""entity""]]]",2.169357991864503e-06,0,other
wave2_10_w1_s2_cdaf,10,D,0.4,1,2,1500,5,"[[[[[2,[""relation"",""relation""]],1],[[2,[""relation"",""relation""]],1],[[2,[""relation"",""relation""]],0]]],[2,[""relation"",""relation""]]]",1.8743378200875641e-06,0,other
wave2_10_w1_s2_cdaf,10,D,0.4,1,2,1500,13,"[[[[[2,[""relation"",""relation""]],0]]],[1,[""entity""]]]",1.3102840517386104e-06,1,sig
wave2_10_w1_s2_cdaf,10,D,0.4,1,2,1739,1,"[[[[[2,[""relation"",""relation""]],1],[[2,[""relation"",""relation""]],1],[[2,[""relation"",""relation""]],0],[[2,[""relation"",""relation""]],1]]],[2,[""entity"",""entity""]]]",2.44909096390427e-06,0,other
wave2_10_w1_s2_cdaf,10,D,0.4,1,2,1739,2,"[[[[[2,[""relation"",""relation""]],1],[[2,[""relation"",""relation""]],1],[[2,[""relation"",""relation""]],1],[[2,[""relation"",""relation""]],1]]],[2,[""entity"",""entity""]]]",2.3058399195408844e-06,0,other
wave2_10_w1_s2_cdaf,10,D,0.4,1,2,1739,3,"[[[[[2,[""relation"",""relation""]],1],[[2,[""relation"",""relation""]],1],[[2,[""relation"",""relation""]],1],[[2,[""relation"",""relation""]],0]]],[2,[""entity"",""entity""]]]",2.2692961442025485e-06,0,other
wave2_10_w1_s2_cdaf,10,D,0.4,1,2,1739,4,"[[[[[2,[""relation"",""relation""]],1],[[2,[""relation"",""relation""]],1],[[2,[""relation"",""relation""]],0],[[2,[""relation"",""relation""]],0]]],[2,[""entity"",""entity""]]]",2.169357991864503e-06,0,other
wave2_10_w1_s2_cdaf,10,D,0.4,1,2,1739,5,"[[[[[2,[""relation"",""relation""]],1],[[2,[""relation"",""relation""]],1],[[2,[""relation"",""relation""]],0]]],[2,[""relation"",""relation""]]]",1.8743378200875641e-06,0,other
wave2_10_w1_s2_cdaf,10,D,0.4,1,2,1739,13,"[[[[[2,[""relation"",""relation""]],0]]],[1,[""entity""]]]",1.3102840517386104e-06,1,sig
wave2_11_w1_s2_cdaf,11,D,0.15,1,2,500,1,"[[[[[2,[""relation"",""relation""]],1],[[2,[""relation"",""relation""]],1],[[2,[""relation"",""relation""]],1],[[2,[""relation"",""relation""]],0]]],[2,[""entity"",""entity""]]]",1.8926042683103266e-05,0,other
wave2_11_w1_s2_cdaf,11,D,0.15,1,2,500,2,"[[[[[2,[""relation"",""relation""]],1],[[2,[""relation"",""relation""]],1],[[2,[""relation"",""relation""]],0],[[2,[""relation"",""relation""]],1]]],[2,[""entity"",""entity""]]]",1.767557575506426e-05,0,other
wave2_11_w1_s2_cdaf,11,D,0.15,1,2,500,3,"[[[[[2,[""relation"",""relation""]],1],[[2,[""relation"",""relation""]],1],[[2,[""relation"",""relation""]],0],[[2,[""relation"",""relation""]],0]]],[2,[""entity"",""entity""]]]",1.7675575593395784e-05,0,other
wave2_11_w1_s2_cdaf,11,D,0.15,1,2,500,4,"[[[[[2,[""relation"",""relation""]],1],[[2,[""relation"",""relation""]],1],[[2,[""relation"",""relation""]],0]]],[2,[""relation"",""relation""]]]",1.4971331914977255e-05,0,other
wave2_11_w1_s2_cdaf,11,D,0.15,1,2,500,5,"[[[[[2,[""relation"",""relation""]],1],[[2,[""relation"",""relation""]],1]]],[2,[""relation"",""relation""]]]",1.4971331914977255e-05,0,other
wave2_11_w1_s2_cdaf,11,D,0.15,1,2,500,16,"[[[[[2,[""relation"",""relation""]],0]]],[1,[""entity""]]]",0.0,1,sig
wave2_11_w1_s2_cdaf,11,D,0.15,1,2,1000,1,"[[[[[2,[""relation"",""relation""]],1],[[2,[""relation"",""relation""]],1],[[2,[""relation"",""relation""]],1],[[2,[""relation"",""relation""]],0]]],[2,[""entity"",""entity""]]]",1.8187220745756517e-05,0,other
wave2_11_w1_s2_cdaf,11,D,0.15,1,2,1000,2,"[[[[[2,[""relation"",""relation""]],1],[[2,[""relation"",""relation""]],1],[[2,[""relation"",""relation""]],0],[[2,[""relation"",""relation""]],1]]],[2,[""entity"",""entity""]]]",1.7675601324565817e-05,0,other
wave2_11_w1_s2_cdaf,11,D,0.15,1,2,1000,3,"[[[[[2,[""relation"",""relation""]],1],[[2,[""relation"",""relation""]],1],[[2,[""relation"",""relation""]],0],[[2,[""relation"",""relation""]],0]]],[2,[""entity"",""entity""]]]",1.767560071598025e-05,0,other
wave2_11_w1_s2_cdaf,11,D,0.15,1,2,1000,4,"[[[[[2,[""relation"",""relation""]],1],[[2,[""relation"",""relation""]],1],[[2,[""relation"",""relation""]],0]]],[2,[""relation"",""relation""]]]",1.4971331914972103e-05,0,other
wave2_11_w1_s2_cdaf,11,D,0.15,1,2,1000,5,"[[[[[2,[""relation"",""relation""]],1],[[2,[""relation"",""relation""]],1]]],[2,[""relation"",""relation""]]]",1.4971331914972103e-05,0,other
wave2_11_w1_s2_cdaf,11,D,0.15,1,2,1000,16,"[[[[[2,[""relation"",""relation""]],0]]],[1,[""entity""]]]",0.0,1,sig
wave2_11_w1_s2_cdaf,11,D,0.15,1,2,1500,1,"[[[[[2,[""relation"",""relation""]],1],[[2,[""relation"",""relation""]],1],[[2,[""relation"",""relation""]],1],[[2,[""relation"",""relation""]],0]]],[2,[""entity"",""entity""]]]",1.8039884321783964e-05,0,other
wave2_11_w1_s2_cdaf,11,D,0.15,1,2,1500,2,"[[[[[2,[""relation"",""relation""]],1],[[2,[""relation"",""relation""]],1],[[2,[""relation"",""relation""]],0],[[2,[""relation"",""relation""]],1]]],[2,[""entity"",""entity""]]]",1.7675618656694798e-05,0,other
wave2_11_w1_s2_cdaf,11,D,0.15,1,2,1500,3,"[[[[[2,[""relation"",""relation""]],1],[[2,[""relation"",""relation""]],1],[[2,[""relation"",""relation""]],0],[[2,[""relation"",""relation""]],0]]],[2,[""entity"",""entity""]]]",1.7675617830959413e-05,0,other
wave2_11_w1_s2_cdaf,11,D,0.15,1,2,1500,4,"[[[[[2,[""relation"",""relation""]],1],[[2,[""relation"",""relation""]],1],[[2,[""relation"",""relation""]],0]]],[2,[""relation"",""relation""]]]",1.4971331914981222e-05,0,other
wave2_11_w1_s2_cdaf,11,D,0.15,1,2,1500,5,"[[[[[2,[""relation"",""relation""]],1],[[2,[""relation"",""relation""]],1]]],[2,[""relation"",""relation""]]]",1.4971331914981222e-05,0,other
wave2_11_w1_s2_cdaf,11,D,0.15,1,2,1500,16,"[[[[[2,[""relation"",""relation""]],0]]],[1,[""entity""]]]",0.0,1,sig
wave2_11_w1_s2_cdaf,11,D,0.15,1,2,1739,1,"[[[[[2,[""relation"",""relation""]],1],[[2,[""relation"",""relation""]],1],[[2,[""relation"",""relation""]],1],[[2,[""relation"",""relation""]],0]]],[2,[""entity"",""entity""]]]",1.7932095162378683e-05,0,other
wave2_11_w1_s2_cdaf,11,D,0.15,1,2,1739,2,"[[[[[2,[""relation"",""relation""]],1],[[2,[""relation"",""relation""]],1],[[2,[""relation"",""relation""]],0],[[2,[""relation"",""relation""]],1]]],[2,[""entity"",""entity""]]]",1.7675625959710273e-05,0,other
wave2_11_w1_s2_cdaf,11,D,0.15,1,2,1739,3,"[[[[[2,[""relation"",""relation""]],1],[[2,[""relation"",""relation""]],1],[[2,[""relation"",""relation""]],0],[[2,[""relation"",""relation""]],0]]],[2,[""entity"",""entity""]]]",1.767562504575755e-05,0,other
wave2_11_w1_s2_cdaf,11,D,0.15,1,2,1739,4,"[[[[[2,[""relation"",""relation""]],1],[[2,[""relation"",""relation""]],1],[[2,[""relation"",""relation""]],0]]],[2,[""relation"",""relation""]]]",1.4971331914988749e-05,0,other
wave2_11_w1_s2_cdaf,11,D,0.15,1,2,1739,5,"[[[[[2,[""relation"",""relation""]],1],[[2,[""relation"",""relation""]],1]]],[2,[""relation"",""relation""]]]",1.4971331914988749e-05,0,other
wave2_11_w1_s2_cdaf,11,D,0.15,1,2,1739,16,"[[[[[2,[""relation"",""relation""]],0]]],[1,[""entity""]]]",0.0,1,sig
wave2_12_w1_s2_cdaf,12,D+注意,0.4,1,2,500,1,"[[[[[2,[""relation"",""relation""]],1],[[2,[""relation"",""relation""]],1],[[2,[""relation"",""relation""]],1],[[2,[""relation"",""relation""]],1]]],[2,[""entity"",""entity""]]]",2.3058378448771645e-06,0,other
wave2_12_w1_s2_cdaf,12,D+注意,0.4,1,2,500,2,"[[[[[2,[""relation"",""relation""]],1],[[2,[""relation"",""relation""]],1],[[2,[""relation"",""relation""]],1],[[2,[""relation"",""relation""]],0]]],[2,[""entity"",""entity""]]]",2.2692940682313756e-06,0,other
wave2_12_w1_s2_cdaf,12,D+注意,0.4,1,2,500,3,"[[[[[2,[""relation"",""relation""]],1],[[2,[""relation"",""relation""]],1],[[2,[""relation"",""relation""]],0],[[2,[""relation"",""relation""]],1]]],[2,[""entity"",""entity""]]]",2.2345343685715203e-06,0,other
wave2_12_w1_s2_cdaf,12,D+注意,0.4,1,2,500,4,"[[[[[2,[""relation"",""relation""]],1],[[2,[""relation"",""relation""]],1],[[2,[""relation"",""relation""]],0],[[2,[""relation"",""relation""]],0]]],[2,[""entity"",""entity""]]]",2.2177707309344066e-06,0,other
wave2_12_w1_s2_cdaf,12,D+注意,0.4,1,2,500,5,"[[[[[2,[""relation"",""relation""]],1],[[2,[""relation"",""relation""]],1],[[2,[""relation"",""relation""]],0]]],[2,[""relation"",""relation""]]]",1.8743003881762505e-06,0,other
wave2_12_w1_s2_cdaf,12,D+注意,0.4,1,2,500,11,"[[[[[2,[""relation"",""relation""]],0]]],[1,[""entity""]]]",1.5859963184175033e-06,1,sig
wave2_12_w1_s2_cdaf,12,D+注意,0.4,1,2,1000,1,"[[[[[2,[""relation"",""relation""]],1],[[2,[""relation"",""relation""]],1],[[2,[""relation"",""relation""]],0],[[2,[""relation"",""relation""]],1]]],[2,[""entity"",""entity""]]]",2.449090845963053e-06,0,other
wave2_12_w1_s2_cdaf,12,D+注意,0.4,1,2,1000,2,"[[[[[2,[""relation"",""relation""]],1],[[2,[""relation"",""relation""]],1],[[2,[""relation"",""relation""]],1],[[2,[""relation"",""relation""]],1]]],[2,[""entity"",""entity""]]]",2.3058398018175772e-06,0,other
wave2_12_w1_s2_cdaf,12,D+注意,0.4,1,2,1000,3,"[[[[[2,[""relation"",""relation""]],1],[[2,[""relation"",""relation""]],1],[[2,[""relation"",""relation""]],1],[[2,[""relation"",""relation""]],0]]],[2,[""entity"",""entity""]]]",2.2692960251717883e-06,0,other
wave2_12_w1_s2_cdaf,12,D+注意,0.4,1,2,1000,4,"[[[[[2,[""relation"",""relation""]],1],[[2,[""relation"",""relation""]],1],[[2,[""relation"",""relation""]],0],[[2,[""relation"",""relation""]],0]]],[2,[""entity"",""entity""]]]",2.2177726817040877e-06,0,other
wave2_12_w1_s2_cdaf,12,D+注意,0.4,1,2,1000,5,"[[[[[2,[""relation"",""relation""]],1],[[2,[""relation"",""relation""]],1],[[2,[""relation"",""relation""]],0]]],[2,[""relation"",""relation""]]]",1.8743489114241025e-06,0,other
wave2_12_w1_s2_cdaf,12,D+注意,0.4,1,2,1000,13,"[[[[[2,[""relation"",""relation""]],0]]],[1,[""entity""]]]",1.3443960249124205e-06,1,sig
wave2_12_w1_s2_cdaf,12,D+注意,0.4,1,2,1500,1,"[[[[[2,[""relation"",""relation""]],1],[[2,[""relation"",""relation""]],1],[[2,[""relation"",""relation""]],0],[[2,[""relation"",""relation""]],1]]],[2,[""entity"",""entity""]]]",2.44909096390427e-06,0,other
wave2_12_w1_s2_cdaf,12,D+注意,0.4,1,2,1500,2,"[[[[[2,[""relation"",""relation""]],1],[[2,[""relation"",""relation""]],1],[[2,[""relation"",""relation""]],1],[[2,[""relation"",""relation""]],1]]],[2,[""entity"",""entity""]]]",2.3058399195408844e-06,0,other
wave2_12_w1_s2_cdaf,12,D+注意,0.4,1,2,1500,3,"[[[[[2,[""relation"",""relation""]],1],[[2,[""relation"",""relation""]],1],[[2,[""relation"",""relation""]],1],[[2,[""relation"",""relation""]],0]]],[2,[""entity"",""entity""]]]",2.2692961442025485e-06,0,other
wave2_12_w1_s2_cdaf,12,D+注意,0.4,1,2,1500,4,"[[[[[2,[""relation"",""relation""]],1],[[2,[""relation"",""relation""]],1],[[2,[""relation"",""relation""]],0],[[2,[""relation"",""relation""]],0]]],[2,[""entity"",""entity""]]]",2.169357991864503e-06,0,other
wave2_12_w1_s2_cdaf,12,D+注意,0.4,1,2,1500,5,"[[[[[2,[""relation"",""relation""]],1],[[2,[""relation"",""relation""]],1],[[2,[""relation"",""relation""]],0]]],[2,[""relation"",""relation""]]]",1.8743378200875641e-06,0,other
wave2_12_w1_s2_cdaf,12,D+注意,0.4,1,2,1500,13,"[[[[[2,[""relation"",""relation""]],0]]],[1,[""entity""]]]",1.3102840517386104e-06,1,sig
wave2_12_w1_s2_cdaf,12,D+注意,0.4,1,2,1739,1,"[[[[[2,[""relation"",""relation""]],1],[[2,[""relation"",""relation""]],1],[[2,[""relation"",""relation""]],0],[[2,[""relation"",""relation""]],1]]],[2,[""entity"",""entity""]]]",2.44909096390427e-06,0,other
wave2_12_w1_s2_cdaf,12,D+注意,0.4,1,2,1739,2,"[[[[[2,[""relation"",""relation""]],1],[[2,[""relation"",""relation""]],1],[[2,[""relation"",""relation""]],1],[[2,[""relation"",""relation""]],1]]],[2,[""entity"",""entity""]]]",2.3058399195408844e-06,0,other
wave2_12_w1_s2_cdaf,12,D+注意,0.4,1,2,1739,3,"[[[[[2,[""relation"",""relation""]],1],[[2,[""relation"",""relation""]],1],[[2,[""relation"",""relation""]],1],[[2,[""relation"",""relation""]],0]]],[2,[""entity"",""entity""]]]",2.2692961442025485e-06,0,other
wave2_12_w1_s2_cdaf,12,D+注意,0.4,1,2,1739,4,"[[[[[2,[""relation"",""relation""]],1],[[2,[""relation"",""relation""]],1],[[2,[""relation"",""relation""]],0],[[2,[""relation"",""relation""]],0]]],[2,[""entity"",""entity""]]]",2.169357991864503e-06,0,other
wave2_12_w1_s2_cdaf,12,D+注意,0.4,1,2,1739,5,"[[[[[2,[""relation"",""relation""]],1],[[2,[""relation"",""relation""]],1],[[2,[""relation"",""relation""]],0]]],[2,[""relation"",""relation""]]]",1.8743378200875641e-06,0,other
wave2_12_w1_s2_cdaf,12,D+注意,0.4,1,2,1739,13,"[[[[[2,[""relation"",""relation""]],0]]],[1,[""entity""]]]",1.3102840517386104e-06,1,sig
wave2_13_w1_s2_cdaf,13,D+注意,0.15,1,2,500,1,"[[[[[2,[""relation"",""relation""]],1],[[2,[""relation"",""relation""]],1],[[2,[""relation"",""relation""]],1],[[2,[""relation"",""relation""]],0]]],[2,[""entity"",""entity""]]]",1.8926042683103266e-05,0,other
wave2_13_w1_s2_cdaf,13,D+注意,0.15,1,2,500,2,"[[[[[2,[""relation"",""relation""]],1],[[2,[""relation"",""relation""]],1],[[2,[""relation"",""relation""]],0],[[2,[""relation"",""relation""]],1]]],[2,[""entity"",""entity""]]]",1.767557575506426e-05,0,other
wave2_13_w1_s2_cdaf,13,D+注意,0.15,1,2,500,3,"[[[[[2,[""relation"",""relation""]],1],[[2,[""relation"",""relation""]],1],[[2,[""relation"",""relation""]],0],[[2,[""relation"",""relation""]],0]]],[2,[""entity"",""entity""]]]",1.7675575593395784e-05,0,other
wave2_13_w1_s2_cdaf,13,D+注意,0.15,1,2,500,4,"[[[[[2,[""relation"",""relation""]],1],[[2,[""relation"",""relation""]],1],[[2,[""relation"",""relation""]],0]]],[2,[""relation"",""relation""]]]",1.4971331914977255e-05,0,other
wave2_13_w1_s2_cdaf,13,D+注意,0.15,1,2,500,5,"[[[[[2,[""relation"",""relation""]],1],[[2,[""relation"",""relation""]],1]]],[2,[""relation"",""relation""]]]",1.4971331914977255e-05,0,other
wave2_13_w1_s2_cdaf,13,D+注意,0.15,1,2,500,16,"[[[[[2,[""relation"",""relation""]],0]]],[1,[""entity""]]]",0.0,1,sig
wave2_13_w1_s2_cdaf,13,D+注意,0.15,1,2,1000,1,"[[[[[2,[""relation"",""relation""]],1],[[2,[""relation"",""relation""]],1],[[2,[""relation"",""relation""]],1],[[2,[""relation"",""relation""]],0]]],[2,[""entity"",""entity""]]]",1.8187220745756517e-05,0,other
wave2_13_w1_s2_cdaf,13,D+注意,0.15,1,2,1000,2,"[[[[[2,[""relation"",""relation""]],1],[[2,[""relation"",""relation""]],1],[[2,[""relation"",""relation""]],0],[[2,[""relation"",""relation""]],1]]],[2,[""entity"",""entity""]]]",1.7675601324565817e-05,0,other
wave2_13_w1_s2_cdaf,13,D+注意,0.15,1,2,1000,3,"[[[[[2,[""relation"",""relation""]],1],[[2,[""relation"",""relation""]],1],[[2,[""relation"",""relation""]],0],[[2,[""relation"",""relation""]],0]]],[2,[""entity"",""entity""]]]",1.767560071598025e-05,0,other
wave2_13_w1_s2_cdaf,13,D+注意,0.15,1,2,1000,4,"[[[[[2,[""relation"",""relation""]],1],[[2,[""relation"",""relation""]],1],[[2,[""relation"",""relation""]],0]]],[2,[""relation"",""relation""]]]",1.4971331914972103e-05,0,other
wave2_13_w1_s2_cdaf,13,D+注意,0.15,1,2,1000,5,"[[[[[2,[""relation"",""relation""]],1],[[2,[""relation"",""relation""]],1]]],[2,[""relation"",""relation""]]]",1.4971331914972103e-05,0,other
wave2_13_w1_s2_cdaf,13,D+注意,0.15,1,2,1000,16,"[[[[[2,[""relation"",""relation""]],0]]],[1,[""entity""]]]",0.0,1,sig
wave2_13_w1_s2_cdaf,13,D+注意,0.15,1,2,1500,1,"[[[[[2,[""relation"",""relation""]],1],[[2,[""relation"",""relation""]],1],[[2,[""relation"",""relation""]],1],[[2,[""relation"",""relation""]],0]]],[2,[""entity"",""entity""]]]",1.8039884321783964e-05,0,other
wave2_13_w1_s2_cdaf,13,D+注意,0.15,1,2,1500,2,"[[[[[2,[""relation"",""relation""]],1],[[2,[""relation"",""relation""]],1],[[2,[""relation"",""relation""]],0],[[2,[""relation"",""relation""]],1]]],[2,[""entity"",""entity""]]]",1.7675618656694798e-05,0,other
wave2_13_w1_s2_cdaf,13,D+注意,0.15,1,2,1500,3,"[[[[[2,[""relation"",""relation""]],1],[[2,[""relation"",""relation""]],1],[[2,[""relation"",""relation""]],0],[[2,[""relation"",""relation""]],0]]],[2,[""entity"",""entity""]]]",1.7675617830959413e-05,0,other
wave2_13_w1_s2_cdaf,13,D+注意,0.15,1,2,1500,4,"[[[[[2,[""relation"",""relation""]],1],[[2,[""relation"",""relation""]],1],[[2,[""relation"",""relation""]],0]]],[2,[""relation"",""relation""]]]",1.4971331914981222e-05,0,other
wave2_13_w1_s2_cdaf,13,D+注意,0.15,1,2,1500,5,"[[[[[2,[""relation"",""relation""]],1],[[2,[""relation"",""relation""]],1]]],[2,[""relation"",""relation""]]]",1.4971331914981222e-05,0,other
wave2_13_w1_s2_cdaf,13,D+注意,0.15,1,2,1500,16,"[[[[[2,[""relation"",""relation""]],0]]],[1,[""entity""]]]",0.0,1,sig
wave2_13_w1_s2_cdaf,13,D+注意,0.15,1,2,1739,1,"[[[[[2,[""relation"",""relation""]],1],[[2,[""relation"",""relation""]],1],[[2,[""relation"",""relation""]],1],[[2,[""relation"",""relation""]],0]]],[2,[""entity"",""entity""]]]",1.7932095162378683e-05,0,other
wave2_13_w1_s2_cdaf,13,D+注意,0.15,1,2,1739,2,"[[[[[2,[""relation"",""relation""]],1],[[2,[""relation"",""relation""]],1],[[2,[""relation"",""relation""]],0],[[2,[""relation"",""relation""]],1]]],[2,[""entity"",""entity""]]]",1.7675625959710273e-05,0,other
wave2_13_w1_s2_cdaf,13,D+注意,0.15,1,2,1739,3,"[[[[[2,[""relation"",""relation""]],1],[[2,[""relation"",""relation""]],1],[[2,[""relation"",""relation""]],0],[[2,[""relation"",""relation""]],0]]],[2,[""entity"",""entity""]]]",1.767562504575755e-05,0,other
wave2_13_w1_s2_cdaf,13,D+注意,0.15,1,2,1739,4,"[[[[[2,[""relation"",""relation""]],1],[[2,[""relation"",""relation""]],1],[[2,[""relation"",""relation""]],0]]],[2,[""relation"",""relation""]]]",1.4971331914988749e-05,0,other
wave2_13_w1_s2_cdaf,13,D+注意,0.15,1,2,1739,5,"[[[[[2,[""relation"",""relation""]],1],[[2,[""relation"",""relation""]],1]]],[2,[""relation"",""relation""]]]",1.4971331914988749e-05,0,other
wave2_13_w1_s2_cdaf,13,D+注意,0.15,1,2,1739,16,"[[[[[2,[""relation"",""relation""]],0]]],[1,[""entity""]]]",0.0,1,sig
wave2_10_w1_s3_cdaf,10,D,0.4,1,3,500,1,"[[[[[2,[""relation"",""relation""]],1],[[2,[""relation"",""relation""]],0],[[2,[""relation"",""relation""]],1],[[2,[""relation"",""relation""]],1]]],[2,[""entity"",""entity""]]]",2.0580137911030735e-11,0,other
wave2_10_w1_s3_cdaf,10,D,0.4,1,3,500,2,"[[[[[2,[""relation"",""relation""]],1],[[2,[""relation"",""relation""]],0],[[2,[""relation"",""relation""]],1],[[2,[""relation"",""relation""]],0]]],[2,[""entity"",""entity""]]]",2.009843443193874e-11,0,other
wave2_10_w1_s3_cdaf,10,D,0.4,1,3,500,3,"[[[[[2,[""relation"",""relation""]],1],[[2,[""relation"",""relation""]],0],[[2,[""relation"",""relation""]],0],[[2,[""relation"",""relation""]],1]]],[2,[""entity"",""entity""]]]",1.9956220361689392e-11,0,other
wave2_10_w1_s3_cdaf,10,D,0.4,1,3,500,4,"[[[[[2,[""relation"",""relation""]],1],[[2,[""relation"",""relation""]],1],[[2,[""relation"",""relation""]],0],[[2,[""relation"",""relation""]],0]]],[2,[""entity"",""entity""]]]",1.0171993999201777e-11,0,other
wave2_10_w1_s3_cdaf,10,D,0.4,1,3,500,5,"[[[[[2,[""relation"",""relation""]],1],[[2,[""relation"",""relation""]],1],[[2,[""relation"",""relation""]],1],[[2,[""relation"",""relation""]],1]]],[2,[""entity"",""entity""]]]",1.0029086336623206e-11,0,other
wave2_10_w1_s3_cdaf,10,D,0.4,1,3,500,15,"[[[[[2,[""relation"",""relation""]],0]]],[1,[""entity""]]]",5.438705273503297e-18,1,sig
wave2_10_w1_s3_cdaf,10,D,0.4,1,3,1000,1,"[[[[[2,[""relation"",""relation""]],1],[[2,[""relation"",""relation""]],0],[[2,[""relation"",""relation""]],1],[[2,[""relation"",""relation""]],1]]],[2,[""entity"",""entity""]]]",2.460609249864824e-11,0,other
wave2_10_w1_s3_cdaf,10,D,0.4,1,3,1000,2,"[[[[[2,[""relation"",""relation""]],1],[[2,[""relation"",""relation""]],0],[[2,[""relation"",""relation""]],1],[[2,[""relation"",""relation""]],0]]],[2,[""entity"",""entity""]]]",2.4118639457081217e-11,0,other
wave2_10_w1_s3_cdaf,10,D,0.4,1,3,1000,3,"[[[[[2,[""relation"",""relation""]],1],[[2,[""relation"",""relation""]],0],[[2,[""relation"",""relation""]],0],[[2,[""relation"",""relation""]],1]]],[2,[""entity"",""entity""]]]",2.396169586557927e-11,0,other
wave2_10_w1_s3_cdaf,10,D,0.4,1,3,1000,4,"[[[[[2,[""relation"",""relation""]],1],[[2,[""relation"",""relation""]],1],[[2,[""relation"",""relation""]],0],[[2,[""relation"",""relation""]],0]]],[2,[""entity"",""entity""]]]",1.2218323727202412e-11,0,other
wave2_10_w1_s3_cdaf,10,D,0.4,1,3,1000,5,"[[[[[2,[""relation"",""relation""]],1],[[2,[""relation"",""relation""]],1],[[2,[""relation"",""relation""]],1],[[2,[""relation"",""relation""]],1]]],[2,[""entity"",""entity""]]]",1.2023739071326265e-11,0,other
wave2_10_w1_s3_cdaf,10,D,0.4,1,3,1000,15,"[[[[[2,[""relation"",""relation""]],0]]],[1,[""entity""]]]",0.0,1,sig
wave2_10_w1_s3_cdaf,10,D,0.4,1,3,1500,1,"[[[[[2,[""relation"",""relation""]],1],[[2,[""relation"",""relation""]],0],[[2,[""relation"",""relation""]],1],[[2,[""relation"",""relation""]],1]]],[2,[""entity"",""entity""]]]",3.712304541668094e-11,0,other
wave2_10_w1_s3_cdaf,10,D,0.4,1,3,1500,2,"[[[[[2,[""relation"",""relation""]],1],[[2,[""relation"",""relation""]],0],[[2,[""relation"",""relation""]],1],[[2,[""relation"",""relation""]],0]]],[2,[""entity"",""entity""]]]",3.6678023103987207e-11,0,other
wave2_10_w1_s3_cdaf,10,D,0.4,1,3,1500,3,"[[[[[2,[""relation"",""relation""]],1],[[2,[""relation"",""relation""]],0],[[2,[""relation"",""relation""]],0],[[2,[""relation"",""relation""]],1]]],[2,[""entity"",""entity""]]]",3.635902552638506e-11,0,other
wave2_10_w1_s3_cdaf,10,D,0.4,1,3,1500,4,"[[[[[2,[""relation"",""relation""]],1],[[2,[""relation"",""relation""]],1],[[2,[""relation"",""relation""]],0],[[2,[""relation"",""relation""]],0]]],[2,[""entity"",""entity""]]]",1.853562641415346e-11,0,other
wave2_10_w1_s3_cdaf,10,D,0.4,1,3,1500,5,"[[[[[2,[""relation"",""relation""]],1],[[2,[""relation"",""relation""]],1],[[2,[""relation"",""relation""]],1],[[2,[""relation"",""relation""]],1]]],[2,[""entity"",""entity""]]]",1.8233474116837866e-11,0,other
wave2_10_w1_s3_cdaf,10,D,0.4,1,3,1500,15,"[[[[[2,[""relation"",""relation""]],0]]],[1,[""entity""]]]",0.0,1,sig
wave2_10_w1_s3_cdaf,10,D,0.4,1,3,1739,1,"[[[[[2,[""relation"",""relation""]],1],[[2,[""relation"",""relation""]],0],[[2,[""relation"",""relation""]],1],[[2,[""relation"",""relation""]],1]]],[2,[""entity"",""entity""]]]",3.849678011112018e-11,0,other
wave2_10_w1_s3_cdaf,10,D,0.4,1,3,1739,2,"[[[[[2,[""relation"",""relation""]],1],[[2,[""relation"",""relation""]],0],[[2,[""relation"",""relation""]],1],[[2,[""relation"",""relation""]],0]]],[2,[""entity"",""entity""]]]",3.806253704011801e-11,0,other
wave2_10_w1_s3_cdaf,10,D,0.4,1,3,1739,3,"[[[[[2,[""relation"",""relation""]],1],[[2,[""relation"",""relation""]],0],[[2,[""relation"",""relation""]],0],[[2,[""relation"",""relation""]],1]]],[2,[""entity"",""entity""]]]",3.772963128976745e-11,0,other
wave2_10_w1_s3_cdaf,10,D,0.4,1,3,1739,4,"[[[[[2,[""relation"",""relation""]],1],[[2,[""relation"",""relation""]],1],[[2,[""relation"",""relation""]],0],[[2,[""relation"",""relation""]],0]]],[2,[""entity"",""entity""]]]",1.923030609626308e-11,0,other
wave2_10_w1_s3_cdaf,10,D,0.4,1,3,1739,5,"[[[[[2,[""relation"",""relation""]],1],[[2,[""relation"",""relation""]],1],[[2,[""relation"",""relation""]],1],[[2,[""relation"",""relation""]],1]]],[2,[""entity"",""entity""]]]",1.8918650678703047e-11,0,other
wave2_10_w1_s3_cdaf,10,D,0.4,1,3,1739,15,"[[[[[2,[""relation"",""relation""]],0]]],[1,[""entity""]]]",0.0,1,sig
wave2_11_w1_s3_cdaf,11,D,0.15,1,3,500,1,"[[[[[2,[""relation"",""relation""]],1],[[2,[""relation"",""relation""]],1],[[2,[""relation"",""relation""]],0],[[2,[""relation"",""relation""]],1]]],[2,[""entity"",""entity""]]]",0.0006858260593342507,0,other
wave2_11_w1_s3_cdaf,11,D,0.15,1,3,500,2,"[[[[[2,[""relation"",""relation""]],1],[[2,[""relation"",""relation""]],1],[[2,[""relation"",""relation""]],1],[[2,[""relation"",""relation""]],0]]],[2,[""entity"",""entity""]]]",0.0006858260592521605,0,other
wave2_11_w1_s3_cdaf,11,D,0.15,1,3,500,3,"[[[[[2,[""relation"",""relation""]],1],[[2,[""relation"",""relation""]],1],[[2,[""relation"",""relation""]],0],[[2,[""relation"",""relation""]],0]]],[2,[""entity"",""entity""]]]",0.0006856361704185776,0,other
wave2_11_w1_s3_cdaf,11,D,0.15,1,3,500,4,"[[[[[2,[""relation"",""relation""]],1],[[2,[""relation"",""relation""]],1],[[2,[""relation"",""relation""]],1],[[2,[""relation"",""relation""]],1]]],[2,[""entity"",""entity""]]]",0.0006641126518556448,0,other
wave2_11_w1_s3_cdaf,11,D,0.15,1,3,500,5,"[[[[[2,[""relation"",""relation""]],1],[[2,[""relation"",""relation""]],1],[[2,[""relation"",""relation""]],1]]],[2,[""relation"",""relation""]]]",0.0005522243494479004,0,other
wave2_11_w1_s3_cdaf,11,D,0.15,1,3,500,15,"[[[[[2,[""relation"",""relation""]],0]]],[1,[""entity""]]]",0.0,1,sig
wave2_11_w1_s3_cdaf,11,D,0.15,1,3,1000,1,"[[[[[2,[""relation"",""relation""]],1],[[2,[""relation"",""relation""]],1],[[2,[""relation"",""relation""]],1],[[2,[""relation"",""relation""]],0]]],[2,[""entity"",""entity""]]]",0.0006858260703594351,0,other
wave2_11_w1_s3_cdaf,11,D,0.15,1,3,1000,2,"[[[[[2,[""relation"",""relation""]],1],[[2,[""relation"",""relation""]],1],[[2,[""relation"",""relation""]],0],[[2,[""relation"",""relation""]],1]]],[2,[""entity"",""entity""]]]",0.0006858260702952098,0,other
wave2_11_w1_s3_cdaf,11,D,0.15,1,3,1000,3,"[[[[[2,[""relation"",""relation""]],1],[[2,[""relation"",""relation""]],1],[[2,[""relation"",""relation""]],0],[[2,[""relation"",""relation""]],0]]],[2,[""entity"",""entity""]]]",0.0006855943466058327,0,other
wave2_11_w1_s3_cdaf,11,D,0.15,1,3,1000,4,"[[[[[2,[""relation"",""relation""]],1],[[2,[""relation"",""relation""]],1],[[2,[""relation"",""relation""]],1],[[2,[""relation"",""relation""]],1]]],[2,[""entity"",""entity""]]]",0.00066411266292648,0,other
wave2_11_w1_s3_cdaf,11,D,0.15,1,3,1000,5,"[[[[[2,[""relation"",""relation""]],1],[[2,[""relation"",""relation""]],1],[[2,[""relation"",""relation""]],1]]],[2,[""relation"",""relation""]]]",0.0005522243494478677,0,other
wave2_11_w1_s3_cdaf,11,D,0.15,1,3,1000,15,"[[[[[2,[""relation"",""relation""]],0]]],[1,[""entity""]]]",0.0,1,sig
wave2_11_w1_s3_cdaf,11,D,0.15,1,3,1500,1,"[[[[[2,[""relation"",""relation""]],1],[[2,[""relation"",""relation""]],1],[[2,[""relation"",""relation""]],1],[[2,[""relation"",""relation""]],0]]],[2,[""entity"",""entity""]]]",0.0006858260861389551,0,other
wave2_11_w1_s3_cdaf,11,D,0.15,1,3,1500,2,"[[[[[2,[""relation"",""relation""]],1],[[2,[""relation"",""relation""]],1],[[2,[""relation"",""relation""]],0],[[2,[""relation"",""relation""]],1]]],[2,[""entity"",""entity""]]]",0.0006858260859148451,0,other
wave2_11_w1_s3_cdaf,11,D,0.15,1,3,1500,3,"[[[[[2,[""relation"",""relation""]],1],[[2,[""relation"",""relation""]],1],[[2,[""relation"",""relation""]],0],[[2,[""relation"",""relation""]],0]]],[2,[""entity"",""entity""]]]",0.0006853149586808579,0,other
wave2_11_w1_s3_cdaf,11,D,0.15,1,3,1500,4,"[[[[[2,[""relation"",""relation""]],1],[[2,[""relation"",""relation""]],1],[[2,[""relation"",""relation""]],1],[[2,[""relation"",""relation""]],1]]],[2,[""entity"",""entity""]]]",0.0006641126787221584,0,other
wave2_11_w1_s3_cdaf,11,D,0.15,1,3,1500,5,"[[[[[2,[""relation"",""relation""]],1],[[2,[""relation"",""relation""]],1],[[2,[""relation"",""relation""]],1]]],[2,[""relation"",""relation""]]]",0.0005522243494478903,0,other
wave2_11_w1_s3_cdaf,11,D,0.15,1,3,1500,15,"[[[[[2,[""relation"",""relation""]],0]]],[1,[""entity""]]]",0.0,1,sig
wave2_11_w1_s3_cdaf,11,D,0.15,1,3,1739,1,"[[[[[2,[""relation"",""relation""]],1],[[2,[""relation"",""relation""]],1],[[2,[""relation"",""relation""]],1],[[2,[""relation"",""relation""]],0]]],[2,[""entity"",""entity""]]]",0.0006858260902788956,0,other
wave2_11_w1_s3_cdaf,11,D,0.15,1,3,1739,2,"[[[[[2,[""relation"",""relation""]],1],[[2,[""relation"",""relation""]],1],[[2,[""relation"",""relation""]],0],[[2,[""relation"",""relation""]],1]]],[2,[""entity"",""entity""]]]",0.0006858260900295807,0,other
wave2_11_w1_s3_cdaf,11,D,0.15,1,3,1739,3,"[[[[[2,[""relation"",""relation""]],1],[[2,[""relation"",""relation""]],1],[[2,[""relation"",""relation""]],0],[[2,[""relation"",""relation""]],0]]],[2,[""entity"",""entity""]]]",0.000685401353155783,0,other
wave2_11_w1_s3_cdaf,11,D,0.15,1,3,1739,4,"[[[[[2,[""relation"",""relation""]],1],[[2,[""relation"",""relation""]],1],[[2,[""relation"",""relation""]],1],[[2,[""relation"",""relation""]],1]]],[2,[""entity"",""entity""]]]",0.0006641126829182119,0,other
wave2_11_w1_s3_cdaf,11,D,0.15,1,3,1739,5,"[[[[[2,[""relation"",""relation""]],1],[[2,[""relation"",""relation""]],1],[[2,[""relation"",""relation""]],1]]],[2,[""relation"",""relation""]]]",0.0005522243494478991,0,other
wave2_11_w1_s3_cdaf,11,D,0.15,1,3,1739,15,"[[[[[2,[""relation"",""relation""]],0]]],[1,[""entity""]]]",0.0,1,sig
wave2_12_w1_s3_cdaf,12,D+注意,0.4,1,3,500,1,"[[[[[2,[""relation"",""relation""]],1],[[2,[""relation"",""relation""]],0],[[2,[""relation"",""relation""]],1],[[2,[""relation"",""relation""]],1]]],[2,[""entity"",""entity""]]]",2.0580137911030735e-11,0,other
wave2_12_w1_s3_cdaf,12,D+注意,0.4,1,3,500,2,"[[[[[2,[""relation"",""relation""]],1],[[2,[""relation"",""relation""]],0],[[2,[""relation"",""relation""]],1],[[2,[""relation"",""relation""]],0]]],[2,[""entity"",""entity""]]]",2.009843443193874e-11,0,other
wave2_12_w1_s3_cdaf,12,D+注意,0.4,1,3,500,3,"[[[[[2,[""relation"",""relation""]],1],[[2,[""relation"",""relation""]],0],[[2,[""relation"",""relation""]],0],[[2,[""relation"",""relation""]],1]]],[2,[""entity"",""entity""]]]",1.9956220361689392e-11,0,other
wave2_12_w1_s3_cdaf,12,D+注意,0.4,1,3,500,4,"[[[[[2,[""relation"",""relation""]],1],[[2,[""relation"",""relation""]],1],[[2,[""relation"",""relation""]],0],[[2,[""relation"",""relation""]],0]]],[2,[""entity"",""entity""]]]",1.0171993999201777e-11,0,other
wave2_12_w1_s3_cdaf,12,D+注意,0.4,1,3,500,5,"[[[[[2,[""relation"",""relation""]],1],[[2,[""relation"",""relation""]],1],[[2,[""relation"",""relation""]],1],[[2,[""relation"",""relation""]],1]]],[2,[""entity"",""entity""]]]",1.0029086336623206e-11,0,other
wave2_12_w1_s3_cdaf,12,D+注意,0.4,1,3,500,15,"[[[[[2,[""relation"",""relation""]],0]]],[1,[""entity""]]]",5.438705273503297e-18,1,sig
wave2_12_w1_s3_cdaf,12,D+注意,0.4,1,3,1000,1,"[[[[[2,[""relation"",""relation""]],1],[[2,[""relation"",""relation""]],0],[[2,[""relation"",""relation""]],1],[[2,[""relation"",""relation""]],1]]],[2,[""entity"",""entity""]]]",2.460609249864824e-11,0,other
wave2_12_w1_s3_cdaf,12,D+注意,0.4,1,3,1000,2,"[[[[[2,[""relation"",""relation""]],1],[[2,[""relation"",""relation""]],0],[[2,[""relation"",""relation""]],1],[[2,[""relation"",""relation""]],0]]],[2,[""entity"",""entity""]]]",2.4118639457081217e-11,0,other
wave2_12_w1_s3_cdaf,12,D+注意,0.4,1,3,1000,3,"[[[[[2,[""relation"",""relation""]],1],[[2,[""relation"",""relation""]],0],[[2,[""relation"",""relation""]],0],[[2,[""relation"",""relation""]],1]]],[2,[""entity"",""entity""]]]",2.396169586557927e-11,0,other
wave2_12_w1_s3_cdaf,12,D+注意,0.4,1,3,1000,4,"[[[[[2,[""relation"",""relation""]],1],[[2,[""relation"",""relation""]],1],[[2,[""relation"",""relation""]],0],[[2,[""relation"",""relation""]],0]]],[2,[""entity"",""entity""]]]",1.2218323727202412e-11,0,other
wave2_12_w1_s3_cdaf,12,D+注意,0.4,1,3,1000,5,"[[[[[2,[""relation"",""relation""]],1],[[2,[""relation"",""relation""]],1],[[2,[""relation"",""relation""]],1],[[2,[""relation"",""relation""]],1]]],[2,[""entity"",""entity""]]]",1.2023739071326265e-11,0,other
wave2_12_w1_s3_cdaf,12,D+注意,0.4,1,3,1000,15,"[[[[[2,[""relation"",""relation""]],0]]],[1,[""entity""]]]",0.0,1,sig
wave2_12_w1_s3_cdaf,12,D+注意,0.4,1,3,1500,1,"[[[[[2,[""relation"",""relation""]],1],[[2,[""relation"",""relation""]],0],[[2,[""relation"",""relation""]],1],[[2,[""relation"",""relation""]],1]]],[2,[""entity"",""entity""]]]",3.712304541668094e-11,0,other
wave2_12_w1_s3_cdaf,12,D+注意,0.4,1,3,1500,2,"[[[[[2,[""relation"",""relation""]],1],[[2,[""relation"",""relation""]],0],[[2,[""relation"",""relation""]],1],[[2,[""relation"",""relation""]],0]]],[2,[""entity"",""entity""]]]",3.6678023103987207e-11,0,other
wave2_12_w1_s3_cdaf,12,D+注意,0.4,1,3,1500,3,"[[[[[2,[""relation"",""relation""]],1],[[2,[""relation"",""relation""]],0],[[2,[""relation"",""relation""]],0],[[2,[""relation"",""relation""]],1]]],[2,[""entity"",""entity""]]]",3.635902552638506e-11,0,other
wave2_12_w1_s3_cdaf,12,D+注意,0.4,1,3,1500,4,"[[[[[2,[""relation"",""relation""]],1],[[2,[""relation"",""relation""]],1],[[2,[""relation"",""relation""]],0],[[2,[""relation"",""relation""]],0]]],[2,[""entity"",""entity""]]]",1.853562641415346e-11,0,other
wave2_12_w1_s3_cdaf,12,D+注意,0.4,1,3,1500,5,"[[[[[2,[""relation"",""relation""]],1],[[2,[""relation"",""relation""]],1],[[2,[""relation"",""relation""]],1],[[2,[""relation"",""relation""]],1]]],[2,[""entity"",""entity""]]]",1.8233474116837866e-11,0,other
wave2_12_w1_s3_cdaf,12,D+注意,0.4,1,3,1500,15,"[[[[[2,[""relation"",""relation""]],0]]],[1,[""entity""]]]",0.0,1,sig
wave2_12_w1_s3_cdaf,12,D+注意,0.4,1,3,1739,1,"[[[[[2,[""relation"",""relation""]],1],[[2,[""relation"",""relation""]],0],[[2,[""relation"",""relation""]],1],[[2,[""relation"",""relation""]],1]]],[2,[""entity"",""entity""]]]",3.849678011112018e-11,0,other
wave2_12_w1_s3_cdaf,12,D+注意,0.4,1,3,1739,2,"[[[[[2,[""relation"",""relation""]],1],[[2,[""relation"",""relation""]],0],[[2,[""relation"",""relation""]],1],[[2,[""relation"",""relation""]],0]]],[2,[""entity"",""entity""]]]",3.806253704011801e-11,0,other
wave2_12_w1_s3_cdaf,12,D+注意,0.4,1,3,1739,3,"[[[[[2,[""relation"",""relation""]],1],[[2,[""relation"",""relation""]],0],[[2,[""relation"",""relation""]],0],[[2,[""relation"",""relation""]],1]]],[2,[""entity"",""entity""]]]",3.772963128976745e-11,0,other
wave2_12_w1_s3_cdaf,12,D+注意,0.4,1,3,1739,4,"[[[[[2,[""relation"",""relation""]],1],[[2,[""relation"",""relation""]],1],[[2,[""relation"",""relation""]],0],[[2,[""relation"",""relation""]],0]]],[2,[""entity"",""entity""]]]",1.923030609626308e-11,0,other
wave2_12_w1_s3_cdaf,12,D+注意,0.4,1,3,1739,5,"[[[[[2,[""relation"",""relation""]],1],[[2,[""relation"",""relation""]],1],[[2,[""relation"",""relation""]],1],[[2,[""relation"",""relation""]],1]]],[2,[""entity"",""entity""]]]",1.8918650678703047e-11,0,other
wave2_12_w1_s3_cdaf,12,D+注意,0.4,1,3,1739,15,"[[[[[2,[""relation"",""relation""]],0]]],[1,[""entity""]]]",0.0,1,sig
wave2_13_w1_s3_cdaf,13,D+注意,0.15,1,3,500,1,"[[[[[2,[""relation"",""relation""]],1],[[2,[""relation"",""relation""]],1],[[2,[""relation"",""relation""]],0],[[2,[""relation"",""relation""]],1]]],[2,[""entity"",""entity""]]]",0.0006858260593342507,0,other
wave2_13_w1_s3_cdaf,13,D+注意,0.15,1,3,500,2,"[[[[[2,[""relation"",""relation""]],1],[[2,[""relation"",""relation""]],1],[[2,[""relation"",""relation""]],1],[[2,[""relation"",""relation""]],0]]],[2,[""entity"",""entity""]]]",0.0006858260592521605,0,other
wave2_13_w1_s3_cdaf,13,D+注意,0.15,1,3,500,3,"[[[[[2,[""relation"",""relation""]],1],[[2,[""relation"",""relation""]],1],[[2,[""relation"",""relation""]],0],[[2,[""relation"",""relation""]],0]]],[2,[""entity"",""entity""]]]",0.0006856361704185776,0,other
wave2_13_w1_s3_cdaf,13,D+注意,0.15,1,3,500,4,"[[[[[2,[""relation"",""relation""]],1],[[2,[""relation"",""relation""]],1],[[2,[""relation"",""relation""]],1],[[2,[""relation"",""relation""]],1]]],[2,[""entity"",""entity""]]]",0.0006641126518556448,0,other
wave2_13_w1_s3_cdaf,13,D+注意,0.15,1,3,500,5,"[[[[[2,[""relation"",""relation""]],1],[[2,[""relation"",""relation""]],1],[[2,[""relation"",""relation""]],1]]],[2,[""relation"",""relation""]]]",0.0005522243494479004,0,other
wave2_13_w1_s3_cdaf,13,D+注意,0.15,1,3,500,15,"[[[[[2,[""relation"",""relation""]],0]]],[1,[""entity""]]]",0.0,1,sig
wave2_13_w1_s3_cdaf,13,D+注意,0.15,1,3,1000,1,"[[[[[2,[""relation"",""relation""]],1],[[2,[""relation"",""relation""]],1],[[2,[""relation"",""relation""]],1],[[2,[""relation"",""relation""]],0]]],[2,[""entity"",""entity""]]]",0.0006858260703594351,0,other
wave2_13_w1_s3_cdaf,13,D+注意,0.15,1,3,1000,2,"[[[[[2,[""relation"",""relation""]],1],[[2,[""relation"",""relation""]],1],[[2,[""relation"",""relation""]],0],[[2,[""relation"",""relation""]],1]]],[2,[""entity"",""entity""]]]",0.0006858260702952098,0,other
wave2_13_w1_s3_cdaf,13,D+注意,0.15,1,3,1000,3,"[[[[[2,[""relation"",""relation""]],1],[[2,[""relation"",""relation""]],1],[[2,[""relation"",""relation""]],0],[[2,[""relation"",""relation""]],0]]],[2,[""entity"",""entity""]]]",0.0006855943466058327,0,other
wave2_13_w1_s3_cdaf,13,D+注意,0.15,1,3,1000,4,"[[[[[2,[""relation"",""relation""]],1],[[2,[""relation"",""relation""]],1],[[2,[""relation"",""relation""]],1],[[2,[""relation"",""relation""]],1]]],[2,[""entity"",""entity""]]]",0.00066411266292648,0,other
wave2_13_w1_s3_cdaf,13,D+注意,0.15,1,3,1000,5,"[[[[[2,[""relation"",""relation""]],1],[[2,[""relation"",""relation""]],1],[[2,[""relation"",""relation""]],1]]],[2,[""relation"",""relation""]]]",0.0005522243494478677,0,other
wave2_13_w1_s3_cdaf,13,D+注意,0.15,1,3,1000,15,"[[[[[2,[""relation"",""relation""]],0]]],[1,[""entity""]]]",0.0,1,sig
wave2_13_w1_s3_cdaf,13,D+注意,0.15,1,3,1500,1,"[[[[[2,[""relation"",""relation""]],1],[[2,[""relation"",""relation""]],1],[[2,[""relation"",""relation""]],1],[[2,[""relation"",""relation""]],0]]],[2,[""entity"",""entity""]]]",0.0006858260861389551,0,other
wave2_13_w1_s3_cdaf,13,D+注意,0.15,1,3,1500,2,"[[[[[2,[""relation"",""relation""]],1],[[2,[""relation"",""relation""]],1],[[2,[""relation"",""relation""]],0],[[2,[""relation"",""relation""]],1]]],[2,[""entity"",""entity""]]]",0.0006858260859148451,0,other
wave2_13_w1_s3_cdaf,13,D+注意,0.15,1,3,1500,3,"[[[[[2,[""relation"",""relation""]],1],[[2,[""relation"",""relation""]],1],[[2,[""relation"",""relation""]],0],[[2,[""relation"",""relation""]],0]]],[2,[""entity"",""entity""]]]",0.0006853149586808579,0,other
wave2_13_w1_s3_cdaf,13,D+注意,0.15,1,3,1500,4,"[[[[[2,[""relation"",""relation""]],1],[[2,[""relation"",""relation""]],1],[[2,[""relation"",""relation""]],1],[[2,[""relation"",""relation""]],1]]],[2,[""entity"",""entity""]]]",0.0006641126787221584,0,other
wave2_13_w1_s3_cdaf,13,D+注意,0.15,1,3,1500,5,"[[[[[2,[""relation"",""relation""]],1],[[2,[""relation"",""relation""]],1],[[2,[""relation"",""relation""]],1]]],[2,[""relation"",""relation""]]]",0.0005522243494478903,0,other
wave2_13_w1_s3_cdaf,13,D+注意,0.15,1,3,1500,15,"[[[[[2,[""relation"",""relation""]],0]]],[1,[""entity""]]]",0.0,1,sig
wave2_13_w1_s3_cdaf,13,D+注意,0.15,1,3,1739,1,"[[[[[2,[""relation"",""relation""]],1],[[2,[""relation"",""relation""]],1],[[2,[""relation"",""relation""]],1],[[2,[""relation"",""relation""]],0]]],[2,[""entity"",""entity""]]]",0.0006858260902788956,0,other
wave2_13_w1_s3_cdaf,13,D+注意,0.15,1,3,1739,2,"[[[[[2,[""relation"",""relation""]],1],[[2,[""relation"",""relation""]],1],[[2,[""relation"",""relation""]],0],[[2,[""relation"",""relation""]],1]]],[2,[""entity"",""entity""]]]",0.0006858260900295807,0,other
wave2_13_w1_s3_cdaf,13,D+注意,0.15,1,3,1739,3,"[[[[[2,[""relation"",""relation""]],1],[[2,[""relation"",""relation""]],1],[[2,[""relation"",""relation""]],0],[[2,[""relation"",""relation""]],0]]],[2,[""entity"",""entity""]]]",0.000685401353155783,0,other
wave2_13_w1_s3_cdaf,13,D+注意,0.15,1,3,1739,4,"[[[[[2,[""relation"",""relation""]],1],[[2,[""relation"",""relation""]],1],[[2,[""relation"",""relation""]],1],[[2,[""relation"",""relation""]],1]]],[2,[""entity"",""entity""]]]",0.0006641126829182119,0,other
wave2_13_w1_s3_cdaf,13,D+注意,0.15,1,3,1739,5,"[[[[[2,[""relation"",""relation""]],1],[[2,[""relation"",""relation""]],1],[[2,[""relation"",""relation""]],1]]],[2,[""relation"",""relation""]]]",0.0005522243494478991,0,other
wave2_13_w1_s3_cdaf,13,D+注意,0.15,1,3,1739,15,"[[[[[2,[""relation"",""relation""]],0]]],[1,[""entity""]]]",0.0,1,sig
wave2_10_w2_s1_cdaf,10,D,0.4,2,1,500,1,"[[[[[2,[""relation"",""relation""]],0]]],[1,[""entity""]]]",0.05099066630276547,1,sig
wave2_10_w2_s1_cdaf,10,D,0.4,2,1,500,2,"[[[]],[2,[""relation"",""relation""]]]",0.041645204454999425,0,link
wave2_10_w2_s1_cdaf,10,D,0.4,2,1,500,3,"[[[[[2,[""relation"",""relation""]],1],[[2,[""relation"",""relation""]],0],[[2,[""relation"",""relation""]],1],[[2,[""relation"",""relation""]],1]]],[2,[""entity"",""entity""]]]",0.038406855623201355,0,other
wave2_10_w2_s1_cdaf,10,D,0.4,2,1,500,4,"[[[[[2,[""relation"",""relation""]],1],[[2,[""relation"",""relation""]],0],[[2,[""relation"",""relation""]],1],[[2,[""relation"",""relation""]],0]]],[2,[""entity"",""entity""]]]",0.0018396643807359224,0,other
wave2_10_w2_s1_cdaf,10,D,0.4,2,1,500,5,"[[[[[2,[""relation"",""relation""]],1],[[2,[""relation"",""relation""]],0],[[2,[""relation"",""relation""]],0],[[2,[""relation"",""relation""]],1]]],[2,[""entity"",""entity""]]]",0.001833008789034414,0,other
wave2_10_w2_s1_cdaf,10,D,0.4,2,1,1000,1,"[[[[[2,[""relation"",""relation""]],0]]],[1,[""entity""]]]",0.15651746732633273,1,sig
wave2_10_w2_s1_cdaf,10,D,0.4,2,1,1000,2,"[[[]],[2,[""relation"",""relation""]]]",0.12538450028488252,0,link
wave2_10_w2_s1_cdaf,10,D,0.4,2,1,1000,3,"[[[[[2,[""relation"",""relation""]],1],[[2,[""relation"",""relation""]],0],[[2,[""relation"",""relation""]],1],[[2,[""relation"",""relation""]],1]]],[2,[""entity"",""entity""]]]",0.03840597203863728,0,other
wave2_10_w2_s1_cdaf,10,D,0.4,2,1,1000,4,"[[[[[2,[""relation"",""relation""]],1],[[2,[""relation"",""relation""]],0],[[2,[""relation"",""relation""]],1],[[2,[""relation"",""relation""]],0]]],[2,[""entity"",""entity""]]]",0.008905125612950936,0,other
wave2_10_w2_s1_cdaf,10,D,0.4,2,1,1000,5,"[[[[[2,[""relation"",""relation""]],1],[[2,[""relation"",""relation""]],0],[[2,[""relation"",""relation""]],0],[[2,[""relation"",""relation""]],1]]],[2,[""entity"",""entity""]]]",0.00887509912174219,0,other
wave2_10_w2_s1_cdaf,10,D,0.4,2,1,1500,1,"[[[[[2,[""relation"",""relation""]],0]]],[1,[""entity""]]]",0.2357507685625826,1,sig
wave2_10_w2_s1_cdaf,10,D,0.4,2,1,1500,2,"[[[]],[2,[""relation"",""relation""]]]",0.18443717762489728,0,link
wave2_10_w2_s1_cdaf,10,D,0.4,2,1,1500,3,"[[[[[2,[""relation"",""relation""]],1],[[2,[""relation"",""relation""]],0],[[2,[""relation"",""relation""]],1],[[2,[""relation"",""relation""]],1]]],[2,[""entity"",""entity""]]]",0.038405191870114,0,other
wave2_10_w2_s1_cdaf,10,D,0.4,2,1,1500,4,"[[[[[2,[""relation"",""relation""]],1],[[2,[""relation"",""relation""]],0],[[2,[""relation"",""relation""]],1],[[2,[""relation"",""relation""]],0]]],[2,[""entity"",""entity""]]]",0.01288927007699469,0,other
wave2_10_w2_s1_cdaf,10,D,0.4,2,1,1500,5,"[[[[[2,[""relation"",""relation""]],1],[[2,[""relation"",""relation""]],0],[[2,[""relation"",""relation""]],0],[[2,[""relation"",""relation""]],1]]],[2,[""entity"",""entity""]]]",0.01284608648798544,0,other
wave2_10_w2_s1_cdaf,10,D,0.4,2,1,1739,1,"[[[[[2,[""relation"",""relation""]],0]]],[1,[""entity""]]]",0.2842663076389597,1,sig
wave2_10_w2_s1_cdaf,10,D,0.4,2,1,1739,2,"[[[]],[2,[""relation"",""relation""]]]",0.22459615659420235,0,link
wave2_10_w2_s1_cdaf,10,D,0.4,2,1,1739,3,"[[[[[2,[""relation"",""relation""]],1],[[2,[""relation"",""relation""]],0],[[2,[""relation"",""relation""]],1],[[2,[""relation"",""relation""]],1]]],[2,[""entity"",""entity""]]]",0.03840384602799801,0,other
wave2_10_w2_s1_cdaf,10,D,0.4,2,1,1739,4,"[[[[[2,[""relation"",""relation""]],1],[[2,[""relation"",""relation""]],0],[[2,[""relation"",""relation""]],1],[[2,[""relation"",""relation""]],0]]],[2,[""entity"",""entity""]]]",0.002269830929407536,0,other
wave2_10_w2_s1_cdaf,10,D,0.4,2,1,1739,5,"[[[[[2,[""relation"",""relation""]],1],[[2,[""relation"",""relation""]],0],[[2,[""relation"",""relation""]],0],[[2,[""relation"",""relation""]],1]]],[2,[""entity"",""entity""]]]",0.002264808043709715,0,other
wave2_11_w2_s1_cdaf,11,D,0.15,2,1,500,1,"[[[[[2,[""relation"",""relation""]],0]]],[1,[""entity""]]]",0.16840047693655164,1,sig
wave2_11_w2_s1_cdaf,11,D,0.15,2,1,500,2,"[[[]],[2,[""relation"",""relation""]]]",0.10824780117217522,0,link
wave2_11_w2_s1_cdaf,11,D,0.15,2,1,500,3,"[[[[[2,[""relation"",""relation""]],1],[[2,[""relation"",""relation""]],1],[[2,[""relation"",""relation""]],1],[[2,[""relation"",""relation""]],0]]],[2,[""entity"",""entity""]]]",0.020235913624862628,0,other
wave2_11_w2_s1_cdaf,11,D,0.15,2,1,500,4,"[[[[[2,[""relation"",""relation""]],1],[[2,[""relation"",""relation""]],0],[[2,[""relation"",""relation""]],1],[[2,[""relation"",""relation""]],0]]],[2,[""entity"",""entity""]]]",0.00530308436557852,0,other
wave2_11_w2_s1_cdaf,11,D,0.15,2,1,500,5,"[[[[[2,[""relation"",""relation""]],1],[[2,[""relation"",""relation""]],1]]],[2,[""relation"",""relation""]]]",0.0015820437462283324,0,other
wave2_11_w2_s1_cdaf,11,D,0.15,2,1,1000,1,"[[[[[2,[""relation"",""relation""]],0]]],[1,[""entity""]]]",0.2781524969543018,1,sig
wave2_11_w2_s1_cdaf,11,D,0.15,2,1,1000,2,"[[[]],[2,[""relation"",""relation""]]]",0.1964653282905972,0,link
wave2_11_w2_s1_cdaf,11,D,0.15,2,1,1000,3,"[[[[[2,[""relation"",""relation""]],1],[[2,[""relation"",""relation""]],1],[[2,[""relation"",""relation""]],1],[[2,[""relation"",""relation""]],0]]],[2,[""entity"",""entity""]]]",0.0573162550851969,0,other
wave2_11_w2_s1_cdaf,11,D,0.15,2,1,1000,4,"[[[[[2,[""relation"",""relation""]],1],[[2,[""relation"",""relation""]],1]]],[2,[""relation"",""relation""]]]",0.0015820437462283163,0,other
wave2_11_w2_s1_cdaf,11,D,0.15,2,1,1000,5,"[[[[[2,[""relation"",""relation""]],1],[[2,[""relation"",""relation""]],1],[[2,[""relation"",""relation""]],1]]],[2,[""relation"",""relation""]]]",0.0013302031819660454,0,other
wave2_11_w2_s1_cdaf,11,D,0.15,2,1,1500,1,"[[[[[2,[""relation"",""relation""]],0]]],[1,[""entity""]]]",0.35794180084482563,1,sig
wave2_11_w2_s1_cdaf,11,D,0.15,2,1,1500,2,"[[[]],[2,[""relation"",""relation""]]]",0.25707316649914846,0,link
wave2_11_w2_s1_cdaf,11,D,0.15,2,1,1500,3,"[[[[[2,[""relation"",""relation""]],1],[[2,[""relation"",""relation""]],1],[[2,[""relation"",""relation""]],1],[[2,[""relation"",""relation""]],0]]],[2,[""entity"",""entity""]]]",0.07445011955076956,0,other
wave2_11_w2_s1_cdaf,11,D,0.15,2,1,1500,4,"[[[[[2,[""relation"",""relation""]],1],[[2,[""relation"",""relation""]],1]]],[2,[""relation"",""relation""]]]",0.001582043746228332,0,other
wave2_11_w2_s1_cdaf,11,D,0.15,2,1,1500,5,"[[[[[2,[""relation"",""relation""]],1],[[2,[""relation"",""relation""]],1],[[2,[""relation"",""relation""]],1]]],[2,[""relation"",""relation""]]]",0.0013341713176523492,0,other
wave2_11_w2_s1_cdaf,11,D,0.15,2,1,1739,1,"[[[[[2,[""relation"",""relation""]],0]]],[1,[""entity""]]]",0.4131010808030907,1,sig
wave2_11_w2_s1_cdaf,11,D,0.15,2,1,1739,2,"[[[]],[2,[""relation"",""relation""]]]",0.2995645194822869,0,link
wave2_11_w2_s1_cdaf,11,D,0.15,2,1,1739,3,"[[[[[2,[""relation"",""relation""]],1],[[2,[""relation"",""relation""]],1],[[2,[""relation"",""relation""]],1],[[2,[""relation"",""relation""]],0]]],[2,[""entity"",""entity""]]]",0.09297423550857974,0,other
wave2_11_w2_s1_cdaf,11,D,0.15,2,1,1739,4,"[[[[[2,[""relation"",""relation""]],1],[[2,[""relation"",""relation""]],1]]],[2,[""relation"",""relation""]]]",0.0015820437462283029,0,other
wave2_11_w2_s1_cdaf,11,D,0.15,2,1,1739,5,"[[[[[2,[""relation"",""relation""]],1],[[2,[""relation"",""relation""]],1],[[2,[""relation"",""relation""]],1]]],[2,[""relation"",""relation""]]]",0.0013384254375373571,0,other
wave2_12_w2_s1_cdaf,12,D+注意,0.4,2,1,500,1,"[[[[[2,[""relation"",""relation""]],0]]],[1,[""entity""]]]",0.05099066630276547,1,sig
wave2_12_w2_s1_cdaf,12,D+注意,0.4,2,1,500,2,"[[[]],[2,[""relation"",""relation""]]]",0.041645204454999425,0,link
wave2_12_w2_s1_cdaf,12,D+注意,0.4,2,1,500,3,"[[[[[2,[""relation"",""relation""]],1],[[2,[""relation"",""relation""]],0],[[2,[""relation"",""relation""]],1],[[2,[""relation"",""relation""]],1]]],[2,[""entity"",""entity""]]]",0.038406855623201355,0,other
wave2_12_w2_s1_cdaf,12,D+注意,0.4,2,1,500,4,"[[[[[2,[""relation"",""relation""]],1],[[2,[""relation"",""relation""]],0],[[2,[""relation"",""relation""]],1],[[2,[""relation"",""relation""]],0]]],[2,[""entity"",""entity""]]]",0.0018396643807359224,0,other
wave2_12_w2_s1_cdaf,12,D+注意,0.4,2,1,500,5,"[[[[[2,[""relation"",""relation""]],1],[[2,[""relation"",""relation""]],0],[[2,[""relation"",""relation""]],0],[[2,[""relation"",""relation""]],1]]],[2,[""entity"",""entity""]]]",0.001833008789034414,0,other
wave2_12_w2_s1_cdaf,12,D+注意,0.4,2,1,1000,1,"[[[[[2,[""relation"",""relation""]],0]]],[1,[""entity""]]]",0.15651746732633273,1,sig
wave2_12_w2_s1_cdaf,12,D+注意,0.4,2,1,1000,2,"[[[]],[2,[""relation"",""relation""]]]",0.12538450028488252,0,link
wave2_12_w2_s1_cdaf,12,D+注意,0.4,2,1,1000,3,"[[[[[2,[""relation"",""relation""]],1],[[2,[""relation"",""relation""]],0],[[2,[""relation"",""relation""]],1],[[2,[""relation"",""relation""]],1]]],[2,[""entity"",""entity""]]]",0.03840597203863728,0,other
wave2_12_w2_s1_cdaf,12,D+注意,0.4,2,1,1000,4,"[[[[[2,[""relation"",""relation""]],1],[[2,[""relation"",""relation""]],0],[[2,[""relation"",""relation""]],1],[[2,[""relation"",""relation""]],0]]],[2,[""entity"",""entity""]]]",0.008905125612950936,0,other
wave2_12_w2_s1_cdaf,12,D+注意,0.4,2,1,1000,5,"[[[[[2,[""relation"",""relation""]],1],[[2,[""relation"",""relation""]],0],[[2,[""relation"",""relation""]],0],[[2,[""relation"",""relation""]],1]]],[2,[""entity"",""entity""]]]",0.00887509912174219,0,other
wave2_12_w2_s1_cdaf,12,D+注意,0.4,2,1,1500,1,"[[[[[2,[""relation"",""relation""]],0]]],[1,[""entity""]]]",0.2357507685625826,1,sig
wave2_12_w2_s1_cdaf,12,D+注意,0.4,2,1,1500,2,"[[[]],[2,[""relation"",""relation""]]]",0.18443717762489728,0,link
wave2_12_w2_s1_cdaf,12,D+注意,0.4,2,1,1500,3,"[[[[[2,[""relation"",""relation""]],1],[[2,[""relation"",""relation""]],0],[[2,[""relation"",""relation""]],1],[[2,[""relation"",""relation""]],1]]],[2,[""entity"",""entity""]]]",0.038405191870114,0,other
wave2_12_w2_s1_cdaf,12,D+注意,0.4,2,1,1500,4,"[[[[[2,[""relation"",""relation""]],1],[[2,[""relation"",""relation""]],0],[[2,[""relation"",""relation""]],1],[[2,[""relation"",""relation""]],0]]],[2,[""entity"",""entity""]]]",0.01288927007699469,0,other
wave2_12_w2_s1_cdaf,12,D+注意,0.4,2,1,1500,5,"[[[[[2,[""relation"",""relation""]],1],[[2,[""relation"",""relation""]],0],[[2,[""relation"",""relation""]],0],[[2,[""relation"",""relation""]],1]]],[2,[""entity"",""entity""]]]",0.01284608648798544,0,other
wave2_12_w2_s1_cdaf,12,D+注意,0.4,2,1,1739,1,"[[[[[2,[""relation"",""relation""]],0]]],[1,[""entity""]]]",0.2842663076389597,1,sig
wave2_12_w2_s1_cdaf,12,D+注意,0.4,2,1,1739,2,"[[[]],[2,[""relation"",""relation""]]]",0.22459615659420235,0,link
wave2_12_w2_s1_cdaf,12,D+注意,0.4,2,1,1739,3,"[[[[[2,[""relation"",""relation""]],1],[[2,[""relation"",""relation""]],0],[[2,[""relation"",""relation""]],1],[[2,[""relation"",""relation""]],1]]],[2,[""entity"",""entity""]]]",0.03840384602799801,0,other
wave2_12_w2_s1_cdaf,12,D+注意,0.4,2,1,1739,4,"[[[[[2,[""relation"",""relation""]],1],[[2,[""relation"",""relation""]],0],[[2,[""relation"",""relation""]],1],[[2,[""relation"",""relation""]],0]]],[2,[""entity"",""entity""]]]",0.002269830929407536,0,other
wave2_12_w2_s1_cdaf,12,D+注意,0.4,2,1,1739,5,"[[[[[2,[""relation"",""relation""]],1],[[2,[""relation"",""relation""]],0],[[2,[""relation"",""relation""]],0],[[2,[""relation"",""relation""]],1]]],[2,[""entity"",""entity""]]]",0.002264808043709715,0,other
wave2_13_w2_s1_cdaf,13,D+注意,0.15,2,1,500,1,"[[[[[2,[""relation"",""relation""]],0]]],[1,[""entity""]]]",0.16840047693655164,1,sig
wave2_13_w2_s1_cdaf,13,D+注意,0.15,2,1,500,2,"[[[]],[2,[""relation"",""relation""]]]",0.10824780117217522,0,link
wave2_13_w2_s1_cdaf,13,D+注意,0.15,2,1,500,3,"[[[[[2,[""relation"",""relation""]],1],[[2,[""relation"",""relation""]],1],[[2,[""relation"",""relation""]],1],[[2,[""relation"",""relation""]],0]]],[2,[""entity"",""entity""]]]",0.020235913624862628,0,other
wave2_13_w2_s1_cdaf,13,D+注意,0.15,2,1,500,4,"[[[[[2,[""relation"",""relation""]],1],[[2,[""relation"",""relation""]],0],[[2,[""relation"",""relation""]],1],[[2,[""relation"",""relation""]],0]]],[2,[""entity"",""entity""]]]",0.00530308436557852,0,other
wave2_13_w2_s1_cdaf,13,D+注意,0.15,2,1,500,5,"[[[[[2,[""relation"",""relation""]],1],[[2,[""relation"",""relation""]],1]]],[2,[""relation"",""relation""]]]",0.0015820437462283324,0,other
wave2_13_w2_s1_cdaf,13,D+注意,0.15,2,1,1000,1,"[[[[[2,[""relation"",""relation""]],0]]],[1,[""entity""]]]",0.2781524969543018,1,sig
wave2_13_w2_s1_cdaf,13,D+注意,0.15,2,1,1000,2,"[[[]],[2,[""relation"",""relation""]]]",0.1964653282905972,0,link
wave2_13_w2_s1_cdaf,13,D+注意,0.15,2,1,1000,3,"[[[[[2,[""relation"",""relation""]],1],[[2,[""relation"",""relation""]],1],[[2,[""relation"",""relation""]],1],[[2,[""relation"",""relation""]],0]]],[2,[""entity"",""entity""]]]",0.0573162550851969,0,other
wave2_13_w2_s1_cdaf,13,D+注意,0.15,2,1,1000,4,"[[[[[2,[""relation"",""relation""]],1],[[2,[""relation"",""relation""]],1]]],[2,[""relation"",""relation""]]]",0.0015820437462283163,0,other
wave2_13_w2_s1_cdaf,13,D+注意,0.15,2,1,1000,5,"[[[[[2,[""relation"",""relation""]],1],[[2,[""relation"",""relation""]],1],[[2,[""relation"",""relation""]],1]]],[2,[""relation"",""relation""]]]",0.0013302031819660454,0,other
wave2_13_w2_s1_cdaf,13,D+注意,0.15,2,1,1500,1,"[[[[[2,[""relation"",""relation""]],0]]],[1,[""entity""]]]",0.35794180084482563,1,sig
wave2_13_w2_s1_cdaf,13,D+注意,0.15,2,1,1500,2,"[[[]],[2,[""relation"",""relation""]]]",0.25707316649914846,0,link
wave2_13_w2_s1_cdaf,13,D+注意,0.15,2,1,1500,3,"[[[[[2,[""relation"",""relation""]],1],[[2,[""relation"",""relation""]],1],[[2,[""relation"",""relation""]],1],[[2,[""relation"",""relation""]],0]]],[2,[""entity"",""entity""]]]",0.07445011955076956,0,other
wave2_13_w2_s1_cdaf,13,D+注意,0.15,2,1,1500,4,"[[[[[2,[""relation"",""relation""]],1],[[2,[""relation"",""relation""]],1]]],[2,[""relation"",""relation""]]]",0.001582043746228332,0,other
wave2_13_w2_s1_cdaf,13,D+注意,0.15,2,1,1500,5,"[[[[[2,[""relation"",""relation""]],1],[[2,[""relation"",""relation""]],1],[[2,[""relation"",""relation""]],1]]],[2,[""relation"",""relation""]]]",0.0013341713176523492,0,other
wave2_13_w2_s1_cdaf,13,D+注意,0.15,2,1,1739,1,"[[[[[2,[""relation"",""relation""]],0]]],[1,[""entity""]]]",0.4131010808030907,1,sig
wave2_13_w2_s1_cdaf,13,D+注意,0.15,2,1,1739,2,"[[[]],[2,[""relation"",""relation""]]]",0.2995645194822869,0,link
wave2_13_w2_s1_cdaf,13,D+注意,0.15,2,1,1739,3,"[[[[[2,[""relation"",""relation""]],1],[[2,[""relation"",""relation""]],1],[[2,[""relation"",""relation""]],1],[[2,[""relation"",""relation""]],0]]],[2,[""entity"",""entity""]]]",0.09297423550857974,0,other
wave2_13_w2_s1_cdaf,13,D+注意,0.15,2,1,1739,4,"[[[[[2,[""relation"",""relation""]],1],[[2,[""relation"",""relation""]],1]]],[2,[""relation"",""relation""]]]",0.0015820437462283029,0,other
wave2_13_w2_s1_cdaf,13,D+注意,0.15,2,1,1739,5,"[[[[[2,[""relation"",""relation""]],1],[[2,[""relation"",""relation""]],1],[[2,[""relation"",""relation""]],1]]],[2,[""relation"",""relation""]]]",0.0013384254375373571,0,other
wave2_10_w2_s2_cdaf,10,D,0.4,2,2,500,1,"[[[[[2,[""relation"",""relation""]],0]]],[1,[""entity""]]]",0.008770663967670773,1,sig
wave2_10_w2_s2_cdaf,10,D,0.4,2,2,500,2,"[[[]],[2,[""relation"",""relation""]]]",0.007471352748638026,0,link
wave2_10_w2_s2_cdaf,10,D,0.4,2,2,500,3,"[[[[[2,[""relation"",""relation""]],1],[[2,[""relation"",""relation""]],0],[[2,[""relation"",""relation""]],0],[[2,[""relation"",""relation""]],1]]],[2,[""entity"",""entity""]]]",0.0030044060718635995,0,other
wave2_10_w2_s2_cdaf,10,D,0.4,2,2,500,4,"[[[[[2,[""relation"",""relation""]],1],[[2,[""relation"",""relation""]],0],[[2,[""relation"",""relation""]],1],[[2,[""relation"",""relation""]],1]]],[2,[""entity"",""entity""]]]",0.0029744718447166163,0,other
wave2_10_w2_s2_cdaf,10,D,0.4,2,2,500,5,"[[[[[2,[""relation"",""relation""]],1],[[2,[""relation"",""relation""]],0]]],[2,[""relation"",""relation""]]]",0.0023524492755648187,0,other
wave2_10_w2_s2_cdaf,10,D,0.4,2,2,1000,1,"[[[[[2,[""relation"",""relation""]],0]]],[1,[""entity""]]]",0.07344163707398932,1,sig
wave2_10_w2_s2_cdaf,10,D,0.4,2,2,1000,2,"[[[]],[2,[""relation"",""relation""]]]",0.014676202306174517,0,link
wave2_10_w2_s2_cdaf,10,D,0.4,2,2,1000,3,"[[[[[2,[""relation"",""relation""]],1],[[2,[""relation"",""relation""]],0],[[2,[""relation"",""relation""]],0],[[2,[""relation"",""relation""]],0]]],[2,[""entity"",""entity""]]]",0.0,0,door
wave2_10_w2_s2_cdaf,10,D,0.4,2,2,1000,4,"[[[[[2,[""relation"",""relation""]],1],[[2,[""relation"",""relation""]],0],[[2,[""relation"",""relation""]],0],[[2,[""relation"",""relation""]],1]]],[2,[""entity"",""entity""]]]",0.0,0,other
wave2_10_w2_s2_cdaf,10,D,0.4,2,2,1000,5,"[[[[[2,[""relation"",""relation""]],1],[[2,[""relation"",""relation""]],0],[[2,[""relation"",""relation""]],0]]],[2,[""relation"",""relation""]]]",0.0,0,other
wave2_10_w2_s2_cdaf,10,D,0.4,2,2,1500,1,"[[[[[2,[""relation"",""relation""]],0]]],[1,[""entity""]]]",0.08658474356425158,1,sig
wave2_10_w2_s2_cdaf,10,D,0.4,2,2,1500,2,"[[[]],[2,[""relation"",""relation""]]]",0.02564780375364167,0,link
wave2_10_w2_s2_cdaf,10,D,0.4,2,2,1500,3,"[[[[[2,[""relation"",""relation""]],1],[[2,[""relation"",""relation""]],1],[[2,[""relation"",""relation""]],0],[[2,[""relation"",""relation""]],0]]],[2,[""entity"",""entity""]]]",0.006806149805359056,0,other
wave2_10_w2_s2_cdaf,10,D,0.4,2,2,1500,4,"[[[[[2,[""relation"",""relation""]],1],[[2,[""relation"",""relation""]],0],[[2,[""relation"",""relation""]],1],[[2,[""relation"",""relation""]],1]]],[2,[""entity"",""entity""]]]",0.00572739545371407,0,other
wave2_10_w2_s2_cdaf,10,D,0.4,2,2,1500,5,"[[[[[2,[""relation"",""relation""]],1],[[2,[""relation"",""relation""]],0],[[2,[""relation"",""relation""]],0],[[2,[""relation"",""relation""]],1]]],[2,[""entity"",""entity""]]]",0.005016086204896849,0,other
wave2_10_w2_s2_cdaf,10,D,0.4,2,2,1739,1,"[[[[[2,[""relation"",""relation""]],0]]],[1,[""entity""]]]",0.08787342259194975,1,sig
wave2_10_w2_s2_cdaf,10,D,0.4,2,2,1739,2,"[[[]],[2,[""relation"",""relation""]]]",0.026762398666745842,0,link
wave2_10_w2_s2_cdaf,10,D,0.4,2,2,1739,3,"[[[[[2,[""relation"",""relation""]],1],[[2,[""relation"",""relation""]],1],[[2,[""relation"",""relation""]],0],[[2,[""relation"",""relation""]],0]]],[2,[""entity"",""entity""]]]",0.006805693621649499,0,other
wave2_10_w2_s2_cdaf,10,D,0.4,2,2,1739,4,"[[[[[2,[""relation"",""relation""]],1],[[2,[""relation"",""relation""]],1],[[2,[""relation"",""relation""]],0]]],[2,[""relation"",""relation""]]]",1.559328376930097e-06,0,other
wave2_10_w2_s2_cdaf,10,D,0.4,2,2,1739,5,"[[[[[2,[""relation"",""relation""]],1],[[2,[""relation"",""relation""]],1],[[2,[""relation"",""relation""]],1]]],[2,[""relation"",""relation""]]]",6.53123388705268e-17,0,other
wave2_11_w2_s2_cdaf,11,D,0.15,2,2,500,1,"[[[[[2,[""relation"",""relation""]],0]]],[1,[""entity""]]]",0.08323106627760528,1,sig
wave2_11_w2_s2_cdaf,11,D,0.15,2,2,500,2,"[[[]],[2,[""relation"",""relation""]]]",0.055756656130737596,0,link
wave2_11_w2_s2_cdaf,11,D,0.15,2,2,500,3,"[[[[[2,[""relation"",""relation""]],1],[[2,[""relation"",""relation""]],1],[[2,[""relation"",""relation""]],1],[[2,[""relation"",""relation""]],1]]],[2,[""entity"",""entity""]]]",0.006107696418267781,0,other
wave2_11_w2_s2_cdaf,11,D,0.15,2,2,500,4,"[[[[[2,[""relation"",""relation""]],1],[[2,[""relation"",""relation""]],1],[[2,[""relation"",""relation""]],0],[[2,[""relation"",""relation""]],1]]],[2,[""entity"",""entity""]]]",0.002388244636958731,0,other
wave2_11_w2_s2_cdaf,11,D,0.15,2,2,500,5,"[[[[[2,[""relation"",""relation""]],1],[[2,[""relation"",""relation""]],1]]],[2,[""relation"",""relation""]]]",0.002273391436421198,0,other
wave2_11_w2_s2_cdaf,11,D,0.15,2,2,1000,1,"[[[[[2,[""relation"",""relation""]],0]]],[1,[""entity""]]]",0.23055391762416405,1,sig
wave2_11_w2_s2_cdaf,11,D,0.15,2,2,1000,2,"[[[]],[2,[""relation"",""relation""]]]",0.1433636001193327,0,link
wave2_11_w2_s2_cdaf,11,D,0.15,2,2,1000,3,"[[[[[2,[""relation"",""relation""]],1],[[2,[""relation"",""relation""]],1],[[2,[""relation"",""relation""]],1],[[2,[""relation"",""relation""]],0]]],[2,[""entity"",""entity""]]]",0.028262923110886122,0,other
wave2_11_w2_s2_cdaf,11,D,0.15,2,2,1000,4,"[[[[[2,[""relation"",""relation""]],1],[[2,[""relation"",""relation""]],0],[[2,[""relation"",""relation""]],1],[[2,[""relation"",""relation""]],1]]],[2,[""entity"",""entity""]]]",0.021943451518662248,0,other
wave2_11_w2_s2_cdaf,11,D,0.15,2,2,1000,5,"[[[[[2,[""relation"",""relation""]],1],[[2,[""relation"",""relation""]],1],[[2,[""relation"",""relation""]],0],[[2,[""relation"",""relation""]],1]]],[2,[""entity"",""entity""]]]",0.0023871536538416583,0,other
wave2_11_w2_s2_cdaf,11,D,0.15,2,2,1500,1,"[[[[[2,[""relation"",""relation""]],0]]],[1,[""entity""]]]",0.3426742353210773,1,sig
wave2_11_w2_s2_cdaf,11,D,0.15,2,2,1500,2,"[[[]],[2,[""relation"",""relation""]]]",0.2178710502954429,0,link
wave2_11_w2_s2_cdaf,11,D,0.15,2,2,1500,3,"[[[[[2,[""relation"",""relation""]],1],[[2,[""relation"",""relation""]],1],[[2,[""relation"",""relation""]],1],[[2,[""relation"",""relation""]],0]]],[2,[""entity"",""entity""]]]",0.025657485474098088,0,other
wave2_11_w2_s2_cdaf,11,D,0.15,2,2,1500,4,"[[[[[2,[""relation"",""relation""]],1],[[2,[""relation"",""relation""]],0],[[2,[""relation"",""relation""]],1],[[2,[""relation"",""relation""]],1]]],[2,[""entity"",""entity""]]]",0.019920681770187753,0,other
wave2_11_w2_s2_cdaf,11,D,0.15,2,2,1500,5,"[[[[[2,[""relation"",""relation""]],1],[[2,[""relation"",""relation""]],1],[[2,[""relation"",""relation""]],1],[[2,[""relation"",""relation""]],1]]],[2,[""entity"",""entity""]]]",0.005953923749950645,0,other
wave2_11_w2_s2_cdaf,11,D,0.15,2,2,1739,1,"[[[[[2,[""relation"",""relation""]],0]]],[1,[""entity""]]]",0.3940929249912913,1,sig
wave2_11_w2_s2_cdaf,11,D,0.15,2,2,1739,2,"[[[]],[2,[""relation"",""relation""]]]",0.25383184374622686,0,link
wave2_11_w2_s2_cdaf,11,D,0.15,2,2,1739,3,"[[[[[2,[""relation"",""relation""]],1],[[2,[""relation"",""relation""]],1],[[2,[""relation"",""relation""]],1],[[2,[""relation"",""relation""]],0]]],[2,[""entity"",""entity""]]]",0.02784405067362055,0,other
wave2_11_w2_s2_cdaf,11,D,0.15,2,2,1739,4,"[[[[[2,[""relation"",""relation""]],1],[[2,[""relation"",""relation""]],0],[[2,[""relation"",""relation""]],1],[[2,[""relation"",""relation""]],1]]],[2,[""entity"",""entity""]]]",0.02164459712753629,0,other
wave2_11_w2_s2_cdaf,11,D,0.15,2,2,1739,5,"[[[[[2,[""relation"",""relation""]],1],[[2,[""relation"",""relation""]],1],[[2,[""relation"",""relation""]],1],[[2,[""relation"",""relation""]],1]]],[2,[""entity"",""entity""]]]",0.00463700519852379,0,other
wave2_12_w2_s2_cdaf,12,D+注意,0.4,2,2,500,1,"[[[[[2,[""relation"",""relation""]],0]]],[1,[""entity""]]]",0.008770663967670773,1,sig
wave2_12_w2_s2_cdaf,12,D+注意,0.4,2,2,500,2,"[[[]],[2,[""relation"",""relation""]]]",0.007471352748638026,0,link
wave2_12_w2_s2_cdaf,12,D+注意,0.4,2,2,500,3,"[[[[[2,[""relation"",""relation""]],1],[[2,[""relation"",""relation""]],0],[[2,[""relation"",""relation""]],0],[[2,[""relation"",""relation""]],1]]],[2,[""entity"",""entity""]]]",0.0030044060718635995,0,other
wave2_12_w2_s2_cdaf,12,D+注意,0.4,2,2,500,4,"[[[[[2,[""relation"",""relation""]],1],[[2,[""relation"",""relation""]],0],[[2,[""relation"",""relation""]],1],[[2,[""relation"",""relation""]],1]]],[2,[""entity"",""entity""]]]",0.0029744718447166163,0,other
wave2_12_w2_s2_cdaf,12,D+注意,0.4,2,2,500,5,"[[[[[2,[""relation"",""relation""]],1],[[2,[""relation"",""relation""]],0]]],[2,[""relation"",""relation""]]]",0.0023524492755648187,0,other
wave2_12_w2_s2_cdaf,12,D+注意,0.4,2,2,1000,1,"[[[[[2,[""relation"",""relation""]],0]]],[1,[""entity""]]]",0.07344163707398932,1,sig
wave2_12_w2_s2_cdaf,12,D+注意,0.4,2,2,1000,2,"[[[]],[2,[""relation"",""relation""]]]",0.014676202306174517,0,link
wave2_12_w2_s2_cdaf,12,D+注意,0.4,2,2,1000,3,"[[[[[2,[""relation"",""relation""]],1],[[2,[""relation"",""relation""]],0],[[2,[""relation"",""relation""]],0],[[2,[""relation"",""relation""]],0]]],[2,[""entity"",""entity""]]]",0.0,0,door
wave2_12_w2_s2_cdaf,12,D+注意,0.4,2,2,1000,4,"[[[[[2,[""relation"",""relation""]],1],[[2,[""relation"",""relation""]],0],[[2,[""relation"",""relation""]],0],[[2,[""relation"",""relation""]],1]]],[2,[""entity"",""entity""]]]",0.0,0,other
wave2_12_w2_s2_cdaf,12,D+注意,0.4,2,2,1000,5,"[[[[[2,[""relation"",""relation""]],1],[[2,[""relation"",""relation""]],0],[[2,[""relation"",""relation""]],0]]],[2,[""relation"",""relation""]]]",0.0,0,other
wave2_12_w2_s2_cdaf,12,D+注意,0.4,2,2,1500,1,"[[[[[2,[""relation"",""relation""]],0]]],[1,[""entity""]]]",0.08658474356425158,1,sig
wave2_12_w2_s2_cdaf,12,D+注意,0.4,2,2,1500,2,"[[[]],[2,[""relation"",""relation""]]]",0.02564780375364167,0,link
wave2_12_w2_s2_cdaf,12,D+注意,0.4,2,2,1500,3,"[[[[[2,[""relation"",""relation""]],1],[[2,[""relation"",""relation""]],1],[[2,[""relation"",""relation""]],0],[[2,[""relation"",""relation""]],0]]],[2,[""entity"",""entity""]]]",0.006806149805359056,0,other
wave2_12_w2_s2_cdaf,12,D+注意,0.4,2,2,1500,4,"[[[[[2,[""relation"",""relation""]],1],[[2,[""relation"",""relation""]],0],[[2,[""relation"",""relation""]],1],[[2,[""relation"",""relation""]],1]]],[2,[""entity"",""entity""]]]",0.00572739545371407,0,other
wave2_12_w2_s2_cdaf,12,D+注意,0.4,2,2,1500,5,"[[[[[2,[""relation"",""relation""]],1],[[2,[""relation"",""relation""]],0],[[2,[""relation"",""relation""]],0],[[2,[""relation"",""relation""]],1]]],[2,[""entity"",""entity""]]]",0.005016086204896849,0,other
wave2_12_w2_s2_cdaf,12,D+注意,0.4,2,2,1739,1,"[[[[[2,[""relation"",""relation""]],0]]],[1,[""entity""]]]",0.08787342259194975,1,sig
wave2_12_w2_s2_cdaf,12,D+注意,0.4,2,2,1739,2,"[[[]],[2,[""relation"",""relation""]]]",0.026762398666745842,0,link
wave2_12_w2_s2_cdaf,12,D+注意,0.4,2,2,1739,3,"[[[[[2,[""relation"",""relation""]],1],[[2,[""relation"",""relation""]],1],[[2,[""relation"",""relation""]],0],[[2,[""relation"",""relation""]],0]]],[2,[""entity"",""entity""]]]",0.006805693621649499,0,other
wave2_12_w2_s2_cdaf,12,D+注意,0.4,2,2,1739,4,"[[[[[2,[""relation"",""relation""]],1],[[2,[""relation"",""relation""]],1],[[2,[""relation"",""relation""]],0]]],[2,[""relation"",""relation""]]]",1.559328376930097e-06,0,other
wave2_12_w2_s2_cdaf,12,D+注意,0.4,2,2,1739,5,"[[[[[2,[""relation"",""relation""]],1],[[2,[""relation"",""relation""]],1],[[2,[""relation"",""relation""]],1]]],[2,[""relation"",""relation""]]]",6.53123388705268e-17,0,other
wave2_13_w2_s2_cdaf,13,D+注意,0.15,2,2,500,1,"[[[[[2,[""relation"",""relation""]],0]]],[1,[""entity""]]]",0.08323106627760528,1,sig
wave2_13_w2_s2_cdaf,13,D+注意,0.15,2,2,500,2,"[[[]],[2,[""relation"",""relation""]]]",0.055756656130737596,0,link
wave2_13_w2_s2_cdaf,13,D+注意,0.15,2,2,500,3,"[[[[[2,[""relation"",""relation""]],1],[[2,[""relation"",""relation""]],1],[[2,[""relation"",""relation""]],1],[[2,[""relation"",""relation""]],1]]],[2,[""entity"",""entity""]]]",0.006107696418267781,0,other
wave2_13_w2_s2_cdaf,13,D+注意,0.15,2,2,500,4,"[[[[[2,[""relation"",""relation""]],1],[[2,[""relation"",""relation""]],1],[[2,[""relation"",""relation""]],0],[[2,[""relation"",""relation""]],1]]],[2,[""entity"",""entity""]]]",0.002388244636958731,0,other
wave2_13_w2_s2_cdaf,13,D+注意,0.15,2,2,500,5,"[[[[[2,[""relation"",""relation""]],1],[[2,[""relation"",""relation""]],1]]],[2,[""relation"",""relation""]]]",0.002273391436421198,0,other
wave2_13_w2_s2_cdaf,13,D+注意,0.15,2,2,1000,1,"[[[[[2,[""relation"",""relation""]],0]]],[1,[""entity""]]]",0.23055391762416405,1,sig
wave2_13_w2_s2_cdaf,13,D+注意,0.15,2,2,1000,2,"[[[]],[2,[""relation"",""relation""]]]",0.1433636001193327,0,link
wave2_13_w2_s2_cdaf,13,D+注意,0.15,2,2,1000,3,"[[[[[2,[""relation"",""relation""]],1],[[2,[""relation"",""relation""]],1],[[2,[""relation"",""relation""]],1],[[2,[""relation"",""relation""]],0]]],[2,[""entity"",""entity""]]]",0.028262923110886122,0,other
wave2_13_w2_s2_cdaf,13,D+注意,0.15,2,2,1000,4,"[[[[[2,[""relation"",""relation""]],1],[[2,[""relation"",""relation""]],0],[[2,[""relation"",""relation""]],1],[[2,[""relation"",""relation""]],1]]],[2,[""entity"",""entity""]]]",0.021943451518662248,0,other
wave2_13_w2_s2_cdaf,13,D+注意,0.15,2,2,1000,5,"[[[[[2,[""relation"",""relation""]],1],[[2,[""relation"",""relation""]],1],[[2,[""relation"",""relation""]],0],[[2,[""relation"",""relation""]],1]]],[2,[""entity"",""entity""]]]",0.0023871536538416583,0,other
wave2_13_w2_s2_cdaf,13,D+注意,0.15,2,2,1500,1,"[[[[[2,[""relation"",""relation""]],0]]],[1,[""entity""]]]",0.3426742353210773,1,sig
wave2_13_w2_s2_cdaf,13,D+注意,0.15,2,2,1500,2,"[[[]],[2,[""relation"",""relation""]]]",0.2178710502954429,0,link
wave2_13_w2_s2_cdaf,13,D+注意,0.15,2,2,1500,3,"[[[[[2,[""relation"",""relation""]],1],[[2,[""relation"",""relation""]],1],[[2,[""relation"",""relation""]],1],[[2,[""relation"",""relation""]],0]]],[2,[""entity"",""entity""]]]",0.025657485474098088,0,other
wave2_13_w2_s2_cdaf,13,D+注意,0.15,2,2,1500,4,"[[[[[2,[""relation"",""relation""]],1],[[2,[""relation"",""relation""]],0],[[2,[""relation"",""relation""]],1],[[2,[""relation"",""relation""]],1]]],[2,[""entity"",""entity""]]]",0.019920681770187753,0,other
wave2_13_w2_s2_cdaf,13,D+注意,0.15,2,2,1500,5,"[[[[[2,[""relation"",""relation""]],1],[[2,[""relation"",""relation""]],1],[[2,[""relation"",""relation""]],1],[[2,[""relation"",""relation""]],1]]],[2,[""entity"",""entity""]]]",0.005953923749950645,0,other
wave2_13_w2_s2_cdaf,13,D+注意,0.15,2,2,1739,1,"[[[[[2,[""relation"",""relation""]],0]]],[1,[""entity""]]]",0.3940929249912913,1,sig
wave2_13_w2_s2_cdaf,13,D+注意,0.15,2,2,1739,2,"[[[]],[2,[""relation"",""relation""]]]",0.25383184374622686,0,link
wave2_13_w2_s2_cdaf,13,D+注意,0.15,2,2,1739,3,"[[[[[2,[""relation"",""relation""]],1],[[2,[""relation"",""relation""]],1],[[2,[""relation"",""relation""]],1],[[2,[""relation"",""relation""]],0]]],[2,[""entity"",""entity""]]]",0.02784405067362055,0,other
wave2_13_w2_s2_cdaf,13,D+注意,0.15,2,2,1739,4,"[[[[[2,[""relation"",""relation""]],1],[[2,[""relation"",""relation""]],0],[[2,[""relation"",""relation""]],1],[[2,[""relation"",""relation""]],1]]],[2,[""entity"",""entity""]]]",0.02164459712753629,0,other
wave2_13_w2_s2_cdaf,13,D+注意,0.15,2,2,1739,5,"[[[[[2,[""relation"",""relation""]],1],[[2,[""relation"",""relation""]],1],[[2,[""relation"",""relation""]],1],[[2,[""relation"",""relation""]],1]]],[2,[""entity"",""entity""]]]",0.00463700519852379,0,other
wave2_10_w2_s3_cdaf,10,D,0.4,2,3,500,1,"[[[[[2,[""relation"",""relation""]],0]]],[1,[""entity""]]]",0.017113269420131576,1,sig
wave2_10_w2_s3_cdaf,10,D,0.4,2,3,500,2,"[[[]],[2,[""relation"",""relation""]]]",0.013799794642527214,0,link
wave2_10_w2_s3_cdaf,10,D,0.4,2,3,500,3,"[[[[[2,[""relation"",""relation""]],1],[[2,[""relation"",""relation""]],1],[[2,[""relation"",""relation""]],0],[[2,[""relation"",""relation""]],1]]],[2,[""entity"",""entity""]]]",0.003694357139408853,0,other
wave2_10_w2_s3_cdaf,10,D,0.4,2,3,500,4,"[[[[[2,[""relation"",""relation""]],1],[[2,[""relation"",""relation""]],1],[[2,[""relation"",""relation""]],1],[[2,[""relation"",""relation""]],1]]],[2,[""entity"",""entity""]]]",0.0036844373231377727,0,other
wave2_10_w2_s3_cdaf,10,D,0.4,2,3,500,5,"[[[[[2,[""relation"",""relation""]],1],[[2,[""relation"",""relation""]],1],[[2,[""relation"",""relation""]],1],[[2,[""relation"",""relation""]],0]]],[2,[""entity"",""entity""]]]",0.003676446474583394,0,other
wave2_10_w2_s3_cdaf,10,D,0.4,2,3,1000,1,"[[[[[2,[""relation"",""relation""]],0]]],[1,[""entity""]]]",0.18443413274734016,1,sig
wave2_10_w2_s3_cdaf,10,D,0.4,2,3,1000,2,"[[[]],[2,[""relation"",""relation""]]]",0.03655154722078348,0,link
wave2_10_w2_s3_cdaf,10,D,0.4,2,3,1000,3,"[[[[[2,[""relation"",""relation""]],1],[[2,[""relation"",""relation""]],1],[[2,[""relation"",""relation""]],1],[[2,[""relation"",""relation""]],0]]],[2,[""entity"",""entity""]]]",0.02256936396621271,0,other
wave2_10_w2_s3_cdaf,10,D,0.4,2,3,1000,4,"[[[[[2,[""relation"",""relation""]],1],[[2,[""relation"",""relation""]],1],[[2,[""relation"",""relation""]],1]]],[2,[""relation"",""relation""]]]",0.018662739766704045,0,other
wave2_10_w2_s3_cdaf,10,D,0.4,2,3,1000,5,"[[[[[2,[""relation"",""relation""]],1],[[2,[""relation"",""relation""]],0]]],[2,[""relation"",""relation""]]]",0.0007196510887268316,0,other
wave2_10_w2_s3_cdaf,10,D,0.4,2,3,1500,1,"[[[[[2,[""relation"",""relation""]],0]]],[1,[""entity""]]]",0.41105907329129865,1,sig
wave2_10_w2_s3_cdaf,10,D,0.4,2,3,1500,2,"[[[]],[2,[""relation"",""relation""]]]",0.10831866147336326,0,link
wave2_10_w2_s3_cdaf,10,D,0.4,2,3,1500,3,"[[[[[2,[""relation"",""relation""]],1],[[2,[""relation"",""relation""]],1],[[2,[""relation"",""relation""]],1],[[2,[""relation"",""relation""]],0]]],[2,[""entity"",""entity""]]]",0.04326511049099476,0,other
wave2_10_w2_s3_cdaf,10,D,0.4,2,3,1500,4,"[[[[[2,[""relation"",""relation""]],1],[[2,[""relation"",""relation""]],1],[[2,[""relation"",""relation""]],1]]],[2,[""relation"",""relation""]]]",0.03574834910088676,0,other
wave2_10_w2_s3_cdaf,10,D,0.4,2,3,1500,5,"[[[[[2,[""relation"",""relation""]],1],[[2,[""relation"",""relation""]],1],[[2,[""relation"",""relation""]],0],[[2,[""relation"",""relation""]],1]]],[2,[""entity"",""entity""]]]",0.004862799382928409,0,other
wave2_10_w2_s3_cdaf,10,D,0.4,2,3,1739,1,"[[[[[2,[""relation"",""relation""]],0]]],[1,[""entity""]]]",0.573955204098652,1,sig
wave2_10_w2_s3_cdaf,10,D,0.4,2,3,1739,2,"[[[]],[2,[""relation"",""relation""]]]",0.13159666004268705,0,link
wave2_10_w2_s3_cdaf,10,D,0.4,2,3,1739,3,"[[[[[2,[""relation"",""relation""]],1],[[2,[""relation"",""relation""]],1],[[2,[""relation"",""relation""]],1],[[2,[""relation"",""relation""]],0]]],[2,[""entity"",""entity""]]]",0.0582342190466846,0,other
wave2_10_w2_s3_cdaf,10,D,0.4,2,3,1739,4,"[[[[[2,[""relation"",""relation""]],1],[[2,[""relation"",""relation""]],1],[[2,[""relation"",""relation""]],1]]],[2,[""relation"",""relation""]]]",0.04807722791506668,0,other
wave2_10_w2_s3_cdaf,10,D,0.4,2,3,1739,5,"[[[[[2,[""relation"",""relation""]],1],[[2,[""relation"",""relation""]],1],[[2,[""relation"",""relation""]],0],[[2,[""relation"",""relation""]],1]]],[2,[""entity"",""entity""]]]",0.0033784103276306384,0,other
wave2_11_w2_s3_cdaf,11,D,0.15,2,3,500,1,"[[[[[2,[""relation"",""relation""]],0]]],[1,[""entity""]]]",0.11048882066687299,1,sig
wave2_11_w2_s3_cdaf,11,D,0.15,2,3,500,2,"[[[]],[2,[""relation"",""relation""]]]",0.07817450524849537,0,link
wave2_11_w2_s3_cdaf,11,D,0.15,2,3,500,3,"[[[[[2,[""relation"",""relation""]],1],[[2,[""relation"",""relation""]],1],[[2,[""relation"",""relation""]],1],[[2,[""relation"",""relation""]],0]]],[2,[""entity"",""entity""]]]",0.0005558609313636284,0,other
wave2_11_w2_s3_cdaf,11,D,0.15,2,3,500,4,"[[[[[2,[""relation"",""relation""]],1],[[2,[""relation"",""relation""]],1],[[2,[""relation"",""relation""]],0],[[2,[""relation"",""relation""]],1]]],[2,[""entity"",""entity""]]]",0.0005537602504172388,0,other
wave2_11_w2_s3_cdaf,11,D,0.15,2,3,500,5,"[[[[[2,[""relation"",""relation""]],1],[[2,[""relation"",""relation""]],1],[[2,[""relation"",""relation""]],1],[[2,[""relation"",""relation""]],1]]],[2,[""entity"",""entity""]]]",0.0005395080901890361,0,other
wave2_11_w2_s3_cdaf,11,D,0.15,2,3,1000,1,"[[[[[2,[""relation"",""relation""]],0]]],[1,[""entity""]]]",0.20057567631025125,1,sig
wave2_11_w2_s3_cdaf,11,D,0.15,2,3,1000,2,"[[[]],[2,[""relation"",""relation""]]]",0.14264958363985167,0,link
wave2_11_w2_s3_cdaf,11,D,0.15,2,3,1000,3,"[[[[[2,[""relation"",""relation""]],1],[[2,[""relation"",""relation""]],1],[[2,[""relation"",""relation""]],1],[[2,[""relation"",""relation""]],0]]],[2,[""entity"",""entity""]]]",0.000555338596717113,0,other
wave2_11_w2_s3_cdaf,11,D,0.15,2,3,1000,4,"[[[[[2,[""relation"",""relation""]],1],[[2,[""relation"",""relation""]],1],[[2,[""relation"",""relation""]],0],[[2,[""relation"",""relation""]],1]]],[2,[""entity"",""entity""]]]",0.0005532450654625654,0,other
wave2_11_w2_s3_cdaf,11,D,0.15,2,3,1000,5,"[[[[[2,[""relation"",""relation""]],1],[[2,[""relation"",""relation""]],1],[[2,[""relation"",""relation""]],1],[[2,[""relation"",""relation""]],1]]],[2,[""entity"",""entity""]]]",0.0005389876665595883,0,other
wave2_11_w2_s3_cdaf,11,D,0.15,2,3,1500,1,"[[[[[2,[""relation"",""relation""]],0]]],[1,[""entity""]]]",0.3714141914526809,1,sig
wave2_11_w2_s3_cdaf,11,D,0.15,2,3,1500,2,"[[[]],[2,[""relation"",""relation""]]]",0.27540975142703594,0,link
wave2_11_w2_s3_cdaf,11,D,0.15,2,3,1500,3,"[[[[[2,[""relation"",""relation""]],1],[[2,[""relation"",""relation""]],1],[[2,[""relation"",""relation""]],0],[[2,[""relation"",""relation""]],0]]],[2,[""entity"",""entity""]]]",0.0035814385563305356,0,other
wave2_11_w2_s3_cdaf,11,D,0.15,2,3,1500,4,"[[[[[2,[""relation"",""relation""]],1],[[2,[""relation"",""relation""]],1],[[2,[""relation"",""relation""]],1],[[2,[""relation"",""relation""]],0]]],[2,[""entity"",""entity""]]]",0.0005545037634634172,0,other
wave2_11_w2_s3_cdaf,11,D,0.15,2,3,1500,5,"[[[[[2,[""relation"",""relation""]],1],[[2,[""relation"",""relation""]],1],[[2,[""relation"",""relation""]],0],[[2,[""relation"",""relation""]],1]]],[2,[""entity"",""entity""]]]",0.000552417899966323,0,other
wave2_11_w2_s3_cdaf,11,D,0.15,2,3,1739,1,"[[[[[2,[""relation"",""relation""]],0]]],[1,[""entity""]]]",0.4006016202181708,1,sig
wave2_11_w2_s3_cdaf,11,D,0.15,2,3,1739,2,"[[[]],[2,[""relation"",""relation""]]]",0.2968557945104299,0,link
wave2_11_w2_s3_cdaf,11,D,0.15,2,3,1739,3,"[[[[[2,[""relation"",""relation""]],1],[[2,[""relation"",""relation""]],1],[[2,[""relation"",""relation""]],1],[[2,[""relation"",""relation""]],0]]],[2,[""entity"",""entity""]]]",0.0005543471429995693,0,other
wave2_11_w2_s3_cdaf,11,D,0.15,2,3,1739,4,"[[[[[2,[""relation"",""relation""]],1],[[2,[""relation"",""relation""]],1],[[2,[""relation"",""relation""]],0],[[2,[""relation"",""relation""]],1]]],[2,[""entity"",""entity""]]]",0.0005522624152364751,0,other
wave2_11_w2_s3_cdaf,11,D,0.15,2,3,1739,5,"[[[[[2,[""relation"",""relation""]],1],[[2,[""relation"",""relation""]],1],[[2,[""relation"",""relation""]],1],[[2,[""relation"",""relation""]],1]]],[2,[""entity"",""entity""]]]",0.0005379923832773522,0,other
wave2_12_w2_s3_cdaf,12,D+注意,0.4,2,3,500,1,"[[[[[2,[""relation"",""relation""]],0]]],[1,[""entity""]]]",0.017113269420131576,1,sig
wave2_12_w2_s3_cdaf,12,D+注意,0.4,2,3,500,2,"[[[]],[2,[""relation"",""relation""]]]",0.013799794642527214,0,link
wave2_12_w2_s3_cdaf,12,D+注意,0.4,2,3,500,3,"[[[[[2,[""relation"",""relation""]],1],[[2,[""relation"",""relation""]],1],[[2,[""relation"",""relation""]],0],[[2,[""relation"",""relation""]],1]]],[2,[""entity"",""entity""]]]",0.003694357139408853,0,other
wave2_12_w2_s3_cdaf,12,D+注意,0.4,2,3,500,4,"[[[[[2,[""relation"",""relation""]],1],[[2,[""relation"",""relation""]],1],[[2,[""relation"",""relation""]],1],[[2,[""relation"",""relation""]],1]]],[2,[""entity"",""entity""]]]",0.0036844373231377727,0,other
wave2_12_w2_s3_cdaf,12,D+注意,0.4,2,3,500,5,"[[[[[2,[""relation"",""relation""]],1],[[2,[""relation"",""relation""]],1],[[2,[""relation"",""relation""]],1],[[2,[""relation"",""relation""]],0]]],[2,[""entity"",""entity""]]]",0.003676446474583394,0,other
wave2_12_w2_s3_cdaf,12,D+注意,0.4,2,3,1000,1,"[[[[[2,[""relation"",""relation""]],0]]],[1,[""entity""]]]",0.18443413274734016,1,sig
wave2_12_w2_s3_cdaf,12,D+注意,0.4,2,3,1000,2,"[[[]],[2,[""relation"",""relation""]]]",0.03655154722078348,0,link
wave2_12_w2_s3_cdaf,12,D+注意,0.4,2,3,1000,3,"[[[[[2,[""relation"",""relation""]],1],[[2,[""relation"",""relation""]],1],[[2,[""relation"",""relation""]],1],[[2,[""relation"",""relation""]],0]]],[2,[""entity"",""entity""]]]",0.02256936396621271,0,other
wave2_12_w2_s3_cdaf,12,D+注意,0.4,2,3,1000,4,"[[[[[2,[""relation"",""relation""]],1],[[2,[""relation"",""relation""]],1],[[2,[""relation"",""relation""]],1]]],[2,[""relation"",""relation""]]]",0.018662739766704045,0,other
wave2_12_w2_s3_cdaf,12,D+注意,0.4,2,3,1000,5,"[[[[[2,[""relation"",""relation""]],1],[[2,[""relation"",""relation""]],0]]],[2,[""relation"",""relation""]]]",0.0007196510887268316,0,other
wave2_12_w2_s3_cdaf,12,D+注意,0.4,2,3,1500,1,"[[[[[2,[""relation"",""relation""]],0]]],[1,[""entity""]]]",0.41105907329129865,1,sig
wave2_12_w2_s3_cdaf,12,D+注意,0.4,2,3,1500,2,"[[[]],[2,[""relation"",""relation""]]]",0.10831866147336326,0,link
wave2_12_w2_s3_cdaf,12,D+注意,0.4,2,3,1500,3,"[[[[[2,[""relation"",""relation""]],1],[[2,[""relation"",""relation""]],1],[[2,[""relation"",""relation""]],1],[[2,[""relation"",""relation""]],0]]],[2,[""entity"",""entity""]]]",0.04326511049099476,0,other
wave2_12_w2_s3_cdaf,12,D+注意,0.4,2,3,1500,4,"[[[[[2,[""relation"",""relation""]],1],[[2,[""relation"",""relation""]],1],[[2,[""relation"",""relation""]],1]]],[2,[""relation"",""relation""]]]",0.03574834910088676,0,other
wave2_12_w2_s3_cdaf,12,D+注意,0.4,2,3,1500,5,"[[[[[2,[""relation"",""relation""]],1],[[2,[""relation"",""relation""]],1],[[2,[""relation"",""relation""]],0],[[2,[""relation"",""relation""]],1]]],[2,[""entity"",""entity""]]]",0.004862799382928409,0,other
wave2_12_w2_s3_cdaf,12,D+注意,0.4,2,3,1739,1,"[[[[[2,[""relation"",""relation""]],0]]],[1,[""entity""]]]",0.573955204098652,1,sig
wave2_12_w2_s3_cdaf,12,D+注意,0.4,2,3,1739,2,"[[[]],[2,[""relation"",""relation""]]]",0.13159666004268705,0,link
wave2_12_w2_s3_cdaf,12,D+注意,0.4,2,3,1739,3,"[[[[[2,[""relation"",""relation""]],1],[[2,[""relation"",""relation""]],1],[[2,[""relation"",""relation""]],1],[[2,[""relation"",""relation""]],0]]],[2,[""entity"",""entity""]]]",0.0582342190466846,0,other
wave2_12_w2_s3_cdaf,12,D+注意,0.4,2,3,1739,4,"[[[[[2,[""relation"",""relation""]],1],[[2,[""relation"",""relation""]],1],[[2,[""relation"",""relation""]],1]]],[2,[""relation"",""relation""]]]",0.04807722791506668,0,other
wave2_12_w2_s3_cdaf,12,D+注意,0.4,2,3,1739,5,"[[[[[2,[""relation"",""relation""]],1],[[2,[""relation"",""relation""]],1],[[2,[""relation"",""relation""]],0],[[2,[""relation"",""relation""]],1]]],[2,[""entity"",""entity""]]]",0.0033784103276306384,0,other
wave2_13_w2_s3_cdaf,13,D+注意,0.15,2,3,500,1,"[[[[[2,[""relation"",""relation""]],0]]],[1,[""entity""]]]",0.11048882066687299,1,sig
wave2_13_w2_s3_cdaf,13,D+注意,0.15,2,3,500,2,"[[[]],[2,[""relation"",""relation""]]]",0.07817450524849537,0,link
wave2_13_w2_s3_cdaf,13,D+注意,0.15,2,3,500,3,"[[[[[2,[""relation"",""relation""]],1],[[2,[""relation"",""relation""]],1],[[2,[""relation"",""relation""]],1],[[2,[""relation"",""relation""]],0]]],[2,[""entity"",""entity""]]]",0.0005558609313636284,0,other
wave2_13_w2_s3_cdaf,13,D+注意,0.15,2,3,500,4,"[[[[[2,[""relation"",""relation""]],1],[[2,[""relation"",""relation""]],1],[[2,[""relation"",""relation""]],0],[[2,[""relation"",""relation""]],1]]],[2,[""entity"",""entity""]]]",0.0005537602504172388,0,other
wave2_13_w2_s3_cdaf,13,D+注意,0.15,2,3,500,5,"[[[[[2,[""relation"",""relation""]],1],[[2,[""relation"",""relation""]],1],[[2,[""relation"",""relation""]],1],[[2,[""relation"",""relation""]],1]]],[2,[""entity"",""entity""]]]",0.0005395080901890361,0,other
wave2_13_w2_s3_cdaf,13,D+注意,0.15,2,3,1000,1,"[[[[[2,[""relation"",""relation""]],0]]],[1,[""entity""]]]",0.20057567631025125,1,sig
wave2_13_w2_s3_cdaf,13,D+注意,0.15,2,3,1000,2,"[[[]],[2,[""relation"",""relation""]]]",0.14264958363985167,0,link
wave2_13_w2_s3_cdaf,13,D+注意,0.15,2,3,1000,3,"[[[[[2,[""relation"",""relation""]],1],[[2,[""relation"",""relation""]],1],[[2,[""relation"",""relation""]],1],[[2,[""relation"",""relation""]],0]]],[2,[""entity"",""entity""]]]",0.000555338596717113,0,other
wave2_13_w2_s3_cdaf,13,D+注意,0.15,2,3,1000,4,"[[[[[2,[""relation"",""relation""]],1],[[2,[""relation"",""relation""]],1],[[2,[""relation"",""relation""]],0],[[2,[""relation"",""relation""]],1]]],[2,[""entity"",""entity""]]]",0.0005532450654625654,0,other
wave2_13_w2_s3_cdaf,13,D+注意,0.15,2,3,1000,5,"[[[[[2,[""relation"",""relation""]],1],[[2,[""relation"",""relation""]],1],[[2,[""relation"",""relation""]],1],[[2,[""relation"",""relation""]],1]]],[2,[""entity"",""entity""]]]",0.0005389876665595883,0,other
wave2_13_w2_s3_cdaf,13,D+注意,0.15,2,3,1500,1,"[[[[[2,[""relation"",""relation""]],0]]],[1,[""entity""]]]",0.3714141914526809,1,sig
wave2_13_w2_s3_cdaf,13,D+注意,0.15,2,3,1500,2,"[[[]],[2,[""relation"",""relation""]]]",0.27540975142703594,0,link
wave2_13_w2_s3_cdaf,13,D+注意,0.15,2,3,1500,3,"[[[[[2,[""relation"",""relation""]],1],[[2,[""relation"",""relation""]],1],[[2,[""relation"",""relation""]],0],[[2,[""relation"",""relation""]],0]]],[2,[""entity"",""entity""]]]",0.0035814385563305356,0,other
wave2_13_w2_s3_cdaf,13,D+注意,0.15,2,3,1500,4,"[[[[[2,[""relation"",""relation""]],1],[[2,[""relation"",""relation""]],1],[[2,[""relation"",""relation""]],1],[[2,[""relation"",""relation""]],0]]],[2,[""entity"",""entity""]]]",0.0005545037634634172,0,other
wave2_13_w2_s3_cdaf,13,D+注意,0.15,2,3,1500,5,"[[[[[2,[""relation"",""relation""]],1],[[2,[""relation"",""relation""]],1],[[2,[""relation"",""relation""]],0],[[2,[""relation"",""relation""]],1]]],[2,[""entity"",""entity""]]]",0.000552417899966323,0,other
wave2_13_w2_s3_cdaf,13,D+注意,0.15,2,3,1739,1,"[[[[[2,[""relation"",""relation""]],0]]],[1,[""entity""]]]",0.4006016202181708,1,sig
wave2_13_w2_s3_cdaf,13,D+注意,0.15,2,3,1739,2,"[[[]],[2,[""relation"",""relation""]]]",0.2968557945104299,0,link
wave2_13_w2_s3_cdaf,13,D+注意,0.15,2,3,1739,3,"[[[[[2,[""relation"",""relation""]],1],[[2,[""relation"",""relation""]],1],[[2,[""relation"",""relation""]],1],[[2,[""relation"",""relation""]],0]]],[2,[""entity"",""entity""]]]",0.0005543471429995693,0,other
wave2_13_w2_s3_cdaf,13,D+注意,0.15,2,3,1739,4,"[[[[[2,[""relation"",""relation""]],1],[[2,[""relation"",""relation""]],1],[[2,[""relation"",""relation""]],0],[[2,[""relation"",""relation""]],1]]],[2,[""entity"",""entity""]]]",0.0005522624152364751,0,other
wave2_13_w2_s3_cdaf,13,D+注意,0.15,2,3,1739,5,"[[[[[2,[""relation"",""relation""]],1],[[2,[""relation"",""relation""]],1],[[2,[""relation"",""relation""]],1],[[2,[""relation"",""relation""]],1]]],[2,[""entity"",""entity""]]]",0.0005379923832773522,0,other
