/home/tatsu/n3sel_view/n3l_w2_A_lam0.15/ledgers	/home/tatsu/n3lgrid/n3l_w2_A_lam0.15/ledgers
/home/tatsu/n3sel_view/n3l_w2_A_lam0.15/side/f0.5000_th2.1000_vt0.3842_first_order/seed003.shop.jsonl	/home/tatsu/n3lgrid/n3l_w2_A_lam0.15/side/f0.5000_th2.1000_vt0.3842_first_order//seed003.shop.jsonl
/home/tatsu/n3sel_view/n3l_w2_A_lam0.15/side/f0.5000_th2.1000_vt0.3842_first_order/seed011.shop.jsonl	/home/tatsu/n3lgrid/n3l_w2_A_lam0.15/side/f0.5000_th2.1000_vt0.3842_first_order//seed011.shop.jsonl
/home/tatsu/n3sel_view/n3l_w2_A_lam0.15/side/f0.5000_th2.1000_vt0.3842_first_order/seed020.shop.jsonl	/home/tatsu/n3lgrid/n3l_w2_A_lam0.15/side/f0.5000_th2.1000_vt0.3842_first_order//seed020.shop.jsonl
/home/tatsu/n3sel_view/n3l_w2_A_lam0.15/side/f0.5000_th2.1000_vt0.3842_first_order/seed008.ambig.csv	/home/tatsu/n3lgrid/n3l_w2_A_lam0.15/side/f0.5000_th2.1000_vt0.3842_first_order//seed008.ambig.csv
/home/tatsu/n3sel_view/n3l_w2_A_lam0.15/side/f0.5000_th2.1000_vt0.3842_first_order/seed003.ambig.csv	/home/tatsu/n3lgrid/n3l_w2_A_lam0.15/side/f0.5000_th2.1000_vt0.3842_first_order//seed003.ambig.csv
/home/tatsu/n3sel_view/n3l_w2_A_lam0.15/side/f0.5000_th2.1000_vt0.3842_first_order/seed013.ambig.csv	/home/tatsu/n3lgrid/n3l_w2_A_lam0.15/side/f0.5000_th2.1000_vt0.3842_first_order//seed013.ambig.csv
/home/tatsu/n3sel_view/n3l_w2_A_lam0.15/side/f0.5000_th2.1000_vt0.3842_first_order/seed004.answers.csv	/home/tatsu/n3lgrid/n3l_w2_A_lam0.15/side/f0.5000_th2.1000_vt0.3842_first_order//seed004.answers.csv
/home/tatsu/n3sel_view/n3l_w2_A_lam0.15/side/f0.5000_th2.1000_vt0.3842_first_order/seed019.probe.jsonl	/home/tatsu/n3lgrid/n3l_w2_A_lam0.15/side/f0.5000_th2.1000_vt0.3842_first_order//seed019.probe.jsonl
/home/tatsu/n3sel_view/n3l_w2_A_lam0.15/side/f0.5000_th2.1000_vt0.3842_first_order/seed001.shop.jsonl	/home/tatsu/n3lgrid/n3l_w2_A_lam0.15/side/f0.5000_th2.1000_vt0.3842_first_order//seed001.shop.jsonl
/home/tatsu/n3sel_view/n3l_w2_A_lam0.15/side/f0.5000_th2.1000_vt0.3842_first_order/seed016.shop.jsonl	/home/tatsu/n3lgrid/n3l_w2_A_lam0.15/side/f0.5000_th2.1000_vt0.3842_first_order//seed016.shop.jsonl
/home/tatsu/n3sel_view/n3l_w2_A_lam0.15/side/f0.5000_th2.1000_vt0.3842_first_order/seed006.probe.jsonl	/home/tatsu/n3lgrid/n3l_w2_A_lam0.15/side/f0.5000_th2.1000_vt0.3842_first_order//seed006.probe.jsonl
/home/tatsu/n3sel_view/n3l_w2_A_lam0.15/side/f0.5000_th2.1000_vt0.3842_first_order/seed013.shop.jsonl	/home/tatsu/n3lgrid/n3l_w2_A_lam0.15/side/f0.5000_th2.1000_vt0.3842_first_order//seed013.shop.jsonl
/home/tatsu/n3sel_view/n3l_w2_A_lam0.15/side/f0.5000_th2.1000_vt0.3842_first_order/seed012.probe.jsonl	/home/tatsu/n3lgrid/n3l_w2_A_lam0.15/side/f0.5000_th2.1000_vt0.3842_first_order//seed012.probe.jsonl
/home/tatsu/n3sel_view/n3l_w2_A_lam0.15/side/f0.5000_th2.1000_vt0.3842_first_order/seed008.answers.csv	/home/tatsu/n3lgrid/n3l_w2_A_lam0.15/side/f0.5000_th2.1000_vt0.3842_first_order//seed008.answers.csv
/home/tatsu/n3sel_view/n3l_w2_A_lam0.15/side/f0.5000_th2.1000_vt0.3842_first_order/seed012.shop.jsonl	/home/tatsu/n3lgrid/n3l_w2_A_lam0.15/side/f0.5000_th2.1000_vt0.3842_first_order//seed012.shop.jsonl
/home/tatsu/n3sel_view/n3l_w2_A_lam0.15/side/f0.5000_th2.1000_vt0.3842_first_order/seed004.probe.jsonl	/home/tatsu/n3lgrid/n3l_w2_A_lam0.15/side/f0.5000_th2.1000_vt0.3842_first_order//seed004.probe.jsonl
/home/tatsu/n3sel_view/n3l_w2_A_lam0.15/side/f0.5000_th2.1000_vt0.3842_first_order/seed015.answers.csv	/home/tatsu/n3lgrid/n3l_w2_A_lam0.15/side/f0.5000_th2.1000_vt0.3842_first_order//seed015.answers.csv
/home/tatsu/n3sel_view/n3l_w2_A_lam0.15/side/f0.5000_th2.1000_vt0.3842_first_order/seed005.ambig.csv	/home/tatsu/n3lgrid/n3l_w2_A_lam0.15/side/f0.5000_th2.1000_vt0.3842_first_order//seed005.ambig.csv
/home/tatsu/n3sel_view/n3l_w2_A_lam0.15/side/f0.5000_th2.1000_vt0.3842_first_order/seed006.shop.jsonl	/home/tatsu/n3lgrid/n3l_w2_A_lam0.15/side/f0.5000_th2.1000_vt0.3842_first_order//seed006.shop.jsonl
/home/tatsu/n3sel_view/n3l_w2_A_lam0.15/side/f0.5000_th2.1000_vt0.3842_first_order/seed007.shop.jsonl	/home/tatsu/n3lgrid/n3l_w2_A_lam0.15/side/f0.5000_th2.1000_vt0.3842_first_order//seed007.shop.jsonl
/home/tatsu/n3sel_view/n3l_w2_A_lam0.15/side/f0.5000_th2.1000_vt0.3842_first_order/seed010.probe.jsonl	/home/tatsu/n3lgrid/n3l_w2_A_lam0.15/side/f0.5000_th2.1000_vt0.3842_first_order//seed010.probe.jsonl
/home/tatsu/n3sel_view/n3l_w2_A_lam0.15/side/f0.5000_th2.1000_vt0.3842_first_order/seed007.ambig.csv	/home/tatsu/n3lgrid/n3l_w2_A_lam0.15/side/f0.5000_th2.1000_vt0.3842_first_order//seed007.ambig.csv
/home/tatsu/n3sel_view/n3l_w2_A_lam0.15/side/f0.5000_th2.1000_vt0.3842_first_order/seed020.probe.jsonl	/home/tatsu/n3lgrid/n3l_w2_A_lam0.15/side/f0.5000_th2.1000_vt0.3842_first_order//seed020.probe.jsonl
/home/tatsu/n3sel_view/n3l_w2_A_lam0.15/side/f0.5000_th2.1000_vt0.3842_first_order/seed014.probe.jsonl	/home/tatsu/n3lgrid/n3l_w2_A_lam0.15/side/f0.5000_th2.1000_vt0.3842_first_order//seed014.probe.jsonl
/home/tatsu/n3sel_view/n3l_w2_A_lam0.15/side/f0.5000_th2.1000_vt0.3842_first_order/seed014.ambig.csv	/home/tatsu/n3lgrid/n3l_w2_A_lam0.15/side/f0.5000_th2.1000_vt0.3842_first_order//seed014.ambig.csv
/home/tatsu/n3sel_view/n3l_w2_A_lam0.15/side/f0.5000_th2.1000_vt0.3842_first_order/seed012.answers.csv	/home/tatsu/n3lgrid/n3l_w2_A_lam0.15/side/f0.5000_th2.1000_vt0.3842_first_order//seed012.answers.csv
/home/tatsu/n3sel_view/n3l_w2_A_lam0.15/side/f0.5000_th2.1000_vt0.3842_first_order/seed016.ambig.csv	/home/tatsu/n3lgrid/n3l_w2_A_lam0.15/side/f0.5000_th2.1000_vt0.3842_first_order//seed016.ambig.csv
/home/tatsu/n3sel_view/n3l_w2_A_lam0.15/side/f0.5000_th2.1000_vt0.3842_first_order/seed013.answers.csv	/home/tatsu/n3lgrid/n3l_w2_A_lam0.15/side/f0.5000_th2.1000_vt0.3842_first_order//seed013.answers.csv
/home/tatsu/n3sel_view/n3l_w2_A_lam0.15/side/f0.5000_th2.1000_vt0.3842_first_order/seed014.answers.csv	/home/tatsu/n3lgrid/n3l_w2_A_lam0.15/side/f0.5000_th2.1000_vt0.3842_first_order//seed014.answers.csv
/home/tatsu/n3sel_view/n3l_w2_A_lam0.15/side/f0.5000_th2.1000_vt0.3842_first_order/seed019.ambig.csv	/home/tatsu/n3lgrid/n3l_w2_A_lam0.15/side/f0.5000_th2.1000_vt0.3842_first_order//seed019.ambig.csv
/home/tatsu/n3sel_view/n3l_w2_A_lam0.15/side/f0.5000_th2.1000_vt0.3842_first_order/seed017.answers.csv	/home/tatsu/n3lgrid/n3l_w2_A_lam0.15/side/f0.5000_th2.1000_vt0.3842_first_order//seed017.answers.csv
/home/tatsu/n3sel_view/n3l_w2_A_lam0.15/side/f0.5000_th2.1000_vt0.3842_first_order/seed009.answers.csv	/home/tatsu/n3lgrid/n3l_w2_A_lam0.15/side/f0.5000_th2.1000_vt0.3842_first_order//seed009.answers.csv
/home/tatsu/n3sel_view/n3l_w2_A_lam0.15/side/f0.5000_th2.1000_vt0.3842_first_order/seed015.ambig.csv	/home/tatsu/n3lgrid/n3l_w2_A_lam0.15/side/f0.5000_th2.1000_vt0.3842_first_order//seed015.ambig.csv
/home/tatsu/n3sel_view/n3l_w2_A_lam0.15/side/f0.5000_th2.1000_vt0.3842_first_order/seed010.shop.jsonl	/home/tatsu/n3lgrid/n3l_w2_A_lam0.15/side/f0.5000_th2.1000_vt0.3842_first_order//seed010.shop.jsonl
/home/tatsu/n3sel_view/n3l_w2_A_lam0.15/side/f0.5000_th2.1000_vt0.3842_first_order/seed001.probe.jsonl	/home/tatsu/n3lgrid/n3l_w2_A_lam0.15/side/f0.5000_th2.1000_vt0.3842_first_order//seed001.probe.jsonl
/home/tatsu/n3sel_view/n3l_w2_A_lam0.15/side/f0.5000_th2.1000_vt0.3842_first_order/seed015.shop.jsonl	/home/tatsu/n3lgrid/n3l_w2_A_lam0.15/side/f0.5000_th2.1000_vt0.3842_first_order//seed015.shop.jsonl
/home/tatsu/n3sel_view/n3l_w2_A_lam0.15/side/f0.5000_th2.1000_vt0.3842_first_order/seed018.probe.jsonl	/home/tatsu/n3lgrid/n3l_w2_A_lam0.15/side/f0.5000_th2.1000_vt0.3842_first_order//seed018.probe.jsonl
/home/tatsu/n3sel_view/n3l_w2_A_lam0.15/side/f0.5000_th2.1000_vt0.3842_first_order/seed020.answers.csv	/home/tatsu/n3lgrid/n3l_w2_A_lam0.15/side/f0.5000_th2.1000_vt0.3842_first_order//seed020.answers.csv
/home/tatsu/n3sel_view/n3l_w2_A_lam0.15/side/f0.5000_th2.1000_vt0.3842_first_order/seed010.answers.csv	/home/tatsu/n3lgrid/n3l_w2_A_lam0.15/side/f0.5000_th2.1000_vt0.3842_first_order//seed010.answers.csv
/home/tatsu/n3sel_view/n3l_w2_A_lam0.15/side/f0.5000_th2.1000_vt0.3842_first_order/seed005.answers.csv	/home/tatsu/n3lgrid/n3l_w2_A_lam0.15/side/f0.5000_th2.1000_vt0.3842_first_order//seed005.answers.csv
/home/tatsu/n3sel_view/n3l_w2_A_lam0.15/side/f0.5000_th2.1000_vt0.3842_first_order/seed011.probe.jsonl	/home/tatsu/n3lgrid/n3l_w2_A_lam0.15/side/f0.5000_th2.1000_vt0.3842_first_order//seed011.probe.jsonl
/home/tatsu/n3sel_view/n3l_w2_A_lam0.15/side/f0.5000_th2.1000_vt0.3842_first_order/seed017.shop.jsonl	/home/tatsu/n3lgrid/n3l_w2_A_lam0.15/side/f0.5000_th2.1000_vt0.3842_first_order//seed017.shop.jsonl
/home/tatsu/n3sel_view/n3l_w2_A_lam0.15/side/f0.5000_th2.1000_vt0.3842_first_order/seed002.ambig.csv	/home/tatsu/n3lgrid/n3l_w2_A_lam0.15/side/f0.5000_th2.1000_vt0.3842_first_order//seed002.ambig.csv
/home/tatsu/n3sel_view/n3l_w2_A_lam0.15/side/f0.5000_th2.1000_vt0.3842_first_order/seed020.ambig.csv	/home/tatsu/n3lgrid/n3l_w2_A_lam0.15/side/f0.5000_th2.1000_vt0.3842_first_order//seed020.ambig.csv
/home/tatsu/n3sel_view/n3l_w2_A_lam0.15/side/f0.5000_th2.1000_vt0.3842_first_order/seed017.ambig.csv	/home/tatsu/n3lgrid/n3l_w2_A_lam0.15/side/f0.5000_th2.1000_vt0.3842_first_order//seed017.ambig.csv
/home/tatsu/n3sel_view/n3l_w2_A_lam0.15/side/f0.5000_th2.1000_vt0.3842_first_order/seed005.shop.jsonl	/home/tatsu/n3lgrid/n3l_w2_A_lam0.15/side/f0.5000_th2.1000_vt0.3842_first_order//seed005.shop.jsonl
/home/tatsu/n3sel_view/n3l_w2_A_lam0.15/side/f0.5000_th2.1000_vt0.3842_first_order/seed018.shop.jsonl	/home/tatsu/n3lgrid/n3l_w2_A_lam0.15/side/f0.5000_th2.1000_vt0.3842_first_order//seed018.shop.jsonl
/home/tatsu/n3sel_view/n3l_w2_A_lam0.15/side/f0.5000_th2.1000_vt0.3842_first_order/seed002.shop.jsonl	/home/tatsu/n3lgrid/n3l_w2_A_lam0.15/side/f0.5000_th2.1000_vt0.3842_first_order//seed002.shop.jsonl
/home/tatsu/n3sel_view/n3l_w2_A_lam0.15/side/f0.5000_th2.1000_vt0.3842_first_order/seed017.probe.jsonl	/home/tatsu/n3lgrid/n3l_w2_A_lam0.15/side/f0.5000_th2.1000_vt0.3842_first_order//seed017.probe.jsonl
/home/tatsu/n3sel_view/n3l_w2_A_lam0.15/side/f0.5000_th2.1000_vt0.3842_first_order/seed010.ambig.csv	/home/tatsu/n3lgrid/n3l_w2_A_lam0.15/side/f0.5000_th2.1000_vt0.3842_first_order//seed010.ambig.csv
/home/tatsu/n3sel_view/n3l_w2_A_lam0.15/side/f0.5000_th2.1000_vt0.3842_first_order/seed009.probe.jsonl	/home/tatsu/n3lgrid/n3l_w2_A_lam0.15/side/f0.5000_th2.1000_vt0.3842_first_order//seed009.probe.jsonl
/home/tatsu/n3sel_view/n3l_w2_A_lam0.15/side/f0.5000_th2.1000_vt0.3842_first_order/seed015.probe.jsonl	/home/tatsu/n3lgrid/n3l_w2_A_lam0.15/side/f0.5000_th2.1000_vt0.3842_first_order//seed015.probe.jsonl
/home/tatsu/n3sel_view/n3l_w2_A_lam0.15/side/f0.5000_th2.1000_vt0.3842_first_order/seed006.ambig.csv	/home/tatsu/n3lgrid/n3l_w2_A_lam0.15/side/f0.5000_th2.1000_vt0.3842_first_order//seed006.ambig.csv
/home/tatsu/n3sel_view/n3l_w2_A_lam0.15/side/f0.5000_th2.1000_vt0.3842_first_order/seed009.ambig.csv	/home/tatsu/n3lgrid/n3l_w2_A_lam0.15/side/f0.5000_th2.1000_vt0.3842_first_order//seed009.ambig.csv
/home/tatsu/n3sel_view/n3l_w2_A_lam0.15/side/f0.5000_th2.1000_vt0.3842_first_order/seed001.answers.csv	/home/tatsu/n3lgrid/n3l_w2_A_lam0.15/side/f0.5000_th2.1000_vt0.3842_first_order//seed001.answers.csv
/home/tatsu/n3sel_view/n3l_w2_A_lam0.15/side/f0.5000_th2.1000_vt0.3842_first_order/seed011.ambig.csv	/home/tatsu/n3lgrid/n3l_w2_A_lam0.15/side/f0.5000_th2.1000_vt0.3842_first_order//seed011.ambig.csv
/home/tatsu/n3sel_view/n3l_w2_A_lam0.15/side/f0.5000_th2.1000_vt0.3842_first_order/seed006.answers.csv	/home/tatsu/n3lgrid/n3l_w2_A_lam0.15/side/f0.5000_th2.1000_vt0.3842_first_order//seed006.answers.csv
/home/tatsu/n3sel_view/n3l_w2_A_lam0.15/side/f0.5000_th2.1000_vt0.3842_first_order/seed012.ambig.csv	/home/tatsu/n3lgrid/n3l_w2_A_lam0.15/side/f0.5000_th2.1000_vt0.3842_first_order//seed012.ambig.csv
/home/tatsu/n3sel_view/n3l_w2_A_lam0.15/side/f0.5000_th2.1000_vt0.3842_first_order/seed018.answers.csv	/home/tatsu/n3lgrid/n3l_w2_A_lam0.15/side/f0.5000_th2.1000_vt0.3842_first_order//seed018.answers.csv
/home/tatsu/n3sel_view/n3l_w2_A_lam0.15/side/f0.5000_th2.1000_vt0.3842_first_order/seed005.probe.jsonl	/home/tatsu/n3lgrid/n3l_w2_A_lam0.15/side/f0.5000_th2.1000_vt0.3842_first_order//seed005.probe.jsonl
/home/tatsu/n3sel_view/n3l_w2_A_lam0.15/side/f0.5000_th2.1000_vt0.3842_first_order/seed007.probe.jsonl	/home/tatsu/n3lgrid/n3l_w2_A_lam0.15/side/f0.5000_th2.1000_vt0.3842_first_order//seed007.probe.jsonl
/home/tatsu/n3sel_view/n3l_w2_A_lam0.15/side/f0.5000_th2.1000_vt0.3842_first_order/seed013.probe.jsonl	/home/tatsu/n3lgrid/n3l_w2_A_lam0.15/side/f0.5000_th2.1000_vt0.3842_first_order//seed013.probe.jsonl
/home/tatsu/n3sel_view/n3l_w2_A_lam0.15/side/f0.5000_th2.1000_vt0.3842_first_order/seed014.shop.jsonl	/home/tatsu/n3lgrid/n3l_w2_A_lam0.15/side/f0.5000_th2.1000_vt0.3842_first_order//seed014.shop.jsonl
/home/tatsu/n3sel_view/n3l_w2_A_lam0.15/side/f0.5000_th2.1000_vt0.3842_first_order/seed008.probe.jsonl	/home/tatsu/n3lgrid/n3l_w2_A_lam0.15/side/f0.5000_th2.1000_vt0.3842_first_order//seed008.probe.jsonl
/home/tatsu/n3sel_view/n3l_w2_A_lam0.15/side/f0.5000_th2.1000_vt0.3842_first_order/seed019.shop.jsonl	/home/tatsu/n3lgrid/n3l_w2_A_lam0.15/side/f0.5000_th2.1000_vt0.3842_first_order//seed019.shop.jsonl
/home/tatsu/n3sel_view/n3l_w2_A_lam0.15/side/f0.5000_th2.1000_vt0.3842_first_order/seed019.answers.csv	/home/tatsu/n3lgrid/n3l_w2_A_lam0.15/side/f0.5000_th2.1000_vt0.3842_first_order//seed019.answers.csv
/home/tatsu/n3sel_view/n3l_w2_A_lam0.15/side/f0.5000_th2.1000_vt0.3842_first_order/seed016.probe.jsonl	/home/tatsu/n3lgrid/n3l_w2_A_lam0.15/side/f0.5000_th2.1000_vt0.3842_first_order//seed016.probe.jsonl
/home/tatsu/n3sel_view/n3l_w2_A_lam0.15/side/f0.5000_th2.1000_vt0.3842_first_order/seed011.answers.csv	/home/tatsu/n3lgrid/n3l_w2_A_lam0.15/side/f0.5000_th2.1000_vt0.3842_first_order//seed011.answers.csv
/home/tatsu/n3sel_view/n3l_w2_A_lam0.15/side/f0.5000_th2.1000_vt0.3842_first_order/seed003.probe.jsonl	/home/tatsu/n3lgrid/n3l_w2_A_lam0.15/side/f0.5000_th2.1000_vt0.3842_first_order//seed003.probe.jsonl
/home/tatsu/n3sel_view/n3l_w2_A_lam0.15/side/f0.5000_th2.1000_vt0.3842_first_order/seed008.shop.jsonl	/home/tatsu/n3lgrid/n3l_w2_A_lam0.15/side/f0.5000_th2.1000_vt0.3842_first_order//seed008.shop.jsonl
/home/tatsu/n3sel_view/n3l_w2_A_lam0.15/side/f0.5000_th2.1000_vt0.3842_first_order/seed002.answers.csv	/home/tatsu/n3lgrid/n3l_w2_A_lam0.15/side/f0.5000_th2.1000_vt0.3842_first_order//seed002.answers.csv
/home/tatsu/n3sel_view/n3l_w2_A_lam0.15/side/f0.5000_th2.1000_vt0.3842_first_order/seed001.ambig.csv	/home/tatsu/n3lgrid/n3l_w2_A_lam0.15/side/f0.5000_th2.1000_vt0.3842_first_order//seed001.ambig.csv
/home/tatsu/n3sel_view/n3l_w2_A_lam0.15/side/f0.5000_th2.1000_vt0.3842_first_order/seed004.shop.jsonl	/home/tatsu/n3lgrid/n3l_w2_A_lam0.15/side/f0.5000_th2.1000_vt0.3842_first_order//seed004.shop.jsonl
/home/tatsu/n3sel_view/n3l_w2_A_lam0.15/side/f0.5000_th2.1000_vt0.3842_first_order/seed004.ambig.csv	/home/tatsu/n3lgrid/n3l_w2_A_lam0.15/side/f0.5000_th2.1000_vt0.3842_first_order//seed004.ambig.csv
/home/tatsu/n3sel_view/n3l_w2_A_lam0.15/side/f0.5000_th2.1000_vt0.3842_first_order/seed003.answers.csv	/home/tatsu/n3lgrid/n3l_w2_A_lam0.15/side/f0.5000_th2.1000_vt0.3842_first_order//seed003.answers.csv
/home/tatsu/n3sel_view/n3l_w2_A_lam0.15/side/f0.5000_th2.1000_vt0.3842_first_order/seed016.answers.csv	/home/tatsu/n3lgrid/n3l_w2_A_lam0.15/side/f0.5000_th2.1000_vt0.3842_first_order//seed016.answers.csv
/home/tatsu/n3sel_view/n3l_w2_A_lam0.15/side/f0.5000_th2.1000_vt0.3842_first_order/seed007.answers.csv	/home/tatsu/n3lgrid/n3l_w2_A_lam0.15/side/f0.5000_th2.1000_vt0.3842_first_order//seed007.answers.csv
/home/tatsu/n3sel_view/n3l_w2_A_lam0.15/side/f0.5000_th2.1000_vt0.3842_first_order/seed009.shop.jsonl	/home/tatsu/n3lgrid/n3l_w2_A_lam0.15/side/f0.5000_th2.1000_vt0.3842_first_order//seed009.shop.jsonl
/home/tatsu/n3sel_view/n3l_w2_A_lam0.15/side/f0.5000_th2.1000_vt0.3842_first_order/seed002.probe.jsonl	/home/tatsu/n3lgrid/n3l_w2_A_lam0.15/side/f0.5000_th2.1000_vt0.3842_first_order//seed002.probe.jsonl
/home/tatsu/n3sel_view/n3l_w2_A_lam0.15/side/f0.5000_th2.1000_vt0.3842_first_order/seed018.ambig.csv	/home/tatsu/n3lgrid/n3l_w2_A_lam0.15/side/f0.5000_th2.1000_vt0.3842_first_order//seed018.ambig.csv
/home/tatsu/n3sel_view/n3l_w2_C_lam0.045/ledgers	/home/tatsu/n3lgrid/n3l_w2_C_lam0.045/ledgers
/home/tatsu/n3sel_view/n3l_w2_C_lam0.045/side/f0.5000_th2.1000_vt0.3842_first_order/seed003.shop.jsonl	/home/tatsu/n3lgrid/n3l_w2_C_lam0.045/side/f0.5000_th2.1000_vt0.3842_first_order//seed003.shop.jsonl
/home/tatsu/n3sel_view/n3l_w2_C_lam0.045/side/f0.5000_th2.1000_vt0.3842_first_order/seed011.shop.jsonl	/home/tatsu/n3lgrid/n3l_w2_C_lam0.045/side/f0.5000_th2.1000_vt0.3842_first_order//seed011.shop.jsonl
/home/tatsu/n3sel_view/n3l_w2_C_lam0.045/side/f0.5000_th2.1000_vt0.3842_first_order/seed020.shop.jsonl	/home/tatsu/n3lgrid/n3l_w2_C_lam0.045/side/f0.5000_th2.1000_vt0.3842_first_order//seed020.shop.jsonl
/home/tatsu/n3sel_view/n3l_w2_C_lam0.045/side/f0.5000_th2.1000_vt0.3842_first_order/seed008.ambig.csv	/home/tatsu/n3lgrid/n3l_w2_C_lam0.045/side/f0.5000_th2.1000_vt0.3842_first_order//seed008.ambig.csv
/home/tatsu/n3sel_view/n3l_w2_C_lam0.045/side/f0.5000_th2.1000_vt0.3842_first_order/seed003.ambig.csv	/home/tatsu/n3lgrid/n3l_w2_C_lam0.045/side/f0.5000_th2.1000_vt0.3842_first_order//seed003.ambig.csv
/home/tatsu/n3sel_view/n3l_w2_C_lam0.045/side/f0.5000_th2.1000_vt0.3842_first_order/seed013.ambig.csv	/home/tatsu/n3lgrid/n3l_w2_C_lam0.045/side/f0.5000_th2.1000_vt0.3842_first_order//seed013.ambig.csv
/home/tatsu/n3sel_view/n3l_w2_C_lam0.045/side/f0.5000_th2.1000_vt0.3842_first_order/seed004.answers.csv	/home/tatsu/n3lgrid/n3l_w2_C_lam0.045/side/f0.5000_th2.1000_vt0.3842_first_order//seed004.answers.csv
/home/tatsu/n3sel_view/n3l_w2_C_lam0.045/side/f0.5000_th2.1000_vt0.3842_first_order/seed019.probe.jsonl	/home/tatsu/n3lgrid/n3l_w2_C_lam0.045/side/f0.5000_th2.1000_vt0.3842_first_order//seed019.probe.jsonl
/home/tatsu/n3sel_view/n3l_w2_C_lam0.045/side/f0.5000_th2.1000_vt0.3842_first_order/seed001.shop.jsonl	/home/tatsu/n3lgrid/n3l_w2_C_lam0.045/side/f0.5000_th2.1000_vt0.3842_first_order//seed001.shop.jsonl
/home/tatsu/n3sel_view/n3l_w2_C_lam0.045/side/f0.5000_th2.1000_vt0.3842_first_order/seed016.shop.jsonl	/home/tatsu/n3lgrid/n3l_w2_C_lam0.045/side/f0.5000_th2.1000_vt0.3842_first_order//seed016.shop.jsonl
/home/tatsu/n3sel_view/n3l_w2_C_lam0.045/side/f0.5000_th2.1000_vt0.3842_first_order/seed006.probe.jsonl	/home/tatsu/n3lgrid/n3l_w2_C_lam0.045/side/f0.5000_th2.1000_vt0.3842_first_order//seed006.probe.jsonl
/home/tatsu/n3sel_view/n3l_w2_C_lam0.045/side/f0.5000_th2.1000_vt0.3842_first_order/seed013.shop.jsonl	/home/tatsu/n3lgrid/n3l_w2_C_lam0.045/side/f0.5000_th2.1000_vt0.3842_first_order//seed013.shop.jsonl
/home/tatsu/n3sel_view/n3l_w2_C_lam0.045/side/f0.5000_th2.1000_vt0.3842_first_order/seed012.probe.jsonl	/home/tatsu/n3lgrid/n3l_w2_C_lam0.045/side/f0.5000_th2.1000_vt0.3842_first_order//seed012.probe.jsonl
/home/tatsu/n3sel_view/n3l_w2_C_lam0.045/side/f0.5000_th2.1000_vt0.3842_first_order/seed008.answers.csv	/home/tatsu/n3lgrid/n3l_w2_C_lam0.045/side/f0.5000_th2.1000_vt0.3842_first_order//seed008.answers.csv
/home/tatsu/n3sel_view/n3l_w2_C_lam0.045/side/f0.5000_th2.1000_vt0.3842_first_order/seed012.shop.jsonl	/home/tatsu/n3lgrid/n3l_w2_C_lam0.045/side/f0.5000_th2.1000_vt0.3842_first_order//seed012.shop.jsonl
/home/tatsu/n3sel_view/n3l_w2_C_lam0.045/side/f0.5000_th2.1000_vt0.3842_first_order/seed004.probe.jsonl	/home/tatsu/n3lgrid/n3l_w2_C_lam0.045/side/f0.5000_th2.1000_vt0.3842_first_order//seed004.probe.jsonl
/home/tatsu/n3sel_view/n3l_w2_C_lam0.045/side/f0.5000_th2.1000_vt0.3842_first_order/seed015.answers.csv	/home/tatsu/n3lgrid/n3l_w2_C_lam0.045/side/f0.5000_th2.1000_vt0.3842_first_order//seed015.answers.csv
/home/tatsu/n3sel_view/n3l_w2_C_lam0.045/side/f0.5000_th2.1000_vt0.3842_first_order/seed005.ambig.csv	/home/tatsu/n3lgrid/n3l_w2_C_lam0.045/side/f0.5000_th2.1000_vt0.3842_first_order//seed005.ambig.csv
/home/tatsu/n3sel_view/n3l_w2_C_lam0.045/side/f0.5000_th2.1000_vt0.3842_first_order/seed006.shop.jsonl	/home/tatsu/n3lgrid/n3l_w2_C_lam0.045/side/f0.5000_th2.1000_vt0.3842_first_order//seed006.shop.jsonl
/home/tatsu/n3sel_view/n3l_w2_C_lam0.045/side/f0.5000_th2.1000_vt0.3842_first_order/seed007.shop.jsonl	/home/tatsu/n3lgrid/n3l_w2_C_lam0.045/side/f0.5000_th2.1000_vt0.3842_first_order//seed007.shop.jsonl
/home/tatsu/n3sel_view/n3l_w2_C_lam0.045/side/f0.5000_th2.1000_vt0.3842_first_order/seed010.probe.jsonl	/home/tatsu/n3lgrid/n3l_w2_C_lam0.045/side/f0.5000_th2.1000_vt0.3842_first_order//seed010.probe.jsonl
/home/tatsu/n3sel_view/n3l_w2_C_lam0.045/side/f0.5000_th2.1000_vt0.3842_first_order/seed007.ambig.csv	/home/tatsu/n3lgrid/n3l_w2_C_lam0.045/side/f0.5000_th2.1000_vt0.3842_first_order//seed007.ambig.csv
/home/tatsu/n3sel_view/n3l_w2_C_lam0.045/side/f0.5000_th2.1000_vt0.3842_first_order/seed020.probe.jsonl	/home/tatsu/n3lgrid/n3l_w2_C_lam0.045/side/f0.5000_th2.1000_vt0.3842_first_order//seed020.probe.jsonl
/home/tatsu/n3sel_view/n3l_w2_C_lam0.045/side/f0.5000_th2.1000_vt0.3842_first_order/seed014.probe.jsonl	/home/tatsu/n3lgrid/n3l_w2_C_lam0.045/side/f0.5000_th2.1000_vt0.3842_first_order//seed014.probe.jsonl
/home/tatsu/n3sel_view/n3l_w2_C_lam0.045/side/f0.5000_th2.1000_vt0.3842_first_order/seed014.ambig.csv	/home/tatsu/n3lgrid/n3l_w2_C_lam0.045/side/f0.5000_th2.1000_vt0.3842_first_order//seed014.ambig.csv
/home/tatsu/n3sel_view/n3l_w2_C_lam0.045/side/f0.5000_th2.1000_vt0.3842_first_order/seed012.answers.csv	/home/tatsu/n3lgrid/n3l_w2_C_lam0.045/side/f0.5000_th2.1000_vt0.3842_first_order//seed012.answers.csv
/home/tatsu/n3sel_view/n3l_w2_C_lam0.045/side/f0.5000_th2.1000_vt0.3842_first_order/seed016.ambig.csv	/home/tatsu/n3lgrid/n3l_w2_C_lam0.045/side/f0.5000_th2.1000_vt0.3842_first_order//seed016.ambig.csv
/home/tatsu/n3sel_view/n3l_w2_C_lam0.045/side/f0.5000_th2.1000_vt0.3842_first_order/seed013.answers.csv	/home/tatsu/n3lgrid/n3l_w2_C_lam0.045/side/f0.5000_th2.1000_vt0.3842_first_order//seed013.answers.csv
/home/tatsu/n3sel_view/n3l_w2_C_lam0.045/side/f0.5000_th2.1000_vt0.3842_first_order/seed014.answers.csv	/home/tatsu/n3lgrid/n3l_w2_C_lam0.045/side/f0.5000_th2.1000_vt0.3842_first_order//seed014.answers.csv
/home/tatsu/n3sel_view/n3l_w2_C_lam0.045/side/f0.5000_th2.1000_vt0.3842_first_order/seed019.ambig.csv	/home/tatsu/n3lgrid/n3l_w2_C_lam0.045/side/f0.5000_th2.1000_vt0.3842_first_order//seed019.ambig.csv
/home/tatsu/n3sel_view/n3l_w2_C_lam0.045/side/f0.5000_th2.1000_vt0.3842_first_order/seed017.answers.csv	/home/tatsu/n3lgrid/n3l_w2_C_lam0.045/side/f0.5000_th2.1000_vt0.3842_first_order//seed017.answers.csv
/home/tatsu/n3sel_view/n3l_w2_C_lam0.045/side/f0.5000_th2.1000_vt0.3842_first_order/seed009.answers.csv	/home/tatsu/n3lgrid/n3l_w2_C_lam0.045/side/f0.5000_th2.1000_vt0.3842_first_order//seed009.answers.csv
/home/tatsu/n3sel_view/n3l_w2_C_lam0.045/side/f0.5000_th2.1000_vt0.3842_first_order/seed015.ambig.csv	/home/tatsu/n3lgrid/n3l_w2_C_lam0.045/side/f0.5000_th2.1000_vt0.3842_first_order//seed015.ambig.csv
/home/tatsu/n3sel_view/n3l_w2_C_lam0.045/side/f0.5000_th2.1000_vt0.3842_first_order/seed010.shop.jsonl	/home/tatsu/n3lgrid/n3l_w2_C_lam0.045/side/f0.5000_th2.1000_vt0.3842_first_order//seed010.shop.jsonl
/home/tatsu/n3sel_view/n3l_w2_C_lam0.045/side/f0.5000_th2.1000_vt0.3842_first_order/seed001.probe.jsonl	/home/tatsu/n3lgrid/n3l_w2_C_lam0.045/side/f0.5000_th2.1000_vt0.3842_first_order//seed001.probe.jsonl
/home/tatsu/n3sel_view/n3l_w2_C_lam0.045/side/f0.5000_th2.1000_vt0.3842_first_order/seed015.shop.jsonl	/home/tatsu/n3lgrid/n3l_w2_C_lam0.045/side/f0.5000_th2.1000_vt0.3842_first_order//seed015.shop.jsonl
/home/tatsu/n3sel_view/n3l_w2_C_lam0.045/side/f0.5000_th2.1000_vt0.3842_first_order/seed018.probe.jsonl	/home/tatsu/n3lgrid/n3l_w2_C_lam0.045/side/f0.5000_th2.1000_vt0.3842_first_order//seed018.probe.jsonl
/home/tatsu/n3sel_view/n3l_w2_C_lam0.045/side/f0.5000_th2.1000_vt0.3842_first_order/seed020.answers.csv	/home/tatsu/n3lgrid/n3l_w2_C_lam0.045/side/f0.5000_th2.1000_vt0.3842_first_order//seed020.answers.csv
/home/tatsu/n3sel_view/n3l_w2_C_lam0.045/side/f0.5000_th2.1000_vt0.3842_first_order/seed010.answers.csv	/home/tatsu/n3lgrid/n3l_w2_C_lam0.045/side/f0.5000_th2.1000_vt0.3842_first_order//seed010.answers.csv
/home/tatsu/n3sel_view/n3l_w2_C_lam0.045/side/f0.5000_th2.1000_vt0.3842_first_order/seed005.answers.csv	/home/tatsu/n3lgrid/n3l_w2_C_lam0.045/side/f0.5000_th2.1000_vt0.3842_first_order//seed005.answers.csv
/home/tatsu/n3sel_view/n3l_w2_C_lam0.045/side/f0.5000_th2.1000_vt0.3842_first_order/seed011.probe.jsonl	/home/tatsu/n3lgrid/n3l_w2_C_lam0.045/side/f0.5000_th2.1000_vt0.3842_first_order//seed011.probe.jsonl
/home/tatsu/n3sel_view/n3l_w2_C_lam0.045/side/f0.5000_th2.1000_vt0.3842_first_order/seed017.shop.jsonl	/home/tatsu/n3lgrid/n3l_w2_C_lam0.045/side/f0.5000_th2.1000_vt0.3842_first_order//seed017.shop.jsonl
/home/tatsu/n3sel_view/n3l_w2_C_lam0.045/side/f0.5000_th2.1000_vt0.3842_first_order/seed002.ambig.csv	/home/tatsu/n3lgrid/n3l_w2_C_lam0.045/side/f0.5000_th2.1000_vt0.3842_first_order//seed002.ambig.csv
/home/tatsu/n3sel_view/n3l_w2_C_lam0.045/side/f0.5000_th2.1000_vt0.3842_first_order/seed020.ambig.csv	/home/tatsu/n3lgrid/n3l_w2_C_lam0.045/side/f0.5000_th2.1000_vt0.3842_first_order//seed020.ambig.csv
/home/tatsu/n3sel_view/n3l_w2_C_lam0.045/side/f0.5000_th2.1000_vt0.3842_first_order/seed017.ambig.csv	/home/tatsu/n3lgrid/n3l_w2_C_lam0.045/side/f0.5000_th2.1000_vt0.3842_first_order//seed017.ambig.csv
/home/tatsu/n3sel_view/n3l_w2_C_lam0.045/side/f0.5000_th2.1000_vt0.3842_first_order/seed005.shop.jsonl	/home/tatsu/n3lgrid/n3l_w2_C_lam0.045/side/f0.5000_th2.1000_vt0.3842_first_order//seed005.shop.jsonl
/home/tatsu/n3sel_view/n3l_w2_C_lam0.045/side/f0.5000_th2.1000_vt0.3842_first_order/seed018.shop.jsonl	/home/tatsu/n3lgrid/n3l_w2_C_lam0.045/side/f0.5000_th2.1000_vt0.3842_first_order//seed018.shop.jsonl
/home/tatsu/n3sel_view/n3l_w2_C_lam0.045/side/f0.5000_th2.1000_vt0.3842_first_order/seed002.shop.jsonl	/home/tatsu/n3lgrid/n3l_w2_C_lam0.045/side/f0.5000_th2.1000_vt0.3842_first_order//seed002.shop.jsonl
/home/tatsu/n3sel_view/n3l_w2_C_lam0.045/side/f0.5000_th2.1000_vt0.3842_first_order/seed017.probe.jsonl	/home/tatsu/n3lgrid/n3l_w2_C_lam0.045/side/f0.5000_th2.1000_vt0.3842_first_order//seed017.probe.jsonl
/home/tatsu/n3sel_view/n3l_w2_C_lam0.045/side/f0.5000_th2.1000_vt0.3842_first_order/seed010.ambig.csv	/home/tatsu/n3lgrid/n3l_w2_C_lam0.045/side/f0.5000_th2.1000_vt0.3842_first_order//seed010.ambig.csv
/home/tatsu/n3sel_view/n3l_w2_C_lam0.045/side/f0.5000_th2.1000_vt0.3842_first_order/seed009.probe.jsonl	/home/tatsu/n3lgrid/n3l_w2_C_lam0.045/side/f0.5000_th2.1000_vt0.3842_first_order//seed009.probe.jsonl
/home/tatsu/n3sel_view/n3l_w2_C_lam0.045/side/f0.5000_th2.1000_vt0.3842_first_order/seed015.probe.jsonl	/home/tatsu/n3lgrid/n3l_w2_C_lam0.045/side/f0.5000_th2.1000_vt0.3842_first_order//seed015.probe.jsonl
/home/tatsu/n3sel_view/n3l_w2_C_lam0.045/side/f0.5000_th2.1000_vt0.3842_first_order/seed006.ambig.csv	/home/tatsu/n3lgrid/n3l_w2_C_lam0.045/side/f0.5000_th2.1000_vt0.3842_first_order//seed006.ambig.csv
/home/tatsu/n3sel_view/n3l_w2_C_lam0.045/side/f0.5000_th2.1000_vt0.3842_first_order/seed009.ambig.csv	/home/tatsu/n3lgrid/n3l_w2_C_lam0.045/side/f0.5000_th2.1000_vt0.3842_first_order//seed009.ambig.csv
/home/tatsu/n3sel_view/n3l_w2_C_lam0.045/side/f0.5000_th2.1000_vt0.3842_first_order/seed001.answers.csv	/home/tatsu/n3lgrid/n3l_w2_C_lam0.045/side/f0.5000_th2.1000_vt0.3842_first_order//seed001.answers.csv
/home/tatsu/n3sel_view/n3l_w2_C_lam0.045/side/f0.5000_th2.1000_vt0.3842_first_order/seed011.ambig.csv	/home/tatsu/n3lgrid/n3l_w2_C_lam0.045/side/f0.5000_th2.1000_vt0.3842_first_order//seed011.ambig.csv
/home/tatsu/n3sel_view/n3l_w2_C_lam0.045/side/f0.5000_th2.1000_vt0.3842_first_order/seed006.answers.csv	/home/tatsu/n3lgrid/n3l_w2_C_lam0.045/side/f0.5000_th2.1000_vt0.3842_first_order//seed006.answers.csv
/home/tatsu/n3sel_view/n3l_w2_C_lam0.045/side/f0.5000_th2.1000_vt0.3842_first_order/seed012.ambig.csv	/home/tatsu/n3lgrid/n3l_w2_C_lam0.045/side/f0.5000_th2.1000_vt0.3842_first_order//seed012.ambig.csv
/home/tatsu/n3sel_view/n3l_w2_C_lam0.045/side/f0.5000_th2.1000_vt0.3842_first_order/seed018.answers.csv	/home/tatsu/n3lgrid/n3l_w2_C_lam0.045/side/f0.5000_th2.1000_vt0.3842_first_order//seed018.answers.csv
/home/tatsu/n3sel_view/n3l_w2_C_lam0.045/side/f0.5000_th2.1000_vt0.3842_first_order/seed005.probe.jsonl	/home/tatsu/n3lgrid/n3l_w2_C_lam0.045/side/f0.5000_th2.1000_vt0.3842_first_order//seed005.probe.jsonl
/home/tatsu/n3sel_view/n3l_w2_C_lam0.045/side/f0.5000_th2.1000_vt0.3842_first_order/seed007.probe.jsonl	/home/tatsu/n3lgrid/n3l_w2_C_lam0.045/side/f0.5000_th2.1000_vt0.3842_first_order//seed007.probe.jsonl
/home/tatsu/n3sel_view/n3l_w2_C_lam0.045/side/f0.5000_th2.1000_vt0.3842_first_order/seed013.probe.jsonl	/home/tatsu/n3lgrid/n3l_w2_C_lam0.045/side/f0.5000_th2.1000_vt0.3842_first_order//seed013.probe.jsonl
/home/tatsu/n3sel_view/n3l_w2_C_lam0.045/side/f0.5000_th2.1000_vt0.3842_first_order/seed014.shop.jsonl	/home/tatsu/n3lgrid/n3l_w2_C_lam0.045/side/f0.5000_th2.1000_vt0.3842_first_order//seed014.shop.jsonl
/home/tatsu/n3sel_view/n3l_w2_C_lam0.045/side/f0.5000_th2.1000_vt0.3842_first_order/seed008.probe.jsonl	/home/tatsu/n3lgrid/n3l_w2_C_lam0.045/side/f0.5000_th2.1000_vt0.3842_first_order//seed008.probe.jsonl
/home/tatsu/n3sel_view/n3l_w2_C_lam0.045/side/f0.5000_th2.1000_vt0.3842_first_order/seed019.shop.jsonl	/home/tatsu/n3lgrid/n3l_w2_C_lam0.045/side/f0.5000_th2.1000_vt0.3842_first_order//seed019.shop.jsonl
/home/tatsu/n3sel_view/n3l_w2_C_lam0.045/side/f0.5000_th2.1000_vt0.3842_first_order/seed019.answers.csv	/home/tatsu/n3lgrid/n3l_w2_C_lam0.045/side/f0.5000_th2.1000_vt0.3842_first_order//seed019.answers.csv
/home/tatsu/n3sel_view/n3l_w2_C_lam0.045/side/f0.5000_th2.1000_vt0.3842_first_order/seed016.probe.jsonl	/home/tatsu/n3lgrid/n3l_w2_C_lam0.045/side/f0.5000_th2.1000_vt0.3842_first_order//seed016.probe.jsonl
/home/tatsu/n3sel_view/n3l_w2_C_lam0.045/side/f0.5000_th2.1000_vt0.3842_first_order/seed011.answers.csv	/home/tatsu/n3lgrid/n3l_w2_C_lam0.045/side/f0.5000_th2.1000_vt0.3842_first_order//seed011.answers.csv
/home/tatsu/n3sel_view/n3l_w2_C_lam0.045/side/f0.5000_th2.1000_vt0.3842_first_order/seed003.probe.jsonl	/home/tatsu/n3lgrid/n3l_w2_C_lam0.045/side/f0.5000_th2.1000_vt0.3842_first_order//seed003.probe.jsonl
/home/tatsu/n3sel_view/n3l_w2_C_lam0.045/side/f0.5000_th2.1000_vt0.3842_first_order/seed008.shop.jsonl	/home/tatsu/n3lgrid/n3l_w2_C_lam0.045/side/f0.5000_th2.1000_vt0.3842_first_order//seed008.shop.jsonl
/home/tatsu/n3sel_view/n3l_w2_C_lam0.045/side/f0.5000_th2.1000_vt0.3842_first_order/seed002.answers.csv	/home/tatsu/n3lgrid/n3l_w2_C_lam0.045/side/f0.5000_th2.1000_vt0.3842_first_order//seed002.answers.csv
/home/tatsu/n3sel_view/n3l_w2_C_lam0.045/side/f0.5000_th2.1000_vt0.3842_first_order/seed001.ambig.csv	/home/tatsu/n3lgrid/n3l_w2_C_lam0.045/side/f0.5000_th2.1000_vt0.3842_first_order//seed001.ambig.csv
/home/tatsu/n3sel_view/n3l_w2_C_lam0.045/side/f0.5000_th2.1000_vt0.3842_first_order/seed004.shop.jsonl	/home/tatsu/n3lgrid/n3l_w2_C_lam0.045/side/f0.5000_th2.1000_vt0.3842_first_order//seed004.shop.jsonl
/home/tatsu/n3sel_view/n3l_w2_C_lam0.045/side/f0.5000_th2.1000_vt0.3842_first_order/seed004.ambig.csv	/home/tatsu/n3lgrid/n3l_w2_C_lam0.045/side/f0.5000_th2.1000_vt0.3842_first_order//seed004.ambig.csv
/home/tatsu/n3sel_view/n3l_w2_C_lam0.045/side/f0.5000_th2.1000_vt0.3842_first_order/seed003.answers.csv	/home/tatsu/n3lgrid/n3l_w2_C_lam0.045/side/f0.5000_th2.1000_vt0.3842_first_order//seed003.answers.csv
/home/tatsu/n3sel_view/n3l_w2_C_lam0.045/side/f0.5000_th2.1000_vt0.3842_first_order/seed016.answers.csv	/home/tatsu/n3lgrid/n3l_w2_C_lam0.045/side/f0.5000_th2.1000_vt0.3842_first_order//seed016.answers.csv
/home/tatsu/n3sel_view/n3l_w2_C_lam0.045/side/f0.5000_th2.1000_vt0.3842_first_order/seed007.answers.csv	/home/tatsu/n3lgrid/n3l_w2_C_lam0.045/side/f0.5000_th2.1000_vt0.3842_first_order//seed007.answers.csv
/home/tatsu/n3sel_view/n3l_w2_C_lam0.045/side/f0.5000_th2.1000_vt0.3842_first_order/seed009.shop.jsonl	/home/tatsu/n3lgrid/n3l_w2_C_lam0.045/side/f0.5000_th2.1000_vt0.3842_first_order//seed009.shop.jsonl
/home/tatsu/n3sel_view/n3l_w2_C_lam0.045/side/f0.5000_th2.1000_vt0.3842_first_order/seed002.probe.jsonl	/home/tatsu/n3lgrid/n3l_w2_C_lam0.045/side/f0.5000_th2.1000_vt0.3842_first_order//seed002.probe.jsonl
/home/tatsu/n3sel_view/n3l_w2_C_lam0.045/side/f0.5000_th2.1000_vt0.3842_first_order/seed018.ambig.csv	/home/tatsu/n3lgrid/n3l_w2_C_lam0.045/side/f0.5000_th2.1000_vt0.3842_first_order//seed018.ambig.csv
/home/tatsu/n3sel_view/n3_w2_A_L50/ledgers/cells/f0.5000_th2.1000_vt0.3842_first_order/seed001.jsonl.gz	/home/tatsu/n3prod/n3_w2_A_L50/ledgers/cells/f0.5000_th2.1000_vt0.3842_first_order//seed001.jsonl.gz
/home/tatsu/n3sel_view/n3_w2_A_L50/ledgers/cells/f0.5000_th2.1000_vt0.3842_first_order/seed001.done	/home/tatsu/n3prod/n3_w2_A_L50/ledgers/cells/f0.5000_th2.1000_vt0.3842_first_order//seed001.done
/home/tatsu/n3sel_view/n3_w2_A_L50/ledgers/cells/f0.5000_th2.1000_vt0.3842_first_order/seed002.jsonl.gz	/home/tatsu/n3prod/n3_w2_A_L50/ledgers/cells/f0.5000_th2.1000_vt0.3842_first_order//seed002.jsonl.gz
/home/tatsu/n3sel_view/n3_w2_A_L50/ledgers/cells/f0.5000_th2.1000_vt0.3842_first_order/seed002.done	/home/tatsu/n3prod/n3_w2_A_L50/ledgers/cells/f0.5000_th2.1000_vt0.3842_first_order//seed002.done
/home/tatsu/n3sel_view/n3_w2_A_L50/side/f0.5000_th2.1000_vt0.3842_first_order/seed003.shop.jsonl	/home/tatsu/n3prod/n3_w2_A_L50/side/f0.5000_th2.1000_vt0.3842_first_order//seed003.shop.jsonl
/home/tatsu/n3sel_view/n3_w2_A_L50/side/f0.5000_th2.1000_vt0.3842_first_order/seed011.shop.jsonl	/home/tatsu/n3prod/n3_w2_A_L50/side/f0.5000_th2.1000_vt0.3842_first_order//seed011.shop.jsonl
/home/tatsu/n3sel_view/n3_w2_A_L50/side/f0.5000_th2.1000_vt0.3842_first_order/seed020.shop.jsonl	/home/tatsu/n3prod/n3_w2_A_L50/side/f0.5000_th2.1000_vt0.3842_first_order//seed020.shop.jsonl
/home/tatsu/n3sel_view/n3_w2_A_L50/side/f0.5000_th2.1000_vt0.3842_first_order/seed008.ambig.csv	/home/tatsu/n3prod/n3_w2_A_L50/side/f0.5000_th2.1000_vt0.3842_first_order//seed008.ambig.csv
/home/tatsu/n3sel_view/n3_w2_A_L50/side/f0.5000_th2.1000_vt0.3842_first_order/seed003.ambig.csv	/home/tatsu/n3prod/n3_w2_A_L50/side/f0.5000_th2.1000_vt0.3842_first_order//seed003.ambig.csv
/home/tatsu/n3sel_view/n3_w2_A_L50/side/f0.5000_th2.1000_vt0.3842_first_order/seed004.answers.csv	/home/tatsu/n3prod/n3_w2_A_L50/side/f0.5000_th2.1000_vt0.3842_first_order//seed004.answers.csv
/home/tatsu/n3sel_view/n3_w2_A_L50/side/f0.5000_th2.1000_vt0.3842_first_order/seed019.probe.jsonl	/home/tatsu/n3prod/n3_w2_A_L50/side/f0.5000_th2.1000_vt0.3842_first_order//seed019.probe.jsonl
/home/tatsu/n3sel_view/n3_w2_A_L50/side/f0.5000_th2.1000_vt0.3842_first_order/seed001.shop.jsonl	/home/tatsu/n3prod/n3_w2_A_L50/side/f0.5000_th2.1000_vt0.3842_first_order//seed001.shop.jsonl
/home/tatsu/n3sel_view/n3_w2_A_L50/side/f0.5000_th2.1000_vt0.3842_first_order/seed016.shop.jsonl	/home/tatsu/n3prod/n3_w2_A_L50/side/f0.5000_th2.1000_vt0.3842_first_order//seed016.shop.jsonl
/home/tatsu/n3sel_view/n3_w2_A_L50/side/f0.5000_th2.1000_vt0.3842_first_order/seed006.probe.jsonl	/home/tatsu/n3prod/n3_w2_A_L50/side/f0.5000_th2.1000_vt0.3842_first_order//seed006.probe.jsonl
/home/tatsu/n3sel_view/n3_w2_A_L50/side/f0.5000_th2.1000_vt0.3842_first_order/seed013.shop.jsonl	/home/tatsu/n3prod/n3_w2_A_L50/side/f0.5000_th2.1000_vt0.3842_first_order//seed013.shop.jsonl
/home/tatsu/n3sel_view/n3_w2_A_L50/side/f0.5000_th2.1000_vt0.3842_first_order/seed012.probe.jsonl	/home/tatsu/n3prod/n3_w2_A_L50/side/f0.5000_th2.1000_vt0.3842_first_order//seed012.probe.jsonl
/home/tatsu/n3sel_view/n3_w2_A_L50/side/f0.5000_th2.1000_vt0.3842_first_order/seed008.answers.csv	/home/tatsu/n3prod/n3_w2_A_L50/side/f0.5000_th2.1000_vt0.3842_first_order//seed008.answers.csv
/home/tatsu/n3sel_view/n3_w2_A_L50/side/f0.5000_th2.1000_vt0.3842_first_order/seed012.shop.jsonl	/home/tatsu/n3prod/n3_w2_A_L50/side/f0.5000_th2.1000_vt0.3842_first_order//seed012.shop.jsonl
/home/tatsu/n3sel_view/n3_w2_A_L50/side/f0.5000_th2.1000_vt0.3842_first_order/seed004.probe.jsonl	/home/tatsu/n3prod/n3_w2_A_L50/side/f0.5000_th2.1000_vt0.3842_first_order//seed004.probe.jsonl
/home/tatsu/n3sel_view/n3_w2_A_L50/side/f0.5000_th2.1000_vt0.3842_first_order/seed015.answers.csv	/home/tatsu/n3prod/n3_w2_A_L50/side/f0.5000_th2.1000_vt0.3842_first_order//seed015.answers.csv
/home/tatsu/n3sel_view/n3_w2_A_L50/side/f0.5000_th2.1000_vt0.3842_first_order/seed005.ambig.csv	/home/tatsu/n3prod/n3_w2_A_L50/side/f0.5000_th2.1000_vt0.3842_first_order//seed005.ambig.csv
/home/tatsu/n3sel_view/n3_w2_A_L50/side/f0.5000_th2.1000_vt0.3842_first_order/seed006.shop.jsonl	/home/tatsu/n3prod/n3_w2_A_L50/side/f0.5000_th2.1000_vt0.3842_first_order//seed006.shop.jsonl
/home/tatsu/n3sel_view/n3_w2_A_L50/side/f0.5000_th2.1000_vt0.3842_first_order/seed007.shop.jsonl	/home/tatsu/n3prod/n3_w2_A_L50/side/f0.5000_th2.1000_vt0.3842_first_order//seed007.shop.jsonl
/home/tatsu/n3sel_view/n3_w2_A_L50/side/f0.5000_th2.1000_vt0.3842_first_order/seed010.probe.jsonl	/home/tatsu/n3prod/n3_w2_A_L50/side/f0.5000_th2.1000_vt0.3842_first_order//seed010.probe.jsonl
/home/tatsu/n3sel_view/n3_w2_A_L50/side/f0.5000_th2.1000_vt0.3842_first_order/seed007.ambig.csv	/home/tatsu/n3prod/n3_w2_A_L50/side/f0.5000_th2.1000_vt0.3842_first_order//seed007.ambig.csv
/home/tatsu/n3sel_view/n3_w2_A_L50/side/f0.5000_th2.1000_vt0.3842_first_order/seed020.probe.jsonl	/home/tatsu/n3prod/n3_w2_A_L50/side/f0.5000_th2.1000_vt0.3842_first_order//seed020.probe.jsonl
/home/tatsu/n3sel_view/n3_w2_A_L50/side/f0.5000_th2.1000_vt0.3842_first_order/seed014.probe.jsonl	/home/tatsu/n3prod/n3_w2_A_L50/side/f0.5000_th2.1000_vt0.3842_first_order//seed014.probe.jsonl
/home/tatsu/n3sel_view/n3_w2_A_L50/side/f0.5000_th2.1000_vt0.3842_first_order/seed014.ambig.csv	/home/tatsu/n3prod/n3_w2_A_L50/side/f0.5000_th2.1000_vt0.3842_first_order//seed014.ambig.csv
/home/tatsu/n3sel_view/n3_w2_A_L50/side/f0.5000_th2.1000_vt0.3842_first_order/seed012.answers.csv	/home/tatsu/n3prod/n3_w2_A_L50/side/f0.5000_th2.1000_vt0.3842_first_order//seed012.answers.csv
/home/tatsu/n3sel_view/n3_w2_A_L50/side/f0.5000_th2.1000_vt0.3842_first_order/seed016.ambig.csv	/home/tatsu/n3prod/n3_w2_A_L50/side/f0.5000_th2.1000_vt0.3842_first_order//seed016.ambig.csv
/home/tatsu/n3sel_view/n3_w2_A_L50/side/f0.5000_th2.1000_vt0.3842_first_order/seed013.answers.csv	/home/tatsu/n3prod/n3_w2_A_L50/side/f0.5000_th2.1000_vt0.3842_first_order//seed013.answers.csv
/home/tatsu/n3sel_view/n3_w2_A_L50/side/f0.5000_th2.1000_vt0.3842_first_order/seed014.answers.csv	/home/tatsu/n3prod/n3_w2_A_L50/side/f0.5000_th2.1000_vt0.3842_first_order//seed014.answers.csv
/home/tatsu/n3sel_view/n3_w2_A_L50/side/f0.5000_th2.1000_vt0.3842_first_order/seed019.ambig.csv	/home/tatsu/n3prod/n3_w2_A_L50/side/f0.5000_th2.1000_vt0.3842_first_order//seed019.ambig.csv
/home/tatsu/n3sel_view/n3_w2_A_L50/side/f0.5000_th2.1000_vt0.3842_first_order/seed017.answers.csv	/home/tatsu/n3prod/n3_w2_A_L50/side/f0.5000_th2.1000_vt0.3842_first_order//seed017.answers.csv
/home/tatsu/n3sel_view/n3_w2_A_L50/side/f0.5000_th2.1000_vt0.3842_first_order/seed009.answers.csv	/home/tatsu/n3prod/n3_w2_A_L50/side/f0.5000_th2.1000_vt0.3842_first_order//seed009.answers.csv
/home/tatsu/n3sel_view/n3_w2_A_L50/side/f0.5000_th2.1000_vt0.3842_first_order/seed015.ambig.csv	/home/tatsu/n3prod/n3_w2_A_L50/side/f0.5000_th2.1000_vt0.3842_first_order//seed015.ambig.csv
/home/tatsu/n3sel_view/n3_w2_A_L50/side/f0.5000_th2.1000_vt0.3842_first_order/seed010.shop.jsonl	/home/tatsu/n3prod/n3_w2_A_L50/side/f0.5000_th2.1000_vt0.3842_first_order//seed010.shop.jsonl
/home/tatsu/n3sel_view/n3_w2_A_L50/side/f0.5000_th2.1000_vt0.3842_first_order/seed001.probe.jsonl	/home/tatsu/n3prod/n3_w2_A_L50/side/f0.5000_th2.1000_vt0.3842_first_order//seed001.probe.jsonl
/home/tatsu/n3sel_view/n3_w2_A_L50/side/f0.5000_th2.1000_vt0.3842_first_order/seed015.shop.jsonl	/home/tatsu/n3prod/n3_w2_A_L50/side/f0.5000_th2.1000_vt0.3842_first_order//seed015.shop.jsonl
/home/tatsu/n3sel_view/n3_w2_A_L50/side/f0.5000_th2.1000_vt0.3842_first_order/seed018.probe.jsonl	/home/tatsu/n3prod/n3_w2_A_L50/side/f0.5000_th2.1000_vt0.3842_first_order//seed018.probe.jsonl
/home/tatsu/n3sel_view/n3_w2_A_L50/side/f0.5000_th2.1000_vt0.3842_first_order/seed020.answers.csv	/home/tatsu/n3prod/n3_w2_A_L50/side/f0.5000_th2.1000_vt0.3842_first_order//seed020.answers.csv
/home/tatsu/n3sel_view/n3_w2_A_L50/side/f0.5000_th2.1000_vt0.3842_first_order/seed010.answers.csv	/home/tatsu/n3prod/n3_w2_A_L50/side/f0.5000_th2.1000_vt0.3842_first_order//seed010.answers.csv
/home/tatsu/n3sel_view/n3_w2_A_L50/side/f0.5000_th2.1000_vt0.3842_first_order/seed005.answers.csv	/home/tatsu/n3prod/n3_w2_A_L50/side/f0.5000_th2.1000_vt0.3842_first_order//seed005.answers.csv
/home/tatsu/n3sel_view/n3_w2_A_L50/side/f0.5000_th2.1000_vt0.3842_first_order/seed011.probe.jsonl	/home/tatsu/n3prod/n3_w2_A_L50/side/f0.5000_th2.1000_vt0.3842_first_order//seed011.probe.jsonl
/home/tatsu/n3sel_view/n3_w2_A_L50/side/f0.5000_th2.1000_vt0.3842_first_order/seed017.shop.jsonl	/home/tatsu/n3prod/n3_w2_A_L50/side/f0.5000_th2.1000_vt0.3842_first_order//seed017.shop.jsonl
/home/tatsu/n3sel_view/n3_w2_A_L50/side/f0.5000_th2.1000_vt0.3842_first_order/seed020.ambig.csv	/home/tatsu/n3prod/n3_w2_A_L50/side/f0.5000_th2.1000_vt0.3842_first_order//seed020.ambig.csv
/home/tatsu/n3sel_view/n3_w2_A_L50/side/f0.5000_th2.1000_vt0.3842_first_order/seed017.ambig.csv	/home/tatsu/n3prod/n3_w2_A_L50/side/f0.5000_th2.1000_vt0.3842_first_order//seed017.ambig.csv
/home/tatsu/n3sel_view/n3_w2_A_L50/side/f0.5000_th2.1000_vt0.3842_first_order/seed005.shop.jsonl	/home/tatsu/n3prod/n3_w2_A_L50/side/f0.5000_th2.1000_vt0.3842_first_order//seed005.shop.jsonl
/home/tatsu/n3sel_view/n3_w2_A_L50/side/f0.5000_th2.1000_vt0.3842_first_order/seed018.shop.jsonl	/home/tatsu/n3prod/n3_w2_A_L50/side/f0.5000_th2.1000_vt0.3842_first_order//seed018.shop.jsonl
/home/tatsu/n3sel_view/n3_w2_A_L50/side/f0.5000_th2.1000_vt0.3842_first_order/seed002.shop.jsonl	/home/tatsu/n3prod/n3_w2_A_L50/side/f0.5000_th2.1000_vt0.3842_first_order//seed002.shop.jsonl
/home/tatsu/n3sel_view/n3_w2_A_L50/side/f0.5000_th2.1000_vt0.3842_first_order/seed017.probe.jsonl	/home/tatsu/n3prod/n3_w2_A_L50/side/f0.5000_th2.1000_vt0.3842_first_order//seed017.probe.jsonl
/home/tatsu/n3sel_view/n3_w2_A_L50/side/f0.5000_th2.1000_vt0.3842_first_order/seed010.ambig.csv	/home/tatsu/n3prod/n3_w2_A_L50/side/f0.5000_th2.1000_vt0.3842_first_order//seed010.ambig.csv
/home/tatsu/n3sel_view/n3_w2_A_L50/side/f0.5000_th2.1000_vt0.3842_first_order/seed009.probe.jsonl	/home/tatsu/n3prod/n3_w2_A_L50/side/f0.5000_th2.1000_vt0.3842_first_order//seed009.probe.jsonl
/home/tatsu/n3sel_view/n3_w2_A_L50/side/f0.5000_th2.1000_vt0.3842_first_order/seed015.probe.jsonl	/home/tatsu/n3prod/n3_w2_A_L50/side/f0.5000_th2.1000_vt0.3842_first_order//seed015.probe.jsonl
/home/tatsu/n3sel_view/n3_w2_A_L50/side/f0.5000_th2.1000_vt0.3842_first_order/seed006.ambig.csv	/home/tatsu/n3prod/n3_w2_A_L50/side/f0.5000_th2.1000_vt0.3842_first_order//seed006.ambig.csv
/home/tatsu/n3sel_view/n3_w2_A_L50/side/f0.5000_th2.1000_vt0.3842_first_order/seed009.ambig.csv	/home/tatsu/n3prod/n3_w2_A_L50/side/f0.5000_th2.1000_vt0.3842_first_order//seed009.ambig.csv
/home/tatsu/n3sel_view/n3_w2_A_L50/side/f0.5000_th2.1000_vt0.3842_first_order/seed001.answers.csv	/home/tatsu/n3prod/n3_w2_A_L50/side/f0.5000_th2.1000_vt0.3842_first_order//seed001.answers.csv
/home/tatsu/n3sel_view/n3_w2_A_L50/side/f0.5000_th2.1000_vt0.3842_first_order/seed011.ambig.csv	/home/tatsu/n3prod/n3_w2_A_L50/side/f0.5000_th2.1000_vt0.3842_first_order//seed011.ambig.csv
/home/tatsu/n3sel_view/n3_w2_A_L50/side/f0.5000_th2.1000_vt0.3842_first_order/seed006.answers.csv	/home/tatsu/n3prod/n3_w2_A_L50/side/f0.5000_th2.1000_vt0.3842_first_order//seed006.answers.csv
/home/tatsu/n3sel_view/n3_w2_A_L50/side/f0.5000_th2.1000_vt0.3842_first_order/seed012.ambig.csv	/home/tatsu/n3prod/n3_w2_A_L50/side/f0.5000_th2.1000_vt0.3842_first_order//seed012.ambig.csv
/home/tatsu/n3sel_view/n3_w2_A_L50/side/f0.5000_th2.1000_vt0.3842_first_order/seed018.answers.csv	/home/tatsu/n3prod/n3_w2_A_L50/side/f0.5000_th2.1000_vt0.3842_first_order//seed018.answers.csv
/home/tatsu/n3sel_view/n3_w2_A_L50/side/f0.5000_th2.1000_vt0.3842_first_order/seed005.probe.jsonl	/home/tatsu/n3prod/n3_w2_A_L50/side/f0.5000_th2.1000_vt0.3842_first_order//seed005.probe.jsonl
/home/tatsu/n3sel_view/n3_w2_A_L50/side/f0.5000_th2.1000_vt0.3842_first_order/seed007.probe.jsonl	/home/tatsu/n3prod/n3_w2_A_L50/side/f0.5000_th2.1000_vt0.3842_first_order//seed007.probe.jsonl
/home/tatsu/n3sel_view/n3_w2_A_L50/side/f0.5000_th2.1000_vt0.3842_first_order/seed013.probe.jsonl	/home/tatsu/n3prod/n3_w2_A_L50/side/f0.5000_th2.1000_vt0.3842_first_order//seed013.probe.jsonl
/home/tatsu/n3sel_view/n3_w2_A_L50/side/f0.5000_th2.1000_vt0.3842_first_order/seed014.shop.jsonl	/home/tatsu/n3prod/n3_w2_A_L50/side/f0.5000_th2.1000_vt0.3842_first_order//seed014.shop.jsonl
/home/tatsu/n3sel_view/n3_w2_A_L50/side/f0.5000_th2.1000_vt0.3842_first_order/seed008.probe.jsonl	/home/tatsu/n3prod/n3_w2_A_L50/side/f0.5000_th2.1000_vt0.3842_first_order//seed008.probe.jsonl
/home/tatsu/n3sel_view/n3_w2_A_L50/side/f0.5000_th2.1000_vt0.3842_first_order/seed019.shop.jsonl	/home/tatsu/n3prod/n3_w2_A_L50/side/f0.5000_th2.1000_vt0.3842_first_order//seed019.shop.jsonl
/home/tatsu/n3sel_view/n3_w2_A_L50/side/f0.5000_th2.1000_vt0.3842_first_order/seed019.answers.csv	/home/tatsu/n3prod/n3_w2_A_L50/side/f0.5000_th2.1000_vt0.3842_first_order//seed019.answers.csv
/home/tatsu/n3sel_view/n3_w2_A_L50/side/f0.5000_th2.1000_vt0.3842_first_order/seed016.probe.jsonl	/home/tatsu/n3prod/n3_w2_A_L50/side/f0.5000_th2.1000_vt0.3842_first_order//seed016.probe.jsonl
/home/tatsu/n3sel_view/n3_w2_A_L50/side/f0.5000_th2.1000_vt0.3842_first_order/seed011.answers.csv	/home/tatsu/n3prod/n3_w2_A_L50/side/f0.5000_th2.1000_vt0.3842_first_order//seed011.answers.csv
/home/tatsu/n3sel_view/n3_w2_A_L50/side/f0.5000_th2.1000_vt0.3842_first_order/seed003.probe.jsonl	/home/tatsu/n3prod/n3_w2_A_L50/side/f0.5000_th2.1000_vt0.3842_first_order//seed003.probe.jsonl
/home/tatsu/n3sel_view/n3_w2_A_L50/side/f0.5000_th2.1000_vt0.3842_first_order/seed008.shop.jsonl	/home/tatsu/n3prod/n3_w2_A_L50/side/f0.5000_th2.1000_vt0.3842_first_order//seed008.shop.jsonl
/home/tatsu/n3sel_view/n3_w2_A_L50/side/f0.5000_th2.1000_vt0.3842_first_order/seed002.answers.csv	/home/tatsu/n3prod/n3_w2_A_L50/side/f0.5000_th2.1000_vt0.3842_first_order//seed002.answers.csv
/home/tatsu/n3sel_view/n3_w2_A_L50/side/f0.5000_th2.1000_vt0.3842_first_order/seed001.ambig.csv	/home/tatsu/n3prod/n3_w2_A_L50/side/f0.5000_th2.1000_vt0.3842_first_order//seed001.ambig.csv
/home/tatsu/n3sel_view/n3_w2_A_L50/side/f0.5000_th2.1000_vt0.3842_first_order/seed004.shop.jsonl	/home/tatsu/n3prod/n3_w2_A_L50/side/f0.5000_th2.1000_vt0.3842_first_order//seed004.shop.jsonl
/home/tatsu/n3sel_view/n3_w2_A_L50/side/f0.5000_th2.1000_vt0.3842_first_order/seed004.ambig.csv	/home/tatsu/n3prod/n3_w2_A_L50/side/f0.5000_th2.1000_vt0.3842_first_order//seed004.ambig.csv
/home/tatsu/n3sel_view/n3_w2_A_L50/side/f0.5000_th2.1000_vt0.3842_first_order/seed003.answers.csv	/home/tatsu/n3prod/n3_w2_A_L50/side/f0.5000_th2.1000_vt0.3842_first_order//seed003.answers.csv
/home/tatsu/n3sel_view/n3_w2_A_L50/side/f0.5000_th2.1000_vt0.3842_first_order/seed016.answers.csv	/home/tatsu/n3prod/n3_w2_A_L50/side/f0.5000_th2.1000_vt0.3842_first_order//seed016.answers.csv
/home/tatsu/n3sel_view/n3_w2_A_L50/side/f0.5000_th2.1000_vt0.3842_first_order/seed007.answers.csv	/home/tatsu/n3prod/n3_w2_A_L50/side/f0.5000_th2.1000_vt0.3842_first_order//seed007.answers.csv
/home/tatsu/n3sel_view/n3_w2_A_L50/side/f0.5000_th2.1000_vt0.3842_first_order/seed009.shop.jsonl	/home/tatsu/n3prod/n3_w2_A_L50/side/f0.5000_th2.1000_vt0.3842_first_order//seed009.shop.jsonl
/home/tatsu/n3sel_view/n3_w2_A_L50/side/f0.5000_th2.1000_vt0.3842_first_order/seed002.probe.jsonl	/home/tatsu/n3prod/n3_w2_A_L50/side/f0.5000_th2.1000_vt0.3842_first_order//seed002.probe.jsonl
/home/tatsu/n3sel_view/n3_w2_A_L50/side/f0.5000_th2.1000_vt0.3842_first_order/seed018.ambig.csv	/home/tatsu/n3prod/n3_w2_A_L50/side/f0.5000_th2.1000_vt0.3842_first_order//seed018.ambig.csv
/home/tatsu/n3sel_view/n3l_w2_C_lam0.0187/ledgers	/home/tatsu/n3lgrid/n3l_w2_C_lam0.0187/ledgers
/home/tatsu/n3sel_view/n3l_w2_C_lam0.0187/side/f0.5000_th2.1000_vt0.3842_first_order/seed003.shop.jsonl	/home/tatsu/n3lgrid/n3l_w2_C_lam0.0187/side/f0.5000_th2.1000_vt0.3842_first_order//seed003.shop.jsonl
/home/tatsu/n3sel_view/n3l_w2_C_lam0.0187/side/f0.5000_th2.1000_vt0.3842_first_order/seed011.shop.jsonl	/home/tatsu/n3lgrid/n3l_w2_C_lam0.0187/side/f0.5000_th2.1000_vt0.3842_first_order//seed011.shop.jsonl
/home/tatsu/n3sel_view/n3l_w2_C_lam0.0187/side/f0.5000_th2.1000_vt0.3842_first_order/seed020.shop.jsonl	/home/tatsu/n3lgrid/n3l_w2_C_lam0.0187/side/f0.5000_th2.1000_vt0.3842_first_order//seed020.shop.jsonl
/home/tatsu/n3sel_view/n3l_w2_C_lam0.0187/side/f0.5000_th2.1000_vt0.3842_first_order/seed008.ambig.csv	/home/tatsu/n3lgrid/n3l_w2_C_lam0.0187/side/f0.5000_th2.1000_vt0.3842_first_order//seed008.ambig.csv
/home/tatsu/n3sel_view/n3l_w2_C_lam0.0187/side/f0.5000_th2.1000_vt0.3842_first_order/seed003.ambig.csv	/home/tatsu/n3lgrid/n3l_w2_C_lam0.0187/side/f0.5000_th2.1000_vt0.3842_first_order//seed003.ambig.csv
/home/tatsu/n3sel_view/n3l_w2_C_lam0.0187/side/f0.5000_th2.1000_vt0.3842_first_order/seed013.ambig.csv	/home/tatsu/n3lgrid/n3l_w2_C_lam0.0187/side/f0.5000_th2.1000_vt0.3842_first_order//seed013.ambig.csv
/home/tatsu/n3sel_view/n3l_w2_C_lam0.0187/side/f0.5000_th2.1000_vt0.3842_first_order/seed004.answers.csv	/home/tatsu/n3lgrid/n3l_w2_C_lam0.0187/side/f0.5000_th2.1000_vt0.3842_first_order//seed004.answers.csv
/home/tatsu/n3sel_view/n3l_w2_C_lam0.0187/side/f0.5000_th2.1000_vt0.3842_first_order/seed019.probe.jsonl	/home/tatsu/n3lgrid/n3l_w2_C_lam0.0187/side/f0.5000_th2.1000_vt0.3842_first_order//seed019.probe.jsonl
/home/tatsu/n3sel_view/n3l_w2_C_lam0.0187/side/f0.5000_th2.1000_vt0.3842_first_order/seed001.shop.jsonl	/home/tatsu/n3lgrid/n3l_w2_C_lam0.0187/side/f0.5000_th2.1000_vt0.3842_first_order//seed001.shop.jsonl
/home/tatsu/n3sel_view/n3l_w2_C_lam0.0187/side/f0.5000_th2.1000_vt0.3842_first_order/seed016.shop.jsonl	/home/tatsu/n3lgrid/n3l_w2_C_lam0.0187/side/f0.5000_th2.1000_vt0.3842_first_order//seed016.shop.jsonl
/home/tatsu/n3sel_view/n3l_w2_C_lam0.0187/side/f0.5000_th2.1000_vt0.3842_first_order/seed006.probe.jsonl	/home/tatsu/n3lgrid/n3l_w2_C_lam0.0187/side/f0.5000_th2.1000_vt0.3842_first_order//seed006.probe.jsonl
/home/tatsu/n3sel_view/n3l_w2_C_lam0.0187/side/f0.5000_th2.1000_vt0.3842_first_order/seed013.shop.jsonl	/home/tatsu/n3lgrid/n3l_w2_C_lam0.0187/side/f0.5000_th2.1000_vt0.3842_first_order//seed013.shop.jsonl
/home/tatsu/n3sel_view/n3l_w2_C_lam0.0187/side/f0.5000_th2.1000_vt0.3842_first_order/seed012.probe.jsonl	/home/tatsu/n3lgrid/n3l_w2_C_lam0.0187/side/f0.5000_th2.1000_vt0.3842_first_order//seed012.probe.jsonl
/home/tatsu/n3sel_view/n3l_w2_C_lam0.0187/side/f0.5000_th2.1000_vt0.3842_first_order/seed008.answers.csv	/home/tatsu/n3lgrid/n3l_w2_C_lam0.0187/side/f0.5000_th2.1000_vt0.3842_first_order//seed008.answers.csv
/home/tatsu/n3sel_view/n3l_w2_C_lam0.0187/side/f0.5000_th2.1000_vt0.3842_first_order/seed012.shop.jsonl	/home/tatsu/n3lgrid/n3l_w2_C_lam0.0187/side/f0.5000_th2.1000_vt0.3842_first_order//seed012.shop.jsonl
/home/tatsu/n3sel_view/n3l_w2_C_lam0.0187/side/f0.5000_th2.1000_vt0.3842_first_order/seed004.probe.jsonl	/home/tatsu/n3lgrid/n3l_w2_C_lam0.0187/side/f0.5000_th2.1000_vt0.3842_first_order//seed004.probe.jsonl
/home/tatsu/n3sel_view/n3l_w2_C_lam0.0187/side/f0.5000_th2.1000_vt0.3842_first_order/seed015.answers.csv	/home/tatsu/n3lgrid/n3l_w2_C_lam0.0187/side/f0.5000_th2.1000_vt0.3842_first_order//seed015.answers.csv
/home/tatsu/n3sel_view/n3l_w2_C_lam0.0187/side/f0.5000_th2.1000_vt0.3842_first_order/seed005.ambig.csv	/home/tatsu/n3lgrid/n3l_w2_C_lam0.0187/side/f0.5000_th2.1000_vt0.3842_first_order//seed005.ambig.csv
/home/tatsu/n3sel_view/n3l_w2_C_lam0.0187/side/f0.5000_th2.1000_vt0.3842_first_order/seed006.shop.jsonl	/home/tatsu/n3lgrid/n3l_w2_C_lam0.0187/side/f0.5000_th2.1000_vt0.3842_first_order//seed006.shop.jsonl
/home/tatsu/n3sel_view/n3l_w2_C_lam0.0187/side/f0.5000_th2.1000_vt0.3842_first_order/seed007.shop.jsonl	/home/tatsu/n3lgrid/n3l_w2_C_lam0.0187/side/f0.5000_th2.1000_vt0.3842_first_order//seed007.shop.jsonl
/home/tatsu/n3sel_view/n3l_w2_C_lam0.0187/side/f0.5000_th2.1000_vt0.3842_first_order/seed010.probe.jsonl	/home/tatsu/n3lgrid/n3l_w2_C_lam0.0187/side/f0.5000_th2.1000_vt0.3842_first_order//seed010.probe.jsonl
/home/tatsu/n3sel_view/n3l_w2_C_lam0.0187/side/f0.5000_th2.1000_vt0.3842_first_order/seed007.ambig.csv	/home/tatsu/n3lgrid/n3l_w2_C_lam0.0187/side/f0.5000_th2.1000_vt0.3842_first_order//seed007.ambig.csv
/home/tatsu/n3sel_view/n3l_w2_C_lam0.0187/side/f0.5000_th2.1000_vt0.3842_first_order/seed020.probe.jsonl	/home/tatsu/n3lgrid/n3l_w2_C_lam0.0187/side/f0.5000_th2.1000_vt0.3842_first_order//seed020.probe.jsonl
/home/tatsu/n3sel_view/n3l_w2_C_lam0.0187/side/f0.5000_th2.1000_vt0.3842_first_order/seed014.probe.jsonl	/home/tatsu/n3lgrid/n3l_w2_C_lam0.0187/side/f0.5000_th2.1000_vt0.3842_first_order//seed014.probe.jsonl
/home/tatsu/n3sel_view/n3l_w2_C_lam0.0187/side/f0.5000_th2.1000_vt0.3842_first_order/seed014.ambig.csv	/home/tatsu/n3lgrid/n3l_w2_C_lam0.0187/side/f0.5000_th2.1000_vt0.3842_first_order//seed014.ambig.csv
/home/tatsu/n3sel_view/n3l_w2_C_lam0.0187/side/f0.5000_th2.1000_vt0.3842_first_order/seed012.answers.csv	/home/tatsu/n3lgrid/n3l_w2_C_lam0.0187/side/f0.5000_th2.1000_vt0.3842_first_order//seed012.answers.csv
/home/tatsu/n3sel_view/n3l_w2_C_lam0.0187/side/f0.5000_th2.1000_vt0.3842_first_order/seed016.ambig.csv	/home/tatsu/n3lgrid/n3l_w2_C_lam0.0187/side/f0.5000_th2.1000_vt0.3842_first_order//seed016.ambig.csv
/home/tatsu/n3sel_view/n3l_w2_C_lam0.0187/side/f0.5000_th2.1000_vt0.3842_first_order/seed013.answers.csv	/home/tatsu/n3lgrid/n3l_w2_C_lam0.0187/side/f0.5000_th2.1000_vt0.3842_first_order//seed013.answers.csv
/home/tatsu/n3sel_view/n3l_w2_C_lam0.0187/side/f0.5000_th2.1000_vt0.3842_first_order/seed014.answers.csv	/home/tatsu/n3lgrid/n3l_w2_C_lam0.0187/side/f0.5000_th2.1000_vt0.3842_first_order//seed014.answers.csv
/home/tatsu/n3sel_view/n3l_w2_C_lam0.0187/side/f0.5000_th2.1000_vt0.3842_first_order/seed019.ambig.csv	/home/tatsu/n3lgrid/n3l_w2_C_lam0.0187/side/f0.5000_th2.1000_vt0.3842_first_order//seed019.ambig.csv
/home/tatsu/n3sel_view/n3l_w2_C_lam0.0187/side/f0.5000_th2.1000_vt0.3842_first_order/seed017.answers.csv	/home/tatsu/n3lgrid/n3l_w2_C_lam0.0187/side/f0.5000_th2.1000_vt0.3842_first_order//seed017.answers.csv
/home/tatsu/n3sel_view/n3l_w2_C_lam0.0187/side/f0.5000_th2.1000_vt0.3842_first_order/seed009.answers.csv	/home/tatsu/n3lgrid/n3l_w2_C_lam0.0187/side/f0.5000_th2.1000_vt0.3842_first_order//seed009.answers.csv
/home/tatsu/n3sel_view/n3l_w2_C_lam0.0187/side/f0.5000_th2.1000_vt0.3842_first_order/seed015.ambig.csv	/home/tatsu/n3lgrid/n3l_w2_C_lam0.0187/side/f0.5000_th2.1000_vt0.3842_first_order//seed015.ambig.csv
/home/tatsu/n3sel_view/n3l_w2_C_lam0.0187/side/f0.5000_th2.1000_vt0.3842_first_order/seed010.shop.jsonl	/home/tatsu/n3lgrid/n3l_w2_C_lam0.0187/side/f0.5000_th2.1000_vt0.3842_first_order//seed010.shop.jsonl
/home/tatsu/n3sel_view/n3l_w2_C_lam0.0187/side/f0.5000_th2.1000_vt0.3842_first_order/seed001.probe.jsonl	/home/tatsu/n3lgrid/n3l_w2_C_lam0.0187/side/f0.5000_th2.1000_vt0.3842_first_order//seed001.probe.jsonl
/home/tatsu/n3sel_view/n3l_w2_C_lam0.0187/side/f0.5000_th2.1000_vt0.3842_first_order/seed015.shop.jsonl	/home/tatsu/n3lgrid/n3l_w2_C_lam0.0187/side/f0.5000_th2.1000_vt0.3842_first_order//seed015.shop.jsonl
/home/tatsu/n3sel_view/n3l_w2_C_lam0.0187/side/f0.5000_th2.1000_vt0.3842_first_order/seed018.probe.jsonl	/home/tatsu/n3lgrid/n3l_w2_C_lam0.0187/side/f0.5000_th2.1000_vt0.3842_first_order//seed018.probe.jsonl
/home/tatsu/n3sel_view/n3l_w2_C_lam0.0187/side/f0.5000_th2.1000_vt0.3842_first_order/seed020.answers.csv	/home/tatsu/n3lgrid/n3l_w2_C_lam0.0187/side/f0.5000_th2.1000_vt0.3842_first_order//seed020.answers.csv
/home/tatsu/n3sel_view/n3l_w2_C_lam0.0187/side/f0.5000_th2.1000_vt0.3842_first_order/seed010.answers.csv	/home/tatsu/n3lgrid/n3l_w2_C_lam0.0187/side/f0.5000_th2.1000_vt0.3842_first_order//seed010.answers.csv
/home/tatsu/n3sel_view/n3l_w2_C_lam0.0187/side/f0.5000_th2.1000_vt0.3842_first_order/seed005.answers.csv	/home/tatsu/n3lgrid/n3l_w2_C_lam0.0187/side/f0.5000_th2.1000_vt0.3842_first_order//seed005.answers.csv
/home/tatsu/n3sel_view/n3l_w2_C_lam0.0187/side/f0.5000_th2.1000_vt0.3842_first_order/seed011.probe.jsonl	/home/tatsu/n3lgrid/n3l_w2_C_lam0.0187/side/f0.5000_th2.1000_vt0.3842_first_order//seed011.probe.jsonl
/home/tatsu/n3sel_view/n3l_w2_C_lam0.0187/side/f0.5000_th2.1000_vt0.3842_first_order/seed017.shop.jsonl	/home/tatsu/n3lgrid/n3l_w2_C_lam0.0187/side/f0.5000_th2.1000_vt0.3842_first_order//seed017.shop.jsonl
/home/tatsu/n3sel_view/n3l_w2_C_lam0.0187/side/f0.5000_th2.1000_vt0.3842_first_order/seed002.ambig.csv	/home/tatsu/n3lgrid/n3l_w2_C_lam0.0187/side/f0.5000_th2.1000_vt0.3842_first_order//seed002.ambig.csv
/home/tatsu/n3sel_view/n3l_w2_C_lam0.0187/side/f0.5000_th2.1000_vt0.3842_first_order/seed020.ambig.csv	/home/tatsu/n3lgrid/n3l_w2_C_lam0.0187/side/f0.5000_th2.1000_vt0.3842_first_order//seed020.ambig.csv
/home/tatsu/n3sel_view/n3l_w2_C_lam0.0187/side/f0.5000_th2.1000_vt0.3842_first_order/seed017.ambig.csv	/home/tatsu/n3lgrid/n3l_w2_C_lam0.0187/side/f0.5000_th2.1000_vt0.3842_first_order//seed017.ambig.csv
/home/tatsu/n3sel_view/n3l_w2_C_lam0.0187/side/f0.5000_th2.1000_vt0.3842_first_order/seed005.shop.jsonl	/home/tatsu/n3lgrid/n3l_w2_C_lam0.0187/side/f0.5000_th2.1000_vt0.3842_first_order//seed005.shop.jsonl
/home/tatsu/n3sel_view/n3l_w2_C_lam0.0187/side/f0.5000_th2.1000_vt0.3842_first_order/seed018.shop.jsonl	/home/tatsu/n3lgrid/n3l_w2_C_lam0.0187/side/f0.5000_th2.1000_vt0.3842_first_order//seed018.shop.jsonl
/home/tatsu/n3sel_view/n3l_w2_C_lam0.0187/side/f0.5000_th2.1000_vt0.3842_first_order/seed002.shop.jsonl	/home/tatsu/n3lgrid/n3l_w2_C_lam0.0187/side/f0.5000_th2.1000_vt0.3842_first_order//seed002.shop.jsonl
/home/tatsu/n3sel_view/n3l_w2_C_lam0.0187/side/f0.5000_th2.1000_vt0.3842_first_order/seed017.probe.jsonl	/home/tatsu/n3lgrid/n3l_w2_C_lam0.0187/side/f0.5000_th2.1000_vt0.3842_first_order//seed017.probe.jsonl
/home/tatsu/n3sel_view/n3l_w2_C_lam0.0187/side/f0.5000_th2.1000_vt0.3842_first_order/seed010.ambig.csv	/home/tatsu/n3lgrid/n3l_w2_C_lam0.0187/side/f0.5000_th2.1000_vt0.3842_first_order//seed010.ambig.csv
/home/tatsu/n3sel_view/n3l_w2_C_lam0.0187/side/f0.5000_th2.1000_vt0.3842_first_order/seed009.probe.jsonl	/home/tatsu/n3lgrid/n3l_w2_C_lam0.0187/side/f0.5000_th2.1000_vt0.3842_first_order//seed009.probe.jsonl
/home/tatsu/n3sel_view/n3l_w2_C_lam0.0187/side/f0.5000_th2.1000_vt0.3842_first_order/seed015.probe.jsonl	/home/tatsu/n3lgrid/n3l_w2_C_lam0.0187/side/f0.5000_th2.1000_vt0.3842_first_order//seed015.probe.jsonl
/home/tatsu/n3sel_view/n3l_w2_C_lam0.0187/side/f0.5000_th2.1000_vt0.3842_first_order/seed006.ambig.csv	/home/tatsu/n3lgrid/n3l_w2_C_lam0.0187/side/f0.5000_th2.1000_vt0.3842_first_order//seed006.ambig.csv
/home/tatsu/n3sel_view/n3l_w2_C_lam0.0187/side/f0.5000_th2.1000_vt0.3842_first_order/seed009.ambig.csv	/home/tatsu/n3lgrid/n3l_w2_C_lam0.0187/side/f0.5000_th2.1000_vt0.3842_first_order//seed009.ambig.csv
/home/tatsu/n3sel_view/n3l_w2_C_lam0.0187/side/f0.5000_th2.1000_vt0.3842_first_order/seed001.answers.csv	/home/tatsu/n3lgrid/n3l_w2_C_lam0.0187/side/f0.5000_th2.1000_vt0.3842_first_order//seed001.answers.csv
/home/tatsu/n3sel_view/n3l_w2_C_lam0.0187/side/f0.5000_th2.1000_vt0.3842_first_order/seed011.ambig.csv	/home/tatsu/n3lgrid/n3l_w2_C_lam0.0187/side/f0.5000_th2.1000_vt0.3842_first_order//seed011.ambig.csv
/home/tatsu/n3sel_view/n3l_w2_C_lam0.0187/side/f0.5000_th2.1000_vt0.3842_first_order/seed006.answers.csv	/home/tatsu/n3lgrid/n3l_w2_C_lam0.0187/side/f0.5000_th2.1000_vt0.3842_first_order//seed006.answers.csv
/home/tatsu/n3sel_view/n3l_w2_C_lam0.0187/side/f0.5000_th2.1000_vt0.3842_first_order/seed012.ambig.csv	/home/tatsu/n3lgrid/n3l_w2_C_lam0.0187/side/f0.5000_th2.1000_vt0.3842_first_order//seed012.ambig.csv
/home/tatsu/n3sel_view/n3l_w2_C_lam0.0187/side/f0.5000_th2.1000_vt0.3842_first_order/seed018.answers.csv	/home/tatsu/n3lgrid/n3l_w2_C_lam0.0187/side/f0.5000_th2.1000_vt0.3842_first_order//seed018.answers.csv
/home/tatsu/n3sel_view/n3l_w2_C_lam0.0187/side/f0.5000_th2.1000_vt0.3842_first_order/seed005.probe.jsonl	/home/tatsu/n3lgrid/n3l_w2_C_lam0.0187/side/f0.5000_th2.1000_vt0.3842_first_order//seed005.probe.jsonl
/home/tatsu/n3sel_view/n3l_w2_C_lam0.0187/side/f0.5000_th2.1000_vt0.3842_first_order/seed007.probe.jsonl	/home/tatsu/n3lgrid/n3l_w2_C_lam0.0187/side/f0.5000_th2.1000_vt0.3842_first_order//seed007.probe.jsonl
/home/tatsu/n3sel_view/n3l_w2_C_lam0.0187/side/f0.5000_th2.1000_vt0.3842_first_order/seed013.probe.jsonl	/home/tatsu/n3lgrid/n3l_w2_C_lam0.0187/side/f0.5000_th2.1000_vt0.3842_first_order//seed013.probe.jsonl
/home/tatsu/n3sel_view/n3l_w2_C_lam0.0187/side/f0.5000_th2.1000_vt0.3842_first_order/seed014.shop.jsonl	/home/tatsu/n3lgrid/n3l_w2_C_lam0.0187/side/f0.5000_th2.1000_vt0.3842_first_order//seed014.shop.jsonl
/home/tatsu/n3sel_view/n3l_w2_C_lam0.0187/side/f0.5000_th2.1000_vt0.3842_first_order/seed008.probe.jsonl	/home/tatsu/n3lgrid/n3l_w2_C_lam0.0187/side/f0.5000_th2.1000_vt0.3842_first_order//seed008.probe.jsonl
/home/tatsu/n3sel_view/n3l_w2_C_lam0.0187/side/f0.5000_th2.1000_vt0.3842_first_order/seed019.shop.jsonl	/home/tatsu/n3lgrid/n3l_w2_C_lam0.0187/side/f0.5000_th2.1000_vt0.3842_first_order//seed019.shop.jsonl
/home/tatsu/n3sel_view/n3l_w2_C_lam0.0187/side/f0.5000_th2.1000_vt0.3842_first_order/seed019.answers.csv	/home/tatsu/n3lgrid/n3l_w2_C_lam0.0187/side/f0.5000_th2.1000_vt0.3842_first_order//seed019.answers.csv
/home/tatsu/n3sel_view/n3l_w2_C_lam0.0187/side/f0.5000_th2.1000_vt0.3842_first_order/seed016.probe.jsonl	/home/tatsu/n3lgrid/n3l_w2_C_lam0.0187/side/f0.5000_th2.1000_vt0.3842_first_order//seed016.probe.jsonl
/home/tatsu/n3sel_view/n3l_w2_C_lam0.0187/side/f0.5000_th2.1000_vt0.3842_first_order/seed011.answers.csv	/home/tatsu/n3lgrid/n3l_w2_C_lam0.0187/side/f0.5000_th2.1000_vt0.3842_first_order//seed011.answers.csv
/home/tatsu/n3sel_view/n3l_w2_C_lam0.0187/side/f0.5000_th2.1000_vt0.3842_first_order/seed003.probe.jsonl	/home/tatsu/n3lgrid/n3l_w2_C_lam0.0187/side/f0.5000_th2.1000_vt0.3842_first_order//seed003.probe.jsonl
/home/tatsu/n3sel_view/n3l_w2_C_lam0.0187/side/f0.5000_th2.1000_vt0.3842_first_order/seed008.shop.jsonl	/home/tatsu/n3lgrid/n3l_w2_C_lam0.0187/side/f0.5000_th2.1000_vt0.3842_first_order//seed008.shop.jsonl
/home/tatsu/n3sel_view/n3l_w2_C_lam0.0187/side/f0.5000_th2.1000_vt0.3842_first_order/seed002.answers.csv	/home/tatsu/n3lgrid/n3l_w2_C_lam0.0187/side/f0.5000_th2.1000_vt0.3842_first_order//seed002.answers.csv
/home/tatsu/n3sel_view/n3l_w2_C_lam0.0187/side/f0.5000_th2.1000_vt0.3842_first_order/seed001.ambig.csv	/home/tatsu/n3lgrid/n3l_w2_C_lam0.0187/side/f0.5000_th2.1000_vt0.3842_first_order//seed001.ambig.csv
/home/tatsu/n3sel_view/n3l_w2_C_lam0.0187/side/f0.5000_th2.1000_vt0.3842_first_order/seed004.shop.jsonl	/home/tatsu/n3lgrid/n3l_w2_C_lam0.0187/side/f0.5000_th2.1000_vt0.3842_first_order//seed004.shop.jsonl
/home/tatsu/n3sel_view/n3l_w2_C_lam0.0187/side/f0.5000_th2.1000_vt0.3842_first_order/seed004.ambig.csv	/home/tatsu/n3lgrid/n3l_w2_C_lam0.0187/side/f0.5000_th2.1000_vt0.3842_first_order//seed004.ambig.csv
/home/tatsu/n3sel_view/n3l_w2_C_lam0.0187/side/f0.5000_th2.1000_vt0.3842_first_order/seed003.answers.csv	/home/tatsu/n3lgrid/n3l_w2_C_lam0.0187/side/f0.5000_th2.1000_vt0.3842_first_order//seed003.answers.csv
/home/tatsu/n3sel_view/n3l_w2_C_lam0.0187/side/f0.5000_th2.1000_vt0.3842_first_order/seed016.answers.csv	/home/tatsu/n3lgrid/n3l_w2_C_lam0.0187/side/f0.5000_th2.1000_vt0.3842_first_order//seed016.answers.csv
/home/tatsu/n3sel_view/n3l_w2_C_lam0.0187/side/f0.5000_th2.1000_vt0.3842_first_order/seed007.answers.csv	/home/tatsu/n3lgrid/n3l_w2_C_lam0.0187/side/f0.5000_th2.1000_vt0.3842_first_order//seed007.answers.csv
/home/tatsu/n3sel_view/n3l_w2_C_lam0.0187/side/f0.5000_th2.1000_vt0.3842_first_order/seed009.shop.jsonl	/home/tatsu/n3lgrid/n3l_w2_C_lam0.0187/side/f0.5000_th2.1000_vt0.3842_first_order//seed009.shop.jsonl
/home/tatsu/n3sel_view/n3l_w2_C_lam0.0187/side/f0.5000_th2.1000_vt0.3842_first_order/seed002.probe.jsonl	/home/tatsu/n3lgrid/n3l_w2_C_lam0.0187/side/f0.5000_th2.1000_vt0.3842_first_order//seed002.probe.jsonl
/home/tatsu/n3sel_view/n3l_w2_C_lam0.0187/side/f0.5000_th2.1000_vt0.3842_first_order/seed018.ambig.csv	/home/tatsu/n3lgrid/n3l_w2_C_lam0.0187/side/f0.5000_th2.1000_vt0.3842_first_order//seed018.ambig.csv
/home/tatsu/n3sel_view/n3l_w2_C_lam0.099/ledgers	/home/tatsu/n3lgrid/n3l_w2_C_lam0.099/ledgers
/home/tatsu/n3sel_view/n3l_w2_C_lam0.099/side/f0.5000_th2.1000_vt0.3842_first_order/seed003.shop.jsonl	/home/tatsu/n3lgrid/n3l_w2_C_lam0.099/side/f0.5000_th2.1000_vt0.3842_first_order//seed003.shop.jsonl
/home/tatsu/n3sel_view/n3l_w2_C_lam0.099/side/f0.5000_th2.1000_vt0.3842_first_order/seed011.shop.jsonl	/home/tatsu/n3lgrid/n3l_w2_C_lam0.099/side/f0.5000_th2.1000_vt0.3842_first_order//seed011.shop.jsonl
/home/tatsu/n3sel_view/n3l_w2_C_lam0.099/side/f0.5000_th2.1000_vt0.3842_first_order/seed020.shop.jsonl	/home/tatsu/n3lgrid/n3l_w2_C_lam0.099/side/f0.5000_th2.1000_vt0.3842_first_order//seed020.shop.jsonl
/home/tatsu/n3sel_view/n3l_w2_C_lam0.099/side/f0.5000_th2.1000_vt0.3842_first_order/seed008.ambig.csv	/home/tatsu/n3lgrid/n3l_w2_C_lam0.099/side/f0.5000_th2.1000_vt0.3842_first_order//seed008.ambig.csv
/home/tatsu/n3sel_view/n3l_w2_C_lam0.099/side/f0.5000_th2.1000_vt0.3842_first_order/seed003.ambig.csv	/home/tatsu/n3lgrid/n3l_w2_C_lam0.099/side/f0.5000_th2.1000_vt0.3842_first_order//seed003.ambig.csv
/home/tatsu/n3sel_view/n3l_w2_C_lam0.099/side/f0.5000_th2.1000_vt0.3842_first_order/seed013.ambig.csv	/home/tatsu/n3lgrid/n3l_w2_C_lam0.099/side/f0.5000_th2.1000_vt0.3842_first_order//seed013.ambig.csv
/home/tatsu/n3sel_view/n3l_w2_C_lam0.099/side/f0.5000_th2.1000_vt0.3842_first_order/seed004.answers.csv	/home/tatsu/n3lgrid/n3l_w2_C_lam0.099/side/f0.5000_th2.1000_vt0.3842_first_order//seed004.answers.csv
/home/tatsu/n3sel_view/n3l_w2_C_lam0.099/side/f0.5000_th2.1000_vt0.3842_first_order/seed019.probe.jsonl	/home/tatsu/n3lgrid/n3l_w2_C_lam0.099/side/f0.5000_th2.1000_vt0.3842_first_order//seed019.probe.jsonl
/home/tatsu/n3sel_view/n3l_w2_C_lam0.099/side/f0.5000_th2.1000_vt0.3842_first_order/seed001.shop.jsonl	/home/tatsu/n3lgrid/n3l_w2_C_lam0.099/side/f0.5000_th2.1000_vt0.3842_first_order//seed001.shop.jsonl
/home/tatsu/n3sel_view/n3l_w2_C_lam0.099/side/f0.5000_th2.1000_vt0.3842_first_order/seed016.shop.jsonl	/home/tatsu/n3lgrid/n3l_w2_C_lam0.099/side/f0.5000_th2.1000_vt0.3842_first_order//seed016.shop.jsonl
/home/tatsu/n3sel_view/n3l_w2_C_lam0.099/side/f0.5000_th2.1000_vt0.3842_first_order/seed006.probe.jsonl	/home/tatsu/n3lgrid/n3l_w2_C_lam0.099/side/f0.5000_th2.1000_vt0.3842_first_order//seed006.probe.jsonl
/home/tatsu/n3sel_view/n3l_w2_C_lam0.099/side/f0.5000_th2.1000_vt0.3842_first_order/seed013.shop.jsonl	/home/tatsu/n3lgrid/n3l_w2_C_lam0.099/side/f0.5000_th2.1000_vt0.3842_first_order//seed013.shop.jsonl
/home/tatsu/n3sel_view/n3l_w2_C_lam0.099/side/f0.5000_th2.1000_vt0.3842_first_order/seed012.probe.jsonl	/home/tatsu/n3lgrid/n3l_w2_C_lam0.099/side/f0.5000_th2.1000_vt0.3842_first_order//seed012.probe.jsonl
/home/tatsu/n3sel_view/n3l_w2_C_lam0.099/side/f0.5000_th2.1000_vt0.3842_first_order/seed008.answers.csv	/home/tatsu/n3lgrid/n3l_w2_C_lam0.099/side/f0.5000_th2.1000_vt0.3842_first_order//seed008.answers.csv
/home/tatsu/n3sel_view/n3l_w2_C_lam0.099/side/f0.5000_th2.1000_vt0.3842_first_order/seed012.shop.jsonl	/home/tatsu/n3lgrid/n3l_w2_C_lam0.099/side/f0.5000_th2.1000_vt0.3842_first_order//seed012.shop.jsonl
/home/tatsu/n3sel_view/n3l_w2_C_lam0.099/side/f0.5000_th2.1000_vt0.3842_first_order/seed004.probe.jsonl	/home/tatsu/n3lgrid/n3l_w2_C_lam0.099/side/f0.5000_th2.1000_vt0.3842_first_order//seed004.probe.jsonl
/home/tatsu/n3sel_view/n3l_w2_C_lam0.099/side/f0.5000_th2.1000_vt0.3842_first_order/seed015.answers.csv	/home/tatsu/n3lgrid/n3l_w2_C_lam0.099/side/f0.5000_th2.1000_vt0.3842_first_order//seed015.answers.csv
/home/tatsu/n3sel_view/n3l_w2_C_lam0.099/side/f0.5000_th2.1000_vt0.3842_first_order/seed005.ambig.csv	/home/tatsu/n3lgrid/n3l_w2_C_lam0.099/side/f0.5000_th2.1000_vt0.3842_first_order//seed005.ambig.csv
/home/tatsu/n3sel_view/n3l_w2_C_lam0.099/side/f0.5000_th2.1000_vt0.3842_first_order/seed006.shop.jsonl	/home/tatsu/n3lgrid/n3l_w2_C_lam0.099/side/f0.5000_th2.1000_vt0.3842_first_order//seed006.shop.jsonl
/home/tatsu/n3sel_view/n3l_w2_C_lam0.099/side/f0.5000_th2.1000_vt0.3842_first_order/seed007.shop.jsonl	/home/tatsu/n3lgrid/n3l_w2_C_lam0.099/side/f0.5000_th2.1000_vt0.3842_first_order//seed007.shop.jsonl
/home/tatsu/n3sel_view/n3l_w2_C_lam0.099/side/f0.5000_th2.1000_vt0.3842_first_order/seed010.probe.jsonl	/home/tatsu/n3lgrid/n3l_w2_C_lam0.099/side/f0.5000_th2.1000_vt0.3842_first_order//seed010.probe.jsonl
/home/tatsu/n3sel_view/n3l_w2_C_lam0.099/side/f0.5000_th2.1000_vt0.3842_first_order/seed007.ambig.csv	/home/tatsu/n3lgrid/n3l_w2_C_lam0.099/side/f0.5000_th2.1000_vt0.3842_first_order//seed007.ambig.csv
/home/tatsu/n3sel_view/n3l_w2_C_lam0.099/side/f0.5000_th2.1000_vt0.3842_first_order/seed020.probe.jsonl	/home/tatsu/n3lgrid/n3l_w2_C_lam0.099/side/f0.5000_th2.1000_vt0.3842_first_order//seed020.probe.jsonl
/home/tatsu/n3sel_view/n3l_w2_C_lam0.099/side/f0.5000_th2.1000_vt0.3842_first_order/seed014.probe.jsonl	/home/tatsu/n3lgrid/n3l_w2_C_lam0.099/side/f0.5000_th2.1000_vt0.3842_first_order//seed014.probe.jsonl
/home/tatsu/n3sel_view/n3l_w2_C_lam0.099/side/f0.5000_th2.1000_vt0.3842_first_order/seed014.ambig.csv	/home/tatsu/n3lgrid/n3l_w2_C_lam0.099/side/f0.5000_th2.1000_vt0.3842_first_order//seed014.ambig.csv
/home/tatsu/n3sel_view/n3l_w2_C_lam0.099/side/f0.5000_th2.1000_vt0.3842_first_order/seed012.answers.csv	/home/tatsu/n3lgrid/n3l_w2_C_lam0.099/side/f0.5000_th2.1000_vt0.3842_first_order//seed012.answers.csv
/home/tatsu/n3sel_view/n3l_w2_C_lam0.099/side/f0.5000_th2.1000_vt0.3842_first_order/seed016.ambig.csv	/home/tatsu/n3lgrid/n3l_w2_C_lam0.099/side/f0.5000_th2.1000_vt0.3842_first_order//seed016.ambig.csv
/home/tatsu/n3sel_view/n3l_w2_C_lam0.099/side/f0.5000_th2.1000_vt0.3842_first_order/seed013.answers.csv	/home/tatsu/n3lgrid/n3l_w2_C_lam0.099/side/f0.5000_th2.1000_vt0.3842_first_order//seed013.answers.csv
/home/tatsu/n3sel_view/n3l_w2_C_lam0.099/side/f0.5000_th2.1000_vt0.3842_first_order/seed014.answers.csv	/home/tatsu/n3lgrid/n3l_w2_C_lam0.099/side/f0.5000_th2.1000_vt0.3842_first_order//seed014.answers.csv
/home/tatsu/n3sel_view/n3l_w2_C_lam0.099/side/f0.5000_th2.1000_vt0.3842_first_order/seed019.ambig.csv	/home/tatsu/n3lgrid/n3l_w2_C_lam0.099/side/f0.5000_th2.1000_vt0.3842_first_order//seed019.ambig.csv
/home/tatsu/n3sel_view/n3l_w2_C_lam0.099/side/f0.5000_th2.1000_vt0.3842_first_order/seed017.answers.csv	/home/tatsu/n3lgrid/n3l_w2_C_lam0.099/side/f0.5000_th2.1000_vt0.3842_first_order//seed017.answers.csv
/home/tatsu/n3sel_view/n3l_w2_C_lam0.099/side/f0.5000_th2.1000_vt0.3842_first_order/seed009.answers.csv	/home/tatsu/n3lgrid/n3l_w2_C_lam0.099/side/f0.5000_th2.1000_vt0.3842_first_order//seed009.answers.csv
/home/tatsu/n3sel_view/n3l_w2_C_lam0.099/side/f0.5000_th2.1000_vt0.3842_first_order/seed015.ambig.csv	/home/tatsu/n3lgrid/n3l_w2_C_lam0.099/side/f0.5000_th2.1000_vt0.3842_first_order//seed015.ambig.csv
/home/tatsu/n3sel_view/n3l_w2_C_lam0.099/side/f0.5000_th2.1000_vt0.3842_first_order/seed010.shop.jsonl	/home/tatsu/n3lgrid/n3l_w2_C_lam0.099/side/f0.5000_th2.1000_vt0.3842_first_order//seed010.shop.jsonl
/home/tatsu/n3sel_view/n3l_w2_C_lam0.099/side/f0.5000_th2.1000_vt0.3842_first_order/seed001.probe.jsonl	/home/tatsu/n3lgrid/n3l_w2_C_lam0.099/side/f0.5000_th2.1000_vt0.3842_first_order//seed001.probe.jsonl
/home/tatsu/n3sel_view/n3l_w2_C_lam0.099/side/f0.5000_th2.1000_vt0.3842_first_order/seed015.shop.jsonl	/home/tatsu/n3lgrid/n3l_w2_C_lam0.099/side/f0.5000_th2.1000_vt0.3842_first_order//seed015.shop.jsonl
/home/tatsu/n3sel_view/n3l_w2_C_lam0.099/side/f0.5000_th2.1000_vt0.3842_first_order/seed018.probe.jsonl	/home/tatsu/n3lgrid/n3l_w2_C_lam0.099/side/f0.5000_th2.1000_vt0.3842_first_order//seed018.probe.jsonl
/home/tatsu/n3sel_view/n3l_w2_C_lam0.099/side/f0.5000_th2.1000_vt0.3842_first_order/seed020.answers.csv	/home/tatsu/n3lgrid/n3l_w2_C_lam0.099/side/f0.5000_th2.1000_vt0.3842_first_order//seed020.answers.csv
/home/tatsu/n3sel_view/n3l_w2_C_lam0.099/side/f0.5000_th2.1000_vt0.3842_first_order/seed010.answers.csv	/home/tatsu/n3lgrid/n3l_w2_C_lam0.099/side/f0.5000_th2.1000_vt0.3842_first_order//seed010.answers.csv
/home/tatsu/n3sel_view/n3l_w2_C_lam0.099/side/f0.5000_th2.1000_vt0.3842_first_order/seed005.answers.csv	/home/tatsu/n3lgrid/n3l_w2_C_lam0.099/side/f0.5000_th2.1000_vt0.3842_first_order//seed005.answers.csv
/home/tatsu/n3sel_view/n3l_w2_C_lam0.099/side/f0.5000_th2.1000_vt0.3842_first_order/seed011.probe.jsonl	/home/tatsu/n3lgrid/n3l_w2_C_lam0.099/side/f0.5000_th2.1000_vt0.3842_first_order//seed011.probe.jsonl
/home/tatsu/n3sel_view/n3l_w2_C_lam0.099/side/f0.5000_th2.1000_vt0.3842_first_order/seed017.shop.jsonl	/home/tatsu/n3lgrid/n3l_w2_C_lam0.099/side/f0.5000_th2.1000_vt0.3842_first_order//seed017.shop.jsonl
/home/tatsu/n3sel_view/n3l_w2_C_lam0.099/side/f0.5000_th2.1000_vt0.3842_first_order/seed002.ambig.csv	/home/tatsu/n3lgrid/n3l_w2_C_lam0.099/side/f0.5000_th2.1000_vt0.3842_first_order//seed002.ambig.csv
/home/tatsu/n3sel_view/n3l_w2_C_lam0.099/side/f0.5000_th2.1000_vt0.3842_first_order/seed020.ambig.csv	/home/tatsu/n3lgrid/n3l_w2_C_lam0.099/side/f0.5000_th2.1000_vt0.3842_first_order//seed020.ambig.csv
/home/tatsu/n3sel_view/n3l_w2_C_lam0.099/side/f0.5000_th2.1000_vt0.3842_first_order/seed017.ambig.csv	/home/tatsu/n3lgrid/n3l_w2_C_lam0.099/side/f0.5000_th2.1000_vt0.3842_first_order//seed017.ambig.csv
/home/tatsu/n3sel_view/n3l_w2_C_lam0.099/side/f0.5000_th2.1000_vt0.3842_first_order/seed005.shop.jsonl	/home/tatsu/n3lgrid/n3l_w2_C_lam0.099/side/f0.5000_th2.1000_vt0.3842_first_order//seed005.shop.jsonl
/home/tatsu/n3sel_view/n3l_w2_C_lam0.099/side/f0.5000_th2.1000_vt0.3842_first_order/seed018.shop.jsonl	/home/tatsu/n3lgrid/n3l_w2_C_lam0.099/side/f0.5000_th2.1000_vt0.3842_first_order//seed018.shop.jsonl
/home/tatsu/n3sel_view/n3l_w2_C_lam0.099/side/f0.5000_th2.1000_vt0.3842_first_order/seed002.shop.jsonl	/home/tatsu/n3lgrid/n3l_w2_C_lam0.099/side/f0.5000_th2.1000_vt0.3842_first_order//seed002.shop.jsonl
/home/tatsu/n3sel_view/n3l_w2_C_lam0.099/side/f0.5000_th2.1000_vt0.3842_first_order/seed017.probe.jsonl	/home/tatsu/n3lgrid/n3l_w2_C_lam0.099/side/f0.5000_th2.1000_vt0.3842_first_order//seed017.probe.jsonl
/home/tatsu/n3sel_view/n3l_w2_C_lam0.099/side/f0.5000_th2.1000_vt0.3842_first_order/seed010.ambig.csv	/home/tatsu/n3lgrid/n3l_w2_C_lam0.099/side/f0.5000_th2.1000_vt0.3842_first_order//seed010.ambig.csv
/home/tatsu/n3sel_view/n3l_w2_C_lam0.099/side/f0.5000_th2.1000_vt0.3842_first_order/seed009.probe.jsonl	/home/tatsu/n3lgrid/n3l_w2_C_lam0.099/side/f0.5000_th2.1000_vt0.3842_first_order//seed009.probe.jsonl
/home/tatsu/n3sel_view/n3l_w2_C_lam0.099/side/f0.5000_th2.1000_vt0.3842_first_order/seed015.probe.jsonl	/home/tatsu/n3lgrid/n3l_w2_C_lam0.099/side/f0.5000_th2.1000_vt0.3842_first_order//seed015.probe.jsonl
/home/tatsu/n3sel_view/n3l_w2_C_lam0.099/side/f0.5000_th2.1000_vt0.3842_first_order/seed006.ambig.csv	/home/tatsu/n3lgrid/n3l_w2_C_lam0.099/side/f0.5000_th2.1000_vt0.3842_first_order//seed006.ambig.csv
/home/tatsu/n3sel_view/n3l_w2_C_lam0.099/side/f0.5000_th2.1000_vt0.3842_first_order/seed009.ambig.csv	/home/tatsu/n3lgrid/n3l_w2_C_lam0.099/side/f0.5000_th2.1000_vt0.3842_first_order//seed009.ambig.csv
/home/tatsu/n3sel_view/n3l_w2_C_lam0.099/side/f0.5000_th2.1000_vt0.3842_first_order/seed001.answers.csv	/home/tatsu/n3lgrid/n3l_w2_C_lam0.099/side/f0.5000_th2.1000_vt0.3842_first_order//seed001.answers.csv
/home/tatsu/n3sel_view/n3l_w2_C_lam0.099/side/f0.5000_th2.1000_vt0.3842_first_order/seed011.ambig.csv	/home/tatsu/n3lgrid/n3l_w2_C_lam0.099/side/f0.5000_th2.1000_vt0.3842_first_order//seed011.ambig.csv
/home/tatsu/n3sel_view/n3l_w2_C_lam0.099/side/f0.5000_th2.1000_vt0.3842_first_order/seed006.answers.csv	/home/tatsu/n3lgrid/n3l_w2_C_lam0.099/side/f0.5000_th2.1000_vt0.3842_first_order//seed006.answers.csv
/home/tatsu/n3sel_view/n3l_w2_C_lam0.099/side/f0.5000_th2.1000_vt0.3842_first_order/seed012.ambig.csv	/home/tatsu/n3lgrid/n3l_w2_C_lam0.099/side/f0.5000_th2.1000_vt0.3842_first_order//seed012.ambig.csv
/home/tatsu/n3sel_view/n3l_w2_C_lam0.099/side/f0.5000_th2.1000_vt0.3842_first_order/seed018.answers.csv	/home/tatsu/n3lgrid/n3l_w2_C_lam0.099/side/f0.5000_th2.1000_vt0.3842_first_order//seed018.answers.csv
/home/tatsu/n3sel_view/n3l_w2_C_lam0.099/side/f0.5000_th2.1000_vt0.3842_first_order/seed005.probe.jsonl	/home/tatsu/n3lgrid/n3l_w2_C_lam0.099/side/f0.5000_th2.1000_vt0.3842_first_order//seed005.probe.jsonl
/home/tatsu/n3sel_view/n3l_w2_C_lam0.099/side/f0.5000_th2.1000_vt0.3842_first_order/seed007.probe.jsonl	/home/tatsu/n3lgrid/n3l_w2_C_lam0.099/side/f0.5000_th2.1000_vt0.3842_first_order//seed007.probe.jsonl
/home/tatsu/n3sel_view/n3l_w2_C_lam0.099/side/f0.5000_th2.1000_vt0.3842_first_order/seed013.probe.jsonl	/home/tatsu/n3lgrid/n3l_w2_C_lam0.099/side/f0.5000_th2.1000_vt0.3842_first_order//seed013.probe.jsonl
/home/tatsu/n3sel_view/n3l_w2_C_lam0.099/side/f0.5000_th2.1000_vt0.3842_first_order/seed014.shop.jsonl	/home/tatsu/n3lgrid/n3l_w2_C_lam0.099/side/f0.5000_th2.1000_vt0.3842_first_order//seed014.shop.jsonl
/home/tatsu/n3sel_view/n3l_w2_C_lam0.099/side/f0.5000_th2.1000_vt0.3842_first_order/seed008.probe.jsonl	/home/tatsu/n3lgrid/n3l_w2_C_lam0.099/side/f0.5000_th2.1000_vt0.3842_first_order//seed008.probe.jsonl
/home/tatsu/n3sel_view/n3l_w2_C_lam0.099/side/f0.5000_th2.1000_vt0.3842_first_order/seed019.shop.jsonl	/home/tatsu/n3lgrid/n3l_w2_C_lam0.099/side/f0.5000_th2.1000_vt0.3842_first_order//seed019.shop.jsonl
/home/tatsu/n3sel_view/n3l_w2_C_lam0.099/side/f0.5000_th2.1000_vt0.3842_first_order/seed019.answers.csv	/home/tatsu/n3lgrid/n3l_w2_C_lam0.099/side/f0.5000_th2.1000_vt0.3842_first_order//seed019.answers.csv
/home/tatsu/n3sel_view/n3l_w2_C_lam0.099/side/f0.5000_th2.1000_vt0.3842_first_order/seed016.probe.jsonl	/home/tatsu/n3lgrid/n3l_w2_C_lam0.099/side/f0.5000_th2.1000_vt0.3842_first_order//seed016.probe.jsonl
/home/tatsu/n3sel_view/n3l_w2_C_lam0.099/side/f0.5000_th2.1000_vt0.3842_first_order/seed011.answers.csv	/home/tatsu/n3lgrid/n3l_w2_C_lam0.099/side/f0.5000_th2.1000_vt0.3842_first_order//seed011.answers.csv
/home/tatsu/n3sel_view/n3l_w2_C_lam0.099/side/f0.5000_th2.1000_vt0.3842_first_order/seed003.probe.jsonl	/home/tatsu/n3lgrid/n3l_w2_C_lam0.099/side/f0.5000_th2.1000_vt0.3842_first_order//seed003.probe.jsonl
/home/tatsu/n3sel_view/n3l_w2_C_lam0.099/side/f0.5000_th2.1000_vt0.3842_first_order/seed008.shop.jsonl	/home/tatsu/n3lgrid/n3l_w2_C_lam0.099/side/f0.5000_th2.1000_vt0.3842_first_order//seed008.shop.jsonl
/home/tatsu/n3sel_view/n3l_w2_C_lam0.099/side/f0.5000_th2.1000_vt0.3842_first_order/seed002.answers.csv	/home/tatsu/n3lgrid/n3l_w2_C_lam0.099/side/f0.5000_th2.1000_vt0.3842_first_order//seed002.answers.csv
/home/tatsu/n3sel_view/n3l_w2_C_lam0.099/side/f0.5000_th2.1000_vt0.3842_first_order/seed001.ambig.csv	/home/tatsu/n3lgrid/n3l_w2_C_lam0.099/side/f0.5000_th2.1000_vt0.3842_first_order//seed001.ambig.csv
/home/tatsu/n3sel_view/n3l_w2_C_lam0.099/side/f0.5000_th2.1000_vt0.3842_first_order/seed004.shop.jsonl	/home/tatsu/n3lgrid/n3l_w2_C_lam0.099/side/f0.5000_th2.1000_vt0.3842_first_order//seed004.shop.jsonl
/home/tatsu/n3sel_view/n3l_w2_C_lam0.099/side/f0.5000_th2.1000_vt0.3842_first_order/seed004.ambig.csv	/home/tatsu/n3lgrid/n3l_w2_C_lam0.099/side/f0.5000_th2.1000_vt0.3842_first_order//seed004.ambig.csv
/home/tatsu/n3sel_view/n3l_w2_C_lam0.099/side/f0.5000_th2.1000_vt0.3842_first_order/seed003.answers.csv	/home/tatsu/n3lgrid/n3l_w2_C_lam0.099/side/f0.5000_th2.1000_vt0.3842_first_order//seed003.answers.csv
/home/tatsu/n3sel_view/n3l_w2_C_lam0.099/side/f0.5000_th2.1000_vt0.3842_first_order/seed016.answers.csv	/home/tatsu/n3lgrid/n3l_w2_C_lam0.099/side/f0.5000_th2.1000_vt0.3842_first_order//seed016.answers.csv
/home/tatsu/n3sel_view/n3l_w2_C_lam0.099/side/f0.5000_th2.1000_vt0.3842_first_order/seed007.answers.csv	/home/tatsu/n3lgrid/n3l_w2_C_lam0.099/side/f0.5000_th2.1000_vt0.3842_first_order//seed007.answers.csv
/home/tatsu/n3sel_view/n3l_w2_C_lam0.099/side/f0.5000_th2.1000_vt0.3842_first_order/seed009.shop.jsonl	/home/tatsu/n3lgrid/n3l_w2_C_lam0.099/side/f0.5000_th2.1000_vt0.3842_first_order//seed009.shop.jsonl
/home/tatsu/n3sel_view/n3l_w2_C_lam0.099/side/f0.5000_th2.1000_vt0.3842_first_order/seed002.probe.jsonl	/home/tatsu/n3lgrid/n3l_w2_C_lam0.099/side/f0.5000_th2.1000_vt0.3842_first_order//seed002.probe.jsonl
/home/tatsu/n3sel_view/n3l_w2_C_lam0.099/side/f0.5000_th2.1000_vt0.3842_first_order/seed018.ambig.csv	/home/tatsu/n3lgrid/n3l_w2_C_lam0.099/side/f0.5000_th2.1000_vt0.3842_first_order//seed018.ambig.csv
/home/tatsu/n3sel_view/n3l_w2_A_lam0.065/ledgers	/home/tatsu/n3lgrid/n3l_w2_A_lam0.065/ledgers
/home/tatsu/n3sel_view/n3l_w2_A_lam0.065/side/f0.5000_th2.1000_vt0.3842_first_order/seed003.shop.jsonl	/home/tatsu/n3lgrid/n3l_w2_A_lam0.065/side/f0.5000_th2.1000_vt0.3842_first_order//seed003.shop.jsonl
/home/tatsu/n3sel_view/n3l_w2_A_lam0.065/side/f0.5000_th2.1000_vt0.3842_first_order/seed011.shop.jsonl	/home/tatsu/n3lgrid/n3l_w2_A_lam0.065/side/f0.5000_th2.1000_vt0.3842_first_order//seed011.shop.jsonl
/home/tatsu/n3sel_view/n3l_w2_A_lam0.065/side/f0.5000_th2.1000_vt0.3842_first_order/seed020.shop.jsonl	/home/tatsu/n3lgrid/n3l_w2_A_lam0.065/side/f0.5000_th2.1000_vt0.3842_first_order//seed020.shop.jsonl
/home/tatsu/n3sel_view/n3l_w2_A_lam0.065/side/f0.5000_th2.1000_vt0.3842_first_order/seed008.ambig.csv	/home/tatsu/n3lgrid/n3l_w2_A_lam0.065/side/f0.5000_th2.1000_vt0.3842_first_order//seed008.ambig.csv
/home/tatsu/n3sel_view/n3l_w2_A_lam0.065/side/f0.5000_th2.1000_vt0.3842_first_order/seed003.ambig.csv	/home/tatsu/n3lgrid/n3l_w2_A_lam0.065/side/f0.5000_th2.1000_vt0.3842_first_order//seed003.ambig.csv
/home/tatsu/n3sel_view/n3l_w2_A_lam0.065/side/f0.5000_th2.1000_vt0.3842_first_order/seed013.ambig.csv	/home/tatsu/n3lgrid/n3l_w2_A_lam0.065/side/f0.5000_th2.1000_vt0.3842_first_order//seed013.ambig.csv
/home/tatsu/n3sel_view/n3l_w2_A_lam0.065/side/f0.5000_th2.1000_vt0.3842_first_order/seed004.answers.csv	/home/tatsu/n3lgrid/n3l_w2_A_lam0.065/side/f0.5000_th2.1000_vt0.3842_first_order//seed004.answers.csv
/home/tatsu/n3sel_view/n3l_w2_A_lam0.065/side/f0.5000_th2.1000_vt0.3842_first_order/seed019.probe.jsonl	/home/tatsu/n3lgrid/n3l_w2_A_lam0.065/side/f0.5000_th2.1000_vt0.3842_first_order//seed019.probe.jsonl
/home/tatsu/n3sel_view/n3l_w2_A_lam0.065/side/f0.5000_th2.1000_vt0.3842_first_order/seed001.shop.jsonl	/home/tatsu/n3lgrid/n3l_w2_A_lam0.065/side/f0.5000_th2.1000_vt0.3842_first_order//seed001.shop.jsonl
/home/tatsu/n3sel_view/n3l_w2_A_lam0.065/side/f0.5000_th2.1000_vt0.3842_first_order/seed016.shop.jsonl	/home/tatsu/n3lgrid/n3l_w2_A_lam0.065/side/f0.5000_th2.1000_vt0.3842_first_order//seed016.shop.jsonl
/home/tatsu/n3sel_view/n3l_w2_A_lam0.065/side/f0.5000_th2.1000_vt0.3842_first_order/seed006.probe.jsonl	/home/tatsu/n3lgrid/n3l_w2_A_lam0.065/side/f0.5000_th2.1000_vt0.3842_first_order//seed006.probe.jsonl
/home/tatsu/n3sel_view/n3l_w2_A_lam0.065/side/f0.5000_th2.1000_vt0.3842_first_order/seed013.shop.jsonl	/home/tatsu/n3lgrid/n3l_w2_A_lam0.065/side/f0.5000_th2.1000_vt0.3842_first_order//seed013.shop.jsonl
/home/tatsu/n3sel_view/n3l_w2_A_lam0.065/side/f0.5000_th2.1000_vt0.3842_first_order/seed012.probe.jsonl	/home/tatsu/n3lgrid/n3l_w2_A_lam0.065/side/f0.5000_th2.1000_vt0.3842_first_order//seed012.probe.jsonl
/home/tatsu/n3sel_view/n3l_w2_A_lam0.065/side/f0.5000_th2.1000_vt0.3842_first_order/seed008.answers.csv	/home/tatsu/n3lgrid/n3l_w2_A_lam0.065/side/f0.5000_th2.1000_vt0.3842_first_order//seed008.answers.csv
/home/tatsu/n3sel_view/n3l_w2_A_lam0.065/side/f0.5000_th2.1000_vt0.3842_first_order/seed012.shop.jsonl	/home/tatsu/n3lgrid/n3l_w2_A_lam0.065/side/f0.5000_th2.1000_vt0.3842_first_order//seed012.shop.jsonl
/home/tatsu/n3sel_view/n3l_w2_A_lam0.065/side/f0.5000_th2.1000_vt0.3842_first_order/seed004.probe.jsonl	/home/tatsu/n3lgrid/n3l_w2_A_lam0.065/side/f0.5000_th2.1000_vt0.3842_first_order//seed004.probe.jsonl
/home/tatsu/n3sel_view/n3l_w2_A_lam0.065/side/f0.5000_th2.1000_vt0.3842_first_order/seed015.answers.csv	/home/tatsu/n3lgrid/n3l_w2_A_lam0.065/side/f0.5000_th2.1000_vt0.3842_first_order//seed015.answers.csv
/home/tatsu/n3sel_view/n3l_w2_A_lam0.065/side/f0.5000_th2.1000_vt0.3842_first_order/seed005.ambig.csv	/home/tatsu/n3lgrid/n3l_w2_A_lam0.065/side/f0.5000_th2.1000_vt0.3842_first_order//seed005.ambig.csv
/home/tatsu/n3sel_view/n3l_w2_A_lam0.065/side/f0.5000_th2.1000_vt0.3842_first_order/seed006.shop.jsonl	/home/tatsu/n3lgrid/n3l_w2_A_lam0.065/side/f0.5000_th2.1000_vt0.3842_first_order//seed006.shop.jsonl
/home/tatsu/n3sel_view/n3l_w2_A_lam0.065/side/f0.5000_th2.1000_vt0.3842_first_order/seed007.shop.jsonl	/home/tatsu/n3lgrid/n3l_w2_A_lam0.065/side/f0.5000_th2.1000_vt0.3842_first_order//seed007.shop.jsonl
/home/tatsu/n3sel_view/n3l_w2_A_lam0.065/side/f0.5000_th2.1000_vt0.3842_first_order/seed010.probe.jsonl	/home/tatsu/n3lgrid/n3l_w2_A_lam0.065/side/f0.5000_th2.1000_vt0.3842_first_order//seed010.probe.jsonl
/home/tatsu/n3sel_view/n3l_w2_A_lam0.065/side/f0.5000_th2.1000_vt0.3842_first_order/seed007.ambig.csv	/home/tatsu/n3lgrid/n3l_w2_A_lam0.065/side/f0.5000_th2.1000_vt0.3842_first_order//seed007.ambig.csv
/home/tatsu/n3sel_view/n3l_w2_A_lam0.065/side/f0.5000_th2.1000_vt0.3842_first_order/seed020.probe.jsonl	/home/tatsu/n3lgrid/n3l_w2_A_lam0.065/side/f0.5000_th2.1000_vt0.3842_first_order//seed020.probe.jsonl
/home/tatsu/n3sel_view/n3l_w2_A_lam0.065/side/f0.5000_th2.1000_vt0.3842_first_order/seed014.probe.jsonl	/home/tatsu/n3lgrid/n3l_w2_A_lam0.065/side/f0.5000_th2.1000_vt0.3842_first_order//seed014.probe.jsonl
/home/tatsu/n3sel_view/n3l_w2_A_lam0.065/side/f0.5000_th2.1000_vt0.3842_first_order/seed014.ambig.csv	/home/tatsu/n3lgrid/n3l_w2_A_lam0.065/side/f0.5000_th2.1000_vt0.3842_first_order//seed014.ambig.csv
/home/tatsu/n3sel_view/n3l_w2_A_lam0.065/side/f0.5000_th2.1000_vt0.3842_first_order/seed012.answers.csv	/home/tatsu/n3lgrid/n3l_w2_A_lam0.065/side/f0.5000_th2.1000_vt0.3842_first_order//seed012.answers.csv
/home/tatsu/n3sel_view/n3l_w2_A_lam0.065/side/f0.5000_th2.1000_vt0.3842_first_order/seed016.ambig.csv	/home/tatsu/n3lgrid/n3l_w2_A_lam0.065/side/f0.5000_th2.1000_vt0.3842_first_order//seed016.ambig.csv
/home/tatsu/n3sel_view/n3l_w2_A_lam0.065/side/f0.5000_th2.1000_vt0.3842_first_order/seed013.answers.csv	/home/tatsu/n3lgrid/n3l_w2_A_lam0.065/side/f0.5000_th2.1000_vt0.3842_first_order//seed013.answers.csv
/home/tatsu/n3sel_view/n3l_w2_A_lam0.065/side/f0.5000_th2.1000_vt0.3842_first_order/seed014.answers.csv	/home/tatsu/n3lgrid/n3l_w2_A_lam0.065/side/f0.5000_th2.1000_vt0.3842_first_order//seed014.answers.csv
/home/tatsu/n3sel_view/n3l_w2_A_lam0.065/side/f0.5000_th2.1000_vt0.3842_first_order/seed019.ambig.csv	/home/tatsu/n3lgrid/n3l_w2_A_lam0.065/side/f0.5000_th2.1000_vt0.3842_first_order//seed019.ambig.csv
/home/tatsu/n3sel_view/n3l_w2_A_lam0.065/side/f0.5000_th2.1000_vt0.3842_first_order/seed017.answers.csv	/home/tatsu/n3lgrid/n3l_w2_A_lam0.065/side/f0.5000_th2.1000_vt0.3842_first_order//seed017.answers.csv
/home/tatsu/n3sel_view/n3l_w2_A_lam0.065/side/f0.5000_th2.1000_vt0.3842_first_order/seed009.answers.csv	/home/tatsu/n3lgrid/n3l_w2_A_lam0.065/side/f0.5000_th2.1000_vt0.3842_first_order//seed009.answers.csv
/home/tatsu/n3sel_view/n3l_w2_A_lam0.065/side/f0.5000_th2.1000_vt0.3842_first_order/seed015.ambig.csv	/home/tatsu/n3lgrid/n3l_w2_A_lam0.065/side/f0.5000_th2.1000_vt0.3842_first_order//seed015.ambig.csv
/home/tatsu/n3sel_view/n3l_w2_A_lam0.065/side/f0.5000_th2.1000_vt0.3842_first_order/seed010.shop.jsonl	/home/tatsu/n3lgrid/n3l_w2_A_lam0.065/side/f0.5000_th2.1000_vt0.3842_first_order//seed010.shop.jsonl
/home/tatsu/n3sel_view/n3l_w2_A_lam0.065/side/f0.5000_th2.1000_vt0.3842_first_order/seed001.probe.jsonl	/home/tatsu/n3lgrid/n3l_w2_A_lam0.065/side/f0.5000_th2.1000_vt0.3842_first_order//seed001.probe.jsonl
/home/tatsu/n3sel_view/n3l_w2_A_lam0.065/side/f0.5000_th2.1000_vt0.3842_first_order/seed015.shop.jsonl	/home/tatsu/n3lgrid/n3l_w2_A_lam0.065/side/f0.5000_th2.1000_vt0.3842_first_order//seed015.shop.jsonl
/home/tatsu/n3sel_view/n3l_w2_A_lam0.065/side/f0.5000_th2.1000_vt0.3842_first_order/seed018.probe.jsonl	/home/tatsu/n3lgrid/n3l_w2_A_lam0.065/side/f0.5000_th2.1000_vt0.3842_first_order//seed018.probe.jsonl
/home/tatsu/n3sel_view/n3l_w2_A_lam0.065/side/f0.5000_th2.1000_vt0.3842_first_order/seed020.answers.csv	/home/tatsu/n3lgrid/n3l_w2_A_lam0.065/side/f0.5000_th2.1000_vt0.3842_first_order//seed020.answers.csv
/home/tatsu/n3sel_view/n3l_w2_A_lam0.065/side/f0.5000_th2.1000_vt0.3842_first_order/seed010.answers.csv	/home/tatsu/n3lgrid/n3l_w2_A_lam0.065/side/f0.5000_th2.1000_vt0.3842_first_order//seed010.answers.csv
/home/tatsu/n3sel_view/n3l_w2_A_lam0.065/side/f0.5000_th2.1000_vt0.3842_first_order/seed005.answers.csv	/home/tatsu/n3lgrid/n3l_w2_A_lam0.065/side/f0.5000_th2.1000_vt0.3842_first_order//seed005.answers.csv
/home/tatsu/n3sel_view/n3l_w2_A_lam0.065/side/f0.5000_th2.1000_vt0.3842_first_order/seed011.probe.jsonl	/home/tatsu/n3lgrid/n3l_w2_A_lam0.065/side/f0.5000_th2.1000_vt0.3842_first_order//seed011.probe.jsonl
/home/tatsu/n3sel_view/n3l_w2_A_lam0.065/side/f0.5000_th2.1000_vt0.3842_first_order/seed017.shop.jsonl	/home/tatsu/n3lgrid/n3l_w2_A_lam0.065/side/f0.5000_th2.1000_vt0.3842_first_order//seed017.shop.jsonl
/home/tatsu/n3sel_view/n3l_w2_A_lam0.065/side/f0.5000_th2.1000_vt0.3842_first_order/seed002.ambig.csv	/home/tatsu/n3lgrid/n3l_w2_A_lam0.065/side/f0.5000_th2.1000_vt0.3842_first_order//seed002.ambig.csv
/home/tatsu/n3sel_view/n3l_w2_A_lam0.065/side/f0.5000_th2.1000_vt0.3842_first_order/seed020.ambig.csv	/home/tatsu/n3lgrid/n3l_w2_A_lam0.065/side/f0.5000_th2.1000_vt0.3842_first_order//seed020.ambig.csv
/home/tatsu/n3sel_view/n3l_w2_A_lam0.065/side/f0.5000_th2.1000_vt0.3842_first_order/seed017.ambig.csv	/home/tatsu/n3lgrid/n3l_w2_A_lam0.065/side/f0.5000_th2.1000_vt0.3842_first_order//seed017.ambig.csv
/home/tatsu/n3sel_view/n3l_w2_A_lam0.065/side/f0.5000_th2.1000_vt0.3842_first_order/seed005.shop.jsonl	/home/tatsu/n3lgrid/n3l_w2_A_lam0.065/side/f0.5000_th2.1000_vt0.3842_first_order//seed005.shop.jsonl
/home/tatsu/n3sel_view/n3l_w2_A_lam0.065/side/f0.5000_th2.1000_vt0.3842_first_order/seed018.shop.jsonl	/home/tatsu/n3lgrid/n3l_w2_A_lam0.065/side/f0.5000_th2.1000_vt0.3842_first_order//seed018.shop.jsonl
/home/tatsu/n3sel_view/n3l_w2_A_lam0.065/side/f0.5000_th2.1000_vt0.3842_first_order/seed002.shop.jsonl	/home/tatsu/n3lgrid/n3l_w2_A_lam0.065/side/f0.5000_th2.1000_vt0.3842_first_order//seed002.shop.jsonl
/home/tatsu/n3sel_view/n3l_w2_A_lam0.065/side/f0.5000_th2.1000_vt0.3842_first_order/seed017.probe.jsonl	/home/tatsu/n3lgrid/n3l_w2_A_lam0.065/side/f0.5000_th2.1000_vt0.3842_first_order//seed017.probe.jsonl
/home/tatsu/n3sel_view/n3l_w2_A_lam0.065/side/f0.5000_th2.1000_vt0.3842_first_order/seed010.ambig.csv	/home/tatsu/n3lgrid/n3l_w2_A_lam0.065/side/f0.5000_th2.1000_vt0.3842_first_order//seed010.ambig.csv
/home/tatsu/n3sel_view/n3l_w2_A_lam0.065/side/f0.5000_th2.1000_vt0.3842_first_order/seed009.probe.jsonl	/home/tatsu/n3lgrid/n3l_w2_A_lam0.065/side/f0.5000_th2.1000_vt0.3842_first_order//seed009.probe.jsonl
/home/tatsu/n3sel_view/n3l_w2_A_lam0.065/side/f0.5000_th2.1000_vt0.3842_first_order/seed015.probe.jsonl	/home/tatsu/n3lgrid/n3l_w2_A_lam0.065/side/f0.5000_th2.1000_vt0.3842_first_order//seed015.probe.jsonl
/home/tatsu/n3sel_view/n3l_w2_A_lam0.065/side/f0.5000_th2.1000_vt0.3842_first_order/seed006.ambig.csv	/home/tatsu/n3lgrid/n3l_w2_A_lam0.065/side/f0.5000_th2.1000_vt0.3842_first_order//seed006.ambig.csv
/home/tatsu/n3sel_view/n3l_w2_A_lam0.065/side/f0.5000_th2.1000_vt0.3842_first_order/seed009.ambig.csv	/home/tatsu/n3lgrid/n3l_w2_A_lam0.065/side/f0.5000_th2.1000_vt0.3842_first_order//seed009.ambig.csv
/home/tatsu/n3sel_view/n3l_w2_A_lam0.065/side/f0.5000_th2.1000_vt0.3842_first_order/seed001.answers.csv	/home/tatsu/n3lgrid/n3l_w2_A_lam0.065/side/f0.5000_th2.1000_vt0.3842_first_order//seed001.answers.csv
/home/tatsu/n3sel_view/n3l_w2_A_lam0.065/side/f0.5000_th2.1000_vt0.3842_first_order/seed011.ambig.csv	/home/tatsu/n3lgrid/n3l_w2_A_lam0.065/side/f0.5000_th2.1000_vt0.3842_first_order//seed011.ambig.csv
/home/tatsu/n3sel_view/n3l_w2_A_lam0.065/side/f0.5000_th2.1000_vt0.3842_first_order/seed006.answers.csv	/home/tatsu/n3lgrid/n3l_w2_A_lam0.065/side/f0.5000_th2.1000_vt0.3842_first_order//seed006.answers.csv
/home/tatsu/n3sel_view/n3l_w2_A_lam0.065/side/f0.5000_th2.1000_vt0.3842_first_order/seed012.ambig.csv	/home/tatsu/n3lgrid/n3l_w2_A_lam0.065/side/f0.5000_th2.1000_vt0.3842_first_order//seed012.ambig.csv
/home/tatsu/n3sel_view/n3l_w2_A_lam0.065/side/f0.5000_th2.1000_vt0.3842_first_order/seed018.answers.csv	/home/tatsu/n3lgrid/n3l_w2_A_lam0.065/side/f0.5000_th2.1000_vt0.3842_first_order//seed018.answers.csv
/home/tatsu/n3sel_view/n3l_w2_A_lam0.065/side/f0.5000_th2.1000_vt0.3842_first_order/seed005.probe.jsonl	/home/tatsu/n3lgrid/n3l_w2_A_lam0.065/side/f0.5000_th2.1000_vt0.3842_first_order//seed005.probe.jsonl
/home/tatsu/n3sel_view/n3l_w2_A_lam0.065/side/f0.5000_th2.1000_vt0.3842_first_order/seed007.probe.jsonl	/home/tatsu/n3lgrid/n3l_w2_A_lam0.065/side/f0.5000_th2.1000_vt0.3842_first_order//seed007.probe.jsonl
/home/tatsu/n3sel_view/n3l_w2_A_lam0.065/side/f0.5000_th2.1000_vt0.3842_first_order/seed013.probe.jsonl	/home/tatsu/n3lgrid/n3l_w2_A_lam0.065/side/f0.5000_th2.1000_vt0.3842_first_order//seed013.probe.jsonl
/home/tatsu/n3sel_view/n3l_w2_A_lam0.065/side/f0.5000_th2.1000_vt0.3842_first_order/seed014.shop.jsonl	/home/tatsu/n3lgrid/n3l_w2_A_lam0.065/side/f0.5000_th2.1000_vt0.3842_first_order//seed014.shop.jsonl
/home/tatsu/n3sel_view/n3l_w2_A_lam0.065/side/f0.5000_th2.1000_vt0.3842_first_order/seed008.probe.jsonl	/home/tatsu/n3lgrid/n3l_w2_A_lam0.065/side/f0.5000_th2.1000_vt0.3842_first_order//seed008.probe.jsonl
/home/tatsu/n3sel_view/n3l_w2_A_lam0.065/side/f0.5000_th2.1000_vt0.3842_first_order/seed019.shop.jsonl	/home/tatsu/n3lgrid/n3l_w2_A_lam0.065/side/f0.5000_th2.1000_vt0.3842_first_order//seed019.shop.jsonl
/home/tatsu/n3sel_view/n3l_w2_A_lam0.065/side/f0.5000_th2.1000_vt0.3842_first_order/seed019.answers.csv	/home/tatsu/n3lgrid/n3l_w2_A_lam0.065/side/f0.5000_th2.1000_vt0.3842_first_order//seed019.answers.csv
/home/tatsu/n3sel_view/n3l_w2_A_lam0.065/side/f0.5000_th2.1000_vt0.3842_first_order/seed016.probe.jsonl	/home/tatsu/n3lgrid/n3l_w2_A_lam0.065/side/f0.5000_th2.1000_vt0.3842_first_order//seed016.probe.jsonl
/home/tatsu/n3sel_view/n3l_w2_A_lam0.065/side/f0.5000_th2.1000_vt0.3842_first_order/seed011.answers.csv	/home/tatsu/n3lgrid/n3l_w2_A_lam0.065/side/f0.5000_th2.1000_vt0.3842_first_order//seed011.answers.csv
/home/tatsu/n3sel_view/n3l_w2_A_lam0.065/side/f0.5000_th2.1000_vt0.3842_first_order/seed003.probe.jsonl	/home/tatsu/n3lgrid/n3l_w2_A_lam0.065/side/f0.5000_th2.1000_vt0.3842_first_order//seed003.probe.jsonl
/home/tatsu/n3sel_view/n3l_w2_A_lam0.065/side/f0.5000_th2.1000_vt0.3842_first_order/seed008.shop.jsonl	/home/tatsu/n3lgrid/n3l_w2_A_lam0.065/side/f0.5000_th2.1000_vt0.3842_first_order//seed008.shop.jsonl
/home/tatsu/n3sel_view/n3l_w2_A_lam0.065/side/f0.5000_th2.1000_vt0.3842_first_order/seed002.answers.csv	/home/tatsu/n3lgrid/n3l_w2_A_lam0.065/side/f0.5000_th2.1000_vt0.3842_first_order//seed002.answers.csv
/home/tatsu/n3sel_view/n3l_w2_A_lam0.065/side/f0.5000_th2.1000_vt0.3842_first_order/seed001.ambig.csv	/home/tatsu/n3lgrid/n3l_w2_A_lam0.065/side/f0.5000_th2.1000_vt0.3842_first_order//seed001.ambig.csv
/home/tatsu/n3sel_view/n3l_w2_A_lam0.065/side/f0.5000_th2.1000_vt0.3842_first_order/seed004.shop.jsonl	/home/tatsu/n3lgrid/n3l_w2_A_lam0.065/side/f0.5000_th2.1000_vt0.3842_first_order//seed004.shop.jsonl
/home/tatsu/n3sel_view/n3l_w2_A_lam0.065/side/f0.5000_th2.1000_vt0.3842_first_order/seed004.ambig.csv	/home/tatsu/n3lgrid/n3l_w2_A_lam0.065/side/f0.5000_th2.1000_vt0.3842_first_order//seed004.ambig.csv
/home/tatsu/n3sel_view/n3l_w2_A_lam0.065/side/f0.5000_th2.1000_vt0.3842_first_order/seed003.answers.csv	/home/tatsu/n3lgrid/n3l_w2_A_lam0.065/side/f0.5000_th2.1000_vt0.3842_first_order//seed003.answers.csv
/home/tatsu/n3sel_view/n3l_w2_A_lam0.065/side/f0.5000_th2.1000_vt0.3842_first_order/seed016.answers.csv	/home/tatsu/n3lgrid/n3l_w2_A_lam0.065/side/f0.5000_th2.1000_vt0.3842_first_order//seed016.answers.csv
/home/tatsu/n3sel_view/n3l_w2_A_lam0.065/side/f0.5000_th2.1000_vt0.3842_first_order/seed007.answers.csv	/home/tatsu/n3lgrid/n3l_w2_A_lam0.065/side/f0.5000_th2.1000_vt0.3842_first_order//seed007.answers.csv
/home/tatsu/n3sel_view/n3l_w2_A_lam0.065/side/f0.5000_th2.1000_vt0.3842_first_order/seed009.shop.jsonl	/home/tatsu/n3lgrid/n3l_w2_A_lam0.065/side/f0.5000_th2.1000_vt0.3842_first_order//seed009.shop.jsonl
/home/tatsu/n3sel_view/n3l_w2_A_lam0.065/side/f0.5000_th2.1000_vt0.3842_first_order/seed002.probe.jsonl	/home/tatsu/n3lgrid/n3l_w2_A_lam0.065/side/f0.5000_th2.1000_vt0.3842_first_order//seed002.probe.jsonl
/home/tatsu/n3sel_view/n3l_w2_A_lam0.065/side/f0.5000_th2.1000_vt0.3842_first_order/seed018.ambig.csv	/home/tatsu/n3lgrid/n3l_w2_A_lam0.065/side/f0.5000_th2.1000_vt0.3842_first_order//seed018.ambig.csv
/home/tatsu/n3sel_view/n3l_w2_A_lam0.099/ledgers	/home/tatsu/n3lgrid/n3l_w2_A_lam0.099/ledgers
/home/tatsu/n3sel_view/n3l_w2_A_lam0.099/side/f0.5000_th2.1000_vt0.3842_first_order/seed003.shop.jsonl	/home/tatsu/n3lgrid/n3l_w2_A_lam0.099/side/f0.5000_th2.1000_vt0.3842_first_order//seed003.shop.jsonl
/home/tatsu/n3sel_view/n3l_w2_A_lam0.099/side/f0.5000_th2.1000_vt0.3842_first_order/seed011.shop.jsonl	/home/tatsu/n3lgrid/n3l_w2_A_lam0.099/side/f0.5000_th2.1000_vt0.3842_first_order//seed011.shop.jsonl
/home/tatsu/n3sel_view/n3l_w2_A_lam0.099/side/f0.5000_th2.1000_vt0.3842_first_order/seed020.shop.jsonl	/home/tatsu/n3lgrid/n3l_w2_A_lam0.099/side/f0.5000_th2.1000_vt0.3842_first_order//seed020.shop.jsonl
/home/tatsu/n3sel_view/n3l_w2_A_lam0.099/side/f0.5000_th2.1000_vt0.3842_first_order/seed008.ambig.csv	/home/tatsu/n3lgrid/n3l_w2_A_lam0.099/side/f0.5000_th2.1000_vt0.3842_first_order//seed008.ambig.csv
/home/tatsu/n3sel_view/n3l_w2_A_lam0.099/side/f0.5000_th2.1000_vt0.3842_first_order/seed003.ambig.csv	/home/tatsu/n3lgrid/n3l_w2_A_lam0.099/side/f0.5000_th2.1000_vt0.3842_first_order//seed003.ambig.csv
/home/tatsu/n3sel_view/n3l_w2_A_lam0.099/side/f0.5000_th2.1000_vt0.3842_first_order/seed013.ambig.csv	/home/tatsu/n3lgrid/n3l_w2_A_lam0.099/side/f0.5000_th2.1000_vt0.3842_first_order//seed013.ambig.csv
/home/tatsu/n3sel_view/n3l_w2_A_lam0.099/side/f0.5000_th2.1000_vt0.3842_first_order/seed004.answers.csv	/home/tatsu/n3lgrid/n3l_w2_A_lam0.099/side/f0.5000_th2.1000_vt0.3842_first_order//seed004.answers.csv
/home/tatsu/n3sel_view/n3l_w2_A_lam0.099/side/f0.5000_th2.1000_vt0.3842_first_order/seed019.probe.jsonl	/home/tatsu/n3lgrid/n3l_w2_A_lam0.099/side/f0.5000_th2.1000_vt0.3842_first_order//seed019.probe.jsonl
/home/tatsu/n3sel_view/n3l_w2_A_lam0.099/side/f0.5000_th2.1000_vt0.3842_first_order/seed001.shop.jsonl	/home/tatsu/n3lgrid/n3l_w2_A_lam0.099/side/f0.5000_th2.1000_vt0.3842_first_order//seed001.shop.jsonl
/home/tatsu/n3sel_view/n3l_w2_A_lam0.099/side/f0.5000_th2.1000_vt0.3842_first_order/seed016.shop.jsonl	/home/tatsu/n3lgrid/n3l_w2_A_lam0.099/side/f0.5000_th2.1000_vt0.3842_first_order//seed016.shop.jsonl
/home/tatsu/n3sel_view/n3l_w2_A_lam0.099/side/f0.5000_th2.1000_vt0.3842_first_order/seed006.probe.jsonl	/home/tatsu/n3lgrid/n3l_w2_A_lam0.099/side/f0.5000_th2.1000_vt0.3842_first_order//seed006.probe.jsonl
/home/tatsu/n3sel_view/n3l_w2_A_lam0.099/side/f0.5000_th2.1000_vt0.3842_first_order/seed013.shop.jsonl	/home/tatsu/n3lgrid/n3l_w2_A_lam0.099/side/f0.5000_th2.1000_vt0.3842_first_order//seed013.shop.jsonl
/home/tatsu/n3sel_view/n3l_w2_A_lam0.099/side/f0.5000_th2.1000_vt0.3842_first_order/seed012.probe.jsonl	/home/tatsu/n3lgrid/n3l_w2_A_lam0.099/side/f0.5000_th2.1000_vt0.3842_first_order//seed012.probe.jsonl
/home/tatsu/n3sel_view/n3l_w2_A_lam0.099/side/f0.5000_th2.1000_vt0.3842_first_order/seed008.answers.csv	/home/tatsu/n3lgrid/n3l_w2_A_lam0.099/side/f0.5000_th2.1000_vt0.3842_first_order//seed008.answers.csv
/home/tatsu/n3sel_view/n3l_w2_A_lam0.099/side/f0.5000_th2.1000_vt0.3842_first_order/seed012.shop.jsonl	/home/tatsu/n3lgrid/n3l_w2_A_lam0.099/side/f0.5000_th2.1000_vt0.3842_first_order//seed012.shop.jsonl
/home/tatsu/n3sel_view/n3l_w2_A_lam0.099/side/f0.5000_th2.1000_vt0.3842_first_order/seed004.probe.jsonl	/home/tatsu/n3lgrid/n3l_w2_A_lam0.099/side/f0.5000_th2.1000_vt0.3842_first_order//seed004.probe.jsonl
/home/tatsu/n3sel_view/n3l_w2_A_lam0.099/side/f0.5000_th2.1000_vt0.3842_first_order/seed015.answers.csv	/home/tatsu/n3lgrid/n3l_w2_A_lam0.099/side/f0.5000_th2.1000_vt0.3842_first_order//seed015.answers.csv
/home/tatsu/n3sel_view/n3l_w2_A_lam0.099/side/f0.5000_th2.1000_vt0.3842_first_order/seed005.ambig.csv	/home/tatsu/n3lgrid/n3l_w2_A_lam0.099/side/f0.5000_th2.1000_vt0.3842_first_order//seed005.ambig.csv
/home/tatsu/n3sel_view/n3l_w2_A_lam0.099/side/f0.5000_th2.1000_vt0.3842_first_order/seed006.shop.jsonl	/home/tatsu/n3lgrid/n3l_w2_A_lam0.099/side/f0.5000_th2.1000_vt0.3842_first_order//seed006.shop.jsonl
/home/tatsu/n3sel_view/n3l_w2_A_lam0.099/side/f0.5000_th2.1000_vt0.3842_first_order/seed007.shop.jsonl	/home/tatsu/n3lgrid/n3l_w2_A_lam0.099/side/f0.5000_th2.1000_vt0.3842_first_order//seed007.shop.jsonl
/home/tatsu/n3sel_view/n3l_w2_A_lam0.099/side/f0.5000_th2.1000_vt0.3842_first_order/seed010.probe.jsonl	/home/tatsu/n3lgrid/n3l_w2_A_lam0.099/side/f0.5000_th2.1000_vt0.3842_first_order//seed010.probe.jsonl
/home/tatsu/n3sel_view/n3l_w2_A_lam0.099/side/f0.5000_th2.1000_vt0.3842_first_order/seed007.ambig.csv	/home/tatsu/n3lgrid/n3l_w2_A_lam0.099/side/f0.5000_th2.1000_vt0.3842_first_order//seed007.ambig.csv
/home/tatsu/n3sel_view/n3l_w2_A_lam0.099/side/f0.5000_th2.1000_vt0.3842_first_order/seed020.probe.jsonl	/home/tatsu/n3lgrid/n3l_w2_A_lam0.099/side/f0.5000_th2.1000_vt0.3842_first_order//seed020.probe.jsonl
/home/tatsu/n3sel_view/n3l_w2_A_lam0.099/side/f0.5000_th2.1000_vt0.3842_first_order/seed014.probe.jsonl	/home/tatsu/n3lgrid/n3l_w2_A_lam0.099/side/f0.5000_th2.1000_vt0.3842_first_order//seed014.probe.jsonl
/home/tatsu/n3sel_view/n3l_w2_A_lam0.099/side/f0.5000_th2.1000_vt0.3842_first_order/seed014.ambig.csv	/home/tatsu/n3lgrid/n3l_w2_A_lam0.099/side/f0.5000_th2.1000_vt0.3842_first_order//seed014.ambig.csv
/home/tatsu/n3sel_view/n3l_w2_A_lam0.099/side/f0.5000_th2.1000_vt0.3842_first_order/seed012.answers.csv	/home/tatsu/n3lgrid/n3l_w2_A_lam0.099/side/f0.5000_th2.1000_vt0.3842_first_order//seed012.answers.csv
/home/tatsu/n3sel_view/n3l_w2_A_lam0.099/side/f0.5000_th2.1000_vt0.3842_first_order/seed016.ambig.csv	/home/tatsu/n3lgrid/n3l_w2_A_lam0.099/side/f0.5000_th2.1000_vt0.3842_first_order//seed016.ambig.csv
/home/tatsu/n3sel_view/n3l_w2_A_lam0.099/side/f0.5000_th2.1000_vt0.3842_first_order/seed013.answers.csv	/home/tatsu/n3lgrid/n3l_w2_A_lam0.099/side/f0.5000_th2.1000_vt0.3842_first_order//seed013.answers.csv
/home/tatsu/n3sel_view/n3l_w2_A_lam0.099/side/f0.5000_th2.1000_vt0.3842_first_order/seed014.answers.csv	/home/tatsu/n3lgrid/n3l_w2_A_lam0.099/side/f0.5000_th2.1000_vt0.3842_first_order//seed014.answers.csv
/home/tatsu/n3sel_view/n3l_w2_A_lam0.099/side/f0.5000_th2.1000_vt0.3842_first_order/seed019.ambig.csv	/home/tatsu/n3lgrid/n3l_w2_A_lam0.099/side/f0.5000_th2.1000_vt0.3842_first_order//seed019.ambig.csv
/home/tatsu/n3sel_view/n3l_w2_A_lam0.099/side/f0.5000_th2.1000_vt0.3842_first_order/seed017.answers.csv	/home/tatsu/n3lgrid/n3l_w2_A_lam0.099/side/f0.5000_th2.1000_vt0.3842_first_order//seed017.answers.csv
/home/tatsu/n3sel_view/n3l_w2_A_lam0.099/side/f0.5000_th2.1000_vt0.3842_first_order/seed009.answers.csv	/home/tatsu/n3lgrid/n3l_w2_A_lam0.099/side/f0.5000_th2.1000_vt0.3842_first_order//seed009.answers.csv
/home/tatsu/n3sel_view/n3l_w2_A_lam0.099/side/f0.5000_th2.1000_vt0.3842_first_order/seed015.ambig.csv	/home/tatsu/n3lgrid/n3l_w2_A_lam0.099/side/f0.5000_th2.1000_vt0.3842_first_order//seed015.ambig.csv
/home/tatsu/n3sel_view/n3l_w2_A_lam0.099/side/f0.5000_th2.1000_vt0.3842_first_order/seed010.shop.jsonl	/home/tatsu/n3lgrid/n3l_w2_A_lam0.099/side/f0.5000_th2.1000_vt0.3842_first_order//seed010.shop.jsonl
/home/tatsu/n3sel_view/n3l_w2_A_lam0.099/side/f0.5000_th2.1000_vt0.3842_first_order/seed001.probe.jsonl	/home/tatsu/n3lgrid/n3l_w2_A_lam0.099/side/f0.5000_th2.1000_vt0.3842_first_order//seed001.probe.jsonl
/home/tatsu/n3sel_view/n3l_w2_A_lam0.099/side/f0.5000_th2.1000_vt0.3842_first_order/seed015.shop.jsonl	/home/tatsu/n3lgrid/n3l_w2_A_lam0.099/side/f0.5000_th2.1000_vt0.3842_first_order//seed015.shop.jsonl
/home/tatsu/n3sel_view/n3l_w2_A_lam0.099/side/f0.5000_th2.1000_vt0.3842_first_order/seed018.probe.jsonl	/home/tatsu/n3lgrid/n3l_w2_A_lam0.099/side/f0.5000_th2.1000_vt0.3842_first_order//seed018.probe.jsonl
/home/tatsu/n3sel_view/n3l_w2_A_lam0.099/side/f0.5000_th2.1000_vt0.3842_first_order/seed020.answers.csv	/home/tatsu/n3lgrid/n3l_w2_A_lam0.099/side/f0.5000_th2.1000_vt0.3842_first_order//seed020.answers.csv
/home/tatsu/n3sel_view/n3l_w2_A_lam0.099/side/f0.5000_th2.1000_vt0.3842_first_order/seed010.answers.csv	/home/tatsu/n3lgrid/n3l_w2_A_lam0.099/side/f0.5000_th2.1000_vt0.3842_first_order//seed010.answers.csv
/home/tatsu/n3sel_view/n3l_w2_A_lam0.099/side/f0.5000_th2.1000_vt0.3842_first_order/seed005.answers.csv	/home/tatsu/n3lgrid/n3l_w2_A_lam0.099/side/f0.5000_th2.1000_vt0.3842_first_order//seed005.answers.csv
/home/tatsu/n3sel_view/n3l_w2_A_lam0.099/side/f0.5000_th2.1000_vt0.3842_first_order/seed011.probe.jsonl	/home/tatsu/n3lgrid/n3l_w2_A_lam0.099/side/f0.5000_th2.1000_vt0.3842_first_order//seed011.probe.jsonl
/home/tatsu/n3sel_view/n3l_w2_A_lam0.099/side/f0.5000_th2.1000_vt0.3842_first_order/seed017.shop.jsonl	/home/tatsu/n3lgrid/n3l_w2_A_lam0.099/side/f0.5000_th2.1000_vt0.3842_first_order//seed017.shop.jsonl
/home/tatsu/n3sel_view/n3l_w2_A_lam0.099/side/f0.5000_th2.1000_vt0.3842_first_order/seed002.ambig.csv	/home/tatsu/n3lgrid/n3l_w2_A_lam0.099/side/f0.5000_th2.1000_vt0.3842_first_order//seed002.ambig.csv
/home/tatsu/n3sel_view/n3l_w2_A_lam0.099/side/f0.5000_th2.1000_vt0.3842_first_order/seed020.ambig.csv	/home/tatsu/n3lgrid/n3l_w2_A_lam0.099/side/f0.5000_th2.1000_vt0.3842_first_order//seed020.ambig.csv
/home/tatsu/n3sel_view/n3l_w2_A_lam0.099/side/f0.5000_th2.1000_vt0.3842_first_order/seed017.ambig.csv	/home/tatsu/n3lgrid/n3l_w2_A_lam0.099/side/f0.5000_th2.1000_vt0.3842_first_order//seed017.ambig.csv
/home/tatsu/n3sel_view/n3l_w2_A_lam0.099/side/f0.5000_th2.1000_vt0.3842_first_order/seed005.shop.jsonl	/home/tatsu/n3lgrid/n3l_w2_A_lam0.099/side/f0.5000_th2.1000_vt0.3842_first_order//seed005.shop.jsonl
/home/tatsu/n3sel_view/n3l_w2_A_lam0.099/side/f0.5000_th2.1000_vt0.3842_first_order/seed018.shop.jsonl	/home/tatsu/n3lgrid/n3l_w2_A_lam0.099/side/f0.5000_th2.1000_vt0.3842_first_order//seed018.shop.jsonl
/home/tatsu/n3sel_view/n3l_w2_A_lam0.099/side/f0.5000_th2.1000_vt0.3842_first_order/seed002.shop.jsonl	/home/tatsu/n3lgrid/n3l_w2_A_lam0.099/side/f0.5000_th2.1000_vt0.3842_first_order//seed002.shop.jsonl
/home/tatsu/n3sel_view/n3l_w2_A_lam0.099/side/f0.5000_th2.1000_vt0.3842_first_order/seed017.probe.jsonl	/home/tatsu/n3lgrid/n3l_w2_A_lam0.099/side/f0.5000_th2.1000_vt0.3842_first_order//seed017.probe.jsonl
/home/tatsu/n3sel_view/n3l_w2_A_lam0.099/side/f0.5000_th2.1000_vt0.3842_first_order/seed010.ambig.csv	/home/tatsu/n3lgrid/n3l_w2_A_lam0.099/side/f0.5000_th2.1000_vt0.3842_first_order//seed010.ambig.csv
/home/tatsu/n3sel_view/n3l_w2_A_lam0.099/side/f0.5000_th2.1000_vt0.3842_first_order/seed009.probe.jsonl	/home/tatsu/n3lgrid/n3l_w2_A_lam0.099/side/f0.5000_th2.1000_vt0.3842_first_order//seed009.probe.jsonl
/home/tatsu/n3sel_view/n3l_w2_A_lam0.099/side/f0.5000_th2.1000_vt0.3842_first_order/seed015.probe.jsonl	/home/tatsu/n3lgrid/n3l_w2_A_lam0.099/side/f0.5000_th2.1000_vt0.3842_first_order//seed015.probe.jsonl
/home/tatsu/n3sel_view/n3l_w2_A_lam0.099/side/f0.5000_th2.1000_vt0.3842_first_order/seed006.ambig.csv	/home/tatsu/n3lgrid/n3l_w2_A_lam0.099/side/f0.5000_th2.1000_vt0.3842_first_order//seed006.ambig.csv
/home/tatsu/n3sel_view/n3l_w2_A_lam0.099/side/f0.5000_th2.1000_vt0.3842_first_order/seed009.ambig.csv	/home/tatsu/n3lgrid/n3l_w2_A_lam0.099/side/f0.5000_th2.1000_vt0.3842_first_order//seed009.ambig.csv
/home/tatsu/n3sel_view/n3l_w2_A_lam0.099/side/f0.5000_th2.1000_vt0.3842_first_order/seed001.answers.csv	/home/tatsu/n3lgrid/n3l_w2_A_lam0.099/side/f0.5000_th2.1000_vt0.3842_first_order//seed001.answers.csv
/home/tatsu/n3sel_view/n3l_w2_A_lam0.099/side/f0.5000_th2.1000_vt0.3842_first_order/seed011.ambig.csv	/home/tatsu/n3lgrid/n3l_w2_A_lam0.099/side/f0.5000_th2.1000_vt0.3842_first_order//seed011.ambig.csv
/home/tatsu/n3sel_view/n3l_w2_A_lam0.099/side/f0.5000_th2.1000_vt0.3842_first_order/seed006.answers.csv	/home/tatsu/n3lgrid/n3l_w2_A_lam0.099/side/f0.5000_th2.1000_vt0.3842_first_order//seed006.answers.csv
/home/tatsu/n3sel_view/n3l_w2_A_lam0.099/side/f0.5000_th2.1000_vt0.3842_first_order/seed012.ambig.csv	/home/tatsu/n3lgrid/n3l_w2_A_lam0.099/side/f0.5000_th2.1000_vt0.3842_first_order//seed012.ambig.csv
/home/tatsu/n3sel_view/n3l_w2_A_lam0.099/side/f0.5000_th2.1000_vt0.3842_first_order/seed018.answers.csv	/home/tatsu/n3lgrid/n3l_w2_A_lam0.099/side/f0.5000_th2.1000_vt0.3842_first_order//seed018.answers.csv
/home/tatsu/n3sel_view/n3l_w2_A_lam0.099/side/f0.5000_th2.1000_vt0.3842_first_order/seed005.probe.jsonl	/home/tatsu/n3lgrid/n3l_w2_A_lam0.099/side/f0.5000_th2.1000_vt0.3842_first_order//seed005.probe.jsonl
/home/tatsu/n3sel_view/n3l_w2_A_lam0.099/side/f0.5000_th2.1000_vt0.3842_first_order/seed007.probe.jsonl	/home/tatsu/n3lgrid/n3l_w2_A_lam0.099/side/f0.5000_th2.1000_vt0.3842_first_order//seed007.probe.jsonl
/home/tatsu/n3sel_view/n3l_w2_A_lam0.099/side/f0.5000_th2.1000_vt0.3842_first_order/seed013.probe.jsonl	/home/tatsu/n3lgrid/n3l_w2_A_lam0.099/side/f0.5000_th2.1000_vt0.3842_first_order//seed013.probe.jsonl
/home/tatsu/n3sel_view/n3l_w2_A_lam0.099/side/f0.5000_th2.1000_vt0.3842_first_order/seed014.shop.jsonl	/home/tatsu/n3lgrid/n3l_w2_A_lam0.099/side/f0.5000_th2.1000_vt0.3842_first_order//seed014.shop.jsonl
/home/tatsu/n3sel_view/n3l_w2_A_lam0.099/side/f0.5000_th2.1000_vt0.3842_first_order/seed008.probe.jsonl	/home/tatsu/n3lgrid/n3l_w2_A_lam0.099/side/f0.5000_th2.1000_vt0.3842_first_order//seed008.probe.jsonl
/home/tatsu/n3sel_view/n3l_w2_A_lam0.099/side/f0.5000_th2.1000_vt0.3842_first_order/seed019.shop.jsonl	/home/tatsu/n3lgrid/n3l_w2_A_lam0.099/side/f0.5000_th2.1000_vt0.3842_first_order//seed019.shop.jsonl
/home/tatsu/n3sel_view/n3l_w2_A_lam0.099/side/f0.5000_th2.1000_vt0.3842_first_order/seed019.answers.csv	/home/tatsu/n3lgrid/n3l_w2_A_lam0.099/side/f0.5000_th2.1000_vt0.3842_first_order//seed019.answers.csv
/home/tatsu/n3sel_view/n3l_w2_A_lam0.099/side/f0.5000_th2.1000_vt0.3842_first_order/seed016.probe.jsonl	/home/tatsu/n3lgrid/n3l_w2_A_lam0.099/side/f0.5000_th2.1000_vt0.3842_first_order//seed016.probe.jsonl
/home/tatsu/n3sel_view/n3l_w2_A_lam0.099/side/f0.5000_th2.1000_vt0.3842_first_order/seed011.answers.csv	/home/tatsu/n3lgrid/n3l_w2_A_lam0.099/side/f0.5000_th2.1000_vt0.3842_first_order//seed011.answers.csv
/home/tatsu/n3sel_view/n3l_w2_A_lam0.099/side/f0.5000_th2.1000_vt0.3842_first_order/seed003.probe.jsonl	/home/tatsu/n3lgrid/n3l_w2_A_lam0.099/side/f0.5000_th2.1000_vt0.3842_first_order//seed003.probe.jsonl
/home/tatsu/n3sel_view/n3l_w2_A_lam0.099/side/f0.5000_th2.1000_vt0.3842_first_order/seed008.shop.jsonl	/home/tatsu/n3lgrid/n3l_w2_A_lam0.099/side/f0.5000_th2.1000_vt0.3842_first_order//seed008.shop.jsonl
/home/tatsu/n3sel_view/n3l_w2_A_lam0.099/side/f0.5000_th2.1000_vt0.3842_first_order/seed002.answers.csv	/home/tatsu/n3lgrid/n3l_w2_A_lam0.099/side/f0.5000_th2.1000_vt0.3842_first_order//seed002.answers.csv
/home/tatsu/n3sel_view/n3l_w2_A_lam0.099/side/f0.5000_th2.1000_vt0.3842_first_order/seed001.ambig.csv	/home/tatsu/n3lgrid/n3l_w2_A_lam0.099/side/f0.5000_th2.1000_vt0.3842_first_order//seed001.ambig.csv
/home/tatsu/n3sel_view/n3l_w2_A_lam0.099/side/f0.5000_th2.1000_vt0.3842_first_order/seed004.shop.jsonl	/home/tatsu/n3lgrid/n3l_w2_A_lam0.099/side/f0.5000_th2.1000_vt0.3842_first_order//seed004.shop.jsonl
/home/tatsu/n3sel_view/n3l_w2_A_lam0.099/side/f0.5000_th2.1000_vt0.3842_first_order/seed004.ambig.csv	/home/tatsu/n3lgrid/n3l_w2_A_lam0.099/side/f0.5000_th2.1000_vt0.3842_first_order//seed004.ambig.csv
/home/tatsu/n3sel_view/n3l_w2_A_lam0.099/side/f0.5000_th2.1000_vt0.3842_first_order/seed003.answers.csv	/home/tatsu/n3lgrid/n3l_w2_A_lam0.099/side/f0.5000_th2.1000_vt0.3842_first_order//seed003.answers.csv
/home/tatsu/n3sel_view/n3l_w2_A_lam0.099/side/f0.5000_th2.1000_vt0.3842_first_order/seed016.answers.csv	/home/tatsu/n3lgrid/n3l_w2_A_lam0.099/side/f0.5000_th2.1000_vt0.3842_first_order//seed016.answers.csv
/home/tatsu/n3sel_view/n3l_w2_A_lam0.099/side/f0.5000_th2.1000_vt0.3842_first_order/seed007.answers.csv	/home/tatsu/n3lgrid/n3l_w2_A_lam0.099/side/f0.5000_th2.1000_vt0.3842_first_order//seed007.answers.csv
/home/tatsu/n3sel_view/n3l_w2_A_lam0.099/side/f0.5000_th2.1000_vt0.3842_first_order/seed009.shop.jsonl	/home/tatsu/n3lgrid/n3l_w2_A_lam0.099/side/f0.5000_th2.1000_vt0.3842_first_order//seed009.shop.jsonl
/home/tatsu/n3sel_view/n3l_w2_A_lam0.099/side/f0.5000_th2.1000_vt0.3842_first_order/seed002.probe.jsonl	/home/tatsu/n3lgrid/n3l_w2_A_lam0.099/side/f0.5000_th2.1000_vt0.3842_first_order//seed002.probe.jsonl
/home/tatsu/n3sel_view/n3l_w2_A_lam0.099/side/f0.5000_th2.1000_vt0.3842_first_order/seed018.ambig.csv	/home/tatsu/n3lgrid/n3l_w2_A_lam0.099/side/f0.5000_th2.1000_vt0.3842_first_order//seed018.ambig.csv
/home/tatsu/n3sel_view/n3l_w2_C_lam0.03/ledgers	/home/tatsu/n3lgrid/n3l_w2_C_lam0.03/ledgers
/home/tatsu/n3sel_view/n3l_w2_C_lam0.03/side/f0.5000_th2.1000_vt0.3842_first_order/seed003.shop.jsonl	/home/tatsu/n3lgrid/n3l_w2_C_lam0.03/side/f0.5000_th2.1000_vt0.3842_first_order//seed003.shop.jsonl
/home/tatsu/n3sel_view/n3l_w2_C_lam0.03/side/f0.5000_th2.1000_vt0.3842_first_order/seed011.shop.jsonl	/home/tatsu/n3lgrid/n3l_w2_C_lam0.03/side/f0.5000_th2.1000_vt0.3842_first_order//seed011.shop.jsonl
/home/tatsu/n3sel_view/n3l_w2_C_lam0.03/side/f0.5000_th2.1000_vt0.3842_first_order/seed020.shop.jsonl	/home/tatsu/n3lgrid/n3l_w2_C_lam0.03/side/f0.5000_th2.1000_vt0.3842_first_order//seed020.shop.jsonl
/home/tatsu/n3sel_view/n3l_w2_C_lam0.03/side/f0.5000_th2.1000_vt0.3842_first_order/seed008.ambig.csv	/home/tatsu/n3lgrid/n3l_w2_C_lam0.03/side/f0.5000_th2.1000_vt0.3842_first_order//seed008.ambig.csv
/home/tatsu/n3sel_view/n3l_w2_C_lam0.03/side/f0.5000_th2.1000_vt0.3842_first_order/seed003.ambig.csv	/home/tatsu/n3lgrid/n3l_w2_C_lam0.03/side/f0.5000_th2.1000_vt0.3842_first_order//seed003.ambig.csv
/home/tatsu/n3sel_view/n3l_w2_C_lam0.03/side/f0.5000_th2.1000_vt0.3842_first_order/seed013.ambig.csv	/home/tatsu/n3lgrid/n3l_w2_C_lam0.03/side/f0.5000_th2.1000_vt0.3842_first_order//seed013.ambig.csv
/home/tatsu/n3sel_view/n3l_w2_C_lam0.03/side/f0.5000_th2.1000_vt0.3842_first_order/seed004.answers.csv	/home/tatsu/n3lgrid/n3l_w2_C_lam0.03/side/f0.5000_th2.1000_vt0.3842_first_order//seed004.answers.csv
/home/tatsu/n3sel_view/n3l_w2_C_lam0.03/side/f0.5000_th2.1000_vt0.3842_first_order/seed019.probe.jsonl	/home/tatsu/n3lgrid/n3l_w2_C_lam0.03/side/f0.5000_th2.1000_vt0.3842_first_order//seed019.probe.jsonl
/home/tatsu/n3sel_view/n3l_w2_C_lam0.03/side/f0.5000_th2.1000_vt0.3842_first_order/seed001.shop.jsonl	/home/tatsu/n3lgrid/n3l_w2_C_lam0.03/side/f0.5000_th2.1000_vt0.3842_first_order//seed001.shop.jsonl
/home/tatsu/n3sel_view/n3l_w2_C_lam0.03/side/f0.5000_th2.1000_vt0.3842_first_order/seed016.shop.jsonl	/home/tatsu/n3lgrid/n3l_w2_C_lam0.03/side/f0.5000_th2.1000_vt0.3842_first_order//seed016.shop.jsonl
/home/tatsu/n3sel_view/n3l_w2_C_lam0.03/side/f0.5000_th2.1000_vt0.3842_first_order/seed006.probe.jsonl	/home/tatsu/n3lgrid/n3l_w2_C_lam0.03/side/f0.5000_th2.1000_vt0.3842_first_order//seed006.probe.jsonl
/home/tatsu/n3sel_view/n3l_w2_C_lam0.03/side/f0.5000_th2.1000_vt0.3842_first_order/seed013.shop.jsonl	/home/tatsu/n3lgrid/n3l_w2_C_lam0.03/side/f0.5000_th2.1000_vt0.3842_first_order//seed013.shop.jsonl
/home/tatsu/n3sel_view/n3l_w2_C_lam0.03/side/f0.5000_th2.1000_vt0.3842_first_order/seed012.probe.jsonl	/home/tatsu/n3lgrid/n3l_w2_C_lam0.03/side/f0.5000_th2.1000_vt0.3842_first_order//seed012.probe.jsonl
/home/tatsu/n3sel_view/n3l_w2_C_lam0.03/side/f0.5000_th2.1000_vt0.3842_first_order/seed008.answers.csv	/home/tatsu/n3lgrid/n3l_w2_C_lam0.03/side/f0.5000_th2.1000_vt0.3842_first_order//seed008.answers.csv
/home/tatsu/n3sel_view/n3l_w2_C_lam0.03/side/f0.5000_th2.1000_vt0.3842_first_order/seed012.shop.jsonl	/home/tatsu/n3lgrid/n3l_w2_C_lam0.03/side/f0.5000_th2.1000_vt0.3842_first_order//seed012.shop.jsonl
/home/tatsu/n3sel_view/n3l_w2_C_lam0.03/side/f0.5000_th2.1000_vt0.3842_first_order/seed004.probe.jsonl	/home/tatsu/n3lgrid/n3l_w2_C_lam0.03/side/f0.5000_th2.1000_vt0.3842_first_order//seed004.probe.jsonl
/home/tatsu/n3sel_view/n3l_w2_C_lam0.03/side/f0.5000_th2.1000_vt0.3842_first_order/seed015.answers.csv	/home/tatsu/n3lgrid/n3l_w2_C_lam0.03/side/f0.5000_th2.1000_vt0.3842_first_order//seed015.answers.csv
/home/tatsu/n3sel_view/n3l_w2_C_lam0.03/side/f0.5000_th2.1000_vt0.3842_first_order/seed005.ambig.csv	/home/tatsu/n3lgrid/n3l_w2_C_lam0.03/side/f0.5000_th2.1000_vt0.3842_first_order//seed005.ambig.csv
/home/tatsu/n3sel_view/n3l_w2_C_lam0.03/side/f0.5000_th2.1000_vt0.3842_first_order/seed006.shop.jsonl	/home/tatsu/n3lgrid/n3l_w2_C_lam0.03/side/f0.5000_th2.1000_vt0.3842_first_order//seed006.shop.jsonl
/home/tatsu/n3sel_view/n3l_w2_C_lam0.03/side/f0.5000_th2.1000_vt0.3842_first_order/seed007.shop.jsonl	/home/tatsu/n3lgrid/n3l_w2_C_lam0.03/side/f0.5000_th2.1000_vt0.3842_first_order//seed007.shop.jsonl
/home/tatsu/n3sel_view/n3l_w2_C_lam0.03/side/f0.5000_th2.1000_vt0.3842_first_order/seed010.probe.jsonl	/home/tatsu/n3lgrid/n3l_w2_C_lam0.03/side/f0.5000_th2.1000_vt0.3842_first_order//seed010.probe.jsonl
/home/tatsu/n3sel_view/n3l_w2_C_lam0.03/side/f0.5000_th2.1000_vt0.3842_first_order/seed007.ambig.csv	/home/tatsu/n3lgrid/n3l_w2_C_lam0.03/side/f0.5000_th2.1000_vt0.3842_first_order//seed007.ambig.csv
/home/tatsu/n3sel_view/n3l_w2_C_lam0.03/side/f0.5000_th2.1000_vt0.3842_first_order/seed020.probe.jsonl	/home/tatsu/n3lgrid/n3l_w2_C_lam0.03/side/f0.5000_th2.1000_vt0.3842_first_order//seed020.probe.jsonl
/home/tatsu/n3sel_view/n3l_w2_C_lam0.03/side/f0.5000_th2.1000_vt0.3842_first_order/seed014.probe.jsonl	/home/tatsu/n3lgrid/n3l_w2_C_lam0.03/side/f0.5000_th2.1000_vt0.3842_first_order//seed014.probe.jsonl
/home/tatsu/n3sel_view/n3l_w2_C_lam0.03/side/f0.5000_th2.1000_vt0.3842_first_order/seed014.ambig.csv	/home/tatsu/n3lgrid/n3l_w2_C_lam0.03/side/f0.5000_th2.1000_vt0.3842_first_order//seed014.ambig.csv
/home/tatsu/n3sel_view/n3l_w2_C_lam0.03/side/f0.5000_th2.1000_vt0.3842_first_order/seed012.answers.csv	/home/tatsu/n3lgrid/n3l_w2_C_lam0.03/side/f0.5000_th2.1000_vt0.3842_first_order//seed012.answers.csv
/home/tatsu/n3sel_view/n3l_w2_C_lam0.03/side/f0.5000_th2.1000_vt0.3842_first_order/seed016.ambig.csv	/home/tatsu/n3lgrid/n3l_w2_C_lam0.03/side/f0.5000_th2.1000_vt0.3842_first_order//seed016.ambig.csv
/home/tatsu/n3sel_view/n3l_w2_C_lam0.03/side/f0.5000_th2.1000_vt0.3842_first_order/seed013.answers.csv	/home/tatsu/n3lgrid/n3l_w2_C_lam0.03/side/f0.5000_th2.1000_vt0.3842_first_order//seed013.answers.csv
/home/tatsu/n3sel_view/n3l_w2_C_lam0.03/side/f0.5000_th2.1000_vt0.3842_first_order/seed014.answers.csv	/home/tatsu/n3lgrid/n3l_w2_C_lam0.03/side/f0.5000_th2.1000_vt0.3842_first_order//seed014.answers.csv
/home/tatsu/n3sel_view/n3l_w2_C_lam0.03/side/f0.5000_th2.1000_vt0.3842_first_order/seed019.ambig.csv	/home/tatsu/n3lgrid/n3l_w2_C_lam0.03/side/f0.5000_th2.1000_vt0.3842_first_order//seed019.ambig.csv
/home/tatsu/n3sel_view/n3l_w2_C_lam0.03/side/f0.5000_th2.1000_vt0.3842_first_order/seed017.answers.csv	/home/tatsu/n3lgrid/n3l_w2_C_lam0.03/side/f0.5000_th2.1000_vt0.3842_first_order//seed017.answers.csv
/home/tatsu/n3sel_view/n3l_w2_C_lam0.03/side/f0.5000_th2.1000_vt0.3842_first_order/seed009.answers.csv	/home/tatsu/n3lgrid/n3l_w2_C_lam0.03/side/f0.5000_th2.1000_vt0.3842_first_order//seed009.answers.csv
/home/tatsu/n3sel_view/n3l_w2_C_lam0.03/side/f0.5000_th2.1000_vt0.3842_first_order/seed015.ambig.csv	/home/tatsu/n3lgrid/n3l_w2_C_lam0.03/side/f0.5000_th2.1000_vt0.3842_first_order//seed015.ambig.csv
/home/tatsu/n3sel_view/n3l_w2_C_lam0.03/side/f0.5000_th2.1000_vt0.3842_first_order/seed010.shop.jsonl	/home/tatsu/n3lgrid/n3l_w2_C_lam0.03/side/f0.5000_th2.1000_vt0.3842_first_order//seed010.shop.jsonl
/home/tatsu/n3sel_view/n3l_w2_C_lam0.03/side/f0.5000_th2.1000_vt0.3842_first_order/seed001.probe.jsonl	/home/tatsu/n3lgrid/n3l_w2_C_lam0.03/side/f0.5000_th2.1000_vt0.3842_first_order//seed001.probe.jsonl
/home/tatsu/n3sel_view/n3l_w2_C_lam0.03/side/f0.5000_th2.1000_vt0.3842_first_order/seed015.shop.jsonl	/home/tatsu/n3lgrid/n3l_w2_C_lam0.03/side/f0.5000_th2.1000_vt0.3842_first_order//seed015.shop.jsonl
/home/tatsu/n3sel_view/n3l_w2_C_lam0.03/side/f0.5000_th2.1000_vt0.3842_first_order/seed018.probe.jsonl	/home/tatsu/n3lgrid/n3l_w2_C_lam0.03/side/f0.5000_th2.1000_vt0.3842_first_order//seed018.probe.jsonl
/home/tatsu/n3sel_view/n3l_w2_C_lam0.03/side/f0.5000_th2.1000_vt0.3842_first_order/seed020.answers.csv	/home/tatsu/n3lgrid/n3l_w2_C_lam0.03/side/f0.5000_th2.1000_vt0.3842_first_order//seed020.answers.csv
/home/tatsu/n3sel_view/n3l_w2_C_lam0.03/side/f0.5000_th2.1000_vt0.3842_first_order/seed010.answers.csv	/home/tatsu/n3lgrid/n3l_w2_C_lam0.03/side/f0.5000_th2.1000_vt0.3842_first_order//seed010.answers.csv
/home/tatsu/n3sel_view/n3l_w2_C_lam0.03/side/f0.5000_th2.1000_vt0.3842_first_order/seed005.answers.csv	/home/tatsu/n3lgrid/n3l_w2_C_lam0.03/side/f0.5000_th2.1000_vt0.3842_first_order//seed005.answers.csv
/home/tatsu/n3sel_view/n3l_w2_C_lam0.03/side/f0.5000_th2.1000_vt0.3842_first_order/seed011.probe.jsonl	/home/tatsu/n3lgrid/n3l_w2_C_lam0.03/side/f0.5000_th2.1000_vt0.3842_first_order//seed011.probe.jsonl
/home/tatsu/n3sel_view/n3l_w2_C_lam0.03/side/f0.5000_th2.1000_vt0.3842_first_order/seed017.shop.jsonl	/home/tatsu/n3lgrid/n3l_w2_C_lam0.03/side/f0.5000_th2.1000_vt0.3842_first_order//seed017.shop.jsonl
/home/tatsu/n3sel_view/n3l_w2_C_lam0.03/side/f0.5000_th2.1000_vt0.3842_first_order/seed002.ambig.csv	/home/tatsu/n3lgrid/n3l_w2_C_lam0.03/side/f0.5000_th2.1000_vt0.3842_first_order//seed002.ambig.csv
/home/tatsu/n3sel_view/n3l_w2_C_lam0.03/side/f0.5000_th2.1000_vt0.3842_first_order/seed020.ambig.csv	/home/tatsu/n3lgrid/n3l_w2_C_lam0.03/side/f0.5000_th2.1000_vt0.3842_first_order//seed020.ambig.csv
/home/tatsu/n3sel_view/n3l_w2_C_lam0.03/side/f0.5000_th2.1000_vt0.3842_first_order/seed017.ambig.csv	/home/tatsu/n3lgrid/n3l_w2_C_lam0.03/side/f0.5000_th2.1000_vt0.3842_first_order//seed017.ambig.csv
/home/tatsu/n3sel_view/n3l_w2_C_lam0.03/side/f0.5000_th2.1000_vt0.3842_first_order/seed005.shop.jsonl	/home/tatsu/n3lgrid/n3l_w2_C_lam0.03/side/f0.5000_th2.1000_vt0.3842_first_order//seed005.shop.jsonl
/home/tatsu/n3sel_view/n3l_w2_C_lam0.03/side/f0.5000_th2.1000_vt0.3842_first_order/seed018.shop.jsonl	/home/tatsu/n3lgrid/n3l_w2_C_lam0.03/side/f0.5000_th2.1000_vt0.3842_first_order//seed018.shop.jsonl
/home/tatsu/n3sel_view/n3l_w2_C_lam0.03/side/f0.5000_th2.1000_vt0.3842_first_order/seed002.shop.jsonl	/home/tatsu/n3lgrid/n3l_w2_C_lam0.03/side/f0.5000_th2.1000_vt0.3842_first_order//seed002.shop.jsonl
/home/tatsu/n3sel_view/n3l_w2_C_lam0.03/side/f0.5000_th2.1000_vt0.3842_first_order/seed017.probe.jsonl	/home/tatsu/n3lgrid/n3l_w2_C_lam0.03/side/f0.5000_th2.1000_vt0.3842_first_order//seed017.probe.jsonl
/home/tatsu/n3sel_view/n3l_w2_C_lam0.03/side/f0.5000_th2.1000_vt0.3842_first_order/seed010.ambig.csv	/home/tatsu/n3lgrid/n3l_w2_C_lam0.03/side/f0.5000_th2.1000_vt0.3842_first_order//seed010.ambig.csv
/home/tatsu/n3sel_view/n3l_w2_C_lam0.03/side/f0.5000_th2.1000_vt0.3842_first_order/seed009.probe.jsonl	/home/tatsu/n3lgrid/n3l_w2_C_lam0.03/side/f0.5000_th2.1000_vt0.3842_first_order//seed009.probe.jsonl
/home/tatsu/n3sel_view/n3l_w2_C_lam0.03/side/f0.5000_th2.1000_vt0.3842_first_order/seed015.probe.jsonl	/home/tatsu/n3lgrid/n3l_w2_C_lam0.03/side/f0.5000_th2.1000_vt0.3842_first_order//seed015.probe.jsonl
/home/tatsu/n3sel_view/n3l_w2_C_lam0.03/side/f0.5000_th2.1000_vt0.3842_first_order/seed006.ambig.csv	/home/tatsu/n3lgrid/n3l_w2_C_lam0.03/side/f0.5000_th2.1000_vt0.3842_first_order//seed006.ambig.csv
/home/tatsu/n3sel_view/n3l_w2_C_lam0.03/side/f0.5000_th2.1000_vt0.3842_first_order/seed009.ambig.csv	/home/tatsu/n3lgrid/n3l_w2_C_lam0.03/side/f0.5000_th2.1000_vt0.3842_first_order//seed009.ambig.csv
/home/tatsu/n3sel_view/n3l_w2_C_lam0.03/side/f0.5000_th2.1000_vt0.3842_first_order/seed001.answers.csv	/home/tatsu/n3lgrid/n3l_w2_C_lam0.03/side/f0.5000_th2.1000_vt0.3842_first_order//seed001.answers.csv
/home/tatsu/n3sel_view/n3l_w2_C_lam0.03/side/f0.5000_th2.1000_vt0.3842_first_order/seed011.ambig.csv	/home/tatsu/n3lgrid/n3l_w2_C_lam0.03/side/f0.5000_th2.1000_vt0.3842_first_order//seed011.ambig.csv
/home/tatsu/n3sel_view/n3l_w2_C_lam0.03/side/f0.5000_th2.1000_vt0.3842_first_order/seed006.answers.csv	/home/tatsu/n3lgrid/n3l_w2_C_lam0.03/side/f0.5000_th2.1000_vt0.3842_first_order//seed006.answers.csv
/home/tatsu/n3sel_view/n3l_w2_C_lam0.03/side/f0.5000_th2.1000_vt0.3842_first_order/seed012.ambig.csv	/home/tatsu/n3lgrid/n3l_w2_C_lam0.03/side/f0.5000_th2.1000_vt0.3842_first_order//seed012.ambig.csv
/home/tatsu/n3sel_view/n3l_w2_C_lam0.03/side/f0.5000_th2.1000_vt0.3842_first_order/seed018.answers.csv	/home/tatsu/n3lgrid/n3l_w2_C_lam0.03/side/f0.5000_th2.1000_vt0.3842_first_order//seed018.answers.csv
/home/tatsu/n3sel_view/n3l_w2_C_lam0.03/side/f0.5000_th2.1000_vt0.3842_first_order/seed005.probe.jsonl	/home/tatsu/n3lgrid/n3l_w2_C_lam0.03/side/f0.5000_th2.1000_vt0.3842_first_order//seed005.probe.jsonl
/home/tatsu/n3sel_view/n3l_w2_C_lam0.03/side/f0.5000_th2.1000_vt0.3842_first_order/seed007.probe.jsonl	/home/tatsu/n3lgrid/n3l_w2_C_lam0.03/side/f0.5000_th2.1000_vt0.3842_first_order//seed007.probe.jsonl
/home/tatsu/n3sel_view/n3l_w2_C_lam0.03/side/f0.5000_th2.1000_vt0.3842_first_order/seed013.probe.jsonl	/home/tatsu/n3lgrid/n3l_w2_C_lam0.03/side/f0.5000_th2.1000_vt0.3842_first_order//seed013.probe.jsonl
/home/tatsu/n3sel_view/n3l_w2_C_lam0.03/side/f0.5000_th2.1000_vt0.3842_first_order/seed014.shop.jsonl	/home/tatsu/n3lgrid/n3l_w2_C_lam0.03/side/f0.5000_th2.1000_vt0.3842_first_order//seed014.shop.jsonl
/home/tatsu/n3sel_view/n3l_w2_C_lam0.03/side/f0.5000_th2.1000_vt0.3842_first_order/seed008.probe.jsonl	/home/tatsu/n3lgrid/n3l_w2_C_lam0.03/side/f0.5000_th2.1000_vt0.3842_first_order//seed008.probe.jsonl
/home/tatsu/n3sel_view/n3l_w2_C_lam0.03/side/f0.5000_th2.1000_vt0.3842_first_order/seed019.shop.jsonl	/home/tatsu/n3lgrid/n3l_w2_C_lam0.03/side/f0.5000_th2.1000_vt0.3842_first_order//seed019.shop.jsonl
/home/tatsu/n3sel_view/n3l_w2_C_lam0.03/side/f0.5000_th2.1000_vt0.3842_first_order/seed019.answers.csv	/home/tatsu/n3lgrid/n3l_w2_C_lam0.03/side/f0.5000_th2.1000_vt0.3842_first_order//seed019.answers.csv
/home/tatsu/n3sel_view/n3l_w2_C_lam0.03/side/f0.5000_th2.1000_vt0.3842_first_order/seed016.probe.jsonl	/home/tatsu/n3lgrid/n3l_w2_C_lam0.03/side/f0.5000_th2.1000_vt0.3842_first_order//seed016.probe.jsonl
/home/tatsu/n3sel_view/n3l_w2_C_lam0.03/side/f0.5000_th2.1000_vt0.3842_first_order/seed011.answers.csv	/home/tatsu/n3lgrid/n3l_w2_C_lam0.03/side/f0.5000_th2.1000_vt0.3842_first_order//seed011.answers.csv
/home/tatsu/n3sel_view/n3l_w2_C_lam0.03/side/f0.5000_th2.1000_vt0.3842_first_order/seed003.probe.jsonl	/home/tatsu/n3lgrid/n3l_w2_C_lam0.03/side/f0.5000_th2.1000_vt0.3842_first_order//seed003.probe.jsonl
/home/tatsu/n3sel_view/n3l_w2_C_lam0.03/side/f0.5000_th2.1000_vt0.3842_first_order/seed008.shop.jsonl	/home/tatsu/n3lgrid/n3l_w2_C_lam0.03/side/f0.5000_th2.1000_vt0.3842_first_order//seed008.shop.jsonl
/home/tatsu/n3sel_view/n3l_w2_C_lam0.03/side/f0.5000_th2.1000_vt0.3842_first_order/seed002.answers.csv	/home/tatsu/n3lgrid/n3l_w2_C_lam0.03/side/f0.5000_th2.1000_vt0.3842_first_order//seed002.answers.csv
/home/tatsu/n3sel_view/n3l_w2_C_lam0.03/side/f0.5000_th2.1000_vt0.3842_first_order/seed001.ambig.csv	/home/tatsu/n3lgrid/n3l_w2_C_lam0.03/side/f0.5000_th2.1000_vt0.3842_first_order//seed001.ambig.csv
/home/tatsu/n3sel_view/n3l_w2_C_lam0.03/side/f0.5000_th2.1000_vt0.3842_first_order/seed004.shop.jsonl	/home/tatsu/n3lgrid/n3l_w2_C_lam0.03/side/f0.5000_th2.1000_vt0.3842_first_order//seed004.shop.jsonl
/home/tatsu/n3sel_view/n3l_w2_C_lam0.03/side/f0.5000_th2.1000_vt0.3842_first_order/seed004.ambig.csv	/home/tatsu/n3lgrid/n3l_w2_C_lam0.03/side/f0.5000_th2.1000_vt0.3842_first_order//seed004.ambig.csv
/home/tatsu/n3sel_view/n3l_w2_C_lam0.03/side/f0.5000_th2.1000_vt0.3842_first_order/seed003.answers.csv	/home/tatsu/n3lgrid/n3l_w2_C_lam0.03/side/f0.5000_th2.1000_vt0.3842_first_order//seed003.answers.csv
/home/tatsu/n3sel_view/n3l_w2_C_lam0.03/side/f0.5000_th2.1000_vt0.3842_first_order/seed016.answers.csv	/home/tatsu/n3lgrid/n3l_w2_C_lam0.03/side/f0.5000_th2.1000_vt0.3842_first_order//seed016.answers.csv
/home/tatsu/n3sel_view/n3l_w2_C_lam0.03/side/f0.5000_th2.1000_vt0.3842_first_order/seed007.answers.csv	/home/tatsu/n3lgrid/n3l_w2_C_lam0.03/side/f0.5000_th2.1000_vt0.3842_first_order//seed007.answers.csv
/home/tatsu/n3sel_view/n3l_w2_C_lam0.03/side/f0.5000_th2.1000_vt0.3842_first_order/seed009.shop.jsonl	/home/tatsu/n3lgrid/n3l_w2_C_lam0.03/side/f0.5000_th2.1000_vt0.3842_first_order//seed009.shop.jsonl
/home/tatsu/n3sel_view/n3l_w2_C_lam0.03/side/f0.5000_th2.1000_vt0.3842_first_order/seed002.probe.jsonl	/home/tatsu/n3lgrid/n3l_w2_C_lam0.03/side/f0.5000_th2.1000_vt0.3842_first_order//seed002.probe.jsonl
/home/tatsu/n3sel_view/n3l_w2_C_lam0.03/side/f0.5000_th2.1000_vt0.3842_first_order/seed018.ambig.csv	/home/tatsu/n3lgrid/n3l_w2_C_lam0.03/side/f0.5000_th2.1000_vt0.3842_first_order//seed018.ambig.csv
/home/tatsu/n3sel_view/n3l_w2_A_lam0.045/ledgers	/home/tatsu/n3lgrid/n3l_w2_A_lam0.045/ledgers
/home/tatsu/n3sel_view/n3l_w2_A_lam0.045/side/f0.5000_th2.1000_vt0.3842_first_order/seed003.shop.jsonl	/home/tatsu/n3lgrid/n3l_w2_A_lam0.045/side/f0.5000_th2.1000_vt0.3842_first_order//seed003.shop.jsonl
/home/tatsu/n3sel_view/n3l_w2_A_lam0.045/side/f0.5000_th2.1000_vt0.3842_first_order/seed011.shop.jsonl	/home/tatsu/n3lgrid/n3l_w2_A_lam0.045/side/f0.5000_th2.1000_vt0.3842_first_order//seed011.shop.jsonl
/home/tatsu/n3sel_view/n3l_w2_A_lam0.045/side/f0.5000_th2.1000_vt0.3842_first_order/seed020.shop.jsonl	/home/tatsu/n3lgrid/n3l_w2_A_lam0.045/side/f0.5000_th2.1000_vt0.3842_first_order//seed020.shop.jsonl
/home/tatsu/n3sel_view/n3l_w2_A_lam0.045/side/f0.5000_th2.1000_vt0.3842_first_order/seed008.ambig.csv	/home/tatsu/n3lgrid/n3l_w2_A_lam0.045/side/f0.5000_th2.1000_vt0.3842_first_order//seed008.ambig.csv
/home/tatsu/n3sel_view/n3l_w2_A_lam0.045/side/f0.5000_th2.1000_vt0.3842_first_order/seed003.ambig.csv	/home/tatsu/n3lgrid/n3l_w2_A_lam0.045/side/f0.5000_th2.1000_vt0.3842_first_order//seed003.ambig.csv
/home/tatsu/n3sel_view/n3l_w2_A_lam0.045/side/f0.5000_th2.1000_vt0.3842_first_order/seed013.ambig.csv	/home/tatsu/n3lgrid/n3l_w2_A_lam0.045/side/f0.5000_th2.1000_vt0.3842_first_order//seed013.ambig.csv
/home/tatsu/n3sel_view/n3l_w2_A_lam0.045/side/f0.5000_th2.1000_vt0.3842_first_order/seed004.answers.csv	/home/tatsu/n3lgrid/n3l_w2_A_lam0.045/side/f0.5000_th2.1000_vt0.3842_first_order//seed004.answers.csv
/home/tatsu/n3sel_view/n3l_w2_A_lam0.045/side/f0.5000_th2.1000_vt0.3842_first_order/seed019.probe.jsonl	/home/tatsu/n3lgrid/n3l_w2_A_lam0.045/side/f0.5000_th2.1000_vt0.3842_first_order//seed019.probe.jsonl
/home/tatsu/n3sel_view/n3l_w2_A_lam0.045/side/f0.5000_th2.1000_vt0.3842_first_order/seed001.shop.jsonl	/home/tatsu/n3lgrid/n3l_w2_A_lam0.045/side/f0.5000_th2.1000_vt0.3842_first_order//seed001.shop.jsonl
/home/tatsu/n3sel_view/n3l_w2_A_lam0.045/side/f0.5000_th2.1000_vt0.3842_first_order/seed016.shop.jsonl	/home/tatsu/n3lgrid/n3l_w2_A_lam0.045/side/f0.5000_th2.1000_vt0.3842_first_order//seed016.shop.jsonl
/home/tatsu/n3sel_view/n3l_w2_A_lam0.045/side/f0.5000_th2.1000_vt0.3842_first_order/seed006.probe.jsonl	/home/tatsu/n3lgrid/n3l_w2_A_lam0.045/side/f0.5000_th2.1000_vt0.3842_first_order//seed006.probe.jsonl
/home/tatsu/n3sel_view/n3l_w2_A_lam0.045/side/f0.5000_th2.1000_vt0.3842_first_order/seed013.shop.jsonl	/home/tatsu/n3lgrid/n3l_w2_A_lam0.045/side/f0.5000_th2.1000_vt0.3842_first_order//seed013.shop.jsonl
/home/tatsu/n3sel_view/n3l_w2_A_lam0.045/side/f0.5000_th2.1000_vt0.3842_first_order/seed012.probe.jsonl	/home/tatsu/n3lgrid/n3l_w2_A_lam0.045/side/f0.5000_th2.1000_vt0.3842_first_order//seed012.probe.jsonl
/home/tatsu/n3sel_view/n3l_w2_A_lam0.045/side/f0.5000_th2.1000_vt0.3842_first_order/seed008.answers.csv	/home/tatsu/n3lgrid/n3l_w2_A_lam0.045/side/f0.5000_th2.1000_vt0.3842_first_order//seed008.answers.csv
/home/tatsu/n3sel_view/n3l_w2_A_lam0.045/side/f0.5000_th2.1000_vt0.3842_first_order/seed012.shop.jsonl	/home/tatsu/n3lgrid/n3l_w2_A_lam0.045/side/f0.5000_th2.1000_vt0.3842_first_order//seed012.shop.jsonl
/home/tatsu/n3sel_view/n3l_w2_A_lam0.045/side/f0.5000_th2.1000_vt0.3842_first_order/seed004.probe.jsonl	/home/tatsu/n3lgrid/n3l_w2_A_lam0.045/side/f0.5000_th2.1000_vt0.3842_first_order//seed004.probe.jsonl
/home/tatsu/n3sel_view/n3l_w2_A_lam0.045/side/f0.5000_th2.1000_vt0.3842_first_order/seed015.answers.csv	/home/tatsu/n3lgrid/n3l_w2_A_lam0.045/side/f0.5000_th2.1000_vt0.3842_first_order//seed015.answers.csv
/home/tatsu/n3sel_view/n3l_w2_A_lam0.045/side/f0.5000_th2.1000_vt0.3842_first_order/seed005.ambig.csv	/home/tatsu/n3lgrid/n3l_w2_A_lam0.045/side/f0.5000_th2.1000_vt0.3842_first_order//seed005.ambig.csv
/home/tatsu/n3sel_view/n3l_w2_A_lam0.045/side/f0.5000_th2.1000_vt0.3842_first_order/seed006.shop.jsonl	/home/tatsu/n3lgrid/n3l_w2_A_lam0.045/side/f0.5000_th2.1000_vt0.3842_first_order//seed006.shop.jsonl
/home/tatsu/n3sel_view/n3l_w2_A_lam0.045/side/f0.5000_th2.1000_vt0.3842_first_order/seed007.shop.jsonl	/home/tatsu/n3lgrid/n3l_w2_A_lam0.045/side/f0.5000_th2.1000_vt0.3842_first_order//seed007.shop.jsonl
/home/tatsu/n3sel_view/n3l_w2_A_lam0.045/side/f0.5000_th2.1000_vt0.3842_first_order/seed010.probe.jsonl	/home/tatsu/n3lgrid/n3l_w2_A_lam0.045/side/f0.5000_th2.1000_vt0.3842_first_order//seed010.probe.jsonl
/home/tatsu/n3sel_view/n3l_w2_A_lam0.045/side/f0.5000_th2.1000_vt0.3842_first_order/seed007.ambig.csv	/home/tatsu/n3lgrid/n3l_w2_A_lam0.045/side/f0.5000_th2.1000_vt0.3842_first_order//seed007.ambig.csv
/home/tatsu/n3sel_view/n3l_w2_A_lam0.045/side/f0.5000_th2.1000_vt0.3842_first_order/seed020.probe.jsonl	/home/tatsu/n3lgrid/n3l_w2_A_lam0.045/side/f0.5000_th2.1000_vt0.3842_first_order//seed020.probe.jsonl
/home/tatsu/n3sel_view/n3l_w2_A_lam0.045/side/f0.5000_th2.1000_vt0.3842_first_order/seed014.probe.jsonl	/home/tatsu/n3lgrid/n3l_w2_A_lam0.045/side/f0.5000_th2.1000_vt0.3842_first_order//seed014.probe.jsonl
/home/tatsu/n3sel_view/n3l_w2_A_lam0.045/side/f0.5000_th2.1000_vt0.3842_first_order/seed014.ambig.csv	/home/tatsu/n3lgrid/n3l_w2_A_lam0.045/side/f0.5000_th2.1000_vt0.3842_first_order//seed014.ambig.csv
/home/tatsu/n3sel_view/n3l_w2_A_lam0.045/side/f0.5000_th2.1000_vt0.3842_first_order/seed012.answers.csv	/home/tatsu/n3lgrid/n3l_w2_A_lam0.045/side/f0.5000_th2.1000_vt0.3842_first_order//seed012.answers.csv
/home/tatsu/n3sel_view/n3l_w2_A_lam0.045/side/f0.5000_th2.1000_vt0.3842_first_order/seed016.ambig.csv	/home/tatsu/n3lgrid/n3l_w2_A_lam0.045/side/f0.5000_th2.1000_vt0.3842_first_order//seed016.ambig.csv
/home/tatsu/n3sel_view/n3l_w2_A_lam0.045/side/f0.5000_th2.1000_vt0.3842_first_order/seed013.answers.csv	/home/tatsu/n3lgrid/n3l_w2_A_lam0.045/side/f0.5000_th2.1000_vt0.3842_first_order//seed013.answers.csv
/home/tatsu/n3sel_view/n3l_w2_A_lam0.045/side/f0.5000_th2.1000_vt0.3842_first_order/seed014.answers.csv	/home/tatsu/n3lgrid/n3l_w2_A_lam0.045/side/f0.5000_th2.1000_vt0.3842_first_order//seed014.answers.csv
/home/tatsu/n3sel_view/n3l_w2_A_lam0.045/side/f0.5000_th2.1000_vt0.3842_first_order/seed019.ambig.csv	/home/tatsu/n3lgrid/n3l_w2_A_lam0.045/side/f0.5000_th2.1000_vt0.3842_first_order//seed019.ambig.csv
/home/tatsu/n3sel_view/n3l_w2_A_lam0.045/side/f0.5000_th2.1000_vt0.3842_first_order/seed017.answers.csv	/home/tatsu/n3lgrid/n3l_w2_A_lam0.045/side/f0.5000_th2.1000_vt0.3842_first_order//seed017.answers.csv
/home/tatsu/n3sel_view/n3l_w2_A_lam0.045/side/f0.5000_th2.1000_vt0.3842_first_order/seed009.answers.csv	/home/tatsu/n3lgrid/n3l_w2_A_lam0.045/side/f0.5000_th2.1000_vt0.3842_first_order//seed009.answers.csv
/home/tatsu/n3sel_view/n3l_w2_A_lam0.045/side/f0.5000_th2.1000_vt0.3842_first_order/seed015.ambig.csv	/home/tatsu/n3lgrid/n3l_w2_A_lam0.045/side/f0.5000_th2.1000_vt0.3842_first_order//seed015.ambig.csv
/home/tatsu/n3sel_view/n3l_w2_A_lam0.045/side/f0.5000_th2.1000_vt0.3842_first_order/seed010.shop.jsonl	/home/tatsu/n3lgrid/n3l_w2_A_lam0.045/side/f0.5000_th2.1000_vt0.3842_first_order//seed010.shop.jsonl
/home/tatsu/n3sel_view/n3l_w2_A_lam0.045/side/f0.5000_th2.1000_vt0.3842_first_order/seed001.probe.jsonl	/home/tatsu/n3lgrid/n3l_w2_A_lam0.045/side/f0.5000_th2.1000_vt0.3842_first_order//seed001.probe.jsonl
/home/tatsu/n3sel_view/n3l_w2_A_lam0.045/side/f0.5000_th2.1000_vt0.3842_first_order/seed015.shop.jsonl	/home/tatsu/n3lgrid/n3l_w2_A_lam0.045/side/f0.5000_th2.1000_vt0.3842_first_order//seed015.shop.jsonl
/home/tatsu/n3sel_view/n3l_w2_A_lam0.045/side/f0.5000_th2.1000_vt0.3842_first_order/seed018.probe.jsonl	/home/tatsu/n3lgrid/n3l_w2_A_lam0.045/side/f0.5000_th2.1000_vt0.3842_first_order//seed018.probe.jsonl
/home/tatsu/n3sel_view/n3l_w2_A_lam0.045/side/f0.5000_th2.1000_vt0.3842_first_order/seed020.answers.csv	/home/tatsu/n3lgrid/n3l_w2_A_lam0.045/side/f0.5000_th2.1000_vt0.3842_first_order//seed020.answers.csv
/home/tatsu/n3sel_view/n3l_w2_A_lam0.045/side/f0.5000_th2.1000_vt0.3842_first_order/seed010.answers.csv	/home/tatsu/n3lgrid/n3l_w2_A_lam0.045/side/f0.5000_th2.1000_vt0.3842_first_order//seed010.answers.csv
/home/tatsu/n3sel_view/n3l_w2_A_lam0.045/side/f0.5000_th2.1000_vt0.3842_first_order/seed005.answers.csv	/home/tatsu/n3lgrid/n3l_w2_A_lam0.045/side/f0.5000_th2.1000_vt0.3842_first_order//seed005.answers.csv
/home/tatsu/n3sel_view/n3l_w2_A_lam0.045/side/f0.5000_th2.1000_vt0.3842_first_order/seed011.probe.jsonl	/home/tatsu/n3lgrid/n3l_w2_A_lam0.045/side/f0.5000_th2.1000_vt0.3842_first_order//seed011.probe.jsonl
/home/tatsu/n3sel_view/n3l_w2_A_lam0.045/side/f0.5000_th2.1000_vt0.3842_first_order/seed017.shop.jsonl	/home/tatsu/n3lgrid/n3l_w2_A_lam0.045/side/f0.5000_th2.1000_vt0.3842_first_order//seed017.shop.jsonl
/home/tatsu/n3sel_view/n3l_w2_A_lam0.045/side/f0.5000_th2.1000_vt0.3842_first_order/seed002.ambig.csv	/home/tatsu/n3lgrid/n3l_w2_A_lam0.045/side/f0.5000_th2.1000_vt0.3842_first_order//seed002.ambig.csv
/home/tatsu/n3sel_view/n3l_w2_A_lam0.045/side/f0.5000_th2.1000_vt0.3842_first_order/seed020.ambig.csv	/home/tatsu/n3lgrid/n3l_w2_A_lam0.045/side/f0.5000_th2.1000_vt0.3842_first_order//seed020.ambig.csv
/home/tatsu/n3sel_view/n3l_w2_A_lam0.045/side/f0.5000_th2.1000_vt0.3842_first_order/seed017.ambig.csv	/home/tatsu/n3lgrid/n3l_w2_A_lam0.045/side/f0.5000_th2.1000_vt0.3842_first_order//seed017.ambig.csv
/home/tatsu/n3sel_view/n3l_w2_A_lam0.045/side/f0.5000_th2.1000_vt0.3842_first_order/seed005.shop.jsonl	/home/tatsu/n3lgrid/n3l_w2_A_lam0.045/side/f0.5000_th2.1000_vt0.3842_first_order//seed005.shop.jsonl
/home/tatsu/n3sel_view/n3l_w2_A_lam0.045/side/f0.5000_th2.1000_vt0.3842_first_order/seed018.shop.jsonl	/home/tatsu/n3lgrid/n3l_w2_A_lam0.045/side/f0.5000_th2.1000_vt0.3842_first_order//seed018.shop.jsonl
/home/tatsu/n3sel_view/n3l_w2_A_lam0.045/side/f0.5000_th2.1000_vt0.3842_first_order/seed002.shop.jsonl	/home/tatsu/n3lgrid/n3l_w2_A_lam0.045/side/f0.5000_th2.1000_vt0.3842_first_order//seed002.shop.jsonl
/home/tatsu/n3sel_view/n3l_w2_A_lam0.045/side/f0.5000_th2.1000_vt0.3842_first_order/seed017.probe.jsonl	/home/tatsu/n3lgrid/n3l_w2_A_lam0.045/side/f0.5000_th2.1000_vt0.3842_first_order//seed017.probe.jsonl
/home/tatsu/n3sel_view/n3l_w2_A_lam0.045/side/f0.5000_th2.1000_vt0.3842_first_order/seed010.ambig.csv	/home/tatsu/n3lgrid/n3l_w2_A_lam0.045/side/f0.5000_th2.1000_vt0.3842_first_order//seed010.ambig.csv
/home/tatsu/n3sel_view/n3l_w2_A_lam0.045/side/f0.5000_th2.1000_vt0.3842_first_order/seed009.probe.jsonl	/home/tatsu/n3lgrid/n3l_w2_A_lam0.045/side/f0.5000_th2.1000_vt0.3842_first_order//seed009.probe.jsonl
/home/tatsu/n3sel_view/n3l_w2_A_lam0.045/side/f0.5000_th2.1000_vt0.3842_first_order/seed015.probe.jsonl	/home/tatsu/n3lgrid/n3l_w2_A_lam0.045/side/f0.5000_th2.1000_vt0.3842_first_order//seed015.probe.jsonl
/home/tatsu/n3sel_view/n3l_w2_A_lam0.045/side/f0.5000_th2.1000_vt0.3842_first_order/seed006.ambig.csv	/home/tatsu/n3lgrid/n3l_w2_A_lam0.045/side/f0.5000_th2.1000_vt0.3842_first_order//seed006.ambig.csv
/home/tatsu/n3sel_view/n3l_w2_A_lam0.045/side/f0.5000_th2.1000_vt0.3842_first_order/seed009.ambig.csv	/home/tatsu/n3lgrid/n3l_w2_A_lam0.045/side/f0.5000_th2.1000_vt0.3842_first_order//seed009.ambig.csv
/home/tatsu/n3sel_view/n3l_w2_A_lam0.045/side/f0.5000_th2.1000_vt0.3842_first_order/seed001.answers.csv	/home/tatsu/n3lgrid/n3l_w2_A_lam0.045/side/f0.5000_th2.1000_vt0.3842_first_order//seed001.answers.csv
/home/tatsu/n3sel_view/n3l_w2_A_lam0.045/side/f0.5000_th2.1000_vt0.3842_first_order/seed011.ambig.csv	/home/tatsu/n3lgrid/n3l_w2_A_lam0.045/side/f0.5000_th2.1000_vt0.3842_first_order//seed011.ambig.csv
/home/tatsu/n3sel_view/n3l_w2_A_lam0.045/side/f0.5000_th2.1000_vt0.3842_first_order/seed006.answers.csv	/home/tatsu/n3lgrid/n3l_w2_A_lam0.045/side/f0.5000_th2.1000_vt0.3842_first_order//seed006.answers.csv
/home/tatsu/n3sel_view/n3l_w2_A_lam0.045/side/f0.5000_th2.1000_vt0.3842_first_order/seed012.ambig.csv	/home/tatsu/n3lgrid/n3l_w2_A_lam0.045/side/f0.5000_th2.1000_vt0.3842_first_order//seed012.ambig.csv
/home/tatsu/n3sel_view/n3l_w2_A_lam0.045/side/f0.5000_th2.1000_vt0.3842_first_order/seed018.answers.csv	/home/tatsu/n3lgrid/n3l_w2_A_lam0.045/side/f0.5000_th2.1000_vt0.3842_first_order//seed018.answers.csv
/home/tatsu/n3sel_view/n3l_w2_A_lam0.045/side/f0.5000_th2.1000_vt0.3842_first_order/seed005.probe.jsonl	/home/tatsu/n3lgrid/n3l_w2_A_lam0.045/side/f0.5000_th2.1000_vt0.3842_first_order//seed005.probe.jsonl
/home/tatsu/n3sel_view/n3l_w2_A_lam0.045/side/f0.5000_th2.1000_vt0.3842_first_order/seed007.probe.jsonl	/home/tatsu/n3lgrid/n3l_w2_A_lam0.045/side/f0.5000_th2.1000_vt0.3842_first_order//seed007.probe.jsonl
/home/tatsu/n3sel_view/n3l_w2_A_lam0.045/side/f0.5000_th2.1000_vt0.3842_first_order/seed013.probe.jsonl	/home/tatsu/n3lgrid/n3l_w2_A_lam0.045/side/f0.5000_th2.1000_vt0.3842_first_order//seed013.probe.jsonl
/home/tatsu/n3sel_view/n3l_w2_A_lam0.045/side/f0.5000_th2.1000_vt0.3842_first_order/seed014.shop.jsonl	/home/tatsu/n3lgrid/n3l_w2_A_lam0.045/side/f0.5000_th2.1000_vt0.3842_first_order//seed014.shop.jsonl
/home/tatsu/n3sel_view/n3l_w2_A_lam0.045/side/f0.5000_th2.1000_vt0.3842_first_order/seed008.probe.jsonl	/home/tatsu/n3lgrid/n3l_w2_A_lam0.045/side/f0.5000_th2.1000_vt0.3842_first_order//seed008.probe.jsonl
/home/tatsu/n3sel_view/n3l_w2_A_lam0.045/side/f0.5000_th2.1000_vt0.3842_first_order/seed019.shop.jsonl	/home/tatsu/n3lgrid/n3l_w2_A_lam0.045/side/f0.5000_th2.1000_vt0.3842_first_order//seed019.shop.jsonl
/home/tatsu/n3sel_view/n3l_w2_A_lam0.045/side/f0.5000_th2.1000_vt0.3842_first_order/seed019.answers.csv	/home/tatsu/n3lgrid/n3l_w2_A_lam0.045/side/f0.5000_th2.1000_vt0.3842_first_order//seed019.answers.csv
/home/tatsu/n3sel_view/n3l_w2_A_lam0.045/side/f0.5000_th2.1000_vt0.3842_first_order/seed016.probe.jsonl	/home/tatsu/n3lgrid/n3l_w2_A_lam0.045/side/f0.5000_th2.1000_vt0.3842_first_order//seed016.probe.jsonl
/home/tatsu/n3sel_view/n3l_w2_A_lam0.045/side/f0.5000_th2.1000_vt0.3842_first_order/seed011.answers.csv	/home/tatsu/n3lgrid/n3l_w2_A_lam0.045/side/f0.5000_th2.1000_vt0.3842_first_order//seed011.answers.csv
/home/tatsu/n3sel_view/n3l_w2_A_lam0.045/side/f0.5000_th2.1000_vt0.3842_first_order/seed003.probe.jsonl	/home/tatsu/n3lgrid/n3l_w2_A_lam0.045/side/f0.5000_th2.1000_vt0.3842_first_order//seed003.probe.jsonl
/home/tatsu/n3sel_view/n3l_w2_A_lam0.045/side/f0.5000_th2.1000_vt0.3842_first_order/seed008.shop.jsonl	/home/tatsu/n3lgrid/n3l_w2_A_lam0.045/side/f0.5000_th2.1000_vt0.3842_first_order//seed008.shop.jsonl
/home/tatsu/n3sel_view/n3l_w2_A_lam0.045/side/f0.5000_th2.1000_vt0.3842_first_order/seed002.answers.csv	/home/tatsu/n3lgrid/n3l_w2_A_lam0.045/side/f0.5000_th2.1000_vt0.3842_first_order//seed002.answers.csv
/home/tatsu/n3sel_view/n3l_w2_A_lam0.045/side/f0.5000_th2.1000_vt0.3842_first_order/seed001.ambig.csv	/home/tatsu/n3lgrid/n3l_w2_A_lam0.045/side/f0.5000_th2.1000_vt0.3842_first_order//seed001.ambig.csv
/home/tatsu/n3sel_view/n3l_w2_A_lam0.045/side/f0.5000_th2.1000_vt0.3842_first_order/seed004.shop.jsonl	/home/tatsu/n3lgrid/n3l_w2_A_lam0.045/side/f0.5000_th2.1000_vt0.3842_first_order//seed004.shop.jsonl
/home/tatsu/n3sel_view/n3l_w2_A_lam0.045/side/f0.5000_th2.1000_vt0.3842_first_order/seed004.ambig.csv	/home/tatsu/n3lgrid/n3l_w2_A_lam0.045/side/f0.5000_th2.1000_vt0.3842_first_order//seed004.ambig.csv
/home/tatsu/n3sel_view/n3l_w2_A_lam0.045/side/f0.5000_th2.1000_vt0.3842_first_order/seed003.answers.csv	/home/tatsu/n3lgrid/n3l_w2_A_lam0.045/side/f0.5000_th2.1000_vt0.3842_first_order//seed003.answers.csv
/home/tatsu/n3sel_view/n3l_w2_A_lam0.045/side/f0.5000_th2.1000_vt0.3842_first_order/seed016.answers.csv	/home/tatsu/n3lgrid/n3l_w2_A_lam0.045/side/f0.5000_th2.1000_vt0.3842_first_order//seed016.answers.csv
/home/tatsu/n3sel_view/n3l_w2_A_lam0.045/side/f0.5000_th2.1000_vt0.3842_first_order/seed007.answers.csv	/home/tatsu/n3lgrid/n3l_w2_A_lam0.045/side/f0.5000_th2.1000_vt0.3842_first_order//seed007.answers.csv
/home/tatsu/n3sel_view/n3l_w2_A_lam0.045/side/f0.5000_th2.1000_vt0.3842_first_order/seed009.shop.jsonl	/home/tatsu/n3lgrid/n3l_w2_A_lam0.045/side/f0.5000_th2.1000_vt0.3842_first_order//seed009.shop.jsonl
/home/tatsu/n3sel_view/n3l_w2_A_lam0.045/side/f0.5000_th2.1000_vt0.3842_first_order/seed002.probe.jsonl	/home/tatsu/n3lgrid/n3l_w2_A_lam0.045/side/f0.5000_th2.1000_vt0.3842_first_order//seed002.probe.jsonl
/home/tatsu/n3sel_view/n3l_w2_A_lam0.045/side/f0.5000_th2.1000_vt0.3842_first_order/seed018.ambig.csv	/home/tatsu/n3lgrid/n3l_w2_A_lam0.045/side/f0.5000_th2.1000_vt0.3842_first_order//seed018.ambig.csv
/home/tatsu/n3sel_view/n3l_w2_A_lam0.0187/ledgers	/home/tatsu/n3lgrid/n3l_w2_A_lam0.0187/ledgers
/home/tatsu/n3sel_view/n3l_w2_A_lam0.0187/side/f0.5000_th2.1000_vt0.3842_first_order/seed003.shop.jsonl	/home/tatsu/n3lgrid/n3l_w2_A_lam0.0187/side/f0.5000_th2.1000_vt0.3842_first_order//seed003.shop.jsonl
/home/tatsu/n3sel_view/n3l_w2_A_lam0.0187/side/f0.5000_th2.1000_vt0.3842_first_order/seed011.shop.jsonl	/home/tatsu/n3lgrid/n3l_w2_A_lam0.0187/side/f0.5000_th2.1000_vt0.3842_first_order//seed011.shop.jsonl
/home/tatsu/n3sel_view/n3l_w2_A_lam0.0187/side/f0.5000_th2.1000_vt0.3842_first_order/seed020.shop.jsonl	/home/tatsu/n3lgrid/n3l_w2_A_lam0.0187/side/f0.5000_th2.1000_vt0.3842_first_order//seed020.shop.jsonl
/home/tatsu/n3sel_view/n3l_w2_A_lam0.0187/side/f0.5000_th2.1000_vt0.3842_first_order/seed008.ambig.csv	/home/tatsu/n3lgrid/n3l_w2_A_lam0.0187/side/f0.5000_th2.1000_vt0.3842_first_order//seed008.ambig.csv
/home/tatsu/n3sel_view/n3l_w2_A_lam0.0187/side/f0.5000_th2.1000_vt0.3842_first_order/seed003.ambig.csv	/home/tatsu/n3lgrid/n3l_w2_A_lam0.0187/side/f0.5000_th2.1000_vt0.3842_first_order//seed003.ambig.csv
/home/tatsu/n3sel_view/n3l_w2_A_lam0.0187/side/f0.5000_th2.1000_vt0.3842_first_order/seed004.answers.csv	/home/tatsu/n3lgrid/n3l_w2_A_lam0.0187/side/f0.5000_th2.1000_vt0.3842_first_order//seed004.answers.csv
/home/tatsu/n3sel_view/n3l_w2_A_lam0.0187/side/f0.5000_th2.1000_vt0.3842_first_order/seed019.probe.jsonl	/home/tatsu/n3lgrid/n3l_w2_A_lam0.0187/side/f0.5000_th2.1000_vt0.3842_first_order//seed019.probe.jsonl
/home/tatsu/n3sel_view/n3l_w2_A_lam0.0187/side/f0.5000_th2.1000_vt0.3842_first_order/seed001.shop.jsonl	/home/tatsu/n3lgrid/n3l_w2_A_lam0.0187/side/f0.5000_th2.1000_vt0.3842_first_order//seed001.shop.jsonl
/home/tatsu/n3sel_view/n3l_w2_A_lam0.0187/side/f0.5000_th2.1000_vt0.3842_first_order/seed016.shop.jsonl	/home/tatsu/n3lgrid/n3l_w2_A_lam0.0187/side/f0.5000_th2.1000_vt0.3842_first_order//seed016.shop.jsonl
/home/tatsu/n3sel_view/n3l_w2_A_lam0.0187/side/f0.5000_th2.1000_vt0.3842_first_order/seed006.probe.jsonl	/home/tatsu/n3lgrid/n3l_w2_A_lam0.0187/side/f0.5000_th2.1000_vt0.3842_first_order//seed006.probe.jsonl
/home/tatsu/n3sel_view/n3l_w2_A_lam0.0187/side/f0.5000_th2.1000_vt0.3842_first_order/seed013.shop.jsonl	/home/tatsu/n3lgrid/n3l_w2_A_lam0.0187/side/f0.5000_th2.1000_vt0.3842_first_order//seed013.shop.jsonl
/home/tatsu/n3sel_view/n3l_w2_A_lam0.0187/side/f0.5000_th2.1000_vt0.3842_first_order/seed012.probe.jsonl	/home/tatsu/n3lgrid/n3l_w2_A_lam0.0187/side/f0.5000_th2.1000_vt0.3842_first_order//seed012.probe.jsonl
/home/tatsu/n3sel_view/n3l_w2_A_lam0.0187/side/f0.5000_th2.1000_vt0.3842_first_order/seed008.answers.csv	/home/tatsu/n3lgrid/n3l_w2_A_lam0.0187/side/f0.5000_th2.1000_vt0.3842_first_order//seed008.answers.csv
/home/tatsu/n3sel_view/n3l_w2_A_lam0.0187/side/f0.5000_th2.1000_vt0.3842_first_order/seed012.shop.jsonl	/home/tatsu/n3lgrid/n3l_w2_A_lam0.0187/side/f0.5000_th2.1000_vt0.3842_first_order//seed012.shop.jsonl
/home/tatsu/n3sel_view/n3l_w2_A_lam0.0187/side/f0.5000_th2.1000_vt0.3842_first_order/seed004.probe.jsonl	/home/tatsu/n3lgrid/n3l_w2_A_lam0.0187/side/f0.5000_th2.1000_vt0.3842_first_order//seed004.probe.jsonl
/home/tatsu/n3sel_view/n3l_w2_A_lam0.0187/side/f0.5000_th2.1000_vt0.3842_first_order/seed015.answers.csv	/home/tatsu/n3lgrid/n3l_w2_A_lam0.0187/side/f0.5000_th2.1000_vt0.3842_first_order//seed015.answers.csv
/home/tatsu/n3sel_view/n3l_w2_A_lam0.0187/side/f0.5000_th2.1000_vt0.3842_first_order/seed005.ambig.csv	/home/tatsu/n3lgrid/n3l_w2_A_lam0.0187/side/f0.5000_th2.1000_vt0.3842_first_order//seed005.ambig.csv
/home/tatsu/n3sel_view/n3l_w2_A_lam0.0187/side/f0.5000_th2.1000_vt0.3842_first_order/seed006.shop.jsonl	/home/tatsu/n3lgrid/n3l_w2_A_lam0.0187/side/f0.5000_th2.1000_vt0.3842_first_order//seed006.shop.jsonl
/home/tatsu/n3sel_view/n3l_w2_A_lam0.0187/side/f0.5000_th2.1000_vt0.3842_first_order/seed007.shop.jsonl	/home/tatsu/n3lgrid/n3l_w2_A_lam0.0187/side/f0.5000_th2.1000_vt0.3842_first_order//seed007.shop.jsonl
/home/tatsu/n3sel_view/n3l_w2_A_lam0.0187/side/f0.5000_th2.1000_vt0.3842_first_order/seed010.probe.jsonl	/home/tatsu/n3lgrid/n3l_w2_A_lam0.0187/side/f0.5000_th2.1000_vt0.3842_first_order//seed010.probe.jsonl
/home/tatsu/n3sel_view/n3l_w2_A_lam0.0187/side/f0.5000_th2.1000_vt0.3842_first_order/seed007.ambig.csv	/home/tatsu/n3lgrid/n3l_w2_A_lam0.0187/side/f0.5000_th2.1000_vt0.3842_first_order//seed007.ambig.csv
/home/tatsu/n3sel_view/n3l_w2_A_lam0.0187/side/f0.5000_th2.1000_vt0.3842_first_order/seed020.probe.jsonl	/home/tatsu/n3lgrid/n3l_w2_A_lam0.0187/side/f0.5000_th2.1000_vt0.3842_first_order//seed020.probe.jsonl
/home/tatsu/n3sel_view/n3l_w2_A_lam0.0187/side/f0.5000_th2.1000_vt0.3842_first_order/seed014.probe.jsonl	/home/tatsu/n3lgrid/n3l_w2_A_lam0.0187/side/f0.5000_th2.1000_vt0.3842_first_order//seed014.probe.jsonl
/home/tatsu/n3sel_view/n3l_w2_A_lam0.0187/side/f0.5000_th2.1000_vt0.3842_first_order/seed014.ambig.csv	/home/tatsu/n3lgrid/n3l_w2_A_lam0.0187/side/f0.5000_th2.1000_vt0.3842_first_order//seed014.ambig.csv
/home/tatsu/n3sel_view/n3l_w2_A_lam0.0187/side/f0.5000_th2.1000_vt0.3842_first_order/seed012.answers.csv	/home/tatsu/n3lgrid/n3l_w2_A_lam0.0187/side/f0.5000_th2.1000_vt0.3842_first_order//seed012.answers.csv
/home/tatsu/n3sel_view/n3l_w2_A_lam0.0187/side/f0.5000_th2.1000_vt0.3842_first_order/seed016.ambig.csv	/home/tatsu/n3lgrid/n3l_w2_A_lam0.0187/side/f0.5000_th2.1000_vt0.3842_first_order//seed016.ambig.csv
/home/tatsu/n3sel_view/n3l_w2_A_lam0.0187/side/f0.5000_th2.1000_vt0.3842_first_order/seed013.answers.csv	/home/tatsu/n3lgrid/n3l_w2_A_lam0.0187/side/f0.5000_th2.1000_vt0.3842_first_order//seed013.answers.csv
/home/tatsu/n3sel_view/n3l_w2_A_lam0.0187/side/f0.5000_th2.1000_vt0.3842_first_order/seed014.answers.csv	/home/tatsu/n3lgrid/n3l_w2_A_lam0.0187/side/f0.5000_th2.1000_vt0.3842_first_order//seed014.answers.csv
/home/tatsu/n3sel_view/n3l_w2_A_lam0.0187/side/f0.5000_th2.1000_vt0.3842_first_order/seed019.ambig.csv	/home/tatsu/n3lgrid/n3l_w2_A_lam0.0187/side/f0.5000_th2.1000_vt0.3842_first_order//seed019.ambig.csv
/home/tatsu/n3sel_view/n3l_w2_A_lam0.0187/side/f0.5000_th2.1000_vt0.3842_first_order/seed017.answers.csv	/home/tatsu/n3lgrid/n3l_w2_A_lam0.0187/side/f0.5000_th2.1000_vt0.3842_first_order//seed017.answers.csv
/home/tatsu/n3sel_view/n3l_w2_A_lam0.0187/side/f0.5000_th2.1000_vt0.3842_first_order/seed009.answers.csv	/home/tatsu/n3lgrid/n3l_w2_A_lam0.0187/side/f0.5000_th2.1000_vt0.3842_first_order//seed009.answers.csv
/home/tatsu/n3sel_view/n3l_w2_A_lam0.0187/side/f0.5000_th2.1000_vt0.3842_first_order/seed015.ambig.csv	/home/tatsu/n3lgrid/n3l_w2_A_lam0.0187/side/f0.5000_th2.1000_vt0.3842_first_order//seed015.ambig.csv
/home/tatsu/n3sel_view/n3l_w2_A_lam0.0187/side/f0.5000_th2.1000_vt0.3842_first_order/seed010.shop.jsonl	/home/tatsu/n3lgrid/n3l_w2_A_lam0.0187/side/f0.5000_th2.1000_vt0.3842_first_order//seed010.shop.jsonl
/home/tatsu/n3sel_view/n3l_w2_A_lam0.0187/side/f0.5000_th2.1000_vt0.3842_first_order/seed001.probe.jsonl	/home/tatsu/n3lgrid/n3l_w2_A_lam0.0187/side/f0.5000_th2.1000_vt0.3842_first_order//seed001.probe.jsonl
/home/tatsu/n3sel_view/n3l_w2_A_lam0.0187/side/f0.5000_th2.1000_vt0.3842_first_order/seed015.shop.jsonl	/home/tatsu/n3lgrid/n3l_w2_A_lam0.0187/side/f0.5000_th2.1000_vt0.3842_first_order//seed015.shop.jsonl
/home/tatsu/n3sel_view/n3l_w2_A_lam0.0187/side/f0.5000_th2.1000_vt0.3842_first_order/seed018.probe.jsonl	/home/tatsu/n3lgrid/n3l_w2_A_lam0.0187/side/f0.5000_th2.1000_vt0.3842_first_order//seed018.probe.jsonl
/home/tatsu/n3sel_view/n3l_w2_A_lam0.0187/side/f0.5000_th2.1000_vt0.3842_first_order/seed020.answers.csv	/home/tatsu/n3lgrid/n3l_w2_A_lam0.0187/side/f0.5000_th2.1000_vt0.3842_first_order//seed020.answers.csv
/home/tatsu/n3sel_view/n3l_w2_A_lam0.0187/side/f0.5000_th2.1000_vt0.3842_first_order/seed010.answers.csv	/home/tatsu/n3lgrid/n3l_w2_A_lam0.0187/side/f0.5000_th2.1000_vt0.3842_first_order//seed010.answers.csv
/home/tatsu/n3sel_view/n3l_w2_A_lam0.0187/side/f0.5000_th2.1000_vt0.3842_first_order/seed005.answers.csv	/home/tatsu/n3lgrid/n3l_w2_A_lam0.0187/side/f0.5000_th2.1000_vt0.3842_first_order//seed005.answers.csv
/home/tatsu/n3sel_view/n3l_w2_A_lam0.0187/side/f0.5000_th2.1000_vt0.3842_first_order/seed011.probe.jsonl	/home/tatsu/n3lgrid/n3l_w2_A_lam0.0187/side/f0.5000_th2.1000_vt0.3842_first_order//seed011.probe.jsonl
/home/tatsu/n3sel_view/n3l_w2_A_lam0.0187/side/f0.5000_th2.1000_vt0.3842_first_order/seed017.shop.jsonl	/home/tatsu/n3lgrid/n3l_w2_A_lam0.0187/side/f0.5000_th2.1000_vt0.3842_first_order//seed017.shop.jsonl
/home/tatsu/n3sel_view/n3l_w2_A_lam0.0187/side/f0.5000_th2.1000_vt0.3842_first_order/seed020.ambig.csv	/home/tatsu/n3lgrid/n3l_w2_A_lam0.0187/side/f0.5000_th2.1000_vt0.3842_first_order//seed020.ambig.csv
/home/tatsu/n3sel_view/n3l_w2_A_lam0.0187/side/f0.5000_th2.1000_vt0.3842_first_order/seed017.ambig.csv	/home/tatsu/n3lgrid/n3l_w2_A_lam0.0187/side/f0.5000_th2.1000_vt0.3842_first_order//seed017.ambig.csv
/home/tatsu/n3sel_view/n3l_w2_A_lam0.0187/side/f0.5000_th2.1000_vt0.3842_first_order/seed005.shop.jsonl	/home/tatsu/n3lgrid/n3l_w2_A_lam0.0187/side/f0.5000_th2.1000_vt0.3842_first_order//seed005.shop.jsonl
/home/tatsu/n3sel_view/n3l_w2_A_lam0.0187/side/f0.5000_th2.1000_vt0.3842_first_order/seed018.shop.jsonl	/home/tatsu/n3lgrid/n3l_w2_A_lam0.0187/side/f0.5000_th2.1000_vt0.3842_first_order//seed018.shop.jsonl
/home/tatsu/n3sel_view/n3l_w2_A_lam0.0187/side/f0.5000_th2.1000_vt0.3842_first_order/seed002.shop.jsonl	/home/tatsu/n3lgrid/n3l_w2_A_lam0.0187/side/f0.5000_th2.1000_vt0.3842_first_order//seed002.shop.jsonl
/home/tatsu/n3sel_view/n3l_w2_A_lam0.0187/side/f0.5000_th2.1000_vt0.3842_first_order/seed017.probe.jsonl	/home/tatsu/n3lgrid/n3l_w2_A_lam0.0187/side/f0.5000_th2.1000_vt0.3842_first_order//seed017.probe.jsonl
/home/tatsu/n3sel_view/n3l_w2_A_lam0.0187/side/f0.5000_th2.1000_vt0.3842_first_order/seed010.ambig.csv	/home/tatsu/n3lgrid/n3l_w2_A_lam0.0187/side/f0.5000_th2.1000_vt0.3842_first_order//seed010.ambig.csv
/home/tatsu/n3sel_view/n3l_w2_A_lam0.0187/side/f0.5000_th2.1000_vt0.3842_first_order/seed009.probe.jsonl	/home/tatsu/n3lgrid/n3l_w2_A_lam0.0187/side/f0.5000_th2.1000_vt0.3842_first_order//seed009.probe.jsonl
/home/tatsu/n3sel_view/n3l_w2_A_lam0.0187/side/f0.5000_th2.1000_vt0.3842_first_order/seed015.probe.jsonl	/home/tatsu/n3lgrid/n3l_w2_A_lam0.0187/side/f0.5000_th2.1000_vt0.3842_first_order//seed015.probe.jsonl
/home/tatsu/n3sel_view/n3l_w2_A_lam0.0187/side/f0.5000_th2.1000_vt0.3842_first_order/seed006.ambig.csv	/home/tatsu/n3lgrid/n3l_w2_A_lam0.0187/side/f0.5000_th2.1000_vt0.3842_first_order//seed006.ambig.csv
/home/tatsu/n3sel_view/n3l_w2_A_lam0.0187/side/f0.5000_th2.1000_vt0.3842_first_order/seed009.ambig.csv	/home/tatsu/n3lgrid/n3l_w2_A_lam0.0187/side/f0.5000_th2.1000_vt0.3842_first_order//seed009.ambig.csv
/home/tatsu/n3sel_view/n3l_w2_A_lam0.0187/side/f0.5000_th2.1000_vt0.3842_first_order/seed001.answers.csv	/home/tatsu/n3lgrid/n3l_w2_A_lam0.0187/side/f0.5000_th2.1000_vt0.3842_first_order//seed001.answers.csv
/home/tatsu/n3sel_view/n3l_w2_A_lam0.0187/side/f0.5000_th2.1000_vt0.3842_first_order/seed011.ambig.csv	/home/tatsu/n3lgrid/n3l_w2_A_lam0.0187/side/f0.5000_th2.1000_vt0.3842_first_order//seed011.ambig.csv
/home/tatsu/n3sel_view/n3l_w2_A_lam0.0187/side/f0.5000_th2.1000_vt0.3842_first_order/seed006.answers.csv	/home/tatsu/n3lgrid/n3l_w2_A_lam0.0187/side/f0.5000_th2.1000_vt0.3842_first_order//seed006.answers.csv
/home/tatsu/n3sel_view/n3l_w2_A_lam0.0187/side/f0.5000_th2.1000_vt0.3842_first_order/seed012.ambig.csv	/home/tatsu/n3lgrid/n3l_w2_A_lam0.0187/side/f0.5000_th2.1000_vt0.3842_first_order//seed012.ambig.csv
/home/tatsu/n3sel_view/n3l_w2_A_lam0.0187/side/f0.5000_th2.1000_vt0.3842_first_order/seed018.answers.csv	/home/tatsu/n3lgrid/n3l_w2_A_lam0.0187/side/f0.5000_th2.1000_vt0.3842_first_order//seed018.answers.csv
/home/tatsu/n3sel_view/n3l_w2_A_lam0.0187/side/f0.5000_th2.1000_vt0.3842_first_order/seed005.probe.jsonl	/home/tatsu/n3lgrid/n3l_w2_A_lam0.0187/side/f0.5000_th2.1000_vt0.3842_first_order//seed005.probe.jsonl
/home/tatsu/n3sel_view/n3l_w2_A_lam0.0187/side/f0.5000_th2.1000_vt0.3842_first_order/seed007.probe.jsonl	/home/tatsu/n3lgrid/n3l_w2_A_lam0.0187/side/f0.5000_th2.1000_vt0.3842_first_order//seed007.probe.jsonl
/home/tatsu/n3sel_view/n3l_w2_A_lam0.0187/side/f0.5000_th2.1000_vt0.3842_first_order/seed013.probe.jsonl	/home/tatsu/n3lgrid/n3l_w2_A_lam0.0187/side/f0.5000_th2.1000_vt0.3842_first_order//seed013.probe.jsonl
/home/tatsu/n3sel_view/n3l_w2_A_lam0.0187/side/f0.5000_th2.1000_vt0.3842_first_order/seed014.shop.jsonl	/home/tatsu/n3lgrid/n3l_w2_A_lam0.0187/side/f0.5000_th2.1000_vt0.3842_first_order//seed014.shop.jsonl
/home/tatsu/n3sel_view/n3l_w2_A_lam0.0187/side/f0.5000_th2.1000_vt0.3842_first_order/seed008.probe.jsonl	/home/tatsu/n3lgrid/n3l_w2_A_lam0.0187/side/f0.5000_th2.1000_vt0.3842_first_order//seed008.probe.jsonl
/home/tatsu/n3sel_view/n3l_w2_A_lam0.0187/side/f0.5000_th2.1000_vt0.3842_first_order/seed019.shop.jsonl	/home/tatsu/n3lgrid/n3l_w2_A_lam0.0187/side/f0.5000_th2.1000_vt0.3842_first_order//seed019.shop.jsonl
/home/tatsu/n3sel_view/n3l_w2_A_lam0.0187/side/f0.5000_th2.1000_vt0.3842_first_order/seed019.answers.csv	/home/tatsu/n3lgrid/n3l_w2_A_lam0.0187/side/f0.5000_th2.1000_vt0.3842_first_order//seed019.answers.csv
/home/tatsu/n3sel_view/n3l_w2_A_lam0.0187/side/f0.5000_th2.1000_vt0.3842_first_order/seed016.probe.jsonl	/home/tatsu/n3lgrid/n3l_w2_A_lam0.0187/side/f0.5000_th2.1000_vt0.3842_first_order//seed016.probe.jsonl
/home/tatsu/n3sel_view/n3l_w2_A_lam0.0187/side/f0.5000_th2.1000_vt0.3842_first_order/seed011.answers.csv	/home/tatsu/n3lgrid/n3l_w2_A_lam0.0187/side/f0.5000_th2.1000_vt0.3842_first_order//seed011.answers.csv
/home/tatsu/n3sel_view/n3l_w2_A_lam0.0187/side/f0.5000_th2.1000_vt0.3842_first_order/seed003.probe.jsonl	/home/tatsu/n3lgrid/n3l_w2_A_lam0.0187/side/f0.5000_th2.1000_vt0.3842_first_order//seed003.probe.jsonl
/home/tatsu/n3sel_view/n3l_w2_A_lam0.0187/side/f0.5000_th2.1000_vt0.3842_first_order/seed008.shop.jsonl	/home/tatsu/n3lgrid/n3l_w2_A_lam0.0187/side/f0.5000_th2.1000_vt0.3842_first_order//seed008.shop.jsonl
/home/tatsu/n3sel_view/n3l_w2_A_lam0.0187/side/f0.5000_th2.1000_vt0.3842_first_order/seed002.answers.csv	/home/tatsu/n3lgrid/n3l_w2_A_lam0.0187/side/f0.5000_th2.1000_vt0.3842_first_order//seed002.answers.csv
/home/tatsu/n3sel_view/n3l_w2_A_lam0.0187/side/f0.5000_th2.1000_vt0.3842_first_order/seed001.ambig.csv	/home/tatsu/n3lgrid/n3l_w2_A_lam0.0187/side/f0.5000_th2.1000_vt0.3842_first_order//seed001.ambig.csv
/home/tatsu/n3sel_view/n3l_w2_A_lam0.0187/side/f0.5000_th2.1000_vt0.3842_first_order/seed004.shop.jsonl	/home/tatsu/n3lgrid/n3l_w2_A_lam0.0187/side/f0.5000_th2.1000_vt0.3842_first_order//seed004.shop.jsonl
/home/tatsu/n3sel_view/n3l_w2_A_lam0.0187/side/f0.5000_th2.1000_vt0.3842_first_order/seed004.ambig.csv	/home/tatsu/n3lgrid/n3l_w2_A_lam0.0187/side/f0.5000_th2.1000_vt0.3842_first_order//seed004.ambig.csv
/home/tatsu/n3sel_view/n3l_w2_A_lam0.0187/side/f0.5000_th2.1000_vt0.3842_first_order/seed003.answers.csv	/home/tatsu/n3lgrid/n3l_w2_A_lam0.0187/side/f0.5000_th2.1000_vt0.3842_first_order//seed003.answers.csv
/home/tatsu/n3sel_view/n3l_w2_A_lam0.0187/side/f0.5000_th2.1000_vt0.3842_first_order/seed016.answers.csv	/home/tatsu/n3lgrid/n3l_w2_A_lam0.0187/side/f0.5000_th2.1000_vt0.3842_first_order//seed016.answers.csv
/home/tatsu/n3sel_view/n3l_w2_A_lam0.0187/side/f0.5000_th2.1000_vt0.3842_first_order/seed007.answers.csv	/home/tatsu/n3lgrid/n3l_w2_A_lam0.0187/side/f0.5000_th2.1000_vt0.3842_first_order//seed007.answers.csv
/home/tatsu/n3sel_view/n3l_w2_A_lam0.0187/side/f0.5000_th2.1000_vt0.3842_first_order/seed009.shop.jsonl	/home/tatsu/n3lgrid/n3l_w2_A_lam0.0187/side/f0.5000_th2.1000_vt0.3842_first_order//seed009.shop.jsonl
/home/tatsu/n3sel_view/n3l_w2_A_lam0.0187/side/f0.5000_th2.1000_vt0.3842_first_order/seed002.probe.jsonl	/home/tatsu/n3lgrid/n3l_w2_A_lam0.0187/side/f0.5000_th2.1000_vt0.3842_first_order//seed002.probe.jsonl
/home/tatsu/n3sel_view/n3l_w2_A_lam0.0187/side/f0.5000_th2.1000_vt0.3842_first_order/seed018.ambig.csv	/home/tatsu/n3lgrid/n3l_w2_A_lam0.0187/side/f0.5000_th2.1000_vt0.3842_first_order//seed018.ambig.csv
/home/tatsu/n3sel_view/n3l_w2_C_lam0.15/ledgers	/home/tatsu/n3lgrid/n3l_w2_C_lam0.15/ledgers
/home/tatsu/n3sel_view/n3l_w2_C_lam0.15/side/f0.5000_th2.1000_vt0.3842_first_order/seed003.shop.jsonl	/home/tatsu/n3lgrid/n3l_w2_C_lam0.15/side/f0.5000_th2.1000_vt0.3842_first_order//seed003.shop.jsonl
/home/tatsu/n3sel_view/n3l_w2_C_lam0.15/side/f0.5000_th2.1000_vt0.3842_first_order/seed011.shop.jsonl	/home/tatsu/n3lgrid/n3l_w2_C_lam0.15/side/f0.5000_th2.1000_vt0.3842_first_order//seed011.shop.jsonl
/home/tatsu/n3sel_view/n3l_w2_C_lam0.15/side/f0.5000_th2.1000_vt0.3842_first_order/seed020.shop.jsonl	/home/tatsu/n3lgrid/n3l_w2_C_lam0.15/side/f0.5000_th2.1000_vt0.3842_first_order//seed020.shop.jsonl
/home/tatsu/n3sel_view/n3l_w2_C_lam0.15/side/f0.5000_th2.1000_vt0.3842_first_order/seed008.ambig.csv	/home/tatsu/n3lgrid/n3l_w2_C_lam0.15/side/f0.5000_th2.1000_vt0.3842_first_order//seed008.ambig.csv
/home/tatsu/n3sel_view/n3l_w2_C_lam0.15/side/f0.5000_th2.1000_vt0.3842_first_order/seed003.ambig.csv	/home/tatsu/n3lgrid/n3l_w2_C_lam0.15/side/f0.5000_th2.1000_vt0.3842_first_order//seed003.ambig.csv
/home/tatsu/n3sel_view/n3l_w2_C_lam0.15/side/f0.5000_th2.1000_vt0.3842_first_order/seed013.ambig.csv	/home/tatsu/n3lgrid/n3l_w2_C_lam0.15/side/f0.5000_th2.1000_vt0.3842_first_order//seed013.ambig.csv
/home/tatsu/n3sel_view/n3l_w2_C_lam0.15/side/f0.5000_th2.1000_vt0.3842_first_order/seed004.answers.csv	/home/tatsu/n3lgrid/n3l_w2_C_lam0.15/side/f0.5000_th2.1000_vt0.3842_first_order//seed004.answers.csv
/home/tatsu/n3sel_view/n3l_w2_C_lam0.15/side/f0.5000_th2.1000_vt0.3842_first_order/seed019.probe.jsonl	/home/tatsu/n3lgrid/n3l_w2_C_lam0.15/side/f0.5000_th2.1000_vt0.3842_first_order//seed019.probe.jsonl
/home/tatsu/n3sel_view/n3l_w2_C_lam0.15/side/f0.5000_th2.1000_vt0.3842_first_order/seed001.shop.jsonl	/home/tatsu/n3lgrid/n3l_w2_C_lam0.15/side/f0.5000_th2.1000_vt0.3842_first_order//seed001.shop.jsonl
/home/tatsu/n3sel_view/n3l_w2_C_lam0.15/side/f0.5000_th2.1000_vt0.3842_first_order/seed016.shop.jsonl	/home/tatsu/n3lgrid/n3l_w2_C_lam0.15/side/f0.5000_th2.1000_vt0.3842_first_order//seed016.shop.jsonl
/home/tatsu/n3sel_view/n3l_w2_C_lam0.15/side/f0.5000_th2.1000_vt0.3842_first_order/seed006.probe.jsonl	/home/tatsu/n3lgrid/n3l_w2_C_lam0.15/side/f0.5000_th2.1000_vt0.3842_first_order//seed006.probe.jsonl
/home/tatsu/n3sel_view/n3l_w2_C_lam0.15/side/f0.5000_th2.1000_vt0.3842_first_order/seed013.shop.jsonl	/home/tatsu/n3lgrid/n3l_w2_C_lam0.15/side/f0.5000_th2.1000_vt0.3842_first_order//seed013.shop.jsonl
/home/tatsu/n3sel_view/n3l_w2_C_lam0.15/side/f0.5000_th2.1000_vt0.3842_first_order/seed012.probe.jsonl	/home/tatsu/n3lgrid/n3l_w2_C_lam0.15/side/f0.5000_th2.1000_vt0.3842_first_order//seed012.probe.jsonl
/home/tatsu/n3sel_view/n3l_w2_C_lam0.15/side/f0.5000_th2.1000_vt0.3842_first_order/seed008.answers.csv	/home/tatsu/n3lgrid/n3l_w2_C_lam0.15/side/f0.5000_th2.1000_vt0.3842_first_order//seed008.answers.csv
/home/tatsu/n3sel_view/n3l_w2_C_lam0.15/side/f0.5000_th2.1000_vt0.3842_first_order/seed012.shop.jsonl	/home/tatsu/n3lgrid/n3l_w2_C_lam0.15/side/f0.5000_th2.1000_vt0.3842_first_order//seed012.shop.jsonl
/home/tatsu/n3sel_view/n3l_w2_C_lam0.15/side/f0.5000_th2.1000_vt0.3842_first_order/seed004.probe.jsonl	/home/tatsu/n3lgrid/n3l_w2_C_lam0.15/side/f0.5000_th2.1000_vt0.3842_first_order//seed004.probe.jsonl
/home/tatsu/n3sel_view/n3l_w2_C_lam0.15/side/f0.5000_th2.1000_vt0.3842_first_order/seed015.answers.csv	/home/tatsu/n3lgrid/n3l_w2_C_lam0.15/side/f0.5000_th2.1000_vt0.3842_first_order//seed015.answers.csv
/home/tatsu/n3sel_view/n3l_w2_C_lam0.15/side/f0.5000_th2.1000_vt0.3842_first_order/seed005.ambig.csv	/home/tatsu/n3lgrid/n3l_w2_C_lam0.15/side/f0.5000_th2.1000_vt0.3842_first_order//seed005.ambig.csv
/home/tatsu/n3sel_view/n3l_w2_C_lam0.15/side/f0.5000_th2.1000_vt0.3842_first_order/seed006.shop.jsonl	/home/tatsu/n3lgrid/n3l_w2_C_lam0.15/side/f0.5000_th2.1000_vt0.3842_first_order//seed006.shop.jsonl
/home/tatsu/n3sel_view/n3l_w2_C_lam0.15/side/f0.5000_th2.1000_vt0.3842_first_order/seed007.shop.jsonl	/home/tatsu/n3lgrid/n3l_w2_C_lam0.15/side/f0.5000_th2.1000_vt0.3842_first_order//seed007.shop.jsonl
/home/tatsu/n3sel_view/n3l_w2_C_lam0.15/side/f0.5000_th2.1000_vt0.3842_first_order/seed010.probe.jsonl	/home/tatsu/n3lgrid/n3l_w2_C_lam0.15/side/f0.5000_th2.1000_vt0.3842_first_order//seed010.probe.jsonl
/home/tatsu/n3sel_view/n3l_w2_C_lam0.15/side/f0.5000_th2.1000_vt0.3842_first_order/seed007.ambig.csv	/home/tatsu/n3lgrid/n3l_w2_C_lam0.15/side/f0.5000_th2.1000_vt0.3842_first_order//seed007.ambig.csv
/home/tatsu/n3sel_view/n3l_w2_C_lam0.15/side/f0.5000_th2.1000_vt0.3842_first_order/seed020.probe.jsonl	/home/tatsu/n3lgrid/n3l_w2_C_lam0.15/side/f0.5000_th2.1000_vt0.3842_first_order//seed020.probe.jsonl
/home/tatsu/n3sel_view/n3l_w2_C_lam0.15/side/f0.5000_th2.1000_vt0.3842_first_order/seed014.probe.jsonl	/home/tatsu/n3lgrid/n3l_w2_C_lam0.15/side/f0.5000_th2.1000_vt0.3842_first_order//seed014.probe.jsonl
/home/tatsu/n3sel_view/n3l_w2_C_lam0.15/side/f0.5000_th2.1000_vt0.3842_first_order/seed014.ambig.csv	/home/tatsu/n3lgrid/n3l_w2_C_lam0.15/side/f0.5000_th2.1000_vt0.3842_first_order//seed014.ambig.csv
/home/tatsu/n3sel_view/n3l_w2_C_lam0.15/side/f0.5000_th2.1000_vt0.3842_first_order/seed012.answers.csv	/home/tatsu/n3lgrid/n3l_w2_C_lam0.15/side/f0.5000_th2.1000_vt0.3842_first_order//seed012.answers.csv
/home/tatsu/n3sel_view/n3l_w2_C_lam0.15/side/f0.5000_th2.1000_vt0.3842_first_order/seed016.ambig.csv	/home/tatsu/n3lgrid/n3l_w2_C_lam0.15/side/f0.5000_th2.1000_vt0.3842_first_order//seed016.ambig.csv
/home/tatsu/n3sel_view/n3l_w2_C_lam0.15/side/f0.5000_th2.1000_vt0.3842_first_order/seed013.answers.csv	/home/tatsu/n3lgrid/n3l_w2_C_lam0.15/side/f0.5000_th2.1000_vt0.3842_first_order//seed013.answers.csv
/home/tatsu/n3sel_view/n3l_w2_C_lam0.15/side/f0.5000_th2.1000_vt0.3842_first_order/seed014.answers.csv	/home/tatsu/n3lgrid/n3l_w2_C_lam0.15/side/f0.5000_th2.1000_vt0.3842_first_order//seed014.answers.csv
/home/tatsu/n3sel_view/n3l_w2_C_lam0.15/side/f0.5000_th2.1000_vt0.3842_first_order/seed019.ambig.csv	/home/tatsu/n3lgrid/n3l_w2_C_lam0.15/side/f0.5000_th2.1000_vt0.3842_first_order//seed019.ambig.csv
/home/tatsu/n3sel_view/n3l_w2_C_lam0.15/side/f0.5000_th2.1000_vt0.3842_first_order/seed017.answers.csv	/home/tatsu/n3lgrid/n3l_w2_C_lam0.15/side/f0.5000_th2.1000_vt0.3842_first_order//seed017.answers.csv
/home/tatsu/n3sel_view/n3l_w2_C_lam0.15/side/f0.5000_th2.1000_vt0.3842_first_order/seed009.answers.csv	/home/tatsu/n3lgrid/n3l_w2_C_lam0.15/side/f0.5000_th2.1000_vt0.3842_first_order//seed009.answers.csv
/home/tatsu/n3sel_view/n3l_w2_C_lam0.15/side/f0.5000_th2.1000_vt0.3842_first_order/seed015.ambig.csv	/home/tatsu/n3lgrid/n3l_w2_C_lam0.15/side/f0.5000_th2.1000_vt0.3842_first_order//seed015.ambig.csv
/home/tatsu/n3sel_view/n3l_w2_C_lam0.15/side/f0.5000_th2.1000_vt0.3842_first_order/seed010.shop.jsonl	/home/tatsu/n3lgrid/n3l_w2_C_lam0.15/side/f0.5000_th2.1000_vt0.3842_first_order//seed010.shop.jsonl
/home/tatsu/n3sel_view/n3l_w2_C_lam0.15/side/f0.5000_th2.1000_vt0.3842_first_order/seed001.probe.jsonl	/home/tatsu/n3lgrid/n3l_w2_C_lam0.15/side/f0.5000_th2.1000_vt0.3842_first_order//seed001.probe.jsonl
/home/tatsu/n3sel_view/n3l_w2_C_lam0.15/side/f0.5000_th2.1000_vt0.3842_first_order/seed015.shop.jsonl	/home/tatsu/n3lgrid/n3l_w2_C_lam0.15/side/f0.5000_th2.1000_vt0.3842_first_order//seed015.shop.jsonl
/home/tatsu/n3sel_view/n3l_w2_C_lam0.15/side/f0.5000_th2.1000_vt0.3842_first_order/seed018.probe.jsonl	/home/tatsu/n3lgrid/n3l_w2_C_lam0.15/side/f0.5000_th2.1000_vt0.3842_first_order//seed018.probe.jsonl
/home/tatsu/n3sel_view/n3l_w2_C_lam0.15/side/f0.5000_th2.1000_vt0.3842_first_order/seed020.answers.csv	/home/tatsu/n3lgrid/n3l_w2_C_lam0.15/side/f0.5000_th2.1000_vt0.3842_first_order//seed020.answers.csv
/home/tatsu/n3sel_view/n3l_w2_C_lam0.15/side/f0.5000_th2.1000_vt0.3842_first_order/seed010.answers.csv	/home/tatsu/n3lgrid/n3l_w2_C_lam0.15/side/f0.5000_th2.1000_vt0.3842_first_order//seed010.answers.csv
/home/tatsu/n3sel_view/n3l_w2_C_lam0.15/side/f0.5000_th2.1000_vt0.3842_first_order/seed005.answers.csv	/home/tatsu/n3lgrid/n3l_w2_C_lam0.15/side/f0.5000_th2.1000_vt0.3842_first_order//seed005.answers.csv
/home/tatsu/n3sel_view/n3l_w2_C_lam0.15/side/f0.5000_th2.1000_vt0.3842_first_order/seed011.probe.jsonl	/home/tatsu/n3lgrid/n3l_w2_C_lam0.15/side/f0.5000_th2.1000_vt0.3842_first_order//seed011.probe.jsonl
/home/tatsu/n3sel_view/n3l_w2_C_lam0.15/side/f0.5000_th2.1000_vt0.3842_first_order/seed017.shop.jsonl	/home/tatsu/n3lgrid/n3l_w2_C_lam0.15/side/f0.5000_th2.1000_vt0.3842_first_order//seed017.shop.jsonl
/home/tatsu/n3sel_view/n3l_w2_C_lam0.15/side/f0.5000_th2.1000_vt0.3842_first_order/seed002.ambig.csv	/home/tatsu/n3lgrid/n3l_w2_C_lam0.15/side/f0.5000_th2.1000_vt0.3842_first_order//seed002.ambig.csv
/home/tatsu/n3sel_view/n3l_w2_C_lam0.15/side/f0.5000_th2.1000_vt0.3842_first_order/seed020.ambig.csv	/home/tatsu/n3lgrid/n3l_w2_C_lam0.15/side/f0.5000_th2.1000_vt0.3842_first_order//seed020.ambig.csv
/home/tatsu/n3sel_view/n3l_w2_C_lam0.15/side/f0.5000_th2.1000_vt0.3842_first_order/seed017.ambig.csv	/home/tatsu/n3lgrid/n3l_w2_C_lam0.15/side/f0.5000_th2.1000_vt0.3842_first_order//seed017.ambig.csv
/home/tatsu/n3sel_view/n3l_w2_C_lam0.15/side/f0.5000_th2.1000_vt0.3842_first_order/seed005.shop.jsonl	/home/tatsu/n3lgrid/n3l_w2_C_lam0.15/side/f0.5000_th2.1000_vt0.3842_first_order//seed005.shop.jsonl
/home/tatsu/n3sel_view/n3l_w2_C_lam0.15/side/f0.5000_th2.1000_vt0.3842_first_order/seed018.shop.jsonl	/home/tatsu/n3lgrid/n3l_w2_C_lam0.15/side/f0.5000_th2.1000_vt0.3842_first_order//seed018.shop.jsonl
/home/tatsu/n3sel_view/n3l_w2_C_lam0.15/side/f0.5000_th2.1000_vt0.3842_first_order/seed002.shop.jsonl	/home/tatsu/n3lgrid/n3l_w2_C_lam0.15/side/f0.5000_th2.1000_vt0.3842_first_order//seed002.shop.jsonl
/home/tatsu/n3sel_view/n3l_w2_C_lam0.15/side/f0.5000_th2.1000_vt0.3842_first_order/seed017.probe.jsonl	/home/tatsu/n3lgrid/n3l_w2_C_lam0.15/side/f0.5000_th2.1000_vt0.3842_first_order//seed017.probe.jsonl
/home/tatsu/n3sel_view/n3l_w2_C_lam0.15/side/f0.5000_th2.1000_vt0.3842_first_order/seed010.ambig.csv	/home/tatsu/n3lgrid/n3l_w2_C_lam0.15/side/f0.5000_th2.1000_vt0.3842_first_order//seed010.ambig.csv
/home/tatsu/n3sel_view/n3l_w2_C_lam0.15/side/f0.5000_th2.1000_vt0.3842_first_order/seed009.probe.jsonl	/home/tatsu/n3lgrid/n3l_w2_C_lam0.15/side/f0.5000_th2.1000_vt0.3842_first_order//seed009.probe.jsonl
/home/tatsu/n3sel_view/n3l_w2_C_lam0.15/side/f0.5000_th2.1000_vt0.3842_first_order/seed015.probe.jsonl	/home/tatsu/n3lgrid/n3l_w2_C_lam0.15/side/f0.5000_th2.1000_vt0.3842_first_order//seed015.probe.jsonl
/home/tatsu/n3sel_view/n3l_w2_C_lam0.15/side/f0.5000_th2.1000_vt0.3842_first_order/seed006.ambig.csv	/home/tatsu/n3lgrid/n3l_w2_C_lam0.15/side/f0.5000_th2.1000_vt0.3842_first_order//seed006.ambig.csv
/home/tatsu/n3sel_view/n3l_w2_C_lam0.15/side/f0.5000_th2.1000_vt0.3842_first_order/seed009.ambig.csv	/home/tatsu/n3lgrid/n3l_w2_C_lam0.15/side/f0.5000_th2.1000_vt0.3842_first_order//seed009.ambig.csv
/home/tatsu/n3sel_view/n3l_w2_C_lam0.15/side/f0.5000_th2.1000_vt0.3842_first_order/seed001.answers.csv	/home/tatsu/n3lgrid/n3l_w2_C_lam0.15/side/f0.5000_th2.1000_vt0.3842_first_order//seed001.answers.csv
/home/tatsu/n3sel_view/n3l_w2_C_lam0.15/side/f0.5000_th2.1000_vt0.3842_first_order/seed011.ambig.csv	/home/tatsu/n3lgrid/n3l_w2_C_lam0.15/side/f0.5000_th2.1000_vt0.3842_first_order//seed011.ambig.csv
/home/tatsu/n3sel_view/n3l_w2_C_lam0.15/side/f0.5000_th2.1000_vt0.3842_first_order/seed006.answers.csv	/home/tatsu/n3lgrid/n3l_w2_C_lam0.15/side/f0.5000_th2.1000_vt0.3842_first_order//seed006.answers.csv
/home/tatsu/n3sel_view/n3l_w2_C_lam0.15/side/f0.5000_th2.1000_vt0.3842_first_order/seed012.ambig.csv	/home/tatsu/n3lgrid/n3l_w2_C_lam0.15/side/f0.5000_th2.1000_vt0.3842_first_order//seed012.ambig.csv
/home/tatsu/n3sel_view/n3l_w2_C_lam0.15/side/f0.5000_th2.1000_vt0.3842_first_order/seed018.answers.csv	/home/tatsu/n3lgrid/n3l_w2_C_lam0.15/side/f0.5000_th2.1000_vt0.3842_first_order//seed018.answers.csv
/home/tatsu/n3sel_view/n3l_w2_C_lam0.15/side/f0.5000_th2.1000_vt0.3842_first_order/seed005.probe.jsonl	/home/tatsu/n3lgrid/n3l_w2_C_lam0.15/side/f0.5000_th2.1000_vt0.3842_first_order//seed005.probe.jsonl
/home/tatsu/n3sel_view/n3l_w2_C_lam0.15/side/f0.5000_th2.1000_vt0.3842_first_order/seed007.probe.jsonl	/home/tatsu/n3lgrid/n3l_w2_C_lam0.15/side/f0.5000_th2.1000_vt0.3842_first_order//seed007.probe.jsonl
/home/tatsu/n3sel_view/n3l_w2_C_lam0.15/side/f0.5000_th2.1000_vt0.3842_first_order/seed013.probe.jsonl	/home/tatsu/n3lgrid/n3l_w2_C_lam0.15/side/f0.5000_th2.1000_vt0.3842_first_order//seed013.probe.jsonl
/home/tatsu/n3sel_view/n3l_w2_C_lam0.15/side/f0.5000_th2.1000_vt0.3842_first_order/seed014.shop.jsonl	/home/tatsu/n3lgrid/n3l_w2_C_lam0.15/side/f0.5000_th2.1000_vt0.3842_first_order//seed014.shop.jsonl
/home/tatsu/n3sel_view/n3l_w2_C_lam0.15/side/f0.5000_th2.1000_vt0.3842_first_order/seed008.probe.jsonl	/home/tatsu/n3lgrid/n3l_w2_C_lam0.15/side/f0.5000_th2.1000_vt0.3842_first_order//seed008.probe.jsonl
/home/tatsu/n3sel_view/n3l_w2_C_lam0.15/side/f0.5000_th2.1000_vt0.3842_first_order/seed019.shop.jsonl	/home/tatsu/n3lgrid/n3l_w2_C_lam0.15/side/f0.5000_th2.1000_vt0.3842_first_order//seed019.shop.jsonl
/home/tatsu/n3sel_view/n3l_w2_C_lam0.15/side/f0.5000_th2.1000_vt0.3842_first_order/seed019.answers.csv	/home/tatsu/n3lgrid/n3l_w2_C_lam0.15/side/f0.5000_th2.1000_vt0.3842_first_order//seed019.answers.csv
/home/tatsu/n3sel_view/n3l_w2_C_lam0.15/side/f0.5000_th2.1000_vt0.3842_first_order/seed016.probe.jsonl	/home/tatsu/n3lgrid/n3l_w2_C_lam0.15/side/f0.5000_th2.1000_vt0.3842_first_order//seed016.probe.jsonl
/home/tatsu/n3sel_view/n3l_w2_C_lam0.15/side/f0.5000_th2.1000_vt0.3842_first_order/seed011.answers.csv	/home/tatsu/n3lgrid/n3l_w2_C_lam0.15/side/f0.5000_th2.1000_vt0.3842_first_order//seed011.answers.csv
/home/tatsu/n3sel_view/n3l_w2_C_lam0.15/side/f0.5000_th2.1000_vt0.3842_first_order/seed003.probe.jsonl	/home/tatsu/n3lgrid/n3l_w2_C_lam0.15/side/f0.5000_th2.1000_vt0.3842_first_order//seed003.probe.jsonl
/home/tatsu/n3sel_view/n3l_w2_C_lam0.15/side/f0.5000_th2.1000_vt0.3842_first_order/seed008.shop.jsonl	/home/tatsu/n3lgrid/n3l_w2_C_lam0.15/side/f0.5000_th2.1000_vt0.3842_first_order//seed008.shop.jsonl
/home/tatsu/n3sel_view/n3l_w2_C_lam0.15/side/f0.5000_th2.1000_vt0.3842_first_order/seed002.answers.csv	/home/tatsu/n3lgrid/n3l_w2_C_lam0.15/side/f0.5000_th2.1000_vt0.3842_first_order//seed002.answers.csv
/home/tatsu/n3sel_view/n3l_w2_C_lam0.15/side/f0.5000_th2.1000_vt0.3842_first_order/seed001.ambig.csv	/home/tatsu/n3lgrid/n3l_w2_C_lam0.15/side/f0.5000_th2.1000_vt0.3842_first_order//seed001.ambig.csv
/home/tatsu/n3sel_view/n3l_w2_C_lam0.15/side/f0.5000_th2.1000_vt0.3842_first_order/seed004.shop.jsonl	/home/tatsu/n3lgrid/n3l_w2_C_lam0.15/side/f0.5000_th2.1000_vt0.3842_first_order//seed004.shop.jsonl
/home/tatsu/n3sel_view/n3l_w2_C_lam0.15/side/f0.5000_th2.1000_vt0.3842_first_order/seed004.ambig.csv	/home/tatsu/n3lgrid/n3l_w2_C_lam0.15/side/f0.5000_th2.1000_vt0.3842_first_order//seed004.ambig.csv
/home/tatsu/n3sel_view/n3l_w2_C_lam0.15/side/f0.5000_th2.1000_vt0.3842_first_order/seed003.answers.csv	/home/tatsu/n3lgrid/n3l_w2_C_lam0.15/side/f0.5000_th2.1000_vt0.3842_first_order//seed003.answers.csv
/home/tatsu/n3sel_view/n3l_w2_C_lam0.15/side/f0.5000_th2.1000_vt0.3842_first_order/seed016.answers.csv	/home/tatsu/n3lgrid/n3l_w2_C_lam0.15/side/f0.5000_th2.1000_vt0.3842_first_order//seed016.answers.csv
/home/tatsu/n3sel_view/n3l_w2_C_lam0.15/side/f0.5000_th2.1000_vt0.3842_first_order/seed007.answers.csv	/home/tatsu/n3lgrid/n3l_w2_C_lam0.15/side/f0.5000_th2.1000_vt0.3842_first_order//seed007.answers.csv
/home/tatsu/n3sel_view/n3l_w2_C_lam0.15/side/f0.5000_th2.1000_vt0.3842_first_order/seed009.shop.jsonl	/home/tatsu/n3lgrid/n3l_w2_C_lam0.15/side/f0.5000_th2.1000_vt0.3842_first_order//seed009.shop.jsonl
/home/tatsu/n3sel_view/n3l_w2_C_lam0.15/side/f0.5000_th2.1000_vt0.3842_first_order/seed002.probe.jsonl	/home/tatsu/n3lgrid/n3l_w2_C_lam0.15/side/f0.5000_th2.1000_vt0.3842_first_order//seed002.probe.jsonl
/home/tatsu/n3sel_view/n3l_w2_C_lam0.15/side/f0.5000_th2.1000_vt0.3842_first_order/seed018.ambig.csv	/home/tatsu/n3lgrid/n3l_w2_C_lam0.15/side/f0.5000_th2.1000_vt0.3842_first_order//seed018.ambig.csv
/home/tatsu/n3sel_view/n3l_w2_A_lam0.03/ledgers	/home/tatsu/n3lgrid/n3l_w2_A_lam0.03/ledgers
/home/tatsu/n3sel_view/n3l_w2_A_lam0.03/side/f0.5000_th2.1000_vt0.3842_first_order/seed003.shop.jsonl	/home/tatsu/n3lgrid/n3l_w2_A_lam0.03/side/f0.5000_th2.1000_vt0.3842_first_order//seed003.shop.jsonl
/home/tatsu/n3sel_view/n3l_w2_A_lam0.03/side/f0.5000_th2.1000_vt0.3842_first_order/seed011.shop.jsonl	/home/tatsu/n3lgrid/n3l_w2_A_lam0.03/side/f0.5000_th2.1000_vt0.3842_first_order//seed011.shop.jsonl
/home/tatsu/n3sel_view/n3l_w2_A_lam0.03/side/f0.5000_th2.1000_vt0.3842_first_order/seed020.shop.jsonl	/home/tatsu/n3lgrid/n3l_w2_A_lam0.03/side/f0.5000_th2.1000_vt0.3842_first_order//seed020.shop.jsonl
/home/tatsu/n3sel_view/n3l_w2_A_lam0.03/side/f0.5000_th2.1000_vt0.3842_first_order/seed008.ambig.csv	/home/tatsu/n3lgrid/n3l_w2_A_lam0.03/side/f0.5000_th2.1000_vt0.3842_first_order//seed008.ambig.csv
/home/tatsu/n3sel_view/n3l_w2_A_lam0.03/side/f0.5000_th2.1000_vt0.3842_first_order/seed003.ambig.csv	/home/tatsu/n3lgrid/n3l_w2_A_lam0.03/side/f0.5000_th2.1000_vt0.3842_first_order//seed003.ambig.csv
/home/tatsu/n3sel_view/n3l_w2_A_lam0.03/side/f0.5000_th2.1000_vt0.3842_first_order/seed013.ambig.csv	/home/tatsu/n3lgrid/n3l_w2_A_lam0.03/side/f0.5000_th2.1000_vt0.3842_first_order//seed013.ambig.csv
/home/tatsu/n3sel_view/n3l_w2_A_lam0.03/side/f0.5000_th2.1000_vt0.3842_first_order/seed004.answers.csv	/home/tatsu/n3lgrid/n3l_w2_A_lam0.03/side/f0.5000_th2.1000_vt0.3842_first_order//seed004.answers.csv
/home/tatsu/n3sel_view/n3l_w2_A_lam0.03/side/f0.5000_th2.1000_vt0.3842_first_order/seed019.probe.jsonl	/home/tatsu/n3lgrid/n3l_w2_A_lam0.03/side/f0.5000_th2.1000_vt0.3842_first_order//seed019.probe.jsonl
/home/tatsu/n3sel_view/n3l_w2_A_lam0.03/side/f0.5000_th2.1000_vt0.3842_first_order/seed001.shop.jsonl	/home/tatsu/n3lgrid/n3l_w2_A_lam0.03/side/f0.5000_th2.1000_vt0.3842_first_order//seed001.shop.jsonl
/home/tatsu/n3sel_view/n3l_w2_A_lam0.03/side/f0.5000_th2.1000_vt0.3842_first_order/seed016.shop.jsonl	/home/tatsu/n3lgrid/n3l_w2_A_lam0.03/side/f0.5000_th2.1000_vt0.3842_first_order//seed016.shop.jsonl
/home/tatsu/n3sel_view/n3l_w2_A_lam0.03/side/f0.5000_th2.1000_vt0.3842_first_order/seed006.probe.jsonl	/home/tatsu/n3lgrid/n3l_w2_A_lam0.03/side/f0.5000_th2.1000_vt0.3842_first_order//seed006.probe.jsonl
/home/tatsu/n3sel_view/n3l_w2_A_lam0.03/side/f0.5000_th2.1000_vt0.3842_first_order/seed013.shop.jsonl	/home/tatsu/n3lgrid/n3l_w2_A_lam0.03/side/f0.5000_th2.1000_vt0.3842_first_order//seed013.shop.jsonl
/home/tatsu/n3sel_view/n3l_w2_A_lam0.03/side/f0.5000_th2.1000_vt0.3842_first_order/seed012.probe.jsonl	/home/tatsu/n3lgrid/n3l_w2_A_lam0.03/side/f0.5000_th2.1000_vt0.3842_first_order//seed012.probe.jsonl
/home/tatsu/n3sel_view/n3l_w2_A_lam0.03/side/f0.5000_th2.1000_vt0.3842_first_order/seed008.answers.csv	/home/tatsu/n3lgrid/n3l_w2_A_lam0.03/side/f0.5000_th2.1000_vt0.3842_first_order//seed008.answers.csv
/home/tatsu/n3sel_view/n3l_w2_A_lam0.03/side/f0.5000_th2.1000_vt0.3842_first_order/seed012.shop.jsonl	/home/tatsu/n3lgrid/n3l_w2_A_lam0.03/side/f0.5000_th2.1000_vt0.3842_first_order//seed012.shop.jsonl
/home/tatsu/n3sel_view/n3l_w2_A_lam0.03/side/f0.5000_th2.1000_vt0.3842_first_order/seed004.probe.jsonl	/home/tatsu/n3lgrid/n3l_w2_A_lam0.03/side/f0.5000_th2.1000_vt0.3842_first_order//seed004.probe.jsonl
/home/tatsu/n3sel_view/n3l_w2_A_lam0.03/side/f0.5000_th2.1000_vt0.3842_first_order/seed015.answers.csv	/home/tatsu/n3lgrid/n3l_w2_A_lam0.03/side/f0.5000_th2.1000_vt0.3842_first_order//seed015.answers.csv
/home/tatsu/n3sel_view/n3l_w2_A_lam0.03/side/f0.5000_th2.1000_vt0.3842_first_order/seed005.ambig.csv	/home/tatsu/n3lgrid/n3l_w2_A_lam0.03/side/f0.5000_th2.1000_vt0.3842_first_order//seed005.ambig.csv
/home/tatsu/n3sel_view/n3l_w2_A_lam0.03/side/f0.5000_th2.1000_vt0.3842_first_order/seed006.shop.jsonl	/home/tatsu/n3lgrid/n3l_w2_A_lam0.03/side/f0.5000_th2.1000_vt0.3842_first_order//seed006.shop.jsonl
/home/tatsu/n3sel_view/n3l_w2_A_lam0.03/side/f0.5000_th2.1000_vt0.3842_first_order/seed007.shop.jsonl	/home/tatsu/n3lgrid/n3l_w2_A_lam0.03/side/f0.5000_th2.1000_vt0.3842_first_order//seed007.shop.jsonl
/home/tatsu/n3sel_view/n3l_w2_A_lam0.03/side/f0.5000_th2.1000_vt0.3842_first_order/seed010.probe.jsonl	/home/tatsu/n3lgrid/n3l_w2_A_lam0.03/side/f0.5000_th2.1000_vt0.3842_first_order//seed010.probe.jsonl
/home/tatsu/n3sel_view/n3l_w2_A_lam0.03/side/f0.5000_th2.1000_vt0.3842_first_order/seed007.ambig.csv	/home/tatsu/n3lgrid/n3l_w2_A_lam0.03/side/f0.5000_th2.1000_vt0.3842_first_order//seed007.ambig.csv
/home/tatsu/n3sel_view/n3l_w2_A_lam0.03/side/f0.5000_th2.1000_vt0.3842_first_order/seed020.probe.jsonl	/home/tatsu/n3lgrid/n3l_w2_A_lam0.03/side/f0.5000_th2.1000_vt0.3842_first_order//seed020.probe.jsonl
/home/tatsu/n3sel_view/n3l_w2_A_lam0.03/side/f0.5000_th2.1000_vt0.3842_first_order/seed014.probe.jsonl	/home/tatsu/n3lgrid/n3l_w2_A_lam0.03/side/f0.5000_th2.1000_vt0.3842_first_order//seed014.probe.jsonl
/home/tatsu/n3sel_view/n3l_w2_A_lam0.03/side/f0.5000_th2.1000_vt0.3842_first_order/seed014.ambig.csv	/home/tatsu/n3lgrid/n3l_w2_A_lam0.03/side/f0.5000_th2.1000_vt0.3842_first_order//seed014.ambig.csv
/home/tatsu/n3sel_view/n3l_w2_A_lam0.03/side/f0.5000_th2.1000_vt0.3842_first_order/seed012.answers.csv	/home/tatsu/n3lgrid/n3l_w2_A_lam0.03/side/f0.5000_th2.1000_vt0.3842_first_order//seed012.answers.csv
/home/tatsu/n3sel_view/n3l_w2_A_lam0.03/side/f0.5000_th2.1000_vt0.3842_first_order/seed016.ambig.csv	/home/tatsu/n3lgrid/n3l_w2_A_lam0.03/side/f0.5000_th2.1000_vt0.3842_first_order//seed016.ambig.csv
/home/tatsu/n3sel_view/n3l_w2_A_lam0.03/side/f0.5000_th2.1000_vt0.3842_first_order/seed013.answers.csv	/home/tatsu/n3lgrid/n3l_w2_A_lam0.03/side/f0.5000_th2.1000_vt0.3842_first_order//seed013.answers.csv
/home/tatsu/n3sel_view/n3l_w2_A_lam0.03/side/f0.5000_th2.1000_vt0.3842_first_order/seed014.answers.csv	/home/tatsu/n3lgrid/n3l_w2_A_lam0.03/side/f0.5000_th2.1000_vt0.3842_first_order//seed014.answers.csv
/home/tatsu/n3sel_view/n3l_w2_A_lam0.03/side/f0.5000_th2.1000_vt0.3842_first_order/seed019.ambig.csv	/home/tatsu/n3lgrid/n3l_w2_A_lam0.03/side/f0.5000_th2.1000_vt0.3842_first_order//seed019.ambig.csv
/home/tatsu/n3sel_view/n3l_w2_A_lam0.03/side/f0.5000_th2.1000_vt0.3842_first_order/seed017.answers.csv	/home/tatsu/n3lgrid/n3l_w2_A_lam0.03/side/f0.5000_th2.1000_vt0.3842_first_order//seed017.answers.csv
/home/tatsu/n3sel_view/n3l_w2_A_lam0.03/side/f0.5000_th2.1000_vt0.3842_first_order/seed009.answers.csv	/home/tatsu/n3lgrid/n3l_w2_A_lam0.03/side/f0.5000_th2.1000_vt0.3842_first_order//seed009.answers.csv
/home/tatsu/n3sel_view/n3l_w2_A_lam0.03/side/f0.5000_th2.1000_vt0.3842_first_order/seed015.ambig.csv	/home/tatsu/n3lgrid/n3l_w2_A_lam0.03/side/f0.5000_th2.1000_vt0.3842_first_order//seed015.ambig.csv
/home/tatsu/n3sel_view/n3l_w2_A_lam0.03/side/f0.5000_th2.1000_vt0.3842_first_order/seed010.shop.jsonl	/home/tatsu/n3lgrid/n3l_w2_A_lam0.03/side/f0.5000_th2.1000_vt0.3842_first_order//seed010.shop.jsonl
/home/tatsu/n3sel_view/n3l_w2_A_lam0.03/side/f0.5000_th2.1000_vt0.3842_first_order/seed001.probe.jsonl	/home/tatsu/n3lgrid/n3l_w2_A_lam0.03/side/f0.5000_th2.1000_vt0.3842_first_order//seed001.probe.jsonl
/home/tatsu/n3sel_view/n3l_w2_A_lam0.03/side/f0.5000_th2.1000_vt0.3842_first_order/seed015.shop.jsonl	/home/tatsu/n3lgrid/n3l_w2_A_lam0.03/side/f0.5000_th2.1000_vt0.3842_first_order//seed015.shop.jsonl
/home/tatsu/n3sel_view/n3l_w2_A_lam0.03/side/f0.5000_th2.1000_vt0.3842_first_order/seed018.probe.jsonl	/home/tatsu/n3lgrid/n3l_w2_A_lam0.03/side/f0.5000_th2.1000_vt0.3842_first_order//seed018.probe.jsonl
/home/tatsu/n3sel_view/n3l_w2_A_lam0.03/side/f0.5000_th2.1000_vt0.3842_first_order/seed020.answers.csv	/home/tatsu/n3lgrid/n3l_w2_A_lam0.03/side/f0.5000_th2.1000_vt0.3842_first_order//seed020.answers.csv
/home/tatsu/n3sel_view/n3l_w2_A_lam0.03/side/f0.5000_th2.1000_vt0.3842_first_order/seed010.answers.csv	/home/tatsu/n3lgrid/n3l_w2_A_lam0.03/side/f0.5000_th2.1000_vt0.3842_first_order//seed010.answers.csv
/home/tatsu/n3sel_view/n3l_w2_A_lam0.03/side/f0.5000_th2.1000_vt0.3842_first_order/seed005.answers.csv	/home/tatsu/n3lgrid/n3l_w2_A_lam0.03/side/f0.5000_th2.1000_vt0.3842_first_order//seed005.answers.csv
/home/tatsu/n3sel_view/n3l_w2_A_lam0.03/side/f0.5000_th2.1000_vt0.3842_first_order/seed011.probe.jsonl	/home/tatsu/n3lgrid/n3l_w2_A_lam0.03/side/f0.5000_th2.1000_vt0.3842_first_order//seed011.probe.jsonl
/home/tatsu/n3sel_view/n3l_w2_A_lam0.03/side/f0.5000_th2.1000_vt0.3842_first_order/seed017.shop.jsonl	/home/tatsu/n3lgrid/n3l_w2_A_lam0.03/side/f0.5000_th2.1000_vt0.3842_first_order//seed017.shop.jsonl
/home/tatsu/n3sel_view/n3l_w2_A_lam0.03/side/f0.5000_th2.1000_vt0.3842_first_order/seed002.ambig.csv	/home/tatsu/n3lgrid/n3l_w2_A_lam0.03/side/f0.5000_th2.1000_vt0.3842_first_order//seed002.ambig.csv
/home/tatsu/n3sel_view/n3l_w2_A_lam0.03/side/f0.5000_th2.1000_vt0.3842_first_order/seed020.ambig.csv	/home/tatsu/n3lgrid/n3l_w2_A_lam0.03/side/f0.5000_th2.1000_vt0.3842_first_order//seed020.ambig.csv
/home/tatsu/n3sel_view/n3l_w2_A_lam0.03/side/f0.5000_th2.1000_vt0.3842_first_order/seed017.ambig.csv	/home/tatsu/n3lgrid/n3l_w2_A_lam0.03/side/f0.5000_th2.1000_vt0.3842_first_order//seed017.ambig.csv
/home/tatsu/n3sel_view/n3l_w2_A_lam0.03/side/f0.5000_th2.1000_vt0.3842_first_order/seed005.shop.jsonl	/home/tatsu/n3lgrid/n3l_w2_A_lam0.03/side/f0.5000_th2.1000_vt0.3842_first_order//seed005.shop.jsonl
/home/tatsu/n3sel_view/n3l_w2_A_lam0.03/side/f0.5000_th2.1000_vt0.3842_first_order/seed018.shop.jsonl	/home/tatsu/n3lgrid/n3l_w2_A_lam0.03/side/f0.5000_th2.1000_vt0.3842_first_order//seed018.shop.jsonl
/home/tatsu/n3sel_view/n3l_w2_A_lam0.03/side/f0.5000_th2.1000_vt0.3842_first_order/seed002.shop.jsonl	/home/tatsu/n3lgrid/n3l_w2_A_lam0.03/side/f0.5000_th2.1000_vt0.3842_first_order//seed002.shop.jsonl
/home/tatsu/n3sel_view/n3l_w2_A_lam0.03/side/f0.5000_th2.1000_vt0.3842_first_order/seed017.probe.jsonl	/home/tatsu/n3lgrid/n3l_w2_A_lam0.03/side/f0.5000_th2.1000_vt0.3842_first_order//seed017.probe.jsonl
/home/tatsu/n3sel_view/n3l_w2_A_lam0.03/side/f0.5000_th2.1000_vt0.3842_first_order/seed010.ambig.csv	/home/tatsu/n3lgrid/n3l_w2_A_lam0.03/side/f0.5000_th2.1000_vt0.3842_first_order//seed010.ambig.csv
/home/tatsu/n3sel_view/n3l_w2_A_lam0.03/side/f0.5000_th2.1000_vt0.3842_first_order/seed009.probe.jsonl	/home/tatsu/n3lgrid/n3l_w2_A_lam0.03/side/f0.5000_th2.1000_vt0.3842_first_order//seed009.probe.jsonl
/home/tatsu/n3sel_view/n3l_w2_A_lam0.03/side/f0.5000_th2.1000_vt0.3842_first_order/seed015.probe.jsonl	/home/tatsu/n3lgrid/n3l_w2_A_lam0.03/side/f0.5000_th2.1000_vt0.3842_first_order//seed015.probe.jsonl
/home/tatsu/n3sel_view/n3l_w2_A_lam0.03/side/f0.5000_th2.1000_vt0.3842_first_order/seed006.ambig.csv	/home/tatsu/n3lgrid/n3l_w2_A_lam0.03/side/f0.5000_th2.1000_vt0.3842_first_order//seed006.ambig.csv
/home/tatsu/n3sel_view/n3l_w2_A_lam0.03/side/f0.5000_th2.1000_vt0.3842_first_order/seed009.ambig.csv	/home/tatsu/n3lgrid/n3l_w2_A_lam0.03/side/f0.5000_th2.1000_vt0.3842_first_order//seed009.ambig.csv
/home/tatsu/n3sel_view/n3l_w2_A_lam0.03/side/f0.5000_th2.1000_vt0.3842_first_order/seed001.answers.csv	/home/tatsu/n3lgrid/n3l_w2_A_lam0.03/side/f0.5000_th2.1000_vt0.3842_first_order//seed001.answers.csv
/home/tatsu/n3sel_view/n3l_w2_A_lam0.03/side/f0.5000_th2.1000_vt0.3842_first_order/seed011.ambig.csv	/home/tatsu/n3lgrid/n3l_w2_A_lam0.03/side/f0.5000_th2.1000_vt0.3842_first_order//seed011.ambig.csv
/home/tatsu/n3sel_view/n3l_w2_A_lam0.03/side/f0.5000_th2.1000_vt0.3842_first_order/seed006.answers.csv	/home/tatsu/n3lgrid/n3l_w2_A_lam0.03/side/f0.5000_th2.1000_vt0.3842_first_order//seed006.answers.csv
/home/tatsu/n3sel_view/n3l_w2_A_lam0.03/side/f0.5000_th2.1000_vt0.3842_first_order/seed012.ambig.csv	/home/tatsu/n3lgrid/n3l_w2_A_lam0.03/side/f0.5000_th2.1000_vt0.3842_first_order//seed012.ambig.csv
/home/tatsu/n3sel_view/n3l_w2_A_lam0.03/side/f0.5000_th2.1000_vt0.3842_first_order/seed018.answers.csv	/home/tatsu/n3lgrid/n3l_w2_A_lam0.03/side/f0.5000_th2.1000_vt0.3842_first_order//seed018.answers.csv
/home/tatsu/n3sel_view/n3l_w2_A_lam0.03/side/f0.5000_th2.1000_vt0.3842_first_order/seed005.probe.jsonl	/home/tatsu/n3lgrid/n3l_w2_A_lam0.03/side/f0.5000_th2.1000_vt0.3842_first_order//seed005.probe.jsonl
/home/tatsu/n3sel_view/n3l_w2_A_lam0.03/side/f0.5000_th2.1000_vt0.3842_first_order/seed007.probe.jsonl	/home/tatsu/n3lgrid/n3l_w2_A_lam0.03/side/f0.5000_th2.1000_vt0.3842_first_order//seed007.probe.jsonl
/home/tatsu/n3sel_view/n3l_w2_A_lam0.03/side/f0.5000_th2.1000_vt0.3842_first_order/seed013.probe.jsonl	/home/tatsu/n3lgrid/n3l_w2_A_lam0.03/side/f0.5000_th2.1000_vt0.3842_first_order//seed013.probe.jsonl
/home/tatsu/n3sel_view/n3l_w2_A_lam0.03/side/f0.5000_th2.1000_vt0.3842_first_order/seed014.shop.jsonl	/home/tatsu/n3lgrid/n3l_w2_A_lam0.03/side/f0.5000_th2.1000_vt0.3842_first_order//seed014.shop.jsonl
/home/tatsu/n3sel_view/n3l_w2_A_lam0.03/side/f0.5000_th2.1000_vt0.3842_first_order/seed008.probe.jsonl	/home/tatsu/n3lgrid/n3l_w2_A_lam0.03/side/f0.5000_th2.1000_vt0.3842_first_order//seed008.probe.jsonl
/home/tatsu/n3sel_view/n3l_w2_A_lam0.03/side/f0.5000_th2.1000_vt0.3842_first_order/seed019.shop.jsonl	/home/tatsu/n3lgrid/n3l_w2_A_lam0.03/side/f0.5000_th2.1000_vt0.3842_first_order//seed019.shop.jsonl
/home/tatsu/n3sel_view/n3l_w2_A_lam0.03/side/f0.5000_th2.1000_vt0.3842_first_order/seed019.answers.csv	/home/tatsu/n3lgrid/n3l_w2_A_lam0.03/side/f0.5000_th2.1000_vt0.3842_first_order//seed019.answers.csv
/home/tatsu/n3sel_view/n3l_w2_A_lam0.03/side/f0.5000_th2.1000_vt0.3842_first_order/seed016.probe.jsonl	/home/tatsu/n3lgrid/n3l_w2_A_lam0.03/side/f0.5000_th2.1000_vt0.3842_first_order//seed016.probe.jsonl
/home/tatsu/n3sel_view/n3l_w2_A_lam0.03/side/f0.5000_th2.1000_vt0.3842_first_order/seed011.answers.csv	/home/tatsu/n3lgrid/n3l_w2_A_lam0.03/side/f0.5000_th2.1000_vt0.3842_first_order//seed011.answers.csv
/home/tatsu/n3sel_view/n3l_w2_A_lam0.03/side/f0.5000_th2.1000_vt0.3842_first_order/seed003.probe.jsonl	/home/tatsu/n3lgrid/n3l_w2_A_lam0.03/side/f0.5000_th2.1000_vt0.3842_first_order//seed003.probe.jsonl
/home/tatsu/n3sel_view/n3l_w2_A_lam0.03/side/f0.5000_th2.1000_vt0.3842_first_order/seed008.shop.jsonl	/home/tatsu/n3lgrid/n3l_w2_A_lam0.03/side/f0.5000_th2.1000_vt0.3842_first_order//seed008.shop.jsonl
/home/tatsu/n3sel_view/n3l_w2_A_lam0.03/side/f0.5000_th2.1000_vt0.3842_first_order/seed002.answers.csv	/home/tatsu/n3lgrid/n3l_w2_A_lam0.03/side/f0.5000_th2.1000_vt0.3842_first_order//seed002.answers.csv
/home/tatsu/n3sel_view/n3l_w2_A_lam0.03/side/f0.5000_th2.1000_vt0.3842_first_order/seed001.ambig.csv	/home/tatsu/n3lgrid/n3l_w2_A_lam0.03/side/f0.5000_th2.1000_vt0.3842_first_order//seed001.ambig.csv
/home/tatsu/n3sel_view/n3l_w2_A_lam0.03/side/f0.5000_th2.1000_vt0.3842_first_order/seed004.shop.jsonl	/home/tatsu/n3lgrid/n3l_w2_A_lam0.03/side/f0.5000_th2.1000_vt0.3842_first_order//seed004.shop.jsonl
/home/tatsu/n3sel_view/n3l_w2_A_lam0.03/side/f0.5000_th2.1000_vt0.3842_first_order/seed004.ambig.csv	/home/tatsu/n3lgrid/n3l_w2_A_lam0.03/side/f0.5000_th2.1000_vt0.3842_first_order//seed004.ambig.csv
/home/tatsu/n3sel_view/n3l_w2_A_lam0.03/side/f0.5000_th2.1000_vt0.3842_first_order/seed003.answers.csv	/home/tatsu/n3lgrid/n3l_w2_A_lam0.03/side/f0.5000_th2.1000_vt0.3842_first_order//seed003.answers.csv
/home/tatsu/n3sel_view/n3l_w2_A_lam0.03/side/f0.5000_th2.1000_vt0.3842_first_order/seed016.answers.csv	/home/tatsu/n3lgrid/n3l_w2_A_lam0.03/side/f0.5000_th2.1000_vt0.3842_first_order//seed016.answers.csv
/home/tatsu/n3sel_view/n3l_w2_A_lam0.03/side/f0.5000_th2.1000_vt0.3842_first_order/seed007.answers.csv	/home/tatsu/n3lgrid/n3l_w2_A_lam0.03/side/f0.5000_th2.1000_vt0.3842_first_order//seed007.answers.csv
/home/tatsu/n3sel_view/n3l_w2_A_lam0.03/side/f0.5000_th2.1000_vt0.3842_first_order/seed009.shop.jsonl	/home/tatsu/n3lgrid/n3l_w2_A_lam0.03/side/f0.5000_th2.1000_vt0.3842_first_order//seed009.shop.jsonl
/home/tatsu/n3sel_view/n3l_w2_A_lam0.03/side/f0.5000_th2.1000_vt0.3842_first_order/seed002.probe.jsonl	/home/tatsu/n3lgrid/n3l_w2_A_lam0.03/side/f0.5000_th2.1000_vt0.3842_first_order//seed002.probe.jsonl
/home/tatsu/n3sel_view/n3l_w2_A_lam0.03/side/f0.5000_th2.1000_vt0.3842_first_order/seed018.ambig.csv	/home/tatsu/n3lgrid/n3l_w2_A_lam0.03/side/f0.5000_th2.1000_vt0.3842_first_order//seed018.ambig.csv
/home/tatsu/n3sel_view/n3l_w2_C_lam0.065/ledgers	/home/tatsu/n3lgrid/n3l_w2_C_lam0.065/ledgers
/home/tatsu/n3sel_view/n3l_w2_C_lam0.065/side/f0.5000_th2.1000_vt0.3842_first_order/seed003.shop.jsonl	/home/tatsu/n3lgrid/n3l_w2_C_lam0.065/side/f0.5000_th2.1000_vt0.3842_first_order//seed003.shop.jsonl
/home/tatsu/n3sel_view/n3l_w2_C_lam0.065/side/f0.5000_th2.1000_vt0.3842_first_order/seed011.shop.jsonl	/home/tatsu/n3lgrid/n3l_w2_C_lam0.065/side/f0.5000_th2.1000_vt0.3842_first_order//seed011.shop.jsonl
/home/tatsu/n3sel_view/n3l_w2_C_lam0.065/side/f0.5000_th2.1000_vt0.3842_first_order/seed020.shop.jsonl	/home/tatsu/n3lgrid/n3l_w2_C_lam0.065/side/f0.5000_th2.1000_vt0.3842_first_order//seed020.shop.jsonl
/home/tatsu/n3sel_view/n3l_w2_C_lam0.065/side/f0.5000_th2.1000_vt0.3842_first_order/seed008.ambig.csv	/home/tatsu/n3lgrid/n3l_w2_C_lam0.065/side/f0.5000_th2.1000_vt0.3842_first_order//seed008.ambig.csv
/home/tatsu/n3sel_view/n3l_w2_C_lam0.065/side/f0.5000_th2.1000_vt0.3842_first_order/seed003.ambig.csv	/home/tatsu/n3lgrid/n3l_w2_C_lam0.065/side/f0.5000_th2.1000_vt0.3842_first_order//seed003.ambig.csv
/home/tatsu/n3sel_view/n3l_w2_C_lam0.065/side/f0.5000_th2.1000_vt0.3842_first_order/seed013.ambig.csv	/home/tatsu/n3lgrid/n3l_w2_C_lam0.065/side/f0.5000_th2.1000_vt0.3842_first_order//seed013.ambig.csv
/home/tatsu/n3sel_view/n3l_w2_C_lam0.065/side/f0.5000_th2.1000_vt0.3842_first_order/seed004.answers.csv	/home/tatsu/n3lgrid/n3l_w2_C_lam0.065/side/f0.5000_th2.1000_vt0.3842_first_order//seed004.answers.csv
/home/tatsu/n3sel_view/n3l_w2_C_lam0.065/side/f0.5000_th2.1000_vt0.3842_first_order/seed019.probe.jsonl	/home/tatsu/n3lgrid/n3l_w2_C_lam0.065/side/f0.5000_th2.1000_vt0.3842_first_order//seed019.probe.jsonl
/home/tatsu/n3sel_view/n3l_w2_C_lam0.065/side/f0.5000_th2.1000_vt0.3842_first_order/seed001.shop.jsonl	/home/tatsu/n3lgrid/n3l_w2_C_lam0.065/side/f0.5000_th2.1000_vt0.3842_first_order//seed001.shop.jsonl
/home/tatsu/n3sel_view/n3l_w2_C_lam0.065/side/f0.5000_th2.1000_vt0.3842_first_order/seed016.shop.jsonl	/home/tatsu/n3lgrid/n3l_w2_C_lam0.065/side/f0.5000_th2.1000_vt0.3842_first_order//seed016.shop.jsonl
/home/tatsu/n3sel_view/n3l_w2_C_lam0.065/side/f0.5000_th2.1000_vt0.3842_first_order/seed006.probe.jsonl	/home/tatsu/n3lgrid/n3l_w2_C_lam0.065/side/f0.5000_th2.1000_vt0.3842_first_order//seed006.probe.jsonl
/home/tatsu/n3sel_view/n3l_w2_C_lam0.065/side/f0.5000_th2.1000_vt0.3842_first_order/seed013.shop.jsonl	/home/tatsu/n3lgrid/n3l_w2_C_lam0.065/side/f0.5000_th2.1000_vt0.3842_first_order//seed013.shop.jsonl
/home/tatsu/n3sel_view/n3l_w2_C_lam0.065/side/f0.5000_th2.1000_vt0.3842_first_order/seed012.probe.jsonl	/home/tatsu/n3lgrid/n3l_w2_C_lam0.065/side/f0.5000_th2.1000_vt0.3842_first_order//seed012.probe.jsonl
/home/tatsu/n3sel_view/n3l_w2_C_lam0.065/side/f0.5000_th2.1000_vt0.3842_first_order/seed008.answers.csv	/home/tatsu/n3lgrid/n3l_w2_C_lam0.065/side/f0.5000_th2.1000_vt0.3842_first_order//seed008.answers.csv
/home/tatsu/n3sel_view/n3l_w2_C_lam0.065/side/f0.5000_th2.1000_vt0.3842_first_order/seed012.shop.jsonl	/home/tatsu/n3lgrid/n3l_w2_C_lam0.065/side/f0.5000_th2.1000_vt0.3842_first_order//seed012.shop.jsonl
/home/tatsu/n3sel_view/n3l_w2_C_lam0.065/side/f0.5000_th2.1000_vt0.3842_first_order/seed004.probe.jsonl	/home/tatsu/n3lgrid/n3l_w2_C_lam0.065/side/f0.5000_th2.1000_vt0.3842_first_order//seed004.probe.jsonl
/home/tatsu/n3sel_view/n3l_w2_C_lam0.065/side/f0.5000_th2.1000_vt0.3842_first_order/seed015.answers.csv	/home/tatsu/n3lgrid/n3l_w2_C_lam0.065/side/f0.5000_th2.1000_vt0.3842_first_order//seed015.answers.csv
/home/tatsu/n3sel_view/n3l_w2_C_lam0.065/side/f0.5000_th2.1000_vt0.3842_first_order/seed005.ambig.csv	/home/tatsu/n3lgrid/n3l_w2_C_lam0.065/side/f0.5000_th2.1000_vt0.3842_first_order//seed005.ambig.csv
/home/tatsu/n3sel_view/n3l_w2_C_lam0.065/side/f0.5000_th2.1000_vt0.3842_first_order/seed006.shop.jsonl	/home/tatsu/n3lgrid/n3l_w2_C_lam0.065/side/f0.5000_th2.1000_vt0.3842_first_order//seed006.shop.jsonl
/home/tatsu/n3sel_view/n3l_w2_C_lam0.065/side/f0.5000_th2.1000_vt0.3842_first_order/seed007.shop.jsonl	/home/tatsu/n3lgrid/n3l_w2_C_lam0.065/side/f0.5000_th2.1000_vt0.3842_first_order//seed007.shop.jsonl
/home/tatsu/n3sel_view/n3l_w2_C_lam0.065/side/f0.5000_th2.1000_vt0.3842_first_order/seed010.probe.jsonl	/home/tatsu/n3lgrid/n3l_w2_C_lam0.065/side/f0.5000_th2.1000_vt0.3842_first_order//seed010.probe.jsonl
/home/tatsu/n3sel_view/n3l_w2_C_lam0.065/side/f0.5000_th2.1000_vt0.3842_first_order/seed007.ambig.csv	/home/tatsu/n3lgrid/n3l_w2_C_lam0.065/side/f0.5000_th2.1000_vt0.3842_first_order//seed007.ambig.csv
/home/tatsu/n3sel_view/n3l_w2_C_lam0.065/side/f0.5000_th2.1000_vt0.3842_first_order/seed020.probe.jsonl	/home/tatsu/n3lgrid/n3l_w2_C_lam0.065/side/f0.5000_th2.1000_vt0.3842_first_order//seed020.probe.jsonl
/home/tatsu/n3sel_view/n3l_w2_C_lam0.065/side/f0.5000_th2.1000_vt0.3842_first_order/seed014.probe.jsonl	/home/tatsu/n3lgrid/n3l_w2_C_lam0.065/side/f0.5000_th2.1000_vt0.3842_first_order//seed014.probe.jsonl
/home/tatsu/n3sel_view/n3l_w2_C_lam0.065/side/f0.5000_th2.1000_vt0.3842_first_order/seed014.ambig.csv	/home/tatsu/n3lgrid/n3l_w2_C_lam0.065/side/f0.5000_th2.1000_vt0.3842_first_order//seed014.ambig.csv
/home/tatsu/n3sel_view/n3l_w2_C_lam0.065/side/f0.5000_th2.1000_vt0.3842_first_order/seed012.answers.csv	/home/tatsu/n3lgrid/n3l_w2_C_lam0.065/side/f0.5000_th2.1000_vt0.3842_first_order//seed012.answers.csv
/home/tatsu/n3sel_view/n3l_w2_C_lam0.065/side/f0.5000_th2.1000_vt0.3842_first_order/seed016.ambig.csv	/home/tatsu/n3lgrid/n3l_w2_C_lam0.065/side/f0.5000_th2.1000_vt0.3842_first_order//seed016.ambig.csv
/home/tatsu/n3sel_view/n3l_w2_C_lam0.065/side/f0.5000_th2.1000_vt0.3842_first_order/seed013.answers.csv	/home/tatsu/n3lgrid/n3l_w2_C_lam0.065/side/f0.5000_th2.1000_vt0.3842_first_order//seed013.answers.csv
/home/tatsu/n3sel_view/n3l_w2_C_lam0.065/side/f0.5000_th2.1000_vt0.3842_first_order/seed014.answers.csv	/home/tatsu/n3lgrid/n3l_w2_C_lam0.065/side/f0.5000_th2.1000_vt0.3842_first_order//seed014.answers.csv
/home/tatsu/n3sel_view/n3l_w2_C_lam0.065/side/f0.5000_th2.1000_vt0.3842_first_order/seed019.ambig.csv	/home/tatsu/n3lgrid/n3l_w2_C_lam0.065/side/f0.5000_th2.1000_vt0.3842_first_order//seed019.ambig.csv
/home/tatsu/n3sel_view/n3l_w2_C_lam0.065/side/f0.5000_th2.1000_vt0.3842_first_order/seed017.answers.csv	/home/tatsu/n3lgrid/n3l_w2_C_lam0.065/side/f0.5000_th2.1000_vt0.3842_first_order//seed017.answers.csv
/home/tatsu/n3sel_view/n3l_w2_C_lam0.065/side/f0.5000_th2.1000_vt0.3842_first_order/seed009.answers.csv	/home/tatsu/n3lgrid/n3l_w2_C_lam0.065/side/f0.5000_th2.1000_vt0.3842_first_order//seed009.answers.csv
/home/tatsu/n3sel_view/n3l_w2_C_lam0.065/side/f0.5000_th2.1000_vt0.3842_first_order/seed015.ambig.csv	/home/tatsu/n3lgrid/n3l_w2_C_lam0.065/side/f0.5000_th2.1000_vt0.3842_first_order//seed015.ambig.csv
/home/tatsu/n3sel_view/n3l_w2_C_lam0.065/side/f0.5000_th2.1000_vt0.3842_first_order/seed010.shop.jsonl	/home/tatsu/n3lgrid/n3l_w2_C_lam0.065/side/f0.5000_th2.1000_vt0.3842_first_order//seed010.shop.jsonl
/home/tatsu/n3sel_view/n3l_w2_C_lam0.065/side/f0.5000_th2.1000_vt0.3842_first_order/seed001.probe.jsonl	/home/tatsu/n3lgrid/n3l_w2_C_lam0.065/side/f0.5000_th2.1000_vt0.3842_first_order//seed001.probe.jsonl
/home/tatsu/n3sel_view/n3l_w2_C_lam0.065/side/f0.5000_th2.1000_vt0.3842_first_order/seed015.shop.jsonl	/home/tatsu/n3lgrid/n3l_w2_C_lam0.065/side/f0.5000_th2.1000_vt0.3842_first_order//seed015.shop.jsonl
/home/tatsu/n3sel_view/n3l_w2_C_lam0.065/side/f0.5000_th2.1000_vt0.3842_first_order/seed018.probe.jsonl	/home/tatsu/n3lgrid/n3l_w2_C_lam0.065/side/f0.5000_th2.1000_vt0.3842_first_order//seed018.probe.jsonl
/home/tatsu/n3sel_view/n3l_w2_C_lam0.065/side/f0.5000_th2.1000_vt0.3842_first_order/seed020.answers.csv	/home/tatsu/n3lgrid/n3l_w2_C_lam0.065/side/f0.5000_th2.1000_vt0.3842_first_order//seed020.answers.csv
/home/tatsu/n3sel_view/n3l_w2_C_lam0.065/side/f0.5000_th2.1000_vt0.3842_first_order/seed010.answers.csv	/home/tatsu/n3lgrid/n3l_w2_C_lam0.065/side/f0.5000_th2.1000_vt0.3842_first_order//seed010.answers.csv
/home/tatsu/n3sel_view/n3l_w2_C_lam0.065/side/f0.5000_th2.1000_vt0.3842_first_order/seed005.answers.csv	/home/tatsu/n3lgrid/n3l_w2_C_lam0.065/side/f0.5000_th2.1000_vt0.3842_first_order//seed005.answers.csv
/home/tatsu/n3sel_view/n3l_w2_C_lam0.065/side/f0.5000_th2.1000_vt0.3842_first_order/seed011.probe.jsonl	/home/tatsu/n3lgrid/n3l_w2_C_lam0.065/side/f0.5000_th2.1000_vt0.3842_first_order//seed011.probe.jsonl
/home/tatsu/n3sel_view/n3l_w2_C_lam0.065/side/f0.5000_th2.1000_vt0.3842_first_order/seed017.shop.jsonl	/home/tatsu/n3lgrid/n3l_w2_C_lam0.065/side/f0.5000_th2.1000_vt0.3842_first_order//seed017.shop.jsonl
/home/tatsu/n3sel_view/n3l_w2_C_lam0.065/side/f0.5000_th2.1000_vt0.3842_first_order/seed002.ambig.csv	/home/tatsu/n3lgrid/n3l_w2_C_lam0.065/side/f0.5000_th2.1000_vt0.3842_first_order//seed002.ambig.csv
/home/tatsu/n3sel_view/n3l_w2_C_lam0.065/side/f0.5000_th2.1000_vt0.3842_first_order/seed020.ambig.csv	/home/tatsu/n3lgrid/n3l_w2_C_lam0.065/side/f0.5000_th2.1000_vt0.3842_first_order//seed020.ambig.csv
/home/tatsu/n3sel_view/n3l_w2_C_lam0.065/side/f0.5000_th2.1000_vt0.3842_first_order/seed017.ambig.csv	/home/tatsu/n3lgrid/n3l_w2_C_lam0.065/side/f0.5000_th2.1000_vt0.3842_first_order//seed017.ambig.csv
/home/tatsu/n3sel_view/n3l_w2_C_lam0.065/side/f0.5000_th2.1000_vt0.3842_first_order/seed005.shop.jsonl	/home/tatsu/n3lgrid/n3l_w2_C_lam0.065/side/f0.5000_th2.1000_vt0.3842_first_order//seed005.shop.jsonl
/home/tatsu/n3sel_view/n3l_w2_C_lam0.065/side/f0.5000_th2.1000_vt0.3842_first_order/seed018.shop.jsonl	/home/tatsu/n3lgrid/n3l_w2_C_lam0.065/side/f0.5000_th2.1000_vt0.3842_first_order//seed018.shop.jsonl
/home/tatsu/n3sel_view/n3l_w2_C_lam0.065/side/f0.5000_th2.1000_vt0.3842_first_order/seed002.shop.jsonl	/home/tatsu/n3lgrid/n3l_w2_C_lam0.065/side/f0.5000_th2.1000_vt0.3842_first_order//seed002.shop.jsonl
/home/tatsu/n3sel_view/n3l_w2_C_lam0.065/side/f0.5000_th2.1000_vt0.3842_first_order/seed017.probe.jsonl	/home/tatsu/n3lgrid/n3l_w2_C_lam0.065/side/f0.5000_th2.1000_vt0.3842_first_order//seed017.probe.jsonl
/home/tatsu/n3sel_view/n3l_w2_C_lam0.065/side/f0.5000_th2.1000_vt0.3842_first_order/seed010.ambig.csv	/home/tatsu/n3lgrid/n3l_w2_C_lam0.065/side/f0.5000_th2.1000_vt0.3842_first_order//seed010.ambig.csv
/home/tatsu/n3sel_view/n3l_w2_C_lam0.065/side/f0.5000_th2.1000_vt0.3842_first_order/seed009.probe.jsonl	/home/tatsu/n3lgrid/n3l_w2_C_lam0.065/side/f0.5000_th2.1000_vt0.3842_first_order//seed009.probe.jsonl
/home/tatsu/n3sel_view/n3l_w2_C_lam0.065/side/f0.5000_th2.1000_vt0.3842_first_order/seed015.probe.jsonl	/home/tatsu/n3lgrid/n3l_w2_C_lam0.065/side/f0.5000_th2.1000_vt0.3842_first_order//seed015.probe.jsonl
/home/tatsu/n3sel_view/n3l_w2_C_lam0.065/side/f0.5000_th2.1000_vt0.3842_first_order/seed006.ambig.csv	/home/tatsu/n3lgrid/n3l_w2_C_lam0.065/side/f0.5000_th2.1000_vt0.3842_first_order//seed006.ambig.csv
/home/tatsu/n3sel_view/n3l_w2_C_lam0.065/side/f0.5000_th2.1000_vt0.3842_first_order/seed009.ambig.csv	/home/tatsu/n3lgrid/n3l_w2_C_lam0.065/side/f0.5000_th2.1000_vt0.3842_first_order//seed009.ambig.csv
/home/tatsu/n3sel_view/n3l_w2_C_lam0.065/side/f0.5000_th2.1000_vt0.3842_first_order/seed001.answers.csv	/home/tatsu/n3lgrid/n3l_w2_C_lam0.065/side/f0.5000_th2.1000_vt0.3842_first_order//seed001.answers.csv
/home/tatsu/n3sel_view/n3l_w2_C_lam0.065/side/f0.5000_th2.1000_vt0.3842_first_order/seed011.ambig.csv	/home/tatsu/n3lgrid/n3l_w2_C_lam0.065/side/f0.5000_th2.1000_vt0.3842_first_order//seed011.ambig.csv
/home/tatsu/n3sel_view/n3l_w2_C_lam0.065/side/f0.5000_th2.1000_vt0.3842_first_order/seed006.answers.csv	/home/tatsu/n3lgrid/n3l_w2_C_lam0.065/side/f0.5000_th2.1000_vt0.3842_first_order//seed006.answers.csv
/home/tatsu/n3sel_view/n3l_w2_C_lam0.065/side/f0.5000_th2.1000_vt0.3842_first_order/seed012.ambig.csv	/home/tatsu/n3lgrid/n3l_w2_C_lam0.065/side/f0.5000_th2.1000_vt0.3842_first_order//seed012.ambig.csv
/home/tatsu/n3sel_view/n3l_w2_C_lam0.065/side/f0.5000_th2.1000_vt0.3842_first_order/seed018.answers.csv	/home/tatsu/n3lgrid/n3l_w2_C_lam0.065/side/f0.5000_th2.1000_vt0.3842_first_order//seed018.answers.csv
/home/tatsu/n3sel_view/n3l_w2_C_lam0.065/side/f0.5000_th2.1000_vt0.3842_first_order/seed005.probe.jsonl	/home/tatsu/n3lgrid/n3l_w2_C_lam0.065/side/f0.5000_th2.1000_vt0.3842_first_order//seed005.probe.jsonl
/home/tatsu/n3sel_view/n3l_w2_C_lam0.065/side/f0.5000_th2.1000_vt0.3842_first_order/seed007.probe.jsonl	/home/tatsu/n3lgrid/n3l_w2_C_lam0.065/side/f0.5000_th2.1000_vt0.3842_first_order//seed007.probe.jsonl
/home/tatsu/n3sel_view/n3l_w2_C_lam0.065/side/f0.5000_th2.1000_vt0.3842_first_order/seed013.probe.jsonl	/home/tatsu/n3lgrid/n3l_w2_C_lam0.065/side/f0.5000_th2.1000_vt0.3842_first_order//seed013.probe.jsonl
/home/tatsu/n3sel_view/n3l_w2_C_lam0.065/side/f0.5000_th2.1000_vt0.3842_first_order/seed014.shop.jsonl	/home/tatsu/n3lgrid/n3l_w2_C_lam0.065/side/f0.5000_th2.1000_vt0.3842_first_order//seed014.shop.jsonl
/home/tatsu/n3sel_view/n3l_w2_C_lam0.065/side/f0.5000_th2.1000_vt0.3842_first_order/seed008.probe.jsonl	/home/tatsu/n3lgrid/n3l_w2_C_lam0.065/side/f0.5000_th2.1000_vt0.3842_first_order//seed008.probe.jsonl
/home/tatsu/n3sel_view/n3l_w2_C_lam0.065/side/f0.5000_th2.1000_vt0.3842_first_order/seed019.shop.jsonl	/home/tatsu/n3lgrid/n3l_w2_C_lam0.065/side/f0.5000_th2.1000_vt0.3842_first_order//seed019.shop.jsonl
/home/tatsu/n3sel_view/n3l_w2_C_lam0.065/side/f0.5000_th2.1000_vt0.3842_first_order/seed019.answers.csv	/home/tatsu/n3lgrid/n3l_w2_C_lam0.065/side/f0.5000_th2.1000_vt0.3842_first_order//seed019.answers.csv
/home/tatsu/n3sel_view/n3l_w2_C_lam0.065/side/f0.5000_th2.1000_vt0.3842_first_order/seed016.probe.jsonl	/home/tatsu/n3lgrid/n3l_w2_C_lam0.065/side/f0.5000_th2.1000_vt0.3842_first_order//seed016.probe.jsonl
/home/tatsu/n3sel_view/n3l_w2_C_lam0.065/side/f0.5000_th2.1000_vt0.3842_first_order/seed011.answers.csv	/home/tatsu/n3lgrid/n3l_w2_C_lam0.065/side/f0.5000_th2.1000_vt0.3842_first_order//seed011.answers.csv
/home/tatsu/n3sel_view/n3l_w2_C_lam0.065/side/f0.5000_th2.1000_vt0.3842_first_order/seed003.probe.jsonl	/home/tatsu/n3lgrid/n3l_w2_C_lam0.065/side/f0.5000_th2.1000_vt0.3842_first_order//seed003.probe.jsonl
/home/tatsu/n3sel_view/n3l_w2_C_lam0.065/side/f0.5000_th2.1000_vt0.3842_first_order/seed008.shop.jsonl	/home/tatsu/n3lgrid/n3l_w2_C_lam0.065/side/f0.5000_th2.1000_vt0.3842_first_order//seed008.shop.jsonl
/home/tatsu/n3sel_view/n3l_w2_C_lam0.065/side/f0.5000_th2.1000_vt0.3842_first_order/seed002.answers.csv	/home/tatsu/n3lgrid/n3l_w2_C_lam0.065/side/f0.5000_th2.1000_vt0.3842_first_order//seed002.answers.csv
/home/tatsu/n3sel_view/n3l_w2_C_lam0.065/side/f0.5000_th2.1000_vt0.3842_first_order/seed001.ambig.csv	/home/tatsu/n3lgrid/n3l_w2_C_lam0.065/side/f0.5000_th2.1000_vt0.3842_first_order//seed001.ambig.csv
/home/tatsu/n3sel_view/n3l_w2_C_lam0.065/side/f0.5000_th2.1000_vt0.3842_first_order/seed004.shop.jsonl	/home/tatsu/n3lgrid/n3l_w2_C_lam0.065/side/f0.5000_th2.1000_vt0.3842_first_order//seed004.shop.jsonl
/home/tatsu/n3sel_view/n3l_w2_C_lam0.065/side/f0.5000_th2.1000_vt0.3842_first_order/seed004.ambig.csv	/home/tatsu/n3lgrid/n3l_w2_C_lam0.065/side/f0.5000_th2.1000_vt0.3842_first_order//seed004.ambig.csv
/home/tatsu/n3sel_view/n3l_w2_C_lam0.065/side/f0.5000_th2.1000_vt0.3842_first_order/seed003.answers.csv	/home/tatsu/n3lgrid/n3l_w2_C_lam0.065/side/f0.5000_th2.1000_vt0.3842_first_order//seed003.answers.csv
/home/tatsu/n3sel_view/n3l_w2_C_lam0.065/side/f0.5000_th2.1000_vt0.3842_first_order/seed016.answers.csv	/home/tatsu/n3lgrid/n3l_w2_C_lam0.065/side/f0.5000_th2.1000_vt0.3842_first_order//seed016.answers.csv
/home/tatsu/n3sel_view/n3l_w2_C_lam0.065/side/f0.5000_th2.1000_vt0.3842_first_order/seed007.answers.csv	/home/tatsu/n3lgrid/n3l_w2_C_lam0.065/side/f0.5000_th2.1000_vt0.3842_first_order//seed007.answers.csv
/home/tatsu/n3sel_view/n3l_w2_C_lam0.065/side/f0.5000_th2.1000_vt0.3842_first_order/seed009.shop.jsonl	/home/tatsu/n3lgrid/n3l_w2_C_lam0.065/side/f0.5000_th2.1000_vt0.3842_first_order//seed009.shop.jsonl
/home/tatsu/n3sel_view/n3l_w2_C_lam0.065/side/f0.5000_th2.1000_vt0.3842_first_order/seed002.probe.jsonl	/home/tatsu/n3lgrid/n3l_w2_C_lam0.065/side/f0.5000_th2.1000_vt0.3842_first_order//seed002.probe.jsonl
/home/tatsu/n3sel_view/n3l_w2_C_lam0.065/side/f0.5000_th2.1000_vt0.3842_first_order/seed018.ambig.csv	/home/tatsu/n3lgrid/n3l_w2_C_lam0.065/side/f0.5000_th2.1000_vt0.3842_first_order//seed018.ambig.csv
/home/tatsu/lgrid_view/lg_w2_C_lam0.045/ledgers	/home/tatsu/lgrid/lg_w2_C_lam0.045//ledgers
/home/tatsu/lgrid_view/lg_w2_C_lam0.045/side/f0.5000_th2.1000_vt0.3842_first_order/seed003.shop.jsonl	/home/tatsu/lgrid/lg_w2_C_lam0.045//side/f0.5000_th2.1000_vt0.3842_first_order//seed003.shop.jsonl
/home/tatsu/lgrid_view/lg_w2_C_lam0.045/side/f0.5000_th2.1000_vt0.3842_first_order/seed011.shop.jsonl	/home/tatsu/lgrid/lg_w2_C_lam0.045//side/f0.5000_th2.1000_vt0.3842_first_order//seed011.shop.jsonl
/home/tatsu/lgrid_view/lg_w2_C_lam0.045/side/f0.5000_th2.1000_vt0.3842_first_order/seed020.shop.jsonl	/home/tatsu/lgrid/lg_w2_C_lam0.045//side/f0.5000_th2.1000_vt0.3842_first_order//seed020.shop.jsonl
/home/tatsu/lgrid_view/lg_w2_C_lam0.045/side/f0.5000_th2.1000_vt0.3842_first_order/seed008.ambig.csv	/home/tatsu/lgrid/lg_w2_C_lam0.045//side/f0.5000_th2.1000_vt0.3842_first_order//seed008.ambig.csv
/home/tatsu/lgrid_view/lg_w2_C_lam0.045/side/f0.5000_th2.1000_vt0.3842_first_order/seed003.ambig.csv	/home/tatsu/lgrid/lg_w2_C_lam0.045//side/f0.5000_th2.1000_vt0.3842_first_order//seed003.ambig.csv
/home/tatsu/lgrid_view/lg_w2_C_lam0.045/side/f0.5000_th2.1000_vt0.3842_first_order/seed013.ambig.csv	/home/tatsu/lgrid/lg_w2_C_lam0.045//side/f0.5000_th2.1000_vt0.3842_first_order//seed013.ambig.csv
/home/tatsu/lgrid_view/lg_w2_C_lam0.045/side/f0.5000_th2.1000_vt0.3842_first_order/seed004.answers.csv	/home/tatsu/lgrid/lg_w2_C_lam0.045//side/f0.5000_th2.1000_vt0.3842_first_order//seed004.answers.csv
/home/tatsu/lgrid_view/lg_w2_C_lam0.045/side/f0.5000_th2.1000_vt0.3842_first_order/seed019.probe.jsonl	/home/tatsu/lgrid/lg_w2_C_lam0.045//side/f0.5000_th2.1000_vt0.3842_first_order//seed019.probe.jsonl
/home/tatsu/lgrid_view/lg_w2_C_lam0.045/side/f0.5000_th2.1000_vt0.3842_first_order/seed001.shop.jsonl	/home/tatsu/lgrid/lg_w2_C_lam0.045//side/f0.5000_th2.1000_vt0.3842_first_order//seed001.shop.jsonl
/home/tatsu/lgrid_view/lg_w2_C_lam0.045/side/f0.5000_th2.1000_vt0.3842_first_order/seed016.shop.jsonl	/home/tatsu/lgrid/lg_w2_C_lam0.045//side/f0.5000_th2.1000_vt0.3842_first_order//seed016.shop.jsonl
/home/tatsu/lgrid_view/lg_w2_C_lam0.045/side/f0.5000_th2.1000_vt0.3842_first_order/seed006.probe.jsonl	/home/tatsu/lgrid/lg_w2_C_lam0.045//side/f0.5000_th2.1000_vt0.3842_first_order//seed006.probe.jsonl
/home/tatsu/lgrid_view/lg_w2_C_lam0.045/side/f0.5000_th2.1000_vt0.3842_first_order/seed013.shop.jsonl	/home/tatsu/lgrid/lg_w2_C_lam0.045//side/f0.5000_th2.1000_vt0.3842_first_order//seed013.shop.jsonl
/home/tatsu/lgrid_view/lg_w2_C_lam0.045/side/f0.5000_th2.1000_vt0.3842_first_order/seed012.probe.jsonl	/home/tatsu/lgrid/lg_w2_C_lam0.045//side/f0.5000_th2.1000_vt0.3842_first_order//seed012.probe.jsonl
/home/tatsu/lgrid_view/lg_w2_C_lam0.045/side/f0.5000_th2.1000_vt0.3842_first_order/seed008.answers.csv	/home/tatsu/lgrid/lg_w2_C_lam0.045//side/f0.5000_th2.1000_vt0.3842_first_order//seed008.answers.csv
/home/tatsu/lgrid_view/lg_w2_C_lam0.045/side/f0.5000_th2.1000_vt0.3842_first_order/seed012.shop.jsonl	/home/tatsu/lgrid/lg_w2_C_lam0.045//side/f0.5000_th2.1000_vt0.3842_first_order//seed012.shop.jsonl
/home/tatsu/lgrid_view/lg_w2_C_lam0.045/side/f0.5000_th2.1000_vt0.3842_first_order/seed004.probe.jsonl	/home/tatsu/lgrid/lg_w2_C_lam0.045//side/f0.5000_th2.1000_vt0.3842_first_order//seed004.probe.jsonl
/home/tatsu/lgrid_view/lg_w2_C_lam0.045/side/f0.5000_th2.1000_vt0.3842_first_order/seed015.answers.csv	/home/tatsu/lgrid/lg_w2_C_lam0.045//side/f0.5000_th2.1000_vt0.3842_first_order//seed015.answers.csv
/home/tatsu/lgrid_view/lg_w2_C_lam0.045/side/f0.5000_th2.1000_vt0.3842_first_order/seed005.ambig.csv	/home/tatsu/lgrid/lg_w2_C_lam0.045//side/f0.5000_th2.1000_vt0.3842_first_order//seed005.ambig.csv
/home/tatsu/lgrid_view/lg_w2_C_lam0.045/side/f0.5000_th2.1000_vt0.3842_first_order/seed006.shop.jsonl	/home/tatsu/lgrid/lg_w2_C_lam0.045//side/f0.5000_th2.1000_vt0.3842_first_order//seed006.shop.jsonl
/home/tatsu/lgrid_view/lg_w2_C_lam0.045/side/f0.5000_th2.1000_vt0.3842_first_order/seed007.shop.jsonl	/home/tatsu/lgrid/lg_w2_C_lam0.045//side/f0.5000_th2.1000_vt0.3842_first_order//seed007.shop.jsonl
/home/tatsu/lgrid_view/lg_w2_C_lam0.045/side/f0.5000_th2.1000_vt0.3842_first_order/seed010.probe.jsonl	/home/tatsu/lgrid/lg_w2_C_lam0.045//side/f0.5000_th2.1000_vt0.3842_first_order//seed010.probe.jsonl
/home/tatsu/lgrid_view/lg_w2_C_lam0.045/side/f0.5000_th2.1000_vt0.3842_first_order/seed007.ambig.csv	/home/tatsu/lgrid/lg_w2_C_lam0.045//side/f0.5000_th2.1000_vt0.3842_first_order//seed007.ambig.csv
/home/tatsu/lgrid_view/lg_w2_C_lam0.045/side/f0.5000_th2.1000_vt0.3842_first_order/seed020.probe.jsonl	/home/tatsu/lgrid/lg_w2_C_lam0.045//side/f0.5000_th2.1000_vt0.3842_first_order//seed020.probe.jsonl
/home/tatsu/lgrid_view/lg_w2_C_lam0.045/side/f0.5000_th2.1000_vt0.3842_first_order/seed014.probe.jsonl	/home/tatsu/lgrid/lg_w2_C_lam0.045//side/f0.5000_th2.1000_vt0.3842_first_order//seed014.probe.jsonl
/home/tatsu/lgrid_view/lg_w2_C_lam0.045/side/f0.5000_th2.1000_vt0.3842_first_order/seed014.ambig.csv	/home/tatsu/lgrid/lg_w2_C_lam0.045//side/f0.5000_th2.1000_vt0.3842_first_order//seed014.ambig.csv
/home/tatsu/lgrid_view/lg_w2_C_lam0.045/side/f0.5000_th2.1000_vt0.3842_first_order/seed012.answers.csv	/home/tatsu/lgrid/lg_w2_C_lam0.045//side/f0.5000_th2.1000_vt0.3842_first_order//seed012.answers.csv
/home/tatsu/lgrid_view/lg_w2_C_lam0.045/side/f0.5000_th2.1000_vt0.3842_first_order/seed016.ambig.csv	/home/tatsu/lgrid/lg_w2_C_lam0.045//side/f0.5000_th2.1000_vt0.3842_first_order//seed016.ambig.csv
/home/tatsu/lgrid_view/lg_w2_C_lam0.045/side/f0.5000_th2.1000_vt0.3842_first_order/seed013.answers.csv	/home/tatsu/lgrid/lg_w2_C_lam0.045//side/f0.5000_th2.1000_vt0.3842_first_order//seed013.answers.csv
/home/tatsu/lgrid_view/lg_w2_C_lam0.045/side/f0.5000_th2.1000_vt0.3842_first_order/seed014.answers.csv	/home/tatsu/lgrid/lg_w2_C_lam0.045//side/f0.5000_th2.1000_vt0.3842_first_order//seed014.answers.csv
/home/tatsu/lgrid_view/lg_w2_C_lam0.045/side/f0.5000_th2.1000_vt0.3842_first_order/seed019.ambig.csv	/home/tatsu/lgrid/lg_w2_C_lam0.045//side/f0.5000_th2.1000_vt0.3842_first_order//seed019.ambig.csv
/home/tatsu/lgrid_view/lg_w2_C_lam0.045/side/f0.5000_th2.1000_vt0.3842_first_order/seed017.answers.csv	/home/tatsu/lgrid/lg_w2_C_lam0.045//side/f0.5000_th2.1000_vt0.3842_first_order//seed017.answers.csv
/home/tatsu/lgrid_view/lg_w2_C_lam0.045/side/f0.5000_th2.1000_vt0.3842_first_order/seed009.answers.csv	/home/tatsu/lgrid/lg_w2_C_lam0.045//side/f0.5000_th2.1000_vt0.3842_first_order//seed009.answers.csv
/home/tatsu/lgrid_view/lg_w2_C_lam0.045/side/f0.5000_th2.1000_vt0.3842_first_order/seed015.ambig.csv	/home/tatsu/lgrid/lg_w2_C_lam0.045//side/f0.5000_th2.1000_vt0.3842_first_order//seed015.ambig.csv
/home/tatsu/lgrid_view/lg_w2_C_lam0.045/side/f0.5000_th2.1000_vt0.3842_first_order/seed010.shop.jsonl	/home/tatsu/lgrid/lg_w2_C_lam0.045//side/f0.5000_th2.1000_vt0.3842_first_order//seed010.shop.jsonl
/home/tatsu/lgrid_view/lg_w2_C_lam0.045/side/f0.5000_th2.1000_vt0.3842_first_order/seed001.probe.jsonl	/home/tatsu/lgrid/lg_w2_C_lam0.045//side/f0.5000_th2.1000_vt0.3842_first_order//seed001.probe.jsonl
/home/tatsu/lgrid_view/lg_w2_C_lam0.045/side/f0.5000_th2.1000_vt0.3842_first_order/seed015.shop.jsonl	/home/tatsu/lgrid/lg_w2_C_lam0.045//side/f0.5000_th2.1000_vt0.3842_first_order//seed015.shop.jsonl
/home/tatsu/lgrid_view/lg_w2_C_lam0.045/side/f0.5000_th2.1000_vt0.3842_first_order/seed018.probe.jsonl	/home/tatsu/lgrid/lg_w2_C_lam0.045//side/f0.5000_th2.1000_vt0.3842_first_order//seed018.probe.jsonl
/home/tatsu/lgrid_view/lg_w2_C_lam0.045/side/f0.5000_th2.1000_vt0.3842_first_order/seed020.answers.csv	/home/tatsu/lgrid/lg_w2_C_lam0.045//side/f0.5000_th2.1000_vt0.3842_first_order//seed020.answers.csv
/home/tatsu/lgrid_view/lg_w2_C_lam0.045/side/f0.5000_th2.1000_vt0.3842_first_order/seed010.answers.csv	/home/tatsu/lgrid/lg_w2_C_lam0.045//side/f0.5000_th2.1000_vt0.3842_first_order//seed010.answers.csv
/home/tatsu/lgrid_view/lg_w2_C_lam0.045/side/f0.5000_th2.1000_vt0.3842_first_order/seed005.answers.csv	/home/tatsu/lgrid/lg_w2_C_lam0.045//side/f0.5000_th2.1000_vt0.3842_first_order//seed005.answers.csv
/home/tatsu/lgrid_view/lg_w2_C_lam0.045/side/f0.5000_th2.1000_vt0.3842_first_order/seed011.probe.jsonl	/home/tatsu/lgrid/lg_w2_C_lam0.045//side/f0.5000_th2.1000_vt0.3842_first_order//seed011.probe.jsonl
/home/tatsu/lgrid_view/lg_w2_C_lam0.045/side/f0.5000_th2.1000_vt0.3842_first_order/seed017.shop.jsonl	/home/tatsu/lgrid/lg_w2_C_lam0.045//side/f0.5000_th2.1000_vt0.3842_first_order//seed017.shop.jsonl
/home/tatsu/lgrid_view/lg_w2_C_lam0.045/side/f0.5000_th2.1000_vt0.3842_first_order/seed002.ambig.csv	/home/tatsu/lgrid/lg_w2_C_lam0.045//side/f0.5000_th2.1000_vt0.3842_first_order//seed002.ambig.csv
/home/tatsu/lgrid_view/lg_w2_C_lam0.045/side/f0.5000_th2.1000_vt0.3842_first_order/seed020.ambig.csv	/home/tatsu/lgrid/lg_w2_C_lam0.045//side/f0.5000_th2.1000_vt0.3842_first_order//seed020.ambig.csv
/home/tatsu/lgrid_view/lg_w2_C_lam0.045/side/f0.5000_th2.1000_vt0.3842_first_order/seed017.ambig.csv	/home/tatsu/lgrid/lg_w2_C_lam0.045//side/f0.5000_th2.1000_vt0.3842_first_order//seed017.ambig.csv
/home/tatsu/lgrid_view/lg_w2_C_lam0.045/side/f0.5000_th2.1000_vt0.3842_first_order/seed005.shop.jsonl	/home/tatsu/lgrid/lg_w2_C_lam0.045//side/f0.5000_th2.1000_vt0.3842_first_order//seed005.shop.jsonl
/home/tatsu/lgrid_view/lg_w2_C_lam0.045/side/f0.5000_th2.1000_vt0.3842_first_order/seed018.shop.jsonl	/home/tatsu/lgrid/lg_w2_C_lam0.045//side/f0.5000_th2.1000_vt0.3842_first_order//seed018.shop.jsonl
/home/tatsu/lgrid_view/lg_w2_C_lam0.045/side/f0.5000_th2.1000_vt0.3842_first_order/seed002.shop.jsonl	/home/tatsu/lgrid/lg_w2_C_lam0.045//side/f0.5000_th2.1000_vt0.3842_first_order//seed002.shop.jsonl
/home/tatsu/lgrid_view/lg_w2_C_lam0.045/side/f0.5000_th2.1000_vt0.3842_first_order/seed017.probe.jsonl	/home/tatsu/lgrid/lg_w2_C_lam0.045//side/f0.5000_th2.1000_vt0.3842_first_order//seed017.probe.jsonl
/home/tatsu/lgrid_view/lg_w2_C_lam0.045/side/f0.5000_th2.1000_vt0.3842_first_order/seed010.ambig.csv	/home/tatsu/lgrid/lg_w2_C_lam0.045//side/f0.5000_th2.1000_vt0.3842_first_order//seed010.ambig.csv
/home/tatsu/lgrid_view/lg_w2_C_lam0.045/side/f0.5000_th2.1000_vt0.3842_first_order/seed009.probe.jsonl	/home/tatsu/lgrid/lg_w2_C_lam0.045//side/f0.5000_th2.1000_vt0.3842_first_order//seed009.probe.jsonl
/home/tatsu/lgrid_view/lg_w2_C_lam0.045/side/f0.5000_th2.1000_vt0.3842_first_order/seed015.probe.jsonl	/home/tatsu/lgrid/lg_w2_C_lam0.045//side/f0.5000_th2.1000_vt0.3842_first_order//seed015.probe.jsonl
/home/tatsu/lgrid_view/lg_w2_C_lam0.045/side/f0.5000_th2.1000_vt0.3842_first_order/seed006.ambig.csv	/home/tatsu/lgrid/lg_w2_C_lam0.045//side/f0.5000_th2.1000_vt0.3842_first_order//seed006.ambig.csv
/home/tatsu/lgrid_view/lg_w2_C_lam0.045/side/f0.5000_th2.1000_vt0.3842_first_order/seed009.ambig.csv	/home/tatsu/lgrid/lg_w2_C_lam0.045//side/f0.5000_th2.1000_vt0.3842_first_order//seed009.ambig.csv
/home/tatsu/lgrid_view/lg_w2_C_lam0.045/side/f0.5000_th2.1000_vt0.3842_first_order/seed001.answers.csv	/home/tatsu/lgrid/lg_w2_C_lam0.045//side/f0.5000_th2.1000_vt0.3842_first_order//seed001.answers.csv
/home/tatsu/lgrid_view/lg_w2_C_lam0.045/side/f0.5000_th2.1000_vt0.3842_first_order/seed011.ambig.csv	/home/tatsu/lgrid/lg_w2_C_lam0.045//side/f0.5000_th2.1000_vt0.3842_first_order//seed011.ambig.csv
/home/tatsu/lgrid_view/lg_w2_C_lam0.045/side/f0.5000_th2.1000_vt0.3842_first_order/seed006.answers.csv	/home/tatsu/lgrid/lg_w2_C_lam0.045//side/f0.5000_th2.1000_vt0.3842_first_order//seed006.answers.csv
/home/tatsu/lgrid_view/lg_w2_C_lam0.045/side/f0.5000_th2.1000_vt0.3842_first_order/seed012.ambig.csv	/home/tatsu/lgrid/lg_w2_C_lam0.045//side/f0.5000_th2.1000_vt0.3842_first_order//seed012.ambig.csv
/home/tatsu/lgrid_view/lg_w2_C_lam0.045/side/f0.5000_th2.1000_vt0.3842_first_order/seed018.answers.csv	/home/tatsu/lgrid/lg_w2_C_lam0.045//side/f0.5000_th2.1000_vt0.3842_first_order//seed018.answers.csv
/home/tatsu/lgrid_view/lg_w2_C_lam0.045/side/f0.5000_th2.1000_vt0.3842_first_order/seed005.probe.jsonl	/home/tatsu/lgrid/lg_w2_C_lam0.045//side/f0.5000_th2.1000_vt0.3842_first_order//seed005.probe.jsonl
/home/tatsu/lgrid_view/lg_w2_C_lam0.045/side/f0.5000_th2.1000_vt0.3842_first_order/seed007.probe.jsonl	/home/tatsu/lgrid/lg_w2_C_lam0.045//side/f0.5000_th2.1000_vt0.3842_first_order//seed007.probe.jsonl
/home/tatsu/lgrid_view/lg_w2_C_lam0.045/side/f0.5000_th2.1000_vt0.3842_first_order/seed013.probe.jsonl	/home/tatsu/lgrid/lg_w2_C_lam0.045//side/f0.5000_th2.1000_vt0.3842_first_order//seed013.probe.jsonl
/home/tatsu/lgrid_view/lg_w2_C_lam0.045/side/f0.5000_th2.1000_vt0.3842_first_order/seed014.shop.jsonl	/home/tatsu/lgrid/lg_w2_C_lam0.045//side/f0.5000_th2.1000_vt0.3842_first_order//seed014.shop.jsonl
/home/tatsu/lgrid_view/lg_w2_C_lam0.045/side/f0.5000_th2.1000_vt0.3842_first_order/seed008.probe.jsonl	/home/tatsu/lgrid/lg_w2_C_lam0.045//side/f0.5000_th2.1000_vt0.3842_first_order//seed008.probe.jsonl
/home/tatsu/lgrid_view/lg_w2_C_lam0.045/side/f0.5000_th2.1000_vt0.3842_first_order/seed019.shop.jsonl	/home/tatsu/lgrid/lg_w2_C_lam0.045//side/f0.5000_th2.1000_vt0.3842_first_order//seed019.shop.jsonl
/home/tatsu/lgrid_view/lg_w2_C_lam0.045/side/f0.5000_th2.1000_vt0.3842_first_order/seed019.answers.csv	/home/tatsu/lgrid/lg_w2_C_lam0.045//side/f0.5000_th2.1000_vt0.3842_first_order//seed019.answers.csv
/home/tatsu/lgrid_view/lg_w2_C_lam0.045/side/f0.5000_th2.1000_vt0.3842_first_order/seed016.probe.jsonl	/home/tatsu/lgrid/lg_w2_C_lam0.045//side/f0.5000_th2.1000_vt0.3842_first_order//seed016.probe.jsonl
/home/tatsu/lgrid_view/lg_w2_C_lam0.045/side/f0.5000_th2.1000_vt0.3842_first_order/seed011.answers.csv	/home/tatsu/lgrid/lg_w2_C_lam0.045//side/f0.5000_th2.1000_vt0.3842_first_order//seed011.answers.csv
/home/tatsu/lgrid_view/lg_w2_C_lam0.045/side/f0.5000_th2.1000_vt0.3842_first_order/seed003.probe.jsonl	/home/tatsu/lgrid/lg_w2_C_lam0.045//side/f0.5000_th2.1000_vt0.3842_first_order//seed003.probe.jsonl
/home/tatsu/lgrid_view/lg_w2_C_lam0.045/side/f0.5000_th2.1000_vt0.3842_first_order/seed008.shop.jsonl	/home/tatsu/lgrid/lg_w2_C_lam0.045//side/f0.5000_th2.1000_vt0.3842_first_order//seed008.shop.jsonl
/home/tatsu/lgrid_view/lg_w2_C_lam0.045/side/f0.5000_th2.1000_vt0.3842_first_order/seed002.answers.csv	/home/tatsu/lgrid/lg_w2_C_lam0.045//side/f0.5000_th2.1000_vt0.3842_first_order//seed002.answers.csv
/home/tatsu/lgrid_view/lg_w2_C_lam0.045/side/f0.5000_th2.1000_vt0.3842_first_order/seed001.ambig.csv	/home/tatsu/lgrid/lg_w2_C_lam0.045//side/f0.5000_th2.1000_vt0.3842_first_order//seed001.ambig.csv
/home/tatsu/lgrid_view/lg_w2_C_lam0.045/side/f0.5000_th2.1000_vt0.3842_first_order/seed004.shop.jsonl	/home/tatsu/lgrid/lg_w2_C_lam0.045//side/f0.5000_th2.1000_vt0.3842_first_order//seed004.shop.jsonl
/home/tatsu/lgrid_view/lg_w2_C_lam0.045/side/f0.5000_th2.1000_vt0.3842_first_order/seed004.ambig.csv	/home/tatsu/lgrid/lg_w2_C_lam0.045//side/f0.5000_th2.1000_vt0.3842_first_order//seed004.ambig.csv
/home/tatsu/lgrid_view/lg_w2_C_lam0.045/side/f0.5000_th2.1000_vt0.3842_first_order/seed003.answers.csv	/home/tatsu/lgrid/lg_w2_C_lam0.045//side/f0.5000_th2.1000_vt0.3842_first_order//seed003.answers.csv
/home/tatsu/lgrid_view/lg_w2_C_lam0.045/side/f0.5000_th2.1000_vt0.3842_first_order/seed016.answers.csv	/home/tatsu/lgrid/lg_w2_C_lam0.045//side/f0.5000_th2.1000_vt0.3842_first_order//seed016.answers.csv
/home/tatsu/lgrid_view/lg_w2_C_lam0.045/side/f0.5000_th2.1000_vt0.3842_first_order/seed007.answers.csv	/home/tatsu/lgrid/lg_w2_C_lam0.045//side/f0.5000_th2.1000_vt0.3842_first_order//seed007.answers.csv
/home/tatsu/lgrid_view/lg_w2_C_lam0.045/side/f0.5000_th2.1000_vt0.3842_first_order/seed009.shop.jsonl	/home/tatsu/lgrid/lg_w2_C_lam0.045//side/f0.5000_th2.1000_vt0.3842_first_order//seed009.shop.jsonl
/home/tatsu/lgrid_view/lg_w2_C_lam0.045/side/f0.5000_th2.1000_vt0.3842_first_order/seed002.probe.jsonl	/home/tatsu/lgrid/lg_w2_C_lam0.045//side/f0.5000_th2.1000_vt0.3842_first_order//seed002.probe.jsonl
/home/tatsu/lgrid_view/lg_w2_C_lam0.045/side/f0.5000_th2.1000_vt0.3842_first_order/seed018.ambig.csv	/home/tatsu/lgrid/lg_w2_C_lam0.045//side/f0.5000_th2.1000_vt0.3842_first_order//seed018.ambig.csv
/home/tatsu/lgrid_view/lg_w2_A_lam0.045/ledgers	/home/tatsu/lgrid/lg_w2_A_lam0.045//ledgers
/home/tatsu/lgrid_view/lg_w2_A_lam0.045/side/f0.5000_th2.1000_vt0.3842_first_order/seed003.shop.jsonl	/home/tatsu/lgrid/lg_w2_A_lam0.045//side/f0.5000_th2.1000_vt0.3842_first_order//seed003.shop.jsonl
/home/tatsu/lgrid_view/lg_w2_A_lam0.045/side/f0.5000_th2.1000_vt0.3842_first_order/seed011.shop.jsonl	/home/tatsu/lgrid/lg_w2_A_lam0.045//side/f0.5000_th2.1000_vt0.3842_first_order//seed011.shop.jsonl
/home/tatsu/lgrid_view/lg_w2_A_lam0.045/side/f0.5000_th2.1000_vt0.3842_first_order/seed020.shop.jsonl	/home/tatsu/lgrid/lg_w2_A_lam0.045//side/f0.5000_th2.1000_vt0.3842_first_order//seed020.shop.jsonl
/home/tatsu/lgrid_view/lg_w2_A_lam0.045/side/f0.5000_th2.1000_vt0.3842_first_order/seed008.ambig.csv	/home/tatsu/lgrid/lg_w2_A_lam0.045//side/f0.5000_th2.1000_vt0.3842_first_order//seed008.ambig.csv
/home/tatsu/lgrid_view/lg_w2_A_lam0.045/side/f0.5000_th2.1000_vt0.3842_first_order/seed003.ambig.csv	/home/tatsu/lgrid/lg_w2_A_lam0.045//side/f0.5000_th2.1000_vt0.3842_first_order//seed003.ambig.csv
/home/tatsu/lgrid_view/lg_w2_A_lam0.045/side/f0.5000_th2.1000_vt0.3842_first_order/seed013.ambig.csv	/home/tatsu/lgrid/lg_w2_A_lam0.045//side/f0.5000_th2.1000_vt0.3842_first_order//seed013.ambig.csv
/home/tatsu/lgrid_view/lg_w2_A_lam0.045/side/f0.5000_th2.1000_vt0.3842_first_order/seed004.answers.csv	/home/tatsu/lgrid/lg_w2_A_lam0.045//side/f0.5000_th2.1000_vt0.3842_first_order//seed004.answers.csv
/home/tatsu/lgrid_view/lg_w2_A_lam0.045/side/f0.5000_th2.1000_vt0.3842_first_order/seed019.probe.jsonl	/home/tatsu/lgrid/lg_w2_A_lam0.045//side/f0.5000_th2.1000_vt0.3842_first_order//seed019.probe.jsonl
/home/tatsu/lgrid_view/lg_w2_A_lam0.045/side/f0.5000_th2.1000_vt0.3842_first_order/seed001.shop.jsonl	/home/tatsu/lgrid/lg_w2_A_lam0.045//side/f0.5000_th2.1000_vt0.3842_first_order//seed001.shop.jsonl
/home/tatsu/lgrid_view/lg_w2_A_lam0.045/side/f0.5000_th2.1000_vt0.3842_first_order/seed016.shop.jsonl	/home/tatsu/lgrid/lg_w2_A_lam0.045//side/f0.5000_th2.1000_vt0.3842_first_order//seed016.shop.jsonl
/home/tatsu/lgrid_view/lg_w2_A_lam0.045/side/f0.5000_th2.1000_vt0.3842_first_order/seed006.probe.jsonl	/home/tatsu/lgrid/lg_w2_A_lam0.045//side/f0.5000_th2.1000_vt0.3842_first_order//seed006.probe.jsonl
/home/tatsu/lgrid_view/lg_w2_A_lam0.045/side/f0.5000_th2.1000_vt0.3842_first_order/seed013.shop.jsonl	/home/tatsu/lgrid/lg_w2_A_lam0.045//side/f0.5000_th2.1000_vt0.3842_first_order//seed013.shop.jsonl
/home/tatsu/lgrid_view/lg_w2_A_lam0.045/side/f0.5000_th2.1000_vt0.3842_first_order/seed012.probe.jsonl	/home/tatsu/lgrid/lg_w2_A_lam0.045//side/f0.5000_th2.1000_vt0.3842_first_order//seed012.probe.jsonl
/home/tatsu/lgrid_view/lg_w2_A_lam0.045/side/f0.5000_th2.1000_vt0.3842_first_order/seed008.answers.csv	/home/tatsu/lgrid/lg_w2_A_lam0.045//side/f0.5000_th2.1000_vt0.3842_first_order//seed008.answers.csv
/home/tatsu/lgrid_view/lg_w2_A_lam0.045/side/f0.5000_th2.1000_vt0.3842_first_order/seed012.shop.jsonl	/home/tatsu/lgrid/lg_w2_A_lam0.045//side/f0.5000_th2.1000_vt0.3842_first_order//seed012.shop.jsonl
/home/tatsu/lgrid_view/lg_w2_A_lam0.045/side/f0.5000_th2.1000_vt0.3842_first_order/seed004.probe.jsonl	/home/tatsu/lgrid/lg_w2_A_lam0.045//side/f0.5000_th2.1000_vt0.3842_first_order//seed004.probe.jsonl
/home/tatsu/lgrid_view/lg_w2_A_lam0.045/side/f0.5000_th2.1000_vt0.3842_first_order/seed015.answers.csv	/home/tatsu/lgrid/lg_w2_A_lam0.045//side/f0.5000_th2.1000_vt0.3842_first_order//seed015.answers.csv
/home/tatsu/lgrid_view/lg_w2_A_lam0.045/side/f0.5000_th2.1000_vt0.3842_first_order/seed005.ambig.csv	/home/tatsu/lgrid/lg_w2_A_lam0.045//side/f0.5000_th2.1000_vt0.3842_first_order//seed005.ambig.csv
/home/tatsu/lgrid_view/lg_w2_A_lam0.045/side/f0.5000_th2.1000_vt0.3842_first_order/seed006.shop.jsonl	/home/tatsu/lgrid/lg_w2_A_lam0.045//side/f0.5000_th2.1000_vt0.3842_first_order//seed006.shop.jsonl
/home/tatsu/lgrid_view/lg_w2_A_lam0.045/side/f0.5000_th2.1000_vt0.3842_first_order/seed007.shop.jsonl	/home/tatsu/lgrid/lg_w2_A_lam0.045//side/f0.5000_th2.1000_vt0.3842_first_order//seed007.shop.jsonl
/home/tatsu/lgrid_view/lg_w2_A_lam0.045/side/f0.5000_th2.1000_vt0.3842_first_order/seed010.probe.jsonl	/home/tatsu/lgrid/lg_w2_A_lam0.045//side/f0.5000_th2.1000_vt0.3842_first_order//seed010.probe.jsonl
/home/tatsu/lgrid_view/lg_w2_A_lam0.045/side/f0.5000_th2.1000_vt0.3842_first_order/seed007.ambig.csv	/home/tatsu/lgrid/lg_w2_A_lam0.045//side/f0.5000_th2.1000_vt0.3842_first_order//seed007.ambig.csv
/home/tatsu/lgrid_view/lg_w2_A_lam0.045/side/f0.5000_th2.1000_vt0.3842_first_order/seed020.probe.jsonl	/home/tatsu/lgrid/lg_w2_A_lam0.045//side/f0.5000_th2.1000_vt0.3842_first_order//seed020.probe.jsonl
/home/tatsu/lgrid_view/lg_w2_A_lam0.045/side/f0.5000_th2.1000_vt0.3842_first_order/seed014.probe.jsonl	/home/tatsu/lgrid/lg_w2_A_lam0.045//side/f0.5000_th2.1000_vt0.3842_first_order//seed014.probe.jsonl
/home/tatsu/lgrid_view/lg_w2_A_lam0.045/side/f0.5000_th2.1000_vt0.3842_first_order/seed014.ambig.csv	/home/tatsu/lgrid/lg_w2_A_lam0.045//side/f0.5000_th2.1000_vt0.3842_first_order//seed014.ambig.csv
/home/tatsu/lgrid_view/lg_w2_A_lam0.045/side/f0.5000_th2.1000_vt0.3842_first_order/seed012.answers.csv	/home/tatsu/lgrid/lg_w2_A_lam0.045//side/f0.5000_th2.1000_vt0.3842_first_order//seed012.answers.csv
/home/tatsu/lgrid_view/lg_w2_A_lam0.045/side/f0.5000_th2.1000_vt0.3842_first_order/seed016.ambig.csv	/home/tatsu/lgrid/lg_w2_A_lam0.045//side/f0.5000_th2.1000_vt0.3842_first_order//seed016.ambig.csv
/home/tatsu/lgrid_view/lg_w2_A_lam0.045/side/f0.5000_th2.1000_vt0.3842_first_order/seed013.answers.csv	/home/tatsu/lgrid/lg_w2_A_lam0.045//side/f0.5000_th2.1000_vt0.3842_first_order//seed013.answers.csv
/home/tatsu/lgrid_view/lg_w2_A_lam0.045/side/f0.5000_th2.1000_vt0.3842_first_order/seed014.answers.csv	/home/tatsu/lgrid/lg_w2_A_lam0.045//side/f0.5000_th2.1000_vt0.3842_first_order//seed014.answers.csv
/home/tatsu/lgrid_view/lg_w2_A_lam0.045/side/f0.5000_th2.1000_vt0.3842_first_order/seed019.ambig.csv	/home/tatsu/lgrid/lg_w2_A_lam0.045//side/f0.5000_th2.1000_vt0.3842_first_order//seed019.ambig.csv
/home/tatsu/lgrid_view/lg_w2_A_lam0.045/side/f0.5000_th2.1000_vt0.3842_first_order/seed017.answers.csv	/home/tatsu/lgrid/lg_w2_A_lam0.045//side/f0.5000_th2.1000_vt0.3842_first_order//seed017.answers.csv
/home/tatsu/lgrid_view/lg_w2_A_lam0.045/side/f0.5000_th2.1000_vt0.3842_first_order/seed009.answers.csv	/home/tatsu/lgrid/lg_w2_A_lam0.045//side/f0.5000_th2.1000_vt0.3842_first_order//seed009.answers.csv
/home/tatsu/lgrid_view/lg_w2_A_lam0.045/side/f0.5000_th2.1000_vt0.3842_first_order/seed015.ambig.csv	/home/tatsu/lgrid/lg_w2_A_lam0.045//side/f0.5000_th2.1000_vt0.3842_first_order//seed015.ambig.csv
/home/tatsu/lgrid_view/lg_w2_A_lam0.045/side/f0.5000_th2.1000_vt0.3842_first_order/seed010.shop.jsonl	/home/tatsu/lgrid/lg_w2_A_lam0.045//side/f0.5000_th2.1000_vt0.3842_first_order//seed010.shop.jsonl
/home/tatsu/lgrid_view/lg_w2_A_lam0.045/side/f0.5000_th2.1000_vt0.3842_first_order/seed001.probe.jsonl	/home/tatsu/lgrid/lg_w2_A_lam0.045//side/f0.5000_th2.1000_vt0.3842_first_order//seed001.probe.jsonl
/home/tatsu/lgrid_view/lg_w2_A_lam0.045/side/f0.5000_th2.1000_vt0.3842_first_order/seed015.shop.jsonl	/home/tatsu/lgrid/lg_w2_A_lam0.045//side/f0.5000_th2.1000_vt0.3842_first_order//seed015.shop.jsonl
/home/tatsu/lgrid_view/lg_w2_A_lam0.045/side/f0.5000_th2.1000_vt0.3842_first_order/seed018.probe.jsonl	/home/tatsu/lgrid/lg_w2_A_lam0.045//side/f0.5000_th2.1000_vt0.3842_first_order//seed018.probe.jsonl
/home/tatsu/lgrid_view/lg_w2_A_lam0.045/side/f0.5000_th2.1000_vt0.3842_first_order/seed020.answers.csv	/home/tatsu/lgrid/lg_w2_A_lam0.045//side/f0.5000_th2.1000_vt0.3842_first_order//seed020.answers.csv
/home/tatsu/lgrid_view/lg_w2_A_lam0.045/side/f0.5000_th2.1000_vt0.3842_first_order/seed010.answers.csv	/home/tatsu/lgrid/lg_w2_A_lam0.045//side/f0.5000_th2.1000_vt0.3842_first_order//seed010.answers.csv
/home/tatsu/lgrid_view/lg_w2_A_lam0.045/side/f0.5000_th2.1000_vt0.3842_first_order/seed005.answers.csv	/home/tatsu/lgrid/lg_w2_A_lam0.045//side/f0.5000_th2.1000_vt0.3842_first_order//seed005.answers.csv
/home/tatsu/lgrid_view/lg_w2_A_lam0.045/side/f0.5000_th2.1000_vt0.3842_first_order/seed011.probe.jsonl	/home/tatsu/lgrid/lg_w2_A_lam0.045//side/f0.5000_th2.1000_vt0.3842_first_order//seed011.probe.jsonl
/home/tatsu/lgrid_view/lg_w2_A_lam0.045/side/f0.5000_th2.1000_vt0.3842_first_order/seed017.shop.jsonl	/home/tatsu/lgrid/lg_w2_A_lam0.045//side/f0.5000_th2.1000_vt0.3842_first_order//seed017.shop.jsonl
/home/tatsu/lgrid_view/lg_w2_A_lam0.045/side/f0.5000_th2.1000_vt0.3842_first_order/seed002.ambig.csv	/home/tatsu/lgrid/lg_w2_A_lam0.045//side/f0.5000_th2.1000_vt0.3842_first_order//seed002.ambig.csv
/home/tatsu/lgrid_view/lg_w2_A_lam0.045/side/f0.5000_th2.1000_vt0.3842_first_order/seed020.ambig.csv	/home/tatsu/lgrid/lg_w2_A_lam0.045//side/f0.5000_th2.1000_vt0.3842_first_order//seed020.ambig.csv
/home/tatsu/lgrid_view/lg_w2_A_lam0.045/side/f0.5000_th2.1000_vt0.3842_first_order/seed017.ambig.csv	/home/tatsu/lgrid/lg_w2_A_lam0.045//side/f0.5000_th2.1000_vt0.3842_first_order//seed017.ambig.csv
/home/tatsu/lgrid_view/lg_w2_A_lam0.045/side/f0.5000_th2.1000_vt0.3842_first_order/seed005.shop.jsonl	/home/tatsu/lgrid/lg_w2_A_lam0.045//side/f0.5000_th2.1000_vt0.3842_first_order//seed005.shop.jsonl
/home/tatsu/lgrid_view/lg_w2_A_lam0.045/side/f0.5000_th2.1000_vt0.3842_first_order/seed018.shop.jsonl	/home/tatsu/lgrid/lg_w2_A_lam0.045//side/f0.5000_th2.1000_vt0.3842_first_order//seed018.shop.jsonl
/home/tatsu/lgrid_view/lg_w2_A_lam0.045/side/f0.5000_th2.1000_vt0.3842_first_order/seed002.shop.jsonl	/home/tatsu/lgrid/lg_w2_A_lam0.045//side/f0.5000_th2.1000_vt0.3842_first_order//seed002.shop.jsonl
/home/tatsu/lgrid_view/lg_w2_A_lam0.045/side/f0.5000_th2.1000_vt0.3842_first_order/seed017.probe.jsonl	/home/tatsu/lgrid/lg_w2_A_lam0.045//side/f0.5000_th2.1000_vt0.3842_first_order//seed017.probe.jsonl
/home/tatsu/lgrid_view/lg_w2_A_lam0.045/side/f0.5000_th2.1000_vt0.3842_first_order/seed010.ambig.csv	/home/tatsu/lgrid/lg_w2_A_lam0.045//side/f0.5000_th2.1000_vt0.3842_first_order//seed010.ambig.csv
/home/tatsu/lgrid_view/lg_w2_A_lam0.045/side/f0.5000_th2.1000_vt0.3842_first_order/seed009.probe.jsonl	/home/tatsu/lgrid/lg_w2_A_lam0.045//side/f0.5000_th2.1000_vt0.3842_first_order//seed009.probe.jsonl
/home/tatsu/lgrid_view/lg_w2_A_lam0.045/side/f0.5000_th2.1000_vt0.3842_first_order/seed015.probe.jsonl	/home/tatsu/lgrid/lg_w2_A_lam0.045//side/f0.5000_th2.1000_vt0.3842_first_order//seed015.probe.jsonl
/home/tatsu/lgrid_view/lg_w2_A_lam0.045/side/f0.5000_th2.1000_vt0.3842_first_order/seed006.ambig.csv	/home/tatsu/lgrid/lg_w2_A_lam0.045//side/f0.5000_th2.1000_vt0.3842_first_order//seed006.ambig.csv
/home/tatsu/lgrid_view/lg_w2_A_lam0.045/side/f0.5000_th2.1000_vt0.3842_first_order/seed009.ambig.csv	/home/tatsu/lgrid/lg_w2_A_lam0.045//side/f0.5000_th2.1000_vt0.3842_first_order//seed009.ambig.csv
/home/tatsu/lgrid_view/lg_w2_A_lam0.045/side/f0.5000_th2.1000_vt0.3842_first_order/seed001.answers.csv	/home/tatsu/lgrid/lg_w2_A_lam0.045//side/f0.5000_th2.1000_vt0.3842_first_order//seed001.answers.csv
/home/tatsu/lgrid_view/lg_w2_A_lam0.045/side/f0.5000_th2.1000_vt0.3842_first_order/seed011.ambig.csv	/home/tatsu/lgrid/lg_w2_A_lam0.045//side/f0.5000_th2.1000_vt0.3842_first_order//seed011.ambig.csv
/home/tatsu/lgrid_view/lg_w2_A_lam0.045/side/f0.5000_th2.1000_vt0.3842_first_order/seed006.answers.csv	/home/tatsu/lgrid/lg_w2_A_lam0.045//side/f0.5000_th2.1000_vt0.3842_first_order//seed006.answers.csv
/home/tatsu/lgrid_view/lg_w2_A_lam0.045/side/f0.5000_th2.1000_vt0.3842_first_order/seed012.ambig.csv	/home/tatsu/lgrid/lg_w2_A_lam0.045//side/f0.5000_th2.1000_vt0.3842_first_order//seed012.ambig.csv
/home/tatsu/lgrid_view/lg_w2_A_lam0.045/side/f0.5000_th2.1000_vt0.3842_first_order/seed018.answers.csv	/home/tatsu/lgrid/lg_w2_A_lam0.045//side/f0.5000_th2.1000_vt0.3842_first_order//seed018.answers.csv
/home/tatsu/lgrid_view/lg_w2_A_lam0.045/side/f0.5000_th2.1000_vt0.3842_first_order/seed005.probe.jsonl	/home/tatsu/lgrid/lg_w2_A_lam0.045//side/f0.5000_th2.1000_vt0.3842_first_order//seed005.probe.jsonl
/home/tatsu/lgrid_view/lg_w2_A_lam0.045/side/f0.5000_th2.1000_vt0.3842_first_order/seed007.probe.jsonl	/home/tatsu/lgrid/lg_w2_A_lam0.045//side/f0.5000_th2.1000_vt0.3842_first_order//seed007.probe.jsonl
/home/tatsu/lgrid_view/lg_w2_A_lam0.045/side/f0.5000_th2.1000_vt0.3842_first_order/seed013.probe.jsonl	/home/tatsu/lgrid/lg_w2_A_lam0.045//side/f0.5000_th2.1000_vt0.3842_first_order//seed013.probe.jsonl
/home/tatsu/lgrid_view/lg_w2_A_lam0.045/side/f0.5000_th2.1000_vt0.3842_first_order/seed014.shop.jsonl	/home/tatsu/lgrid/lg_w2_A_lam0.045//side/f0.5000_th2.1000_vt0.3842_first_order//seed014.shop.jsonl
/home/tatsu/lgrid_view/lg_w2_A_lam0.045/side/f0.5000_th2.1000_vt0.3842_first_order/seed008.probe.jsonl	/home/tatsu/lgrid/lg_w2_A_lam0.045//side/f0.5000_th2.1000_vt0.3842_first_order//seed008.probe.jsonl
/home/tatsu/lgrid_view/lg_w2_A_lam0.045/side/f0.5000_th2.1000_vt0.3842_first_order/seed019.shop.jsonl	/home/tatsu/lgrid/lg_w2_A_lam0.045//side/f0.5000_th2.1000_vt0.3842_first_order//seed019.shop.jsonl
/home/tatsu/lgrid_view/lg_w2_A_lam0.045/side/f0.5000_th2.1000_vt0.3842_first_order/seed019.answers.csv	/home/tatsu/lgrid/lg_w2_A_lam0.045//side/f0.5000_th2.1000_vt0.3842_first_order//seed019.answers.csv
/home/tatsu/lgrid_view/lg_w2_A_lam0.045/side/f0.5000_th2.1000_vt0.3842_first_order/seed016.probe.jsonl	/home/tatsu/lgrid/lg_w2_A_lam0.045//side/f0.5000_th2.1000_vt0.3842_first_order//seed016.probe.jsonl
/home/tatsu/lgrid_view/lg_w2_A_lam0.045/side/f0.5000_th2.1000_vt0.3842_first_order/seed011.answers.csv	/home/tatsu/lgrid/lg_w2_A_lam0.045//side/f0.5000_th2.1000_vt0.3842_first_order//seed011.answers.csv
/home/tatsu/lgrid_view/lg_w2_A_lam0.045/side/f0.5000_th2.1000_vt0.3842_first_order/seed003.probe.jsonl	/home/tatsu/lgrid/lg_w2_A_lam0.045//side/f0.5000_th2.1000_vt0.3842_first_order//seed003.probe.jsonl
/home/tatsu/lgrid_view/lg_w2_A_lam0.045/side/f0.5000_th2.1000_vt0.3842_first_order/seed008.shop.jsonl	/home/tatsu/lgrid/lg_w2_A_lam0.045//side/f0.5000_th2.1000_vt0.3842_first_order//seed008.shop.jsonl
/home/tatsu/lgrid_view/lg_w2_A_lam0.045/side/f0.5000_th2.1000_vt0.3842_first_order/seed002.answers.csv	/home/tatsu/lgrid/lg_w2_A_lam0.045//side/f0.5000_th2.1000_vt0.3842_first_order//seed002.answers.csv
/home/tatsu/lgrid_view/lg_w2_A_lam0.045/side/f0.5000_th2.1000_vt0.3842_first_order/seed001.ambig.csv	/home/tatsu/lgrid/lg_w2_A_lam0.045//side/f0.5000_th2.1000_vt0.3842_first_order//seed001.ambig.csv
/home/tatsu/lgrid_view/lg_w2_A_lam0.045/side/f0.5000_th2.1000_vt0.3842_first_order/seed004.shop.jsonl	/home/tatsu/lgrid/lg_w2_A_lam0.045//side/f0.5000_th2.1000_vt0.3842_first_order//seed004.shop.jsonl
/home/tatsu/lgrid_view/lg_w2_A_lam0.045/side/f0.5000_th2.1000_vt0.3842_first_order/seed004.ambig.csv	/home/tatsu/lgrid/lg_w2_A_lam0.045//side/f0.5000_th2.1000_vt0.3842_first_order//seed004.ambig.csv
/home/tatsu/lgrid_view/lg_w2_A_lam0.045/side/f0.5000_th2.1000_vt0.3842_first_order/seed003.answers.csv	/home/tatsu/lgrid/lg_w2_A_lam0.045//side/f0.5000_th2.1000_vt0.3842_first_order//seed003.answers.csv
/home/tatsu/lgrid_view/lg_w2_A_lam0.045/side/f0.5000_th2.1000_vt0.3842_first_order/seed016.answers.csv	/home/tatsu/lgrid/lg_w2_A_lam0.045//side/f0.5000_th2.1000_vt0.3842_first_order//seed016.answers.csv
/home/tatsu/lgrid_view/lg_w2_A_lam0.045/side/f0.5000_th2.1000_vt0.3842_first_order/seed007.answers.csv	/home/tatsu/lgrid/lg_w2_A_lam0.045//side/f0.5000_th2.1000_vt0.3842_first_order//seed007.answers.csv
/home/tatsu/lgrid_view/lg_w2_A_lam0.045/side/f0.5000_th2.1000_vt0.3842_first_order/seed009.shop.jsonl	/home/tatsu/lgrid/lg_w2_A_lam0.045//side/f0.5000_th2.1000_vt0.3842_first_order//seed009.shop.jsonl
/home/tatsu/lgrid_view/lg_w2_A_lam0.045/side/f0.5000_th2.1000_vt0.3842_first_order/seed002.probe.jsonl	/home/tatsu/lgrid/lg_w2_A_lam0.045//side/f0.5000_th2.1000_vt0.3842_first_order//seed002.probe.jsonl
/home/tatsu/lgrid_view/lg_w2_A_lam0.045/side/f0.5000_th2.1000_vt0.3842_first_order/seed018.ambig.csv	/home/tatsu/lgrid/lg_w2_A_lam0.045//side/f0.5000_th2.1000_vt0.3842_first_order//seed018.ambig.csv
/home/tatsu/lgrid_view/lg_w2_A_lam0.03/ledgers	/home/tatsu/lgrid/lg_w2_A_lam0.03//ledgers
/home/tatsu/lgrid_view/lg_w2_A_lam0.03/side/f0.5000_th2.1000_vt0.3842_first_order/seed003.shop.jsonl	/home/tatsu/lgrid/lg_w2_A_lam0.03//side/f0.5000_th2.1000_vt0.3842_first_order//seed003.shop.jsonl
/home/tatsu/lgrid_view/lg_w2_A_lam0.03/side/f0.5000_th2.1000_vt0.3842_first_order/seed011.shop.jsonl	/home/tatsu/lgrid/lg_w2_A_lam0.03//side/f0.5000_th2.1000_vt0.3842_first_order//seed011.shop.jsonl
/home/tatsu/lgrid_view/lg_w2_A_lam0.03/side/f0.5000_th2.1000_vt0.3842_first_order/seed020.shop.jsonl	/home/tatsu/lgrid/lg_w2_A_lam0.03//side/f0.5000_th2.1000_vt0.3842_first_order//seed020.shop.jsonl
/home/tatsu/lgrid_view/lg_w2_A_lam0.03/side/f0.5000_th2.1000_vt0.3842_first_order/seed008.ambig.csv	/home/tatsu/lgrid/lg_w2_A_lam0.03//side/f0.5000_th2.1000_vt0.3842_first_order//seed008.ambig.csv
/home/tatsu/lgrid_view/lg_w2_A_lam0.03/side/f0.5000_th2.1000_vt0.3842_first_order/seed003.ambig.csv	/home/tatsu/lgrid/lg_w2_A_lam0.03//side/f0.5000_th2.1000_vt0.3842_first_order//seed003.ambig.csv
/home/tatsu/lgrid_view/lg_w2_A_lam0.03/side/f0.5000_th2.1000_vt0.3842_first_order/seed013.ambig.csv	/home/tatsu/lgrid/lg_w2_A_lam0.03//side/f0.5000_th2.1000_vt0.3842_first_order//seed013.ambig.csv
/home/tatsu/lgrid_view/lg_w2_A_lam0.03/side/f0.5000_th2.1000_vt0.3842_first_order/seed004.answers.csv	/home/tatsu/lgrid/lg_w2_A_lam0.03//side/f0.5000_th2.1000_vt0.3842_first_order//seed004.answers.csv
/home/tatsu/lgrid_view/lg_w2_A_lam0.03/side/f0.5000_th2.1000_vt0.3842_first_order/seed019.probe.jsonl	/home/tatsu/lgrid/lg_w2_A_lam0.03//side/f0.5000_th2.1000_vt0.3842_first_order//seed019.probe.jsonl
/home/tatsu/lgrid_view/lg_w2_A_lam0.03/side/f0.5000_th2.1000_vt0.3842_first_order/seed001.shop.jsonl	/home/tatsu/lgrid/lg_w2_A_lam0.03//side/f0.5000_th2.1000_vt0.3842_first_order//seed001.shop.jsonl
/home/tatsu/lgrid_view/lg_w2_A_lam0.03/side/f0.5000_th2.1000_vt0.3842_first_order/seed016.shop.jsonl	/home/tatsu/lgrid/lg_w2_A_lam0.03//side/f0.5000_th2.1000_vt0.3842_first_order//seed016.shop.jsonl
/home/tatsu/lgrid_view/lg_w2_A_lam0.03/side/f0.5000_th2.1000_vt0.3842_first_order/seed006.probe.jsonl	/home/tatsu/lgrid/lg_w2_A_lam0.03//side/f0.5000_th2.1000_vt0.3842_first_order//seed006.probe.jsonl
/home/tatsu/lgrid_view/lg_w2_A_lam0.03/side/f0.5000_th2.1000_vt0.3842_first_order/seed013.shop.jsonl	/home/tatsu/lgrid/lg_w2_A_lam0.03//side/f0.5000_th2.1000_vt0.3842_first_order//seed013.shop.jsonl
/home/tatsu/lgrid_view/lg_w2_A_lam0.03/side/f0.5000_th2.1000_vt0.3842_first_order/seed012.probe.jsonl	/home/tatsu/lgrid/lg_w2_A_lam0.03//side/f0.5000_th2.1000_vt0.3842_first_order//seed012.probe.jsonl
/home/tatsu/lgrid_view/lg_w2_A_lam0.03/side/f0.5000_th2.1000_vt0.3842_first_order/seed008.answers.csv	/home/tatsu/lgrid/lg_w2_A_lam0.03//side/f0.5000_th2.1000_vt0.3842_first_order//seed008.answers.csv
/home/tatsu/lgrid_view/lg_w2_A_lam0.03/side/f0.5000_th2.1000_vt0.3842_first_order/seed012.shop.jsonl	/home/tatsu/lgrid/lg_w2_A_lam0.03//side/f0.5000_th2.1000_vt0.3842_first_order//seed012.shop.jsonl
/home/tatsu/lgrid_view/lg_w2_A_lam0.03/side/f0.5000_th2.1000_vt0.3842_first_order/seed004.probe.jsonl	/home/tatsu/lgrid/lg_w2_A_lam0.03//side/f0.5000_th2.1000_vt0.3842_first_order//seed004.probe.jsonl
/home/tatsu/lgrid_view/lg_w2_A_lam0.03/side/f0.5000_th2.1000_vt0.3842_first_order/seed015.answers.csv	/home/tatsu/lgrid/lg_w2_A_lam0.03//side/f0.5000_th2.1000_vt0.3842_first_order//seed015.answers.csv
/home/tatsu/lgrid_view/lg_w2_A_lam0.03/side/f0.5000_th2.1000_vt0.3842_first_order/seed005.ambig.csv	/home/tatsu/lgrid/lg_w2_A_lam0.03//side/f0.5000_th2.1000_vt0.3842_first_order//seed005.ambig.csv
/home/tatsu/lgrid_view/lg_w2_A_lam0.03/side/f0.5000_th2.1000_vt0.3842_first_order/seed006.shop.jsonl	/home/tatsu/lgrid/lg_w2_A_lam0.03//side/f0.5000_th2.1000_vt0.3842_first_order//seed006.shop.jsonl
/home/tatsu/lgrid_view/lg_w2_A_lam0.03/side/f0.5000_th2.1000_vt0.3842_first_order/seed007.shop.jsonl	/home/tatsu/lgrid/lg_w2_A_lam0.03//side/f0.5000_th2.1000_vt0.3842_first_order//seed007.shop.jsonl
/home/tatsu/lgrid_view/lg_w2_A_lam0.03/side/f0.5000_th2.1000_vt0.3842_first_order/seed010.probe.jsonl	/home/tatsu/lgrid/lg_w2_A_lam0.03//side/f0.5000_th2.1000_vt0.3842_first_order//seed010.probe.jsonl
/home/tatsu/lgrid_view/lg_w2_A_lam0.03/side/f0.5000_th2.1000_vt0.3842_first_order/seed007.ambig.csv	/home/tatsu/lgrid/lg_w2_A_lam0.03//side/f0.5000_th2.1000_vt0.3842_first_order//seed007.ambig.csv
/home/tatsu/lgrid_view/lg_w2_A_lam0.03/side/f0.5000_th2.1000_vt0.3842_first_order/seed020.probe.jsonl	/home/tatsu/lgrid/lg_w2_A_lam0.03//side/f0.5000_th2.1000_vt0.3842_first_order//seed020.probe.jsonl
/home/tatsu/lgrid_view/lg_w2_A_lam0.03/side/f0.5000_th2.1000_vt0.3842_first_order/seed014.probe.jsonl	/home/tatsu/lgrid/lg_w2_A_lam0.03//side/f0.5000_th2.1000_vt0.3842_first_order//seed014.probe.jsonl
/home/tatsu/lgrid_view/lg_w2_A_lam0.03/side/f0.5000_th2.1000_vt0.3842_first_order/seed014.ambig.csv	/home/tatsu/lgrid/lg_w2_A_lam0.03//side/f0.5000_th2.1000_vt0.3842_first_order//seed014.ambig.csv
/home/tatsu/lgrid_view/lg_w2_A_lam0.03/side/f0.5000_th2.1000_vt0.3842_first_order/seed012.answers.csv	/home/tatsu/lgrid/lg_w2_A_lam0.03//side/f0.5000_th2.1000_vt0.3842_first_order//seed012.answers.csv
/home/tatsu/lgrid_view/lg_w2_A_lam0.03/side/f0.5000_th2.1000_vt0.3842_first_order/seed016.ambig.csv	/home/tatsu/lgrid/lg_w2_A_lam0.03//side/f0.5000_th2.1000_vt0.3842_first_order//seed016.ambig.csv
/home/tatsu/lgrid_view/lg_w2_A_lam0.03/side/f0.5000_th2.1000_vt0.3842_first_order/seed013.answers.csv	/home/tatsu/lgrid/lg_w2_A_lam0.03//side/f0.5000_th2.1000_vt0.3842_first_order//seed013.answers.csv
/home/tatsu/lgrid_view/lg_w2_A_lam0.03/side/f0.5000_th2.1000_vt0.3842_first_order/seed014.answers.csv	/home/tatsu/lgrid/lg_w2_A_lam0.03//side/f0.5000_th2.1000_vt0.3842_first_order//seed014.answers.csv
/home/tatsu/lgrid_view/lg_w2_A_lam0.03/side/f0.5000_th2.1000_vt0.3842_first_order/seed019.ambig.csv	/home/tatsu/lgrid/lg_w2_A_lam0.03//side/f0.5000_th2.1000_vt0.3842_first_order//seed019.ambig.csv
/home/tatsu/lgrid_view/lg_w2_A_lam0.03/side/f0.5000_th2.1000_vt0.3842_first_order/seed017.answers.csv	/home/tatsu/lgrid/lg_w2_A_lam0.03//side/f0.5000_th2.1000_vt0.3842_first_order//seed017.answers.csv
/home/tatsu/lgrid_view/lg_w2_A_lam0.03/side/f0.5000_th2.1000_vt0.3842_first_order/seed009.answers.csv	/home/tatsu/lgrid/lg_w2_A_lam0.03//side/f0.5000_th2.1000_vt0.3842_first_order//seed009.answers.csv
/home/tatsu/lgrid_view/lg_w2_A_lam0.03/side/f0.5000_th2.1000_vt0.3842_first_order/seed015.ambig.csv	/home/tatsu/lgrid/lg_w2_A_lam0.03//side/f0.5000_th2.1000_vt0.3842_first_order//seed015.ambig.csv
/home/tatsu/lgrid_view/lg_w2_A_lam0.03/side/f0.5000_th2.1000_vt0.3842_first_order/seed010.shop.jsonl	/home/tatsu/lgrid/lg_w2_A_lam0.03//side/f0.5000_th2.1000_vt0.3842_first_order//seed010.shop.jsonl
/home/tatsu/lgrid_view/lg_w2_A_lam0.03/side/f0.5000_th2.1000_vt0.3842_first_order/seed001.probe.jsonl	/home/tatsu/lgrid/lg_w2_A_lam0.03//side/f0.5000_th2.1000_vt0.3842_first_order//seed001.probe.jsonl
/home/tatsu/lgrid_view/lg_w2_A_lam0.03/side/f0.5000_th2.1000_vt0.3842_first_order/seed015.shop.jsonl	/home/tatsu/lgrid/lg_w2_A_lam0.03//side/f0.5000_th2.1000_vt0.3842_first_order//seed015.shop.jsonl
/home/tatsu/lgrid_view/lg_w2_A_lam0.03/side/f0.5000_th2.1000_vt0.3842_first_order/seed018.probe.jsonl	/home/tatsu/lgrid/lg_w2_A_lam0.03//side/f0.5000_th2.1000_vt0.3842_first_order//seed018.probe.jsonl
/home/tatsu/lgrid_view/lg_w2_A_lam0.03/side/f0.5000_th2.1000_vt0.3842_first_order/seed020.answers.csv	/home/tatsu/lgrid/lg_w2_A_lam0.03//side/f0.5000_th2.1000_vt0.3842_first_order//seed020.answers.csv
/home/tatsu/lgrid_view/lg_w2_A_lam0.03/side/f0.5000_th2.1000_vt0.3842_first_order/seed010.answers.csv	/home/tatsu/lgrid/lg_w2_A_lam0.03//side/f0.5000_th2.1000_vt0.3842_first_order//seed010.answers.csv
/home/tatsu/lgrid_view/lg_w2_A_lam0.03/side/f0.5000_th2.1000_vt0.3842_first_order/seed005.answers.csv	/home/tatsu/lgrid/lg_w2_A_lam0.03//side/f0.5000_th2.1000_vt0.3842_first_order//seed005.answers.csv
/home/tatsu/lgrid_view/lg_w2_A_lam0.03/side/f0.5000_th2.1000_vt0.3842_first_order/seed011.probe.jsonl	/home/tatsu/lgrid/lg_w2_A_lam0.03//side/f0.5000_th2.1000_vt0.3842_first_order//seed011.probe.jsonl
/home/tatsu/lgrid_view/lg_w2_A_lam0.03/side/f0.5000_th2.1000_vt0.3842_first_order/seed017.shop.jsonl	/home/tatsu/lgrid/lg_w2_A_lam0.03//side/f0.5000_th2.1000_vt0.3842_first_order//seed017.shop.jsonl
/home/tatsu/lgrid_view/lg_w2_A_lam0.03/side/f0.5000_th2.1000_vt0.3842_first_order/seed002.ambig.csv	/home/tatsu/lgrid/lg_w2_A_lam0.03//side/f0.5000_th2.1000_vt0.3842_first_order//seed002.ambig.csv
/home/tatsu/lgrid_view/lg_w2_A_lam0.03/side/f0.5000_th2.1000_vt0.3842_first_order/seed020.ambig.csv	/home/tatsu/lgrid/lg_w2_A_lam0.03//side/f0.5000_th2.1000_vt0.3842_first_order//seed020.ambig.csv
/home/tatsu/lgrid_view/lg_w2_A_lam0.03/side/f0.5000_th2.1000_vt0.3842_first_order/seed017.ambig.csv	/home/tatsu/lgrid/lg_w2_A_lam0.03//side/f0.5000_th2.1000_vt0.3842_first_order//seed017.ambig.csv
/home/tatsu/lgrid_view/lg_w2_A_lam0.03/side/f0.5000_th2.1000_vt0.3842_first_order/seed005.shop.jsonl	/home/tatsu/lgrid/lg_w2_A_lam0.03//side/f0.5000_th2.1000_vt0.3842_first_order//seed005.shop.jsonl
/home/tatsu/lgrid_view/lg_w2_A_lam0.03/side/f0.5000_th2.1000_vt0.3842_first_order/seed018.shop.jsonl	/home/tatsu/lgrid/lg_w2_A_lam0.03//side/f0.5000_th2.1000_vt0.3842_first_order//seed018.shop.jsonl
/home/tatsu/lgrid_view/lg_w2_A_lam0.03/side/f0.5000_th2.1000_vt0.3842_first_order/seed002.shop.jsonl	/home/tatsu/lgrid/lg_w2_A_lam0.03//side/f0.5000_th2.1000_vt0.3842_first_order//seed002.shop.jsonl
/home/tatsu/lgrid_view/lg_w2_A_lam0.03/side/f0.5000_th2.1000_vt0.3842_first_order/seed017.probe.jsonl	/home/tatsu/lgrid/lg_w2_A_lam0.03//side/f0.5000_th2.1000_vt0.3842_first_order//seed017.probe.jsonl
/home/tatsu/lgrid_view/lg_w2_A_lam0.03/side/f0.5000_th2.1000_vt0.3842_first_order/seed010.ambig.csv	/home/tatsu/lgrid/lg_w2_A_lam0.03//side/f0.5000_th2.1000_vt0.3842_first_order//seed010.ambig.csv
/home/tatsu/lgrid_view/lg_w2_A_lam0.03/side/f0.5000_th2.1000_vt0.3842_first_order/seed009.probe.jsonl	/home/tatsu/lgrid/lg_w2_A_lam0.03//side/f0.5000_th2.1000_vt0.3842_first_order//seed009.probe.jsonl
/home/tatsu/lgrid_view/lg_w2_A_lam0.03/side/f0.5000_th2.1000_vt0.3842_first_order/seed015.probe.jsonl	/home/tatsu/lgrid/lg_w2_A_lam0.03//side/f0.5000_th2.1000_vt0.3842_first_order//seed015.probe.jsonl
/home/tatsu/lgrid_view/lg_w2_A_lam0.03/side/f0.5000_th2.1000_vt0.3842_first_order/seed006.ambig.csv	/home/tatsu/lgrid/lg_w2_A_lam0.03//side/f0.5000_th2.1000_vt0.3842_first_order//seed006.ambig.csv
/home/tatsu/lgrid_view/lg_w2_A_lam0.03/side/f0.5000_th2.1000_vt0.3842_first_order/seed009.ambig.csv	/home/tatsu/lgrid/lg_w2_A_lam0.03//side/f0.5000_th2.1000_vt0.3842_first_order//seed009.ambig.csv
/home/tatsu/lgrid_view/lg_w2_A_lam0.03/side/f0.5000_th2.1000_vt0.3842_first_order/seed001.answers.csv	/home/tatsu/lgrid/lg_w2_A_lam0.03//side/f0.5000_th2.1000_vt0.3842_first_order//seed001.answers.csv
/home/tatsu/lgrid_view/lg_w2_A_lam0.03/side/f0.5000_th2.1000_vt0.3842_first_order/seed011.ambig.csv	/home/tatsu/lgrid/lg_w2_A_lam0.03//side/f0.5000_th2.1000_vt0.3842_first_order//seed011.ambig.csv
/home/tatsu/lgrid_view/lg_w2_A_lam0.03/side/f0.5000_th2.1000_vt0.3842_first_order/seed006.answers.csv	/home/tatsu/lgrid/lg_w2_A_lam0.03//side/f0.5000_th2.1000_vt0.3842_first_order//seed006.answers.csv
/home/tatsu/lgrid_view/lg_w2_A_lam0.03/side/f0.5000_th2.1000_vt0.3842_first_order/seed012.ambig.csv	/home/tatsu/lgrid/lg_w2_A_lam0.03//side/f0.5000_th2.1000_vt0.3842_first_order//seed012.ambig.csv
/home/tatsu/lgrid_view/lg_w2_A_lam0.03/side/f0.5000_th2.1000_vt0.3842_first_order/seed018.answers.csv	/home/tatsu/lgrid/lg_w2_A_lam0.03//side/f0.5000_th2.1000_vt0.3842_first_order//seed018.answers.csv
/home/tatsu/lgrid_view/lg_w2_A_lam0.03/side/f0.5000_th2.1000_vt0.3842_first_order/seed005.probe.jsonl	/home/tatsu/lgrid/lg_w2_A_lam0.03//side/f0.5000_th2.1000_vt0.3842_first_order//seed005.probe.jsonl
/home/tatsu/lgrid_view/lg_w2_A_lam0.03/side/f0.5000_th2.1000_vt0.3842_first_order/seed007.probe.jsonl	/home/tatsu/lgrid/lg_w2_A_lam0.03//side/f0.5000_th2.1000_vt0.3842_first_order//seed007.probe.jsonl
/home/tatsu/lgrid_view/lg_w2_A_lam0.03/side/f0.5000_th2.1000_vt0.3842_first_order/seed013.probe.jsonl	/home/tatsu/lgrid/lg_w2_A_lam0.03//side/f0.5000_th2.1000_vt0.3842_first_order//seed013.probe.jsonl
/home/tatsu/lgrid_view/lg_w2_A_lam0.03/side/f0.5000_th2.1000_vt0.3842_first_order/seed014.shop.jsonl	/home/tatsu/lgrid/lg_w2_A_lam0.03//side/f0.5000_th2.1000_vt0.3842_first_order//seed014.shop.jsonl
/home/tatsu/lgrid_view/lg_w2_A_lam0.03/side/f0.5000_th2.1000_vt0.3842_first_order/seed008.probe.jsonl	/home/tatsu/lgrid/lg_w2_A_lam0.03//side/f0.5000_th2.1000_vt0.3842_first_order//seed008.probe.jsonl
/home/tatsu/lgrid_view/lg_w2_A_lam0.03/side/f0.5000_th2.1000_vt0.3842_first_order/seed019.shop.jsonl	/home/tatsu/lgrid/lg_w2_A_lam0.03//side/f0.5000_th2.1000_vt0.3842_first_order//seed019.shop.jsonl
/home/tatsu/lgrid_view/lg_w2_A_lam0.03/side/f0.5000_th2.1000_vt0.3842_first_order/seed019.answers.csv	/home/tatsu/lgrid/lg_w2_A_lam0.03//side/f0.5000_th2.1000_vt0.3842_first_order//seed019.answers.csv
/home/tatsu/lgrid_view/lg_w2_A_lam0.03/side/f0.5000_th2.1000_vt0.3842_first_order/seed016.probe.jsonl	/home/tatsu/lgrid/lg_w2_A_lam0.03//side/f0.5000_th2.1000_vt0.3842_first_order//seed016.probe.jsonl
/home/tatsu/lgrid_view/lg_w2_A_lam0.03/side/f0.5000_th2.1000_vt0.3842_first_order/seed011.answers.csv	/home/tatsu/lgrid/lg_w2_A_lam0.03//side/f0.5000_th2.1000_vt0.3842_first_order//seed011.answers.csv
/home/tatsu/lgrid_view/lg_w2_A_lam0.03/side/f0.5000_th2.1000_vt0.3842_first_order/seed003.probe.jsonl	/home/tatsu/lgrid/lg_w2_A_lam0.03//side/f0.5000_th2.1000_vt0.3842_first_order//seed003.probe.jsonl
/home/tatsu/lgrid_view/lg_w2_A_lam0.03/side/f0.5000_th2.1000_vt0.3842_first_order/seed008.shop.jsonl	/home/tatsu/lgrid/lg_w2_A_lam0.03//side/f0.5000_th2.1000_vt0.3842_first_order//seed008.shop.jsonl
/home/tatsu/lgrid_view/lg_w2_A_lam0.03/side/f0.5000_th2.1000_vt0.3842_first_order/seed002.answers.csv	/home/tatsu/lgrid/lg_w2_A_lam0.03//side/f0.5000_th2.1000_vt0.3842_first_order//seed002.answers.csv
/home/tatsu/lgrid_view/lg_w2_A_lam0.03/side/f0.5000_th2.1000_vt0.3842_first_order/seed001.ambig.csv	/home/tatsu/lgrid/lg_w2_A_lam0.03//side/f0.5000_th2.1000_vt0.3842_first_order//seed001.ambig.csv
/home/tatsu/lgrid_view/lg_w2_A_lam0.03/side/f0.5000_th2.1000_vt0.3842_first_order/seed004.shop.jsonl	/home/tatsu/lgrid/lg_w2_A_lam0.03//side/f0.5000_th2.1000_vt0.3842_first_order//seed004.shop.jsonl
/home/tatsu/lgrid_view/lg_w2_A_lam0.03/side/f0.5000_th2.1000_vt0.3842_first_order/seed004.ambig.csv	/home/tatsu/lgrid/lg_w2_A_lam0.03//side/f0.5000_th2.1000_vt0.3842_first_order//seed004.ambig.csv
/home/tatsu/lgrid_view/lg_w2_A_lam0.03/side/f0.5000_th2.1000_vt0.3842_first_order/seed003.answers.csv	/home/tatsu/lgrid/lg_w2_A_lam0.03//side/f0.5000_th2.1000_vt0.3842_first_order//seed003.answers.csv
/home/tatsu/lgrid_view/lg_w2_A_lam0.03/side/f0.5000_th2.1000_vt0.3842_first_order/seed016.answers.csv	/home/tatsu/lgrid/lg_w2_A_lam0.03//side/f0.5000_th2.1000_vt0.3842_first_order//seed016.answers.csv
/home/tatsu/lgrid_view/lg_w2_A_lam0.03/side/f0.5000_th2.1000_vt0.3842_first_order/seed007.answers.csv	/home/tatsu/lgrid/lg_w2_A_lam0.03//side/f0.5000_th2.1000_vt0.3842_first_order//seed007.answers.csv
/home/tatsu/lgrid_view/lg_w2_A_lam0.03/side/f0.5000_th2.1000_vt0.3842_first_order/seed009.shop.jsonl	/home/tatsu/lgrid/lg_w2_A_lam0.03//side/f0.5000_th2.1000_vt0.3842_first_order//seed009.shop.jsonl
/home/tatsu/lgrid_view/lg_w2_A_lam0.03/side/f0.5000_th2.1000_vt0.3842_first_order/seed002.probe.jsonl	/home/tatsu/lgrid/lg_w2_A_lam0.03//side/f0.5000_th2.1000_vt0.3842_first_order//seed002.probe.jsonl
/home/tatsu/lgrid_view/lg_w2_A_lam0.03/side/f0.5000_th2.1000_vt0.3842_first_order/seed018.ambig.csv	/home/tatsu/lgrid/lg_w2_A_lam0.03//side/f0.5000_th2.1000_vt0.3842_first_order//seed018.ambig.csv
/home/tatsu/lgrid_view/lg_w2_C_lam0.03/ledgers	/home/tatsu/lgrid/lg_w2_C_lam0.03//ledgers
/home/tatsu/lgrid_view/lg_w2_C_lam0.03/side/f0.5000_th2.1000_vt0.3842_first_order/seed003.shop.jsonl	/home/tatsu/lgrid/lg_w2_C_lam0.03//side/f0.5000_th2.1000_vt0.3842_first_order//seed003.shop.jsonl
/home/tatsu/lgrid_view/lg_w2_C_lam0.03/side/f0.5000_th2.1000_vt0.3842_first_order/seed011.shop.jsonl	/home/tatsu/lgrid/lg_w2_C_lam0.03//side/f0.5000_th2.1000_vt0.3842_first_order//seed011.shop.jsonl
/home/tatsu/lgrid_view/lg_w2_C_lam0.03/side/f0.5000_th2.1000_vt0.3842_first_order/seed020.shop.jsonl	/home/tatsu/lgrid/lg_w2_C_lam0.03//side/f0.5000_th2.1000_vt0.3842_first_order//seed020.shop.jsonl
/home/tatsu/lgrid_view/lg_w2_C_lam0.03/side/f0.5000_th2.1000_vt0.3842_first_order/seed008.ambig.csv	/home/tatsu/lgrid/lg_w2_C_lam0.03//side/f0.5000_th2.1000_vt0.3842_first_order//seed008.ambig.csv
/home/tatsu/lgrid_view/lg_w2_C_lam0.03/side/f0.5000_th2.1000_vt0.3842_first_order/seed003.ambig.csv	/home/tatsu/lgrid/lg_w2_C_lam0.03//side/f0.5000_th2.1000_vt0.3842_first_order//seed003.ambig.csv
/home/tatsu/lgrid_view/lg_w2_C_lam0.03/side/f0.5000_th2.1000_vt0.3842_first_order/seed013.ambig.csv	/home/tatsu/lgrid/lg_w2_C_lam0.03//side/f0.5000_th2.1000_vt0.3842_first_order//seed013.ambig.csv
/home/tatsu/lgrid_view/lg_w2_C_lam0.03/side/f0.5000_th2.1000_vt0.3842_first_order/seed004.answers.csv	/home/tatsu/lgrid/lg_w2_C_lam0.03//side/f0.5000_th2.1000_vt0.3842_first_order//seed004.answers.csv
/home/tatsu/lgrid_view/lg_w2_C_lam0.03/side/f0.5000_th2.1000_vt0.3842_first_order/seed019.probe.jsonl	/home/tatsu/lgrid/lg_w2_C_lam0.03//side/f0.5000_th2.1000_vt0.3842_first_order//seed019.probe.jsonl
/home/tatsu/lgrid_view/lg_w2_C_lam0.03/side/f0.5000_th2.1000_vt0.3842_first_order/seed001.shop.jsonl	/home/tatsu/lgrid/lg_w2_C_lam0.03//side/f0.5000_th2.1000_vt0.3842_first_order//seed001.shop.jsonl
/home/tatsu/lgrid_view/lg_w2_C_lam0.03/side/f0.5000_th2.1000_vt0.3842_first_order/seed016.shop.jsonl	/home/tatsu/lgrid/lg_w2_C_lam0.03//side/f0.5000_th2.1000_vt0.3842_first_order//seed016.shop.jsonl
/home/tatsu/lgrid_view/lg_w2_C_lam0.03/side/f0.5000_th2.1000_vt0.3842_first_order/seed006.probe.jsonl	/home/tatsu/lgrid/lg_w2_C_lam0.03//side/f0.5000_th2.1000_vt0.3842_first_order//seed006.probe.jsonl
/home/tatsu/lgrid_view/lg_w2_C_lam0.03/side/f0.5000_th2.1000_vt0.3842_first_order/seed013.shop.jsonl	/home/tatsu/lgrid/lg_w2_C_lam0.03//side/f0.5000_th2.1000_vt0.3842_first_order//seed013.shop.jsonl
/home/tatsu/lgrid_view/lg_w2_C_lam0.03/side/f0.5000_th2.1000_vt0.3842_first_order/seed012.probe.jsonl	/home/tatsu/lgrid/lg_w2_C_lam0.03//side/f0.5000_th2.1000_vt0.3842_first_order//seed012.probe.jsonl
/home/tatsu/lgrid_view/lg_w2_C_lam0.03/side/f0.5000_th2.1000_vt0.3842_first_order/seed008.answers.csv	/home/tatsu/lgrid/lg_w2_C_lam0.03//side/f0.5000_th2.1000_vt0.3842_first_order//seed008.answers.csv
/home/tatsu/lgrid_view/lg_w2_C_lam0.03/side/f0.5000_th2.1000_vt0.3842_first_order/seed012.shop.jsonl	/home/tatsu/lgrid/lg_w2_C_lam0.03//side/f0.5000_th2.1000_vt0.3842_first_order//seed012.shop.jsonl
/home/tatsu/lgrid_view/lg_w2_C_lam0.03/side/f0.5000_th2.1000_vt0.3842_first_order/seed004.probe.jsonl	/home/tatsu/lgrid/lg_w2_C_lam0.03//side/f0.5000_th2.1000_vt0.3842_first_order//seed004.probe.jsonl
/home/tatsu/lgrid_view/lg_w2_C_lam0.03/side/f0.5000_th2.1000_vt0.3842_first_order/seed015.answers.csv	/home/tatsu/lgrid/lg_w2_C_lam0.03//side/f0.5000_th2.1000_vt0.3842_first_order//seed015.answers.csv
/home/tatsu/lgrid_view/lg_w2_C_lam0.03/side/f0.5000_th2.1000_vt0.3842_first_order/seed005.ambig.csv	/home/tatsu/lgrid/lg_w2_C_lam0.03//side/f0.5000_th2.1000_vt0.3842_first_order//seed005.ambig.csv
/home/tatsu/lgrid_view/lg_w2_C_lam0.03/side/f0.5000_th2.1000_vt0.3842_first_order/seed006.shop.jsonl	/home/tatsu/lgrid/lg_w2_C_lam0.03//side/f0.5000_th2.1000_vt0.3842_first_order//seed006.shop.jsonl
/home/tatsu/lgrid_view/lg_w2_C_lam0.03/side/f0.5000_th2.1000_vt0.3842_first_order/seed007.shop.jsonl	/home/tatsu/lgrid/lg_w2_C_lam0.03//side/f0.5000_th2.1000_vt0.3842_first_order//seed007.shop.jsonl
/home/tatsu/lgrid_view/lg_w2_C_lam0.03/side/f0.5000_th2.1000_vt0.3842_first_order/seed010.probe.jsonl	/home/tatsu/lgrid/lg_w2_C_lam0.03//side/f0.5000_th2.1000_vt0.3842_first_order//seed010.probe.jsonl
/home/tatsu/lgrid_view/lg_w2_C_lam0.03/side/f0.5000_th2.1000_vt0.3842_first_order/seed007.ambig.csv	/home/tatsu/lgrid/lg_w2_C_lam0.03//side/f0.5000_th2.1000_vt0.3842_first_order//seed007.ambig.csv
/home/tatsu/lgrid_view/lg_w2_C_lam0.03/side/f0.5000_th2.1000_vt0.3842_first_order/seed020.probe.jsonl	/home/tatsu/lgrid/lg_w2_C_lam0.03//side/f0.5000_th2.1000_vt0.3842_first_order//seed020.probe.jsonl
/home/tatsu/lgrid_view/lg_w2_C_lam0.03/side/f0.5000_th2.1000_vt0.3842_first_order/seed014.probe.jsonl	/home/tatsu/lgrid/lg_w2_C_lam0.03//side/f0.5000_th2.1000_vt0.3842_first_order//seed014.probe.jsonl
/home/tatsu/lgrid_view/lg_w2_C_lam0.03/side/f0.5000_th2.1000_vt0.3842_first_order/seed014.ambig.csv	/home/tatsu/lgrid/lg_w2_C_lam0.03//side/f0.5000_th2.1000_vt0.3842_first_order//seed014.ambig.csv
/home/tatsu/lgrid_view/lg_w2_C_lam0.03/side/f0.5000_th2.1000_vt0.3842_first_order/seed012.answers.csv	/home/tatsu/lgrid/lg_w2_C_lam0.03//side/f0.5000_th2.1000_vt0.3842_first_order//seed012.answers.csv
/home/tatsu/lgrid_view/lg_w2_C_lam0.03/side/f0.5000_th2.1000_vt0.3842_first_order/seed016.ambig.csv	/home/tatsu/lgrid/lg_w2_C_lam0.03//side/f0.5000_th2.1000_vt0.3842_first_order//seed016.ambig.csv
/home/tatsu/lgrid_view/lg_w2_C_lam0.03/side/f0.5000_th2.1000_vt0.3842_first_order/seed013.answers.csv	/home/tatsu/lgrid/lg_w2_C_lam0.03//side/f0.5000_th2.1000_vt0.3842_first_order//seed013.answers.csv
/home/tatsu/lgrid_view/lg_w2_C_lam0.03/side/f0.5000_th2.1000_vt0.3842_first_order/seed014.answers.csv	/home/tatsu/lgrid/lg_w2_C_lam0.03//side/f0.5000_th2.1000_vt0.3842_first_order//seed014.answers.csv
/home/tatsu/lgrid_view/lg_w2_C_lam0.03/side/f0.5000_th2.1000_vt0.3842_first_order/seed019.ambig.csv	/home/tatsu/lgrid/lg_w2_C_lam0.03//side/f0.5000_th2.1000_vt0.3842_first_order//seed019.ambig.csv
/home/tatsu/lgrid_view/lg_w2_C_lam0.03/side/f0.5000_th2.1000_vt0.3842_first_order/seed017.answers.csv	/home/tatsu/lgrid/lg_w2_C_lam0.03//side/f0.5000_th2.1000_vt0.3842_first_order//seed017.answers.csv
/home/tatsu/lgrid_view/lg_w2_C_lam0.03/side/f0.5000_th2.1000_vt0.3842_first_order/seed009.answers.csv	/home/tatsu/lgrid/lg_w2_C_lam0.03//side/f0.5000_th2.1000_vt0.3842_first_order//seed009.answers.csv
/home/tatsu/lgrid_view/lg_w2_C_lam0.03/side/f0.5000_th2.1000_vt0.3842_first_order/seed015.ambig.csv	/home/tatsu/lgrid/lg_w2_C_lam0.03//side/f0.5000_th2.1000_vt0.3842_first_order//seed015.ambig.csv
/home/tatsu/lgrid_view/lg_w2_C_lam0.03/side/f0.5000_th2.1000_vt0.3842_first_order/seed010.shop.jsonl	/home/tatsu/lgrid/lg_w2_C_lam0.03//side/f0.5000_th2.1000_vt0.3842_first_order//seed010.shop.jsonl
/home/tatsu/lgrid_view/lg_w2_C_lam0.03/side/f0.5000_th2.1000_vt0.3842_first_order/seed001.probe.jsonl	/home/tatsu/lgrid/lg_w2_C_lam0.03//side/f0.5000_th2.1000_vt0.3842_first_order//seed001.probe.jsonl
/home/tatsu/lgrid_view/lg_w2_C_lam0.03/side/f0.5000_th2.1000_vt0.3842_first_order/seed015.shop.jsonl	/home/tatsu/lgrid/lg_w2_C_lam0.03//side/f0.5000_th2.1000_vt0.3842_first_order//seed015.shop.jsonl
/home/tatsu/lgrid_view/lg_w2_C_lam0.03/side/f0.5000_th2.1000_vt0.3842_first_order/seed018.probe.jsonl	/home/tatsu/lgrid/lg_w2_C_lam0.03//side/f0.5000_th2.1000_vt0.3842_first_order//seed018.probe.jsonl
/home/tatsu/lgrid_view/lg_w2_C_lam0.03/side/f0.5000_th2.1000_vt0.3842_first_order/seed020.answers.csv	/home/tatsu/lgrid/lg_w2_C_lam0.03//side/f0.5000_th2.1000_vt0.3842_first_order//seed020.answers.csv
/home/tatsu/lgrid_view/lg_w2_C_lam0.03/side/f0.5000_th2.1000_vt0.3842_first_order/seed010.answers.csv	/home/tatsu/lgrid/lg_w2_C_lam0.03//side/f0.5000_th2.1000_vt0.3842_first_order//seed010.answers.csv
/home/tatsu/lgrid_view/lg_w2_C_lam0.03/side/f0.5000_th2.1000_vt0.3842_first_order/seed005.answers.csv	/home/tatsu/lgrid/lg_w2_C_lam0.03//side/f0.5000_th2.1000_vt0.3842_first_order//seed005.answers.csv
/home/tatsu/lgrid_view/lg_w2_C_lam0.03/side/f0.5000_th2.1000_vt0.3842_first_order/seed011.probe.jsonl	/home/tatsu/lgrid/lg_w2_C_lam0.03//side/f0.5000_th2.1000_vt0.3842_first_order//seed011.probe.jsonl
/home/tatsu/lgrid_view/lg_w2_C_lam0.03/side/f0.5000_th2.1000_vt0.3842_first_order/seed017.shop.jsonl	/home/tatsu/lgrid/lg_w2_C_lam0.03//side/f0.5000_th2.1000_vt0.3842_first_order//seed017.shop.jsonl
/home/tatsu/lgrid_view/lg_w2_C_lam0.03/side/f0.5000_th2.1000_vt0.3842_first_order/seed002.ambig.csv	/home/tatsu/lgrid/lg_w2_C_lam0.03//side/f0.5000_th2.1000_vt0.3842_first_order//seed002.ambig.csv
/home/tatsu/lgrid_view/lg_w2_C_lam0.03/side/f0.5000_th2.1000_vt0.3842_first_order/seed020.ambig.csv	/home/tatsu/lgrid/lg_w2_C_lam0.03//side/f0.5000_th2.1000_vt0.3842_first_order//seed020.ambig.csv
/home/tatsu/lgrid_view/lg_w2_C_lam0.03/side/f0.5000_th2.1000_vt0.3842_first_order/seed017.ambig.csv	/home/tatsu/lgrid/lg_w2_C_lam0.03//side/f0.5000_th2.1000_vt0.3842_first_order//seed017.ambig.csv
/home/tatsu/lgrid_view/lg_w2_C_lam0.03/side/f0.5000_th2.1000_vt0.3842_first_order/seed005.shop.jsonl	/home/tatsu/lgrid/lg_w2_C_lam0.03//side/f0.5000_th2.1000_vt0.3842_first_order//seed005.shop.jsonl
/home/tatsu/lgrid_view/lg_w2_C_lam0.03/side/f0.5000_th2.1000_vt0.3842_first_order/seed018.shop.jsonl	/home/tatsu/lgrid/lg_w2_C_lam0.03//side/f0.5000_th2.1000_vt0.3842_first_order//seed018.shop.jsonl
/home/tatsu/lgrid_view/lg_w2_C_lam0.03/side/f0.5000_th2.1000_vt0.3842_first_order/seed002.shop.jsonl	/home/tatsu/lgrid/lg_w2_C_lam0.03//side/f0.5000_th2.1000_vt0.3842_first_order//seed002.shop.jsonl
/home/tatsu/lgrid_view/lg_w2_C_lam0.03/side/f0.5000_th2.1000_vt0.3842_first_order/seed017.probe.jsonl	/home/tatsu/lgrid/lg_w2_C_lam0.03//side/f0.5000_th2.1000_vt0.3842_first_order//seed017.probe.jsonl
/home/tatsu/lgrid_view/lg_w2_C_lam0.03/side/f0.5000_th2.1000_vt0.3842_first_order/seed010.ambig.csv	/home/tatsu/lgrid/lg_w2_C_lam0.03//side/f0.5000_th2.1000_vt0.3842_first_order//seed010.ambig.csv
/home/tatsu/lgrid_view/lg_w2_C_lam0.03/side/f0.5000_th2.1000_vt0.3842_first_order/seed009.probe.jsonl	/home/tatsu/lgrid/lg_w2_C_lam0.03//side/f0.5000_th2.1000_vt0.3842_first_order//seed009.probe.jsonl
/home/tatsu/lgrid_view/lg_w2_C_lam0.03/side/f0.5000_th2.1000_vt0.3842_first_order/seed015.probe.jsonl	/home/tatsu/lgrid/lg_w2_C_lam0.03//side/f0.5000_th2.1000_vt0.3842_first_order//seed015.probe.jsonl
/home/tatsu/lgrid_view/lg_w2_C_lam0.03/side/f0.5000_th2.1000_vt0.3842_first_order/seed006.ambig.csv	/home/tatsu/lgrid/lg_w2_C_lam0.03//side/f0.5000_th2.1000_vt0.3842_first_order//seed006.ambig.csv
/home/tatsu/lgrid_view/lg_w2_C_lam0.03/side/f0.5000_th2.1000_vt0.3842_first_order/seed009.ambig.csv	/home/tatsu/lgrid/lg_w2_C_lam0.03//side/f0.5000_th2.1000_vt0.3842_first_order//seed009.ambig.csv
/home/tatsu/lgrid_view/lg_w2_C_lam0.03/side/f0.5000_th2.1000_vt0.3842_first_order/seed001.answers.csv	/home/tatsu/lgrid/lg_w2_C_lam0.03//side/f0.5000_th2.1000_vt0.3842_first_order//seed001.answers.csv
/home/tatsu/lgrid_view/lg_w2_C_lam0.03/side/f0.5000_th2.1000_vt0.3842_first_order/seed011.ambig.csv	/home/tatsu/lgrid/lg_w2_C_lam0.03//side/f0.5000_th2.1000_vt0.3842_first_order//seed011.ambig.csv
/home/tatsu/lgrid_view/lg_w2_C_lam0.03/side/f0.5000_th2.1000_vt0.3842_first_order/seed006.answers.csv	/home/tatsu/lgrid/lg_w2_C_lam0.03//side/f0.5000_th2.1000_vt0.3842_first_order//seed006.answers.csv
/home/tatsu/lgrid_view/lg_w2_C_lam0.03/side/f0.5000_th2.1000_vt0.3842_first_order/seed012.ambig.csv	/home/tatsu/lgrid/lg_w2_C_lam0.03//side/f0.5000_th2.1000_vt0.3842_first_order//seed012.ambig.csv
/home/tatsu/lgrid_view/lg_w2_C_lam0.03/side/f0.5000_th2.1000_vt0.3842_first_order/seed018.answers.csv	/home/tatsu/lgrid/lg_w2_C_lam0.03//side/f0.5000_th2.1000_vt0.3842_first_order//seed018.answers.csv
/home/tatsu/lgrid_view/lg_w2_C_lam0.03/side/f0.5000_th2.1000_vt0.3842_first_order/seed005.probe.jsonl	/home/tatsu/lgrid/lg_w2_C_lam0.03//side/f0.5000_th2.1000_vt0.3842_first_order//seed005.probe.jsonl
/home/tatsu/lgrid_view/lg_w2_C_lam0.03/side/f0.5000_th2.1000_vt0.3842_first_order/seed007.probe.jsonl	/home/tatsu/lgrid/lg_w2_C_lam0.03//side/f0.5000_th2.1000_vt0.3842_first_order//seed007.probe.jsonl
/home/tatsu/lgrid_view/lg_w2_C_lam0.03/side/f0.5000_th2.1000_vt0.3842_first_order/seed013.probe.jsonl	/home/tatsu/lgrid/lg_w2_C_lam0.03//side/f0.5000_th2.1000_vt0.3842_first_order//seed013.probe.jsonl
/home/tatsu/lgrid_view/lg_w2_C_lam0.03/side/f0.5000_th2.1000_vt0.3842_first_order/seed014.shop.jsonl	/home/tatsu/lgrid/lg_w2_C_lam0.03//side/f0.5000_th2.1000_vt0.3842_first_order//seed014.shop.jsonl
/home/tatsu/lgrid_view/lg_w2_C_lam0.03/side/f0.5000_th2.1000_vt0.3842_first_order/seed008.probe.jsonl	/home/tatsu/lgrid/lg_w2_C_lam0.03//side/f0.5000_th2.1000_vt0.3842_first_order//seed008.probe.jsonl
/home/tatsu/lgrid_view/lg_w2_C_lam0.03/side/f0.5000_th2.1000_vt0.3842_first_order/seed019.shop.jsonl	/home/tatsu/lgrid/lg_w2_C_lam0.03//side/f0.5000_th2.1000_vt0.3842_first_order//seed019.shop.jsonl
/home/tatsu/lgrid_view/lg_w2_C_lam0.03/side/f0.5000_th2.1000_vt0.3842_first_order/seed019.answers.csv	/home/tatsu/lgrid/lg_w2_C_lam0.03//side/f0.5000_th2.1000_vt0.3842_first_order//seed019.answers.csv
/home/tatsu/lgrid_view/lg_w2_C_lam0.03/side/f0.5000_th2.1000_vt0.3842_first_order/seed016.probe.jsonl	/home/tatsu/lgrid/lg_w2_C_lam0.03//side/f0.5000_th2.1000_vt0.3842_first_order//seed016.probe.jsonl
/home/tatsu/lgrid_view/lg_w2_C_lam0.03/side/f0.5000_th2.1000_vt0.3842_first_order/seed011.answers.csv	/home/tatsu/lgrid/lg_w2_C_lam0.03//side/f0.5000_th2.1000_vt0.3842_first_order//seed011.answers.csv
/home/tatsu/lgrid_view/lg_w2_C_lam0.03/side/f0.5000_th2.1000_vt0.3842_first_order/seed003.probe.jsonl	/home/tatsu/lgrid/lg_w2_C_lam0.03//side/f0.5000_th2.1000_vt0.3842_first_order//seed003.probe.jsonl
/home/tatsu/lgrid_view/lg_w2_C_lam0.03/side/f0.5000_th2.1000_vt0.3842_first_order/seed008.shop.jsonl	/home/tatsu/lgrid/lg_w2_C_lam0.03//side/f0.5000_th2.1000_vt0.3842_first_order//seed008.shop.jsonl
/home/tatsu/lgrid_view/lg_w2_C_lam0.03/side/f0.5000_th2.1000_vt0.3842_first_order/seed002.answers.csv	/home/tatsu/lgrid/lg_w2_C_lam0.03//side/f0.5000_th2.1000_vt0.3842_first_order//seed002.answers.csv
/home/tatsu/lgrid_view/lg_w2_C_lam0.03/side/f0.5000_th2.1000_vt0.3842_first_order/seed001.ambig.csv	/home/tatsu/lgrid/lg_w2_C_lam0.03//side/f0.5000_th2.1000_vt0.3842_first_order//seed001.ambig.csv
/home/tatsu/lgrid_view/lg_w2_C_lam0.03/side/f0.5000_th2.1000_vt0.3842_first_order/seed004.shop.jsonl	/home/tatsu/lgrid/lg_w2_C_lam0.03//side/f0.5000_th2.1000_vt0.3842_first_order//seed004.shop.jsonl
/home/tatsu/lgrid_view/lg_w2_C_lam0.03/side/f0.5000_th2.1000_vt0.3842_first_order/seed004.ambig.csv	/home/tatsu/lgrid/lg_w2_C_lam0.03//side/f0.5000_th2.1000_vt0.3842_first_order//seed004.ambig.csv
/home/tatsu/lgrid_view/lg_w2_C_lam0.03/side/f0.5000_th2.1000_vt0.3842_first_order/seed003.answers.csv	/home/tatsu/lgrid/lg_w2_C_lam0.03//side/f0.5000_th2.1000_vt0.3842_first_order//seed003.answers.csv
/home/tatsu/lgrid_view/lg_w2_C_lam0.03/side/f0.5000_th2.1000_vt0.3842_first_order/seed016.answers.csv	/home/tatsu/lgrid/lg_w2_C_lam0.03//side/f0.5000_th2.1000_vt0.3842_first_order//seed016.answers.csv
/home/tatsu/lgrid_view/lg_w2_C_lam0.03/side/f0.5000_th2.1000_vt0.3842_first_order/seed007.answers.csv	/home/tatsu/lgrid/lg_w2_C_lam0.03//side/f0.5000_th2.1000_vt0.3842_first_order//seed007.answers.csv
/home/tatsu/lgrid_view/lg_w2_C_lam0.03/side/f0.5000_th2.1000_vt0.3842_first_order/seed009.shop.jsonl	/home/tatsu/lgrid/lg_w2_C_lam0.03//side/f0.5000_th2.1000_vt0.3842_first_order//seed009.shop.jsonl
/home/tatsu/lgrid_view/lg_w2_C_lam0.03/side/f0.5000_th2.1000_vt0.3842_first_order/seed002.probe.jsonl	/home/tatsu/lgrid/lg_w2_C_lam0.03//side/f0.5000_th2.1000_vt0.3842_first_order//seed002.probe.jsonl
/home/tatsu/lgrid_view/lg_w2_C_lam0.03/side/f0.5000_th2.1000_vt0.3842_first_order/seed018.ambig.csv	/home/tatsu/lgrid/lg_w2_C_lam0.03//side/f0.5000_th2.1000_vt0.3842_first_order//seed018.ambig.csv
/home/tatsu/lgrid_view/lg_w2_C_lam0.15/ledgers	/home/tatsu/lgrid/lg_w2_C_lam0.15//ledgers
/home/tatsu/lgrid_view/lg_w2_C_lam0.15/side/f0.5000_th2.1000_vt0.3842_first_order/seed003.shop.jsonl	/home/tatsu/lgrid/lg_w2_C_lam0.15//side/f0.5000_th2.1000_vt0.3842_first_order//seed003.shop.jsonl
/home/tatsu/lgrid_view/lg_w2_C_lam0.15/side/f0.5000_th2.1000_vt0.3842_first_order/seed011.shop.jsonl	/home/tatsu/lgrid/lg_w2_C_lam0.15//side/f0.5000_th2.1000_vt0.3842_first_order//seed011.shop.jsonl
/home/tatsu/lgrid_view/lg_w2_C_lam0.15/side/f0.5000_th2.1000_vt0.3842_first_order/seed020.shop.jsonl	/home/tatsu/lgrid/lg_w2_C_lam0.15//side/f0.5000_th2.1000_vt0.3842_first_order//seed020.shop.jsonl
/home/tatsu/lgrid_view/lg_w2_C_lam0.15/side/f0.5000_th2.1000_vt0.3842_first_order/seed008.ambig.csv	/home/tatsu/lgrid/lg_w2_C_lam0.15//side/f0.5000_th2.1000_vt0.3842_first_order//seed008.ambig.csv
/home/tatsu/lgrid_view/lg_w2_C_lam0.15/side/f0.5000_th2.1000_vt0.3842_first_order/seed003.ambig.csv	/home/tatsu/lgrid/lg_w2_C_lam0.15//side/f0.5000_th2.1000_vt0.3842_first_order//seed003.ambig.csv
/home/tatsu/lgrid_view/lg_w2_C_lam0.15/side/f0.5000_th2.1000_vt0.3842_first_order/seed013.ambig.csv	/home/tatsu/lgrid/lg_w2_C_lam0.15//side/f0.5000_th2.1000_vt0.3842_first_order//seed013.ambig.csv
/home/tatsu/lgrid_view/lg_w2_C_lam0.15/side/f0.5000_th2.1000_vt0.3842_first_order/seed004.answers.csv	/home/tatsu/lgrid/lg_w2_C_lam0.15//side/f0.5000_th2.1000_vt0.3842_first_order//seed004.answers.csv
/home/tatsu/lgrid_view/lg_w2_C_lam0.15/side/f0.5000_th2.1000_vt0.3842_first_order/seed019.probe.jsonl	/home/tatsu/lgrid/lg_w2_C_lam0.15//side/f0.5000_th2.1000_vt0.3842_first_order//seed019.probe.jsonl
/home/tatsu/lgrid_view/lg_w2_C_lam0.15/side/f0.5000_th2.1000_vt0.3842_first_order/seed001.shop.jsonl	/home/tatsu/lgrid/lg_w2_C_lam0.15//side/f0.5000_th2.1000_vt0.3842_first_order//seed001.shop.jsonl
/home/tatsu/lgrid_view/lg_w2_C_lam0.15/side/f0.5000_th2.1000_vt0.3842_first_order/seed016.shop.jsonl	/home/tatsu/lgrid/lg_w2_C_lam0.15//side/f0.5000_th2.1000_vt0.3842_first_order//seed016.shop.jsonl
/home/tatsu/lgrid_view/lg_w2_C_lam0.15/side/f0.5000_th2.1000_vt0.3842_first_order/seed006.probe.jsonl	/home/tatsu/lgrid/lg_w2_C_lam0.15//side/f0.5000_th2.1000_vt0.3842_first_order//seed006.probe.jsonl
/home/tatsu/lgrid_view/lg_w2_C_lam0.15/side/f0.5000_th2.1000_vt0.3842_first_order/seed013.shop.jsonl	/home/tatsu/lgrid/lg_w2_C_lam0.15//side/f0.5000_th2.1000_vt0.3842_first_order//seed013.shop.jsonl
/home/tatsu/lgrid_view/lg_w2_C_lam0.15/side/f0.5000_th2.1000_vt0.3842_first_order/seed012.probe.jsonl	/home/tatsu/lgrid/lg_w2_C_lam0.15//side/f0.5000_th2.1000_vt0.3842_first_order//seed012.probe.jsonl
/home/tatsu/lgrid_view/lg_w2_C_lam0.15/side/f0.5000_th2.1000_vt0.3842_first_order/seed008.answers.csv	/home/tatsu/lgrid/lg_w2_C_lam0.15//side/f0.5000_th2.1000_vt0.3842_first_order//seed008.answers.csv
/home/tatsu/lgrid_view/lg_w2_C_lam0.15/side/f0.5000_th2.1000_vt0.3842_first_order/seed012.shop.jsonl	/home/tatsu/lgrid/lg_w2_C_lam0.15//side/f0.5000_th2.1000_vt0.3842_first_order//seed012.shop.jsonl
/home/tatsu/lgrid_view/lg_w2_C_lam0.15/side/f0.5000_th2.1000_vt0.3842_first_order/seed004.probe.jsonl	/home/tatsu/lgrid/lg_w2_C_lam0.15//side/f0.5000_th2.1000_vt0.3842_first_order//seed004.probe.jsonl
/home/tatsu/lgrid_view/lg_w2_C_lam0.15/side/f0.5000_th2.1000_vt0.3842_first_order/seed015.answers.csv	/home/tatsu/lgrid/lg_w2_C_lam0.15//side/f0.5000_th2.1000_vt0.3842_first_order//seed015.answers.csv
/home/tatsu/lgrid_view/lg_w2_C_lam0.15/side/f0.5000_th2.1000_vt0.3842_first_order/seed005.ambig.csv	/home/tatsu/lgrid/lg_w2_C_lam0.15//side/f0.5000_th2.1000_vt0.3842_first_order//seed005.ambig.csv
/home/tatsu/lgrid_view/lg_w2_C_lam0.15/side/f0.5000_th2.1000_vt0.3842_first_order/seed006.shop.jsonl	/home/tatsu/lgrid/lg_w2_C_lam0.15//side/f0.5000_th2.1000_vt0.3842_first_order//seed006.shop.jsonl
/home/tatsu/lgrid_view/lg_w2_C_lam0.15/side/f0.5000_th2.1000_vt0.3842_first_order/seed007.shop.jsonl	/home/tatsu/lgrid/lg_w2_C_lam0.15//side/f0.5000_th2.1000_vt0.3842_first_order//seed007.shop.jsonl
/home/tatsu/lgrid_view/lg_w2_C_lam0.15/side/f0.5000_th2.1000_vt0.3842_first_order/seed010.probe.jsonl	/home/tatsu/lgrid/lg_w2_C_lam0.15//side/f0.5000_th2.1000_vt0.3842_first_order//seed010.probe.jsonl
/home/tatsu/lgrid_view/lg_w2_C_lam0.15/side/f0.5000_th2.1000_vt0.3842_first_order/seed007.ambig.csv	/home/tatsu/lgrid/lg_w2_C_lam0.15//side/f0.5000_th2.1000_vt0.3842_first_order//seed007.ambig.csv
/home/tatsu/lgrid_view/lg_w2_C_lam0.15/side/f0.5000_th2.1000_vt0.3842_first_order/seed020.probe.jsonl	/home/tatsu/lgrid/lg_w2_C_lam0.15//side/f0.5000_th2.1000_vt0.3842_first_order//seed020.probe.jsonl
/home/tatsu/lgrid_view/lg_w2_C_lam0.15/side/f0.5000_th2.1000_vt0.3842_first_order/seed014.probe.jsonl	/home/tatsu/lgrid/lg_w2_C_lam0.15//side/f0.5000_th2.1000_vt0.3842_first_order//seed014.probe.jsonl
/home/tatsu/lgrid_view/lg_w2_C_lam0.15/side/f0.5000_th2.1000_vt0.3842_first_order/seed014.ambig.csv	/home/tatsu/lgrid/lg_w2_C_lam0.15//side/f0.5000_th2.1000_vt0.3842_first_order//seed014.ambig.csv
/home/tatsu/lgrid_view/lg_w2_C_lam0.15/side/f0.5000_th2.1000_vt0.3842_first_order/seed012.answers.csv	/home/tatsu/lgrid/lg_w2_C_lam0.15//side/f0.5000_th2.1000_vt0.3842_first_order//seed012.answers.csv
/home/tatsu/lgrid_view/lg_w2_C_lam0.15/side/f0.5000_th2.1000_vt0.3842_first_order/seed016.ambig.csv	/home/tatsu/lgrid/lg_w2_C_lam0.15//side/f0.5000_th2.1000_vt0.3842_first_order//seed016.ambig.csv
/home/tatsu/lgrid_view/lg_w2_C_lam0.15/side/f0.5000_th2.1000_vt0.3842_first_order/seed013.answers.csv	/home/tatsu/lgrid/lg_w2_C_lam0.15//side/f0.5000_th2.1000_vt0.3842_first_order//seed013.answers.csv
/home/tatsu/lgrid_view/lg_w2_C_lam0.15/side/f0.5000_th2.1000_vt0.3842_first_order/seed014.answers.csv	/home/tatsu/lgrid/lg_w2_C_lam0.15//side/f0.5000_th2.1000_vt0.3842_first_order//seed014.answers.csv
/home/tatsu/lgrid_view/lg_w2_C_lam0.15/side/f0.5000_th2.1000_vt0.3842_first_order/seed019.ambig.csv	/home/tatsu/lgrid/lg_w2_C_lam0.15//side/f0.5000_th2.1000_vt0.3842_first_order//seed019.ambig.csv
/home/tatsu/lgrid_view/lg_w2_C_lam0.15/side/f0.5000_th2.1000_vt0.3842_first_order/seed017.answers.csv	/home/tatsu/lgrid/lg_w2_C_lam0.15//side/f0.5000_th2.1000_vt0.3842_first_order//seed017.answers.csv
/home/tatsu/lgrid_view/lg_w2_C_lam0.15/side/f0.5000_th2.1000_vt0.3842_first_order/seed009.answers.csv	/home/tatsu/lgrid/lg_w2_C_lam0.15//side/f0.5000_th2.1000_vt0.3842_first_order//seed009.answers.csv
/home/tatsu/lgrid_view/lg_w2_C_lam0.15/side/f0.5000_th2.1000_vt0.3842_first_order/seed015.ambig.csv	/home/tatsu/lgrid/lg_w2_C_lam0.15//side/f0.5000_th2.1000_vt0.3842_first_order//seed015.ambig.csv
/home/tatsu/lgrid_view/lg_w2_C_lam0.15/side/f0.5000_th2.1000_vt0.3842_first_order/seed010.shop.jsonl	/home/tatsu/lgrid/lg_w2_C_lam0.15//side/f0.5000_th2.1000_vt0.3842_first_order//seed010.shop.jsonl
/home/tatsu/lgrid_view/lg_w2_C_lam0.15/side/f0.5000_th2.1000_vt0.3842_first_order/seed001.probe.jsonl	/home/tatsu/lgrid/lg_w2_C_lam0.15//side/f0.5000_th2.1000_vt0.3842_first_order//seed001.probe.jsonl
/home/tatsu/lgrid_view/lg_w2_C_lam0.15/side/f0.5000_th2.1000_vt0.3842_first_order/seed015.shop.jsonl	/home/tatsu/lgrid/lg_w2_C_lam0.15//side/f0.5000_th2.1000_vt0.3842_first_order//seed015.shop.jsonl
/home/tatsu/lgrid_view/lg_w2_C_lam0.15/side/f0.5000_th2.1000_vt0.3842_first_order/seed018.probe.jsonl	/home/tatsu/lgrid/lg_w2_C_lam0.15//side/f0.5000_th2.1000_vt0.3842_first_order//seed018.probe.jsonl
/home/tatsu/lgrid_view/lg_w2_C_lam0.15/side/f0.5000_th2.1000_vt0.3842_first_order/seed020.answers.csv	/home/tatsu/lgrid/lg_w2_C_lam0.15//side/f0.5000_th2.1000_vt0.3842_first_order//seed020.answers.csv
/home/tatsu/lgrid_view/lg_w2_C_lam0.15/side/f0.5000_th2.1000_vt0.3842_first_order/seed010.answers.csv	/home/tatsu/lgrid/lg_w2_C_lam0.15//side/f0.5000_th2.1000_vt0.3842_first_order//seed010.answers.csv
/home/tatsu/lgrid_view/lg_w2_C_lam0.15/side/f0.5000_th2.1000_vt0.3842_first_order/seed005.answers.csv	/home/tatsu/lgrid/lg_w2_C_lam0.15//side/f0.5000_th2.1000_vt0.3842_first_order//seed005.answers.csv
/home/tatsu/lgrid_view/lg_w2_C_lam0.15/side/f0.5000_th2.1000_vt0.3842_first_order/seed011.probe.jsonl	/home/tatsu/lgrid/lg_w2_C_lam0.15//side/f0.5000_th2.1000_vt0.3842_first_order//seed011.probe.jsonl
/home/tatsu/lgrid_view/lg_w2_C_lam0.15/side/f0.5000_th2.1000_vt0.3842_first_order/seed017.shop.jsonl	/home/tatsu/lgrid/lg_w2_C_lam0.15//side/f0.5000_th2.1000_vt0.3842_first_order//seed017.shop.jsonl
/home/tatsu/lgrid_view/lg_w2_C_lam0.15/side/f0.5000_th2.1000_vt0.3842_first_order/seed002.ambig.csv	/home/tatsu/lgrid/lg_w2_C_lam0.15//side/f0.5000_th2.1000_vt0.3842_first_order//seed002.ambig.csv
/home/tatsu/lgrid_view/lg_w2_C_lam0.15/side/f0.5000_th2.1000_vt0.3842_first_order/seed020.ambig.csv	/home/tatsu/lgrid/lg_w2_C_lam0.15//side/f0.5000_th2.1000_vt0.3842_first_order//seed020.ambig.csv
/home/tatsu/lgrid_view/lg_w2_C_lam0.15/side/f0.5000_th2.1000_vt0.3842_first_order/seed017.ambig.csv	/home/tatsu/lgrid/lg_w2_C_lam0.15//side/f0.5000_th2.1000_vt0.3842_first_order//seed017.ambig.csv
/home/tatsu/lgrid_view/lg_w2_C_lam0.15/side/f0.5000_th2.1000_vt0.3842_first_order/seed005.shop.jsonl	/home/tatsu/lgrid/lg_w2_C_lam0.15//side/f0.5000_th2.1000_vt0.3842_first_order//seed005.shop.jsonl
/home/tatsu/lgrid_view/lg_w2_C_lam0.15/side/f0.5000_th2.1000_vt0.3842_first_order/seed018.shop.jsonl	/home/tatsu/lgrid/lg_w2_C_lam0.15//side/f0.5000_th2.1000_vt0.3842_first_order//seed018.shop.jsonl
/home/tatsu/lgrid_view/lg_w2_C_lam0.15/side/f0.5000_th2.1000_vt0.3842_first_order/seed002.shop.jsonl	/home/tatsu/lgrid/lg_w2_C_lam0.15//side/f0.5000_th2.1000_vt0.3842_first_order//seed002.shop.jsonl
/home/tatsu/lgrid_view/lg_w2_C_lam0.15/side/f0.5000_th2.1000_vt0.3842_first_order/seed017.probe.jsonl	/home/tatsu/lgrid/lg_w2_C_lam0.15//side/f0.5000_th2.1000_vt0.3842_first_order//seed017.probe.jsonl
/home/tatsu/lgrid_view/lg_w2_C_lam0.15/side/f0.5000_th2.1000_vt0.3842_first_order/seed010.ambig.csv	/home/tatsu/lgrid/lg_w2_C_lam0.15//side/f0.5000_th2.1000_vt0.3842_first_order//seed010.ambig.csv
/home/tatsu/lgrid_view/lg_w2_C_lam0.15/side/f0.5000_th2.1000_vt0.3842_first_order/seed009.probe.jsonl	/home/tatsu/lgrid/lg_w2_C_lam0.15//side/f0.5000_th2.1000_vt0.3842_first_order//seed009.probe.jsonl
/home/tatsu/lgrid_view/lg_w2_C_lam0.15/side/f0.5000_th2.1000_vt0.3842_first_order/seed015.probe.jsonl	/home/tatsu/lgrid/lg_w2_C_lam0.15//side/f0.5000_th2.1000_vt0.3842_first_order//seed015.probe.jsonl
/home/tatsu/lgrid_view/lg_w2_C_lam0.15/side/f0.5000_th2.1000_vt0.3842_first_order/seed006.ambig.csv	/home/tatsu/lgrid/lg_w2_C_lam0.15//side/f0.5000_th2.1000_vt0.3842_first_order//seed006.ambig.csv
/home/tatsu/lgrid_view/lg_w2_C_lam0.15/side/f0.5000_th2.1000_vt0.3842_first_order/seed009.ambig.csv	/home/tatsu/lgrid/lg_w2_C_lam0.15//side/f0.5000_th2.1000_vt0.3842_first_order//seed009.ambig.csv
/home/tatsu/lgrid_view/lg_w2_C_lam0.15/side/f0.5000_th2.1000_vt0.3842_first_order/seed001.answers.csv	/home/tatsu/lgrid/lg_w2_C_lam0.15//side/f0.5000_th2.1000_vt0.3842_first_order//seed001.answers.csv
/home/tatsu/lgrid_view/lg_w2_C_lam0.15/side/f0.5000_th2.1000_vt0.3842_first_order/seed011.ambig.csv	/home/tatsu/lgrid/lg_w2_C_lam0.15//side/f0.5000_th2.1000_vt0.3842_first_order//seed011.ambig.csv
/home/tatsu/lgrid_view/lg_w2_C_lam0.15/side/f0.5000_th2.1000_vt0.3842_first_order/seed006.answers.csv	/home/tatsu/lgrid/lg_w2_C_lam0.15//side/f0.5000_th2.1000_vt0.3842_first_order//seed006.answers.csv
/home/tatsu/lgrid_view/lg_w2_C_lam0.15/side/f0.5000_th2.1000_vt0.3842_first_order/seed012.ambig.csv	/home/tatsu/lgrid/lg_w2_C_lam0.15//side/f0.5000_th2.1000_vt0.3842_first_order//seed012.ambig.csv
/home/tatsu/lgrid_view/lg_w2_C_lam0.15/side/f0.5000_th2.1000_vt0.3842_first_order/seed018.answers.csv	/home/tatsu/lgrid/lg_w2_C_lam0.15//side/f0.5000_th2.1000_vt0.3842_first_order//seed018.answers.csv
/home/tatsu/lgrid_view/lg_w2_C_lam0.15/side/f0.5000_th2.1000_vt0.3842_first_order/seed005.probe.jsonl	/home/tatsu/lgrid/lg_w2_C_lam0.15//side/f0.5000_th2.1000_vt0.3842_first_order//seed005.probe.jsonl
/home/tatsu/lgrid_view/lg_w2_C_lam0.15/side/f0.5000_th2.1000_vt0.3842_first_order/seed007.probe.jsonl	/home/tatsu/lgrid/lg_w2_C_lam0.15//side/f0.5000_th2.1000_vt0.3842_first_order//seed007.probe.jsonl
/home/tatsu/lgrid_view/lg_w2_C_lam0.15/side/f0.5000_th2.1000_vt0.3842_first_order/seed013.probe.jsonl	/home/tatsu/lgrid/lg_w2_C_lam0.15//side/f0.5000_th2.1000_vt0.3842_first_order//seed013.probe.jsonl
/home/tatsu/lgrid_view/lg_w2_C_lam0.15/side/f0.5000_th2.1000_vt0.3842_first_order/seed014.shop.jsonl	/home/tatsu/lgrid/lg_w2_C_lam0.15//side/f0.5000_th2.1000_vt0.3842_first_order//seed014.shop.jsonl
/home/tatsu/lgrid_view/lg_w2_C_lam0.15/side/f0.5000_th2.1000_vt0.3842_first_order/seed008.probe.jsonl	/home/tatsu/lgrid/lg_w2_C_lam0.15//side/f0.5000_th2.1000_vt0.3842_first_order//seed008.probe.jsonl
/home/tatsu/lgrid_view/lg_w2_C_lam0.15/side/f0.5000_th2.1000_vt0.3842_first_order/seed019.shop.jsonl	/home/tatsu/lgrid/lg_w2_C_lam0.15//side/f0.5000_th2.1000_vt0.3842_first_order//seed019.shop.jsonl
/home/tatsu/lgrid_view/lg_w2_C_lam0.15/side/f0.5000_th2.1000_vt0.3842_first_order/seed019.answers.csv	/home/tatsu/lgrid/lg_w2_C_lam0.15//side/f0.5000_th2.1000_vt0.3842_first_order//seed019.answers.csv
/home/tatsu/lgrid_view/lg_w2_C_lam0.15/side/f0.5000_th2.1000_vt0.3842_first_order/seed016.probe.jsonl	/home/tatsu/lgrid/lg_w2_C_lam0.15//side/f0.5000_th2.1000_vt0.3842_first_order//seed016.probe.jsonl
/home/tatsu/lgrid_view/lg_w2_C_lam0.15/side/f0.5000_th2.1000_vt0.3842_first_order/seed011.answers.csv	/home/tatsu/lgrid/lg_w2_C_lam0.15//side/f0.5000_th2.1000_vt0.3842_first_order//seed011.answers.csv
/home/tatsu/lgrid_view/lg_w2_C_lam0.15/side/f0.5000_th2.1000_vt0.3842_first_order/seed003.probe.jsonl	/home/tatsu/lgrid/lg_w2_C_lam0.15//side/f0.5000_th2.1000_vt0.3842_first_order//seed003.probe.jsonl
/home/tatsu/lgrid_view/lg_w2_C_lam0.15/side/f0.5000_th2.1000_vt0.3842_first_order/seed008.shop.jsonl	/home/tatsu/lgrid/lg_w2_C_lam0.15//side/f0.5000_th2.1000_vt0.3842_first_order//seed008.shop.jsonl
/home/tatsu/lgrid_view/lg_w2_C_lam0.15/side/f0.5000_th2.1000_vt0.3842_first_order/seed002.answers.csv	/home/tatsu/lgrid/lg_w2_C_lam0.15//side/f0.5000_th2.1000_vt0.3842_first_order//seed002.answers.csv
/home/tatsu/lgrid_view/lg_w2_C_lam0.15/side/f0.5000_th2.1000_vt0.3842_first_order/seed001.ambig.csv	/home/tatsu/lgrid/lg_w2_C_lam0.15//side/f0.5000_th2.1000_vt0.3842_first_order//seed001.ambig.csv
/home/tatsu/lgrid_view/lg_w2_C_lam0.15/side/f0.5000_th2.1000_vt0.3842_first_order/seed004.shop.jsonl	/home/tatsu/lgrid/lg_w2_C_lam0.15//side/f0.5000_th2.1000_vt0.3842_first_order//seed004.shop.jsonl
/home/tatsu/lgrid_view/lg_w2_C_lam0.15/side/f0.5000_th2.1000_vt0.3842_first_order/seed004.ambig.csv	/home/tatsu/lgrid/lg_w2_C_lam0.15//side/f0.5000_th2.1000_vt0.3842_first_order//seed004.ambig.csv
/home/tatsu/lgrid_view/lg_w2_C_lam0.15/side/f0.5000_th2.1000_vt0.3842_first_order/seed003.answers.csv	/home/tatsu/lgrid/lg_w2_C_lam0.15//side/f0.5000_th2.1000_vt0.3842_first_order//seed003.answers.csv
/home/tatsu/lgrid_view/lg_w2_C_lam0.15/side/f0.5000_th2.1000_vt0.3842_first_order/seed016.answers.csv	/home/tatsu/lgrid/lg_w2_C_lam0.15//side/f0.5000_th2.1000_vt0.3842_first_order//seed016.answers.csv
/home/tatsu/lgrid_view/lg_w2_C_lam0.15/side/f0.5000_th2.1000_vt0.3842_first_order/seed007.answers.csv	/home/tatsu/lgrid/lg_w2_C_lam0.15//side/f0.5000_th2.1000_vt0.3842_first_order//seed007.answers.csv
/home/tatsu/lgrid_view/lg_w2_C_lam0.15/side/f0.5000_th2.1000_vt0.3842_first_order/seed009.shop.jsonl	/home/tatsu/lgrid/lg_w2_C_lam0.15//side/f0.5000_th2.1000_vt0.3842_first_order//seed009.shop.jsonl
/home/tatsu/lgrid_view/lg_w2_C_lam0.15/side/f0.5000_th2.1000_vt0.3842_first_order/seed002.probe.jsonl	/home/tatsu/lgrid/lg_w2_C_lam0.15//side/f0.5000_th2.1000_vt0.3842_first_order//seed002.probe.jsonl
/home/tatsu/lgrid_view/lg_w2_C_lam0.15/side/f0.5000_th2.1000_vt0.3842_first_order/seed018.ambig.csv	/home/tatsu/lgrid/lg_w2_C_lam0.15//side/f0.5000_th2.1000_vt0.3842_first_order//seed018.ambig.csv
/home/tatsu/lgrid_view/lg_w2_C_lam0.065/ledgers	/home/tatsu/lgrid/lg_w2_C_lam0.065//ledgers
/home/tatsu/lgrid_view/lg_w2_C_lam0.065/side/f0.5000_th2.1000_vt0.3842_first_order/seed003.shop.jsonl	/home/tatsu/lgrid/lg_w2_C_lam0.065//side/f0.5000_th2.1000_vt0.3842_first_order//seed003.shop.jsonl
/home/tatsu/lgrid_view/lg_w2_C_lam0.065/side/f0.5000_th2.1000_vt0.3842_first_order/seed011.shop.jsonl	/home/tatsu/lgrid/lg_w2_C_lam0.065//side/f0.5000_th2.1000_vt0.3842_first_order//seed011.shop.jsonl
/home/tatsu/lgrid_view/lg_w2_C_lam0.065/side/f0.5000_th2.1000_vt0.3842_first_order/seed020.shop.jsonl	/home/tatsu/lgrid/lg_w2_C_lam0.065//side/f0.5000_th2.1000_vt0.3842_first_order//seed020.shop.jsonl
/home/tatsu/lgrid_view/lg_w2_C_lam0.065/side/f0.5000_th2.1000_vt0.3842_first_order/seed008.ambig.csv	/home/tatsu/lgrid/lg_w2_C_lam0.065//side/f0.5000_th2.1000_vt0.3842_first_order//seed008.ambig.csv
/home/tatsu/lgrid_view/lg_w2_C_lam0.065/side/f0.5000_th2.1000_vt0.3842_first_order/seed003.ambig.csv	/home/tatsu/lgrid/lg_w2_C_lam0.065//side/f0.5000_th2.1000_vt0.3842_first_order//seed003.ambig.csv
/home/tatsu/lgrid_view/lg_w2_C_lam0.065/side/f0.5000_th2.1000_vt0.3842_first_order/seed013.ambig.csv	/home/tatsu/lgrid/lg_w2_C_lam0.065//side/f0.5000_th2.1000_vt0.3842_first_order//seed013.ambig.csv
/home/tatsu/lgrid_view/lg_w2_C_lam0.065/side/f0.5000_th2.1000_vt0.3842_first_order/seed004.answers.csv	/home/tatsu/lgrid/lg_w2_C_lam0.065//side/f0.5000_th2.1000_vt0.3842_first_order//seed004.answers.csv
/home/tatsu/lgrid_view/lg_w2_C_lam0.065/side/f0.5000_th2.1000_vt0.3842_first_order/seed019.probe.jsonl	/home/tatsu/lgrid/lg_w2_C_lam0.065//side/f0.5000_th2.1000_vt0.3842_first_order//seed019.probe.jsonl
/home/tatsu/lgrid_view/lg_w2_C_lam0.065/side/f0.5000_th2.1000_vt0.3842_first_order/seed001.shop.jsonl	/home/tatsu/lgrid/lg_w2_C_lam0.065//side/f0.5000_th2.1000_vt0.3842_first_order//seed001.shop.jsonl
/home/tatsu/lgrid_view/lg_w2_C_lam0.065/side/f0.5000_th2.1000_vt0.3842_first_order/seed016.shop.jsonl	/home/tatsu/lgrid/lg_w2_C_lam0.065//side/f0.5000_th2.1000_vt0.3842_first_order//seed016.shop.jsonl
/home/tatsu/lgrid_view/lg_w2_C_lam0.065/side/f0.5000_th2.1000_vt0.3842_first_order/seed006.probe.jsonl	/home/tatsu/lgrid/lg_w2_C_lam0.065//side/f0.5000_th2.1000_vt0.3842_first_order//seed006.probe.jsonl
/home/tatsu/lgrid_view/lg_w2_C_lam0.065/side/f0.5000_th2.1000_vt0.3842_first_order/seed013.shop.jsonl	/home/tatsu/lgrid/lg_w2_C_lam0.065//side/f0.5000_th2.1000_vt0.3842_first_order//seed013.shop.jsonl
/home/tatsu/lgrid_view/lg_w2_C_lam0.065/side/f0.5000_th2.1000_vt0.3842_first_order/seed012.probe.jsonl	/home/tatsu/lgrid/lg_w2_C_lam0.065//side/f0.5000_th2.1000_vt0.3842_first_order//seed012.probe.jsonl
/home/tatsu/lgrid_view/lg_w2_C_lam0.065/side/f0.5000_th2.1000_vt0.3842_first_order/seed008.answers.csv	/home/tatsu/lgrid/lg_w2_C_lam0.065//side/f0.5000_th2.1000_vt0.3842_first_order//seed008.answers.csv
/home/tatsu/lgrid_view/lg_w2_C_lam0.065/side/f0.5000_th2.1000_vt0.3842_first_order/seed012.shop.jsonl	/home/tatsu/lgrid/lg_w2_C_lam0.065//side/f0.5000_th2.1000_vt0.3842_first_order//seed012.shop.jsonl
/home/tatsu/lgrid_view/lg_w2_C_lam0.065/side/f0.5000_th2.1000_vt0.3842_first_order/seed004.probe.jsonl	/home/tatsu/lgrid/lg_w2_C_lam0.065//side/f0.5000_th2.1000_vt0.3842_first_order//seed004.probe.jsonl
/home/tatsu/lgrid_view/lg_w2_C_lam0.065/side/f0.5000_th2.1000_vt0.3842_first_order/seed015.answers.csv	/home/tatsu/lgrid/lg_w2_C_lam0.065//side/f0.5000_th2.1000_vt0.3842_first_order//seed015.answers.csv
/home/tatsu/lgrid_view/lg_w2_C_lam0.065/side/f0.5000_th2.1000_vt0.3842_first_order/seed005.ambig.csv	/home/tatsu/lgrid/lg_w2_C_lam0.065//side/f0.5000_th2.1000_vt0.3842_first_order//seed005.ambig.csv
/home/tatsu/lgrid_view/lg_w2_C_lam0.065/side/f0.5000_th2.1000_vt0.3842_first_order/seed006.shop.jsonl	/home/tatsu/lgrid/lg_w2_C_lam0.065//side/f0.5000_th2.1000_vt0.3842_first_order//seed006.shop.jsonl
/home/tatsu/lgrid_view/lg_w2_C_lam0.065/side/f0.5000_th2.1000_vt0.3842_first_order/seed007.shop.jsonl	/home/tatsu/lgrid/lg_w2_C_lam0.065//side/f0.5000_th2.1000_vt0.3842_first_order//seed007.shop.jsonl
/home/tatsu/lgrid_view/lg_w2_C_lam0.065/side/f0.5000_th2.1000_vt0.3842_first_order/seed010.probe.jsonl	/home/tatsu/lgrid/lg_w2_C_lam0.065//side/f0.5000_th2.1000_vt0.3842_first_order//seed010.probe.jsonl
/home/tatsu/lgrid_view/lg_w2_C_lam0.065/side/f0.5000_th2.1000_vt0.3842_first_order/seed007.ambig.csv	/home/tatsu/lgrid/lg_w2_C_lam0.065//side/f0.5000_th2.1000_vt0.3842_first_order//seed007.ambig.csv
/home/tatsu/lgrid_view/lg_w2_C_lam0.065/side/f0.5000_th2.1000_vt0.3842_first_order/seed020.probe.jsonl	/home/tatsu/lgrid/lg_w2_C_lam0.065//side/f0.5000_th2.1000_vt0.3842_first_order//seed020.probe.jsonl
/home/tatsu/lgrid_view/lg_w2_C_lam0.065/side/f0.5000_th2.1000_vt0.3842_first_order/seed014.probe.jsonl	/home/tatsu/lgrid/lg_w2_C_lam0.065//side/f0.5000_th2.1000_vt0.3842_first_order//seed014.probe.jsonl
/home/tatsu/lgrid_view/lg_w2_C_lam0.065/side/f0.5000_th2.1000_vt0.3842_first_order/seed014.ambig.csv	/home/tatsu/lgrid/lg_w2_C_lam0.065//side/f0.5000_th2.1000_vt0.3842_first_order//seed014.ambig.csv
/home/tatsu/lgrid_view/lg_w2_C_lam0.065/side/f0.5000_th2.1000_vt0.3842_first_order/seed012.answers.csv	/home/tatsu/lgrid/lg_w2_C_lam0.065//side/f0.5000_th2.1000_vt0.3842_first_order//seed012.answers.csv
/home/tatsu/lgrid_view/lg_w2_C_lam0.065/side/f0.5000_th2.1000_vt0.3842_first_order/seed016.ambig.csv	/home/tatsu/lgrid/lg_w2_C_lam0.065//side/f0.5000_th2.1000_vt0.3842_first_order//seed016.ambig.csv
/home/tatsu/lgrid_view/lg_w2_C_lam0.065/side/f0.5000_th2.1000_vt0.3842_first_order/seed013.answers.csv	/home/tatsu/lgrid/lg_w2_C_lam0.065//side/f0.5000_th2.1000_vt0.3842_first_order//seed013.answers.csv
/home/tatsu/lgrid_view/lg_w2_C_lam0.065/side/f0.5000_th2.1000_vt0.3842_first_order/seed014.answers.csv	/home/tatsu/lgrid/lg_w2_C_lam0.065//side/f0.5000_th2.1000_vt0.3842_first_order//seed014.answers.csv
/home/tatsu/lgrid_view/lg_w2_C_lam0.065/side/f0.5000_th2.1000_vt0.3842_first_order/seed019.ambig.csv	/home/tatsu/lgrid/lg_w2_C_lam0.065//side/f0.5000_th2.1000_vt0.3842_first_order//seed019.ambig.csv
/home/tatsu/lgrid_view/lg_w2_C_lam0.065/side/f0.5000_th2.1000_vt0.3842_first_order/seed017.answers.csv	/home/tatsu/lgrid/lg_w2_C_lam0.065//side/f0.5000_th2.1000_vt0.3842_first_order//seed017.answers.csv
/home/tatsu/lgrid_view/lg_w2_C_lam0.065/side/f0.5000_th2.1000_vt0.3842_first_order/seed009.answers.csv	/home/tatsu/lgrid/lg_w2_C_lam0.065//side/f0.5000_th2.1000_vt0.3842_first_order//seed009.answers.csv
/home/tatsu/lgrid_view/lg_w2_C_lam0.065/side/f0.5000_th2.1000_vt0.3842_first_order/seed015.ambig.csv	/home/tatsu/lgrid/lg_w2_C_lam0.065//side/f0.5000_th2.1000_vt0.3842_first_order//seed015.ambig.csv
/home/tatsu/lgrid_view/lg_w2_C_lam0.065/side/f0.5000_th2.1000_vt0.3842_first_order/seed010.shop.jsonl	/home/tatsu/lgrid/lg_w2_C_lam0.065//side/f0.5000_th2.1000_vt0.3842_first_order//seed010.shop.jsonl
/home/tatsu/lgrid_view/lg_w2_C_lam0.065/side/f0.5000_th2.1000_vt0.3842_first_order/seed001.probe.jsonl	/home/tatsu/lgrid/lg_w2_C_lam0.065//side/f0.5000_th2.1000_vt0.3842_first_order//seed001.probe.jsonl
/home/tatsu/lgrid_view/lg_w2_C_lam0.065/side/f0.5000_th2.1000_vt0.3842_first_order/seed015.shop.jsonl	/home/tatsu/lgrid/lg_w2_C_lam0.065//side/f0.5000_th2.1000_vt0.3842_first_order//seed015.shop.jsonl
/home/tatsu/lgrid_view/lg_w2_C_lam0.065/side/f0.5000_th2.1000_vt0.3842_first_order/seed018.probe.jsonl	/home/tatsu/lgrid/lg_w2_C_lam0.065//side/f0.5000_th2.1000_vt0.3842_first_order//seed018.probe.jsonl
/home/tatsu/lgrid_view/lg_w2_C_lam0.065/side/f0.5000_th2.1000_vt0.3842_first_order/seed020.answers.csv	/home/tatsu/lgrid/lg_w2_C_lam0.065//side/f0.5000_th2.1000_vt0.3842_first_order//seed020.answers.csv
/home/tatsu/lgrid_view/lg_w2_C_lam0.065/side/f0.5000_th2.1000_vt0.3842_first_order/seed010.answers.csv	/home/tatsu/lgrid/lg_w2_C_lam0.065//side/f0.5000_th2.1000_vt0.3842_first_order//seed010.answers.csv
/home/tatsu/lgrid_view/lg_w2_C_lam0.065/side/f0.5000_th2.1000_vt0.3842_first_order/seed005.answers.csv	/home/tatsu/lgrid/lg_w2_C_lam0.065//side/f0.5000_th2.1000_vt0.3842_first_order//seed005.answers.csv
/home/tatsu/lgrid_view/lg_w2_C_lam0.065/side/f0.5000_th2.1000_vt0.3842_first_order/seed011.probe.jsonl	/home/tatsu/lgrid/lg_w2_C_lam0.065//side/f0.5000_th2.1000_vt0.3842_first_order//seed011.probe.jsonl
/home/tatsu/lgrid_view/lg_w2_C_lam0.065/side/f0.5000_th2.1000_vt0.3842_first_order/seed017.shop.jsonl	/home/tatsu/lgrid/lg_w2_C_lam0.065//side/f0.5000_th2.1000_vt0.3842_first_order//seed017.shop.jsonl
/home/tatsu/lgrid_view/lg_w2_C_lam0.065/side/f0.5000_th2.1000_vt0.3842_first_order/seed002.ambig.csv	/home/tatsu/lgrid/lg_w2_C_lam0.065//side/f0.5000_th2.1000_vt0.3842_first_order//seed002.ambig.csv
/home/tatsu/lgrid_view/lg_w2_C_lam0.065/side/f0.5000_th2.1000_vt0.3842_first_order/seed020.ambig.csv	/home/tatsu/lgrid/lg_w2_C_lam0.065//side/f0.5000_th2.1000_vt0.3842_first_order//seed020.ambig.csv
/home/tatsu/lgrid_view/lg_w2_C_lam0.065/side/f0.5000_th2.1000_vt0.3842_first_order/seed017.ambig.csv	/home/tatsu/lgrid/lg_w2_C_lam0.065//side/f0.5000_th2.1000_vt0.3842_first_order//seed017.ambig.csv
/home/tatsu/lgrid_view/lg_w2_C_lam0.065/side/f0.5000_th2.1000_vt0.3842_first_order/seed005.shop.jsonl	/home/tatsu/lgrid/lg_w2_C_lam0.065//side/f0.5000_th2.1000_vt0.3842_first_order//seed005.shop.jsonl
/home/tatsu/lgrid_view/lg_w2_C_lam0.065/side/f0.5000_th2.1000_vt0.3842_first_order/seed018.shop.jsonl	/home/tatsu/lgrid/lg_w2_C_lam0.065//side/f0.5000_th2.1000_vt0.3842_first_order//seed018.shop.jsonl
/home/tatsu/lgrid_view/lg_w2_C_lam0.065/side/f0.5000_th2.1000_vt0.3842_first_order/seed002.shop.jsonl	/home/tatsu/lgrid/lg_w2_C_lam0.065//side/f0.5000_th2.1000_vt0.3842_first_order//seed002.shop.jsonl
/home/tatsu/lgrid_view/lg_w2_C_lam0.065/side/f0.5000_th2.1000_vt0.3842_first_order/seed017.probe.jsonl	/home/tatsu/lgrid/lg_w2_C_lam0.065//side/f0.5000_th2.1000_vt0.3842_first_order//seed017.probe.jsonl
/home/tatsu/lgrid_view/lg_w2_C_lam0.065/side/f0.5000_th2.1000_vt0.3842_first_order/seed010.ambig.csv	/home/tatsu/lgrid/lg_w2_C_lam0.065//side/f0.5000_th2.1000_vt0.3842_first_order//seed010.ambig.csv
/home/tatsu/lgrid_view/lg_w2_C_lam0.065/side/f0.5000_th2.1000_vt0.3842_first_order/seed009.probe.jsonl	/home/tatsu/lgrid/lg_w2_C_lam0.065//side/f0.5000_th2.1000_vt0.3842_first_order//seed009.probe.jsonl
/home/tatsu/lgrid_view/lg_w2_C_lam0.065/side/f0.5000_th2.1000_vt0.3842_first_order/seed015.probe.jsonl	/home/tatsu/lgrid/lg_w2_C_lam0.065//side/f0.5000_th2.1000_vt0.3842_first_order//seed015.probe.jsonl
/home/tatsu/lgrid_view/lg_w2_C_lam0.065/side/f0.5000_th2.1000_vt0.3842_first_order/seed006.ambig.csv	/home/tatsu/lgrid/lg_w2_C_lam0.065//side/f0.5000_th2.1000_vt0.3842_first_order//seed006.ambig.csv
/home/tatsu/lgrid_view/lg_w2_C_lam0.065/side/f0.5000_th2.1000_vt0.3842_first_order/seed009.ambig.csv	/home/tatsu/lgrid/lg_w2_C_lam0.065//side/f0.5000_th2.1000_vt0.3842_first_order//seed009.ambig.csv
/home/tatsu/lgrid_view/lg_w2_C_lam0.065/side/f0.5000_th2.1000_vt0.3842_first_order/seed001.answers.csv	/home/tatsu/lgrid/lg_w2_C_lam0.065//side/f0.5000_th2.1000_vt0.3842_first_order//seed001.answers.csv
/home/tatsu/lgrid_view/lg_w2_C_lam0.065/side/f0.5000_th2.1000_vt0.3842_first_order/seed011.ambig.csv	/home/tatsu/lgrid/lg_w2_C_lam0.065//side/f0.5000_th2.1000_vt0.3842_first_order//seed011.ambig.csv
/home/tatsu/lgrid_view/lg_w2_C_lam0.065/side/f0.5000_th2.1000_vt0.3842_first_order/seed006.answers.csv	/home/tatsu/lgrid/lg_w2_C_lam0.065//side/f0.5000_th2.1000_vt0.3842_first_order//seed006.answers.csv
/home/tatsu/lgrid_view/lg_w2_C_lam0.065/side/f0.5000_th2.1000_vt0.3842_first_order/seed012.ambig.csv	/home/tatsu/lgrid/lg_w2_C_lam0.065//side/f0.5000_th2.1000_vt0.3842_first_order//seed012.ambig.csv
/home/tatsu/lgrid_view/lg_w2_C_lam0.065/side/f0.5000_th2.1000_vt0.3842_first_order/seed018.answers.csv	/home/tatsu/lgrid/lg_w2_C_lam0.065//side/f0.5000_th2.1000_vt0.3842_first_order//seed018.answers.csv
/home/tatsu/lgrid_view/lg_w2_C_lam0.065/side/f0.5000_th2.1000_vt0.3842_first_order/seed005.probe.jsonl	/home/tatsu/lgrid/lg_w2_C_lam0.065//side/f0.5000_th2.1000_vt0.3842_first_order//seed005.probe.jsonl
/home/tatsu/lgrid_view/lg_w2_C_lam0.065/side/f0.5000_th2.1000_vt0.3842_first_order/seed007.probe.jsonl	/home/tatsu/lgrid/lg_w2_C_lam0.065//side/f0.5000_th2.1000_vt0.3842_first_order//seed007.probe.jsonl
/home/tatsu/lgrid_view/lg_w2_C_lam0.065/side/f0.5000_th2.1000_vt0.3842_first_order/seed013.probe.jsonl	/home/tatsu/lgrid/lg_w2_C_lam0.065//side/f0.5000_th2.1000_vt0.3842_first_order//seed013.probe.jsonl
/home/tatsu/lgrid_view/lg_w2_C_lam0.065/side/f0.5000_th2.1000_vt0.3842_first_order/seed014.shop.jsonl	/home/tatsu/lgrid/lg_w2_C_lam0.065//side/f0.5000_th2.1000_vt0.3842_first_order//seed014.shop.jsonl
/home/tatsu/lgrid_view/lg_w2_C_lam0.065/side/f0.5000_th2.1000_vt0.3842_first_order/seed008.probe.jsonl	/home/tatsu/lgrid/lg_w2_C_lam0.065//side/f0.5000_th2.1000_vt0.3842_first_order//seed008.probe.jsonl
/home/tatsu/lgrid_view/lg_w2_C_lam0.065/side/f0.5000_th2.1000_vt0.3842_first_order/seed019.shop.jsonl	/home/tatsu/lgrid/lg_w2_C_lam0.065//side/f0.5000_th2.1000_vt0.3842_first_order//seed019.shop.jsonl
/home/tatsu/lgrid_view/lg_w2_C_lam0.065/side/f0.5000_th2.1000_vt0.3842_first_order/seed019.answers.csv	/home/tatsu/lgrid/lg_w2_C_lam0.065//side/f0.5000_th2.1000_vt0.3842_first_order//seed019.answers.csv
/home/tatsu/lgrid_view/lg_w2_C_lam0.065/side/f0.5000_th2.1000_vt0.3842_first_order/seed016.probe.jsonl	/home/tatsu/lgrid/lg_w2_C_lam0.065//side/f0.5000_th2.1000_vt0.3842_first_order//seed016.probe.jsonl
/home/tatsu/lgrid_view/lg_w2_C_lam0.065/side/f0.5000_th2.1000_vt0.3842_first_order/seed011.answers.csv	/home/tatsu/lgrid/lg_w2_C_lam0.065//side/f0.5000_th2.1000_vt0.3842_first_order//seed011.answers.csv
/home/tatsu/lgrid_view/lg_w2_C_lam0.065/side/f0.5000_th2.1000_vt0.3842_first_order/seed003.probe.jsonl	/home/tatsu/lgrid/lg_w2_C_lam0.065//side/f0.5000_th2.1000_vt0.3842_first_order//seed003.probe.jsonl
/home/tatsu/lgrid_view/lg_w2_C_lam0.065/side/f0.5000_th2.1000_vt0.3842_first_order/seed008.shop.jsonl	/home/tatsu/lgrid/lg_w2_C_lam0.065//side/f0.5000_th2.1000_vt0.3842_first_order//seed008.shop.jsonl
/home/tatsu/lgrid_view/lg_w2_C_lam0.065/side/f0.5000_th2.1000_vt0.3842_first_order/seed002.answers.csv	/home/tatsu/lgrid/lg_w2_C_lam0.065//side/f0.5000_th2.1000_vt0.3842_first_order//seed002.answers.csv
/home/tatsu/lgrid_view/lg_w2_C_lam0.065/side/f0.5000_th2.1000_vt0.3842_first_order/seed001.ambig.csv	/home/tatsu/lgrid/lg_w2_C_lam0.065//side/f0.5000_th2.1000_vt0.3842_first_order//seed001.ambig.csv
/home/tatsu/lgrid_view/lg_w2_C_lam0.065/side/f0.5000_th2.1000_vt0.3842_first_order/seed004.shop.jsonl	/home/tatsu/lgrid/lg_w2_C_lam0.065//side/f0.5000_th2.1000_vt0.3842_first_order//seed004.shop.jsonl
/home/tatsu/lgrid_view/lg_w2_C_lam0.065/side/f0.5000_th2.1000_vt0.3842_first_order/seed004.ambig.csv	/home/tatsu/lgrid/lg_w2_C_lam0.065//side/f0.5000_th2.1000_vt0.3842_first_order//seed004.ambig.csv
/home/tatsu/lgrid_view/lg_w2_C_lam0.065/side/f0.5000_th2.1000_vt0.3842_first_order/seed003.answers.csv	/home/tatsu/lgrid/lg_w2_C_lam0.065//side/f0.5000_th2.1000_vt0.3842_first_order//seed003.answers.csv
/home/tatsu/lgrid_view/lg_w2_C_lam0.065/side/f0.5000_th2.1000_vt0.3842_first_order/seed016.answers.csv	/home/tatsu/lgrid/lg_w2_C_lam0.065//side/f0.5000_th2.1000_vt0.3842_first_order//seed016.answers.csv
/home/tatsu/lgrid_view/lg_w2_C_lam0.065/side/f0.5000_th2.1000_vt0.3842_first_order/seed007.answers.csv	/home/tatsu/lgrid/lg_w2_C_lam0.065//side/f0.5000_th2.1000_vt0.3842_first_order//seed007.answers.csv
/home/tatsu/lgrid_view/lg_w2_C_lam0.065/side/f0.5000_th2.1000_vt0.3842_first_order/seed009.shop.jsonl	/home/tatsu/lgrid/lg_w2_C_lam0.065//side/f0.5000_th2.1000_vt0.3842_first_order//seed009.shop.jsonl
/home/tatsu/lgrid_view/lg_w2_C_lam0.065/side/f0.5000_th2.1000_vt0.3842_first_order/seed002.probe.jsonl	/home/tatsu/lgrid/lg_w2_C_lam0.065//side/f0.5000_th2.1000_vt0.3842_first_order//seed002.probe.jsonl
/home/tatsu/lgrid_view/lg_w2_C_lam0.065/side/f0.5000_th2.1000_vt0.3842_first_order/seed018.ambig.csv	/home/tatsu/lgrid/lg_w2_C_lam0.065//side/f0.5000_th2.1000_vt0.3842_first_order//seed018.ambig.csv
/home/tatsu/lgrid_view/lg_w2_A_lam0.065/ledgers	/home/tatsu/lgrid/lg_w2_A_lam0.065//ledgers
/home/tatsu/lgrid_view/lg_w2_A_lam0.065/side/f0.5000_th2.1000_vt0.3842_first_order/seed003.shop.jsonl	/home/tatsu/lgrid/lg_w2_A_lam0.065//side/f0.5000_th2.1000_vt0.3842_first_order//seed003.shop.jsonl
/home/tatsu/lgrid_view/lg_w2_A_lam0.065/side/f0.5000_th2.1000_vt0.3842_first_order/seed011.shop.jsonl	/home/tatsu/lgrid/lg_w2_A_lam0.065//side/f0.5000_th2.1000_vt0.3842_first_order//seed011.shop.jsonl
/home/tatsu/lgrid_view/lg_w2_A_lam0.065/side/f0.5000_th2.1000_vt0.3842_first_order/seed020.shop.jsonl	/home/tatsu/lgrid/lg_w2_A_lam0.065//side/f0.5000_th2.1000_vt0.3842_first_order//seed020.shop.jsonl
/home/tatsu/lgrid_view/lg_w2_A_lam0.065/side/f0.5000_th2.1000_vt0.3842_first_order/seed008.ambig.csv	/home/tatsu/lgrid/lg_w2_A_lam0.065//side/f0.5000_th2.1000_vt0.3842_first_order//seed008.ambig.csv
/home/tatsu/lgrid_view/lg_w2_A_lam0.065/side/f0.5000_th2.1000_vt0.3842_first_order/seed003.ambig.csv	/home/tatsu/lgrid/lg_w2_A_lam0.065//side/f0.5000_th2.1000_vt0.3842_first_order//seed003.ambig.csv
/home/tatsu/lgrid_view/lg_w2_A_lam0.065/side/f0.5000_th2.1000_vt0.3842_first_order/seed013.ambig.csv	/home/tatsu/lgrid/lg_w2_A_lam0.065//side/f0.5000_th2.1000_vt0.3842_first_order//seed013.ambig.csv
/home/tatsu/lgrid_view/lg_w2_A_lam0.065/side/f0.5000_th2.1000_vt0.3842_first_order/seed004.answers.csv	/home/tatsu/lgrid/lg_w2_A_lam0.065//side/f0.5000_th2.1000_vt0.3842_first_order//seed004.answers.csv
/home/tatsu/lgrid_view/lg_w2_A_lam0.065/side/f0.5000_th2.1000_vt0.3842_first_order/seed019.probe.jsonl	/home/tatsu/lgrid/lg_w2_A_lam0.065//side/f0.5000_th2.1000_vt0.3842_first_order//seed019.probe.jsonl
/home/tatsu/lgrid_view/lg_w2_A_lam0.065/side/f0.5000_th2.1000_vt0.3842_first_order/seed001.shop.jsonl	/home/tatsu/lgrid/lg_w2_A_lam0.065//side/f0.5000_th2.1000_vt0.3842_first_order//seed001.shop.jsonl
/home/tatsu/lgrid_view/lg_w2_A_lam0.065/side/f0.5000_th2.1000_vt0.3842_first_order/seed016.shop.jsonl	/home/tatsu/lgrid/lg_w2_A_lam0.065//side/f0.5000_th2.1000_vt0.3842_first_order//seed016.shop.jsonl
/home/tatsu/lgrid_view/lg_w2_A_lam0.065/side/f0.5000_th2.1000_vt0.3842_first_order/seed006.probe.jsonl	/home/tatsu/lgrid/lg_w2_A_lam0.065//side/f0.5000_th2.1000_vt0.3842_first_order//seed006.probe.jsonl
/home/tatsu/lgrid_view/lg_w2_A_lam0.065/side/f0.5000_th2.1000_vt0.3842_first_order/seed013.shop.jsonl	/home/tatsu/lgrid/lg_w2_A_lam0.065//side/f0.5000_th2.1000_vt0.3842_first_order//seed013.shop.jsonl
/home/tatsu/lgrid_view/lg_w2_A_lam0.065/side/f0.5000_th2.1000_vt0.3842_first_order/seed012.probe.jsonl	/home/tatsu/lgrid/lg_w2_A_lam0.065//side/f0.5000_th2.1000_vt0.3842_first_order//seed012.probe.jsonl
/home/tatsu/lgrid_view/lg_w2_A_lam0.065/side/f0.5000_th2.1000_vt0.3842_first_order/seed008.answers.csv	/home/tatsu/lgrid/lg_w2_A_lam0.065//side/f0.5000_th2.1000_vt0.3842_first_order//seed008.answers.csv
/home/tatsu/lgrid_view/lg_w2_A_lam0.065/side/f0.5000_th2.1000_vt0.3842_first_order/seed012.shop.jsonl	/home/tatsu/lgrid/lg_w2_A_lam0.065//side/f0.5000_th2.1000_vt0.3842_first_order//seed012.shop.jsonl
/home/tatsu/lgrid_view/lg_w2_A_lam0.065/side/f0.5000_th2.1000_vt0.3842_first_order/seed004.probe.jsonl	/home/tatsu/lgrid/lg_w2_A_lam0.065//side/f0.5000_th2.1000_vt0.3842_first_order//seed004.probe.jsonl
/home/tatsu/lgrid_view/lg_w2_A_lam0.065/side/f0.5000_th2.1000_vt0.3842_first_order/seed015.answers.csv	/home/tatsu/lgrid/lg_w2_A_lam0.065//side/f0.5000_th2.1000_vt0.3842_first_order//seed015.answers.csv
/home/tatsu/lgrid_view/lg_w2_A_lam0.065/side/f0.5000_th2.1000_vt0.3842_first_order/seed005.ambig.csv	/home/tatsu/lgrid/lg_w2_A_lam0.065//side/f0.5000_th2.1000_vt0.3842_first_order//seed005.ambig.csv
/home/tatsu/lgrid_view/lg_w2_A_lam0.065/side/f0.5000_th2.1000_vt0.3842_first_order/seed006.shop.jsonl	/home/tatsu/lgrid/lg_w2_A_lam0.065//side/f0.5000_th2.1000_vt0.3842_first_order//seed006.shop.jsonl
/home/tatsu/lgrid_view/lg_w2_A_lam0.065/side/f0.5000_th2.1000_vt0.3842_first_order/seed007.shop.jsonl	/home/tatsu/lgrid/lg_w2_A_lam0.065//side/f0.5000_th2.1000_vt0.3842_first_order//seed007.shop.jsonl
/home/tatsu/lgrid_view/lg_w2_A_lam0.065/side/f0.5000_th2.1000_vt0.3842_first_order/seed010.probe.jsonl	/home/tatsu/lgrid/lg_w2_A_lam0.065//side/f0.5000_th2.1000_vt0.3842_first_order//seed010.probe.jsonl
/home/tatsu/lgrid_view/lg_w2_A_lam0.065/side/f0.5000_th2.1000_vt0.3842_first_order/seed007.ambig.csv	/home/tatsu/lgrid/lg_w2_A_lam0.065//side/f0.5000_th2.1000_vt0.3842_first_order//seed007.ambig.csv
/home/tatsu/lgrid_view/lg_w2_A_lam0.065/side/f0.5000_th2.1000_vt0.3842_first_order/seed020.probe.jsonl	/home/tatsu/lgrid/lg_w2_A_lam0.065//side/f0.5000_th2.1000_vt0.3842_first_order//seed020.probe.jsonl
/home/tatsu/lgrid_view/lg_w2_A_lam0.065/side/f0.5000_th2.1000_vt0.3842_first_order/seed014.probe.jsonl	/home/tatsu/lgrid/lg_w2_A_lam0.065//side/f0.5000_th2.1000_vt0.3842_first_order//seed014.probe.jsonl
/home/tatsu/lgrid_view/lg_w2_A_lam0.065/side/f0.5000_th2.1000_vt0.3842_first_order/seed014.ambig.csv	/home/tatsu/lgrid/lg_w2_A_lam0.065//side/f0.5000_th2.1000_vt0.3842_first_order//seed014.ambig.csv
/home/tatsu/lgrid_view/lg_w2_A_lam0.065/side/f0.5000_th2.1000_vt0.3842_first_order/seed012.answers.csv	/home/tatsu/lgrid/lg_w2_A_lam0.065//side/f0.5000_th2.1000_vt0.3842_first_order//seed012.answers.csv
/home/tatsu/lgrid_view/lg_w2_A_lam0.065/side/f0.5000_th2.1000_vt0.3842_first_order/seed016.ambig.csv	/home/tatsu/lgrid/lg_w2_A_lam0.065//side/f0.5000_th2.1000_vt0.3842_first_order//seed016.ambig.csv
/home/tatsu/lgrid_view/lg_w2_A_lam0.065/side/f0.5000_th2.1000_vt0.3842_first_order/seed013.answers.csv	/home/tatsu/lgrid/lg_w2_A_lam0.065//side/f0.5000_th2.1000_vt0.3842_first_order//seed013.answers.csv
/home/tatsu/lgrid_view/lg_w2_A_lam0.065/side/f0.5000_th2.1000_vt0.3842_first_order/seed014.answers.csv	/home/tatsu/lgrid/lg_w2_A_lam0.065//side/f0.5000_th2.1000_vt0.3842_first_order//seed014.answers.csv
/home/tatsu/lgrid_view/lg_w2_A_lam0.065/side/f0.5000_th2.1000_vt0.3842_first_order/seed019.ambig.csv	/home/tatsu/lgrid/lg_w2_A_lam0.065//side/f0.5000_th2.1000_vt0.3842_first_order//seed019.ambig.csv
/home/tatsu/lgrid_view/lg_w2_A_lam0.065/side/f0.5000_th2.1000_vt0.3842_first_order/seed017.answers.csv	/home/tatsu/lgrid/lg_w2_A_lam0.065//side/f0.5000_th2.1000_vt0.3842_first_order//seed017.answers.csv
/home/tatsu/lgrid_view/lg_w2_A_lam0.065/side/f0.5000_th2.1000_vt0.3842_first_order/seed009.answers.csv	/home/tatsu/lgrid/lg_w2_A_lam0.065//side/f0.5000_th2.1000_vt0.3842_first_order//seed009.answers.csv
/home/tatsu/lgrid_view/lg_w2_A_lam0.065/side/f0.5000_th2.1000_vt0.3842_first_order/seed015.ambig.csv	/home/tatsu/lgrid/lg_w2_A_lam0.065//side/f0.5000_th2.1000_vt0.3842_first_order//seed015.ambig.csv
/home/tatsu/lgrid_view/lg_w2_A_lam0.065/side/f0.5000_th2.1000_vt0.3842_first_order/seed010.shop.jsonl	/home/tatsu/lgrid/lg_w2_A_lam0.065//side/f0.5000_th2.1000_vt0.3842_first_order//seed010.shop.jsonl
/home/tatsu/lgrid_view/lg_w2_A_lam0.065/side/f0.5000_th2.1000_vt0.3842_first_order/seed001.probe.jsonl	/home/tatsu/lgrid/lg_w2_A_lam0.065//side/f0.5000_th2.1000_vt0.3842_first_order//seed001.probe.jsonl
/home/tatsu/lgrid_view/lg_w2_A_lam0.065/side/f0.5000_th2.1000_vt0.3842_first_order/seed015.shop.jsonl	/home/tatsu/lgrid/lg_w2_A_lam0.065//side/f0.5000_th2.1000_vt0.3842_first_order//seed015.shop.jsonl
/home/tatsu/lgrid_view/lg_w2_A_lam0.065/side/f0.5000_th2.1000_vt0.3842_first_order/seed018.probe.jsonl	/home/tatsu/lgrid/lg_w2_A_lam0.065//side/f0.5000_th2.1000_vt0.3842_first_order//seed018.probe.jsonl
/home/tatsu/lgrid_view/lg_w2_A_lam0.065/side/f0.5000_th2.1000_vt0.3842_first_order/seed020.answers.csv	/home/tatsu/lgrid/lg_w2_A_lam0.065//side/f0.5000_th2.1000_vt0.3842_first_order//seed020.answers.csv
/home/tatsu/lgrid_view/lg_w2_A_lam0.065/side/f0.5000_th2.1000_vt0.3842_first_order/seed010.answers.csv	/home/tatsu/lgrid/lg_w2_A_lam0.065//side/f0.5000_th2.1000_vt0.3842_first_order//seed010.answers.csv
/home/tatsu/lgrid_view/lg_w2_A_lam0.065/side/f0.5000_th2.1000_vt0.3842_first_order/seed005.answers.csv	/home/tatsu/lgrid/lg_w2_A_lam0.065//side/f0.5000_th2.1000_vt0.3842_first_order//seed005.answers.csv
/home/tatsu/lgrid_view/lg_w2_A_lam0.065/side/f0.5000_th2.1000_vt0.3842_first_order/seed011.probe.jsonl	/home/tatsu/lgrid/lg_w2_A_lam0.065//side/f0.5000_th2.1000_vt0.3842_first_order//seed011.probe.jsonl
/home/tatsu/lgrid_view/lg_w2_A_lam0.065/side/f0.5000_th2.1000_vt0.3842_first_order/seed017.shop.jsonl	/home/tatsu/lgrid/lg_w2_A_lam0.065//side/f0.5000_th2.1000_vt0.3842_first_order//seed017.shop.jsonl
/home/tatsu/lgrid_view/lg_w2_A_lam0.065/side/f0.5000_th2.1000_vt0.3842_first_order/seed002.ambig.csv	/home/tatsu/lgrid/lg_w2_A_lam0.065//side/f0.5000_th2.1000_vt0.3842_first_order//seed002.ambig.csv
/home/tatsu/lgrid_view/lg_w2_A_lam0.065/side/f0.5000_th2.1000_vt0.3842_first_order/seed020.ambig.csv	/home/tatsu/lgrid/lg_w2_A_lam0.065//side/f0.5000_th2.1000_vt0.3842_first_order//seed020.ambig.csv
/home/tatsu/lgrid_view/lg_w2_A_lam0.065/side/f0.5000_th2.1000_vt0.3842_first_order/seed017.ambig.csv	/home/tatsu/lgrid/lg_w2_A_lam0.065//side/f0.5000_th2.1000_vt0.3842_first_order//seed017.ambig.csv
/home/tatsu/lgrid_view/lg_w2_A_lam0.065/side/f0.5000_th2.1000_vt0.3842_first_order/seed005.shop.jsonl	/home/tatsu/lgrid/lg_w2_A_lam0.065//side/f0.5000_th2.1000_vt0.3842_first_order//seed005.shop.jsonl
/home/tatsu/lgrid_view/lg_w2_A_lam0.065/side/f0.5000_th2.1000_vt0.3842_first_order/seed018.shop.jsonl	/home/tatsu/lgrid/lg_w2_A_lam0.065//side/f0.5000_th2.1000_vt0.3842_first_order//seed018.shop.jsonl
/home/tatsu/lgrid_view/lg_w2_A_lam0.065/side/f0.5000_th2.1000_vt0.3842_first_order/seed002.shop.jsonl	/home/tatsu/lgrid/lg_w2_A_lam0.065//side/f0.5000_th2.1000_vt0.3842_first_order//seed002.shop.jsonl
/home/tatsu/lgrid_view/lg_w2_A_lam0.065/side/f0.5000_th2.1000_vt0.3842_first_order/seed017.probe.jsonl	/home/tatsu/lgrid/lg_w2_A_lam0.065//side/f0.5000_th2.1000_vt0.3842_first_order//seed017.probe.jsonl
/home/tatsu/lgrid_view/lg_w2_A_lam0.065/side/f0.5000_th2.1000_vt0.3842_first_order/seed010.ambig.csv	/home/tatsu/lgrid/lg_w2_A_lam0.065//side/f0.5000_th2.1000_vt0.3842_first_order//seed010.ambig.csv
/home/tatsu/lgrid_view/lg_w2_A_lam0.065/side/f0.5000_th2.1000_vt0.3842_first_order/seed009.probe.jsonl	/home/tatsu/lgrid/lg_w2_A_lam0.065//side/f0.5000_th2.1000_vt0.3842_first_order//seed009.probe.jsonl
/home/tatsu/lgrid_view/lg_w2_A_lam0.065/side/f0.5000_th2.1000_vt0.3842_first_order/seed015.probe.jsonl	/home/tatsu/lgrid/lg_w2_A_lam0.065//side/f0.5000_th2.1000_vt0.3842_first_order//seed015.probe.jsonl
/home/tatsu/lgrid_view/lg_w2_A_lam0.065/side/f0.5000_th2.1000_vt0.3842_first_order/seed006.ambig.csv	/home/tatsu/lgrid/lg_w2_A_lam0.065//side/f0.5000_th2.1000_vt0.3842_first_order//seed006.ambig.csv
/home/tatsu/lgrid_view/lg_w2_A_lam0.065/side/f0.5000_th2.1000_vt0.3842_first_order/seed009.ambig.csv	/home/tatsu/lgrid/lg_w2_A_lam0.065//side/f0.5000_th2.1000_vt0.3842_first_order//seed009.ambig.csv
/home/tatsu/lgrid_view/lg_w2_A_lam0.065/side/f0.5000_th2.1000_vt0.3842_first_order/seed001.answers.csv	/home/tatsu/lgrid/lg_w2_A_lam0.065//side/f0.5000_th2.1000_vt0.3842_first_order//seed001.answers.csv
/home/tatsu/lgrid_view/lg_w2_A_lam0.065/side/f0.5000_th2.1000_vt0.3842_first_order/seed011.ambig.csv	/home/tatsu/lgrid/lg_w2_A_lam0.065//side/f0.5000_th2.1000_vt0.3842_first_order//seed011.ambig.csv
/home/tatsu/lgrid_view/lg_w2_A_lam0.065/side/f0.5000_th2.1000_vt0.3842_first_order/seed006.answers.csv	/home/tatsu/lgrid/lg_w2_A_lam0.065//side/f0.5000_th2.1000_vt0.3842_first_order//seed006.answers.csv
/home/tatsu/lgrid_view/lg_w2_A_lam0.065/side/f0.5000_th2.1000_vt0.3842_first_order/seed012.ambig.csv	/home/tatsu/lgrid/lg_w2_A_lam0.065//side/f0.5000_th2.1000_vt0.3842_first_order//seed012.ambig.csv
/home/tatsu/lgrid_view/lg_w2_A_lam0.065/side/f0.5000_th2.1000_vt0.3842_first_order/seed018.answers.csv	/home/tatsu/lgrid/lg_w2_A_lam0.065//side/f0.5000_th2.1000_vt0.3842_first_order//seed018.answers.csv
/home/tatsu/lgrid_view/lg_w2_A_lam0.065/side/f0.5000_th2.1000_vt0.3842_first_order/seed005.probe.jsonl	/home/tatsu/lgrid/lg_w2_A_lam0.065//side/f0.5000_th2.1000_vt0.3842_first_order//seed005.probe.jsonl
/home/tatsu/lgrid_view/lg_w2_A_lam0.065/side/f0.5000_th2.1000_vt0.3842_first_order/seed007.probe.jsonl	/home/tatsu/lgrid/lg_w2_A_lam0.065//side/f0.5000_th2.1000_vt0.3842_first_order//seed007.probe.jsonl
/home/tatsu/lgrid_view/lg_w2_A_lam0.065/side/f0.5000_th2.1000_vt0.3842_first_order/seed013.probe.jsonl	/home/tatsu/lgrid/lg_w2_A_lam0.065//side/f0.5000_th2.1000_vt0.3842_first_order//seed013.probe.jsonl
/home/tatsu/lgrid_view/lg_w2_A_lam0.065/side/f0.5000_th2.1000_vt0.3842_first_order/seed014.shop.jsonl	/home/tatsu/lgrid/lg_w2_A_lam0.065//side/f0.5000_th2.1000_vt0.3842_first_order//seed014.shop.jsonl
/home/tatsu/lgrid_view/lg_w2_A_lam0.065/side/f0.5000_th2.1000_vt0.3842_first_order/seed008.probe.jsonl	/home/tatsu/lgrid/lg_w2_A_lam0.065//side/f0.5000_th2.1000_vt0.3842_first_order//seed008.probe.jsonl
/home/tatsu/lgrid_view/lg_w2_A_lam0.065/side/f0.5000_th2.1000_vt0.3842_first_order/seed019.shop.jsonl	/home/tatsu/lgrid/lg_w2_A_lam0.065//side/f0.5000_th2.1000_vt0.3842_first_order//seed019.shop.jsonl
/home/tatsu/lgrid_view/lg_w2_A_lam0.065/side/f0.5000_th2.1000_vt0.3842_first_order/seed019.answers.csv	/home/tatsu/lgrid/lg_w2_A_lam0.065//side/f0.5000_th2.1000_vt0.3842_first_order//seed019.answers.csv
/home/tatsu/lgrid_view/lg_w2_A_lam0.065/side/f0.5000_th2.1000_vt0.3842_first_order/seed016.probe.jsonl	/home/tatsu/lgrid/lg_w2_A_lam0.065//side/f0.5000_th2.1000_vt0.3842_first_order//seed016.probe.jsonl
/home/tatsu/lgrid_view/lg_w2_A_lam0.065/side/f0.5000_th2.1000_vt0.3842_first_order/seed011.answers.csv	/home/tatsu/lgrid/lg_w2_A_lam0.065//side/f0.5000_th2.1000_vt0.3842_first_order//seed011.answers.csv
/home/tatsu/lgrid_view/lg_w2_A_lam0.065/side/f0.5000_th2.1000_vt0.3842_first_order/seed003.probe.jsonl	/home/tatsu/lgrid/lg_w2_A_lam0.065//side/f0.5000_th2.1000_vt0.3842_first_order//seed003.probe.jsonl
/home/tatsu/lgrid_view/lg_w2_A_lam0.065/side/f0.5000_th2.1000_vt0.3842_first_order/seed008.shop.jsonl	/home/tatsu/lgrid/lg_w2_A_lam0.065//side/f0.5000_th2.1000_vt0.3842_first_order//seed008.shop.jsonl
/home/tatsu/lgrid_view/lg_w2_A_lam0.065/side/f0.5000_th2.1000_vt0.3842_first_order/seed002.answers.csv	/home/tatsu/lgrid/lg_w2_A_lam0.065//side/f0.5000_th2.1000_vt0.3842_first_order//seed002.answers.csv
/home/tatsu/lgrid_view/lg_w2_A_lam0.065/side/f0.5000_th2.1000_vt0.3842_first_order/seed001.ambig.csv	/home/tatsu/lgrid/lg_w2_A_lam0.065//side/f0.5000_th2.1000_vt0.3842_first_order//seed001.ambig.csv
/home/tatsu/lgrid_view/lg_w2_A_lam0.065/side/f0.5000_th2.1000_vt0.3842_first_order/seed004.shop.jsonl	/home/tatsu/lgrid/lg_w2_A_lam0.065//side/f0.5000_th2.1000_vt0.3842_first_order//seed004.shop.jsonl
/home/tatsu/lgrid_view/lg_w2_A_lam0.065/side/f0.5000_th2.1000_vt0.3842_first_order/seed004.ambig.csv	/home/tatsu/lgrid/lg_w2_A_lam0.065//side/f0.5000_th2.1000_vt0.3842_first_order//seed004.ambig.csv
/home/tatsu/lgrid_view/lg_w2_A_lam0.065/side/f0.5000_th2.1000_vt0.3842_first_order/seed003.answers.csv	/home/tatsu/lgrid/lg_w2_A_lam0.065//side/f0.5000_th2.1000_vt0.3842_first_order//seed003.answers.csv
/home/tatsu/lgrid_view/lg_w2_A_lam0.065/side/f0.5000_th2.1000_vt0.3842_first_order/seed016.answers.csv	/home/tatsu/lgrid/lg_w2_A_lam0.065//side/f0.5000_th2.1000_vt0.3842_first_order//seed016.answers.csv
/home/tatsu/lgrid_view/lg_w2_A_lam0.065/side/f0.5000_th2.1000_vt0.3842_first_order/seed007.answers.csv	/home/tatsu/lgrid/lg_w2_A_lam0.065//side/f0.5000_th2.1000_vt0.3842_first_order//seed007.answers.csv
/home/tatsu/lgrid_view/lg_w2_A_lam0.065/side/f0.5000_th2.1000_vt0.3842_first_order/seed009.shop.jsonl	/home/tatsu/lgrid/lg_w2_A_lam0.065//side/f0.5000_th2.1000_vt0.3842_first_order//seed009.shop.jsonl
/home/tatsu/lgrid_view/lg_w2_A_lam0.065/side/f0.5000_th2.1000_vt0.3842_first_order/seed002.probe.jsonl	/home/tatsu/lgrid/lg_w2_A_lam0.065//side/f0.5000_th2.1000_vt0.3842_first_order//seed002.probe.jsonl
/home/tatsu/lgrid_view/lg_w2_A_lam0.065/side/f0.5000_th2.1000_vt0.3842_first_order/seed018.ambig.csv	/home/tatsu/lgrid/lg_w2_A_lam0.065//side/f0.5000_th2.1000_vt0.3842_first_order//seed018.ambig.csv
/home/tatsu/lgrid_view/lg_w2_A_lam0.15/ledgers	/home/tatsu/lgrid/lg_w2_A_lam0.15//ledgers
/home/tatsu/lgrid_view/lg_w2_A_lam0.15/side/f0.5000_th2.1000_vt0.3842_first_order/seed003.shop.jsonl	/home/tatsu/lgrid/lg_w2_A_lam0.15//side/f0.5000_th2.1000_vt0.3842_first_order//seed003.shop.jsonl
/home/tatsu/lgrid_view/lg_w2_A_lam0.15/side/f0.5000_th2.1000_vt0.3842_first_order/seed011.shop.jsonl	/home/tatsu/lgrid/lg_w2_A_lam0.15//side/f0.5000_th2.1000_vt0.3842_first_order//seed011.shop.jsonl
/home/tatsu/lgrid_view/lg_w2_A_lam0.15/side/f0.5000_th2.1000_vt0.3842_first_order/seed020.shop.jsonl	/home/tatsu/lgrid/lg_w2_A_lam0.15//side/f0.5000_th2.1000_vt0.3842_first_order//seed020.shop.jsonl
/home/tatsu/lgrid_view/lg_w2_A_lam0.15/side/f0.5000_th2.1000_vt0.3842_first_order/seed008.ambig.csv	/home/tatsu/lgrid/lg_w2_A_lam0.15//side/f0.5000_th2.1000_vt0.3842_first_order//seed008.ambig.csv
/home/tatsu/lgrid_view/lg_w2_A_lam0.15/side/f0.5000_th2.1000_vt0.3842_first_order/seed003.ambig.csv	/home/tatsu/lgrid/lg_w2_A_lam0.15//side/f0.5000_th2.1000_vt0.3842_first_order//seed003.ambig.csv
/home/tatsu/lgrid_view/lg_w2_A_lam0.15/side/f0.5000_th2.1000_vt0.3842_first_order/seed013.ambig.csv	/home/tatsu/lgrid/lg_w2_A_lam0.15//side/f0.5000_th2.1000_vt0.3842_first_order//seed013.ambig.csv
/home/tatsu/lgrid_view/lg_w2_A_lam0.15/side/f0.5000_th2.1000_vt0.3842_first_order/seed004.answers.csv	/home/tatsu/lgrid/lg_w2_A_lam0.15//side/f0.5000_th2.1000_vt0.3842_first_order//seed004.answers.csv
/home/tatsu/lgrid_view/lg_w2_A_lam0.15/side/f0.5000_th2.1000_vt0.3842_first_order/seed019.probe.jsonl	/home/tatsu/lgrid/lg_w2_A_lam0.15//side/f0.5000_th2.1000_vt0.3842_first_order//seed019.probe.jsonl
/home/tatsu/lgrid_view/lg_w2_A_lam0.15/side/f0.5000_th2.1000_vt0.3842_first_order/seed001.shop.jsonl	/home/tatsu/lgrid/lg_w2_A_lam0.15//side/f0.5000_th2.1000_vt0.3842_first_order//seed001.shop.jsonl
/home/tatsu/lgrid_view/lg_w2_A_lam0.15/side/f0.5000_th2.1000_vt0.3842_first_order/seed016.shop.jsonl	/home/tatsu/lgrid/lg_w2_A_lam0.15//side/f0.5000_th2.1000_vt0.3842_first_order//seed016.shop.jsonl
/home/tatsu/lgrid_view/lg_w2_A_lam0.15/side/f0.5000_th2.1000_vt0.3842_first_order/seed006.probe.jsonl	/home/tatsu/lgrid/lg_w2_A_lam0.15//side/f0.5000_th2.1000_vt0.3842_first_order//seed006.probe.jsonl
/home/tatsu/lgrid_view/lg_w2_A_lam0.15/side/f0.5000_th2.1000_vt0.3842_first_order/seed013.shop.jsonl	/home/tatsu/lgrid/lg_w2_A_lam0.15//side/f0.5000_th2.1000_vt0.3842_first_order//seed013.shop.jsonl
/home/tatsu/lgrid_view/lg_w2_A_lam0.15/side/f0.5000_th2.1000_vt0.3842_first_order/seed012.probe.jsonl	/home/tatsu/lgrid/lg_w2_A_lam0.15//side/f0.5000_th2.1000_vt0.3842_first_order//seed012.probe.jsonl
/home/tatsu/lgrid_view/lg_w2_A_lam0.15/side/f0.5000_th2.1000_vt0.3842_first_order/seed008.answers.csv	/home/tatsu/lgrid/lg_w2_A_lam0.15//side/f0.5000_th2.1000_vt0.3842_first_order//seed008.answers.csv
/home/tatsu/lgrid_view/lg_w2_A_lam0.15/side/f0.5000_th2.1000_vt0.3842_first_order/seed012.shop.jsonl	/home/tatsu/lgrid/lg_w2_A_lam0.15//side/f0.5000_th2.1000_vt0.3842_first_order//seed012.shop.jsonl
/home/tatsu/lgrid_view/lg_w2_A_lam0.15/side/f0.5000_th2.1000_vt0.3842_first_order/seed004.probe.jsonl	/home/tatsu/lgrid/lg_w2_A_lam0.15//side/f0.5000_th2.1000_vt0.3842_first_order//seed004.probe.jsonl
/home/tatsu/lgrid_view/lg_w2_A_lam0.15/side/f0.5000_th2.1000_vt0.3842_first_order/seed015.answers.csv	/home/tatsu/lgrid/lg_w2_A_lam0.15//side/f0.5000_th2.1000_vt0.3842_first_order//seed015.answers.csv
/home/tatsu/lgrid_view/lg_w2_A_lam0.15/side/f0.5000_th2.1000_vt0.3842_first_order/seed005.ambig.csv	/home/tatsu/lgrid/lg_w2_A_lam0.15//side/f0.5000_th2.1000_vt0.3842_first_order//seed005.ambig.csv
/home/tatsu/lgrid_view/lg_w2_A_lam0.15/side/f0.5000_th2.1000_vt0.3842_first_order/seed006.shop.jsonl	/home/tatsu/lgrid/lg_w2_A_lam0.15//side/f0.5000_th2.1000_vt0.3842_first_order//seed006.shop.jsonl
/home/tatsu/lgrid_view/lg_w2_A_lam0.15/side/f0.5000_th2.1000_vt0.3842_first_order/seed007.shop.jsonl	/home/tatsu/lgrid/lg_w2_A_lam0.15//side/f0.5000_th2.1000_vt0.3842_first_order//seed007.shop.jsonl
/home/tatsu/lgrid_view/lg_w2_A_lam0.15/side/f0.5000_th2.1000_vt0.3842_first_order/seed010.probe.jsonl	/home/tatsu/lgrid/lg_w2_A_lam0.15//side/f0.5000_th2.1000_vt0.3842_first_order//seed010.probe.jsonl
/home/tatsu/lgrid_view/lg_w2_A_lam0.15/side/f0.5000_th2.1000_vt0.3842_first_order/seed007.ambig.csv	/home/tatsu/lgrid/lg_w2_A_lam0.15//side/f0.5000_th2.1000_vt0.3842_first_order//seed007.ambig.csv
/home/tatsu/lgrid_view/lg_w2_A_lam0.15/side/f0.5000_th2.1000_vt0.3842_first_order/seed020.probe.jsonl	/home/tatsu/lgrid/lg_w2_A_lam0.15//side/f0.5000_th2.1000_vt0.3842_first_order//seed020.probe.jsonl
/home/tatsu/lgrid_view/lg_w2_A_lam0.15/side/f0.5000_th2.1000_vt0.3842_first_order/seed014.probe.jsonl	/home/tatsu/lgrid/lg_w2_A_lam0.15//side/f0.5000_th2.1000_vt0.3842_first_order//seed014.probe.jsonl
/home/tatsu/lgrid_view/lg_w2_A_lam0.15/side/f0.5000_th2.1000_vt0.3842_first_order/seed014.ambig.csv	/home/tatsu/lgrid/lg_w2_A_lam0.15//side/f0.5000_th2.1000_vt0.3842_first_order//seed014.ambig.csv
/home/tatsu/lgrid_view/lg_w2_A_lam0.15/side/f0.5000_th2.1000_vt0.3842_first_order/seed012.answers.csv	/home/tatsu/lgrid/lg_w2_A_lam0.15//side/f0.5000_th2.1000_vt0.3842_first_order//seed012.answers.csv
/home/tatsu/lgrid_view/lg_w2_A_lam0.15/side/f0.5000_th2.1000_vt0.3842_first_order/seed016.ambig.csv	/home/tatsu/lgrid/lg_w2_A_lam0.15//side/f0.5000_th2.1000_vt0.3842_first_order//seed016.ambig.csv
/home/tatsu/lgrid_view/lg_w2_A_lam0.15/side/f0.5000_th2.1000_vt0.3842_first_order/seed013.answers.csv	/home/tatsu/lgrid/lg_w2_A_lam0.15//side/f0.5000_th2.1000_vt0.3842_first_order//seed013.answers.csv
/home/tatsu/lgrid_view/lg_w2_A_lam0.15/side/f0.5000_th2.1000_vt0.3842_first_order/seed014.answers.csv	/home/tatsu/lgrid/lg_w2_A_lam0.15//side/f0.5000_th2.1000_vt0.3842_first_order//seed014.answers.csv
/home/tatsu/lgrid_view/lg_w2_A_lam0.15/side/f0.5000_th2.1000_vt0.3842_first_order/seed019.ambig.csv	/home/tatsu/lgrid/lg_w2_A_lam0.15//side/f0.5000_th2.1000_vt0.3842_first_order//seed019.ambig.csv
/home/tatsu/lgrid_view/lg_w2_A_lam0.15/side/f0.5000_th2.1000_vt0.3842_first_order/seed017.answers.csv	/home/tatsu/lgrid/lg_w2_A_lam0.15//side/f0.5000_th2.1000_vt0.3842_first_order//seed017.answers.csv
/home/tatsu/lgrid_view/lg_w2_A_lam0.15/side/f0.5000_th2.1000_vt0.3842_first_order/seed009.answers.csv	/home/tatsu/lgrid/lg_w2_A_lam0.15//side/f0.5000_th2.1000_vt0.3842_first_order//seed009.answers.csv
/home/tatsu/lgrid_view/lg_w2_A_lam0.15/side/f0.5000_th2.1000_vt0.3842_first_order/seed015.ambig.csv	/home/tatsu/lgrid/lg_w2_A_lam0.15//side/f0.5000_th2.1000_vt0.3842_first_order//seed015.ambig.csv
/home/tatsu/lgrid_view/lg_w2_A_lam0.15/side/f0.5000_th2.1000_vt0.3842_first_order/seed010.shop.jsonl	/home/tatsu/lgrid/lg_w2_A_lam0.15//side/f0.5000_th2.1000_vt0.3842_first_order//seed010.shop.jsonl
/home/tatsu/lgrid_view/lg_w2_A_lam0.15/side/f0.5000_th2.1000_vt0.3842_first_order/seed001.probe.jsonl	/home/tatsu/lgrid/lg_w2_A_lam0.15//side/f0.5000_th2.1000_vt0.3842_first_order//seed001.probe.jsonl
/home/tatsu/lgrid_view/lg_w2_A_lam0.15/side/f0.5000_th2.1000_vt0.3842_first_order/seed015.shop.jsonl	/home/tatsu/lgrid/lg_w2_A_lam0.15//side/f0.5000_th2.1000_vt0.3842_first_order//seed015.shop.jsonl
/home/tatsu/lgrid_view/lg_w2_A_lam0.15/side/f0.5000_th2.1000_vt0.3842_first_order/seed018.probe.jsonl	/home/tatsu/lgrid/lg_w2_A_lam0.15//side/f0.5000_th2.1000_vt0.3842_first_order//seed018.probe.jsonl
/home/tatsu/lgrid_view/lg_w2_A_lam0.15/side/f0.5000_th2.1000_vt0.3842_first_order/seed020.answers.csv	/home/tatsu/lgrid/lg_w2_A_lam0.15//side/f0.5000_th2.1000_vt0.3842_first_order//seed020.answers.csv
/home/tatsu/lgrid_view/lg_w2_A_lam0.15/side/f0.5000_th2.1000_vt0.3842_first_order/seed010.answers.csv	/home/tatsu/lgrid/lg_w2_A_lam0.15//side/f0.5000_th2.1000_vt0.3842_first_order//seed010.answers.csv
/home/tatsu/lgrid_view/lg_w2_A_lam0.15/side/f0.5000_th2.1000_vt0.3842_first_order/seed005.answers.csv	/home/tatsu/lgrid/lg_w2_A_lam0.15//side/f0.5000_th2.1000_vt0.3842_first_order//seed005.answers.csv
/home/tatsu/lgrid_view/lg_w2_A_lam0.15/side/f0.5000_th2.1000_vt0.3842_first_order/seed011.probe.jsonl	/home/tatsu/lgrid/lg_w2_A_lam0.15//side/f0.5000_th2.1000_vt0.3842_first_order//seed011.probe.jsonl
/home/tatsu/lgrid_view/lg_w2_A_lam0.15/side/f0.5000_th2.1000_vt0.3842_first_order/seed017.shop.jsonl	/home/tatsu/lgrid/lg_w2_A_lam0.15//side/f0.5000_th2.1000_vt0.3842_first_order//seed017.shop.jsonl
/home/tatsu/lgrid_view/lg_w2_A_lam0.15/side/f0.5000_th2.1000_vt0.3842_first_order/seed002.ambig.csv	/home/tatsu/lgrid/lg_w2_A_lam0.15//side/f0.5000_th2.1000_vt0.3842_first_order//seed002.ambig.csv
/home/tatsu/lgrid_view/lg_w2_A_lam0.15/side/f0.5000_th2.1000_vt0.3842_first_order/seed020.ambig.csv	/home/tatsu/lgrid/lg_w2_A_lam0.15//side/f0.5000_th2.1000_vt0.3842_first_order//seed020.ambig.csv
/home/tatsu/lgrid_view/lg_w2_A_lam0.15/side/f0.5000_th2.1000_vt0.3842_first_order/seed017.ambig.csv	/home/tatsu/lgrid/lg_w2_A_lam0.15//side/f0.5000_th2.1000_vt0.3842_first_order//seed017.ambig.csv
/home/tatsu/lgrid_view/lg_w2_A_lam0.15/side/f0.5000_th2.1000_vt0.3842_first_order/seed005.shop.jsonl	/home/tatsu/lgrid/lg_w2_A_lam0.15//side/f0.5000_th2.1000_vt0.3842_first_order//seed005.shop.jsonl
/home/tatsu/lgrid_view/lg_w2_A_lam0.15/side/f0.5000_th2.1000_vt0.3842_first_order/seed018.shop.jsonl	/home/tatsu/lgrid/lg_w2_A_lam0.15//side/f0.5000_th2.1000_vt0.3842_first_order//seed018.shop.jsonl
/home/tatsu/lgrid_view/lg_w2_A_lam0.15/side/f0.5000_th2.1000_vt0.3842_first_order/seed002.shop.jsonl	/home/tatsu/lgrid/lg_w2_A_lam0.15//side/f0.5000_th2.1000_vt0.3842_first_order//seed002.shop.jsonl
/home/tatsu/lgrid_view/lg_w2_A_lam0.15/side/f0.5000_th2.1000_vt0.3842_first_order/seed017.probe.jsonl	/home/tatsu/lgrid/lg_w2_A_lam0.15//side/f0.5000_th2.1000_vt0.3842_first_order//seed017.probe.jsonl
/home/tatsu/lgrid_view/lg_w2_A_lam0.15/side/f0.5000_th2.1000_vt0.3842_first_order/seed010.ambig.csv	/home/tatsu/lgrid/lg_w2_A_lam0.15//side/f0.5000_th2.1000_vt0.3842_first_order//seed010.ambig.csv
/home/tatsu/lgrid_view/lg_w2_A_lam0.15/side/f0.5000_th2.1000_vt0.3842_first_order/seed009.probe.jsonl	/home/tatsu/lgrid/lg_w2_A_lam0.15//side/f0.5000_th2.1000_vt0.3842_first_order//seed009.probe.jsonl
/home/tatsu/lgrid_view/lg_w2_A_lam0.15/side/f0.5000_th2.1000_vt0.3842_first_order/seed015.probe.jsonl	/home/tatsu/lgrid/lg_w2_A_lam0.15//side/f0.5000_th2.1000_vt0.3842_first_order//seed015.probe.jsonl
/home/tatsu/lgrid_view/lg_w2_A_lam0.15/side/f0.5000_th2.1000_vt0.3842_first_order/seed006.ambig.csv	/home/tatsu/lgrid/lg_w2_A_lam0.15//side/f0.5000_th2.1000_vt0.3842_first_order//seed006.ambig.csv
/home/tatsu/lgrid_view/lg_w2_A_lam0.15/side/f0.5000_th2.1000_vt0.3842_first_order/seed009.ambig.csv	/home/tatsu/lgrid/lg_w2_A_lam0.15//side/f0.5000_th2.1000_vt0.3842_first_order//seed009.ambig.csv
/home/tatsu/lgrid_view/lg_w2_A_lam0.15/side/f0.5000_th2.1000_vt0.3842_first_order/seed001.answers.csv	/home/tatsu/lgrid/lg_w2_A_lam0.15//side/f0.5000_th2.1000_vt0.3842_first_order//seed001.answers.csv
/home/tatsu/lgrid_view/lg_w2_A_lam0.15/side/f0.5000_th2.1000_vt0.3842_first_order/seed011.ambig.csv	/home/tatsu/lgrid/lg_w2_A_lam0.15//side/f0.5000_th2.1000_vt0.3842_first_order//seed011.ambig.csv
/home/tatsu/lgrid_view/lg_w2_A_lam0.15/side/f0.5000_th2.1000_vt0.3842_first_order/seed006.answers.csv	/home/tatsu/lgrid/lg_w2_A_lam0.15//side/f0.5000_th2.1000_vt0.3842_first_order//seed006.answers.csv
/home/tatsu/lgrid_view/lg_w2_A_lam0.15/side/f0.5000_th2.1000_vt0.3842_first_order/seed012.ambig.csv	/home/tatsu/lgrid/lg_w2_A_lam0.15//side/f0.5000_th2.1000_vt0.3842_first_order//seed012.ambig.csv
/home/tatsu/lgrid_view/lg_w2_A_lam0.15/side/f0.5000_th2.1000_vt0.3842_first_order/seed018.answers.csv	/home/tatsu/lgrid/lg_w2_A_lam0.15//side/f0.5000_th2.1000_vt0.3842_first_order//seed018.answers.csv
/home/tatsu/lgrid_view/lg_w2_A_lam0.15/side/f0.5000_th2.1000_vt0.3842_first_order/seed005.probe.jsonl	/home/tatsu/lgrid/lg_w2_A_lam0.15//side/f0.5000_th2.1000_vt0.3842_first_order//seed005.probe.jsonl
/home/tatsu/lgrid_view/lg_w2_A_lam0.15/side/f0.5000_th2.1000_vt0.3842_first_order/seed007.probe.jsonl	/home/tatsu/lgrid/lg_w2_A_lam0.15//side/f0.5000_th2.1000_vt0.3842_first_order//seed007.probe.jsonl
/home/tatsu/lgrid_view/lg_w2_A_lam0.15/side/f0.5000_th2.1000_vt0.3842_first_order/seed013.probe.jsonl	/home/tatsu/lgrid/lg_w2_A_lam0.15//side/f0.5000_th2.1000_vt0.3842_first_order//seed013.probe.jsonl
/home/tatsu/lgrid_view/lg_w2_A_lam0.15/side/f0.5000_th2.1000_vt0.3842_first_order/seed014.shop.jsonl	/home/tatsu/lgrid/lg_w2_A_lam0.15//side/f0.5000_th2.1000_vt0.3842_first_order//seed014.shop.jsonl
/home/tatsu/lgrid_view/lg_w2_A_lam0.15/side/f0.5000_th2.1000_vt0.3842_first_order/seed008.probe.jsonl	/home/tatsu/lgrid/lg_w2_A_lam0.15//side/f0.5000_th2.1000_vt0.3842_first_order//seed008.probe.jsonl
/home/tatsu/lgrid_view/lg_w2_A_lam0.15/side/f0.5000_th2.1000_vt0.3842_first_order/seed019.shop.jsonl	/home/tatsu/lgrid/lg_w2_A_lam0.15//side/f0.5000_th2.1000_vt0.3842_first_order//seed019.shop.jsonl
/home/tatsu/lgrid_view/lg_w2_A_lam0.15/side/f0.5000_th2.1000_vt0.3842_first_order/seed019.answers.csv	/home/tatsu/lgrid/lg_w2_A_lam0.15//side/f0.5000_th2.1000_vt0.3842_first_order//seed019.answers.csv
/home/tatsu/lgrid_view/lg_w2_A_lam0.15/side/f0.5000_th2.1000_vt0.3842_first_order/seed016.probe.jsonl	/home/tatsu/lgrid/lg_w2_A_lam0.15//side/f0.5000_th2.1000_vt0.3842_first_order//seed016.probe.jsonl
/home/tatsu/lgrid_view/lg_w2_A_lam0.15/side/f0.5000_th2.1000_vt0.3842_first_order/seed011.answers.csv	/home/tatsu/lgrid/lg_w2_A_lam0.15//side/f0.5000_th2.1000_vt0.3842_first_order//seed011.answers.csv
/home/tatsu/lgrid_view/lg_w2_A_lam0.15/side/f0.5000_th2.1000_vt0.3842_first_order/seed003.probe.jsonl	/home/tatsu/lgrid/lg_w2_A_lam0.15//side/f0.5000_th2.1000_vt0.3842_first_order//seed003.probe.jsonl
/home/tatsu/lgrid_view/lg_w2_A_lam0.15/side/f0.5000_th2.1000_vt0.3842_first_order/seed008.shop.jsonl	/home/tatsu/lgrid/lg_w2_A_lam0.15//side/f0.5000_th2.1000_vt0.3842_first_order//seed008.shop.jsonl
/home/tatsu/lgrid_view/lg_w2_A_lam0.15/side/f0.5000_th2.1000_vt0.3842_first_order/seed002.answers.csv	/home/tatsu/lgrid/lg_w2_A_lam0.15//side/f0.5000_th2.1000_vt0.3842_first_order//seed002.answers.csv
/home/tatsu/lgrid_view/lg_w2_A_lam0.15/side/f0.5000_th2.1000_vt0.3842_first_order/seed001.ambig.csv	/home/tatsu/lgrid/lg_w2_A_lam0.15//side/f0.5000_th2.1000_vt0.3842_first_order//seed001.ambig.csv
/home/tatsu/lgrid_view/lg_w2_A_lam0.15/side/f0.5000_th2.1000_vt0.3842_first_order/seed004.shop.jsonl	/home/tatsu/lgrid/lg_w2_A_lam0.15//side/f0.5000_th2.1000_vt0.3842_first_order//seed004.shop.jsonl
/home/tatsu/lgrid_view/lg_w2_A_lam0.15/side/f0.5000_th2.1000_vt0.3842_first_order/seed004.ambig.csv	/home/tatsu/lgrid/lg_w2_A_lam0.15//side/f0.5000_th2.1000_vt0.3842_first_order//seed004.ambig.csv
/home/tatsu/lgrid_view/lg_w2_A_lam0.15/side/f0.5000_th2.1000_vt0.3842_first_order/seed003.answers.csv	/home/tatsu/lgrid/lg_w2_A_lam0.15//side/f0.5000_th2.1000_vt0.3842_first_order//seed003.answers.csv
/home/tatsu/lgrid_view/lg_w2_A_lam0.15/side/f0.5000_th2.1000_vt0.3842_first_order/seed016.answers.csv	/home/tatsu/lgrid/lg_w2_A_lam0.15//side/f0.5000_th2.1000_vt0.3842_first_order//seed016.answers.csv
/home/tatsu/lgrid_view/lg_w2_A_lam0.15/side/f0.5000_th2.1000_vt0.3842_first_order/seed007.answers.csv	/home/tatsu/lgrid/lg_w2_A_lam0.15//side/f0.5000_th2.1000_vt0.3842_first_order//seed007.answers.csv
/home/tatsu/lgrid_view/lg_w2_A_lam0.15/side/f0.5000_th2.1000_vt0.3842_first_order/seed009.shop.jsonl	/home/tatsu/lgrid/lg_w2_A_lam0.15//side/f0.5000_th2.1000_vt0.3842_first_order//seed009.shop.jsonl
/home/tatsu/lgrid_view/lg_w2_A_lam0.15/side/f0.5000_th2.1000_vt0.3842_first_order/seed002.probe.jsonl	/home/tatsu/lgrid/lg_w2_A_lam0.15//side/f0.5000_th2.1000_vt0.3842_first_order//seed002.probe.jsonl
/home/tatsu/lgrid_view/lg_w2_A_lam0.15/side/f0.5000_th2.1000_vt0.3842_first_order/seed018.ambig.csv	/home/tatsu/lgrid/lg_w2_A_lam0.15//side/f0.5000_th2.1000_vt0.3842_first_order//seed018.ambig.csv
/home/tatsu/chance_view/ch_w2_A_uabs/ledgers	/home/tatsu/chance/ch_w2_A_uabs/ledgers
/home/tatsu/chance_view/ch_w2_A_uabs/side/f0.5000_th2.1000_vt0.3842_first_order/seed003.shop.jsonl	/home/tatsu/chance/ch_w2_A_uabs/side/f0.5000_th2.1000_vt0.3842_first_order//seed003.shop.jsonl
/home/tatsu/chance_view/ch_w2_A_uabs/side/f0.5000_th2.1000_vt0.3842_first_order/seed011.shop.jsonl	/home/tatsu/chance/ch_w2_A_uabs/side/f0.5000_th2.1000_vt0.3842_first_order//seed011.shop.jsonl
/home/tatsu/chance_view/ch_w2_A_uabs/side/f0.5000_th2.1000_vt0.3842_first_order/seed020.shop.jsonl	/home/tatsu/chance/ch_w2_A_uabs/side/f0.5000_th2.1000_vt0.3842_first_order//seed020.shop.jsonl
/home/tatsu/chance_view/ch_w2_A_uabs/side/f0.5000_th2.1000_vt0.3842_first_order/seed004.answers.csv	/home/tatsu/chance/ch_w2_A_uabs/side/f0.5000_th2.1000_vt0.3842_first_order//seed004.answers.csv
/home/tatsu/chance_view/ch_w2_A_uabs/side/f0.5000_th2.1000_vt0.3842_first_order/seed019.probe.jsonl	/home/tatsu/chance/ch_w2_A_uabs/side/f0.5000_th2.1000_vt0.3842_first_order//seed019.probe.jsonl
/home/tatsu/chance_view/ch_w2_A_uabs/side/f0.5000_th2.1000_vt0.3842_first_order/seed001.shop.jsonl	/home/tatsu/chance/ch_w2_A_uabs/side/f0.5000_th2.1000_vt0.3842_first_order//seed001.shop.jsonl
/home/tatsu/chance_view/ch_w2_A_uabs/side/f0.5000_th2.1000_vt0.3842_first_order/seed016.shop.jsonl	/home/tatsu/chance/ch_w2_A_uabs/side/f0.5000_th2.1000_vt0.3842_first_order//seed016.shop.jsonl
/home/tatsu/chance_view/ch_w2_A_uabs/side/f0.5000_th2.1000_vt0.3842_first_order/seed006.probe.jsonl	/home/tatsu/chance/ch_w2_A_uabs/side/f0.5000_th2.1000_vt0.3842_first_order//seed006.probe.jsonl
/home/tatsu/chance_view/ch_w2_A_uabs/side/f0.5000_th2.1000_vt0.3842_first_order/seed013.shop.jsonl	/home/tatsu/chance/ch_w2_A_uabs/side/f0.5000_th2.1000_vt0.3842_first_order//seed013.shop.jsonl
/home/tatsu/chance_view/ch_w2_A_uabs/side/f0.5000_th2.1000_vt0.3842_first_order/seed012.probe.jsonl	/home/tatsu/chance/ch_w2_A_uabs/side/f0.5000_th2.1000_vt0.3842_first_order//seed012.probe.jsonl
/home/tatsu/chance_view/ch_w2_A_uabs/side/f0.5000_th2.1000_vt0.3842_first_order/seed008.answers.csv	/home/tatsu/chance/ch_w2_A_uabs/side/f0.5000_th2.1000_vt0.3842_first_order//seed008.answers.csv
/home/tatsu/chance_view/ch_w2_A_uabs/side/f0.5000_th2.1000_vt0.3842_first_order/seed012.shop.jsonl	/home/tatsu/chance/ch_w2_A_uabs/side/f0.5000_th2.1000_vt0.3842_first_order//seed012.shop.jsonl
/home/tatsu/chance_view/ch_w2_A_uabs/side/f0.5000_th2.1000_vt0.3842_first_order/seed004.probe.jsonl	/home/tatsu/chance/ch_w2_A_uabs/side/f0.5000_th2.1000_vt0.3842_first_order//seed004.probe.jsonl
/home/tatsu/chance_view/ch_w2_A_uabs/side/f0.5000_th2.1000_vt0.3842_first_order/seed015.answers.csv	/home/tatsu/chance/ch_w2_A_uabs/side/f0.5000_th2.1000_vt0.3842_first_order//seed015.answers.csv
/home/tatsu/chance_view/ch_w2_A_uabs/side/f0.5000_th2.1000_vt0.3842_first_order/seed006.shop.jsonl	/home/tatsu/chance/ch_w2_A_uabs/side/f0.5000_th2.1000_vt0.3842_first_order//seed006.shop.jsonl
/home/tatsu/chance_view/ch_w2_A_uabs/side/f0.5000_th2.1000_vt0.3842_first_order/seed007.shop.jsonl	/home/tatsu/chance/ch_w2_A_uabs/side/f0.5000_th2.1000_vt0.3842_first_order//seed007.shop.jsonl
/home/tatsu/chance_view/ch_w2_A_uabs/side/f0.5000_th2.1000_vt0.3842_first_order/seed010.probe.jsonl	/home/tatsu/chance/ch_w2_A_uabs/side/f0.5000_th2.1000_vt0.3842_first_order//seed010.probe.jsonl
/home/tatsu/chance_view/ch_w2_A_uabs/side/f0.5000_th2.1000_vt0.3842_first_order/seed020.probe.jsonl	/home/tatsu/chance/ch_w2_A_uabs/side/f0.5000_th2.1000_vt0.3842_first_order//seed020.probe.jsonl
/home/tatsu/chance_view/ch_w2_A_uabs/side/f0.5000_th2.1000_vt0.3842_first_order/seed014.probe.jsonl	/home/tatsu/chance/ch_w2_A_uabs/side/f0.5000_th2.1000_vt0.3842_first_order//seed014.probe.jsonl
/home/tatsu/chance_view/ch_w2_A_uabs/side/f0.5000_th2.1000_vt0.3842_first_order/seed012.answers.csv	/home/tatsu/chance/ch_w2_A_uabs/side/f0.5000_th2.1000_vt0.3842_first_order//seed012.answers.csv
/home/tatsu/chance_view/ch_w2_A_uabs/side/f0.5000_th2.1000_vt0.3842_first_order/seed013.answers.csv	/home/tatsu/chance/ch_w2_A_uabs/side/f0.5000_th2.1000_vt0.3842_first_order//seed013.answers.csv
/home/tatsu/chance_view/ch_w2_A_uabs/side/f0.5000_th2.1000_vt0.3842_first_order/seed014.answers.csv	/home/tatsu/chance/ch_w2_A_uabs/side/f0.5000_th2.1000_vt0.3842_first_order//seed014.answers.csv
/home/tatsu/chance_view/ch_w2_A_uabs/side/f0.5000_th2.1000_vt0.3842_first_order/seed017.answers.csv	/home/tatsu/chance/ch_w2_A_uabs/side/f0.5000_th2.1000_vt0.3842_first_order//seed017.answers.csv
/home/tatsu/chance_view/ch_w2_A_uabs/side/f0.5000_th2.1000_vt0.3842_first_order/seed009.answers.csv	/home/tatsu/chance/ch_w2_A_uabs/side/f0.5000_th2.1000_vt0.3842_first_order//seed009.answers.csv
/home/tatsu/chance_view/ch_w2_A_uabs/side/f0.5000_th2.1000_vt0.3842_first_order/seed010.shop.jsonl	/home/tatsu/chance/ch_w2_A_uabs/side/f0.5000_th2.1000_vt0.3842_first_order//seed010.shop.jsonl
/home/tatsu/chance_view/ch_w2_A_uabs/side/f0.5000_th2.1000_vt0.3842_first_order/seed001.probe.jsonl	/home/tatsu/chance/ch_w2_A_uabs/side/f0.5000_th2.1000_vt0.3842_first_order//seed001.probe.jsonl
/home/tatsu/chance_view/ch_w2_A_uabs/side/f0.5000_th2.1000_vt0.3842_first_order/seed015.shop.jsonl	/home/tatsu/chance/ch_w2_A_uabs/side/f0.5000_th2.1000_vt0.3842_first_order//seed015.shop.jsonl
/home/tatsu/chance_view/ch_w2_A_uabs/side/f0.5000_th2.1000_vt0.3842_first_order/seed018.probe.jsonl	/home/tatsu/chance/ch_w2_A_uabs/side/f0.5000_th2.1000_vt0.3842_first_order//seed018.probe.jsonl
/home/tatsu/chance_view/ch_w2_A_uabs/side/f0.5000_th2.1000_vt0.3842_first_order/seed020.answers.csv	/home/tatsu/chance/ch_w2_A_uabs/side/f0.5000_th2.1000_vt0.3842_first_order//seed020.answers.csv
/home/tatsu/chance_view/ch_w2_A_uabs/side/f0.5000_th2.1000_vt0.3842_first_order/seed010.answers.csv	/home/tatsu/chance/ch_w2_A_uabs/side/f0.5000_th2.1000_vt0.3842_first_order//seed010.answers.csv
/home/tatsu/chance_view/ch_w2_A_uabs/side/f0.5000_th2.1000_vt0.3842_first_order/seed005.answers.csv	/home/tatsu/chance/ch_w2_A_uabs/side/f0.5000_th2.1000_vt0.3842_first_order//seed005.answers.csv
/home/tatsu/chance_view/ch_w2_A_uabs/side/f0.5000_th2.1000_vt0.3842_first_order/seed011.probe.jsonl	/home/tatsu/chance/ch_w2_A_uabs/side/f0.5000_th2.1000_vt0.3842_first_order//seed011.probe.jsonl
/home/tatsu/chance_view/ch_w2_A_uabs/side/f0.5000_th2.1000_vt0.3842_first_order/seed017.shop.jsonl	/home/tatsu/chance/ch_w2_A_uabs/side/f0.5000_th2.1000_vt0.3842_first_order//seed017.shop.jsonl
/home/tatsu/chance_view/ch_w2_A_uabs/side/f0.5000_th2.1000_vt0.3842_first_order/seed005.shop.jsonl	/home/tatsu/chance/ch_w2_A_uabs/side/f0.5000_th2.1000_vt0.3842_first_order//seed005.shop.jsonl
/home/tatsu/chance_view/ch_w2_A_uabs/side/f0.5000_th2.1000_vt0.3842_first_order/seed018.shop.jsonl	/home/tatsu/chance/ch_w2_A_uabs/side/f0.5000_th2.1000_vt0.3842_first_order//seed018.shop.jsonl
/home/tatsu/chance_view/ch_w2_A_uabs/side/f0.5000_th2.1000_vt0.3842_first_order/seed002.shop.jsonl	/home/tatsu/chance/ch_w2_A_uabs/side/f0.5000_th2.1000_vt0.3842_first_order//seed002.shop.jsonl
/home/tatsu/chance_view/ch_w2_A_uabs/side/f0.5000_th2.1000_vt0.3842_first_order/seed017.probe.jsonl	/home/tatsu/chance/ch_w2_A_uabs/side/f0.5000_th2.1000_vt0.3842_first_order//seed017.probe.jsonl
/home/tatsu/chance_view/ch_w2_A_uabs/side/f0.5000_th2.1000_vt0.3842_first_order/seed009.probe.jsonl	/home/tatsu/chance/ch_w2_A_uabs/side/f0.5000_th2.1000_vt0.3842_first_order//seed009.probe.jsonl
/home/tatsu/chance_view/ch_w2_A_uabs/side/f0.5000_th2.1000_vt0.3842_first_order/seed015.probe.jsonl	/home/tatsu/chance/ch_w2_A_uabs/side/f0.5000_th2.1000_vt0.3842_first_order//seed015.probe.jsonl
/home/tatsu/chance_view/ch_w2_A_uabs/side/f0.5000_th2.1000_vt0.3842_first_order/seed001.answers.csv	/home/tatsu/chance/ch_w2_A_uabs/side/f0.5000_th2.1000_vt0.3842_first_order//seed001.answers.csv
/home/tatsu/chance_view/ch_w2_A_uabs/side/f0.5000_th2.1000_vt0.3842_first_order/seed006.answers.csv	/home/tatsu/chance/ch_w2_A_uabs/side/f0.5000_th2.1000_vt0.3842_first_order//seed006.answers.csv
/home/tatsu/chance_view/ch_w2_A_uabs/side/f0.5000_th2.1000_vt0.3842_first_order/seed018.answers.csv	/home/tatsu/chance/ch_w2_A_uabs/side/f0.5000_th2.1000_vt0.3842_first_order//seed018.answers.csv
/home/tatsu/chance_view/ch_w2_A_uabs/side/f0.5000_th2.1000_vt0.3842_first_order/seed005.probe.jsonl	/home/tatsu/chance/ch_w2_A_uabs/side/f0.5000_th2.1000_vt0.3842_first_order//seed005.probe.jsonl
/home/tatsu/chance_view/ch_w2_A_uabs/side/f0.5000_th2.1000_vt0.3842_first_order/seed007.probe.jsonl	/home/tatsu/chance/ch_w2_A_uabs/side/f0.5000_th2.1000_vt0.3842_first_order//seed007.probe.jsonl
/home/tatsu/chance_view/ch_w2_A_uabs/side/f0.5000_th2.1000_vt0.3842_first_order/seed013.probe.jsonl	/home/tatsu/chance/ch_w2_A_uabs/side/f0.5000_th2.1000_vt0.3842_first_order//seed013.probe.jsonl
/home/tatsu/chance_view/ch_w2_A_uabs/side/f0.5000_th2.1000_vt0.3842_first_order/seed014.shop.jsonl	/home/tatsu/chance/ch_w2_A_uabs/side/f0.5000_th2.1000_vt0.3842_first_order//seed014.shop.jsonl
/home/tatsu/chance_view/ch_w2_A_uabs/side/f0.5000_th2.1000_vt0.3842_first_order/seed008.probe.jsonl	/home/tatsu/chance/ch_w2_A_uabs/side/f0.5000_th2.1000_vt0.3842_first_order//seed008.probe.jsonl
/home/tatsu/chance_view/ch_w2_A_uabs/side/f0.5000_th2.1000_vt0.3842_first_order/seed019.shop.jsonl	/home/tatsu/chance/ch_w2_A_uabs/side/f0.5000_th2.1000_vt0.3842_first_order//seed019.shop.jsonl
/home/tatsu/chance_view/ch_w2_A_uabs/side/f0.5000_th2.1000_vt0.3842_first_order/seed019.answers.csv	/home/tatsu/chance/ch_w2_A_uabs/side/f0.5000_th2.1000_vt0.3842_first_order//seed019.answers.csv
/home/tatsu/chance_view/ch_w2_A_uabs/side/f0.5000_th2.1000_vt0.3842_first_order/seed016.probe.jsonl	/home/tatsu/chance/ch_w2_A_uabs/side/f0.5000_th2.1000_vt0.3842_first_order//seed016.probe.jsonl
/home/tatsu/chance_view/ch_w2_A_uabs/side/f0.5000_th2.1000_vt0.3842_first_order/seed011.answers.csv	/home/tatsu/chance/ch_w2_A_uabs/side/f0.5000_th2.1000_vt0.3842_first_order//seed011.answers.csv
/home/tatsu/chance_view/ch_w2_A_uabs/side/f0.5000_th2.1000_vt0.3842_first_order/seed003.probe.jsonl	/home/tatsu/chance/ch_w2_A_uabs/side/f0.5000_th2.1000_vt0.3842_first_order//seed003.probe.jsonl
/home/tatsu/chance_view/ch_w2_A_uabs/side/f0.5000_th2.1000_vt0.3842_first_order/seed008.shop.jsonl	/home/tatsu/chance/ch_w2_A_uabs/side/f0.5000_th2.1000_vt0.3842_first_order//seed008.shop.jsonl
/home/tatsu/chance_view/ch_w2_A_uabs/side/f0.5000_th2.1000_vt0.3842_first_order/seed002.answers.csv	/home/tatsu/chance/ch_w2_A_uabs/side/f0.5000_th2.1000_vt0.3842_first_order//seed002.answers.csv
/home/tatsu/chance_view/ch_w2_A_uabs/side/f0.5000_th2.1000_vt0.3842_first_order/seed004.shop.jsonl	/home/tatsu/chance/ch_w2_A_uabs/side/f0.5000_th2.1000_vt0.3842_first_order//seed004.shop.jsonl
/home/tatsu/chance_view/ch_w2_A_uabs/side/f0.5000_th2.1000_vt0.3842_first_order/seed003.answers.csv	/home/tatsu/chance/ch_w2_A_uabs/side/f0.5000_th2.1000_vt0.3842_first_order//seed003.answers.csv
/home/tatsu/chance_view/ch_w2_A_uabs/side/f0.5000_th2.1000_vt0.3842_first_order/seed016.answers.csv	/home/tatsu/chance/ch_w2_A_uabs/side/f0.5000_th2.1000_vt0.3842_first_order//seed016.answers.csv
/home/tatsu/chance_view/ch_w2_A_uabs/side/f0.5000_th2.1000_vt0.3842_first_order/seed007.answers.csv	/home/tatsu/chance/ch_w2_A_uabs/side/f0.5000_th2.1000_vt0.3842_first_order//seed007.answers.csv
/home/tatsu/chance_view/ch_w2_A_uabs/side/f0.5000_th2.1000_vt0.3842_first_order/seed009.shop.jsonl	/home/tatsu/chance/ch_w2_A_uabs/side/f0.5000_th2.1000_vt0.3842_first_order//seed009.shop.jsonl
/home/tatsu/chance_view/ch_w2_A_uabs/side/f0.5000_th2.1000_vt0.3842_first_order/seed002.probe.jsonl	/home/tatsu/chance/ch_w2_A_uabs/side/f0.5000_th2.1000_vt0.3842_first_order//seed002.probe.jsonl
/home/tatsu/chance_view/ch_w2_A_init0/ledgers	/home/tatsu/chance/ch_w2_A_init0/ledgers
/home/tatsu/chance_view/ch_w2_A_init0/side/f0.5000_th2.1000_vt0.3842_first_order/seed010.cfvalue.jsonl	/home/tatsu/chance/ch_w2_A_init0/side/f0.5000_th2.1000_vt0.3842_first_order//seed010.cfvalue.jsonl
/home/tatsu/chance_view/ch_w2_A_init0/side/f0.5000_th2.1000_vt0.3842_first_order/seed013.cfvalue.jsonl	/home/tatsu/chance/ch_w2_A_init0/side/f0.5000_th2.1000_vt0.3842_first_order//seed013.cfvalue.jsonl
/home/tatsu/chance_view/ch_w2_A_init0/side/f0.5000_th2.1000_vt0.3842_first_order/seed003.shop.jsonl	/home/tatsu/chance/ch_w2_A_init0/side/f0.5000_th2.1000_vt0.3842_first_order//seed003.shop.jsonl
/home/tatsu/chance_view/ch_w2_A_init0/side/f0.5000_th2.1000_vt0.3842_first_order/seed011.shop.jsonl	/home/tatsu/chance/ch_w2_A_init0/side/f0.5000_th2.1000_vt0.3842_first_order//seed011.shop.jsonl
/home/tatsu/chance_view/ch_w2_A_init0/side/f0.5000_th2.1000_vt0.3842_first_order/seed002.cfvalue.jsonl	/home/tatsu/chance/ch_w2_A_init0/side/f0.5000_th2.1000_vt0.3842_first_order//seed002.cfvalue.jsonl
/home/tatsu/chance_view/ch_w2_A_init0/side/f0.5000_th2.1000_vt0.3842_first_order/seed020.shop.jsonl	/home/tatsu/chance/ch_w2_A_init0/side/f0.5000_th2.1000_vt0.3842_first_order//seed020.shop.jsonl
/home/tatsu/chance_view/ch_w2_A_init0/side/f0.5000_th2.1000_vt0.3842_first_order/seed004.answers.csv	/home/tatsu/chance/ch_w2_A_init0/side/f0.5000_th2.1000_vt0.3842_first_order//seed004.answers.csv
/home/tatsu/chance_view/ch_w2_A_init0/side/f0.5000_th2.1000_vt0.3842_first_order/seed019.probe.jsonl	/home/tatsu/chance/ch_w2_A_init0/side/f0.5000_th2.1000_vt0.3842_first_order//seed019.probe.jsonl
/home/tatsu/chance_view/ch_w2_A_init0/side/f0.5000_th2.1000_vt0.3842_first_order/seed001.shop.jsonl	/home/tatsu/chance/ch_w2_A_init0/side/f0.5000_th2.1000_vt0.3842_first_order//seed001.shop.jsonl
/home/tatsu/chance_view/ch_w2_A_init0/side/f0.5000_th2.1000_vt0.3842_first_order/seed016.shop.jsonl	/home/tatsu/chance/ch_w2_A_init0/side/f0.5000_th2.1000_vt0.3842_first_order//seed016.shop.jsonl
/home/tatsu/chance_view/ch_w2_A_init0/side/f0.5000_th2.1000_vt0.3842_first_order/seed006.probe.jsonl	/home/tatsu/chance/ch_w2_A_init0/side/f0.5000_th2.1000_vt0.3842_first_order//seed006.probe.jsonl
/home/tatsu/chance_view/ch_w2_A_init0/side/f0.5000_th2.1000_vt0.3842_first_order/seed013.shop.jsonl	/home/tatsu/chance/ch_w2_A_init0/side/f0.5000_th2.1000_vt0.3842_first_order//seed013.shop.jsonl
/home/tatsu/chance_view/ch_w2_A_init0/side/f0.5000_th2.1000_vt0.3842_first_order/seed012.probe.jsonl	/home/tatsu/chance/ch_w2_A_init0/side/f0.5000_th2.1000_vt0.3842_first_order//seed012.probe.jsonl
/home/tatsu/chance_view/ch_w2_A_init0/side/f0.5000_th2.1000_vt0.3842_first_order/seed008.answers.csv	/home/tatsu/chance/ch_w2_A_init0/side/f0.5000_th2.1000_vt0.3842_first_order//seed008.answers.csv
/home/tatsu/chance_view/ch_w2_A_init0/side/f0.5000_th2.1000_vt0.3842_first_order/seed012.shop.jsonl	/home/tatsu/chance/ch_w2_A_init0/side/f0.5000_th2.1000_vt0.3842_first_order//seed012.shop.jsonl
/home/tatsu/chance_view/ch_w2_A_init0/side/f0.5000_th2.1000_vt0.3842_first_order/seed012.cfvalue.jsonl	/home/tatsu/chance/ch_w2_A_init0/side/f0.5000_th2.1000_vt0.3842_first_order//seed012.cfvalue.jsonl
/home/tatsu/chance_view/ch_w2_A_init0/side/f0.5000_th2.1000_vt0.3842_first_order/seed008.cfvalue.jsonl	/home/tatsu/chance/ch_w2_A_init0/side/f0.5000_th2.1000_vt0.3842_first_order//seed008.cfvalue.jsonl
/home/tatsu/chance_view/ch_w2_A_init0/side/f0.5000_th2.1000_vt0.3842_first_order/seed001.cfvalue.jsonl	/home/tatsu/chance/ch_w2_A_init0/side/f0.5000_th2.1000_vt0.3842_first_order//seed001.cfvalue.jsonl
/home/tatsu/chance_view/ch_w2_A_init0/side/f0.5000_th2.1000_vt0.3842_first_order/seed004.cfvalue.jsonl	/home/tatsu/chance/ch_w2_A_init0/side/f0.5000_th2.1000_vt0.3842_first_order//seed004.cfvalue.jsonl
/home/tatsu/chance_view/ch_w2_A_init0/side/f0.5000_th2.1000_vt0.3842_first_order/seed004.probe.jsonl	/home/tatsu/chance/ch_w2_A_init0/side/f0.5000_th2.1000_vt0.3842_first_order//seed004.probe.jsonl
/home/tatsu/chance_view/ch_w2_A_init0/side/f0.5000_th2.1000_vt0.3842_first_order/seed011.cfvalue.jsonl	/home/tatsu/chance/ch_w2_A_init0/side/f0.5000_th2.1000_vt0.3842_first_order//seed011.cfvalue.jsonl
/home/tatsu/chance_view/ch_w2_A_init0/side/f0.5000_th2.1000_vt0.3842_first_order/seed015.cfvalue.jsonl	/home/tatsu/chance/ch_w2_A_init0/side/f0.5000_th2.1000_vt0.3842_first_order//seed015.cfvalue.jsonl
/home/tatsu/chance_view/ch_w2_A_init0/side/f0.5000_th2.1000_vt0.3842_first_order/seed015.answers.csv	/home/tatsu/chance/ch_w2_A_init0/side/f0.5000_th2.1000_vt0.3842_first_order//seed015.answers.csv
/home/tatsu/chance_view/ch_w2_A_init0/side/f0.5000_th2.1000_vt0.3842_first_order/seed006.shop.jsonl	/home/tatsu/chance/ch_w2_A_init0/side/f0.5000_th2.1000_vt0.3842_first_order//seed006.shop.jsonl
/home/tatsu/chance_view/ch_w2_A_init0/side/f0.5000_th2.1000_vt0.3842_first_order/seed017.cfvalue.jsonl	/home/tatsu/chance/ch_w2_A_init0/side/f0.5000_th2.1000_vt0.3842_first_order//seed017.cfvalue.jsonl
/home/tatsu/chance_view/ch_w2_A_init0/side/f0.5000_th2.1000_vt0.3842_first_order/seed007.shop.jsonl	/home/tatsu/chance/ch_w2_A_init0/side/f0.5000_th2.1000_vt0.3842_first_order//seed007.shop.jsonl
/home/tatsu/chance_view/ch_w2_A_init0/side/f0.5000_th2.1000_vt0.3842_first_order/seed010.probe.jsonl	/home/tatsu/chance/ch_w2_A_init0/side/f0.5000_th2.1000_vt0.3842_first_order//seed010.probe.jsonl
/home/tatsu/chance_view/ch_w2_A_init0/side/f0.5000_th2.1000_vt0.3842_first_order/seed020.probe.jsonl	/home/tatsu/chance/ch_w2_A_init0/side/f0.5000_th2.1000_vt0.3842_first_order//seed020.probe.jsonl
/home/tatsu/chance_view/ch_w2_A_init0/side/f0.5000_th2.1000_vt0.3842_first_order/seed014.probe.jsonl	/home/tatsu/chance/ch_w2_A_init0/side/f0.5000_th2.1000_vt0.3842_first_order//seed014.probe.jsonl
/home/tatsu/chance_view/ch_w2_A_init0/side/f0.5000_th2.1000_vt0.3842_first_order/seed012.answers.csv	/home/tatsu/chance/ch_w2_A_init0/side/f0.5000_th2.1000_vt0.3842_first_order//seed012.answers.csv
/home/tatsu/chance_view/ch_w2_A_init0/side/f0.5000_th2.1000_vt0.3842_first_order/seed013.answers.csv	/home/tatsu/chance/ch_w2_A_init0/side/f0.5000_th2.1000_vt0.3842_first_order//seed013.answers.csv
/home/tatsu/chance_view/ch_w2_A_init0/side/f0.5000_th2.1000_vt0.3842_first_order/seed014.answers.csv	/home/tatsu/chance/ch_w2_A_init0/side/f0.5000_th2.1000_vt0.3842_first_order//seed014.answers.csv
/home/tatsu/chance_view/ch_w2_A_init0/side/f0.5000_th2.1000_vt0.3842_first_order/seed017.answers.csv	/home/tatsu/chance/ch_w2_A_init0/side/f0.5000_th2.1000_vt0.3842_first_order//seed017.answers.csv
/home/tatsu/chance_view/ch_w2_A_init0/side/f0.5000_th2.1000_vt0.3842_first_order/seed009.answers.csv	/home/tatsu/chance/ch_w2_A_init0/side/f0.5000_th2.1000_vt0.3842_first_order//seed009.answers.csv
/home/tatsu/chance_view/ch_w2_A_init0/side/f0.5000_th2.1000_vt0.3842_first_order/seed007.cfvalue.jsonl	/home/tatsu/chance/ch_w2_A_init0/side/f0.5000_th2.1000_vt0.3842_first_order//seed007.cfvalue.jsonl
/home/tatsu/chance_view/ch_w2_A_init0/side/f0.5000_th2.1000_vt0.3842_first_order/seed018.cfvalue.jsonl	/home/tatsu/chance/ch_w2_A_init0/side/f0.5000_th2.1000_vt0.3842_first_order//seed018.cfvalue.jsonl
/home/tatsu/chance_view/ch_w2_A_init0/side/f0.5000_th2.1000_vt0.3842_first_order/seed010.shop.jsonl	/home/tatsu/chance/ch_w2_A_init0/side/f0.5000_th2.1000_vt0.3842_first_order//seed010.shop.jsonl
/home/tatsu/chance_view/ch_w2_A_init0/side/f0.5000_th2.1000_vt0.3842_first_order/seed001.probe.jsonl	/home/tatsu/chance/ch_w2_A_init0/side/f0.5000_th2.1000_vt0.3842_first_order//seed001.probe.jsonl
/home/tatsu/chance_view/ch_w2_A_init0/side/f0.5000_th2.1000_vt0.3842_first_order/seed015.shop.jsonl	/home/tatsu/chance/ch_w2_A_init0/side/f0.5000_th2.1000_vt0.3842_first_order//seed015.shop.jsonl
/home/tatsu/chance_view/ch_w2_A_init0/side/f0.5000_th2.1000_vt0.3842_first_order/seed018.probe.jsonl	/home/tatsu/chance/ch_w2_A_init0/side/f0.5000_th2.1000_vt0.3842_first_order//seed018.probe.jsonl
/home/tatsu/chance_view/ch_w2_A_init0/side/f0.5000_th2.1000_vt0.3842_first_order/seed020.answers.csv	/home/tatsu/chance/ch_w2_A_init0/side/f0.5000_th2.1000_vt0.3842_first_order//seed020.answers.csv
/home/tatsu/chance_view/ch_w2_A_init0/side/f0.5000_th2.1000_vt0.3842_first_order/seed010.answers.csv	/home/tatsu/chance/ch_w2_A_init0/side/f0.5000_th2.1000_vt0.3842_first_order//seed010.answers.csv
/home/tatsu/chance_view/ch_w2_A_init0/side/f0.5000_th2.1000_vt0.3842_first_order/seed005.answers.csv	/home/tatsu/chance/ch_w2_A_init0/side/f0.5000_th2.1000_vt0.3842_first_order//seed005.answers.csv
/home/tatsu/chance_view/ch_w2_A_init0/side/f0.5000_th2.1000_vt0.3842_first_order/seed011.probe.jsonl	/home/tatsu/chance/ch_w2_A_init0/side/f0.5000_th2.1000_vt0.3842_first_order//seed011.probe.jsonl
/home/tatsu/chance_view/ch_w2_A_init0/side/f0.5000_th2.1000_vt0.3842_first_order/seed017.shop.jsonl	/home/tatsu/chance/ch_w2_A_init0/side/f0.5000_th2.1000_vt0.3842_first_order//seed017.shop.jsonl
/home/tatsu/chance_view/ch_w2_A_init0/side/f0.5000_th2.1000_vt0.3842_first_order/seed005.shop.jsonl	/home/tatsu/chance/ch_w2_A_init0/side/f0.5000_th2.1000_vt0.3842_first_order//seed005.shop.jsonl
/home/tatsu/chance_view/ch_w2_A_init0/side/f0.5000_th2.1000_vt0.3842_first_order/seed018.shop.jsonl	/home/tatsu/chance/ch_w2_A_init0/side/f0.5000_th2.1000_vt0.3842_first_order//seed018.shop.jsonl
/home/tatsu/chance_view/ch_w2_A_init0/side/f0.5000_th2.1000_vt0.3842_first_order/seed002.shop.jsonl	/home/tatsu/chance/ch_w2_A_init0/side/f0.5000_th2.1000_vt0.3842_first_order//seed002.shop.jsonl
/home/tatsu/chance_view/ch_w2_A_init0/side/f0.5000_th2.1000_vt0.3842_first_order/seed017.probe.jsonl	/home/tatsu/chance/ch_w2_A_init0/side/f0.5000_th2.1000_vt0.3842_first_order//seed017.probe.jsonl
/home/tatsu/chance_view/ch_w2_A_init0/side/f0.5000_th2.1000_vt0.3842_first_order/seed009.probe.jsonl	/home/tatsu/chance/ch_w2_A_init0/side/f0.5000_th2.1000_vt0.3842_first_order//seed009.probe.jsonl
/home/tatsu/chance_view/ch_w2_A_init0/side/f0.5000_th2.1000_vt0.3842_first_order/seed014.cfvalue.jsonl	/home/tatsu/chance/ch_w2_A_init0/side/f0.5000_th2.1000_vt0.3842_first_order//seed014.cfvalue.jsonl
/home/tatsu/chance_view/ch_w2_A_init0/side/f0.5000_th2.1000_vt0.3842_first_order/seed015.probe.jsonl	/home/tatsu/chance/ch_w2_A_init0/side/f0.5000_th2.1000_vt0.3842_first_order//seed015.probe.jsonl
/home/tatsu/chance_view/ch_w2_A_init0/side/f0.5000_th2.1000_vt0.3842_first_order/seed001.answers.csv	/home/tatsu/chance/ch_w2_A_init0/side/f0.5000_th2.1000_vt0.3842_first_order//seed001.answers.csv
/home/tatsu/chance_view/ch_w2_A_init0/side/f0.5000_th2.1000_vt0.3842_first_order/seed006.answers.csv	/home/tatsu/chance/ch_w2_A_init0/side/f0.5000_th2.1000_vt0.3842_first_order//seed006.answers.csv
/home/tatsu/chance_view/ch_w2_A_init0/side/f0.5000_th2.1000_vt0.3842_first_order/seed006.cfvalue.jsonl	/home/tatsu/chance/ch_w2_A_init0/side/f0.5000_th2.1000_vt0.3842_first_order//seed006.cfvalue.jsonl
/home/tatsu/chance_view/ch_w2_A_init0/side/f0.5000_th2.1000_vt0.3842_first_order/seed018.answers.csv	/home/tatsu/chance/ch_w2_A_init0/side/f0.5000_th2.1000_vt0.3842_first_order//seed018.answers.csv
/home/tatsu/chance_view/ch_w2_A_init0/side/f0.5000_th2.1000_vt0.3842_first_order/seed005.probe.jsonl	/home/tatsu/chance/ch_w2_A_init0/side/f0.5000_th2.1000_vt0.3842_first_order//seed005.probe.jsonl
/home/tatsu/chance_view/ch_w2_A_init0/side/f0.5000_th2.1000_vt0.3842_first_order/seed007.probe.jsonl	/home/tatsu/chance/ch_w2_A_init0/side/f0.5000_th2.1000_vt0.3842_first_order//seed007.probe.jsonl
/home/tatsu/chance_view/ch_w2_A_init0/side/f0.5000_th2.1000_vt0.3842_first_order/seed013.probe.jsonl	/home/tatsu/chance/ch_w2_A_init0/side/f0.5000_th2.1000_vt0.3842_first_order//seed013.probe.jsonl
/home/tatsu/chance_view/ch_w2_A_init0/side/f0.5000_th2.1000_vt0.3842_first_order/seed003.cfvalue.jsonl	/home/tatsu/chance/ch_w2_A_init0/side/f0.5000_th2.1000_vt0.3842_first_order//seed003.cfvalue.jsonl
/home/tatsu/chance_view/ch_w2_A_init0/side/f0.5000_th2.1000_vt0.3842_first_order/seed014.shop.jsonl	/home/tatsu/chance/ch_w2_A_init0/side/f0.5000_th2.1000_vt0.3842_first_order//seed014.shop.jsonl
/home/tatsu/chance_view/ch_w2_A_init0/side/f0.5000_th2.1000_vt0.3842_first_order/seed008.probe.jsonl	/home/tatsu/chance/ch_w2_A_init0/side/f0.5000_th2.1000_vt0.3842_first_order//seed008.probe.jsonl
/home/tatsu/chance_view/ch_w2_A_init0/side/f0.5000_th2.1000_vt0.3842_first_order/seed019.shop.jsonl	/home/tatsu/chance/ch_w2_A_init0/side/f0.5000_th2.1000_vt0.3842_first_order//seed019.shop.jsonl
/home/tatsu/chance_view/ch_w2_A_init0/side/f0.5000_th2.1000_vt0.3842_first_order/seed020.cfvalue.jsonl	/home/tatsu/chance/ch_w2_A_init0/side/f0.5000_th2.1000_vt0.3842_first_order//seed020.cfvalue.jsonl
/home/tatsu/chance_view/ch_w2_A_init0/side/f0.5000_th2.1000_vt0.3842_first_order/seed019.answers.csv	/home/tatsu/chance/ch_w2_A_init0/side/f0.5000_th2.1000_vt0.3842_first_order//seed019.answers.csv
/home/tatsu/chance_view/ch_w2_A_init0/side/f0.5000_th2.1000_vt0.3842_first_order/seed016.probe.jsonl	/home/tatsu/chance/ch_w2_A_init0/side/f0.5000_th2.1000_vt0.3842_first_order//seed016.probe.jsonl
/home/tatsu/chance_view/ch_w2_A_init0/side/f0.5000_th2.1000_vt0.3842_first_order/seed009.cfvalue.jsonl	/home/tatsu/chance/ch_w2_A_init0/side/f0.5000_th2.1000_vt0.3842_first_order//seed009.cfvalue.jsonl
/home/tatsu/chance_view/ch_w2_A_init0/side/f0.5000_th2.1000_vt0.3842_first_order/seed011.answers.csv	/home/tatsu/chance/ch_w2_A_init0/side/f0.5000_th2.1000_vt0.3842_first_order//seed011.answers.csv
/home/tatsu/chance_view/ch_w2_A_init0/side/f0.5000_th2.1000_vt0.3842_first_order/seed016.cfvalue.jsonl	/home/tatsu/chance/ch_w2_A_init0/side/f0.5000_th2.1000_vt0.3842_first_order//seed016.cfvalue.jsonl
/home/tatsu/chance_view/ch_w2_A_init0/side/f0.5000_th2.1000_vt0.3842_first_order/seed003.probe.jsonl	/home/tatsu/chance/ch_w2_A_init0/side/f0.5000_th2.1000_vt0.3842_first_order//seed003.probe.jsonl
/home/tatsu/chance_view/ch_w2_A_init0/side/f0.5000_th2.1000_vt0.3842_first_order/seed008.shop.jsonl	/home/tatsu/chance/ch_w2_A_init0/side/f0.5000_th2.1000_vt0.3842_first_order//seed008.shop.jsonl
/home/tatsu/chance_view/ch_w2_A_init0/side/f0.5000_th2.1000_vt0.3842_first_order/seed002.answers.csv	/home/tatsu/chance/ch_w2_A_init0/side/f0.5000_th2.1000_vt0.3842_first_order//seed002.answers.csv
/home/tatsu/chance_view/ch_w2_A_init0/side/f0.5000_th2.1000_vt0.3842_first_order/seed019.cfvalue.jsonl	/home/tatsu/chance/ch_w2_A_init0/side/f0.5000_th2.1000_vt0.3842_first_order//seed019.cfvalue.jsonl
/home/tatsu/chance_view/ch_w2_A_init0/side/f0.5000_th2.1000_vt0.3842_first_order/seed004.shop.jsonl	/home/tatsu/chance/ch_w2_A_init0/side/f0.5000_th2.1000_vt0.3842_first_order//seed004.shop.jsonl
/home/tatsu/chance_view/ch_w2_A_init0/side/f0.5000_th2.1000_vt0.3842_first_order/seed003.answers.csv	/home/tatsu/chance/ch_w2_A_init0/side/f0.5000_th2.1000_vt0.3842_first_order//seed003.answers.csv
/home/tatsu/chance_view/ch_w2_A_init0/side/f0.5000_th2.1000_vt0.3842_first_order/seed005.cfvalue.jsonl	/home/tatsu/chance/ch_w2_A_init0/side/f0.5000_th2.1000_vt0.3842_first_order//seed005.cfvalue.jsonl
/home/tatsu/chance_view/ch_w2_A_init0/side/f0.5000_th2.1000_vt0.3842_first_order/seed016.answers.csv	/home/tatsu/chance/ch_w2_A_init0/side/f0.5000_th2.1000_vt0.3842_first_order//seed016.answers.csv
/home/tatsu/chance_view/ch_w2_A_init0/side/f0.5000_th2.1000_vt0.3842_first_order/seed007.answers.csv	/home/tatsu/chance/ch_w2_A_init0/side/f0.5000_th2.1000_vt0.3842_first_order//seed007.answers.csv
/home/tatsu/chance_view/ch_w2_A_init0/side/f0.5000_th2.1000_vt0.3842_first_order/seed009.shop.jsonl	/home/tatsu/chance/ch_w2_A_init0/side/f0.5000_th2.1000_vt0.3842_first_order//seed009.shop.jsonl
/home/tatsu/chance_view/ch_w2_A_init0/side/f0.5000_th2.1000_vt0.3842_first_order/seed002.probe.jsonl	/home/tatsu/chance/ch_w2_A_init0/side/f0.5000_th2.1000_vt0.3842_first_order//seed002.probe.jsonl
/home/tatsu/chance_view/ch_w2_C_init0/ledgers	/home/tatsu/chance/ch_w2_C_init0/ledgers
/home/tatsu/chance_view/ch_w2_C_init0/side/f0.5000_th2.1000_vt0.3842_first_order/seed018.cflearn.jsonl	/home/tatsu/chance/ch_w2_C_init0/side/f0.5000_th2.1000_vt0.3842_first_order//seed018.cflearn.jsonl
/home/tatsu/chance_view/ch_w2_C_init0/side/f0.5000_th2.1000_vt0.3842_first_order/seed010.cfvalue.jsonl	/home/tatsu/chance/ch_w2_C_init0/side/f0.5000_th2.1000_vt0.3842_first_order//seed010.cfvalue.jsonl
/home/tatsu/chance_view/ch_w2_C_init0/side/f0.5000_th2.1000_vt0.3842_first_order/seed013.cfvalue.jsonl	/home/tatsu/chance/ch_w2_C_init0/side/f0.5000_th2.1000_vt0.3842_first_order//seed013.cfvalue.jsonl
/home/tatsu/chance_view/ch_w2_C_init0/side/f0.5000_th2.1000_vt0.3842_first_order/seed003.shop.jsonl	/home/tatsu/chance/ch_w2_C_init0/side/f0.5000_th2.1000_vt0.3842_first_order//seed003.shop.jsonl
/home/tatsu/chance_view/ch_w2_C_init0/side/f0.5000_th2.1000_vt0.3842_first_order/seed011.shop.jsonl	/home/tatsu/chance/ch_w2_C_init0/side/f0.5000_th2.1000_vt0.3842_first_order//seed011.shop.jsonl
/home/tatsu/chance_view/ch_w2_C_init0/side/f0.5000_th2.1000_vt0.3842_first_order/seed002.cfvalue.jsonl	/home/tatsu/chance/ch_w2_C_init0/side/f0.5000_th2.1000_vt0.3842_first_order//seed002.cfvalue.jsonl
/home/tatsu/chance_view/ch_w2_C_init0/side/f0.5000_th2.1000_vt0.3842_first_order/seed020.shop.jsonl	/home/tatsu/chance/ch_w2_C_init0/side/f0.5000_th2.1000_vt0.3842_first_order//seed020.shop.jsonl
/home/tatsu/chance_view/ch_w2_C_init0/side/f0.5000_th2.1000_vt0.3842_first_order/seed012.cflearn.jsonl	/home/tatsu/chance/ch_w2_C_init0/side/f0.5000_th2.1000_vt0.3842_first_order//seed012.cflearn.jsonl
/home/tatsu/chance_view/ch_w2_C_init0/side/f0.5000_th2.1000_vt0.3842_first_order/seed004.answers.csv	/home/tatsu/chance/ch_w2_C_init0/side/f0.5000_th2.1000_vt0.3842_first_order//seed004.answers.csv
/home/tatsu/chance_view/ch_w2_C_init0/side/f0.5000_th2.1000_vt0.3842_first_order/seed019.probe.jsonl	/home/tatsu/chance/ch_w2_C_init0/side/f0.5000_th2.1000_vt0.3842_first_order//seed019.probe.jsonl
/home/tatsu/chance_view/ch_w2_C_init0/side/f0.5000_th2.1000_vt0.3842_first_order/seed001.shop.jsonl	/home/tatsu/chance/ch_w2_C_init0/side/f0.5000_th2.1000_vt0.3842_first_order//seed001.shop.jsonl
/home/tatsu/chance_view/ch_w2_C_init0/side/f0.5000_th2.1000_vt0.3842_first_order/seed016.shop.jsonl	/home/tatsu/chance/ch_w2_C_init0/side/f0.5000_th2.1000_vt0.3842_first_order//seed016.shop.jsonl
/home/tatsu/chance_view/ch_w2_C_init0/side/f0.5000_th2.1000_vt0.3842_first_order/seed006.probe.jsonl	/home/tatsu/chance/ch_w2_C_init0/side/f0.5000_th2.1000_vt0.3842_first_order//seed006.probe.jsonl
/home/tatsu/chance_view/ch_w2_C_init0/side/f0.5000_th2.1000_vt0.3842_first_order/seed013.shop.jsonl	/home/tatsu/chance/ch_w2_C_init0/side/f0.5000_th2.1000_vt0.3842_first_order//seed013.shop.jsonl
/home/tatsu/chance_view/ch_w2_C_init0/side/f0.5000_th2.1000_vt0.3842_first_order/seed012.probe.jsonl	/home/tatsu/chance/ch_w2_C_init0/side/f0.5000_th2.1000_vt0.3842_first_order//seed012.probe.jsonl
/home/tatsu/chance_view/ch_w2_C_init0/side/f0.5000_th2.1000_vt0.3842_first_order/seed008.answers.csv	/home/tatsu/chance/ch_w2_C_init0/side/f0.5000_th2.1000_vt0.3842_first_order//seed008.answers.csv
/home/tatsu/chance_view/ch_w2_C_init0/side/f0.5000_th2.1000_vt0.3842_first_order/seed012.shop.jsonl	/home/tatsu/chance/ch_w2_C_init0/side/f0.5000_th2.1000_vt0.3842_first_order//seed012.shop.jsonl
/home/tatsu/chance_view/ch_w2_C_init0/side/f0.5000_th2.1000_vt0.3842_first_order/seed002.cflearn.jsonl	/home/tatsu/chance/ch_w2_C_init0/side/f0.5000_th2.1000_vt0.3842_first_order//seed002.cflearn.jsonl
/home/tatsu/chance_view/ch_w2_C_init0/side/f0.5000_th2.1000_vt0.3842_first_order/seed012.cfvalue.jsonl	/home/tatsu/chance/ch_w2_C_init0/side/f0.5000_th2.1000_vt0.3842_first_order//seed012.cfvalue.jsonl
/home/tatsu/chance_view/ch_w2_C_init0/side/f0.5000_th2.1000_vt0.3842_first_order/seed008.cfvalue.jsonl	/home/tatsu/chance/ch_w2_C_init0/side/f0.5000_th2.1000_vt0.3842_first_order//seed008.cfvalue.jsonl
/home/tatsu/chance_view/ch_w2_C_init0/side/f0.5000_th2.1000_vt0.3842_first_order/seed001.cfvalue.jsonl	/home/tatsu/chance/ch_w2_C_init0/side/f0.5000_th2.1000_vt0.3842_first_order//seed001.cfvalue.jsonl
/home/tatsu/chance_view/ch_w2_C_init0/side/f0.5000_th2.1000_vt0.3842_first_order/seed004.cfvalue.jsonl	/home/tatsu/chance/ch_w2_C_init0/side/f0.5000_th2.1000_vt0.3842_first_order//seed004.cfvalue.jsonl
/home/tatsu/chance_view/ch_w2_C_init0/side/f0.5000_th2.1000_vt0.3842_first_order/seed004.probe.jsonl	/home/tatsu/chance/ch_w2_C_init0/side/f0.5000_th2.1000_vt0.3842_first_order//seed004.probe.jsonl
/home/tatsu/chance_view/ch_w2_C_init0/side/f0.5000_th2.1000_vt0.3842_first_order/seed011.cfvalue.jsonl	/home/tatsu/chance/ch_w2_C_init0/side/f0.5000_th2.1000_vt0.3842_first_order//seed011.cfvalue.jsonl
/home/tatsu/chance_view/ch_w2_C_init0/side/f0.5000_th2.1000_vt0.3842_first_order/seed015.cfvalue.jsonl	/home/tatsu/chance/ch_w2_C_init0/side/f0.5000_th2.1000_vt0.3842_first_order//seed015.cfvalue.jsonl
/home/tatsu/chance_view/ch_w2_C_init0/side/f0.5000_th2.1000_vt0.3842_first_order/seed015.answers.csv	/home/tatsu/chance/ch_w2_C_init0/side/f0.5000_th2.1000_vt0.3842_first_order//seed015.answers.csv
/home/tatsu/chance_view/ch_w2_C_init0/side/f0.5000_th2.1000_vt0.3842_first_order/seed006.shop.jsonl	/home/tatsu/chance/ch_w2_C_init0/side/f0.5000_th2.1000_vt0.3842_first_order//seed006.shop.jsonl
/home/tatsu/chance_view/ch_w2_C_init0/side/f0.5000_th2.1000_vt0.3842_first_order/seed017.cfvalue.jsonl	/home/tatsu/chance/ch_w2_C_init0/side/f0.5000_th2.1000_vt0.3842_first_order//seed017.cfvalue.jsonl
/home/tatsu/chance_view/ch_w2_C_init0/side/f0.5000_th2.1000_vt0.3842_first_order/seed007.shop.jsonl	/home/tatsu/chance/ch_w2_C_init0/side/f0.5000_th2.1000_vt0.3842_first_order//seed007.shop.jsonl
/home/tatsu/chance_view/ch_w2_C_init0/side/f0.5000_th2.1000_vt0.3842_first_order/seed010.probe.jsonl	/home/tatsu/chance/ch_w2_C_init0/side/f0.5000_th2.1000_vt0.3842_first_order//seed010.probe.jsonl
/home/tatsu/chance_view/ch_w2_C_init0/side/f0.5000_th2.1000_vt0.3842_first_order/seed020.probe.jsonl	/home/tatsu/chance/ch_w2_C_init0/side/f0.5000_th2.1000_vt0.3842_first_order//seed020.probe.jsonl
/home/tatsu/chance_view/ch_w2_C_init0/side/f0.5000_th2.1000_vt0.3842_first_order/seed014.probe.jsonl	/home/tatsu/chance/ch_w2_C_init0/side/f0.5000_th2.1000_vt0.3842_first_order//seed014.probe.jsonl
/home/tatsu/chance_view/ch_w2_C_init0/side/f0.5000_th2.1000_vt0.3842_first_order/seed012.answers.csv	/home/tatsu/chance/ch_w2_C_init0/side/f0.5000_th2.1000_vt0.3842_first_order//seed012.answers.csv
/home/tatsu/chance_view/ch_w2_C_init0/side/f0.5000_th2.1000_vt0.3842_first_order/seed016.cflearn.jsonl	/home/tatsu/chance/ch_w2_C_init0/side/f0.5000_th2.1000_vt0.3842_first_order//seed016.cflearn.jsonl
/home/tatsu/chance_view/ch_w2_C_init0/side/f0.5000_th2.1000_vt0.3842_first_order/seed013.answers.csv	/home/tatsu/chance/ch_w2_C_init0/side/f0.5000_th2.1000_vt0.3842_first_order//seed013.answers.csv
/home/tatsu/chance_view/ch_w2_C_init0/side/f0.5000_th2.1000_vt0.3842_first_order/seed014.answers.csv	/home/tatsu/chance/ch_w2_C_init0/side/f0.5000_th2.1000_vt0.3842_first_order//seed014.answers.csv
/home/tatsu/chance_view/ch_w2_C_init0/side/f0.5000_th2.1000_vt0.3842_first_order/seed017.answers.csv	/home/tatsu/chance/ch_w2_C_init0/side/f0.5000_th2.1000_vt0.3842_first_order//seed017.answers.csv
/home/tatsu/chance_view/ch_w2_C_init0/side/f0.5000_th2.1000_vt0.3842_first_order/seed009.answers.csv	/home/tatsu/chance/ch_w2_C_init0/side/f0.5000_th2.1000_vt0.3842_first_order//seed009.answers.csv
/home/tatsu/chance_view/ch_w2_C_init0/side/f0.5000_th2.1000_vt0.3842_first_order/seed007.cfvalue.jsonl	/home/tatsu/chance/ch_w2_C_init0/side/f0.5000_th2.1000_vt0.3842_first_order//seed007.cfvalue.jsonl
/home/tatsu/chance_view/ch_w2_C_init0/side/f0.5000_th2.1000_vt0.3842_first_order/seed018.cfvalue.jsonl	/home/tatsu/chance/ch_w2_C_init0/side/f0.5000_th2.1000_vt0.3842_first_order//seed018.cfvalue.jsonl
/home/tatsu/chance_view/ch_w2_C_init0/side/f0.5000_th2.1000_vt0.3842_first_order/seed015.cflearn.jsonl	/home/tatsu/chance/ch_w2_C_init0/side/f0.5000_th2.1000_vt0.3842_first_order//seed015.cflearn.jsonl
/home/tatsu/chance_view/ch_w2_C_init0/side/f0.5000_th2.1000_vt0.3842_first_order/seed020.cflearn.jsonl	/home/tatsu/chance/ch_w2_C_init0/side/f0.5000_th2.1000_vt0.3842_first_order//seed020.cflearn.jsonl
/home/tatsu/chance_view/ch_w2_C_init0/side/f0.5000_th2.1000_vt0.3842_first_order/seed010.shop.jsonl	/home/tatsu/chance/ch_w2_C_init0/side/f0.5000_th2.1000_vt0.3842_first_order//seed010.shop.jsonl
/home/tatsu/chance_view/ch_w2_C_init0/side/f0.5000_th2.1000_vt0.3842_first_order/seed001.probe.jsonl	/home/tatsu/chance/ch_w2_C_init0/side/f0.5000_th2.1000_vt0.3842_first_order//seed001.probe.jsonl
/home/tatsu/chance_view/ch_w2_C_init0/side/f0.5000_th2.1000_vt0.3842_first_order/seed015.shop.jsonl	/home/tatsu/chance/ch_w2_C_init0/side/f0.5000_th2.1000_vt0.3842_first_order//seed015.shop.jsonl
/home/tatsu/chance_view/ch_w2_C_init0/side/f0.5000_th2.1000_vt0.3842_first_order/seed018.probe.jsonl	/home/tatsu/chance/ch_w2_C_init0/side/f0.5000_th2.1000_vt0.3842_first_order//seed018.probe.jsonl
/home/tatsu/chance_view/ch_w2_C_init0/side/f0.5000_th2.1000_vt0.3842_first_order/seed020.answers.csv	/home/tatsu/chance/ch_w2_C_init0/side/f0.5000_th2.1000_vt0.3842_first_order//seed020.answers.csv
/home/tatsu/chance_view/ch_w2_C_init0/side/f0.5000_th2.1000_vt0.3842_first_order/seed010.cflearn.jsonl	/home/tatsu/chance/ch_w2_C_init0/side/f0.5000_th2.1000_vt0.3842_first_order//seed010.cflearn.jsonl
/home/tatsu/chance_view/ch_w2_C_init0/side/f0.5000_th2.1000_vt0.3842_first_order/seed010.answers.csv	/home/tatsu/chance/ch_w2_C_init0/side/f0.5000_th2.1000_vt0.3842_first_order//seed010.answers.csv
/home/tatsu/chance_view/ch_w2_C_init0/side/f0.5000_th2.1000_vt0.3842_first_order/seed005.answers.csv	/home/tatsu/chance/ch_w2_C_init0/side/f0.5000_th2.1000_vt0.3842_first_order//seed005.answers.csv
/home/tatsu/chance_view/ch_w2_C_init0/side/f0.5000_th2.1000_vt0.3842_first_order/seed011.probe.jsonl	/home/tatsu/chance/ch_w2_C_init0/side/f0.5000_th2.1000_vt0.3842_first_order//seed011.probe.jsonl
/home/tatsu/chance_view/ch_w2_C_init0/side/f0.5000_th2.1000_vt0.3842_first_order/seed017.shop.jsonl	/home/tatsu/chance/ch_w2_C_init0/side/f0.5000_th2.1000_vt0.3842_first_order//seed017.shop.jsonl
/home/tatsu/chance_view/ch_w2_C_init0/side/f0.5000_th2.1000_vt0.3842_first_order/seed011.cflearn.jsonl	/home/tatsu/chance/ch_w2_C_init0/side/f0.5000_th2.1000_vt0.3842_first_order//seed011.cflearn.jsonl
/home/tatsu/chance_view/ch_w2_C_init0/side/f0.5000_th2.1000_vt0.3842_first_order/seed005.shop.jsonl	/home/tatsu/chance/ch_w2_C_init0/side/f0.5000_th2.1000_vt0.3842_first_order//seed005.shop.jsonl
/home/tatsu/chance_view/ch_w2_C_init0/side/f0.5000_th2.1000_vt0.3842_first_order/seed018.shop.jsonl	/home/tatsu/chance/ch_w2_C_init0/side/f0.5000_th2.1000_vt0.3842_first_order//seed018.shop.jsonl
/home/tatsu/chance_view/ch_w2_C_init0/side/f0.5000_th2.1000_vt0.3842_first_order/seed002.shop.jsonl	/home/tatsu/chance/ch_w2_C_init0/side/f0.5000_th2.1000_vt0.3842_first_order//seed002.shop.jsonl
/home/tatsu/chance_view/ch_w2_C_init0/side/f0.5000_th2.1000_vt0.3842_first_order/seed017.probe.jsonl	/home/tatsu/chance/ch_w2_C_init0/side/f0.5000_th2.1000_vt0.3842_first_order//seed017.probe.jsonl
/home/tatsu/chance_view/ch_w2_C_init0/side/f0.5000_th2.1000_vt0.3842_first_order/seed009.probe.jsonl	/home/tatsu/chance/ch_w2_C_init0/side/f0.5000_th2.1000_vt0.3842_first_order//seed009.probe.jsonl
/home/tatsu/chance_view/ch_w2_C_init0/side/f0.5000_th2.1000_vt0.3842_first_order/seed005.cflearn.jsonl	/home/tatsu/chance/ch_w2_C_init0/side/f0.5000_th2.1000_vt0.3842_first_order//seed005.cflearn.jsonl
/home/tatsu/chance_view/ch_w2_C_init0/side/f0.5000_th2.1000_vt0.3842_first_order/seed009.cflearn.jsonl	/home/tatsu/chance/ch_w2_C_init0/side/f0.5000_th2.1000_vt0.3842_first_order//seed009.cflearn.jsonl
/home/tatsu/chance_view/ch_w2_C_init0/side/f0.5000_th2.1000_vt0.3842_first_order/seed014.cfvalue.jsonl	/home/tatsu/chance/ch_w2_C_init0/side/f0.5000_th2.1000_vt0.3842_first_order//seed014.cfvalue.jsonl
/home/tatsu/chance_view/ch_w2_C_init0/side/f0.5000_th2.1000_vt0.3842_first_order/seed015.probe.jsonl	/home/tatsu/chance/ch_w2_C_init0/side/f0.5000_th2.1000_vt0.3842_first_order//seed015.probe.jsonl
/home/tatsu/chance_view/ch_w2_C_init0/side/f0.5000_th2.1000_vt0.3842_first_order/seed001.answers.csv	/home/tatsu/chance/ch_w2_C_init0/side/f0.5000_th2.1000_vt0.3842_first_order//seed001.answers.csv
/home/tatsu/chance_view/ch_w2_C_init0/side/f0.5000_th2.1000_vt0.3842_first_order/seed006.answers.csv	/home/tatsu/chance/ch_w2_C_init0/side/f0.5000_th2.1000_vt0.3842_first_order//seed006.answers.csv
/home/tatsu/chance_view/ch_w2_C_init0/side/f0.5000_th2.1000_vt0.3842_first_order/seed006.cfvalue.jsonl	/home/tatsu/chance/ch_w2_C_init0/side/f0.5000_th2.1000_vt0.3842_first_order//seed006.cfvalue.jsonl
/home/tatsu/chance_view/ch_w2_C_init0/side/f0.5000_th2.1000_vt0.3842_first_order/seed018.answers.csv	/home/tatsu/chance/ch_w2_C_init0/side/f0.5000_th2.1000_vt0.3842_first_order//seed018.answers.csv
/home/tatsu/chance_view/ch_w2_C_init0/side/f0.5000_th2.1000_vt0.3842_first_order/seed001.cflearn.jsonl	/home/tatsu/chance/ch_w2_C_init0/side/f0.5000_th2.1000_vt0.3842_first_order//seed001.cflearn.jsonl
/home/tatsu/chance_view/ch_w2_C_init0/side/f0.5000_th2.1000_vt0.3842_first_order/seed005.probe.jsonl	/home/tatsu/chance/ch_w2_C_init0/side/f0.5000_th2.1000_vt0.3842_first_order//seed005.probe.jsonl
/home/tatsu/chance_view/ch_w2_C_init0/side/f0.5000_th2.1000_vt0.3842_first_order/seed004.cflearn.jsonl	/home/tatsu/chance/ch_w2_C_init0/side/f0.5000_th2.1000_vt0.3842_first_order//seed004.cflearn.jsonl
/home/tatsu/chance_view/ch_w2_C_init0/side/f0.5000_th2.1000_vt0.3842_first_order/seed007.probe.jsonl	/home/tatsu/chance/ch_w2_C_init0/side/f0.5000_th2.1000_vt0.3842_first_order//seed007.probe.jsonl
/home/tatsu/chance_view/ch_w2_C_init0/side/f0.5000_th2.1000_vt0.3842_first_order/seed013.probe.jsonl	/home/tatsu/chance/ch_w2_C_init0/side/f0.5000_th2.1000_vt0.3842_first_order//seed013.probe.jsonl
/home/tatsu/chance_view/ch_w2_C_init0/side/f0.5000_th2.1000_vt0.3842_first_order/seed003.cfvalue.jsonl	/home/tatsu/chance/ch_w2_C_init0/side/f0.5000_th2.1000_vt0.3842_first_order//seed003.cfvalue.jsonl
/home/tatsu/chance_view/ch_w2_C_init0/side/f0.5000_th2.1000_vt0.3842_first_order/seed014.shop.jsonl	/home/tatsu/chance/ch_w2_C_init0/side/f0.5000_th2.1000_vt0.3842_first_order//seed014.shop.jsonl
/home/tatsu/chance_view/ch_w2_C_init0/side/f0.5000_th2.1000_vt0.3842_first_order/seed008.probe.jsonl	/home/tatsu/chance/ch_w2_C_init0/side/f0.5000_th2.1000_vt0.3842_first_order//seed008.probe.jsonl
/home/tatsu/chance_view/ch_w2_C_init0/side/f0.5000_th2.1000_vt0.3842_first_order/seed019.cflearn.jsonl	/home/tatsu/chance/ch_w2_C_init0/side/f0.5000_th2.1000_vt0.3842_first_order//seed019.cflearn.jsonl
/home/tatsu/chance_view/ch_w2_C_init0/side/f0.5000_th2.1000_vt0.3842_first_order/seed019.shop.jsonl	/home/tatsu/chance/ch_w2_C_init0/side/f0.5000_th2.1000_vt0.3842_first_order//seed019.shop.jsonl
/home/tatsu/chance_view/ch_w2_C_init0/side/f0.5000_th2.1000_vt0.3842_first_order/seed020.cfvalue.jsonl	/home/tatsu/chance/ch_w2_C_init0/side/f0.5000_th2.1000_vt0.3842_first_order//seed020.cfvalue.jsonl
/home/tatsu/chance_view/ch_w2_C_init0/side/f0.5000_th2.1000_vt0.3842_first_order/seed019.answers.csv	/home/tatsu/chance/ch_w2_C_init0/side/f0.5000_th2.1000_vt0.3842_first_order//seed019.answers.csv
/home/tatsu/chance_view/ch_w2_C_init0/side/f0.5000_th2.1000_vt0.3842_first_order/seed016.probe.jsonl	/home/tatsu/chance/ch_w2_C_init0/side/f0.5000_th2.1000_vt0.3842_first_order//seed016.probe.jsonl
/home/tatsu/chance_view/ch_w2_C_init0/side/f0.5000_th2.1000_vt0.3842_first_order/seed009.cfvalue.jsonl	/home/tatsu/chance/ch_w2_C_init0/side/f0.5000_th2.1000_vt0.3842_first_order//seed009.cfvalue.jsonl
/home/tatsu/chance_view/ch_w2_C_init0/side/f0.5000_th2.1000_vt0.3842_first_order/seed011.answers.csv	/home/tatsu/chance/ch_w2_C_init0/side/f0.5000_th2.1000_vt0.3842_first_order//seed011.answers.csv
/home/tatsu/chance_view/ch_w2_C_init0/side/f0.5000_th2.1000_vt0.3842_first_order/seed014.cflearn.jsonl	/home/tatsu/chance/ch_w2_C_init0/side/f0.5000_th2.1000_vt0.3842_first_order//seed014.cflearn.jsonl
/home/tatsu/chance_view/ch_w2_C_init0/side/f0.5000_th2.1000_vt0.3842_first_order/seed016.cfvalue.jsonl	/home/tatsu/chance/ch_w2_C_init0/side/f0.5000_th2.1000_vt0.3842_first_order//seed016.cfvalue.jsonl
/home/tatsu/chance_view/ch_w2_C_init0/side/f0.5000_th2.1000_vt0.3842_first_order/seed003.probe.jsonl	/home/tatsu/chance/ch_w2_C_init0/side/f0.5000_th2.1000_vt0.3842_first_order//seed003.probe.jsonl
/home/tatsu/chance_view/ch_w2_C_init0/side/f0.5000_th2.1000_vt0.3842_first_order/seed008.shop.jsonl	/home/tatsu/chance/ch_w2_C_init0/side/f0.5000_th2.1000_vt0.3842_first_order//seed008.shop.jsonl
/home/tatsu/chance_view/ch_w2_C_init0/side/f0.5000_th2.1000_vt0.3842_first_order/seed002.answers.csv	/home/tatsu/chance/ch_w2_C_init0/side/f0.5000_th2.1000_vt0.3842_first_order//seed002.answers.csv
/home/tatsu/chance_view/ch_w2_C_init0/side/f0.5000_th2.1000_vt0.3842_first_order/seed019.cfvalue.jsonl	/home/tatsu/chance/ch_w2_C_init0/side/f0.5000_th2.1000_vt0.3842_first_order//seed019.cfvalue.jsonl
/home/tatsu/chance_view/ch_w2_C_init0/side/f0.5000_th2.1000_vt0.3842_first_order/seed004.shop.jsonl	/home/tatsu/chance/ch_w2_C_init0/side/f0.5000_th2.1000_vt0.3842_first_order//seed004.shop.jsonl
/home/tatsu/chance_view/ch_w2_C_init0/side/f0.5000_th2.1000_vt0.3842_first_order/seed008.cflearn.jsonl	/home/tatsu/chance/ch_w2_C_init0/side/f0.5000_th2.1000_vt0.3842_first_order//seed008.cflearn.jsonl
/home/tatsu/chance_view/ch_w2_C_init0/side/f0.5000_th2.1000_vt0.3842_first_order/seed003.answers.csv	/home/tatsu/chance/ch_w2_C_init0/side/f0.5000_th2.1000_vt0.3842_first_order//seed003.answers.csv
/home/tatsu/chance_view/ch_w2_C_init0/side/f0.5000_th2.1000_vt0.3842_first_order/seed005.cfvalue.jsonl	/home/tatsu/chance/ch_w2_C_init0/side/f0.5000_th2.1000_vt0.3842_first_order//seed005.cfvalue.jsonl
/home/tatsu/chance_view/ch_w2_C_init0/side/f0.5000_th2.1000_vt0.3842_first_order/seed016.answers.csv	/home/tatsu/chance/ch_w2_C_init0/side/f0.5000_th2.1000_vt0.3842_first_order//seed016.answers.csv
/home/tatsu/chance_view/ch_w2_C_init0/side/f0.5000_th2.1000_vt0.3842_first_order/seed007.answers.csv	/home/tatsu/chance/ch_w2_C_init0/side/f0.5000_th2.1000_vt0.3842_first_order//seed007.answers.csv
/home/tatsu/chance_view/ch_w2_C_init0/side/f0.5000_th2.1000_vt0.3842_first_order/seed003.cflearn.jsonl	/home/tatsu/chance/ch_w2_C_init0/side/f0.5000_th2.1000_vt0.3842_first_order//seed003.cflearn.jsonl
/home/tatsu/chance_view/ch_w2_C_init0/side/f0.5000_th2.1000_vt0.3842_first_order/seed006.cflearn.jsonl	/home/tatsu/chance/ch_w2_C_init0/side/f0.5000_th2.1000_vt0.3842_first_order//seed006.cflearn.jsonl
/home/tatsu/chance_view/ch_w2_C_init0/side/f0.5000_th2.1000_vt0.3842_first_order/seed017.cflearn.jsonl	/home/tatsu/chance/ch_w2_C_init0/side/f0.5000_th2.1000_vt0.3842_first_order//seed017.cflearn.jsonl
/home/tatsu/chance_view/ch_w2_C_init0/side/f0.5000_th2.1000_vt0.3842_first_order/seed007.cflearn.jsonl	/home/tatsu/chance/ch_w2_C_init0/side/f0.5000_th2.1000_vt0.3842_first_order//seed007.cflearn.jsonl
/home/tatsu/chance_view/ch_w2_C_init0/side/f0.5000_th2.1000_vt0.3842_first_order/seed009.shop.jsonl	/home/tatsu/chance/ch_w2_C_init0/side/f0.5000_th2.1000_vt0.3842_first_order//seed009.shop.jsonl
/home/tatsu/chance_view/ch_w2_C_init0/side/f0.5000_th2.1000_vt0.3842_first_order/seed013.cflearn.jsonl	/home/tatsu/chance/ch_w2_C_init0/side/f0.5000_th2.1000_vt0.3842_first_order//seed013.cflearn.jsonl
/home/tatsu/chance_view/ch_w2_C_init0/side/f0.5000_th2.1000_vt0.3842_first_order/seed002.probe.jsonl	/home/tatsu/chance/ch_w2_C_init0/side/f0.5000_th2.1000_vt0.3842_first_order//seed002.probe.jsonl
/home/tatsu/chance_view/ch_w2_C_uabs/ledgers	/home/tatsu/chance/ch_w2_C_uabs/ledgers
/home/tatsu/chance_view/ch_w2_C_uabs/side/f0.5000_th2.1000_vt0.3842_first_order/seed003.shop.jsonl	/home/tatsu/chance/ch_w2_C_uabs/side/f0.5000_th2.1000_vt0.3842_first_order//seed003.shop.jsonl
/home/tatsu/chance_view/ch_w2_C_uabs/side/f0.5000_th2.1000_vt0.3842_first_order/seed011.shop.jsonl	/home/tatsu/chance/ch_w2_C_uabs/side/f0.5000_th2.1000_vt0.3842_first_order//seed011.shop.jsonl
/home/tatsu/chance_view/ch_w2_C_uabs/side/f0.5000_th2.1000_vt0.3842_first_order/seed020.shop.jsonl	/home/tatsu/chance/ch_w2_C_uabs/side/f0.5000_th2.1000_vt0.3842_first_order//seed020.shop.jsonl
/home/tatsu/chance_view/ch_w2_C_uabs/side/f0.5000_th2.1000_vt0.3842_first_order/seed004.answers.csv	/home/tatsu/chance/ch_w2_C_uabs/side/f0.5000_th2.1000_vt0.3842_first_order//seed004.answers.csv
/home/tatsu/chance_view/ch_w2_C_uabs/side/f0.5000_th2.1000_vt0.3842_first_order/seed019.probe.jsonl	/home/tatsu/chance/ch_w2_C_uabs/side/f0.5000_th2.1000_vt0.3842_first_order//seed019.probe.jsonl
/home/tatsu/chance_view/ch_w2_C_uabs/side/f0.5000_th2.1000_vt0.3842_first_order/seed001.shop.jsonl	/home/tatsu/chance/ch_w2_C_uabs/side/f0.5000_th2.1000_vt0.3842_first_order//seed001.shop.jsonl
/home/tatsu/chance_view/ch_w2_C_uabs/side/f0.5000_th2.1000_vt0.3842_first_order/seed016.shop.jsonl	/home/tatsu/chance/ch_w2_C_uabs/side/f0.5000_th2.1000_vt0.3842_first_order//seed016.shop.jsonl
/home/tatsu/chance_view/ch_w2_C_uabs/side/f0.5000_th2.1000_vt0.3842_first_order/seed006.probe.jsonl	/home/tatsu/chance/ch_w2_C_uabs/side/f0.5000_th2.1000_vt0.3842_first_order//seed006.probe.jsonl
/home/tatsu/chance_view/ch_w2_C_uabs/side/f0.5000_th2.1000_vt0.3842_first_order/seed013.shop.jsonl	/home/tatsu/chance/ch_w2_C_uabs/side/f0.5000_th2.1000_vt0.3842_first_order//seed013.shop.jsonl
/home/tatsu/chance_view/ch_w2_C_uabs/side/f0.5000_th2.1000_vt0.3842_first_order/seed012.probe.jsonl	/home/tatsu/chance/ch_w2_C_uabs/side/f0.5000_th2.1000_vt0.3842_first_order//seed012.probe.jsonl
/home/tatsu/chance_view/ch_w2_C_uabs/side/f0.5000_th2.1000_vt0.3842_first_order/seed008.answers.csv	/home/tatsu/chance/ch_w2_C_uabs/side/f0.5000_th2.1000_vt0.3842_first_order//seed008.answers.csv
/home/tatsu/chance_view/ch_w2_C_uabs/side/f0.5000_th2.1000_vt0.3842_first_order/seed012.shop.jsonl	/home/tatsu/chance/ch_w2_C_uabs/side/f0.5000_th2.1000_vt0.3842_first_order//seed012.shop.jsonl
/home/tatsu/chance_view/ch_w2_C_uabs/side/f0.5000_th2.1000_vt0.3842_first_order/seed004.probe.jsonl	/home/tatsu/chance/ch_w2_C_uabs/side/f0.5000_th2.1000_vt0.3842_first_order//seed004.probe.jsonl
/home/tatsu/chance_view/ch_w2_C_uabs/side/f0.5000_th2.1000_vt0.3842_first_order/seed015.answers.csv	/home/tatsu/chance/ch_w2_C_uabs/side/f0.5000_th2.1000_vt0.3842_first_order//seed015.answers.csv
/home/tatsu/chance_view/ch_w2_C_uabs/side/f0.5000_th2.1000_vt0.3842_first_order/seed006.shop.jsonl	/home/tatsu/chance/ch_w2_C_uabs/side/f0.5000_th2.1000_vt0.3842_first_order//seed006.shop.jsonl
/home/tatsu/chance_view/ch_w2_C_uabs/side/f0.5000_th2.1000_vt0.3842_first_order/seed007.shop.jsonl	/home/tatsu/chance/ch_w2_C_uabs/side/f0.5000_th2.1000_vt0.3842_first_order//seed007.shop.jsonl
/home/tatsu/chance_view/ch_w2_C_uabs/side/f0.5000_th2.1000_vt0.3842_first_order/seed010.probe.jsonl	/home/tatsu/chance/ch_w2_C_uabs/side/f0.5000_th2.1000_vt0.3842_first_order//seed010.probe.jsonl
/home/tatsu/chance_view/ch_w2_C_uabs/side/f0.5000_th2.1000_vt0.3842_first_order/seed020.probe.jsonl	/home/tatsu/chance/ch_w2_C_uabs/side/f0.5000_th2.1000_vt0.3842_first_order//seed020.probe.jsonl
/home/tatsu/chance_view/ch_w2_C_uabs/side/f0.5000_th2.1000_vt0.3842_first_order/seed014.probe.jsonl	/home/tatsu/chance/ch_w2_C_uabs/side/f0.5000_th2.1000_vt0.3842_first_order//seed014.probe.jsonl
/home/tatsu/chance_view/ch_w2_C_uabs/side/f0.5000_th2.1000_vt0.3842_first_order/seed012.answers.csv	/home/tatsu/chance/ch_w2_C_uabs/side/f0.5000_th2.1000_vt0.3842_first_order//seed012.answers.csv
/home/tatsu/chance_view/ch_w2_C_uabs/side/f0.5000_th2.1000_vt0.3842_first_order/seed013.answers.csv	/home/tatsu/chance/ch_w2_C_uabs/side/f0.5000_th2.1000_vt0.3842_first_order//seed013.answers.csv
/home/tatsu/chance_view/ch_w2_C_uabs/side/f0.5000_th2.1000_vt0.3842_first_order/seed014.answers.csv	/home/tatsu/chance/ch_w2_C_uabs/side/f0.5000_th2.1000_vt0.3842_first_order//seed014.answers.csv
/home/tatsu/chance_view/ch_w2_C_uabs/side/f0.5000_th2.1000_vt0.3842_first_order/seed017.answers.csv	/home/tatsu/chance/ch_w2_C_uabs/side/f0.5000_th2.1000_vt0.3842_first_order//seed017.answers.csv
/home/tatsu/chance_view/ch_w2_C_uabs/side/f0.5000_th2.1000_vt0.3842_first_order/seed009.answers.csv	/home/tatsu/chance/ch_w2_C_uabs/side/f0.5000_th2.1000_vt0.3842_first_order//seed009.answers.csv
/home/tatsu/chance_view/ch_w2_C_uabs/side/f0.5000_th2.1000_vt0.3842_first_order/seed010.shop.jsonl	/home/tatsu/chance/ch_w2_C_uabs/side/f0.5000_th2.1000_vt0.3842_first_order//seed010.shop.jsonl
/home/tatsu/chance_view/ch_w2_C_uabs/side/f0.5000_th2.1000_vt0.3842_first_order/seed001.probe.jsonl	/home/tatsu/chance/ch_w2_C_uabs/side/f0.5000_th2.1000_vt0.3842_first_order//seed001.probe.jsonl
/home/tatsu/chance_view/ch_w2_C_uabs/side/f0.5000_th2.1000_vt0.3842_first_order/seed015.shop.jsonl	/home/tatsu/chance/ch_w2_C_uabs/side/f0.5000_th2.1000_vt0.3842_first_order//seed015.shop.jsonl
/home/tatsu/chance_view/ch_w2_C_uabs/side/f0.5000_th2.1000_vt0.3842_first_order/seed018.probe.jsonl	/home/tatsu/chance/ch_w2_C_uabs/side/f0.5000_th2.1000_vt0.3842_first_order//seed018.probe.jsonl
/home/tatsu/chance_view/ch_w2_C_uabs/side/f0.5000_th2.1000_vt0.3842_first_order/seed020.answers.csv	/home/tatsu/chance/ch_w2_C_uabs/side/f0.5000_th2.1000_vt0.3842_first_order//seed020.answers.csv
/home/tatsu/chance_view/ch_w2_C_uabs/side/f0.5000_th2.1000_vt0.3842_first_order/seed010.answers.csv	/home/tatsu/chance/ch_w2_C_uabs/side/f0.5000_th2.1000_vt0.3842_first_order//seed010.answers.csv
/home/tatsu/chance_view/ch_w2_C_uabs/side/f0.5000_th2.1000_vt0.3842_first_order/seed005.answers.csv	/home/tatsu/chance/ch_w2_C_uabs/side/f0.5000_th2.1000_vt0.3842_first_order//seed005.answers.csv
/home/tatsu/chance_view/ch_w2_C_uabs/side/f0.5000_th2.1000_vt0.3842_first_order/seed011.probe.jsonl	/home/tatsu/chance/ch_w2_C_uabs/side/f0.5000_th2.1000_vt0.3842_first_order//seed011.probe.jsonl
/home/tatsu/chance_view/ch_w2_C_uabs/side/f0.5000_th2.1000_vt0.3842_first_order/seed017.shop.jsonl	/home/tatsu/chance/ch_w2_C_uabs/side/f0.5000_th2.1000_vt0.3842_first_order//seed017.shop.jsonl
/home/tatsu/chance_view/ch_w2_C_uabs/side/f0.5000_th2.1000_vt0.3842_first_order/seed005.shop.jsonl	/home/tatsu/chance/ch_w2_C_uabs/side/f0.5000_th2.1000_vt0.3842_first_order//seed005.shop.jsonl
/home/tatsu/chance_view/ch_w2_C_uabs/side/f0.5000_th2.1000_vt0.3842_first_order/seed018.shop.jsonl	/home/tatsu/chance/ch_w2_C_uabs/side/f0.5000_th2.1000_vt0.3842_first_order//seed018.shop.jsonl
/home/tatsu/chance_view/ch_w2_C_uabs/side/f0.5000_th2.1000_vt0.3842_first_order/seed002.shop.jsonl	/home/tatsu/chance/ch_w2_C_uabs/side/f0.5000_th2.1000_vt0.3842_first_order//seed002.shop.jsonl
/home/tatsu/chance_view/ch_w2_C_uabs/side/f0.5000_th2.1000_vt0.3842_first_order/seed017.probe.jsonl	/home/tatsu/chance/ch_w2_C_uabs/side/f0.5000_th2.1000_vt0.3842_first_order//seed017.probe.jsonl
/home/tatsu/chance_view/ch_w2_C_uabs/side/f0.5000_th2.1000_vt0.3842_first_order/seed009.probe.jsonl	/home/tatsu/chance/ch_w2_C_uabs/side/f0.5000_th2.1000_vt0.3842_first_order//seed009.probe.jsonl
/home/tatsu/chance_view/ch_w2_C_uabs/side/f0.5000_th2.1000_vt0.3842_first_order/seed015.probe.jsonl	/home/tatsu/chance/ch_w2_C_uabs/side/f0.5000_th2.1000_vt0.3842_first_order//seed015.probe.jsonl
/home/tatsu/chance_view/ch_w2_C_uabs/side/f0.5000_th2.1000_vt0.3842_first_order/seed001.answers.csv	/home/tatsu/chance/ch_w2_C_uabs/side/f0.5000_th2.1000_vt0.3842_first_order//seed001.answers.csv
/home/tatsu/chance_view/ch_w2_C_uabs/side/f0.5000_th2.1000_vt0.3842_first_order/seed006.answers.csv	/home/tatsu/chance/ch_w2_C_uabs/side/f0.5000_th2.1000_vt0.3842_first_order//seed006.answers.csv
/home/tatsu/chance_view/ch_w2_C_uabs/side/f0.5000_th2.1000_vt0.3842_first_order/seed018.answers.csv	/home/tatsu/chance/ch_w2_C_uabs/side/f0.5000_th2.1000_vt0.3842_first_order//seed018.answers.csv
/home/tatsu/chance_view/ch_w2_C_uabs/side/f0.5000_th2.1000_vt0.3842_first_order/seed005.probe.jsonl	/home/tatsu/chance/ch_w2_C_uabs/side/f0.5000_th2.1000_vt0.3842_first_order//seed005.probe.jsonl
/home/tatsu/chance_view/ch_w2_C_uabs/side/f0.5000_th2.1000_vt0.3842_first_order/seed007.probe.jsonl	/home/tatsu/chance/ch_w2_C_uabs/side/f0.5000_th2.1000_vt0.3842_first_order//seed007.probe.jsonl
/home/tatsu/chance_view/ch_w2_C_uabs/side/f0.5000_th2.1000_vt0.3842_first_order/seed013.probe.jsonl	/home/tatsu/chance/ch_w2_C_uabs/side/f0.5000_th2.1000_vt0.3842_first_order//seed013.probe.jsonl
/home/tatsu/chance_view/ch_w2_C_uabs/side/f0.5000_th2.1000_vt0.3842_first_order/seed014.shop.jsonl	/home/tatsu/chance/ch_w2_C_uabs/side/f0.5000_th2.1000_vt0.3842_first_order//seed014.shop.jsonl
/home/tatsu/chance_view/ch_w2_C_uabs/side/f0.5000_th2.1000_vt0.3842_first_order/seed008.probe.jsonl	/home/tatsu/chance/ch_w2_C_uabs/side/f0.5000_th2.1000_vt0.3842_first_order//seed008.probe.jsonl
/home/tatsu/chance_view/ch_w2_C_uabs/side/f0.5000_th2.1000_vt0.3842_first_order/seed019.shop.jsonl	/home/tatsu/chance/ch_w2_C_uabs/side/f0.5000_th2.1000_vt0.3842_first_order//seed019.shop.jsonl
/home/tatsu/chance_view/ch_w2_C_uabs/side/f0.5000_th2.1000_vt0.3842_first_order/seed019.answers.csv	/home/tatsu/chance/ch_w2_C_uabs/side/f0.5000_th2.1000_vt0.3842_first_order//seed019.answers.csv
/home/tatsu/chance_view/ch_w2_C_uabs/side/f0.5000_th2.1000_vt0.3842_first_order/seed016.probe.jsonl	/home/tatsu/chance/ch_w2_C_uabs/side/f0.5000_th2.1000_vt0.3842_first_order//seed016.probe.jsonl
/home/tatsu/chance_view/ch_w2_C_uabs/side/f0.5000_th2.1000_vt0.3842_first_order/seed011.answers.csv	/home/tatsu/chance/ch_w2_C_uabs/side/f0.5000_th2.1000_vt0.3842_first_order//seed011.answers.csv
/home/tatsu/chance_view/ch_w2_C_uabs/side/f0.5000_th2.1000_vt0.3842_first_order/seed003.probe.jsonl	/home/tatsu/chance/ch_w2_C_uabs/side/f0.5000_th2.1000_vt0.3842_first_order//seed003.probe.jsonl
/home/tatsu/chance_view/ch_w2_C_uabs/side/f0.5000_th2.1000_vt0.3842_first_order/seed008.shop.jsonl	/home/tatsu/chance/ch_w2_C_uabs/side/f0.5000_th2.1000_vt0.3842_first_order//seed008.shop.jsonl
/home/tatsu/chance_view/ch_w2_C_uabs/side/f0.5000_th2.1000_vt0.3842_first_order/seed002.answers.csv	/home/tatsu/chance/ch_w2_C_uabs/side/f0.5000_th2.1000_vt0.3842_first_order//seed002.answers.csv
/home/tatsu/chance_view/ch_w2_C_uabs/side/f0.5000_th2.1000_vt0.3842_first_order/seed004.shop.jsonl	/home/tatsu/chance/ch_w2_C_uabs/side/f0.5000_th2.1000_vt0.3842_first_order//seed004.shop.jsonl
/home/tatsu/chance_view/ch_w2_C_uabs/side/f0.5000_th2.1000_vt0.3842_first_order/seed003.answers.csv	/home/tatsu/chance/ch_w2_C_uabs/side/f0.5000_th2.1000_vt0.3842_first_order//seed003.answers.csv
/home/tatsu/chance_view/ch_w2_C_uabs/side/f0.5000_th2.1000_vt0.3842_first_order/seed016.answers.csv	/home/tatsu/chance/ch_w2_C_uabs/side/f0.5000_th2.1000_vt0.3842_first_order//seed016.answers.csv
/home/tatsu/chance_view/ch_w2_C_uabs/side/f0.5000_th2.1000_vt0.3842_first_order/seed007.answers.csv	/home/tatsu/chance/ch_w2_C_uabs/side/f0.5000_th2.1000_vt0.3842_first_order//seed007.answers.csv
/home/tatsu/chance_view/ch_w2_C_uabs/side/f0.5000_th2.1000_vt0.3842_first_order/seed009.shop.jsonl	/home/tatsu/chance/ch_w2_C_uabs/side/f0.5000_th2.1000_vt0.3842_first_order//seed009.shop.jsonl
/home/tatsu/chance_view/ch_w2_C_uabs/side/f0.5000_th2.1000_vt0.3842_first_order/seed002.probe.jsonl	/home/tatsu/chance/ch_w2_C_uabs/side/f0.5000_th2.1000_vt0.3842_first_order//seed002.probe.jsonl
/home/tatsu/dsel_view/uf_w2_t0.4/ledgers	/home/tatsu/ufprod/full/uf_w2_t0.4/ledgers
/home/tatsu/dsel_view/uf_w2_t0.4/side/f0.5000_th2.1000_vt0.3842_first_order/seed003.shop.jsonl	/home/tatsu/ufprod/full/uf_w2_t0.4/side/f0.5000_th2.1000_vt0.3842_first_order//seed003.shop.jsonl
/home/tatsu/dsel_view/uf_w2_t0.4/side/f0.5000_th2.1000_vt0.3842_first_order/seed011.shop.jsonl	/home/tatsu/ufprod/full/uf_w2_t0.4/side/f0.5000_th2.1000_vt0.3842_first_order//seed011.shop.jsonl
/home/tatsu/dsel_view/uf_w2_t0.4/side/f0.5000_th2.1000_vt0.3842_first_order/seed020.shop.jsonl	/home/tatsu/ufprod/full/uf_w2_t0.4/side/f0.5000_th2.1000_vt0.3842_first_order//seed020.shop.jsonl
/home/tatsu/dsel_view/uf_w2_t0.4/side/f0.5000_th2.1000_vt0.3842_first_order/seed008.ambig.csv	/home/tatsu/ufprod/full/uf_w2_t0.4/side/f0.5000_th2.1000_vt0.3842_first_order//seed008.ambig.csv
/home/tatsu/dsel_view/uf_w2_t0.4/side/f0.5000_th2.1000_vt0.3842_first_order/seed004.answers.csv	/home/tatsu/ufprod/full/uf_w2_t0.4/side/f0.5000_th2.1000_vt0.3842_first_order//seed004.answers.csv
/home/tatsu/dsel_view/uf_w2_t0.4/side/f0.5000_th2.1000_vt0.3842_first_order/seed019.probe.jsonl	/home/tatsu/ufprod/full/uf_w2_t0.4/side/f0.5000_th2.1000_vt0.3842_first_order//seed019.probe.jsonl
/home/tatsu/dsel_view/uf_w2_t0.4/side/f0.5000_th2.1000_vt0.3842_first_order/seed001.shop.jsonl	/home/tatsu/ufprod/full/uf_w2_t0.4/side/f0.5000_th2.1000_vt0.3842_first_order//seed001.shop.jsonl
/home/tatsu/dsel_view/uf_w2_t0.4/side/f0.5000_th2.1000_vt0.3842_first_order/seed016.shop.jsonl	/home/tatsu/ufprod/full/uf_w2_t0.4/side/f0.5000_th2.1000_vt0.3842_first_order//seed016.shop.jsonl
/home/tatsu/dsel_view/uf_w2_t0.4/side/f0.5000_th2.1000_vt0.3842_first_order/seed006.probe.jsonl	/home/tatsu/ufprod/full/uf_w2_t0.4/side/f0.5000_th2.1000_vt0.3842_first_order//seed006.probe.jsonl
/home/tatsu/dsel_view/uf_w2_t0.4/side/f0.5000_th2.1000_vt0.3842_first_order/seed013.shop.jsonl	/home/tatsu/ufprod/full/uf_w2_t0.4/side/f0.5000_th2.1000_vt0.3842_first_order//seed013.shop.jsonl
/home/tatsu/dsel_view/uf_w2_t0.4/side/f0.5000_th2.1000_vt0.3842_first_order/seed012.probe.jsonl	/home/tatsu/ufprod/full/uf_w2_t0.4/side/f0.5000_th2.1000_vt0.3842_first_order//seed012.probe.jsonl
/home/tatsu/dsel_view/uf_w2_t0.4/side/f0.5000_th2.1000_vt0.3842_first_order/seed008.answers.csv	/home/tatsu/ufprod/full/uf_w2_t0.4/side/f0.5000_th2.1000_vt0.3842_first_order//seed008.answers.csv
/home/tatsu/dsel_view/uf_w2_t0.4/side/f0.5000_th2.1000_vt0.3842_first_order/seed012.shop.jsonl	/home/tatsu/ufprod/full/uf_w2_t0.4/side/f0.5000_th2.1000_vt0.3842_first_order//seed012.shop.jsonl
/home/tatsu/dsel_view/uf_w2_t0.4/side/f0.5000_th2.1000_vt0.3842_first_order/seed004.probe.jsonl	/home/tatsu/ufprod/full/uf_w2_t0.4/side/f0.5000_th2.1000_vt0.3842_first_order//seed004.probe.jsonl
/home/tatsu/dsel_view/uf_w2_t0.4/side/f0.5000_th2.1000_vt0.3842_first_order/seed015.answers.csv	/home/tatsu/ufprod/full/uf_w2_t0.4/side/f0.5000_th2.1000_vt0.3842_first_order//seed015.answers.csv
/home/tatsu/dsel_view/uf_w2_t0.4/side/f0.5000_th2.1000_vt0.3842_first_order/seed005.ambig.csv	/home/tatsu/ufprod/full/uf_w2_t0.4/side/f0.5000_th2.1000_vt0.3842_first_order//seed005.ambig.csv
/home/tatsu/dsel_view/uf_w2_t0.4/side/f0.5000_th2.1000_vt0.3842_first_order/seed006.shop.jsonl	/home/tatsu/ufprod/full/uf_w2_t0.4/side/f0.5000_th2.1000_vt0.3842_first_order//seed006.shop.jsonl
/home/tatsu/dsel_view/uf_w2_t0.4/side/f0.5000_th2.1000_vt0.3842_first_order/seed007.shop.jsonl	/home/tatsu/ufprod/full/uf_w2_t0.4/side/f0.5000_th2.1000_vt0.3842_first_order//seed007.shop.jsonl
/home/tatsu/dsel_view/uf_w2_t0.4/side/f0.5000_th2.1000_vt0.3842_first_order/seed010.probe.jsonl	/home/tatsu/ufprod/full/uf_w2_t0.4/side/f0.5000_th2.1000_vt0.3842_first_order//seed010.probe.jsonl
/home/tatsu/dsel_view/uf_w2_t0.4/side/f0.5000_th2.1000_vt0.3842_first_order/seed020.probe.jsonl	/home/tatsu/ufprod/full/uf_w2_t0.4/side/f0.5000_th2.1000_vt0.3842_first_order//seed020.probe.jsonl
/home/tatsu/dsel_view/uf_w2_t0.4/side/f0.5000_th2.1000_vt0.3842_first_order/seed014.probe.jsonl	/home/tatsu/ufprod/full/uf_w2_t0.4/side/f0.5000_th2.1000_vt0.3842_first_order//seed014.probe.jsonl
/home/tatsu/dsel_view/uf_w2_t0.4/side/f0.5000_th2.1000_vt0.3842_first_order/seed012.answers.csv	/home/tatsu/ufprod/full/uf_w2_t0.4/side/f0.5000_th2.1000_vt0.3842_first_order//seed012.answers.csv
/home/tatsu/dsel_view/uf_w2_t0.4/side/f0.5000_th2.1000_vt0.3842_first_order/seed013.answers.csv	/home/tatsu/ufprod/full/uf_w2_t0.4/side/f0.5000_th2.1000_vt0.3842_first_order//seed013.answers.csv
/home/tatsu/dsel_view/uf_w2_t0.4/side/f0.5000_th2.1000_vt0.3842_first_order/seed014.answers.csv	/home/tatsu/ufprod/full/uf_w2_t0.4/side/f0.5000_th2.1000_vt0.3842_first_order//seed014.answers.csv
/home/tatsu/dsel_view/uf_w2_t0.4/side/f0.5000_th2.1000_vt0.3842_first_order/seed019.ambig.csv	/home/tatsu/ufprod/full/uf_w2_t0.4/side/f0.5000_th2.1000_vt0.3842_first_order//seed019.ambig.csv
/home/tatsu/dsel_view/uf_w2_t0.4/side/f0.5000_th2.1000_vt0.3842_first_order/seed017.answers.csv	/home/tatsu/ufprod/full/uf_w2_t0.4/side/f0.5000_th2.1000_vt0.3842_first_order//seed017.answers.csv
/home/tatsu/dsel_view/uf_w2_t0.4/side/f0.5000_th2.1000_vt0.3842_first_order/seed009.answers.csv	/home/tatsu/ufprod/full/uf_w2_t0.4/side/f0.5000_th2.1000_vt0.3842_first_order//seed009.answers.csv
/home/tatsu/dsel_view/uf_w2_t0.4/side/f0.5000_th2.1000_vt0.3842_first_order/seed015.ambig.csv	/home/tatsu/ufprod/full/uf_w2_t0.4/side/f0.5000_th2.1000_vt0.3842_first_order//seed015.ambig.csv
/home/tatsu/dsel_view/uf_w2_t0.4/side/f0.5000_th2.1000_vt0.3842_first_order/seed010.shop.jsonl	/home/tatsu/ufprod/full/uf_w2_t0.4/side/f0.5000_th2.1000_vt0.3842_first_order//seed010.shop.jsonl
/home/tatsu/dsel_view/uf_w2_t0.4/side/f0.5000_th2.1000_vt0.3842_first_order/seed001.probe.jsonl	/home/tatsu/ufprod/full/uf_w2_t0.4/side/f0.5000_th2.1000_vt0.3842_first_order//seed001.probe.jsonl
/home/tatsu/dsel_view/uf_w2_t0.4/side/f0.5000_th2.1000_vt0.3842_first_order/seed015.shop.jsonl	/home/tatsu/ufprod/full/uf_w2_t0.4/side/f0.5000_th2.1000_vt0.3842_first_order//seed015.shop.jsonl
/home/tatsu/dsel_view/uf_w2_t0.4/side/f0.5000_th2.1000_vt0.3842_first_order/seed018.probe.jsonl	/home/tatsu/ufprod/full/uf_w2_t0.4/side/f0.5000_th2.1000_vt0.3842_first_order//seed018.probe.jsonl
/home/tatsu/dsel_view/uf_w2_t0.4/side/f0.5000_th2.1000_vt0.3842_first_order/seed020.answers.csv	/home/tatsu/ufprod/full/uf_w2_t0.4/side/f0.5000_th2.1000_vt0.3842_first_order//seed020.answers.csv
/home/tatsu/dsel_view/uf_w2_t0.4/side/f0.5000_th2.1000_vt0.3842_first_order/seed010.answers.csv	/home/tatsu/ufprod/full/uf_w2_t0.4/side/f0.5000_th2.1000_vt0.3842_first_order//seed010.answers.csv
/home/tatsu/dsel_view/uf_w2_t0.4/side/f0.5000_th2.1000_vt0.3842_first_order/seed005.answers.csv	/home/tatsu/ufprod/full/uf_w2_t0.4/side/f0.5000_th2.1000_vt0.3842_first_order//seed005.answers.csv
/home/tatsu/dsel_view/uf_w2_t0.4/side/f0.5000_th2.1000_vt0.3842_first_order/seed011.probe.jsonl	/home/tatsu/ufprod/full/uf_w2_t0.4/side/f0.5000_th2.1000_vt0.3842_first_order//seed011.probe.jsonl
/home/tatsu/dsel_view/uf_w2_t0.4/side/f0.5000_th2.1000_vt0.3842_first_order/seed017.shop.jsonl	/home/tatsu/ufprod/full/uf_w2_t0.4/side/f0.5000_th2.1000_vt0.3842_first_order//seed017.shop.jsonl
/home/tatsu/dsel_view/uf_w2_t0.4/side/f0.5000_th2.1000_vt0.3842_first_order/seed017.ambig.csv	/home/tatsu/ufprod/full/uf_w2_t0.4/side/f0.5000_th2.1000_vt0.3842_first_order//seed017.ambig.csv
/home/tatsu/dsel_view/uf_w2_t0.4/side/f0.5000_th2.1000_vt0.3842_first_order/seed005.shop.jsonl	/home/tatsu/ufprod/full/uf_w2_t0.4/side/f0.5000_th2.1000_vt0.3842_first_order//seed005.shop.jsonl
/home/tatsu/dsel_view/uf_w2_t0.4/side/f0.5000_th2.1000_vt0.3842_first_order/seed018.shop.jsonl	/home/tatsu/ufprod/full/uf_w2_t0.4/side/f0.5000_th2.1000_vt0.3842_first_order//seed018.shop.jsonl
/home/tatsu/dsel_view/uf_w2_t0.4/side/f0.5000_th2.1000_vt0.3842_first_order/seed002.shop.jsonl	/home/tatsu/ufprod/full/uf_w2_t0.4/side/f0.5000_th2.1000_vt0.3842_first_order//seed002.shop.jsonl
/home/tatsu/dsel_view/uf_w2_t0.4/side/f0.5000_th2.1000_vt0.3842_first_order/seed017.probe.jsonl	/home/tatsu/ufprod/full/uf_w2_t0.4/side/f0.5000_th2.1000_vt0.3842_first_order//seed017.probe.jsonl
/home/tatsu/dsel_view/uf_w2_t0.4/side/f0.5000_th2.1000_vt0.3842_first_order/seed009.probe.jsonl	/home/tatsu/ufprod/full/uf_w2_t0.4/side/f0.5000_th2.1000_vt0.3842_first_order//seed009.probe.jsonl
/home/tatsu/dsel_view/uf_w2_t0.4/side/f0.5000_th2.1000_vt0.3842_first_order/seed015.probe.jsonl	/home/tatsu/ufprod/full/uf_w2_t0.4/side/f0.5000_th2.1000_vt0.3842_first_order//seed015.probe.jsonl
/home/tatsu/dsel_view/uf_w2_t0.4/side/f0.5000_th2.1000_vt0.3842_first_order/seed006.ambig.csv	/home/tatsu/ufprod/full/uf_w2_t0.4/side/f0.5000_th2.1000_vt0.3842_first_order//seed006.ambig.csv
/home/tatsu/dsel_view/uf_w2_t0.4/side/f0.5000_th2.1000_vt0.3842_first_order/seed001.answers.csv	/home/tatsu/ufprod/full/uf_w2_t0.4/side/f0.5000_th2.1000_vt0.3842_first_order//seed001.answers.csv
/home/tatsu/dsel_view/uf_w2_t0.4/side/f0.5000_th2.1000_vt0.3842_first_order/seed006.answers.csv	/home/tatsu/ufprod/full/uf_w2_t0.4/side/f0.5000_th2.1000_vt0.3842_first_order//seed006.answers.csv
/home/tatsu/dsel_view/uf_w2_t0.4/side/f0.5000_th2.1000_vt0.3842_first_order/seed018.answers.csv	/home/tatsu/ufprod/full/uf_w2_t0.4/side/f0.5000_th2.1000_vt0.3842_first_order//seed018.answers.csv
/home/tatsu/dsel_view/uf_w2_t0.4/side/f0.5000_th2.1000_vt0.3842_first_order/seed005.probe.jsonl	/home/tatsu/ufprod/full/uf_w2_t0.4/side/f0.5000_th2.1000_vt0.3842_first_order//seed005.probe.jsonl
/home/tatsu/dsel_view/uf_w2_t0.4/side/f0.5000_th2.1000_vt0.3842_first_order/seed007.probe.jsonl	/home/tatsu/ufprod/full/uf_w2_t0.4/side/f0.5000_th2.1000_vt0.3842_first_order//seed007.probe.jsonl
/home/tatsu/dsel_view/uf_w2_t0.4/side/f0.5000_th2.1000_vt0.3842_first_order/seed013.probe.jsonl	/home/tatsu/ufprod/full/uf_w2_t0.4/side/f0.5000_th2.1000_vt0.3842_first_order//seed013.probe.jsonl
/home/tatsu/dsel_view/uf_w2_t0.4/side/f0.5000_th2.1000_vt0.3842_first_order/seed014.shop.jsonl	/home/tatsu/ufprod/full/uf_w2_t0.4/side/f0.5000_th2.1000_vt0.3842_first_order//seed014.shop.jsonl
/home/tatsu/dsel_view/uf_w2_t0.4/side/f0.5000_th2.1000_vt0.3842_first_order/seed008.probe.jsonl	/home/tatsu/ufprod/full/uf_w2_t0.4/side/f0.5000_th2.1000_vt0.3842_first_order//seed008.probe.jsonl
/home/tatsu/dsel_view/uf_w2_t0.4/side/f0.5000_th2.1000_vt0.3842_first_order/seed019.shop.jsonl	/home/tatsu/ufprod/full/uf_w2_t0.4/side/f0.5000_th2.1000_vt0.3842_first_order//seed019.shop.jsonl
/home/tatsu/dsel_view/uf_w2_t0.4/side/f0.5000_th2.1000_vt0.3842_first_order/seed019.answers.csv	/home/tatsu/ufprod/full/uf_w2_t0.4/side/f0.5000_th2.1000_vt0.3842_first_order//seed019.answers.csv
/home/tatsu/dsel_view/uf_w2_t0.4/side/f0.5000_th2.1000_vt0.3842_first_order/seed016.probe.jsonl	/home/tatsu/ufprod/full/uf_w2_t0.4/side/f0.5000_th2.1000_vt0.3842_first_order//seed016.probe.jsonl
/home/tatsu/dsel_view/uf_w2_t0.4/side/f0.5000_th2.1000_vt0.3842_first_order/seed011.answers.csv	/home/tatsu/ufprod/full/uf_w2_t0.4/side/f0.5000_th2.1000_vt0.3842_first_order//seed011.answers.csv
/home/tatsu/dsel_view/uf_w2_t0.4/side/f0.5000_th2.1000_vt0.3842_first_order/seed003.probe.jsonl	/home/tatsu/ufprod/full/uf_w2_t0.4/side/f0.5000_th2.1000_vt0.3842_first_order//seed003.probe.jsonl
/home/tatsu/dsel_view/uf_w2_t0.4/side/f0.5000_th2.1000_vt0.3842_first_order/seed008.shop.jsonl	/home/tatsu/ufprod/full/uf_w2_t0.4/side/f0.5000_th2.1000_vt0.3842_first_order//seed008.shop.jsonl
/home/tatsu/dsel_view/uf_w2_t0.4/side/f0.5000_th2.1000_vt0.3842_first_order/seed002.answers.csv	/home/tatsu/ufprod/full/uf_w2_t0.4/side/f0.5000_th2.1000_vt0.3842_first_order//seed002.answers.csv
/home/tatsu/dsel_view/uf_w2_t0.4/side/f0.5000_th2.1000_vt0.3842_first_order/seed001.ambig.csv	/home/tatsu/ufprod/full/uf_w2_t0.4/side/f0.5000_th2.1000_vt0.3842_first_order//seed001.ambig.csv
/home/tatsu/dsel_view/uf_w2_t0.4/side/f0.5000_th2.1000_vt0.3842_first_order/seed004.shop.jsonl	/home/tatsu/ufprod/full/uf_w2_t0.4/side/f0.5000_th2.1000_vt0.3842_first_order//seed004.shop.jsonl
/home/tatsu/dsel_view/uf_w2_t0.4/side/f0.5000_th2.1000_vt0.3842_first_order/seed004.ambig.csv	/home/tatsu/ufprod/full/uf_w2_t0.4/side/f0.5000_th2.1000_vt0.3842_first_order//seed004.ambig.csv
/home/tatsu/dsel_view/uf_w2_t0.4/side/f0.5000_th2.1000_vt0.3842_first_order/seed003.answers.csv	/home/tatsu/ufprod/full/uf_w2_t0.4/side/f0.5000_th2.1000_vt0.3842_first_order//seed003.answers.csv
/home/tatsu/dsel_view/uf_w2_t0.4/side/f0.5000_th2.1000_vt0.3842_first_order/seed016.answers.csv	/home/tatsu/ufprod/full/uf_w2_t0.4/side/f0.5000_th2.1000_vt0.3842_first_order//seed016.answers.csv
/home/tatsu/dsel_view/uf_w2_t0.4/side/f0.5000_th2.1000_vt0.3842_first_order/seed007.answers.csv	/home/tatsu/ufprod/full/uf_w2_t0.4/side/f0.5000_th2.1000_vt0.3842_first_order//seed007.answers.csv
/home/tatsu/dsel_view/uf_w2_t0.4/side/f0.5000_th2.1000_vt0.3842_first_order/seed009.shop.jsonl	/home/tatsu/ufprod/full/uf_w2_t0.4/side/f0.5000_th2.1000_vt0.3842_first_order//seed009.shop.jsonl
/home/tatsu/dsel_view/uf_w2_t0.4/side/f0.5000_th2.1000_vt0.3842_first_order/seed002.probe.jsonl	/home/tatsu/ufprod/full/uf_w2_t0.4/side/f0.5000_th2.1000_vt0.3842_first_order//seed002.probe.jsonl
