trial,seed,R,R_born,def_id,source,slot,pred,hit,disclosed,seat_state,h_total,h_top,h_top_ratio,h_kinds,h_entropy_bits,def_F,def_H,def_U,def_registrations,age,support,m_live,support_ratio,B_RF,B_RH,B_RU,B_n,pred_freq,cand_n,cand_other_max_ratio,cand_other_ratios,born_motif,base_motif,scene_motif,same_motif,assim_motifs,assim_total,assim_cross,seat_pred_born,role,role_in_scene_motif,role_same_pred,sel_vis,sel_hid,sel_none,sel_vis_match,cand_tri
10,1,R_9d6e4b5f291af53c,4,R_9d6e4b5f291af53c@4,F_proj,12,hold_b,1,0,F,,,,,,16,0,0,2,6,16,16,1.0,0.0,0.0,1.7449043451144322,0.2908173908524054,0.014705882352941176,7,1.0,1.0000;1.0000;0.9167;0.4706;0.4545,M2,M2,M2,1,M2:1,1,0,hold_b,cause#0,1,0,15,1,0,15,1.0000:4/0/0/4;1.0000:6/1/0/6;0.9167:10/1/1/10;0.4706:7/1/9/7;0.4545:4/1/6/4
12,1,R_7b6b1008b48c1115,6,R_7b6b1008b48c1115@6,F_proj,7,break,1,0,F,,,,,,17,0,0,3,6,17,17,1.0,0.0,0.0,1.8992216274468061,0.316536937907801,0.020491803278688523,7,1.0,1.0000;1.0000;1.0000;1.0000;0.5833,M1,M1,M1,1,M1:2,2,0,break,enable#0,1,1,16,1,0,16,1.0000:4/0/0/4;1.0000:11/0/0/11;1.0000:7/0/0/7;1.0000:15/1/0/15;0.5833:7/0/5/7
13,1,R_9bc40d505af93c42,7,R_9bc40d505af93c42@7,F_proj,2,carry,1,1,F,,,,,,12,0,0,1,6,12,12,1.0,0.0,0.0,1.4540869542620267,0.2908173908524054,0.03773584905660377,7,1.0,1.0000;0.7500;0.6250;0.4118;0.3750,M2,M2,M2,1,,0,0,carry,require#0,1,1,11,1,0,11,1.0000:6/1/0/6;0.7500:3/0/1/3;0.6250:10/0/6/10;0.4118:6/1/10/6;0.3750:6/0/10/6
15,1,R_9bc40d505af93c42,7,R_9bc40d505af93c42@7,F_proj,5,bend,1,0,F,,,,,,12,0,0,2,8,12,12,1.0,0.0,0.0,1.5393209766706053,0.25655349611176753,0.02287581699346405,7,1.0,1.0000;0.7500;0.6250;0.4118;0.3750,M2,M2,M2,1,M2:1,1,0,bend,hinder#1,1,1,11,1,0,11,1.0000:7/0/0/7;0.7500:3/0/1/3;0.6250:9/1/6/9;0.4118:7/0/10/7;0.3750:6/0/10/6
16,1,R_9d6e4b5f291af53c,4,R_9d6e4b5f291af53c@4,F_proj,0,drag,1,1,F,,,,,,16,0,0,3,12,16,16,1.0,0.0,0.0,1.2804844497661816,0.21341407496103026,0.024615384615384615,8,1.0,1.0000;0.6667;0.5833;0.5714;0.2941,M2,M2,M2,1,M2:2,2,0,drag,permit#1,1,1,15,1,0,15,1.0000:4/0/0/4;0.6667:7/1/4/7;0.5833:7/0/5/7;0.5714:4/0/3/4;0.2941:5/0/12/5
17,1,R_7b6b1008b48c1115,6,R_7b6b1008b48c1115@6,F_proj,10,cut,1,0,F,,,,,,17,0,0,5,11,17,17,1.0,0.0,0.0,1.4092370944746146,0.23487284907910244,0.023054755043227664,8,1.0,1.0000;1.0000;1.0000;1.0000;0.5833,M1,M1,M1,1,M1:4,4,0,cut,enable#1,1,1,16,1,0,16,1.0000:4/0/0/4;1.0000:10/1/0/10;1.0000:7/0/0/7;1.0000:15/1/0/15;0.5833:7/0/5/7
18,1,R_7b6b1008b48c1115,6,R_7b6b1008b48c1115@6,F_proj,7,break,1,0,F,,,,,,17,0,0,6,12,17,17,1.0,0.0,0.0,1.3488459526527201,0.22480765877545336,0.01912568306010929,8,1.0,1.0000;1.0000;1.0000;1.0000;0.5833,M1,M1,M1,1,M1:5,5,0,break,enable#0,1,1,16,1,0,16,1.0000:4/0/0/4;1.0000:11/0/0/11;1.0000:7/0/0/7;1.0000:15/1/0/15;0.5833:7/0/5/7
21,1,R_7b6b1008b48c1115,6,R_7b6b1008b48c1115@6,F_proj,10,cut,1,1,F,,,,,,17,0,0,7,15,17,17,1.0,0.0,0.0,1.204309228965679,0.20071820482761316,0.020833333333333332,10,1.0,1.0000;1.0000;1.0000;1.0000;0.5833,M1,M1,M1,1,M1:6,6,0,cut,enable#1,1,1,16,1,0,16,1.0000:4/0/0/4;1.0000:10/1/0/10;1.0000:7/0/0/7;1.0000:15/1/0/15;0.5833:7/0/5/7
22,1,R_7b6b1008b48c1115,6,R_7b6b1008b48c1115@6,F_proj,12,push,1,1,F,,,,,,17,0,0,8,16,17,17,1.0,0.0,0.0,0.9709657672371171,0.19419315344742344,0.048458149779735685,10,1.0,1.0000;1.0000;1.0000;0.7500;0.5833,M1,M1,M1,1,M1:7,7,0,push,cause#1,1,1,16,1,0,16,1.0000:10/1/0/10;1.0000:6/1/0/6;1.0000:15/1/0/15;0.7500:3/0/1/3;0.5833:6/1/5/6
23,1,R_cb63a1ebfc31098d,19,R_cb63a1ebfc31098d@19,F_proj,5,lock,1,0,F,,,,,,17,0,0,1,4,17,17,1.0,0.0,0.0,2.1285678443915885,0.3547613073985981,0.023206751054852322,10,1.0,1.0000;1.0000;0.6667;0.6471;0.5833,M2,M2,M2,1,,0,0,lock,hinder#0,1,1,16,1,0,16,1.0000:4/0/0/4;1.0000:15/1/0/15;0.6667:7/1/4/7;0.6471:10/1/6/10;0.5833:7/0/5/7
24,1,R_0e5d236bf5b42b15,20,R_0e5d236bf5b42b15@20,F_proj,2,bend,1,1,F,,,,,,17,0,0,1,4,17,17,1.0,0.0,0.0,1.9374660853257515,0.3229110142209586,0.022222222222222223,10,1.0,1.0000;1.0000;1.0000;0.7500;0.6471,M2,M2,M2,1,,0,0,bend,hinder#1,1,1,16,1,0,16,1.0000:7/0/0/7;1.0000:11/1/0/11;1.0000:12/0/0/12;0.7500:3/0/1/3;0.6471:10/1/6/10
26,1,R_7b6b1008b48c1115,6,R_7b6b1008b48c1115@6,F_proj,2,lift,1,1,F,,,,,,17,0,0,10,20,17,17,1.0,0.0,0.0,0.8653414262732869,0.1730682852546574,0.048507462686567165,10,1.0,1.0000;1.0000;1.0000;0.9091;0.5833,M1,M1,M1,1,M1:9,9,0,lift,require#1,1,1,16,1,0,16,1.0000:3/1/0/3;1.0000:6/1/0/6;1.0000:15/1/0/15;0.9091:10/0/1/10;0.5833:6/1/5/6
27,1,R_cb63a1ebfc31098d,19,R_cb63a1ebfc31098d@19,F_proj,5,lock,1,1,F,,,,,,17,0,0,2,8,17,17,1.0,0.0,0.0,1.5714052586236402,0.2619008764372734,0.02158273381294964,10,1.0,1.0000;1.0000;0.6667;0.6471;0.5833,M2,M2,M2,1,M2:1,1,0,lock,hinder#0,1,1,16,1,0,16,1.0000:4/0/0/4;1.0000:15/1/0/15;0.6667:7/1/4/7;0.6471:10/1/6/10;0.5833:7/0/5/7
28,1,R_0e5d236bf5b42b15,20,R_0e5d236bf5b42b15@20,F_proj,1,hold,1,1,F,,,,,,17,0,0,2,8,17,17,1.0,0.0,0.0,1.2192881298917522,0.24385762597835042,0.034722222222222224,10,1.0,1.0000;1.0000;1.0000;0.8824;0.8750,M2,M2,M2,1,M2:1,1,0,hold,cause#0,1,1,16,1,0,16,1.0000:6/1/0/6;1.0000:11/1/0/11;1.0000:11/1/0/11;0.8824:14/1/2/14;0.8750:13/1/2/13
31,1,R_0e5d236bf5b42b15,20,R_0e5d236bf5b42b15@20,F_proj,16,push,1,1,F,,,,,,17,0,0,3,11,17,17,1.0,0.0,0.0,1.0640264494346239,0.21280528988692476,0.0484375,10,1.0,1.0000;1.0000;1.0000;0.5882;0.5625,M2,M2,M2,1,M2:2,2,0,push,cause#1,1,1,16,1,0,16,1.0000:6/1/0/6;1.0000:11/1/0/11;1.0000:11/1/0/11;0.5882:10/0/7/10;0.5625:9/0/7/9
32,1,R_7b6b1008b48c1115,6,R_7b6b1008b48c1115@6,F_proj,13,press,1,1,F,,,,,,17,0,0,13,26,17,17,1.0,0.0,0.0,0.9053008327763737,0.15088347212939562,0.024205748865355523,10,1.0,1.0000;1.0000;1.0000;1.0000;0.5833,M1,M1,M1,1,M1:12,12,0,press,avert#1,1,1,16,1,0,16,1.0000:4/0/0/4;1.0000:10/1/0/10;1.0000:7/0/0/7;1.0000:15/1/0/15;0.5833:7/0/5/7
33,1,R_cb63a1ebfc31098d,19,R_cb63a1ebfc31098d@19,F_proj,1,bend,1,0,F,,,,,,17,0,0,3,14,17,17,1.0,0.0,0.0,1.2083034027000155,0.20138390045000257,0.021994134897360705,10,1.0,1.0000;1.0000;0.6667;0.6667;0.6471,M2,M2,M2,1,M2:2,2,0,bend,hinder#1,1,1,16,1,0,16,1.0000:4/0/0/4;1.0000:15/1/0/15;0.6667:7/1/4/7;0.6667:8/0/4/8;0.6471:10/1/6/10
34,1,R_cb63a1ebfc31098d,19,R_cb63a1ebfc31098d@19,F_proj,8,lift,1,0,F,,,,,,17,0,0,4,15,17,17,1.0,0.0,0.0,0.9738101971400092,0.19476203942800183,0.04843304843304843,10,1.0,1.0000;1.0000;0.6667;0.6667;0.6471,M2,M2,M2,1,M2:3,3,0,lift,require#1,1,1,16,1,0,16,1.0000:3/1/0/3;1.0000:15/1/0/15;0.6667:7/1/4/7;0.6667:7/1/4/7;0.6471:10/1/6/10
36,1,R_7b6b1008b48c1115,6,R_7b6b1008b48c1115@6,F_proj,2,lift,1,1,F,,,,,,17,0,0,15,30,17,17,1.0,0.0,0.0,1.3306663921170938,0.2661332784234187,0.04716981132075472,10,1.0,1.0000;1.0000;1.0000;0.9091;0.5833,M1,M1,M1,1,M1:14,14,0,lift,require#1,1,1,16,1,0,16,1.0000:3/1/0/3;1.0000:6/1/0/6;1.0000:15/1/0/15;0.9091:10/0/1/10;0.5833:6/1/5/6
37,1,R_cb63a1ebfc31098d,19,R_cb63a1ebfc31098d@19,F_proj,5,lock,1,0,F,,,,,,17,0,0,5,18,17,17,1.0,0.0,0.0,1.8260866242429514,0.30434777070715857,0.02230971128608924,10,1.0,1.0000;1.0000;0.6667;0.6471;0.5833,M2,M2,M2,1,M2:4,4,0,lock,hinder#0,1,1,16,1,0,16,1.0000:4/0/0/4;1.0000:15/1/0/15;0.6667:7/1/4/7;0.6471:10/1/6/10;0.5833:7/0/5/7
38,1,R_7b6b1008b48c1115,6,R_7b6b1008b48c1115@6,F_proj,12,push,1,1,F,,,,,,17,0,0,16,32,17,17,1.0,0.0,0.0,1.169132565705805,0.23382651314116099,0.04859335038363171,10,1.0,1.0000;1.0000;1.0000;0.7500;0.5833,M1,M1,M1,1,M1:15,15,0,push,cause#1,1,1,16,1,0,16,1.0000:10/1/0/10;1.0000:6/1/0/6;1.0000:15/1/0/15;0.7500:3/0/1/3;0.5833:6/1/5/6
41,1,R_cb63a1ebfc31098d,19,R_cb63a1ebfc31098d@19,F_proj,8,lift,1,1,F,,,,,,17,0,0,7,22,17,17,1.0,0.0,0.0,0.8057242886685613,0.16114485773371226,0.047337278106508875,10,1.0,1.0000;1.0000;0.6667;0.6667;0.6471,M2,M2,M2,1,M2:6,6,0,lift,require#1,1,1,16,1,0,16,1.0000:3/1/0/3;1.0000:15/1/0/15;0.6667:7/1/4/7;0.6667:7/1/4/7;0.6471:10/1/6/10
42,1,R_cb63a1ebfc31098d,19,R_cb63a1ebfc31098d@19,F_proj,0,hold_b,1,1,F,,,,,,17,0,0,8,23,17,17,1.0,0.0,0.0,1.1030248213855007,0.15757497448364297,0.015028901734104046,10,1.0,1.0000;1.0000;1.0000;0.9167;0.9167,M2,M2,M2,1,M2:7,7,0,hold_b,cause#0,1,0,16,1,0,16,1.0000:4/0/0/4;1.0000:6/1/0/6;1.0000:15/1/0/15;0.9167:10/1/1/10;0.9167:10/1/1/10
43,1,R_7b6b1008b48c1115,6,R_7b6b1008b48c1115@6,F_proj,2,lift,1,1,F,,,,,,17,0,0,18,37,17,17,1.0,0.0,0.0,1.8629182413341125,0.3725836482668225,0.04740406320541761,10,1.0,1.0000;1.0000;1.0000;0.9091;0.5833,M1,M1,M1,1,M1:17,17,0,lift,require#1,1,1,16,1,0,16,1.0000:3/1/0/3;1.0000:6/1/0/6;1.0000:15/1/0/15;0.9091:10/0/1/10;0.5833:6/1/5/6
45,1,R_7b6b1008b48c1115,6,R_7b6b1008b48c1115@6,F_proj,2,lift,1,0,F,,,,,,17,0,0,19,39,17,17,1.0,0.0,0.0,3.1705867493547992,0.6341173498709598,0.04746494066882417,10,1.0,1.0000;1.0000;1.0000;0.9091;0.5833,M1,M1,M1,1,M1:18,18,0,lift,require#1,1,1,16,1,0,16,1.0000:3/1/0/3;1.0000:6/1/0/6;1.0000:15/1/0/15;0.9091:10/0/1/10;0.5833:6/1/5/6
46,1,R_cb63a1ebfc31098d,19,R_cb63a1ebfc31098d@19,F_proj,0,hold_b,1,0,F,,,,,,17,0,0,10,27,17,17,1.0,0.0,0.0,2.2335045345257094,0.3480436334349091,0.015822784810126583,10,1.0,1.0000;1.0000;1.0000;0.9167;0.9167,M2,M2,M2,1,M2:9,9,0,hold_b,cause#0,1,0,16,1,0,16,1.0000:4/0/0/4;1.0000:6/1/0/6;1.0000:15/1/0/15;0.9167:10/1/1/10;0.9167:10/1/1/10
48,1,R_cb63a1ebfc31098d,19,R_cb63a1ebfc31098d@19,F_proj,8,lift,1,0,F,,,,,,17,0,0,11,29,17,17,1.0,0.0,0.0,1.4598734911824713,0.29197469823649425,0.04665314401622718,10,1.0,1.0000;1.0000;0.6667;0.6667;0.6471,M2,M2,M2,1,M2:10,10,0,lift,require#1,1,1,16,1,0,16,1.0000:3/1/0/3;1.0000:15/1/0/15;0.6667:7/1/4/7;0.6667:7/1/4/7;0.6471:10/1/6/10
49,1,R_7b6b1008b48c1115,6,R_7b6b1008b48c1115@6,F_proj,7,break,1,1,F,,,,,,17,0,0,21,43,17,17,1.0,0.0,0.0,0.692099158682862,0.115349859780477,0.020874751491053677,10,1.0,1.0000;1.0000;1.0000;1.0000;0.5833,M1,M1,M1,1,M1:20,20,0,break,enable#0,1,1,16,1,0,16,1.0000:4/0/0/4;1.0000:11/0/0/11;1.0000:7/0/0/7;1.0000:15/1/0/15;0.5833:7/0/5/7
50,1,R_7b6b1008b48c1115,6,R_7b6b1008b48c1115@6,F_proj,10,cut,1,1,F,,,,,,17,0,0,22,44,17,17,1.0,0.0,0.0,1.1147225279804718,0.18578708799674531,0.023391812865497075,10,1.0,1.0000;1.0000;1.0000;1.0000;0.5833,M1,M1,M1,1,M1:21,21,0,cut,enable#1,1,1,16,1,0,16,1.0000:4/0/0/4;1.0000:10/1/0/10;1.0000:7/0/0/7;1.0000:15/1/0/15;0.5833:7/0/5/7
52,1,R_7b6b1008b48c1115,6,R_7b6b1008b48c1115@6,F_proj,10,cut,1,0,F,,,,,,17,0,0,23,46,17,17,1.0,0.0,0.0,2.817703104599148,0.469617184099858,0.02345215759849906,10,1.0,1.0000;1.0000;1.0000;1.0000;0.5833,M1,M1,M1,1,M1:22,22,0,cut,enable#1,1,1,16,1,0,16,1.0000:4/0/0/4;1.0000:10/1/0/10;1.0000:7/0/0/7;1.0000:15/1/0/15;0.5833:7/0/5/7
53,1,R_cb63a1ebfc31098d,19,R_cb63a1ebfc31098d@19,F_proj,1,bend,1,0,F,,,,,,17,0,0,13,34,17,17,1.0,0.0,0.0,0.7736725937045276,0.12894543228408792,0.022099447513812154,10,1.0,1.0000;1.0000;0.6667;0.6667;0.6471,M2,M2,M2,1,M2:12,12,0,bend,hinder#1,1,1,16,1,0,16,1.0000:4/0/0/4;1.0000:15/1/0/15;0.6667:7/1/4/7;0.6667:8/0/4/8;0.6471:10/1/6/10
54,1,R_cb63a1ebfc31098d,19,R_cb63a1ebfc31098d@19,F_proj,8,lift,1,0,F,,,,,,17,0,0,14,35,17,17,1.0,0.0,0.0,1.1852777775365,0.2370555555073,0.0461121157323689,10,1.0,1.0000;1.0000;0.6667;0.6667;0.6471,M2,M2,M2,1,M2:13,13,0,lift,require#1,1,1,16,1,0,16,1.0000:3/1/0/3;1.0000:15/1/0/15;0.6667:7/1/4/7;0.6667:7/1/4/7;0.6471:10/1/6/10
55,1,R_7b6b1008b48c1115,6,R_7b6b1008b48c1115@6,F_proj,15,turn,1,1,F,,,,,,17,0,0,24,49,17,17,1.0,0.0,0.0,0.6446844814571885,0.10744741357619808,0.023978685612788632,10,1.0,1.0000;1.0000;1.0000;1.0000;0.5833,M1,M1,M1,1,M1:23,23,0,turn,avert#0,1,1,16,1,0,16,1.0000:4/0/0/4;1.0000:10/1/0/10;1.0000:7/0/0/7;1.0000:15/1/0/15;0.5833:7/0/5/7
57,1,R_7b6b1008b48c1115,6,R_7b6b1008b48c1115@6,F_proj,2,lift,1,0,F,,,,,,17,0,0,25,51,17,17,1.0,0.0,0.0,1.8285366717783427,0.36570733435566855,0.045454545454545456,10,1.0,1.0000;1.0000;1.0000;0.9091;0.5833,M1,M1,M1,1,M1:24,24,0,lift,require#1,1,1,16,1,0,16,1.0000:3/1/0/3;1.0000:6/1/0/6;1.0000:15/1/0/15;0.9091:10/0/1/10;0.5833:6/1/5/6
58,1,R_7b6b1008b48c1115,6,R_7b6b1008b48c1115@6,F_proj,7,break,1,0,F,,,,,,17,0,0,26,52,17,17,1.0,0.0,0.0,1.4242911572451196,0.23738185954085325,0.021940928270042195,10,1.0,1.0000;1.0000;1.0000;1.0000;0.5833,M1,M1,M1,1,M1:25,25,0,break,enable#0,1,1,16,1,0,16,1.0000:4/0/0/4;1.0000:11/0/0/11;1.0000:7/0/0/7;1.0000:15/1/0/15;0.5833:7/0/5/7
59,1,R_cb63a1ebfc31098d,19,R_cb63a1ebfc31098d@19,F_proj,4,drag,1,1,F,,,,,,17,0,0,16,40,17,17,1.0,0.0,0.0,0.7104860955267501,0.11841434925445835,0.02408637873754153,10,1.0,1.0000;1.0000;0.6667;0.6471;0.5833,M2,M2,M2,1,M2:15,15,0,drag,permit#1,1,1,16,1,0,16,1.0000:4/0/0/4;1.0000:15/1/0/15;0.6667:7/1/4/7;0.6471:10/1/6/10;0.5833:7/0/5/7
61,1,R_cb63a1ebfc31098d,19,R_cb63a1ebfc31098d@19,F_proj,4,drag,1,1,F,,,,,,17,0,0,17,42,17,17,1.0,0.0,0.0,2.4268921744557352,0.4044820290759559,0.024115755627009645,10,1.0,1.0000;1.0000;0.6667;0.6471;0.5833,M2,M2,M2,1,M2:16,16,0,drag,permit#1,1,1,16,1,0,16,1.0000:4/0/0/4;1.0000:15/1/0/15;0.6667:7/1/4/7;0.6471:10/1/6/10;0.5833:7/0/5/7
64,1,R_cb63a1ebfc31098d,19,R_cb63a1ebfc31098d@19,F_proj,4,drag,1,1,F,,,,,,17,0,0,19,45,17,17,1.0,0.0,0.0,3.162506715470093,0.5270844525783488,0.024427480916030534,10,1.0,1.0000;1.0000;0.6667;0.6471;0.5833,M2,M2,M2,1,M2:18,18,0,drag,permit#1,1,1,16,1,0,16,1.0000:4/0/0/4;1.0000:15/1/0/15;0.6667:7/1/4/7;0.6471:10/1/6/10;0.5833:7/0/5/7
65,1,R_7b6b1008b48c1115,6,R_7b6b1008b48c1115@6,F_proj,12,push,1,0,F,,,,,,17,0,0,29,59,17,17,1.0,0.0,0.0,0.7753949261144585,0.22975719252759472,0.048798798798798795,10,1.0,1.0000;1.0000;1.0000;0.7500;0.5833,M1,M1,M1,1,M1:28,28,0,push,cause#1,1,1,16,1,0,16,1.0000:10/1/0/10;1.0000:6/1/0/6;1.0000:15/1/0/15;0.7500:3/0/1/3;0.5833:6/1/5/6
67,1,R_cb63a1ebfc31098d,19,R_cb63a1ebfc31098d@19,F_proj,4,drag,1,0,F,,,,,,17,0,0,20,48,17,17,1.0,0.0,0.0,3.893257159692855,0.6488761932821424,0.02403495994173343,10,1.0,1.0000;1.0000;0.6667;0.6471;0.5833,M2,M2,M2,1,M2:19,19,0,drag,permit#1,1,1,16,1,0,16,1.0000:4/0/0/4;1.0000:15/1/0/15;0.6667:7/1/4/7;0.6471:10/1/6/10;0.5833:7/0/5/7
68,1,R_0e5d236bf5b42b15,20,R_0e5d236bf5b42b15@20,F_proj,1,hold,1,1,F,,,,,,17,0,0,4,48,17,17,1.0,0.0,0.0,0.8284988481768043,0.16569976963536087,0.03012912482065997,10,1.0,1.0000;1.0000;1.0000;0.8824;0.8750,M2,M2,M2,1,M2:3,3,0,hold,cause#0,1,1,16,1,0,16,1.0000:6/1/0/6;1.0000:11/1/0/11;1.0000:11/1/0/11;0.8824:14/1/2/14;0.8750:13/1/2/13
72,1,R_cb63a1ebfc31098d,19,R_cb63a1ebfc31098d@19,F_proj,8,lift,1,0,F,,,,,,17,0,0,22,53,17,17,1.0,0.0,0.0,0.8562106614282159,0.17124213228564317,0.045300878972278566,10,1.0,1.0000;1.0000;0.6667;0.6667;0.6471,M2,M2,M2,1,M2:21,21,0,lift,require#1,1,1,16,1,0,16,1.0000:3/1/0/3;1.0000:15/1/0/15;0.6667:7/1/4/7;0.6667:7/1/4/7;0.6471:10/1/6/10
73,1,R_7b6b1008b48c1115,6,R_7b6b1008b48c1115@6,F_proj,15,turn,1,0,F,,,,,,17,0,0,33,67,17,17,1.0,0.0,0.0,1.0988184074678446,0.18313640124464076,0.02401601067378252,10,1.0,1.0000;1.0000;1.0000;1.0000;0.5833,M1,M1,M1,1,M1:32,32,0,turn,avert#0,1,1,16,1,0,16,1.0000:4/0/0/4;1.0000:10/1/0/10;1.0000:7/0/0/7;1.0000:15/1/0/15;0.5833:7/0/5/7
78,1,R_0e5d236bf5b42b15,20,R_0e5d236bf5b42b15@20,F_proj,2,bend,1,1,F,,,,,,17,0,0,5,58,17,17,1.0,0.0,0.0,0.8795955974801546,0.14659926624669245,0.022485946283572766,10,1.0,1.0000;1.0000;1.0000;0.7500;0.6471,M2,M2,M2,1,M2:4,4,0,bend,hinder#1,1,1,16,1,0,16,1.0000:7/0/0/7;1.0000:11/1/0/11;1.0000:12/0/0/12;0.7500:3/0/1/3;0.6471:10/1/6/10
79,1,R_7b6b1008b48c1115,6,R_7b6b1008b48c1115@6,F_proj,2,lift,1,1,F,,,,,,17,0,0,37,73,17,17,1.0,0.0,0.0,1.2996322476585327,0.2599264495317065,0.04503392967304133,10,1.0,1.0000;1.0000;1.0000;0.9091;0.5833,M1,M1,M1,1,M1:35;M2:1,36,1,lift,require#1,1,1,16,1,0,16,1.0000:3/1/0/3;1.0000:6/1/0/6;1.0000:15/1/0/15;0.9091:10/0/1/10;0.5833:6/1/5/6
80,1,R_cb63a1ebfc31098d,19,R_cb63a1ebfc31098d@19,F_proj,4,drag,1,1,F,,,,,,17,0,0,25,61,17,17,1.0,0.0,0.0,2.211465461192174,0.36857757686536224,0.023751522533495738,10,1.0,1.0000;1.0000;0.6667;0.6471;0.5833,M2,M2,M2,1,M2:24,24,0,drag,permit#1,1,1,16,1,0,16,1.0000:4/0/0/4;1.0000:15/1/0/15;0.6667:7/1/4/7;0.6471:10/1/6/10;0.5833:7/0/5/7
81,1,R_7b6b1008b48c1115,6,R_7b6b1008b48c1115@6,F_proj,12,push,1,1,F,,,,,,17,0,0,38,75,17,17,1.0,0.0,0.0,0.668342654994593,0.19170638776165191,0.04810583283223091,10,1.0,1.0000;1.0000;1.0000;0.7500;0.5833,M1,M1,M1,1,M1:36;M2:1,37,1,push,cause#1,1,1,16,1,0,16,1.0000:10/1/0/10;1.0000:6/1/0/6;1.0000:15/1/0/15;0.7500:3/0/1/3;0.5833:6/1/5/6
82,1,R_7b6b1008b48c1115,6,R_7b6b1008b48c1115@6,F_proj,2,lift,1,1,F,,,,,,17,0,0,39,76,17,17,1.0,0.0,0.0,2.4332294947338218,0.4866458989467643,0.04513064133016627,10,1.0,1.0000;1.0000;1.0000;0.9091;0.5833,M1,M1,M1,1,M1:37;M2:1,38,1,lift,require#1,1,1,16,1,0,16,1.0000:3/1/0/3;1.0000:6/1/0/6;1.0000:15/1/0/15;0.9091:10/0/1/10;0.5833:6/1/5/6
84,1,R_cb63a1ebfc31098d,19,R_cb63a1ebfc31098d@19,F_proj,8,lift,1,0,F,,,,,,17,0,0,27,65,17,17,1.0,0.0,0.0,0.7462785091642804,0.14925570183285608,0.0451650260567458,10,1.0,1.0000;1.0000;0.6667;0.6667;0.6471,M2,M2,M2,1,M2:26,26,0,lift,require#1,1,1,16,1,0,16,1.0000:3/1/0/3;1.0000:15/1/0/15;0.6667:7/1/4/7;0.6667:7/1/4/7;0.6471:10/1/6/10
86,1,R_7b6b1008b48c1115,6,R_7b6b1008b48c1115@6,F_proj,7,break,1,1,F,,,,,,17,0,0,41,80,17,17,1.0,0.0,0.0,0.8693507415968232,0.14489179026613722,0.022058823529411766,10,1.0,1.0000;1.0000;1.0000;1.0000;0.5833,M1,M1,M1,1,M1:39;M2:1,40,1,break,enable#0,1,1,16,1,0,16,1.0000:4/0/0/4;1.0000:11/0/0/11;1.0000:7/0/0/7;1.0000:15/1/0/15;0.5833:7/0/5/7
87,1,R_0e5d236bf5b42b15,20,R_0e5d236bf5b42b15@20,F_proj,1,hold,1,0,F,,,,,,17,0,0,5,67,17,17,1.0,0.0,0.0,1.2259512937392463,0.22717498478009454,0.029082774049217,10,1.0,1.0000;1.0000;1.0000;0.8824;0.8750,M2,M2,M2,1,M2:4,4,0,hold,cause#0,1,1,16,1,0,16,1.0000:6/1/0/6;1.0000:11/1/0/11;1.0000:11/1/0/11;0.8824:14/1/2/14;0.8750:13/1/2/13
88,1,R_7b6b1008b48c1115,6,R_7b6b1008b48c1115@6,F_proj,10,cut,1,1,F,,,,,,17,0,0,42,82,17,17,1.0,0.0,0.0,1.1295689237293058,0.18826148728821765,0.023230088495575223,10,1.0,1.0000;1.0000;1.0000;1.0000;0.5833,M1,M1,M1,1,M1:40;M2:1,41,1,cut,enable#1,1,1,16,1,0,16,1.0000:4/0/0/4;1.0000:10/1/0/10;1.0000:7/0/0/7;1.0000:15/1/0/15;0.5833:7/0/5/7
91,1,R_cb63a1ebfc31098d,19,R_cb63a1ebfc31098d@19,F_proj,5,lock,1,1,F,,,,,,17,0,0,30,72,17,17,1.0,0.0,0.0,0.7968990430469668,0.13281650717449447,0.023019271948608137,11,1.0,1.0000;1.0000;0.6667;0.6471;0.5833,M2,M2,M2,1,M2:29,29,0,lock,hinder#0,1,1,16,1,0,16,1.0000:4/0/0/4;1.0000:15/1/0/15;0.6667:7/1/4/7;0.6471:10/1/6/10;0.5833:7/0/5/7
94,1,R_7b6b1008b48c1115,6,R_7b6b1008b48c1115@6,F_proj,7,break,1,0,F,,,,,,17,0,0,44,88,17,17,1.0,0.0,0.0,1.6560344626240175,0.2760057437706696,0.022268254790264112,11,1.0,1.0000;1.0000;1.0000;1.0000;0.6364,M1,M1,M1,1,M1:42;M2:1,43,1,break,enable#0,1,1,16,1,0,16,1.0000:4/0/0/4;1.0000:11/0/0/11;1.0000:7/0/0/7;1.0000:15/1/0/15;0.6364:6/1/4/6
95,1,R_cb63a1ebfc31098d,19,R_cb63a1ebfc31098d@19,F_proj,0,hold_b,1,0,F,,,,,,17,0,0,32,76,17,17,1.0,0.0,0.0,0.8962213992508463,0.13542216031062113,0.018974358974358976,11,1.0,1.0000;1.0000;1.0000;0.9167;0.9167,M2,M2,M2,1,M2:31,31,0,hold_b,cause#0,1,0,16,1,0,16,1.0000:4/0/0/4;1.0000:6/1/0/6;1.0000:15/1/0/15;0.9167:10/1/1/10;0.9167:10/1/1/10
98,1,R_cb63a1ebfc31098d,19,R_cb63a1ebfc31098d@19,F_proj,14,push,1,0,F,,,,,,17,0,0,34,79,17,17,1.0,0.0,0.0,0.40954175952465616,0.08190835190493123,0.047666335650446874,11,1.0,1.0000;0.7500;0.5882;0.5833;0.5833,M2,M2,M2,1,M2:33,33,0,push,cause#1,1,1,16,1,0,16,1.0000:15/1/0/15;0.7500:3/0/1/3;0.5882:10/0/7/10;0.5833:7/0/5/7;0.5833:7/0/5/7
99,1,R_78cc438d85d180b8,90,R_78cc438d85d180b8@90,F_proj,7,cut,1,1,F,,,,,,11,0,0,1,9,11,11,1.0,0.0,0.0,1.4352547116840964,0.23920911861401606,0.023118544023610427,11,0.75,0.7500;0.7273;0.6471;0.6250;0.5714,M1,M1,M1,1,,0,0,cut,enable#1,1,1,10,1,0,10,0.7500:3/0/1/3;0.7273:7/1/3/7;0.6471:10/1/6/10;0.6250:9/1/6/9;0.5714:4/0/3/4
100,1,R_7b6b1008b48c1115,6,R_7b6b1008b48c1115@6,F_proj,15,turn,1,0,F,,,,,,17,0,0,46,94,17,17,1.0,0.0,0.0,0.7881594986675107,0.1313599164445851,0.023346303501945526,11,1.0,1.0000;1.0000;1.0000;1.0000;0.6364,M1,M1,M1,1,M1:44;M2:1,45,1,turn,avert#0,1,1,16,1,0,16,1.0000:4/0/0/4;1.0000:10/1/0/10;1.0000:7/0/0/7;1.0000:15/1/0/15;0.6364:7/0/4/7
101,1,R_cb63a1ebfc31098d,19,R_cb63a1ebfc31098d@19,F_proj,4,drag,1,0,F,,,,,,17,0,0,36,82,17,17,1.0,0.0,0.0,2.0867829415277233,0.3477971569212872,0.023591718825228696,11,1.0,1.0000;1.0000;0.6667;0.6471;0.5833,M2,M2,M2,1,M1:1;M2:34,35,1,drag,permit#1,1,1,16,1,0,16,1.0000:4/0/0/4;1.0000:15/1/0/15;0.6667:7/1/4/7;0.6471:10/1/6/10;0.5833:7/0/5/7
102,1,R_7b6b1008b48c1115,6,R_7b6b1008b48c1115@6,F_proj,14,hold,1,0,F,,,,,,17,0,0,47,96,17,17,1.0,0.0,0.0,0.3692874992336842,0.07385749984673684,0.027645376549094377,11,1.0,1.0000;1.0000;1.0000;1.0000;0.9091,M1,M1,M1,1,M1:45;M2:1,46,1,hold,cause#0,1,1,16,1,0,16,1.0000:4/0/0/4;1.0000:10/1/0/10;1.0000:6/1/0/6;1.0000:15/1/0/15;0.9091:9/1/1/9
104,1,R_cb63a1ebfc31098d,19,R_cb63a1ebfc31098d@19,F_proj,1,bend,1,0,F,,,,,,17,0,0,38,85,17,17,1.0,0.0,0.0,0.4717837832749454,0.07863063054582424,0.022918615528531337,11,1.0,1.0000;1.0000;0.6667;0.6667;0.6471,M2,M2,M2,1,M1:1;M2:36,37,1,bend,hinder#1,1,1,16,1,0,16,1.0000:4/0/0/4;1.0000:15/1/0/15;0.6667:7/1/4/7;0.6667:8/0/4/8;0.6471:10/1/6/10
106,1,R_cb63a1ebfc31098d,19,R_cb63a1ebfc31098d@19,F_proj,8,lift,1,0,F,,,,,,17,0,0,39,87,17,17,1.0,0.0,0.0,0.6189895084292549,0.12379790168585098,0.045454545454545456,12,1.0,1.0000;1.0000;0.6667;0.6667;0.6471,M2,M2,M2,1,M1:1;M2:37,38,1,lift,require#1,1,1,16,1,0,16,1.0000:3/1/0/3;1.0000:15/1/0/15;0.6667:7/1/4/7;0.6667:7/1/4/7;0.6471:10/1/6/10
107,1,R_7b6b1008b48c1115,6,R_7b6b1008b48c1115@6,F_proj,7,break,1,0,F,,,,,,17,0,0,48,101,17,17,1.0,0.0,0.0,1.238212547113487,0.20636875785224784,0.021828103683492497,12,1.0,1.0000;1.0000;1.0000;1.0000;0.6667,M1,M1,M1,1,M1:46;M2:1,47,1,break,enable#0,1,1,16,1,0,16,1.0000:4/0/0/4;1.0000:11/0/0/11;1.0000:7/0/0/7;1.0000:15/1/0/15;0.6667:7/1/4/7
108,1,R_cb63a1ebfc31098d,19,R_cb63a1ebfc31098d@19,F_proj,5,lock,1,0,F,,,,,,17,0,0,40,89,17,17,1.0,0.0,0.0,1.2778549758005981,0.2129758293000997,0.023433979269941414,12,1.0,1.0000;1.0000;0.6667;0.6471;0.5833,M2,M2,M2,1,M1:1;M2:38,39,1,lock,hinder#0,1,1,16,1,0,16,1.0000:4/0/0/4;1.0000:15/1/0/15;0.6667:7/1/4/7;0.6471:10/1/6/10;0.5833:7/0/5/7
109,1,R_7b6b1008b48c1115,6,R_7b6b1008b48c1115@6,F_proj,10,cut,1,1,F,,,,,,17,0,0,49,103,17,17,1.0,0.0,0.0,1.464171695780568,0.24402861596342798,0.023214285714285715,12,1.0,1.0000;1.0000;1.0000;1.0000;0.6667,M1,M1,M1,1,M1:47;M2:1,48,1,cut,enable#1,1,1,16,1,0,16,1.0000:4/0/0/4;1.0000:10/1/0/10;1.0000:7/0/0/7;1.0000:15/1/0/15;0.6667:7/1/4/7
111,1,R_cb63a1ebfc31098d,19,R_cb63a1ebfc31098d@19,F_proj,14,push,1,0,F,,,,,,17,0,0,41,92,17,17,1.0,0.0,0.0,0.37606744785110896,0.0752134895702218,0.04732690622261174,13,1.0,1.0000;0.7500;0.5882;0.5833;0.5833,M2,M2,M2,1,M1:1;M2:39,40,1,push,cause#1,1,1,16,1,0,16,1.0000:15/1/0/15;0.7500:3/0/1/3;0.5882:10/0/7/10;0.5833:7/0/5/7;0.5833:7/0/5/7
113,1,R_5ccd1331eec89856,110,R_5ccd1331eec89856@110,F_proj,1,hold_b,1,0,F,,,,,,16,0,0,1,3,16,16,1.0,0.0,0.0,2.2608958546372233,0.37681597577287057,0.020662935858803272,13,1.0,1.0000;1.0000;1.0000;0.9091;0.8824,M1,M1,M1,1,,0,0,hold_b,cause#0,1,0,15,1,0,15,1.0000:6/1/0/6;1.0000:10/1/0/10;1.0000:11/1/0/11;0.9091:9/1/1/9;0.8824:14/1/2/14
114,1,R_cb63a1ebfc31098d,19,R_cb63a1ebfc31098d@19,F_proj,14,push,1,1,F,,,,,,17,0,0,43,95,17,17,1.0,0.0,0.0,0.36932165911153375,0.07386433182230674,0.046948356807511735,13,1.0,1.0000;0.7500;0.5882;0.5833;0.5833,M2,M2,M2,1,M1:1;M2:41,42,1,push,cause#1,1,1,16,1,0,16,1.0000:15/1/0/15;0.7500:3/0/1/3;0.5882:10/0/7/10;0.5833:7/0/5/7;0.5833:7/0/5/7
116,1,R_cb63a1ebfc31098d,19,R_cb63a1ebfc31098d@19,F_proj,5,lock,1,1,F,,,,,,17,0,0,44,97,17,17,1.0,0.0,0.0,1.1369983544166127,0.1894997257361021,0.02307046979865772,13,1.0,1.0000;1.0000;0.6667;0.6471;0.5833,M2,M2,M2,1,M1:1;M2:42,43,1,lock,hinder#0,1,1,16,1,0,16,1.0000:4/0/0/4;1.0000:15/1/0/15;0.6667:7/1/4/7;0.6471:10/1/6/10;0.5833:7/0/5/7
117,1,R_7b6b1008b48c1115,6,R_7b6b1008b48c1115@6,F_proj,15,turn,1,1,F,,,,,,17,0,0,50,111,17,17,1.0,0.0,0.0,0.6922368221507398,0.11537280369178995,0.022462562396006656,13,1.0,1.0000;1.0000;1.0000;1.0000;0.6667,M1,M1,M1,1,M1:48;M2:1,49,1,turn,avert#0,1,1,16,1,0,16,1.0000:4/0/0/4;1.0000:10/1/0/10;1.0000:7/0/0/7;1.0000:15/1/0/15;0.6667:8/0/4/8
118,1,R_7b6b1008b48c1115,6,R_7b6b1008b48c1115@6,F_proj,15,turn,1,1,F,,,,,,17,0,0,51,112,17,17,1.0,0.0,0.0,3.1503272123298345,0.5250545353883057,0.02268041237113402,13,1.0,1.0000;1.0000;1.0000;1.0000;0.6667,M1,M1,M1,1,M1:49;M2:1,50,1,turn,avert#0,1,1,16,1,0,16,1.0000:4/0/0/4;1.0000:10/1/0/10;1.0000:7/0/0/7;1.0000:15/1/0/15;0.6667:8/0/4/8
119,1,R_cb63a1ebfc31098d,19,R_cb63a1ebfc31098d@19,F_proj,5,lock,1,1,F,,,,,,17,0,0,45,100,17,17,1.0,0.0,0.0,2.5077676971790956,0.4179612828631826,0.022894521668029435,13,1.0,1.0000;1.0000;0.6667;0.6471;0.5833,M2,M2,M2,1,M1:1;M2:43,44,1,lock,hinder#0,1,1,16,1,0,16,1.0000:4/0/0/4;1.0000:15/1/0/15;0.6667:7/1/4/7;0.6471:10/1/6/10;0.5833:7/0/5/7
121,1,R_5ccd1331eec89856,110,R_5ccd1331eec89856@110,F_proj,1,hold_b,1,1,F,,,,,,16,0,0,3,11,16,16,1.0,0.0,0.0,1.3125687317192165,0.2187614552865361,0.02130225080385852,13,1.0,1.0000;1.0000;1.0000;0.9091;0.8824,M1,M1,M1,1,M1:2,2,0,hold_b,cause#0,1,0,15,1,0,15,1.0000:6/1/0/6;1.0000:10/1/0/10;1.0000:11/1/0/11;0.9091:9/1/1/9;0.8824:14/1/2/14
122,1,R_7b6b1008b48c1115,6,R_7b6b1008b48c1115@6,F_proj,10,cut,1,1,F,,,,,,17,0,0,52,116,17,17,1.0,0.0,0.0,1.9309449956635505,0.32182416594392504,0.02350597609561753,13,1.0,1.0000;1.0000;1.0000;1.0000;0.6667,M1,M1,M1,1,M1:50;M2:1,51,1,cut,enable#1,1,1,16,1,0,16,1.0000:4/0/0/4;1.0000:10/1/0/10;1.0000:7/0/0/7;1.0000:15/1/0/15;0.6667:7/1/4/7
124,1,R_7b6b1008b48c1115,6,R_7b6b1008b48c1115@6,F_proj,14,hold,1,1,F,,,,,,17,0,0,53,118,17,17,1.0,0.0,0.0,0.32795186698903034,0.06559037339780607,0.02466718872357087,13,1.0,1.0000;1.0000;1.0000;1.0000;0.9167,M1,M1,M1,1,M1:51;M2:1,52,1,hold,cause#0,1,1,16,1,0,16,1.0000:4/0/0/4;1.0000:10/1/0/10;1.0000:6/1/0/6;1.0000:15/1/0/15;0.9167:10/1/1/10
125,1,R_cb63a1ebfc31098d,19,R_cb63a1ebfc31098d@19,F_proj,15,pull,1,1,F,,,,,,17,0,0,48,106,17,17,1.0,0.0,0.0,0.4164670480826161,0.06941117468043602,0.023680124223602484,13,1.0,1.0000;1.0000;0.6667;0.6667;0.6471,M2,M2,M2,1,M1:1;M2:46,47,1,pull,permit#0,1,1,16,1,0,16,1.0000:4/0/0/4;1.0000:15/1/0/15;0.6667:8/0/4/8;0.6667:7/1/4/7;0.6471:10/1/6/10
128,1,R_cb63a1ebfc31098d,19,R_cb63a1ebfc31098d@19,F_proj,8,lift,1,0,F,,,,,,17,0,0,50,109,17,17,1.0,0.0,0.0,0.5374765538467339,0.10749531076934678,0.045454545454545456,13,1.0,1.0000;1.0000;0.6667;0.6667;0.6471,M2,M2,M2,1,M1:1;M2:48,49,1,lift,require#1,1,1,16,1,0,16,1.0000:3/1/0/3;1.0000:15/1/0/15;0.6667:7/1/4/7;0.6667:7/1/4/7;0.6471:10/1/6/10
129,1,R_7b6b1008b48c1115,6,R_7b6b1008b48c1115@6,F_proj,10,cut,1,0,F,,,,,,17,0,0,55,123,17,17,1.0,0.0,0.0,2.6352532790626784,0.4392088798437797,0.02330827067669173,13,1.0,1.0000;1.0000;1.0000;1.0000;0.6667,M1,M1,M1,1,M1:53;M2:1,54,1,cut,enable#1,1,1,16,1,0,16,1.0000:4/0/0/4;1.0000:10/1/0/10;1.0000:7/0/0/7;1.0000:15/1/0/15;0.6667:7/1/4/7
130,1,R_5ccd1331eec89856,110,R_5ccd1331eec89856@110,F_proj,1,hold_b,1,1,F,,,,,,16,0,0,4,20,16,16,1.0,0.0,0.0,1.7930798512096546,0.29884664186827575,0.0216337187616561,13,1.0,1.0000;1.0000;1.0000;0.9091;0.8824,M1,M1,M1,1,M1:3,3,0,hold_b,cause#0,1,0,15,1,0,15,1.0000:6/1/0/6;1.0000:10/1/0/10;1.0000:11/1/0/11;0.9091:9/1/1/9;0.8824:14/1/2/14
131,1,R_cb63a1ebfc31098d,19,R_cb63a1ebfc31098d@19,F_proj,14,push,1,0,F,,,,,,17,0,0,51,112,17,17,1.0,0.0,0.0,0.3363017860924132,0.1628021700816741,0.04701962236208811,13,1.0,1.0000;0.7500;0.5882;0.5833;0.5833,M2,M2,M2,1,M1:1;M2:49,50,1,push,cause#1,1,1,16,1,0,16,1.0000:15/1/0/15;0.7500:3/0/1/3;0.5882:10/0/7/10;0.5833:7/0/5/7;0.5833:7/0/5/7
132,1,R_7b6b1008b48c1115,6,R_7b6b1008b48c1115@6,F_proj,15,turn,1,1,F,,,,,,17,0,0,57,126,17,17,1.0,0.0,0.0,1.8782047089214027,0.31303411815356713,0.022794117647058822,13,1.0,1.0000;1.0000;1.0000;1.0000;0.6667,M1,M1,M1,1,M1:55;M2:1,56,1,turn,avert#0,1,1,16,1,0,16,1.0000:4/0/0/4;1.0000:10/1/0/10;1.0000:7/0/0/7;1.0000:15/1/0/15;0.6667:8/0/4/8
134,1,R_7b6b1008b48c1115,6,R_7b6b1008b48c1115@6,F_proj,14,hold,1,1,F,,,,,,17,0,0,58,128,17,17,1.0,0.0,0.0,1.070227629223307,0.1887973536797518,0.02426657008330315,13,1.0,1.0000;1.0000;1.0000;1.0000;0.9167,M1,M1,M1,1,M1:56;M2:1,57,1,hold,cause#0,1,1,16,1,0,16,1.0000:4/0/0/4;1.0000:10/1/0/10;1.0000:6/1/0/6;1.0000:15/1/0/15;0.9167:10/1/1/10
142,1,R_cb63a1ebfc31098d,19,R_cb63a1ebfc31098d@19,F_proj,4,drag,1,0,F,,,,,,17,0,0,58,123,17,17,1.0,0.0,0.0,1.4033031864629728,0.23388386441049547,0.02354145342886387,14,1.0,1.0000;1.0000;0.6667;0.6471;0.5833,M2,M2,M2,1,M1:2;M2:55,57,2,drag,permit#1,1,1,16,1,0,16,1.0000:4/0/0/4;1.0000:15/1/0/15;0.6667:7/1/4/7;0.6471:10/1/6/10;0.5833:7/0/5/7
143,1,R_7b6b1008b48c1115,6,R_7b6b1008b48c1115@6,F_proj,10,cut,1,1,F,,,,,,17,0,0,60,137,17,17,1.0,0.0,0.0,1.9927351387757484,0.3321225231292914,0.023035230352303523,14,1.0,1.0000;1.0000;1.0000;1.0000;0.6667,M1,M1,M1,1,M1:58;M2:1,59,1,cut,enable#1,1,1,16,1,0,16,1.0000:4/0/0/4;1.0000:10/1/0/10;1.0000:7/0/0/7;1.0000:15/1/0/15;0.6667:7/1/4/7
144,1,R_7b6b1008b48c1115,6,R_7b6b1008b48c1115@6,F_proj,7,break,1,1,F,,,,,,17,0,0,61,138,17,17,1.0,0.0,0.0,0.8779930217227806,0.1463321702871301,0.022199798183652877,14,1.0,1.0000;1.0000;1.0000;1.0000;0.6667,M1,M1,M1,1,M1:59;M2:1,60,1,break,enable#0,1,1,16,1,0,16,1.0000:4/0/0/4;1.0000:11/0/0/11;1.0000:7/0/0/7;1.0000:15/1/0/15;0.6667:7/1/4/7
145,1,R_cb63a1ebfc31098d,19,R_cb63a1ebfc31098d@19,F_proj,1,bend,1,1,F,,,,,,17,0,0,59,126,17,17,1.0,0.0,0.0,0.37708265717781064,0.06284710952963511,0.02270450751252087,14,1.0,1.0000;1.0000;0.6667;0.6667;0.6471,M2,M2,M2,1,M1:2;M2:56,58,2,bend,hinder#1,1,1,16,1,0,16,1.0000:4/0/0/4;1.0000:15/1/0/15;0.6667:7/1/4/7;0.6667:8/0/4/8;0.6471:10/1/6/10
148,1,R_cb63a1ebfc31098d,19,R_cb63a1ebfc31098d@19,F_proj,8,lift,1,1,F,,,,,,17,0,0,61,129,17,17,1.0,0.0,0.0,0.4839577027697977,0.09679154055395954,0.045499181669394435,14,1.0,1.0000;1.0000;0.6667;0.6667;0.6471,M2,M2,M2,1,M1:2;M2:58,60,2,lift,require#1,1,1,16,1,0,16,1.0000:3/1/0/3;1.0000:15/1/0/15;0.6667:7/1/4/7;0.6667:7/1/4/7;0.6471:10/1/6/10
150,1,R_cb63a1ebfc31098d,19,R_cb63a1ebfc31098d@19,F_proj,8,lift,1,1,F,,,,,,17,0,0,62,131,17,17,1.0,0.0,0.0,1.924755634146383,0.38495112682927657,0.045527930255085565,14,1.0,1.0000;1.0000;0.6667;0.6667;0.6471,M2,M2,M2,1,M1:2;M2:59,61,2,lift,require#1,1,1,16,1,0,16,1.0000:3/1/0/3;1.0000:15/1/0/15;0.6667:7/1/4/7;0.6667:7/1/4/7;0.6471:10/1/6/10
151,1,R_7b6b1008b48c1115,6,R_7b6b1008b48c1115@6,F_proj,10,cut,1,0,F,,,,,,17,0,0,64,145,17,17,1.0,0.0,0.0,2.6677200945156647,0.44462001575261084,0.023099133782483156,14,1.0,1.0000;1.0000;1.0000;1.0000;0.6667,M1,M1,M1,1,M1:62;M2:1,63,1,cut,enable#1,1,1,16,1,0,16,1.0000:4/0/0/4;1.0000:10/1/0/10;1.0000:7/0/0/7;1.0000:15/1/0/15;0.6667:7/1/4/7
152,1,R_cb63a1ebfc31098d,19,R_cb63a1ebfc31098d@19,F_proj,4,drag,1,0,F,,,,,,17,0,0,63,133,17,17,1.0,0.0,0.0,1.316098441663966,0.21934974027732768,0.02327064073956009,14,1.0,1.0000;1.0000;0.6667;0.6471;0.5833,M2,M2,M2,1,M1:2;M2:60,62,2,drag,permit#1,1,1,16,1,0,16,1.0000:4/0/0/4;1.0000:15/1/0/15;0.6667:7/1/4/7;0.6471:10/1/6/10;0.5833:7/0/5/7
153,1,R_7b6b1008b48c1115,6,R_7b6b1008b48c1115@6,F_proj,2,lift,1,0,F,,,,,,17,0,0,65,147,17,17,1.0,0.0,0.0,1.216716131223616,0.24334322624472324,0.045627376425855515,14,1.0,1.0000;1.0000;1.0000;0.9091;0.6667,M1,M1,M1,1,M1:63;M2:1,64,1,lift,require#1,1,1,16,1,0,16,1.0000:3/1/0/3;1.0000:6/1/0/6;1.0000:15/1/0/15;0.9091:10/0/1/10;0.6667:7/1/4/7
158,1,R_8b0d2a6b7293001d,140,R_8b0d2a6b7293001d@140,F_proj,2,lift,1,1,F,,,,,,17,0,0,1,18,17,17,1.0,0.0,0.0,0.9138577251169717,0.18277154502339438,0.04539877300613497,14,1.0,1.0000;1.0000;1.0000;0.7500;0.6471,M1,M1,M1,1,,0,0,lift,require#1,1,1,16,1,0,16,1.0000:10/1/0/10;1.0000:11/1/0/11;1.0000:15/1/0/15;0.7500:2/1/1/2;0.6471:10/1/6/10
159,1,R_cb63a1ebfc31098d,19,R_cb63a1ebfc31098d@19,F_proj,4,drag,1,1,F,,,,,,17,0,0,66,140,17,17,1.0,0.0,0.0,1.2632324446818042,0.2105387407803007,0.022865853658536585,14,1.0,1.0000;1.0000;0.6667;0.6471;0.5833,M2,M2,M2,1,M1:2;M2:63,65,2,drag,permit#1,1,1,16,1,0,16,1.0000:4/0/0/4;1.0000:15/1/0/15;0.6667:7/1/4/7;0.6471:10/1/6/10;0.5833:7/0/5/7
162,1,R_cb63a1ebfc31098d,19,R_cb63a1ebfc31098d@19,F_proj,14,push,1,1,F,,,,,,17,0,0,68,143,17,17,1.0,0.0,0.0,0.29188938903509404,0.11301704979503174,0.04693572496263079,14,1.0,1.0000;0.7500;0.5882;0.5833;0.5833,M2,M2,M2,1,M1:2;M2:65,67,2,push,cause#1,1,1,16,1,0,16,1.0000:15/1/0/15;0.7500:3/0/1/3;0.5882:10/0/7/10;0.5833:7/0/5/7;0.5833:7/0/5/7
166,1,R_0e5d236bf5b42b15,20,R_0e5d236bf5b42b15@20,F_proj,6,drag,1,1,F,,,,,,17,0,0,5,146,17,17,1.0,0.0,0.0,0.3433353282012494,0.057222554700208234,0.023032069970845483,14,1.0,1.0000;1.0000;0.9167;0.7500;0.6471,M2,M2,M2,1,M2:4,4,0,drag,permit#1,1,1,16,1,0,16,1.0000:7/0/0/7;1.0000:11/1/0/11;0.9167:11/0/1/11;0.7500:3/0/1/3;0.6471:10/1/6/10
168,1,R_cb63a1ebfc31098d,19,R_cb63a1ebfc31098d@19,F_proj,4,drag,1,1,F,,,,,,17,0,0,70,149,17,17,1.0,0.0,0.0,2.0032395941790737,0.3338732656965122,0.023054755043227664,14,1.0,1.0000;1.0000;0.6667;0.6471;0.5833,M2,M2,M2,1,M1:2;M2:67,69,2,drag,permit#1,1,1,16,1,0,16,1.0000:4/0/0/4;1.0000:15/1/0/15;0.6667:7/1/4/7;0.6471:10/1/6/10;0.5833:7/0/5/7
169,1,R_7b6b1008b48c1115,6,R_7b6b1008b48c1115@6,F_proj,12,push,1,1,F,,,,,,17,0,0,72,163,17,17,1.0,0.0,0.0,0.4156246462408333,0.1529784213214673,0.04697794328272701,14,1.0,1.0000;1.0000;1.0000;0.7500;0.6364,M1,M1,M1,1,M1:70;M2:1,71,1,push,cause#1,1,1,16,1,0,16,1.0000:10/1/0/10;1.0000:6/1/0/6;1.0000:15/1/0/15;0.7500:3/0/1/3;0.6364:7/0/4/7
170,1,R_cb63a1ebfc31098d,19,R_cb63a1ebfc31098d@19,F_proj,0,hold_b,1,1,F,,,,,,17,0,0,71,151,17,17,1.0,0.0,0.0,0.5838696147723855,0.08788846323727259,0.02307035032754201,14,1.0,1.0000;1.0000;1.0000;0.9167;0.9167,M2,M2,M2,1,M1:2;M2:68,70,2,hold_b,cause#0,1,0,16,1,0,16,1.0000:4/0/0/4;1.0000:6/1/0/6;1.0000:15/1/0/15;0.9167:10/1/1/10;0.9167:10/1/1/10
171,1,R_7b6b1008b48c1115,6,R_7b6b1008b48c1115@6,F_proj,10,cut,1,0,F,,,,,,17,0,0,73,165,17,17,1.0,0.0,0.0,1.978227303182581,0.3297045505304302,0.022926691197282762,14,1.0,1.0000;1.0000;1.0000;1.0000;0.6667,M1,M1,M1,1,M1:71;M2:1,72,1,cut,enable#1,1,1,16,1,0,16,1.0000:4/0/0/4;1.0000:10/1/0/10;1.0000:7/0/0/7;1.0000:15/1/0/15;0.6667:7/1/4/7
174,1,R_cb63a1ebfc31098d,19,R_cb63a1ebfc31098d@19,F_proj,1,bend,1,0,F,,,,,,17,0,0,73,155,17,17,1.0,0.0,0.0,0.7652242841866393,0.12753738069777323,0.023100473142220985,14,1.0,1.0000;1.0000;0.6667;0.6667;0.6471,M2,M2,M2,1,M1:2;M2:70,72,2,bend,hinder#1,1,1,16,1,0,16,1.0000:4/0/0/4;1.0000:15/1/0/15;0.6667:7/1/4/7;0.6667:8/0/4/8;0.6471:10/1/6/10
176,1,R_8b0d2a6b7293001d,140,R_8b0d2a6b7293001d@140,F_proj,2,lift,1,0,F,,,,,,17,0,0,2,36,17,17,1.0,0.0,0.0,1.0981402628675614,0.21962805257351228,0.045704845814977975,14,1.0,1.0000;1.0000;1.0000;0.7500;0.6471,M1,M1,M1,1,M1:1,1,0,lift,require#1,1,1,16,1,0,16,1.0000:10/1/0/10;1.0000:11/1/0/11;1.0000:15/1/0/15;0.7500:2/1/1/2;0.6471:10/1/6/10
177,1,R_cb63a1ebfc31098d,19,R_cb63a1ebfc31098d@19,F_proj,15,pull,1,0,F,,,,,,17,0,0,75,158,17,17,1.0,0.0,0.0,0.6439553982768589,0.1073258997128098,0.023816041609635914,14,1.0,1.0000;1.0000;0.6667;0.6667;0.6471,M2,M2,M2,1,M1:3;M2:71,74,3,pull,permit#0,1,1,16,1,0,16,1.0000:4/0/0/4;1.0000:15/1/0/15;0.6667:8/0/4/8;0.6667:7/1/4/7;0.6471:10/1/6/10
179,1,R_0e5d236bf5b42b15,20,R_0e5d236bf5b42b15@20,F_proj,2,bend,1,1,F,,,,,,17,0,0,6,159,17,17,1.0,0.0,0.0,0.7104787269124372,0.11841312115207286,0.02273957769355712,14,1.0,1.0000;1.0000;1.0000;0.7500;0.6471,M2,M2,M2,1,M2:5,5,0,bend,hinder#1,1,1,16,1,0,16,1.0000:7/0/0/7;1.0000:11/1/0/11;1.0000:12/0/0/12;0.7500:3/0/1/3;0.6471:10/1/6/10
180,1,R_cb63a1ebfc31098d,19,R_cb63a1ebfc31098d@19,F_proj,0,hold_b,1,0,F,,,,,,17,0,0,76,161,17,17,1.0,0.0,0.0,1.3184420530041614,0.21066795561613644,0.0234185733512786,14,1.0,1.0000;1.0000;1.0000;0.9167;0.9167,M2,M2,M2,1,M1:3;M2:72,75,3,hold_b,cause#0,1,0,16,1,0,16,1.0000:4/0/0/4;1.0000:6/1/0/6;1.0000:15/1/0/15;0.9167:10/1/1/10;0.9167:10/1/1/10
181,1,R_8b0d2a6b7293001d,140,R_8b0d2a6b7293001d@140,F_proj,16,break,1,0,F,,,,,,17,0,0,2,41,17,17,1.0,0.0,0.0,0.7101477713639766,0.1183579618939961,0.022495982860203535,14,1.0,1.0000;1.0000;1.0000;0.7500;0.7273,M1,M1,M1,1,M1:1,1,0,break,enable#0,1,1,16,1,0,16,1.0000:10/1/0/10;1.0000:11/1/0/11;1.0000:15/1/0/15;0.7500:3/0/1/3;0.7273:8/0/3/8
182,1,R_7b6b1008b48c1115,6,R_7b6b1008b48c1115@6,F_proj,15,turn,1,1,F,,,,,,17,0,0,77,176,17,17,1.0,0.0,0.0,1.3769037202893666,0.2294839533815611,0.022902796271637816,14,1.0,1.0000;1.0000;1.0000;1.0000;0.6667,M1,M1,M1,1,M1:74;M2:2,76,2,turn,avert#0,1,1,16,1,0,16,1.0000:4/0/0/4;1.0000:10/1/0/10;1.0000:7/0/0/7;1.0000:15/1/0/15;0.6667:8/0/4/8
183,1,R_0e5d236bf5b42b15,20,R_0e5d236bf5b42b15@20,F_proj,1,hold,1,0,F,,,,,,17,0,0,6,163,17,17,1.0,0.0,0.0,0.6084856416461918,0.11502270651210125,0.023298914482393435,14,1.0,1.0000;1.0000;1.0000;0.8824;0.8750,M2,M2,M2,1,M2:5,5,0,hold,cause#0,1,1,16,1,0,16,1.0000:6/1/0/6;1.0000:11/1/0/11;1.0000:11/1/0/11;0.8824:14/1/2/14;0.8750:13/1/2/13
184,1,R_cb63a1ebfc31098d,19,R_cb63a1ebfc31098d@19,F_proj,1,bend,1,0,F,,,,,,17,0,0,77,165,17,17,1.0,0.0,0.0,0.6891698199713081,0.11486163666188469,0.022912825915196208,14,1.0,1.0000;1.0000;0.6667;0.6667;0.6471,M2,M2,M2,1,M1:3;M2:73,76,3,bend,hinder#1,1,1,16,1,0,16,1.0000:4/0/0/4;1.0000:15/1/0/15;0.6667:7/1/4/7;0.6667:8/0/4/8;0.6471:10/1/6/10
185,1,R_7b6b1008b48c1115,6,R_7b6b1008b48c1115@6,F_proj,12,push,1,0,F,,,,,,17,0,0,78,179,17,17,1.0,0.0,0.0,0.39217294180743406,0.24135044656303706,0.04716981132075472,14,1.0,1.0000;1.0000;1.0000;0.7500;0.6364,M1,M1,M1,1,M1:75;M2:2,77,2,push,cause#1,1,1,16,1,0,16,1.0000:10/1/0/10;1.0000:6/1/0/6;1.0000:15/1/0/15;0.7500:3/0/1/3;0.6364:7/0/4/7
187,1,R_cb63a1ebfc31098d,19,R_cb63a1ebfc31098d@19,F_proj,8,lift,1,1,F,,,,,,17,0,0,78,168,17,17,1.0,0.0,0.0,1.031463070846046,0.20629261416920922,0.04565499351491569,14,1.0,1.0000;1.0000;0.6667;0.6667;0.6471,M2,M2,M2,1,M1:3;M2:74,77,3,lift,require#1,1,1,16,1,0,16,1.0000:3/1/0/3;1.0000:15/1/0/15;0.6667:7/1/4/7;0.6667:7/1/4/7;0.6471:10/1/6/10
189,1,R_0e5d236bf5b42b15,20,R_0e5d236bf5b42b15@20,F_proj,9,lift,1,1,F,,,,,,17,0,0,7,169,17,17,1.0,0.0,0.0,0.26262013578978216,0.05252402715795643,0.04567616114960226,14,1.0,1.0000;1.0000;1.0000;0.7500;0.6471,M2,M2,M2,1,M2:6,6,0,lift,require#1,1,1,16,1,0,16,1.0000:6/1/0/6;1.0000:11/1/0/11;1.0000:11/1/0/11;0.7500:2/1/1/2;0.6471:10/1/6/10
190,1,R_cb63a1ebfc31098d,19,R_cb63a1ebfc31098d@19,F_proj,4,drag,1,1,F,,,,,,17,0,0,79,171,17,17,1.0,0.0,0.0,1.9990987276716488,0.3331831212786081,0.023220209237050267,14,1.0,1.0000;1.0000;0.6667;0.6471;0.5833,M2,M2,M2,1,M1:3;M2:75,78,3,drag,permit#1,1,1,16,1,0,16,1.0000:4/0/0/4;1.0000:15/1/0/15;0.6667:7/1/4/7;0.6471:10/1/6/10;0.5833:7/0/5/7
193,1,R_cb63a1ebfc31098d,19,R_cb63a1ebfc31098d@19,F_proj,14,push,1,1,F,,,,,,17,0,0,80,174,17,17,1.0,0.0,0.0,0.2598642525357323,0.16268725105833762,0.04698492462311558,14,1.0,1.0000;0.7500;0.5882;0.5833;0.5833,M2,M2,M2,1,M1:3;M2:76,79,3,push,cause#1,1,1,16,1,0,16,1.0000:15/1/0/15;0.7500:3/0/1/3;0.5882:10/0/7/10;0.5833:7/0/5/7;0.5833:7/0/5/7
195,1,R_7b6b1008b48c1115,6,R_7b6b1008b48c1115@6,F_proj,15,turn,1,1,F,,,,,,17,0,0,83,189,17,17,1.0,0.0,0.0,1.9204140720193217,0.3200690120032203,0.022879880626709773,14,1.0,1.0000;1.0000;1.0000;1.0000;0.6667,M1,M1,M1,1,M1:80;M2:2,82,2,turn,avert#0,1,1,16,1,0,16,1.0000:4/0/0/4;1.0000:10/1/0/10;1.0000:7/0/0/7;1.0000:15/1/0/15;0.6667:8/0/4/8
196,1,R_7b6b1008b48c1115,6,R_7b6b1008b48c1115@6,F_proj,10,cut,1,0,F,,,,,,17,0,0,84,190,17,17,1.0,0.0,0.0,1.6377546458175183,0.2729591076362531,0.02300841167738743,14,1.0,1.0000;1.0000;1.0000;1.0000;0.6667,M1,M1,M1,1,M1:81;M2:2,83,2,cut,enable#1,1,1,16,1,0,16,1.0000:4/0/0/4;1.0000:10/1/0/10;1.0000:7/0/0/7;1.0000:15/1/0/15;0.6667:7/1/4/7
197,1,R_cb63a1ebfc31098d,19,R_cb63a1ebfc31098d@19,F_proj,14,push,1,0,F,,,,,,17,0,0,82,178,17,17,1.0,0.0,0.0,0.25634981198991585,0.3592383555334923,0.04703275055405073,14,1.0,1.0000;0.7500;0.5882;0.5833;0.5833,M2,M2,M2,1,M1:3;M2:78,81,3,push,cause#1,1,1,16,1,0,16,1.0000:15/1/0/15;0.7500:3/0/1/3;0.5882:10/0/7/10;0.5833:7/0/5/7;0.5833:7/0/5/7
199,1,R_cb63a1ebfc31098d,19,R_cb63a1ebfc31098d@19,F_proj,4,drag,1,1,F,,,,,,17,0,0,83,180,17,17,1.0,0.0,0.0,2.6209740502723378,0.4368290083787229,0.023170731707317073,14,1.0,1.0000;1.0000;0.6667;0.6471;0.5833,M2,M2,M2,1,M1:3;M2:79,82,3,drag,permit#1,1,1,16,1,0,16,1.0000:4/0/0/4;1.0000:15/1/0/15;0.6667:7/1/4/7;0.6471:10/1/6/10;0.5833:7/0/5/7
200,1,R_0e5d236bf5b42b15,20,R_0e5d236bf5b42b15@20,F_proj,8,pull,1,1,F,,,,,,17,0,0,8,180,17,17,1.0,0.0,0.0,0.30358260651603264,0.05059710108600544,0.02378063576801747,14,1.0,1.0000;1.0000;1.0000;0.7500;0.6471,M2,M2,M2,1,M2:7,7,0,pull,permit#0,1,1,16,1,0,16,1.0000:7/0/0/7;1.0000:12/0/0/12;1.0000:11/1/0/11;0.7500:3/0/1/3;0.6471:10/1/6/10
201,1,R_7b6b1008b48c1115,6,R_7b6b1008b48c1115@6,F_proj,10,cut,1,0,F,,,,,,17,0,0,87,195,17,17,1.0,0.0,0.0,1.5898093990040323,0.26496823316733875,0.022688872797489743,14,1.0,1.0000;1.0000;1.0000;1.0000;0.6667,M1,M1,M1,1,M1:83;M2:3,86,3,cut,enable#1,1,1,16,1,0,16,1.0000:4/0/0/4;1.0000:10/1/0/10;1.0000:7/0/0/7;1.0000:15/1/0/15;0.6667:7/1/4/7
203,1,R_8b0d2a6b7293001d,140,R_8b0d2a6b7293001d@140,F_proj,9,hold_b,1,1,F,,,,,,17,0,0,3,63,17,17,1.0,0.0,0.0,0.5615105418692169,0.09358509031153614,0.023183556405353727,14,1.0,1.0000;1.0000;1.0000;1.0000;0.9091,M1,M1,M1,1,M1:2,2,0,hold_b,cause#0,1,0,16,1,0,16,1.0000:6/1/0/6;1.0000:10/1/0/10;1.0000:11/1/0/11;1.0000:15/1/0/15;0.9091:9/1/1/9
204,1,R_cb63a1ebfc31098d,19,R_cb63a1ebfc31098d@19,F_proj,15,pull,1,0,F,,,,,,17,0,0,85,185,17,17,1.0,0.0,0.0,0.5488885911024985,0.09148143185041642,0.02377555872563005,14,1.0,1.0000;1.0000;0.6667;0.6667;0.6471,M2,M2,M2,1,M1:3;M2:81,84,3,pull,permit#0,1,1,16,1,0,16,1.0000:4/0/0/4;1.0000:15/1/0/15;0.6667:8/0/4/8;0.6667:7/1/4/7;0.6471:10/1/6/10
205,1,R_7b6b1008b48c1115,6,R_7b6b1008b48c1115@6,F_proj,13,press,1,1,F,,,,,,17,0,0,89,199,17,17,1.0,0.0,0.0,0.4457391747078538,0.07428986245130897,0.024142011834319528,14,1.0,1.0000;1.0000;1.0000;1.0000;0.6471,M1,M1,M1,1,M1:85;M2:3,88,3,press,avert#1,1,1,16,1,0,16,1.0000:4/0/0/4;1.0000:10/1/0/10;1.0000:7/0/0/7;1.0000:15/1/0/15;0.6471:10/1/6/10
206,1,R_7b6b1008b48c1115,6,R_7b6b1008b48c1115@6,F_proj,12,push,1,1,F,,,,,,17,0,0,90,200,17,17,1.0,0.0,0.0,0.36592171785528294,0.19464473621467593,0.046856604662114436,14,1.0,1.0000;1.0000;1.0000;0.7500;0.6364,M1,M1,M1,1,M1:86;M2:3,89,3,push,cause#1,1,1,16,1,0,16,1.0000:10/1/0/10;1.0000:6/1/0/6;1.0000:15/1/0/15;0.7500:3/0/1/3;0.6364:7/0/4/7
207,1,R_cb63a1ebfc31098d,19,R_cb63a1ebfc31098d@19,F_proj,5,lock,1,1,F,,,,,,17,0,0,86,188,17,17,1.0,0.0,0.0,1.11314431994744,0.18552405332457333,0.023424689622862496,14,1.0,1.0000;1.0000;0.6667;0.6471;0.5833,M2,M2,M2,1,M1:3;M2:82,85,3,lock,hinder#0,1,1,16,1,0,16,1.0000:4/0/0/4;1.0000:15/1/0/15;0.6667:7/1/4/7;0.6471:10/1/6/10;0.5833:7/0/5/7
211,1,R_cb63a1ebfc31098d,19,R_cb63a1ebfc31098d@19,F_proj,15,pull,1,0,F,,,,,,17,0,0,88,192,17,17,1.0,0.0,0.0,0.5305475382165586,0.08842458970275976,0.023448275862068966,14,1.0,1.0000;1.0000;0.6667;0.6667;0.6471,M2,M2,M2,1,M1:3;M2:84,87,3,pull,permit#0,1,1,16,1,0,16,1.0000:4/0/0/4;1.0000:15/1/0/15;0.6667:8/0/4/8;0.6667:7/1/4/7;0.6471:10/1/6/10
212,1,R_cb63a1ebfc31098d,19,R_cb63a1ebfc31098d@19,F_proj,8,lift,1,0,F,,,,,,17,0,0,89,193,17,17,1.0,0.0,0.0,1.2352789406945128,0.2470557881389026,0.046005951018539715,14,1.0,1.0000;1.0000;0.6667;0.6667;0.6471,M2,M2,M2,1,M1:3;M2:85,88,3,lift,require#1,1,1,16,1,0,16,1.0000:3/1/0/3;1.0000:15/1/0/15;0.6667:7/1/4/7;0.6667:7/1/4/7;0.6471:10/1/6/10
214,1,R_8b0d2a6b7293001d,140,R_8b0d2a6b7293001d@140,F_proj,2,lift,1,1,F,,,,,,17,0,0,5,74,17,17,1.0,0.0,0.0,0.6787132848287314,0.13574265696574628,0.04579460439809567,14,1.0,1.0000;1.0000;1.0000;0.7500;0.6471,M1,M1,M1,1,M1:4,4,0,lift,require#1,1,1,16,1,0,16,1.0000:10/1/0/10;1.0000:11/1/0/11;1.0000:15/1/0/15;0.7500:2/1/1/2;0.6471:10/1/6/10
215,1,R_cb63a1ebfc31098d,19,R_cb63a1ebfc31098d@19,F_proj,15,pull,1,1,F,,,,,,17,0,0,90,196,17,17,1.0,0.0,0.0,0.5208486393767611,0.08680810656279352,0.023245317084179644,14,1.0,1.0000;1.0000;0.6667;0.6667;0.6471,M2,M2,M2,1,M1:3;M2:86,89,3,pull,permit#0,1,1,16,1,0,16,1.0000:4/0/0/4;1.0000:15/1/0/15;0.6667:8/0/4/8;0.6667:7/1/4/7;0.6471:10/1/6/10
218,1,R_8b0d2a6b7293001d,140,R_8b0d2a6b7293001d@140,F_proj,7,cut,1,1,F,,,,,,17,0,0,6,78,17,17,1.0,0.0,0.0,0.4984336731416901,0.08307227885694836,0.02271714922048998,14,1.0,1.0000;1.0000;1.0000;0.7500;0.7273,M1,M1,M1,1,M1:5,5,0,cut,enable#1,1,1,16,1,0,16,1.0000:10/1/0/10;1.0000:11/1/0/11;1.0000:15/1/0/15;0.7500:3/0/1/3;0.7273:7/1/3/7
220,1,R_cb63a1ebfc31098d,19,R_cb63a1ebfc31098d@19,F_proj,1,bend,1,0,F,,,,,,17,0,0,93,201,17,17,1.0,0.0,0.0,0.5415697356364,0.09026162260606665,0.02294792586054722,14,1.0,1.0000;1.0000;0.6667;0.6667;0.6471,M2,M2,M2,1,M1:3;M2:89,92,3,bend,hinder#1,1,1,16,1,0,16,1.0000:4/0/0/4;1.0000:15/1/0/15;0.6667:7/1/4/7;0.6667:8/0/4/8;0.6471:10/1/6/10
221,1,R_7b6b1008b48c1115,6,R_7b6b1008b48c1115@6,F_proj,13,press,1,0,F,,,,,,17,0,0,93,215,17,17,1.0,0.0,0.0,1.016101464188101,0.16935024403135016,0.024170511975390024,14,1.0,1.0000;1.0000;1.0000;1.0000;0.6471,M1,M1,M1,1,M1:89;M2:3,92,3,press,avert#1,1,1,16,1,0,16,1.0000:4/0/0/4;1.0000:10/1/0/10;1.0000:7/0/0/7;1.0000:15/1/0/15;0.6471:10/1/6/10
222,1,R_0e5d236bf5b42b15,20,R_0e5d236bf5b42b15@20,F_proj,8,pull,1,0,F,,,,,,17,0,0,8,202,17,17,1.0,0.0,0.0,0.7832508206624755,0.13054180344374594,0.02340844454167578,14,1.0,1.0000;1.0000;1.0000;0.7500;0.6471,M2,M2,M2,1,M2:7,7,0,pull,permit#0,1,1,16,1,0,16,1.0000:7/0/0/7;1.0000:12/0/0/12;1.0000:11/1/0/11;0.7500:3/0/1/3;0.6471:10/1/6/10
224,1,R_8b0d2a6b7293001d,140,R_8b0d2a6b7293001d@140,F_proj,7,cut,1,0,F,,,,,,17,0,0,7,84,17,17,1.0,0.0,0.0,1.4655076384496206,0.24425127307493674,0.02277163305139883,14,1.0,1.0000;1.0000;1.0000;0.7500;0.7273,M1,M1,M1,1,M1:6,6,0,cut,enable#1,1,1,16,1,0,16,1.0000:10/1/0/10;1.0000:11/1/0/11;1.0000:15/1/0/15;0.7500:3/0/1/3;0.7273:7/1/3/7
226,1,R_cb63a1ebfc31098d,19,R_cb63a1ebfc31098d@19,F_proj,14,push,1,0,F,,,,,,17,0,0,95,207,17,17,1.0,0.0,0.0,0.2339828761598855,0.19429712747308495,0.04707652622527945,14,1.0,1.0000;0.7500;0.5882;0.5833;0.5833,M2,M2,M2,1,M1:3;M2:91,94,3,push,cause#1,1,1,16,1,0,16,1.0000:15/1/0/15;0.7500:3/0/1/3;0.5882:10/0/7/10;0.5833:7/0/5/7;0.5833:7/0/5/7
227,1,R_7b6b1008b48c1115,6,R_7b6b1008b48c1115@6,F_proj,2,lift,1,1,F,,,,,,17,0,0,96,221,17,17,1.0,0.0,0.0,0.8842754454527634,0.17685508909055267,0.046028687647184756,14,1.0,1.0000;1.0000;1.0000;0.9091;0.6667,M1,M1,M1,1,M1:91;M2:4,95,4,lift,require#1,1,1,16,1,0,16,1.0000:3/1/0/3;1.0000:6/1/0/6;1.0000:15/1/0/15;0.9091:10/0/1/10;0.6667:7/1/4/7
228,1,R_cb63a1ebfc31098d,19,R_cb63a1ebfc31098d@19,F_proj,5,lock,1,1,F,,,,,,17,0,0,96,209,17,17,1.0,0.0,0.0,1.525795779568825,0.25429929659480416,0.023657289002557546,14,1.0,1.0000;1.0000;0.6667;0.6471;0.5833,M2,M2,M2,1,M1:3;M2:92,95,3,lock,hinder#0,1,1,16,1,0,16,1.0000:4/0/0/4;1.0000:15/1/0/15;0.6667:7/1/4/7;0.6471:10/1/6/10;0.5833:7/0/5/7
229,1,R_7b6b1008b48c1115,6,R_7b6b1008b48c1115@6,F_proj,13,press,1,1,F,,,,,,17,0,0,97,223,17,17,1.0,0.0,0.0,0.8915931404897129,0.1485988567482855,0.023976235943136005,14,1.0,1.0000;1.0000;1.0000;1.0000;0.6471,M1,M1,M1,1,M1:92;M2:4,96,4,press,avert#1,1,1,16,1,0,16,1.0000:4/0/0/4;1.0000:10/1/0/10;1.0000:7/0/0/7;1.0000:15/1/0/15;0.6471:10/1/6/10
230,1,R_0e5d236bf5b42b15,20,R_0e5d236bf5b42b15@20,F_proj,1,hold,1,0,F,,,,,,17,0,0,8,210,17,17,1.0,0.0,0.0,0.5135013542622718,0.09724699300757328,0.02260245035910435,14,1.0,1.0000;1.0000;1.0000;0.8824;0.8750,M2,M2,M2,1,M2:7,7,0,hold,cause#0,1,1,16,1,0,16,1.0000:6/1/0/6;1.0000:11/1/0/11;1.0000:11/1/0/11;0.8824:14/1/2/14;0.8750:13/1/2/13
231,1,R_7b6b1008b48c1115,6,R_7b6b1008b48c1115@6,F_proj,13,press,1,1,F,,,,,,17,0,0,98,225,17,17,1.0,0.0,0.0,2.6036964978769923,0.43394941631283207,0.023984851672627813,14,1.0,1.0000;1.0000;1.0000;1.0000;0.6471,M1,M1,M1,1,M1:93;M2:4,97,4,press,avert#1,1,1,16,1,0,16,1.0000:4/0/0/4;1.0000:10/1/0/10;1.0000:7/0/0/7;1.0000:15/1/0/15;0.6471:10/1/6/10
233,1,R_7b6b1008b48c1115,6,R_7b6b1008b48c1115@6,F_proj,14,hold,1,0,F,,,,,,17,0,0,99,227,17,17,1.0,0.0,0.0,0.6466063653280304,0.11515815035496056,0.022523461939520335,14,1.0,1.0000;1.0000;1.0000;1.0000;0.9167,M1,M1,M1,1,M1:94;M2:4,98,4,hold,cause#0,1,1,16,1,0,16,1.0000:4/0/0/4;1.0000:10/1/0/10;1.0000:6/1/0/6;1.0000:15/1/0/15;0.9167:10/1/1/10
234,1,R_cb63a1ebfc31098d,19,R_cb63a1ebfc31098d@19,F_proj,14,push,1,0,F,,,,,,17,0,0,99,215,17,17,1.0,0.0,0.0,0.22862080303886617,0.18145844091326252,0.046936656282450674,14,1.0,1.0000;0.7500;0.5882;0.5833;0.5833,M2,M2,M2,1,M1:3;M2:95,98,3,push,cause#1,1,1,16,1,0,16,1.0000:15/1/0/15;0.7500:3/0/1/3;0.5882:10/0/7/10;0.5833:7/0/5/7;0.5833:7/0/5/7
235,1,R_8b0d2a6b7293001d,140,R_8b0d2a6b7293001d@140,F_proj,7,cut,1,0,F,,,,,,17,0,0,8,95,17,17,1.0,0.0,0.0,1.0190506210501176,0.16984177017501959,0.02254395036194416,14,1.0,1.0000;1.0000;1.0000;0.7500;0.7273,M1,M1,M1,1,M1:7,7,0,cut,enable#1,1,1,16,1,0,16,1.0000:10/1/0/10;1.0000:11/1/0/11;1.0000:15/1/0/15;0.7500:3/0/1/3;0.7273:7/1/3/7
236,1,R_cb63a1ebfc31098d,19,R_cb63a1ebfc31098d@19,F_proj,1,bend,1,1,F,,,,,,17,0,0,100,217,17,17,1.0,0.0,0.0,0.5019307240130891,0.0836551206688482,0.022867737948084055,14,1.0,1.0000;1.0000;0.6667;0.6667;0.6471,M2,M2,M2,1,M1:3;M2:96,99,3,bend,hinder#1,1,1,16,1,0,16,1.0000:4/0/0/4;1.0000:15/1/0/15;0.6667:7/1/4/7;0.6667:8/0/4/8;0.6471:10/1/6/10
237,1,R_7b6b1008b48c1115,6,R_7b6b1008b48c1115@6,F_proj,2,lift,1,0,F,,,,,,17,0,0,101,231,17,17,1.0,0.0,0.0,1.4869398823060371,0.2973879764612074,0.046153846153846156,14,1.0,1.0000;1.0000;1.0000;0.9091;0.6667,M1,M1,M1,1,M1:96;M2:4,100,4,lift,require#1,1,1,16,1,0,16,1.0000:3/1/0/3;1.0000:6/1/0/6;1.0000:15/1/0/15;0.9091:10/0/1/10;0.6667:7/1/4/7
238,1,R_7b6b1008b48c1115,6,R_7b6b1008b48c1115@6,F_proj,15,turn,1,1,F,,,,,,17,0,0,102,232,17,17,1.0,0.0,0.0,1.6634480758236352,0.27724134597060585,0.023289070480081716,14,1.0,1.0000;1.0000;1.0000;1.0000;0.6667,M1,M1,M1,1,M1:97;M2:4,101,4,turn,avert#0,1,1,16,1,0,16,1.0000:4/0/0/4;1.0000:10/1/0/10;1.0000:7/0/0/7;1.0000:15/1/0/15;0.6667:8/0/4/8
240,1,R_8b0d2a6b7293001d,140,R_8b0d2a6b7293001d@140,F_proj,9,hold_b,1,0,F,,,,,,17,0,0,8,100,17,17,1.0,0.0,0.0,0.8108908276459194,0.1351484712743199,0.024306258861656875,14,1.0,1.0000;1.0000;1.0000;1.0000;0.9091,M1,M1,M1,1,M1:7,7,0,hold_b,cause#0,1,0,16,1,0,16,1.0000:6/1/0/6;1.0000:10/1/0/10;1.0000:11/1/0/11;1.0000:15/1/0/15;0.9091:9/1/1/9
241,1,R_0e5d236bf5b42b15,20,R_0e5d236bf5b42b15@20,F_proj,1,hold,1,0,F,,,,,,17,0,0,8,221,17,17,1.0,0.0,0.0,0.4962999356932186,0.09401771401891919,0.022190841234617713,14,1.0,1.0000;1.0000;1.0000;0.8824;0.8750,M2,M2,M2,1,M2:7,7,0,hold,cause#0,1,1,16,1,0,16,1.0000:6/1/0/6;1.0000:11/1/0/11;1.0000:11/1/0/11;0.8824:14/1/2/14;0.8750:13/1/2/13
244,1,R_7b6b1008b48c1115,6,R_7b6b1008b48c1115@6,F_proj,15,turn,1,0,F,,,,,,17,0,0,103,238,17,17,1.0,0.0,0.0,2.5856707374407093,0.4309451229067848,0.023311416616855946,14,1.0,1.0000;1.0000;1.0000;1.0000;0.6667,M1,M1,M1,1,M1:98;M2:4,102,4,turn,avert#0,1,1,16,1,0,16,1.0000:4/0/0/4;1.0000:10/1/0/10;1.0000:7/0/0/7;1.0000:15/1/0/15;0.6667:8/0/4/8
245,1,R_cb63a1ebfc31098d,19,R_cb63a1ebfc31098d@19,F_proj,4,drag,1,1,F,,,,,,17,0,0,103,226,17,17,1.0,0.0,0.0,2.0112256863448383,0.33520428105747296,0.023421992854307266,14,1.0,1.0000;1.0000;0.6667;0.6471;0.5833,M2,M2,M2,1,M1:3;M2:99,102,3,drag,permit#1,1,1,16,1,0,16,1.0000:4/0/0/4;1.0000:15/1/0/15;0.6667:7/1/4/7;0.6471:10/1/6/10;0.5833:7/0/5/7
246,1,R_cb63a1ebfc31098d,19,R_cb63a1ebfc31098d@19,F_proj,14,push,1,1,F,,,,,,17,0,0,104,227,17,17,1.0,0.0,0.0,0.22111397762818233,0.1667162261481313,0.0468564650059312,14,1.0,1.0000;0.7500;0.5882;0.5833;0.5833,M2,M2,M2,1,M1:3;M2:100,103,3,push,cause#1,1,1,16,1,0,16,1.0000:15/1/0/15;0.7500:3/0/1/3;0.5882:10/0/7/10;0.5833:7/0/5/7;0.5833:7/0/5/7
247,1,R_7b6b1008b48c1115,6,R_7b6b1008b48c1115@6,F_proj,7,break,1,1,F,,,,,,17,0,0,104,241,17,17,1.0,0.0,0.0,0.7788721532697168,0.1298120255449528,0.02283464566929134,14,1.0,1.0000;1.0000;1.0000;1.0000;0.6667,M1,M1,M1,1,M1:99;M2:4,103,4,break,enable#0,1,1,16,1,0,16,1.0000:4/0/0/4;1.0000:11/0/0/11;1.0000:7/0/0/7;1.0000:15/1/0/15;0.6667:7/1/4/7
248,1,R_0e5d236bf5b42b15,20,R_0e5d236bf5b42b15@20,F_proj,8,pull,1,0,F,,,,,,17,0,0,9,228,17,17,1.0,0.0,0.0,0.5910533517661939,0.09850889196103232,0.023333333333333334,14,1.0,1.0000;1.0000;1.0000;0.7500;0.6471,M2,M2,M2,1,M2:8,8,0,pull,permit#0,1,1,16,1,0,16,1.0000:7/0/0/7;1.0000:12/0/0/12;1.0000:11/1/0/11;0.7500:3/0/1/3;0.6471:10/1/6/10
249,1,R_7b6b1008b48c1115,6,R_7b6b1008b48c1115@6,F_proj,13,press,1,0,F,,,,,,17,0,0,105,243,17,17,1.0,0.0,0.0,1.8179832962997575,0.3029972160499596,0.0240234375,14,1.0,1.0000;1.0000;1.0000;1.0000;0.6471,M1,M1,M1,1,M1:100;M2:4,104,4,press,avert#1,1,1,16,1,0,16,1.0000:4/0/0/4;1.0000:10/1/0/10;1.0000:7/0/0/7;1.0000:15/1/0/15;0.6471:10/1/6/10
250,1,R_0e5d236bf5b42b15,20,R_0e5d236bf5b42b15@20,F_proj,9,lift,1,1,F,,,,,,17,0,0,10,230,17,17,1.0,0.0,0.0,0.45743425900607715,0.09148685180121544,0.046099980548531413,14,1.0,1.0000;1.0000;1.0000;0.7500;0.6471,M2,M2,M2,1,M2:9,9,0,lift,require#1,1,1,16,1,0,16,1.0000:6/1/0/6;1.0000:11/1/0/11;1.0000:11/1/0/11;0.7500:2/1/1/2;0.6471:10/1/6/10
251,1,R_7b6b1008b48c1115,6,R_7b6b1008b48c1115@6,F_proj,15,turn,1,1,F,,,,,,17,0,0,106,245,17,17,1.0,0.0,0.0,2.192177839159339,0.36536297319322314,0.023048615146232812,14,1.0,1.0000;1.0000;1.0000;1.0000;0.6667,M1,M1,M1,1,M1:101;M2:4,105,4,turn,avert#0,1,1,16,1,0,16,1.0000:4/0/0/4;1.0000:10/1/0/10;1.0000:7/0/0/7;1.0000:15/1/0/15;0.6667:8/0/4/8
252,1,R_7b6b1008b48c1115,6,R_7b6b1008b48c1115@6,F_proj,15,turn,1,1,F,,,,,,17,0,0,107,246,17,17,1.0,0.0,0.0,4.6209268808863175,0.7701544801477196,0.023152614316033184,14,1.0,1.0000;1.0000;1.0000;1.0000;0.6667,M1,M1,M1,1,M1:102;M2:4,106,4,turn,avert#0,1,1,16,1,0,16,1.0000:4/0/0/4;1.0000:10/1/0/10;1.0000:7/0/0/7;1.0000:15/1/0/15;0.6667:8/0/4/8
254,1,R_0e5d236bf5b42b15,20,R_0e5d236bf5b42b15@20,F_proj,1,hold,1,1,F,,,,,,17,0,0,11,234,17,17,1.0,0.0,0.0,0.47771802963856325,0.09052609077927319,0.02258373205741627,14,1.0,1.0000;1.0000;1.0000;0.8824;0.8750,M2,M2,M2,1,M2:10,10,0,hold,cause#0,1,1,16,1,0,16,1.0000:6/1/0/6;1.0000:11/1/0/11;1.0000:11/1/0/11;0.8824:14/1/2/14;0.8750:13/1/2/13
255,1,R_8b0d2a6b7293001d,140,R_8b0d2a6b7293001d@140,F_proj,6,press,1,0,F,,,,,,17,0,0,10,115,17,17,1.0,0.0,0.0,0.39945986167445646,0.0665766436124094,0.02382767823103317,14,1.0,1.0000;0.9167;0.9091;0.7500;0.7273,M1,M1,M1,1,M1:9,9,0,press,avert#1,1,1,16,1,0,16,1.0000:15/1/0/15;0.9167:11/0/1/11;0.9091:10/0/1/10;0.7500:3/0/1/3;0.7273:7/1/3/7
257,1,R_cb63a1ebfc31098d,19,R_cb63a1ebfc31098d@19,F_proj,1,bend,1,0,F,,,,,,17,0,0,107,238,17,17,1.0,0.0,0.0,0.9734835377332132,0.16224725628886888,0.022886324947985624,14,1.0,1.0000;1.0000;0.6667;0.6667;0.6471,M2,M2,M2,1,M1:4;M2:102,106,4,bend,hinder#1,1,1,16,1,0,16,1.0000:4/0/0/4;1.0000:15/1/0/15;0.6667:7/1/4/7;0.6667:8/0/4/8;0.6471:10/1/6/10
258,1,R_7b6b1008b48c1115,6,R_7b6b1008b48c1115@6,F_proj,7,break,1,0,F,,,,,,17,0,0,109,252,17,17,1.0,0.0,0.0,1.4692012854056153,0.24486688090093592,0.022979845545300432,14,1.0,1.0000;1.0000;1.0000;1.0000;0.6667,M1,M1,M1,1,M1:104;M2:4,108,4,break,enable#0,1,1,16,1,0,16,1.0000:4/0/0/4;1.0000:11/0/0/11;1.0000:7/0/0/7;1.0000:15/1/0/15;0.6667:7/1/4/7
261,1,R_cb63a1ebfc31098d,19,R_cb63a1ebfc31098d@19,F_proj,14,push,1,1,F,,,,,,17,0,0,109,242,17,17,1.0,0.0,0.0,0.7228598738828272,0.25488710367742046,0.04691863712530255,14,1.0,1.0000;0.7500;0.5882;0.5833;0.5833,M2,M2,M2,1,M1:4;M2:104,108,4,push,cause#1,1,1,16,1,0,16,1.0000:15/1/0/15;0.7500:3/0/1/3;0.5882:10/0/7/10;0.5833:7/0/5/7;0.5833:7/0/5/7
263,1,R_7b6b1008b48c1115,6,R_7b6b1008b48c1115@6,F_proj,2,lift,1,0,F,,,,,,17,0,0,111,257,17,17,1.0,0.0,0.0,1.1109405629705895,0.22218811259411791,0.046193643754619367,14,1.0,1.0000;1.0000;1.0000;0.9091;0.6667,M1,M1,M1,1,M1:106;M2:4,110,4,lift,require#1,1,1,16,1,0,16,1.0000:3/1/0/3;1.0000:6/1/0/6;1.0000:15/1/0/15;0.9091:10/0/1/10;0.6667:7/1/4/7
266,1,R_0e5d236bf5b42b15,20,R_0e5d236bf5b42b15@20,F_proj,9,lift,1,1,F,,,,,,17,0,0,12,246,17,17,1.0,0.0,0.0,0.9125368224902554,0.18250736449805108,0.04603580562659847,14,1.0,1.0000;1.0000;1.0000;0.7500;0.6471,M2,M2,M2,1,M2:11,11,0,lift,require#1,1,1,16,1,0,16,1.0000:6/1/0/6;1.0000:11/1/0/11;1.0000:11/1/0/11;0.7500:2/1/1/2;0.6471:10/1/6/10
271,1,R_7b6b1008b48c1115,6,R_7b6b1008b48c1115@6,F_proj,2,lift,1,0,F,,,,,,17,0,0,115,265,17,17,1.0,0.0,0.0,1.0603005625371353,0.21206011250742707,0.04609038737446198,14,1.0,1.0000;1.0000;1.0000;0.9091;0.6667,M1,M1,M1,1,M1:110;M2:4,114,4,lift,require#1,1,1,16,1,0,16,1.0000:3/1/0/3;1.0000:6/1/0/6;1.0000:15/1/0/15;0.9091:10/0/1/10;0.6667:7/1/4/7
272,1,R_7b6b1008b48c1115,6,R_7b6b1008b48c1115@6,F_proj,2,lift,1,1,F,,,,,,17,0,0,116,266,17,17,1.0,0.0,0.0,1.0546715354311336,0.21093430708622674,0.04592566118656183,14,1.0,1.0000;1.0000;1.0000;0.9091;0.6667,M1,M1,M1,1,M1:111;M2:4,115,4,lift,require#1,1,1,16,1,0,16,1.0000:3/1/0/3;1.0000:6/1/0/6;1.0000:15/1/0/15;0.9091:10/0/1/10;0.6667:7/1/4/7
273,1,R_0e5d236bf5b42b15,20,R_0e5d236bf5b42b15@20,F_proj,2,bend,1,0,F,,,,,,17,0,0,12,253,17,17,1.0,0.0,0.0,0.7437897446508583,0.12396495744180974,0.022783908864364544,14,1.0,1.0000;1.0000;1.0000;0.7500;0.6471,M2,M2,M2,1,M2:11,11,0,bend,hinder#1,1,1,16,1,0,16,1.0000:7/0/0/7;1.0000:11/1/0/11;1.0000:12/0/0/12;0.7500:3/0/1/3;0.6471:10/1/6/10
274,1,R_cb63a1ebfc31098d,19,R_cb63a1ebfc31098d@19,F_proj,0,hold_b,1,0,F,,,,,,17,0,0,115,255,17,17,1.0,0.0,0.0,0.6316365301729465,0.09841599743276469,0.023412557644554806,14,1.0,1.0000;1.0000;1.0000;0.9167;0.9167,M2,M2,M2,1,M1:4;M2:110,114,4,hold_b,cause#0,1,0,16,1,0,16,1.0000:4/0/0/4;1.0000:6/1/0/6;1.0000:15/1/0/15;0.9167:10/1/1/10;0.9167:10/1/1/10
275,1,R_7b6b1008b48c1115,6,R_7b6b1008b48c1115@6,F_proj,10,cut,1,0,F,,,,,,17,0,0,117,269,17,17,1.0,0.0,0.0,1.162648322440242,0.193774720406707,0.022622834924001415,14,1.0,1.0000;1.0000;1.0000;1.0000;0.6667,M1,M1,M1,1,M1:112;M2:4,116,4,cut,enable#1,1,1,16,1,0,16,1.0000:4/0/0/4;1.0000:10/1/0/10;1.0000:7/0/0/7;1.0000:15/1/0/15;0.6667:7/1/4/7
277,1,R_cb63a1ebfc31098d,19,R_cb63a1ebfc31098d@19,F_proj,5,lock,1,0,F,,,,,,17,0,0,116,258,17,17,1.0,0.0,0.0,1.4412372788380947,0.2402062131396825,0.02368836638006668,14,1.0,1.0000;1.0000;0.6667;0.6471;0.5833,M2,M2,M2,1,M1:4;M2:111,115,4,lock,hinder#0,1,1,16,1,0,16,1.0000:4/0/0/4;1.0000:15/1/0/15;0.6667:7/1/4/7;0.6471:10/1/6/10;0.5833:7/0/5/7
279,1,R_7b6b1008b48c1115,6,R_7b6b1008b48c1115@6,F_proj,2,lift,1,1,F,,,,,,17,0,0,119,273,17,17,1.0,0.0,0.0,1.7783677766815518,0.35567355533631034,0.04600906239107703,14,1.0,1.0000;1.0000;1.0000;0.9091;0.6667,M1,M1,M1,1,M1:114;M2:4,118,4,lift,require#1,1,1,16,1,0,16,1.0000:3/1/0/3;1.0000:6/1/0/6;1.0000:15/1/0/15;0.9091:10/0/1/10;0.6667:7/1/4/7
280,1,R_7b6b1008b48c1115,6,R_7b6b1008b48c1115@6,F_proj,2,lift,1,0,F,,,,,,17,0,0,120,274,17,17,1.0,0.0,0.0,3.7750416646061975,0.7550083329212395,0.04601493314811599,14,1.0,1.0000;1.0000;1.0000;0.9091;0.6667,M1,M1,M1,1,M1:115;M2:4,119,4,lift,require#1,1,1,16,1,0,16,1.0000:3/1/0/3;1.0000:6/1/0/6;1.0000:15/1/0/15;0.9091:10/0/1/10;0.6667:7/1/4/7
281,1,R_cb63a1ebfc31098d,19,R_cb63a1ebfc31098d@19,F_proj,5,lock,1,0,F,,,,,,17,0,0,117,262,17,17,1.0,0.0,0.0,1.4089303234329296,0.23482172057215495,0.023533483301609277,14,1.0,1.0000;1.0000;0.6667;0.6471;0.5833,M2,M2,M2,1,M1:4;M2:112,116,4,lock,hinder#0,1,1,16,1,0,16,1.0000:4/0/0/4;1.0000:15/1/0/15;0.6667:7/1/4/7;0.6471:10/1/6/10;0.5833:7/0/5/7
282,1,R_cb63a1ebfc31098d,19,R_cb63a1ebfc31098d@19,F_proj,8,lift,1,0,F,,,,,,17,0,0,118,263,17,17,1.0,0.0,0.0,0.801541378572351,0.1603082757144702,0.04587788892721628,14,1.0,1.0000;1.0000;0.6667;0.6667;0.6471,M2,M2,M2,1,M1:4;M2:113,117,4,lift,require#1,1,1,16,1,0,16,1.0000:3/1/0/3;1.0000:15/1/0/15;0.6667:7/1/4/7;0.6667:7/1/4/7;0.6471:10/1/6/10
284,1,R_cb63a1ebfc31098d,19,R_cb63a1ebfc31098d@19,F_proj,4,drag,1,0,F,,,,,,17,0,0,119,265,17,17,1.0,0.0,0.0,2.008079047573364,0.3346798412622273,0.02363013698630137,14,1.0,1.0000;1.0000;0.6667;0.6471;0.5833,M2,M2,M2,1,M1:4;M2:114,118,4,drag,permit#1,1,1,16,1,0,16,1.0000:4/0/0/4;1.0000:15/1/0/15;0.6667:7/1/4/7;0.6471:10/1/6/10;0.5833:7/0/5/7
287,1,R_7b6b1008b48c1115,6,R_7b6b1008b48c1115@6,F_proj,10,cut,1,0,F,,,,,,17,0,0,123,281,17,17,1.0,0.0,0.0,1.1193729009624378,0.18656215016040634,0.02254237288135593,14,1.0,1.0000;1.0000;1.0000;1.0000;0.6667,M1,M1,M1,1,M1:118;M2:4,122,4,cut,enable#1,1,1,16,1,0,16,1.0000:4/0/0/4;1.0000:10/1/0/10;1.0000:7/0/0/7;1.0000:15/1/0/15;0.6667:7/1/4/7
289,1,R_7b6b1008b48c1115,6,R_7b6b1008b48c1115@6,F_proj,13,press,1,1,F,,,,,,17,0,0,124,283,17,17,1.0,0.0,0.0,1.179816403946538,0.19663606732442301,0.023729384045775834,14,1.0,1.0000;1.0000;1.0000;1.0000;0.6471,M1,M1,M1,1,M1:119;M2:4,123,4,press,avert#1,1,1,16,1,0,16,1.0000:4/0/0/4;1.0000:10/1/0/10;1.0000:7/0/0/7;1.0000:15/1/0/15;0.6471:10/1/6/10
290,1,R_0e5d236bf5b42b15,20,R_0e5d236bf5b42b15@20,F_proj,6,drag,1,1,F,,,,,,17,0,0,14,270,17,17,1.0,0.0,0.0,0.4286771795592116,0.07144619659320194,0.02347811504276371,14,1.0,1.0000;1.0000;0.9167;0.7500;0.6471,M2,M2,M2,1,M2:13,13,0,drag,permit#1,1,1,16,1,0,16,1.0000:7/0/0/7;1.0000:11/1/0/11;0.9167:11/0/1/11;0.7500:3/0/1/3;0.6471:10/1/6/10
292,1,R_cb63a1ebfc31098d,19,R_cb63a1ebfc31098d@19,F_proj,14,push,1,0,F,,,,,,17,0,0,122,273,17,17,1.0,0.0,0.0,0.4767319962397363,0.25789462717840583,0.04711954711954712,14,1.0,1.0000;0.7500;0.5882;0.5833;0.5833,M2,M2,M2,1,M1:4;M2:117,121,4,push,cause#1,1,1,16,1,0,16,1.0000:15/1/0/15;0.7500:3/0/1/3;0.5882:10/0/7/10;0.5833:7/0/5/7;0.5833:7/0/5/7
294,1,R_cb63a1ebfc31098d,19,R_cb63a1ebfc31098d@19,F_proj,1,bend,1,0,F,,,,,,17,0,0,123,275,17,17,1.0,0.0,0.0,0.7026428389363023,0.11710713982271705,0.022825008269930534,14,1.0,1.0000;1.0000;0.6667;0.6667;0.6471,M2,M2,M2,1,M1:4;M2:118,122,4,bend,hinder#1,1,1,16,1,0,16,1.0000:4/0/0/4;1.0000:15/1/0/15;0.6667:7/1/4/7;0.6667:8/0/4/8;0.6471:10/1/6/10
295,1,R_7b6b1008b48c1115,6,R_7b6b1008b48c1115@6,F_proj,2,lift,1,0,F,,,,,,17,0,0,127,289,17,17,1.0,0.0,0.0,1.8517381836554203,0.370347636731084,0.04583676834295136,14,1.0,1.0000;1.0000;1.0000;0.9091;0.6667,M1,M1,M1,1,M1:122;M2:4,126,4,lift,require#1,1,1,16,1,0,16,1.0000:3/1/0/3;1.0000:6/1/0/6;1.0000:15/1/0/15;0.9091:10/0/1/10;0.6667:7/1/4/7
296,1,R_cb63a1ebfc31098d,19,R_cb63a1ebfc31098d@19,F_proj,1,bend,1,1,F,,,,,,17,0,0,124,277,17,17,1.0,0.0,0.0,0.6946954465635992,0.11578257442726654,0.022682445759368838,14,1.0,1.0000;1.0000;0.6667;0.6667;0.6471,M2,M2,M2,1,M1:4;M2:119,123,4,bend,hinder#1,1,1,16,1,0,16,1.0000:4/0/0/4;1.0000:15/1/0/15;0.6667:7/1/4/7;0.6667:8/0/4/8;0.6471:10/1/6/10
297,1,R_7b6b1008b48c1115,6,R_7b6b1008b48c1115@6,F_proj,15,turn,1,1,F,,,,,,17,0,0,128,291,17,17,1.0,0.0,0.0,2.2076226830508134,0.3679371138418022,0.02326343381389253,14,1.0,1.0000;1.0000;1.0000;1.0000;0.6667,M1,M1,M1,1,M1:123;M2:4,127,4,turn,avert#0,1,1,16,1,0,16,1.0000:4/0/0/4;1.0000:10/1/0/10;1.0000:7/0/0/7;1.0000:15/1/0/15;0.6667:8/0/4/8
298,1,R_7b6b1008b48c1115,6,R_7b6b1008b48c1115@6,F_proj,10,cut,1,0,F,,,,,,17,0,0,129,292,17,17,1.0,0.0,0.0,1.08318398560567,0.18053066426761166,0.022530612244897958,14,1.0,1.0000;1.0000;1.0000;1.0000;0.6667,M1,M1,M1,1,M1:124;M2:4,128,4,cut,enable#1,1,1,16,1,0,16,1.0000:4/0/0/4;1.0000:10/1/0/10;1.0000:7/0/0/7;1.0000:15/1/0/15;0.6667:7/1/4/7
299,1,R_0e5d236bf5b42b15,20,R_0e5d236bf5b42b15@20,F_proj,15,lock,1,1,F,,,,,,17,0,0,15,279,17,17,1.0,0.0,0.0,0.23222010981799496,0.03870335163633249,0.02342987308818744,14,1.0,1.0000;1.0000;0.9167;0.7500;0.6471,M2,M2,M2,1,M2:14,14,0,lock,hinder#0,1,1,16,1,0,16,1.0000:7/0/0/7;1.0000:11/1/0/11;0.9167:11/0/1/11;0.7500:3/0/1/3;0.6471:10/1/6/10
301,1,R_cb63a1ebfc31098d,19,R_cb63a1ebfc31098d@19,F_proj,0,hold_b,1,1,F,,,,,,17,0,0,125,282,17,17,1.0,0.0,0.0,0.5785236740446051,0.08998494749524821,0.022774995961880148,14,1.0,1.0000;1.0000;1.0000;0.9167;0.9167,M2,M2,M2,1,M1:4;M2:120,124,4,hold_b,cause#0,1,0,16,1,0,16,1.0000:4/0/0/4;1.0000:6/1/0/6;1.0000:15/1/0/15;0.9167:10/1/1/10;0.9167:10/1/1/10
305,1,R_7b6b1008b48c1115,6,R_7b6b1008b48c1115@6,F_proj,7,break,1,0,F,,,,,,17,0,0,133,299,17,17,1.0,0.0,0.0,0.9429413802878323,0.1571568967146387,0.022944550669216062,14,1.0,1.0000;1.0000;1.0000;1.0000;0.6667,M1,M1,M1,1,M1:127;M2:5,132,5,break,enable#0,1,1,16,1,0,16,1.0000:4/0/0/4;1.0000:11/0/0/11;1.0000:7/0/0/7;1.0000:15/1/0/15;0.6667:7/1/4/7
306,1,R_cb63a1ebfc31098d,19,R_cb63a1ebfc31098d@19,F_proj,14,push,1,1,F,,,,,,17,0,0,128,287,17,17,1.0,0.0,0.0,0.432397071703655,0.2306592908443039,0.04701397712833545,14,1.0,1.0000;0.7500;0.5882;0.5833;0.5833,M2,M2,M2,1,M1:4;M2:123,127,4,push,cause#1,1,1,16,1,0,16,1.0000:15/1/0/15;0.7500:3/0/1/3;0.5882:10/0/7/10;0.5833:7/0/5/7;0.5833:7/0/5/7
307,1,R_7b6b1008b48c1115,6,R_7b6b1008b48c1115@6,F_proj,7,break,1,1,F,,,,,,17,0,0,134,301,17,17,1.0,0.0,0.0,0.9338971607477411,0.15564952679129015,0.022795630837422826,14,1.0,1.0000;1.0000;1.0000;1.0000;0.6667,M1,M1,M1,1,M1:128;M2:5,133,5,break,enable#0,1,1,16,1,0,16,1.0000:4/0/0/4;1.0000:11/0/0/11;1.0000:7/0/0/7;1.0000:15/1/0/15;0.6667:7/1/4/7
309,1,R_cb63a1ebfc31098d,19,R_cb63a1ebfc31098d@19,F_proj,1,bend,1,1,F,,,,,,17,0,0,129,290,17,17,1.0,0.0,0.0,1.3099132945934895,0.21831888243224826,0.022648631645171436,14,1.0,1.0000;1.0000;0.6667;0.6667;0.6471,M2,M2,M2,1,M1:4;M2:124,128,4,bend,hinder#1,1,1,16,1,0,16,1.0000:4/0/0/4;1.0000:15/1/0/15;0.6667:7/1/4/7;0.6667:8/0/4/8;0.6471:10/1/6/10
310,1,R_7b6b1008b48c1115,6,R_7b6b1008b48c1115@6,F_proj,14,hold,1,1,F,,,,,,17,0,0,136,304,17,17,1.0,0.0,0.0,0.49060487524225754,0.08791526325265339,0.02367142185295501,14,1.0,1.0000;1.0000;1.0000;1.0000;0.9167,M1,M1,M1,1,M1:130;M2:5,135,5,hold,cause#0,1,1,16,1,0,16,1.0000:4/0/0/4;1.0000:10/1/0/10;1.0000:6/1/0/6;1.0000:15/1/0/15;0.9167:10/1/1/10
311,1,R_cb63a1ebfc31098d,19,R_cb63a1ebfc31098d@19,F_proj,4,drag,1,0,F,,,,,,17,0,0,130,292,17,17,1.0,0.0,0.0,1.7536116260096077,0.2922686043349346,0.02344116268166901,14,1.0,1.0000;1.0000;0.6667;0.6471;0.5833,M2,M2,M2,1,M1:4;M2:125,129,4,drag,permit#1,1,1,16,1,0,16,1.0000:4/0/0/4;1.0000:15/1/0/15;0.6667:7/1/4/7;0.6471:10/1/6/10;0.5833:7/0/5/7
312,1,R_7b6b1008b48c1115,6,R_7b6b1008b48c1115@6,F_proj,14,hold,1,1,F,,,,,,17,0,0,137,306,17,17,1.0,0.0,0.0,2.2222885165629154,0.37650335607552105,0.023683390464319103,14,1.0,1.0000;1.0000;1.0000;1.0000;0.9167,M1,M1,M1,1,M1:131;M2:5,136,5,hold,cause#0,1,1,16,1,0,16,1.0000:4/0/0/4;1.0000:10/1/0/10;1.0000:6/1/0/6;1.0000:15/1/0/15;0.9167:10/1/1/10
313,1,R_cb63a1ebfc31098d,19,R_cb63a1ebfc31098d@19,F_proj,5,lock,1,0,F,,,,,,17,0,0,131,294,17,17,1.0,0.0,0.0,1.2160835119909585,0.20268058533182645,0.02345084640472123,14,1.0,1.0000;1.0000;0.6667;0.6471;0.5833,M2,M2,M2,1,M1:4;M2:126,130,4,lock,hinder#0,1,1,16,1,0,16,1.0000:4/0/0/4;1.0000:15/1/0/15;0.6667:7/1/4/7;0.6471:10/1/6/10;0.5833:7/0/5/7
315,1,R_0e5d236bf5b42b15,20,R_0e5d236bf5b42b15@20,F_proj,16,push,1,1,F,,,,,,17,0,0,15,295,17,17,1.0,0.0,0.0,0.28324415108337,0.056648830216673995,0.0470679012345679,14,1.0,1.0000;1.0000;1.0000;0.5882;0.5625,M2,M2,M2,1,M2:14,14,0,push,cause#1,1,1,16,1,0,16,1.0000:6/1/0/6;1.0000:11/1/0/11;1.0000:11/1/0/11;0.5882:10/0/7/10;0.5625:9/0/7/9
317,1,R_cb63a1ebfc31098d,19,R_cb63a1ebfc31098d@19,F_proj,14,push,1,1,F,,,,,,17,0,0,133,298,17,17,1.0,0.0,0.0,0.4061820247677253,0.33524518962907446,0.047085889570552146,14,1.0,1.0000;0.7500;0.5882;0.5833;0.5833,M2,M2,M2,1,M1:4;M2:128,132,4,push,cause#1,1,1,16,1,0,16,1.0000:15/1/0/15;0.7500:3/0/1/3;0.5882:10/0/7/10;0.5833:7/0/5/7;0.5833:7/0/5/7
318,1,R_7b6b1008b48c1115,6,R_7b6b1008b48c1115@6,F_proj,10,cut,1,0,F,,,,,,17,0,0,140,312,17,17,1.0,0.0,0.0,1.0244425450415016,0.1707404241735836,0.022477064220183487,14,1.0,1.0000;1.0000;1.0000;1.0000;0.6667,M1,M1,M1,1,M1:134;M2:5,139,5,cut,enable#1,1,1,16,1,0,16,1.0000:4/0/0/4;1.0000:10/1/0/10;1.0000:7/0/0/7;1.0000:15/1/0/15;0.6667:7/1/4/7
324,1,R_7b6b1008b48c1115,6,R_7b6b1008b48c1115@6,F_proj,2,lift,1,0,F,,,,,,17,0,0,143,318,17,17,1.0,0.0,0.0,1.4063917174478726,0.2812783434895745,0.04592525889239082,14,1.0,1.0000;1.0000;1.0000;0.9091;0.6667,M1,M1,M1,1,M1:137;M2:5,142,5,lift,require#1,1,1,16,1,0,16,1.0000:3/1/0/3;1.0000:6/1/0/6;1.0000:15/1/0/15;0.9091:10/0/1/10;0.6667:7/1/4/7
327,1,R_cb63a1ebfc31098d,19,R_cb63a1ebfc31098d@19,F_proj,4,drag,1,0,F,,,,,,17,0,0,138,308,17,17,1.0,0.0,0.0,1.645017771139559,0.2741696285232598,0.023342253939934582,14,1.0,1.0000;1.0000;0.6667;0.6471;0.5833,M2,M2,M2,1,M1:4;M2:133,137,4,drag,permit#1,1,1,16,1,0,16,1.0000:4/0/0/4;1.0000:15/1/0/15;0.6667:7/1/4/7;0.6471:10/1/6/10;0.5833:7/0/5/7
328,1,R_cb63a1ebfc31098d,19,R_cb63a1ebfc31098d@19,F_proj,4,drag,1,1,F,,,,,,17,0,0,139,309,17,17,1.0,0.0,0.0,1.63889816835657,0.27314969472609496,0.023273050696709163,14,1.0,1.0000;1.0000;0.6667;0.6471;0.5833,M2,M2,M2,1,M1:4;M2:134,138,4,drag,permit#1,1,1,16,1,0,16,1.0000:4/0/0/4;1.0000:15/1/0/15;0.6667:7/1/4/7;0.6471:10/1/6/10;0.5833:7/0/5/7
331,1,R_cb63a1ebfc31098d,19,R_cb63a1ebfc31098d@19,F_proj,1,bend,1,0,F,,,,,,17,0,0,140,312,17,17,1.0,0.0,0.0,1.480771302989306,0.2467952171648843,0.022767332549941247,14,1.0,1.0000;1.0000;0.6667;0.6667;0.6471,M2,M2,M2,1,M1:4;M2:135,139,4,bend,hinder#1,1,1,16,1,0,16,1.0000:4/0/0/4;1.0000:15/1/0/15;0.6667:7/1/4/7;0.6667:8/0/4/8;0.6471:10/1/6/10
332,1,R_cb63a1ebfc31098d,19,R_cb63a1ebfc31098d@19,F_proj,1,bend,1,1,F,,,,,,17,0,0,141,313,17,17,1.0,0.0,0.0,1.4608771289195872,0.24347952148659785,0.02270396953273766,14,1.0,1.0000;1.0000;0.6667;0.6667;0.6471,M2,M2,M2,1,M1:4;M2:136,140,4,bend,hinder#1,1,1,16,1,0,16,1.0000:4/0/0/4;1.0000:15/1/0/15;0.6667:7/1/4/7;0.6667:8/0/4/8;0.6471:10/1/6/10
333,1,R_7b6b1008b48c1115,6,R_7b6b1008b48c1115@6,F_proj,13,press,1,0,F,,,,,,17,0,0,146,327,17,17,1.0,0.0,0.0,1.2814548115296118,0.213575801921602,0.023802570093457945,14,1.0,1.0000;1.0000;1.0000;1.0000;0.6471,M1,M1,M1,1,M1:140;M2:5,145,5,press,avert#1,1,1,16,1,0,16,1.0000:4/0/0/4;1.0000:10/1/0/10;1.0000:7/0/0/7;1.0000:15/1/0/15;0.6471:10/1/6/10
335,1,R_7b6b1008b48c1115,6,R_7b6b1008b48c1115@6,F_proj,14,hold,1,1,F,,,,,,17,0,0,147,329,17,17,1.0,0.0,0.0,1.4133512930627867,0.24140047034234993,0.023508924684370918,14,1.0,1.0000;1.0000;1.0000;1.0000;0.9167,M1,M1,M1,1,M1:141;M2:5,146,5,hold,cause#0,1,1,16,1,0,16,1.0000:4/0/0/4;1.0000:10/1/0/10;1.0000:6/1/0/6;1.0000:15/1/0/15;0.9167:10/1/1/10
336,1,R_7b6b1008b48c1115,6,R_7b6b1008b48c1115@6,F_proj,10,cut,1,0,F,,,,,,17,0,0,148,330,17,17,1.0,0.0,0.0,0.9779611150820752,0.16299351918034588,0.022424768518518517,14,1.0,1.0000;1.0000;1.0000;1.0000;0.6667,M1,M1,M1,1,M1:142;M2:5,147,5,cut,enable#1,1,1,16,1,0,16,1.0000:4/0/0/4;1.0000:10/1/0/10;1.0000:7/0/0/7;1.0000:15/1/0/15;0.6667:7/1/4/7
337,1,R_cb63a1ebfc31098d,19,R_cb63a1ebfc31098d@19,F_proj,0,hold_b,1,1,F,,,,,,17,0,0,143,318,17,17,1.0,0.0,0.0,0.9075291949121791,0.14529488413700342,0.02308136180034622,14,1.0,1.0000;1.0000;1.0000;0.9167;0.9167,M2,M2,M2,1,M1:4;M2:138,142,4,hold_b,cause#0,1,0,16,1,0,16,1.0000:4/0/0/4;1.0000:6/1/0/6;1.0000:15/1/0/15;0.9167:10/1/1/10;0.9167:10/1/1/10
339,1,R_7b6b1008b48c1115,6,R_7b6b1008b48c1115@6,F_proj,13,press,1,1,F,,,,,,17,0,0,149,333,17,17,1.0,0.0,0.0,1.2355171109547123,0.20591951849245205,0.02366269898178689,14,1.0,1.0000;1.0000;1.0000;1.0000;0.6471,M1,M1,M1,1,M1:143;M2:5,148,5,press,avert#1,1,1,16,1,0,16,1.0000:4/0/0/4;1.0000:10/1/0/10;1.0000:7/0/0/7;1.0000:15/1/0/15;0.6471:10/1/6/10
342,1,R_cb63a1ebfc31098d,19,R_cb63a1ebfc31098d@19,F_proj,15,pull,1,0,F,,,,,,17,0,0,146,323,17,17,1.0,0.0,0.0,0.538349270070189,0.08972487834503151,0.023450824332006823,14,1.0,1.0000;1.0000;0.6667;0.6667;0.6471,M2,M2,M2,1,M1:4;M2:141,145,4,pull,permit#0,1,1,16,1,0,16,1.0000:4/0/0/4;1.0000:15/1/0/15;0.6667:8/0/4/8;0.6667:7/1/4/7;0.6471:10/1/6/10
344,1,R_cb63a1ebfc31098d,19,R_cb63a1ebfc31098d@19,F_proj,0,hold_b,1,0,F,,,,,,17,0,0,147,325,17,17,1.0,0.0,0.0,1.774786124341585,0.2899208844984622,0.023032358343931043,14,1.0,1.0000;1.0000;1.0000;0.9167;0.9167,M2,M2,M2,1,M1:4;M2:142,146,4,hold_b,cause#0,1,0,16,1,0,16,1.0000:4/0/0/4;1.0000:6/1/0/6;1.0000:15/1/0/15;0.9167:10/1/1/10;0.9167:10/1/1/10
345,1,R_7b6b1008b48c1115,6,R_7b6b1008b48c1115@6,F_proj,13,press,1,1,F,,,,,,17,0,0,152,339,17,17,1.0,0.0,0.0,2.182420196354796,0.36373669939246606,0.023668639053254437,14,1.0,1.0000;1.0000;1.0000;1.0000;0.6471,M1,M1,M1,1,M1:146;M2:5,151,5,press,avert#1,1,1,16,1,0,16,1.0000:4/0/0/4;1.0000:10/1/0/10;1.0000:7/0/0/7;1.0000:15/1/0/15;0.6471:10/1/6/10
346,1,R_cb63a1ebfc31098d,19,R_cb63a1ebfc31098d@19,F_proj,15,pull,1,1,F,,,,,,17,0,0,148,327,17,17,1.0,0.0,0.0,0.5317221312807201,0.08862035521345335,0.023321157628547345,14,1.0,1.0000;1.0000;0.6667;0.6667;0.6471,M2,M2,M2,1,M1:4;M2:143,147,4,pull,permit#0,1,1,16,1,0,16,1.0000:4/0/0/4;1.0000:15/1/0/15;0.6667:8/0/4/8;0.6667:7/1/4/7;0.6471:10/1/6/10
348,1,R_0e5d236bf5b42b15,20,R_0e5d236bf5b42b15@20,F_proj,16,push,1,1,F,,,,,,17,0,0,15,328,17,17,1.0,0.0,0.0,0.26443280792992363,0.11991203937920043,0.047206703910614524,14,1.0,1.0000;1.0000;1.0000;0.5882;0.5625,M2,M2,M2,1,M2:14,14,0,push,cause#1,1,1,16,1,0,16,1.0000:6/1/0/6;1.0000:11/1/0/11;1.0000:11/1/0/11;0.5882:10/0/7/10;0.5625:9/0/7/9
349,1,R_8b0d2a6b7293001d,140,R_8b0d2a6b7293001d@140,F_proj,10,push,1,0,F,,,,,,17,0,0,11,209,17,17,1.0,0.0,0.0,0.0,0.0466581761676661,0.04720133667502088,14,1.0,1.0000;1.0000;1.0000;0.6364;0.5882,M1,M1,M1,1,M1:10,10,0,push,cause#1,1,1,16,1,0,16,1.0000:11/0/0/11;1.0000:11/1/0/11;1.0000:15/1/0/15;0.6364:7/0/4/7;0.5882:10/0/7/10
350,1,R_7b6b1008b48c1115,6,R_7b6b1008b48c1115@6,F_proj,14,hold,1,1,F,,,,,,17,0,0,155,344,17,17,1.0,0.0,0.0,1.7883643067406347,0.3037354281649713,0.02373681288173237,14,1.0,1.0000;1.0000;1.0000;1.0000;0.9167,M1,M1,M1,1,M1:149;M2:5,154,5,hold,cause#0,1,1,16,1,0,16,1.0000:4/0/0/4;1.0000:10/1/0/10;1.0000:6/1/0/6;1.0000:15/1/0/15;0.9167:10/1/1/10
351,1,R_cb63a1ebfc31098d,19,R_cb63a1ebfc31098d@19,F_proj,15,pull,1,1,F,,,,,,17,0,0,150,332,17,17,1.0,0.0,0.0,1.6086101839142466,0.2681016973190411,0.023249377248823692,14,1.0,1.0000;1.0000;0.6667;0.6667;0.6471,M2,M2,M2,1,M1:4;M2:145,149,4,pull,permit#0,1,1,16,1,0,16,1.0000:4/0/0/4;1.0000:15/1/0/15;0.6667:8/0/4/8;0.6667:7/1/4/7;0.6471:10/1/6/10
354,1,R_8b0d2a6b7293001d,140,R_8b0d2a6b7293001d@140,F_proj,16,break,1,0,F,,,,,,17,0,0,11,214,17,17,1.0,0.0,0.0,0.27591409781067394,0.04598568296844566,0.023042106706898918,14,1.0,1.0000;1.0000;1.0000;0.7500;0.7273,M1,M1,M1,1,M1:10,10,0,break,enable#0,1,1,16,1,0,16,1.0000:10/1/0/10;1.0000:11/1/0/11;1.0000:15/1/0/15;0.7500:3/0/1/3;0.7273:8/0/3/8
355,1,R_cb63a1ebfc31098d,19,R_cb63a1ebfc31098d@19,F_proj,1,bend,1,0,F,,,,,,17,0,0,151,336,17,17,1.0,0.0,0.0,1.659401253656585,0.2765668756094309,0.02270861833105335,14,1.0,1.0000;1.0000;0.6667;0.6667;0.6471,M2,M2,M2,1,M1:4;M2:146,150,4,bend,hinder#1,1,1,16,1,0,16,1.0000:4/0/0/4;1.0000:15/1/0/15;0.6667:7/1/4/7;0.6667:8/0/4/8;0.6471:10/1/6/10
356,1,R_8b0d2a6b7293001d,140,R_8b0d2a6b7293001d@140,F_proj,7,cut,1,1,F,,,,,,17,0,0,12,216,17,17,1.0,0.0,0.0,0.45429618013660983,0.07571603002276829,0.022370754330923476,14,1.0,1.0000;1.0000;1.0000;0.7500;0.7273,M1,M1,M1,1,M1:11,11,0,cut,enable#1,1,1,16,1,0,16,1.0000:10/1/0/10;1.0000:11/1/0/11;1.0000:15/1/0/15;0.7500:3/0/1/3;0.7273:7/1/3/7
357,1,R_cb63a1ebfc31098d,19,R_cb63a1ebfc31098d@19,F_proj,8,lift,1,1,F,,,,,,17,0,0,152,338,17,17,1.0,0.0,0.0,0.6286854293291841,0.12573708586583685,0.045973884657236126,14,1.0,1.0000;1.0000;0.6667;0.6667;0.6471,M2,M2,M2,1,M1:4;M2:147,151,4,lift,require#1,1,1,16,1,0,16,1.0000:3/1/0/3;1.0000:15/1/0/15;0.6667:7/1/4/7;0.6667:7/1/4/7;0.6471:10/1/6/10
359,1,R_cb63a1ebfc31098d,19,R_cb63a1ebfc31098d@19,F_proj,14,push,1,0,F,,,,,,17,0,0,153,340,17,17,1.0,0.0,0.0,0.33978892539755756,0.2873502929238024,0.04705246078961601,14,1.0,1.0000;0.7500;0.5882;0.5833;0.5833,M2,M2,M2,1,M1:4;M2:148,152,4,push,cause#1,1,1,16,1,0,16,1.0000:15/1/0/15;0.7500:3/0/1/3;0.5882:10/0/7/10;0.5833:7/0/5/7;0.5833:7/0/5/7
360,1,R_7b6b1008b48c1115,6,R_7b6b1008b48c1115@6,F_proj,13,press,1,1,F,,,,,,17,0,0,158,354,17,17,1.0,0.0,0.0,2.235331680853011,0.3725552801421685,0.023729270594580017,14,1.0,1.0000;1.0000;1.0000;1.0000;0.6471,M1,M1,M1,1,M1:152;M2:5,157,5,press,avert#1,1,1,16,1,0,16,1.0000:4/0/0/4;1.0000:10/1/0/10;1.0000:7/0/0/7;1.0000:15/1/0/15;0.6471:10/1/6/10
361,1,R_cb63a1ebfc31098d,19,R_cb63a1ebfc31098d@19,F_proj,8,lift,1,0,F,,,,,,17,0,0,154,342,17,17,1.0,0.0,0.0,1.6360784280245426,0.32721568560490855,0.04598010217800484,14,1.0,1.0000;1.0000;0.6667;0.6667;0.6471,M2,M2,M2,1,M1:4;M2:149,153,4,lift,require#1,1,1,16,1,0,16,1.0000:3/1/0/3;1.0000:15/1/0/15;0.6667:7/1/4/7;0.6667:7/1/4/7;0.6471:10/1/6/10
363,1,R_7b6b1008b48c1115,6,R_7b6b1008b48c1115@6,F_proj,7,break,1,0,F,,,,,,17,0,0,159,357,17,17,1.0,0.0,0.0,1.061947923722787,0.1769913206204645,0.02286401925391095,14,1.0,1.0000;1.0000;1.0000;1.0000;0.6667,M1,M1,M1,1,M1:153;M2:5,158,5,break,enable#0,1,1,16,1,0,16,1.0000:4/0/0/4;1.0000:11/0/0/11;1.0000:7/0/0/7;1.0000:15/1/0/15;0.6667:7/1/4/7
364,1,R_cb63a1ebfc31098d,19,R_cb63a1ebfc31098d@19,F_proj,5,lock,1,1,F,,,,,,17,0,0,156,345,17,17,1.0,0.0,0.0,1.0270861501735296,0.1711810250289216,0.023469795972796373,14,1.0,1.0000;1.0000;0.6667;0.6471;0.5833,M2,M2,M2,1,M1:4;M2:151,155,4,lock,hinder#0,1,1,16,1,0,16,1.0000:4/0/0/4;1.0000:15/1/0/15;0.6667:7/1/4/7;0.6471:10/1/6/10;0.5833:7/0/5/7
365,1,R_7b6b1008b48c1115,6,R_7b6b1008b48c1115@6,F_proj,7,break,1,0,F,,,,,,17,0,0,160,359,17,17,1.0,0.0,0.0,1.0516941780975935,0.1752823630162656,0.022733315607551183,14,1.0,1.0000;1.0000;1.0000;1.0000;0.6667,M1,M1,M1,1,M1:154;M2:5,159,5,break,enable#0,1,1,16,1,0,16,1.0000:4/0/0/4;1.0000:11/0/0/11;1.0000:7/0/0/7;1.0000:15/1/0/15;0.6667:7/1/4/7
366,1,R_0e5d236bf5b42b15,20,R_0e5d236bf5b42b15@20,F_proj,2,bend,1,1,F,,,,,,17,0,0,16,346,17,17,1.0,0.0,0.0,0.5697312486397902,0.0949552081066317,0.022676037660787695,14,1.0,1.0000;1.0000;1.0000;0.7500;0.6471,M2,M2,M2,1,M2:15,15,0,bend,hinder#1,1,1,16,1,0,16,1.0000:7/0/0/7;1.0000:11/1/0/11;1.0000:12/0/0/12;0.7500:3/0/1/3;0.6471:10/1/6/10
367,1,R_7b6b1008b48c1115,6,R_7b6b1008b48c1115@6,F_proj,10,cut,1,1,F,,,,,,17,0,0,162,361,17,17,1.0,0.0,0.0,0.9089384782711827,0.15148974637853047,0.022351540801481287,14,1.0,1.0000;1.0000;1.0000;1.0000;0.6667,M1,M1,M1,1,M1:155;M2:6,161,6,cut,enable#1,1,1,16,1,0,16,1.0000:4/0/0/4;1.0000:10/1/0/10;1.0000:7/0/0/7;1.0000:15/1/0/15;0.6667:7/1/4/7
369,1,R_7b6b1008b48c1115,6,R_7b6b1008b48c1115@6,F_proj,13,press,1,1,F,,,,,,17,0,0,163,363,17,17,1.0,0.0,0.0,2.7690176797334485,0.4615029466222414,0.02368421052631579,14,1.0,1.0000;1.0000;1.0000;1.0000;0.6471,M1,M1,M1,1,M1:156;M2:6,162,6,press,avert#1,1,1,16,1,0,16,1.0000:4/0/0/4;1.0000:10/1/0/10;1.0000:7/0/0/7;1.0000:15/1/0/15;0.6471:10/1/6/10
370,1,R_cb63a1ebfc31098d,19,R_cb63a1ebfc31098d@19,F_proj,1,bend,1,1,F,,,,,,17,0,0,158,351,17,17,1.0,0.0,0.0,1.43557415142395,0.2392623585706583,0.022703412073490813,14,1.0,1.0000;1.0000;0.6667;0.6667;0.6471,M2,M2,M2,1,M1:4;M2:153,157,4,bend,hinder#1,1,1,16,1,0,16,1.0000:4/0/0/4;1.0000:15/1/0/15;0.6667:7/1/4/7;0.6667:8/0/4/8;0.6471:10/1/6/10
373,1,R_cb63a1ebfc31098d,19,R_cb63a1ebfc31098d@19,F_proj,1,bend,1,0,F,,,,,,17,0,0,159,354,17,17,1.0,0.0,0.0,2.8127274886938047,0.46878791478230075,0.0226503514709711,14,1.0,1.0000;1.0000;0.6667;0.6667;0.6471,M2,M2,M2,1,M1:4;M2:154,158,4,bend,hinder#1,1,1,16,1,0,16,1.0000:4/0/0/4;1.0000:15/1/0/15;0.6667:7/1/4/7;0.6667:8/0/4/8;0.6471:10/1/6/10
374,1,R_7b6b1008b48c1115,6,R_7b6b1008b48c1115@6,F_proj,13,press,1,1,F,,,,,,17,0,0,166,368,17,17,1.0,0.0,0.0,3.5874063844070467,0.5979010640678412,0.02375697780085681,14,1.0,1.0000;1.0000;1.0000;1.0000;0.6471,M1,M1,M1,1,M1:159;M2:6,165,6,press,avert#1,1,1,16,1,0,16,1.0000:4/0/0/4;1.0000:10/1/0/10;1.0000:7/0/0/7;1.0000:15/1/0/15;0.6471:10/1/6/10
376,1,R_7b6b1008b48c1115,6,R_7b6b1008b48c1115@6,F_proj,13,press,1,1,F,,,,,,17,0,0,167,370,17,17,1.0,0.0,0.0,5.070660809390579,0.8451101348984298,0.023757262750161396,14,1.0,1.0000;1.0000;1.0000;1.0000;0.6471,M1,M1,M1,1,M1:160;M2:6,166,6,press,avert#1,1,1,16,1,0,16,1.0000:4/0/0/4;1.0000:10/1/0/10;1.0000:7/0/0/7;1.0000:15/1/0/15;0.6471:10/1/6/10
377,1,R_cb63a1ebfc31098d,19,R_cb63a1ebfc31098d@19,F_proj,14,push,1,0,F,,,,,,17,0,0,161,358,17,17,1.0,0.0,0.0,0.320177122747242,0.2579489806720124,0.04699974246716456,14,1.0,1.0000;0.7500;0.5882;0.5833;0.5833,M2,M2,M2,1,M1:4;M2:156,160,4,push,cause#1,1,1,16,1,0,16,1.0000:15/1/0/15;0.7500:3/0/1/3;0.5882:10/0/7/10;0.5833:7/0/5/7;0.5833:7/0/5/7
378,1,R_cb63a1ebfc31098d,19,R_cb63a1ebfc31098d@19,F_proj,8,lift,1,1,F,,,,,,17,0,0,162,359,17,17,1.0,0.0,0.0,1.022898587182958,0.20457971743659156,0.045974059329651984,14,1.0,1.0000;1.0000;0.6667;0.6667;0.6471,M2,M2,M2,1,M1:4;M2:157,161,4,lift,require#1,1,1,16,1,0,16,1.0000:3/1/0/3;1.0000:15/1/0/15;0.6667:7/1/4/7;0.6667:7/1/4/7;0.6471:10/1/6/10
381,1,R_cb63a1ebfc31098d,19,R_cb63a1ebfc31098d@19,F_proj,4,drag,1,1,F,,,,,,17,0,0,163,362,17,17,1.0,0.0,0.0,1.6966000971132522,0.2827666828522087,0.023326959847036328,14,1.0,1.0000;1.0000;0.6667;0.6471;0.5833,M2,M2,M2,1,M1:4;M2:158,162,4,drag,permit#1,1,1,16,1,0,16,1.0000:4/0/0/4;1.0000:15/1/0/15;0.6667:7/1/4/7;0.6471:10/1/6/10;0.5833:7/0/5/7
383,1,R_7b6b1008b48c1115,6,R_7b6b1008b48c1115@6,F_proj,15,turn,1,0,F,,,,,,17,0,0,170,377,17,17,1.0,0.0,0.0,1.7392729008459966,0.2898788168076661,0.023456320527450236,14,1.0,1.0000;1.0000;1.0000;1.0000;0.6667,M1,M1,M1,1,M1:163;M2:6,169,6,turn,avert#0,1,1,16,1,0,16,1.0000:4/0/0/4;1.0000:10/1/0/10;1.0000:7/0/0/7;1.0000:15/1/0/15;0.6667:8/0/4/8
384,1,R_0e5d236bf5b42b15,20,R_0e5d236bf5b42b15@20,F_proj,0,carry,1,0,F,,,,,,17,0,0,16,364,17,17,1.0,0.0,0.0,0.16316609054771072,0.032633218109542145,0.04678806272129489,14,1.0,1.0000;1.0000;1.0000;0.7500;0.6471,M2,M2,M2,1,M2:15,15,0,carry,require#0,1,1,16,1,0,16,1.0000:6/1/0/6;1.0000:11/1/0/11;1.0000:11/1/0/11;0.7500:3/0/1/3;0.6471:10/1/6/10
385,1,R_7b6b1008b48c1115,6,R_7b6b1008b48c1115@6,F_proj,10,cut,1,0,F,,,,,,17,0,0,171,379,17,17,1.0,0.0,0.0,1.4301571778572122,0.23835952964286872,0.02245206861755802,14,1.0,1.0000;1.0000;1.0000;1.0000;0.6667,M1,M1,M1,1,M1:164;M2:6,170,6,cut,enable#1,1,1,16,1,0,16,1.0000:4/0/0/4;1.0000:10/1/0/10;1.0000:7/0/0/7;1.0000:15/1/0/15;0.6667:7/1/4/7
386,1,R_7b6b1008b48c1115,6,R_7b6b1008b48c1115@6,F_proj,2,lift,1,1,F,,,,,,17,0,0,172,380,17,17,1.0,0.0,0.0,1.075350061645597,0.2150700123291194,0.046037735849056606,14,1.0,1.0000;1.0000;1.0000;0.9091;0.6667,M1,M1,M1,1,M1:165;M2:6,171,6,lift,require#1,1,1,16,1,0,16,1.0000:3/1/0/3;1.0000:6/1/0/6;1.0000:15/1/0/15;0.9091:10/0/1/10;0.6667:7/1/4/7
389,1,R_cb63a1ebfc31098d,19,R_cb63a1ebfc31098d@19,F_proj,15,pull,1,0,F,,,,,,17,0,0,167,370,17,17,1.0,0.0,0.0,1.193066503069104,0.19884441717818394,0.02333416521088096,14,1.0,1.0000;1.0000;0.6667;0.6667;0.6471,M2,M2,M2,1,M1:4;M2:162,166,4,pull,permit#0,1,1,16,1,0,16,1.0000:4/0/0/4;1.0000:15/1/0/15;0.6667:8/0/4/8;0.6667:7/1/4/7;0.6471:10/1/6/10
391,1,R_cb63a1ebfc31098d,19,R_cb63a1ebfc31098d@19,F_proj,8,lift,1,1,F,,,,,,17,0,0,168,372,17,17,1.0,0.0,0.0,1.4575560235154157,0.2915112047030831,0.046052631578947366,14,1.0,1.0000;1.0000;0.6667;0.6667;0.6471,M2,M2,M2,1,M1:4;M2:163,167,4,lift,require#1,1,1,16,1,0,16,1.0000:3/1/0/3;1.0000:15/1/0/15;0.6667:7/1/4/7;0.6667:7/1/4/7;0.6471:10/1/6/10
392,1,R_7b6b1008b48c1115,6,R_7b6b1008b48c1115@6,F_proj,12,push,1,1,F,,,,,,17,0,0,175,386,17,17,1.0,0.0,0.0,0.23900971797824475,0.1302541843031429,0.04692917285785042,14,1.0,1.0000;1.0000;1.0000;0.7500;0.6364,M1,M1,M1,1,M1:168;M2:6,174,6,push,cause#1,1,1,16,1,0,16,1.0000:10/1/0/10;1.0000:6/1/0/6;1.0000:15/1/0/15;0.7500:3/0/1/3;0.6364:7/0/4/7
394,1,R_cb63a1ebfc31098d,19,R_cb63a1ebfc31098d@19,F_proj,15,pull,1,0,F,,,,,,17,0,0,170,375,17,17,1.0,0.0,0.0,1.1425769364337497,0.19042948940562493,0.02327586206896552,14,1.0,1.0000;1.0000;0.6667;0.6667;0.6471,M2,M2,M2,1,M1:4;M2:165,169,4,pull,permit#0,1,1,16,1,0,16,1.0000:4/0/0/4;1.0000:15/1/0/15;0.6667:8/0/4/8;0.6667:7/1/4/7;0.6471:10/1/6/10
395,1,R_7b6b1008b48c1115,6,R_7b6b1008b48c1115@6,F_proj,10,cut,1,1,F,,,,,,17,0,0,176,389,17,17,1.0,0.0,0.0,1.2953246610457183,0.21588744350761974,0.02235872235872236,14,1.0,1.0000;1.0000;1.0000;1.0000;0.6667,M1,M1,M1,1,M1:169;M2:6,175,6,cut,enable#1,1,1,16,1,0,16,1.0000:4/0/0/4;1.0000:10/1/0/10;1.0000:7/0/0/7;1.0000:15/1/0/15;0.6667:7/1/4/7
396,1,R_cb63a1ebfc31098d,19,R_cb63a1ebfc31098d@19,F_proj,1,bend,1,1,F,,,,,,17,0,0,171,377,17,17,1.0,0.0,0.0,1.670861294992782,0.27847688249879693,0.022666013232050967,14,1.0,1.0000;1.0000;0.6667;0.6667;0.6471,M2,M2,M2,1,M1:4;M2:166,170,4,bend,hinder#1,1,1,16,1,0,16,1.0000:4/0/0/4;1.0000:15/1/0/15;0.6667:7/1/4/7;0.6667:8/0/4/8;0.6471:10/1/6/10
397,1,R_7b6b1008b48c1115,6,R_7b6b1008b48c1115@6,F_proj,7,break,1,1,F,,,,,,17,0,0,177,391,17,17,1.0,0.0,0.0,0.9247392978081831,0.15412321630136386,0.022730050103873883,14,1.0,1.0000;1.0000;1.0000;1.0000;0.6667,M1,M1,M1,1,M1:170;M2:6,176,6,break,enable#0,1,1,16,1,0,16,1.0000:4/0/0/4;1.0000:11/0/0/11;1.0000:7/0/0/7;1.0000:15/1/0/15;0.6667:7/1/4/7
400,1,R_7b6b1008b48c1115,6,R_7b6b1008b48c1115@6,F_proj,14,hold,1,1,F,,,,,,17,0,0,179,394,17,17,1.0,0.0,0.0,1.4559188937852352,0.2478416306341191,0.023766218018673457,14,1.0,1.0000;1.0000;1.0000;1.0000;0.9167,M1,M1,M1,1,M1:172;M2:6,178,6,hold,cause#0,1,1,16,1,0,16,1.0000:4/0/0/4;1.0000:10/1/0/10;1.0000:6/1/0/6;1.0000:15/1/0/15;0.9167:10/1/1/10
401,1,R_cb63a1ebfc31098d,19,R_cb63a1ebfc31098d@19,F_proj,14,push,1,1,F,,,,,,17,0,0,173,382,17,17,1.0,0.0,0.0,0.2985944602465517,0.23078049080056018,0.04693359138744405,14,1.0,1.0000;0.7500;0.5882;0.5833;0.5833,M2,M2,M2,1,M1:4;M2:168,172,4,push,cause#1,1,1,16,1,0,16,1.0000:15/1/0/15;0.7500:3/0/1/3;0.5882:10/0/7/10;0.5833:7/0/5/7;0.5833:7/0/5/7
405,1,R_7b6b1008b48c1115,6,R_7b6b1008b48c1115@6,F_proj,14,hold,1,1,F,,,,,,17,0,0,181,399,17,17,1.0,0.0,0.0,2.4947312276967524,0.4209335245784204,0.0237125748502994,14,1.0,1.0000;1.0000;1.0000;1.0000;0.9167,M1,M1,M1,1,M1:174;M2:6,180,6,hold,cause#0,1,1,16,1,0,16,1.0000:4/0/0/4;1.0000:10/1/0/10;1.0000:6/1/0/6;1.0000:15/1/0/15;0.9167:10/1/1/10
406,1,R_7b6b1008b48c1115,6,R_7b6b1008b48c1115@6,F_proj,13,press,1,1,F,,,,,,17,0,0,182,400,17,17,1.0,0.0,0.0,3.0401831331159856,0.5066971888526642,0.023769708552317248,14,1.0,1.0000;1.0000;1.0000;1.0000;0.6471,M1,M1,M1,1,M1:175;M2:6,181,6,press,avert#1,1,1,16,1,0,16,1.0000:4/0/0/4;1.0000:10/1/0/10;1.0000:7/0/0/7;1.0000:15/1/0/15;0.6471:10/1/6/10
408,1,R_8b0d2a6b7293001d,140,R_8b0d2a6b7293001d@140,F_proj,10,push,1,1,F,,,,,,17,0,0,13,268,17,17,1.0,0.0,0.0,0.0,0.03996983867366192,0.0469511470343516,14,1.0,1.0000;1.0000;1.0000;0.6364;0.5882,M1,M1,M1,1,M1:12,12,0,push,cause#1,1,1,16,1,0,16,1.0000:11/0/0/11;1.0000:11/1/0/11;1.0000:15/1/0/15;0.6364:7/0/4/7;0.5882:10/0/7/10
409,1,R_cb63a1ebfc31098d,19,R_cb63a1ebfc31098d@19,F_proj,1,bend,1,0,F,,,,,,17,0,0,177,390,17,17,1.0,0.0,0.0,2.165079173104641,0.3608465288507735,0.022643746295198577,14,1.0,1.0000;1.0000;0.6667;0.6667;0.6471,M2,M2,M2,1,M1:4;M2:172,176,4,bend,hinder#1,1,1,16,1,0,16,1.0000:4/0/0/4;1.0000:15/1/0/15;0.6667:7/1/4/7;0.6667:8/0/4/8;0.6471:10/1/6/10
411,1,R_0e5d236bf5b42b15,20,R_0e5d236bf5b42b15@20,F_proj,6,drag,1,0,F,,,,,,17,0,0,16,391,17,17,1.0,0.0,0.0,0.5082053471742669,0.08470089119571116,0.02335731980653533,14,1.0,1.0000;1.0000;0.9167;0.7500;0.6471,M2,M2,M2,1,M2:15,15,0,drag,permit#1,1,1,16,1,0,16,1.0000:7/0/0/7;1.0000:11/1/0/11;0.9167:11/0/1/11;0.7500:3/0/1/3;0.6471:10/1/6/10
413,1,R_cb63a1ebfc31098d,19,R_cb63a1ebfc31098d@19,F_proj,15,pull,1,0,F,,,,,,17,0,0,178,394,17,17,1.0,0.0,0.0,1.003023052305394,0.16717050871756567,0.023135642982971227,14,1.0,1.0000;1.0000;0.6667;0.6667;0.6471,M2,M2,M2,1,M1:4;M2:173,177,4,pull,permit#0,1,1,16,1,0,16,1.0000:4/0/0/4;1.0000:15/1/0/15;0.6667:8/0/4/8;0.6667:7/1/4/7;0.6471:10/1/6/10
417,1,R_8b0d2a6b7293001d,140,R_8b0d2a6b7293001d@140,F_proj,16,break,1,1,F,,,,,,17,0,0,13,277,17,17,1.0,0.0,0.0,0.23485663199307102,0.03914277199884517,0.02280130293159609,14,1.0,1.0000;1.0000;1.0000;0.7500;0.7273,M1,M1,M1,1,M1:12,12,0,break,enable#0,1,1,16,1,0,16,1.0000:10/1/0/10;1.0000:11/1/0/11;1.0000:15/1/0/15;0.7500:3/0/1/3;0.7273:8/0/3/8
418,1,R_0e5d236bf5b42b15,20,R_0e5d236bf5b42b15@20,F_proj,15,lock,1,0,F,,,,,,17,0,0,18,398,17,17,1.0,0.0,0.0,0.38089582474796874,0.06348263745799479,0.023560817084493965,14,1.0,1.0000;1.0000;0.9167;0.7500;0.6471,M2,M2,M2,1,M2:17,17,0,lock,hinder#0,1,1,16,1,0,16,1.0000:7/0/0/7;1.0000:11/1/0/11;0.9167:11/0/1/11;0.7500:3/0/1/3;0.6471:10/1/6/10
419,1,R_7b6b1008b48c1115,6,R_7b6b1008b48c1115@6,F_proj,15,turn,1,1,F,,,,,,17,0,0,187,413,17,17,1.0,0.0,0.0,1.548373490839353,0.2580622484732255,0.023387750376288062,14,1.0,1.0000;1.0000;1.0000;1.0000;0.6667,M1,M1,M1,1,M1:180;M2:6,186,6,turn,avert#0,1,1,16,1,0,16,1.0000:4/0/0/4;1.0000:10/1/0/10;1.0000:7/0/0/7;1.0000:15/1/0/15;0.6667:8/0/4/8
421,1,R_8b0d2a6b7293001d,140,R_8b0d2a6b7293001d@140,F_proj,0,carry,1,0,F,,,,,,17,0,0,13,281,17,17,1.0,0.0,0.0,0.19394025354944136,0.03878805070988827,0.04678497349619728,14,1.0,1.0000;1.0000;1.0000;0.7500;0.7273,M1,M1,M1,1,M1:12,12,0,carry,require#0,1,1,16,1,0,16,1.0000:10/1/0/10;1.0000:11/1/0/11;1.0000:15/1/0/15;0.7500:3/0/1/3;0.7273:8/0/3/8
422,1,R_7b6b1008b48c1115,6,R_7b6b1008b48c1115@6,F_proj,7,break,1,1,F,,,,,,17,0,0,188,416,17,17,1.0,0.0,0.0,1.3215205683575035,0.22025342805958392,0.022881453374726916,14,1.0,1.0000;1.0000;1.0000;1.0000;0.6667,M1,M1,M1,1,M1:181;M2:6,187,6,break,enable#0,1,1,16,1,0,16,1.0000:4/0/0/4;1.0000:11/0/0/11;1.0000:7/0/0/7;1.0000:15/1/0/15;0.6667:7/1/4/7
425,1,R_0e5d236bf5b42b15,20,R_0e5d236bf5b42b15@20,F_proj,1,hold,1,1,F,,,,,,17,0,0,19,405,17,17,1.0,0.0,0.0,0.4877242713038662,0.08893961238251,0.02386934673366834,14,1.0,1.0000;1.0000;1.0000;0.8824;0.8750,M2,M2,M2,1,M2:18,18,0,hold,cause#0,1,1,16,1,0,16,1.0000:6/1/0/6;1.0000:11/1/0/11;1.0000:11/1/0/11;0.8824:14/1/2/14;0.8750:13/1/2/13
427,1,R_8b0d2a6b7293001d,140,R_8b0d2a6b7293001d@140,F_proj,9,hold_b,1,1,F,,,,,,17,0,0,15,287,17,17,1.0,0.0,0.0,0.3639319222549003,0.06065532037581672,0.02307604865294987,14,1.0,1.0000;1.0000;1.0000;1.0000;0.9091,M1,M1,M1,1,M1:14,14,0,hold_b,cause#0,1,0,16,1,0,16,1.0000:6/1/0/6;1.0000:10/1/0/10;1.0000:11/1/0/11;1.0000:15/1/0/15;0.9091:9/1/1/9
428,1,R_8b0d2a6b7293001d,140,R_8b0d2a6b7293001d@140,F_proj,6,press,1,1,F,,,,,,17,0,0,16,288,17,17,1.0,0.0,0.0,0.22911138026241765,0.03818523004373627,0.02381492401905194,14,1.0,1.0000;0.9167;0.9091;0.7500;0.7273,M1,M1,M1,1,M1:15,15,0,press,avert#1,1,1,16,1,0,16,1.0000:15/1/0/15;0.9167:11/0/1/11;0.9091:10/0/1/10;0.7500:3/0/1/3;0.7273:7/1/3/7
430,1,R_7b6b1008b48c1115,6,R_7b6b1008b48c1115@6,F_proj,10,cut,1,0,F,,,,,,17,0,0,189,424,17,17,1.0,0.0,0.0,1.4706286326337727,0.24510477210562884,0.02257591150242691,14,1.0,1.0000;1.0000;1.0000;1.0000;0.6667,M1,M1,M1,1,M1:182;M2:6,188,6,cut,enable#1,1,1,16,1,0,16,1.0000:4/0/0/4;1.0000:10/1/0/10;1.0000:7/0/0/7;1.0000:15/1/0/15;0.6667:7/1/4/7
432,1,R_8b0d2a6b7293001d,140,R_8b0d2a6b7293001d@140,F_proj,9,hold_b,1,0,F,,,,,,17,0,0,17,292,17,17,1.0,0.0,0.0,1.444446711216438,0.240741118536073,0.02326104056635577,14,1.0,1.0000;1.0000;1.0000;1.0000;0.9091,M1,M1,M1,1,M1:16,16,0,hold_b,cause#0,1,0,16,1,0,16,1.0000:6/1/0/6;1.0000:10/1/0/10;1.0000:11/1/0/11;1.0000:15/1/0/15;0.9091:9/1/1/9
433,1,R_cb63a1ebfc31098d,19,R_cb63a1ebfc31098d@19,F_proj,5,lock,1,1,F,,,,,,17,0,0,186,414,17,17,1.0,0.0,0.0,1.1343859809900203,0.1890643301650034,0.023430493273542602,14,1.0,1.0000;1.0000;0.6667;0.6471;0.5833,M2,M2,M2,1,M1:5;M2:180,185,5,lock,hinder#0,1,1,16,1,0,16,1.0000:4/0/0/4;1.0000:15/1/0/15;0.6667:7/1/4/7;0.6471:10/1/6/10;0.5833:7/0/5/7
434,1,R_cb63a1ebfc31098d,19,R_cb63a1ebfc31098d@19,F_proj,15,pull,1,0,F,,,,,,17,0,0,187,415,17,17,1.0,0.0,0.0,0.9009593432602567,0.15015989054337608,0.02315177273235656,14,1.0,1.0000;1.0000;0.6667;0.6667;0.6471,M2,M2,M2,1,M1:5;M2:181,186,5,pull,permit#0,1,1,16,1,0,16,1.0000:4/0/0/4;1.0000:15/1/0/15;0.6667:8/0/4/8;0.6667:7/1/4/7;0.6471:10/1/6/10
436,1,R_cb63a1ebfc31098d,19,R_cb63a1ebfc31098d@19,F_proj,0,hold_b,1,1,F,,,,,,17,0,0,188,417,17,17,1.0,0.0,0.0,0.8241890938048062,0.13237787994456685,0.02338269680436477,14,1.0,1.0000;1.0000;1.0000;0.9167;0.9167,M2,M2,M2,1,M1:5;M2:182,187,5,hold_b,cause#0,1,0,16,1,0,16,1.0000:4/0/0/4;1.0000:6/1/0/6;1.0000:15/1/0/15;0.9167:10/1/1/10;0.9167:10/1/1/10
437,1,R_8b0d2a6b7293001d,140,R_8b0d2a6b7293001d@140,F_proj,2,lift,1,0,F,,,,,,17,0,0,19,297,17,17,1.0,0.0,0.0,0.3969683249543701,0.07939366499087402,0.046323039324594535,14,1.0,1.0000;1.0000;1.0000;0.7500;0.6471,M1,M1,M1,1,M1:18,18,0,lift,require#1,1,1,16,1,0,16,1.0000:10/1/0/10;1.0000:11/1/0/11;1.0000:15/1/0/15;0.7500:2/1/1/2;0.6471:10/1/6/10
438,1,R_cb63a1ebfc31098d,19,R_cb63a1ebfc31098d@19,F_proj,14,push,1,1,F,,,,,,17,0,0,189,419,17,17,1.0,0.0,0.0,0.2721686055020973,0.2649947315907187,0.04710707160274884,14,1.0,1.0000;0.7500;0.5882;0.5833;0.5833,M2,M2,M2,1,M1:5;M2:183,188,5,push,cause#1,1,1,16,1,0,16,1.0000:15/1/0/15;0.7500:3/0/1/3;0.5882:10/0/7/10;0.5833:7/0/5/7;0.5833:7/0/5/7
439,1,R_8b0d2a6b7293001d,140,R_8b0d2a6b7293001d@140,F_proj,0,carry,1,1,F,,,,,,17,0,0,20,299,17,17,1.0,0.0,0.0,0.18640615221725165,0.03728123044345033,0.046776512219396216,14,1.0,1.0000;1.0000;1.0000;0.7500;0.7273,M1,M1,M1,1,M1:19,19,0,carry,require#0,1,1,16,1,0,16,1.0000:10/1/0/10;1.0000:11/1/0/11;1.0000:15/1/0/15;0.7500:3/0/1/3;0.7273:8/0/3/8
440,1,R_cb63a1ebfc31098d,19,R_cb63a1ebfc31098d@19,F_proj,8,lift,1,1,F,,,,,,17,0,0,190,421,17,17,1.0,0.0,0.0,1.2279427152697293,0.2455885430539459,0.04622683142100618,14,1.0,1.0000;1.0000;0.6667;0.6667;0.6471,M2,M2,M2,1,M1:5;M2:184,189,5,lift,require#1,1,1,16,1,0,16,1.0000:3/1/0/3;1.0000:15/1/0/15;0.6667:7/1/4/7;0.6667:7/1/4/7;0.6471:10/1/6/10
441,1,R_7b6b1008b48c1115,6,R_7b6b1008b48c1115@6,F_proj,14,hold,1,0,F,,,,,,17,0,0,190,435,17,17,1.0,0.0,0.0,1.9164325249324887,0.3242598913464376,0.02322765301629238,14,1.0,1.0000;1.0000;1.0000;1.0000;0.9167,M1,M1,M1,1,M1:183;M2:6,189,6,hold,cause#0,1,1,16,1,0,16,1.0000:4/0/0/4;1.0000:10/1/0/10;1.0000:6/1/0/6;1.0000:15/1/0/15;0.9167:10/1/1/10
443,1,R_0e5d236bf5b42b15,20,R_0e5d236bf5b42b15@20,F_proj,16,push,1,1,F,,,,,,17,0,0,20,423,17,17,1.0,0.0,0.0,0.22330956717420622,0.11327299940597844,0.047128452433143356,14,1.0,1.0000;1.0000;1.0000;0.5882;0.5625,M2,M2,M2,1,M2:19,19,0,push,cause#1,1,1,16,1,0,16,1.0000:6/1/0/6;1.0000:11/1/0/11;1.0000:11/1/0/11;0.5882:10/0/7/10;0.5625:9/0/7/9
445,1,R_cb63a1ebfc31098d,19,R_cb63a1ebfc31098d@19,F_proj,14,push,1,1,F,,,,,,17,0,0,192,426,17,17,1.0,0.0,0.0,0.2678557207304313,0.4069136538009948,0.04714098646879092,14,1.0,1.0000;0.7500;0.5882;0.5833;0.5833,M2,M2,M2,1,M1:5;M2:186,191,5,push,cause#1,1,1,16,1,0,16,1.0000:15/1/0/15;0.7500:3/0/1/3;0.5882:10/0/7/10;0.5833:7/0/5/7;0.5833:7/0/5/7
446,1,R_7b6b1008b48c1115,6,R_7b6b1008b48c1115@6,F_proj,2,lift,1,1,F,,,,,,17,0,0,192,440,17,17,1.0,0.0,0.0,1.1548929419715304,0.23097858839430607,0.046276132404181186,14,1.0,1.0000;1.0000;1.0000;0.9091;0.6667,M1,M1,M1,1,M1:185;M2:6,191,6,lift,require#1,1,1,16,1,0,16,1.0000:3/1/0/3;1.0000:6/1/0/6;1.0000:15/1/0/15;0.9091:10/0/1/10;0.6667:7/1/4/7
448,1,R_7b6b1008b48c1115,6,R_7b6b1008b48c1115@6,F_proj,12,push,1,1,F,,,,,,17,0,0,193,442,17,17,1.0,0.0,0.0,0.21797796280055873,0.16611429641662856,0.04715447154471545,14,1.0,1.0000;1.0000;1.0000;0.7500;0.6364,M1,M1,M1,1,M1:186;M2:6,192,6,push,cause#1,1,1,16,1,0,16,1.0000:10/1/0/10;1.0000:6/1/0/6;1.0000:15/1/0/15;0.7500:3/0/1/3;0.6364:7/0/4/7
451,1,R_7b6b1008b48c1115,6,R_7b6b1008b48c1115@6,F_proj,15,turn,1,1,F,,,,,,17,0,0,194,445,17,17,1.0,0.0,0.0,1.8291791185086028,0.30486318641810045,0.023363479758828597,14,1.0,1.0000;1.0000;1.0000;1.0000;0.6667,M1,M1,M1,1,M1:187;M2:6,193,6,turn,avert#0,1,1,16,1,0,16,1.0000:4/0/0/4;1.0000:10/1/0/10;1.0000:7/0/0/7;1.0000:15/1/0/15;0.6667:8/0/4/8
452,1,R_7b6b1008b48c1115,6,R_7b6b1008b48c1115@6,F_proj,12,push,1,1,F,,,,,,17,0,0,195,446,17,17,1.0,0.0,0.0,0.21663253532784474,0.3661504525979012,0.04716373012462398,14,1.0,1.0000;1.0000;1.0000;0.7500;0.6364,M1,M1,M1,1,M1:188;M2:6,194,6,push,cause#1,1,1,16,1,0,16,1.0000:10/1/0/10;1.0000:6/1/0/6;1.0000:15/1/0/15;0.7500:3/0/1/3;0.6364:7/0/4/7
453,1,R_0e5d236bf5b42b15,20,R_0e5d236bf5b42b15@20,F_proj,1,hold,1,0,F,,,,,,17,0,0,20,433,17,17,1.0,0.0,0.0,0.8982235705691878,0.15701867751737164,0.02326329331046312,14,1.0,1.0000;1.0000;1.0000;0.8824;0.8750,M2,M2,M2,1,M2:19,19,0,hold,cause#0,1,1,16,1,0,16,1.0000:6/1/0/6;1.0000:11/1/0/11;1.0000:11/1/0/11;0.8824:14/1/2/14;0.8750:13/1/2/13
455,1,R_7b6b1008b48c1115,6,R_7b6b1008b48c1115@6,F_proj,7,break,1,1,F,,,,,,17,0,0,196,449,17,17,1.0,0.0,0.0,1.4801304303540792,0.24668840505901318,0.02295291982491726,14,1.0,1.0000;1.0000;1.0000;1.0000;0.6667,M1,M1,M1,1,M1:189;M2:6,195,6,break,enable#0,1,1,16,1,0,16,1.0000:4/0/0/4;1.0000:11/0/0/11;1.0000:7/0/0/7;1.0000:15/1/0/15;0.6667:7/1/4/7
456,1,R_7b6b1008b48c1115,6,R_7b6b1008b48c1115@6,F_proj,13,press,1,1,F,,,,,,17,0,0,197,450,17,17,1.0,0.0,0.0,2.482846744755676,0.4138077907926127,0.02386024712398807,14,1.0,1.0000;1.0000;1.0000;1.0000;0.6471,M1,M1,M1,1,M1:190;M2:6,196,6,press,avert#1,1,1,16,1,0,16,1.0000:4/0/0/4;1.0000:10/1/0/10;1.0000:7/0/0/7;1.0000:15/1/0/15;0.6471:10/1/6/10
458,1,R_cb63a1ebfc31098d,19,R_cb63a1ebfc31098d@19,F_proj,8,lift,1,1,F,,,,,,17,0,0,199,439,17,17,1.0,0.0,0.0,1.5773868752169695,0.31547737504339396,0.046341463414634146,14,1.0,1.0000;1.0000;0.6667;0.6667;0.6471,M2,M2,M2,1,M1:5;M2:193,198,5,lift,require#1,1,1,16,1,0,16,1.0000:3/1/0/3;1.0000:15/1/0/15;0.6667:7/1/4/7;0.6667:7/1/4/7;0.6471:10/1/6/10
459,1,R_7b6b1008b48c1115,6,R_7b6b1008b48c1115@6,F_proj,14,hold,1,0,F,,,,,,17,0,0,198,453,17,17,1.0,0.0,0.0,1.6949955142964352,0.2872217424072434,0.02317215109512221,14,1.0,1.0000;1.0000;1.0000;1.0000;0.9167,M1,M1,M1,1,M1:191;M2:6,197,6,hold,cause#0,1,1,16,1,0,16,1.0000:4/0/0/4;1.0000:10/1/0/10;1.0000:6/1/0/6;1.0000:15/1/0/15;0.9167:10/1/1/10
461,1,R_7b6b1008b48c1115,6,R_7b6b1008b48c1115@6,F_proj,15,turn,1,1,F,,,,,,17,0,0,199,455,17,17,1.0,0.0,0.0,2.4959131210185226,0.41598552016975376,0.023383189382768062,14,1.0,1.0000;1.0000;1.0000;1.0000;0.6667,M1,M1,M1,1,M1:192;M2:6,198,6,turn,avert#0,1,1,16,1,0,16,1.0000:4/0/0/4;1.0000:10/1/0/10;1.0000:7/0/0/7;1.0000:15/1/0/15;0.6667:8/0/4/8
462,1,R_8b0d2a6b7293001d,140,R_8b0d2a6b7293001d@140,F_proj,2,lift,1,0,F,,,,,,17,0,0,22,322,17,17,1.0,0.0,0.0,0.3750821221704421,0.07501642443408842,0.046352743325625397,14,1.0,1.0000;1.0000;1.0000;0.7500;0.6471,M1,M1,M1,1,M1:21,21,0,lift,require#1,1,1,16,1,0,16,1.0000:10/1/0/10;1.0000:11/1/0/11;1.0000:15/1/0/15;0.7500:2/1/1/2;0.6471:10/1/6/10
463,1,R_0e5d236bf5b42b15,20,R_0e5d236bf5b42b15@20,F_proj,2,bend,1,0,F,,,,,,17,0,0,20,443,17,17,1.0,0.0,0.0,0.6902818017375006,0.1150469669562501,0.022758259045621395,14,1.0,1.0000;1.0000;1.0000;0.7500;0.6471,M2,M2,M2,1,M2:19,19,0,bend,hinder#1,1,1,16,1,0,16,1.0000:7/0/0/7;1.0000:11/1/0/11;1.0000:12/0/0/12;0.7500:3/0/1/3;0.6471:10/1/6/10
464,1,R_0e5d236bf5b42b15,20,R_0e5d236bf5b42b15@20,F_proj,1,hold,1,0,F,,,,,,17,0,0,20,444,17,17,1.0,0.0,0.0,0.8159501920820063,0.14318277951912753,0.02312925170068027,14,1.0,1.0000;1.0000;1.0000;0.8824;0.8750,M2,M2,M2,1,M2:19,19,0,hold,cause#0,1,1,16,1,0,16,1.0000:6/1/0/6;1.0000:11/1/0/11;1.0000:11/1/0/11;0.8824:14/1/2/14;0.8750:13/1/2/13
465,1,R_7b6b1008b48c1115,6,R_7b6b1008b48c1115@6,F_proj,15,turn,1,0,F,,,,,,17,0,0,202,459,17,17,1.0,0.0,0.0,3.5599633507196415,0.5933272251199402,0.023396699394192606,14,1.0,1.0000;1.0000;1.0000;1.0000;0.6667,M1,M1,M1,1,M1:194;M2:7,201,7,turn,avert#0,1,1,16,1,0,16,1.0000:4/0/0/4;1.0000:10/1/0/10;1.0000:7/0/0/7;1.0000:15/1/0/15;0.6667:8/0/4/8
466,1,R_7b6b1008b48c1115,6,R_7b6b1008b48c1115@6,F_proj,14,hold,1,0,F,,,,,,17,0,0,203,460,17,17,1.0,0.0,0.0,1.6300693908437558,0.2763515204054233,0.023139462163852407,14,1.0,1.0000;1.0000;1.0000;1.0000;0.9167,M1,M1,M1,1,M1:195;M2:7,202,7,hold,cause#0,1,1,16,1,0,16,1.0000:4/0/0/4;1.0000:10/1/0/10;1.0000:6/1/0/6;1.0000:15/1/0/15;0.9167:10/1/1/10
467,1,R_cb63a1ebfc31098d,19,R_cb63a1ebfc31098d@19,F_proj,8,lift,1,1,F,,,,,,17,0,0,201,448,17,17,1.0,0.0,0.0,2.10943354103915,0.42188670820783003,0.04628666527980029,14,1.0,1.0000;1.0000;0.6667;0.6667;0.6471,M2,M2,M2,1,M1:5;M2:195,200,5,lift,require#1,1,1,16,1,0,16,1.0000:3/1/0/3;1.0000:15/1/0/15;0.6667:7/1/4/7;0.6667:7/1/4/7;0.6471:10/1/6/10
470,1,R_7b6b1008b48c1115,6,R_7b6b1008b48c1115@6,F_proj,14,hold,1,1,F,,,,,,17,0,0,205,464,17,17,1.0,0.0,0.0,1.5965161130041428,0.2707316985478613,0.023049095607235143,14,1.0,1.0000;1.0000;1.0000;1.0000;0.9167,M1,M1,M1,1,M1:197;M2:7,204,7,hold,cause#0,1,1,16,1,0,16,1.0000:4/0/0/4;1.0000:10/1/0/10;1.0000:6/1/0/6;1.0000:15/1/0/15;0.9167:10/1/1/10
471,1,R_cb63a1ebfc31098d,19,R_cb63a1ebfc31098d@19,F_proj,15,pull,1,0,F,,,,,,17,0,0,203,452,17,17,1.0,0.0,0.0,0.7814974171064826,0.13024956951774708,0.0231023102310231,14,1.0,1.0000;1.0000;0.6667;0.6667;0.6471,M2,M2,M2,1,M1:5;M2:197,202,5,pull,permit#0,1,1,16,1,0,16,1.0000:4/0/0/4;1.0000:15/1/0/15;0.6667:8/0/4/8;0.6667:7/1/4/7;0.6471:10/1/6/10
473,1,R_cb63a1ebfc31098d,19,R_cb63a1ebfc31098d@19,F_proj,14,push,1,1,F,,,,,,17,0,0,204,454,17,17,1.0,0.0,0.0,0.2522576773584738,0.3642645963965029,0.04723277543895677,14,1.0,1.0000;0.7500;0.5882;0.5833;0.5833,M2,M2,M2,1,M1:5;M2:198,203,5,push,cause#1,1,1,16,1,0,16,1.0000:15/1/0/15;0.7500:3/0/1/3;0.5882:10/0/7/10;0.5833:7/0/5/7;0.5833:7/0/5/7
474,1,R_0e5d236bf5b42b15,20,R_0e5d236bf5b42b15@20,F_proj,9,lift,1,1,F,,,,,,17,0,0,21,454,17,17,1.0,0.0,0.0,0.4661286943247736,0.09322573886495474,0.04630673086773896,14,1.0,1.0000;1.0000;1.0000;0.7500;0.6471,M2,M2,M2,1,M2:20,20,0,lift,require#1,1,1,16,1,0,16,1.0000:6/1/0/6;1.0000:11/1/0/11;1.0000:11/1/0/11;0.7500:2/1/1/2;0.6471:10/1/6/10
475,1,R_7b6b1008b48c1115,6,R_7b6b1008b48c1115@6,F_proj,12,push,1,0,F,,,,,,17,0,0,207,469,17,17,1.0,0.0,0.0,0.20924082992726376,0.30659473300306045,0.04722960539766919,14,1.0,1.0000;1.0000;1.0000;0.7500;0.6364,M1,M1,M1,1,M1:199;M2:7,206,7,push,cause#1,1,1,16,1,0,16,1.0000:10/1/0/10;1.0000:6/1/0/6;1.0000:15/1/0/15;0.7500:3/0/1/3;0.6364:7/0/4/7
477,1,R_8b0d2a6b7293001d,140,R_8b0d2a6b7293001d@140,F_proj,0,carry,1,0,F,,,,,,17,0,0,22,337,17,17,1.0,0.0,0.0,0.48297653573482613,0.09659530714696524,0.046736584869157924,14,1.0,1.0000;1.0000;1.0000;0.7500;0.7273,M1,M1,M1,1,M1:21,21,0,carry,require#0,1,1,16,1,0,16,1.0000:10/1/0/10;1.0000:11/1/0/11;1.0000:15/1/0/15;0.7500:3/0/1/3;0.7273:8/0/3/8
479,1,R_cb63a1ebfc31098d,19,R_cb63a1ebfc31098d@19,F_proj,1,bend,1,0,F,,,,,,17,0,0,207,460,17,17,1.0,0.0,0.0,1.3322184923790223,0.22203641539650373,0.0227088402270884,14,1.0,1.0000;1.0000;0.6667;0.6667;0.6471,M2,M2,M2,1,M1:5;M2:201,206,5,bend,hinder#1,1,1,16,1,0,16,1.0000:4/0/0/4;1.0000:15/1/0/15;0.6667:7/1/4/7;0.6667:8/0/4/8;0.6471:10/1/6/10
480,1,R_7b6b1008b48c1115,6,R_7b6b1008b48c1115@6,F_proj,10,cut,1,1,F,,,,,,17,0,0,209,474,17,17,1.0,0.0,0.0,1.1720608956876686,0.19534348261461146,0.022665182636851158,14,1.0,1.0000;1.0000;1.0000;1.0000;0.6667,M1,M1,M1,1,M1:201;M2:7,208,7,cut,enable#1,1,1,16,1,0,16,1.0000:4/0/0/4;1.0000:10/1/0/10;1.0000:7/0/0/7;1.0000:15/1/0/15;0.6667:7/1/4/7
481,1,R_cb63a1ebfc31098d,19,R_cb63a1ebfc31098d@19,F_proj,15,pull,1,1,F,,,,,,17,0,0,208,462,17,17,1.0,0.0,0.0,0.7567796373705158,0.1261299395617526,0.023021001615508886,14,1.0,1.0000;1.0000;0.6667;0.6667;0.6471,M2,M2,M2,1,M1:5;M2:202,207,5,pull,permit#0,1,1,16,1,0,16,1.0000:4/0/0/4;1.0000:15/1/0/15;0.6667:8/0/4/8;0.6667:7/1/4/7;0.6471:10/1/6/10
483,1,R_0e5d236bf5b42b15,20,R_0e5d236bf5b42b15@20,F_proj,8,pull,1,1,F,,,,,,17,0,0,21,463,17,17,1.0,0.0,0.0,0.28272792684171016,0.04712132114028503,0.023024331389503317,14,1.0,1.0000;1.0000;1.0000;0.7500;0.6471,M2,M2,M2,1,M2:20,20,0,pull,permit#0,1,1,16,1,0,16,1.0000:7/0/0/7;1.0000:12/0/0/12;1.0000:11/1/0/11;0.7500:3/0/1/3;0.6471:10/1/6/10
484,1,R_7b6b1008b48c1115,6,R_7b6b1008b48c1115@6,F_proj,7,break,1,1,F,,,,,,17,0,0,212,478,17,17,1.0,0.0,0.0,1.6827776539535702,0.28046294232559504,0.02307615129928765,14,1.0,1.0000;1.0000;1.0000;1.0000;0.6667,M1,M1,M1,1,M1:203;M2:8,211,8,break,enable#0,1,1,16,1,0,16,1.0000:4/0/0/4;1.0000:11/0/0/11;1.0000:7/0/0/7;1.0000:15/1/0/15;0.6667:7/1/4/7
485,1,R_cb63a1ebfc31098d,19,R_cb63a1ebfc31098d@19,F_proj,0,hold_b,1,1,F,,,,,,17,0,0,209,466,17,17,1.0,0.0,0.0,1.0372086315932456,0.16824287461809778,0.023425768345179697,14,1.0,1.0000;1.0000;1.0000;0.9167;0.9167,M2,M2,M2,1,M1:5;M2:203,208,5,hold_b,cause#0,1,0,16,1,0,16,1.0000:4/0/0/4;1.0000:6/1/0/6;1.0000:15/1/0/15;0.9167:10/1/1/10;0.9167:10/1/1/10
486,1,R_7b6b1008b48c1115,6,R_7b6b1008b48c1115@6,F_proj,14,hold,1,0,F,,,,,,17,0,0,213,480,17,17,1.0,0.0,0.0,2.07361819642799,0.35014178513737315,0.023074617920287685,14,1.0,1.0000;1.0000;1.0000;1.0000;0.9167,M1,M1,M1,1,M1:204;M2:8,212,8,hold,cause#0,1,1,16,1,0,16,1.0000:4/0/0/4;1.0000:10/1/0/10;1.0000:6/1/0/6;1.0000:15/1/0/15;0.9167:10/1/1/10
487,1,R_0e5d236bf5b42b15,20,R_0e5d236bf5b42b15@20,F_proj,0,carry,1,0,F,,,,,,17,0,0,21,467,17,17,1.0,0.0,0.0,0.13815197874119595,0.02763039574823919,0.04666001994017946,14,1.0,1.0000;1.0000;1.0000;0.7500;0.6471,M2,M2,M2,1,M2:20,20,0,carry,require#0,1,1,16,1,0,16,1.0000:6/1/0/6;1.0000:11/1/0/11;1.0000:11/1/0/11;0.7500:3/0/1/3;0.6471:10/1/6/10
489,1,R_7b6b1008b48c1115,6,R_7b6b1008b48c1115@6,F_proj,15,turn,1,1,F,,,,,,17,0,0,214,483,17,17,1.0,0.0,0.0,2.3772730501790056,0.39621217502983425,0.023332009531374105,14,1.0,1.0000;1.0000;1.0000;1.0000;0.6667,M1,M1,M1,1,M1:205;M2:8,213,8,turn,avert#0,1,1,16,1,0,16,1.0000:4/0/0/4;1.0000:10/1/0/10;1.0000:7/0/0/7;1.0000:15/1/0/15;0.6667:8/0/4/8
492,1,R_7b6b1008b48c1115,6,R_7b6b1008b48c1115@6,F_proj,10,cut,1,1,F,,,,,,17,0,0,216,486,17,17,1.0,0.0,0.0,1.8174615685779854,0.30291026142966426,0.022691397000789267,14,1.0,1.0000;1.0000;1.0000;1.0000;0.6667,M1,M1,M1,1,M1:207;M2:8,215,8,cut,enable#1,1,1,16,1,0,16,1.0000:4/0/0/4;1.0000:10/1/0/10;1.0000:7/0/0/7;1.0000:15/1/0/15;0.6667:7/1/4/7
494,1,R_cb63a1ebfc31098d,19,R_cb63a1ebfc31098d@19,F_proj,5,lock,1,1,F,,,,,,17,0,0,213,475,17,17,1.0,0.0,0.0,1.2414676702388687,0.2069112783731448,0.02358258818905375,14,1.0,1.0000;1.0000;0.6667;0.6471;0.5833,M2,M2,M2,1,M1:5;M2:207,212,5,lock,hinder#0,1,1,16,1,0,16,1.0000:4/0/0/4;1.0000:15/1/0/15;0.6667:7/1/4/7;0.6471:10/1/6/10;0.5833:7/0/5/7
495,1,R_7b6b1008b48c1115,6,R_7b6b1008b48c1115@6,F_proj,13,press,1,1,F,,,,,,17,0,0,217,489,17,17,1.0,0.0,0.0,2.4433401598431788,0.4072233599738631,0.02383053839364519,14,1.0,1.0000;1.0000;1.0000;1.0000;0.6471,M1,M1,M1,1,M1:208;M2:8,216,8,press,avert#1,1,1,16,1,0,16,1.0000:4/0/0/4;1.0000:10/1/0/10;1.0000:7/0/0/7;1.0000:15/1/0/15;0.6471:10/1/6/10
496,1,R_cb63a1ebfc31098d,19,R_cb63a1ebfc31098d@19,F_proj,0,hold_b,1,0,F,,,,,,17,0,0,214,477,17,17,1.0,0.0,0.0,1.7041249681709048,0.2794689862443312,0.023487962419260128,14,1.0,1.0000;1.0000;1.0000;0.9167;0.9167,M2,M2,M2,1,M1:5;M2:208,213,5,hold_b,cause#0,1,0,16,1,0,16,1.0000:4/0/0/4;1.0000:6/1/0/6;1.0000:15/1/0/15;0.9167:10/1/1/10;0.9167:10/1/1/10
502,1,R_cb63a1ebfc31098d,19,R_cb63a1ebfc31098d@19,F_proj,15,pull,1,0,F,,,,,,17,0,0,217,483,17,17,1.0,0.0,0.0,1.2240675849486804,0.2040112641581134,0.02311635554695812,14,1.0,1.0000;1.0000;0.6667;0.6667;0.6471,M2,M2,M2,1,M1:5;M2:211,216,5,pull,permit#0,1,1,16,1,0,16,1.0000:4/0/0/4;1.0000:15/1/0/15;0.6667:8/0/4/8;0.6667:7/1/4/7;0.6471:10/1/6/10
505,1,R_cb63a1ebfc31098d,19,R_cb63a1ebfc31098d@19,F_proj,4,drag,1,1,F,,,,,,17,0,0,218,486,17,17,1.0,0.0,0.0,1.4026337407834268,0.23377229013057113,0.023457027494712554,14,1.0,1.0000;1.0000;0.6667;0.6471;0.5833,M2,M2,M2,1,M1:5;M2:212,217,5,drag,permit#1,1,1,16,1,0,16,1.0000:4/0/0/4;1.0000:15/1/0/15;0.6667:7/1/4/7;0.6471:10/1/6/10;0.5833:7/0/5/7
506,1,R_cb63a1ebfc31098d,19,R_cb63a1ebfc31098d@19,F_proj,1,bend,1,1,F,,,,,,17,0,0,219,487,17,17,1.0,0.0,0.0,1.2089045186680634,0.20148408644467722,0.022738175189484792,14,1.0,1.0000;1.0000;0.6667;0.6667;0.6471,M2,M2,M2,1,M1:5;M2:213,218,5,bend,hinder#1,1,1,16,1,0,16,1.0000:4/0/0/4;1.0000:15/1/0/15;0.6667:7/1/4/7;0.6667:8/0/4/8;0.6471:10/1/6/10
507,1,R_7b6b1008b48c1115,6,R_7b6b1008b48c1115@6,F_proj,2,lift,1,1,F,,,,,,17,0,0,222,501,17,17,1.0,0.0,0.0,1.204587901610345,0.24091758032206903,0.04644259312458106,14,1.0,1.0000;1.0000;1.0000;0.9091;0.6667,M1,M1,M1,1,M1:213;M2:8,221,8,lift,require#1,1,1,16,1,0,16,1.0000:3/1/0/3;1.0000:6/1/0/6;1.0000:15/1/0/15;0.9091:10/0/1/10;0.6667:7/1/4/7
509,1,R_7b6b1008b48c1115,6,R_7b6b1008b48c1115@6,F_proj,7,break,1,0,F,,,,,,17,0,0,223,503,17,17,1.0,0.0,0.0,1.9073162099733938,0.3178860349955656,0.02307839023459851,14,1.0,1.0000;1.0000;1.0000;1.0000;0.6667,M1,M1,M1,1,M1:214;M2:8,222,8,break,enable#0,1,1,16,1,0,16,1.0000:4/0/0/4;1.0000:11/0/0/11;1.0000:7/0/0/7;1.0000:15/1/0/15;0.6667:7/1/4/7
510,1,R_7b6b1008b48c1115,6,R_7b6b1008b48c1115@6,F_proj,15,turn,1,1,F,,,,,,17,0,0,224,504,17,17,1.0,0.0,0.0,2.6013752918721593,0.4335625486453598,0.02341742027605902,14,1.0,1.0000;1.0000;1.0000;1.0000;0.6667,M1,M1,M1,1,M1:215;M2:8,223,8,turn,avert#0,1,1,16,1,0,16,1.0000:4/0/0/4;1.0000:10/1/0/10;1.0000:7/0/0/7;1.0000:15/1/0/15;0.6667:8/0/4/8
511,1,R_cb63a1ebfc31098d,19,R_cb63a1ebfc31098d@19,F_proj,0,hold_b,1,1,F,,,,,,17,0,0,221,492,17,17,1.0,0.0,0.0,1.3824820321366162,0.22595787751625718,0.02356294536817102,14,1.0,1.0000;1.0000;1.0000;0.9167;0.9167,M2,M2,M2,1,M1:5;M2:215,220,5,hold_b,cause#0,1,0,16,1,0,16,1.0000:4/0/0/4;1.0000:6/1/0/6;1.0000:15/1/0/15;0.9167:10/1/1/10;0.9167:10/1/1/10
512,1,R_8b0d2a6b7293001d,140,R_8b0d2a6b7293001d@140,F_proj,6,press,1,1,F,,,,,,17,0,0,24,372,17,17,1.0,0.0,0.0,0.43387678677015196,0.07231279779502532,0.02389531575952968,14,1.0,1.0000;0.9167;0.9091;0.7500;0.7273,M1,M1,M1,1,M1:23,23,0,press,avert#1,1,1,16,1,0,16,1.0000:15/1/0/15;0.9167:11/0/1/11;0.9091:10/0/1/10;0.7500:3/0/1/3;0.7273:7/1/3/7
513,1,R_cb63a1ebfc31098d,19,R_cb63a1ebfc31098d@19,F_proj,14,push,1,0,F,,,,,,17,0,0,223,494,17,17,1.0,0.0,0.0,0.23357890375675036,0.34736138746629275,0.04722248509510741,14,1.0,1.0000;0.7500;0.5882;0.5833;0.5833,M2,M2,M2,1,M1:6;M2:216,222,6,push,cause#1,1,1,16,1,0,16,1.0000:15/1/0/15;0.7500:3/0/1/3;0.5882:10/0/7/10;0.5833:7/0/5/7;0.5833:7/0/5/7
516,1,R_8b0d2a6b7293001d,140,R_8b0d2a6b7293001d@140,F_proj,2,lift,1,0,F,,,,,,17,0,0,24,376,17,17,1.0,0.0,0.0,0.3362741313222722,0.06725482626445443,0.04646787696359703,14,1.0,1.0000;1.0000;1.0000;0.7500;0.6471,M1,M1,M1,1,M1:23,23,0,lift,require#1,1,1,16,1,0,16,1.0000:10/1/0/10;1.0000:11/1/0/11;1.0000:15/1/0/15;0.7500:2/1/1/2;0.6471:10/1/6/10
517,1,R_cb63a1ebfc31098d,19,R_cb63a1ebfc31098d@19,F_proj,14,push,1,1,F,,,,,,17,0,0,225,498,17,17,1.0,0.0,0.0,0.2318979269829116,0.3394732710608177,0.047131724720683506,14,1.0,1.0000;0.7500;0.5882;0.5833;0.5833,M2,M2,M2,1,M1:6;M2:218,224,6,push,cause#1,1,1,16,1,0,16,1.0000:15/1/0/15;0.7500:3/0/1/3;0.5882:10/0/7/10;0.5833:7/0/5/7;0.5833:7/0/5/7
518,1,R_7b6b1008b48c1115,6,R_7b6b1008b48c1115@6,F_proj,15,turn,1,0,F,,,,,,17,0,0,226,512,17,17,1.0,0.0,0.0,3.2940935454752087,0.5490155909125347,0.023425787106446775,14,1.0,1.0000;1.0000;1.0000;1.0000;0.6667,M1,M1,M1,1,M1:217;M2:8,225,8,turn,avert#0,1,1,16,1,0,16,1.0000:4/0/0/4;1.0000:10/1/0/10;1.0000:7/0/0/7;1.0000:15/1/0/15;0.6667:8/0/4/8
519,1,R_cb63a1ebfc31098d,19,R_cb63a1ebfc31098d@19,F_proj,4,drag,1,0,F,,,,,,17,0,0,226,500,17,17,1.0,0.0,0.0,1.9930346407539885,0.3321724401256647,0.023473300289909287,14,1.0,1.0000;1.0000;0.6667;0.6471;0.5833,M2,M2,M2,1,M1:6;M2:219,225,6,drag,permit#1,1,1,16,1,0,16,1.0000:4/0/0/4;1.0000:15/1/0/15;0.6667:7/1/4/7;0.6471:10/1/6/10;0.5833:7/0/5/7
520,1,R_7b6b1008b48c1115,6,R_7b6b1008b48c1115@6,F_proj,12,push,1,0,F,,,,,,17,0,0,227,514,17,17,1.0,0.0,0.0,0.19627289324426161,0.22221762355267108,0.047134590255740155,14,1.0,1.0000;1.0000;1.0000;0.7500;0.6364,M1,M1,M1,1,M1:218;M2:8,226,8,push,cause#1,1,1,16,1,0,16,1.0000:10/1/0/10;1.0000:6/1/0/6;1.0000:15/1/0/15;0.7500:3/0/1/3;0.6364:7/0/4/7
522,1,R_8b0d2a6b7293001d,140,R_8b0d2a6b7293001d@140,F_proj,16,break,1,0,F,,,,,,17,0,0,25,382,17,17,1.0,0.0,0.0,0.40173440799396426,0.06695573466566071,0.02305904230590423,14,1.0,1.0000;1.0000;1.0000;0.7500;0.7273,M1,M1,M1,1,M1:24,24,0,break,enable#0,1,1,16,1,0,16,1.0000:10/1/0/10;1.0000:11/1/0/11;1.0000:15/1/0/15;0.7500:3/0/1/3;0.7273:8/0/3/8
523,1,R_cb63a1ebfc31098d,19,R_cb63a1ebfc31098d@19,F_proj,15,pull,1,0,F,,,,,,17,0,0,228,504,17,17,1.0,0.0,0.0,1.0261167815123766,0.1710194635853961,0.023016241299303946,14,1.0,1.0000;1.0000;0.6667;0.6667;0.6471,M2,M2,M2,1,M1:6;M2:221,227,6,pull,permit#0,1,1,16,1,0,16,1.0000:4/0/0/4;1.0000:15/1/0/15;0.6667:8/0/4/8;0.6667:7/1/4/7;0.6471:10/1/6/10
525,1,R_cb63a1ebfc31098d,19,R_cb63a1ebfc31098d@19,F_proj,14,push,1,0,F,,,,,,17,0,0,229,506,17,17,1.0,0.0,0.0,0.2286239824039215,0.46737370172731524,0.047055560691504114,14,1.0,1.0000;0.7500;0.5882;0.5833;0.5833,M2,M2,M2,1,M1:6;M2:222,228,6,push,cause#1,1,1,16,1,0,16,1.0000:15/1/0/15;0.7500:3/0/1/3;0.5882:10/0/7/10;0.5833:7/0/5/7;0.5833:7/0/5/7
528,1,R_7b6b1008b48c1115,6,R_7b6b1008b48c1115@6,F_proj,14,hold,1,1,F,,,,,,17,0,0,230,522,17,17,1.0,0.0,0.0,1.56548257295019,0.26519586025693426,0.02270220588235294,14,1.0,1.0000;1.0000;1.0000;1.0000;0.9167,M1,M1,M1,1,M1:221;M2:8,229,8,hold,cause#0,1,1,16,1,0,16,1.0000:4/0/0/4;1.0000:10/1/0/10;1.0000:6/1/0/6;1.0000:15/1/0/15;0.9167:10/1/1/10
529,1,R_cb63a1ebfc31098d,19,R_cb63a1ebfc31098d@19,F_proj,15,pull,1,1,F,,,,,,17,0,0,231,510,17,17,1.0,0.0,0.0,0.9913115957532449,0.16521859929220747,0.022933675809558757,14,1.0,1.0000;1.0000;0.6667;0.6667;0.6471,M2,M2,M2,1,M1:6;M2:224,230,6,pull,permit#0,1,1,16,1,0,16,1.0000:4/0/0/4;1.0000:15/1/0/15;0.6667:8/0/4/8;0.6667:7/1/4/7;0.6471:10/1/6/10
531,1,R_cb63a1ebfc31098d,19,R_cb63a1ebfc31098d@19,F_proj,0,hold_b,1,1,F,,,,,,17,0,0,232,512,17,17,1.0,0.0,0.0,1.72576016893208,0.28329227722430766,0.023850863565749794,14,1.0,1.0000;1.0000;1.0000;0.9167;0.9167,M2,M2,M2,1,M1:6;M2:225,231,6,hold_b,cause#0,1,0,16,1,0,16,1.0000:4/0/0/4;1.0000:6/1/0/6;1.0000:15/1/0/15;0.9167:10/1/1/10;0.9167:10/1/1/10
532,1,R_7b6b1008b48c1115,6,R_7b6b1008b48c1115@6,F_proj,10,cut,1,1,F,,,,,,17,0,0,232,526,17,17,1.0,0.0,0.0,1.6922708787476242,0.2820451464579374,0.02280397701359117,14,1.0,1.0000;1.0000;1.0000;1.0000;0.6667,M1,M1,M1,1,M1:223;M2:8,231,8,cut,enable#1,1,1,16,1,0,16,1.0000:4/0/0/4;1.0000:10/1/0/10;1.0000:7/0/0/7;1.0000:15/1/0/15;0.6667:7/1/4/7
533,1,R_cb63a1ebfc31098d,19,R_cb63a1ebfc31098d@19,F_proj,8,lift,1,0,F,,,,,,17,0,0,233,514,17,17,1.0,0.0,0.0,1.4877992019648136,0.29755984039296274,0.04642694583522986,14,1.0,1.0000;1.0000;0.6667;0.6667;0.6471,M2,M2,M2,1,M1:6;M2:226,232,6,lift,require#1,1,1,16,1,0,16,1.0000:3/1/0/3;1.0000:15/1/0/15;0.6667:7/1/4/7;0.6667:7/1/4/7;0.6471:10/1/6/10
534,1,R_cb63a1ebfc31098d,19,R_cb63a1ebfc31098d@19,F_proj,4,drag,1,1,F,,,,,,17,0,0,234,515,17,17,1.0,0.0,0.0,1.7455813031673255,0.29093021719455425,0.02344175904052335,14,1.0,1.0000;1.0000;0.6667;0.6471;0.5833,M2,M2,M2,1,M1:6;M2:227,233,6,drag,permit#1,1,1,16,1,0,16,1.0000:4/0/0/4;1.0000:15/1/0/15;0.6667:7/1/4/7;0.6471:10/1/6/10;0.5833:7/0/5/7
535,1,R_7b6b1008b48c1115,6,R_7b6b1008b48c1115@6,F_proj,7,break,1,1,F,,,,,,17,0,0,233,529,17,17,1.0,0.0,0.0,1.606711019460558,0.267785169910093,0.02294368368549923,14,1.0,1.0000;1.0000;1.0000;1.0000;0.6667,M1,M1,M1,1,M1:224;M2:8,232,8,break,enable#0,1,1,16,1,0,16,1.0000:4/0/0/4;1.0000:11/0/0/11;1.0000:7/0/0/7;1.0000:15/1/0/15;0.6667:7/1/4/7
538,1,R_cb63a1ebfc31098d,19,R_cb63a1ebfc31098d@19,F_proj,0,hold_b,1,1,F,,,,,,17,0,0,236,519,17,17,1.0,0.0,0.0,2.516180547628997,0.4150698058575714,0.023798792031010547,14,1.0,1.0000;1.0000;1.0000;0.9167;0.9167,M2,M2,M2,1,M1:6;M2:229,235,6,hold_b,cause#0,1,0,16,1,0,16,1.0000:4/0/0/4;1.0000:6/1/0/6;1.0000:15/1/0/15;0.9167:10/1/1/10;0.9167:10/1/1/10
539,1,R_7b6b1008b48c1115,6,R_7b6b1008b48c1115@6,F_proj,7,break,1,1,F,,,,,,17,0,0,235,533,17,17,1.0,0.0,0.0,2.7919141019145206,0.4653190169857534,0.022944034551016734,14,1.0,1.0000;1.0000;1.0000;1.0000;0.6667,M1,M1,M1,1,M1:226;M2:8,234,8,break,enable#0,1,1,16,1,0,16,1.0000:4/0/0/4;1.0000:11/0/0/11;1.0000:7/0/0/7;1.0000:15/1/0/15;0.6667:7/1/4/7
540,1,R_0e5d236bf5b42b15,20,R_0e5d236bf5b42b15@20,F_proj,15,lock,1,1,F,,,,,,17,0,0,22,520,17,17,1.0,0.0,0.0,0.2822911144449378,0.0470485190741563,0.023617097701149427,14,1.0,1.0000;1.0000;0.9167;0.7500;0.6471,M2,M2,M2,1,M2:21,21,0,lock,hinder#0,1,1,16,1,0,16,1.0000:7/0/0/7;1.0000:11/1/0/11;0.9167:11/0/1/11;0.7500:3/0/1/3;0.6471:10/1/6/10
541,1,R_7b6b1008b48c1115,6,R_7b6b1008b48c1115@6,F_proj,15,turn,1,0,F,,,,,,17,0,0,236,535,17,17,1.0,0.0,0.0,2.5703351465733495,0.4283891910955582,0.023303755489827015,14,1.0,1.0000;1.0000;1.0000;1.0000;0.6667,M1,M1,M1,1,M1:227;M2:8,235,8,turn,avert#0,1,1,16,1,0,16,1.0000:4/0/0/4;1.0000:10/1/0/10;1.0000:7/0/0/7;1.0000:15/1/0/15;0.6667:8/0/4/8
543,1,R_0e5d236bf5b42b15,20,R_0e5d236bf5b42b15@20,F_proj,8,pull,1,0,F,,,,,,17,0,0,23,523,17,17,1.0,0.0,0.0,0.5455371187597517,0.09092285312662529,0.02295462665237585,14,1.0,1.0000;1.0000;1.0000;0.7500;0.6471,M2,M2,M2,1,M2:22,22,0,pull,permit#0,1,1,16,1,0,16,1.0000:7/0/0/7;1.0000:12/0/0/12;1.0000:11/1/0/11;0.7500:3/0/1/3;0.6471:10/1/6/10
544,1,R_7b6b1008b48c1115,6,R_7b6b1008b48c1115@6,F_proj,12,push,1,1,F,,,,,,17,0,0,238,538,17,17,1.0,0.0,0.0,0.1900470288715693,0.20176518440449687,0.046990637539010255,14,1.0,1.0000;1.0000;1.0000;0.7500;0.6364,M1,M1,M1,1,M1:229;M2:8,237,8,push,cause#1,1,1,16,1,0,16,1.0000:10/1/0/10;1.0000:6/1/0/6;1.0000:15/1/0/15;0.7500:3/0/1/3;0.6364:7/0/4/7
545,1,R_cb63a1ebfc31098d,19,R_cb63a1ebfc31098d@19,F_proj,5,lock,1,1,F,,,,,,17,0,0,237,526,17,17,1.0,0.0,0.0,1.3772662003283067,0.22954436672138445,0.02358700489541611,14,1.0,1.0000;1.0000;0.6667;0.6471;0.5833,M2,M2,M2,1,M1:6;M2:230,236,6,lock,hinder#0,1,1,16,1,0,16,1.0000:4/0/0/4;1.0000:15/1/0/15;0.6667:7/1/4/7;0.6471:10/1/6/10;0.5833:7/0/5/7
546,1,R_7b6b1008b48c1115,6,R_7b6b1008b48c1115@6,F_proj,13,press,1,0,F,,,,,,17,0,0,239,540,17,17,1.0,0.0,0.0,2.3037578513720285,0.38395964189533804,0.023898365316275764,14,1.0,1.0000;1.0000;1.0000;1.0000;0.6471,M1,M1,M1,1,M1:230;M2:8,238,8,press,avert#1,1,1,16,1,0,16,1.0000:4/0/0/4;1.0000:10/1/0/10;1.0000:7/0/0/7;1.0000:15/1/0/15;0.6471:10/1/6/10
547,1,R_cb63a1ebfc31098d,19,R_cb63a1ebfc31098d@19,F_proj,15,pull,1,1,F,,,,,,17,0,0,238,528,17,17,1.0,0.0,0.0,1.4669291335772345,0.24448818892953905,0.022878425113061984,14,1.0,1.0000;1.0000;0.6667;0.6667;0.6471,M2,M2,M2,1,M1:6;M2:231,237,6,pull,permit#0,1,1,16,1,0,16,1.0000:4/0/0/4;1.0000:15/1/0/15;0.6667:8/0/4/8;0.6667:7/1/4/7;0.6471:10/1/6/10
549,1,R_8b0d2a6b7293001d,140,R_8b0d2a6b7293001d@140,F_proj,0,carry,1,0,F,,,,,,17,0,0,26,409,17,17,1.0,0.0,0.0,0.3230327281632646,0.06460654563265293,0.046470536266454636,14,1.0,1.0000;1.0000;1.0000;0.7500;0.7273,M1,M1,M1,1,M1:25,25,0,carry,require#0,1,1,16,1,0,16,1.0000:10/1/0/10;1.0000:11/1/0/11;1.0000:15/1/0/15;0.7500:3/0/1/3;0.7273:8/0/3/8
550,1,R_cb63a1ebfc31098d,19,R_cb63a1ebfc31098d@19,F_proj,4,drag,1,1,F,,,,,,17,0,0,240,531,17,17,1.0,0.0,0.0,2.2035051613766647,0.36725086022944414,0.023458858805891172,14,1.0,1.0000;1.0000;0.6667;0.6471;0.5833,M2,M2,M2,1,M1:6;M2:233,239,6,drag,permit#1,1,1,16,1,0,16,1.0000:4/0/0/4;1.0000:15/1/0/15;0.6667:7/1/4/7;0.6471:10/1/6/10;0.5833:7/0/5/7
551,1,R_7b6b1008b48c1115,6,R_7b6b1008b48c1115@6,F_proj,12,push,1,1,F,,,,,,17,0,0,241,545,17,17,1.0,0.0,0.0,0.18831089605600282,0.3489033264265992,0.04700290467388434,14,1.0,1.0000;1.0000;1.0000;0.7500;0.6364,M1,M1,M1,1,M1:232;M2:8,240,8,push,cause#1,1,1,16,1,0,16,1.0000:10/1/0/10;1.0000:6/1/0/6;1.0000:15/1/0/15;0.7500:3/0/1/3;0.6364:7/0/4/7
553,1,R_0e5d236bf5b42b15,20,R_0e5d236bf5b42b15@20,F_proj,6,drag,1,0,F,,,,,,17,0,0,24,533,17,17,1.0,0.0,0.0,0.36740973094335605,0.06123495515722601,0.02340873224618622,14,1.0,1.0000;1.0000;0.9167;0.7500;0.6471,M2,M2,M2,1,M2:23,23,0,drag,permit#1,1,1,16,1,0,16,1.0000:7/0/0/7;1.0000:11/1/0/11;0.9167:11/0/1/11;0.7500:3/0/1/3;0.6471:10/1/6/10
554,1,R_cb63a1ebfc31098d,19,R_cb63a1ebfc31098d@19,F_proj,15,pull,1,1,F,,,,,,17,0,0,241,535,17,17,1.0,0.0,0.0,2.2644650601169256,0.377410843352821,0.022928152620985385,14,1.0,1.0000;1.0000;0.6667;0.6667;0.6471,M2,M2,M2,1,M1:6;M2:234,240,6,pull,permit#0,1,1,16,1,0,16,1.0000:4/0/0/4;1.0000:15/1/0/15;0.6667:8/0/4/8;0.6667:7/1/4/7;0.6471:10/1/6/10
555,1,R_7b6b1008b48c1115,6,R_7b6b1008b48c1115@6,F_proj,10,cut,1,0,F,,,,,,17,0,0,244,549,17,17,1.0,0.0,0.0,1.9916552414893904,0.3319425402482317,0.022796750807930824,14,1.0,1.0000;1.0000;1.0000;1.0000;0.6667,M1,M1,M1,1,M1:234;M2:9,243,9,cut,enable#1,1,1,16,1,0,16,1.0000:4/0/0/4;1.0000:10/1/0/10;1.0000:7/0/0/7;1.0000:15/1/0/15;0.6667:7/1/4/7
556,1,R_cb63a1ebfc31098d,19,R_cb63a1ebfc31098d@19,F_proj,5,lock,1,0,F,,,,,,17,0,0,242,537,17,17,1.0,0.0,0.0,2.0369600376319945,0.33949333960533246,0.023628912721248584,14,1.0,1.0000;1.0000;0.6667;0.6471;0.5833,M2,M2,M2,1,M1:6;M2:235,241,6,lock,hinder#0,1,1,16,1,0,16,1.0000:4/0/0/4;1.0000:15/1/0/15;0.6667:7/1/4/7;0.6471:10/1/6/10;0.5833:7/0/5/7
557,1,R_8b0d2a6b7293001d,140,R_8b0d2a6b7293001d@140,F_proj,10,push,1,1,F,,,,,,17,0,0,26,417,17,17,1.0,0.0,0.0,0.0,0.05863118555298502,0.04700557103064067,14,1.0,1.0000;1.0000;1.0000;0.6364;0.5882,M1,M1,M1,1,M1:25,25,0,push,cause#1,1,1,16,1,0,16,1.0000:11/0/0/11;1.0000:11/1/0/11;1.0000:15/1/0/15;0.6364:7/0/4/7;0.5882:10/0/7/10
560,1,R_cb63a1ebfc31098d,19,R_cb63a1ebfc31098d@19,F_proj,4,drag,1,1,F,,,,,,17,0,0,244,541,17,17,1.0,0.0,0.0,2.7659934722094426,0.46099891203490706,0.02337459960176608,14,1.0,1.0000;1.0000;0.6667;0.6471;0.5833,M2,M2,M2,1,M1:6;M2:237,243,6,drag,permit#1,1,1,16,1,0,16,1.0000:4/0/0/4;1.0000:15/1/0/15;0.6667:7/1/4/7;0.6471:10/1/6/10;0.5833:7/0/5/7
561,1,R_7b6b1008b48c1115,6,R_7b6b1008b48c1115@6,F_proj,12,push,1,0,F,,,,,,17,0,0,247,555,17,17,1.0,0.0,0.0,0.1858892725278627,0.4124705905792281,0.04701002419633599,14,1.0,1.0000;1.0000;1.0000;0.7500;0.6364,M1,M1,M1,1,M1:237;M2:9,246,9,push,cause#1,1,1,16,1,0,16,1.0000:10/1/0/10;1.0000:6/1/0/6;1.0000:15/1/0/15;0.7500:3/0/1/3;0.6364:7/0/4/7
563,1,R_7b6b1008b48c1115,6,R_7b6b1008b48c1115@6,F_proj,13,press,1,1,F,,,,,,17,0,0,248,557,17,17,1.0,0.0,0.0,2.155435060452041,0.3592391767420068,0.023764422249009817,14,1.0,1.0000;1.0000;1.0000;1.0000;0.6471,M1,M1,M1,1,M1:238;M2:9,247,9,press,avert#1,1,1,16,1,0,16,1.0000:4/0/0/4;1.0000:10/1/0/10;1.0000:7/0/0/7;1.0000:15/1/0/15;0.6471:10/1/6/10
564,1,R_7b6b1008b48c1115,6,R_7b6b1008b48c1115@6,F_proj,13,press,1,0,F,,,,,,17,0,0,249,558,17,17,1.0,0.0,0.0,4.610447699544266,0.7684079499240443,0.023807477438762353,14,1.0,1.0000;1.0000;1.0000;1.0000;0.6471,M1,M1,M1,1,M1:239;M2:9,248,9,press,avert#1,1,1,16,1,0,16,1.0000:4/0/0/4;1.0000:10/1/0/10;1.0000:7/0/0/7;1.0000:15/1/0/15;0.6471:10/1/6/10
566,1,R_cb63a1ebfc31098d,19,R_cb63a1ebfc31098d@19,F_proj,4,drag,1,1,F,,,,,,17,0,0,247,547,17,17,1.0,0.0,0.0,3.5083518524690493,0.5847253087448415,0.023383297644539613,14,1.0,1.0000;1.0000;0.6667;0.6471;0.5833,M2,M2,M2,1,M1:6;M2:240,246,6,drag,permit#1,1,1,16,1,0,16,1.0000:4/0/0/4;1.0000:15/1/0/15;0.6667:7/1/4/7;0.6471:10/1/6/10;0.5833:7/0/5/7
567,1,R_8b0d2a6b7293001d,140,R_8b0d2a6b7293001d@140,F_proj,2,lift,1,0,F,,,,,,17,0,0,26,427,17,17,1.0,0.0,0.0,0.30721428202020623,0.06144285640404124,0.04642612859097127,14,1.0,1.0000;1.0000;1.0000;0.7500;0.6471,M1,M1,M1,1,M1:25,25,0,lift,require#1,1,1,16,1,0,16,1.0000:10/1/0/10;1.0000:11/1/0/11;1.0000:15/1/0/15;0.7500:2/1/1/2;0.6471:10/1/6/10
568,1,R_cb63a1ebfc31098d,19,R_cb63a1ebfc31098d@19,F_proj,0,hold_b,1,0,F,,,,,,17,0,0,248,549,17,17,1.0,0.0,0.0,2.12072414225755,0.34932623400637264,0.02381155585900828,14,1.0,1.0000;1.0000;1.0000;0.9167;0.9167,M2,M2,M2,1,M1:6;M2:241,247,6,hold_b,cause#0,1,0,16,1,0,16,1.0000:4/0/0/4;1.0000:6/1/0/6;1.0000:15/1/0/15;0.9167:10/1/1/10;0.9167:10/1/1/10
569,1,R_7b6b1008b48c1115,6,R_7b6b1008b48c1115@6,F_proj,13,press,1,1,F,,,,,,17,0,0,251,563,17,17,1.0,0.0,0.0,3.097973475455592,0.5163289125759319,0.023687798227675527,14,1.0,1.0000;1.0000;1.0000;1.0000;0.6471,M1,M1,M1,1,M1:241;M2:9,250,9,press,avert#1,1,1,16,1,0,16,1.0000:4/0/0/4;1.0000:10/1/0/10;1.0000:7/0/0/7;1.0000:15/1/0/15;0.6471:10/1/6/10
572,1,R_cb63a1ebfc31098d,19,R_cb63a1ebfc31098d@19,F_proj,1,bend,1,1,F,,,,,,17,0,0,250,553,17,17,1.0,0.0,0.0,1.281754239153189,0.2136257065255315,0.022887174705433586,14,1.0,1.0000;1.0000;0.6667;0.6667;0.6471,M2,M2,M2,1,M1:6;M2:243,249,6,bend,hinder#1,1,1,16,1,0,16,1.0000:4/0/0/4;1.0000:15/1/0/15;0.6667:7/1/4/7;0.6667:8/0/4/8;0.6471:10/1/6/10
573,1,R_7b6b1008b48c1115,6,R_7b6b1008b48c1115@6,F_proj,7,break,1,0,F,,,,,,17,0,0,253,567,17,17,1.0,0.0,0.0,2.141886370859811,0.35698106180996847,0.023015738703672364,14,1.0,1.0000;1.0000;1.0000;1.0000;0.6667,M1,M1,M1,1,M1:243;M2:9,252,9,break,enable#0,1,1,16,1,0,16,1.0000:4/0/0/4;1.0000:11/0/0/11;1.0000:7/0/0/7;1.0000:15/1/0/15;0.6667:7/1/4/7
574,1,R_7b6b1008b48c1115,6,R_7b6b1008b48c1115@6,F_proj,10,cut,1,1,F,,,,,,17,0,0,254,568,17,17,1.0,0.0,0.0,1.7499202992702076,0.2916533832117013,0.022809833572695785,14,1.0,1.0000;1.0000;1.0000;1.0000;0.6667,M1,M1,M1,1,M1:244;M2:9,253,9,cut,enable#1,1,1,16,1,0,16,1.0000:4/0/0/4;1.0000:10/1/0/10;1.0000:7/0/0/7;1.0000:15/1/0/15;0.6667:7/1/4/7
575,1,R_cb63a1ebfc31098d,19,R_cb63a1ebfc31098d@19,F_proj,4,drag,1,1,F,,,,,,17,0,0,251,556,17,17,1.0,0.0,0.0,3.7151975039272287,0.6191995839878714,0.023357787334513873,14,1.0,1.0000;1.0000;0.6667;0.6471;0.5833,M2,M2,M2,1,M1:6;M2:244,250,6,drag,permit#1,1,1,16,1,0,16,1.0000:4/0/0/4;1.0000:15/1/0/15;0.6667:7/1/4/7;0.6471:10/1/6/10;0.5833:7/0/5/7
576,1,R_8b0d2a6b7293001d,140,R_8b0d2a6b7293001d@140,F_proj,16,break,1,1,F,,,,,,17,0,0,26,436,17,17,1.0,0.0,0.0,0.3399272549180347,0.05665454248633912,0.02297786381617709,14,1.0,1.0000;1.0000;1.0000;0.7500;0.7273,M1,M1,M1,1,M1:25,25,0,break,enable#0,1,1,16,1,0,16,1.0000:10/1/0/10;1.0000:11/1/0/11;1.0000:15/1/0/15;0.7500:3/0/1/3;0.7273:8/0/3/8
579,1,R_cb63a1ebfc31098d,19,R_cb63a1ebfc31098d@19,F_proj,14,push,1,0,F,,,,,,17,0,0,254,560,17,17,1.0,0.0,0.0,0.20913991013131494,0.31285270103835144,0.046965257429886983,14,1.0,1.0000;0.7500;0.5882;0.5833;0.5833,M2,M2,M2,1,M1:7;M2:246,253,7,push,cause#1,1,1,16,1,0,16,1.0000:15/1/0/15;0.7500:3/0/1/3;0.5882:10/0/7/10;0.5833:7/0/5/7;0.5833:7/0/5/7
580,1,R_cb63a1ebfc31098d,19,R_cb63a1ebfc31098d@19,F_proj,1,bend,1,1,F,,,,,,17,0,0,255,561,17,17,1.0,0.0,0.0,2.096704330531796,0.34945072175529934,0.022896298153254783,14,1.0,1.0000;1.0000;0.6667;0.6667;0.6471,M2,M2,M2,1,M1:7;M2:247,254,7,bend,hinder#1,1,1,16,1,0,16,1.0000:4/0/0/4;1.0000:15/1/0/15;0.6667:7/1/4/7;0.6667:8/0/4/8;0.6471:10/1/6/10
581,1,R_7b6b1008b48c1115,6,R_7b6b1008b48c1115@6,F_proj,15,turn,1,1,F,,,,,,17,0,0,256,575,17,17,1.0,0.0,0.0,2.1264539469909676,0.35440899116516117,0.023275214816050722,14,1.0,1.0000;1.0000;1.0000;1.0000;0.6667,M1,M1,M1,1,M1:246;M2:9,255,9,turn,avert#0,1,1,16,1,0,16,1.0000:4/0/0/4;1.0000:10/1/0/10;1.0000:7/0/0/7;1.0000:15/1/0/15;0.6667:8/0/4/8
582,1,R_7b6b1008b48c1115,6,R_7b6b1008b48c1115@6,F_proj,2,lift,1,1,F,,,,,,17,0,0,257,576,17,17,1.0,0.0,0.0,1.1916290790943773,0.23832581581887546,0.046381880256474314,14,1.0,1.0000;1.0000;1.0000;0.9091;0.6667,M1,M1,M1,1,M1:247;M2:9,256,9,lift,require#1,1,1,16,1,0,16,1.0000:3/1/0/3;1.0000:6/1/0/6;1.0000:15/1/0/15;0.9091:10/0/1/10;0.6667:7/1/4/7
584,1,R_7b6b1008b48c1115,6,R_7b6b1008b48c1115@6,F_proj,12,push,1,0,F,,,,,,17,0,0,258,578,17,17,1.0,0.0,0.0,0.18056567963787987,0.30587050534753757,0.04688796680497925,14,1.0,1.0000;1.0000;1.0000;0.7500;0.6364,M1,M1,M1,1,M1:248;M2:9,257,9,push,cause#1,1,1,16,1,0,16,1.0000:10/1/0/10;1.0000:6/1/0/6;1.0000:15/1/0/15;0.7500:3/0/1/3;0.6364:7/0/4/7
585,1,R_cb63a1ebfc31098d,19,R_cb63a1ebfc31098d@19,F_proj,8,lift,1,1,F,,,,,,17,0,0,257,566,17,17,1.0,0.0,0.0,1.2244895227888426,0.24489790455776853,0.0463960231980116,14,1.0,1.0000;1.0000;0.6667;0.6667;0.6471,M2,M2,M2,1,M1:7;M2:249,256,7,lift,require#1,1,1,16,1,0,16,1.0000:3/1/0/3;1.0000:15/1/0/15;0.6667:7/1/4/7;0.6667:7/1/4/7;0.6471:10/1/6/10
587,1,R_7b6b1008b48c1115,6,R_7b6b1008b48c1115@6,F_proj,10,cut,1,1,F,,,,,,17,0,0,259,581,17,17,1.0,0.0,0.0,2.302963131578296,0.3838271885963826,0.02278919990091652,14,1.0,1.0000;1.0000;1.0000;1.0000;0.6667,M1,M1,M1,1,M1:249;M2:9,258,9,cut,enable#1,1,1,16,1,0,16,1.0000:4/0/0/4;1.0000:10/1/0/10;1.0000:7/0/0/7;1.0000:15/1/0/15;0.6667:7/1/4/7
588,1,R_7b6b1008b48c1115,6,R_7b6b1008b48c1115@6,F_proj,7,break,1,0,F,,,,,,17,0,0,260,582,17,17,1.0,0.0,0.0,1.943019304395553,0.3238365507325922,0.022995137229044754,14,1.0,1.0000;1.0000;1.0000;1.0000;0.6667,M1,M1,M1,1,M1:250;M2:9,259,9,break,enable#0,1,1,16,1,0,16,1.0000:4/0/0/4;1.0000:11/0/0/11;1.0000:7/0/0/7;1.0000:15/1/0/15;0.6667:7/1/4/7
589,1,R_cb63a1ebfc31098d,19,R_cb63a1ebfc31098d@19,F_proj,14,push,1,1,F,,,,,,17,0,0,259,570,17,17,1.0,0.0,0.0,0.20595405250145168,0.30135114788995154,0.04682356813693219,14,1.0,1.0000;0.7500;0.5882;0.5833;0.5833,M2,M2,M2,1,M1:7;M2:251,258,7,push,cause#1,1,1,16,1,0,16,1.0000:15/1/0/15;0.7500:3/0/1/3;0.5882:10/0/7/10;0.5833:7/0/5/7;0.5833:7/0/5/7
590,1,R_cb63a1ebfc31098d,19,R_cb63a1ebfc31098d@19,F_proj,0,hold_b,1,1,F,,,,,,17,0,0,260,571,17,17,1.0,0.0,0.0,1.8058020542988744,0.29695233485182493,0.023821258419582717,14,1.0,1.0000;1.0000;1.0000;0.9167;0.9167,M2,M2,M2,1,M1:7;M2:252,259,7,hold_b,cause#0,1,0,16,1,0,16,1.0000:4/0/0/4;1.0000:6/1/0/6;1.0000:15/1/0/15;0.9167:10/1/1/10;0.9167:10/1/1/10
591,1,R_7b6b1008b48c1115,6,R_7b6b1008b48c1115@6,F_proj,12,push,1,0,F,,,,,,17,0,0,261,585,17,17,1.0,0.0,0.0,0.17900961657758946,0.2908699185970375,0.046822468224682244,14,1.0,1.0000;1.0000;1.0000;0.7500;0.6364,M1,M1,M1,1,M1:251;M2:9,260,9,push,cause#1,1,1,16,1,0,16,1.0000:10/1/0/10;1.0000:6/1/0/6;1.0000:15/1/0/15;0.7500:3/0/1/3;0.6364:7/0/4/7
592,1,R_cb63a1ebfc31098d,19,R_cb63a1ebfc31098d@19,F_proj,0,hold_b,1,0,F,,,,,,17,0,0,261,573,17,17,1.0,0.0,0.0,3.5193560384758333,0.5825546205465851,0.02382511871622728,14,1.0,1.0000;1.0000;1.0000;0.9167;0.9167,M2,M2,M2,1,M1:7;M2:253,260,7,hold_b,cause#0,1,0,16,1,0,16,1.0000:4/0/0/4;1.0000:6/1/0/6;1.0000:15/1/0/15;0.9167:10/1/1/10;0.9167:10/1/1/10
593,1,R_7b6b1008b48c1115,6,R_7b6b1008b48c1115@6,F_proj,15,turn,1,1,F,,,,,,17,0,0,262,587,17,17,1.0,0.0,0.0,2.728715468550106,0.4547859114250176,0.023293829178586023,14,1.0,1.0000;1.0000;1.0000;1.0000;0.6667,M1,M1,M1,1,M1:252;M2:9,261,9,turn,avert#0,1,1,16,1,0,16,1.0000:4/0/0/4;1.0000:10/1/0/10;1.0000:7/0/0/7;1.0000:15/1/0/15;0.6667:8/0/4/8
594,1,R_cb63a1ebfc31098d,19,R_cb63a1ebfc31098d@19,F_proj,8,lift,1,1,F,,,,,,17,0,0,262,575,17,17,1.0,0.0,0.0,1.8588473640717018,0.37176947281434036,0.046422452476136085,14,1.0,1.0000;1.0000;0.6667;0.6667;0.6471,M2,M2,M2,1,M1:7;M2:254,261,7,lift,require#1,1,1,16,1,0,16,1.0000:3/1/0/3;1.0000:15/1/0/15;0.6667:7/1/4/7;0.6667:7/1/4/7;0.6471:10/1/6/10
598,1,R_7b6b1008b48c1115,6,R_7b6b1008b48c1115@6,F_proj,12,push,1,0,F,,,,,,17,0,0,265,592,17,17,1.0,0.0,0.0,0.17748191367900729,0.27862203002873587,0.04676229840343626,14,1.0,1.0000;1.0000;1.0000;0.7500;0.6364,M1,M1,M1,1,M1:255;M2:9,264,9,push,cause#1,1,1,16,1,0,16,1.0000:10/1/0/10;1.0000:6/1/0/6;1.0000:15/1/0/15;0.7500:3/0/1/3;0.6364:7/0/4/7
599,1,R_cb63a1ebfc31098d,19,R_cb63a1ebfc31098d@19,F_proj,5,lock,1,1,F,,,,,,17,0,0,264,580,17,17,1.0,0.0,0.0,1.4579521610143886,0.24299202683573143,0.023541784645255238,14,1.0,1.0000;1.0000;0.6667;0.6471;0.5833,M2,M2,M2,1,M1:7;M2:256,263,7,lock,hinder#0,1,1,16,1,0,16,1.0000:4/0/0/4;1.0000:15/1/0/15;0.6667:7/1/4/7;0.6471:10/1/6/10;0.5833:7/0/5/7
600,1,R_8b0d2a6b7293001d,140,R_8b0d2a6b7293001d@140,F_proj,0,carry,1,0,F,,,,,,17,0,0,26,460,17,17,1.0,0.0,0.0,0.27703685962476,0.05540737192495201,0.04644212906873435,14,1.0,1.0000;1.0000;1.0000;0.7500;0.7273,M1,M1,M1,1,M1:25,25,0,carry,require#0,1,1,16,1,0,16,1.0000:10/1/0/10;1.0000:11/1/0/11;1.0000:15/1/0/15;0.7500:3/0/1/3;0.7273:8/0/3/8
602,1,R_cb63a1ebfc31098d,19,R_cb63a1ebfc31098d@19,F_proj,8,lift,1,1,F,,,,,,17,0,0,266,583,17,17,1.0,0.0,0.0,2.3518426853327785,0.47036853706655574,0.04644984704556432,14,1.0,1.0000;1.0000;0.6667;0.6667;0.6471,M2,M2,M2,1,M1:7;M2:258,265,7,lift,require#1,1,1,16,1,0,16,1.0000:3/1/0/3;1.0000:15/1/0/15;0.6667:7/1/4/7;0.6667:7/1/4/7;0.6471:10/1/6/10
605,1,R_7b6b1008b48c1115,6,R_7b6b1008b48c1115@6,F_proj,14,hold,1,0,F,,,,,,17,0,0,268,599,17,17,1.0,0.0,0.0,1.47084528883581,0.2490254501942811,0.02274911887215636,14,1.0,1.0000;1.0000;1.0000;1.0000;0.9167,M1,M1,M1,1,M1:258;M2:9,267,9,hold,cause#0,1,1,16,1,0,16,1.0000:4/0/0/4;1.0000:10/1/0/10;1.0000:6/1/0/6;1.0000:15/1/0/15;0.9167:10/1/1/10
607,1,R_7b6b1008b48c1115,6,R_7b6b1008b48c1115@6,F_proj,12,push,1,1,F,,,,,,17,0,0,269,601,17,17,1.0,0.0,0.0,0.17555804972558503,0.26560505987982064,0.04670285805524509,14,1.0,1.0000;1.0000;1.0000;0.7500;0.6364,M1,M1,M1,1,M1:259;M2:9,268,9,push,cause#1,1,1,16,1,0,16,1.0000:10/1/0/10;1.0000:6/1/0/6;1.0000:15/1/0/15;0.7500:3/0/1/3;0.6364:7/0/4/7
609,1,R_7b6b1008b48c1115,6,R_7b6b1008b48c1115@6,F_proj,13,press,1,1,F,,,,,,17,0,0,270,603,17,17,1.0,0.0,0.0,2.5695915170238335,0.4282652528373056,0.02371101209420751,14,1.0,1.0000;1.0000;1.0000;1.0000;0.6471,M1,M1,M1,1,M1:260;M2:9,269,9,press,avert#1,1,1,16,1,0,16,1.0000:4/0/0/4;1.0000:10/1/0/10;1.0000:7/0/0/7;1.0000:15/1/0/15;0.6471:10/1/6/10
610,1,R_cb63a1ebfc31098d,19,R_cb63a1ebfc31098d@19,F_proj,5,lock,1,1,F,,,,,,17,0,0,270,591,17,17,1.0,0.0,0.0,2.1167365472477107,0.3527894245412851,0.02359389895138227,14,1.0,1.0000;1.0000;0.6667;0.6471;0.5833,M2,M2,M2,1,M1:7;M2:262,269,7,lock,hinder#0,1,1,16,1,0,16,1.0000:4/0/0/4;1.0000:15/1/0/15;0.6667:7/1/4/7;0.6471:10/1/6/10;0.5833:7/0/5/7
611,1,R_7b6b1008b48c1115,6,R_7b6b1008b48c1115@6,F_proj,2,lift,1,0,F,,,,,,17,0,0,271,605,17,17,1.0,0.0,0.0,1.4578026569005533,0.2915605313801107,0.04647842639593908,14,1.0,1.0000;1.0000;1.0000;0.9091;0.6667,M1,M1,M1,1,M1:261;M2:9,270,9,lift,require#1,1,1,16,1,0,16,1.0000:3/1/0/3;1.0000:6/1/0/6;1.0000:15/1/0/15;0.9091:10/0/1/10;0.6667:7/1/4/7
613,1,R_cb63a1ebfc31098d,19,R_cb63a1ebfc31098d@19,F_proj,8,lift,1,0,F,,,,,,17,0,0,271,594,17,17,1.0,0.0,0.0,2.548094346852279,0.5096188693704559,0.04640683057949245,14,1.0,1.0000;1.0000;0.6667;0.6667;0.6471,M2,M2,M2,1,M1:7;M2:263,270,7,lift,require#1,1,1,16,1,0,16,1.0000:3/1/0/3;1.0000:15/1/0/15;0.6667:7/1/4/7;0.6667:7/1/4/7;0.6471:10/1/6/10
614,1,R_0e5d236bf5b42b15,20,R_0e5d236bf5b42b15@20,F_proj,15,lock,1,1,F,,,,,,17,0,0,24,594,17,17,1.0,0.0,0.0,0.5061077872607179,0.08435129787678632,0.023600915620806694,14,1.0,1.0000;1.0000;0.9167;0.7500;0.6471,M2,M2,M2,1,M2:23,23,0,lock,hinder#0,1,1,16,1,0,16,1.0000:7/0/0/7;1.0000:11/1/0/11;0.9167:11/0/1/11;0.7500:3/0/1/3;0.6471:10/1/6/10
615,1,R_7b6b1008b48c1115,6,R_7b6b1008b48c1115@6,F_proj,7,break,1,1,F,,,,,,17,0,0,274,609,17,17,1.0,0.0,0.0,1.7124536909004293,0.28540894848340487,0.022929635174533135,14,1.0,1.0000;1.0000;1.0000;1.0000;0.6667,M1,M1,M1,1,M1:263;M2:10,273,10,break,enable#0,1,1,16,1,0,16,1.0000:4/0/0/4;1.0000:11/0/0/11;1.0000:7/0/0/7;1.0000:15/1/0/15;0.6667:7/1/4/7
616,1,R_cb63a1ebfc31098d,19,R_cb63a1ebfc31098d@19,F_proj,1,bend,1,0,F,,,,,,17,0,0,272,597,17,17,1.0,0.0,0.0,1.8470375077960444,0.3078395846326741,0.022966808242881862,14,1.0,1.0000;1.0000;0.6667;0.6667;0.6471,M2,M2,M2,1,M1:7;M2:264,271,7,bend,hinder#1,1,1,16,1,0,16,1.0000:4/0/0/4;1.0000:15/1/0/15;0.6667:7/1/4/7;0.6667:8/0/4/8;0.6471:10/1/6/10
617,1,R_7b6b1008b48c1115,6,R_7b6b1008b48c1115@6,F_proj,13,press,1,0,F,,,,,,17,0,0,275,611,17,17,1.0,0.0,0.0,3.3187785810232096,0.5531297635038683,0.023717898374302993,14,1.0,1.0000;1.0000;1.0000;1.0000;0.6471,M1,M1,M1,1,M1:264;M2:10,274,10,press,avert#1,1,1,16,1,0,16,1.0000:4/0/0/4;1.0000:10/1/0/10;1.0000:7/0/0/7;1.0000:15/1/0/15;0.6471:10/1/6/10
618,1,R_cb63a1ebfc31098d,19,R_cb63a1ebfc31098d@19,F_proj,0,hold_b,1,0,F,,,,,,17,0,0,273,599,17,17,1.0,0.0,0.0,2.0112057498944904,0.33132102418997145,0.02368070257978515,14,1.0,1.0000;1.0000;1.0000;0.9167;0.9167,M2,M2,M2,1,M1:7;M2:265,272,7,hold_b,cause#0,1,0,16,1,0,16,1.0000:4/0/0/4;1.0000:6/1/0/6;1.0000:15/1/0/15;0.9167:10/1/1/10;0.9167:10/1/1/10
621,1,R_7b6b1008b48c1115,6,R_7b6b1008b48c1115@6,F_proj,13,press,1,1,F,,,,,,17,0,0,277,615,17,17,1.0,0.0,0.0,3.1119909085765545,0.5186651514294257,0.02364416699180648,14,1.0,1.0000;1.0000;1.0000;1.0000;0.6471,M1,M1,M1,1,M1:266;M2:10,276,10,press,avert#1,1,1,16,1,0,16,1.0000:4/0/0/4;1.0000:10/1/0/10;1.0000:7/0/0/7;1.0000:15/1/0/15;0.6471:10/1/6/10
623,1,R_cb63a1ebfc31098d,19,R_cb63a1ebfc31098d@19,F_proj,14,push,1,0,F,,,,,,17,0,0,275,604,17,17,1.0,0.0,0.0,0.19591919905843203,0.33672956254853426,0.046744963832931474,14,1.0,1.0000;0.7500;0.5882;0.5833;0.5833,M2,M2,M2,1,M1:7;M2:267,274,7,push,cause#1,1,1,16,1,0,16,1.0000:15/1/0/15;0.7500:3/0/1/3;0.5882:10/0/7/10;0.5833:7/0/5/7;0.5833:7/0/5/7
624,1,R_7b6b1008b48c1115,6,R_7b6b1008b48c1115@6,F_proj,2,lift,1,0,F,,,,,,17,0,0,279,618,17,17,1.0,0.0,0.0,1.358172086994824,0.27163441739896477,0.04636533084808947,14,1.0,1.0000;1.0000;1.0000;0.9091;0.6667,M1,M1,M1,1,M1:268;M2:10,278,10,lift,require#1,1,1,16,1,0,16,1.0000:3/1/0/3;1.0000:6/1/0/6;1.0000:15/1/0/15;0.9091:10/0/1/10;0.6667:7/1/4/7
628,1,R_cb63a1ebfc31098d,19,R_cb63a1ebfc31098d@19,F_proj,4,drag,1,0,F,,,,,,17,0,0,277,609,17,17,1.0,0.0,0.0,2.639565015601244,0.4399275026002073,0.02345679012345679,14,1.0,1.0000;1.0000;0.6667;0.6471;0.5833,M2,M2,M2,1,M1:7;M2:269,276,7,drag,permit#1,1,1,16,1,0,16,1.0000:4/0/0/4;1.0000:15/1/0/15;0.6667:7/1/4/7;0.6471:10/1/6/10;0.5833:7/0/5/7
629,1,R_7b6b1008b48c1115,6,R_7b6b1008b48c1115@6,F_proj,10,cut,1,0,F,,,,,,17,0,0,281,623,17,17,1.0,0.0,0.0,2.072127151040852,0.3453545251734753,0.022883118884351645,14,1.0,1.0000;1.0000;1.0000;1.0000;0.6667,M1,M1,M1,1,M1:270;M2:10,280,10,cut,enable#1,1,1,16,1,0,16,1.0000:4/0/0/4;1.0000:10/1/0/10;1.0000:7/0/0/7;1.0000:15/1/0/15;0.6667:7/1/4/7
631,1,R_7b6b1008b48c1115,6,R_7b6b1008b48c1115@6,F_proj,7,break,1,0,F,,,,,,17,0,0,282,625,17,17,1.0,0.0,0.0,2.2059673589260034,0.36766122648766725,0.022968197879858657,14,1.0,1.0000;1.0000;1.0000;1.0000;0.6667,M1,M1,M1,1,M1:271;M2:10,281,10,break,enable#0,1,1,16,1,0,16,1.0000:4/0/0/4;1.0000:11/0/0/11;1.0000:7/0/0/7;1.0000:15/1/0/15;0.6667:7/1/4/7
632,1,R_7b6b1008b48c1115,6,R_7b6b1008b48c1115@6,F_proj,7,break,1,0,F,,,,,,17,0,0,283,626,17,17,1.0,0.0,0.0,2.1817722654651996,0.3636287109108666,0.0229347242463757,14,1.0,1.0000;1.0000;1.0000;1.0000;0.6667,M1,M1,M1,1,M1:272;M2:10,282,10,break,enable#0,1,1,16,1,0,16,1.0000:4/0/0/4;1.0000:11/0/0/11;1.0000:7/0/0/7;1.0000:15/1/0/15;0.6667:7/1/4/7
634,1,R_cb63a1ebfc31098d,19,R_cb63a1ebfc31098d@19,F_proj,14,push,1,1,F,,,,,,17,0,0,280,615,17,17,1.0,0.0,0.0,0.19290908706416995,0.31940801224671855,0.04672325456909077,14,1.0,1.0000;0.7500;0.5882;0.5833;0.5833,M2,M2,M2,1,M1:7;M2:272,279,7,push,cause#1,1,1,16,1,0,16,1.0000:15/1/0/15;0.7500:3/0/1/3;0.5882:10/0/7/10;0.5833:7/0/5/7;0.5833:7/0/5/7
636,1,R_7b6b1008b48c1115,6,R_7b6b1008b48c1115@6,F_proj,13,press,1,0,F,,,,,,17,0,0,285,630,17,17,1.0,0.0,0.0,3.3418952249001386,0.5569825374833565,0.02370607515816754,14,1.0,1.0000;1.0000;1.0000;1.0000;0.6471,M1,M1,M1,1,M1:274;M2:10,284,10,press,avert#1,1,1,16,1,0,16,1.0000:4/0/0/4;1.0000:10/1/0/10;1.0000:7/0/0/7;1.0000:15/1/0/15;0.6471:10/1/6/10
637,1,R_cb63a1ebfc31098d,19,R_cb63a1ebfc31098d@19,F_proj,1,bend,1,0,F,,,,,,17,0,0,281,618,17,17,1.0,0.0,0.0,1.637649950195196,0.272941658365866,0.02290889717634523,14,1.0,1.0000;1.0000;0.6667;0.6667;0.6471,M2,M2,M2,1,M1:7;M2:273,280,7,bend,hinder#1,1,1,16,1,0,16,1.0000:4/0/0/4;1.0000:15/1/0/15;0.6667:7/1/4/7;0.6667:8/0/4/8;0.6471:10/1/6/10
639,1,R_cb63a1ebfc31098d,19,R_cb63a1ebfc31098d@19,F_proj,14,push,1,0,F,,,,,,17,0,0,282,620,17,17,1.0,0.0,0.0,0.19157555025272502,0.4936304399152929,0.04674102739206313,14,1.0,1.0000;0.7500;0.5882;0.5833;0.5833,M2,M2,M2,1,M1:7;M2:274,281,7,push,cause#1,1,1,16,1,0,16,1.0000:15/1/0/15;0.7500:3/0/1/3;0.5882:10/0/7/10;0.5833:7/0/5/7;0.5833:7/0/5/7
643,1,R_7b6b1008b48c1115,6,R_7b6b1008b48c1115@6,F_proj,10,cut,1,0,F,,,,,,17,0,0,288,637,17,17,1.0,0.0,0.0,1.929795479047198,0.3216325798411997,0.02284723269491781,14,1.0,1.0000;1.0000;1.0000;1.0000;0.6667,M1,M1,M1,1,M1:277;M2:10,287,10,cut,enable#1,1,1,16,1,0,16,1.0000:4/0/0/4;1.0000:10/1/0/10;1.0000:7/0/0/7;1.0000:15/1/0/15;0.6667:7/1/4/7
645,1,R_cb63a1ebfc31098d,19,R_cb63a1ebfc31098d@19,F_proj,15,pull,1,0,F,,,,,,17,0,0,285,626,17,17,1.0,0.0,0.0,1.3363161649317592,0.22271936082195987,0.02308097135553718,14,1.0,1.0000;1.0000;0.6667;0.6667;0.6471,M2,M2,M2,1,M1:7;M2:277,284,7,pull,permit#0,1,1,16,1,0,16,1.0000:4/0/0/4;1.0000:15/1/0/15;0.6667:8/0/4/8;0.6667:7/1/4/7;0.6471:10/1/6/10
646,1,R_cb63a1ebfc31098d,19,R_cb63a1ebfc31098d@19,F_proj,1,bend,1,1,F,,,,,,17,0,0,286,627,17,17,1.0,0.0,0.0,1.5728508865283242,0.2621418144213874,0.022896178965543128,14,1.0,1.0000;1.0000;0.6667;0.6667;0.6471,M2,M2,M2,1,M1:7;M2:278,285,7,bend,hinder#1,1,1,16,1,0,16,1.0000:4/0/0/4;1.0000:15/1/0/15;0.6667:7/1/4/7;0.6667:8/0/4/8;0.6471:10/1/6/10
648,1,R_0e5d236bf5b42b15,20,R_0e5d236bf5b42b15@20,F_proj,9,lift,1,1,F,,,,,,17,0,0,25,628,17,17,1.0,0.0,0.0,0.46998856400203887,0.09399771280040778,0.04640371229698376,14,1.0,1.0000;1.0000;1.0000;0.7500;0.6471,M2,M2,M2,1,M2:24,24,0,lift,require#1,1,1,16,1,0,16,1.0000:6/1/0/6;1.0000:11/1/0/11;1.0000:11/1/0/11;0.7500:2/1/1/2;0.6471:10/1/6/10
650,1,R_cb63a1ebfc31098d,19,R_cb63a1ebfc31098d@19,F_proj,1,bend,1,1,F,,,,,,17,0,0,288,631,17,17,1.0,0.0,0.0,2.763852204394096,0.4606420340656826,0.022908738153869113,14,1.0,1.0000;1.0000;0.6667;0.6667;0.6471,M2,M2,M2,1,M1:7;M2:280,287,7,bend,hinder#1,1,1,16,1,0,16,1.0000:4/0/0/4;1.0000:15/1/0/15;0.6667:7/1/4/7;0.6667:8/0/4/8;0.6471:10/1/6/10
651,1,R_8b0d2a6b7293001d,140,R_8b0d2a6b7293001d@140,F_proj,9,hold_b,1,0,F,,,,,,17,0,0,26,511,17,17,1.0,0.0,0.0,0.3764909164801978,0.06274848608003296,0.023617940694382358,14,1.0,1.0000;1.0000;1.0000;1.0000;0.9091,M1,M1,M1,1,M1:25,25,0,hold_b,cause#0,1,0,16,1,0,16,1.0000:6/1/0/6;1.0000:10/1/0/10;1.0000:11/1/0/11;1.0000:15/1/0/15;0.9091:9/1/1/9
652,1,R_7b6b1008b48c1115,6,R_7b6b1008b48c1115@6,F_proj,2,lift,1,0,F,,,,,,17,0,0,292,646,17,17,1.0,0.0,0.0,1.2223201983032521,0.24446403966065045,0.04642166344294004,14,1.0,1.0000;1.0000;1.0000;0.9091;0.6667,M1,M1,M1,1,M1:281;M2:10,291,10,lift,require#1,1,1,16,1,0,16,1.0000:3/1/0/3;1.0000:6/1/0/6;1.0000:15/1/0/15;0.9091:10/0/1/10;0.6667:7/1/4/7
653,1,R_cb63a1ebfc31098d,19,R_cb63a1ebfc31098d@19,F_proj,15,pull,1,1,F,,,,,,17,0,0,289,634,17,17,1.0,0.0,0.0,1.296660990283225,0.21611016504720415,0.023024361259655377,14,1.0,1.0000;1.0000;0.6667;0.6667;0.6471,M2,M2,M2,1,M1:7;M2:281,288,7,pull,permit#0,1,1,16,1,0,16,1.0000:4/0/0/4;1.0000:15/1/0/15;0.6667:8/0/4/8;0.6667:7/1/4/7;0.6471:10/1/6/10
656,1,R_cb63a1ebfc31098d,19,R_cb63a1ebfc31098d@19,F_proj,1,bend,1,0,F,,,,,,17,0,0,290,637,17,17,1.0,0.0,0.0,3.2560560615013703,0.5426760102502284,0.022920517560073937,14,1.0,1.0000;1.0000;0.6667;0.6667;0.6471,M2,M2,M2,1,M1:7;M2:282,289,7,bend,hinder#1,1,1,16,1,0,16,1.0000:4/0/0/4;1.0000:15/1/0/15;0.6667:7/1/4/7;0.6667:8/0/4/8;0.6471:10/1/6/10
657,1,R_8b0d2a6b7293001d,140,R_8b0d2a6b7293001d@140,F_proj,9,hold_b,1,0,F,,,,,,17,0,0,27,517,17,17,1.0,0.0,0.0,0.3722640178130195,0.06204400296883659,0.023549387272995718,14,1.0,1.0000;1.0000;1.0000;1.0000;0.9091,M1,M1,M1,1,M1:26,26,0,hold_b,cause#0,1,0,16,1,0,16,1.0000:6/1/0/6;1.0000:10/1/0/10;1.0000:11/1/0/11;1.0000:15/1/0/15;0.9091:9/1/1/9
658,1,R_7b6b1008b48c1115,6,R_7b6b1008b48c1115@6,F_proj,7,break,1,0,F,,,,,,17,0,0,294,652,17,17,1.0,0.0,0.0,1.83128559427145,0.30521426571190835,0.022923269698533207,14,1.0,1.0000;1.0000;1.0000;1.0000;0.6667,M1,M1,M1,1,M1:283;M2:10,293,10,break,enable#0,1,1,16,1,0,16,1.0000:4/0/0/4;1.0000:11/0/0/11;1.0000:7/0/0/7;1.0000:15/1/0/15;0.6667:7/1/4/7
659,1,R_cb63a1ebfc31098d,19,R_cb63a1ebfc31098d@19,F_proj,1,bend,1,0,F,,,,,,17,0,0,291,640,17,17,1.0,0.0,0.0,2.954787969267382,0.4924646615445636,0.022815926989033637,14,1.0,1.0000;1.0000;0.6667;0.6667;0.6471,M2,M2,M2,1,M1:7;M2:283,290,7,bend,hinder#1,1,1,16,1,0,16,1.0000:4/0/0/4;1.0000:15/1/0/15;0.6667:7/1/4/7;0.6667:8/0/4/8;0.6471:10/1/6/10
660,1,R_cb63a1ebfc31098d,19,R_cb63a1ebfc31098d@19,F_proj,14,push,1,0,F,,,,,,17,0,0,292,641,17,17,1.0,0.0,0.0,0.1861961505250617,0.36655659448752237,0.046744083492576805,14,1.0,1.0000;0.7500;0.5882;0.5833;0.5833,M2,M2,M2,1,M1:7;M2:284,291,7,push,cause#1,1,1,16,1,0,16,1.0000:15/1/0/15;0.7500:3/0/1/3;0.5882:10/0/7/10;0.5833:7/0/5/7;0.5833:7/0/5/7
662,1,R_7b6b1008b48c1115,6,R_7b6b1008b48c1115@6,F_proj,7,break,1,0,F,,,,,,17,0,0,296,656,17,17,1.0,0.0,0.0,1.7980035790856153,0.2996672631809359,0.022863842884361718,14,1.0,1.0000;1.0000;1.0000;1.0000;0.6667,M1,M1,M1,1,M1:285;M2:10,295,10,break,enable#0,1,1,16,1,0,16,1.0000:4/0/0/4;1.0000:11/0/0/11;1.0000:7/0/0/7;1.0000:15/1/0/15;0.6667:7/1/4/7
663,1,R_cb63a1ebfc31098d,19,R_cb63a1ebfc31098d@19,F_proj,8,lift,1,1,F,,,,,,17,0,0,293,644,17,17,1.0,0.0,0.0,1.6758876513175824,0.3351775302635165,0.04639590193926089,14,1.0,1.0000;1.0000;0.6667;0.6667;0.6471,M2,M2,M2,1,M1:7;M2:285,292,7,lift,require#1,1,1,16,1,0,16,1.0000:3/1/0/3;1.0000:15/1/0/15;0.6667:7/1/4/7;0.6667:7/1/4/7;0.6471:10/1/6/10
664,1,R_7b6b1008b48c1115,6,R_7b6b1008b48c1115@6,F_proj,14,hold,1,0,F,,,,,,17,0,0,297,658,17,17,1.0,0.0,0.0,1.2473980053338336,0.2115287849248122,0.02294147731423979,14,1.0,1.0000;1.0000;1.0000;1.0000;0.9167,M1,M1,M1,1,M1:286;M2:10,296,10,hold,cause#0,1,1,16,1,0,16,1.0000:4/0/0/4;1.0000:10/1/0/10;1.0000:6/1/0/6;1.0000:15/1/0/15;0.9167:10/1/1/10
665,1,R_cb63a1ebfc31098d,19,R_cb63a1ebfc31098d@19,F_proj,5,lock,1,0,F,,,,,,17,0,0,294,646,17,17,1.0,0.0,0.0,1.767495209001631,0.29458253483360514,0.023637557452396585,14,1.0,1.0000;1.0000;0.6667;0.6471;0.5833,M2,M2,M2,1,M1:7;M2:286,293,7,lock,hinder#0,1,1,16,1,0,16,1.0000:4/0/0/4;1.0000:15/1/0/15;0.6667:7/1/4/7;0.6471:10/1/6/10;0.5833:7/0/5/7
667,1,R_7b6b1008b48c1115,6,R_7b6b1008b48c1115@6,F_proj,12,push,1,0,F,,,,,,17,0,0,298,661,17,17,1.0,0.0,0.0,0.1637780587632563,0.2620825079921157,0.04669430504036657,14,1.0,1.0000;1.0000;1.0000;0.7500;0.6364,M1,M1,M1,1,M1:287;M2:10,297,10,push,cause#1,1,1,16,1,0,16,1.0000:10/1/0/10;1.0000:6/1/0/6;1.0000:15/1/0/15;0.7500:3/0/1/3;0.6364:7/0/4/7
668,1,R_7b6b1008b48c1115,6,R_7b6b1008b48c1115@6,F_proj,10,cut,1,1,F,,,,,,17,0,0,299,662,17,17,1.0,0.0,0.0,1.747900809115366,0.2913168015192277,0.02287914003486345,14,1.0,1.0000;1.0000;1.0000;1.0000;0.6667,M1,M1,M1,1,M1:288;M2:10,298,10,cut,enable#1,1,1,16,1,0,16,1.0000:4/0/0/4;1.0000:10/1/0/10;1.0000:7/0/0/7;1.0000:15/1/0/15;0.6667:7/1/4/7
670,1,R_cb63a1ebfc31098d,19,R_cb63a1ebfc31098d@19,F_proj,0,hold_b,1,0,F,,,,,,17,0,0,297,651,17,17,1.0,0.0,0.0,1.5602647307346535,0.25639063692487557,0.023459561219317936,14,1.0,1.0000;1.0000;1.0000;0.9167;0.9167,M2,M2,M2,1,M1:7;M2:289,296,7,hold_b,cause#0,1,0,16,1,0,16,1.0000:4/0/0/4;1.0000:6/1/0/6;1.0000:15/1/0/15;0.9167:10/1/1/10;0.9167:10/1/1/10
671,1,R_8b0d2a6b7293001d,140,R_8b0d2a6b7293001d@140,F_proj,0,carry,1,0,F,,,,,,17,0,0,28,531,17,17,1.0,0.0,0.0,0.23644998995613362,0.047289997991226726,0.046414112203585885,14,1.0,1.0000;1.0000;1.0000;0.7500;0.7273,M1,M1,M1,1,M1:27,27,0,carry,require#0,1,1,16,1,0,16,1.0000:10/1/0/10;1.0000:11/1/0/11;1.0000:15/1/0/15;0.7500:3/0/1/3;0.7273:8/0/3/8
673,1,R_0e5d236bf5b42b15,20,R_0e5d236bf5b42b15@20,F_proj,9,lift,1,0,F,,,,,,17,0,0,26,653,17,17,1.0,0.0,0.0,0.8368398232636508,0.16736796465273016,0.046414414414414414,14,1.0,1.0000;1.0000;1.0000;0.7500;0.6471,M2,M2,M2,1,M2:25,25,0,lift,require#1,1,1,16,1,0,16,1.0000:6/1/0/6;1.0000:11/1/0/11;1.0000:11/1/0/11;0.7500:2/1/1/2;0.6471:10/1/6/10
675,1,R_7b6b1008b48c1115,6,R_7b6b1008b48c1115@6,F_proj,7,break,1,0,F,,,,,,17,0,0,302,669,17,17,1.0,0.0,0.0,1.7055225431349055,0.2842537571891509,0.022777897535388374,14,1.0,1.0000;1.0000;1.0000;1.0000;0.6667,M1,M1,M1,1,M1:291;M2:10,301,10,break,enable#0,1,1,16,1,0,16,1.0000:4/0/0/4;1.0000:11/0/0/11;1.0000:7/0/0/7;1.0000:15/1/0/15;0.6667:7/1/4/7
676,1,R_7b6b1008b48c1115,6,R_7b6b1008b48c1115@6,F_proj,7,break,1,0,F,,,,,,17,0,0,303,670,17,17,1.0,0.0,0.0,1.6991896165870919,0.2831982694311819,0.02274521059051446,14,1.0,1.0000;1.0000;1.0000;1.0000;0.6667,M1,M1,M1,1,M1:292;M2:10,302,10,break,enable#0,1,1,16,1,0,16,1.0000:4/0/0/4;1.0000:11/0/0/11;1.0000:7/0/0/7;1.0000:15/1/0/15;0.6667:7/1/4/7
677,1,R_0e5d236bf5b42b15,20,R_0e5d236bf5b42b15@20,F_proj,16,push,1,0,F,,,,,,17,0,0,27,657,17,17,1.0,0.0,0.0,0.16383763224382258,0.08857606492049529,0.04664326144586946,14,1.0,1.0000;1.0000;1.0000;0.5882;0.5625,M2,M2,M2,1,M2:26,26,0,push,cause#1,1,1,16,1,0,16,1.0000:6/1/0/6;1.0000:11/1/0/11;1.0000:11/1/0/11;0.5882:10/0/7/10;0.5625:9/0/7/9
678,1,R_cb63a1ebfc31098d,19,R_cb63a1ebfc31098d@19,F_proj,0,hold_b,1,0,F,,,,,,17,0,0,299,659,17,17,1.0,0.0,0.0,1.517959143363971,0.2493721080070623,0.023324032338842383,14,1.0,1.0000;1.0000;1.0000;0.9167;0.9167,M2,M2,M2,1,M1:7;M2:291,298,7,hold_b,cause#0,1,0,16,1,0,16,1.0000:4/0/0/4;1.0000:6/1/0/6;1.0000:15/1/0/15;0.9167:10/1/1/10;0.9167:10/1/1/10
679,1,R_7b6b1008b48c1115,6,R_7b6b1008b48c1115@6,F_proj,14,hold,1,1,F,,,,,,17,0,0,304,673,17,17,1.0,0.0,0.0,1.2051023228442486,0.2044200664852321,0.023004929627777383,14,1.0,1.0000;1.0000;1.0000;1.0000;0.9167,M1,M1,M1,1,M1:293;M2:10,303,10,hold,cause#0,1,1,16,1,0,16,1.0000:4/0/0/4;1.0000:10/1/0/10;1.0000:6/1/0/6;1.0000:15/1/0/15;0.9167:10/1/1/10
681,1,R_7b6b1008b48c1115,6,R_7b6b1008b48c1115@6,F_proj,15,turn,1,1,F,,,,,,17,0,0,305,675,17,17,1.0,0.0,0.0,2.081523254718538,0.3469205424530897,0.023436386949707937,14,1.0,1.0000;1.0000;1.0000;1.0000;0.6667,M1,M1,M1,1,M1:294;M2:10,304,10,turn,avert#0,1,1,16,1,0,16,1.0000:4/0/0/4;1.0000:10/1/0/10;1.0000:7/0/0/7;1.0000:15/1/0/15;0.6667:8/0/4/8
682,1,R_0e5d236bf5b42b15,20,R_0e5d236bf5b42b15@20,F_proj,9,lift,1,1,F,,,,,,17,0,0,28,662,17,17,1.0,0.0,0.0,0.7701594488532567,0.15403188977065133,0.04637268847795164,14,1.0,1.0000;1.0000;1.0000;0.7500;0.6471,M2,M2,M2,1,M2:27,27,0,lift,require#1,1,1,16,1,0,16,1.0000:6/1/0/6;1.0000:11/1/0/11;1.0000:11/1/0/11;0.7500:2/1/1/2;0.6471:10/1/6/10
683,1,R_7b6b1008b48c1115,6,R_7b6b1008b48c1115@6,F_proj,12,push,1,0,F,,,,,,17,0,0,306,677,17,17,1.0,0.0,0.0,0.16091109854800906,0.24716756380274005,0.04658429200397671,14,1.0,1.0000;1.0000;1.0000;0.7500;0.6364,M1,M1,M1,1,M1:295;M2:10,305,10,push,cause#1,1,1,16,1,0,16,1.0000:10/1/0/10;1.0000:6/1/0/6;1.0000:15/1/0/15;0.7500:3/0/1/3;0.6364:7/0/4/7
685,1,R_cb63a1ebfc31098d,19,R_cb63a1ebfc31098d@19,F_proj,8,lift,1,1,F,,,,,,17,0,0,301,666,17,17,1.0,0.0,0.0,1.9500291557328011,0.3900058311465602,0.046374964599263664,14,1.0,1.0000;1.0000;0.6667;0.6667;0.6471,M2,M2,M2,1,M1:7;M2:293,300,7,lift,require#1,1,1,16,1,0,16,1.0000:3/1/0/3;1.0000:15/1/0/15;0.6667:7/1/4/7;0.6667:7/1/4/7;0.6471:10/1/6/10
686,1,R_0e5d236bf5b42b15,20,R_0e5d236bf5b42b15@20,F_proj,9,lift,1,0,F,,,,,,17,0,0,29,666,17,17,1.0,0.0,0.0,1.761693422001263,0.35233868440025257,0.04637353315424855,14,1.0,1.0000;1.0000;1.0000;0.7500;0.6471,M2,M2,M2,1,M2:28,28,0,lift,require#1,1,1,16,1,0,16,1.0000:6/1/0/6;1.0000:11/1/0/11;1.0000:11/1/0/11;0.7500:2/1/1/2;0.6471:10/1/6/10
688,1,R_7b6b1008b48c1115,6,R_7b6b1008b48c1115@6,F_proj,14,hold,1,1,F,,,,,,17,0,0,309,682,17,17,1.0,0.0,0.0,1.9817751947593674,0.3338308445001371,0.023193514275643284,14,1.0,1.0000;1.0000;1.0000;1.0000;0.9167,M1,M1,M1,1,M1:298;M2:10,308,10,hold,cause#0,1,1,16,1,0,16,1.0000:4/0/0/4;1.0000:10/1/0/10;1.0000:6/1/0/6;1.0000:15/1/0/15;0.9167:10/1/1/10
694,1,R_7b6b1008b48c1115,6,R_7b6b1008b48c1115@6,F_proj,15,turn,1,1,F,,,,,,17,0,0,312,688,17,17,1.0,0.0,0.0,2.667192673336689,0.44453211222278144,0.02348008385744235,14,1.0,1.0000;1.0000;1.0000;1.0000;0.6667,M1,M1,M1,1,M1:301;M2:10,311,10,turn,avert#0,1,1,16,1,0,16,1.0000:4/0/0/4;1.0000:10/1/0/10;1.0000:7/0/0/7;1.0000:15/1/0/15;0.6667:8/0/4/8
695,1,R_cb63a1ebfc31098d,19,R_cb63a1ebfc31098d@19,F_proj,0,hold_b,1,0,F,,,,,,17,0,0,305,676,17,17,1.0,0.0,0.0,1.4390065501916738,0.23628024648655732,0.023095171643873848,14,1.0,1.0000;1.0000;1.0000;0.9167;0.9167,M2,M2,M2,1,M1:7;M2:297,304,7,hold_b,cause#0,1,0,16,1,0,16,1.0000:4/0/0/4;1.0000:6/1/0/6;1.0000:15/1/0/15;0.9167:10/1/1/10;0.9167:10/1/1/10
696,1,R_7b6b1008b48c1115,6,R_7b6b1008b48c1115@6,F_proj,2,lift,1,1,F,,,,,,17,0,0,313,690,17,17,1.0,0.0,0.0,1.0883325739653351,0.21766651479306703,0.04633823426938889,14,1.0,1.0000;1.0000;1.0000;0.9091;0.6667,M1,M1,M1,1,M1:302;M2:10,312,10,lift,require#1,1,1,16,1,0,16,1.0000:3/1/0/3;1.0000:6/1/0/6;1.0000:15/1/0/15;0.9091:10/0/1/10;0.6667:7/1/4/7
698,1,R_8b0d2a6b7293001d,140,R_8b0d2a6b7293001d@140,F_proj,10,push,1,0,F,,,,,,17,0,0,28,558,17,17,1.0,0.0,0.0,0.0,0.07315877902310577,0.046553640911617566,14,1.0,1.0000;1.0000;1.0000;0.6364;0.5882,M1,M1,M1,1,M1:27,27,0,push,cause#1,1,1,16,1,0,16,1.0000:11/0/0/11;1.0000:11/1/0/11;1.0000:15/1/0/15;0.6364:7/0/4/7;0.5882:10/0/7/10
699,1,R_cb63a1ebfc31098d,19,R_cb63a1ebfc31098d@19,F_proj,8,lift,1,1,F,,,,,,17,0,0,307,680,17,17,1.0,0.0,0.0,2.3111722802185937,0.46223445604371877,0.04635026366916459,14,1.0,1.0000;1.0000;0.6667;0.6667;0.6471,M2,M2,M2,1,M1:7;M2:299,306,7,lift,require#1,1,1,16,1,0,16,1.0000:3/1/0/3;1.0000:15/1/0/15;0.6667:7/1/4/7;0.6667:7/1/4/7;0.6471:10/1/6/10
700,1,R_cb63a1ebfc31098d,19,R_cb63a1ebfc31098d@19,F_proj,0,hold_b,1,1,F,,,,,,17,0,0,308,681,17,17,1.0,0.0,0.0,1.4181099410603086,0.2328166695843744,0.023143015521064302,14,1.0,1.0000;1.0000;1.0000;0.9167;0.9167,M2,M2,M2,1,M1:7;M2:300,307,7,hold_b,cause#0,1,0,16,1,0,16,1.0000:4/0/0/4;1.0000:6/1/0/6;1.0000:15/1/0/15;0.9167:10/1/1/10;0.9167:10/1/1/10
702,1,R_cb63a1ebfc31098d,19,R_cb63a1ebfc31098d@19,F_proj,1,bend,1,1,F,,,,,,17,0,0,309,683,17,17,1.0,0.0,0.0,1.9221836893566024,0.32036394822610037,0.022868591957993643,14,1.0,1.0000;1.0000;0.6667;0.6667;0.6471,M2,M2,M2,1,M1:7;M2:301,308,7,bend,hinder#1,1,1,16,1,0,16,1.0000:4/0/0/4;1.0000:15/1/0/15;0.6667:7/1/4/7;0.6667:8/0/4/8;0.6471:10/1/6/10
703,1,R_7b6b1008b48c1115,6,R_7b6b1008b48c1115@6,F_proj,13,press,1,1,F,,,,,,17,0,0,316,697,17,17,1.0,0.0,0.0,2.349691958658546,0.39161532644309094,0.023661699779249448,14,1.0,1.0000;1.0000;1.0000;1.0000;0.6471,M1,M1,M1,1,M1:305;M2:10,315,10,press,avert#1,1,1,16,1,0,16,1.0000:4/0/0/4;1.0000:10/1/0/10;1.0000:7/0/0/7;1.0000:15/1/0/15;0.6471:10/1/6/10
704,1,R_8b0d2a6b7293001d,140,R_8b0d2a6b7293001d@140,F_proj,7,cut,1,1,F,,,,,,17,0,0,28,564,17,17,1.0,0.0,0.0,0.32850952156142066,0.05475158692690345,0.022938623682579044,14,1.0,1.0000;1.0000;1.0000;0.7500;0.7273,M1,M1,M1,1,M1:27,27,0,cut,enable#1,1,1,16,1,0,16,1.0000:10/1/0/10;1.0000:11/1/0/11;1.0000:15/1/0/15;0.7500:3/0/1/3;0.7273:7/1/3/7
706,1,R_cb63a1ebfc31098d,19,R_cb63a1ebfc31098d@19,F_proj,0,hold_b,1,0,F,,,,,,17,0,0,311,687,17,17,1.0,0.0,0.0,2.381670075143393,0.3934327729155163,0.02321588021155299,14,1.0,1.0000;1.0000;1.0000;0.9167;0.9167,M2,M2,M2,1,M1:7;M2:303,310,7,hold_b,cause#0,1,0,16,1,0,16,1.0000:4/0/0/4;1.0000:6/1/0/6;1.0000:15/1/0/15;0.9167:10/1/1/10;0.9167:10/1/1/10
707,1,R_7b6b1008b48c1115,6,R_7b6b1008b48c1115@6,F_proj,15,turn,1,1,F,,,,,,17,0,0,317,701,17,17,1.0,0.0,0.0,3.058150548647695,0.5096917581079492,0.023458399067151383,14,1.0,1.0000;1.0000;1.0000;1.0000;0.6667,M1,M1,M1,1,M1:306;M2:10,316,10,turn,avert#0,1,1,16,1,0,16,1.0000:4/0/0/4;1.0000:10/1/0/10;1.0000:7/0/0/7;1.0000:15/1/0/15;0.6667:8/0/4/8
708,1,R_7b6b1008b48c1115,6,R_7b6b1008b48c1115@6,F_proj,14,hold,1,1,F,,,,,,17,0,0,318,702,17,17,1.0,0.0,0.0,2.0906023295142138,0.35189403567830896,0.023083772861154872,14,1.0,1.0000;1.0000;1.0000;1.0000;0.9167,M1,M1,M1,1,M1:307;M2:10,317,10,hold,cause#0,1,1,16,1,0,16,1.0000:4/0/0/4;1.0000:10/1/0/10;1.0000:6/1/0/6;1.0000:15/1/0/15;0.9167:10/1/1/10
711,1,R_0e5d236bf5b42b15,20,R_0e5d236bf5b42b15@20,F_proj,15,lock,1,1,F,,,,,,17,0,0,30,691,17,17,1.0,0.0,0.0,0.5956371611716409,0.09927286019527348,0.023601637107776262,14,1.0,1.0000;1.0000;0.9167;0.7500;0.6471,M2,M2,M2,1,M2:29,29,0,lock,hinder#0,1,1,16,1,0,16,1.0000:7/0/0/7;1.0000:11/1/0/11;0.9167:11/0/1/11;0.7500:3/0/1/3;0.6471:10/1/6/10
712,1,R_7b6b1008b48c1115,6,R_7b6b1008b48c1115@6,F_proj,7,break,1,1,F,,,,,,17,0,0,320,706,17,17,1.0,0.0,0.0,1.516673865849403,0.25277897764156715,0.022752043596730245,14,1.0,1.0000;1.0000;1.0000;1.0000;0.6667,M1,M1,M1,1,M1:309;M2:10,319,10,break,enable#0,1,1,16,1,0,16,1.0000:4/0/0/4;1.0000:11/0/0/11;1.0000:7/0/0/7;1.0000:15/1/0/15;0.6667:7/1/4/7
713,1,R_cb63a1ebfc31098d,19,R_cb63a1ebfc31098d@19,F_proj,4,drag,1,0,F,,,,,,17,0,0,314,694,17,17,1.0,0.0,0.0,1.9569881683995172,0.3261646947332528,0.02346619507549993,14,1.0,1.0000;1.0000;0.6667;0.6471;0.5833,M2,M2,M2,1,M1:7;M2:306,313,7,drag,permit#1,1,1,16,1,0,16,1.0000:4/0/0/4;1.0000:15/1/0/15;0.6667:7/1/4/7;0.6471:10/1/6/10;0.5833:7/0/5/7
717,1,R_cb63a1ebfc31098d,19,R_cb63a1ebfc31098d@19,F_proj,14,push,1,0,F,,,,,,17,0,0,316,698,17,17,1.0,0.0,0.0,0.17316299896903142,0.2902055493050727,0.04653994453088006,14,1.0,1.0000;0.7500;0.5882;0.5833;0.5833,M2,M2,M2,1,M1:7;M2:308,315,7,push,cause#1,1,1,16,1,0,16,1.0000:15/1/0/15;0.7500:3/0/1/3;0.5882:10/0/7/10;0.5833:7/0/5/7;0.5833:7/0/5/7
720,1,R_cb63a1ebfc31098d,19,R_cb63a1ebfc31098d@19,F_proj,5,lock,1,1,F,,,,,,17,0,0,318,701,17,17,1.0,0.0,0.0,1.4573333646400373,0.24288889410667286,0.02364910389435386,14,1.0,1.0000;1.0000;0.6667;0.6471;0.5833,M2,M2,M2,1,M1:7;M2:310,317,7,lock,hinder#0,1,1,16,1,0,16,1.0000:4/0/0/4;1.0000:15/1/0/15;0.6667:7/1/4/7;0.6471:10/1/6/10;0.5833:7/0/5/7
723,1,R_cb63a1ebfc31098d,19,R_cb63a1ebfc31098d@19,F_proj,5,lock,1,0,F,,,,,,17,0,0,319,704,17,17,1.0,0.0,0.0,2.8555702215909897,0.47592837026516505,0.023614651818059842,14,1.0,1.0000;1.0000;0.6667;0.6471;0.5833,M2,M2,M2,1,M1:7;M2:311,318,7,lock,hinder#0,1,1,16,1,0,16,1.0000:4/0/0/4;1.0000:15/1/0/15;0.6667:7/1/4/7;0.6471:10/1/6/10;0.5833:7/0/5/7
724,1,R_cb63a1ebfc31098d,19,R_cb63a1ebfc31098d@19,F_proj,4,drag,1,0,F,,,,,,17,0,0,320,705,17,17,1.0,0.0,0.0,1.9043797044296424,0.31739661740494035,0.023450586264656615,14,1.0,1.0000;1.0000;0.6667;0.6471;0.5833,M2,M2,M2,1,M1:7;M2:312,319,7,drag,permit#1,1,1,16,1,0,16,1.0000:4/0/0/4;1.0000:15/1/0/15;0.6667:7/1/4/7;0.6471:10/1/6/10;0.5833:7/0/5/7
727,1,R_cb63a1ebfc31098d,19,R_cb63a1ebfc31098d@19,F_proj,8,lift,1,1,F,,,,,,17,0,0,321,708,17,17,1.0,0.0,0.0,2.2406632585059776,0.44813265170119554,0.046446446446446445,14,1.0,1.0000;1.0000;0.6667;0.6667;0.6471,M2,M2,M2,1,M1:7;M2:313,320,7,lift,require#1,1,1,16,1,0,16,1.0000:3/1/0/3;1.0000:15/1/0/15;0.6667:7/1/4/7;0.6667:7/1/4/7;0.6471:10/1/6/10
731,1,R_8b0d2a6b7293001d,140,R_8b0d2a6b7293001d@140,F_proj,10,push,1,0,F,,,,,,17,0,0,29,591,17,17,1.0,0.0,0.0,0.0,0.06740744701745367,0.046528607460507104,14,1.0,1.0000;1.0000;1.0000;0.6364;0.5882,M1,M1,M1,1,M1:28,28,0,push,cause#1,1,1,16,1,0,16,1.0000:11/0/0/11;1.0000:11/1/0/11;1.0000:15/1/0/15;0.6364:7/0/4/7;0.5882:10/0/7/10
732,1,R_cb63a1ebfc31098d,19,R_cb63a1ebfc31098d@19,F_proj,14,push,1,1,F,,,,,,17,0,0,324,713,17,17,1.0,0.0,0.0,0.17006046700475114,0.278566524018231,0.04647000331455088,14,1.0,1.0000;0.7500;0.5882;0.5833;0.5833,M2,M2,M2,1,M1:7;M2:316,323,7,push,cause#1,1,1,16,1,0,16,1.0000:15/1/0/15;0.7500:3/0/1/3;0.5882:10/0/7/10;0.5833:7/0/5/7;0.5833:7/0/5/7
733,1,R_8b0d2a6b7293001d,140,R_8b0d2a6b7293001d@140,F_proj,7,cut,1,0,F,,,,,,17,0,0,30,593,17,17,1.0,0.0,0.0,0.7461606344167481,0.12436010573612469,0.02297100489871574,14,1.0,1.0000;1.0000;1.0000;0.7500;0.7273,M1,M1,M1,1,M1:29,29,0,cut,enable#1,1,1,16,1,0,16,1.0000:10/1/0/10;1.0000:11/1/0/11;1.0000:15/1/0/15;0.7500:3/0/1/3;0.7273:7/1/3/7
734,1,R_cb63a1ebfc31098d,19,R_cb63a1ebfc31098d@19,F_proj,1,bend,1,0,F,,,,,,17,0,0,325,715,17,17,1.0,0.0,0.0,2.0906713414300793,0.34844522357167984,0.022939115488860976,14,1.0,1.0000;1.0000;0.6667;0.6667;0.6471,M2,M2,M2,1,M1:7;M2:317,324,7,bend,hinder#1,1,1,16,1,0,16,1.0000:4/0/0/4;1.0000:15/1/0/15;0.6667:7/1/4/7;0.6667:8/0/4/8;0.6471:10/1/6/10
735,1,R_7b6b1008b48c1115,6,R_7b6b1008b48c1115@6,F_proj,14,hold,1,1,F,,,,,,17,0,0,329,729,17,17,1.0,0.0,0.0,2.156916541694737,0.36285061754943054,0.022907314496963295,14,1.0,1.0000;1.0000;1.0000;1.0000;0.9167,M1,M1,M1,1,M1:318;M2:10,328,10,hold,cause#0,1,1,16,1,0,16,1.0000:4/0/0/4;1.0000:10/1/0/10;1.0000:6/1/0/6;1.0000:15/1/0/15;0.9167:10/1/1/10
736,1,R_7b6b1008b48c1115,6,R_7b6b1008b48c1115@6,F_proj,2,lift,1,0,F,,,,,,17,0,0,330,730,17,17,1.0,0.0,0.0,1.3038546399143962,0.2607709279828792,0.046476366273320587,14,1.0,1.0000;1.0000;1.0000;0.9091;0.6667,M1,M1,M1,1,M1:319;M2:10,329,10,lift,require#1,1,1,16,1,0,16,1.0000:3/1/0/3;1.0000:6/1/0/6;1.0000:15/1/0/15;0.9091:10/0/1/10;0.6667:7/1/4/7
737,1,R_cb63a1ebfc31098d,19,R_cb63a1ebfc31098d@19,F_proj,14,push,1,0,F,,,,,,17,0,0,326,718,17,17,1.0,0.0,0.0,1.0731010148220352,0.4558382259062094,0.04648406636818541,14,1.0,1.0000;0.7500;0.5882;0.5833;0.5833,M2,M2,M2,1,M1:7;M2:318,325,7,push,cause#1,1,1,16,1,0,16,1.0000:15/1/0/15;0.7500:3/0/1/3;0.5882:10/0/7/10;0.5833:7/0/5/7;0.5833:7/0/5/7
739,1,R_cb63a1ebfc31098d,19,R_cb63a1ebfc31098d@19,F_proj,1,bend,1,0,F,,,,,,17,0,0,327,720,17,17,1.0,0.0,0.0,2.031186971114773,0.3385311618524621,0.022848138664565688,14,1.0,1.0000;1.0000;0.6667;0.6667;0.6471,M2,M2,M2,1,M1:7;M2:319,326,7,bend,hinder#1,1,1,16,1,0,16,1.0000:4/0/0/4;1.0000:15/1/0/15;0.6667:7/1/4/7;0.6667:8/0/4/8;0.6471:10/1/6/10
740,1,R_cb63a1ebfc31098d,19,R_cb63a1ebfc31098d@19,F_proj,4,drag,1,0,F,,,,,,17,0,0,328,721,17,17,1.0,0.0,0.0,1.8349210196694792,0.3058201699449132,0.023406766325727774,14,1.0,1.0000;1.0000;0.6667;0.6471;0.5833,M2,M2,M2,1,M1:7;M2:320,327,7,drag,permit#1,1,1,16,1,0,16,1.0000:4/0/0/4;1.0000:15/1/0/15;0.6667:7/1/4/7;0.6471:10/1/6/10;0.5833:7/0/5/7
741,1,R_7b6b1008b48c1115,6,R_7b6b1008b48c1115@6,F_proj,12,push,1,0,F,,,,,,17,0,0,332,735,17,17,1.0,0.0,0.0,0.15133610151235224,0.21056217968193414,0.04642786981861044,14,1.0,1.0000;1.0000;1.0000;0.7500;0.6364,M1,M1,M1,1,M1:321;M2:10,331,10,push,cause#1,1,1,16,1,0,16,1.0000:10/1/0/10;1.0000:6/1/0/6;1.0000:15/1/0/15;0.7500:3/0/1/3;0.6364:7/0/4/7
742,1,R_cb63a1ebfc31098d,19,R_cb63a1ebfc31098d@19,F_proj,8,lift,1,1,F,,,,,,17,0,0,329,723,17,17,1.0,0.0,0.0,2.552686181959945,0.510537236391989,0.04642950562385561,14,1.0,1.0000;1.0000;0.6667;0.6667;0.6471,M2,M2,M2,1,M1:7;M2:321,328,7,lift,require#1,1,1,16,1,0,16,1.0000:3/1/0/3;1.0000:15/1/0/15;0.6667:7/1/4/7;0.6667:7/1/4/7;0.6471:10/1/6/10
743,1,R_7b6b1008b48c1115,6,R_7b6b1008b48c1115@6,F_proj,7,break,1,0,F,,,,,,17,0,0,333,737,17,17,1.0,0.0,0.0,1.8187175730982716,0.3031195955163786,0.022792580982236153,14,1.0,1.0000;1.0000;1.0000;1.0000;0.6667,M1,M1,M1,1,M1:322;M2:10,332,10,break,enable#0,1,1,16,1,0,16,1.0000:4/0/0/4;1.0000:11/0/0/11;1.0000:7/0/0/7;1.0000:15/1/0/15;0.6667:7/1/4/7
744,1,R_cb63a1ebfc31098d,19,R_cb63a1ebfc31098d@19,F_proj,1,bend,1,1,F,,,,,,17,0,0,330,725,17,17,1.0,0.0,0.0,1.9790303722643847,0.3298383953773974,0.02282956102015524,14,1.0,1.0000;1.0000;0.6667;0.6667;0.6471,M2,M2,M2,1,M1:7;M2:322,329,7,bend,hinder#1,1,1,16,1,0,16,1.0000:4/0/0/4;1.0000:15/1/0/15;0.6667:7/1/4/7;0.6667:8/0/4/8;0.6471:10/1/6/10
745,1,R_7b6b1008b48c1115,6,R_7b6b1008b48c1115@6,F_proj,14,hold,1,1,F,,,,,,17,0,0,334,739,17,17,1.0,0.0,0.0,2.7650109458403334,0.46416557471582315,0.022930102273467527,14,1.0,1.0000;1.0000;1.0000;1.0000;0.9167,M1,M1,M1,1,M1:323;M2:10,333,10,hold,cause#0,1,1,16,1,0,16,1.0000:4/0/0/4;1.0000:10/1/0/10;1.0000:6/1/0/6;1.0000:15/1/0/15;0.9167:10/1/1/10
748,1,R_cb63a1ebfc31098d,19,R_cb63a1ebfc31098d@19,F_proj,4,drag,1,0,F,,,,,,17,0,0,332,729,17,17,1.0,0.0,0.0,1.8028797462038266,0.30047995770063773,0.02335993770683278,14,1.0,1.0000;1.0000;0.6667;0.6471;0.5833,M2,M2,M2,1,M1:7;M2:324,331,7,drag,permit#1,1,1,16,1,0,16,1.0000:4/0/0/4;1.0000:15/1/0/15;0.6667:7/1/4/7;0.6471:10/1/6/10;0.5833:7/0/5/7
750,1,R_cb63a1ebfc31098d,19,R_cb63a1ebfc31098d@19,F_proj,15,pull,1,1,F,,,,,,17,0,0,333,731,17,17,1.0,0.0,0.0,1.2136517400035842,0.20227529000059738,0.023231734938199702,14,1.0,1.0000;1.0000;0.6667;0.6667;0.6471,M2,M2,M2,1,M1:7;M2:325,332,7,pull,permit#0,1,1,16,1,0,16,1.0000:4/0/0/4;1.0000:15/1/0/15;0.6667:8/0/4/8;0.6667:7/1/4/7;0.6471:10/1/6/10
751,1,R_7b6b1008b48c1115,6,R_7b6b1008b48c1115@6,F_proj,7,break,1,0,F,,,,,,17,0,0,337,745,17,17,1.0,0.0,0.0,1.744674862931019,0.29077914382183645,0.022749305241388226,14,1.0,1.0000;1.0000;1.0000;1.0000;0.6667,M1,M1,M1,1,M1:326;M2:10,336,10,break,enable#0,1,1,16,1,0,16,1.0000:4/0/0/4;1.0000:11/0/0/11;1.0000:7/0/0/7;1.0000:15/1/0/15;0.6667:7/1/4/7
753,1,R_0e5d236bf5b42b15,20,R_0e5d236bf5b42b15@20,F_proj,8,pull,1,1,F,,,,,,17,0,0,30,733,17,17,1.0,0.0,0.0,0.3138117441256149,0.05230195735426915,0.02320933531042486,14,1.0,1.0000;1.0000;1.0000;0.7500;0.6471,M2,M2,M2,1,M2:29,29,0,pull,permit#0,1,1,16,1,0,16,1.0000:7/0/0/7;1.0000:12/0/0/12;1.0000:11/1/0/11;0.7500:3/0/1/3;0.6471:10/1/6/10
758,1,R_7b6b1008b48c1115,6,R_7b6b1008b48c1115@6,F_proj,7,break,1,1,F,,,,,,17,0,0,342,752,17,17,1.0,0.0,0.0,1.6918564577491073,0.2819760762915179,0.022736006148328422,14,1.0,1.0000;1.0000;1.0000;1.0000;0.6667,M1,M1,M1,1,M1:330;M2:11,341,11,break,enable#0,1,1,16,1,0,16,1.0000:4/0/0/4;1.0000:11/0/0/11;1.0000:7/0/0/7;1.0000:15/1/0/15;0.6667:7/1/4/7
759,1,R_cb63a1ebfc31098d,19,R_cb63a1ebfc31098d@19,F_proj,5,lock,1,0,F,,,,,,17,0,0,336,740,17,17,1.0,0.0,0.0,1.6905784391162049,0.2817630731860342,0.023599386032233306,14,1.0,1.0000;1.0000;0.6667;0.6471;0.5833,M2,M2,M2,1,M1:7;M2:328,335,7,lock,hinder#0,1,1,16,1,0,16,1.0000:4/0/0/4;1.0000:15/1/0/15;0.6667:7/1/4/7;0.6471:10/1/6/10;0.5833:7/0/5/7
761,1,R_7b6b1008b48c1115,6,R_7b6b1008b48c1115@6,F_proj,2,lift,1,0,F,,,,,,17,0,0,343,755,17,17,1.0,0.0,0.0,1.1885255467223181,0.23770510934446362,0.04650421025771881,14,1.0,1.0000;1.0000;1.0000;0.9091;0.6667,M1,M1,M1,1,M1:331;M2:11,342,11,lift,require#1,1,1,16,1,0,16,1.0000:3/1/0/3;1.0000:6/1/0/6;1.0000:15/1/0/15;0.9091:10/0/1/10;0.6667:7/1/4/7
762,1,R_7b6b1008b48c1115,6,R_7b6b1008b48c1115@6,F_proj,14,hold,1,1,F,,,,,,17,0,0,344,756,17,17,1.0,0.0,0.0,2.8533150877432925,0.4788265380105938,0.023063200815494393,14,1.0,1.0000;1.0000;1.0000;1.0000;0.9167,M1,M1,M1,1,M1:332;M2:11,343,11,hold,cause#0,1,1,16,1,0,16,1.0000:4/0/0/4;1.0000:10/1/0/10;1.0000:6/1/0/6;1.0000:15/1/0/15;0.9167:10/1/1/10
763,1,R_cb63a1ebfc31098d,19,R_cb63a1ebfc31098d@19,F_proj,0,hold_b,1,0,F,,,,,,17,0,0,338,744,17,17,1.0,0.0,0.0,1.4956131649511697,0.24595856559390888,0.023350512184259084,14,1.0,1.0000;1.0000;1.0000;0.9167;0.9167,M2,M2,M2,1,M1:7;M2:330,337,7,hold_b,cause#0,1,0,16,1,0,16,1.0000:4/0/0/4;1.0000:6/1/0/6;1.0000:15/1/0/15;0.9167:10/1/1/10;0.9167:10/1/1/10
764,1,R_cb63a1ebfc31098d,19,R_cb63a1ebfc31098d@19,F_proj,5,lock,1,0,F,,,,,,17,0,0,339,745,17,17,1.0,0.0,0.0,1.6526195603597331,0.27543659339328885,0.023573516329902146,14,1.0,1.0000;1.0000;0.6667;0.6471;0.5833,M2,M2,M2,1,M1:7;M2:331,338,7,lock,hinder#0,1,1,16,1,0,16,1.0000:4/0/0/4;1.0000:15/1/0/15;0.6667:7/1/4/7;0.6471:10/1/6/10;0.5833:7/0/5/7
765,1,R_7b6b1008b48c1115,6,R_7b6b1008b48c1115@6,F_proj,14,hold,1,1,F,,,,,,17,0,0,345,759,17,17,1.0,0.0,0.0,4.166624964382956,0.6977017670598458,0.023035918263739054,14,1.0,1.0000;1.0000;1.0000;1.0000;0.9167,M1,M1,M1,1,M1:333;M2:11,344,11,hold,cause#0,1,1,16,1,0,16,1.0000:4/0/0/4;1.0000:10/1/0/10;1.0000:6/1/0/6;1.0000:15/1/0/15;0.9167:10/1/1/10
770,1,R_7b6b1008b48c1115,6,R_7b6b1008b48c1115@6,F_proj,7,break,1,1,F,,,,,,17,0,0,348,764,17,17,1.0,0.0,0.0,2.306003638963355,0.38433393982722586,0.022761664564943253,14,1.0,1.0000;1.0000;1.0000;1.0000;0.6667,M1,M1,M1,1,M1:336;M2:11,347,11,break,enable#0,1,1,16,1,0,16,1.0000:4/0/0/4;1.0000:11/0/0/11;1.0000:7/0/0/7;1.0000:15/1/0/15;0.6667:7/1/4/7
774,1,R_0e5d236bf5b42b15,20,R_0e5d236bf5b42b15@20,F_proj,6,drag,1,0,F,,,,,,17,0,0,30,754,17,17,1.0,0.0,0.0,0.2682564303959007,0.044709405065983455,0.023327271587132378,14,1.0,1.0000;1.0000;0.9167;0.7500;0.6471,M2,M2,M2,1,M2:29,29,0,drag,permit#1,1,1,16,1,0,16,1.0000:7/0/0/7;1.0000:11/1/0/11;0.9167:11/0/1/11;0.7500:3/0/1/3;0.6471:10/1/6/10
778,1,R_cb63a1ebfc31098d,19,R_cb63a1ebfc31098d@19,F_proj,5,lock,1,1,F,,,,,,17,0,0,345,759,17,17,1.0,0.0,0.0,1.565737610672255,0.26095626844537584,0.023522805266113434,14,1.0,1.0000;1.0000;0.6667;0.6471;0.5833,M2,M2,M2,1,M1:7;M2:337,344,7,lock,hinder#0,1,1,16,1,0,16,1.0000:4/0/0/4;1.0000:15/1/0/15;0.6667:7/1/4/7;0.6471:10/1/6/10;0.5833:7/0/5/7
779,1,R_7b6b1008b48c1115,6,R_7b6b1008b48c1115@6,F_proj,10,cut,1,0,F,,,,,,17,0,0,353,773,17,17,1.0,0.0,0.0,1.528298503147093,0.25471641719118215,0.022994952327537857,14,1.0,1.0000;1.0000;1.0000;1.0000;0.6667,M1,M1,M1,1,M1:340;M2:12,352,12,cut,enable#1,1,1,16,1,0,16,1.0000:4/0/0/4;1.0000:10/1/0/10;1.0000:7/0/0/7;1.0000:15/1/0/15;0.6667:7/1/4/7
780,1,R_7b6b1008b48c1115,6,R_7b6b1008b48c1115@6,F_proj,12,push,1,0,F,,,,,,17,0,0,354,774,17,17,1.0,0.0,0.0,0.14552889626236085,0.19372832221447558,0.04649570521598407,14,1.0,1.0000;1.0000;1.0000;0.7500;0.6364,M1,M1,M1,1,M1:341;M2:12,353,12,push,cause#1,1,1,16,1,0,16,1.0000:10/1/0/10;1.0000:6/1/0/6;1.0000:15/1/0/15;0.7500:3/0/1/3;0.6364:7/0/4/7
781,1,R_cb63a1ebfc31098d,19,R_cb63a1ebfc31098d@19,F_proj,0,hold_b,1,0,F,,,,,,17,0,0,346,762,17,17,1.0,0.0,0.0,1.413779293992375,0.23237851186201292,0.023248585814632933,14,1.0,1.0000;1.0000;1.0000;0.9167;0.9167,M2,M2,M2,1,M1:7;M2:338,345,7,hold_b,cause#0,1,0,16,1,0,16,1.0000:4/0/0/4;1.0000:6/1/0/6;1.0000:15/1/0/15;0.9167:10/1/1/10;0.9167:10/1/1/10
783,1,R_0e5d236bf5b42b15,20,R_0e5d236bf5b42b15@20,F_proj,16,push,1,0,F,,,,,,17,0,0,30,763,17,17,1.0,0.0,0.0,0.1465850547470196,0.07492829195300067,0.0464467319856133,14,1.0,1.0000;1.0000;1.0000;0.5882;0.5625,M2,M2,M2,1,M2:29,29,0,push,cause#1,1,1,16,1,0,16,1.0000:6/1/0/6;1.0000:11/1/0/11;1.0000:11/1/0/11;0.5882:10/0/7/10;0.5625:9/0/7/9
785,1,R_cb63a1ebfc31098d,19,R_cb63a1ebfc31098d@19,F_proj,0,hold_b,1,1,F,,,,,,17,0,0,348,766,17,17,1.0,0.0,0.0,1.3978323038247797,0.22973348587738704,0.023133543638275498,14,1.0,1.0000;1.0000;1.0000;0.9167;0.9167,M2,M2,M2,1,M1:7;M2:340,347,7,hold_b,cause#0,1,0,16,1,0,16,1.0000:4/0/0/4;1.0000:6/1/0/6;1.0000:15/1/0/15;0.9167:10/1/1/10;0.9167:10/1/1/10
786,1,R_0e5d236bf5b42b15,20,R_0e5d236bf5b42b15@20,F_proj,0,carry,1,0,F,,,,,,17,0,0,30,766,17,17,1.0,0.0,0.0,0.09696695755792199,0.0193933915115844,0.046333477481929945,14,1.0,1.0000;1.0000;1.0000;0.7500;0.6471,M2,M2,M2,1,M2:29,29,0,carry,require#0,1,1,16,1,0,16,1.0000:6/1/0/6;1.0000:11/1/0/11;1.0000:11/1/0/11;0.7500:3/0/1/3;0.6471:10/1/6/10
787,1,R_7b6b1008b48c1115,6,R_7b6b1008b48c1115@6,F_proj,7,break,1,0,F,,,,,,17,0,0,357,781,17,17,1.0,0.0,0.0,2.5378982820334115,0.42298304700556866,0.02276653504442251,14,1.0,1.0000;1.0000;1.0000;1.0000;0.6667,M1,M1,M1,1,M1:344;M2:12,356,12,break,enable#0,1,1,16,1,0,16,1.0000:4/0/0/4;1.0000:11/0/0/11;1.0000:7/0/0/7;1.0000:15/1/0/15;0.6667:7/1/4/7
788,1,R_7b6b1008b48c1115,6,R_7b6b1008b48c1115@6,F_proj,7,break,1,0,F,,,,,,17,0,0,358,782,17,17,1.0,0.0,0.0,2.5086300571416755,0.41810500952361257,0.022735674676524955,14,1.0,1.0000;1.0000;1.0000;1.0000;0.6667,M1,M1,M1,1,M1:345;M2:12,357,12,break,enable#0,1,1,16,1,0,16,1.0000:4/0/0/4;1.0000:11/0/0/11;1.0000:7/0/0/7;1.0000:15/1/0/15;0.6667:7/1/4/7
790,1,R_cb63a1ebfc31098d,19,R_cb63a1ebfc31098d@19,F_proj,14,push,1,0,F,,,,,,17,0,0,350,771,17,17,1.0,0.0,0.0,0.40518240213203444,0.2937926817079604,0.04639587046027162,14,1.0,1.0000;0.7500;0.5882;0.5833;0.5833,M2,M2,M2,1,M1:7;M2:342,349,7,push,cause#1,1,1,16,1,0,16,1.0000:15/1/0/15;0.7500:3/0/1/3;0.5882:10/0/7/10;0.5833:7/0/5/7;0.5833:7/0/5/7
792,1,R_8b0d2a6b7293001d,140,R_8b0d2a6b7293001d@140,F_proj,7,cut,1,0,F,,,,,,17,0,0,31,652,17,17,1.0,0.0,0.0,0.524530263709637,0.08742171061827282,0.022984983144345696,14,1.0,1.0000;1.0000;1.0000;0.7500;0.7273,M1,M1,M1,1,M1:30,30,0,cut,enable#1,1,1,16,1,0,16,1.0000:10/1/0/10;1.0000:11/1/0/11;1.0000:15/1/0/15;0.7500:3/0/1/3;0.7273:7/1/3/7
795,1,R_cb63a1ebfc31098d,19,R_cb63a1ebfc31098d@19,F_proj,1,bend,1,0,F,,,,,,17,0,0,353,776,17,17,1.0,0.0,0.0,1.957859825277792,0.3263099708796319,0.022899364924279433,14,1.0,1.0000;1.0000;0.6667;0.6667;0.6471,M2,M2,M2,1,M1:8;M2:344,352,8,bend,hinder#1,1,1,16,1,0,16,1.0000:4/0/0/4;1.0000:15/1/0/15;0.6667:7/1/4/7;0.6667:8/0/4/8;0.6471:10/1/6/10
796,1,R_7b6b1008b48c1115,6,R_7b6b1008b48c1115@6,F_proj,7,break,1,1,F,,,,,,17,0,0,361,790,17,17,1.0,0.0,0.0,2.325435934212128,0.38757265570202126,0.022687076904311765,14,1.0,1.0000;1.0000;1.0000;1.0000;0.6667,M1,M1,M1,1,M1:348;M2:12,360,12,break,enable#0,1,1,16,1,0,16,1.0000:4/0/0/4;1.0000:11/0/0/11;1.0000:7/0/0/7;1.0000:15/1/0/15;0.6667:7/1/4/7
798,1,R_7b6b1008b48c1115,6,R_7b6b1008b48c1115@6,F_proj,13,press,1,0,F,,,,,,17,0,0,362,792,17,17,1.0,0.0,0.0,2.087457136646789,0.3479095227744648,0.023784901758014478,14,1.0,1.0000;1.0000;1.0000;1.0000;0.6471,M1,M1,M1,1,M1:349;M2:12,361,12,press,avert#1,1,1,16,1,0,16,1.0000:4/0/0/4;1.0000:10/1/0/10;1.0000:7/0/0/7;1.0000:15/1/0/15;0.6471:10/1/6/10
799,1,R_cb63a1ebfc31098d,19,R_cb63a1ebfc31098d@19,F_proj,5,lock,1,0,F,,,,,,17,0,0,355,780,17,17,1.0,0.0,0.0,1.9795261634659607,0.3299210272443268,0.023511543134872418,14,1.0,1.0000;1.0000;0.6667;0.6471;0.5833,M2,M2,M2,1,M1:8;M2:346,354,8,lock,hinder#0,1,1,16,1,0,16,1.0000:4/0/0/4;1.0000:15/1/0/15;0.6667:7/1/4/7;0.6471:10/1/6/10;0.5833:7/0/5/7
801,1,R_cb63a1ebfc31098d,19,R_cb63a1ebfc31098d@19,F_proj,4,drag,1,1,F,,,,,,17,0,0,356,782,17,17,1.0,0.0,0.0,1.6244868406500494,0.2707478067750082,0.023275548551339557,14,1.0,1.0000;1.0000;0.6667;0.6471;0.5833,M2,M2,M2,1,M1:8;M2:347,355,8,drag,permit#1,1,1,16,1,0,16,1.0000:4/0/0/4;1.0000:15/1/0/15;0.6667:7/1/4/7;0.6471:10/1/6/10;0.5833:7/0/5/7
803,1,R_7b6b1008b48c1115,6,R_7b6b1008b48c1115@6,F_proj,13,press,1,0,F,,,,,,17,0,0,364,797,17,17,1.0,0.0,0.0,2.0629197811233877,0.34381996352056454,0.02370012091898428,14,1.0,1.0000;1.0000;1.0000;1.0000;0.6471,M1,M1,M1,1,M1:351;M2:12,363,12,press,avert#1,1,1,16,1,0,16,1.0000:4/0/0/4;1.0000:10/1/0/10;1.0000:7/0/0/7;1.0000:15/1/0/15;0.6471:10/1/6/10
806,1,R_7b6b1008b48c1115,6,R_7b6b1008b48c1115@6,F_proj,7,break,1,0,F,,,,,,17,0,0,366,800,17,17,1.0,0.0,0.0,2.926529338075831,0.48775488967930514,0.022709475332811275,14,1.0,1.0000;1.0000;1.0000;1.0000;0.6667,M1,M1,M1,1,M1:353;M2:12,365,12,break,enable#0,1,1,16,1,0,16,1.0000:4/0/0/4;1.0000:11/0/0/11;1.0000:7/0/0/7;1.0000:15/1/0/15;0.6667:7/1/4/7
807,1,R_0e5d236bf5b42b15,20,R_0e5d236bf5b42b15@20,F_proj,9,lift,1,0,F,,,,,,17,0,0,31,787,17,17,1.0,0.0,0.0,0.6599345041986471,0.1319869008397294,0.04656479364697389,14,1.0,1.0000;1.0000;1.0000;0.7500;0.6471,M2,M2,M2,1,M2:30,30,0,lift,require#1,1,1,16,1,0,16,1.0000:6/1/0/6;1.0000:11/1/0/11;1.0000:11/1/0/11;0.7500:2/1/1/2;0.6471:10/1/6/10
810,1,R_7b6b1008b48c1115,6,R_7b6b1008b48c1115@6,F_proj,12,push,1,1,F,,,,,,17,0,0,368,804,17,17,1.0,0.0,0.0,0.14136081601737124,0.18312315225540107,0.04638897213065628,14,1.0,1.0000;1.0000;1.0000;0.7500;0.6364,M1,M1,M1,1,M1:355;M2:12,367,12,push,cause#1,1,1,16,1,0,16,1.0000:10/1/0/10;1.0000:6/1/0/6;1.0000:15/1/0/15;0.7500:3/0/1/3;0.6364:7/0/4/7
811,1,R_cb63a1ebfc31098d,19,R_cb63a1ebfc31098d@19,F_proj,4,drag,1,1,F,,,,,,17,0,0,360,792,17,17,1.0,0.0,0.0,2.3534394979170226,0.3922399163195037,0.023285047288399377,14,1.0,1.0000;1.0000;0.6667;0.6471;0.5833,M2,M2,M2,1,M1:8;M2:351,359,8,drag,permit#1,1,1,16,1,0,16,1.0000:4/0/0/4;1.0000:15/1/0/15;0.6667:7/1/4/7;0.6471:10/1/6/10;0.5833:7/0/5/7
814,1,R_7b6b1008b48c1115,6,R_7b6b1008b48c1115@6,F_proj,7,break,1,0,F,,,,,,17,0,0,370,808,17,17,1.0,0.0,0.0,2.6307131579472154,0.4384521929912026,0.022662213740458015,14,1.0,1.0000;1.0000;1.0000;1.0000;0.6667,M1,M1,M1,1,M1:357;M2:12,369,12,break,enable#0,1,1,16,1,0,16,1.0000:4/0/0/4;1.0000:11/0/0/11;1.0000:7/0/0/7;1.0000:15/1/0/15;0.6667:7/1/4/7
815,1,R_cb63a1ebfc31098d,19,R_cb63a1ebfc31098d@19,F_proj,4,drag,1,0,F,,,,,,17,0,0,362,796,17,17,1.0,0.0,0.0,3.436824007548619,0.5728040012581032,0.023290445556349775,14,1.0,1.0000;1.0000;0.6667;0.6471;0.5833,M2,M2,M2,1,M1:8;M2:353,361,8,drag,permit#1,1,1,16,1,0,16,1.0000:4/0/0/4;1.0000:15/1/0/15;0.6667:7/1/4/7;0.6471:10/1/6/10;0.5833:7/0/5/7
816,1,R_7b6b1008b48c1115,6,R_7b6b1008b48c1115@6,F_proj,10,cut,1,0,F,,,,,,17,0,0,371,810,17,17,1.0,0.0,0.0,1.4107633742527843,0.2351272290421307,0.02296388839312273,14,1.0,1.0000;1.0000;1.0000;1.0000;0.6667,M1,M1,M1,1,M1:358;M2:12,370,12,cut,enable#1,1,1,16,1,0,16,1.0000:4/0/0/4;1.0000:10/1/0/10;1.0000:7/0/0/7;1.0000:15/1/0/15;0.6667:7/1/4/7
818,1,R_cb63a1ebfc31098d,19,R_cb63a1ebfc31098d@19,F_proj,15,pull,1,1,F,,,,,,17,0,0,364,799,17,17,1.0,0.0,0.0,1.3019554291028692,0.21699257151714482,0.023322058038098628,14,1.0,1.0000;1.0000;0.6667;0.6667;0.6471,M2,M2,M2,1,M1:8;M2:355,363,8,pull,permit#0,1,1,16,1,0,16,1.0000:4/0/0/4;1.0000:15/1/0/15;0.6667:8/0/4/8;0.6667:7/1/4/7;0.6471:10/1/6/10
819,1,R_7b6b1008b48c1115,6,R_7b6b1008b48c1115@6,F_proj,10,cut,1,1,F,,,,,,17,0,0,372,813,17,17,1.0,0.0,0.0,1.4024023605321712,0.23373372675536183,0.02287814129919393,14,1.0,1.0000;1.0000;1.0000;1.0000;0.6667,M1,M1,M1,1,M1:359;M2:12,371,12,cut,enable#1,1,1,16,1,0,16,1.0000:4/0/0/4;1.0000:10/1/0/10;1.0000:7/0/0/7;1.0000:15/1/0/15;0.6667:7/1/4/7
820,1,R_7b6b1008b48c1115,6,R_7b6b1008b48c1115@6,F_proj,14,hold,1,0,F,,,,,,17,0,0,373,814,17,17,1.0,0.0,0.0,2.593740210621457,0.43538543025763904,0.023324650722235378,14,1.0,1.0000;1.0000;1.0000;1.0000;0.9167,M1,M1,M1,1,M1:360;M2:12,372,12,hold,cause#0,1,1,16,1,0,16,1.0000:4/0/0/4;1.0000:10/1/0/10;1.0000:6/1/0/6;1.0000:15/1/0/15;0.9167:10/1/1/10
821,1,R_cb63a1ebfc31098d,19,R_cb63a1ebfc31098d@19,F_proj,1,bend,1,1,F,,,,,,17,0,0,365,802,17,17,1.0,0.0,0.0,1.7828485536952008,0.2971414256158668,0.022884513038850453,14,1.0,1.0000;1.0000;0.6667;0.6667;0.6471,M2,M2,M2,1,M1:8;M2:356,364,8,bend,hinder#1,1,1,16,1,0,16,1.0000:4/0/0/4;1.0000:15/1/0/15;0.6667:7/1/4/7;0.6667:8/0/4/8;0.6471:10/1/6/10
823,1,R_7b6b1008b48c1115,6,R_7b6b1008b48c1115@6,F_proj,13,press,1,0,F,,,,,,17,0,0,374,817,17,17,1.0,0.0,0.0,1.973431408431319,0.32890523473855315,0.023656421450061943,14,1.0,1.0000;1.0000;1.0000;1.0000;0.6471,M1,M1,M1,1,M1:361;M2:12,373,12,press,avert#1,1,1,16,1,0,16,1.0000:4/0/0/4;1.0000:10/1/0/10;1.0000:7/0/0/7;1.0000:15/1/0/15;0.6471:10/1/6/10
825,1,R_7b6b1008b48c1115,6,R_7b6b1008b48c1115@6,F_proj,10,cut,1,0,F,,,,,,17,0,0,375,819,17,17,1.0,0.0,0.0,2.3735692809570055,0.3955948801595009,0.022895821071218365,14,1.0,1.0000;1.0000;1.0000;1.0000;0.6667,M1,M1,M1,1,M1:362;M2:12,374,12,cut,enable#1,1,1,16,1,0,16,1.0000:4/0/0/4;1.0000:10/1/0/10;1.0000:7/0/0/7;1.0000:15/1/0/15;0.6667:7/1/4/7
828,1,R_8b0d2a6b7293001d,140,R_8b0d2a6b7293001d@140,F_proj,16,break,1,1,F,,,,,,17,0,0,31,688,17,17,1.0,0.0,0.0,0.3421048603997853,0.05701747673329755,0.02263531343458629,14,1.0,1.0000;1.0000;1.0000;0.7500;0.7273,M1,M1,M1,1,M1:30,30,0,break,enable#0,1,1,16,1,0,16,1.0000:10/1/0/10;1.0000:11/1/0/11;1.0000:15/1/0/15;0.7500:3/0/1/3;0.7273:8/0/3/8
832,1,R_7b6b1008b48c1115,6,R_7b6b1008b48c1115@6,F_proj,12,push,1,1,F,,,,,,17,0,0,378,826,17,17,1.0,0.0,0.0,0.5550630458926743,0.2596082139833851,0.04644920347785493,14,1.0,1.0000;1.0000;1.0000;0.7500;0.6364,M1,M1,M1,1,M1:365;M2:12,377,12,push,cause#1,1,1,16,1,0,16,1.0000:10/1/0/10;1.0000:6/1/0/6;1.0000:15/1/0/15;0.7500:3/0/1/3;0.6364:7/0/4/7
833,1,R_0e5d236bf5b42b15,20,R_0e5d236bf5b42b15@20,F_proj,16,push,1,1,F,,,,,,17,0,0,32,813,17,17,1.0,0.0,0.0,0.13967167567941796,0.07007252040370654,0.046450635272176244,14,1.0,1.0000;1.0000;1.0000;0.5882;0.5625,M2,M2,M2,1,M2:31,31,0,push,cause#1,1,1,16,1,0,16,1.0000:6/1/0/6;1.0000:11/1/0/11;1.0000:11/1/0/11;0.5882:10/0/7/10;0.5625:9/0/7/9
834,1,R_7b6b1008b48c1115,6,R_7b6b1008b48c1115@6,F_proj,14,hold,1,1,F,,,,,,17,0,0,379,828,17,17,1.0,0.0,0.0,2.4274534998523656,0.4076307645100464,0.023284242388963268,14,1.0,1.0000;1.0000;1.0000;1.0000;0.9167,M1,M1,M1,1,M1:366;M2:12,378,12,hold,cause#0,1,1,16,1,0,16,1.0000:4/0/0/4;1.0000:10/1/0/10;1.0000:6/1/0/6;1.0000:15/1/0/15;0.9167:10/1/1/10
835,1,R_cb63a1ebfc31098d,19,R_cb63a1ebfc31098d@19,F_proj,4,drag,1,0,F,,,,,,17,0,0,373,816,17,17,1.0,0.0,0.0,2.40564952181294,0.40094158696882326,0.02325716611430897,14,1.0,1.0000;1.0000;0.6667;0.6471;0.5833,M2,M2,M2,1,M1:9;M2:363,372,9,drag,permit#1,1,1,16,1,0,16,1.0000:4/0/0/4;1.0000:15/1/0/15;0.6667:7/1/4/7;0.6471:10/1/6/10;0.5833:7/0/5/7
836,1,R_7b6b1008b48c1115,6,R_7b6b1008b48c1115@6,F_proj,14,hold,1,0,F,,,,,,17,0,0,380,830,17,17,1.0,0.0,0.0,4.141168246538254,0.6932442293917245,0.023286875725900116,14,1.0,1.0000;1.0000;1.0000;1.0000;0.9167,M1,M1,M1,1,M1:367;M2:12,379,12,hold,cause#0,1,1,16,1,0,16,1.0000:4/0/0/4;1.0000:10/1/0/10;1.0000:6/1/0/6;1.0000:15/1/0/15;0.9167:10/1/1/10
837,1,R_cb63a1ebfc31098d,19,R_cb63a1ebfc31098d@19,F_proj,14,push,1,1,F,,,,,,17,0,0,374,818,17,17,1.0,0.0,0.0,0.32718359968674265,0.2596453971976183,0.046459022098486166,14,1.0,1.0000;0.7500;0.5882;0.5833;0.5833,M2,M2,M2,1,M1:9;M2:364,373,9,push,cause#1,1,1,16,1,0,16,1.0000:15/1/0/15;0.7500:3/0/1/3;0.5882:10/0/7/10;0.5833:7/0/5/7;0.5833:7/0/5/7
838,1,R_7b6b1008b48c1115,6,R_7b6b1008b48c1115@6,F_proj,15,turn,1,0,F,,,,,,17,0,0,381,832,17,17,1.0,0.0,0.0,2.0357563737273905,0.3392927289545651,0.023635731664928744,14,1.0,1.0000;1.0000;1.0000;1.0000;0.6667,M1,M1,M1,1,M1:368;M2:12,380,12,turn,avert#0,1,1,16,1,0,16,1.0000:4/0/0/4;1.0000:10/1/0/10;1.0000:7/0/0/7;1.0000:15/1/0/15;0.6667:8/0/4/8
842,1,R_cb63a1ebfc31098d,19,R_cb63a1ebfc31098d@19,F_proj,14,push,1,1,F,,,,,,17,0,0,375,823,17,17,1.0,0.0,0.0,1.225778929714072,0.4376371194080114,0.046474081762094215,14,1.0,1.0000;0.7500;0.5882;0.5833;0.5833,M2,M2,M2,1,M1:9;M2:365,374,9,push,cause#1,1,1,16,1,0,16,1.0000:15/1/0/15;0.7500:3/0/1/3;0.5882:10/0/7/10;0.5833:7/0/5/7;0.5833:7/0/5/7
844,1,R_7b6b1008b48c1115,6,R_7b6b1008b48c1115@6,F_proj,14,hold,1,1,F,,,,,,17,0,0,384,838,17,17,1.0,0.0,0.0,3.0868346588206586,0.5174995346194032,0.02335480901978831,14,1.0,1.0000;1.0000;1.0000;1.0000;0.9167,M1,M1,M1,1,M1:371;M2:12,383,12,hold,cause#0,1,1,16,1,0,16,1.0000:4/0/0/4;1.0000:10/1/0/10;1.0000:6/1/0/6;1.0000:15/1/0/15;0.9167:10/1/1/10
847,1,R_cb63a1ebfc31098d,19,R_cb63a1ebfc31098d@19,F_proj,5,lock,1,0,F,,,,,,17,0,0,377,828,17,17,1.0,0.0,0.0,1.5767286914557634,0.26278811524262724,0.023499742076001605,14,1.0,1.0000;1.0000;0.6667;0.6471;0.5833,M2,M2,M2,1,M1:9;M2:367,376,9,lock,hinder#0,1,1,16,1,0,16,1.0000:4/0/0/4;1.0000:15/1/0/15;0.6667:7/1/4/7;0.6471:10/1/6/10;0.5833:7/0/5/7
849,1,R_8b0d2a6b7293001d,140,R_8b0d2a6b7293001d@140,F_proj,9,hold_b,1,1,F,,,,,,17,0,0,31,709,17,17,1.0,0.0,0.0,0.27916461222216177,0.0465274353703603,0.02310419764382935,14,1.0,1.0000;1.0000;1.0000;1.0000;0.9091,M1,M1,M1,1,M1:30,30,0,hold_b,cause#0,1,0,16,1,0,16,1.0000:6/1/0/6;1.0000:10/1/0/10;1.0000:11/1/0/11;1.0000:15/1/0/15;0.9091:9/1/1/9
850,1,R_cb63a1ebfc31098d,19,R_cb63a1ebfc31098d@19,F_proj,4,drag,1,1,F,,,,,,17,0,0,379,831,17,17,1.0,0.0,0.0,2.1877510584946362,0.36462517641577263,0.023249171712555694,14,1.0,1.0000;1.0000;0.6667;0.6471;0.5833,M2,M2,M2,1,M1:9;M2:369,378,9,drag,permit#1,1,1,16,1,0,16,1.0000:4/0/0/4;1.0000:15/1/0/15;0.6667:7/1/4/7;0.6471:10/1/6/10;0.5833:7/0/5/7
851,1,R_7b6b1008b48c1115,6,R_7b6b1008b48c1115@6,F_proj,15,turn,1,0,F,,,,,,17,0,0,387,845,17,17,1.0,0.0,0.0,1.9793033446070776,0.3298838907678462,0.023564989158963826,14,1.0,1.0000;1.0000;1.0000;1.0000;0.6667,M1,M1,M1,1,M1:374;M2:12,386,12,turn,avert#0,1,1,16,1,0,16,1.0000:4/0/0/4;1.0000:10/1/0/10;1.0000:7/0/0/7;1.0000:15/1/0/15;0.6667:8/0/4/8
852,1,R_8b0d2a6b7293001d,140,R_8b0d2a6b7293001d@140,F_proj,10,push,1,1,F,,,,,,17,0,0,31,712,17,17,1.0,0.0,0.0,0.0,0.05374096029263307,0.046508976916500425,14,1.0,1.0000;1.0000;1.0000;0.6364;0.5882,M1,M1,M1,1,M1:30,30,0,push,cause#1,1,1,16,1,0,16,1.0000:11/0/0/11;1.0000:11/1/0/11;1.0000:15/1/0/15;0.6364:7/0/4/7;0.5882:10/0/7/10
853,1,R_cb63a1ebfc31098d,19,R_cb63a1ebfc31098d@19,F_proj,4,drag,1,0,F,,,,,,17,0,0,380,834,17,17,1.0,0.0,0.0,3.565886087440725,0.5943143479067875,0.023226687919845154,14,1.0,1.0000;1.0000;0.6667;0.6471;0.5833,M2,M2,M2,1,M1:9;M2:370,379,9,drag,permit#1,1,1,16,1,0,16,1.0000:4/0/0/4;1.0000:15/1/0/15;0.6667:7/1/4/7;0.6471:10/1/6/10;0.5833:7/0/5/7
854,1,R_cb63a1ebfc31098d,19,R_cb63a1ebfc31098d@19,F_proj,15,pull,1,1,F,,,,,,17,0,0,381,835,17,17,1.0,0.0,0.0,1.5585783413302448,0.2597630568883741,0.023369534315119123,14,1.0,1.0000;1.0000;0.6667;0.6667;0.6471,M2,M2,M2,1,M1:9;M2:371,380,9,pull,permit#0,1,1,16,1,0,16,1.0000:4/0/0/4;1.0000:15/1/0/15;0.6667:8/0/4/8;0.6667:7/1/4/7;0.6471:10/1/6/10
857,1,R_cb63a1ebfc31098d,19,R_cb63a1ebfc31098d@19,F_proj,15,pull,1,0,F,,,,,,17,0,0,382,838,17,17,1.0,0.0,0.0,2.9437308250108702,0.4906218041684784,0.023345421577515867,14,1.0,1.0000;1.0000;0.6667;0.6667;0.6471,M2,M2,M2,1,M1:9;M2:372,381,9,pull,permit#0,1,1,16,1,0,16,1.0000:4/0/0/4;1.0000:15/1/0/15;0.6667:8/0/4/8;0.6667:7/1/4/7;0.6471:10/1/6/10
858,1,R_8b0d2a6b7293001d,140,R_8b0d2a6b7293001d@140,F_proj,6,press,1,0,F,,,,,,17,0,0,32,718,17,17,1.0,0.0,0.0,0.31249467785679,0.05208244630946501,0.023658591804392122,14,1.0,1.0000;0.9167;0.9091;0.7500;0.7273,M1,M1,M1,1,M1:31,31,0,press,avert#1,1,1,16,1,0,16,1.0000:15/1/0/15;0.9167:11/0/1/11;0.9091:10/0/1/10;0.7500:3/0/1/3;0.7273:7/1/3/7
860,1,R_cb63a1ebfc31098d,19,R_cb63a1ebfc31098d@19,F_proj,8,lift,1,0,F,,,,,,17,0,0,384,841,17,17,1.0,0.0,0.0,1.7329637468690293,0.34659274937380585,0.046637682796002486,14,1.0,1.0000;1.0000;0.6667;0.6667;0.6471,M2,M2,M2,1,M1:9;M2:374,383,9,lift,require#1,1,1,16,1,0,16,1.0000:3/1/0/3;1.0000:15/1/0/15;0.6667:7/1/4/7;0.6667:7/1/4/7;0.6471:10/1/6/10
861,1,R_7b6b1008b48c1115,6,R_7b6b1008b48c1115@6,F_proj,14,hold,1,1,F,,,,,,17,0,0,390,855,17,17,1.0,0.0,0.0,3.211086950922056,0.5381616622876758,0.023181049069373943,14,1.0,1.0000;1.0000;1.0000;1.0000;0.9167,M1,M1,M1,1,M1:377;M2:12,389,12,hold,cause#0,1,1,16,1,0,16,1.0000:4/0/0/4;1.0000:10/1/0/10;1.0000:6/1/0/6;1.0000:15/1/0/15;0.9167:10/1/1/10
863,1,R_8b0d2a6b7293001d,140,R_8b0d2a6b7293001d@140,F_proj,2,lift,1,0,F,,,,,,17,0,0,33,723,17,17,1.0,0.0,0.0,0.20834593035891238,0.04166918607178248,0.046598007766334625,14,1.0,1.0000;1.0000;1.0000;0.7500;0.6471,M1,M1,M1,1,M1:32,32,0,lift,require#1,1,1,16,1,0,16,1.0000:10/1/0/10;1.0000:11/1/0/11;1.0000:15/1/0/15;0.7500:2/1/1/2;0.6471:10/1/6/10
864,1,R_cb63a1ebfc31098d,19,R_cb63a1ebfc31098d@19,F_proj,14,push,1,0,F,,,,,,17,0,0,386,845,17,17,1.0,0.0,0.0,1.09109878468122,0.40354690493604584,0.04654823476501012,14,1.0,1.0000;0.7500;0.5882;0.5833;0.5833,M2,M2,M2,1,M1:9;M2:376,385,9,push,cause#1,1,1,16,1,0,16,1.0000:15/1/0/15;0.7500:3/0/1/3;0.5882:10/0/7/10;0.5833:7/0/5/7;0.5833:7/0/5/7
867,1,R_cb63a1ebfc31098d,19,R_cb63a1ebfc31098d@19,F_proj,8,lift,1,0,F,,,,,,17,0,0,387,848,17,17,1.0,0.0,0.0,1.7023218677021306,0.3404643735404261,0.04655983863738234,14,1.0,1.0000;1.0000;0.6667;0.6667;0.6471,M2,M2,M2,1,M1:9;M2:377,386,9,lift,require#1,1,1,16,1,0,16,1.0000:3/1/0/3;1.0000:15/1/0/15;0.6667:7/1/4/7;0.6667:7/1/4/7;0.6471:10/1/6/10
868,1,R_7b6b1008b48c1115,6,R_7b6b1008b48c1115@6,F_proj,2,lift,1,1,F,,,,,,17,0,0,392,862,17,17,1.0,0.0,0.0,0.9464679406835503,0.18929358813671007,0.046510326299882464,14,1.0,1.0000;1.0000;1.0000;0.9091;0.6667,M1,M1,M1,1,M1:379;M2:12,391,12,lift,require#1,1,1,16,1,0,16,1.0000:3/1/0/3;1.0000:6/1/0/6;1.0000:15/1/0/15;0.9091:10/0/1/10;0.6667:7/1/4/7
869,1,R_cb63a1ebfc31098d,19,R_cb63a1ebfc31098d@19,F_proj,8,lift,1,0,F,,,,,,17,0,0,388,850,17,17,1.0,0.0,0.0,1.6938691250449402,0.338773825008988,0.046514228210432156,14,1.0,1.0000;1.0000;0.6667;0.6667;0.6471,M2,M2,M2,1,M1:9;M2:378,387,9,lift,require#1,1,1,16,1,0,16,1.0000:3/1/0/3;1.0000:15/1/0/15;0.6667:7/1/4/7;0.6667:7/1/4/7;0.6471:10/1/6/10
872,1,R_cb63a1ebfc31098d,19,R_cb63a1ebfc31098d@19,F_proj,1,bend,1,0,F,,,,,,17,0,0,390,853,17,17,1.0,0.0,0.0,1.8732882703199751,0.3122147117199959,0.02300707481477355,14,1.0,1.0000;1.0000;0.6667;0.6667;0.6471,M2,M2,M2,1,M1:9;M2:380,389,9,bend,hinder#1,1,1,16,1,0,16,1.0000:4/0/0/4;1.0000:15/1/0/15;0.6667:7/1/4/7;0.6667:8/0/4/8;0.6471:10/1/6/10
873,1,R_7b6b1008b48c1115,6,R_7b6b1008b48c1115@6,F_proj,10,cut,1,1,F,,,,,,17,0,0,394,867,17,17,1.0,0.0,0.0,1.5799074344771584,0.26331790574619307,0.02292327379958827,14,1.0,1.0000;1.0000;1.0000;1.0000;0.6667,M1,M1,M1,1,M1:381;M2:12,393,12,cut,enable#1,1,1,16,1,0,16,1.0000:4/0/0/4;1.0000:10/1/0/10;1.0000:7/0/0/7;1.0000:15/1/0/15;0.6667:7/1/4/7
874,1,R_8b0d2a6b7293001d,140,R_8b0d2a6b7293001d@140,F_proj,2,lift,1,1,F,,,,,,17,0,0,35,734,17,17,1.0,0.0,0.0,0.20594361509059278,0.04118872301811856,0.046457349263684354,14,1.0,1.0000;1.0000;1.0000;0.7500;0.6471,M1,M1,M1,1,M1:34,34,0,lift,require#1,1,1,16,1,0,16,1.0000:10/1/0/10;1.0000:11/1/0/11;1.0000:15/1/0/15;0.7500:2/1/1/2;0.6471:10/1/6/10
875,1,R_cb63a1ebfc31098d,19,R_cb63a1ebfc31098d@19,F_proj,4,drag,1,0,F,,,,,,17,0,0,391,856,17,17,1.0,0.0,0.0,2.4444436979894997,0.4074072829982499,0.023202886483485983,14,1.0,1.0000;1.0000;0.6667;0.6471;0.5833,M2,M2,M2,1,M1:9;M2:381,390,9,drag,permit#1,1,1,16,1,0,16,1.0000:4/0/0/4;1.0000:15/1/0/15;0.6667:7/1/4/7;0.6471:10/1/6/10;0.5833:7/0/5/7
876,1,R_0e5d236bf5b42b15,20,R_0e5d236bf5b42b15@20,F_proj,16,push,1,0,F,,,,,,17,0,0,34,856,17,17,1.0,0.0,0.0,0.4244192235876054,0.12447544573165426,0.04652065428333795,14,1.0,1.0000;1.0000;1.0000;0.5882;0.5625,M2,M2,M2,1,M2:33,33,0,push,cause#1,1,1,16,1,0,16,1.0000:6/1/0/6;1.0000:11/1/0/11;1.0000:11/1/0/11;0.5882:10/0/7/10;0.5625:9/0/7/9
877,1,R_7b6b1008b48c1115,6,R_7b6b1008b48c1115@6,F_proj,10,cut,1,0,F,,,,,,17,0,0,396,871,17,17,1.0,0.0,0.0,2.7764496394536953,0.46274160657561586,0.022931206380857428,14,1.0,1.0000;1.0000;1.0000;1.0000;0.6667,M1,M1,M1,1,M1:383;M2:12,395,12,cut,enable#1,1,1,16,1,0,16,1.0000:4/0/0/4;1.0000:10/1/0/10;1.0000:7/0/0/7;1.0000:15/1/0/15;0.6667:7/1/4/7
878,1,R_cb63a1ebfc31098d,19,R_cb63a1ebfc31098d@19,F_proj,5,lock,1,1,F,,,,,,17,0,0,393,859,17,17,1.0,0.0,0.0,1.449471747402595,0.24157862456709916,0.02351313969571231,14,1.0,1.0000;1.0000;0.6667;0.6471;0.5833,M2,M2,M2,1,M1:9;M2:383,392,9,lock,hinder#0,1,1,16,1,0,16,1.0000:4/0/0/4;1.0000:15/1/0/15;0.6667:7/1/4/7;0.6471:10/1/6/10;0.5833:7/0/5/7
879,1,R_7b6b1008b48c1115,6,R_7b6b1008b48c1115@6,F_proj,2,lift,1,0,F,,,,,,17,0,0,397,873,17,17,1.0,0.0,0.0,1.5304652850717693,0.30609305701435385,0.046474358974358976,14,1.0,1.0000;1.0000;1.0000;0.9091;0.6667,M1,M1,M1,1,M1:384;M2:12,396,12,lift,require#1,1,1,16,1,0,16,1.0000:3/1/0/3;1.0000:6/1/0/6;1.0000:15/1/0/15;0.9091:10/0/1/10;0.6667:7/1/4/7
881,1,R_cb63a1ebfc31098d,19,R_cb63a1ebfc31098d@19,F_proj,15,pull,1,0,F,,,,,,17,0,0,394,862,17,17,1.0,0.0,0.0,1.8340093882074662,0.305668231367911,0.023322489937696422,14,1.0,1.0000;1.0000;0.6667;0.6667;0.6471,M2,M2,M2,1,M1:9;M2:384,393,9,pull,permit#0,1,1,16,1,0,16,1.0000:4/0/0/4;1.0000:15/1/0/15;0.6667:8/0/4/8;0.6667:7/1/4/7;0.6471:10/1/6/10
884,1,R_8b0d2a6b7293001d,140,R_8b0d2a6b7293001d@140,F_proj,9,hold_b,1,1,F,,,,,,17,0,0,35,744,17,17,1.0,0.0,0.0,0.657123098171315,0.10952051636188583,0.02340530740069227,14,1.0,1.0000;1.0000;1.0000;1.0000;0.9091,M1,M1,M1,1,M1:34,34,0,hold_b,cause#0,1,0,16,1,0,16,1.0000:6/1/0/6;1.0000:10/1/0/10;1.0000:11/1/0/11;1.0000:15/1/0/15;0.9091:9/1/1/9
885,1,R_cb63a1ebfc31098d,19,R_cb63a1ebfc31098d@19,F_proj,1,bend,1,0,F,,,,,,17,0,0,396,866,17,17,1.0,0.0,0.0,1.7912628841846623,0.29854381403077707,0.022940563086548488,14,1.0,1.0000;1.0000;0.6667;0.6667;0.6471,M2,M2,M2,1,M1:10;M2:385,395,10,bend,hinder#1,1,1,16,1,0,16,1.0000:4/0/0/4;1.0000:15/1/0/15;0.6667:7/1/4/7;0.6667:8/0/4/8;0.6471:10/1/6/10
888,1,R_7b6b1008b48c1115,6,R_7b6b1008b48c1115@6,F_proj,10,cut,1,0,F,,,,,,17,0,0,400,882,17,17,1.0,0.0,0.0,2.12258873528,0.3537647892133334,0.02291746431110868,14,1.0,1.0000;1.0000;1.0000;1.0000;0.6667,M1,M1,M1,1,M1:387;M2:12,399,12,cut,enable#1,1,1,16,1,0,16,1.0000:4/0/0/4;1.0000:10/1/0/10;1.0000:7/0/0/7;1.0000:15/1/0/15;0.6667:7/1/4/7
889,1,R_0e5d236bf5b42b15,20,R_0e5d236bf5b42b15@20,F_proj,8,pull,1,1,F,,,,,,17,0,0,35,869,17,17,1.0,0.0,0.0,0.441985254173837,0.07366420902897283,0.023274872971643993,14,1.0,1.0000;1.0000;1.0000;0.7500;0.6471,M2,M2,M2,1,M2:34,34,0,pull,permit#0,1,1,16,1,0,16,1.0000:7/0/0/7;1.0000:12/0/0/12;1.0000:11/1/0/11;0.7500:3/0/1/3;0.6471:10/1/6/10
890,1,R_7b6b1008b48c1115,6,R_7b6b1008b48c1115@6,F_proj,12,push,1,1,F,,,,,,17,0,0,401,884,17,17,1.0,0.0,0.0,0.5828623102694829,0.2513632791579017,0.046493860845839015,14,1.0,1.0000;1.0000;1.0000;0.7500;0.6364,M1,M1,M1,1,M1:388;M2:12,400,12,push,cause#1,1,1,16,1,0,16,1.0000:10/1/0/10;1.0000:6/1/0/6;1.0000:15/1/0/15;0.7500:3/0/1/3;0.6364:7/0/4/7
891,1,R_cb63a1ebfc31098d,19,R_cb63a1ebfc31098d@19,F_proj,1,bend,1,0,F,,,,,,17,0,0,398,872,17,17,1.0,0.0,0.0,1.7582987028649535,0.2930497838108255,0.022894521668029435,14,1.0,1.0000;1.0000;0.6667;0.6667;0.6471,M2,M2,M2,1,M1:10;M2:387,397,10,bend,hinder#1,1,1,16,1,0,16,1.0000:4/0/0/4;1.0000:15/1/0/15;0.6667:7/1/4/7;0.6667:8/0/4/8;0.6471:10/1/6/10
892,1,R_cb63a1ebfc31098d,19,R_cb63a1ebfc31098d@19,F_proj,4,drag,1,1,F,,,,,,17,0,0,399,873,17,17,1.0,0.0,0.0,2.2318402610826977,0.3719733768471163,0.023197560444347638,14,1.0,1.0000;1.0000;0.6667;0.6471;0.5833,M2,M2,M2,1,M1:10;M2:388,398,10,drag,permit#1,1,1,16,1,0,16,1.0000:4/0/0/4;1.0000:15/1/0/15;0.6667:7/1/4/7;0.6471:10/1/6/10;0.5833:7/0/5/7
893,1,R_7b6b1008b48c1115,6,R_7b6b1008b48c1115@6,F_proj,14,hold,1,0,F,,,,,,17,0,0,402,887,17,17,1.0,0.0,0.0,3.0128142998011436,0.5050322831108207,0.023116671199347294,14,1.0,1.0000;1.0000;1.0000;1.0000;0.9167,M1,M1,M1,1,M1:389;M2:12,401,12,hold,cause#0,1,1,16,1,0,16,1.0000:4/0/0/4;1.0000:10/1/0/10;1.0000:6/1/0/6;1.0000:15/1/0/15;0.9167:10/1/1/10
894,1,R_cb63a1ebfc31098d,19,R_cb63a1ebfc31098d@19,F_proj,4,drag,1,0,F,,,,,,17,0,0,400,875,17,17,1.0,0.0,0.0,3.9472728687625036,0.6578788114604173,0.023200217332246673,14,1.0,1.0000;1.0000;0.6667;0.6471;0.5833,M2,M2,M2,1,M1:10;M2:389,399,10,drag,permit#1,1,1,16,1,0,16,1.0000:4/0/0/4;1.0000:15/1/0/15;0.6667:7/1/4/7;0.6471:10/1/6/10;0.5833:7/0/5/7
896,1,R_0e5d236bf5b42b15,20,R_0e5d236bf5b42b15@20,F_proj,16,push,1,0,F,,,,,,17,0,0,36,876,17,17,1.0,0.0,0.0,0.36683167545732687,0.11188579656099931,0.04651919323357189,14,1.0,1.0000;1.0000;1.0000;0.5882;0.5625,M2,M2,M2,1,M2:35,35,0,push,cause#1,1,1,16,1,0,16,1.0000:6/1/0/6;1.0000:11/1/0/11;1.0000:11/1/0/11;0.5882:10/0/7/10;0.5625:9/0/7/9
900,1,R_cb63a1ebfc31098d,19,R_cb63a1ebfc31098d@19,F_proj,5,lock,1,0,F,,,,,,17,0,0,402,881,17,17,1.0,0.0,0.0,1.8791132068057492,0.31318553446762487,0.023533221784422735,14,1.0,1.0000;1.0000;0.6667;0.6471;0.5833,M2,M2,M2,1,M1:10;M2:391,401,10,lock,hinder#0,1,1,16,1,0,16,1.0000:4/0/0/4;1.0000:15/1/0/15;0.6667:7/1/4/7;0.6471:10/1/6/10;0.5833:7/0/5/7
902,1,R_7b6b1008b48c1115,6,R_7b6b1008b48c1115@6,F_proj,12,push,1,1,F,,,,,,17,0,0,406,896,17,17,1.0,0.0,0.0,0.541243443242078,0.35532866177552364,0.04648281805450824,14,1.0,1.0000;1.0000;1.0000;0.7500;0.6364,M1,M1,M1,1,M1:393;M2:12,405,12,push,cause#1,1,1,16,1,0,16,1.0000:10/1/0/10;1.0000:6/1/0/6;1.0000:15/1/0/15;0.7500:3/0/1/3;0.6364:7/0/4/7
903,1,R_cb63a1ebfc31098d,19,R_cb63a1ebfc31098d@19,F_proj,5,lock,1,1,F,,,,,,17,0,0,403,884,17,17,1.0,0.0,0.0,1.837419343953235,0.30623655732553917,0.023457255070748372,14,1.0,1.0000;1.0000;0.6667;0.6471;0.5833,M2,M2,M2,1,M1:10;M2:392,402,10,lock,hinder#0,1,1,16,1,0,16,1.0000:4/0/0/4;1.0000:15/1/0/15;0.6667:7/1/4/7;0.6471:10/1/6/10;0.5833:7/0/5/7
904,1,R_0e5d236bf5b42b15,20,R_0e5d236bf5b42b15@20,F_proj,9,lift,1,0,F,,,,,,17,0,0,37,884,17,17,1.0,0.0,0.0,0.5375165889975757,0.10750331779951514,0.0464853826311264,14,1.0,1.0000;1.0000;1.0000;0.7500;0.6471,M2,M2,M2,1,M2:36,36,0,lift,require#1,1,1,16,1,0,16,1.0000:6/1/0/6;1.0000:11/1/0/11;1.0000:11/1/0/11;0.7500:2/1/1/2;0.6471:10/1/6/10
906,1,R_7b6b1008b48c1115,6,R_7b6b1008b48c1115@6,F_proj,14,hold,1,0,F,,,,,,17,0,0,408,900,17,17,1.0,0.0,0.0,2.8060864685842377,0.4705448658213427,0.023109919571045575,14,1.0,1.0000;1.0000;1.0000;1.0000;0.9167,M1,M1,M1,1,M1:395;M2:12,407,12,hold,cause#0,1,1,16,1,0,16,1.0000:4/0/0/4;1.0000:10/1/0/10;1.0000:6/1/0/6;1.0000:15/1/0/15;0.9167:10/1/1/10
909,1,R_0e5d236bf5b42b15,20,R_0e5d236bf5b42b15@20,F_proj,9,lift,1,0,F,,,,,,17,0,0,37,889,17,17,1.0,0.0,0.0,0.5328889795891854,0.10657779591783707,0.046440786660966224,14,1.0,1.0000;1.0000;1.0000;0.7500;0.6471,M2,M2,M2,1,M2:36,36,0,lift,require#1,1,1,16,1,0,16,1.0000:6/1/0/6;1.0000:11/1/0/11;1.0000:11/1/0/11;0.7500:2/1/1/2;0.6471:10/1/6/10
910,1,R_7b6b1008b48c1115,6,R_7b6b1008b48c1115@6,F_proj,2,lift,1,1,F,,,,,,17,0,0,410,904,17,17,1.0,0.0,0.0,1.1813745372747038,0.23627490745494079,0.04638872577803876,14,1.0,1.0000;1.0000;1.0000;0.9091;0.6667,M1,M1,M1,1,M1:397;M2:12,409,12,lift,require#1,1,1,16,1,0,16,1.0000:3/1/0/3;1.0000:6/1/0/6;1.0000:15/1/0/15;0.9091:10/0/1/10;0.6667:7/1/4/7
912,1,R_7b6b1008b48c1115,6,R_7b6b1008b48c1115@6,F_proj,12,push,1,1,F,,,,,,17,0,0,411,906,17,17,1.0,0.0,0.0,1.1443410284258748,0.44252846002861634,0.046495526203664254,14,1.0,1.0000;1.0000;1.0000;0.7500;0.6364,M1,M1,M1,1,M1:398;M2:12,410,12,push,cause#1,1,1,16,1,0,16,1.0000:10/1/0/10;1.0000:6/1/0/6;1.0000:15/1/0/15;0.7500:3/0/1/3;0.6364:7/0/4/7
913,1,R_0e5d236bf5b42b15,20,R_0e5d236bf5b42b15@20,F_proj,0,carry,1,0,F,,,,,,17,0,0,38,893,17,17,1.0,0.0,0.0,0.0862146377398372,0.01724292754796744,0.04618003830602256,14,1.0,1.0000;1.0000;1.0000;0.7500;0.6471,M2,M2,M2,1,M2:37,37,0,carry,require#0,1,1,16,1,0,16,1.0000:6/1/0/6;1.0000:11/1/0/11;1.0000:11/1/0/11;0.7500:3/0/1/3;0.6471:10/1/6/10
915,1,R_8b0d2a6b7293001d,140,R_8b0d2a6b7293001d@140,F_proj,0,carry,1,1,F,,,,,,17,0,0,37,775,17,17,1.0,0.0,0.0,0.16492162331403956,0.03298432466280791,0.04608197069441495,14,1.0,1.0000;1.0000;1.0000;0.7500;0.7273,M1,M1,M1,1,M1:36,36,0,carry,require#0,1,1,16,1,0,16,1.0000:10/1/0/10;1.0000:11/1/0/11;1.0000:15/1/0/15;0.7500:3/0/1/3;0.7273:8/0/3/8
916,1,R_7b6b1008b48c1115,6,R_7b6b1008b48c1115@6,F_proj,2,lift,1,0,F,,,,,,17,0,0,413,910,17,17,1.0,0.0,0.0,1.975895153382844,0.3951790306765688,0.046399406087602076,14,1.0,1.0000;1.0000;1.0000;0.9091;0.6667,M1,M1,M1,1,M1:400;M2:12,412,12,lift,require#1,1,1,16,1,0,16,1.0000:3/1/0/3;1.0000:6/1/0/6;1.0000:15/1/0/15;0.9091:10/0/1/10;0.6667:7/1/4/7
917,1,R_0e5d236bf5b42b15,20,R_0e5d236bf5b42b15@20,F_proj,9,lift,1,0,F,,,,,,17,0,0,39,897,17,17,1.0,0.0,0.0,0.5257095614680453,0.10514191229360906,0.046350248967051595,14,1.0,1.0000;1.0000;1.0000;0.7500;0.6471,M2,M2,M2,1,M2:38,38,0,lift,require#1,1,1,16,1,0,16,1.0000:6/1/0/6;1.0000:11/1/0/11;1.0000:11/1/0/11;0.7500:2/1/1/2;0.6471:10/1/6/10
918,1,R_7b6b1008b48c1115,6,R_7b6b1008b48c1115@6,F_proj,13,press,1,0,F,,,,,,17,0,0,414,912,17,17,1.0,0.0,0.0,1.6643626517432626,0.2773937752905437,0.023653296645147634,14,1.0,1.0000;1.0000;1.0000;1.0000;0.6471,M1,M1,M1,1,M1:401;M2:12,413,12,press,avert#1,1,1,16,1,0,16,1.0000:4/0/0/4;1.0000:10/1/0/10;1.0000:7/0/0/7;1.0000:15/1/0/15;0.6471:10/1/6/10
919,1,R_cb63a1ebfc31098d,19,R_cb63a1ebfc31098d@19,F_proj,14,push,1,1,F,,,,,,17,0,0,408,900,17,17,1.0,0.0,0.0,0.6770070190714473,0.3054249254774588,0.04651408636820128,14,1.0,1.0000;0.7500;0.5882;0.5833;0.5833,M2,M2,M2,1,M1:10;M2:397,407,10,push,cause#1,1,1,16,1,0,16,1.0000:15/1/0/15;0.7500:3/0/1/3;0.5882:10/0/7/10;0.5833:7/0/5/7;0.5833:7/0/5/7
920,1,R_7b6b1008b48c1115,6,R_7b6b1008b48c1115@6,F_proj,14,hold,1,1,F,,,,,,17,0,0,415,914,17,17,1.0,0.0,0.0,2.638084820388971,0.44251009821361686,0.02317723457050842,14,1.0,1.0000;1.0000;1.0000;1.0000;0.9167,M1,M1,M1,1,M1:402;M2:12,414,12,hold,cause#0,1,1,16,1,0,16,1.0000:4/0/0/4;1.0000:10/1/0/10;1.0000:6/1/0/6;1.0000:15/1/0/15;0.9167:10/1/1/10
921,1,R_cb63a1ebfc31098d,19,R_cb63a1ebfc31098d@19,F_proj,4,drag,1,1,F,,,,,,17,0,0,409,902,17,17,1.0,0.0,0.0,2.4454307130472133,0.4075717855078688,0.023152787300247876,14,1.0,1.0000;1.0000;0.6667;0.6471;0.5833,M2,M2,M2,1,M1:10;M2:398,408,10,drag,permit#1,1,1,16,1,0,16,1.0000:4/0/0/4;1.0000:15/1/0/15;0.6667:7/1/4/7;0.6471:10/1/6/10;0.5833:7/0/5/7
922,1,R_cb63a1ebfc31098d,19,R_cb63a1ebfc31098d@19,F_proj,4,drag,1,1,F,,,,,,17,0,0,410,903,17,17,1.0,0.0,0.0,4.894454141315283,0.8157423568858804,0.02317863351419691,14,1.0,1.0000;1.0000;0.6667;0.6471;0.5833,M2,M2,M2,1,M1:10;M2:399,409,10,drag,permit#1,1,1,16,1,0,16,1.0000:4/0/0/4;1.0000:15/1/0/15;0.6667:7/1/4/7;0.6471:10/1/6/10;0.5833:7/0/5/7
924,1,R_cb63a1ebfc31098d,19,R_cb63a1ebfc31098d@19,F_proj,4,drag,1,0,F,,,,,,17,0,0,411,905,17,17,1.0,0.0,0.0,5.550304242553404,0.9250507070922338,0.02318124474348192,14,1.0,1.0000;1.0000;0.6667;0.6471;0.5833,M2,M2,M2,1,M1:10;M2:400,410,10,drag,permit#1,1,1,16,1,0,16,1.0000:4/0/0/4;1.0000:15/1/0/15;0.6667:7/1/4/7;0.6471:10/1/6/10;0.5833:7/0/5/7
928,1,R_cb63a1ebfc31098d,19,R_cb63a1ebfc31098d@19,F_proj,4,drag,1,1,F,,,,,,17,0,0,413,909,17,17,1.0,0.0,0.0,4.257289428665385,0.7095482381108974,0.02314014973038061,14,1.0,1.0000;1.0000;0.6667;0.6471;0.5833,M2,M2,M2,1,M1:10;M2:402,412,10,drag,permit#1,1,1,16,1,0,16,1.0000:4/0/0/4;1.0000:15/1/0/15;0.6667:7/1/4/7;0.6471:10/1/6/10;0.5833:7/0/5/7
929,1,R_8b0d2a6b7293001d,140,R_8b0d2a6b7293001d@140,F_proj,2,lift,1,1,F,,,,,,17,0,0,37,789,17,17,1.0,0.0,0.0,0.44815874224214464,0.08963174844842893,0.04633406547432277,14,1.0,1.0000;1.0000;1.0000;0.7500;0.6471,M1,M1,M1,1,M1:36,36,0,lift,require#1,1,1,16,1,0,16,1.0000:10/1/0/10;1.0000:11/1/0/11;1.0000:15/1/0/15;0.7500:2/1/1/2;0.6471:10/1/6/10
930,1,R_8b0d2a6b7293001d,140,R_8b0d2a6b7293001d@140,F_proj,9,hold_b,1,1,F,,,,,,17,0,0,38,790,17,17,1.0,0.0,0.0,0.8342940818780095,0.13904901364633493,0.023453823652319263,14,1.0,1.0000;1.0000;1.0000;1.0000;0.9091,M1,M1,M1,1,M1:37,37,0,hold_b,cause#0,1,0,16,1,0,16,1.0000:6/1/0/6;1.0000:10/1/0/10;1.0000:11/1/0/11;1.0000:15/1/0/15;0.9091:9/1/1/9
931,1,R_cb63a1ebfc31098d,19,R_cb63a1ebfc31098d@19,F_proj,4,drag,1,1,F,,,,,,17,0,0,414,912,17,17,1.0,0.0,0.0,5.293455355654116,0.882242559275686,0.023115053482911558,14,1.0,1.0000;1.0000;0.6667;0.6471;0.5833,M2,M2,M2,1,M1:10;M2:403,413,10,drag,permit#1,1,1,16,1,0,16,1.0000:4/0/0/4;1.0000:15/1/0/15;0.6667:7/1/4/7;0.6471:10/1/6/10;0.5833:7/0/5/7
933,1,R_7b6b1008b48c1115,6,R_7b6b1008b48c1115@6,F_proj,13,press,1,0,F,,,,,,17,0,0,419,927,17,17,1.0,0.0,0.0,1.6266510915063848,0.2711085152510641,0.02358883565923766,14,1.0,1.0000;1.0000;1.0000;1.0000;0.6471,M1,M1,M1,1,M1:406;M2:12,418,12,press,avert#1,1,1,16,1,0,16,1.0000:4/0/0/4;1.0000:10/1/0/10;1.0000:7/0/0/7;1.0000:15/1/0/15;0.6471:10/1/6/10
935,1,R_7b6b1008b48c1115,6,R_7b6b1008b48c1115@6,F_proj,14,hold,1,1,F,,,,,,17,0,0,420,929,17,17,1.0,0.0,0.0,3.1071892413023146,0.5206581055416223,0.02302016212845562,14,1.0,1.0000;1.0000;1.0000;1.0000;0.9167,M1,M1,M1,1,M1:407;M2:12,419,12,hold,cause#0,1,1,16,1,0,16,1.0000:4/0/0/4;1.0000:10/1/0/10;1.0000:6/1/0/6;1.0000:15/1/0/15;0.9167:10/1/1/10
938,1,R_cb63a1ebfc31098d,19,R_cb63a1ebfc31098d@19,F_proj,15,pull,1,1,F,,,,,,17,0,0,418,919,17,17,1.0,0.0,0.0,1.4245572822455748,0.23742621370759578,0.023359403325218832,14,1.0,1.0000;1.0000;0.6667;0.6667;0.6471,M2,M2,M2,1,M1:10;M2:407,417,10,pull,permit#0,1,1,16,1,0,16,1.0000:4/0/0/4;1.0000:15/1/0/15;0.6667:8/0/4/8;0.6667:7/1/4/7;0.6471:10/1/6/10
941,1,R_cb63a1ebfc31098d,19,R_cb63a1ebfc31098d@19,F_proj,1,bend,1,1,F,,,,,,17,0,0,419,922,17,17,1.0,0.0,0.0,1.55057394106239,0.258428990177065,0.022919677885608093,14,1.0,1.0000;1.0000;0.6667;0.6667;0.6471,M2,M2,M2,1,M1:10;M2:408,418,10,bend,hinder#1,1,1,16,1,0,16,1.0000:4/0/0/4;1.0000:15/1/0/15;0.6667:7/1/4/7;0.6667:8/0/4/8;0.6471:10/1/6/10
944,1,R_7b6b1008b48c1115,6,R_7b6b1008b48c1115@6,F_proj,14,hold,1,1,F,,,,,,17,0,0,425,938,17,17,1.0,0.0,0.0,3.6986547454232914,0.6192144806745552,0.0230523824225584,14,1.0,1.0000;1.0000;1.0000;1.0000;0.9167,M1,M1,M1,1,M1:412;M2:12,424,12,hold,cause#0,1,1,16,1,0,16,1.0000:4/0/0/4;1.0000:10/1/0/10;1.0000:6/1/0/6;1.0000:15/1/0/15;0.9167:10/1/1/10
945,1,R_cb63a1ebfc31098d,19,R_cb63a1ebfc31098d@19,F_proj,15,pull,1,1,F,,,,,,17,0,0,421,926,17,17,1.0,0.0,0.0,2.307443714095942,0.3845739523493237,0.02333590336674377,14,1.0,1.0000;1.0000;0.6667;0.6667;0.6471,M2,M2,M2,1,M1:10;M2:410,420,10,pull,permit#0,1,1,16,1,0,16,1.0000:4/0/0/4;1.0000:15/1/0/15;0.6667:8/0/4/8;0.6667:7/1/4/7;0.6471:10/1/6/10
946,1,R_cb63a1ebfc31098d,19,R_cb63a1ebfc31098d@19,F_proj,4,drag,1,0,F,,,,,,17,0,0,422,927,17,17,1.0,0.0,0.0,4.305251648572422,0.717541941428737,0.023155516763361913,14,1.0,1.0000;1.0000;0.6667;0.6471;0.5833,M2,M2,M2,1,M1:10;M2:411,421,10,drag,permit#1,1,1,16,1,0,16,1.0000:4/0/0/4;1.0000:15/1/0/15;0.6667:7/1/4/7;0.6471:10/1/6/10;0.5833:7/0/5/7
947,1,R_8b0d2a6b7293001d,140,R_8b0d2a6b7293001d@140,F_proj,6,press,1,0,F,,,,,,17,0,0,39,807,17,17,1.0,0.0,0.0,0.2770619272429175,0.04617698787381958,0.023543290931473122,14,1.0,1.0000;0.9167;0.9091;0.7500;0.7273,M1,M1,M1,1,M1:38,38,0,press,avert#1,1,1,16,1,0,16,1.0000:15/1/0/15;0.9167:11/0/1/11;0.9091:10/0/1/10;0.7500:3/0/1/3;0.7273:7/1/3/7
948,1,R_0e5d236bf5b42b15,20,R_0e5d236bf5b42b15@20,F_proj,8,pull,1,1,F,,,,,,17,0,0,40,928,17,17,1.0,0.0,0.0,0.682125827735102,0.11368763795585034,0.02336664104534973,14,1.0,1.0000;1.0000;1.0000;0.7500;0.6471,M2,M2,M2,1,M2:39,39,0,pull,permit#0,1,1,16,1,0,16,1.0000:7/0/0/7;1.0000:12/0/0/12;1.0000:11/1/0/11;0.7500:3/0/1/3;0.6471:10/1/6/10
949,1,R_7b6b1008b48c1115,6,R_7b6b1008b48c1115@6,F_proj,12,push,1,1,F,,,,,,17,0,0,427,943,17,17,1.0,0.0,0.0,0.7156969345254944,0.37847403102316113,0.04658305605323778,14,1.0,1.0000;1.0000;1.0000;0.7500;0.6364,M1,M1,M1,1,M1:413;M2:13,426,13,push,cause#1,1,1,16,1,0,16,1.0000:10/1/0/10;1.0000:6/1/0/6;1.0000:15/1/0/15;0.7500:3/0/1/3;0.6364:7/0/4/7
950,1,R_0e5d236bf5b42b15,20,R_0e5d236bf5b42b15@20,F_proj,2,bend,1,1,F,,,,,,17,0,0,40,930,17,17,1.0,0.0,0.0,0.3328441566154022,0.055474026102567034,0.022958531472107174,14,1.0,1.0000;1.0000;1.0000;0.7500;0.6471,M2,M2,M2,1,M2:39,39,0,bend,hinder#1,1,1,16,1,0,16,1.0000:7/0/0/7;1.0000:11/1/0/11;1.0000:12/0/0/12;0.7500:3/0/1/3;0.6471:10/1/6/10
951,1,R_7b6b1008b48c1115,6,R_7b6b1008b48c1115@6,F_proj,13,press,1,0,F,,,,,,17,0,0,428,945,17,17,1.0,0.0,0.0,1.5841334477614173,0.26402224129356955,0.023494560498493283,14,1.0,1.0000;1.0000;1.0000;1.0000;0.6471,M1,M1,M1,1,M1:414;M2:13,427,13,press,avert#1,1,1,16,1,0,16,1.0000:4/0/0/4;1.0000:10/1/0/10;1.0000:7/0/0/7;1.0000:15/1/0/15;0.6471:10/1/6/10
952,1,R_cb63a1ebfc31098d,19,R_cb63a1ebfc31098d@19,F_proj,14,push,1,0,F,,,,,,17,0,0,424,933,17,17,1.0,0.0,0.0,0.5864182275849198,0.3465188964965532,0.04658400938823409,14,1.0,1.0000;0.7500;0.5882;0.5833;0.5833,M2,M2,M2,1,M1:11;M2:412,423,11,push,cause#1,1,1,16,1,0,16,1.0000:15/1/0/15;0.7500:3/0/1/3;0.5882:10/0/7/10;0.5833:7/0/5/7;0.5833:7/0/5/7
953,1,R_7b6b1008b48c1115,6,R_7b6b1008b48c1115@6,F_proj,12,push,1,1,F,,,,,,17,0,0,429,947,17,17,1.0,0.0,0.0,0.697434373499526,0.571767300879531,0.04653414882772681,14,1.0,1.0000;1.0000;1.0000;0.7500;0.6364,M1,M1,M1,1,M1:415;M2:13,428,13,push,cause#1,1,1,16,1,0,16,1.0000:10/1/0/10;1.0000:6/1/0/6;1.0000:15/1/0/15;0.7500:3/0/1/3;0.6364:7/0/4/7
954,1,R_0e5d236bf5b42b15,20,R_0e5d236bf5b42b15@20,F_proj,6,drag,1,0,F,,,,,,17,0,0,41,934,17,17,1.0,0.0,0.0,0.22194649157339397,0.036991081928898994,0.023114912682653633,14,1.0,1.0000;1.0000;0.9167;0.7500;0.6471,M2,M2,M2,1,M2:40,40,0,drag,permit#1,1,1,16,1,0,16,1.0000:7/0/0/7;1.0000:11/1/0/11;0.9167:11/0/1/11;0.7500:3/0/1/3;0.6471:10/1/6/10
956,1,R_cb63a1ebfc31098d,19,R_cb63a1ebfc31098d@19,F_proj,0,hold_b,1,1,F,,,,,,17,0,0,425,937,17,17,1.0,0.0,0.0,1.1635851235153862,0.19115882696073486,0.023472031702484377,14,1.0,1.0000;1.0000;1.0000;0.9167;0.9167,M2,M2,M2,1,M1:11;M2:413,424,11,hold_b,cause#0,1,0,16,1,0,16,1.0000:4/0/0/4;1.0000:6/1/0/6;1.0000:15/1/0/15;0.9167:10/1/1/10;0.9167:10/1/1/10
957,1,R_7b6b1008b48c1115,6,R_7b6b1008b48c1115@6,F_proj,15,turn,1,1,F,,,,,,17,0,0,431,951,17,17,1.0,0.0,0.0,1.6443166615529532,0.2740527769254922,0.02349776695087292,14,1.0,1.0000;1.0000;1.0000;1.0000;0.6667,M1,M1,M1,1,M1:417;M2:13,430,13,turn,avert#0,1,1,16,1,0,16,1.0000:4/0/0/4;1.0000:10/1/0/10;1.0000:7/0/0/7;1.0000:15/1/0/15;0.6667:8/0/4/8
962,1,R_cb63a1ebfc31098d,19,R_cb63a1ebfc31098d@19,F_proj,1,bend,1,0,F,,,,,,17,0,0,428,943,17,17,1.0,0.0,0.0,1.9973489229586552,0.33289148715977585,0.022970516962843295,14,1.0,1.0000;1.0000;0.6667;0.6667;0.6471,M2,M2,M2,1,M1:11;M2:416,427,11,bend,hinder#1,1,1,16,1,0,16,1.0000:4/0/0/4;1.0000:15/1/0/15;0.6667:7/1/4/7;0.6667:8/0/4/8;0.6471:10/1/6/10
963,1,R_7b6b1008b48c1115,6,R_7b6b1008b48c1115@6,F_proj,12,push,1,1,F,,,,,,17,0,0,434,957,17,17,1.0,0.0,0.0,0.6582943551614779,0.5811094847664129,0.04655033286261852,14,1.0,1.0000;1.0000;1.0000;0.7500;0.6364,M1,M1,M1,1,M1:420;M2:13,433,13,push,cause#1,1,1,16,1,0,16,1.0000:10/1/0/10;1.0000:6/1/0/6;1.0000:15/1/0/15;0.7500:3/0/1/3;0.6364:7/0/4/7
965,1,R_cb63a1ebfc31098d,19,R_cb63a1ebfc31098d@19,F_proj,4,drag,1,0,F,,,,,,17,0,0,429,946,17,17,1.0,0.0,0.0,3.531586930635052,0.5885978217725086,0.023052144151399234,14,1.0,1.0000;1.0000;0.6667;0.6471;0.5833,M2,M2,M2,1,M1:11;M2:417,428,11,drag,permit#1,1,1,16,1,0,16,1.0000:4/0/0/4;1.0000:15/1/0/15;0.6667:7/1/4/7;0.6471:10/1/6/10;0.5833:7/0/5/7
966,1,R_7b6b1008b48c1115,6,R_7b6b1008b48c1115@6,F_proj,7,break,1,1,F,,,,,,17,0,0,436,960,17,17,1.0,0.0,0.0,1.5373890124991483,0.2562315020831914,0.02287926786342837,14,1.0,1.0000;1.0000;1.0000;1.0000;0.6667,M1,M1,M1,1,M1:422;M2:13,435,13,break,enable#0,1,1,16,1,0,16,1.0000:4/0/0/4;1.0000:11/0/0/11;1.0000:7/0/0/7;1.0000:15/1/0/15;0.6667:7/1/4/7
967,1,R_cb63a1ebfc31098d,19,R_cb63a1ebfc31098d@19,F_proj,0,hold_b,1,0,F,,,,,,17,0,0,430,948,17,17,1.0,0.0,0.0,1.8625030483369056,0.30767064657286497,0.023459084744059878,14,1.0,1.0000;1.0000;1.0000;0.9167;0.9167,M2,M2,M2,1,M1:11;M2:418,429,11,hold_b,cause#0,1,0,16,1,0,16,1.0000:4/0/0/4;1.0000:6/1/0/6;1.0000:15/1/0/15;0.9167:10/1/1/10;0.9167:10/1/1/10
969,1,R_cb63a1ebfc31098d,19,R_cb63a1ebfc31098d@19,F_proj,5,lock,1,0,F,,,,,,17,0,0,431,950,17,17,1.0,0.0,0.0,1.7183215993955,0.28638693323258335,0.023509950373452302,14,1.0,1.0000;1.0000;0.6667;0.6471;0.5833,M2,M2,M2,1,M1:11;M2:419,430,11,lock,hinder#0,1,1,16,1,0,16,1.0000:4/0/0/4;1.0000:15/1/0/15;0.6667:7/1/4/7;0.6471:10/1/6/10;0.5833:7/0/5/7
970,1,R_cb63a1ebfc31098d,19,R_cb63a1ebfc31098d@19,F_proj,1,bend,1,1,F,,,,,,17,0,0,432,951,17,17,1.0,0.0,0.0,1.893201403634387,0.3155335672723978,0.022933253217164887,14,1.0,1.0000;1.0000;0.6667;0.6667;0.6471,M2,M2,M2,1,M1:11;M2:420,431,11,bend,hinder#1,1,1,16,1,0,16,1.0000:4/0/0/4;1.0000:15/1/0/15;0.6667:7/1/4/7;0.6667:8/0/4/8;0.6471:10/1/6/10
971,1,R_7b6b1008b48c1115,6,R_7b6b1008b48c1115@6,F_proj,14,hold,1,1,F,,,,,,17,0,0,438,965,17,17,1.0,0.0,0.0,3.3868043626118522,0.5671776343689243,0.023110399679855936,14,1.0,1.0000;1.0000;1.0000;1.0000;0.9167,M1,M1,M1,1,M1:424;M2:13,437,13,hold,cause#0,1,1,16,1,0,16,1.0000:4/0/0/4;1.0000:10/1/0/10;1.0000:6/1/0/6;1.0000:15/1/0/15;0.9167:10/1/1/10
973,1,R_7b6b1008b48c1115,6,R_7b6b1008b48c1115@6,F_proj,2,lift,1,1,F,,,,,,17,0,0,439,967,17,17,1.0,0.0,0.0,1.2261508385131266,0.2452301677026253,0.04642571884984026,14,1.0,1.0000;1.0000;1.0000;0.9091;0.6667,M1,M1,M1,1,M1:425;M2:13,438,13,lift,require#1,1,1,16,1,0,16,1.0000:3/1/0/3;1.0000:6/1/0/6;1.0000:15/1/0/15;0.9091:10/0/1/10;0.6667:7/1/4/7
974,1,R_7b6b1008b48c1115,6,R_7b6b1008b48c1115@6,F_proj,13,press,1,1,F,,,,,,17,0,0,440,968,17,17,1.0,0.0,0.0,1.5336251821878206,0.2556041970313034,0.023488928785158587,14,1.0,1.0000;1.0000;1.0000;1.0000;0.6471,M1,M1,M1,1,M1:426;M2:13,439,13,press,avert#1,1,1,16,1,0,16,1.0000:4/0/0/4;1.0000:10/1/0/10;1.0000:7/0/0/7;1.0000:15/1/0/15;0.6471:10/1/6/10
975,1,R_0e5d236bf5b42b15,20,R_0e5d236bf5b42b15@20,F_proj,6,drag,1,1,F,,,,,,17,0,0,42,955,17,17,1.0,0.0,0.0,0.21760182187838698,0.036266970313064494,0.0230159916305485,14,1.0,1.0000;1.0000;0.9167;0.7500;0.6471,M2,M2,M2,1,M2:41,41,0,drag,permit#1,1,1,16,1,0,16,1.0000:7/0/0/7;1.0000:11/1/0/11;0.9167:11/0/1/11;0.7500:3/0/1/3;0.6471:10/1/6/10
977,1,R_cb63a1ebfc31098d,19,R_cb63a1ebfc31098d@19,F_proj,5,lock,1,1,F,,,,,,17,0,0,434,958,17,17,1.0,0.0,0.0,1.674910277483143,0.27915171291385715,0.02346740913836822,14,1.0,1.0000;1.0000;0.6667;0.6471;0.5833,M2,M2,M2,1,M1:11;M2:422,433,11,lock,hinder#0,1,1,16,1,0,16,1.0000:4/0/0/4;1.0000:15/1/0/15;0.6667:7/1/4/7;0.6471:10/1/6/10;0.5833:7/0/5/7
978,1,R_8b0d2a6b7293001d,140,R_8b0d2a6b7293001d@140,F_proj,16,break,1,0,F,,,,,,17,0,0,39,838,17,17,1.0,0.0,0.0,0.44579741195566164,0.07429956865927693,0.02289773009486912,14,1.0,1.0000;1.0000;1.0000;0.7500;0.7273,M1,M1,M1,1,M1:38,38,0,break,enable#0,1,1,16,1,0,16,1.0000:10/1/0/10;1.0000:11/1/0/11;1.0000:15/1/0/15;0.7500:3/0/1/3;0.7273:8/0/3/8
982,1,R_cb63a1ebfc31098d,19,R_cb63a1ebfc31098d@19,F_proj,5,lock,1,0,F,,,,,,17,0,0,438,963,17,17,1.0,0.0,0.0,2.734905007811673,0.4558175013019455,0.0234997278978875,14,1.0,1.0000;1.0000;0.6667;0.6471;0.5833,M2,M2,M2,1,M1:12;M2:425,437,12,lock,hinder#0,1,1,16,1,0,16,1.0000:4/0/0/4;1.0000:15/1/0/15;0.6667:7/1/4/7;0.6471:10/1/6/10;0.5833:7/0/5/7
984,1,R_7b6b1008b48c1115,6,R_7b6b1008b48c1115@6,F_proj,2,lift,1,1,F,,,,,,17,0,0,445,978,17,17,1.0,0.0,0.0,1.7854617605993748,0.35709235211987495,0.046455371248025276,14,1.0,1.0000;1.0000;1.0000;0.9091;0.6667,M1,M1,M1,1,M1:430;M2:14,444,14,lift,require#1,1,1,16,1,0,16,1.0000:3/1/0/3;1.0000:6/1/0/6;1.0000:15/1/0/15;0.9091:10/0/1/10;0.6667:7/1/4/7
985,1,R_cb63a1ebfc31098d,19,R_cb63a1ebfc31098d@19,F_proj,15,pull,1,0,F,,,,,,17,0,0,439,966,17,17,1.0,0.0,0.0,1.9568042110258477,0.3261340351709746,0.023375086300424106,14,1.0,1.0000;1.0000;0.6667;0.6667;0.6471,M2,M2,M2,1,M1:12;M2:426,438,12,pull,permit#0,1,1,16,1,0,16,1.0000:4/0/0/4;1.0000:15/1/0/15;0.6667:8/0/4/8;0.6667:7/1/4/7;0.6471:10/1/6/10
986,1,R_cb63a1ebfc31098d,19,R_cb63a1ebfc31098d@19,F_proj,0,hold_b,1,0,F,,,,,,17,0,0,440,967,17,17,1.0,0.0,0.0,1.5302388413452033,0.252336262451545,0.02344943100645352,14,1.0,1.0000;1.0000;1.0000;0.9167;0.9167,M2,M2,M2,1,M1:12;M2:427,439,12,hold_b,cause#0,1,0,16,1,0,16,1.0000:4/0/0/4;1.0000:6/1/0/6;1.0000:15/1/0/15;0.9167:10/1/1/10;0.9167:10/1/1/10
987,1,R_7b6b1008b48c1115,6,R_7b6b1008b48c1115@6,F_proj,2,lift,1,1,F,,,,,,17,0,0,446,981,17,17,1.0,0.0,0.0,2.8790759361147105,0.5758151872229421,0.04645440677132031,14,1.0,1.0000;1.0000;1.0000;0.9091;0.6667,M1,M1,M1,1,M1:431;M2:14,445,14,lift,require#1,1,1,16,1,0,16,1.0000:3/1/0/3;1.0000:6/1/0/6;1.0000:15/1/0/15;0.9091:10/0/1/10;0.6667:7/1/4/7
988,1,R_cb63a1ebfc31098d,19,R_cb63a1ebfc31098d@19,F_proj,15,pull,1,1,F,,,,,,17,0,0,441,969,17,17,1.0,0.0,0.0,1.9233349934055022,0.3205558322342503,0.023349555129528583,14,1.0,1.0000;1.0000;0.6667;0.6667;0.6471,M2,M2,M2,1,M1:12;M2:428,440,12,pull,permit#0,1,1,16,1,0,16,1.0000:4/0/0/4;1.0000:15/1/0/15;0.6667:8/0/4/8;0.6667:7/1/4/7;0.6471:10/1/6/10
989,1,R_7b6b1008b48c1115,6,R_7b6b1008b48c1115@6,F_proj,7,break,1,1,F,,,,,,17,0,0,447,983,17,17,1.0,0.0,0.0,1.961289127909713,0.3268815213182855,0.022834413671184443,14,1.0,1.0000;1.0000;1.0000;1.0000;0.6667,M1,M1,M1,1,M1:432;M2:14,446,14,break,enable#0,1,1,16,1,0,16,1.0000:4/0/0/4;1.0000:11/0/0/11;1.0000:7/0/0/7;1.0000:15/1/0/15;0.6667:7/1/4/7
993,1,R_cb63a1ebfc31098d,19,R_cb63a1ebfc31098d@19,F_proj,1,bend,1,0,F,,,,,,17,0,0,443,974,17,17,1.0,0.0,0.0,2.2035568546896673,0.36725947578161117,0.02294071610252397,14,1.0,1.0000;1.0000;0.6667;0.6667;0.6471,M2,M2,M2,1,M1:12;M2:430,442,12,bend,hinder#1,1,1,16,1,0,16,1.0000:4/0/0/4;1.0000:15/1/0/15;0.6667:7/1/4/7;0.6667:8/0/4/8;0.6471:10/1/6/10
996,1,R_cb63a1ebfc31098d,19,R_cb63a1ebfc31098d@19,F_proj,0,hold_b,1,1,F,,,,,,17,0,0,445,977,17,17,1.0,0.0,0.0,1.4518464288296666,0.23929296268871478,0.023454261751511604,14,1.0,1.0000;1.0000;1.0000;0.9167;0.9167,M2,M2,M2,1,M1:12;M2:432,444,12,hold_b,cause#0,1,0,16,1,0,16,1.0000:4/0/0/4;1.0000:6/1/0/6;1.0000:15/1/0/15;0.9167:10/1/1/10;0.9167:10/1/1/10
997,1,R_7b6b1008b48c1115,6,R_7b6b1008b48c1115@6,F_proj,12,push,1,0,F,,,,,,17,0,0,451,991,17,17,1.0,0.0,0.0,0.5661121199522664,0.48159064961069964,0.04661925175370226,14,1.0,1.0000;1.0000;1.0000;0.7500;0.6364,M1,M1,M1,1,M1:436;M2:14,450,14,push,cause#1,1,1,16,1,0,16,1.0000:10/1/0/10;1.0000:6/1/0/6;1.0000:15/1/0/15;0.7500:3/0/1/3;0.6364:7/0/4/7
998,1,R_7b6b1008b48c1115,6,R_7b6b1008b48c1115@6,F_proj,14,hold,1,0,F,,,,,,17,0,0,452,992,17,17,1.0,0.0,0.0,3.380424709457658,0.5660551951396032,0.02311773008225045,14,1.0,1.0000;1.0000;1.0000;1.0000;0.9167,M1,M1,M1,1,M1:437;M2:14,451,14,hold,cause#0,1,1,16,1,0,16,1.0000:4/0/0/4;1.0000:10/1/0/10;1.0000:6/1/0/6;1.0000:15/1/0/15;0.9167:10/1/1/10
999,1,R_cb63a1ebfc31098d,19,R_cb63a1ebfc31098d@19,F_proj,1,bend,1,1,F,,,,,,17,0,0,446,980,17,17,1.0,0.0,0.0,2.1135139086678123,0.35225231811130203,0.022900763358778626,14,1.0,1.0000;1.0000;0.6667;0.6667;0.6471,M2,M2,M2,1,M1:12;M2:433,445,12,bend,hinder#1,1,1,16,1,0,16,1.0000:4/0/0/4;1.0000:15/1/0/15;0.6667:7/1/4/7;0.6667:8/0/4/8;0.6471:10/1/6/10
1002,1,R_7b6b1008b48c1115,6,R_7b6b1008b48c1115@6,F_proj,7,break,1,0,F,,,,,,17,0,0,454,996,17,17,1.0,0.0,0.0,2.483853681455872,0.4139756135759787,0.022879301987396995,14,1.0,1.0000;1.0000;1.0000;1.0000;0.6667,M1,M1,M1,1,M1:439;M2:14,453,14,break,enable#0,1,1,16,1,0,16,1.0000:4/0/0/4;1.0000:11/0/0/11;1.0000:7/0/0/7;1.0000:15/1/0/15;0.6667:7/1/4/7
1004,1,R_7b6b1008b48c1115,6,R_7b6b1008b48c1115@6,F_proj,2,lift,1,0,F,,,,,,17,0,0,455,998,17,17,1.0,0.0,0.0,2.3862577546446997,0.47725155092893995,0.04649250120948234,14,1.0,1.0000;1.0000;1.0000;0.9091;0.6667,M1,M1,M1,1,M1:440;M2:14,454,14,lift,require#1,1,1,16,1,0,16,1.0000:3/1/0/3;1.0000:6/1/0/6;1.0000:15/1/0/15;0.9091:10/0/1/10;0.6667:7/1/4/7
1005,1,R_cb63a1ebfc31098d,19,R_cb63a1ebfc31098d@19,F_proj,14,push,1,0,F,,,,,,17,0,0,449,986,17,17,1.0,0.0,0.0,0.49694211975132385,0.2900953906177528,0.04659030496351071,14,1.0,1.0000;0.7500;0.5882;0.5833;0.5833,M2,M2,M2,1,M1:12;M2:436,448,12,push,cause#1,1,1,16,1,0,16,1.0000:15/1/0/15;0.7500:3/0/1/3;0.5882:10/0/7/10;0.5833:7/0/5/7;0.5833:7/0/5/7
1006,1,R_7b6b1008b48c1115,6,R_7b6b1008b48c1115@6,F_proj,15,turn,1,1,F,,,,,,17,0,0,456,1000,17,17,1.0,0.0,0.0,1.8583034652271964,0.3097172442045327,0.023561220548474315,14,1.0,1.0000;1.0000;1.0000;1.0000;0.6667,M1,M1,M1,1,M1:441;M2:14,455,14,turn,avert#0,1,1,16,1,0,16,1.0000:4/0/0/4;1.0000:10/1/0/10;1.0000:7/0/0/7;1.0000:15/1/0/15;0.6667:8/0/4/8
1007,1,R_0e5d236bf5b42b15,20,R_0e5d236bf5b42b15@20,F_proj,8,pull,1,1,F,,,,,,17,0,0,42,987,17,17,1.0,0.0,0.0,0.8425516013150861,0.14042526688584767,0.023345552768666795,14,1.0,1.0000;1.0000;1.0000;0.7500;0.6471,M2,M2,M2,1,M2:41,41,0,pull,permit#0,1,1,16,1,0,16,1.0000:7/0/0/7;1.0000:12/0/0/12;1.0000:11/1/0/11;0.7500:3/0/1/3;0.6471:10/1/6/10
1009,1,R_8b0d2a6b7293001d,140,R_8b0d2a6b7293001d@140,F_proj,16,break,1,1,F,,,,,,17,0,0,39,869,17,17,1.0,0.0,0.0,0.41726598631411116,0.06954433105235186,0.022815884476534296,14,1.0,1.0000;1.0000;1.0000;0.7500;0.7273,M1,M1,M1,1,M1:38,38,0,break,enable#0,1,1,16,1,0,16,1.0000:10/1/0/10;1.0000:11/1/0/11;1.0000:15/1/0/15;0.7500:3/0/1/3;0.7273:8/0/3/8
1011,1,R_cb63a1ebfc31098d,19,R_cb63a1ebfc31098d@19,F_proj,15,pull,1,1,F,,,,,,17,0,0,452,992,17,17,1.0,0.0,0.0,2.218582004715275,0.3697636674525458,0.023345182053991737,14,1.0,1.0000;1.0000;0.6667;0.6667;0.6471,M2,M2,M2,1,M1:13;M2:438,451,13,pull,permit#0,1,1,16,1,0,16,1.0000:4/0/0/4;1.0000:15/1/0/15;0.6667:8/0/4/8;0.6667:7/1/4/7;0.6471:10/1/6/10
1012,1,R_0e5d236bf5b42b15,20,R_0e5d236bf5b42b15@20,F_proj,0,carry,1,0,F,,,,,,17,0,0,42,992,17,17,1.0,0.0,0.0,0.07934031011500779,0.01586806202300156,0.04616122840690979,14,1.0,1.0000;1.0000;1.0000;0.7500;0.6471,M2,M2,M2,1,M2:41,41,0,carry,require#0,1,1,16,1,0,16,1.0000:6/1/0/6;1.0000:11/1/0/11;1.0000:11/1/0/11;0.7500:3/0/1/3;0.6471:10/1/6/10
1013,1,R_7b6b1008b48c1115,6,R_7b6b1008b48c1115@6,F_proj,13,press,1,0,F,,,,,,17,0,0,459,1007,17,17,1.0,0.0,0.0,1.8235574939606065,0.30392624899343446,0.02348993288590604,14,1.0,1.0000;1.0000;1.0000;1.0000;0.6471,M1,M1,M1,1,M1:443;M2:15,458,15,press,avert#1,1,1,16,1,0,16,1.0000:4/0/0/4;1.0000:10/1/0/10;1.0000:7/0/0/7;1.0000:15/1/0/15;0.6471:10/1/6/10
1014,1,R_cb63a1ebfc31098d,19,R_cb63a1ebfc31098d@19,F_proj,5,lock,1,1,F,,,,,,17,0,0,453,995,17,17,1.0,0.0,0.0,1.8975727423631843,0.3162621237271974,0.02346743295019157,14,1.0,1.0000;1.0000;0.6667;0.6471;0.5833,M2,M2,M2,1,M1:13;M2:439,452,13,lock,hinder#0,1,1,16,1,0,16,1.0000:4/0/0/4;1.0000:15/1/0/15;0.6667:7/1/4/7;0.6471:10/1/6/10;0.5833:7/0/5/7
1015,1,R_7b6b1008b48c1115,6,R_7b6b1008b48c1115@6,F_proj,14,hold,1,0,F,,,,,,17,0,0,460,1009,17,17,1.0,0.0,0.0,3.0928772233627213,0.518094627122641,0.023107836570663093,14,1.0,1.0000;1.0000;1.0000;1.0000;0.9167,M1,M1,M1,1,M1:444;M2:15,459,15,hold,cause#0,1,1,16,1,0,16,1.0000:4/0/0/4;1.0000:10/1/0/10;1.0000:6/1/0/6;1.0000:15/1/0/15;0.9167:10/1/1/10
1016,1,R_0e5d236bf5b42b15,20,R_0e5d236bf5b42b15@20,F_proj,6,drag,1,1,F,,,,,,17,0,0,43,996,17,17,1.0,0.0,0.0,0.5670096677645498,0.09450161129409163,0.023086850532957316,14,1.0,1.0000;1.0000;0.9167;0.7500;0.6471,M2,M2,M2,1,M2:42,42,0,drag,permit#1,1,1,16,1,0,16,1.0000:7/0/0/7;1.0000:11/1/0/11;0.9167:11/0/1/11;0.7500:3/0/1/3;0.6471:10/1/6/10
1017,1,R_7b6b1008b48c1115,6,R_7b6b1008b48c1115@6,F_proj,13,press,1,1,F,,,,,,17,0,0,461,1011,17,17,1.0,0.0,0.0,1.7970746122743284,0.29951243537905475,0.02344570719129023,14,1.0,1.0000;1.0000;1.0000;1.0000;0.6471,M1,M1,M1,1,M1:445;M2:15,460,15,press,avert#1,1,1,16,1,0,16,1.0000:4/0/0/4;1.0000:10/1/0/10;1.0000:7/0/0/7;1.0000:15/1/0/15;0.6471:10/1/6/10
1018,1,R_8b0d2a6b7293001d,140,R_8b0d2a6b7293001d@140,F_proj,10,push,1,0,F,,,,,,17,0,0,39,878,17,17,1.0,0.0,0.0,0.1343529880529753,0.06990730554380631,0.04656044270584868,14,1.0,1.0000;1.0000;1.0000;0.6364;0.5882,M1,M1,M1,1,M1:38,38,0,push,cause#1,1,1,16,1,0,16,1.0000:11/0/0/11;1.0000:11/1/0/11;1.0000:15/1/0/15;0.6364:7/0/4/7;0.5882:10/0/7/10
1019,1,R_cb63a1ebfc31098d,19,R_cb63a1ebfc31098d@19,F_proj,14,push,1,0,F,,,,,,17,0,0,454,1000,17,17,1.0,0.0,0.0,0.4794195400470247,0.2807154503196711,0.046518278442400265,14,1.0,1.0000;0.7500;0.5882;0.5833;0.5833,M2,M2,M2,1,M1:13;M2:440,453,13,push,cause#1,1,1,16,1,0,16,1.0000:15/1/0/15;0.7500:3/0/1/3;0.5882:10/0/7/10;0.5833:7/0/5/7;0.5833:7/0/5/7
1020,1,R_0e5d236bf5b42b15,20,R_0e5d236bf5b42b15@20,F_proj,15,lock,1,1,F,,,,,,17,0,0,44,1000,17,17,1.0,0.0,0.0,0.4386804095975567,0.07311340159959279,0.023475072615589735,14,1.0,1.0000;1.0000;0.9167;0.7500;0.6471,M2,M2,M2,1,M2:43,43,0,lock,hinder#0,1,1,16,1,0,16,1.0000:7/0/0/7;1.0000:11/1/0/11;0.9167:11/0/1/11;0.7500:3/0/1/3;0.6471:10/1/6/10
1021,1,R_8b0d2a6b7293001d,140,R_8b0d2a6b7293001d@140,F_proj,2,lift,1,0,F,,,,,,17,0,0,39,881,17,17,1.0,0.0,0.0,0.5127461017326145,0.10254922034652289,0.04647512130149367,14,1.0,1.0000;1.0000;1.0000;0.7500;0.6471,M1,M1,M1,1,M1:38,38,0,lift,require#1,1,1,16,1,0,16,1.0000:10/1/0/10;1.0000:11/1/0/11;1.0000:15/1/0/15;0.7500:2/1/1/2;0.6471:10/1/6/10
1023,1,R_cb63a1ebfc31098d,19,R_cb63a1ebfc31098d@19,F_proj,1,bend,1,1,F,,,,,,17,0,0,455,1004,17,17,1.0,0.0,0.0,2.3633908111667674,0.39389846852779453,0.022930117736422333,14,1.0,1.0000;1.0000;0.6667;0.6667;0.6471,M2,M2,M2,1,M1:13;M2:441,454,13,bend,hinder#1,1,1,16,1,0,16,1.0000:4/0/0/4;1.0000:15/1/0/15;0.6667:7/1/4/7;0.6667:8/0/4/8;0.6471:10/1/6/10
1024,1,R_7b6b1008b48c1115,6,R_7b6b1008b48c1115@6,F_proj,10,cut,1,1,F,,,,,,17,0,0,464,1018,17,17,1.0,0.0,0.0,1.3435046803781698,0.22391744672969494,0.02304846817793797,14,1.0,1.0000;1.0000;1.0000;1.0000;0.6667,M1,M1,M1,1,M1:448;M2:15,463,15,cut,enable#1,1,1,16,1,0,16,1.0000:4/0/0/4;1.0000:10/1/0/10;1.0000:7/0/0/7;1.0000:15/1/0/15;0.6667:7/1/4/7
1025,1,R_cb63a1ebfc31098d,19,R_cb63a1ebfc31098d@19,F_proj,5,lock,1,1,F,,,,,,17,0,0,456,1006,17,17,1.0,0.0,0.0,2.531407875671028,0.421901312611838,0.02345304652705392,14,1.0,1.0000;1.0000;0.6667;0.6471;0.5833,M2,M2,M2,1,M1:13;M2:442,455,13,lock,hinder#0,1,1,16,1,0,16,1.0000:4/0/0/4;1.0000:15/1/0/15;0.6667:7/1/4/7;0.6471:10/1/6/10;0.5833:7/0/5/7
1027,1,R_cb63a1ebfc31098d,19,R_cb63a1ebfc31098d@19,F_proj,1,bend,1,0,F,,,,,,17,0,0,457,1008,17,17,1.0,0.0,0.0,3.515085107041689,0.5858475178402814,0.022932526360584425,14,1.0,1.0000;1.0000;0.6667;0.6667;0.6471,M2,M2,M2,1,M1:13;M2:443,456,13,bend,hinder#1,1,1,16,1,0,16,1.0000:4/0/0/4;1.0000:15/1/0/15;0.6667:7/1/4/7;0.6667:8/0/4/8;0.6471:10/1/6/10
1028,1,R_7b6b1008b48c1115,6,R_7b6b1008b48c1115@6,F_proj,2,lift,1,1,F,,,,,,17,0,0,466,1022,17,17,1.0,0.0,0.0,1.9028061029185324,0.3805612205837065,0.046438019652305366,14,1.0,1.0000;1.0000;1.0000;0.9091;0.6667,M1,M1,M1,1,M1:450;M2:15,465,15,lift,require#1,1,1,16,1,0,16,1.0000:3/1/0/3;1.0000:6/1/0/6;1.0000:15/1/0/15;0.9091:10/0/1/10;0.6667:7/1/4/7
1030,1,R_cb63a1ebfc31098d,19,R_cb63a1ebfc31098d@19,F_proj,4,drag,1,1,F,,,,,,17,0,0,459,1011,17,17,1.0,0.0,0.0,2.6297837935319057,0.43829729892198416,0.023103399500212174,14,1.0,1.0000;1.0000;0.6667;0.6471;0.5833,M2,M2,M2,1,M1:13;M2:445,458,13,drag,permit#1,1,1,16,1,0,16,1.0000:4/0/0/4;1.0000:15/1/0/15;0.6667:7/1/4/7;0.6471:10/1/6/10;0.5833:7/0/5/7
1031,1,R_7b6b1008b48c1115,6,R_7b6b1008b48c1115@6,F_proj,12,push,1,0,F,,,,,,17,0,0,467,1025,17,17,1.0,0.0,0.0,0.505983367853901,0.40194793865597195,0.04649081488459727,14,1.0,1.0000;1.0000;1.0000;0.7500;0.6364,M1,M1,M1,1,M1:451;M2:15,466,15,push,cause#1,1,1,16,1,0,16,1.0000:10/1/0/10;1.0000:6/1/0/6;1.0000:15/1/0/15;0.7500:3/0/1/3;0.6364:7/0/4/7
1033,1,R_7b6b1008b48c1115,6,R_7b6b1008b48c1115@6,F_proj,13,press,1,0,F,,,,,,17,0,0,468,1027,17,17,1.0,0.0,0.0,2.304430710248245,0.3840717850413742,0.023460272684532206,14,1.0,1.0000;1.0000;1.0000;1.0000;0.6471,M1,M1,M1,1,M1:452;M2:15,467,15,press,avert#1,1,1,16,1,0,16,1.0000:4/0/0/4;1.0000:10/1/0/10;1.0000:7/0/0/7;1.0000:15/1/0/15;0.6471:10/1/6/10
1034,1,R_cb63a1ebfc31098d,19,R_cb63a1ebfc31098d@19,F_proj,5,lock,1,1,F,,,,,,17,0,0,461,1015,17,17,1.0,0.0,0.0,3.079394875156604,0.5132324791927674,0.023485204321277594,14,1.0,1.0000;1.0000;0.6667;0.6471;0.5833,M2,M2,M2,1,M1:13;M2:447,460,13,lock,hinder#0,1,1,16,1,0,16,1.0000:4/0/0/4;1.0000:15/1/0/15;0.6667:7/1/4/7;0.6471:10/1/6/10;0.5833:7/0/5/7
1035,1,R_7b6b1008b48c1115,6,R_7b6b1008b48c1115@6,F_proj,10,cut,1,0,F,,,,,,17,0,0,469,1029,17,17,1.0,0.0,0.0,2.039233654570661,0.33987227576177687,0.023038663663663663,14,1.0,1.0000;1.0000;1.0000;1.0000;0.6667,M1,M1,M1,1,M1:453;M2:15,468,15,cut,enable#1,1,1,16,1,0,16,1.0000:4/0/0/4;1.0000:10/1/0/10;1.0000:7/0/0/7;1.0000:15/1/0/15;0.6667:7/1/4/7
1042,1,R_7b6b1008b48c1115,6,R_7b6b1008b48c1115@6,F_proj,2,lift,1,1,F,,,,,,17,0,0,473,1036,17,17,1.0,0.0,0.0,2.2878274997251578,0.4575654999450316,0.04645852749301025,14,1.0,1.0000;1.0000;1.0000;0.9091;0.6667,M1,M1,M1,1,M1:457;M2:15,472,15,lift,require#1,1,1,16,1,0,16,1.0000:3/1/0/3;1.0000:6/1/0/6;1.0000:15/1/0/15;0.9091:10/0/1/10;0.6667:7/1/4/7
1043,1,R_cb63a1ebfc31098d,19,R_cb63a1ebfc31098d@19,F_proj,15,pull,1,0,F,,,,,,17,0,0,465,1024,17,17,1.0,0.0,0.0,2.2704396150928607,0.3784066025154768,0.023369489316139844,14,1.0,1.0000;1.0000;0.6667;0.6667;0.6471,M2,M2,M2,1,M1:13;M2:451,464,13,pull,permit#0,1,1,16,1,0,16,1.0000:4/0/0/4;1.0000:15/1/0/15;0.6667:8/0/4/8;0.6667:7/1/4/7;0.6471:10/1/6/10
1044,1,R_8b0d2a6b7293001d,140,R_8b0d2a6b7293001d@140,F_proj,7,cut,1,0,F,,,,,,17,0,0,40,904,17,17,1.0,0.0,0.0,0.3241402514024967,0.05402337523374944,0.023023255813953487,14,1.0,1.0000;1.0000;1.0000;0.7500;0.7273,M1,M1,M1,1,M1:39,39,0,cut,enable#1,1,1,16,1,0,16,1.0000:10/1/0/10;1.0000:11/1/0/11;1.0000:15/1/0/15;0.7500:3/0/1/3;0.7273:7/1/3/7
1045,1,R_0e5d236bf5b42b15,20,R_0e5d236bf5b42b15@20,F_proj,15,lock,1,0,F,,,,,,17,0,0,45,1025,17,17,1.0,0.0,0.0,0.8903884132142337,0.14839806886903895,0.023465452348868546,14,1.0,1.0000;1.0000;0.9167;0.7500;0.6471,M2,M2,M2,1,M2:44,44,0,lock,hinder#0,1,1,16,1,0,16,1.0000:7/0/0/7;1.0000:11/1/0/11;0.9167:11/0/1/11;0.7500:3/0/1/3;0.6471:10/1/6/10
1046,1,R_cb63a1ebfc31098d,19,R_cb63a1ebfc31098d@19,F_proj,14,push,1,1,F,,,,,,17,0,0,467,1027,17,17,1.0,0.0,0.0,0.4501423678409882,0.26540578185495217,0.04647168059424327,14,1.0,1.0000;0.7500;0.5882;0.5833;0.5833,M2,M2,M2,1,M1:14;M2:452,466,14,push,cause#1,1,1,16,1,0,16,1.0000:15/1/0/15;0.7500:3/0/1/3;0.5882:10/0/7/10;0.5833:7/0/5/7;0.5833:7/0/5/7
1047,1,R_7b6b1008b48c1115,6,R_7b6b1008b48c1115@6,F_proj,14,hold,1,0,F,,,,,,17,0,0,475,1041,17,17,1.0,0.0,0.0,2.748335517015589,0.4606057568183338,0.023144712430426716,14,1.0,1.0000;1.0000;1.0000;1.0000;0.9167,M1,M1,M1,1,M1:458;M2:16,474,16,hold,cause#0,1,1,16,1,0,16,1.0000:4/0/0/4;1.0000:10/1/0/10;1.0000:6/1/0/6;1.0000:15/1/0/15;0.9167:10/1/1/10
1051,1,R_cb63a1ebfc31098d,19,R_cb63a1ebfc31098d@19,F_proj,4,drag,1,1,F,,,,,,17,0,0,469,1032,17,17,1.0,0.0,0.0,2.9902632333622248,0.4983772055603708,0.023104292777598078,14,1.0,1.0000;1.0000;0.6667;0.6471;0.5833,M2,M2,M2,1,M1:14;M2:454,468,14,drag,permit#1,1,1,16,1,0,16,1.0000:4/0/0/4;1.0000:15/1/0/15;0.6667:7/1/4/7;0.6471:10/1/6/10;0.5833:7/0/5/7
1053,1,R_0e5d236bf5b42b15,20,R_0e5d236bf5b42b15@20,F_proj,9,lift,1,0,F,,,,,,17,0,0,45,1033,17,17,1.0,0.0,0.0,0.43304183518488143,0.08660836703697627,0.04649017618300895,14,1.0,1.0000;1.0000;1.0000;0.7500;0.6471,M2,M2,M2,1,M2:44,44,0,lift,require#1,1,1,16,1,0,16,1.0000:6/1/0/6;1.0000:11/1/0/11;1.0000:11/1/0/11;0.7500:2/1/1/2;0.6471:10/1/6/10
1054,1,R_7b6b1008b48c1115,6,R_7b6b1008b48c1115@6,F_proj,7,break,1,1,F,,,,,,17,0,0,479,1048,17,17,1.0,0.0,0.0,1.8360298262979007,0.30600497104965013,0.022901115104598656,14,1.0,1.0000;1.0000;1.0000;1.0000;0.6667,M1,M1,M1,1,M1:462;M2:16,478,16,break,enable#0,1,1,16,1,0,16,1.0000:4/0/0/4;1.0000:11/0/0/11;1.0000:7/0/0/7;1.0000:15/1/0/15;0.6667:7/1/4/7
1055,1,R_0e5d236bf5b42b15,20,R_0e5d236bf5b42b15@20,F_proj,16,push,1,0,F,,,,,,17,0,0,45,1035,17,17,1.0,0.0,0.0,0.22800191991648072,0.07740041964269566,0.04649663935180923,14,1.0,1.0000;1.0000;1.0000;0.5882;0.5625,M2,M2,M2,1,M2:44,44,0,push,cause#1,1,1,16,1,0,16,1.0000:6/1/0/6;1.0000:11/1/0/11;1.0000:11/1/0/11;0.5882:10/0/7/10;0.5625:9/0/7/9
1056,1,R_cb63a1ebfc31098d,19,R_cb63a1ebfc31098d@19,F_proj,8,lift,1,0,F,,,,,,17,0,0,471,1037,17,17,1.0,0.0,0.0,1.2094028147739055,0.2418805629547811,0.046451731591776665,14,1.0,1.0000;1.0000;0.6667;0.6667;0.6471,M2,M2,M2,1,M1:14;M2:456,470,14,lift,require#1,1,1,16,1,0,16,1.0000:3/1/0/3;1.0000:15/1/0/15;0.6667:7/1/4/7;0.6667:7/1/4/7;0.6471:10/1/6/10
1057,1,R_7b6b1008b48c1115,6,R_7b6b1008b48c1115@6,F_proj,15,turn,1,0,F,,,,,,17,0,0,480,1051,17,17,1.0,0.0,0.0,1.971291772439469,0.3285486287399114,0.02357320099255583,14,1.0,1.0000;1.0000;1.0000;1.0000;0.6667,M1,M1,M1,1,M1:463;M2:16,479,16,turn,avert#0,1,1,16,1,0,16,1.0000:4/0/0/4;1.0000:10/1/0/10;1.0000:7/0/0/7;1.0000:15/1/0/15;0.6667:8/0/4/8
1058,1,R_cb63a1ebfc31098d,19,R_cb63a1ebfc31098d@19,F_proj,4,drag,1,1,F,,,,,,17,0,0,472,1039,17,17,1.0,0.0,0.0,3.784636017479637,0.6307726695799395,0.023138371132127446,14,1.0,1.0000;1.0000;0.6667;0.6471;0.5833,M2,M2,M2,1,M1:14;M2:457,471,14,drag,permit#1,1,1,16,1,0,16,1.0000:4/0/0/4;1.0000:15/1/0/15;0.6667:7/1/4/7;0.6471:10/1/6/10;0.5833:7/0/5/7
1061,1,R_cb63a1ebfc31098d,19,R_cb63a1ebfc31098d@19,F_proj,0,hold_b,1,0,F,,,,,,17,0,0,473,1042,17,17,1.0,0.0,0.0,1.4806351023200535,0.2442266516032165,0.023304793736550523,14,1.0,1.0000;1.0000;1.0000;0.9167;0.9167,M2,M2,M2,1,M1:14;M2:458,472,14,hold_b,cause#0,1,0,16,1,0,16,1.0000:4/0/0/4;1.0000:6/1/0/6;1.0000:15/1/0/15;0.9167:10/1/1/10;0.9167:10/1/1/10
1063,1,R_cb63a1ebfc31098d,19,R_cb63a1ebfc31098d@19,F_proj,0,hold_b,1,0,F,,,,,,17,0,0,474,1044,17,17,1.0,0.0,0.0,1.471042482332416,0.24263184461868256,0.02326006489055431,14,1.0,1.0000;1.0000;1.0000;0.9167;0.9167,M2,M2,M2,1,M1:14;M2:459,473,14,hold_b,cause#0,1,0,16,1,0,16,1.0000:4/0/0/4;1.0000:6/1/0/6;1.0000:15/1/0/15;0.9167:10/1/1/10;0.9167:10/1/1/10
1064,1,R_cb63a1ebfc31098d,19,R_cb63a1ebfc31098d@19,F_proj,0,hold_b,1,0,F,,,,,,17,0,0,475,1045,17,17,1.0,0.0,0.0,1.4663541911979039,0.2418524398541214,0.023238825731634934,14,1.0,1.0000;1.0000;1.0000;0.9167;0.9167,M2,M2,M2,1,M1:14;M2:460,474,14,hold_b,cause#0,1,0,16,1,0,16,1.0000:4/0/0/4;1.0000:6/1/0/6;1.0000:15/1/0/15;0.9167:10/1/1/10;0.9167:10/1/1/10
1067,1,R_cb63a1ebfc31098d,19,R_cb63a1ebfc31098d@19,F_proj,4,drag,1,1,F,,,,,,17,0,0,476,1048,17,17,1.0,0.0,0.0,4.150292613243171,0.6917154355405284,0.023126650277701902,14,1.0,1.0000;1.0000;0.6667;0.6471;0.5833,M2,M2,M2,1,M1:14;M2:461,475,14,drag,permit#1,1,1,16,1,0,16,1.0000:4/0/0/4;1.0000:15/1/0/15;0.6667:7/1/4/7;0.6471:10/1/6/10;0.5833:7/0/5/7
1068,1,R_0e5d236bf5b42b15,20,R_0e5d236bf5b42b15@20,F_proj,2,bend,1,1,F,,,,,,17,0,0,46,1048,17,17,1.0,0.0,0.0,0.4963500860442262,0.08272501434070437,0.02296811752399145,14,1.0,1.0000;1.0000;1.0000;0.7500;0.6471,M2,M2,M2,1,M2:45,45,0,bend,hinder#1,1,1,16,1,0,16,1.0000:7/0/0/7;1.0000:11/1/0/11;1.0000:12/0/0/12;0.7500:3/0/1/3;0.6471:10/1/6/10
1070,1,R_7b6b1008b48c1115,6,R_7b6b1008b48c1115@6,F_proj,7,break,1,1,F,,,,,,17,0,0,487,1064,17,17,1.0,0.0,0.0,2.3436761660743026,0.3906126943457171,0.022926408498660733,14,1.0,1.0000;1.0000;1.0000;1.0000;0.6667,M1,M1,M1,1,M1:470;M2:16,486,16,break,enable#0,1,1,16,1,0,16,1.0000:4/0/0/4;1.0000:11/0/0/11;1.0000:7/0/0/7;1.0000:15/1/0/15;0.6667:7/1/4/7
1071,1,R_cb63a1ebfc31098d,19,R_cb63a1ebfc31098d@19,F_proj,15,pull,1,1,F,,,,,,17,0,0,478,1052,17,17,1.0,0.0,0.0,1.9798053241594442,0.329967554026574,0.02335812772133527,14,1.0,1.0000;1.0000;0.6667;0.6667;0.6471,M2,M2,M2,1,M1:14;M2:463,477,14,pull,permit#0,1,1,16,1,0,16,1.0000:4/0/0/4;1.0000:15/1/0/15;0.6667:8/0/4/8;0.6667:7/1/4/7;0.6471:10/1/6/10
1074,1,R_7b6b1008b48c1115,6,R_7b6b1008b48c1115@6,F_proj,12,push,1,0,F,,,,,,17,0,0,489,1068,17,17,1.0,0.0,0.0,0.4520365743573542,0.3469063974713159,0.0464947987336047,14,1.0,1.0000;1.0000;1.0000;0.7500;0.6364,M1,M1,M1,1,M1:472;M2:16,488,16,push,cause#1,1,1,16,1,0,16,1.0000:10/1/0/10;1.0000:6/1/0/6;1.0000:15/1/0/15;0.7500:3/0/1/3;0.6364:7/0/4/7
1076,1,R_7b6b1008b48c1115,6,R_7b6b1008b48c1115@6,F_proj,15,turn,1,0,F,,,,,,17,0,0,490,1070,17,17,1.0,0.0,0.0,1.8667399344654916,0.3111233224109152,0.023563399990971876,14,1.0,1.0000;1.0000;1.0000;1.0000;0.6667,M1,M1,M1,1,M1:473;M2:16,489,16,turn,avert#0,1,1,16,1,0,16,1.0000:4/0/0/4;1.0000:10/1/0/10;1.0000:7/0/0/7;1.0000:15/1/0/15;0.6667:8/0/4/8
1077,1,R_cb63a1ebfc31098d,19,R_cb63a1ebfc31098d@19,F_proj,14,push,1,1,F,,,,,,17,0,0,480,1058,17,17,1.0,0.0,0.0,0.7687054780053089,0.3202289710364532,0.04645498827349811,14,1.0,1.0000;0.7500;0.5882;0.5833;0.5833,M2,M2,M2,1,M1:14;M2:465,479,14,push,cause#1,1,1,16,1,0,16,1.0000:15/1/0/15;0.7500:3/0/1/3;0.5882:10/0/7/10;0.5833:7/0/5/7;0.5833:7/0/5/7
1078,1,R_8b0d2a6b7293001d,140,R_8b0d2a6b7293001d@140,F_proj,0,carry,1,1,F,,,,,,17,0,0,40,938,17,17,1.0,0.0,0.0,0.27463433189402997,0.05492686637880599,0.04618781542898342,14,1.0,1.0000;1.0000;1.0000;0.7500;0.7273,M1,M1,M1,1,M1:39,39,0,carry,require#0,1,1,16,1,0,16,1.0000:10/1/0/10;1.0000:11/1/0/11;1.0000:15/1/0/15;0.7500:3/0/1/3;0.7273:8/0/3/8
1079,1,R_cb63a1ebfc31098d,19,R_cb63a1ebfc31098d@19,F_proj,5,lock,1,1,F,,,,,,17,0,0,481,1060,17,17,1.0,0.0,0.0,2.4767650005477866,0.41279416675796443,0.023454733714491513,14,1.0,1.0000;1.0000;0.6667;0.6471;0.5833,M2,M2,M2,1,M1:14;M2:466,480,14,lock,hinder#0,1,1,16,1,0,16,1.0000:4/0/0/4;1.0000:15/1/0/15;0.6667:7/1/4/7;0.6471:10/1/6/10;0.5833:7/0/5/7
1080,1,R_7b6b1008b48c1115,6,R_7b6b1008b48c1115@6,F_proj,15,turn,1,0,F,,,,,,17,0,0,492,1074,17,17,1.0,0.0,0.0,1.8481783748548986,0.30802972914248306,0.023523591058336707,14,1.0,1.0000;1.0000;1.0000;1.0000;0.6667,M1,M1,M1,1,M1:475;M2:16,491,16,turn,avert#0,1,1,16,1,0,16,1.0000:4/0/0/4;1.0000:10/1/0/10;1.0000:7/0/0/7;1.0000:15/1/0/15;0.6667:8/0/4/8
1081,1,R_cb63a1ebfc31098d,19,R_cb63a1ebfc31098d@19,F_proj,8,lift,1,0,F,,,,,,17,0,0,482,1062,17,17,1.0,0.0,0.0,1.1689427746728591,0.23378855493457182,0.046467733237461804,14,1.0,1.0000;1.0000;0.6667;0.6667;0.6471,M2,M2,M2,1,M1:14;M2:467,481,14,lift,require#1,1,1,16,1,0,16,1.0000:3/1/0/3;1.0000:15/1/0/15;0.6667:7/1/4/7;0.6667:7/1/4/7;0.6471:10/1/6/10
1083,1,R_7b6b1008b48c1115,6,R_7b6b1008b48c1115@6,F_proj,15,turn,1,0,F,,,,,,17,0,0,493,1077,17,17,1.0,0.0,0.0,1.8348464781501423,0.30580774635835706,0.023461331419343263,14,1.0,1.0000;1.0000;1.0000;1.0000;0.6667,M1,M1,M1,1,M1:476;M2:16,492,16,turn,avert#0,1,1,16,1,0,16,1.0000:4/0/0/4;1.0000:10/1/0/10;1.0000:7/0/0/7;1.0000:15/1/0/15;0.6667:8/0/4/8
1085,1,R_cb63a1ebfc31098d,19,R_cb63a1ebfc31098d@19,F_proj,15,pull,1,0,F,,,,,,17,0,0,484,1066,17,17,1.0,0.0,0.0,2.5166450144633106,0.41944083574388513,0.02337557655277417,14,1.0,1.0000;1.0000;0.6667;0.6667;0.6471,M2,M2,M2,1,M1:14;M2:469,483,14,pull,permit#0,1,1,16,1,0,16,1.0000:4/0/0/4;1.0000:15/1/0/15;0.6667:8/0/4/8;0.6667:7/1/4/7;0.6471:10/1/6/10
1086,1,R_cb63a1ebfc31098d,19,R_cb63a1ebfc31098d@19,F_proj,8,lift,1,1,F,,,,,,17,0,0,485,1067,17,17,1.0,0.0,0.0,1.1612350592481924,0.23224701184963847,0.04644295302013423,14,1.0,1.0000;1.0000;0.6667;0.6667;0.6471,M2,M2,M2,1,M1:14;M2:470,484,14,lift,require#1,1,1,16,1,0,16,1.0000:3/1/0/3;1.0000:15/1/0/15;0.6667:7/1/4/7;0.6667:7/1/4/7;0.6471:10/1/6/10
1088,1,R_cb63a1ebfc31098d,19,R_cb63a1ebfc31098d@19,F_proj,15,pull,1,0,F,,,,,,17,0,0,487,1069,17,17,1.0,0.0,0.0,2.4361332660718373,0.40602221101197294,0.02335655591282601,14,1.0,1.0000;1.0000;0.6667;0.6667;0.6471,M2,M2,M2,1,M1:15;M2:471,486,15,pull,permit#0,1,1,16,1,0,16,1.0000:4/0/0/4;1.0000:15/1/0/15;0.6667:8/0/4/8;0.6667:7/1/4/7;0.6471:10/1/6/10
1089,1,R_7b6b1008b48c1115,6,R_7b6b1008b48c1115@6,F_proj,12,push,1,1,F,,,,,,17,0,0,495,1083,17,17,1.0,0.0,0.0,0.4368395474843656,0.33289065478088953,0.04649295020524719,14,1.0,1.0000;1.0000;1.0000;0.7500;0.6364,M1,M1,M1,1,M1:478;M2:16,494,16,push,cause#1,1,1,16,1,0,16,1.0000:10/1/0/10;1.0000:6/1/0/6;1.0000:15/1/0/15;0.7500:3/0/1/3;0.6364:7/0/4/7
1090,1,R_cb63a1ebfc31098d,19,R_cb63a1ebfc31098d@19,F_proj,15,pull,1,1,F,,,,,,17,0,0,488,1071,17,17,1.0,0.0,0.0,2.3912503845462183,0.3985417307577031,0.023313867962376854,14,1.0,1.0000;1.0000;0.6667;0.6667;0.6471,M2,M2,M2,1,M1:15;M2:472,487,15,pull,permit#0,1,1,16,1,0,16,1.0000:4/0/0/4;1.0000:15/1/0/15;0.6667:8/0/4/8;0.6667:7/1/4/7;0.6471:10/1/6/10
1091,1,R_7b6b1008b48c1115,6,R_7b6b1008b48c1115@6,F_proj,12,push,1,0,F,,,,,,17,0,0,496,1085,17,17,1.0,0.0,0.0,0.43492184137578643,0.6202385219358441,0.04649298597194389,14,1.0,1.0000;1.0000;1.0000;0.7500;0.6364,M1,M1,M1,1,M1:479;M2:16,495,16,push,cause#1,1,1,16,1,0,16,1.0000:10/1/0/10;1.0000:6/1/0/6;1.0000:15/1/0/15;0.7500:3/0/1/3;0.6364:7/0/4/7
1092,1,R_0e5d236bf5b42b15,20,R_0e5d236bf5b42b15@20,F_proj,6,drag,1,1,F,,,,,,17,0,0,47,1072,17,17,1.0,0.0,0.0,0.6482728660371339,0.10804547767285563,0.023182344042004095,14,1.0,1.0000;1.0000;0.9167;0.7500;0.6471,M2,M2,M2,1,M2:46,46,0,drag,permit#1,1,1,16,1,0,16,1.0000:7/0/0/7;1.0000:11/1/0/11;0.9167:11/0/1/11;0.7500:3/0/1/3;0.6471:10/1/6/10
1093,1,R_7b6b1008b48c1115,6,R_7b6b1008b48c1115@6,F_proj,2,lift,1,1,F,,,,,,17,0,0,498,1087,17,17,1.0,0.0,0.0,1.9543227446611406,0.39086454893222816,0.04645683293322664,14,1.0,1.0000;1.0000;1.0000;0.9091;0.6667,M1,M1,M1,1,M1:480;M2:17,497,17,lift,require#1,1,1,16,1,0,16,1.0000:3/1/0/3;1.0000:6/1/0/6;1.0000:15/1/0/15;0.9091:10/0/1/10;0.6667:7/1/4/7
1094,1,R_7b6b1008b48c1115,6,R_7b6b1008b48c1115@6,F_proj,14,hold,1,0,F,,,,,,17,0,0,499,1088,17,17,1.0,0.0,0.0,2.423600807899197,0.4063929187437176,0.02327337330668443,14,1.0,1.0000;1.0000;1.0000;1.0000;0.9167,M1,M1,M1,1,M1:481;M2:17,498,17,hold,cause#0,1,1,16,1,0,16,1.0000:4/0/0/4;1.0000:10/1/0/10;1.0000:6/1/0/6;1.0000:15/1/0/15;0.9167:10/1/1/10
1095,1,R_cb63a1ebfc31098d,19,R_cb63a1ebfc31098d@19,F_proj,14,push,1,1,F,,,,,,17,0,0,489,1076,17,17,1.0,0.0,0.0,1.141423431905326,0.3902670278129743,0.04646312239282861,14,1.0,1.0000;0.7500;0.5882;0.5833;0.5833,M2,M2,M2,1,M1:15;M2:473,488,15,push,cause#1,1,1,16,1,0,16,1.0000:15/1/0/15;0.7500:3/0/1/3;0.5882:10/0/7/10;0.5833:7/0/5/7;0.5833:7/0/5/7
1097,1,R_7b6b1008b48c1115,6,R_7b6b1008b48c1115@6,F_proj,14,hold,1,0,F,,,,,,17,0,0,500,1091,17,17,1.0,0.0,0.0,2.4068686454049395,0.40359866204583733,0.023211517165005538,14,1.0,1.0000;1.0000;1.0000;1.0000;0.9167,M1,M1,M1,1,M1:482;M2:17,499,17,hold,cause#0,1,1,16,1,0,16,1.0000:4/0/0/4;1.0000:10/1/0/10;1.0000:6/1/0/6;1.0000:15/1/0/15;0.9167:10/1/1/10
1098,1,R_8b0d2a6b7293001d,140,R_8b0d2a6b7293001d@140,F_proj,0,carry,1,0,F,,,,,,17,0,0,40,958,17,17,1.0,0.0,0.0,0.7011503544294122,0.14023007088588244,0.046251217137293084,14,1.0,1.0000;1.0000;1.0000;0.7500;0.7273,M1,M1,M1,1,M1:39,39,0,carry,require#0,1,1,16,1,0,16,1.0000:10/1/0/10;1.0000:11/1/0/11;1.0000:15/1/0/15;0.7500:3/0/1/3;0.7273:8/0/3/8
1100,1,R_cb63a1ebfc31098d,19,R_cb63a1ebfc31098d@19,F_proj,8,lift,1,1,F,,,,,,17,0,0,492,1081,17,17,1.0,0.0,0.0,1.6694903927942315,0.33389807855884635,0.04647874878501369,14,1.0,1.0000;1.0000;0.6667;0.6667;0.6471,M2,M2,M2,1,M1:15;M2:476,491,15,lift,require#1,1,1,16,1,0,16,1.0000:3/1/0/3;1.0000:15/1/0/15;0.6667:7/1/4/7;0.6667:7/1/4/7;0.6471:10/1/6/10
1102,1,R_8b0d2a6b7293001d,140,R_8b0d2a6b7293001d@140,F_proj,2,lift,1,1,F,,,,,,17,0,0,40,962,17,17,1.0,0.0,0.0,0.4080887954317618,0.08161775908635237,0.0464849607479933,14,1.0,1.0000;1.0000;1.0000;0.7500;0.6471,M1,M1,M1,1,M1:39,39,0,lift,require#1,1,1,16,1,0,16,1.0000:10/1/0/10;1.0000:11/1/0/11;1.0000:15/1/0/15;0.7500:2/1/1/2;0.6471:10/1/6/10
1103,1,R_cb63a1ebfc31098d,19,R_cb63a1ebfc31098d@19,F_proj,1,bend,1,0,F,,,,,,17,0,0,493,1084,17,17,1.0,0.0,0.0,1.9916086828977417,0.331934780482957,0.023001674451396847,14,1.0,1.0000;1.0000;0.6667;0.6667;0.6471,M2,M2,M2,1,M1:15;M2:477,492,15,bend,hinder#1,1,1,16,1,0,16,1.0000:4/0/0/4;1.0000:15/1/0/15;0.6667:7/1/4/7;0.6667:8/0/4/8;0.6471:10/1/6/10
1105,1,R_7b6b1008b48c1115,6,R_7b6b1008b48c1115@6,F_proj,7,break,1,1,F,,,,,,17,0,0,503,1099,17,17,1.0,0.0,0.0,2.318545297840894,0.3864242163068157,0.022960193534198373,14,1.0,1.0000;1.0000;1.0000;1.0000;0.6667,M1,M1,M1,1,M1:485;M2:17,502,17,break,enable#0,1,1,16,1,0,16,1.0000:4/0/0/4;1.0000:11/0/0/11;1.0000:7/0/0/7;1.0000:15/1/0/15;0.6667:7/1/4/7
1106,1,R_8b0d2a6b7293001d,140,R_8b0d2a6b7293001d@140,F_proj,16,break,1,0,F,,,,,,17,0,0,41,966,17,17,1.0,0.0,0.0,0.5751940902466426,0.09586568170777378,0.022981939622973152,14,1.0,1.0000;1.0000;1.0000;0.7500;0.7273,M1,M1,M1,1,M1:40,40,0,break,enable#0,1,1,16,1,0,16,1.0000:10/1/0/10;1.0000:11/1/0/11;1.0000:15/1/0/15;0.7500:3/0/1/3;0.7273:8/0/3/8
1107,1,R_0e5d236bf5b42b15,20,R_0e5d236bf5b42b15@20,F_proj,8,pull,1,1,F,,,,,,17,0,0,47,1087,17,17,1.0,0.0,0.0,0.8270430914018881,0.13784051523364801,0.023311967688120116,14,1.0,1.0000;1.0000;1.0000;0.7500;0.6471,M2,M2,M2,1,M2:46,46,0,pull,permit#0,1,1,16,1,0,16,1.0000:7/0/0/7;1.0000:12/0/0/12;1.0000:11/1/0/11;0.7500:3/0/1/3;0.6471:10/1/6/10
1111,1,R_8b0d2a6b7293001d,140,R_8b0d2a6b7293001d@140,F_proj,16,break,1,1,F,,,,,,17,0,0,42,971,17,17,1.0,0.0,0.0,0.566340636185421,0.09439010603090349,0.022917122239230266,14,1.0,1.0000;1.0000;1.0000;0.7500;0.7273,M1,M1,M1,1,M1:41,41,0,break,enable#0,1,1,16,1,0,16,1.0000:10/1/0/10;1.0000:11/1/0/11;1.0000:15/1/0/15;0.7500:3/0/1/3;0.7273:8/0/3/8
1112,1,R_8b0d2a6b7293001d,140,R_8b0d2a6b7293001d@140,F_proj,9,hold_b,1,1,F,,,,,,17,0,0,43,972,17,17,1.0,0.0,0.0,0.6184927007405091,0.10308211679008486,0.023376736869702,14,1.0,1.0000;1.0000;1.0000;1.0000;0.9091,M1,M1,M1,1,M1:42,42,0,hold_b,cause#0,1,0,16,1,0,16,1.0000:6/1/0/6;1.0000:10/1/0/10;1.0000:11/1/0/11;1.0000:15/1/0/15;0.9091:9/1/1/9
1113,1,R_cb63a1ebfc31098d,19,R_cb63a1ebfc31098d@19,F_proj,4,drag,1,0,F,,,,,,17,0,0,497,1094,17,17,1.0,0.0,0.0,3.322369859355307,0.5537283098925512,0.023181699118134988,14,1.0,1.0000;1.0000;0.6667;0.6471;0.5833,M2,M2,M2,1,M1:15;M2:481,496,15,drag,permit#1,1,1,16,1,0,16,1.0000:4/0/0/4;1.0000:15/1/0/15;0.6667:7/1/4/7;0.6471:10/1/6/10;0.5833:7/0/5/7
1116,1,R_cb63a1ebfc31098d,19,R_cb63a1ebfc31098d@19,F_proj,1,bend,1,1,F,,,,,,17,0,0,499,1097,17,17,1.0,0.0,0.0,1.9198674492392875,0.3199779082065479,0.022987504897905874,14,1.0,1.0000;1.0000;0.6667;0.6667;0.6471,M2,M2,M2,1,M1:15;M2:483,498,15,bend,hinder#1,1,1,16,1,0,16,1.0000:4/0/0/4;1.0000:15/1/0/15;0.6667:7/1/4/7;0.6667:8/0/4/8;0.6471:10/1/6/10
1118,1,R_7b6b1008b48c1115,6,R_7b6b1008b48c1115@6,F_proj,10,cut,1,0,F,,,,,,17,0,0,508,1112,17,17,1.0,0.0,0.0,1.3917346292634678,0.23195577154391128,0.023073914743840438,14,1.0,1.0000;1.0000;1.0000;1.0000;0.6667,M1,M1,M1,1,M1:489;M2:18,507,18,cut,enable#1,1,1,16,1,0,16,1.0000:4/0/0/4;1.0000:10/1/0/10;1.0000:7/0/0/7;1.0000:15/1/0/15;0.6667:7/1/4/7
1121,1,R_7b6b1008b48c1115,6,R_7b6b1008b48c1115@6,F_proj,7,break,1,1,F,,,,,,17,0,0,509,1115,17,17,1.0,0.0,0.0,2.7419931995219127,0.4569988665869854,0.022926237323394296,14,1.0,1.0000;1.0000;1.0000;1.0000;0.6667,M1,M1,M1,1,M1:490;M2:18,508,18,break,enable#0,1,1,16,1,0,16,1.0000:4/0/0/4;1.0000:11/0/0/11;1.0000:7/0/0/7;1.0000:15/1/0/15;0.6667:7/1/4/7
1122,1,R_cb63a1ebfc31098d,19,R_cb63a1ebfc31098d@19,F_proj,4,drag,1,0,F,,,,,,17,0,0,502,1103,17,17,1.0,0.0,0.0,3.195181432240365,0.5325302387067276,0.023165187269971854,14,1.0,1.0000;1.0000;0.6667;0.6471;0.5833,M2,M2,M2,1,M1:15;M2:486,501,15,drag,permit#1,1,1,16,1,0,16,1.0000:4/0/0/4;1.0000:15/1/0/15;0.6667:7/1/4/7;0.6471:10/1/6/10;0.5833:7/0/5/7
1123,1,R_8b0d2a6b7293001d,140,R_8b0d2a6b7293001d@140,F_proj,2,lift,1,1,F,,,,,,17,0,0,44,983,17,17,1.0,0.0,0.0,0.8175359718538123,0.16350719437076247,0.046504585568437444,14,1.0,1.0000;1.0000;1.0000;0.7500;0.6471,M1,M1,M1,1,M1:43,43,0,lift,require#1,1,1,16,1,0,16,1.0000:10/1/0/10;1.0000:11/1/0/11;1.0000:15/1/0/15;0.7500:2/1/1/2;0.6471:10/1/6/10
1124,1,R_cb63a1ebfc31098d,19,R_cb63a1ebfc31098d@19,F_proj,5,lock,1,0,F,,,,,,17,0,0,503,1105,17,17,1.0,0.0,0.0,2.413514217152844,0.402252369525474,0.02351313969571231,14,1.0,1.0000;1.0000;0.6667;0.6471;0.5833,M2,M2,M2,1,M1:15;M2:487,502,15,lock,hinder#0,1,1,16,1,0,16,1.0000:4/0/0/4;1.0000:15/1/0/15;0.6667:7/1/4/7;0.6471:10/1/6/10;0.5833:7/0/5/7
1125,1,R_7b6b1008b48c1115,6,R_7b6b1008b48c1115@6,F_proj,12,push,1,1,F,,,,,,17,0,0,511,1119,17,17,1.0,0.0,0.0,0.4055673900745318,0.36935980430666426,0.04651062359647608,14,1.0,1.0000;1.0000;1.0000;0.7500;0.6364,M1,M1,M1,1,M1:492;M2:18,510,18,push,cause#1,1,1,16,1,0,16,1.0000:10/1/0/10;1.0000:6/1/0/6;1.0000:15/1/0/15;0.7500:3/0/1/3;0.6364:7/0/4/7
1128,1,R_7b6b1008b48c1115,6,R_7b6b1008b48c1115@6,F_proj,10,cut,1,1,F,,,,,,17,0,0,513,1122,17,17,1.0,0.0,0.0,1.3639091781931834,0.22731819636553058,0.023043459533962182,14,1.0,1.0000;1.0000;1.0000;1.0000;0.6667,M1,M1,M1,1,M1:494;M2:18,512,18,cut,enable#1,1,1,16,1,0,16,1.0000:4/0/0/4;1.0000:10/1/0/10;1.0000:7/0/0/7;1.0000:15/1/0/15;0.6667:7/1/4/7
1131,1,R_7b6b1008b48c1115,6,R_7b6b1008b48c1115@6,F_proj,15,turn,1,0,F,,,,,,17,0,0,514,1125,17,17,1.0,0.0,0.0,1.6668168932637812,0.2778028155439635,0.02345562333533809,14,1.0,1.0000;1.0000;1.0000;1.0000;0.6667,M1,M1,M1,1,M1:495;M2:18,513,18,turn,avert#0,1,1,16,1,0,16,1.0000:4/0/0/4;1.0000:10/1/0/10;1.0000:7/0/0/7;1.0000:15/1/0/15;0.6667:8/0/4/8
1133,1,R_7b6b1008b48c1115,6,R_7b6b1008b48c1115@6,F_proj,7,break,1,1,F,,,,,,17,0,0,515,1127,17,17,1.0,0.0,0.0,3.1838759079623964,0.5306459846603994,0.02293971357516508,14,1.0,1.0000;1.0000;1.0000;1.0000;0.6667,M1,M1,M1,1,M1:496;M2:18,514,18,break,enable#0,1,1,16,1,0,16,1.0000:4/0/0/4;1.0000:11/0/0/11;1.0000:7/0/0/7;1.0000:15/1/0/15;0.6667:7/1/4/7
1135,1,R_7b6b1008b48c1115,6,R_7b6b1008b48c1115@6,F_proj,10,cut,1,1,F,,,,,,17,0,0,516,1129,17,17,1.0,0.0,0.0,2.2575409973059877,0.3762568328843313,0.02302490798596251,14,1.0,1.0000;1.0000;1.0000;1.0000;0.6667,M1,M1,M1,1,M1:497;M2:18,515,18,cut,enable#1,1,1,16,1,0,16,1.0000:4/0/0/4;1.0000:10/1/0/10;1.0000:7/0/0/7;1.0000:15/1/0/15;0.6667:7/1/4/7
1138,1,R_7b6b1008b48c1115,6,R_7b6b1008b48c1115@6,F_proj,2,lift,1,0,F,,,,,,17,0,0,518,1132,17,17,1.0,0.0,0.0,1.946676238014858,0.38933524760297167,0.046529497139929994,14,1.0,1.0000;1.0000;1.0000;0.9091;0.6667,M1,M1,M1,1,M1:499;M2:18,517,18,lift,require#1,1,1,16,1,0,16,1.0000:3/1/0/3;1.0000:6/1/0/6;1.0000:15/1/0/15;0.9091:10/0/1/10;0.6667:7/1/4/7
1139,1,R_cb63a1ebfc31098d,19,R_cb63a1ebfc31098d@19,F_proj,4,drag,1,0,F,,,,,,17,0,0,510,1120,17,17,1.0,0.0,0.0,3.002411556074314,0.5004019260123858,0.02311596366272871,14,1.0,1.0000;1.0000;0.6667;0.6471;0.5833,M2,M2,M2,1,M1:15;M2:494,509,15,drag,permit#1,1,1,16,1,0,16,1.0000:4/0/0/4;1.0000:15/1/0/15;0.6667:7/1/4/7;0.6471:10/1/6/10;0.5833:7/0/5/7
1140,1,R_7b6b1008b48c1115,6,R_7b6b1008b48c1115@6,F_proj,13,press,1,1,F,,,,,,17,0,0,519,1134,17,17,1.0,0.0,0.0,1.6100765213733728,0.2683460868955621,0.023521390830066474,14,1.0,1.0000;1.0000;1.0000;1.0000;0.6471,M1,M1,M1,1,M1:500;M2:18,518,18,press,avert#1,1,1,16,1,0,16,1.0000:4/0/0/4;1.0000:10/1/0/10;1.0000:7/0/0/7;1.0000:15/1/0/15;0.6471:10/1/6/10
1141,1,R_0e5d236bf5b42b15,20,R_0e5d236bf5b42b15@20,F_proj,2,bend,1,0,F,,,,,,17,0,0,47,1121,17,17,1.0,0.0,0.0,0.6892174166613503,0.11486956944355839,0.022990463215258855,14,1.0,1.0000;1.0000;1.0000;0.7500;0.6471,M2,M2,M2,1,M2:46,46,0,bend,hinder#1,1,1,16,1,0,16,1.0000:7/0/0/7;1.0000:11/1/0/11;1.0000:12/0/0/12;0.7500:3/0/1/3;0.6471:10/1/6/10
1142,1,R_cb63a1ebfc31098d,19,R_cb63a1ebfc31098d@19,F_proj,4,drag,1,1,F,,,,,,17,0,0,511,1123,17,17,1.0,0.0,0.0,2.973051525062955,0.4955085875104925,0.023098519652884123,14,1.0,1.0000;1.0000;0.6667;0.6471;0.5833,M2,M2,M2,1,M1:15;M2:495,510,15,drag,permit#1,1,1,16,1,0,16,1.0000:4/0/0/4;1.0000:15/1/0/15;0.6667:7/1/4/7;0.6471:10/1/6/10;0.5833:7/0/5/7
1143,1,R_8b0d2a6b7293001d,140,R_8b0d2a6b7293001d@140,F_proj,10,push,1,1,F,,,,,,17,0,0,44,1003,17,17,1.0,0.0,0.0,0.09493800501047155,0.05663614813371619,0.04654029241754505,14,1.0,1.0000;1.0000;1.0000;0.6364;0.5882,M1,M1,M1,1,M1:43,43,0,push,cause#1,1,1,16,1,0,16,1.0000:11/0/0/11;1.0000:11/1/0/11;1.0000:15/1/0/15;0.6364:7/0/4/7;0.5882:10/0/7/10
1145,1,R_cb63a1ebfc31098d,19,R_cb63a1ebfc31098d@19,F_proj,5,lock,1,0,F,,,,,,17,0,0,512,1126,17,17,1.0,0.0,0.0,2.229056811292932,0.37150946854882205,0.023464019008825526,14,1.0,1.0000;1.0000;0.6667;0.6471;0.5833,M2,M2,M2,1,M1:15;M2:496,511,15,lock,hinder#0,1,1,16,1,0,16,1.0000:4/0/0/4;1.0000:15/1/0/15;0.6667:7/1/4/7;0.6471:10/1/6/10;0.5833:7/0/5/7
1146,1,R_cb63a1ebfc31098d,19,R_cb63a1ebfc31098d@19,F_proj,14,push,1,0,F,,,,,,17,0,0,513,1127,17,17,1.0,0.0,0.0,1.0420586729287091,0.3594192987971043,0.04654514624841034,14,1.0,1.0000;0.7500;0.5882;0.5833;0.5833,M2,M2,M2,1,M1:15;M2:497,512,15,push,cause#1,1,1,16,1,0,16,1.0000:15/1/0/15;0.7500:3/0/1/3;0.5882:10/0/7/10;0.5833:7/0/5/7;0.5833:7/0/5/7
1149,1,R_7b6b1008b48c1115,6,R_7b6b1008b48c1115@6,F_proj,12,push,1,1,F,,,,,,17,0,0,524,1143,17,17,1.0,0.0,0.0,0.7855762167539181,0.41835503713143196,0.04651359465516512,14,1.0,1.0000;1.0000;1.0000;0.7500;0.6364,M1,M1,M1,1,M1:504;M2:19,523,19,push,cause#1,1,1,16,1,0,16,1.0000:10/1/0/10;1.0000:6/1/0/6;1.0000:15/1/0/15;0.7500:3/0/1/3;0.6364:7/0/4/7
1150,1,R_cb63a1ebfc31098d,19,R_cb63a1ebfc31098d@19,F_proj,5,lock,1,1,F,,,,,,17,0,0,514,1131,17,17,1.0,0.0,0.0,2.1930193808249974,0.3655032301374996,0.023446411220480756,14,1.0,1.0000;1.0000;0.6667;0.6471;0.5833,M2,M2,M2,1,M1:15;M2:498,513,15,lock,hinder#0,1,1,16,1,0,16,1.0000:4/0/0/4;1.0000:15/1/0/15;0.6667:7/1/4/7;0.6471:10/1/6/10;0.5833:7/0/5/7
1151,1,R_7b6b1008b48c1115,6,R_7b6b1008b48c1115@6,F_proj,13,press,1,0,F,,,,,,17,0,0,525,1145,17,17,1.0,0.0,0.0,2.300688535483153,0.3834480892471921,0.023510045585007598,14,1.0,1.0000;1.0000;1.0000;1.0000;0.6471,M1,M1,M1,1,M1:505;M2:19,524,19,press,avert#1,1,1,16,1,0,16,1.0000:4/0/0/4;1.0000:10/1/0/10;1.0000:7/0/0/7;1.0000:15/1/0/15;0.6471:10/1/6/10
1152,1,R_7b6b1008b48c1115,6,R_7b6b1008b48c1115@6,F_proj,10,cut,1,1,F,,,,,,17,0,0,526,1146,17,17,1.0,0.0,0.0,2.355973957714186,0.39266232628569764,0.023068488529014844,14,1.0,1.0000;1.0000;1.0000;1.0000;0.6667,M1,M1,M1,1,M1:506;M2:19,525,19,cut,enable#1,1,1,16,1,0,16,1.0000:4/0/0/4;1.0000:10/1/0/10;1.0000:7/0/0/7;1.0000:15/1/0/15;0.6667:7/1/4/7
1153,1,R_0e5d236bf5b42b15,20,R_0e5d236bf5b42b15@20,F_proj,15,lock,1,1,F,,,,,,17,0,0,48,1133,17,17,1.0,0.0,0.0,0.5538007992480315,0.09230013320800524,0.023428282487780214,14,1.0,1.0000;1.0000;0.9167;0.7500;0.6471,M2,M2,M2,1,M2:47,47,0,lock,hinder#0,1,1,16,1,0,16,1.0000:7/0/0/7;1.0000:11/1/0/11;0.9167:11/0/1/11;0.7500:3/0/1/3;0.6471:10/1/6/10
1154,1,R_7b6b1008b48c1115,6,R_7b6b1008b48c1115@6,F_proj,15,turn,1,1,F,,,,,,17,0,0,527,1148,17,17,1.0,0.0,0.0,1.605095296879522,0.26751588281325367,0.02344966951542963,14,1.0,1.0000;1.0000;1.0000;1.0000;0.6667,M1,M1,M1,1,M1:507;M2:19,526,19,turn,avert#0,1,1,16,1,0,16,1.0000:4/0/0/4;1.0000:10/1/0/10;1.0000:7/0/0/7;1.0000:15/1/0/15;0.6667:8/0/4/8
1155,1,R_cb63a1ebfc31098d,19,R_cb63a1ebfc31098d@19,F_proj,1,bend,1,1,F,,,,,,17,0,0,515,1136,17,17,1.0,0.0,0.0,2.117635065888329,0.3529391776480548,0.022965299684542587,14,1.0,1.0000;1.0000;0.6667;0.6667;0.6471,M2,M2,M2,1,M1:15;M2:499,514,15,bend,hinder#1,1,1,16,1,0,16,1.0000:4/0/0/4;1.0000:15/1/0/15;0.6667:7/1/4/7;0.6667:8/0/4/8;0.6471:10/1/6/10
1156,1,R_cb63a1ebfc31098d,19,R_cb63a1ebfc31098d@19,F_proj,14,push,1,1,F,,,,,,17,0,0,516,1137,17,17,1.0,0.0,0.0,0.9851515700252899,0.3461273525945953,0.046522378650977095,14,1.0,1.0000;0.7500;0.5882;0.5833;0.5833,M2,M2,M2,1,M1:15;M2:500,515,15,push,cause#1,1,1,16,1,0,16,1.0000:15/1/0/15;0.7500:3/0/1/3;0.5882:10/0/7/10;0.5833:7/0/5/7;0.5833:7/0/5/7
1157,1,R_7b6b1008b48c1115,6,R_7b6b1008b48c1115@6,F_proj,12,push,1,1,F,,,,,,17,0,0,528,1151,17,17,1.0,0.0,0.0,1.4321253379300227,0.5409820472495542,0.04652139228282319,14,1.0,1.0000;1.0000;1.0000;0.7500;0.6364,M1,M1,M1,1,M1:508;M2:19,527,19,push,cause#1,1,1,16,1,0,16,1.0000:10/1/0/10;1.0000:6/1/0/6;1.0000:15/1/0/15;0.7500:3/0/1/3;0.6364:7/0/4/7
1158,1,R_cb63a1ebfc31098d,19,R_cb63a1ebfc31098d@19,F_proj,4,drag,1,1,F,,,,,,17,0,0,517,1139,17,17,1.0,0.0,0.0,3.425271510436626,0.5708785850727709,0.023115324915048033,14,1.0,1.0000;1.0000;0.6667;0.6471;0.5833,M2,M2,M2,1,M1:15;M2:501,516,15,drag,permit#1,1,1,16,1,0,16,1.0000:4/0/0/4;1.0000:15/1/0/15;0.6667:7/1/4/7;0.6471:10/1/6/10;0.5833:7/0/5/7
1159,1,R_7b6b1008b48c1115,6,R_7b6b1008b48c1115@6,F_proj,15,turn,1,0,F,,,,,,17,0,0,529,1153,17,17,1.0,0.0,0.0,2.677579362201641,0.44626322703360677,0.023430295917511945,14,1.0,1.0000;1.0000;1.0000;1.0000;0.6667,M1,M1,M1,1,M1:509;M2:19,528,19,turn,avert#0,1,1,16,1,0,16,1.0000:4/0/0/4;1.0000:10/1/0/10;1.0000:7/0/0/7;1.0000:15/1/0/15;0.6667:8/0/4/8
1160,1,R_0e5d236bf5b42b15,20,R_0e5d236bf5b42b15@20,F_proj,0,carry,1,1,F,,,,,,17,0,0,49,1140,17,17,1.0,0.0,0.0,0.07083352300855987,0.014166704601711974,0.04615126895049837,14,1.0,1.0000;1.0000;1.0000;0.7500;0.6471,M2,M2,M2,1,M2:48,48,0,carry,require#0,1,1,16,1,0,16,1.0000:6/1/0/6;1.0000:11/1/0/11;1.0000:11/1/0/11;0.7500:3/0/1/3;0.6471:10/1/6/10
1161,1,R_7b6b1008b48c1115,6,R_7b6b1008b48c1115@6,F_proj,2,lift,1,1,F,,,,,,17,0,0,530,1155,17,17,1.0,0.0,0.0,1.7896683940081621,0.35793367880163246,0.04652914347880664,14,1.0,1.0000;1.0000;1.0000;0.9091;0.6667,M1,M1,M1,1,M1:510;M2:19,529,19,lift,require#1,1,1,16,1,0,16,1.0000:3/1/0/3;1.0000:6/1/0/6;1.0000:15/1/0/15;0.9091:10/0/1/10;0.6667:7/1/4/7
1162,1,R_7b6b1008b48c1115,6,R_7b6b1008b48c1115@6,F_proj,2,lift,1,0,F,,,,,,17,0,0,531,1156,17,17,1.0,0.0,0.0,3.8362401373446833,0.7672480274689367,0.04653010033444816,14,1.0,1.0000;1.0000;1.0000;0.9091;0.6667,M1,M1,M1,1,M1:511;M2:19,530,19,lift,require#1,1,1,16,1,0,16,1.0000:3/1/0/3;1.0000:6/1/0/6;1.0000:15/1/0/15;0.9091:10/0/1/10;0.6667:7/1/4/7
1163,1,R_0e5d236bf5b42b15,20,R_0e5d236bf5b42b15@20,F_proj,9,lift,1,1,F,,,,,,17,0,0,50,1143,17,17,1.0,0.0,0.0,0.3822028656479708,0.07644057312959414,0.04649122807017544,14,1.0,1.0000;1.0000;1.0000;0.7500;0.6471,M2,M2,M2,1,M2:49,49,0,lift,require#1,1,1,16,1,0,16,1.0000:6/1/0/6;1.0000:11/1/0/11;1.0000:11/1/0/11;0.7500:2/1/1/2;0.6471:10/1/6/10
1164,1,R_cb63a1ebfc31098d,19,R_cb63a1ebfc31098d@19,F_proj,1,bend,1,1,F,,,,,,17,0,0,518,1145,17,17,1.0,0.0,0.0,2.846014737912949,0.47433578965215817,0.02299570134802387,14,1.0,1.0000;1.0000;0.6667;0.6667;0.6471,M2,M2,M2,1,M1:15;M2:502,517,15,bend,hinder#1,1,1,16,1,0,16,1.0000:4/0/0/4;1.0000:15/1/0/15;0.6667:7/1/4/7;0.6667:8/0/4/8;0.6471:10/1/6/10
1169,1,R_7b6b1008b48c1115,6,R_7b6b1008b48c1115@6,F_proj,2,lift,1,1,F,,,,,,17,0,0,534,1163,17,17,1.0,0.0,0.0,2.4549347664284222,0.4909869532856844,0.046495200897494496,14,1.0,1.0000;1.0000;1.0000;0.9091;0.6667,M1,M1,M1,1,M1:514;M2:19,533,19,lift,require#1,1,1,16,1,0,16,1.0000:3/1/0/3;1.0000:6/1/0/6;1.0000:15/1/0/15;0.9091:10/0/1/10;0.6667:7/1/4/7
1170,1,R_cb63a1ebfc31098d,19,R_cb63a1ebfc31098d@19,F_proj,8,lift,1,1,F,,,,,,17,0,0,520,1151,17,17,1.0,0.0,0.0,1.4687792912985347,0.29375585825970696,0.046496180670873466,14,1.0,1.0000;1.0000;0.6667;0.6667;0.6471,M2,M2,M2,1,M1:15;M2:504,519,15,lift,require#1,1,1,16,1,0,16,1.0000:3/1/0/3;1.0000:15/1/0/15;0.6667:7/1/4/7;0.6667:7/1/4/7;0.6471:10/1/6/10
1171,1,R_8b0d2a6b7293001d,140,R_8b0d2a6b7293001d@140,F_proj,0,carry,1,1,F,,,,,,17,0,0,44,1031,17,17,1.0,0.0,0.0,0.419002386070675,0.08380047721413501,0.04612576738012278,14,1.0,1.0000;1.0000;1.0000;0.7500;0.7273,M1,M1,M1,1,M1:43,43,0,carry,require#0,1,1,16,1,0,16,1.0000:10/1/0/10;1.0000:11/1/0/11;1.0000:15/1/0/15;0.7500:3/0/1/3;0.7273:8/0/3/8
1172,1,R_cb63a1ebfc31098d,19,R_cb63a1ebfc31098d@19,F_proj,15,pull,1,1,F,,,,,,17,0,0,521,1153,17,17,1.0,0.0,0.0,1.9687076289878807,0.3281179381646468,0.023373394115209282,14,1.0,1.0000;1.0000;0.6667;0.6667;0.6471,M2,M2,M2,1,M1:15;M2:505,520,15,pull,permit#0,1,1,16,1,0,16,1.0000:4/0/0/4;1.0000:15/1/0/15;0.6667:8/0/4/8;0.6667:7/1/4/7;0.6471:10/1/6/10
1175,1,R_cb63a1ebfc31098d,19,R_cb63a1ebfc31098d@19,F_proj,4,drag,1,0,F,,,,,,17,0,0,522,1156,17,17,1.0,0.0,0.0,3.684111375023348,0.6140185625038913,0.023107767351494356,14,1.0,1.0000;1.0000;0.6667;0.6471;0.5833,M2,M2,M2,1,M1:15;M2:506,521,15,drag,permit#1,1,1,16,1,0,16,1.0000:4/0/0/4;1.0000:15/1/0/15;0.6667:7/1/4/7;0.6471:10/1/6/10;0.5833:7/0/5/7
1176,1,R_8b0d2a6b7293001d,140,R_8b0d2a6b7293001d@140,F_proj,9,hold_b,1,0,F,,,,,,17,0,0,44,1036,17,17,1.0,0.0,0.0,0.825587308322512,0.13759788472041867,0.023296158612143743,14,1.0,1.0000;1.0000;1.0000;1.0000;0.9091,M1,M1,M1,1,M1:43,43,0,hold_b,cause#0,1,0,16,1,0,16,1.0000:6/1/0/6;1.0000:10/1/0/10;1.0000:11/1/0/11;1.0000:15/1/0/15;0.9091:9/1/1/9
1178,1,R_8b0d2a6b7293001d,140,R_8b0d2a6b7293001d@140,F_proj,6,press,1,1,F,,,,,,17,0,0,45,1038,17,17,1.0,0.0,0.0,0.21611049189263257,0.03601841531543876,0.023504185394416725,14,1.0,1.0000;0.9167;0.9091;0.7500;0.7273,M1,M1,M1,1,M1:44,44,0,press,avert#1,1,1,16,1,0,16,1.0000:15/1/0/15;0.9167:11/0/1/11;0.9091:10/0/1/10;0.7500:3/0/1/3;0.7273:7/1/3/7
1181,1,R_7b6b1008b48c1115,6,R_7b6b1008b48c1115@6,F_proj,14,hold,1,1,F,,,,,,17,0,0,538,1175,17,17,1.0,0.0,0.0,2.0438544325231858,0.3429496185959377,0.023157288581770318,14,1.0,1.0000;1.0000;1.0000;1.0000;0.9167,M1,M1,M1,1,M1:518;M2:19,537,19,hold,cause#0,1,1,16,1,0,16,1.0000:4/0/0/4;1.0000:10/1/0/10;1.0000:6/1/0/6;1.0000:15/1/0/15;0.9167:10/1/1/10
1182,1,R_cb63a1ebfc31098d,19,R_cb63a1ebfc31098d@19,F_proj,4,drag,1,0,F,,,,,,17,0,0,526,1163,17,17,1.0,0.0,0.0,3.502268636590675,0.5837114394317792,0.023095257664173585,14,1.0,1.0000;1.0000;0.6667;0.6471;0.5833,M2,M2,M2,1,M1:15;M2:510,525,15,drag,permit#1,1,1,16,1,0,16,1.0000:4/0/0/4;1.0000:15/1/0/15;0.6667:7/1/4/7;0.6471:10/1/6/10;0.5833:7/0/5/7
1183,1,R_7b6b1008b48c1115,6,R_7b6b1008b48c1115@6,F_proj,14,hold,1,1,F,,,,,,17,0,0,539,1177,17,17,1.0,0.0,0.0,3.771493186816368,0.6308861190230189,0.023158413402315843,14,1.0,1.0000;1.0000;1.0000;1.0000;0.9167,M1,M1,M1,1,M1:519;M2:19,538,19,hold,cause#0,1,1,16,1,0,16,1.0000:4/0/0/4;1.0000:10/1/0/10;1.0000:6/1/0/6;1.0000:15/1/0/15;0.9167:10/1/1/10
1184,1,R_cb63a1ebfc31098d,19,R_cb63a1ebfc31098d@19,F_proj,15,pull,1,1,F,,,,,,17,0,0,527,1165,17,17,1.0,0.0,0.0,2.590589475323694,0.43176491255394905,0.023385574792812013,14,1.0,1.0000;1.0000;0.6667;0.6667;0.6471,M2,M2,M2,1,M1:15;M2:511,526,15,pull,permit#0,1,1,16,1,0,16,1.0000:4/0/0/4;1.0000:15/1/0/15;0.6667:8/0/4/8;0.6667:7/1/4/7;0.6471:10/1/6/10
1186,1,R_7b6b1008b48c1115,6,R_7b6b1008b48c1115@6,F_proj,10,cut,1,0,F,,,,,,17,0,0,541,1180,17,17,1.0,0.0,0.0,2.244665356844736,0.37411089280745596,0.023097714800556966,14,1.0,1.0000;1.0000;1.0000;1.0000;0.6667,M1,M1,M1,1,M1:521;M2:19,540,19,cut,enable#1,1,1,16,1,0,16,1.0000:4/0/0/4;1.0000:10/1/0/10;1.0000:7/0/0/7;1.0000:15/1/0/15;0.6667:7/1/4/7
1188,1,R_cb63a1ebfc31098d,19,R_cb63a1ebfc31098d@19,F_proj,8,lift,1,0,F,,,,,,17,0,0,529,1169,17,17,1.0,0.0,0.0,1.863173882472105,0.37263477649442095,0.04652684083568421,14,1.0,1.0000;1.0000;0.6667;0.6667;0.6471,M2,M2,M2,1,M1:15;M2:513,528,15,lift,require#1,1,1,16,1,0,16,1.0000:3/1/0/3;1.0000:15/1/0/15;0.6667:7/1/4/7;0.6667:7/1/4/7;0.6471:10/1/6/10
1190,1,R_8b0d2a6b7293001d,140,R_8b0d2a6b7293001d@140,F_proj,10,push,1,0,F,,,,,,17,0,0,46,1050,17,17,1.0,0.0,0.0,0.0861867814337341,0.10848900133722561,0.046573329523654027,14,1.0,1.0000;1.0000;1.0000;0.6364;0.5882,M1,M1,M1,1,M1:45,45,0,push,cause#1,1,1,16,1,0,16,1.0000:11/0/0/11;1.0000:11/1/0/11;1.0000:15/1/0/15;0.6364:7/0/4/7;0.5882:10/0/7/10
1192,1,R_cb63a1ebfc31098d,19,R_cb63a1ebfc31098d@19,F_proj,15,pull,1,0,F,,,,,,17,0,0,532,1173,17,17,1.0,0.0,0.0,3.238498668134516,0.5397497780224194,0.02339038304808476,14,1.0,1.0000;1.0000;0.6667;0.6667;0.6471,M2,M2,M2,1,M1:16;M2:515,531,16,pull,permit#0,1,1,16,1,0,16,1.0000:4/0/0/4;1.0000:15/1/0/15;0.6667:8/0/4/8;0.6667:7/1/4/7;0.6471:10/1/6/10
1194,1,R_0e5d236bf5b42b15,20,R_0e5d236bf5b42b15@20,F_proj,9,lift,1,1,F,,,,,,17,0,0,52,1174,17,17,1.0,0.0,0.0,0.7168547245948215,0.1433709449189643,0.04650122050447518,14,1.0,1.0000;1.0000;1.0000;0.7500;0.6471,M2,M2,M2,1,M2:51,51,0,lift,require#1,1,1,16,1,0,16,1.0000:6/1/0/6;1.0000:11/1/0/11;1.0000:11/1/0/11;0.7500:2/1/1/2;0.6471:10/1/6/10
1195,1,R_7b6b1008b48c1115,6,R_7b6b1008b48c1115@6,F_proj,12,push,1,1,F,,,,,,17,0,0,543,1189,17,17,1.0,0.0,0.0,1.1706992236293527,0.46432469728422426,0.04654093163157467,14,1.0,1.0000;1.0000;1.0000;0.7500;0.6364,M1,M1,M1,1,M1:523;M2:19,542,19,push,cause#1,1,1,16,1,0,16,1.0000:10/1/0/10;1.0000:6/1/0/6;1.0000:15/1/0/15;0.7500:3/0/1/3;0.6364:7/0/4/7
1196,1,R_8b0d2a6b7293001d,140,R_8b0d2a6b7293001d@140,F_proj,9,hold_b,1,1,F,,,,,,17,0,0,47,1056,17,17,1.0,0.0,0.0,0.7676891183827563,0.12794818639712605,0.023353098854682803,14,1.0,1.0000;1.0000;1.0000;1.0000;0.9091,M1,M1,M1,1,M1:46,46,0,hold_b,cause#0,1,0,16,1,0,16,1.0000:6/1/0/6;1.0000:10/1/0/10;1.0000:11/1/0/11;1.0000:15/1/0/15;0.9091:9/1/1/9
1197,1,R_cb63a1ebfc31098d,19,R_cb63a1ebfc31098d@19,F_proj,0,hold_b,1,1,F,,,,,,17,0,0,533,1178,17,17,1.0,0.0,0.0,1.115918972316861,0.1836858552134864,0.02337282908618731,14,1.0,1.0000;1.0000;1.0000;0.9167;0.9167,M2,M2,M2,1,M1:16;M2:516,532,16,hold_b,cause#0,1,0,16,1,0,16,1.0000:4/0/0/4;1.0000:6/1/0/6;1.0000:15/1/0/15;0.9167:10/1/1/10;0.9167:10/1/1/10
1198,1,R_cb63a1ebfc31098d,19,R_cb63a1ebfc31098d@19,F_proj,4,drag,1,0,F,,,,,,17,0,0,534,1179,17,17,1.0,0.0,0.0,3.2303926517216994,0.5383987752869499,0.023068191032190058,14,1.0,1.0000;1.0000;0.6667;0.6471;0.5833,M2,M2,M2,1,M1:16;M2:517,533,16,drag,permit#1,1,1,16,1,0,16,1.0000:4/0/0/4;1.0000:15/1/0/15;0.6667:7/1/4/7;0.6471:10/1/6/10;0.5833:7/0/5/7
1199,1,R_7b6b1008b48c1115,6,R_7b6b1008b48c1115@6,F_proj,7,break,1,0,F,,,,,,17,0,0,544,1193,17,17,1.0,0.0,0.0,2.481695009643176,0.41361583494052934,0.023008060922752867,14,1.0,1.0000;1.0000;1.0000;1.0000;0.6667,M1,M1,M1,1,M1:524;M2:19,543,19,break,enable#0,1,1,16,1,0,16,1.0000:4/0/0/4;1.0000:11/0/0/11;1.0000:7/0/0/7;1.0000:15/1/0/15;0.6667:7/1/4/7
1200,1,R_cb63a1ebfc31098d,19,R_cb63a1ebfc31098d@19,F_proj,4,drag,1,1,F,,,,,,17,0,0,535,1181,17,17,1.0,0.0,0.0,3.203894523478217,0.5339824205797027,0.023028978468512224,14,1.0,1.0000;1.0000;0.6667;0.6471;0.5833,M2,M2,M2,1,M1:16;M2:518,534,16,drag,permit#1,1,1,16,1,0,16,1.0000:4/0/0/4;1.0000:15/1/0/15;0.6667:7/1/4/7;0.6471:10/1/6/10;0.5833:7/0/5/7
1201,1,R_7b6b1008b48c1115,6,R_7b6b1008b48c1115@6,F_proj,2,lift,1,0,F,,,,,,17,0,0,545,1195,17,17,1.0,0.0,0.0,2.2465013017045607,0.4493002603409122,0.04650410449270088,14,1.0,1.0000;1.0000;1.0000;0.9091;0.6667,M1,M1,M1,1,M1:525;M2:19,544,19,lift,require#1,1,1,16,1,0,16,1.0000:3/1/0/3;1.0000:6/1/0/6;1.0000:15/1/0/15;0.9091:10/0/1/10;0.6667:7/1/4/7
1203,1,R_7b6b1008b48c1115,6,R_7b6b1008b48c1115@6,F_proj,12,push,1,1,F,,,,,,17,0,0,546,1197,17,17,1.0,0.0,0.0,1.0987134306954003,0.587597808817773,0.04654448570967221,14,1.0,1.0000;1.0000;1.0000;0.7500;0.6364,M1,M1,M1,1,M1:526;M2:19,545,19,push,cause#1,1,1,16,1,0,16,1.0000:10/1/0/10;1.0000:6/1/0/6;1.0000:15/1/0/15;0.7500:3/0/1/3;0.6364:7/0/4/7
1204,1,R_7b6b1008b48c1115,6,R_7b6b1008b48c1115@6,F_proj,14,hold,1,1,F,,,,,,17,0,0,547,1198,17,17,1.0,0.0,0.0,2.9692489203121943,0.4971446960218965,0.023150762281197064,14,1.0,1.0000;1.0000;1.0000;1.0000;0.9167,M1,M1,M1,1,M1:527;M2:19,546,19,hold,cause#0,1,1,16,1,0,16,1.0000:4/0/0/4;1.0000:10/1/0/10;1.0000:6/1/0/6;1.0000:15/1/0/15;0.9167:10/1/1/10
1207,1,R_7b6b1008b48c1115,6,R_7b6b1008b48c1115@6,F_proj,13,press,1,1,F,,,,,,17,0,0,548,1201,17,17,1.0,0.0,0.0,1.7253305055062909,0.2875550842510485,0.023493442754847535,14,1.0,1.0000;1.0000;1.0000;1.0000;0.6471,M1,M1,M1,1,M1:528;M2:19,547,19,press,avert#1,1,1,16,1,0,16,1.0000:4/0/0/4;1.0000:10/1/0/10;1.0000:7/0/0/7;1.0000:15/1/0/15;0.6471:10/1/6/10
1208,1,R_cb63a1ebfc31098d,19,R_cb63a1ebfc31098d@19,F_proj,1,bend,1,1,F,,,,,,17,0,0,538,1189,17,17,1.0,0.0,0.0,2.46524506809802,0.41087417801633663,0.023032398102741377,14,1.0,1.0000;1.0000;0.6667;0.6667;0.6471,M2,M2,M2,1,M1:16;M2:521,537,16,bend,hinder#1,1,1,16,1,0,16,1.0000:4/0/0/4;1.0000:15/1/0/15;0.6667:7/1/4/7;0.6667:8/0/4/8;0.6471:10/1/6/10
1209,1,R_7b6b1008b48c1115,6,R_7b6b1008b48c1115@6,F_proj,12,push,1,1,F,,,,,,17,0,0,549,1203,17,17,1.0,0.0,0.0,1.0540990745444367,0.7043741608744619,0.04654992368864969,14,1.0,1.0000;1.0000;1.0000;0.7500;0.6364,M1,M1,M1,1,M1:529;M2:19,548,19,push,cause#1,1,1,16,1,0,16,1.0000:10/1/0/10;1.0000:6/1/0/6;1.0000:15/1/0/15;0.7500:3/0/1/3;0.6364:7/0/4/7
1210,1,R_cb63a1ebfc31098d,19,R_cb63a1ebfc31098d@19,F_proj,4,drag,1,0,F,,,,,,17,0,0,539,1191,17,17,1.0,0.0,0.0,3.8436655039324172,0.6406109173220695,0.023034632208355072,14,1.0,1.0000;1.0000;0.6667;0.6471;0.5833,M2,M2,M2,1,M1:16;M2:522,538,16,drag,permit#1,1,1,16,1,0,16,1.0000:4/0/0/4;1.0000:15/1/0/15;0.6667:7/1/4/7;0.6471:10/1/6/10;0.5833:7/0/5/7
1211,1,R_7b6b1008b48c1115,6,R_7b6b1008b48c1115@6,F_proj,10,cut,1,1,F,,,,,,17,0,0,550,1205,17,17,1.0,0.0,0.0,1.9808700767163718,0.33014501278606195,0.02305533279871692,14,1.0,1.0000;1.0000;1.0000;1.0000;0.6667,M1,M1,M1,1,M1:530;M2:19,549,19,cut,enable#1,1,1,16,1,0,16,1.0000:4/0/0/4;1.0000:10/1/0/10;1.0000:7/0/0/7;1.0000:15/1/0/15;0.6667:7/1/4/7
1214,1,R_7b6b1008b48c1115,6,R_7b6b1008b48c1115@6,F_proj,7,break,1,1,F,,,,,,17,0,0,552,1208,17,17,1.0,0.0,0.0,2.3586794150771033,0.3931132358461839,0.022998160147188224,14,1.0,1.0000;1.0000;1.0000;1.0000;0.6667,M1,M1,M1,1,M1:532;M2:19,551,19,break,enable#0,1,1,16,1,0,16,1.0000:4/0/0/4;1.0000:11/0/0/11;1.0000:7/0/0/7;1.0000:15/1/0/15;0.6667:7/1/4/7
1215,1,R_cb63a1ebfc31098d,19,R_cb63a1ebfc31098d@19,F_proj,15,pull,1,0,F,,,,,,17,0,0,541,1196,17,17,1.0,0.0,0.0,2.5249055838115733,0.4208175973019289,0.02333852855373057,14,1.0,1.0000;1.0000;0.6667;0.6667;0.6471,M2,M2,M2,1,M1:16;M2:524,540,16,pull,permit#0,1,1,16,1,0,16,1.0000:4/0/0/4;1.0000:15/1/0/15;0.6667:8/0/4/8;0.6667:7/1/4/7;0.6471:10/1/6/10
1217,1,R_cb63a1ebfc31098d,19,R_cb63a1ebfc31098d@19,F_proj,0,hold_b,1,1,F,,,,,,17,0,0,542,1198,17,17,1.0,0.0,0.0,1.6097715848865046,0.2660269839948964,0.023299421504089368,14,1.0,1.0000;1.0000;1.0000;0.9167;0.9167,M2,M2,M2,1,M1:16;M2:525,541,16,hold_b,cause#0,1,0,16,1,0,16,1.0000:4/0/0/4;1.0000:6/1/0/6;1.0000:15/1/0/15;0.9167:10/1/1/10;0.9167:10/1/1/10
1218,1,R_cb63a1ebfc31098d,19,R_cb63a1ebfc31098d@19,F_proj,14,push,1,0,F,,,,,,17,0,0,543,1199,17,17,1.0,0.0,0.0,1.0131241937043722,0.3411632311730727,0.04655983417045364,14,1.0,1.0000;0.7500;0.5882;0.5833;0.5833,M2,M2,M2,1,M1:16;M2:526,542,16,push,cause#1,1,1,16,1,0,16,1.0000:15/1/0/15;0.7500:3/0/1/3;0.5882:10/0/7/10;0.5833:7/0/5/7;0.5833:7/0/5/7
1219,1,R_7b6b1008b48c1115,6,R_7b6b1008b48c1115@6,F_proj,14,hold,1,1,F,,,,,,17,0,0,554,1213,17,17,1.0,0.0,0.0,3.29178807942358,0.5508774709126667,0.02322061576452782,14,1.0,1.0000;1.0000;1.0000;1.0000;0.9167,M1,M1,M1,1,M1:534;M2:19,553,19,hold,cause#0,1,1,16,1,0,16,1.0000:4/0/0/4;1.0000:10/1/0/10;1.0000:6/1/0/6;1.0000:15/1/0/15;0.9167:10/1/1/10
1220,1,R_cb63a1ebfc31098d,19,R_cb63a1ebfc31098d@19,F_proj,15,pull,1,1,F,,,,,,17,0,0,544,1201,17,17,1.0,0.0,0.0,2.4525105305937887,0.40875175509896483,0.023320598535498248,14,1.0,1.0000;1.0000;0.6667;0.6667;0.6471,M2,M2,M2,1,M1:16;M2:527,543,16,pull,permit#0,1,1,16,1,0,16,1.0000:4/0/0/4;1.0000:15/1/0/15;0.6667:8/0/4/8;0.6667:7/1/4/7;0.6471:10/1/6/10
1223,1,R_7b6b1008b48c1115,6,R_7b6b1008b48c1115@6,F_proj,7,break,1,0,F,,,,,,17,0,0,556,1217,17,17,1.0,0.0,0.0,3.095426731333814,0.5159044552223024,0.022983486821213085,14,1.0,1.0000;1.0000;1.0000;1.0000;0.6667,M1,M1,M1,1,M1:536;M2:19,555,19,break,enable#0,1,1,16,1,0,16,1.0000:4/0/0/4;1.0000:11/0/0/11;1.0000:7/0/0/7;1.0000:15/1/0/15;0.6667:7/1/4/7
1226,1,R_cb63a1ebfc31098d,19,R_cb63a1ebfc31098d@19,F_proj,1,bend,1,0,F,,,,,,17,0,0,547,1207,17,17,1.0,0.0,0.0,2.8465731805206964,0.47442886342011603,0.02304494159572362,14,1.0,1.0000;1.0000;0.6667;0.6667;0.6471,M2,M2,M2,1,M1:16;M2:530,546,16,bend,hinder#1,1,1,16,1,0,16,1.0000:4/0/0/4;1.0000:15/1/0/15;0.6667:7/1/4/7;0.6667:8/0/4/8;0.6471:10/1/6/10
1228,1,R_7b6b1008b48c1115,6,R_7b6b1008b48c1115@6,F_proj,15,turn,1,1,F,,,,,,17,0,0,559,1222,17,17,1.0,0.0,0.0,1.7060266559291037,0.28433777598818394,0.023444295089744605,14,1.0,1.0000;1.0000;1.0000;1.0000;0.6667,M1,M1,M1,1,M1:539;M2:19,558,19,turn,avert#0,1,1,16,1,0,16,1.0000:4/0/0/4;1.0000:10/1/0/10;1.0000:7/0/0/7;1.0000:15/1/0/15;0.6667:8/0/4/8
1229,1,R_cb63a1ebfc31098d,19,R_cb63a1ebfc31098d@19,F_proj,0,hold_b,1,0,F,,,,,,17,0,0,548,1210,17,17,1.0,0.0,0.0,2.163294003912421,0.35829973402419407,0.023307260804298017,14,1.0,1.0000;1.0000;1.0000;0.9167;0.9167,M2,M2,M2,1,M1:16;M2:531,547,16,hold_b,cause#0,1,0,16,1,0,16,1.0000:4/0/0/4;1.0000:6/1/0/6;1.0000:15/1/0/15;0.9167:10/1/1/10;0.9167:10/1/1/10
1230,1,R_0e5d236bf5b42b15,20,R_0e5d236bf5b42b15@20,F_proj,2,bend,1,1,F,,,,,,17,0,0,54,1210,17,17,1.0,0.0,0.0,0.5428990777400332,0.09048317962333888,0.02301255230125523,14,1.0,1.0000;1.0000;1.0000;0.7500;0.6471,M2,M2,M2,1,M2:53,53,0,bend,hinder#1,1,1,16,1,0,16,1.0000:7/0/0/7;1.0000:11/1/0/11;1.0000:12/0/0/12;0.7500:3/0/1/3;0.6471:10/1/6/10
1231,1,R_7b6b1008b48c1115,6,R_7b6b1008b48c1115@6,F_proj,14,hold,1,0,F,,,,,,17,0,0,560,1225,17,17,1.0,0.0,0.0,3.673883709555859,0.6145414033194645,0.023270489863532383,14,1.0,1.0000;1.0000;1.0000;1.0000;0.9167,M1,M1,M1,1,M1:540;M2:19,559,19,hold,cause#0,1,1,16,1,0,16,1.0000:4/0/0/4;1.0000:10/1/0/10;1.0000:6/1/0/6;1.0000:15/1/0/15;0.9167:10/1/1/10
1232,1,R_7b6b1008b48c1115,6,R_7b6b1008b48c1115@6,F_proj,2,lift,1,0,F,,,,,,17,0,0,561,1226,17,17,1.0,0.0,0.0,1.9529484957769871,0.39058969915539743,0.046504295735792546,14,1.0,1.0000;1.0000;1.0000;0.9091;0.6667,M1,M1,M1,1,M1:541;M2:19,560,19,lift,require#1,1,1,16,1,0,16,1.0000:3/1/0/3;1.0000:6/1/0/6;1.0000:15/1/0/15;0.9091:10/0/1/10;0.6667:7/1/4/7
1233,1,R_0e5d236bf5b42b15,20,R_0e5d236bf5b42b15@20,F_proj,1,hold,1,0,F,,,,,,17,0,0,54,1213,17,17,1.0,0.0,0.0,0.24728553691994754,0.04458546060963813,0.023274130665931557,14,1.0,1.0000;1.0000;1.0000;0.8824;0.8750,M2,M2,M2,1,M2:53,53,0,hold,cause#0,1,1,16,1,0,16,1.0000:6/1/0/6;1.0000:11/1/0/11;1.0000:11/1/0/11;0.8824:14/1/2/14;0.8750:13/1/2/13
1236,1,R_7b6b1008b48c1115,6,R_7b6b1008b48c1115@6,F_proj,13,press,1,0,F,,,,,,17,0,0,563,1230,17,17,1.0,0.0,0.0,2.052170932780216,0.34202848879670267,0.023530798240100567,14,1.0,1.0000;1.0000;1.0000;1.0000;0.6471,M1,M1,M1,1,M1:543;M2:19,562,19,press,avert#1,1,1,16,1,0,16,1.0000:4/0/0/4;1.0000:10/1/0/10;1.0000:7/0/0/7;1.0000:15/1/0/15;0.6471:10/1/6/10
1238,1,R_0e5d236bf5b42b15,20,R_0e5d236bf5b42b15@20,F_proj,0,carry,1,1,F,,,,,,17,0,0,55,1218,17,17,1.0,0.0,0.0,0.27543852434336885,0.055087704868673766,0.04616048317515099,14,1.0,1.0000;1.0000;1.0000;0.7500;0.6471,M2,M2,M2,1,M2:54,54,0,carry,require#0,1,1,16,1,0,16,1.0000:6/1/0/6;1.0000:11/1/0/11;1.0000:11/1/0/11;0.7500:3/0/1/3;0.6471:10/1/6/10
1239,1,R_7b6b1008b48c1115,6,R_7b6b1008b48c1115@6,F_proj,13,press,1,1,F,,,,,,17,0,0,564,1233,17,17,1.0,0.0,0.0,2.0207280689728577,0.33678801149547627,0.0234717868338558,14,1.0,1.0000;1.0000;1.0000;1.0000;0.6471,M1,M1,M1,1,M1:544;M2:19,563,19,press,avert#1,1,1,16,1,0,16,1.0000:4/0/0/4;1.0000:10/1/0/10;1.0000:7/0/0/7;1.0000:15/1/0/15;0.6471:10/1/6/10
1241,1,R_cb63a1ebfc31098d,19,R_cb63a1ebfc31098d@19,F_proj,8,lift,1,0,F,,,,,,17,0,0,552,1222,17,17,1.0,0.0,0.0,1.4768480049138197,0.29536960098276394,0.04647160068846816,14,1.0,1.0000;1.0000;0.6667;0.6667;0.6471,M2,M2,M2,1,M1:16;M2:535,551,16,lift,require#1,1,1,16,1,0,16,1.0000:3/1/0/3;1.0000:15/1/0/15;0.6667:7/1/4/7;0.6667:7/1/4/7;0.6471:10/1/6/10
1242,1,R_cb63a1ebfc31098d,19,R_cb63a1ebfc31098d@19,F_proj,4,drag,1,0,F,,,,,,17,0,0,553,1223,17,17,1.0,0.0,0.0,3.1619510280281102,0.526991838004685,0.023021301543873364,14,1.0,1.0000;1.0000;0.6667;0.6471;0.5833,M2,M2,M2,1,M1:16;M2:536,552,16,drag,permit#1,1,1,16,1,0,16,1.0000:4/0/0/4;1.0000:15/1/0/15;0.6667:7/1/4/7;0.6471:10/1/6/10;0.5833:7/0/5/7
1243,1,R_7b6b1008b48c1115,6,R_7b6b1008b48c1115@6,F_proj,13,press,1,1,F,,,,,,17,0,0,566,1237,17,17,1.0,0.0,0.0,3.2004184719474122,0.533403078657902,0.023471978129271626,14,1.0,1.0000;1.0000;1.0000;1.0000;0.6471,M1,M1,M1,1,M1:546;M2:19,565,19,press,avert#1,1,1,16,1,0,16,1.0000:4/0/0/4;1.0000:10/1/0/10;1.0000:7/0/0/7;1.0000:15/1/0/15;0.6471:10/1/6/10
1244,1,R_cb63a1ebfc31098d,19,R_cb63a1ebfc31098d@19,F_proj,1,bend,1,1,F,,,,,,17,0,0,554,1225,17,17,1.0,0.0,0.0,2.5442257801166286,0.42403763001943806,0.023023491766174978,14,1.0,1.0000;1.0000;0.6667;0.6667;0.6471,M2,M2,M2,1,M1:16;M2:537,553,16,bend,hinder#1,1,1,16,1,0,16,1.0000:4/0/0/4;1.0000:15/1/0/15;0.6667:7/1/4/7;0.6667:8/0/4/8;0.6471:10/1/6/10
1246,1,R_7b6b1008b48c1115,6,R_7b6b1008b48c1115@6,F_proj,7,break,1,1,F,,,,,,17,0,0,568,1240,17,17,1.0,0.0,0.0,2.566653663222123,0.42777561053702057,0.022987610067793967,14,1.0,1.0000;1.0000;1.0000;1.0000;0.6667,M1,M1,M1,1,M1:548;M2:19,567,19,break,enable#0,1,1,16,1,0,16,1.0000:4/0/0/4;1.0000:11/0/0/11;1.0000:7/0/0/7;1.0000:15/1/0/15;0.6667:7/1/4/7
1247,1,R_cb63a1ebfc31098d,19,R_cb63a1ebfc31098d@19,F_proj,15,pull,1,1,F,,,,,,17,0,0,555,1228,17,17,1.0,0.0,0.0,2.6314706335451086,0.43857843892418474,0.02332009655065016,14,1.0,1.0000;1.0000;0.6667;0.6667;0.6471,M2,M2,M2,1,M1:16;M2:538,554,16,pull,permit#0,1,1,16,1,0,16,1.0000:4/0/0/4;1.0000:15/1/0/15;0.6667:8/0/4/8;0.6667:7/1/4/7;0.6471:10/1/6/10
1248,1,R_7b6b1008b48c1115,6,R_7b6b1008b48c1115@6,F_proj,12,push,1,0,F,,,,,,17,0,0,569,1242,17,17,1.0,0.0,0.0,0.8653109694065947,0.5493330623826571,0.04656138167107515,14,1.0,1.0000;1.0000;1.0000;0.7500;0.6364,M1,M1,M1,1,M1:549;M2:19,568,19,push,cause#1,1,1,16,1,0,16,1.0000:10/1/0/10;1.0000:6/1/0/6;1.0000:15/1/0/15;0.7500:3/0/1/3;0.6364:7/0/4/7
1250,1,R_0e5d236bf5b42b15,20,R_0e5d236bf5b42b15@20,F_proj,8,pull,1,0,F,,,,,,17,0,0,56,1230,17,17,1.0,0.0,0.0,0.7776659067242194,0.12961098445403657,0.023341618766506138,14,1.0,1.0000;1.0000;1.0000;0.7500;0.6471,M2,M2,M2,1,M2:55,55,0,pull,permit#0,1,1,16,1,0,16,1.0000:7/0/0/7;1.0000:12/0/0/12;1.0000:11/1/0/11;0.7500:3/0/1/3;0.6471:10/1/6/10
1251,1,R_7b6b1008b48c1115,6,R_7b6b1008b48c1115@6,F_proj,7,break,1,0,F,,,,,,17,0,0,571,1245,17,17,1.0,0.0,0.0,3.59436171247993,0.5990602854133217,0.022974231605091586,14,1.0,1.0000;1.0000;1.0000;1.0000;0.6667,M1,M1,M1,1,M1:550;M2:20,570,20,break,enable#0,1,1,16,1,0,16,1.0000:4/0/0/4;1.0000:11/0/0/11;1.0000:7/0/0/7;1.0000:15/1/0/15;0.6667:7/1/4/7
1253,1,R_cb63a1ebfc31098d,19,R_cb63a1ebfc31098d@19,F_proj,8,lift,1,0,F,,,,,,17,0,0,557,1234,17,17,1.0,0.0,0.0,1.433189081209437,0.2866378162418874,0.04645486245641224,14,1.0,1.0000;1.0000;0.6667;0.6667;0.6471,M2,M2,M2,1,M1:16;M2:540,556,16,lift,require#1,1,1,16,1,0,16,1.0000:3/1/0/3;1.0000:15/1/0/15;0.6667:7/1/4/7;0.6667:7/1/4/7;0.6471:10/1/6/10
1259,1,R_7b6b1008b48c1115,6,R_7b6b1008b48c1115@6,F_proj,12,push,1,1,F,,,,,,17,0,0,574,1253,17,17,1.0,0.0,0.0,0.8296247181359857,0.5188360802507405,0.046539425486793906,14,1.0,1.0000;1.0000;1.0000;0.7500;0.6364,M1,M1,M1,1,M1:553;M2:20,573,20,push,cause#1,1,1,16,1,0,16,1.0000:10/1/0/10;1.0000:6/1/0/6;1.0000:15/1/0/15;0.7500:3/0/1/3;0.6364:7/0/4/7
1260,1,R_0e5d236bf5b42b15,20,R_0e5d236bf5b42b15@20,F_proj,9,lift,1,1,F,,,,,,17,0,0,56,1240,17,17,1.0,0.0,0.0,0.7603004923773196,0.1520600984754639,0.046424718754815845,14,1.0,1.0000;1.0000;1.0000;0.7500;0.6471,M2,M2,M2,1,M2:55,55,0,lift,require#1,1,1,16,1,0,16,1.0000:6/1/0/6;1.0000:11/1/0/11;1.0000:11/1/0/11;0.7500:2/1/1/2;0.6471:10/1/6/10
1262,1,R_cb63a1ebfc31098d,19,R_cb63a1ebfc31098d@19,F_proj,1,bend,1,0,F,,,,,,17,0,0,562,1243,17,17,1.0,0.0,0.0,2.9200825649793565,0.4866804274965595,0.023040233864143396,14,1.0,1.0000;1.0000;0.6667;0.6667;0.6471,M2,M2,M2,1,M1:16;M2:545,561,16,bend,hinder#1,1,1,16,1,0,16,1.0000:4/0/0/4;1.0000:15/1/0/15;0.6667:7/1/4/7;0.6667:8/0/4/8;0.6471:10/1/6/10
1263,1,R_7b6b1008b48c1115,6,R_7b6b1008b48c1115@6,F_proj,15,turn,1,1,F,,,,,,17,0,0,576,1257,17,17,1.0,0.0,0.0,1.9846598758256149,0.3307766459709358,0.023445307095088016,14,1.0,1.0000;1.0000;1.0000;1.0000;0.6667,M1,M1,M1,1,M1:555;M2:20,575,20,turn,avert#0,1,1,16,1,0,16,1.0000:4/0/0/4;1.0000:10/1/0/10;1.0000:7/0/0/7;1.0000:15/1/0/15;0.6667:8/0/4/8
1264,1,R_cb63a1ebfc31098d,19,R_cb63a1ebfc31098d@19,F_proj,14,push,1,0,F,,,,,,17,0,0,563,1245,17,17,1.0,0.0,0.0,0.8612467179979493,0.3040750263290669,0.046547353867424535,14,1.0,1.0000;0.7500;0.5882;0.5833;0.5833,M2,M2,M2,1,M1:16;M2:546,562,16,push,cause#1,1,1,16,1,0,16,1.0000:15/1/0/15;0.7500:3/0/1/3;0.5882:10/0/7/10;0.5833:7/0/5/7;0.5833:7/0/5/7
1265,1,R_7b6b1008b48c1115,6,R_7b6b1008b48c1115@6,F_proj,14,hold,1,1,F,,,,,,17,0,0,577,1259,17,17,1.0,0.0,0.0,2.905006214119517,0.48634377043326343,0.02329418988410469,14,1.0,1.0000;1.0000;1.0000;1.0000;0.9167,M1,M1,M1,1,M1:556;M2:20,576,20,hold,cause#0,1,1,16,1,0,16,1.0000:4/0/0/4;1.0000:10/1/0/10;1.0000:6/1/0/6;1.0000:15/1/0/15;0.9167:10/1/1/10
1267,1,R_7b6b1008b48c1115,6,R_7b6b1008b48c1115@6,F_proj,2,lift,1,1,F,,,,,,17,0,0,578,1261,17,17,1.0,0.0,0.0,1.7598702240663446,0.35197404481326894,0.046438560864400937,14,1.0,1.0000;1.0000;1.0000;0.9091;0.6667,M1,M1,M1,1,M1:557;M2:20,577,20,lift,require#1,1,1,16,1,0,16,1.0000:3/1/0/3;1.0000:6/1/0/6;1.0000:15/1/0/15;0.9091:10/0/1/10;0.6667:7/1/4/7
1270,1,R_cb63a1ebfc31098d,19,R_cb63a1ebfc31098d@19,F_proj,0,hold_b,1,0,F,,,,,,17,0,0,566,1251,17,17,1.0,0.0,0.0,1.580084404232675,0.26116093090852044,0.023204250927023204,14,1.0,1.0000;1.0000;1.0000;0.9167;0.9167,M2,M2,M2,1,M1:16;M2:549,565,16,hold_b,cause#0,1,0,16,1,0,16,1.0000:4/0/0/4;1.0000:6/1/0/6;1.0000:15/1/0/15;0.9167:10/1/1/10;0.9167:10/1/1/10
1271,1,R_7b6b1008b48c1115,6,R_7b6b1008b48c1115@6,F_proj,13,press,1,1,F,,,,,,17,0,0,580,1265,17,17,1.0,0.0,0.0,2.654033215498587,0.4423388692497645,0.023493009397203758,14,1.0,1.0000;1.0000;1.0000;1.0000;0.6471,M1,M1,M1,1,M1:559;M2:20,579,20,press,avert#1,1,1,16,1,0,16,1.0000:4/0/0/4;1.0000:10/1/0/10;1.0000:7/0/0/7;1.0000:15/1/0/15;0.6471:10/1/6/10
1272,1,R_7b6b1008b48c1115,6,R_7b6b1008b48c1115@6,F_proj,14,hold,1,0,F,,,,,,17,0,0,581,1266,17,17,1.0,0.0,0.0,3.735770916533969,0.6247942446905956,0.023320610687022902,14,1.0,1.0000;1.0000;1.0000;1.0000;0.9167,M1,M1,M1,1,M1:560;M2:20,580,20,hold,cause#0,1,1,16,1,0,16,1.0000:4/0/0/4;1.0000:10/1/0/10;1.0000:6/1/0/6;1.0000:15/1/0/15;0.9167:10/1/1/10
1273,1,R_cb63a1ebfc31098d,19,R_cb63a1ebfc31098d@19,F_proj,14,push,1,1,F,,,,,,17,0,0,567,1254,17,17,1.0,0.0,0.0,0.8394469933357183,0.29849113042270725,0.046531141538578895,14,1.0,1.0000;0.7500;0.5882;0.5833;0.5833,M2,M2,M2,1,M1:16;M2:550,566,16,push,cause#1,1,1,16,1,0,16,1.0000:15/1/0/15;0.7500:3/0/1/3;0.5882:10/0/7/10;0.5833:7/0/5/7;0.5833:7/0/5/7
1274,1,R_7b6b1008b48c1115,6,R_7b6b1008b48c1115@6,F_proj,7,break,1,0,F,,,,,,17,0,0,582,1268,17,17,1.0,0.0,0.0,2.752677049475083,0.4587795082458472,0.022979307191036927,14,1.0,1.0000;1.0000;1.0000;1.0000;0.6667,M1,M1,M1,1,M1:561;M2:20,581,20,break,enable#0,1,1,16,1,0,16,1.0000:4/0/0/4;1.0000:11/0/0/11;1.0000:7/0/0/7;1.0000:15/1/0/15;0.6667:7/1/4/7
1275,1,R_cb63a1ebfc31098d,19,R_cb63a1ebfc31098d@19,F_proj,14,push,1,1,F,,,,,,17,0,0,568,1256,17,17,1.0,0.0,0.0,0.8348351975073649,0.5863824393348582,0.04653288145919805,14,1.0,1.0000;0.7500;0.5882;0.5833;0.5833,M2,M2,M2,1,M1:16;M2:551,567,16,push,cause#1,1,1,16,1,0,16,1.0000:15/1/0/15;0.7500:3/0/1/3;0.5882:10/0/7/10;0.5833:7/0/5/7;0.5833:7/0/5/7
1276,1,R_0e5d236bf5b42b15,20,R_0e5d236bf5b42b15@20,F_proj,2,bend,1,1,F,,,,,,17,0,0,56,1256,17,17,1.0,0.0,0.0,0.8357658031935429,0.13929430053225714,0.02301868127687098,14,1.0,1.0000;1.0000;1.0000;0.7500;0.6471,M2,M2,M2,1,M2:55,55,0,bend,hinder#1,1,1,16,1,0,16,1.0000:7/0/0/7;1.0000:11/1/0/11;1.0000:12/0/0/12;0.7500:3/0/1/3;0.6471:10/1/6/10
1277,1,R_7b6b1008b48c1115,6,R_7b6b1008b48c1115@6,F_proj,2,lift,1,1,F,,,,,,17,0,0,583,1271,17,17,1.0,0.0,0.0,2.347979758847552,0.46959595176951036,0.04645504656909333,14,1.0,1.0000;1.0000;1.0000;0.9091;0.6667,M1,M1,M1,1,M1:562;M2:20,582,20,lift,require#1,1,1,16,1,0,16,1.0000:3/1/0/3;1.0000:6/1/0/6;1.0000:15/1/0/15;0.9091:10/0/1/10;0.6667:7/1/4/7
1278,1,R_0e5d236bf5b42b15,20,R_0e5d236bf5b42b15@20,F_proj,16,push,1,0,F,,,,,,17,0,0,56,1258,17,17,1.0,0.0,0.0,0.16987131538845063,0.05960853154031872,0.04653017814411061,14,1.0,1.0000;1.0000;1.0000;0.5882;0.5625,M2,M2,M2,1,M2:55,55,0,push,cause#1,1,1,16,1,0,16,1.0000:6/1/0/6;1.0000:11/1/0/11;1.0000:11/1/0/11;0.5882:10/0/7/10;0.5625:9/0/7/9
1282,1,R_cb63a1ebfc31098d,19,R_cb63a1ebfc31098d@19,F_proj,4,drag,1,1,F,,,,,,17,0,0,571,1263,17,17,1.0,0.0,0.0,2.8113707608317324,0.46856179347195537,0.023022454466280436,14,1.0,1.0000;1.0000;0.6667;0.6471;0.5833,M2,M2,M2,1,M1:16;M2:554,570,16,drag,permit#1,1,1,16,1,0,16,1.0000:4/0/0/4;1.0000:15/1/0/15;0.6667:7/1/4/7;0.6471:10/1/6/10;0.5833:7/0/5/7
1283,1,R_7b6b1008b48c1115,6,R_7b6b1008b48c1115@6,F_proj,10,cut,1,0,F,,,,,,17,0,0,586,1277,17,17,1.0,0.0,0.0,1.877464521602853,0.3129107536004755,0.023116794672921947,14,1.0,1.0000;1.0000;1.0000;1.0000;0.6667,M1,M1,M1,1,M1:565;M2:20,585,20,cut,enable#1,1,1,16,1,0,16,1.0000:4/0/0/4;1.0000:10/1/0/10;1.0000:7/0/0/7;1.0000:15/1/0/15;0.6667:7/1/4/7
1284,1,R_cb63a1ebfc31098d,19,R_cb63a1ebfc31098d@19,F_proj,14,push,1,0,F,,,,,,17,0,0,572,1265,17,17,1.0,0.0,0.0,0.8150181399796862,0.5456221533239664,0.04650283553875236,14,1.0,1.0000;0.7500;0.5882;0.5833;0.5833,M2,M2,M2,1,M1:16;M2:555,571,16,push,cause#1,1,1,16,1,0,16,1.0000:15/1/0/15;0.7500:3/0/1/3;0.5882:10/0/7/10;0.5833:7/0/5/7;0.5833:7/0/5/7
1285,1,R_7b6b1008b48c1115,6,R_7b6b1008b48c1115@6,F_proj,12,push,1,1,F,,,,,,17,0,0,587,1279,17,17,1.0,0.0,0.0,0.7612172136867295,0.5438230658295421,0.046465943863095466,14,1.0,1.0000;1.0000;1.0000;0.7500;0.6364,M1,M1,M1,1,M1:566;M2:20,586,20,push,cause#1,1,1,16,1,0,16,1.0000:10/1/0/10;1.0000:6/1/0/6;1.0000:15/1/0/15;0.7500:3/0/1/3;0.6364:7/0/4/7
1286,1,R_8b0d2a6b7293001d,140,R_8b0d2a6b7293001d@140,F_proj,0,carry,1,0,F,,,,,,17,0,0,49,1146,17,17,1.0,0.0,0.0,0.48082442372861117,0.09616488474572223,0.046163137432529346,14,1.0,1.0000;1.0000;1.0000;0.7500;0.7273,M1,M1,M1,1,M1:48,48,0,carry,require#0,1,1,16,1,0,16,1.0000:10/1/0/10;1.0000:11/1/0/11;1.0000:15/1/0/15;0.7500:3/0/1/3;0.7273:8/0/3/8
1287,1,R_0e5d236bf5b42b15,20,R_0e5d236bf5b42b15@20,F_proj,9,lift,1,0,F,,,,,,17,0,0,57,1267,17,17,1.0,0.0,0.0,1.0603759322122484,0.21207518644244966,0.04646952323476162,14,1.0,1.0000;1.0000;1.0000;0.7500;0.6471,M2,M2,M2,1,M2:56,56,0,lift,require#1,1,1,16,1,0,16,1.0000:6/1/0/6;1.0000:11/1/0/11;1.0000:11/1/0/11;0.7500:2/1/1/2;0.6471:10/1/6/10
1289,1,R_7b6b1008b48c1115,6,R_7b6b1008b48c1115@6,F_proj,15,turn,1,0,F,,,,,,17,0,0,588,1283,17,17,1.0,0.0,0.0,2.274896157637108,0.3791493596061847,0.0234625089443754,14,1.0,1.0000;1.0000;1.0000;1.0000;0.6667,M1,M1,M1,1,M1:567;M2:20,587,20,turn,avert#0,1,1,16,1,0,16,1.0000:4/0/0/4;1.0000:10/1/0/10;1.0000:7/0/0/7;1.0000:15/1/0/15;0.6667:8/0/4/8
1293,1,R_7b6b1008b48c1115,6,R_7b6b1008b48c1115@6,F_proj,7,break,1,1,F,,,,,,17,0,0,590,1287,17,17,1.0,0.0,0.0,2.526614325693342,0.42110238761555707,0.022939740942369065,14,1.0,1.0000;1.0000;1.0000;1.0000;0.6667,M1,M1,M1,1,M1:569;M2:20,589,20,break,enable#0,1,1,16,1,0,16,1.0000:4/0/0/4;1.0000:11/0/0/11;1.0000:7/0/0/7;1.0000:15/1/0/15;0.6667:7/1/4/7
1294,1,R_8b0d2a6b7293001d,140,R_8b0d2a6b7293001d@140,F_proj,10,push,1,1,F,,,,,,17,0,0,50,1154,17,17,1.0,0.0,0.0,0.07208803143514482,0.07562429585145457,0.04648109243697479,14,1.0,1.0000;1.0000;1.0000;0.6364;0.5882,M1,M1,M1,1,M1:49,49,0,push,cause#1,1,1,16,1,0,16,1.0000:11/0/0/11;1.0000:11/1/0/11;1.0000:15/1/0/15;0.6364:7/0/4/7;0.5882:10/0/7/10
1295,1,R_cb63a1ebfc31098d,19,R_cb63a1ebfc31098d@19,F_proj,5,lock,1,1,F,,,,,,17,0,0,577,1276,17,17,1.0,0.0,0.0,1.7859946472958819,0.29766577454931364,0.023502511432641128,14,1.0,1.0000;1.0000;0.6667;0.6471;0.5833,M2,M2,M2,1,M1:16;M2:560,576,16,lock,hinder#0,1,1,16,1,0,16,1.0000:4/0/0/4;1.0000:15/1/0/15;0.6667:7/1/4/7;0.6471:10/1/6/10;0.5833:7/0/5/7
1296,1,R_cb63a1ebfc31098d,19,R_cb63a1ebfc31098d@19,F_proj,14,push,1,1,F,,,,,,17,0,0,578,1277,17,17,1.0,0.0,0.0,0.7907115972415071,0.4525145262229425,0.04647940074906367,14,1.0,1.0000;0.7500;0.5882;0.5833;0.5833,M2,M2,M2,1,M1:16;M2:561,577,16,push,cause#1,1,1,16,1,0,16,1.0000:15/1/0/15;0.7500:3/0/1/3;0.5882:10/0/7/10;0.5833:7/0/5/7;0.5833:7/0/5/7
1297,1,R_7b6b1008b48c1115,6,R_7b6b1008b48c1115@6,F_proj,7,break,1,1,F,,,,,,17,0,0,592,1291,17,17,1.0,0.0,0.0,3.7069503068299476,0.6178250511383246,0.02293989970810568,14,1.0,1.0000;1.0000;1.0000;1.0000;0.6667,M1,M1,M1,1,M1:571;M2:20,591,20,break,enable#0,1,1,16,1,0,16,1.0000:4/0/0/4;1.0000:11/0/0/11;1.0000:7/0/0/7;1.0000:15/1/0/15;0.6667:7/1/4/7
1299,1,R_8b0d2a6b7293001d,140,R_8b0d2a6b7293001d@140,F_proj,16,break,1,1,F,,,,,,17,0,0,50,1159,17,17,1.0,0.0,0.0,0.5439343529583888,0.0906557254930648,0.0229421215857714,14,1.0,1.0000;1.0000;1.0000;0.7500;0.7273,M1,M1,M1,1,M1:49,49,0,break,enable#0,1,1,16,1,0,16,1.0000:10/1/0/10;1.0000:11/1/0/11;1.0000:15/1/0/15;0.7500:3/0/1/3;0.7273:8/0/3/8
1302,1,R_cb63a1ebfc31098d,19,R_cb63a1ebfc31098d@19,F_proj,8,lift,1,0,F,,,,,,17,0,0,581,1283,17,17,1.0,0.0,0.0,1.2989169131365788,0.25978338262731576,0.04645093945720251,14,1.0,1.0000;1.0000;0.6667;0.6667;0.6471,M2,M2,M2,1,M1:16;M2:564,580,16,lift,require#1,1,1,16,1,0,16,1.0000:3/1/0/3;1.0000:15/1/0/15;0.6667:7/1/4/7;0.6667:7/1/4/7;0.6471:10/1/6/10
1304,1,R_7b6b1008b48c1115,6,R_7b6b1008b48c1115@6,F_proj,12,push,1,0,F,,,,,,17,0,0,595,1298,17,17,1.0,0.0,0.0,1.1715150929335698,0.5870293351881456,0.04649171784850177,14,1.0,1.0000;1.0000;1.0000;0.7500;0.6364,M1,M1,M1,1,M1:574;M2:20,594,20,push,cause#1,1,1,16,1,0,16,1.0000:10/1/0/10;1.0000:6/1/0/6;1.0000:15/1/0/15;0.7500:3/0/1/3;0.6364:7/0/4/7
1305,1,R_cb63a1ebfc31098d,19,R_cb63a1ebfc31098d@19,F_proj,1,bend,1,1,F,,,,,,17,0,0,582,1286,17,17,1.0,0.0,0.0,2.3761474481614884,0.39602457469358143,0.0230248474929326,14,1.0,1.0000;1.0000;0.6667;0.6667;0.6471,M2,M2,M2,1,M1:16;M2:565,581,16,bend,hinder#1,1,1,16,1,0,16,1.0000:4/0/0/4;1.0000:15/1/0/15;0.6667:7/1/4/7;0.6667:8/0/4/8;0.6471:10/1/6/10
1307,1,R_7b6b1008b48c1115,6,R_7b6b1008b48c1115@6,F_proj,12,push,1,0,F,,,,,,17,0,0,596,1301,17,17,1.0,0.0,0.0,1.131989158765209,0.5745024122642672,0.04646412123012925,14,1.0,1.0000;1.0000;1.0000;0.7500;0.6364,M1,M1,M1,1,M1:575;M2:20,595,20,push,cause#1,1,1,16,1,0,16,1.0000:10/1/0/10;1.0000:6/1/0/6;1.0000:15/1/0/15;0.7500:3/0/1/3;0.6364:7/0/4/7
1308,1,R_cb63a1ebfc31098d,19,R_cb63a1ebfc31098d@19,F_proj,15,pull,1,1,F,,,,,,17,0,0,584,1289,17,17,1.0,0.0,0.0,2.37122620746013,0.39520436791002167,0.02334558141261181,14,1.0,1.0000;1.0000;0.6667;0.6667;0.6471,M2,M2,M2,1,M1:16;M2:567,583,16,pull,permit#0,1,1,16,1,0,16,1.0000:4/0/0/4;1.0000:15/1/0/15;0.6667:8/0/4/8;0.6667:7/1/4/7;0.6471:10/1/6/10
1309,1,R_8b0d2a6b7293001d,140,R_8b0d2a6b7293001d@140,F_proj,9,hold_b,1,1,F,,,,,,17,0,0,51,1169,17,17,1.0,0.0,0.0,0.7960712648744486,0.13267854414574143,0.023254088936691023,14,1.0,1.0000;1.0000;1.0000;1.0000;0.9091,M1,M1,M1,1,M1:50,50,0,hold_b,cause#0,1,0,16,1,0,16,1.0000:6/1/0/6;1.0000:10/1/0/10;1.0000:11/1/0/11;1.0000:15/1/0/15;0.9091:9/1/1/9
1310,1,R_8b0d2a6b7293001d,140,R_8b0d2a6b7293001d@140,F_proj,7,cut,1,0,F,,,,,,17,0,0,51,1170,17,17,1.0,0.0,0.0,0.24614504557857442,0.04102417426309574,0.023124814705010377,14,1.0,1.0000;1.0000;1.0000;0.7500;0.7273,M1,M1,M1,1,M1:50,50,0,cut,enable#1,1,1,16,1,0,16,1.0000:10/1/0/10;1.0000:11/1/0/11;1.0000:15/1/0/15;0.7500:3/0/1/3;0.7273:7/1/3/7
1312,1,R_cb63a1ebfc31098d,19,R_cb63a1ebfc31098d@19,F_proj,15,pull,1,1,F,,,,,,17,0,0,586,1293,17,17,1.0,0.0,0.0,3.5561816675301134,0.5926969445883523,0.02334788721971435,14,1.0,1.0000;1.0000;0.6667;0.6667;0.6471,M2,M2,M2,1,M1:16;M2:569,585,16,pull,permit#0,1,1,16,1,0,16,1.0000:4/0/0/4;1.0000:15/1/0/15;0.6667:8/0/4/8;0.6667:7/1/4/7;0.6471:10/1/6/10
1314,1,R_8b0d2a6b7293001d,140,R_8b0d2a6b7293001d@140,F_proj,9,hold_b,1,1,F,,,,,,17,0,0,52,1174,17,17,1.0,0.0,0.0,1.8708454134389796,0.3118075689064966,0.023309937199852235,14,1.0,1.0000;1.0000;1.0000;1.0000;0.9091,M1,M1,M1,1,M1:51,51,0,hold_b,cause#0,1,0,16,1,0,16,1.0000:6/1/0/6;1.0000:10/1/0/10;1.0000:11/1/0/11;1.0000:15/1/0/15;0.9091:9/1/1/9
1315,1,R_cb63a1ebfc31098d,19,R_cb63a1ebfc31098d@19,F_proj,0,hold_b,1,0,F,,,,,,17,0,0,587,1296,17,17,1.0,0.0,0.0,1.3738606615046558,0.2268556182103638,0.023329641934293096,14,1.0,1.0000;1.0000;1.0000;0.9167;0.9167,M2,M2,M2,1,M1:16;M2:570,586,16,hold_b,cause#0,1,0,16,1,0,16,1.0000:4/0/0/4;1.0000:6/1/0/6;1.0000:15/1/0/15;0.9167:10/1/1/10;0.9167:10/1/1/10
1316,1,R_cb63a1ebfc31098d,19,R_cb63a1ebfc31098d@19,F_proj,8,lift,1,1,F,,,,,,17,0,0,588,1297,17,17,1.0,0.0,0.0,1.2686035082442897,0.25372070164885796,0.04644214098638828,14,1.0,1.0000;1.0000;0.6667;0.6667;0.6471,M2,M2,M2,1,M1:16;M2:571,587,16,lift,require#1,1,1,16,1,0,16,1.0000:3/1/0/3;1.0000:15/1/0/15;0.6667:7/1/4/7;0.6667:7/1/4/7;0.6471:10/1/6/10
1317,1,R_7b6b1008b48c1115,6,R_7b6b1008b48c1115@6,F_proj,14,hold,1,1,F,,,,,,17,0,0,599,1311,17,17,1.0,0.0,0.0,2.7810146057884966,0.4656039939052514,0.023148660105422242,14,1.0,1.0000;1.0000;1.0000;1.0000;0.9167,M1,M1,M1,1,M1:578;M2:20,598,20,hold,cause#0,1,1,16,1,0,16,1.0000:4/0/0/4;1.0000:10/1/0/10;1.0000:6/1/0/6;1.0000:15/1/0/15;0.9167:10/1/1/10
1318,1,R_7b6b1008b48c1115,6,R_7b6b1008b48c1115@6,F_proj,14,hold,1,0,F,,,,,,17,0,0,600,1312,17,17,1.0,0.0,0.0,5.234466579786463,0.8745112690263274,0.023167587476979744,14,1.0,1.0000;1.0000;1.0000;1.0000;0.9167,M1,M1,M1,1,M1:579;M2:20,599,20,hold,cause#0,1,1,16,1,0,16,1.0000:4/0/0/4;1.0000:10/1/0/10;1.0000:6/1/0/6;1.0000:15/1/0/15;0.9167:10/1/1/10
1319,1,R_0e5d236bf5b42b15,20,R_0e5d236bf5b42b15@20,F_proj,1,hold,1,0,F,,,,,,17,0,0,57,1299,17,17,1.0,0.0,0.0,0.2316873301932457,0.04179386961794781,0.023151385770547313,14,1.0,1.0000;1.0000;1.0000;0.8824;0.8750,M2,M2,M2,1,M2:56,56,0,hold,cause#0,1,1,16,1,0,16,1.0000:6/1/0/6;1.0000:11/1/0/11;1.0000:11/1/0/11;0.8824:14/1/2/14;0.8750:13/1/2/13
1320,1,R_cb63a1ebfc31098d,19,R_cb63a1ebfc31098d@19,F_proj,4,drag,1,1,F,,,,,,17,0,0,590,1301,17,17,1.0,0.0,0.0,2.9617180509628764,0.49361967516047944,0.023061644843313227,14,1.0,1.0000;1.0000;0.6667;0.6471;0.5833,M2,M2,M2,1,M1:16;M2:573,589,16,drag,permit#1,1,1,16,1,0,16,1.0000:4/0/0/4;1.0000:15/1/0/15;0.6667:7/1/4/7;0.6471:10/1/6/10;0.5833:7/0/5/7
1321,1,R_7b6b1008b48c1115,6,R_7b6b1008b48c1115@6,F_proj,15,turn,1,0,F,,,,,,17,0,0,601,1315,17,17,1.0,0.0,0.0,1.9848076886482369,0.33080128144137283,0.023448985592472802,14,1.0,1.0000;1.0000;1.0000;1.0000;0.6667,M1,M1,M1,1,M1:580;M2:20,600,20,turn,avert#0,1,1,16,1,0,16,1.0000:4/0/0/4;1.0000:10/1/0/10;1.0000:7/0/0/7;1.0000:15/1/0/15;0.6667:8/0/4/8
1322,1,R_7b6b1008b48c1115,6,R_7b6b1008b48c1115@6,F_proj,14,hold,1,0,F,,,,,,17,0,0,602,1316,17,17,1.0,0.0,0.0,3.8209374224100086,0.6389175438816906,0.02313709647801976,14,1.0,1.0000;1.0000;1.0000;1.0000;0.9167,M1,M1,M1,1,M1:581;M2:20,601,20,hold,cause#0,1,1,16,1,0,16,1.0000:4/0/0/4;1.0000:10/1/0/10;1.0000:6/1/0/6;1.0000:15/1/0/15;0.9167:10/1/1/10
1323,1,R_cb63a1ebfc31098d,19,R_cb63a1ebfc31098d@19,F_proj,0,hold_b,1,1,F,,,,,,17,0,0,591,1304,17,17,1.0,0.0,0.0,1.348040379185794,0.22256347686323136,0.023266908877389997,14,1.0,1.0000;1.0000;1.0000;0.9167;0.9167,M2,M2,M2,1,M1:16;M2:574,590,16,hold_b,cause#0,1,0,16,1,0,16,1.0000:4/0/0/4;1.0000:6/1/0/6;1.0000:15/1/0/15;0.9167:10/1/1/10;0.9167:10/1/1/10
1325,1,R_cb63a1ebfc31098d,19,R_cb63a1ebfc31098d@19,F_proj,8,lift,1,0,F,,,,,,17,0,0,592,1306,17,17,1.0,0.0,0.0,1.9172295851719863,0.3834459170343973,0.04646050124578631,14,1.0,1.0000;1.0000;0.6667;0.6667;0.6471,M2,M2,M2,1,M1:16;M2:575,591,16,lift,require#1,1,1,16,1,0,16,1.0000:3/1/0/3;1.0000:15/1/0/15;0.6667:7/1/4/7;0.6667:7/1/4/7;0.6471:10/1/6/10
1326,1,R_cb63a1ebfc31098d,19,R_cb63a1ebfc31098d@19,F_proj,14,push,1,0,F,,,,,,17,0,0,593,1307,17,17,1.0,0.0,0.0,0.7382998144054028,0.446696414578881,0.04646479440518472,14,1.0,1.0000;0.7500;0.5882;0.5833;0.5833,M2,M2,M2,1,M1:16;M2:576,592,16,push,cause#1,1,1,16,1,0,16,1.0000:15/1/0/15;0.7500:3/0/1/3;0.5882:10/0/7/10;0.5833:7/0/5/7;0.5833:7/0/5/7
1327,1,R_8b0d2a6b7293001d,140,R_8b0d2a6b7293001d@140,F_proj,0,carry,1,1,F,,,,,,17,0,0,53,1187,17,17,1.0,0.0,0.0,0.43188074636208496,0.08637614927241699,0.046064907979949506,14,1.0,1.0000;1.0000;1.0000;0.7500;0.7273,M1,M1,M1,1,M1:52,52,0,carry,require#0,1,1,16,1,0,16,1.0000:10/1/0/10;1.0000:11/1/0/11;1.0000:15/1/0/15;0.7500:3/0/1/3;0.7273:8/0/3/8
1329,1,R_7b6b1008b48c1115,6,R_7b6b1008b48c1115@6,F_proj,14,hold,1,0,F,,,,,,17,0,0,605,1323,17,17,1.0,0.0,0.0,3.367052742171624,0.563260479161976,0.023054439166971138,14,1.0,1.0000;1.0000;1.0000;1.0000;0.9167,M1,M1,M1,1,M1:584;M2:20,604,20,hold,cause#0,1,1,16,1,0,16,1.0000:4/0/0/4;1.0000:10/1/0/10;1.0000:6/1/0/6;1.0000:15/1/0/15;0.9167:10/1/1/10
1331,1,R_0e5d236bf5b42b15,20,R_0e5d236bf5b42b15@20,F_proj,6,drag,1,1,F,,,,,,17,0,0,57,1311,17,17,1.0,0.0,0.0,0.5005084369151666,0.08341807281919442,0.02305811959575322,14,1.0,1.0000;1.0000;0.9167;0.7500;0.6471,M2,M2,M2,1,M2:56,56,0,drag,permit#1,1,1,16,1,0,16,1.0000:7/0/0/7;1.0000:11/1/0/11;0.9167:11/0/1/11;0.7500:3/0/1/3;0.6471:10/1/6/10
1332,1,R_8b0d2a6b7293001d,140,R_8b0d2a6b7293001d@140,F_proj,0,carry,1,1,F,,,,,,17,0,0,53,1192,17,17,1.0,0.0,0.0,1.3309808762171211,0.26619617524342426,0.04600634318836353,14,1.0,1.0000;1.0000;1.0000;0.7500;0.7273,M1,M1,M1,1,M1:52,52,0,carry,require#0,1,1,16,1,0,16,1.0000:10/1/0/10;1.0000:11/1/0/11;1.0000:15/1/0/15;0.7500:3/0/1/3;0.7273:8/0/3/8
1333,1,R_cb63a1ebfc31098d,19,R_cb63a1ebfc31098d@19,F_proj,15,pull,1,1,F,,,,,,17,0,0,595,1314,17,17,1.0,0.0,0.0,3.1757594462987564,0.5292932410497928,0.02334899646668852,14,1.0,1.0000;1.0000;0.6667;0.6667;0.6471,M2,M2,M2,1,M1:16;M2:578,594,16,pull,permit#0,1,1,16,1,0,16,1.0000:4/0/0/4;1.0000:15/1/0/15;0.6667:8/0/4/8;0.6667:7/1/4/7;0.6471:10/1/6/10
1335,1,R_7b6b1008b48c1115,6,R_7b6b1008b48c1115@6,F_proj,10,cut,1,0,F,,,,,,17,0,0,608,1329,17,17,1.0,0.0,0.0,1.6572268284745935,0.27620447141243226,0.023096788273378677,14,1.0,1.0000;1.0000;1.0000;1.0000;0.6667,M1,M1,M1,1,M1:586;M2:21,607,21,cut,enable#1,1,1,16,1,0,16,1.0000:4/0/0/4;1.0000:10/1/0/10;1.0000:7/0/0/7;1.0000:15/1/0/15;0.6667:7/1/4/7
1336,1,R_cb63a1ebfc31098d,19,R_cb63a1ebfc31098d@19,F_proj,5,lock,1,0,F,,,,,,17,0,0,597,1317,17,17,1.0,0.0,0.0,2.0241342622331118,0.3373557103721853,0.023551646434542415,14,1.0,1.0000;1.0000;0.6667;0.6471;0.5833,M2,M2,M2,1,M1:16;M2:580,596,16,lock,hinder#0,1,1,16,1,0,16,1.0000:4/0/0/4;1.0000:15/1/0/15;0.6667:7/1/4/7;0.6471:10/1/6/10;0.5833:7/0/5/7
1337,1,R_7b6b1008b48c1115,6,R_7b6b1008b48c1115@6,F_proj,2,lift,1,1,F,,,,,,17,0,0,609,1331,17,17,1.0,0.0,0.0,1.9801676817790823,0.39603353635581645,0.046453346892819526,14,1.0,1.0000;1.0000;1.0000;0.9091;0.6667,M1,M1,M1,1,M1:587;M2:21,608,21,lift,require#1,1,1,16,1,0,16,1.0000:3/1/0/3;1.0000:6/1/0/6;1.0000:15/1/0/15;0.9091:10/0/1/10;0.6667:7/1/4/7
1339,1,R_8b0d2a6b7293001d,140,R_8b0d2a6b7293001d@140,F_proj,16,break,1,1,F,,,,,,17,0,0,54,1199,17,17,1.0,0.0,0.0,0.8692533120535266,0.14487555200892108,0.022993508142022993,14,1.0,1.0000;1.0000;1.0000;0.7500;0.7273,M1,M1,M1,1,M1:53,53,0,break,enable#0,1,1,16,1,0,16,1.0000:10/1/0/10;1.0000:11/1/0/11;1.0000:15/1/0/15;0.7500:3/0/1/3;0.7273:8/0/3/8
1340,1,R_cb63a1ebfc31098d,19,R_cb63a1ebfc31098d@19,F_proj,8,lift,1,1,F,,,,,,17,0,0,599,1321,17,17,1.0,0.0,0.0,1.619644123927023,0.32392882478540463,0.04645937522649851,14,1.0,1.0000;1.0000;0.6667;0.6667;0.6471,M2,M2,M2,1,M1:16;M2:582,598,16,lift,require#1,1,1,16,1,0,16,1.0000:3/1/0/3;1.0000:15/1/0/15;0.6667:7/1/4/7;0.6667:7/1/4/7;0.6471:10/1/6/10
1341,1,R_7b6b1008b48c1115,6,R_7b6b1008b48c1115@6,F_proj,7,break,1,1,F,,,,,,17,0,0,610,1335,17,17,1.0,0.0,0.0,2.870979216873745,0.4784965361456242,0.022993083970018466,14,1.0,1.0000;1.0000;1.0000;1.0000;0.6667,M1,M1,M1,1,M1:588;M2:21,609,21,break,enable#0,1,1,16,1,0,16,1.0000:4/0/0/4;1.0000:11/0/0/11;1.0000:7/0/0/7;1.0000:15/1/0/15;0.6667:7/1/4/7
1342,1,R_cb63a1ebfc31098d,19,R_cb63a1ebfc31098d@19,F_proj,14,push,1,0,F,,,,,,17,0,0,600,1323,17,17,1.0,0.0,0.0,0.714167080597922,0.41085795164319205,0.046456094648865735,14,1.0,1.0000;0.7500;0.5882;0.5833;0.5833,M2,M2,M2,1,M1:16;M2:583,599,16,push,cause#1,1,1,16,1,0,16,1.0000:15/1/0/15;0.7500:3/0/1/3;0.5882:10/0/7/10;0.5833:7/0/5/7;0.5833:7/0/5/7
1344,1,R_0e5d236bf5b42b15,20,R_0e5d236bf5b42b15@20,F_proj,1,hold,1,0,F,,,,,,17,0,0,57,1324,17,17,1.0,0.0,0.0,0.22750229618192086,0.04104428609726772,0.023012174415664173,14,1.0,1.0000;1.0000;1.0000;0.8824;0.8750,M2,M2,M2,1,M2:56,56,0,hold,cause#0,1,1,16,1,0,16,1.0000:6/1/0/6;1.0000:11/1/0/11;1.0000:11/1/0/11;0.8824:14/1/2/14;0.8750:13/1/2/13
1346,1,R_7b6b1008b48c1115,6,R_7b6b1008b48c1115@6,F_proj,15,turn,1,1,F,,,,,,17,0,0,613,1340,17,17,1.0,0.0,0.0,1.8558485563135936,0.3093080927189322,0.023449619394639055,14,1.0,1.0000;1.0000;1.0000;1.0000;0.6667,M1,M1,M1,1,M1:591;M2:21,612,21,turn,avert#0,1,1,16,1,0,16,1.0000:4/0/0/4;1.0000:10/1/0/10;1.0000:7/0/0/7;1.0000:15/1/0/15;0.6667:8/0/4/8
1348,1,R_0e5d236bf5b42b15,20,R_0e5d236bf5b42b15@20,F_proj,8,pull,1,0,F,,,,,,17,0,0,57,1328,17,17,1.0,0.0,0.0,0.6485291997391363,0.1080881999565227,0.0233764362640925,14,1.0,1.0000;1.0000;1.0000;0.7500;0.6471,M2,M2,M2,1,M2:56,56,0,pull,permit#0,1,1,16,1,0,16,1.0000:7/0/0/7;1.0000:12/0/0/12;1.0000:11/1/0/11;0.7500:3/0/1/3;0.6471:10/1/6/10
1349,1,R_8b0d2a6b7293001d,140,R_8b0d2a6b7293001d@140,F_proj,2,lift,1,0,F,,,,,,17,0,0,55,1209,17,17,1.0,0.0,0.0,0.49731345330461546,0.0994626906609231,0.04646559170745753,14,1.0,1.0000;1.0000;1.0000;0.7500;0.6471,M1,M1,M1,1,M1:54,54,0,lift,require#1,1,1,16,1,0,16,1.0000:10/1/0/10;1.0000:11/1/0/11;1.0000:15/1/0/15;0.7500:2/1/1/2;0.6471:10/1/6/10
1350,1,R_0e5d236bf5b42b15,20,R_0e5d236bf5b42b15@20,F_proj,2,bend,1,1,F,,,,,,17,0,0,58,1330,17,17,1.0,0.0,0.0,0.902347221536152,0.15039120358935867,0.023090202848511005,14,1.0,1.0000;1.0000;1.0000;0.7500;0.6471,M2,M2,M2,1,M2:57,57,0,bend,hinder#1,1,1,16,1,0,16,1.0000:7/0/0/7;1.0000:11/1/0/11;1.0000:12/0/0/12;0.7500:3/0/1/3;0.6471:10/1/6/10
1351,1,R_8b0d2a6b7293001d,140,R_8b0d2a6b7293001d@140,F_proj,10,push,1,0,F,,,,,,17,0,0,55,1211,17,17,1.0,0.0,0.0,0.06632488751080258,0.11763639280339759,0.04643139509810968,14,1.0,1.0000;1.0000;1.0000;0.6364;0.5882,M1,M1,M1,1,M1:54,54,0,push,cause#1,1,1,16,1,0,16,1.0000:11/0/0/11;1.0000:11/1/0/11;1.0000:15/1/0/15;0.6364:7/0/4/7;0.5882:10/0/7/10
1352,1,R_cb63a1ebfc31098d,19,R_cb63a1ebfc31098d@19,F_proj,14,push,1,1,F,,,,,,17,0,0,603,1333,17,17,1.0,0.0,0.0,0.7001694929800152,0.3944699298431717,0.0463980463980464,14,1.0,1.0000;0.7500;0.5882;0.5833;0.5833,M2,M2,M2,1,M1:16;M2:586,602,16,push,cause#1,1,1,16,1,0,16,1.0000:15/1/0/15;0.7500:3/0/1/3;0.5882:10/0/7/10;0.5833:7/0/5/7;0.5833:7/0/5/7
1353,1,R_7b6b1008b48c1115,6,R_7b6b1008b48c1115@6,F_proj,15,turn,1,1,F,,,,,,17,0,0,615,1347,17,17,1.0,0.0,0.0,2.7381138771507447,0.4563523128584574,0.023433574965908276,14,1.0,1.0000;1.0000;1.0000;1.0000;0.6667,M1,M1,M1,1,M1:593;M2:21,614,21,turn,avert#0,1,1,16,1,0,16,1.0000:4/0/0/4;1.0000:10/1/0/10;1.0000:7/0/0/7;1.0000:15/1/0/15;0.6667:8/0/4/8
1354,1,R_7b6b1008b48c1115,6,R_7b6b1008b48c1115@6,F_proj,15,turn,1,0,F,,,,,,17,0,0,616,1348,17,17,1.0,0.0,0.0,5.13578094657349,0.8559634910955817,0.02345094664371773,14,1.0,1.0000;1.0000;1.0000;1.0000;0.6667,M1,M1,M1,1,M1:594;M2:21,615,21,turn,avert#0,1,1,16,1,0,16,1.0000:4/0/0/4;1.0000:10/1/0/10;1.0000:7/0/0/7;1.0000:15/1/0/15;0.6667:8/0/4/8
1355,1,R_cb63a1ebfc31098d,19,R_cb63a1ebfc31098d@19,F_proj,4,drag,1,1,F,,,,,,17,0,0,604,1336,17,17,1.0,0.0,0.0,3.0789616027307924,0.5131602671217987,0.023076647436127137,14,1.0,1.0000;1.0000;0.6667;0.6471;0.5833,M2,M2,M2,1,M1:16;M2:587,603,16,drag,permit#1,1,1,16,1,0,16,1.0000:4/0/0/4;1.0000:15/1/0/15;0.6667:7/1/4/7;0.6471:10/1/6/10;0.5833:7/0/5/7
1357,1,R_cb63a1ebfc31098d,19,R_cb63a1ebfc31098d@19,F_proj,1,bend,1,1,F,,,,,,17,0,0,605,1338,17,17,1.0,0.0,0.0,2.390133211997334,0.39835553533288903,0.023078574495491628,14,1.0,1.0000;1.0000;0.6667;0.6667;0.6471,M2,M2,M2,1,M1:16;M2:588,604,16,bend,hinder#1,1,1,16,1,0,16,1.0000:4/0/0/4;1.0000:15/1/0/15;0.6667:7/1/4/7;0.6667:8/0/4/8;0.6471:10/1/6/10
1359,1,R_7b6b1008b48c1115,6,R_7b6b1008b48c1115@6,F_proj,10,cut,1,0,F,,,,,,17,0,0,618,1353,17,17,1.0,0.0,0.0,1.5829297009178875,0.2638216168196479,0.02307802229208345,14,1.0,1.0000;1.0000;1.0000;1.0000;0.6667,M1,M1,M1,1,M1:596;M2:21,617,21,cut,enable#1,1,1,16,1,0,16,1.0000:4/0/0/4;1.0000:10/1/0/10;1.0000:7/0/0/7;1.0000:15/1/0/15;0.6667:7/1/4/7
1361,1,R_0e5d236bf5b42b15,20,R_0e5d236bf5b42b15@20,F_proj,16,push,1,1,F,,,,,,17,0,0,59,1341,17,17,1.0,0.0,0.0,0.15660404275569753,0.05522932471919084,0.046407933223942356,14,1.0,1.0000;1.0000;1.0000;0.5882;0.5625,M2,M2,M2,1,M2:58,58,0,push,cause#1,1,1,16,1,0,16,1.0000:6/1/0/6;1.0000:11/1/0/11;1.0000:11/1/0/11;0.5882:10/0/7/10;0.5625:9/0/7/9
1362,1,R_cb63a1ebfc31098d,19,R_cb63a1ebfc31098d@19,F_proj,1,bend,1,1,F,,,,,,17,0,0,608,1343,17,17,1.0,0.0,0.0,3.437412437799719,0.5729020729666198,0.02309831040136879,14,1.0,1.0000;1.0000;0.6667;0.6667;0.6471,M2,M2,M2,1,M1:16;M2:591,607,16,bend,hinder#1,1,1,16,1,0,16,1.0000:4/0/0/4;1.0000:15/1/0/15;0.6667:7/1/4/7;0.6667:8/0/4/8;0.6471:10/1/6/10
1365,1,R_7b6b1008b48c1115,6,R_7b6b1008b48c1115@6,F_proj,12,push,1,0,F,,,,,,17,0,0,621,1359,17,17,1.0,0.0,0.0,0.8310496238036338,0.45575667441314754,0.046411551319439505,14,1.0,1.0000;1.0000;1.0000;0.7500;0.6364,M1,M1,M1,1,M1:599;M2:21,620,21,push,cause#1,1,1,16,1,0,16,1.0000:10/1/0/10;1.0000:6/1/0/6;1.0000:15/1/0/15;0.7500:3/0/1/3;0.6364:7/0/4/7
1366,1,R_cb63a1ebfc31098d,19,R_cb63a1ebfc31098d@19,F_proj,4,drag,1,1,F,,,,,,17,0,0,610,1347,17,17,1.0,0.0,0.0,3.6818082173326103,0.6136347028887683,0.023100433577368684,14,1.0,1.0000;1.0000;0.6667;0.6471;0.5833,M2,M2,M2,1,M1:16;M2:593,609,16,drag,permit#1,1,1,16,1,0,16,1.0000:4/0/0/4;1.0000:15/1/0/15;0.6667:7/1/4/7;0.6471:10/1/6/10;0.5833:7/0/5/7
1367,1,R_7b6b1008b48c1115,6,R_7b6b1008b48c1115@6,F_proj,14,hold,1,1,F,,,,,,17,0,0,622,1361,17,17,1.0,0.0,0.0,2.7558364882025104,0.46134025732973494,0.023048511968179558,14,1.0,1.0000;1.0000;1.0000;1.0000;0.9167,M1,M1,M1,1,M1:600;M2:21,621,21,hold,cause#0,1,1,16,1,0,16,1.0000:4/0/0/4;1.0000:10/1/0/10;1.0000:6/1/0/6;1.0000:15/1/0/15;0.9167:10/1/1/10
1368,1,R_cb63a1ebfc31098d,19,R_cb63a1ebfc31098d@19,F_proj,15,pull,1,1,F,,,,,,17,0,0,611,1349,17,17,1.0,0.0,0.0,2.9961938664767263,0.49936564441278775,0.023351550855277167,14,1.0,1.0000;1.0000;0.6667;0.6667;0.6471,M2,M2,M2,1,M1:16;M2:594,610,16,pull,permit#0,1,1,16,1,0,16,1.0000:4/0/0/4;1.0000:15/1/0/15;0.6667:8/0/4/8;0.6667:7/1/4/7;0.6471:10/1/6/10
1369,1,R_8b0d2a6b7293001d,140,R_8b0d2a6b7293001d@140,F_proj,10,push,1,0,F,,,,,,17,0,0,56,1229,17,17,1.0,0.0,0.0,0.06470840928031288,0.10862012831959095,0.04638297872340426,14,1.0,1.0000;1.0000;1.0000;0.6364;0.5882,M1,M1,M1,1,M1:55,55,0,push,cause#1,1,1,16,1,0,16,1.0000:11/0/0/11;1.0000:11/1/0/11;1.0000:15/1/0/15;0.6364:7/0/4/7;0.5882:10/0/7/10
1370,1,R_7b6b1008b48c1115,6,R_7b6b1008b48c1115@6,F_proj,2,lift,1,1,F,,,,,,17,0,0,624,1364,17,17,1.0,0.0,0.0,2.136021711916879,0.4272043423833758,0.04645806017222439,14,1.0,1.0000;1.0000;1.0000;0.9091;0.6667,M1,M1,M1,1,M1:602;M2:21,623,21,lift,require#1,1,1,16,1,0,16,1.0000:3/1/0/3;1.0000:6/1/0/6;1.0000:15/1/0/15;0.9091:10/0/1/10;0.6667:7/1/4/7
1371,1,R_cb63a1ebfc31098d,19,R_cb63a1ebfc31098d@19,F_proj,1,bend,1,0,F,,,,,,17,0,0,612,1352,17,17,1.0,0.0,0.0,3.726713914211105,0.6211189857018508,0.023087818696883852,14,1.0,1.0000;1.0000;0.6667;0.6667;0.6471,M2,M2,M2,1,M1:16;M2:595,611,16,bend,hinder#1,1,1,16,1,0,16,1.0000:4/0/0/4;1.0000:15/1/0/15;0.6667:7/1/4/7;0.6667:8/0/4/8;0.6471:10/1/6/10
1373,1,R_0e5d236bf5b42b15,20,R_0e5d236bf5b42b15@20,F_proj,2,bend,1,1,F,,,,,,17,0,0,59,1353,17,17,1.0,0.0,0.0,1.3217824051754732,0.22029706752924552,0.023056793266850555,14,1.0,1.0000;1.0000;1.0000;0.7500;0.6471,M2,M2,M2,1,M2:58,58,0,bend,hinder#1,1,1,16,1,0,16,1.0000:7/0/0/7;1.0000:11/1/0/11;1.0000:12/0/0/12;0.7500:3/0/1/3;0.6471:10/1/6/10
1375,1,R_cb63a1ebfc31098d,19,R_cb63a1ebfc31098d@19,F_proj,8,lift,1,1,F,,,,,,17,0,0,613,1356,17,17,1.0,0.0,0.0,1.731321111212955,0.346264222242591,0.04647056746354038,14,1.0,1.0000;1.0000;0.6667;0.6667;0.6471,M2,M2,M2,1,M1:16;M2:596,612,16,lift,require#1,1,1,16,1,0,16,1.0000:3/1/0/3;1.0000:15/1/0/15;0.6667:7/1/4/7;0.6667:7/1/4/7;0.6471:10/1/6/10
1378,1,R_7b6b1008b48c1115,6,R_7b6b1008b48c1115@6,F_proj,10,cut,1,1,F,,,,,,17,0,0,628,1372,17,17,1.0,0.0,0.0,1.5314630871640147,0.2552438478606691,0.023078007187654147,14,1.0,1.0000;1.0000;1.0000;1.0000;0.6667,M1,M1,M1,1,M1:605;M2:22,627,22,cut,enable#1,1,1,16,1,0,16,1.0000:4/0/0/4;1.0000:10/1/0/10;1.0000:7/0/0/7;1.0000:15/1/0/15;0.6667:7/1/4/7
1379,1,R_cb63a1ebfc31098d,19,R_cb63a1ebfc31098d@19,F_proj,14,push,1,1,F,,,,,,17,0,0,615,1360,17,17,1.0,0.0,0.0,1.0392547352226813,0.4363657123043298,0.046369973945496794,14,1.0,1.0000;0.7500;0.5882;0.5833;0.5833,M2,M2,M2,1,M1:16;M2:598,614,16,push,cause#1,1,1,16,1,0,16,1.0000:15/1/0/15;0.7500:3/0/1/3;0.5882:10/0/7/10;0.5833:7/0/5/7;0.5833:7/0/5/7
1380,1,R_8b0d2a6b7293001d,140,R_8b0d2a6b7293001d@140,F_proj,2,lift,1,0,F,,,,,,17,0,0,57,1240,17,17,1.0,0.0,0.0,0.47173243271859144,0.0943464865437183,0.04647644513246314,14,1.0,1.0000;1.0000;1.0000;0.7500;0.6471,M1,M1,M1,1,M1:56,56,0,lift,require#1,1,1,16,1,0,16,1.0000:10/1/0/10;1.0000:11/1/0/11;1.0000:15/1/0/15;0.7500:2/1/1/2;0.6471:10/1/6/10
1382,1,R_7b6b1008b48c1115,6,R_7b6b1008b48c1115@6,F_proj,12,push,1,1,F,,,,,,17,0,0,629,1376,17,17,1.0,0.0,0.0,0.7889873525609299,0.43593638672763774,0.04637110939366262,14,1.0,1.0000;1.0000;1.0000;0.7500;0.6364,M1,M1,M1,1,M1:606;M2:22,628,22,push,cause#1,1,1,16,1,0,16,1.0000:10/1/0/10;1.0000:6/1/0/6;1.0000:15/1/0/15;0.7500:3/0/1/3;0.6364:7/0/4/7
1383,1,R_cb63a1ebfc31098d,19,R_cb63a1ebfc31098d@19,F_proj,14,push,1,1,F,,,,,,17,0,0,617,1364,17,17,1.0,0.0,0.0,2.0218052142254677,0.6298830030366579,0.04637202934671956,14,1.0,1.0000;0.7500;0.5882;0.5833;0.5833,M2,M2,M2,1,M1:16;M2:600,616,16,push,cause#1,1,1,16,1,0,16,1.0000:15/1/0/15;0.7500:3/0/1/3;0.5882:10/0/7/10;0.5833:7/0/5/7;0.5833:7/0/5/7
1385,1,R_cb63a1ebfc31098d,19,R_cb63a1ebfc31098d@19,F_proj,5,lock,1,0,F,,,,,,17,0,0,618,1366,17,17,1.0,0.0,0.0,1.7812558603398867,0.29687597672331445,0.02351992709173122,14,1.0,1.0000;1.0000;0.6667;0.6471;0.5833,M2,M2,M2,1,M1:16;M2:601,617,16,lock,hinder#0,1,1,16,1,0,16,1.0000:4/0/0/4;1.0000:15/1/0/15;0.6667:7/1/4/7;0.6471:10/1/6/10;0.5833:7/0/5/7
1386,1,R_0e5d236bf5b42b15,20,R_0e5d236bf5b42b15@20,F_proj,16,push,1,0,F,,,,,,17,0,0,59,1366,17,17,1.0,0.0,0.0,0.5421875788035626,0.13186973721179532,0.046376405478300464,14,1.0,1.0000;1.0000;1.0000;0.5882;0.5625,M2,M2,M2,1,M2:58,58,0,push,cause#1,1,1,16,1,0,16,1.0000:6/1/0/6;1.0000:11/1/0/11;1.0000:11/1/0/11;0.5882:10/0/7/10;0.5625:9/0/7/9
1387,1,R_7b6b1008b48c1115,6,R_7b6b1008b48c1115@6,F_proj,14,hold,1,1,F,,,,,,17,0,0,631,1381,17,17,1.0,0.0,0.0,3.12844046483108,0.5234150489244248,0.023030345455181827,14,1.0,1.0000;1.0000;1.0000;1.0000;0.9167,M1,M1,M1,1,M1:608;M2:22,630,22,hold,cause#0,1,1,16,1,0,16,1.0000:4/0/0/4;1.0000:10/1/0/10;1.0000:6/1/0/6;1.0000:15/1/0/15;0.9167:10/1/1/10
1388,1,R_0e5d236bf5b42b15,20,R_0e5d236bf5b42b15@20,F_proj,2,bend,1,1,F,,,,,,17,0,0,59,1368,17,17,1.0,0.0,0.0,1.782876461552206,0.29714607692536765,0.023084187331677802,14,1.0,1.0000;1.0000;1.0000;0.7500;0.6471,M2,M2,M2,1,M2:58,58,0,bend,hinder#1,1,1,16,1,0,16,1.0000:7/0/0/7;1.0000:11/1/0/11;1.0000:12/0/0/12;0.7500:3/0/1/3;0.6471:10/1/6/10
1389,1,R_7b6b1008b48c1115,6,R_7b6b1008b48c1115@6,F_proj,7,break,1,0,F,,,,,,17,0,0,632,1383,17,17,1.0,0.0,0.0,2.7701944051619285,0.46169906752698814,0.02303309915766663,14,1.0,1.0000;1.0000;1.0000;1.0000;0.6667,M1,M1,M1,1,M1:609;M2:22,631,22,break,enable#0,1,1,16,1,0,16,1.0000:4/0/0/4;1.0000:11/0/0/11;1.0000:7/0/0/7;1.0000:15/1/0/15;0.6667:7/1/4/7
1390,1,R_8b0d2a6b7293001d,140,R_8b0d2a6b7293001d@140,F_proj,0,carry,1,1,F,,,,,,17,0,0,58,1250,17,17,1.0,0.0,0.0,0.8607907907505815,0.1721581581501163,0.045965770171149146,14,1.0,1.0000;1.0000;1.0000;0.7500;0.7273,M1,M1,M1,1,M1:57,57,0,carry,require#0,1,1,16,1,0,16,1.0000:10/1/0/10;1.0000:11/1/0/11;1.0000:15/1/0/15;0.7500:3/0/1/3;0.7273:8/0/3/8
1391,1,R_cb63a1ebfc31098d,19,R_cb63a1ebfc31098d@19,F_proj,0,hold_b,1,1,F,,,,,,17,0,0,620,1372,17,17,1.0,0.0,0.0,1.4550530633724352,0.2404902605614205,0.023350785340314137,14,1.0,1.0000;1.0000;1.0000;0.9167;0.9167,M2,M2,M2,1,M1:16;M2:603,619,16,hold_b,cause#0,1,0,16,1,0,16,1.0000:4/0/0/4;1.0000:6/1/0/6;1.0000:15/1/0/15;0.9167:10/1/1/10;0.9167:10/1/1/10
1392,1,R_cb63a1ebfc31098d,19,R_cb63a1ebfc31098d@19,F_proj,5,lock,1,1,F,,,,,,17,0,0,621,1373,17,17,1.0,0.0,0.0,1.7567658042048233,0.29279430070080387,0.02350889431461458,14,1.0,1.0000;1.0000;0.6667;0.6471;0.5833,M2,M2,M2,1,M1:16;M2:604,620,16,lock,hinder#0,1,1,16,1,0,16,1.0000:4/0/0/4;1.0000:15/1/0/15;0.6667:7/1/4/7;0.6471:10/1/6/10;0.5833:7/0/5/7
1394,1,R_8b0d2a6b7293001d,140,R_8b0d2a6b7293001d@140,F_proj,10,push,1,1,F,,,,,,17,0,0,58,1254,17,17,1.0,0.0,0.0,0.06260005870519432,0.09974249022104606,0.046358538539235834,14,1.0,1.0000;1.0000;1.0000;0.6364;0.5882,M1,M1,M1,1,M1:57,57,0,push,cause#1,1,1,16,1,0,16,1.0000:11/0/0/11;1.0000:11/1/0/11;1.0000:15/1/0/15;0.6364:7/0/4/7;0.5882:10/0/7/10
1395,1,R_0e5d236bf5b42b15,20,R_0e5d236bf5b42b15@20,F_proj,2,bend,1,0,F,,,,,,17,0,0,60,1375,17,17,1.0,0.0,0.0,2.5344676930661962,0.4224112821776994,0.02307451362544809,14,1.0,1.0000;1.0000;1.0000;0.7500;0.6471,M2,M2,M2,1,M2:59,59,0,bend,hinder#1,1,1,16,1,0,16,1.0000:7/0/0/7;1.0000:11/1/0/11;1.0000:12/0/0/12;0.7500:3/0/1/3;0.6471:10/1/6/10
1397,1,R_0e5d236bf5b42b15,20,R_0e5d236bf5b42b15@20,F_proj,8,pull,1,0,F,,,,,,17,0,0,61,1377,17,17,1.0,0.0,0.0,0.6030686511316142,0.10051144185526904,0.02335522886038995,14,1.0,1.0000;1.0000;1.0000;0.7500;0.6471,M2,M2,M2,1,M2:60,60,0,pull,permit#0,1,1,16,1,0,16,1.0000:7/0/0/7;1.0000:12/0/0/12;1.0000:11/1/0/11;0.7500:3/0/1/3;0.6471:10/1/6/10
1398,1,R_7b6b1008b48c1115,6,R_7b6b1008b48c1115@6,F_proj,10,cut,1,0,F,,,,,,17,0,0,635,1392,17,17,1.0,0.0,0.0,2.008665001052426,0.3347775001754043,0.02309669352597944,14,1.0,1.0000;1.0000;1.0000;1.0000;0.6667,M1,M1,M1,1,M1:612;M2:22,634,22,cut,enable#1,1,1,16,1,0,16,1.0000:4/0/0/4;1.0000:10/1/0/10;1.0000:7/0/0/7;1.0000:15/1/0/15;0.6667:7/1/4/7
1399,1,R_cb63a1ebfc31098d,19,R_cb63a1ebfc31098d@19,F_proj,0,hold_b,1,0,F,,,,,,17,0,0,622,1380,17,17,1.0,0.0,0.0,2.274492627346704,0.37707379830937876,0.023357512234061014,14,1.0,1.0000;1.0000;1.0000;0.9167;0.9167,M2,M2,M2,1,M1:16;M2:605,621,16,hold_b,cause#0,1,0,16,1,0,16,1.0000:4/0/0/4;1.0000:6/1/0/6;1.0000:15/1/0/15;0.9167:10/1/1/10;0.9167:10/1/1/10
1400,1,R_8b0d2a6b7293001d,140,R_8b0d2a6b7293001d@140,F_proj,6,press,1,0,F,,,,,,17,0,0,60,1260,17,17,1.0,0.0,0.0,0.3139839796646478,0.052330663277441306,0.023584087677314187,14,1.0,1.0000;0.9167;0.9091;0.7500;0.7273,M1,M1,M1,1,M1:59,59,0,press,avert#1,1,1,16,1,0,16,1.0000:15/1/0/15;0.9167:11/0/1/11;0.9091:10/0/1/10;0.7500:3/0/1/3;0.7273:7/1/3/7
1401,1,R_cb63a1ebfc31098d,19,R_cb63a1ebfc31098d@19,F_proj,4,drag,1,1,F,,,,,,17,0,0,623,1382,17,17,1.0,0.0,0.0,3.4261814639511257,0.5710302439918542,0.02311798142243172,14,1.0,1.0000;1.0000;0.6667;0.6471;0.5833,M2,M2,M2,1,M1:16;M2:606,622,16,drag,permit#1,1,1,16,1,0,16,1.0000:4/0/0/4;1.0000:15/1/0/15;0.6667:7/1/4/7;0.6471:10/1/6/10;0.5833:7/0/5/7
1402,1,R_7b6b1008b48c1115,6,R_7b6b1008b48c1115@6,F_proj,15,turn,1,0,F,,,,,,17,0,0,636,1396,17,17,1.0,0.0,0.0,2.289347917093926,0.381557986182321,0.023412066218743505,14,1.0,1.0000;1.0000;1.0000;1.0000;0.6667,M1,M1,M1,1,M1:613;M2:22,635,22,turn,avert#0,1,1,16,1,0,16,1.0000:4/0/0/4;1.0000:10/1/0/10;1.0000:7/0/0/7;1.0000:15/1/0/15;0.6667:8/0/4/8
1403,1,R_cb63a1ebfc31098d,19,R_cb63a1ebfc31098d@19,F_proj,5,lock,1,0,F,,,,,,17,0,0,624,1384,17,17,1.0,0.0,0.0,2.44163850791016,0.40693975131836,0.023498875237930438,14,1.0,1.0000;1.0000;0.6667;0.6471;0.5833,M2,M2,M2,1,M1:16;M2:607,623,16,lock,hinder#0,1,1,16,1,0,16,1.0000:4/0/0/4;1.0000:15/1/0/15;0.6667:7/1/4/7;0.6471:10/1/6/10;0.5833:7/0/5/7
1404,1,R_cb63a1ebfc31098d,19,R_cb63a1ebfc31098d@19,F_proj,8,lift,1,0,F,,,,,,17,0,0,625,1385,17,17,1.0,0.0,0.0,1.547773384202076,0.3814192724332525,0.046482672753683334,14,1.0,1.0000;1.0000;0.6667;0.6667;0.6471,M2,M2,M2,1,M1:16;M2:608,624,16,lift,require#1,1,1,16,1,0,16,1.0000:3/1/0/3;1.0000:15/1/0/15;0.6667:7/1/4/7;0.6667:7/1/4/7;0.6471:10/1/6/10
1405,1,R_7b6b1008b48c1115,6,R_7b6b1008b48c1115@6,F_proj,12,push,1,0,F,,,,,,17,0,0,637,1399,17,17,1.0,0.0,0.0,1.1493376318311035,0.4947074005746821,0.046379816830827716,14,1.0,1.0000;1.0000;1.0000;0.7500;0.6364,M1,M1,M1,1,M1:614;M2:22,636,22,push,cause#1,1,1,16,1,0,16,1.0000:10/1/0/10;1.0000:6/1/0/6;1.0000:15/1/0/15;0.7500:3/0/1/3;0.6364:7/0/4/7
1406,1,R_0e5d236bf5b42b15,20,R_0e5d236bf5b42b15@20,F_proj,15,lock,1,0,F,,,,,,17,0,0,62,1386,17,17,1.0,0.0,0.0,0.5076890345015739,0.08461483908359564,0.023484717665342773,14,1.0,1.0000;1.0000;0.9167;0.7500;0.6471,M2,M2,M2,1,M2:61,61,0,lock,hinder#0,1,1,16,1,0,16,1.0000:7/0/0/7;1.0000:11/1/0/11;0.9167:11/0/1/11;0.7500:3/0/1/3;0.6471:10/1/6/10
1407,1,R_7b6b1008b48c1115,6,R_7b6b1008b48c1115@6,F_proj,14,hold,1,0,F,,,,,,17,0,0,638,1401,17,17,1.0,0.0,0.0,3.3694981333174647,0.5635660409158313,0.02305276598681713,14,1.0,1.0000;1.0000;1.0000;1.0000;0.9167,M1,M1,M1,1,M1:615;M2:22,637,22,hold,cause#0,1,1,16,1,0,16,1.0000:4/0/0/4;1.0000:10/1/0/10;1.0000:6/1/0/6;1.0000:15/1/0/15;0.9167:10/1/1/10
1410,1,R_0e5d236bf5b42b15,20,R_0e5d236bf5b42b15@20,F_proj,2,bend,1,0,F,,,,,,17,0,0,62,1390,17,17,1.0,0.0,0.0,1.9219906920380407,0.3203317820063401,0.023071625344352618,14,1.0,1.0000;1.0000;1.0000;0.7500;0.6471,M2,M2,M2,1,M2:61,61,0,bend,hinder#1,1,1,16,1,0,16,1.0000:7/0/0/7;1.0000:11/1/0/11;1.0000:12/0/0/12;0.7500:3/0/1/3;0.6471:10/1/6/10
1413,1,R_cb63a1ebfc31098d,19,R_cb63a1ebfc31098d@19,F_proj,1,bend,1,0,F,,,,,,17,0,0,628,1394,17,17,1.0,0.0,0.0,2.692386904277561,0.4487311507129269,0.023022472682289876,14,1.0,1.0000;1.0000;0.6667;0.6667;0.6471,M2,M2,M2,1,M1:16;M2:611,627,16,bend,hinder#1,1,1,16,1,0,16,1.0000:4/0/0/4;1.0000:15/1/0/15;0.6667:7/1/4/7;0.6667:8/0/4/8;0.6471:10/1/6/10
1415,1,R_8b0d2a6b7293001d,140,R_8b0d2a6b7293001d@140,F_proj,16,break,1,0,F,,,,,,17,0,0,62,1275,17,17,1.0,0.0,0.0,0.9058808460258897,0.15098014100431495,0.02302360691737579,14,1.0,1.0000;1.0000;1.0000;0.7500;0.7273,M1,M1,M1,1,M1:61,61,0,break,enable#0,1,1,16,1,0,16,1.0000:10/1/0/10;1.0000:11/1/0/11;1.0000:15/1/0/15;0.7500:3/0/1/3;0.7273:8/0/3/8
1416,1,R_cb63a1ebfc31098d,19,R_cb63a1ebfc31098d@19,F_proj,15,pull,1,1,F,,,,,,17,0,0,629,1397,17,17,1.0,0.0,0.0,2.8219675613956565,0.47032792689927616,0.02334990570889765,14,1.0,1.0000;1.0000;0.6667;0.6667;0.6471,M2,M2,M2,1,M1:16;M2:612,628,16,pull,permit#0,1,1,16,1,0,16,1.0000:4/0/0/4;1.0000:15/1/0/15;0.6667:8/0/4/8;0.6667:7/1/4/7;0.6471:10/1/6/10
1417,1,R_7b6b1008b48c1115,6,R_7b6b1008b48c1115@6,F_proj,7,break,1,0,F,,,,,,17,0,0,641,1411,17,17,1.0,0.0,0.0,2.5385633551673132,0.42309389252788554,0.022989687189502176,14,1.0,1.0000;1.0000;1.0000;1.0000;0.6667,M1,M1,M1,1,M1:618;M2:22,640,22,break,enable#0,1,1,16,1,0,16,1.0000:4/0/0/4;1.0000:11/0/0/11;1.0000:7/0/0/7;1.0000:15/1/0/15;0.6667:7/1/4/7
1422,1,R_7b6b1008b48c1115,6,R_7b6b1008b48c1115@6,F_proj,12,push,1,0,F,,,,,,17,0,0,644,1416,17,17,1.0,0.0,0.0,1.0153342073281937,0.45928293963432193,0.04636078110064181,14,1.0,1.0000;1.0000;1.0000;0.7500;0.6364,M1,M1,M1,1,M1:621;M2:22,643,22,push,cause#1,1,1,16,1,0,16,1.0000:10/1/0/10;1.0000:6/1/0/6;1.0000:15/1/0/15;0.7500:3/0/1/3;0.6364:7/0/4/7
1424,1,R_7b6b1008b48c1115,6,R_7b6b1008b48c1115@6,F_proj,2,lift,1,1,F,,,,,,17,0,0,645,1418,17,17,1.0,0.0,0.0,1.802731672372976,0.41174795650697404,0.0464648530715211,14,1.0,1.0000;1.0000;1.0000;0.9091;0.6667,M1,M1,M1,1,M1:622;M2:22,644,22,lift,require#1,1,1,16,1,0,16,1.0000:3/1/0/3;1.0000:6/1/0/6;1.0000:15/1/0/15;0.9091:10/0/1/10;0.6667:7/1/4/7
1425,1,R_0e5d236bf5b42b15,20,R_0e5d236bf5b42b15@20,F_proj,2,bend,1,1,F,,,,,,17,0,0,64,1405,17,17,1.0,0.0,0.0,1.6762757280981941,0.2793792880163657,0.022993595857746286,14,1.0,1.0000;1.0000;1.0000;0.7500;0.6471,M2,M2,M2,1,M2:63,63,0,bend,hinder#1,1,1,16,1,0,16,1.0000:7/0/0/7;1.0000:11/1/0/11;1.0000:12/0/0/12;0.7500:3/0/1/3;0.6471:10/1/6/10
1426,1,R_cb63a1ebfc31098d,19,R_cb63a1ebfc31098d@19,F_proj,1,bend,1,0,F,,,,,,17,0,0,633,1407,17,17,1.0,0.0,0.0,2.568653957677972,0.42810899294632865,0.023011199237498725,14,1.0,1.0000;1.0000;0.6667;0.6667;0.6471,M2,M2,M2,1,M1:16;M2:616,632,16,bend,hinder#1,1,1,16,1,0,16,1.0000:4/0/0/4;1.0000:15/1/0/15;0.6667:7/1/4/7;0.6667:8/0/4/8;0.6471:10/1/6/10
1427,1,R_7b6b1008b48c1115,6,R_7b6b1008b48c1115@6,F_proj,2,lift,1,0,F,,,,,,17,0,0,647,1421,17,17,1.0,0.0,0.0,1.790210294974968,0.6427575211636426,0.0464689073343312,14,1.0,1.0000;1.0000;1.0000;0.9091;0.6667,M1,M1,M1,1,M1:623;M2:23,646,23,lift,require#1,1,1,16,1,0,16,1.0000:3/1/0/3;1.0000:6/1/0/6;1.0000:15/1/0/15;0.9091:10/0/1/10;0.6667:7/1/4/7
1429,1,R_cb63a1ebfc31098d,19,R_cb63a1ebfc31098d@19,F_proj,8,lift,1,0,F,,,,,,17,0,0,634,1410,17,17,1.0,0.0,0.0,1.448734304642502,0.3409484829608792,0.046438156062098716,14,1.0,1.0000;1.0000;0.6667;0.6667;0.6471,M2,M2,M2,1,M1:16;M2:617,633,16,lift,require#1,1,1,16,1,0,16,1.0000:3/1/0/3;1.0000:15/1/0/15;0.6667:7/1/4/7;0.6667:7/1/4/7;0.6471:10/1/6/10
1430,1,R_0e5d236bf5b42b15,20,R_0e5d236bf5b42b15@20,F_proj,8,pull,1,1,F,,,,,,17,0,0,64,1410,17,17,1.0,0.0,0.0,0.5767560925261662,0.09612601542102771,0.0233560783514954,14,1.0,1.0000;1.0000;1.0000;0.7500;0.6471,M2,M2,M2,1,M2:63,63,0,pull,permit#0,1,1,16,1,0,16,1.0000:7/0/0/7;1.0000:12/0/0/12;1.0000:11/1/0/11;0.7500:3/0/1/3;0.6471:10/1/6/10
1431,1,R_7b6b1008b48c1115,6,R_7b6b1008b48c1115@6,F_proj,15,turn,1,0,F,,,,,,17,0,0,649,1425,17,17,1.0,0.0,0.0,2.079099368960858,0.34651656149347637,0.023371777476255087,14,1.0,1.0000;1.0000;1.0000;1.0000;0.6667,M1,M1,M1,1,M1:625;M2:23,648,23,turn,avert#0,1,1,16,1,0,16,1.0000:4/0/0/4;1.0000:10/1/0/10;1.0000:7/0/0/7;1.0000:15/1/0/15;0.6667:8/0/4/8
1432,1,R_0e5d236bf5b42b15,20,R_0e5d236bf5b42b15@20,F_proj,15,lock,1,1,F,,,,,,17,0,0,65,1412,17,17,1.0,0.0,0.0,0.4898938043280309,0.08164896738800516,0.02345762711864407,14,1.0,1.0000;1.0000;0.9167;0.7500;0.6471,M2,M2,M2,1,M2:64,64,0,lock,hinder#0,1,1,16,1,0,16,1.0000:7/0/0/7;1.0000:11/1/0/11;0.9167:11/0/1/11;0.7500:3/0/1/3;0.6471:10/1/6/10
1435,1,R_cb63a1ebfc31098d,19,R_cb63a1ebfc31098d@19,F_proj,0,hold_b,1,0,F,,,,,,17,0,0,635,1416,17,17,1.0,0.0,0.0,1.6568596608236514,0.2741800783078977,0.023306948109058926,14,1.0,1.0000;1.0000;1.0000;0.9167;0.9167,M2,M2,M2,1,M1:16;M2:618,634,16,hold_b,cause#0,1,0,16,1,0,16,1.0000:4/0/0/4;1.0000:6/1/0/6;1.0000:15/1/0/15;0.9167:10/1/1/10;0.9167:10/1/1/10
1438,1,R_cb63a1ebfc31098d,19,R_cb63a1ebfc31098d@19,F_proj,8,lift,1,0,F,,,,,,17,0,0,637,1419,17,17,1.0,0.0,0.0,1.4196388775582305,0.33092603950808724,0.046418202687191955,14,1.0,1.0000;1.0000;0.6667;0.6667;0.6471,M2,M2,M2,1,M1:16;M2:620,636,16,lift,require#1,1,1,16,1,0,16,1.0000:3/1/0/3;1.0000:15/1/0/15;0.6667:7/1/4/7;0.6667:7/1/4/7;0.6471:10/1/6/10
1441,1,R_cb63a1ebfc31098d,19,R_cb63a1ebfc31098d@19,F_proj,15,pull,1,0,F,,,,,,17,0,0,638,1422,17,17,1.0,0.0,0.0,3.060935205949587,0.5101558676582645,0.023346696762456626,14,1.0,1.0000;1.0000;0.6667;0.6667;0.6471,M2,M2,M2,1,M1:16;M2:621,637,16,pull,permit#0,1,1,16,1,0,16,1.0000:4/0/0/4;1.0000:15/1/0/15;0.6667:8/0/4/8;0.6667:7/1/4/7;0.6471:10/1/6/10
1442,1,R_cb63a1ebfc31098d,19,R_cb63a1ebfc31098d@19,F_proj,14,push,1,0,F,,,,,,17,0,0,639,1423,17,17,1.0,0.0,0.0,1.2715425405602487,0.4482404550139382,0.04636051444347182,14,1.0,1.0000;0.7500;0.5882;0.5833;0.5833,M2,M2,M2,1,M1:16;M2:622,638,16,push,cause#1,1,1,16,1,0,16,1.0000:15/1/0/15;0.7500:3/0/1/3;0.5882:10/0/7/10;0.5833:7/0/5/7;0.5833:7/0/5/7
1444,1,R_0e5d236bf5b42b15,20,R_0e5d236bf5b42b15@20,F_proj,16,push,1,1,F,,,,,,17,0,0,66,1424,17,17,1.0,0.0,0.0,0.3467589468059598,0.09174635867965583,0.046331786698944256,14,1.0,1.0000;1.0000;1.0000;0.5882;0.5625,M2,M2,M2,1,M2:65,65,0,push,cause#1,1,1,16,1,0,16,1.0000:6/1/0/6;1.0000:11/1/0/11;1.0000:11/1/0/11;0.5882:10/0/7/10;0.5625:9/0/7/9
1446,1,R_0e5d236bf5b42b15,20,R_0e5d236bf5b42b15@20,F_proj,2,bend,1,0,F,,,,,,17,0,0,66,1426,17,17,1.0,0.0,0.0,1.9873019537892551,0.3312169922982092,0.02299815343293604,14,1.0,1.0000;1.0000;1.0000;0.7500;0.6471,M2,M2,M2,1,M2:65,65,0,bend,hinder#1,1,1,16,1,0,16,1.0000:7/0/0/7;1.0000:11/1/0/11;1.0000:12/0/0/12;0.7500:3/0/1/3;0.6471:10/1/6/10
1448,1,R_7b6b1008b48c1115,6,R_7b6b1008b48c1115@6,F_proj,15,turn,1,0,F,,,,,,17,0,0,658,1442,17,17,1.0,0.0,0.0,1.9908953337631021,0.331815888960517,0.023369656328583403,14,1.0,1.0000;1.0000;1.0000;1.0000;0.6667,M1,M1,M1,1,M1:634;M2:23,657,23,turn,avert#0,1,1,16,1,0,16,1.0000:4/0/0/4;1.0000:10/1/0/10;1.0000:7/0/0/7;1.0000:15/1/0/15;0.6667:8/0/4/8
1449,1,R_cb63a1ebfc31098d,19,R_cb63a1ebfc31098d@19,F_proj,5,lock,1,0,F,,,,,,17,0,0,641,1430,17,17,1.0,0.0,0.0,1.8944709592539548,0.31574515987565915,0.02345451499413637,14,1.0,1.0000;1.0000;0.6667;0.6471;0.5833,M2,M2,M2,1,M1:16;M2:624,640,16,lock,hinder#0,1,1,16,1,0,16,1.0000:4/0/0/4;1.0000:15/1/0/15;0.6667:7/1/4/7;0.6471:10/1/6/10;0.5833:7/0/5/7
1450,1,R_cb63a1ebfc31098d,19,R_cb63a1ebfc31098d@19,F_proj,0,hold_b,1,0,F,,,,,,17,0,0,642,1431,17,17,1.0,0.0,0.0,1.5687106737142877,0.25950684422319115,0.023272167157781944,14,1.0,1.0000;1.0000;1.0000;0.9167;0.9167,M2,M2,M2,1,M1:16;M2:625,641,16,hold_b,cause#0,1,0,16,1,0,16,1.0000:4/0/0/4;1.0000:6/1/0/6;1.0000:15/1/0/15;0.9167:10/1/1/10;0.9167:10/1/1/10
1452,1,R_cb63a1ebfc31098d,19,R_cb63a1ebfc31098d@19,F_proj,1,bend,1,1,F,,,,,,17,0,0,643,1433,17,17,1.0,0.0,0.0,2.3816340512044367,0.39693900853407277,0.022972747032268852,14,1.0,1.0000;1.0000;0.6667;0.6667;0.6471,M2,M2,M2,1,M1:16;M2:626,642,16,bend,hinder#1,1,1,16,1,0,16,1.0000:4/0/0/4;1.0000:15/1/0/15;0.6667:7/1/4/7;0.6667:8/0/4/8;0.6471:10/1/6/10
1454,1,R_7b6b1008b48c1115,6,R_7b6b1008b48c1115@6,F_proj,14,hold,1,1,F,,,,,,17,0,0,661,1448,17,17,1.0,0.0,0.0,2.771356863492184,0.46381859366144473,0.023142427784271166,14,1.0,1.0000;1.0000;1.0000;1.0000;0.9167,M1,M1,M1,1,M1:637;M2:23,660,23,hold,cause#0,1,1,16,1,0,16,1.0000:4/0/0/4;1.0000:10/1/0/10;1.0000:6/1/0/6;1.0000:15/1/0/15;0.9167:10/1/1/10
1455,1,R_cb63a1ebfc31098d,19,R_cb63a1ebfc31098d@19,F_proj,4,drag,1,0,F,,,,,,17,0,0,644,1436,17,17,1.0,0.0,0.0,3.1939823488657453,0.5323303914776242,0.023160353746037043,14,1.0,1.0000;1.0000;0.6667;0.6471;0.5833,M2,M2,M2,1,M1:16;M2:627,643,16,drag,permit#1,1,1,16,1,0,16,1.0000:4/0/0/4;1.0000:15/1/0/15;0.6667:7/1/4/7;0.6471:10/1/6/10;0.5833:7/0/5/7
1456,1,R_7b6b1008b48c1115,6,R_7b6b1008b48c1115@6,F_proj,14,hold,1,0,F,,,,,,17,0,0,662,1450,17,17,1.0,0.0,0.0,4.490518781628778,0.7503432097944615,0.023144133929166946,14,1.0,1.0000;1.0000;1.0000;1.0000;0.9167,M1,M1,M1,1,M1:638;M2:23,661,23,hold,cause#0,1,1,16,1,0,16,1.0000:4/0/0/4;1.0000:10/1/0/10;1.0000:6/1/0/6;1.0000:15/1/0/15;0.9167:10/1/1/10
1457,1,R_cb63a1ebfc31098d,19,R_cb63a1ebfc31098d@19,F_proj,5,lock,1,0,F,,,,,,17,0,0,645,1438,17,17,1.0,0.0,0.0,1.8547610662597958,0.3091268443766326,0.023427086110370567,14,1.0,1.0000;1.0000;0.6667;0.6471;0.5833,M2,M2,M2,1,M1:16;M2:628,644,16,lock,hinder#0,1,1,16,1,0,16,1.0000:4/0/0/4;1.0000:15/1/0/15;0.6667:7/1/4/7;0.6471:10/1/6/10;0.5833:7/0/5/7
1459,1,R_cb63a1ebfc31098d,19,R_cb63a1ebfc31098d@19,F_proj,5,lock,1,1,F,,,,,,17,0,0,646,1440,17,17,1.0,0.0,0.0,1.8455408506544004,0.3075901417757334,0.023395121301873607,14,1.0,1.0000;1.0000;0.6667;0.6471;0.5833,M2,M2,M2,1,M1:16;M2:629,645,16,lock,hinder#0,1,1,16,1,0,16,1.0000:4/0/0/4;1.0000:15/1/0/15;0.6667:7/1/4/7;0.6471:10/1/6/10;0.5833:7/0/5/7
1462,1,R_cb63a1ebfc31098d,19,R_cb63a1ebfc31098d@19,F_proj,0,hold_b,1,1,F,,,,,,17,0,0,648,1443,17,17,1.0,0.0,0.0,1.5132120297946288,0.25027146453088667,0.023280528710438047,14,1.0,1.0000;1.0000;1.0000;0.9167;0.9167,M2,M2,M2,1,M1:16;M2:631,647,16,hold_b,cause#0,1,0,16,1,0,16,1.0000:4/0/0/4;1.0000:6/1/0/6;1.0000:15/1/0/15;0.9167:10/1/1/10;0.9167:10/1/1/10
1463,1,R_8b0d2a6b7293001d,140,R_8b0d2a6b7293001d@140,F_proj,6,press,1,1,F,,,,,,17,0,0,63,1323,17,17,1.0,0.0,0.0,0.2860187263038528,0.047669787717308794,0.0235629895128103,14,1.0,1.0000;0.9167;0.9091;0.7500;0.7273,M1,M1,M1,1,M1:62,62,0,press,avert#1,1,1,16,1,0,16,1.0000:15/1/0/15;0.9167:11/0/1/11;0.9091:10/0/1/10;0.7500:3/0/1/3;0.7273:7/1/3/7
1466,1,R_cb63a1ebfc31098d,19,R_cb63a1ebfc31098d@19,F_proj,15,pull,1,0,F,,,,,,17,0,0,650,1447,17,17,1.0,0.0,0.0,2.745770254611746,0.45762837576862436,0.023349009737033848,14,1.0,1.0000;1.0000;0.6667;0.6667;0.6471,M2,M2,M2,1,M1:16;M2:633,649,16,pull,permit#0,1,1,16,1,0,16,1.0000:4/0/0/4;1.0000:15/1/0/15;0.6667:8/0/4/8;0.6667:7/1/4/7;0.6471:10/1/6/10
1467,1,R_7b6b1008b48c1115,6,R_7b6b1008b48c1115@6,F_proj,13,press,1,0,F,,,,,,17,0,0,665,1461,17,17,1.0,0.0,0.0,1.7425865509447318,0.29043109182412197,0.023566014629464137,14,1.0,1.0000;1.0000;1.0000;1.0000;0.6471,M1,M1,M1,1,M1:641;M2:23,664,23,press,avert#1,1,1,16,1,0,16,1.0000:4/0/0/4;1.0000:10/1/0/10;1.0000:7/0/0/7;1.0000:15/1/0/15;0.6471:10/1/6/10
1468,1,R_cb63a1ebfc31098d,19,R_cb63a1ebfc31098d@19,F_proj,0,hold_b,1,0,F,,,,,,17,0,0,651,1449,17,17,1.0,0.0,0.0,2.476266414177506,0.41078765487911045,0.023319661286054512,14,1.0,1.0000;1.0000;1.0000;0.9167;0.9167,M2,M2,M2,1,M1:16;M2:634,650,16,hold_b,cause#0,1,0,16,1,0,16,1.0000:4/0/0/4;1.0000:6/1/0/6;1.0000:15/1/0/15;0.9167:10/1/1/10;0.9167:10/1/1/10
1469,1,R_7b6b1008b48c1115,6,R_7b6b1008b48c1115@6,F_proj,12,push,1,1,F,,,,,,17,0,0,666,1463,17,17,1.0,0.0,0.0,0.8444314276676878,0.4050668677761693,0.04637556605956434,14,1.0,1.0000;1.0000;1.0000;0.7500;0.6364,M1,M1,M1,1,M1:642;M2:23,665,23,push,cause#1,1,1,16,1,0,16,1.0000:10/1/0/10;1.0000:6/1/0/6;1.0000:15/1/0/15;0.7500:3/0/1/3;0.6364:7/0/4/7
1470,1,R_cb63a1ebfc31098d,19,R_cb63a1ebfc31098d@19,F_proj,1,bend,1,0,F,,,,,,17,0,0,652,1451,17,17,1.0,0.0,0.0,2.836377956508169,0.47272965941802814,0.022988505747126436,14,1.0,1.0000;1.0000;0.6667;0.6667;0.6471,M2,M2,M2,1,M1:16;M2:635,651,16,bend,hinder#1,1,1,16,1,0,16,1.0000:4/0/0/4;1.0000:15/1/0/15;0.6667:7/1/4/7;0.6667:8/0/4/8;0.6471:10/1/6/10
1471,1,R_7b6b1008b48c1115,6,R_7b6b1008b48c1115@6,F_proj,12,push,1,0,F,,,,,,17,0,0,667,1465,17,17,1.0,0.0,0.0,2.2849343777166555,0.6924133028829591,0.04637728998184519,14,1.0,1.0000;1.0000;1.0000;0.7500;0.6364,M1,M1,M1,1,M1:643;M2:23,666,23,push,cause#1,1,1,16,1,0,16,1.0000:10/1/0/10;1.0000:6/1/0/6;1.0000:15/1/0/15;0.7500:3/0/1/3;0.6364:7/0/4/7
1472,1,R_7b6b1008b48c1115,6,R_7b6b1008b48c1115@6,F_proj,2,lift,1,0,F,,,,,,17,0,0,668,1466,17,17,1.0,0.0,0.0,1.6343594586642614,0.417281484112995,0.04644565396668316,14,1.0,1.0000;1.0000;1.0000;0.9091;0.6667,M1,M1,M1,1,M1:644;M2:23,667,23,lift,require#1,1,1,16,1,0,16,1.0000:3/1/0/3;1.0000:6/1/0/6;1.0000:15/1/0/15;0.9091:10/0/1/10;0.6667:7/1/4/7
1473,1,R_cb63a1ebfc31098d,19,R_cb63a1ebfc31098d@19,F_proj,0,hold_b,1,0,F,,,,,,17,0,0,653,1454,17,17,1.0,0.0,0.0,2.1904791090688835,0.36316234032139705,0.023273446513927806,14,1.0,1.0000;1.0000;1.0000;0.9167;0.9167,M2,M2,M2,1,M1:16;M2:636,652,16,hold_b,cause#0,1,0,16,1,0,16,1.0000:4/0/0/4;1.0000:6/1/0/6;1.0000:15/1/0/15;0.9167:10/1/1/10;0.9167:10/1/1/10
1474,1,R_7b6b1008b48c1115,6,R_7b6b1008b48c1115@6,F_proj,2,lift,1,0,F,,,,,,17,0,0,669,1468,17,17,1.0,0.0,0.0,1.628488479942997,0.41449478693359837,0.04641739416900016,14,1.0,1.0000;1.0000;1.0000;0.9091;0.6667,M1,M1,M1,1,M1:645;M2:23,668,23,lift,require#1,1,1,16,1,0,16,1.0000:3/1/0/3;1.0000:6/1/0/6;1.0000:15/1/0/15;0.9091:10/0/1/10;0.6667:7/1/4/7
1475,1,R_cb63a1ebfc31098d,19,R_cb63a1ebfc31098d@19,F_proj,15,pull,1,0,F,,,,,,17,0,0,654,1456,17,17,1.0,0.0,0.0,2.6659532478159558,0.4443255413026593,0.023307107350956317,14,1.0,1.0000;1.0000;0.6667;0.6667;0.6471,M2,M2,M2,1,M1:16;M2:637,653,16,pull,permit#0,1,1,16,1,0,16,1.0000:4/0/0/4;1.0000:15/1/0/15;0.6667:8/0/4/8;0.6667:7/1/4/7;0.6471:10/1/6/10
1476,1,R_cb63a1ebfc31098d,19,R_cb63a1ebfc31098d@19,F_proj,14,push,1,0,F,,,,,,17,0,0,655,1457,17,17,1.0,0.0,0.0,1.1040843751573939,0.4025514571102694,0.0463517336666886,14,1.0,1.0000;0.7500;0.5882;0.5833;0.5833,M2,M2,M2,1,M1:16;M2:638,654,16,push,cause#1,1,1,16,1,0,16,1.0000:15/1/0/15;0.7500:3/0/1/3;0.5882:10/0/7/10;0.5833:7/0/5/7;0.5833:7/0/5/7
1478,1,R_7b6b1008b48c1115,6,R_7b6b1008b48c1115@6,F_proj,13,press,1,1,F,,,,,,17,0,0,671,1472,17,17,1.0,0.0,0.0,1.7140418208678074,0.2856736368113012,0.02355685514341098,14,1.0,1.0000;1.0000;1.0000;1.0000;0.6471,M1,M1,M1,1,M1:647;M2:23,670,23,press,avert#1,1,1,16,1,0,16,1.0000:4/0/0/4;1.0000:10/1/0/10;1.0000:7/0/0/7;1.0000:15/1/0/15;0.6471:10/1/6/10
1481,1,R_8b0d2a6b7293001d,140,R_8b0d2a6b7293001d@140,F_proj,16,break,1,1,F,,,,,,17,0,0,65,1341,17,17,1.0,0.0,0.0,0.7459926392924366,0.12433210654873944,0.02301563883151372,14,1.0,1.0000;1.0000;1.0000;0.7500;0.7273,M1,M1,M1,1,M1:64,64,0,break,enable#0,1,1,16,1,0,16,1.0000:10/1/0/10;1.0000:11/1/0/11;1.0000:15/1/0/15;0.7500:3/0/1/3;0.7273:8/0/3/8
1483,1,R_cb63a1ebfc31098d,19,R_cb63a1ebfc31098d@19,F_proj,1,bend,1,0,F,,,,,,17,0,0,659,1464,17,17,1.0,0.0,0.0,2.632255978180381,0.43870932969673015,0.022948994958423362,14,1.0,1.0000;1.0000;0.6667;0.6667;0.6471,M2,M2,M2,1,M1:17;M2:641,658,17,bend,hinder#1,1,1,16,1,0,16,1.0000:4/0/0/4;1.0000:15/1/0/15;0.6667:7/1/4/7;0.6667:8/0/4/8;0.6471:10/1/6/10
1484,1,R_7b6b1008b48c1115,6,R_7b6b1008b48c1115@6,F_proj,14,hold,1,1,F,,,,,,17,0,0,673,1478,17,17,1.0,0.0,0.0,2.9970851095162603,0.5014049501779769,0.02306559790610175,14,1.0,1.0000;1.0000;1.0000;1.0000;0.9167,M1,M1,M1,1,M1:649;M2:23,672,23,hold,cause#0,1,1,16,1,0,16,1.0000:4/0/0/4;1.0000:10/1/0/10;1.0000:6/1/0/6;1.0000:15/1/0/15;0.9167:10/1/1/10
1485,1,R_cb63a1ebfc31098d,19,R_cb63a1ebfc31098d@19,F_proj,4,drag,1,0,F,,,,,,17,0,0,660,1466,17,17,1.0,0.0,0.0,2.9476106385337206,0.4912684397556201,0.02314708863242554,14,1.0,1.0000;1.0000;0.6667;0.6471;0.5833,M2,M2,M2,1,M1:17;M2:642,659,17,drag,permit#1,1,1,16,1,0,16,1.0000:4/0/0/4;1.0000:15/1/0/15;0.6667:7/1/4/7;0.6471:10/1/6/10;0.5833:7/0/5/7
1486,1,R_cb63a1ebfc31098d,19,R_cb63a1ebfc31098d@19,F_proj,15,pull,1,1,F,,,,,,17,0,0,661,1467,17,17,1.0,0.0,0.0,2.5809270055284705,0.4301545009214117,0.023295324598947953,14,1.0,1.0000;1.0000;0.6667;0.6667;0.6471,M2,M2,M2,1,M1:17;M2:643,660,17,pull,permit#0,1,1,16,1,0,16,1.0000:4/0/0/4;1.0000:15/1/0/15;0.6667:8/0/4/8;0.6667:7/1/4/7;0.6471:10/1/6/10
1488,1,R_cb63a1ebfc31098d,19,R_cb63a1ebfc31098d@19,F_proj,14,push,1,0,F,,,,,,17,0,0,662,1469,17,17,1.0,0.0,0.0,1.0615747909196587,0.39034096015666847,0.04633103853306796,14,1.0,1.0000;0.7500;0.5882;0.5833;0.5833,M2,M2,M2,1,M1:17;M2:644,661,17,push,cause#1,1,1,16,1,0,16,1.0000:15/1/0/15;0.7500:3/0/1/3;0.5882:10/0/7/10;0.5833:7/0/5/7;0.5833:7/0/5/7
1490,1,R_cb63a1ebfc31098d,19,R_cb63a1ebfc31098d@19,F_proj,8,lift,1,0,F,,,,,,17,0,0,663,1471,17,17,1.0,0.0,0.0,1.2887848716204573,0.291129083409777,0.04639796683066697,14,1.0,1.0000;1.0000;0.6667;0.6667;0.6471,M2,M2,M2,1,M1:17;M2:645,662,17,lift,require#1,1,1,16,1,0,16,1.0000:3/1/0/3;1.0000:15/1/0/15;0.6667:7/1/4/7;0.6667:7/1/4/7;0.6471:10/1/6/10
1493,1,R_cb63a1ebfc31098d,19,R_cb63a1ebfc31098d@19,F_proj,14,push,1,0,F,,,,,,17,0,0,664,1474,17,17,1.0,0.0,0.0,1.0454890761970992,0.3856525153673262,0.04630593132154006,14,1.0,1.0000;0.7500;0.5882;0.5833;0.5833,M2,M2,M2,1,M1:17;M2:646,663,17,push,cause#1,1,1,16,1,0,16,1.0000:15/1/0/15;0.7500:3/0/1/3;0.5882:10/0/7/10;0.5833:7/0/5/7;0.5833:7/0/5/7
1494,1,R_8b0d2a6b7293001d,140,R_8b0d2a6b7293001d@140,F_proj,16,break,1,0,F,,,,,,17,0,0,65,1354,17,17,1.0,0.0,0.0,1.3847058083972683,0.23078430139954473,0.023040426361627453,14,1.0,1.0000;1.0000;1.0000;0.7500;0.7273,M1,M1,M1,1,M1:64,64,0,break,enable#0,1,1,16,1,0,16,1.0000:10/1/0/10;1.0000:11/1/0/11;1.0000:15/1/0/15;0.7500:3/0/1/3;0.7273:8/0/3/8
1495,1,R_cb63a1ebfc31098d,19,R_cb63a1ebfc31098d@19,F_proj,4,drag,1,1,F,,,,,,17,0,0,665,1476,17,17,1.0,0.0,0.0,2.881697423943503,0.48028290399058376,0.023123640024682538,14,1.0,1.0000;1.0000;0.6667;0.6471;0.5833,M2,M2,M2,1,M1:17;M2:647,664,17,drag,permit#1,1,1,16,1,0,16,1.0000:4/0/0/4;1.0000:15/1/0/15;0.6667:7/1/4/7;0.6471:10/1/6/10;0.5833:7/0/5/7
1496,1,R_7b6b1008b48c1115,6,R_7b6b1008b48c1115@6,F_proj,13,press,1,1,F,,,,,,17,0,0,679,1490,17,17,1.0,0.0,0.0,2.226481649793594,0.37108027496559903,0.023561483789309706,14,1.0,1.0000;1.0000;1.0000;1.0000;0.6471,M1,M1,M1,1,M1:655;M2:23,678,23,press,avert#1,1,1,16,1,0,16,1.0000:4/0/0/4;1.0000:10/1/0/10;1.0000:7/0/0/7;1.0000:15/1/0/15;0.6471:10/1/6/10
1498,1,R_0e5d236bf5b42b15,20,R_0e5d236bf5b42b15@20,F_proj,2,bend,1,0,F,,,,,,17,0,0,67,1478,17,17,1.0,0.0,0.0,1.4641292221608966,0.24402153702681612,0.02294678161664614,14,1.0,1.0000;1.0000;1.0000;0.7500;0.6471,M2,M2,M2,1,M2:66,66,0,bend,hinder#1,1,1,16,1,0,16,1.0000:7/0/0/7;1.0000:11/1/0/11;1.0000:12/0/0/12;0.7500:3/0/1/3;0.6471:10/1/6/10
1499,1,R_7b6b1008b48c1115,6,R_7b6b1008b48c1115@6,F_proj,7,break,1,0,F,,,,,,17,0,0,681,1493,17,17,1.0,0.0,0.0,2.132988130565364,0.355498021760894,0.022997441129789783,14,1.0,1.0000;1.0000;1.0000;1.0000;0.6667,M1,M1,M1,1,M1:656;M2:24,680,24,break,enable#0,1,1,16,1,0,16,1.0000:4/0/0/4;1.0000:11/0/0/11;1.0000:7/0/0/7;1.0000:15/1/0/15;0.6667:7/1/4/7
1500,1,R_cb63a1ebfc31098d,19,R_cb63a1ebfc31098d@19,F_proj,8,lift,1,1,F,,,,,,17,0,0,667,1481,17,17,1.0,0.0,0.0,1.2684940474961421,0.28548697549682267,0.04638741421727308,14,1.0,1.0000;1.0000;0.6667;0.6667;0.6471,M2,M2,M2,1,M1:17;M2:649,666,17,lift,require#1,1,1,16,1,0,16,1.0000:3/1/0/3;1.0000:15/1/0/15;0.6667:7/1/4/7;0.6667:7/1/4/7;0.6471:10/1/6/10
1501,1,R_7b6b1008b48c1115,6,R_7b6b1008b48c1115@6,F_proj,12,push,1,0,F,,,,,,17,0,0,682,1495,17,17,1.0,0.0,0.0,1.1174264210946185,0.4483544205753496,0.04629120434768544,14,1.0,1.0000;1.0000;1.0000;0.7500;0.6364,M1,M1,M1,1,M1:657;M2:24,681,24,push,cause#1,1,1,16,1,0,16,1.0000:10/1/0/10;1.0000:6/1/0/6;1.0000:15/1/0/15;0.7500:3/0/1/3;0.6364:7/0/4/7
1503,1,R_cb63a1ebfc31098d,19,R_cb63a1ebfc31098d@19,F_proj,15,pull,1,1,F,,,,,,17,0,0,668,1484,17,17,1.0,0.0,0.0,3.0418954420906172,0.5069825736817695,0.023292627770239712,14,1.0,1.0000;1.0000;0.6667;0.6667;0.6471,M2,M2,M2,1,M1:17;M2:650,667,17,pull,permit#0,1,1,16,1,0,16,1.0000:4/0/0/4;1.0000:15/1/0/15;0.6667:8/0/4/8;0.6667:7/1/4/7;0.6471:10/1/6/10
1506,1,R_cb63a1ebfc31098d,19,R_cb63a1ebfc31098d@19,F_proj,15,pull,1,1,F,,,,,,17,0,0,670,1487,17,17,1.0,0.0,0.0,4.386788959379413,0.7311314932299023,0.023309797852790404,14,1.0,1.0000;1.0000;0.6667;0.6667;0.6471,M2,M2,M2,1,M1:17;M2:652,669,17,pull,permit#0,1,1,16,1,0,16,1.0000:4/0/0/4;1.0000:15/1/0/15;0.6667:8/0/4/8;0.6667:7/1/4/7;0.6471:10/1/6/10
1507,1,R_7b6b1008b48c1115,6,R_7b6b1008b48c1115@6,F_proj,7,break,1,0,F,,,,,,17,0,0,685,1501,17,17,1.0,0.0,0.0,2.1039569602637846,0.3506594933772975,0.02297184096913461,14,1.0,1.0000;1.0000;1.0000;1.0000;0.6667,M1,M1,M1,1,M1:660;M2:24,684,24,break,enable#0,1,1,16,1,0,16,1.0000:4/0/0/4;1.0000:11/0/0/11;1.0000:7/0/0/7;1.0000:15/1/0/15;0.6667:7/1/4/7
1509,1,R_7b6b1008b48c1115,6,R_7b6b1008b48c1115@6,F_proj,12,push,1,0,F,,,,,,17,0,0,686,1503,17,17,1.0,0.0,0.0,1.064419737953842,0.43515212551455285,0.046269184980211715,14,1.0,1.0000;1.0000;1.0000;0.7500;0.6364,M1,M1,M1,1,M1:661;M2:24,685,24,push,cause#1,1,1,16,1,0,16,1.0000:10/1/0/10;1.0000:6/1/0/6;1.0000:15/1/0/15;0.7500:3/0/1/3;0.6364:7/0/4/7
1510,1,R_7b6b1008b48c1115,6,R_7b6b1008b48c1115@6,F_proj,13,press,1,1,F,,,,,,17,0,0,687,1504,17,17,1.0,0.0,0.0,2.682494550514655,0.44708242508577584,0.02356913183279743,14,1.0,1.0000;1.0000;1.0000;1.0000;0.6471,M1,M1,M1,1,M1:662;M2:24,686,24,press,avert#1,1,1,16,1,0,16,1.0000:4/0/0/4;1.0000:10/1/0/10;1.0000:7/0/0/7;1.0000:15/1/0/15;0.6471:10/1/6/10
1511,1,R_cb63a1ebfc31098d,19,R_cb63a1ebfc31098d@19,F_proj,1,bend,1,1,F,,,,,,17,0,0,672,1492,17,17,1.0,0.0,0.0,2.3901352084924405,0.3983558680820734,0.022911311053984577,14,1.0,1.0000;1.0000;0.6667;0.6667;0.6471,M2,M2,M2,1,M1:17;M2:654,671,17,bend,hinder#1,1,1,16,1,0,16,1.0000:4/0/0/4;1.0000:15/1/0/15;0.6667:7/1/4/7;0.6667:8/0/4/8;0.6471:10/1/6/10
1513,1,R_7b6b1008b48c1115,6,R_7b6b1008b48c1115@6,F_proj,15,turn,1,0,F,,,,,,17,0,0,688,1507,17,17,1.0,0.0,0.0,1.7557432812415046,0.29262388020691743,0.02336328626444159,14,1.0,1.0000;1.0000;1.0000;1.0000;0.6667,M1,M1,M1,1,M1:663;M2:24,687,24,turn,avert#0,1,1,16,1,0,16,1.0000:4/0/0/4;1.0000:10/1/0/10;1.0000:7/0/0/7;1.0000:15/1/0/15;0.6667:8/0/4/8
1514,1,R_cb63a1ebfc31098d,19,R_cb63a1ebfc31098d@19,F_proj,14,push,1,1,F,,,,,,17,0,0,674,1495,17,17,1.0,0.0,0.0,0.9860330131214393,0.36799474087273215,0.04624611141400212,14,1.0,1.0000;0.7500;0.5882;0.5833;0.5833,M2,M2,M2,1,M1:17;M2:656,673,17,push,cause#1,1,1,16,1,0,16,1.0000:15/1/0/15;0.7500:3/0/1/3;0.5882:10/0/7/10;0.5833:7/0/5/7;0.5833:7/0/5/7
1515,1,R_7b6b1008b48c1115,6,R_7b6b1008b48c1115@6,F_proj,10,cut,1,1,F,,,,,,17,0,0,689,1509,17,17,1.0,0.0,0.0,1.4486993082620658,0.24144988471034431,0.023138800756337532,14,1.0,1.0000;1.0000;1.0000;1.0000;0.6667,M1,M1,M1,1,M1:664;M2:24,688,24,cut,enable#1,1,1,16,1,0,16,1.0000:4/0/0/4;1.0000:10/1/0/10;1.0000:7/0/0/7;1.0000:15/1/0/15;0.6667:7/1/4/7
1516,1,R_8b0d2a6b7293001d,140,R_8b0d2a6b7293001d@140,F_proj,2,lift,1,1,F,,,,,,17,0,0,65,1376,17,17,1.0,0.0,0.0,0.39073018005253074,0.07814603601050615,0.04640809659545848,14,1.0,1.0000;1.0000;1.0000;0.7500;0.6471,M1,M1,M1,1,M1:64,64,0,lift,require#1,1,1,16,1,0,16,1.0000:10/1/0/10;1.0000:11/1/0/11;1.0000:15/1/0/15;0.7500:2/1/1/2;0.6471:10/1/6/10
1518,1,R_cb63a1ebfc31098d,19,R_cb63a1ebfc31098d@19,F_proj,5,lock,1,1,F,,,,,,17,0,0,676,1499,17,17,1.0,0.0,0.0,1.936636479681844,0.3227727466136407,0.0234447465216696,14,1.0,1.0000;1.0000;0.6667;0.6471;0.5833,M2,M2,M2,1,M1:17;M2:658,675,17,lock,hinder#0,1,1,16,1,0,16,1.0000:4/0/0/4;1.0000:15/1/0/15;0.6667:7/1/4/7;0.6471:10/1/6/10;0.5833:7/0/5/7
1519,1,R_8b0d2a6b7293001d,140,R_8b0d2a6b7293001d@140,F_proj,16,break,1,1,F,,,,,,17,0,0,65,1379,17,17,1.0,0.0,0.0,1.06056463734884,0.17676077289147332,0.022949562104455666,14,1.0,1.0000;1.0000;1.0000;0.7500;0.7273,M1,M1,M1,1,M1:64,64,0,break,enable#0,1,1,16,1,0,16,1.0000:10/1/0/10;1.0000:11/1/0/11;1.0000:15/1/0/15;0.7500:3/0/1/3;0.7273:8/0/3/8
1520,1,R_7b6b1008b48c1115,6,R_7b6b1008b48c1115@6,F_proj,15,turn,1,1,F,,,,,,17,0,0,691,1514,17,17,1.0,0.0,0.0,1.736139645816137,0.28935660763602283,0.023350156519517027,14,1.0,1.0000;1.0000;1.0000;1.0000;0.6667,M1,M1,M1,1,M1:666;M2:24,690,24,turn,avert#0,1,1,16,1,0,16,1.0000:4/0/0/4;1.0000:10/1/0/10;1.0000:7/0/0/7;1.0000:15/1/0/15;0.6667:8/0/4/8
1521,1,R_0e5d236bf5b42b15,20,R_0e5d236bf5b42b15@20,F_proj,1,hold,1,1,F,,,,,,17,0,0,67,1501,17,17,1.0,0.0,0.0,0.20151259857863654,0.03638387761309601,0.023047211670444025,14,1.0,1.0000;1.0000;1.0000;0.8824;0.8750,M2,M2,M2,1,M2:66,66,0,hold,cause#0,1,1,16,1,0,16,1.0000:6/1/0/6;1.0000:11/1/0/11;1.0000:11/1/0/11;0.8824:14/1/2/14;0.8750:13/1/2/13
1523,1,R_7b6b1008b48c1115,6,R_7b6b1008b48c1115@6,F_proj,7,break,1,0,F,,,,,,17,0,0,692,1517,17,17,1.0,0.0,0.0,2.0493499126844252,0.3415583187807375,0.022952596512480473,14,1.0,1.0000;1.0000;1.0000;1.0000;0.6667,M1,M1,M1,1,M1:667;M2:24,691,24,break,enable#0,1,1,16,1,0,16,1.0000:4/0/0/4;1.0000:11/0/0/11;1.0000:7/0/0/7;1.0000:15/1/0/15;0.6667:7/1/4/7
1524,1,R_7b6b1008b48c1115,6,R_7b6b1008b48c1115@6,F_proj,12,push,1,1,F,,,,,,17,0,0,693,1518,17,17,1.0,0.0,0.0,0.9916150860201453,0.4159261027608623,0.046258243333651916,14,1.0,1.0000;1.0000;1.0000;0.7500;0.6364,M1,M1,M1,1,M1:668;M2:24,692,24,push,cause#1,1,1,16,1,0,16,1.0000:10/1/0/10;1.0000:6/1/0/6;1.0000:15/1/0/15;0.7500:3/0/1/3;0.6364:7/0/4/7
1526,1,R_cb63a1ebfc31098d,19,R_cb63a1ebfc31098d@19,F_proj,8,lift,1,1,F,,,,,,17,0,0,680,1507,17,17,1.0,0.0,0.0,1.2205698773941698,0.3487542178972006,0.04641766352761517,14,1.0,1.0000;1.0000;0.6667;0.6667;0.6471,M2,M2,M2,1,M1:17;M2:662,679,17,lift,require#1,1,1,16,1,0,16,1.0000:3/1/0/3;1.0000:15/1/0/15;0.6667:7/1/4/7;0.6667:7/1/4/7;0.6471:10/1/6/10
1527,1,R_8b0d2a6b7293001d,140,R_8b0d2a6b7293001d@140,F_proj,9,hold_b,1,0,F,,,,,,17,0,0,66,1387,17,17,1.0,0.0,0.0,0.824231248904227,0.13737187481737118,0.023337148670990716,14,1.0,1.0000;1.0000;1.0000;1.0000;0.9091,M1,M1,M1,1,M1:65,65,0,hold_b,cause#0,1,0,16,1,0,16,1.0000:6/1/0/6;1.0000:10/1/0/10;1.0000:11/1/0/11;1.0000:15/1/0/15;0.9091:9/1/1/9
1528,1,R_cb63a1ebfc31098d,19,R_cb63a1ebfc31098d@19,F_proj,15,pull,1,1,F,,,,,,17,0,0,681,1509,17,17,1.0,0.0,0.0,3.651634066516954,0.6086056777528257,0.023322318251143875,14,1.0,1.0000;1.0000;0.6667;0.6667;0.6471,M2,M2,M2,1,M1:17;M2:663,680,17,pull,permit#0,1,1,16,1,0,16,1.0000:4/0/0/4;1.0000:15/1/0/15;0.6667:8/0/4/8;0.6667:7/1/4/7;0.6471:10/1/6/10
1532,1,R_7b6b1008b48c1115,6,R_7b6b1008b48c1115@6,F_proj,12,push,1,0,F,,,,,,17,0,0,697,1526,17,17,1.0,0.0,0.0,1.67014891610638,0.5492495155249649,0.04626842021866582,14,1.0,1.0000;1.0000;1.0000;0.7500;0.6364,M1,M1,M1,1,M1:672;M2:24,696,24,push,cause#1,1,1,16,1,0,16,1.0000:10/1/0/10;1.0000:6/1/0/6;1.0000:15/1/0/15;0.7500:3/0/1/3;0.6364:7/0/4/7
1533,1,R_cb63a1ebfc31098d,19,R_cb63a1ebfc31098d@19,F_proj,15,pull,1,1,F,,,,,,17,0,0,683,1514,17,17,1.0,0.0,0.0,4.595689688680251,0.7659482814467086,0.02330810399974665,14,1.0,1.0000;1.0000;0.6667;0.6667;0.6471,M2,M2,M2,1,M1:17;M2:665,682,17,pull,permit#0,1,1,16,1,0,16,1.0000:4/0/0/4;1.0000:15/1/0/15;0.6667:8/0/4/8;0.6667:7/1/4/7;0.6471:10/1/6/10
1534,1,R_7b6b1008b48c1115,6,R_7b6b1008b48c1115@6,F_proj,15,turn,1,0,F,,,,,,17,0,0,698,1528,17,17,1.0,0.0,0.0,2.3341718029897356,0.38902863383162256,0.023355908601810242,14,1.0,1.0000;1.0000;1.0000;1.0000;0.6667,M1,M1,M1,1,M1:673;M2:24,697,24,turn,avert#0,1,1,16,1,0,16,1.0000:4/0/0/4;1.0000:10/1/0/10;1.0000:7/0/0/7;1.0000:15/1/0/15;0.6667:8/0/4/8
1535,1,R_cb63a1ebfc31098d,19,R_cb63a1ebfc31098d@19,F_proj,4,drag,1,1,F,,,,,,17,0,0,684,1516,17,17,1.0,0.0,0.0,3.026943789782711,0.5044906316304517,0.023152101717430495,14,1.0,1.0000;1.0000;0.6667;0.6471;0.5833,M2,M2,M2,1,M1:17;M2:666,683,17,drag,permit#1,1,1,16,1,0,16,1.0000:4/0/0/4;1.0000:15/1/0/15;0.6667:7/1/4/7;0.6471:10/1/6/10;0.5833:7/0/5/7
1537,1,R_7b6b1008b48c1115,6,R_7b6b1008b48c1115@6,F_proj,15,turn,1,1,F,,,,,,17,0,0,699,1531,17,17,1.0,0.0,0.0,2.264782861700334,0.37746381028338905,0.023310170562223627,14,1.0,1.0000;1.0000;1.0000;1.0000;0.6667,M1,M1,M1,1,M1:674;M2:24,698,24,turn,avert#0,1,1,16,1,0,16,1.0000:4/0/0/4;1.0000:10/1/0/10;1.0000:7/0/0/7;1.0000:15/1/0/15;0.6667:8/0/4/8
1538,1,R_7b6b1008b48c1115,6,R_7b6b1008b48c1115@6,F_proj,12,push,1,0,F,,,,,,17,0,0,700,1532,17,17,1.0,0.0,0.0,1.4701453109427753,0.5075059077025625,0.04624368686868687,14,1.0,1.0000;1.0000;1.0000;0.7500;0.6364,M1,M1,M1,1,M1:675;M2:24,699,24,push,cause#1,1,1,16,1,0,16,1.0000:10/1/0/10;1.0000:6/1/0/6;1.0000:15/1/0/15;0.7500:3/0/1/3;0.6364:7/0/4/7
1540,1,R_7b6b1008b48c1115,6,R_7b6b1008b48c1115@6,F_proj,14,hold,1,1,F,,,,,,17,0,0,701,1534,17,17,1.0,0.0,0.0,2.8515858755127925,0.47709264011339664,0.023045397225725094,14,1.0,1.0000;1.0000;1.0000;1.0000;0.9167,M1,M1,M1,1,M1:676;M2:24,700,24,hold,cause#0,1,1,16,1,0,16,1.0000:4/0/0/4;1.0000:10/1/0/10;1.0000:6/1/0/6;1.0000:15/1/0/15;0.9167:10/1/1/10
1541,1,R_0e5d236bf5b42b15,20,R_0e5d236bf5b42b15@20,F_proj,9,lift,1,1,F,,,,,,17,0,0,67,1521,17,17,1.0,0.0,0.0,0.5373088006460128,0.10746176012920255,0.0464383604801361,14,1.0,1.0000;1.0000;1.0000;0.7500;0.6471,M2,M2,M2,1,M2:66,66,0,lift,require#1,1,1,16,1,0,16,1.0000:6/1/0/6;1.0000:11/1/0/11;1.0000:11/1/0/11;0.7500:2/1/1/2;0.6471:10/1/6/10
1542,1,R_0e5d236bf5b42b15,20,R_0e5d236bf5b42b15@20,F_proj,0,carry,1,0,F,,,,,,17,0,0,67,1522,17,17,1.0,0.0,0.0,0.22697224130651744,0.04539444826130349,0.045968325934321964,14,1.0,1.0000;1.0000;1.0000;0.7500;0.6471,M2,M2,M2,1,M2:66,66,0,carry,require#0,1,1,16,1,0,16,1.0000:6/1/0/6;1.0000:11/1/0/11;1.0000:11/1/0/11;0.7500:3/0/1/3;0.6471:10/1/6/10
1543,1,R_7b6b1008b48c1115,6,R_7b6b1008b48c1115@6,F_proj,2,lift,1,0,F,,,,,,17,0,0,702,1537,17,17,1.0,0.0,0.0,1.4595588562960313,0.35083770240921025,0.04644284320820616,14,1.0,1.0000;1.0000;1.0000;0.9091;0.6667,M1,M1,M1,1,M1:677;M2:24,701,24,lift,require#1,1,1,16,1,0,16,1.0000:3/1/0/3;1.0000:6/1/0/6;1.0000:15/1/0/15;0.9091:10/0/1/10;0.6667:7/1/4/7
1545,1,R_8b0d2a6b7293001d,140,R_8b0d2a6b7293001d@140,F_proj,7,cut,1,1,F,,,,,,17,0,0,66,1405,17,17,1.0,0.0,0.0,0.20414901666579355,0.03402483611096559,0.02316007793350512,14,1.0,1.0000;1.0000;1.0000;0.7500;0.7273,M1,M1,M1,1,M1:65,65,0,cut,enable#1,1,1,16,1,0,16,1.0000:10/1/0/10;1.0000:11/1/0/11;1.0000:15/1/0/15;0.7500:3/0/1/3;0.7273:7/1/3/7
1548,1,R_7b6b1008b48c1115,6,R_7b6b1008b48c1115@6,F_proj,14,hold,1,1,F,,,,,,17,0,0,704,1542,17,17,1.0,0.0,0.0,3.6387702067738945,0.6082814044070289,0.023114317076995454,14,1.0,1.0000;1.0000;1.0000;1.0000;0.9167,M1,M1,M1,1,M1:679;M2:24,703,24,hold,cause#0,1,1,16,1,0,16,1.0000:4/0/0/4;1.0000:10/1/0/10;1.0000:6/1/0/6;1.0000:15/1/0/15;0.9167:10/1/1/10
1549,1,R_cb63a1ebfc31098d,19,R_cb63a1ebfc31098d@19,F_proj,0,hold_b,1,1,F,,,,,,17,0,0,690,1530,17,17,1.0,0.0,0.0,1.501019198901768,0.24833828524376786,0.023255813953488372,14,1.0,1.0000;1.0000;1.0000;0.9167;0.9167,M2,M2,M2,1,M1:18;M2:671,689,18,hold_b,cause#0,1,0,16,1,0,16,1.0000:4/0/0/4;1.0000:6/1/0/6;1.0000:15/1/0/15;0.9167:10/1/1/10;0.9167:10/1/1/10
1550,1,R_7b6b1008b48c1115,6,R_7b6b1008b48c1115@6,F_proj,12,push,1,0,F,,,,,,17,0,0,705,1544,17,17,1.0,0.0,0.0,1.2863716745964788,0.4673736142814949,0.04622901528438988,14,1.0,1.0000;1.0000;1.0000;0.7500;0.6364,M1,M1,M1,1,M1:680;M2:24,704,24,push,cause#1,1,1,16,1,0,16,1.0000:10/1/0/10;1.0000:6/1/0/6;1.0000:15/1/0/15;0.7500:3/0/1/3;0.6364:7/0/4/7
1551,1,R_cb63a1ebfc31098d,19,R_cb63a1ebfc31098d@19,F_proj,5,lock,1,1,F,,,,,,17,0,0,691,1532,17,17,1.0,0.0,0.0,2.193415171827966,0.365569195304661,0.02344361325863094,14,1.0,1.0000;1.0000;0.6667;0.6471;0.5833,M2,M2,M2,1,M1:18;M2:672,690,18,lock,hinder#0,1,1,16,1,0,16,1.0000:4/0/0/4;1.0000:15/1/0/15;0.6667:7/1/4/7;0.6471:10/1/6/10;0.5833:7/0/5/7
1553,1,R_cb63a1ebfc31098d,19,R_cb63a1ebfc31098d@19,F_proj,5,lock,1,0,F,,,,,,17,0,0,692,1534,17,17,1.0,0.0,0.0,3.908057738324058,0.651342956387343,0.023443360840210054,14,1.0,1.0000;1.0000;0.6667;0.6471;0.5833,M2,M2,M2,1,M1:18;M2:673,691,18,lock,hinder#0,1,1,16,1,0,16,1.0000:4/0/0/4;1.0000:15/1/0/15;0.6667:7/1/4/7;0.6471:10/1/6/10;0.5833:7/0/5/7
1554,1,R_7b6b1008b48c1115,6,R_7b6b1008b48c1115@6,F_proj,14,hold,1,0,F,,,,,,17,0,0,707,1548,17,17,1.0,0.0,0.0,4.367112845580719,0.7296654226510377,0.0231163313757341,14,1.0,1.0000;1.0000;1.0000;1.0000;0.9167,M1,M1,M1,1,M1:682;M2:24,706,24,hold,cause#0,1,1,16,1,0,16,1.0000:4/0/0/4;1.0000:10/1/0/10;1.0000:6/1/0/6;1.0000:15/1/0/15;0.9167:10/1/1/10
1555,1,R_cb63a1ebfc31098d,19,R_cb63a1ebfc31098d@19,F_proj,15,pull,1,1,F,,,,,,17,0,0,693,1536,17,17,1.0,0.0,0.0,4.063728551280307,0.6772880918800511,0.023319701557768552,14,1.0,1.0000;1.0000;0.6667;0.6667;0.6471,M2,M2,M2,1,M1:18;M2:674,692,18,pull,permit#0,1,1,16,1,0,16,1.0000:4/0/0/4;1.0000:15/1/0/15;0.6667:8/0/4/8;0.6667:7/1/4/7;0.6471:10/1/6/10
1558,1,R_7b6b1008b48c1115,6,R_7b6b1008b48c1115@6,F_proj,14,hold,1,1,F,,,,,,17,0,0,709,1552,17,17,1.0,0.0,0.0,4.030954058232733,0.6736346990441928,0.023086989032901295,14,1.0,1.0000;1.0000;1.0000;1.0000;0.9167,M1,M1,M1,1,M1:684;M2:24,708,24,hold,cause#0,1,1,16,1,0,16,1.0000:4/0/0/4;1.0000:10/1/0/10;1.0000:6/1/0/6;1.0000:15/1/0/15;0.9167:10/1/1/10
1559,1,R_cb63a1ebfc31098d,19,R_cb63a1ebfc31098d@19,F_proj,8,lift,1,0,F,,,,,,17,0,0,695,1540,17,17,1.0,0.0,0.0,1.1675738831575424,0.3745403012605044,0.0464240122053741,14,1.0,1.0000;1.0000;0.6667;0.6667;0.6471,M2,M2,M2,1,M1:18;M2:676,694,18,lift,require#1,1,1,16,1,0,16,1.0000:3/1/0/3;1.0000:15/1/0/15;0.6667:7/1/4/7;0.6667:7/1/4/7;0.6471:10/1/6/10
1561,1,R_cb63a1ebfc31098d,19,R_cb63a1ebfc31098d@19,F_proj,14,push,1,1,F,,,,,,17,0,0,696,1542,17,17,1.0,0.0,0.0,1.1613321274153074,0.3920566538432677,0.046209341376951305,14,1.0,1.0000;0.7500;0.5882;0.5833;0.5833,M2,M2,M2,1,M1:18;M2:677,695,18,push,cause#1,1,1,16,1,0,16,1.0000:15/1/0/15;0.7500:3/0/1/3;0.5882:10/0/7/10;0.5833:7/0/5/7;0.5833:7/0/5/7
1564,1,R_7b6b1008b48c1115,6,R_7b6b1008b48c1115@6,F_proj,14,hold,1,1,F,,,,,,17,0,0,712,1558,17,17,1.0,0.0,0.0,4.73524569546199,0.7910102827093228,0.023123001955367952,14,1.0,1.0000;1.0000;1.0000;1.0000;0.9167,M1,M1,M1,1,M1:687;M2:24,711,24,hold,cause#0,1,1,16,1,0,16,1.0000:4/0/0/4;1.0000:10/1/0/10;1.0000:6/1/0/6;1.0000:15/1/0/15;0.9167:10/1/1/10
1567,1,R_0e5d236bf5b42b15,20,R_0e5d236bf5b42b15@20,F_proj,8,pull,1,1,F,,,,,,17,0,0,70,1547,17,17,1.0,0.0,0.0,0.6724389650745759,0.11207316084576265,0.023326414918992597,14,1.0,1.0000;1.0000;1.0000;0.7500;0.6471,M2,M2,M2,1,M2:69,69,0,pull,permit#0,1,1,16,1,0,16,1.0000:7/0/0/7;1.0000:12/0/0/12;1.0000:11/1/0/11;0.7500:3/0/1/3;0.6471:10/1/6/10
1568,1,R_cb63a1ebfc31098d,19,R_cb63a1ebfc31098d@19,F_proj,4,drag,1,1,F,,,,,,17,0,0,698,1549,17,17,1.0,0.0,0.0,3.1844635518181876,0.5307439253030313,0.023188136590198447,14,1.0,1.0000;1.0000;0.6667;0.6471;0.5833,M2,M2,M2,1,M1:18;M2:679,697,18,drag,permit#1,1,1,16,1,0,16,1.0000:4/0/0/4;1.0000:15/1/0/15;0.6667:7/1/4/7;0.6471:10/1/6/10;0.5833:7/0/5/7
1570,1,R_7b6b1008b48c1115,6,R_7b6b1008b48c1115@6,F_proj,13,press,1,0,F,,,,,,17,0,0,715,1564,17,17,1.0,0.0,0.0,2.295023914171322,0.3825039856952203,0.023592344083361676,14,1.0,1.0000;1.0000;1.0000;1.0000;0.6471,M1,M1,M1,1,M1:690;M2:24,714,24,press,avert#1,1,1,16,1,0,16,1.0000:4/0/0/4;1.0000:10/1/0/10;1.0000:7/0/0/7;1.0000:15/1/0/15;0.6471:10/1/6/10
1573,1,R_7b6b1008b48c1115,6,R_7b6b1008b48c1115@6,F_proj,13,press,1,1,F,,,,,,17,0,0,716,1567,17,17,1.0,0.0,0.0,2.272078758936449,0.37867979315607486,0.023547929140176532,14,1.0,1.0000;1.0000;1.0000;1.0000;0.6471,M1,M1,M1,1,M1:691;M2:24,715,24,press,avert#1,1,1,16,1,0,16,1.0000:4/0/0/4;1.0000:10/1/0/10;1.0000:7/0/0/7;1.0000:15/1/0/15;0.6471:10/1/6/10
1574,1,R_7b6b1008b48c1115,6,R_7b6b1008b48c1115@6,F_proj,15,turn,1,0,F,,,,,,17,0,0,717,1568,17,17,1.0,0.0,0.0,2.2914503523833214,0.38190839206388694,0.02334834371722904,14,1.0,1.0000;1.0000;1.0000;1.0000;0.6667,M1,M1,M1,1,M1:692;M2:24,716,24,turn,avert#0,1,1,16,1,0,16,1.0000:4/0/0/4;1.0000:10/1/0/10;1.0000:7/0/0/7;1.0000:15/1/0/15;0.6667:8/0/4/8
1575,1,R_cb63a1ebfc31098d,19,R_cb63a1ebfc31098d@19,F_proj,8,lift,1,1,F,,,,,,17,0,0,701,1556,17,17,1.0,0.0,0.0,1.1443450049671753,0.3495132883473918,0.04642130571481413,14,1.0,1.0000;1.0000;0.6667;0.6667;0.6471,M2,M2,M2,1,M1:18;M2:682,700,18,lift,require#1,1,1,16,1,0,16,1.0000:3/1/0/3;1.0000:15/1/0/15;0.6667:7/1/4/7;0.6667:7/1/4/7;0.6471:10/1/6/10
1579,1,R_7b6b1008b48c1115,6,R_7b6b1008b48c1115@6,F_proj,10,cut,1,1,F,,,,,,17,0,0,719,1573,17,17,1.0,0.0,0.0,1.604646986483796,0.26744116441396604,0.023181454836131096,14,1.0,1.0000;1.0000;1.0000;1.0000;0.6667,M1,M1,M1,1,M1:694;M2:24,718,24,cut,enable#1,1,1,16,1,0,16,1.0000:4/0/0/4;1.0000:10/1/0/10;1.0000:7/0/0/7;1.0000:15/1/0/15;0.6667:7/1/4/7
1580,1,R_cb63a1ebfc31098d,19,R_cb63a1ebfc31098d@19,F_proj,0,hold_b,1,1,F,,,,,,17,0,0,704,1561,17,17,1.0,0.0,0.0,1.8208722978384015,0.3016802640458964,0.023166497680277752,14,1.0,1.0000;1.0000;1.0000;0.9167;0.9167,M2,M2,M2,1,M1:18;M2:685,703,18,hold_b,cause#0,1,0,16,1,0,16,1.0000:4/0/0/4;1.0000:6/1/0/6;1.0000:15/1/0/15;0.9167:10/1/1/10;0.9167:10/1/1/10
1581,1,R_7b6b1008b48c1115,6,R_7b6b1008b48c1115@6,F_proj,7,break,1,1,F,,,,,,17,0,0,720,1575,17,17,1.0,0.0,0.0,1.8813929893376242,0.31356549822293744,0.022965919557875344,14,1.0,1.0000;1.0000;1.0000;1.0000;0.6667,M1,M1,M1,1,M1:695;M2:24,719,24,break,enable#0,1,1,16,1,0,16,1.0000:4/0/0/4;1.0000:11/0/0/11;1.0000:7/0/0/7;1.0000:15/1/0/15;0.6667:7/1/4/7
1585,1,R_7b6b1008b48c1115,6,R_7b6b1008b48c1115@6,F_proj,13,press,1,0,F,,,,,,17,0,0,722,1579,17,17,1.0,0.0,0.0,2.878936804345654,0.4798228007242757,0.023549947938996754,14,1.0,1.0000;1.0000;1.0000;1.0000;0.6471,M1,M1,M1,1,M1:697;M2:24,721,24,press,avert#1,1,1,16,1,0,16,1.0000:4/0/0/4;1.0000:10/1/0/10;1.0000:7/0/0/7;1.0000:15/1/0/15;0.6471:10/1/6/10
1588,1,R_7b6b1008b48c1115,6,R_7b6b1008b48c1115@6,F_proj,12,push,1,1,F,,,,,,17,0,0,724,1582,17,17,1.0,0.0,0.0,1.0527606998127386,0.41080148572363806,0.04624365792530106,14,1.0,1.0000;1.0000;1.0000;0.7500;0.6364,M1,M1,M1,1,M1:699;M2:24,723,24,push,cause#1,1,1,16,1,0,16,1.0000:10/1/0/10;1.0000:6/1/0/6;1.0000:15/1/0/15;0.7500:3/0/1/3;0.6364:7/0/4/7
1589,1,R_cb63a1ebfc31098d,19,R_cb63a1ebfc31098d@19,F_proj,1,bend,1,0,F,,,,,,17,0,0,708,1570,17,17,1.0,0.0,0.0,2.2817729873886856,0.38029549789811423,0.022970248640723317,14,1.0,1.0000;1.0000;0.6667;0.6667;0.6471,M2,M2,M2,1,M1:18;M2:689,707,18,bend,hinder#1,1,1,16,1,0,16,1.0000:4/0/0/4;1.0000:15/1/0/15;0.6667:7/1/4/7;0.6667:8/0/4/8;0.6471:10/1/6/10
1591,1,R_8b0d2a6b7293001d,140,R_8b0d2a6b7293001d@140,F_proj,7,cut,1,0,F,,,,,,17,0,0,66,1451,17,17,1.0,0.0,0.0,0.5331310934817586,0.08885518224695976,0.02318557613105952,14,1.0,1.0000;1.0000;1.0000;0.7500;0.7273,M1,M1,M1,1,M1:65,65,0,cut,enable#1,1,1,16,1,0,16,1.0000:10/1/0/10;1.0000:11/1/0/11;1.0000:15/1/0/15;0.7500:3/0/1/3;0.7273:7/1/3/7
1593,1,R_cb63a1ebfc31098d,19,R_cb63a1ebfc31098d@19,F_proj,14,push,1,0,F,,,,,,17,0,0,711,1574,17,17,1.0,0.0,0.0,1.3796371740162405,0.4293527324642009,0.046255103906392835,14,1.0,1.0000;0.7500;0.5882;0.5833;0.5833,M2,M2,M2,1,M1:19;M2:691,710,19,push,cause#1,1,1,16,1,0,16,1.0000:15/1/0/15;0.7500:3/0/1/3;0.5882:10/0/7/10;0.5833:7/0/5/7;0.5833:7/0/5/7
1594,1,R_0e5d236bf5b42b15,20,R_0e5d236bf5b42b15@20,F_proj,16,push,1,0,F,,,,,,17,0,0,71,1574,17,17,1.0,0.0,0.0,0.3813049489830926,0.09633710654111939,0.046226932212680434,14,1.0,1.0000;1.0000;1.0000;0.5882;0.5625,M2,M2,M2,1,M2:70,70,0,push,cause#1,1,1,16,1,0,16,1.0000:6/1/0/6;1.0000:11/1/0/11;1.0000:11/1/0/11;0.5882:10/0/7/10;0.5625:9/0/7/9
1595,1,R_7b6b1008b48c1115,6,R_7b6b1008b48c1115@6,F_proj,7,break,1,0,F,,,,,,17,0,0,726,1589,17,17,1.0,0.0,0.0,2.4813880416611322,0.4135646736101887,0.02297766145230994,14,1.0,1.0000;1.0000;1.0000;1.0000;0.6667,M1,M1,M1,1,M1:701;M2:24,725,24,break,enable#0,1,1,16,1,0,16,1.0000:4/0/0/4;1.0000:11/0/0/11;1.0000:7/0/0/7;1.0000:15/1/0/15;0.6667:7/1/4/7
1596,1,R_cb63a1ebfc31098d,19,R_cb63a1ebfc31098d@19,F_proj,4,drag,1,0,F,,,,,,17,0,0,713,1577,17,17,1.0,0.0,0.0,3.3617085879185606,0.5602847646530934,0.023207007725530752,14,1.0,1.0000;1.0000;0.6667;0.6471;0.5833,M2,M2,M2,1,M1:19;M2:693,712,19,drag,permit#1,1,1,16,1,0,16,1.0000:4/0/0/4;1.0000:15/1/0/15;0.6667:7/1/4/7;0.6471:10/1/6/10;0.5833:7/0/5/7
1597,1,R_7b6b1008b48c1115,6,R_7b6b1008b48c1115@6,F_proj,15,turn,1,0,F,,,,,,17,0,0,727,1591,17,17,1.0,0.0,0.0,2.1013566988264722,0.3502261164710787,0.023313778534301954,14,1.0,1.0000;1.0000;1.0000;1.0000;0.6667,M1,M1,M1,1,M1:702;M2:24,726,24,turn,avert#0,1,1,16,1,0,16,1.0000:4/0/0/4;1.0000:10/1/0/10;1.0000:7/0/0/7;1.0000:15/1/0/15;0.6667:8/0/4/8
1598,1,R_cb63a1ebfc31098d,19,R_cb63a1ebfc31098d@19,F_proj,8,lift,1,1,F,,,,,,17,0,0,714,1579,17,17,1.0,0.0,0.0,1.1132500307406965,0.40668048639061977,0.046448751442979525,14,1.0,1.0000;1.0000;0.6667;0.6667;0.6471,M2,M2,M2,1,M1:19;M2:694,713,19,lift,require#1,1,1,16,1,0,16,1.0000:3/1/0/3;1.0000:15/1/0/15;0.6667:7/1/4/7;0.6667:7/1/4/7;0.6471:10/1/6/10
1599,1,R_8b0d2a6b7293001d,140,R_8b0d2a6b7293001d@140,F_proj,10,push,1,1,F,,,,,,17,0,0,66,1459,17,17,1.0,0.0,0.0,0.1677901151121417,0.0920654156518815,0.04620662436625277,14,1.0,1.0000;1.0000;1.0000;0.6364;0.5882,M1,M1,M1,1,M1:65,65,0,push,cause#1,1,1,16,1,0,16,1.0000:11/0/0/11;1.0000:11/1/0/11;1.0000:15/1/0/15;0.6364:7/0/4/7;0.5882:10/0/7/10
1602,1,R_7b6b1008b48c1115,6,R_7b6b1008b48c1115@6,F_proj,13,press,1,1,F,,,,,,17,0,0,730,1596,17,17,1.0,0.0,0.0,2.526084689560076,0.4210141149266794,0.02354474106845247,14,1.0,1.0000;1.0000;1.0000;1.0000;0.6471,M1,M1,M1,1,M1:705;M2:24,729,24,press,avert#1,1,1,16,1,0,16,1.0000:4/0/0/4;1.0000:10/1/0/10;1.0000:7/0/0/7;1.0000:15/1/0/15;0.6471:10/1/6/10
1603,1,R_cb63a1ebfc31098d,19,R_cb63a1ebfc31098d@19,F_proj,8,lift,1,1,F,,,,,,17,0,0,716,1584,17,17,1.0,0.0,0.0,1.1068100524513822,0.575107109033819,0.04645528603010206,14,1.0,1.0000;1.0000;0.6667;0.6667;0.6471,M2,M2,M2,1,M1:19;M2:696,715,19,lift,require#1,1,1,16,1,0,16,1.0000:3/1/0/3;1.0000:15/1/0/15;0.6667:7/1/4/7;0.6667:7/1/4/7;0.6471:10/1/6/10
1604,1,R_7b6b1008b48c1115,6,R_7b6b1008b48c1115@6,F_proj,7,break,1,0,F,,,,,,17,0,0,731,1598,17,17,1.0,0.0,0.0,2.3129276610323974,0.3854879435053996,0.02297145970158288,14,1.0,1.0000;1.0000;1.0000;1.0000;0.6667,M1,M1,M1,1,M1:706;M2:24,730,24,break,enable#0,1,1,16,1,0,16,1.0000:4/0/0/4;1.0000:11/0/0/11;1.0000:7/0/0/7;1.0000:15/1/0/15;0.6667:7/1/4/7
1607,1,R_cb63a1ebfc31098d,19,R_cb63a1ebfc31098d@19,F_proj,1,bend,1,0,F,,,,,,17,0,0,718,1588,17,17,1.0,0.0,0.0,2.195458111414754,0.3659096852357923,0.022958644231640638,14,1.0,1.0000;1.0000;0.6667;0.6667;0.6471,M2,M2,M2,1,M1:19;M2:698,717,19,bend,hinder#1,1,1,16,1,0,16,1.0000:4/0/0/4;1.0000:15/1/0/15;0.6667:7/1/4/7;0.6667:8/0/4/8;0.6471:10/1/6/10
1608,1,R_cb63a1ebfc31098d,19,R_cb63a1ebfc31098d@19,F_proj,14,push,1,0,F,,,,,,17,0,0,719,1589,17,17,1.0,0.0,0.0,1.2739392362491164,0.4054727964884577,0.04622165866618362,14,1.0,1.0000;0.7500;0.5882;0.5833;0.5833,M2,M2,M2,1,M1:19;M2:699,718,19,push,cause#1,1,1,16,1,0,16,1.0000:15/1/0/15;0.7500:3/0/1/3;0.5882:10/0/7/10;0.5833:7/0/5/7;0.5833:7/0/5/7
1609,1,R_8b0d2a6b7293001d,140,R_8b0d2a6b7293001d@140,F_proj,0,carry,1,0,F,,,,,,17,0,0,66,1469,17,17,1.0,0.0,0.0,0.5885276178124614,0.11770552356249228,0.045983947860720534,14,1.0,1.0000;1.0000;1.0000;0.7500;0.7273,M1,M1,M1,1,M1:65,65,0,carry,require#0,1,1,16,1,0,16,1.0000:10/1/0/10;1.0000:11/1/0/11;1.0000:15/1/0/15;0.7500:3/0/1/3;0.7273:8/0/3/8
1610,1,R_cb63a1ebfc31098d,19,R_cb63a1ebfc31098d@19,F_proj,8,lift,1,0,F,,,,,,17,0,0,720,1591,17,17,1.0,0.0,0.0,1.0979701919025149,0.6471846213038254,0.046470251198697264,14,1.0,1.0000;1.0000;0.6667;0.6667;0.6471,M2,M2,M2,1,M1:19;M2:700,719,19,lift,require#1,1,1,16,1,0,16,1.0000:3/1/0/3;1.0000:15/1/0/15;0.6667:7/1/4/7;0.6667:7/1/4/7;0.6471:10/1/6/10
1612,1,R_7b6b1008b48c1115,6,R_7b6b1008b48c1115@6,F_proj,2,lift,1,0,F,,,,,,17,0,0,734,1606,17,17,1.0,0.0,0.0,1.3332775391389806,0.31291507703356375,0.046447182144040484,14,1.0,1.0000;1.0000;1.0000;0.9091;0.6667,M1,M1,M1,1,M1:709;M2:24,733,24,lift,require#1,1,1,16,1,0,16,1.0000:3/1/0/3;1.0000:6/1/0/6;1.0000:15/1/0/15;0.9091:10/0/1/10;0.6667:7/1/4/7
1614,1,R_7b6b1008b48c1115,6,R_7b6b1008b48c1115@6,F_proj,15,turn,1,1,F,,,,,,17,0,0,735,1608,17,17,1.0,0.0,0.0,2.0045675599013064,0.3340945933168844,0.023316685721162526,14,1.0,1.0000;1.0000;1.0000;1.0000;0.6667,M1,M1,M1,1,M1:710;M2:24,734,24,turn,avert#0,1,1,16,1,0,16,1.0000:4/0/0/4;1.0000:10/1/0/10;1.0000:7/0/0/7;1.0000:15/1/0/15;0.6667:8/0/4/8
1615,1,R_cb63a1ebfc31098d,19,R_cb63a1ebfc31098d@19,F_proj,4,drag,1,1,F,,,,,,17,0,0,722,1596,17,17,1.0,0.0,0.0,3.1296385414796464,0.521606423579941,0.02318099819603127,14,1.0,1.0000;1.0000;0.6667;0.6471;0.5833,M2,M2,M2,1,M1:19;M2:702,721,19,drag,permit#1,1,1,16,1,0,16,1.0000:4/0/0/4;1.0000:15/1/0/15;0.6667:7/1/4/7;0.6471:10/1/6/10;0.5833:7/0/5/7
1618,1,R_cb63a1ebfc31098d,19,R_cb63a1ebfc31098d@19,F_proj,5,lock,1,1,F,,,,,,17,0,0,723,1599,17,17,1.0,0.0,0.0,2.088178021572693,0.3480296702621155,0.023465162335713857,14,1.0,1.0000;1.0000;0.6667;0.6471;0.5833,M2,M2,M2,1,M1:19;M2:703,722,19,lock,hinder#0,1,1,16,1,0,16,1.0000:4/0/0/4;1.0000:15/1/0/15;0.6667:7/1/4/7;0.6471:10/1/6/10;0.5833:7/0/5/7
1619,1,R_8b0d2a6b7293001d,140,R_8b0d2a6b7293001d@140,F_proj,7,cut,1,1,F,,,,,,17,0,0,68,1479,17,17,1.0,0.0,0.0,0.4513709733956164,0.07522849556593605,0.023181191147364003,14,1.0,1.0000;1.0000;1.0000;0.7500;0.7273,M1,M1,M1,1,M1:67,67,0,cut,enable#1,1,1,16,1,0,16,1.0000:10/1/0/10;1.0000:11/1/0/11;1.0000:15/1/0/15;0.7500:3/0/1/3;0.7273:7/1/3/7
1621,1,R_7b6b1008b48c1115,6,R_7b6b1008b48c1115@6,F_proj,10,cut,1,1,F,,,,,,17,0,0,736,1615,17,17,1.0,0.0,0.0,1.8226481523183942,0.30377469205306573,0.023181981550257576,14,1.0,1.0000;1.0000;1.0000;1.0000;0.6667,M1,M1,M1,1,M1:711;M2:24,735,24,cut,enable#1,1,1,16,1,0,16,1.0000:4/0/0/4;1.0000:10/1/0/10;1.0000:7/0/0/7;1.0000:15/1/0/15;0.6667:7/1/4/7
1622,1,R_7b6b1008b48c1115,6,R_7b6b1008b48c1115@6,F_proj,2,lift,1,0,F,,,,,,17,0,0,737,1616,17,17,1.0,0.0,0.0,1.3173299557292883,0.30841641125254177,0.04642461612140441,14,1.0,1.0000;1.0000;1.0000;0.9091;0.6667,M1,M1,M1,1,M1:712;M2:24,736,24,lift,require#1,1,1,16,1,0,16,1.0000:3/1/0/3;1.0000:6/1/0/6;1.0000:15/1/0/15;0.9091:10/0/1/10;0.6667:7/1/4/7
1624,1,R_7b6b1008b48c1115,6,R_7b6b1008b48c1115@6,F_proj,10,cut,1,0,F,,,,,,17,0,0,738,1618,17,17,1.0,0.0,0.0,3.212060985321594,0.535343497553599,0.02319811066933724,14,1.0,1.0000;1.0000;1.0000;1.0000;0.6667,M1,M1,M1,1,M1:713;M2:24,737,24,cut,enable#1,1,1,16,1,0,16,1.0000:4/0/0/4;1.0000:10/1/0/10;1.0000:7/0/0/7;1.0000:15/1/0/15;0.6667:7/1/4/7
1625,1,R_cb63a1ebfc31098d,19,R_cb63a1ebfc31098d@19,F_proj,14,push,1,0,F,,,,,,17,0,0,725,1606,17,17,1.0,0.0,0.0,1.1905079190232666,0.38584201406668434,0.04621911505482358,14,1.0,1.0000;0.7500;0.5882;0.5833;0.5833,M2,M2,M2,1,M1:19;M2:705,724,19,push,cause#1,1,1,16,1,0,16,1.0000:15/1/0/15;0.7500:3/0/1/3;0.5882:10/0/7/10;0.5833:7/0/5/7;0.5833:7/0/5/7
1627,1,R_7b6b1008b48c1115,6,R_7b6b1008b48c1115@6,F_proj,7,break,1,1,F,,,,,,17,0,0,739,1621,17,17,1.0,0.0,0.0,2.1079529545425277,0.3513254924237546,0.02294631933876406,14,1.0,1.0000;1.0000;1.0000;1.0000;0.6667,M1,M1,M1,1,M1:714;M2:24,738,24,break,enable#0,1,1,16,1,0,16,1.0000:4/0/0/4;1.0000:11/0/0/11;1.0000:7/0/0/7;1.0000:15/1/0/15;0.6667:7/1/4/7
1629,1,R_cb63a1ebfc31098d,19,R_cb63a1ebfc31098d@19,F_proj,14,push,1,1,F,,,,,,17,0,0,727,1610,17,17,1.0,0.0,0.0,1.174150479499052,0.38190067615725576,0.04619557118588502,14,1.0,1.0000;0.7500;0.5882;0.5833;0.5833,M2,M2,M2,1,M1:19;M2:707,726,19,push,cause#1,1,1,16,1,0,16,1.0000:15/1/0/15;0.7500:3/0/1/3;0.5882:10/0/7/10;0.5833:7/0/5/7;0.5833:7/0/5/7
1630,1,R_cb63a1ebfc31098d,19,R_cb63a1ebfc31098d@19,F_proj,5,lock,1,0,F,,,,,,17,0,0,728,1611,17,17,1.0,0.0,0.0,2.711717942865459,0.45195299047757653,0.023470542681837136,14,1.0,1.0000;1.0000;0.6667;0.6471;0.5833,M2,M2,M2,1,M1:19;M2:708,727,19,lock,hinder#0,1,1,16,1,0,16,1.0000:4/0/0/4;1.0000:15/1/0/15;0.6667:7/1/4/7;0.6471:10/1/6/10;0.5833:7/0/5/7
1631,1,R_7b6b1008b48c1115,6,R_7b6b1008b48c1115@6,F_proj,10,cut,1,0,F,,,,,,17,0,0,741,1625,17,17,1.0,0.0,0.0,2.516167189334334,0.419361198222389,0.023158208066676587,14,1.0,1.0000;1.0000;1.0000;1.0000;0.6667,M1,M1,M1,1,M1:716;M2:24,740,24,cut,enable#1,1,1,16,1,0,16,1.0000:4/0/0/4;1.0000:10/1/0/10;1.0000:7/0/0/7;1.0000:15/1/0/15;0.6667:7/1/4/7
1632,1,R_0e5d236bf5b42b15,20,R_0e5d236bf5b42b15@20,F_proj,15,lock,1,1,F,,,,,,17,0,0,73,1612,17,17,1.0,0.0,0.0,0.5364196322304429,0.08940327203840716,0.023441915811393724,14,1.0,1.0000;1.0000;0.9167;0.7500;0.6471,M2,M2,M2,1,M2:72,72,0,lock,hinder#0,1,1,16,1,0,16,1.0000:7/0/0/7;1.0000:11/1/0/11;0.9167:11/0/1/11;0.7500:3/0/1/3;0.6471:10/1/6/10
1633,1,R_7b6b1008b48c1115,6,R_7b6b1008b48c1115@6,F_proj,14,hold,1,1,F,,,,,,17,0,0,743,1627,17,17,1.0,0.0,0.0,3.3363721213926514,0.5577942996276726,0.023219860264605322,14,1.0,1.0000;1.0000;1.0000;1.0000;0.9167,M1,M1,M1,1,M1:717;M2:25,742,25,hold,cause#0,1,1,16,1,0,16,1.0000:4/0/0/4;1.0000:10/1/0/10;1.0000:6/1/0/6;1.0000:15/1/0/15;0.9167:10/1/1/10
1634,1,R_7b6b1008b48c1115,6,R_7b6b1008b48c1115@6,F_proj,13,press,1,1,F,,,,,,17,0,0,744,1628,17,17,1.0,0.0,0.0,2.651139475634938,0.44185657927248967,0.02356262071014708,14,1.0,1.0000;1.0000;1.0000;1.0000;0.6471,M1,M1,M1,1,M1:718;M2:25,743,25,press,avert#1,1,1,16,1,0,16,1.0000:4/0/0/4;1.0000:10/1/0/10;1.0000:7/0/0/7;1.0000:15/1/0/15;0.6471:10/1/6/10
1637,1,R_cb63a1ebfc31098d,19,R_cb63a1ebfc31098d@19,F_proj,15,pull,1,0,F,,,,,,17,0,0,730,1618,17,17,1.0,0.0,0.0,3.13362452089161,0.522270753481935,0.023371692964764504,14,1.0,1.0000;1.0000;0.6667;0.6667;0.6471,M2,M2,M2,1,M1:19;M2:710,729,19,pull,permit#0,1,1,16,1,0,16,1.0000:4/0/0/4;1.0000:15/1/0/15;0.6667:8/0/4/8;0.6667:7/1/4/7;0.6471:10/1/6/10
1638,1,R_cb63a1ebfc31098d,19,R_cb63a1ebfc31098d@19,F_proj,0,hold_b,1,0,F,,,,,,17,0,0,731,1619,17,17,1.0,0.0,0.0,1.8011078638855023,0.29844544172461657,0.02323995850007411,14,1.0,1.0000;1.0000;1.0000;0.9167;0.9167,M2,M2,M2,1,M1:19;M2:711,730,19,hold_b,cause#0,1,0,16,1,0,16,1.0000:4/0/0/4;1.0000:6/1/0/6;1.0000:15/1/0/15;0.9167:10/1/1/10;0.9167:10/1/1/10
1639,1,R_7b6b1008b48c1115,6,R_7b6b1008b48c1115@6,F_proj,15,turn,1,0,F,,,,,,17,0,0,746,1633,17,17,1.0,0.0,0.0,2.361834664736738,0.3936391107894564,0.02331575516975766,14,1.0,1.0000;1.0000;1.0000;1.0000;0.6667,M1,M1,M1,1,M1:720;M2:25,745,25,turn,avert#0,1,1,16,1,0,16,1.0000:4/0/0/4;1.0000:10/1/0/10;1.0000:7/0/0/7;1.0000:15/1/0/15;0.6667:8/0/4/8
1642,1,R_7b6b1008b48c1115,6,R_7b6b1008b48c1115@6,F_proj,15,turn,1,1,F,,,,,,17,0,0,748,1636,17,17,1.0,0.0,0.0,2.322902003749989,0.3871503339583314,0.023303267780570753,14,1.0,1.0000;1.0000;1.0000;1.0000;0.6667,M1,M1,M1,1,M1:722;M2:25,747,25,turn,avert#0,1,1,16,1,0,16,1.0000:4/0/0/4;1.0000:10/1/0/10;1.0000:7/0/0/7;1.0000:15/1/0/15;0.6667:8/0/4/8
1644,1,R_7b6b1008b48c1115,6,R_7b6b1008b48c1115@6,F_proj,12,push,1,1,F,,,,,,17,0,0,749,1638,17,17,1.0,0.0,0.0,1.1465217663799008,0.4169475298802603,0.04622245850316026,14,1.0,1.0000;1.0000;1.0000;0.7500;0.6364,M1,M1,M1,1,M1:723;M2:25,748,25,push,cause#1,1,1,16,1,0,16,1.0000:10/1/0/10;1.0000:6/1/0/6;1.0000:15/1/0/15;0.7500:3/0/1/3;0.6364:7/0/4/7
1645,1,R_cb63a1ebfc31098d,19,R_cb63a1ebfc31098d@19,F_proj,1,bend,1,1,F,,,,,,17,0,0,734,1626,17,17,1.0,0.0,0.0,2.048516744858951,0.3414194574764918,0.022964755888777378,14,1.0,1.0000;1.0000;0.6667;0.6667;0.6471,M2,M2,M2,1,M1:19;M2:714,733,19,bend,hinder#1,1,1,16,1,0,16,1.0000:4/0/0/4;1.0000:15/1/0/15;0.6667:7/1/4/7;0.6667:8/0/4/8;0.6471:10/1/6/10
1646,1,R_0e5d236bf5b42b15,20,R_0e5d236bf5b42b15@20,F_proj,15,lock,1,0,F,,,,,,17,0,0,73,1626,17,17,1.0,0.0,0.0,1.1604702061839671,0.1934117010306612,0.023451327433628318,14,1.0,1.0000;1.0000;0.9167;0.7500;0.6471,M2,M2,M2,1,M2:72,72,0,lock,hinder#0,1,1,16,1,0,16,1.0000:7/0/0/7;1.0000:11/1/0/11;0.9167:11/0/1/11;0.7500:3/0/1/3;0.6471:10/1/6/10
1647,1,R_7b6b1008b48c1115,6,R_7b6b1008b48c1115@6,F_proj,12,push,1,1,F,,,,,,17,0,0,751,1641,17,17,1.0,0.0,0.0,2.3082794573406185,0.6486774110957046,0.04622641509433962,14,1.0,1.0000;1.0000;1.0000;0.7500;0.6364,M1,M1,M1,1,M1:724;M2:26,750,26,push,cause#1,1,1,16,1,0,16,1.0000:10/1/0/10;1.0000:6/1/0/6;1.0000:15/1/0/15;0.7500:3/0/1/3;0.6364:7/0/4/7
1649,1,R_7b6b1008b48c1115,6,R_7b6b1008b48c1115@6,F_proj,13,press,1,0,F,,,,,,17,0,0,752,1643,17,17,1.0,0.0,0.0,3.0991895661598736,0.5165315943599789,0.023555738766857074,14,1.0,1.0000;1.0000;1.0000;1.0000;0.6471,M1,M1,M1,1,M1:725;M2:26,751,26,press,avert#1,1,1,16,1,0,16,1.0000:4/0/0/4;1.0000:10/1/0/10;1.0000:7/0/0/7;1.0000:15/1/0/15;0.6471:10/1/6/10
1654,1,R_7b6b1008b48c1115,6,R_7b6b1008b48c1115@6,F_proj,12,push,1,1,F,,,,,,17,0,0,755,1648,17,17,1.0,0.0,0.0,2.49546382209649,0.6846826944930207,0.04622699656599454,14,1.0,1.0000;1.0000;1.0000;0.7500;0.6364,M1,M1,M1,1,M1:728;M2:26,754,26,push,cause#1,1,1,16,1,0,16,1.0000:10/1/0/10;1.0000:6/1/0/6;1.0000:15/1/0/15;0.7500:3/0/1/3;0.6364:7/0/4/7
1658,1,R_7b6b1008b48c1115,6,R_7b6b1008b48c1115@6,F_proj,12,push,1,1,F,,,,,,17,0,0,757,1652,17,17,1.0,0.0,0.0,3.233162819336486,0.8314160844414212,0.046233127397300386,14,1.0,1.0000;1.0000;1.0000;0.7500;0.6364,M1,M1,M1,1,M1:730;M2:26,756,26,push,cause#1,1,1,16,1,0,16,1.0000:10/1/0/10;1.0000:6/1/0/6;1.0000:15/1/0/15;0.7500:3/0/1/3;0.6364:7/0/4/7
1659,1,R_cb63a1ebfc31098d,19,R_cb63a1ebfc31098d@19,F_proj,4,drag,1,0,F,,,,,,17,0,0,740,1640,17,17,1.0,0.0,0.0,3.1531299917864493,0.5255216652977415,0.023203417602996254,14,1.0,1.0000;1.0000;0.6667;0.6471;0.5833,M2,M2,M2,1,M1:19;M2:720,739,19,drag,permit#1,1,1,16,1,0,16,1.0000:4/0/0/4;1.0000:15/1/0/15;0.6667:7/1/4/7;0.6471:10/1/6/10;0.5833:7/0/5/7
1661,1,R_7b6b1008b48c1115,6,R_7b6b1008b48c1115@6,F_proj,12,push,1,1,F,,,,,,17,0,0,758,1655,17,17,1.0,0.0,0.0,4.0204990049731775,0.9882839477965951,0.04623703054215987,14,1.0,1.0000;1.0000;1.0000;0.7500;0.6364,M1,M1,M1,1,M1:731;M2:26,757,26,push,cause#1,1,1,16,1,0,16,1.0000:10/1/0/10;1.0000:6/1/0/6;1.0000:15/1/0/15;0.7500:3/0/1/3;0.6364:7/0/4/7
1662,1,R_0e5d236bf5b42b15,20,R_0e5d236bf5b42b15@20,F_proj,9,lift,1,0,F,,,,,,17,0,0,73,1642,17,17,1.0,0.0,0.0,0.46536091249821365,0.12547028992778228,0.04644098489937787,14,1.0,1.0000;1.0000;1.0000;0.7500;0.6471,M2,M2,M2,1,M2:72,72,0,lift,require#1,1,1,16,1,0,16,1.0000:6/1/0/6;1.0000:11/1/0/11;1.0000:11/1/0/11;0.7500:2/1/1/2;0.6471:10/1/6/10
1666,1,R_cb63a1ebfc31098d,19,R_cb63a1ebfc31098d@19,F_proj,8,lift,1,0,F,,,,,,17,0,0,744,1647,17,17,1.0,0.0,0.0,1.0336412786435014,0.41254645555100444,0.04641743640548967,14,1.0,1.0000;1.0000;0.6667;0.6667;0.6471,M2,M2,M2,1,M1:19;M2:724,743,19,lift,require#1,1,1,16,1,0,16,1.0000:3/1/0/3;1.0000:15/1/0/15;0.6667:7/1/4/7;0.6667:7/1/4/7;0.6471:10/1/6/10
1667,1,R_8b0d2a6b7293001d,140,R_8b0d2a6b7293001d@140,F_proj,9,hold_b,1,1,F,,,,,,17,0,0,69,1527,17,17,1.0,0.0,0.0,0.67000409007696,0.11166734834615999,0.02318064008852908,14,1.0,1.0000;1.0000;1.0000;1.0000;0.9091,M1,M1,M1,1,M1:68,68,0,hold_b,cause#0,1,0,16,1,0,16,1.0000:6/1/0/6;1.0000:10/1/0/10;1.0000:11/1/0/11;1.0000:15/1/0/15;0.9091:9/1/1/9
1668,1,R_7b6b1008b48c1115,6,R_7b6b1008b48c1115@6,F_proj,10,cut,1,0,F,,,,,,17,0,0,762,1662,17,17,1.0,0.0,0.0,1.9298813040735223,0.3216468840122537,0.023165798434271412,14,1.0,1.0000;1.0000;1.0000;1.0000;0.6667,M1,M1,M1,1,M1:735;M2:26,761,26,cut,enable#1,1,1,16,1,0,16,1.0000:4/0/0/4;1.0000:10/1/0/10;1.0000:7/0/0/7;1.0000:15/1/0/15;0.6667:7/1/4/7
1669,1,R_cb63a1ebfc31098d,19,R_cb63a1ebfc31098d@19,F_proj,14,push,1,0,F,,,,,,17,0,0,745,1650,17,17,1.0,0.0,0.0,1.3503642794852457,0.4108697927999269,0.0462478184991274,14,1.0,1.0000;0.7500;0.5882;0.5833;0.5833,M2,M2,M2,1,M1:19;M2:725,744,19,push,cause#1,1,1,16,1,0,16,1.0000:15/1/0/15;0.7500:3/0/1/3;0.5882:10/0/7/10;0.5833:7/0/5/7;0.5833:7/0/5/7
1672,1,R_7b6b1008b48c1115,6,R_7b6b1008b48c1115@6,F_proj,14,hold,1,0,F,,,,,,17,0,0,764,1666,17,17,1.0,0.0,0.0,3.3662610175996504,0.5627380729586072,0.023286875725900116,14,1.0,1.0000;1.0000;1.0000;1.0000;0.9167,M1,M1,M1,1,M1:737;M2:26,763,26,hold,cause#0,1,1,16,1,0,16,1.0000:4/0/0/4;1.0000:10/1/0/10;1.0000:6/1/0/6;1.0000:15/1/0/15;0.9167:10/1/1/10
1674,1,R_0e5d236bf5b42b15,20,R_0e5d236bf5b42b15@20,F_proj,2,bend,1,1,F,,,,,,17,0,0,73,1654,17,17,1.0,0.0,0.0,0.9635615933329127,0.1605935988888188,0.022997505945130794,14,1.0,1.0000;1.0000;1.0000;0.7500;0.6471,M2,M2,M2,1,M2:72,72,0,bend,hinder#1,1,1,16,1,0,16,1.0000:7/0/0/7;1.0000:11/1/0/11;1.0000:12/0/0/12;0.7500:3/0/1/3;0.6471:10/1/6/10
1675,1,R_7b6b1008b48c1115,6,R_7b6b1008b48c1115@6,F_proj,12,push,1,0,F,,,,,,17,0,0,765,1669,17,17,1.0,0.0,0.0,3.1804103036791287,0.8175287204739825,0.04622652446093207,14,1.0,1.0000;1.0000;1.0000;0.7500;0.6364,M1,M1,M1,1,M1:738;M2:26,764,26,push,cause#1,1,1,16,1,0,16,1.0000:10/1/0/10;1.0000:6/1/0/6;1.0000:15/1/0/15;0.7500:3/0/1/3;0.6364:7/0/4/7
1677,1,R_7b6b1008b48c1115,6,R_7b6b1008b48c1115@6,F_proj,2,lift,1,1,F,,,,,,17,0,0,766,1671,17,17,1.0,0.0,0.0,1.2376214979949052,0.286619230475679,0.04640189891738551,14,1.0,1.0000;1.0000;1.0000;0.9091;0.6667,M1,M1,M1,1,M1:739;M2:26,765,26,lift,require#1,1,1,16,1,0,16,1.0000:3/1/0/3;1.0000:6/1/0/6;1.0000:15/1/0/15;0.9091:10/0/1/10;0.6667:7/1/4/7
1679,1,R_0e5d236bf5b42b15,20,R_0e5d236bf5b42b15@20,F_proj,15,lock,1,0,F,,,,,,17,0,0,74,1659,17,17,1.0,0.0,0.0,0.8337554557870213,0.1389592426311702,0.0234192037470726,14,1.0,1.0000;1.0000;0.9167;0.7500;0.6471,M2,M2,M2,1,M2:73,73,0,lock,hinder#0,1,1,16,1,0,16,1.0000:7/0/0/7;1.0000:11/1/0/11;0.9167:11/0/1/11;0.7500:3/0/1/3;0.6471:10/1/6/10
1680,1,R_cb63a1ebfc31098d,19,R_cb63a1ebfc31098d@19,F_proj,14,push,1,1,F,,,,,,17,0,0,749,1661,17,17,1.0,0.0,0.0,1.2860307099257662,0.39639947797560743,0.046201855008812735,14,1.0,1.0000;0.7500;0.5882;0.5833;0.5833,M2,M2,M2,1,M1:19;M2:729,748,19,push,cause#1,1,1,16,1,0,16,1.0000:15/1/0/15;0.7500:3/0/1/3;0.5882:10/0/7/10;0.5833:7/0/5/7;0.5833:7/0/5/7
1681,1,R_7b6b1008b48c1115,6,R_7b6b1008b48c1115@6,F_proj,2,lift,1,0,F,,,,,,17,0,0,768,1675,17,17,1.0,0.0,0.0,1.232288791593576,0.48799747735541377,0.046404851285012996,14,1.0,1.0000;1.0000;1.0000;0.9091;0.6667,M1,M1,M1,1,M1:741;M2:26,767,26,lift,require#1,1,1,16,1,0,16,1.0000:3/1/0/3;1.0000:6/1/0/6;1.0000:15/1/0/15;0.9091:10/0/1/10;0.6667:7/1/4/7
1686,1,R_cb63a1ebfc31098d,19,R_cb63a1ebfc31098d@19,F_proj,0,hold_b,1,0,F,,,,,,17,0,0,752,1667,17,17,1.0,0.0,0.0,1.5820362507992571,0.26198003319049795,0.023119223792934674,14,1.0,1.0000;1.0000;1.0000;0.9167;0.9167,M2,M2,M2,1,M1:19;M2:732,751,19,hold_b,cause#0,1,0,16,1,0,16,1.0000:4/0/0/4;1.0000:6/1/0/6;1.0000:15/1/0/15;0.9167:10/1/1/10;0.9167:10/1/1/10
1687,1,R_7b6b1008b48c1115,6,R_7b6b1008b48c1115@6,F_proj,7,break,1,1,F,,,,,,17,0,0,771,1681,17,17,1.0,0.0,0.0,2.1518670303164518,0.358644505052742,0.022990820936322043,14,1.0,1.0000;1.0000;1.0000;1.0000;0.6667,M1,M1,M1,1,M1:744;M2:26,770,26,break,enable#0,1,1,16,1,0,16,1.0000:4/0/0/4;1.0000:11/0/0/11;1.0000:7/0/0/7;1.0000:15/1/0/15;0.6667:7/1/4/7
1688,1,R_8b0d2a6b7293001d,140,R_8b0d2a6b7293001d@140,F_proj,2,lift,1,0,F,,,,,,17,0,0,69,1548,17,17,1.0,0.0,0.0,0.325791014684078,0.09146126830324353,0.04638389647735442,14,1.0,1.0000;1.0000;1.0000;0.7500;0.6471,M1,M1,M1,1,M1:68,68,0,lift,require#1,1,1,16,1,0,16,1.0000:10/1/0/10;1.0000:11/1/0/11;1.0000:15/1/0/15;0.7500:2/1/1/2;0.6471:10/1/6/10
1689,1,R_cb63a1ebfc31098d,19,R_cb63a1ebfc31098d@19,F_proj,5,lock,1,1,F,,,,,,17,0,0,753,1670,17,17,1.0,0.0,0.0,2.058674558315995,0.3431124263859992,0.023393493505000574,14,1.0,1.0000;1.0000;0.6667;0.6471;0.5833,M2,M2,M2,1,M1:19;M2:733,752,19,lock,hinder#0,1,1,16,1,0,16,1.0000:4/0/0/4;1.0000:15/1/0/15;0.6667:7/1/4/7;0.6471:10/1/6/10;0.5833:7/0/5/7
1690,1,R_7b6b1008b48c1115,6,R_7b6b1008b48c1115@6,F_proj,12,push,1,0,F,,,,,,17,0,0,773,1684,17,17,1.0,0.0,0.0,2.5821935656268864,0.6950560673939744,0.04621172956516744,14,1.0,1.0000;1.0000;1.0000;0.7500;0.6364,M1,M1,M1,1,M1:746;M2:26,772,26,push,cause#1,1,1,16,1,0,16,1.0000:10/1/0/10;1.0000:6/1/0/6;1.0000:15/1/0/15;0.7500:3/0/1/3;0.6364:7/0/4/7
1691,1,R_cb63a1ebfc31098d,19,R_cb63a1ebfc31098d@19,F_proj,0,hold_b,1,0,F,,,,,,17,0,0,754,1672,17,17,1.0,0.0,0.0,1.5650570836731392,0.25915489524933744,0.02310628892907374,14,1.0,1.0000;1.0000;1.0000;0.9167;0.9167,M2,M2,M2,1,M1:19;M2:734,753,19,hold_b,cause#0,1,0,16,1,0,16,1.0000:4/0/0/4;1.0000:6/1/0/6;1.0000:15/1/0/15;0.9167:10/1/1/10;0.9167:10/1/1/10
1693,1,R_cb63a1ebfc31098d,19,R_cb63a1ebfc31098d@19,F_proj,14,push,1,0,F,,,,,,17,0,0,755,1674,17,17,1.0,0.0,0.0,1.7762905495940993,0.49261626481313736,0.04618560247699321,14,1.0,1.0000;0.7500;0.5882;0.5833;0.5833,M2,M2,M2,1,M1:19;M2:735,754,19,push,cause#1,1,1,16,1,0,16,1.0000:15/1/0/15;0.7500:3/0/1/3;0.5882:10/0/7/10;0.5833:7/0/5/7;0.5833:7/0/5/7
1694,1,R_cb63a1ebfc31098d,19,R_cb63a1ebfc31098d@19,F_proj,5,lock,1,1,F,,,,,,17,0,0,756,1675,17,17,1.0,0.0,0.0,3.1185341372010202,0.5197556895335034,0.023408400664718353,14,1.0,1.0000;1.0000;0.6667;0.6471;0.5833,M2,M2,M2,1,M1:19;M2:736,755,19,lock,hinder#0,1,1,16,1,0,16,1.0000:4/0/0/4;1.0000:15/1/0/15;0.6667:7/1/4/7;0.6471:10/1/6/10;0.5833:7/0/5/7
1695,1,R_7b6b1008b48c1115,6,R_7b6b1008b48c1115@6,F_proj,10,cut,1,0,F,,,,,,17,0,0,775,1689,17,17,1.0,0.0,0.0,1.7746810557886692,0.29578017596477824,0.023135952353682283,14,1.0,1.0000;1.0000;1.0000;1.0000;0.6667,M1,M1,M1,1,M1:748;M2:26,774,26,cut,enable#1,1,1,16,1,0,16,1.0000:4/0/0/4;1.0000:10/1/0/10;1.0000:7/0/0/7;1.0000:15/1/0/15;0.6667:7/1/4/7
1696,1,R_7b6b1008b48c1115,6,R_7b6b1008b48c1115@6,F_proj,7,break,1,1,F,,,,,,17,0,0,776,1690,17,17,1.0,0.0,0.0,2.9043065307415974,0.48405108845693295,0.023008900208911658,14,1.0,1.0000;1.0000;1.0000;1.0000;0.6667,M1,M1,M1,1,M1:749;M2:26,775,26,break,enable#0,1,1,16,1,0,16,1.0000:4/0/0/4;1.0000:11/0/0/11;1.0000:7/0/0/7;1.0000:15/1/0/15;0.6667:7/1/4/7
1698,1,R_7b6b1008b48c1115,6,R_7b6b1008b48c1115@6,F_proj,2,lift,1,1,F,,,,,,17,0,0,777,1692,17,17,1.0,0.0,0.0,1.2102382748098133,0.3647669324749231,0.04636007659987996,14,1.0,1.0000;1.0000;1.0000;0.9091;0.6667,M1,M1,M1,1,M1:750;M2:26,776,26,lift,require#1,1,1,16,1,0,16,1.0000:3/1/0/3;1.0000:6/1/0/6;1.0000:15/1/0/15;0.9091:10/0/1/10;0.6667:7/1/4/7
1699,1,R_cb63a1ebfc31098d,19,R_cb63a1ebfc31098d@19,F_proj,0,hold_b,1,0,F,,,,,,17,0,0,758,1680,17,17,1.0,0.0,0.0,1.5393248382979086,0.25487369796002163,0.023079779485275214,14,1.0,1.0000;1.0000;1.0000;0.9167;0.9167,M2,M2,M2,1,M1:19;M2:738,757,19,hold_b,cause#0,1,0,16,1,0,16,1.0000:4/0/0/4;1.0000:6/1/0/6;1.0000:15/1/0/15;0.9167:10/1/1/10;0.9167:10/1/1/10
1700,1,R_cb63a1ebfc31098d,19,R_cb63a1ebfc31098d@19,F_proj,8,lift,1,1,F,,,,,,17,0,0,759,1681,17,17,1.0,0.0,0.0,0.9991555181106296,0.37201456930994836,0.04636290967226219,14,1.0,1.0000;1.0000;0.6667;0.6667;0.6471,M2,M2,M2,1,M1:19;M2:739,758,19,lift,require#1,1,1,16,1,0,16,1.0000:3/1/0/3;1.0000:15/1/0/15;0.6667:7/1/4/7;0.6667:7/1/4/7;0.6471:10/1/6/10
1701,1,R_7b6b1008b48c1115,6,R_7b6b1008b48c1115@6,F_proj,14,hold,1,1,F,,,,,,17,0,0,778,1695,17,17,1.0,0.0,0.0,3.0883482872311045,0.516392149544314,0.02331088792513125,14,1.0,1.0000;1.0000;1.0000;1.0000;0.9167,M1,M1,M1,1,M1:751;M2:26,777,26,hold,cause#0,1,1,16,1,0,16,1.0000:4/0/0/4;1.0000:10/1/0/10;1.0000:6/1/0/6;1.0000:15/1/0/15;0.9167:10/1/1/10
1702,1,R_cb63a1ebfc31098d,19,R_cb63a1ebfc31098d@19,F_proj,8,lift,1,0,F,,,,,,17,0,0,760,1683,17,17,1.0,0.0,0.0,0.9972173364966017,0.659192352310854,0.046367058286757155,14,1.0,1.0000;1.0000;0.6667;0.6667;0.6471,M2,M2,M2,1,M1:19;M2:740,759,19,lift,require#1,1,1,16,1,0,16,1.0000:3/1/0/3;1.0000:15/1/0/15;0.6667:7/1/4/7;0.6667:7/1/4/7;0.6471:10/1/6/10
1703,1,R_7b6b1008b48c1115,6,R_7b6b1008b48c1115@6,F_proj,15,turn,1,1,F,,,,,,17,0,0,779,1697,17,17,1.0,0.0,0.0,2.218637537342975,0.36977292289049585,0.02331281349749202,14,1.0,1.0000;1.0000;1.0000;1.0000;0.6667,M1,M1,M1,1,M1:752;M2:26,778,26,turn,avert#0,1,1,16,1,0,16,1.0000:4/0/0/4;1.0000:10/1/0/10;1.0000:7/0/0/7;1.0000:15/1/0/15;0.6667:8/0/4/8
1704,1,R_cb63a1ebfc31098d,19,R_cb63a1ebfc31098d@19,F_proj,1,bend,1,1,F,,,,,,17,0,0,761,1685,17,17,1.0,0.0,0.0,2.1671875083152425,0.36119791805254037,0.023013386499572772,14,1.0,1.0000;1.0000;0.6667;0.6667;0.6471,M2,M2,M2,1,M1:19;M2:741,760,19,bend,hinder#1,1,1,16,1,0,16,1.0000:4/0/0/4;1.0000:15/1/0/15;0.6667:7/1/4/7;0.6667:8/0/4/8;0.6471:10/1/6/10
1705,1,R_8b0d2a6b7293001d,140,R_8b0d2a6b7293001d@140,F_proj,6,press,1,1,F,,,,,,17,0,0,69,1565,17,17,1.0,0.0,0.0,0.34897852952840086,0.05816308825473347,0.023539792781509736,14,1.0,1.0000;0.9167;0.9091;0.7500;0.7273,M1,M1,M1,1,M1:68,68,0,press,avert#1,1,1,16,1,0,16,1.0000:15/1/0/15;0.9167:11/0/1/11;0.9091:10/0/1/10;0.7500:3/0/1/3;0.7273:7/1/3/7
1706,1,R_cb63a1ebfc31098d,19,R_cb63a1ebfc31098d@19,F_proj,5,lock,1,0,F,,,,,,17,0,0,763,1687,17,17,1.0,0.0,0.0,3.240848220203298,0.540141370033883,0.023412608101957215,14,1.0,1.0000;1.0000;0.6667;0.6471;0.5833,M2,M2,M2,1,M1:20;M2:742,762,20,lock,hinder#0,1,1,16,1,0,16,1.0000:4/0/0/4;1.0000:15/1/0/15;0.6667:7/1/4/7;0.6471:10/1/6/10;0.5833:7/0/5/7
1707,1,R_8b0d2a6b7293001d,140,R_8b0d2a6b7293001d@140,F_proj,0,carry,1,1,F,,,,,,17,0,0,69,1567,17,17,1.0,0.0,0.0,0.503203250273427,0.10064065005468541,0.045972763199044725,14,1.0,1.0000;1.0000;1.0000;0.7500;0.7273,M1,M1,M1,1,M1:68,68,0,carry,require#0,1,1,16,1,0,16,1.0000:10/1/0/10;1.0000:11/1/0/11;1.0000:15/1/0/15;0.7500:3/0/1/3;0.7273:8/0/3/8
1708,1,R_cb63a1ebfc31098d,19,R_cb63a1ebfc31098d@19,F_proj,0,hold_b,1,1,F,,,,,,17,0,0,764,1689,17,17,1.0,0.0,0.0,1.5122355222615607,0.2503671927365418,0.02312959963629131,14,1.0,1.0000;1.0000;1.0000;0.9167;0.9167,M2,M2,M2,1,M1:20;M2:743,763,20,hold_b,cause#0,1,0,16,1,0,16,1.0000:4/0/0/4;1.0000:6/1/0/6;1.0000:15/1/0/15;0.9167:10/1/1/10;0.9167:10/1/1/10
1710,1,R_cb63a1ebfc31098d,19,R_cb63a1ebfc31098d@19,F_proj,15,pull,1,0,F,,,,,,17,0,0,765,1691,17,17,1.0,0.0,0.0,2.6463297619236004,0.4410549603206001,0.02338782924613987,14,1.0,1.0000;1.0000;0.6667;0.6667;0.6471,M2,M2,M2,1,M1:20;M2:744,764,20,pull,permit#0,1,1,16,1,0,16,1.0000:4/0/0/4;1.0000:15/1/0/15;0.6667:8/0/4/8;0.6667:7/1/4/7;0.6471:10/1/6/10
1714,1,R_cb63a1ebfc31098d,19,R_cb63a1ebfc31098d@19,F_proj,15,pull,1,0,F,,,,,,17,0,0,767,1695,17,17,1.0,0.0,0.0,2.626302791877409,0.43771713197956813,0.02336117796970126,14,1.0,1.0000;1.0000;0.6667;0.6667;0.6471,M2,M2,M2,1,M1:20;M2:746,766,20,pull,permit#0,1,1,16,1,0,16,1.0000:4/0/0/4;1.0000:15/1/0/15;0.6667:8/0/4/8;0.6667:7/1/4/7;0.6471:10/1/6/10
1715,1,R_7b6b1008b48c1115,6,R_7b6b1008b48c1115@6,F_proj,12,push,1,1,F,,,,,,17,0,0,782,1709,17,17,1.0,0.0,0.0,2.1241833062188005,0.5989586128794958,0.04618650063676242,14,1.0,1.0000;1.0000;1.0000;0.7500;0.6364,M1,M1,M1,1,M1:755;M2:26,781,26,push,cause#1,1,1,16,1,0,16,1.0000:10/1/0/10;1.0000:6/1/0/6;1.0000:15/1/0/15;0.7500:3/0/1/3;0.6364:7/0/4/7
1716,1,R_cb63a1ebfc31098d,19,R_cb63a1ebfc31098d@19,F_proj,14,push,1,0,F,,,,,,17,0,0,768,1697,17,17,1.0,0.0,0.0,1.463950994418607,0.4270482405339838,0.04618604519614221,14,1.0,1.0000;0.7500;0.5882;0.5833;0.5833,M2,M2,M2,1,M1:20;M2:747,767,20,push,cause#1,1,1,16,1,0,16,1.0000:15/1/0/15;0.7500:3/0/1/3;0.5882:10/0/7/10;0.5833:7/0/5/7;0.5833:7/0/5/7
1717,1,R_7b6b1008b48c1115,6,R_7b6b1008b48c1115@6,F_proj,2,lift,1,1,F,,,,,,17,0,0,783,1711,17,17,1.0,0.0,0.0,1.186695106709475,0.4236401784232465,0.046356492735598394,14,1.0,1.0000;1.0000;1.0000;0.9091;0.6667,M1,M1,M1,1,M1:756;M2:26,782,26,lift,require#1,1,1,16,1,0,16,1.0000:3/1/0/3;1.0000:6/1/0/6;1.0000:15/1/0/15;0.9091:10/0/1/10;0.6667:7/1/4/7
1718,1,R_7b6b1008b48c1115,6,R_7b6b1008b48c1115@6,F_proj,10,cut,1,1,F,,,,,,17,0,0,784,1712,17,17,1.0,0.0,0.0,1.6809911343513682,0.28016518905856136,0.023136900389852534,14,1.0,1.0000;1.0000;1.0000;1.0000;0.6667,M1,M1,M1,1,M1:757;M2:26,783,26,cut,enable#1,1,1,16,1,0,16,1.0000:4/0/0/4;1.0000:10/1/0/10;1.0000:7/0/0/7;1.0000:15/1/0/15;0.6667:7/1/4/7
1720,1,R_cb63a1ebfc31098d,19,R_cb63a1ebfc31098d@19,F_proj,4,drag,1,1,F,,,,,,17,0,0,770,1701,17,17,1.0,0.0,0.0,2.740344654145143,0.4567241090241904,0.02322300290640255,14,1.0,1.0000;1.0000;0.6667;0.6471;0.5833,M2,M2,M2,1,M1:20;M2:749,769,20,drag,permit#1,1,1,16,1,0,16,1.0000:4/0/0/4;1.0000:15/1/0/15;0.6667:7/1/4/7;0.6471:10/1/6/10;0.5833:7/0/5/7
1721,1,R_7b6b1008b48c1115,6,R_7b6b1008b48c1115@6,F_proj,10,cut,1,1,F,,,,,,17,0,0,785,1715,17,17,1.0,0.0,0.0,3.080492070501751,0.5134153450836252,0.02312529964183987,14,1.0,1.0000;1.0000;1.0000;1.0000;0.6667,M1,M1,M1,1,M1:758;M2:26,784,26,cut,enable#1,1,1,16,1,0,16,1.0000:4/0/0/4;1.0000:10/1/0/10;1.0000:7/0/0/7;1.0000:15/1/0/15;0.6667:7/1/4/7
1722,1,R_7b6b1008b48c1115,6,R_7b6b1008b48c1115@6,F_proj,13,press,1,1,F,,,,,,17,0,0,786,1716,17,17,1.0,0.0,0.0,2.3001374588961325,0.3833562431493554,0.023562570462232243,14,1.0,1.0000;1.0000;1.0000;1.0000;0.6471,M1,M1,M1,1,M1:759;M2:26,785,26,press,avert#1,1,1,16,1,0,16,1.0000:4/0/0/4;1.0000:10/1/0/10;1.0000:7/0/0/7;1.0000:15/1/0/15;0.6471:10/1/6/10
1724,1,R_7b6b1008b48c1115,6,R_7b6b1008b48c1115@6,F_proj,13,press,1,0,F,,,,,,17,0,0,787,1718,17,17,1.0,0.0,0.0,4.023856396573659,0.6706427327622764,0.023562199138586266,14,1.0,1.0000;1.0000;1.0000;1.0000;0.6471,M1,M1,M1,1,M1:760;M2:26,786,26,press,avert#1,1,1,16,1,0,16,1.0000:4/0/0/4;1.0000:10/1/0/10;1.0000:7/0/0/7;1.0000:15/1/0/15;0.6471:10/1/6/10
1725,1,R_cb63a1ebfc31098d,19,R_cb63a1ebfc31098d@19,F_proj,4,drag,1,0,F,,,,,,17,0,0,772,1706,17,17,1.0,0.0,0.0,3.8008372256051666,0.6334728709341942,0.023211974565303023,14,1.0,1.0000;1.0000;0.6667;0.6471;0.5833,M2,M2,M2,1,M1:20;M2:751,771,20,drag,permit#1,1,1,16,1,0,16,1.0000:4/0/0/4;1.0000:15/1/0/15;0.6667:7/1/4/7;0.6471:10/1/6/10;0.5833:7/0/5/7
1726,1,R_7b6b1008b48c1115,6,R_7b6b1008b48c1115@6,F_proj,14,hold,1,1,F,,,,,,17,0,0,788,1720,17,17,1.0,0.0,0.0,3.382895176655877,0.5654604970820817,0.02325450608778787,14,1.0,1.0000;1.0000;1.0000;1.0000;0.9167,M1,M1,M1,1,M1:761;M2:26,787,26,hold,cause#0,1,1,16,1,0,16,1.0000:4/0/0/4;1.0000:10/1/0/10;1.0000:6/1/0/6;1.0000:15/1/0/15;0.9167:10/1/1/10
1728,1,R_cb63a1ebfc31098d,19,R_cb63a1ebfc31098d@19,F_proj,14,push,1,0,F,,,,,,17,0,0,774,1709,17,17,1.0,0.0,0.0,1.3825565563518445,0.4092206010553165,0.04617329026822076,14,1.0,1.0000;0.7500;0.5882;0.5833;0.5833,M2,M2,M2,1,M1:20;M2:753,773,20,push,cause#1,1,1,16,1,0,16,1.0000:15/1/0/15;0.7500:3/0/1/3;0.5882:10/0/7/10;0.5833:7/0/5/7;0.5833:7/0/5/7
1729,1,R_7b6b1008b48c1115,6,R_7b6b1008b48c1115@6,F_proj,15,turn,1,0,F,,,,,,17,0,0,789,1723,17,17,1.0,0.0,0.0,2.5315093287019823,0.42191822145033037,0.02332697058163036,14,1.0,1.0000;1.0000;1.0000;1.0000;0.6667,M1,M1,M1,1,M1:762;M2:26,788,26,turn,avert#0,1,1,16,1,0,16,1.0000:4/0/0/4;1.0000:10/1/0/10;1.0000:7/0/0/7;1.0000:15/1/0/15;0.6667:8/0/4/8
1731,1,R_0e5d236bf5b42b15,20,R_0e5d236bf5b42b15@20,F_proj,9,lift,1,0,F,,,,,,17,0,0,75,1711,17,17,1.0,0.0,0.0,0.43407896609621593,0.1115810757473468,0.046377299237326156,14,1.0,1.0000;1.0000;1.0000;0.7500;0.6471,M2,M2,M2,1,M2:74,74,0,lift,require#1,1,1,16,1,0,16,1.0000:6/1/0/6;1.0000:11/1/0/11;1.0000:11/1/0/11;0.7500:2/1/1/2;0.6471:10/1/6/10
1732,1,R_7b6b1008b48c1115,6,R_7b6b1008b48c1115@6,F_proj,14,hold,1,0,F,,,,,,17,0,0,791,1726,17,17,1.0,0.0,0.0,4.28339998401185,0.715539238597967,0.023287748010312744,14,1.0,1.0000;1.0000;1.0000;1.0000;0.9167,M1,M1,M1,1,M1:764;M2:26,790,26,hold,cause#0,1,1,16,1,0,16,1.0000:4/0/0/4;1.0000:10/1/0/10;1.0000:6/1/0/6;1.0000:15/1/0/15;0.9167:10/1/1/10
1733,1,R_cb63a1ebfc31098d,19,R_cb63a1ebfc31098d@19,F_proj,14,push,1,1,F,,,,,,17,0,0,776,1714,17,17,1.0,0.0,0.0,1.354630647704421,0.4030031353788313,0.046158586113211775,14,1.0,1.0000;0.7500;0.5882;0.5833;0.5833,M2,M2,M2,1,M1:20;M2:755,775,20,push,cause#1,1,1,16,1,0,16,1.0000:15/1/0/15;0.7500:3/0/1/3;0.5882:10/0/7/10;0.5833:7/0/5/7;0.5833:7/0/5/7
1734,1,R_cb63a1ebfc31098d,19,R_cb63a1ebfc31098d@19,F_proj,1,bend,1,1,F,,,,,,17,0,0,777,1715,17,17,1.0,0.0,0.0,2.457446254863183,0.4095743758105304,0.02303837863561291,14,1.0,1.0000;1.0000;0.6667;0.6667;0.6471,M2,M2,M2,1,M1:20;M2:756,776,20,bend,hinder#1,1,1,16,1,0,16,1.0000:4/0/0/4;1.0000:15/1/0/15;0.6667:7/1/4/7;0.6667:8/0/4/8;0.6471:10/1/6/10
1735,1,R_7b6b1008b48c1115,6,R_7b6b1008b48c1115@6,F_proj,13,press,1,1,F,,,,,,17,0,0,792,1729,17,17,1.0,0.0,0.0,2.8938972017259377,0.48231620028765626,0.023527766121135822,14,1.0,1.0000;1.0000;1.0000;1.0000;0.6471,M1,M1,M1,1,M1:765;M2:26,791,26,press,avert#1,1,1,16,1,0,16,1.0000:4/0/0/4;1.0000:10/1/0/10;1.0000:7/0/0/7;1.0000:15/1/0/15;0.6471:10/1/6/10
1739,1,R_7b6b1008b48c1115,6,R_7b6b1008b48c1115@6,F_proj,14,hold,1,1,F,,,,,,17,0,0,794,1733,17,17,1.0,0.0,0.0,3.8728343078721745,0.6471053720232174,0.02325191905094208,14,1.0,1.0000;1.0000;1.0000;1.0000;0.9167,M1,M1,M1,1,M1:767;M2:26,793,26,hold,cause#0,1,1,16,1,0,16,1.0000:4/0/0/4;1.0000:10/1/0/10;1.0000:6/1/0/6;1.0000:15/1/0/15;0.9167:10/1/1/10
